model,dataset,variant,probe_seed,canonical_layer,quantized_layer,weight_shape,hessian_trace,seed,n_seeds,metric_std
resnet50_no_weights,CIFAR10,fp32_unfused,42,conv1,conv1,"(64, 3, 3, 3)",14.139912585417429,42,3,
resnet50_no_weights,CIFAR10,fp32_unfused,43,conv1,conv1,"(64, 3, 3, 3)",13.2882023027965,43,3,
resnet50_no_weights,CIFAR10,fp32_unfused,44,conv1,conv1,"(64, 3, 3, 3)",16.35560041003757,44,3,
resnet50_no_weights,CIFAR10,fp32_unfused,"42,43,44",conv1,conv1,"(64, 3, 3, 3)",14.594571766083833,aggregate,3,1.5834358259808667
resnet50_no_weights,CIFAR10,fp32_unfused,42,layer1.0.conv1,layer1.0.conv1,"(64, 64, 1, 1)",3.5511611323607597,42,3,
resnet50_no_weights,CIFAR10,fp32_unfused,43,layer1.0.conv1,layer1.0.conv1,"(64, 64, 1, 1)",4.791814982891083,43,3,
resnet50_no_weights,CIFAR10,fp32_unfused,44,layer1.0.conv1,layer1.0.conv1,"(64, 64, 1, 1)",4.06581972195552,44,3,
resnet50_no_weights,CIFAR10,fp32_unfused,"42,43,44",layer1.0.conv1,layer1.0.conv1,"(64, 64, 1, 1)",4.136265279069121,aggregate,3,0.6233196825038606
resnet50_no_weights,CIFAR10,fp32_unfused,42,layer1.0.conv2,layer1.0.conv2,"(64, 64, 3, 3)",4.2610045180601235,42,3,
resnet50_no_weights,CIFAR10,fp32_unfused,43,layer1.0.conv2,layer1.0.conv2,"(64, 64, 3, 3)",4.193192092995894,43,3,
resnet50_no_weights,CIFAR10,fp32_unfused,44,layer1.0.conv2,layer1.0.conv2,"(64, 64, 3, 3)",3.3185694879955716,44,3,
resnet50_no_weights,CIFAR10,fp32_unfused,"42,43,44",layer1.0.conv2,layer1.0.conv2,"(64, 64, 3, 3)",3.92425536635053,aggregate,3,0.5256340634673858
resnet50_no_weights,CIFAR10,fp32_unfused,42,layer1.0.conv3,layer1.0.conv3,"(256, 64, 1, 1)",2.977858986173357,42,3,
resnet50_no_weights,CIFAR10,fp32_unfused,43,layer1.0.conv3,layer1.0.conv3,"(256, 64, 1, 1)",2.777326354613671,43,3,
resnet50_no_weights,CIFAR10,fp32_unfused,44,layer1.0.conv3,layer1.0.conv3,"(256, 64, 1, 1)",2.8516866435175356,44,3,
resnet50_no_weights,CIFAR10,fp32_unfused,"42,43,44",layer1.0.conv3,layer1.0.conv3,"(256, 64, 1, 1)",2.868957328101521,aggregate,3,0.1013757440888246
resnet50_no_weights,CIFAR10,fp32_unfused,42,layer1.0.downsample.0,layer1.0.downsample.0,"(256, 64, 1, 1)",19.757224082946777,42,3,
resnet50_no_weights,CIFAR10,fp32_unfused,43,layer1.0.downsample.0,layer1.0.downsample.0,"(256, 64, 1, 1)",15.814886591651224,43,3,
resnet50_no_weights,CIFAR10,fp32_unfused,44,layer1.0.downsample.0,layer1.0.downsample.0,"(256, 64, 1, 1)",16.269524657207988,44,3,
resnet50_no_weights,CIFAR10,fp32_unfused,"42,43,44",layer1.0.downsample.0,layer1.0.downsample.0,"(256, 64, 1, 1)",17.280545110601995,aggregate,3,2.1568792251084434
resnet50_no_weights,CIFAR10,fp32_unfused,42,layer1.1.conv1,layer1.1.conv1,"(64, 256, 1, 1)",2.6021363638168156,42,3,
resnet50_no_weights,CIFAR10,fp32_unfused,43,layer1.1.conv1,layer1.1.conv1,"(64, 256, 1, 1)",2.297819438970314,43,3,
resnet50_no_weights,CIFAR10,fp32_unfused,44,layer1.1.conv1,layer1.1.conv1,"(64, 256, 1, 1)",2.8359072625637056,44,3,
resnet50_no_weights,CIFAR10,fp32_unfused,"42,43,44",layer1.1.conv1,layer1.1.conv1,"(64, 256, 1, 1)",2.578621021783612,aggregate,3,0.26981355591977246
resnet50_no_weights,CIFAR10,fp32_unfused,42,layer1.1.conv2,layer1.1.conv2,"(64, 64, 3, 3)",3.508905839920044,42,3,
resnet50_no_weights,CIFAR10,fp32_unfused,43,layer1.1.conv2,layer1.1.conv2,"(64, 64, 3, 3)",3.528678166238885,43,3,
resnet50_no_weights,CIFAR10,fp32_unfused,44,layer1.1.conv2,layer1.1.conv2,"(64, 64, 3, 3)",3.2650647849747627,44,3,
resnet50_no_weights,CIFAR10,fp32_unfused,"42,43,44",layer1.1.conv2,layer1.1.conv2,"(64, 64, 3, 3)",3.434216263711231,aggregate,3,0.14682269337900392
resnet50_no_weights,CIFAR10,fp32_unfused,42,layer1.1.conv3,layer1.1.conv3,"(256, 64, 1, 1)",2.41602667093277,42,3,
resnet50_no_weights,CIFAR10,fp32_unfused,43,layer1.1.conv3,layer1.1.conv3,"(256, 64, 1, 1)",2.373205954658574,43,3,
resnet50_no_weights,CIFAR10,fp32_unfused,44,layer1.1.conv3,layer1.1.conv3,"(256, 64, 1, 1)",2.6052555624319584,44,3,
resnet50_no_weights,CIFAR10,fp32_unfused,"42,43,44",layer1.1.conv3,layer1.1.conv3,"(256, 64, 1, 1)",2.4648293960077674,aggregate,3,0.12348293241579883
resnet50_no_weights,CIFAR10,fp32_unfused,42,layer1.2.conv1,layer1.2.conv1,"(64, 256, 1, 1)",4.755393317010667,42,3,
resnet50_no_weights,CIFAR10,fp32_unfused,43,layer1.2.conv1,layer1.2.conv1,"(64, 256, 1, 1)",4.536699587390537,43,3,
resnet50_no_weights,CIFAR10,fp32_unfused,44,layer1.2.conv1,layer1.2.conv1,"(64, 256, 1, 1)",4.847277879714966,44,3,
resnet50_no_weights,CIFAR10,fp32_unfused,"42,43,44",layer1.2.conv1,layer1.2.conv1,"(64, 256, 1, 1)",4.71312359470539,aggregate,3,0.15954549816153882
resnet50_no_weights,CIFAR10,fp32_unfused,42,layer1.2.conv2,layer1.2.conv2,"(64, 64, 3, 3)",13.134920156002044,42,3,
resnet50_no_weights,CIFAR10,fp32_unfused,43,layer1.2.conv2,layer1.2.conv2,"(64, 64, 3, 3)",12.882980012893677,43,3,
resnet50_no_weights,CIFAR10,fp32_unfused,44,layer1.2.conv2,layer1.2.conv2,"(64, 64, 3, 3)",12.221426782936886,44,3,
resnet50_no_weights,CIFAR10,fp32_unfused,"42,43,44",layer1.2.conv2,layer1.2.conv2,"(64, 64, 3, 3)",12.746442317277536,aggregate,3,0.47180445356271766
resnet50_no_weights,CIFAR10,fp32_unfused,42,layer1.2.conv3,layer1.2.conv3,"(256, 64, 1, 1)",5.1393742055603955,42,3,
resnet50_no_weights,CIFAR10,fp32_unfused,43,layer1.2.conv3,layer1.2.conv3,"(256, 64, 1, 1)",5.538467748959859,43,3,
resnet50_no_weights,CIFAR10,fp32_unfused,44,layer1.2.conv3,layer1.2.conv3,"(256, 64, 1, 1)",5.343284469842911,44,3,
resnet50_no_weights,CIFAR10,fp32_unfused,"42,43,44",layer1.2.conv3,layer1.2.conv3,"(256, 64, 1, 1)",5.340375474787722,aggregate,3,0.19956267382694154
resnet50_no_weights,CIFAR10,fp32_unfused,42,layer2.0.conv1,layer2.0.conv1,"(128, 256, 1, 1)",17.233585410647922,42,3,
resnet50_no_weights,CIFAR10,fp32_unfused,43,layer2.0.conv1,layer2.0.conv1,"(128, 256, 1, 1)",13.190627119757913,43,3,
resnet50_no_weights,CIFAR10,fp32_unfused,44,layer2.0.conv1,layer2.0.conv1,"(128, 256, 1, 1)",13.198736381530761,44,3,
resnet50_no_weights,CIFAR10,fp32_unfused,"42,43,44",layer2.0.conv1,layer2.0.conv1,"(128, 256, 1, 1)",14.540982970645532,aggregate,3,2.3318656404179348
resnet50_no_weights,CIFAR10,fp32_unfused,42,layer2.0.conv2,layer2.0.conv2,"(128, 128, 3, 3)",27.206237651683665,42,3,
resnet50_no_weights,CIFAR10,fp32_unfused,43,layer2.0.conv2,layer2.0.conv2,"(128, 128, 3, 3)",29.390762329101562,43,3,
resnet50_no_weights,CIFAR10,fp32_unfused,44,layer2.0.conv2,layer2.0.conv2,"(128, 128, 3, 3)",30.301896003576424,44,3,
resnet50_no_weights,CIFAR10,fp32_unfused,"42,43,44",layer2.0.conv2,layer2.0.conv2,"(128, 128, 3, 3)",28.966298661453884,aggregate,3,1.5908809546209097
resnet50_no_weights,CIFAR10,fp32_unfused,42,layer2.0.conv3,layer2.0.conv3,"(512, 128, 1, 1)",27.33037330165054,42,3,
resnet50_no_weights,CIFAR10,fp32_unfused,43,layer2.0.conv3,layer2.0.conv3,"(512, 128, 1, 1)",27.90734718243281,43,3,
resnet50_no_weights,CIFAR10,fp32_unfused,44,layer2.0.conv3,layer2.0.conv3,"(512, 128, 1, 1)",28.418352270779543,44,3,
resnet50_no_weights,CIFAR10,fp32_unfused,"42,43,44",layer2.0.conv3,layer2.0.conv3,"(512, 128, 1, 1)",27.8853575849543,aggregate,3,0.5443227132085368
resnet50_no_weights,CIFAR10,fp32_unfused,42,layer2.0.downsample.0,layer2.0.downsample.0,"(512, 256, 1, 1)",33.5867650440761,42,3,
resnet50_no_weights,CIFAR10,fp32_unfused,43,layer2.0.downsample.0,layer2.0.downsample.0,"(512, 256, 1, 1)",31.94202885260949,43,3,
resnet50_no_weights,CIFAR10,fp32_unfused,44,layer2.0.downsample.0,layer2.0.downsample.0,"(512, 256, 1, 1)",25.510972023010254,44,3,
resnet50_no_weights,CIFAR10,fp32_unfused,"42,43,44",layer2.0.downsample.0,layer2.0.downsample.0,"(512, 256, 1, 1)",30.346588639898616,aggregate,3,4.267748860233596
resnet50_no_weights,CIFAR10,fp32_unfused,42,layer2.1.conv1,layer2.1.conv1,"(128, 512, 1, 1)",3.5460863944255943,42,3,
resnet50_no_weights,CIFAR10,fp32_unfused,43,layer2.1.conv1,layer2.1.conv1,"(128, 512, 1, 1)",3.174165734877953,43,3,
resnet50_no_weights,CIFAR10,fp32_unfused,44,layer2.1.conv1,layer2.1.conv1,"(128, 512, 1, 1)",2.9548681463514055,44,3,
resnet50_no_weights,CIFAR10,fp32_unfused,"42,43,44",layer2.1.conv1,layer2.1.conv1,"(128, 512, 1, 1)",3.2250400918849844,aggregate,3,0.2988743956324084
resnet50_no_weights,CIFAR10,fp32_unfused,42,layer2.1.conv2,layer2.1.conv2,"(128, 128, 3, 3)",8.542967345979479,42,3,
resnet50_no_weights,CIFAR10,fp32_unfused,43,layer2.1.conv2,layer2.1.conv2,"(128, 128, 3, 3)",6.897857798470391,43,3,
resnet50_no_weights,CIFAR10,fp32_unfused,44,layer2.1.conv2,layer2.1.conv2,"(128, 128, 3, 3)",8.146144323050976,44,3,
resnet50_no_weights,CIFAR10,fp32_unfused,"42,43,44",layer2.1.conv2,layer2.1.conv2,"(128, 128, 3, 3)",7.862323155833615,aggregate,3,0.8584941450277092
resnet50_no_weights,CIFAR10,fp32_unfused,42,layer2.1.conv3,layer2.1.conv3,"(512, 128, 1, 1)",9.498174927451394,42,3,
resnet50_no_weights,CIFAR10,fp32_unfused,43,layer2.1.conv3,layer2.1.conv3,"(512, 128, 1, 1)",9.809371762805515,43,3,
resnet50_no_weights,CIFAR10,fp32_unfused,44,layer2.1.conv3,layer2.1.conv3,"(512, 128, 1, 1)",8.289721416704582,44,3,
resnet50_no_weights,CIFAR10,fp32_unfused,"42,43,44",layer2.1.conv3,layer2.1.conv3,"(512, 128, 1, 1)",9.199089368987163,aggregate,3,0.8027598782092731
resnet50_no_weights,CIFAR10,fp32_unfused,42,layer2.2.conv1,layer2.2.conv1,"(128, 512, 1, 1)",4.706345740486594,42,3,
resnet50_no_weights,CIFAR10,fp32_unfused,43,layer2.2.conv1,layer2.2.conv1,"(128, 512, 1, 1)",4.671743132851341,43,3,
resnet50_no_weights,CIFAR10,fp32_unfused,44,layer2.2.conv1,layer2.2.conv1,"(128, 512, 1, 1)",4.458788299560547,44,3,
resnet50_no_weights,CIFAR10,fp32_unfused,"42,43,44",layer2.2.conv1,layer2.2.conv1,"(128, 512, 1, 1)",4.612292390966161,aggregate,3,0.13405955643849854
resnet50_no_weights,CIFAR10,fp32_unfused,42,layer2.2.conv2,layer2.2.conv2,"(128, 128, 3, 3)",9.03555188860212,42,3,
resnet50_no_weights,CIFAR10,fp32_unfused,43,layer2.2.conv2,layer2.2.conv2,"(128, 128, 3, 3)",8.208148980140686,43,3,
resnet50_no_weights,CIFAR10,fp32_unfused,44,layer2.2.conv2,layer2.2.conv2,"(128, 128, 3, 3)",7.620221366273596,44,3,
resnet50_no_weights,CIFAR10,fp32_unfused,"42,43,44",layer2.2.conv2,layer2.2.conv2,"(128, 128, 3, 3)",8.2879740783388,aggregate,3,0.7110338645841257
resnet50_no_weights,CIFAR10,fp32_unfused,42,layer2.2.conv3,layer2.2.conv3,"(512, 128, 1, 1)",7.448927359147505,42,3,
resnet50_no_weights,CIFAR10,fp32_unfused,43,layer2.2.conv3,layer2.2.conv3,"(512, 128, 1, 1)",8.074073276004276,43,3,
resnet50_no_weights,CIFAR10,fp32_unfused,44,layer2.2.conv3,layer2.2.conv3,"(512, 128, 1, 1)",8.11024776581795,44,3,
resnet50_no_weights,CIFAR10,fp32_unfused,"42,43,44",layer2.2.conv3,layer2.2.conv3,"(512, 128, 1, 1)",7.87774946698991,aggregate,3,0.37181103878061855
resnet50_no_weights,CIFAR10,fp32_unfused,42,layer2.3.conv1,layer2.3.conv1,"(128, 512, 1, 1)",5.353548521219298,42,3,
resnet50_no_weights,CIFAR10,fp32_unfused,43,layer2.3.conv1,layer2.3.conv1,"(128, 512, 1, 1)",5.71238374710083,43,3,
resnet50_no_weights,CIFAR10,fp32_unfused,44,layer2.3.conv1,layer2.3.conv1,"(128, 512, 1, 1)",6.993871026568943,44,3,
resnet50_no_weights,CIFAR10,fp32_unfused,"42,43,44",layer2.3.conv1,layer2.3.conv1,"(128, 512, 1, 1)",6.01993443162969,aggregate,3,0.8623253724985495
resnet50_no_weights,CIFAR10,fp32_unfused,42,layer2.3.conv2,layer2.3.conv2,"(128, 128, 3, 3)",15.506797278368914,42,3,
resnet50_no_weights,CIFAR10,fp32_unfused,43,layer2.3.conv2,layer2.3.conv2,"(128, 128, 3, 3)",17.80392775932948,43,3,
resnet50_no_weights,CIFAR10,fp32_unfused,44,layer2.3.conv2,layer2.3.conv2,"(128, 128, 3, 3)",14.39902034827641,44,3,
resnet50_no_weights,CIFAR10,fp32_unfused,"42,43,44",layer2.3.conv2,layer2.3.conv2,"(128, 128, 3, 3)",15.903248461991602,aggregate,3,1.736729332742411
resnet50_no_weights,CIFAR10,fp32_unfused,42,layer2.3.conv3,layer2.3.conv3,"(512, 128, 1, 1)",8.07066777996395,42,3,
resnet50_no_weights,CIFAR10,fp32_unfused,43,layer2.3.conv3,layer2.3.conv3,"(512, 128, 1, 1)",8.62080649137497,43,3,
resnet50_no_weights,CIFAR10,fp32_unfused,44,layer2.3.conv3,layer2.3.conv3,"(512, 128, 1, 1)",7.638727642240978,44,3,
resnet50_no_weights,CIFAR10,fp32_unfused,"42,43,44",layer2.3.conv3,layer2.3.conv3,"(512, 128, 1, 1)",8.110067304526632,aggregate,3,0.49222348418265277
resnet50_no_weights,CIFAR10,fp32_unfused,42,layer3.0.conv1,layer3.0.conv1,"(256, 512, 1, 1)",49.8258723234519,42,3,
resnet50_no_weights,CIFAR10,fp32_unfused,43,layer3.0.conv1,layer3.0.conv1,"(256, 512, 1, 1)",43.295939445495605,43,3,
resnet50_no_weights,CIFAR10,fp32_unfused,44,layer3.0.conv1,layer3.0.conv1,"(256, 512, 1, 1)",47.44228721877276,44,3,
resnet50_no_weights,CIFAR10,fp32_unfused,"42,43,44",layer3.0.conv1,layer3.0.conv1,"(256, 512, 1, 1)",46.854699662573424,aggregate,3,3.304383482558262
resnet50_no_weights,CIFAR10,fp32_unfused,42,layer3.0.conv2,layer3.0.conv2,"(256, 256, 3, 3)",34.815407462742016,42,3,
resnet50_no_weights,CIFAR10,fp32_unfused,43,layer3.0.conv2,layer3.0.conv2,"(256, 256, 3, 3)",40.148930875878584,43,3,
resnet50_no_weights,CIFAR10,fp32_unfused,44,layer3.0.conv2,layer3.0.conv2,"(256, 256, 3, 3)",42.71753394894483,44,3,
resnet50_no_weights,CIFAR10,fp32_unfused,"42,43,44",layer3.0.conv2,layer3.0.conv2,"(256, 256, 3, 3)",39.22729076252181,aggregate,3,4.030876595096684
resnet50_no_weights,CIFAR10,fp32_unfused,42,layer3.0.conv3,layer3.0.conv3,"(1024, 256, 1, 1)",33.63131955090691,42,3,
resnet50_no_weights,CIFAR10,fp32_unfused,43,layer3.0.conv3,layer3.0.conv3,"(1024, 256, 1, 1)",25.073888206481932,43,3,
resnet50_no_weights,CIFAR10,fp32_unfused,44,layer3.0.conv3,layer3.0.conv3,"(1024, 256, 1, 1)",27.775371472040813,44,3,
resnet50_no_weights,CIFAR10,fp32_unfused,"42,43,44",layer3.0.conv3,layer3.0.conv3,"(1024, 256, 1, 1)",28.826859743143217,aggregate,3,4.374543232365662
resnet50_no_weights,CIFAR10,fp32_unfused,42,layer3.0.downsample.0,layer3.0.downsample.0,"(1024, 512, 1, 1)",36.15413469881625,42,3,
resnet50_no_weights,CIFAR10,fp32_unfused,43,layer3.0.downsample.0,layer3.0.downsample.0,"(1024, 512, 1, 1)",37.938968658447266,43,3,
resnet50_no_weights,CIFAR10,fp32_unfused,44,layer3.0.downsample.0,layer3.0.downsample.0,"(1024, 512, 1, 1)",41.356351640489365,44,3,
resnet50_no_weights,CIFAR10,fp32_unfused,"42,43,44",layer3.0.downsample.0,layer3.0.downsample.0,"(1024, 512, 1, 1)",38.483151665917624,aggregate,3,2.643457326357342
resnet50_no_weights,CIFAR10,fp32_unfused,42,layer3.1.conv1,layer3.1.conv1,"(256, 1024, 1, 1)",7.970239734649658,42,3,
resnet50_no_weights,CIFAR10,fp32_unfused,43,layer3.1.conv1,layer3.1.conv1,"(256, 1024, 1, 1)",8.049430102836794,43,3,
resnet50_no_weights,CIFAR10,fp32_unfused,44,layer3.1.conv1,layer3.1.conv1,"(256, 1024, 1, 1)",7.392206859588623,44,3,
resnet50_no_weights,CIFAR10,fp32_unfused,"42,43,44",layer3.1.conv1,layer3.1.conv1,"(256, 1024, 1, 1)",7.803958899025025,aggregate,3,0.3587792985784307
resnet50_no_weights,CIFAR10,fp32_unfused,42,layer3.1.conv2,layer3.1.conv2,"(256, 256, 3, 3)",20.474387380811905,42,3,
resnet50_no_weights,CIFAR10,fp32_unfused,43,layer3.1.conv2,layer3.1.conv2,"(256, 256, 3, 3)",20.035703533574154,43,3,
resnet50_no_weights,CIFAR10,fp32_unfused,44,layer3.1.conv2,layer3.1.conv2,"(256, 256, 3, 3)",20.27177345051485,44,3,
resnet50_no_weights,CIFAR10,fp32_unfused,"42,43,44",layer3.1.conv2,layer3.1.conv2,"(256, 256, 3, 3)",20.26062145496697,aggregate,3,0.21955444589065742
resnet50_no_weights,CIFAR10,fp32_unfused,42,layer3.1.conv3,layer3.1.conv3,"(1024, 256, 1, 1)",13.554689327875773,42,3,
resnet50_no_weights,CIFAR10,fp32_unfused,43,layer3.1.conv3,layer3.1.conv3,"(1024, 256, 1, 1)",13.959311443826426,43,3,
resnet50_no_weights,CIFAR10,fp32_unfused,44,layer3.1.conv3,layer3.1.conv3,"(1024, 256, 1, 1)",14.630587935447693,44,3,
resnet50_no_weights,CIFAR10,fp32_unfused,"42,43,44",layer3.1.conv3,layer3.1.conv3,"(1024, 256, 1, 1)",14.048196235716631,aggregate,3,0.5434287746483646
resnet50_no_weights,CIFAR10,fp32_unfused,42,layer3.2.conv1,layer3.2.conv1,"(256, 1024, 1, 1)",11.310809135437012,42,3,
resnet50_no_weights,CIFAR10,fp32_unfused,43,layer3.2.conv1,layer3.2.conv1,"(256, 1024, 1, 1)",11.785375640505837,43,3,
resnet50_no_weights,CIFAR10,fp32_unfused,44,layer3.2.conv1,layer3.2.conv1,"(256, 1024, 1, 1)",11.303696177222513,44,3,
resnet50_no_weights,CIFAR10,fp32_unfused,"42,43,44",layer3.2.conv1,layer3.2.conv1,"(256, 1024, 1, 1)",11.466626984388453,aggregate,3,0.2760673430091264
resnet50_no_weights,CIFAR10,fp32_unfused,42,layer3.2.conv2,layer3.2.conv2,"(256, 256, 3, 3)",23.507926904238186,42,3,
resnet50_no_weights,CIFAR10,fp32_unfused,43,layer3.2.conv2,layer3.2.conv2,"(256, 256, 3, 3)",26.549128490945566,43,3,
resnet50_no_weights,CIFAR10,fp32_unfused,44,layer3.2.conv2,layer3.2.conv2,"(256, 256, 3, 3)",24.49372381322524,44,3,
resnet50_no_weights,CIFAR10,fp32_unfused,"42,43,44",layer3.2.conv2,layer3.2.conv2,"(256, 256, 3, 3)",24.85025973613633,aggregate,3,1.551633065834967
resnet50_no_weights,CIFAR10,fp32_unfused,42,layer3.2.conv3,layer3.2.conv3,"(1024, 256, 1, 1)",13.734152533791281,42,3,
resnet50_no_weights,CIFAR10,fp32_unfused,43,layer3.2.conv3,layer3.2.conv3,"(1024, 256, 1, 1)",13.517136414845785,43,3,
resnet50_no_weights,CIFAR10,fp32_unfused,44,layer3.2.conv3,layer3.2.conv3,"(1024, 256, 1, 1)",12.505676322513157,44,3,
resnet50_no_weights,CIFAR10,fp32_unfused,"42,43,44",layer3.2.conv3,layer3.2.conv3,"(1024, 256, 1, 1)",13.252321757050074,aggregate,3,0.6556550561512191
resnet50_no_weights,CIFAR10,fp32_unfused,42,layer3.3.conv1,layer3.3.conv1,"(256, 1024, 1, 1)",16.69755539141203,42,3,
resnet50_no_weights,CIFAR10,fp32_unfused,43,layer3.3.conv1,layer3.3.conv1,"(256, 1024, 1, 1)",17.621856530507404,43,3,
resnet50_no_weights,CIFAR10,fp32_unfused,44,layer3.3.conv1,layer3.3.conv1,"(256, 1024, 1, 1)",16.732070229270242,44,3,
resnet50_no_weights,CIFAR10,fp32_unfused,"42,43,44",layer3.3.conv1,layer3.3.conv1,"(256, 1024, 1, 1)",17.017160717063227,aggregate,3,0.5239662094121931
resnet50_no_weights,CIFAR10,fp32_unfused,42,layer3.3.conv2,layer3.3.conv2,"(256, 256, 3, 3)",29.721752783831427,42,3,
resnet50_no_weights,CIFAR10,fp32_unfused,43,layer3.3.conv2,layer3.3.conv2,"(256, 256, 3, 3)",35.37535540262858,43,3,
resnet50_no_weights,CIFAR10,fp32_unfused,44,layer3.3.conv2,layer3.3.conv2,"(256, 256, 3, 3)",31.495519483411634,44,3,
resnet50_no_weights,CIFAR10,fp32_unfused,"42,43,44",layer3.3.conv2,layer3.3.conv2,"(256, 256, 3, 3)",32.19754255662388,aggregate,3,2.891441325586476
resnet50_no_weights,CIFAR10,fp32_unfused,42,layer3.3.conv3,layer3.3.conv3,"(1024, 256, 1, 1)",15.768285295237666,42,3,
resnet50_no_weights,CIFAR10,fp32_unfused,43,layer3.3.conv3,layer3.3.conv3,"(1024, 256, 1, 1)",14.3153888185819,43,3,
resnet50_no_weights,CIFAR10,fp32_unfused,44,layer3.3.conv3,layer3.3.conv3,"(1024, 256, 1, 1)",17.75535786151886,44,3,
resnet50_no_weights,CIFAR10,fp32_unfused,"42,43,44",layer3.3.conv3,layer3.3.conv3,"(1024, 256, 1, 1)",15.946343991779475,aggregate,3,1.7268831543135112
resnet50_no_weights,CIFAR10,fp32_unfused,42,layer3.4.conv1,layer3.4.conv1,"(256, 1024, 1, 1)",17.966425514221193,42,3,
resnet50_no_weights,CIFAR10,fp32_unfused,43,layer3.4.conv1,layer3.4.conv1,"(256, 1024, 1, 1)",17.503366152445476,43,3,
resnet50_no_weights,CIFAR10,fp32_unfused,44,layer3.4.conv1,layer3.4.conv1,"(256, 1024, 1, 1)",19.39453012293035,44,3,
resnet50_no_weights,CIFAR10,fp32_unfused,"42,43,44",layer3.4.conv1,layer3.4.conv1,"(256, 1024, 1, 1)",18.288107263199006,aggregate,3,0.9857660227123365
resnet50_no_weights,CIFAR10,fp32_unfused,42,layer3.4.conv2,layer3.4.conv2,"(256, 256, 3, 3)",31.5394023548473,42,3,
resnet50_no_weights,CIFAR10,fp32_unfused,43,layer3.4.conv2,layer3.4.conv2,"(256, 256, 3, 3)",26.75070849524604,43,3,
resnet50_no_weights,CIFAR10,fp32_unfused,44,layer3.4.conv2,layer3.4.conv2,"(256, 256, 3, 3)",31.178786822727748,44,3,
resnet50_no_weights,CIFAR10,fp32_unfused,"42,43,44",layer3.4.conv2,layer3.4.conv2,"(256, 256, 3, 3)",29.822965890940363,aggregate,3,2.6667555230186197
resnet50_no_weights,CIFAR10,fp32_unfused,42,layer3.4.conv3,layer3.4.conv3,"(1024, 256, 1, 1)",12.098396513197157,42,3,
resnet50_no_weights,CIFAR10,fp32_unfused,43,layer3.4.conv3,layer3.4.conv3,"(1024, 256, 1, 1)",15.205800027558297,43,3,
resnet50_no_weights,CIFAR10,fp32_unfused,44,layer3.4.conv3,layer3.4.conv3,"(1024, 256, 1, 1)",15.489930311838785,44,3,
resnet50_no_weights,CIFAR10,fp32_unfused,"42,43,44",layer3.4.conv3,layer3.4.conv3,"(1024, 256, 1, 1)",14.264708950864746,aggregate,3,1.8814528130692776
resnet50_no_weights,CIFAR10,fp32_unfused,42,layer3.5.conv1,layer3.5.conv1,"(256, 1024, 1, 1)",18.090497085026332,42,3,
resnet50_no_weights,CIFAR10,fp32_unfused,43,layer3.5.conv1,layer3.5.conv1,"(256, 1024, 1, 1)",18.742629253503047,43,3,
resnet50_no_weights,CIFAR10,fp32_unfused,44,layer3.5.conv1,layer3.5.conv1,"(256, 1024, 1, 1)",14.202176729838053,44,3,
resnet50_no_weights,CIFAR10,fp32_unfused,"42,43,44",layer3.5.conv1,layer3.5.conv1,"(256, 1024, 1, 1)",17.01176768945581,aggregate,3,2.4549277202322903
resnet50_no_weights,CIFAR10,fp32_unfused,42,layer3.5.conv2,layer3.5.conv2,"(256, 256, 3, 3)",13.500013545155525,42,3,
resnet50_no_weights,CIFAR10,fp32_unfused,43,layer3.5.conv2,layer3.5.conv2,"(256, 256, 3, 3)",13.755586478445265,43,3,
resnet50_no_weights,CIFAR10,fp32_unfused,44,layer3.5.conv2,layer3.5.conv2,"(256, 256, 3, 3)",15.844125556945801,44,3,
resnet50_no_weights,CIFAR10,fp32_unfused,"42,43,44",layer3.5.conv2,layer3.5.conv2,"(256, 256, 3, 3)",14.36657519351553,aggregate,3,1.2859609980136546
resnet50_no_weights,CIFAR10,fp32_unfused,42,layer3.5.conv3,layer3.5.conv3,"(1024, 256, 1, 1)",6.5622212254271215,42,3,
resnet50_no_weights,CIFAR10,fp32_unfused,43,layer3.5.conv3,layer3.5.conv3,"(1024, 256, 1, 1)",6.370352113948149,43,3,
resnet50_no_weights,CIFAR10,fp32_unfused,44,layer3.5.conv3,layer3.5.conv3,"(1024, 256, 1, 1)",7.111292815208435,44,3,
resnet50_no_weights,CIFAR10,fp32_unfused,"42,43,44",layer3.5.conv3,layer3.5.conv3,"(1024, 256, 1, 1)",6.681288718194568,aggregate,3,0.38455309330632803
resnet50_no_weights,CIFAR10,fp32_unfused,42,layer4.0.conv1,layer4.0.conv1,"(512, 1024, 1, 1)",26.205838276789738,42,3,
resnet50_no_weights,CIFAR10,fp32_unfused,43,layer4.0.conv1,layer4.0.conv1,"(512, 1024, 1, 1)",28.317097028096516,43,3,
resnet50_no_weights,CIFAR10,fp32_unfused,44,layer4.0.conv1,layer4.0.conv1,"(512, 1024, 1, 1)",27.28321531656626,44,3,
resnet50_no_weights,CIFAR10,fp32_unfused,"42,43,44",layer4.0.conv1,layer4.0.conv1,"(512, 1024, 1, 1)",27.268716873817503,aggregate,3,1.055704045826276
resnet50_no_weights,CIFAR10,fp32_unfused,42,layer4.0.conv2,layer4.0.conv2,"(512, 512, 3, 3)",17.779422283172607,42,3,
resnet50_no_weights,CIFAR10,fp32_unfused,43,layer4.0.conv2,layer4.0.conv2,"(512, 512, 3, 3)",17.396052178882417,43,3,
resnet50_no_weights,CIFAR10,fp32_unfused,44,layer4.0.conv2,layer4.0.conv2,"(512, 512, 3, 3)",16.448670420153388,44,3,
resnet50_no_weights,CIFAR10,fp32_unfused,"42,43,44",layer4.0.conv2,layer4.0.conv2,"(512, 512, 3, 3)",17.20804829406947,aggregate,3,0.6850067340989072
resnet50_no_weights,CIFAR10,fp32_unfused,42,layer4.0.conv3,layer4.0.conv3,"(2048, 512, 1, 1)",12.579298606285683,42,3,
resnet50_no_weights,CIFAR10,fp32_unfused,43,layer4.0.conv3,layer4.0.conv3,"(2048, 512, 1, 1)",10.517451524734497,43,3,
resnet50_no_weights,CIFAR10,fp32_unfused,44,layer4.0.conv3,layer4.0.conv3,"(2048, 512, 1, 1)",12.517760476758403,44,3,
resnet50_no_weights,CIFAR10,fp32_unfused,"42,43,44",layer4.0.conv3,layer4.0.conv3,"(2048, 512, 1, 1)",11.871503535926195,aggregate,3,1.1730470459899034
resnet50_no_weights,CIFAR10,fp32_unfused,42,layer4.0.downsample.0,layer4.0.downsample.0,"(2048, 1024, 1, 1)",33.61652910232544,42,3,
resnet50_no_weights,CIFAR10,fp32_unfused,43,layer4.0.downsample.0,layer4.0.downsample.0,"(2048, 1024, 1, 1)",30.086301803588867,43,3,
resnet50_no_weights,CIFAR10,fp32_unfused,44,layer4.0.downsample.0,layer4.0.downsample.0,"(2048, 1024, 1, 1)",34.33555949818004,44,3,
resnet50_no_weights,CIFAR10,fp32_unfused,"42,43,44",layer4.0.downsample.0,layer4.0.downsample.0,"(2048, 1024, 1, 1)",32.67946346803145,aggregate,3,2.2743387480741886
resnet50_no_weights,CIFAR10,fp32_unfused,42,layer4.1.conv1,layer4.1.conv1,"(512, 2048, 1, 1)",25.6497483253479,42,3,
resnet50_no_weights,CIFAR10,fp32_unfused,43,layer4.1.conv1,layer4.1.conv1,"(512, 2048, 1, 1)",30.403507709503174,43,3,
resnet50_no_weights,CIFAR10,fp32_unfused,44,layer4.1.conv1,layer4.1.conv1,"(512, 2048, 1, 1)",26.81393383026123,44,3,
resnet50_no_weights,CIFAR10,fp32_unfused,"42,43,44",layer4.1.conv1,layer4.1.conv1,"(512, 2048, 1, 1)",27.6223966217041,aggregate,3,2.4778551480003386
resnet50_no_weights,CIFAR10,fp32_unfused,42,layer4.1.conv2,layer4.1.conv2,"(512, 512, 3, 3)",62.71084487132537,42,3,
resnet50_no_weights,CIFAR10,fp32_unfused,43,layer4.1.conv2,layer4.1.conv2,"(512, 512, 3, 3)",53.88920166913201,43,3,
resnet50_no_weights,CIFAR10,fp32_unfused,44,layer4.1.conv2,layer4.1.conv2,"(512, 512, 3, 3)",53.41541213989258,44,3,
resnet50_no_weights,CIFAR10,fp32_unfused,"42,43,44",layer4.1.conv2,layer4.1.conv2,"(512, 512, 3, 3)",56.67181956011665,aggregate,3,5.2353117539998415
resnet50_no_weights,CIFAR10,fp32_unfused,42,layer4.1.conv3,layer4.1.conv3,"(2048, 512, 1, 1)",21.719225855434644,42,3,
resnet50_no_weights,CIFAR10,fp32_unfused,43,layer4.1.conv3,layer4.1.conv3,"(2048, 512, 1, 1)",22.581480686481182,43,3,
resnet50_no_weights,CIFAR10,fp32_unfused,44,layer4.1.conv3,layer4.1.conv3,"(2048, 512, 1, 1)",19.331492066383362,44,3,
resnet50_no_weights,CIFAR10,fp32_unfused,"42,43,44",layer4.1.conv3,layer4.1.conv3,"(2048, 512, 1, 1)",21.210732869433063,aggregate,3,1.6836063510514971
resnet50_no_weights,CIFAR10,fp32_unfused,42,layer4.2.conv1,layer4.2.conv1,"(512, 2048, 1, 1)",16.829192797342937,42,3,
resnet50_no_weights,CIFAR10,fp32_unfused,43,layer4.2.conv1,layer4.2.conv1,"(512, 2048, 1, 1)",20.335097312927246,43,3,
resnet50_no_weights,CIFAR10,fp32_unfused,44,layer4.2.conv1,layer4.2.conv1,"(512, 2048, 1, 1)",17.97015811778881,44,3,
resnet50_no_weights,CIFAR10,fp32_unfused,"42,43,44",layer4.2.conv1,layer4.2.conv1,"(512, 2048, 1, 1)",18.378149409352996,aggregate,3,1.7882070038428919
resnet50_no_weights,CIFAR10,fp32_unfused,42,layer4.2.conv2,layer4.2.conv2,"(512, 512, 3, 3)",11.793685876406157,42,3,
resnet50_no_weights,CIFAR10,fp32_unfused,43,layer4.2.conv2,layer4.2.conv2,"(512, 512, 3, 3)",13.933318932851156,43,3,
resnet50_no_weights,CIFAR10,fp32_unfused,44,layer4.2.conv2,layer4.2.conv2,"(512, 512, 3, 3)",15.833870887756348,44,3,
resnet50_no_weights,CIFAR10,fp32_unfused,"42,43,44",layer4.2.conv2,layer4.2.conv2,"(512, 512, 3, 3)",13.853625232337887,aggregate,3,2.0212711460639836
resnet50_no_weights,CIFAR10,fp32_unfused,42,layer4.2.conv3,layer4.2.conv3,"(2048, 512, 1, 1)",5.370397130648295,42,3,
resnet50_no_weights,CIFAR10,fp32_unfused,43,layer4.2.conv3,layer4.2.conv3,"(2048, 512, 1, 1)",6.045822673373753,43,3,
resnet50_no_weights,CIFAR10,fp32_unfused,44,layer4.2.conv3,layer4.2.conv3,"(2048, 512, 1, 1)",5.838295936584473,44,3,
resnet50_no_weights,CIFAR10,fp32_unfused,"42,43,44",layer4.2.conv3,layer4.2.conv3,"(2048, 512, 1, 1)",5.75150524686884,aggregate,3,0.3459759873278505
resnet50_no_weights,CIFAR10,fp32_unfused,42,fc,fc,"(10, 2048)",5.302045119436164,42,3,
resnet50_no_weights,CIFAR10,fp32_unfused,43,fc,fc,"(10, 2048)",5.490548164948173,43,3,
resnet50_no_weights,CIFAR10,fp32_unfused,44,fc,fc,"(10, 2048)",5.1375305414199826,44,3,
resnet50_no_weights,CIFAR10,fp32_unfused,"42,43,44",fc,fc,"(10, 2048)",5.310041275268106,aggregate,3,0.17664459944034325
resnet50_no_weights,CIFAR10,ptq,42,conv1,conv1,"(64, 3, 3, 3)",1082.4504471536893,42,3,
resnet50_no_weights,CIFAR10,ptq,43,conv1,conv1,"(64, 3, 3, 3)",1112.4998306282635,43,3,
resnet50_no_weights,CIFAR10,ptq,44,conv1,conv1,"(64, 3, 3, 3)",1279.6671323089276,44,3,
resnet50_no_weights,CIFAR10,ptq,"42,43,44",conv1,conv1,"(64, 3, 3, 3)",1158.2058033636267,aggregate,3,106.25621009460781
resnet50_no_weights,CIFAR10,ptq,42,layer1.0.conv1,layer1.0.conv1,"(64, 64, 1, 1)",7.658580766280287,42,3,
resnet50_no_weights,CIFAR10,ptq,43,layer1.0.conv1,layer1.0.conv1,"(64, 64, 1, 1)",10.095464410583178,43,3,
resnet50_no_weights,CIFAR10,ptq,44,layer1.0.conv1,layer1.0.conv1,"(64, 64, 1, 1)",12.438775505935936,44,3,
resnet50_no_weights,CIFAR10,ptq,"42,43,44",layer1.0.conv1,layer1.0.conv1,"(64, 64, 1, 1)",10.064273560933135,aggregate,3,2.390250005560988
resnet50_no_weights,CIFAR10,ptq,42,layer1.0.conv2,layer1.0.conv2,"(64, 64, 3, 3)",25.406961954519396,42,3,
resnet50_no_weights,CIFAR10,ptq,43,layer1.0.conv2,layer1.0.conv2,"(64, 64, 3, 3)",25.939518914390835,43,3,
resnet50_no_weights,CIFAR10,ptq,44,layer1.0.conv2,layer1.0.conv2,"(64, 64, 3, 3)",22.046208750350136,44,3,
resnet50_no_weights,CIFAR10,ptq,"42,43,44",layer1.0.conv2,layer1.0.conv2,"(64, 64, 3, 3)",24.46422987308679,aggregate,3,2.110929615448451
resnet50_no_weights,CIFAR10,ptq,42,layer1.0.conv3,layer1.0.conv3,"(256, 64, 1, 1)",6.020715935294753,42,3,
resnet50_no_weights,CIFAR10,ptq,43,layer1.0.conv3,layer1.0.conv3,"(256, 64, 1, 1)",4.756095085174162,43,3,
resnet50_no_weights,CIFAR10,ptq,44,layer1.0.conv3,layer1.0.conv3,"(256, 64, 1, 1)",5.3179854109646785,44,3,
resnet50_no_weights,CIFAR10,ptq,"42,43,44",layer1.0.conv3,layer1.0.conv3,"(256, 64, 1, 1)",5.364932143811198,aggregate,3,0.6336161854258879
resnet50_no_weights,CIFAR10,ptq,42,layer1.0.downsample.0,layer1.0.downsample.0,"(256, 64, 1, 1)",2.1926786992412346,42,3,
resnet50_no_weights,CIFAR10,ptq,43,layer1.0.downsample.0,layer1.0.downsample.0,"(256, 64, 1, 1)",2.365631093412186,43,3,
resnet50_no_weights,CIFAR10,ptq,44,layer1.0.downsample.0,layer1.0.downsample.0,"(256, 64, 1, 1)",2.6465275545159113,44,3,
resnet50_no_weights,CIFAR10,ptq,"42,43,44",layer1.0.downsample.0,layer1.0.downsample.0,"(256, 64, 1, 1)",2.401612449056444,aggregate,3,0.22905390047766602
resnet50_no_weights,CIFAR10,ptq,42,layer1.1.conv1,layer1.1.conv1,"(64, 256, 1, 1)",17.800595265539254,42,3,
resnet50_no_weights,CIFAR10,ptq,43,layer1.1.conv1,layer1.1.conv1,"(64, 256, 1, 1)",18.156106453989782,43,3,
resnet50_no_weights,CIFAR10,ptq,44,layer1.1.conv1,layer1.1.conv1,"(64, 256, 1, 1)",16.573224034430325,44,3,
resnet50_no_weights,CIFAR10,ptq,"42,43,44",layer1.1.conv1,layer1.1.conv1,"(64, 256, 1, 1)",17.509975251319787,aggregate,3,0.8304963473949134
resnet50_no_weights,CIFAR10,ptq,42,layer1.1.conv2,layer1.1.conv2,"(64, 64, 3, 3)",3.094518335366791,42,3,
resnet50_no_weights,CIFAR10,ptq,43,layer1.1.conv2,layer1.1.conv2,"(64, 64, 3, 3)",4.558295280100351,43,3,
resnet50_no_weights,CIFAR10,ptq,44,layer1.1.conv2,layer1.1.conv2,"(64, 64, 3, 3)",4.702642784668849,44,3,
resnet50_no_weights,CIFAR10,ptq,"42,43,44",layer1.1.conv2,layer1.1.conv2,"(64, 64, 3, 3)",4.118485466711997,aggregate,3,0.8897137545723826
resnet50_no_weights,CIFAR10,ptq,42,layer1.1.conv3,layer1.1.conv3,"(256, 64, 1, 1)",1.2273693481693044,42,3,
resnet50_no_weights,CIFAR10,ptq,43,layer1.1.conv3,layer1.1.conv3,"(256, 64, 1, 1)",1.31246424996509,43,3,
resnet50_no_weights,CIFAR10,ptq,44,layer1.1.conv3,layer1.1.conv3,"(256, 64, 1, 1)",1.1777631683895986,44,3,
resnet50_no_weights,CIFAR10,ptq,"42,43,44",layer1.1.conv3,layer1.1.conv3,"(256, 64, 1, 1)",1.2391989221746644,aggregate,3,0.068125248331753
resnet50_no_weights,CIFAR10,ptq,42,layer1.2.conv1,layer1.2.conv1,"(64, 256, 1, 1)",10.425473045677908,42,3,
resnet50_no_weights,CIFAR10,ptq,43,layer1.2.conv1,layer1.2.conv1,"(64, 256, 1, 1)",8.878634694044466,43,3,
resnet50_no_weights,CIFAR10,ptq,44,layer1.2.conv1,layer1.2.conv1,"(64, 256, 1, 1)",10.943499733773725,44,3,
resnet50_no_weights,CIFAR10,ptq,"42,43,44",layer1.2.conv1,layer1.2.conv1,"(64, 256, 1, 1)",10.0825358244987,aggregate,3,1.0743004055321848
resnet50_no_weights,CIFAR10,ptq,42,layer1.2.conv2,layer1.2.conv2,"(64, 64, 3, 3)",1.1251029422443903,42,3,
resnet50_no_weights,CIFAR10,ptq,43,layer1.2.conv2,layer1.2.conv2,"(64, 64, 3, 3)",1.5699795819818974,43,3,
resnet50_no_weights,CIFAR10,ptq,44,layer1.2.conv2,layer1.2.conv2,"(64, 64, 3, 3)",1.3029083280513685,44,3,
resnet50_no_weights,CIFAR10,ptq,"42,43,44",layer1.2.conv2,layer1.2.conv2,"(64, 64, 3, 3)",1.3326636174258855,aggregate,3,0.22392596785624225
resnet50_no_weights,CIFAR10,ptq,42,layer1.2.conv3,layer1.2.conv3,"(256, 64, 1, 1)",1.1213438372159827,42,3,
resnet50_no_weights,CIFAR10,ptq,43,layer1.2.conv3,layer1.2.conv3,"(256, 64, 1, 1)",0.8679102104974956,43,3,
resnet50_no_weights,CIFAR10,ptq,44,layer1.2.conv3,layer1.2.conv3,"(256, 64, 1, 1)",1.2004593567403614,44,3,
resnet50_no_weights,CIFAR10,ptq,"42,43,44",layer1.2.conv3,layer1.2.conv3,"(256, 64, 1, 1)",1.0632378014846133,aggregate,3,0.1737223854545698
resnet50_no_weights,CIFAR10,ptq,42,layer2.0.conv1,layer2.0.conv1,"(128, 256, 1, 1)",12.537665186701593,42,3,
resnet50_no_weights,CIFAR10,ptq,43,layer2.0.conv1,layer2.0.conv1,"(128, 256, 1, 1)",10.788587481643145,43,3,
resnet50_no_weights,CIFAR10,ptq,44,layer2.0.conv1,layer2.0.conv1,"(128, 256, 1, 1)",9.018890033806525,44,3,
resnet50_no_weights,CIFAR10,ptq,"42,43,44",layer2.0.conv1,layer2.0.conv1,"(128, 256, 1, 1)",10.78171423405042,aggregate,3,1.7593976455898996
resnet50_no_weights,CIFAR10,ptq,42,layer2.0.conv2,layer2.0.conv2,"(128, 128, 3, 3)",1.001653091982007,42,3,
resnet50_no_weights,CIFAR10,ptq,43,layer2.0.conv2,layer2.0.conv2,"(128, 128, 3, 3)",1.287611961364746,43,3,
resnet50_no_weights,CIFAR10,ptq,44,layer2.0.conv2,layer2.0.conv2,"(128, 128, 3, 3)",2.314201012608551,44,3,
resnet50_no_weights,CIFAR10,ptq,"42,43,44",layer2.0.conv2,layer2.0.conv2,"(128, 128, 3, 3)",1.534488688651768,aggregate,3,0.690222138041246
resnet50_no_weights,CIFAR10,ptq,42,layer2.0.conv3,layer2.0.conv3,"(512, 128, 1, 1)",0.4892238908048187,42,3,
resnet50_no_weights,CIFAR10,ptq,43,layer2.0.conv3,layer2.0.conv3,"(512, 128, 1, 1)",0.652910571466101,43,3,
resnet50_no_weights,CIFAR10,ptq,44,layer2.0.conv3,layer2.0.conv3,"(512, 128, 1, 1)",0.5932380340847314,44,3,
resnet50_no_weights,CIFAR10,ptq,"42,43,44",layer2.0.conv3,layer2.0.conv3,"(512, 128, 1, 1)",0.578457498785217,aggregate,3,0.08283827934163224
resnet50_no_weights,CIFAR10,ptq,42,layer2.0.downsample.0,layer2.0.downsample.0,"(512, 256, 1, 1)",0.8314511669131944,42,3,
resnet50_no_weights,CIFAR10,ptq,43,layer2.0.downsample.0,layer2.0.downsample.0,"(512, 256, 1, 1)",0.8335196542739868,43,3,
resnet50_no_weights,CIFAR10,ptq,44,layer2.0.downsample.0,layer2.0.downsample.0,"(512, 256, 1, 1)",0.8469777289898165,44,3,
resnet50_no_weights,CIFAR10,ptq,"42,43,44",layer2.0.downsample.0,layer2.0.downsample.0,"(512, 256, 1, 1)",0.8373161833923326,aggregate,3,0.008430821875098252
resnet50_no_weights,CIFAR10,ptq,42,layer2.1.conv1,layer2.1.conv1,"(128, 512, 1, 1)",0.7713980045435684,42,3,
resnet50_no_weights,CIFAR10,ptq,43,layer2.1.conv1,layer2.1.conv1,"(128, 512, 1, 1)",0.6898182385187183,43,3,
resnet50_no_weights,CIFAR10,ptq,44,layer2.1.conv1,layer2.1.conv1,"(128, 512, 1, 1)",0.6679202248411837,44,3,
resnet50_no_weights,CIFAR10,ptq,"42,43,44",layer2.1.conv1,layer2.1.conv1,"(128, 512, 1, 1)",0.7097121559678234,aggregate,3,0.054531996906748925
resnet50_no_weights,CIFAR10,ptq,42,layer2.1.conv2,layer2.1.conv2,"(128, 128, 3, 3)",0.23145896941423416,42,3,
resnet50_no_weights,CIFAR10,ptq,43,layer2.1.conv2,layer2.1.conv2,"(128, 128, 3, 3)",0.42930332792026027,43,3,
resnet50_no_weights,CIFAR10,ptq,44,layer2.1.conv2,layer2.1.conv2,"(128, 128, 3, 3)",0.2826428403013519,44,3,
resnet50_no_weights,CIFAR10,ptq,"42,43,44",layer2.1.conv2,layer2.1.conv2,"(128, 128, 3, 3)",0.31446837921194876,aggregate,3,0.10269004938833014
resnet50_no_weights,CIFAR10,ptq,42,layer2.1.conv3,layer2.1.conv3,"(512, 128, 1, 1)",0.41832373315288174,42,3,
resnet50_no_weights,CIFAR10,ptq,43,layer2.1.conv3,layer2.1.conv3,"(512, 128, 1, 1)",0.4995517854553622,43,3,
resnet50_no_weights,CIFAR10,ptq,44,layer2.1.conv3,layer2.1.conv3,"(512, 128, 1, 1)",0.46353006517248496,44,3,
resnet50_no_weights,CIFAR10,ptq,"42,43,44",layer2.1.conv3,layer2.1.conv3,"(512, 128, 1, 1)",0.4604685279269096,aggregate,3,0.04070047761320695
resnet50_no_weights,CIFAR10,ptq,42,layer2.2.conv1,layer2.2.conv1,"(128, 512, 1, 1)",0.7784605614052942,42,3,
resnet50_no_weights,CIFAR10,ptq,43,layer2.2.conv1,layer2.2.conv1,"(128, 512, 1, 1)",0.9103010963881388,43,3,
resnet50_no_weights,CIFAR10,ptq,44,layer2.2.conv1,layer2.2.conv1,"(128, 512, 1, 1)",0.6559010768199668,44,3,
resnet50_no_weights,CIFAR10,ptq,"42,43,44",layer2.2.conv1,layer2.2.conv1,"(128, 512, 1, 1)",0.7815542448711332,aggregate,3,0.12722822268314402
resnet50_no_weights,CIFAR10,ptq,42,layer2.2.conv2,layer2.2.conv2,"(128, 128, 3, 3)",0.19515706366962857,42,3,
resnet50_no_weights,CIFAR10,ptq,43,layer2.2.conv2,layer2.2.conv2,"(128, 128, 3, 3)",0.25106044334554395,43,3,
resnet50_no_weights,CIFAR10,ptq,44,layer2.2.conv2,layer2.2.conv2,"(128, 128, 3, 3)",0.18443599653740725,44,3,
resnet50_no_weights,CIFAR10,ptq,"42,43,44",layer2.2.conv2,layer2.2.conv2,"(128, 128, 3, 3)",0.2102178345175266,aggregate,3,0.035774632660898566
resnet50_no_weights,CIFAR10,ptq,42,layer2.2.conv3,layer2.2.conv3,"(512, 128, 1, 1)",0.4883281420916319,42,3,
resnet50_no_weights,CIFAR10,ptq,43,layer2.2.conv3,layer2.2.conv3,"(512, 128, 1, 1)",0.3218787405639887,43,3,
resnet50_no_weights,CIFAR10,ptq,44,layer2.2.conv3,layer2.2.conv3,"(512, 128, 1, 1)",0.2532202324227375,44,3,
resnet50_no_weights,CIFAR10,ptq,"42,43,44",layer2.2.conv3,layer2.2.conv3,"(512, 128, 1, 1)",0.35447570502611936,aggregate,3,0.12089604570178591
resnet50_no_weights,CIFAR10,ptq,42,layer2.3.conv1,layer2.3.conv1,"(128, 512, 1, 1)",0.7363240724957701,42,3,
resnet50_no_weights,CIFAR10,ptq,43,layer2.3.conv1,layer2.3.conv1,"(128, 512, 1, 1)",0.7535531349740056,43,3,
resnet50_no_weights,CIFAR10,ptq,44,layer2.3.conv1,layer2.3.conv1,"(128, 512, 1, 1)",0.673384746774397,44,3,
resnet50_no_weights,CIFAR10,ptq,"42,43,44",layer2.3.conv1,layer2.3.conv1,"(128, 512, 1, 1)",0.7210873180813909,aggregate,3,0.04220025628410169
resnet50_no_weights,CIFAR10,ptq,42,layer2.3.conv2,layer2.3.conv2,"(128, 128, 3, 3)",0.11858294555737127,42,3,
resnet50_no_weights,CIFAR10,ptq,43,layer2.3.conv2,layer2.3.conv2,"(128, 128, 3, 3)",0.14444181344964924,43,3,
resnet50_no_weights,CIFAR10,ptq,44,layer2.3.conv2,layer2.3.conv2,"(128, 128, 3, 3)",0.1587960597488188,44,3,
resnet50_no_weights,CIFAR10,ptq,"42,43,44",layer2.3.conv2,layer2.3.conv2,"(128, 128, 3, 3)",0.14060693958527976,aggregate,3,0.02037899240419697
resnet50_no_weights,CIFAR10,ptq,42,layer2.3.conv3,layer2.3.conv3,"(512, 128, 1, 1)",0.1784242147496387,42,3,
resnet50_no_weights,CIFAR10,ptq,43,layer2.3.conv3,layer2.3.conv3,"(512, 128, 1, 1)",0.16674550322861206,43,3,
resnet50_no_weights,CIFAR10,ptq,44,layer2.3.conv3,layer2.3.conv3,"(512, 128, 1, 1)",0.18482881453302172,44,3,
resnet50_no_weights,CIFAR10,ptq,"42,43,44",layer2.3.conv3,layer2.3.conv3,"(512, 128, 1, 1)",0.1766661775037575,aggregate,3,0.009168945312928674
resnet50_no_weights,CIFAR10,ptq,42,layer3.0.conv1,layer3.0.conv1,"(256, 512, 1, 1)",0.46034956322266507,42,3,
resnet50_no_weights,CIFAR10,ptq,43,layer3.0.conv1,layer3.0.conv1,"(256, 512, 1, 1)",0.48026794461267336,43,3,
resnet50_no_weights,CIFAR10,ptq,44,layer3.0.conv1,layer3.0.conv1,"(256, 512, 1, 1)",0.48724348098039627,44,3,
resnet50_no_weights,CIFAR10,ptq,"42,43,44",layer3.0.conv1,layer3.0.conv1,"(256, 512, 1, 1)",0.4759536629385782,aggregate,3,0.013956377497849403
resnet50_no_weights,CIFAR10,ptq,42,layer3.0.conv2,layer3.0.conv2,"(256, 256, 3, 3)",0.3586662352988214,42,3,
resnet50_no_weights,CIFAR10,ptq,43,layer3.0.conv2,layer3.0.conv2,"(256, 256, 3, 3)",0.4419476774431044,43,3,
resnet50_no_weights,CIFAR10,ptq,44,layer3.0.conv2,layer3.0.conv2,"(256, 256, 3, 3)",0.40035128262307906,44,3,
resnet50_no_weights,CIFAR10,ptq,"42,43,44",layer3.0.conv2,layer3.0.conv2,"(256, 256, 3, 3)",0.40032173178833497,aggregate,3,0.04164072893630424
resnet50_no_weights,CIFAR10,ptq,42,layer3.0.conv3,layer3.0.conv3,"(1024, 256, 1, 1)",0.6738964674018678,42,3,
resnet50_no_weights,CIFAR10,ptq,43,layer3.0.conv3,layer3.0.conv3,"(1024, 256, 1, 1)",0.8645140299430261,43,3,
resnet50_no_weights,CIFAR10,ptq,44,layer3.0.conv3,layer3.0.conv3,"(1024, 256, 1, 1)",0.653241946645405,44,3,
resnet50_no_weights,CIFAR10,ptq,"42,43,44",layer3.0.conv3,layer3.0.conv3,"(1024, 256, 1, 1)",0.730550814663433,aggregate,3,0.11647428726098624
resnet50_no_weights,CIFAR10,ptq,42,layer3.0.downsample.0,layer3.0.downsample.0,"(1024, 512, 1, 1)",1.2884649542661815,42,3,
resnet50_no_weights,CIFAR10,ptq,43,layer3.0.downsample.0,layer3.0.downsample.0,"(1024, 512, 1, 1)",1.6146573258770838,43,3,
resnet50_no_weights,CIFAR10,ptq,44,layer3.0.downsample.0,layer3.0.downsample.0,"(1024, 512, 1, 1)",1.5953449777194433,44,3,
resnet50_no_weights,CIFAR10,ptq,"42,43,44",layer3.0.downsample.0,layer3.0.downsample.0,"(1024, 512, 1, 1)",1.4994890859542362,aggregate,3,0.18300718514272485
resnet50_no_weights,CIFAR10,ptq,42,layer3.1.conv1,layer3.1.conv1,"(256, 1024, 1, 1)",0.13332001127454698,42,3,
resnet50_no_weights,CIFAR10,ptq,43,layer3.1.conv1,layer3.1.conv1,"(256, 1024, 1, 1)",0.15832529702068618,43,3,
resnet50_no_weights,CIFAR10,ptq,44,layer3.1.conv1,layer3.1.conv1,"(256, 1024, 1, 1)",0.11123395359350575,44,3,
resnet50_no_weights,CIFAR10,ptq,"42,43,44",layer3.1.conv1,layer3.1.conv1,"(256, 1024, 1, 1)",0.1342930872962463,aggregate,3,0.023560747317353217
resnet50_no_weights,CIFAR10,ptq,42,layer3.1.conv2,layer3.1.conv2,"(256, 256, 3, 3)",0.22896809306214838,42,3,
resnet50_no_weights,CIFAR10,ptq,43,layer3.1.conv2,layer3.1.conv2,"(256, 256, 3, 3)",0.20070575994829978,43,3,
resnet50_no_weights,CIFAR10,ptq,44,layer3.1.conv2,layer3.1.conv2,"(256, 256, 3, 3)",0.20409520818955368,44,3,
resnet50_no_weights,CIFAR10,ptq,"42,43,44",layer3.1.conv2,layer3.1.conv2,"(256, 256, 3, 3)",0.21125635373333396,aggregate,3,0.015432153847857361
resnet50_no_weights,CIFAR10,ptq,42,layer3.1.conv3,layer3.1.conv3,"(1024, 256, 1, 1)",0.7663277003500196,42,3,
resnet50_no_weights,CIFAR10,ptq,43,layer3.1.conv3,layer3.1.conv3,"(1024, 256, 1, 1)",0.7722683703167397,43,3,
resnet50_no_weights,CIFAR10,ptq,44,layer3.1.conv3,layer3.1.conv3,"(1024, 256, 1, 1)",0.7163388965458706,44,3,
resnet50_no_weights,CIFAR10,ptq,"42,43,44",layer3.1.conv3,layer3.1.conv3,"(1024, 256, 1, 1)",0.7516449890708766,aggregate,3,0.03071991238515482
resnet50_no_weights,CIFAR10,ptq,42,layer3.2.conv1,layer3.2.conv1,"(256, 1024, 1, 1)",0.09548040423542262,42,3,
resnet50_no_weights,CIFAR10,ptq,43,layer3.2.conv1,layer3.2.conv1,"(256, 1024, 1, 1)",0.10345649854119482,43,3,
resnet50_no_weights,CIFAR10,ptq,44,layer3.2.conv1,layer3.2.conv1,"(256, 1024, 1, 1)",0.10687921158014199,44,3,
resnet50_no_weights,CIFAR10,ptq,"42,43,44",layer3.2.conv1,layer3.2.conv1,"(256, 1024, 1, 1)",0.10193870478558648,aggregate,3,0.005849014928509744
resnet50_no_weights,CIFAR10,ptq,42,layer3.2.conv2,layer3.2.conv2,"(256, 256, 3, 3)",0.1274746911669219,42,3,
resnet50_no_weights,CIFAR10,ptq,43,layer3.2.conv2,layer3.2.conv2,"(256, 256, 3, 3)",0.12091592180988063,43,3,
resnet50_no_weights,CIFAR10,ptq,44,layer3.2.conv2,layer3.2.conv2,"(256, 256, 3, 3)",0.1393042903393507,44,3,
resnet50_no_weights,CIFAR10,ptq,"42,43,44",layer3.2.conv2,layer3.2.conv2,"(256, 256, 3, 3)",0.12923163443871774,aggregate,3,0.009319236102767917
resnet50_no_weights,CIFAR10,ptq,42,layer3.2.conv3,layer3.2.conv3,"(1024, 256, 1, 1)",0.6655737643440565,42,3,
resnet50_no_weights,CIFAR10,ptq,43,layer3.2.conv3,layer3.2.conv3,"(1024, 256, 1, 1)",0.6863803504369198,43,3,
resnet50_no_weights,CIFAR10,ptq,44,layer3.2.conv3,layer3.2.conv3,"(1024, 256, 1, 1)",0.690483787230083,44,3,
resnet50_no_weights,CIFAR10,ptq,"42,43,44",layer3.2.conv3,layer3.2.conv3,"(1024, 256, 1, 1)",0.6808126340036864,aggregate,3,0.013355781884871585
resnet50_no_weights,CIFAR10,ptq,42,layer3.3.conv1,layer3.3.conv1,"(256, 1024, 1, 1)",0.1193489263455073,42,3,
resnet50_no_weights,CIFAR10,ptq,43,layer3.3.conv1,layer3.3.conv1,"(256, 1024, 1, 1)",0.12960830330848694,43,3,
resnet50_no_weights,CIFAR10,ptq,44,layer3.3.conv1,layer3.3.conv1,"(256, 1024, 1, 1)",0.13164466992020607,44,3,
resnet50_no_weights,CIFAR10,ptq,"42,43,44",layer3.3.conv1,layer3.3.conv1,"(256, 1024, 1, 1)",0.12686729985806677,aggregate,3,0.006590231593054829
resnet50_no_weights,CIFAR10,ptq,42,layer3.3.conv2,layer3.3.conv2,"(256, 256, 3, 3)",0.21020913739567218,42,3,
resnet50_no_weights,CIFAR10,ptq,43,layer3.3.conv2,layer3.3.conv2,"(256, 256, 3, 3)",0.23199032705563766,43,3,
resnet50_no_weights,CIFAR10,ptq,44,layer3.3.conv2,layer3.3.conv2,"(256, 256, 3, 3)",0.21258627134375274,44,3,
resnet50_no_weights,CIFAR10,ptq,"42,43,44",layer3.3.conv2,layer3.3.conv2,"(256, 256, 3, 3)",0.21826191193168754,aggregate,3,0.011948419469260622
resnet50_no_weights,CIFAR10,ptq,42,layer3.3.conv3,layer3.3.conv3,"(1024, 256, 1, 1)",1.3862691223621368,42,3,
resnet50_no_weights,CIFAR10,ptq,43,layer3.3.conv3,layer3.3.conv3,"(1024, 256, 1, 1)",1.1276939602361784,43,3,
resnet50_no_weights,CIFAR10,ptq,44,layer3.3.conv3,layer3.3.conv3,"(1024, 256, 1, 1)",1.2049438976927807,44,3,
resnet50_no_weights,CIFAR10,ptq,"42,43,44",layer3.3.conv3,layer3.3.conv3,"(1024, 256, 1, 1)",1.239635660097032,aggregate,3,0.13273250318272156
resnet50_no_weights,CIFAR10,ptq,42,layer3.4.conv1,layer3.4.conv1,"(256, 1024, 1, 1)",0.04529346679063404,42,3,
resnet50_no_weights,CIFAR10,ptq,43,layer3.4.conv1,layer3.4.conv1,"(256, 1024, 1, 1)",0.06995471676482874,43,3,
resnet50_no_weights,CIFAR10,ptq,44,layer3.4.conv1,layer3.4.conv1,"(256, 1024, 1, 1)",0.05767311445540852,44,3,
resnet50_no_weights,CIFAR10,ptq,"42,43,44",layer3.4.conv1,layer3.4.conv1,"(256, 1024, 1, 1)",0.05764043267029043,aggregate,3,0.012330657470173211
resnet50_no_weights,CIFAR10,ptq,42,layer3.4.conv2,layer3.4.conv2,"(256, 256, 3, 3)",0.11970135622790881,42,3,
resnet50_no_weights,CIFAR10,ptq,43,layer3.4.conv2,layer3.4.conv2,"(256, 256, 3, 3)",0.11176387748370568,43,3,
resnet50_no_weights,CIFAR10,ptq,44,layer3.4.conv2,layer3.4.conv2,"(256, 256, 3, 3)",0.1210087737576528,44,3,
resnet50_no_weights,CIFAR10,ptq,"42,43,44",layer3.4.conv2,layer3.4.conv2,"(256, 256, 3, 3)",0.1174913358230891,aggregate,3,0.005003016032484799
resnet50_no_weights,CIFAR10,ptq,42,layer3.4.conv3,layer3.4.conv3,"(1024, 256, 1, 1)",0.9951424797375997,42,3,
resnet50_no_weights,CIFAR10,ptq,43,layer3.4.conv3,layer3.4.conv3,"(1024, 256, 1, 1)",0.9711344814300538,43,3,
resnet50_no_weights,CIFAR10,ptq,44,layer3.4.conv3,layer3.4.conv3,"(1024, 256, 1, 1)",0.9999052704208427,44,3,
resnet50_no_weights,CIFAR10,ptq,"42,43,44",layer3.4.conv3,layer3.4.conv3,"(1024, 256, 1, 1)",0.9887274105294988,aggregate,3,0.015420908192991392
resnet50_no_weights,CIFAR10,ptq,42,layer3.5.conv1,layer3.5.conv1,"(256, 1024, 1, 1)",0.06756486223858534,42,3,
resnet50_no_weights,CIFAR10,ptq,43,layer3.5.conv1,layer3.5.conv1,"(256, 1024, 1, 1)",0.05077663114900852,43,3,
resnet50_no_weights,CIFAR10,ptq,44,layer3.5.conv1,layer3.5.conv1,"(256, 1024, 1, 1)",0.09376431956630328,44,3,
resnet50_no_weights,CIFAR10,ptq,"42,43,44",layer3.5.conv1,layer3.5.conv1,"(256, 1024, 1, 1)",0.07070193765129905,aggregate,3,0.021664862576863814
resnet50_no_weights,CIFAR10,ptq,42,layer3.5.conv2,layer3.5.conv2,"(256, 256, 3, 3)",0.026715815549196546,42,3,
resnet50_no_weights,CIFAR10,ptq,43,layer3.5.conv2,layer3.5.conv2,"(256, 256, 3, 3)",0.026673566215322353,43,3,
resnet50_no_weights,CIFAR10,ptq,44,layer3.5.conv2,layer3.5.conv2,"(256, 256, 3, 3)",0.030077305720705126,44,3,
resnet50_no_weights,CIFAR10,ptq,"42,43,44",layer3.5.conv2,layer3.5.conv2,"(256, 256, 3, 3)",0.027822229161741343,aggregate,3,0.0019530678346243277
resnet50_no_weights,CIFAR10,ptq,42,layer3.5.conv3,layer3.5.conv3,"(1024, 256, 1, 1)",0.26651662675773397,42,3,
resnet50_no_weights,CIFAR10,ptq,43,layer3.5.conv3,layer3.5.conv3,"(1024, 256, 1, 1)",0.19850654815954547,43,3,
resnet50_no_weights,CIFAR10,ptq,44,layer3.5.conv3,layer3.5.conv3,"(1024, 256, 1, 1)",0.2603708388076888,44,3,
resnet50_no_weights,CIFAR10,ptq,"42,43,44",layer3.5.conv3,layer3.5.conv3,"(1024, 256, 1, 1)",0.2417980045749894,aggregate,3,0.03761722114018315
resnet50_no_weights,CIFAR10,ptq,42,layer4.0.conv1,layer4.0.conv1,"(512, 1024, 1, 1)",0.8487012612453678,42,3,
resnet50_no_weights,CIFAR10,ptq,43,layer4.0.conv1,layer4.0.conv1,"(512, 1024, 1, 1)",1.0965581242337652,43,3,
resnet50_no_weights,CIFAR10,ptq,44,layer4.0.conv1,layer4.0.conv1,"(512, 1024, 1, 1)",1.2163252368742643,44,3,
resnet50_no_weights,CIFAR10,ptq,"42,43,44",layer4.0.conv1,layer4.0.conv1,"(512, 1024, 1, 1)",1.0538615407844658,aggregate,3,0.18749425469326017
resnet50_no_weights,CIFAR10,ptq,42,layer4.0.conv2,layer4.0.conv2,"(512, 512, 3, 3)",0.18152939027814724,42,3,
resnet50_no_weights,CIFAR10,ptq,43,layer4.0.conv2,layer4.0.conv2,"(512, 512, 3, 3)",0.11901114536104379,43,3,
resnet50_no_weights,CIFAR10,ptq,44,layer4.0.conv2,layer4.0.conv2,"(512, 512, 3, 3)",0.1668768247918171,44,3,
resnet50_no_weights,CIFAR10,ptq,"42,43,44",layer4.0.conv2,layer4.0.conv2,"(512, 512, 3, 3)",0.15580578681033605,aggregate,3,0.03269646232192834
resnet50_no_weights,CIFAR10,ptq,42,layer4.0.conv3,layer4.0.conv3,"(2048, 512, 1, 1)",0.8277954603063649,42,3,
resnet50_no_weights,CIFAR10,ptq,43,layer4.0.conv3,layer4.0.conv3,"(2048, 512, 1, 1)",0.8215069651603699,43,3,
resnet50_no_weights,CIFAR10,ptq,44,layer4.0.conv3,layer4.0.conv3,"(2048, 512, 1, 1)",0.6625660061836243,44,3,
resnet50_no_weights,CIFAR10,ptq,"42,43,44",layer4.0.conv3,layer4.0.conv3,"(2048, 512, 1, 1)",0.7706228105501197,aggregate,3,0.09363274544850533
resnet50_no_weights,CIFAR10,ptq,42,layer4.0.downsample.0,layer4.0.downsample.0,"(2048, 1024, 1, 1)",61.45055500377308,42,3,
resnet50_no_weights,CIFAR10,ptq,43,layer4.0.downsample.0,layer4.0.downsample.0,"(2048, 1024, 1, 1)",71.43830020611102,43,3,
resnet50_no_weights,CIFAR10,ptq,44,layer4.0.downsample.0,layer4.0.downsample.0,"(2048, 1024, 1, 1)",68.66898719124173,44,3,
resnet50_no_weights,CIFAR10,ptq,"42,43,44",layer4.0.downsample.0,layer4.0.downsample.0,"(2048, 1024, 1, 1)",67.18594746704194,aggregate,3,5.156386202988684
resnet50_no_weights,CIFAR10,ptq,42,layer4.1.conv1,layer4.1.conv1,"(512, 2048, 1, 1)",1.5918754529953003,42,3,
resnet50_no_weights,CIFAR10,ptq,43,layer4.1.conv1,layer4.1.conv1,"(512, 2048, 1, 1)",1.7921225195223431,43,3,
resnet50_no_weights,CIFAR10,ptq,44,layer4.1.conv1,layer4.1.conv1,"(512, 2048, 1, 1)",1.127988708826403,44,3,
resnet50_no_weights,CIFAR10,ptq,"42,43,44",layer4.1.conv1,layer4.1.conv1,"(512, 2048, 1, 1)",1.5039955604480155,aggregate,3,0.340676659404441
resnet50_no_weights,CIFAR10,ptq,42,layer4.1.conv2,layer4.1.conv2,"(512, 512, 3, 3)",1.9104177330402619,42,3,
resnet50_no_weights,CIFAR10,ptq,43,layer4.1.conv2,layer4.1.conv2,"(512, 512, 3, 3)",2.433608348880495,43,3,
resnet50_no_weights,CIFAR10,ptq,44,layer4.1.conv2,layer4.1.conv2,"(512, 512, 3, 3)",1.8763765423528609,44,3,
resnet50_no_weights,CIFAR10,ptq,"42,43,44",layer4.1.conv2,layer4.1.conv2,"(512, 512, 3, 3)",2.0734675414245394,aggregate,3,0.3123551689377413
resnet50_no_weights,CIFAR10,ptq,42,layer4.1.conv3,layer4.1.conv3,"(2048, 512, 1, 1)",142.96580158580434,42,3,
resnet50_no_weights,CIFAR10,ptq,43,layer4.1.conv3,layer4.1.conv3,"(2048, 512, 1, 1)",103.28708871205647,43,3,
resnet50_no_weights,CIFAR10,ptq,44,layer4.1.conv3,layer4.1.conv3,"(2048, 512, 1, 1)",97.93125279744466,44,3,
resnet50_no_weights,CIFAR10,ptq,"42,43,44",layer4.1.conv3,layer4.1.conv3,"(2048, 512, 1, 1)",114.72804769843516,aggregate,3,24.600798829281675
resnet50_no_weights,CIFAR10,ptq,42,layer4.2.conv1,layer4.2.conv1,"(512, 2048, 1, 1)",0.08094282882666448,42,3,
resnet50_no_weights,CIFAR10,ptq,43,layer4.2.conv1,layer4.2.conv1,"(512, 2048, 1, 1)",0.10015632261178996,43,3,
resnet50_no_weights,CIFAR10,ptq,44,layer4.2.conv1,layer4.2.conv1,"(512, 2048, 1, 1)",0.12861263438720594,44,3,
resnet50_no_weights,CIFAR10,ptq,"42,43,44",layer4.2.conv1,layer4.2.conv1,"(512, 2048, 1, 1)",0.10323726194188679,aggregate,3,0.023983780580045348
resnet50_no_weights,CIFAR10,ptq,42,layer4.2.conv2,layer4.2.conv2,"(512, 512, 3, 3)",0.24905212701701407,42,3,
resnet50_no_weights,CIFAR10,ptq,43,layer4.2.conv2,layer4.2.conv2,"(512, 512, 3, 3)",0.24400130612775683,43,3,
resnet50_no_weights,CIFAR10,ptq,44,layer4.2.conv2,layer4.2.conv2,"(512, 512, 3, 3)",0.28322738632559774,44,3,
resnet50_no_weights,CIFAR10,ptq,"42,43,44",layer4.2.conv2,layer4.2.conv2,"(512, 512, 3, 3)",0.25876027315678957,aggregate,3,0.02133910537078089
resnet50_no_weights,CIFAR10,ptq,42,layer4.2.conv3,layer4.2.conv3,"(2048, 512, 1, 1)",0.1258225301798019,42,3,
resnet50_no_weights,CIFAR10,ptq,43,layer4.2.conv3,layer4.2.conv3,"(2048, 512, 1, 1)",0.1307596182732871,43,3,
resnet50_no_weights,CIFAR10,ptq,44,layer4.2.conv3,layer4.2.conv3,"(2048, 512, 1, 1)",0.1501705057564236,44,3,
resnet50_no_weights,CIFAR10,ptq,"42,43,44",layer4.2.conv3,layer4.2.conv3,"(2048, 512, 1, 1)",0.13558421806983753,aggregate,3,0.012871035353365999
resnet50_no_weights,CIFAR10,ptq,42,fc,fc,"(10, 2048)",21.908493041992188,42,3,
resnet50_no_weights,CIFAR10,ptq,43,fc,fc,"(10, 2048)",39.10927757463957,43,3,
resnet50_no_weights,CIFAR10,ptq,44,fc,fc,"(10, 2048)",29.281224900600957,44,3,
resnet50_no_weights,CIFAR10,ptq,"42,43,44",fc,fc,"(10, 2048)",30.099665172410905,aggregate,3,8.629549843041097
resnet50_no_weights,CIFAR10,fp32_fused,42,conv1,conv1,"(64, 3, 3, 3)",208.22707728335732,42,3,
resnet50_no_weights,CIFAR10,fp32_fused,43,conv1,conv1,"(64, 3, 3, 3)",195.94171985826995,43,3,
resnet50_no_weights,CIFAR10,fp32_fused,44,conv1,conv1,"(64, 3, 3, 3)",197.43720726739792,44,3,
resnet50_no_weights,CIFAR10,fp32_fused,"42,43,44",conv1,conv1,"(64, 3, 3, 3)",200.5353348030084,aggregate,3,6.703081189700614
resnet50_no_weights,CIFAR10,fp32_fused,42,layer1.0.conv1,layer1.0.conv1,"(64, 64, 1, 1)",3.427598466475805,42,3,
resnet50_no_weights,CIFAR10,fp32_fused,43,layer1.0.conv1,layer1.0.conv1,"(64, 64, 1, 1)",3.6745889054404364,43,3,
resnet50_no_weights,CIFAR10,fp32_fused,44,layer1.0.conv1,layer1.0.conv1,"(64, 64, 1, 1)",3.644226199196231,44,3,
resnet50_no_weights,CIFAR10,fp32_fused,"42,43,44",layer1.0.conv1,layer1.0.conv1,"(64, 64, 1, 1)",3.5821378570374907,aggregate,3,0.13469332169413947
resnet50_no_weights,CIFAR10,fp32_fused,42,layer1.0.conv2,layer1.0.conv2,"(64, 64, 3, 3)",6.852666391645159,42,3,
resnet50_no_weights,CIFAR10,fp32_fused,43,layer1.0.conv2,layer1.0.conv2,"(64, 64, 3, 3)",6.43260395526886,43,3,
resnet50_no_weights,CIFAR10,fp32_fused,44,layer1.0.conv2,layer1.0.conv2,"(64, 64, 3, 3)",7.040265704646255,44,3,
resnet50_no_weights,CIFAR10,fp32_fused,"42,43,44",layer1.0.conv2,layer1.0.conv2,"(64, 64, 3, 3)",6.775178683853425,aggregate,3,0.3111534333061616
resnet50_no_weights,CIFAR10,fp32_fused,42,layer1.0.conv3,layer1.0.conv3,"(256, 64, 1, 1)",2.7844950521693512,42,3,
resnet50_no_weights,CIFAR10,fp32_fused,43,layer1.0.conv3,layer1.0.conv3,"(256, 64, 1, 1)",2.595253348350525,43,3,
resnet50_no_weights,CIFAR10,fp32_fused,44,layer1.0.conv3,layer1.0.conv3,"(256, 64, 1, 1)",2.9192232796640107,44,3,
resnet50_no_weights,CIFAR10,fp32_fused,"42,43,44",layer1.0.conv3,layer1.0.conv3,"(256, 64, 1, 1)",2.766323893394629,aggregate,3,0.16274757250794344
resnet50_no_weights,CIFAR10,fp32_fused,42,layer1.0.downsample.0,layer1.0.downsample.0,"(256, 64, 1, 1)",7.54302122252328,42,3,
resnet50_no_weights,CIFAR10,fp32_fused,43,layer1.0.downsample.0,layer1.0.downsample.0,"(256, 64, 1, 1)",6.491919732484662,43,3,
resnet50_no_weights,CIFAR10,fp32_fused,44,layer1.0.downsample.0,layer1.0.downsample.0,"(256, 64, 1, 1)",6.150830838415358,44,3,
resnet50_no_weights,CIFAR10,fp32_fused,"42,43,44",layer1.0.downsample.0,layer1.0.downsample.0,"(256, 64, 1, 1)",6.7285905978077665,aggregate,3,0.7256433974551355
resnet50_no_weights,CIFAR10,fp32_fused,42,layer1.1.conv1,layer1.1.conv1,"(64, 256, 1, 1)",7.17238850471301,42,3,
resnet50_no_weights,CIFAR10,fp32_fused,43,layer1.1.conv1,layer1.1.conv1,"(64, 256, 1, 1)",5.3539206981658936,43,3,
resnet50_no_weights,CIFAR10,fp32_fused,44,layer1.1.conv1,layer1.1.conv1,"(64, 256, 1, 1)",7.911580006281535,44,3,
resnet50_no_weights,CIFAR10,fp32_fused,"42,43,44",layer1.1.conv1,layer1.1.conv1,"(64, 256, 1, 1)",6.812629736386813,aggregate,3,1.3162351851543599
resnet50_no_weights,CIFAR10,fp32_fused,42,layer1.1.conv2,layer1.1.conv2,"(64, 64, 3, 3)",5.263547897338867,42,3,
resnet50_no_weights,CIFAR10,fp32_fused,43,layer1.1.conv2,layer1.1.conv2,"(64, 64, 3, 3)",5.544606270613493,43,3,
resnet50_no_weights,CIFAR10,fp32_fused,44,layer1.1.conv2,layer1.1.conv2,"(64, 64, 3, 3)",6.679788569186596,44,3,
resnet50_no_weights,CIFAR10,fp32_fused,"42,43,44",layer1.1.conv2,layer1.1.conv2,"(64, 64, 3, 3)",5.829314245712985,aggregate,3,0.749818900443878
resnet50_no_weights,CIFAR10,fp32_fused,42,layer1.1.conv3,layer1.1.conv3,"(256, 64, 1, 1)",2.5474192226926484,42,3,
resnet50_no_weights,CIFAR10,fp32_fused,43,layer1.1.conv3,layer1.1.conv3,"(256, 64, 1, 1)",2.343434483715982,43,3,
resnet50_no_weights,CIFAR10,fp32_fused,44,layer1.1.conv3,layer1.1.conv3,"(256, 64, 1, 1)",2.424100548028946,44,3,
resnet50_no_weights,CIFAR10,fp32_fused,"42,43,44",layer1.1.conv3,layer1.1.conv3,"(256, 64, 1, 1)",2.4383180848125257,aggregate,3,0.10273289248331809
resnet50_no_weights,CIFAR10,fp32_fused,42,layer1.2.conv1,layer1.2.conv1,"(64, 256, 1, 1)",11.402788999604017,42,3,
resnet50_no_weights,CIFAR10,fp32_fused,43,layer1.2.conv1,layer1.2.conv1,"(64, 256, 1, 1)",12.886448718883374,43,3,
resnet50_no_weights,CIFAR10,fp32_fused,44,layer1.2.conv1,layer1.2.conv1,"(64, 256, 1, 1)",11.249375800291697,44,3,
resnet50_no_weights,CIFAR10,fp32_fused,"42,43,44",layer1.2.conv1,layer1.2.conv1,"(64, 256, 1, 1)",11.846204506259696,aggregate,3,0.9041376658748392
resnet50_no_weights,CIFAR10,fp32_fused,42,layer1.2.conv2,layer1.2.conv2,"(64, 64, 3, 3)",15.887180271148681,42,3,
resnet50_no_weights,CIFAR10,fp32_fused,43,layer1.2.conv2,layer1.2.conv2,"(64, 64, 3, 3)",19.118891976096414,43,3,
resnet50_no_weights,CIFAR10,fp32_fused,44,layer1.2.conv2,layer1.2.conv2,"(64, 64, 3, 3)",15.028849363327026,44,3,
resnet50_no_weights,CIFAR10,fp32_fused,"42,43,44",layer1.2.conv2,layer1.2.conv2,"(64, 64, 3, 3)",16.678307203524042,aggregate,3,2.1567390919892455
resnet50_no_weights,CIFAR10,fp32_fused,42,layer1.2.conv3,layer1.2.conv3,"(256, 64, 1, 1)",4.254278714840229,42,3,
resnet50_no_weights,CIFAR10,fp32_fused,43,layer1.2.conv3,layer1.2.conv3,"(256, 64, 1, 1)",5.490859889984131,43,3,
resnet50_no_weights,CIFAR10,fp32_fused,44,layer1.2.conv3,layer1.2.conv3,"(256, 64, 1, 1)",5.010548257827759,44,3,
resnet50_no_weights,CIFAR10,fp32_fused,"42,43,44",layer1.2.conv3,layer1.2.conv3,"(256, 64, 1, 1)",4.9185622875507065,aggregate,3,0.6234014073820549
resnet50_no_weights,CIFAR10,fp32_fused,42,layer2.0.conv1,layer2.0.conv1,"(128, 256, 1, 1)",33.20460967456593,42,3,
resnet50_no_weights,CIFAR10,fp32_fused,43,layer2.0.conv1,layer2.0.conv1,"(128, 256, 1, 1)",42.765860345628525,43,3,
resnet50_no_weights,CIFAR10,fp32_fused,44,layer2.0.conv1,layer2.0.conv1,"(128, 256, 1, 1)",44.99215183939253,44,3,
resnet50_no_weights,CIFAR10,fp32_fused,"42,43,44",layer2.0.conv1,layer2.0.conv1,"(128, 256, 1, 1)",40.32087395319566,aggregate,3,6.262587837010961
resnet50_no_weights,CIFAR10,fp32_fused,42,layer2.0.conv2,layer2.0.conv2,"(128, 128, 3, 3)",73.38323942820232,42,3,
resnet50_no_weights,CIFAR10,fp32_fused,43,layer2.0.conv2,layer2.0.conv2,"(128, 128, 3, 3)",67.33720772606986,43,3,
resnet50_no_weights,CIFAR10,fp32_fused,44,layer2.0.conv2,layer2.0.conv2,"(128, 128, 3, 3)",73.65275279680888,44,3,
resnet50_no_weights,CIFAR10,fp32_fused,"42,43,44",layer2.0.conv2,layer2.0.conv2,"(128, 128, 3, 3)",71.45773331702702,aggregate,3,3.5710233439819516
resnet50_no_weights,CIFAR10,fp32_fused,42,layer2.0.conv3,layer2.0.conv3,"(512, 128, 1, 1)",24.6005553710155,42,3,
resnet50_no_weights,CIFAR10,fp32_fused,43,layer2.0.conv3,layer2.0.conv3,"(512, 128, 1, 1)",27.870638029915945,43,3,
resnet50_no_weights,CIFAR10,fp32_fused,44,layer2.0.conv3,layer2.0.conv3,"(512, 128, 1, 1)",27.919723538384922,44,3,
resnet50_no_weights,CIFAR10,fp32_fused,"42,43,44",layer2.0.conv3,layer2.0.conv3,"(512, 128, 1, 1)",26.796972313105456,aggregate,3,1.9023111954699368
resnet50_no_weights,CIFAR10,fp32_fused,42,layer2.0.downsample.0,layer2.0.downsample.0,"(512, 256, 1, 1)",47.256439996802285,42,3,
resnet50_no_weights,CIFAR10,fp32_fused,43,layer2.0.downsample.0,layer2.0.downsample.0,"(512, 256, 1, 1)",41.454864184061684,43,3,
resnet50_no_weights,CIFAR10,fp32_fused,44,layer2.0.downsample.0,layer2.0.downsample.0,"(512, 256, 1, 1)",35.21957893371582,44,3,
resnet50_no_weights,CIFAR10,fp32_fused,"42,43,44",layer2.0.downsample.0,layer2.0.downsample.0,"(512, 256, 1, 1)",41.310294371526595,aggregate,3,6.019732667322866
resnet50_no_weights,CIFAR10,fp32_fused,42,layer2.1.conv1,layer2.1.conv1,"(128, 512, 1, 1)",8.181156739592552,42,3,
resnet50_no_weights,CIFAR10,fp32_fused,43,layer2.1.conv1,layer2.1.conv1,"(128, 512, 1, 1)",7.617163704662788,43,3,
resnet50_no_weights,CIFAR10,fp32_fused,44,layer2.1.conv1,layer2.1.conv1,"(128, 512, 1, 1)",8.798568427562714,44,3,
resnet50_no_weights,CIFAR10,fp32_fused,"42,43,44",layer2.1.conv1,layer2.1.conv1,"(128, 512, 1, 1)",8.198962957272684,aggregate,3,0.5909036096214141
resnet50_no_weights,CIFAR10,fp32_fused,42,layer2.1.conv2,layer2.1.conv2,"(128, 128, 3, 3)",8.660645915911747,42,3,
resnet50_no_weights,CIFAR10,fp32_fused,43,layer2.1.conv2,layer2.1.conv2,"(128, 128, 3, 3)",7.852037502547442,43,3,
resnet50_no_weights,CIFAR10,fp32_fused,44,layer2.1.conv2,layer2.1.conv2,"(128, 128, 3, 3)",8.219370822906495,44,3,
resnet50_no_weights,CIFAR10,fp32_fused,"42,43,44",layer2.1.conv2,layer2.1.conv2,"(128, 128, 3, 3)",8.244018080455227,aggregate,3,0.40486727086711993
resnet50_no_weights,CIFAR10,fp32_fused,42,layer2.1.conv3,layer2.1.conv3,"(512, 128, 1, 1)",5.117301146189372,42,3,
resnet50_no_weights,CIFAR10,fp32_fused,43,layer2.1.conv3,layer2.1.conv3,"(512, 128, 1, 1)",9.993877708911896,43,3,
resnet50_no_weights,CIFAR10,fp32_fused,44,layer2.1.conv3,layer2.1.conv3,"(512, 128, 1, 1)",8.449053974151612,44,3,
resnet50_no_weights,CIFAR10,fp32_fused,"42,43,44",layer2.1.conv3,layer2.1.conv3,"(512, 128, 1, 1)",7.8534109430842935,aggregate,3,2.4922565494683635
resnet50_no_weights,CIFAR10,fp32_fused,42,layer2.2.conv1,layer2.2.conv1,"(128, 512, 1, 1)",8.321836934899384,42,3,
resnet50_no_weights,CIFAR10,fp32_fused,43,layer2.2.conv1,layer2.2.conv1,"(128, 512, 1, 1)",9.772517262278376,43,3,
resnet50_no_weights,CIFAR10,fp32_fused,44,layer2.2.conv1,layer2.2.conv1,"(128, 512, 1, 1)",9.672077081142328,44,3,
resnet50_no_weights,CIFAR10,fp32_fused,"42,43,44",layer2.2.conv1,layer2.2.conv1,"(128, 512, 1, 1)",9.255477092773363,aggregate,3,0.8101141992292639
resnet50_no_weights,CIFAR10,fp32_fused,42,layer2.2.conv2,layer2.2.conv2,"(128, 128, 3, 3)",6.959795243399483,42,3,
resnet50_no_weights,CIFAR10,fp32_fused,43,layer2.2.conv2,layer2.2.conv2,"(128, 128, 3, 3)",6.9394354603507304,43,3,
resnet50_no_weights,CIFAR10,fp32_fused,44,layer2.2.conv2,layer2.2.conv2,"(128, 128, 3, 3)",6.176048853818108,44,3,
resnet50_no_weights,CIFAR10,fp32_fused,"42,43,44",layer2.2.conv2,layer2.2.conv2,"(128, 128, 3, 3)",6.691759852522774,aggregate,3,0.4467348271963703
resnet50_no_weights,CIFAR10,fp32_fused,42,layer2.2.conv3,layer2.2.conv3,"(512, 128, 1, 1)",6.557135277324253,42,3,
resnet50_no_weights,CIFAR10,fp32_fused,43,layer2.2.conv3,layer2.2.conv3,"(512, 128, 1, 1)",7.920527664820353,43,3,
resnet50_no_weights,CIFAR10,fp32_fused,44,layer2.2.conv3,layer2.2.conv3,"(512, 128, 1, 1)",7.625292627016703,44,3,
resnet50_no_weights,CIFAR10,fp32_fused,"42,43,44",layer2.2.conv3,layer2.2.conv3,"(512, 128, 1, 1)",7.367651856387103,aggregate,3,0.7172822147443361
resnet50_no_weights,CIFAR10,fp32_fused,42,layer2.3.conv1,layer2.3.conv1,"(128, 512, 1, 1)",10.280582708470961,42,3,
resnet50_no_weights,CIFAR10,fp32_fused,43,layer2.3.conv1,layer2.3.conv1,"(128, 512, 1, 1)",14.422122907638549,43,3,
resnet50_no_weights,CIFAR10,fp32_fused,44,layer2.3.conv1,layer2.3.conv1,"(128, 512, 1, 1)",14.361158227920532,44,3,
resnet50_no_weights,CIFAR10,fp32_fused,"42,43,44",layer2.3.conv1,layer2.3.conv1,"(128, 512, 1, 1)",13.021287948010015,aggregate,3,2.3737160909786357
resnet50_no_weights,CIFAR10,fp32_fused,42,layer2.3.conv2,layer2.3.conv2,"(128, 128, 3, 3)",15.046777992248535,42,3,
resnet50_no_weights,CIFAR10,fp32_fused,43,layer2.3.conv2,layer2.3.conv2,"(128, 128, 3, 3)",13.00622272491455,43,3,
resnet50_no_weights,CIFAR10,fp32_fused,44,layer2.3.conv2,layer2.3.conv2,"(128, 128, 3, 3)",13.201217284569374,44,3,
resnet50_no_weights,CIFAR10,fp32_fused,"42,43,44",layer2.3.conv2,layer2.3.conv2,"(128, 128, 3, 3)",13.751406000577486,aggregate,3,1.1260538029677392
resnet50_no_weights,CIFAR10,fp32_fused,42,layer2.3.conv3,layer2.3.conv3,"(512, 128, 1, 1)",8.086057046364093,42,3,
resnet50_no_weights,CIFAR10,fp32_fused,43,layer2.3.conv3,layer2.3.conv3,"(512, 128, 1, 1)",8.727907299995422,43,3,
resnet50_no_weights,CIFAR10,fp32_fused,44,layer2.3.conv3,layer2.3.conv3,"(512, 128, 1, 1)",8.59647512435913,44,3,
resnet50_no_weights,CIFAR10,fp32_fused,"42,43,44",layer2.3.conv3,layer2.3.conv3,"(512, 128, 1, 1)",8.470146490239548,aggregate,3,0.3390606580990189
resnet50_no_weights,CIFAR10,fp32_fused,42,layer3.0.conv1,layer3.0.conv1,"(256, 512, 1, 1)",112.28495941162109,42,3,
resnet50_no_weights,CIFAR10,fp32_fused,43,layer3.0.conv1,layer3.0.conv1,"(256, 512, 1, 1)",86.807666015625,43,3,
resnet50_no_weights,CIFAR10,fp32_fused,44,layer3.0.conv1,layer3.0.conv1,"(256, 512, 1, 1)",84.24787243929777,44,3,
resnet50_no_weights,CIFAR10,fp32_fused,"42,43,44",layer3.0.conv1,layer3.0.conv1,"(256, 512, 1, 1)",94.44683262218129,aggregate,3,15.501200318215652
resnet50_no_weights,CIFAR10,fp32_fused,42,layer3.0.conv2,layer3.0.conv2,"(256, 256, 3, 3)",65.33849767911232,42,3,
resnet50_no_weights,CIFAR10,fp32_fused,43,layer3.0.conv2,layer3.0.conv2,"(256, 256, 3, 3)",77.01241726345486,43,3,
resnet50_no_weights,CIFAR10,fp32_fused,44,layer3.0.conv2,layer3.0.conv2,"(256, 256, 3, 3)",80.77499071756999,44,3,
resnet50_no_weights,CIFAR10,fp32_fused,"42,43,44",layer3.0.conv2,layer3.0.conv2,"(256, 256, 3, 3)",74.37530188671239,aggregate,3,8.049044195696574
resnet50_no_weights,CIFAR10,fp32_fused,42,layer3.0.conv3,layer3.0.conv3,"(1024, 256, 1, 1)",29.871902741326227,42,3,
resnet50_no_weights,CIFAR10,fp32_fused,43,layer3.0.conv3,layer3.0.conv3,"(1024, 256, 1, 1)",29.22575894108525,43,3,
resnet50_no_weights,CIFAR10,fp32_fused,44,layer3.0.conv3,layer3.0.conv3,"(1024, 256, 1, 1)",29.744792545542996,44,3,
resnet50_no_weights,CIFAR10,fp32_fused,"42,43,44",layer3.0.conv3,layer3.0.conv3,"(1024, 256, 1, 1)",29.614151409318158,aggregate,3,0.3423094835131664
resnet50_no_weights,CIFAR10,fp32_fused,42,layer3.0.downsample.0,layer3.0.downsample.0,"(1024, 512, 1, 1)",37.33454782822553,42,3,
resnet50_no_weights,CIFAR10,fp32_fused,43,layer3.0.downsample.0,layer3.0.downsample.0,"(1024, 512, 1, 1)",37.649431970384384,43,3,
resnet50_no_weights,CIFAR10,fp32_fused,44,layer3.0.downsample.0,layer3.0.downsample.0,"(1024, 512, 1, 1)",35.66397948492141,44,3,
resnet50_no_weights,CIFAR10,fp32_fused,"42,43,44",layer3.0.downsample.0,layer3.0.downsample.0,"(1024, 512, 1, 1)",36.882653094510445,aggregate,3,1.0670810797579282
resnet50_no_weights,CIFAR10,fp32_fused,42,layer3.1.conv1,layer3.1.conv1,"(256, 1024, 1, 1)",16.46972318796011,42,3,
resnet50_no_weights,CIFAR10,fp32_fused,43,layer3.1.conv1,layer3.1.conv1,"(256, 1024, 1, 1)",14.855252981185913,43,3,
resnet50_no_weights,CIFAR10,fp32_fused,44,layer3.1.conv1,layer3.1.conv1,"(256, 1024, 1, 1)",14.143410110473633,44,3,
resnet50_no_weights,CIFAR10,fp32_fused,"42,43,44",layer3.1.conv1,layer3.1.conv1,"(256, 1024, 1, 1)",15.15612875987322,aggregate,3,1.1919848192286973
resnet50_no_weights,CIFAR10,fp32_fused,42,layer3.1.conv2,layer3.1.conv2,"(256, 256, 3, 3)",20.745445641604338,42,3,
resnet50_no_weights,CIFAR10,fp32_fused,43,layer3.1.conv2,layer3.1.conv2,"(256, 256, 3, 3)",20.548005544222317,43,3,
resnet50_no_weights,CIFAR10,fp32_fused,44,layer3.1.conv2,layer3.1.conv2,"(256, 256, 3, 3)",19.945598193577357,44,3,
resnet50_no_weights,CIFAR10,fp32_fused,"42,43,44",layer3.1.conv2,layer3.1.conv2,"(256, 256, 3, 3)",20.413016459801337,aggregate,3,0.41665996293552027
resnet50_no_weights,CIFAR10,fp32_fused,42,layer3.1.conv3,layer3.1.conv3,"(1024, 256, 1, 1)",15.131455156538221,42,3,
resnet50_no_weights,CIFAR10,fp32_fused,43,layer3.1.conv3,layer3.1.conv3,"(1024, 256, 1, 1)",12.794870035988945,43,3,
resnet50_no_weights,CIFAR10,fp32_fused,44,layer3.1.conv3,layer3.1.conv3,"(1024, 256, 1, 1)",12.860698625776504,44,3,
resnet50_no_weights,CIFAR10,fp32_fused,"42,43,44",layer3.1.conv3,layer3.1.conv3,"(1024, 256, 1, 1)",13.595674606101223,aggregate,3,1.330432176074294
resnet50_no_weights,CIFAR10,fp32_fused,42,layer3.2.conv1,layer3.2.conv1,"(256, 1024, 1, 1)",24.302571837966507,42,3,
resnet50_no_weights,CIFAR10,fp32_fused,43,layer3.2.conv1,layer3.2.conv1,"(256, 1024, 1, 1)",31.732605361938475,43,3,
resnet50_no_weights,CIFAR10,fp32_fused,44,layer3.2.conv1,layer3.2.conv1,"(256, 1024, 1, 1)",23.73216724395752,44,3,
resnet50_no_weights,CIFAR10,fp32_fused,"42,43,44",layer3.2.conv1,layer3.2.conv1,"(256, 1024, 1, 1)",26.589114814620835,aggregate,3,4.463514490620153
resnet50_no_weights,CIFAR10,fp32_fused,42,layer3.2.conv2,layer3.2.conv2,"(256, 256, 3, 3)",19.885510087013245,42,3,
resnet50_no_weights,CIFAR10,fp32_fused,43,layer3.2.conv2,layer3.2.conv2,"(256, 256, 3, 3)",20.050130712574926,43,3,
resnet50_no_weights,CIFAR10,fp32_fused,44,layer3.2.conv2,layer3.2.conv2,"(256, 256, 3, 3)",19.71410369873047,44,3,
resnet50_no_weights,CIFAR10,fp32_fused,"42,43,44",layer3.2.conv2,layer3.2.conv2,"(256, 256, 3, 3)",19.883248166106213,aggregate,3,0.16802492589776102
resnet50_no_weights,CIFAR10,fp32_fused,42,layer3.2.conv3,layer3.2.conv3,"(1024, 256, 1, 1)",13.365804328474887,42,3,
resnet50_no_weights,CIFAR10,fp32_fused,43,layer3.2.conv3,layer3.2.conv3,"(1024, 256, 1, 1)",11.792098218744451,43,3,
resnet50_no_weights,CIFAR10,fp32_fused,44,layer3.2.conv3,layer3.2.conv3,"(1024, 256, 1, 1)",13.30928660929203,44,3,
resnet50_no_weights,CIFAR10,fp32_fused,"42,43,44",layer3.2.conv3,layer3.2.conv3,"(1024, 256, 1, 1)",12.82239638550379,aggregate,3,0.8927117661743617
resnet50_no_weights,CIFAR10,fp32_fused,42,layer3.3.conv1,layer3.3.conv1,"(256, 1024, 1, 1)",45.77843647468381,42,3,
resnet50_no_weights,CIFAR10,fp32_fused,43,layer3.3.conv1,layer3.3.conv1,"(256, 1024, 1, 1)",50.387478319803876,43,3,
resnet50_no_weights,CIFAR10,fp32_fused,44,layer3.3.conv1,layer3.3.conv1,"(256, 1024, 1, 1)",45.445322934318995,44,3,
resnet50_no_weights,CIFAR10,fp32_fused,"42,43,44",layer3.3.conv1,layer3.3.conv1,"(256, 1024, 1, 1)",47.203745909602226,aggregate,3,2.762219253158572
resnet50_no_weights,CIFAR10,fp32_fused,42,layer3.3.conv2,layer3.3.conv2,"(256, 256, 3, 3)",31.65717468261719,42,3,
resnet50_no_weights,CIFAR10,fp32_fused,43,layer3.3.conv2,layer3.3.conv2,"(256, 256, 3, 3)",32.75514282499041,43,3,
resnet50_no_weights,CIFAR10,fp32_fused,44,layer3.3.conv2,layer3.3.conv2,"(256, 256, 3, 3)",31.36024789552431,44,3,
resnet50_no_weights,CIFAR10,fp32_fused,"42,43,44",layer3.3.conv2,layer3.3.conv2,"(256, 256, 3, 3)",31.924188467710636,aggregate,3,0.7347824420432244
resnet50_no_weights,CIFAR10,fp32_fused,42,layer3.3.conv3,layer3.3.conv3,"(1024, 256, 1, 1)",15.882932233810426,42,3,
resnet50_no_weights,CIFAR10,fp32_fused,43,layer3.3.conv3,layer3.3.conv3,"(1024, 256, 1, 1)",21.257495307922362,43,3,
resnet50_no_weights,CIFAR10,fp32_fused,44,layer3.3.conv3,layer3.3.conv3,"(1024, 256, 1, 1)",14.35954076051712,44,3,
resnet50_no_weights,CIFAR10,fp32_fused,"42,43,44",layer3.3.conv3,layer3.3.conv3,"(1024, 256, 1, 1)",17.166656100749968,aggregate,3,3.6237279781227816
resnet50_no_weights,CIFAR10,fp32_fused,42,layer3.4.conv1,layer3.4.conv1,"(256, 1024, 1, 1)",59.41050073078701,42,3,
resnet50_no_weights,CIFAR10,fp32_fused,43,layer3.4.conv1,layer3.4.conv1,"(256, 1024, 1, 1)",59.27723451094194,43,3,
resnet50_no_weights,CIFAR10,fp32_fused,44,layer3.4.conv1,layer3.4.conv1,"(256, 1024, 1, 1)",54.250511371728145,44,3,
resnet50_no_weights,CIFAR10,fp32_fused,"42,43,44",layer3.4.conv1,layer3.4.conv1,"(256, 1024, 1, 1)",57.646082204485694,aggregate,3,2.9414054347443006
resnet50_no_weights,CIFAR10,fp32_fused,42,layer3.4.conv2,layer3.4.conv2,"(256, 256, 3, 3)",19.524420906515683,42,3,
resnet50_no_weights,CIFAR10,fp32_fused,43,layer3.4.conv2,layer3.4.conv2,"(256, 256, 3, 3)",19.95153444784659,43,3,
resnet50_no_weights,CIFAR10,fp32_fused,44,layer3.4.conv2,layer3.4.conv2,"(256, 256, 3, 3)",14.8566845258077,44,3,
resnet50_no_weights,CIFAR10,fp32_fused,"42,43,44",layer3.4.conv2,layer3.4.conv2,"(256, 256, 3, 3)",18.110879960056657,aggregate,3,2.8262957094954047
resnet50_no_weights,CIFAR10,fp32_fused,42,layer3.4.conv3,layer3.4.conv3,"(1024, 256, 1, 1)",15.798638170415705,42,3,
resnet50_no_weights,CIFAR10,fp32_fused,43,layer3.4.conv3,layer3.4.conv3,"(1024, 256, 1, 1)",14.398040771484375,43,3,
resnet50_no_weights,CIFAR10,fp32_fused,44,layer3.4.conv3,layer3.4.conv3,"(1024, 256, 1, 1)",15.707915592193604,44,3,
resnet50_no_weights,CIFAR10,fp32_fused,"42,43,44",layer3.4.conv3,layer3.4.conv3,"(1024, 256, 1, 1)",15.301531511364562,aggregate,3,0.783759710840479
resnet50_no_weights,CIFAR10,fp32_fused,42,layer3.5.conv1,layer3.5.conv1,"(256, 1024, 1, 1)",52.20653892965878,42,3,
resnet50_no_weights,CIFAR10,fp32_fused,43,layer3.5.conv1,layer3.5.conv1,"(256, 1024, 1, 1)",52.366302808125816,43,3,
resnet50_no_weights,CIFAR10,fp32_fused,44,layer3.5.conv1,layer3.5.conv1,"(256, 1024, 1, 1)",52.92043462006942,44,3,
resnet50_no_weights,CIFAR10,fp32_fused,"42,43,44",layer3.5.conv1,layer3.5.conv1,"(256, 1024, 1, 1)",52.49775878595134,aggregate,3,0.37466287483052146
resnet50_no_weights,CIFAR10,fp32_fused,42,layer3.5.conv2,layer3.5.conv2,"(256, 256, 3, 3)",7.674118936061859,42,3,
resnet50_no_weights,CIFAR10,fp32_fused,43,layer3.5.conv2,layer3.5.conv2,"(256, 256, 3, 3)",6.919284200668335,43,3,
resnet50_no_weights,CIFAR10,fp32_fused,44,layer3.5.conv2,layer3.5.conv2,"(256, 256, 3, 3)",8.130552630675467,44,3,
resnet50_no_weights,CIFAR10,fp32_fused,"42,43,44",layer3.5.conv2,layer3.5.conv2,"(256, 256, 3, 3)",7.574651922468553,aggregate,3,0.6117295705439325
resnet50_no_weights,CIFAR10,fp32_fused,42,layer3.5.conv3,layer3.5.conv3,"(1024, 256, 1, 1)",6.90551369530814,42,3,
resnet50_no_weights,CIFAR10,fp32_fused,43,layer3.5.conv3,layer3.5.conv3,"(1024, 256, 1, 1)",6.210436889103481,43,3,
resnet50_no_weights,CIFAR10,fp32_fused,44,layer3.5.conv3,layer3.5.conv3,"(1024, 256, 1, 1)",7.220791427712691,44,3,
resnet50_no_weights,CIFAR10,fp32_fused,"42,43,44",layer3.5.conv3,layer3.5.conv3,"(1024, 256, 1, 1)",6.778914004041438,aggregate,3,0.5169377958649143
resnet50_no_weights,CIFAR10,fp32_fused,42,layer4.0.conv1,layer4.0.conv1,"(512, 1024, 1, 1)",54.1025349112118,42,3,
resnet50_no_weights,CIFAR10,fp32_fused,43,layer4.0.conv1,layer4.0.conv1,"(512, 1024, 1, 1)",64.9246173657869,43,3,
resnet50_no_weights,CIFAR10,fp32_fused,44,layer4.0.conv1,layer4.0.conv1,"(512, 1024, 1, 1)",57.181961907280815,44,3,
resnet50_no_weights,CIFAR10,fp32_fused,"42,43,44",layer4.0.conv1,layer4.0.conv1,"(512, 1024, 1, 1)",58.736371394759836,aggregate,3,5.575976040522338
resnet50_no_weights,CIFAR10,fp32_fused,42,layer4.0.conv2,layer4.0.conv2,"(512, 512, 3, 3)",15.440862451280866,42,3,
resnet50_no_weights,CIFAR10,fp32_fused,43,layer4.0.conv2,layer4.0.conv2,"(512, 512, 3, 3)",13.811765564812553,43,3,
resnet50_no_weights,CIFAR10,fp32_fused,44,layer4.0.conv2,layer4.0.conv2,"(512, 512, 3, 3)",14.178120803833007,44,3,
resnet50_no_weights,CIFAR10,fp32_fused,"42,43,44",layer4.0.conv2,layer4.0.conv2,"(512, 512, 3, 3)",14.47691627330881,aggregate,3,0.8546626327444276
resnet50_no_weights,CIFAR10,fp32_fused,42,layer4.0.conv3,layer4.0.conv3,"(2048, 512, 1, 1)",11.701483458280563,42,3,
resnet50_no_weights,CIFAR10,fp32_fused,43,layer4.0.conv3,layer4.0.conv3,"(2048, 512, 1, 1)",11.47108994760821,43,3,
resnet50_no_weights,CIFAR10,fp32_fused,44,layer4.0.conv3,layer4.0.conv3,"(2048, 512, 1, 1)",11.619645496894574,44,3,
resnet50_no_weights,CIFAR10,fp32_fused,"42,43,44",layer4.0.conv3,layer4.0.conv3,"(2048, 512, 1, 1)",11.597406300927782,aggregate,3,0.11679567122937387
resnet50_no_weights,CIFAR10,fp32_fused,42,layer4.0.downsample.0,layer4.0.downsample.0,"(2048, 1024, 1, 1)",82.11482756478446,42,3,
resnet50_no_weights,CIFAR10,fp32_fused,43,layer4.0.downsample.0,layer4.0.downsample.0,"(2048, 1024, 1, 1)",85.25832412356422,43,3,
resnet50_no_weights,CIFAR10,fp32_fused,44,layer4.0.downsample.0,layer4.0.downsample.0,"(2048, 1024, 1, 1)",75.43169314066569,44,3,
resnet50_no_weights,CIFAR10,fp32_fused,"42,43,44",layer4.0.downsample.0,layer4.0.downsample.0,"(2048, 1024, 1, 1)",80.93494827633812,aggregate,3,5.018441537967124
resnet50_no_weights,CIFAR10,fp32_fused,42,layer4.1.conv1,layer4.1.conv1,"(512, 2048, 1, 1)",35.3420824432373,42,3,
resnet50_no_weights,CIFAR10,fp32_fused,43,layer4.1.conv1,layer4.1.conv1,"(512, 2048, 1, 1)",34.87668025493622,43,3,
resnet50_no_weights,CIFAR10,fp32_fused,44,layer4.1.conv1,layer4.1.conv1,"(512, 2048, 1, 1)",32.12000510271858,44,3,
resnet50_no_weights,CIFAR10,fp32_fused,"42,43,44",layer4.1.conv1,layer4.1.conv1,"(512, 2048, 1, 1)",34.11292260029737,aggregate,3,1.7415337818531202
resnet50_no_weights,CIFAR10,fp32_fused,42,layer4.1.conv2,layer4.1.conv2,"(512, 512, 3, 3)",89.72786254882813,42,3,
resnet50_no_weights,CIFAR10,fp32_fused,43,layer4.1.conv2,layer4.1.conv2,"(512, 512, 3, 3)",97.41782633463542,43,3,
resnet50_no_weights,CIFAR10,fp32_fused,44,layer4.1.conv2,layer4.1.conv2,"(512, 512, 3, 3)",98.54958506992885,44,3,
resnet50_no_weights,CIFAR10,fp32_fused,"42,43,44",layer4.1.conv2,layer4.1.conv2,"(512, 512, 3, 3)",95.23175798446414,aggregate,3,4.799986269099048
resnet50_no_weights,CIFAR10,fp32_fused,42,layer4.1.conv3,layer4.1.conv3,"(2048, 512, 1, 1)",20.191325021826703,42,3,
resnet50_no_weights,CIFAR10,fp32_fused,43,layer4.1.conv3,layer4.1.conv3,"(2048, 512, 1, 1)",21.040721524146296,43,3,
resnet50_no_weights,CIFAR10,fp32_fused,44,layer4.1.conv3,layer4.1.conv3,"(2048, 512, 1, 1)",19.98629408616286,44,3,
resnet50_no_weights,CIFAR10,fp32_fused,"42,43,44",layer4.1.conv3,layer4.1.conv3,"(2048, 512, 1, 1)",20.406113544045287,aggregate,3,0.5590660850478321
resnet50_no_weights,CIFAR10,fp32_fused,42,layer4.2.conv1,layer4.2.conv1,"(512, 2048, 1, 1)",39.63868758791969,42,3,
resnet50_no_weights,CIFAR10,fp32_fused,43,layer4.2.conv1,layer4.2.conv1,"(512, 2048, 1, 1)",39.47549021244049,43,3,
resnet50_no_weights,CIFAR10,fp32_fused,44,layer4.2.conv1,layer4.2.conv1,"(512, 2048, 1, 1)",32.9742194866312,44,3,
resnet50_no_weights,CIFAR10,fp32_fused,"42,43,44",layer4.2.conv1,layer4.2.conv1,"(512, 2048, 1, 1)",37.362799095663796,aggregate,3,3.8014972819210766
resnet50_no_weights,CIFAR10,fp32_fused,42,layer4.2.conv2,layer4.2.conv2,"(512, 512, 3, 3)",11.656258046627045,42,3,
resnet50_no_weights,CIFAR10,fp32_fused,43,layer4.2.conv2,layer4.2.conv2,"(512, 512, 3, 3)",9.571651526859828,43,3,
resnet50_no_weights,CIFAR10,fp32_fused,44,layer4.2.conv2,layer4.2.conv2,"(512, 512, 3, 3)",11.556854820251464,44,3,
resnet50_no_weights,CIFAR10,fp32_fused,"42,43,44",layer4.2.conv2,layer4.2.conv2,"(512, 512, 3, 3)",10.928254797912778,aggregate,3,1.1759037276185256
resnet50_no_weights,CIFAR10,fp32_fused,42,layer4.2.conv3,layer4.2.conv3,"(2048, 512, 1, 1)",5.574245121743944,42,3,
resnet50_no_weights,CIFAR10,fp32_fused,43,layer4.2.conv3,layer4.2.conv3,"(2048, 512, 1, 1)",5.806768002048615,43,3,
resnet50_no_weights,CIFAR10,fp32_fused,44,layer4.2.conv3,layer4.2.conv3,"(2048, 512, 1, 1)",5.595243960618973,44,3,
resnet50_no_weights,CIFAR10,fp32_fused,"42,43,44",layer4.2.conv3,layer4.2.conv3,"(2048, 512, 1, 1)",5.658752361470511,aggregate,3,0.12861458004571194
resnet50_no_weights,CIFAR10,fp32_fused,42,fc,fc,"(10, 2048)",5.900436115264893,42,3,
resnet50_no_weights,CIFAR10,fp32_fused,43,fc,fc,"(10, 2048)",5.403208749634879,43,3,
resnet50_no_weights,CIFAR10,fp32_fused,44,fc,fc,"(10, 2048)",5.1352909207344055,44,3,
resnet50_no_weights,CIFAR10,fp32_fused,"42,43,44",fc,fc,"(10, 2048)",5.479645261878059,aggregate,3,0.3882572568300568
resnet50_no_weights,CIFAR10,qat,42,conv1,conv1,"(64, 3, 3, 3)",98.04687089186449,42,3,
resnet50_no_weights,CIFAR10,qat,43,conv1,conv1,"(64, 3, 3, 3)",86.89974439711798,43,3,
resnet50_no_weights,CIFAR10,qat,44,conv1,conv1,"(64, 3, 3, 3)",101.71109744480678,44,3,
resnet50_no_weights,CIFAR10,qat,"42,43,44",conv1,conv1,"(64, 3, 3, 3)",95.55257091126309,aggregate,3,7.71428506543161
resnet50_no_weights,CIFAR10,qat,42,layer1.0.conv1,layer1.0.conv1,"(64, 64, 1, 1)",1.0357798502800313,42,3,
resnet50_no_weights,CIFAR10,qat,43,layer1.0.conv1,layer1.0.conv1,"(64, 64, 1, 1)",1.315329811970393,43,3,
resnet50_no_weights,CIFAR10,qat,44,layer1.0.conv1,layer1.0.conv1,"(64, 64, 1, 1)",1.189571415632963,44,3,
resnet50_no_weights,CIFAR10,qat,"42,43,44",layer1.0.conv1,layer1.0.conv1,"(64, 64, 1, 1)",1.1802270259611292,aggregate,3,0.14000904786486112
resnet50_no_weights,CIFAR10,qat,42,layer1.0.conv2,layer1.0.conv2,"(64, 64, 3, 3)",2.219613391160965,42,3,
resnet50_no_weights,CIFAR10,qat,43,layer1.0.conv2,layer1.0.conv2,"(64, 64, 3, 3)",1.8382752537727356,43,3,
resnet50_no_weights,CIFAR10,qat,44,layer1.0.conv2,layer1.0.conv2,"(64, 64, 3, 3)",2.495748656136649,44,3,
resnet50_no_weights,CIFAR10,qat,"42,43,44",layer1.0.conv2,layer1.0.conv2,"(64, 64, 3, 3)",2.1845457670234496,aggregate,3,0.33013652085308975
resnet50_no_weights,CIFAR10,qat,42,layer1.0.conv3,layer1.0.conv3,"(256, 64, 1, 1)",1.0147380124438892,42,3,
resnet50_no_weights,CIFAR10,qat,43,layer1.0.conv3,layer1.0.conv3,"(256, 64, 1, 1)",1.0077256614511663,43,3,
resnet50_no_weights,CIFAR10,qat,44,layer1.0.conv3,layer1.0.conv3,"(256, 64, 1, 1)",1.1359136678554393,44,3,
resnet50_no_weights,CIFAR10,qat,"42,43,44",layer1.0.conv3,layer1.0.conv3,"(256, 64, 1, 1)",1.0527924472501649,aggregate,3,0.07207042564599093
resnet50_no_weights,CIFAR10,qat,42,layer1.0.downsample.0,layer1.0.downsample.0,"(256, 64, 1, 1)",2.8632354806451237,42,3,
resnet50_no_weights,CIFAR10,qat,43,layer1.0.downsample.0,layer1.0.downsample.0,"(256, 64, 1, 1)",2.6378237442536787,43,3,
resnet50_no_weights,CIFAR10,qat,44,layer1.0.downsample.0,layer1.0.downsample.0,"(256, 64, 1, 1)",2.6726218834519386,44,3,
resnet50_no_weights,CIFAR10,qat,"42,43,44",layer1.0.downsample.0,layer1.0.downsample.0,"(256, 64, 1, 1)",2.724560369450247,aggregate,3,0.12134997928141118
resnet50_no_weights,CIFAR10,qat,42,layer1.1.conv1,layer1.1.conv1,"(64, 256, 1, 1)",2.2829098976575413,42,3,
resnet50_no_weights,CIFAR10,qat,43,layer1.1.conv1,layer1.1.conv1,"(64, 256, 1, 1)",2.4548764334005466,43,3,
resnet50_no_weights,CIFAR10,qat,44,layer1.1.conv1,layer1.1.conv1,"(64, 256, 1, 1)",1.7431190354483468,44,3,
resnet50_no_weights,CIFAR10,qat,"42,43,44",layer1.1.conv1,layer1.1.conv1,"(64, 256, 1, 1)",2.1603017888354783,aggregate,3,0.371381488023587
resnet50_no_weights,CIFAR10,qat,42,layer1.1.conv2,layer1.1.conv2,"(64, 64, 3, 3)",1.7774327510879153,42,3,
resnet50_no_weights,CIFAR10,qat,43,layer1.1.conv2,layer1.1.conv2,"(64, 64, 3, 3)",1.9082206241015731,43,3,
resnet50_no_weights,CIFAR10,qat,44,layer1.1.conv2,layer1.1.conv2,"(64, 64, 3, 3)",1.7314698352263524,44,3,
resnet50_no_weights,CIFAR10,qat,"42,43,44",layer1.1.conv2,layer1.1.conv2,"(64, 64, 3, 3)",1.8057077368052803,aggregate,3,0.09170505141479995
resnet50_no_weights,CIFAR10,qat,42,layer1.1.conv3,layer1.1.conv3,"(256, 64, 1, 1)",0.7168852708169392,42,3,
resnet50_no_weights,CIFAR10,qat,43,layer1.1.conv3,layer1.1.conv3,"(256, 64, 1, 1)",0.7000312030315399,43,3,
resnet50_no_weights,CIFAR10,qat,44,layer1.1.conv3,layer1.1.conv3,"(256, 64, 1, 1)",0.8224779748916626,44,3,
resnet50_no_weights,CIFAR10,qat,"42,43,44",layer1.1.conv3,layer1.1.conv3,"(256, 64, 1, 1)",0.7464648162467139,aggregate,3,0.06636652104499163
resnet50_no_weights,CIFAR10,qat,42,layer1.2.conv1,layer1.2.conv1,"(64, 256, 1, 1)",3.5327022005529964,42,3,
resnet50_no_weights,CIFAR10,qat,43,layer1.2.conv1,layer1.2.conv1,"(64, 256, 1, 1)",3.877411267031794,43,3,
resnet50_no_weights,CIFAR10,qat,44,layer1.2.conv1,layer1.2.conv1,"(64, 256, 1, 1)",3.336698459542316,44,3,
resnet50_no_weights,CIFAR10,qat,"42,43,44",layer1.2.conv1,layer1.2.conv1,"(64, 256, 1, 1)",3.5822706423757023,aggregate,3,0.2737432334585397
resnet50_no_weights,CIFAR10,qat,42,layer1.2.conv2,layer1.2.conv2,"(64, 64, 3, 3)",4.429524971091229,42,3,
resnet50_no_weights,CIFAR10,qat,43,layer1.2.conv2,layer1.2.conv2,"(64, 64, 3, 3)",3.902771304954182,43,3,
resnet50_no_weights,CIFAR10,qat,44,layer1.2.conv2,layer1.2.conv2,"(64, 64, 3, 3)",4.926732127483074,44,3,
resnet50_no_weights,CIFAR10,qat,"42,43,44",layer1.2.conv2,layer1.2.conv2,"(64, 64, 3, 3)",4.419676134509495,aggregate,3,0.5120514536694742
resnet50_no_weights,CIFAR10,qat,42,layer1.2.conv3,layer1.2.conv3,"(256, 64, 1, 1)",1.8030101609017168,42,3,
resnet50_no_weights,CIFAR10,qat,43,layer1.2.conv3,layer1.2.conv3,"(256, 64, 1, 1)",1.6267209924184358,43,3,
resnet50_no_weights,CIFAR10,qat,44,layer1.2.conv3,layer1.2.conv3,"(256, 64, 1, 1)",2.2028928666279235,44,3,
resnet50_no_weights,CIFAR10,qat,"42,43,44",layer1.2.conv3,layer1.2.conv3,"(256, 64, 1, 1)",1.8775413399826921,aggregate,3,0.29522818234192805
resnet50_no_weights,CIFAR10,qat,42,layer2.0.conv1,layer2.0.conv1,"(128, 256, 1, 1)",20.240557079583827,42,3,
resnet50_no_weights,CIFAR10,qat,43,layer2.0.conv1,layer2.0.conv1,"(128, 256, 1, 1)",14.082300859339098,43,3,
resnet50_no_weights,CIFAR10,qat,44,layer2.0.conv1,layer2.0.conv1,"(128, 256, 1, 1)",15.613421096176397,44,3,
resnet50_no_weights,CIFAR10,qat,"42,43,44",layer2.0.conv1,layer2.0.conv1,"(128, 256, 1, 1)",16.64542634503311,aggregate,3,3.2062136615947123
resnet50_no_weights,CIFAR10,qat,42,layer2.0.conv2,layer2.0.conv2,"(128, 128, 3, 3)",22.556478390928174,42,3,
resnet50_no_weights,CIFAR10,qat,43,layer2.0.conv2,layer2.0.conv2,"(128, 128, 3, 3)",21.7757289284154,43,3,
resnet50_no_weights,CIFAR10,qat,44,layer2.0.conv2,layer2.0.conv2,"(128, 128, 3, 3)",25.363261222839355,44,3,
resnet50_no_weights,CIFAR10,qat,"42,43,44",layer2.0.conv2,layer2.0.conv2,"(128, 128, 3, 3)",23.23182284739431,aggregate,3,1.8867073413869353
resnet50_no_weights,CIFAR10,qat,42,layer2.0.conv3,layer2.0.conv3,"(512, 128, 1, 1)",8.682627007365227,42,3,
resnet50_no_weights,CIFAR10,qat,43,layer2.0.conv3,layer2.0.conv3,"(512, 128, 1, 1)",10.781635224819183,43,3,
resnet50_no_weights,CIFAR10,qat,44,layer2.0.conv3,layer2.0.conv3,"(512, 128, 1, 1)",9.98704551395617,44,3,
resnet50_no_weights,CIFAR10,qat,"42,43,44",layer2.0.conv3,layer2.0.conv3,"(512, 128, 1, 1)",9.81710258204686,aggregate,3,1.0597732419316213
resnet50_no_weights,CIFAR10,qat,42,layer2.0.downsample.0,layer2.0.downsample.0,"(512, 256, 1, 1)",20.25743019580841,42,3,
resnet50_no_weights,CIFAR10,qat,43,layer2.0.downsample.0,layer2.0.downsample.0,"(512, 256, 1, 1)",19.79494912283761,43,3,
resnet50_no_weights,CIFAR10,qat,44,layer2.0.downsample.0,layer2.0.downsample.0,"(512, 256, 1, 1)",18.03635413830097,44,3,
resnet50_no_weights,CIFAR10,qat,"42,43,44",layer2.0.downsample.0,layer2.0.downsample.0,"(512, 256, 1, 1)",19.362911152315665,aggregate,3,1.1718734228950427
resnet50_no_weights,CIFAR10,qat,42,layer2.1.conv1,layer2.1.conv1,"(128, 512, 1, 1)",2.241596119744437,42,3,
resnet50_no_weights,CIFAR10,qat,43,layer2.1.conv1,layer2.1.conv1,"(128, 512, 1, 1)",2.9167828576905386,43,3,
resnet50_no_weights,CIFAR10,qat,44,layer2.1.conv1,layer2.1.conv1,"(128, 512, 1, 1)",2.397268142965105,44,3,
resnet50_no_weights,CIFAR10,qat,"42,43,44",layer2.1.conv1,layer2.1.conv1,"(128, 512, 1, 1)",2.5185490401333603,aggregate,3,0.35355491056981103
resnet50_no_weights,CIFAR10,qat,42,layer2.1.conv2,layer2.1.conv2,"(128, 128, 3, 3)",2.2394046783447266,42,3,
resnet50_no_weights,CIFAR10,qat,43,layer2.1.conv2,layer2.1.conv2,"(128, 128, 3, 3)",3.1505562464396157,43,3,
resnet50_no_weights,CIFAR10,qat,44,layer2.1.conv2,layer2.1.conv2,"(128, 128, 3, 3)",2.3072953657670454,44,3,
resnet50_no_weights,CIFAR10,qat,"42,43,44",layer2.1.conv2,layer2.1.conv2,"(128, 128, 3, 3)",2.5657520968504626,aggregate,3,0.5075915743904623
resnet50_no_weights,CIFAR10,qat,42,layer2.1.conv3,layer2.1.conv3,"(512, 128, 1, 1)",3.039444148540497,42,3,
resnet50_no_weights,CIFAR10,qat,43,layer2.1.conv3,layer2.1.conv3,"(512, 128, 1, 1)",2.6939800822216533,43,3,
resnet50_no_weights,CIFAR10,qat,44,layer2.1.conv3,layer2.1.conv3,"(512, 128, 1, 1)",2.8183878551829946,44,3,
resnet50_no_weights,CIFAR10,qat,"42,43,44",layer2.1.conv3,layer2.1.conv3,"(512, 128, 1, 1)",2.8506040286483816,aggregate,3,0.17497075942554374
resnet50_no_weights,CIFAR10,qat,42,layer2.2.conv1,layer2.2.conv1,"(128, 512, 1, 1)",2.350541869799296,42,3,
resnet50_no_weights,CIFAR10,qat,43,layer2.2.conv1,layer2.2.conv1,"(128, 512, 1, 1)",2.8505221467751722,43,3,
resnet50_no_weights,CIFAR10,qat,44,layer2.2.conv1,layer2.2.conv1,"(128, 512, 1, 1)",3.8882976957395967,44,3,
resnet50_no_weights,CIFAR10,qat,"42,43,44",layer2.2.conv1,layer2.2.conv1,"(128, 512, 1, 1)",3.0297872374380215,aggregate,3,0.7843948142364939
resnet50_no_weights,CIFAR10,qat,42,layer2.2.conv2,layer2.2.conv2,"(128, 128, 3, 3)",2.5024220943450928,42,3,
resnet50_no_weights,CIFAR10,qat,43,layer2.2.conv2,layer2.2.conv2,"(128, 128, 3, 3)",2.4997241727767454,43,3,
resnet50_no_weights,CIFAR10,qat,44,layer2.2.conv2,layer2.2.conv2,"(128, 128, 3, 3)",3.1243409599576677,44,3,
resnet50_no_weights,CIFAR10,qat,"42,43,44",layer2.2.conv2,layer2.2.conv2,"(128, 128, 3, 3)",2.7088290756931688,aggregate,3,0.35984637578968764
resnet50_no_weights,CIFAR10,qat,42,layer2.2.conv3,layer2.2.conv3,"(512, 128, 1, 1)",2.61421991388003,42,3,
resnet50_no_weights,CIFAR10,qat,43,layer2.2.conv3,layer2.2.conv3,"(512, 128, 1, 1)",3.229040041565895,43,3,
resnet50_no_weights,CIFAR10,qat,44,layer2.2.conv3,layer2.2.conv3,"(512, 128, 1, 1)",3.0268253286679587,44,3,
resnet50_no_weights,CIFAR10,qat,"42,43,44",layer2.2.conv3,layer2.2.conv3,"(512, 128, 1, 1)",2.956695094704628,aggregate,3,0.3133522532849085
resnet50_no_weights,CIFAR10,qat,42,layer2.3.conv1,layer2.3.conv1,"(128, 512, 1, 1)",4.3304965155465265,42,3,
resnet50_no_weights,CIFAR10,qat,43,layer2.3.conv1,layer2.3.conv1,"(128, 512, 1, 1)",6.4862244606018065,43,3,
resnet50_no_weights,CIFAR10,qat,44,layer2.3.conv1,layer2.3.conv1,"(128, 512, 1, 1)",5.02475965590704,44,3,
resnet50_no_weights,CIFAR10,qat,"42,43,44",layer2.3.conv1,layer2.3.conv1,"(128, 512, 1, 1)",5.280493544018458,aggregate,3,1.1003820288515722
resnet50_no_weights,CIFAR10,qat,42,layer2.3.conv2,layer2.3.conv2,"(128, 128, 3, 3)",5.82679945230484,42,3,
resnet50_no_weights,CIFAR10,qat,43,layer2.3.conv2,layer2.3.conv2,"(128, 128, 3, 3)",5.684132091204325,43,3,
resnet50_no_weights,CIFAR10,qat,44,layer2.3.conv2,layer2.3.conv2,"(128, 128, 3, 3)",5.276636189884609,44,3,
resnet50_no_weights,CIFAR10,qat,"42,43,44",layer2.3.conv2,layer2.3.conv2,"(128, 128, 3, 3)",5.595855911131258,aggregate,3,0.2855072972892941
resnet50_no_weights,CIFAR10,qat,42,layer2.3.conv3,layer2.3.conv3,"(512, 128, 1, 1)",3.8889561891555786,42,3,
resnet50_no_weights,CIFAR10,qat,43,layer2.3.conv3,layer2.3.conv3,"(512, 128, 1, 1)",3.8784525177695532,43,3,
resnet50_no_weights,CIFAR10,qat,44,layer2.3.conv3,layer2.3.conv3,"(512, 128, 1, 1)",4.050886631011963,44,3,
resnet50_no_weights,CIFAR10,qat,"42,43,44",layer2.3.conv3,layer2.3.conv3,"(512, 128, 1, 1)",3.9394317793123648,aggregate,3,0.09666550446607587
resnet50_no_weights,CIFAR10,qat,42,layer3.0.conv1,layer3.0.conv1,"(256, 512, 1, 1)",43.76618414658766,42,3,
resnet50_no_weights,CIFAR10,qat,43,layer3.0.conv1,layer3.0.conv1,"(256, 512, 1, 1)",38.72789033253988,43,3,
resnet50_no_weights,CIFAR10,qat,44,layer3.0.conv1,layer3.0.conv1,"(256, 512, 1, 1)",37.801378631591795,44,3,
resnet50_no_weights,CIFAR10,qat,"42,43,44",layer3.0.conv1,layer3.0.conv1,"(256, 512, 1, 1)",40.09848437023978,aggregate,3,3.2099255785867005
resnet50_no_weights,CIFAR10,qat,42,layer3.0.conv2,layer3.0.conv2,"(256, 256, 3, 3)",31.43865429482809,42,3,
resnet50_no_weights,CIFAR10,qat,43,layer3.0.conv2,layer3.0.conv2,"(256, 256, 3, 3)",28.768153807696173,43,3,
resnet50_no_weights,CIFAR10,qat,44,layer3.0.conv2,layer3.0.conv2,"(256, 256, 3, 3)",30.97692381251942,44,3,
resnet50_no_weights,CIFAR10,qat,"42,43,44",layer3.0.conv2,layer3.0.conv2,"(256, 256, 3, 3)",30.39457730501456,aggregate,3,1.4273187464772128
resnet50_no_weights,CIFAR10,qat,42,layer3.0.conv3,layer3.0.conv3,"(1024, 256, 1, 1)",19.567317216292672,42,3,
resnet50_no_weights,CIFAR10,qat,43,layer3.0.conv3,layer3.0.conv3,"(1024, 256, 1, 1)",16.33125723169205,43,3,
resnet50_no_weights,CIFAR10,qat,44,layer3.0.conv3,layer3.0.conv3,"(1024, 256, 1, 1)",16.929190782400276,44,3,
resnet50_no_weights,CIFAR10,qat,"42,43,44",layer3.0.conv3,layer3.0.conv3,"(1024, 256, 1, 1)",17.609255076794998,aggregate,3,1.7218846184824026
resnet50_no_weights,CIFAR10,qat,42,layer3.0.downsample.0,layer3.0.downsample.0,"(1024, 512, 1, 1)",19.808374524116516,42,3,
resnet50_no_weights,CIFAR10,qat,43,layer3.0.downsample.0,layer3.0.downsample.0,"(1024, 512, 1, 1)",18.381999535994098,43,3,
resnet50_no_weights,CIFAR10,qat,44,layer3.0.downsample.0,layer3.0.downsample.0,"(1024, 512, 1, 1)",19.52181468009949,44,3,
resnet50_no_weights,CIFAR10,qat,"42,43,44",layer3.0.downsample.0,layer3.0.downsample.0,"(1024, 512, 1, 1)",19.2373962467367,aggregate,3,0.7545242114158527
resnet50_no_weights,CIFAR10,qat,42,layer3.1.conv1,layer3.1.conv1,"(256, 1024, 1, 1)",8.652906131744384,42,3,
resnet50_no_weights,CIFAR10,qat,43,layer3.1.conv1,layer3.1.conv1,"(256, 1024, 1, 1)",7.228016713086297,43,3,
resnet50_no_weights,CIFAR10,qat,44,layer3.1.conv1,layer3.1.conv1,"(256, 1024, 1, 1)",7.978376150131226,44,3,
resnet50_no_weights,CIFAR10,qat,"42,43,44",layer3.1.conv1,layer3.1.conv1,"(256, 1024, 1, 1)",7.9530996649873025,aggregate,3,0.7127809196217788
resnet50_no_weights,CIFAR10,qat,42,layer3.1.conv2,layer3.1.conv2,"(256, 256, 3, 3)",10.001211035485362,42,3,
resnet50_no_weights,CIFAR10,qat,43,layer3.1.conv2,layer3.1.conv2,"(256, 256, 3, 3)",11.348215602693104,43,3,
resnet50_no_weights,CIFAR10,qat,44,layer3.1.conv2,layer3.1.conv2,"(256, 256, 3, 3)",9.234571821549359,44,3,
resnet50_no_weights,CIFAR10,qat,"42,43,44",layer3.1.conv2,layer3.1.conv2,"(256, 256, 3, 3)",10.194666153242608,aggregate,3,1.0700192382998353
resnet50_no_weights,CIFAR10,qat,42,layer3.1.conv3,layer3.1.conv3,"(1024, 256, 1, 1)",8.00174931379465,42,3,
resnet50_no_weights,CIFAR10,qat,43,layer3.1.conv3,layer3.1.conv3,"(1024, 256, 1, 1)",8.008905107324773,43,3,
resnet50_no_weights,CIFAR10,qat,44,layer3.1.conv3,layer3.1.conv3,"(1024, 256, 1, 1)",7.654533181871686,44,3,
resnet50_no_weights,CIFAR10,qat,"42,43,44",layer3.1.conv3,layer3.1.conv3,"(1024, 256, 1, 1)",7.888395867663703,aggregate,3,0.20256262784544699
resnet50_no_weights,CIFAR10,qat,42,layer3.2.conv1,layer3.2.conv1,"(256, 1024, 1, 1)",12.842584499946007,42,3,
resnet50_no_weights,CIFAR10,qat,43,layer3.2.conv1,layer3.2.conv1,"(256, 1024, 1, 1)",13.292111545801163,43,3,
resnet50_no_weights,CIFAR10,qat,44,layer3.2.conv1,layer3.2.conv1,"(256, 1024, 1, 1)",12.677133603529496,44,3,
resnet50_no_weights,CIFAR10,qat,"42,43,44",layer3.2.conv1,layer3.2.conv1,"(256, 1024, 1, 1)",12.937276549758888,aggregate,3,0.31823639891360206
resnet50_no_weights,CIFAR10,qat,42,layer3.2.conv2,layer3.2.conv2,"(256, 256, 3, 3)",10.568650813812905,42,3,
resnet50_no_weights,CIFAR10,qat,43,layer3.2.conv2,layer3.2.conv2,"(256, 256, 3, 3)",10.436374022410465,43,3,
resnet50_no_weights,CIFAR10,qat,44,layer3.2.conv2,layer3.2.conv2,"(256, 256, 3, 3)",10.31405512491862,44,3,
resnet50_no_weights,CIFAR10,qat,"42,43,44",layer3.2.conv2,layer3.2.conv2,"(256, 256, 3, 3)",10.439693320380663,aggregate,3,0.12733029688628783
resnet50_no_weights,CIFAR10,qat,42,layer3.2.conv3,layer3.2.conv3,"(1024, 256, 1, 1)",7.7368377469620615,42,3,
resnet50_no_weights,CIFAR10,qat,43,layer3.2.conv3,layer3.2.conv3,"(1024, 256, 1, 1)",7.649311184883118,43,3,
resnet50_no_weights,CIFAR10,qat,44,layer3.2.conv3,layer3.2.conv3,"(1024, 256, 1, 1)",7.39715601847722,44,3,
resnet50_no_weights,CIFAR10,qat,"42,43,44",layer3.2.conv3,layer3.2.conv3,"(1024, 256, 1, 1)",7.5944349834408,aggregate,3,0.17636458624158613
resnet50_no_weights,CIFAR10,qat,42,layer3.3.conv1,layer3.3.conv1,"(256, 1024, 1, 1)",24.123912413914997,42,3,
resnet50_no_weights,CIFAR10,qat,43,layer3.3.conv1,layer3.3.conv1,"(256, 1024, 1, 1)",26.082437324523926,43,3,
resnet50_no_weights,CIFAR10,qat,44,layer3.3.conv1,layer3.3.conv1,"(256, 1024, 1, 1)",27.430167056896067,44,3,
resnet50_no_weights,CIFAR10,qat,"42,43,44",layer3.3.conv1,layer3.3.conv1,"(256, 1024, 1, 1)",25.87883893177833,aggregate,3,1.6625038857713728
resnet50_no_weights,CIFAR10,qat,42,layer3.3.conv2,layer3.3.conv2,"(256, 256, 3, 3)",19.43074819776747,42,3,
resnet50_no_weights,CIFAR10,qat,43,layer3.3.conv2,layer3.3.conv2,"(256, 256, 3, 3)",19.180969732779044,43,3,
resnet50_no_weights,CIFAR10,qat,44,layer3.3.conv2,layer3.3.conv2,"(256, 256, 3, 3)",17.78800135645373,44,3,
resnet50_no_weights,CIFAR10,qat,"42,43,44",layer3.3.conv2,layer3.3.conv2,"(256, 256, 3, 3)",18.79990642900008,aggregate,3,0.8851899385311447
resnet50_no_weights,CIFAR10,qat,42,layer3.3.conv3,layer3.3.conv3,"(1024, 256, 1, 1)",11.035359609694709,42,3,
resnet50_no_weights,CIFAR10,qat,43,layer3.3.conv3,layer3.3.conv3,"(1024, 256, 1, 1)",10.372657555800219,43,3,
resnet50_no_weights,CIFAR10,qat,44,layer3.3.conv3,layer3.3.conv3,"(1024, 256, 1, 1)",9.805041631062826,44,3,
resnet50_no_weights,CIFAR10,qat,"42,43,44",layer3.3.conv3,layer3.3.conv3,"(1024, 256, 1, 1)",10.404352932185917,aggregate,3,0.6157710855499661
resnet50_no_weights,CIFAR10,qat,42,layer3.4.conv1,layer3.4.conv1,"(256, 1024, 1, 1)",25.53852068993353,42,3,
resnet50_no_weights,CIFAR10,qat,43,layer3.4.conv1,layer3.4.conv1,"(256, 1024, 1, 1)",30.391330528259278,43,3,
resnet50_no_weights,CIFAR10,qat,44,layer3.4.conv1,layer3.4.conv1,"(256, 1024, 1, 1)",28.130258733575996,44,3,
resnet50_no_weights,CIFAR10,qat,"42,43,44",layer3.4.conv1,layer3.4.conv1,"(256, 1024, 1, 1)",28.020036650589603,aggregate,3,2.428281802514112
resnet50_no_weights,CIFAR10,qat,42,layer3.4.conv2,layer3.4.conv2,"(256, 256, 3, 3)",12.167965453603994,42,3,
resnet50_no_weights,CIFAR10,qat,43,layer3.4.conv2,layer3.4.conv2,"(256, 256, 3, 3)",11.64894885030286,43,3,
resnet50_no_weights,CIFAR10,qat,44,layer3.4.conv2,layer3.4.conv2,"(256, 256, 3, 3)",12.223482767740885,44,3,
resnet50_no_weights,CIFAR10,qat,"42,43,44",layer3.4.conv2,layer3.4.conv2,"(256, 256, 3, 3)",12.013465690549246,aggregate,3,0.3168989399787426
resnet50_no_weights,CIFAR10,qat,42,layer3.4.conv3,layer3.4.conv3,"(1024, 256, 1, 1)",8.039450428702615,42,3,
resnet50_no_weights,CIFAR10,qat,43,layer3.4.conv3,layer3.4.conv3,"(1024, 256, 1, 1)",8.4477627827571,43,3,
resnet50_no_weights,CIFAR10,qat,44,layer3.4.conv3,layer3.4.conv3,"(1024, 256, 1, 1)",8.999053001403809,44,3,
resnet50_no_weights,CIFAR10,qat,"42,43,44",layer3.4.conv3,layer3.4.conv3,"(1024, 256, 1, 1)",8.495422070954508,aggregate,3,0.4815732864240915
resnet50_no_weights,CIFAR10,qat,42,layer3.5.conv1,layer3.5.conv1,"(256, 1024, 1, 1)",27.248593203226726,42,3,
resnet50_no_weights,CIFAR10,qat,43,layer3.5.conv1,layer3.5.conv1,"(256, 1024, 1, 1)",31.476081106397842,43,3,
resnet50_no_weights,CIFAR10,qat,44,layer3.5.conv1,layer3.5.conv1,"(256, 1024, 1, 1)",33.35862802323841,44,3,
resnet50_no_weights,CIFAR10,qat,"42,43,44",layer3.5.conv1,layer3.5.conv1,"(256, 1024, 1, 1)",30.694434110954326,aggregate,3,3.1291149538732532
resnet50_no_weights,CIFAR10,qat,42,layer3.5.conv2,layer3.5.conv2,"(256, 256, 3, 3)",4.8231386134499,42,3,
resnet50_no_weights,CIFAR10,qat,43,layer3.5.conv2,layer3.5.conv2,"(256, 256, 3, 3)",4.200055326734271,43,3,
resnet50_no_weights,CIFAR10,qat,44,layer3.5.conv2,layer3.5.conv2,"(256, 256, 3, 3)",5.225026577711105,44,3,
resnet50_no_weights,CIFAR10,qat,"42,43,44",layer3.5.conv2,layer3.5.conv2,"(256, 256, 3, 3)",4.749406839298425,aggregate,3,0.5164482522207791
resnet50_no_weights,CIFAR10,qat,42,layer3.5.conv3,layer3.5.conv3,"(1024, 256, 1, 1)",5.514722922752643,42,3,
resnet50_no_weights,CIFAR10,qat,43,layer3.5.conv3,layer3.5.conv3,"(1024, 256, 1, 1)",4.959530421665737,43,3,
resnet50_no_weights,CIFAR10,qat,44,layer3.5.conv3,layer3.5.conv3,"(1024, 256, 1, 1)",5.267393774456448,44,3,
resnet50_no_weights,CIFAR10,qat,"42,43,44",layer3.5.conv3,layer3.5.conv3,"(1024, 256, 1, 1)",5.247215706291609,aggregate,3,0.2781457246515434
resnet50_no_weights,CIFAR10,qat,42,layer4.0.conv1,layer4.0.conv1,"(512, 1024, 1, 1)",27.95103268093533,42,3,
resnet50_no_weights,CIFAR10,qat,43,layer4.0.conv1,layer4.0.conv1,"(512, 1024, 1, 1)",30.268767171435886,43,3,
resnet50_no_weights,CIFAR10,qat,44,layer4.0.conv1,layer4.0.conv1,"(512, 1024, 1, 1)",27.75057683672224,44,3,
resnet50_no_weights,CIFAR10,qat,"42,43,44",layer4.0.conv1,layer4.0.conv1,"(512, 1024, 1, 1)",28.656792229697817,aggregate,3,1.3996046034374783
resnet50_no_weights,CIFAR10,qat,42,layer4.0.conv2,layer4.0.conv2,"(512, 512, 3, 3)",7.701545572280883,42,3,
resnet50_no_weights,CIFAR10,qat,43,layer4.0.conv2,layer4.0.conv2,"(512, 512, 3, 3)",9.08937608042071,43,3,
resnet50_no_weights,CIFAR10,qat,44,layer4.0.conv2,layer4.0.conv2,"(512, 512, 3, 3)",10.13893907599979,44,3,
resnet50_no_weights,CIFAR10,qat,"42,43,44",layer4.0.conv2,layer4.0.conv2,"(512, 512, 3, 3)",8.976620242900461,aggregate,3,1.2226026264342604
resnet50_no_weights,CIFAR10,qat,42,layer4.0.conv3,layer4.0.conv3,"(2048, 512, 1, 1)",7.178228028615316,42,3,
resnet50_no_weights,CIFAR10,qat,43,layer4.0.conv3,layer4.0.conv3,"(2048, 512, 1, 1)",7.14213908951858,43,3,
resnet50_no_weights,CIFAR10,qat,44,layer4.0.conv3,layer4.0.conv3,"(2048, 512, 1, 1)",7.16740050315857,44,3,
resnet50_no_weights,CIFAR10,qat,"42,43,44",layer4.0.conv3,layer4.0.conv3,"(2048, 512, 1, 1)",7.162589207097489,aggregate,3,0.01851929557576386
resnet50_no_weights,CIFAR10,qat,42,layer4.0.downsample.0,layer4.0.downsample.0,"(2048, 1024, 1, 1)",66.40135810993335,42,3,
resnet50_no_weights,CIFAR10,qat,43,layer4.0.downsample.0,layer4.0.downsample.0,"(2048, 1024, 1, 1)",63.27183663845062,43,3,
resnet50_no_weights,CIFAR10,qat,44,layer4.0.downsample.0,layer4.0.downsample.0,"(2048, 1024, 1, 1)",65.78646977742513,44,3,
resnet50_no_weights,CIFAR10,qat,"42,43,44",layer4.0.downsample.0,layer4.0.downsample.0,"(2048, 1024, 1, 1)",65.15322150860304,aggregate,3,1.6580798194274282
resnet50_no_weights,CIFAR10,qat,42,layer4.1.conv1,layer4.1.conv1,"(512, 2048, 1, 1)",29.99693434579032,42,3,
resnet50_no_weights,CIFAR10,qat,43,layer4.1.conv1,layer4.1.conv1,"(512, 2048, 1, 1)",26.234367476569282,43,3,
resnet50_no_weights,CIFAR10,qat,44,layer4.1.conv1,layer4.1.conv1,"(512, 2048, 1, 1)",27.830059217370074,44,3,
resnet50_no_weights,CIFAR10,qat,"42,43,44",layer4.1.conv1,layer4.1.conv1,"(512, 2048, 1, 1)",28.02045367990989,aggregate,3,1.8884954063656911
resnet50_no_weights,CIFAR10,qat,42,layer4.1.conv2,layer4.1.conv2,"(512, 512, 3, 3)",82.77946412828234,42,3,
resnet50_no_weights,CIFAR10,qat,43,layer4.1.conv2,layer4.1.conv2,"(512, 512, 3, 3)",76.50774691181797,43,3,
resnet50_no_weights,CIFAR10,qat,44,layer4.1.conv2,layer4.1.conv2,"(512, 512, 3, 3)",78.83512306213379,44,3,
resnet50_no_weights,CIFAR10,qat,"42,43,44",layer4.1.conv2,layer4.1.conv2,"(512, 512, 3, 3)",79.37411136741137,aggregate,3,3.1704085707907406
resnet50_no_weights,CIFAR10,qat,42,layer4.1.conv3,layer4.1.conv3,"(2048, 512, 1, 1)",18.25647241928998,42,3,
resnet50_no_weights,CIFAR10,qat,43,layer4.1.conv3,layer4.1.conv3,"(2048, 512, 1, 1)",18.406917095184326,43,3,
resnet50_no_weights,CIFAR10,qat,44,layer4.1.conv3,layer4.1.conv3,"(2048, 512, 1, 1)",18.79703454176585,44,3,
resnet50_no_weights,CIFAR10,qat,"42,43,44",layer4.1.conv3,layer4.1.conv3,"(2048, 512, 1, 1)",18.486808018746718,aggregate,3,0.27899600680770176
resnet50_no_weights,CIFAR10,qat,42,layer4.2.conv1,layer4.2.conv1,"(512, 2048, 1, 1)",28.705121358235676,42,3,
resnet50_no_weights,CIFAR10,qat,43,layer4.2.conv1,layer4.2.conv1,"(512, 2048, 1, 1)",30.386157281058175,43,3,
resnet50_no_weights,CIFAR10,qat,44,layer4.2.conv1,layer4.2.conv1,"(512, 2048, 1, 1)",25.340210233415878,44,3,
resnet50_no_weights,CIFAR10,qat,"42,43,44",layer4.2.conv1,layer4.2.conv1,"(512, 2048, 1, 1)",28.143829624236577,aggregate,3,2.5693737972304245
resnet50_no_weights,CIFAR10,qat,42,layer4.2.conv2,layer4.2.conv2,"(512, 512, 3, 3)",9.829533576965332,42,3,
resnet50_no_weights,CIFAR10,qat,43,layer4.2.conv2,layer4.2.conv2,"(512, 512, 3, 3)",10.109978221711659,43,3,
resnet50_no_weights,CIFAR10,qat,44,layer4.2.conv2,layer4.2.conv2,"(512, 512, 3, 3)",9.650467475255331,44,3,
resnet50_no_weights,CIFAR10,qat,"42,43,44",layer4.2.conv2,layer4.2.conv2,"(512, 512, 3, 3)",9.863326424644107,aggregate,3,0.2316117418070456
resnet50_no_weights,CIFAR10,qat,42,layer4.2.conv3,layer4.2.conv3,"(2048, 512, 1, 1)",5.8884652853012085,42,3,
resnet50_no_weights,CIFAR10,qat,43,layer4.2.conv3,layer4.2.conv3,"(2048, 512, 1, 1)",5.014307823181152,43,3,
resnet50_no_weights,CIFAR10,qat,44,layer4.2.conv3,layer4.2.conv3,"(2048, 512, 1, 1)",5.730772256851196,44,3,
resnet50_no_weights,CIFAR10,qat,"42,43,44",layer4.2.conv3,layer4.2.conv3,"(2048, 512, 1, 1)",5.544515121777852,aggregate,3,0.465893343394539
resnet50_no_weights,CIFAR10,qat,42,fc,fc,"(10, 2048)",4.686030272175284,42,3,
resnet50_no_weights,CIFAR10,qat,43,fc,fc,"(10, 2048)",5.0192466747193105,43,3,
resnet50_no_weights,CIFAR10,qat,44,fc,fc,"(10, 2048)",4.855035611561367,44,3,
resnet50_no_weights,CIFAR10,qat,"42,43,44",fc,fc,"(10, 2048)",4.85343751948532,aggregate,3,0.16661394946044691
resnet50_no_weights,CIFAR10,fp32_fused_qat,42,conv1,conv1,"(64, 3, 3, 3)",188.79493549891882,42,3,
resnet50_no_weights,CIFAR10,fp32_fused_qat,43,conv1,conv1,"(64, 3, 3, 3)",171.18766767328435,43,3,
resnet50_no_weights,CIFAR10,fp32_fused_qat,44,conv1,conv1,"(64, 3, 3, 3)",187.52202944074358,44,3,
resnet50_no_weights,CIFAR10,fp32_fused_qat,"42,43,44",conv1,conv1,"(64, 3, 3, 3)",182.5015442043156,aggregate,3,9.818753692694367
resnet50_no_weights,CIFAR10,fp32_fused_qat,42,layer1.0.conv1,layer1.0.conv1,"(64, 64, 1, 1)",2.4439312793590404,42,3,
resnet50_no_weights,CIFAR10,fp32_fused_qat,43,layer1.0.conv1,layer1.0.conv1,"(64, 64, 1, 1)",3.0253124207258226,43,3,
resnet50_no_weights,CIFAR10,fp32_fused_qat,44,layer1.0.conv1,layer1.0.conv1,"(64, 64, 1, 1)",2.2976487934589387,44,3,
resnet50_no_weights,CIFAR10,fp32_fused_qat,"42,43,44",layer1.0.conv1,layer1.0.conv1,"(64, 64, 1, 1)",2.5889641645146004,aggregate,3,0.3849019250980814
resnet50_no_weights,CIFAR10,fp32_fused_qat,42,layer1.0.conv2,layer1.0.conv2,"(64, 64, 3, 3)",5.336305936177571,42,3,
resnet50_no_weights,CIFAR10,fp32_fused_qat,43,layer1.0.conv2,layer1.0.conv2,"(64, 64, 3, 3)",4.061954800571714,43,3,
resnet50_no_weights,CIFAR10,fp32_fused_qat,44,layer1.0.conv2,layer1.0.conv2,"(64, 64, 3, 3)",4.266235519857967,44,3,
resnet50_no_weights,CIFAR10,fp32_fused_qat,"42,43,44",layer1.0.conv2,layer1.0.conv2,"(64, 64, 3, 3)",4.554832085535751,aggregate,3,0.6844404192446141
resnet50_no_weights,CIFAR10,fp32_fused_qat,42,layer1.0.conv3,layer1.0.conv3,"(256, 64, 1, 1)",1.91698846022288,42,3,
resnet50_no_weights,CIFAR10,fp32_fused_qat,43,layer1.0.conv3,layer1.0.conv3,"(256, 64, 1, 1)",2.0998876676326845,43,3,
resnet50_no_weights,CIFAR10,fp32_fused_qat,44,layer1.0.conv3,layer1.0.conv3,"(256, 64, 1, 1)",1.781366417282506,44,3,
resnet50_no_weights,CIFAR10,fp32_fused_qat,"42,43,44",layer1.0.conv3,layer1.0.conv3,"(256, 64, 1, 1)",1.9327475150460236,aggregate,3,0.15984432297660556
resnet50_no_weights,CIFAR10,fp32_fused_qat,42,layer1.0.downsample.0,layer1.0.downsample.0,"(256, 64, 1, 1)",4.733715814702651,42,3,
resnet50_no_weights,CIFAR10,fp32_fused_qat,43,layer1.0.downsample.0,layer1.0.downsample.0,"(256, 64, 1, 1)",4.809358716011047,43,3,
resnet50_no_weights,CIFAR10,fp32_fused_qat,44,layer1.0.downsample.0,layer1.0.downsample.0,"(256, 64, 1, 1)",6.764729206378643,44,3,
resnet50_no_weights,CIFAR10,fp32_fused_qat,"42,43,44",layer1.0.downsample.0,layer1.0.downsample.0,"(256, 64, 1, 1)",5.43593457903078,aggregate,3,1.1513912599029907
resnet50_no_weights,CIFAR10,fp32_fused_qat,42,layer1.1.conv1,layer1.1.conv1,"(64, 256, 1, 1)",3.9006991505622866,42,3,
resnet50_no_weights,CIFAR10,fp32_fused_qat,43,layer1.1.conv1,layer1.1.conv1,"(64, 256, 1, 1)",3.5684501594967313,43,3,
resnet50_no_weights,CIFAR10,fp32_fused_qat,44,layer1.1.conv1,layer1.1.conv1,"(64, 256, 1, 1)",3.7933275182292148,44,3,
resnet50_no_weights,CIFAR10,fp32_fused_qat,"42,43,44",layer1.1.conv1,layer1.1.conv1,"(64, 256, 1, 1)",3.754158942762744,aggregate,3,0.1695522957499376
resnet50_no_weights,CIFAR10,fp32_fused_qat,42,layer1.1.conv2,layer1.1.conv2,"(64, 64, 3, 3)",2.936614453792572,42,3,
resnet50_no_weights,CIFAR10,fp32_fused_qat,43,layer1.1.conv2,layer1.1.conv2,"(64, 64, 3, 3)",2.98439178683541,43,3,
resnet50_no_weights,CIFAR10,fp32_fused_qat,44,layer1.1.conv2,layer1.1.conv2,"(64, 64, 3, 3)",2.9147501406462295,44,3,
resnet50_no_weights,CIFAR10,fp32_fused_qat,"42,43,44",layer1.1.conv2,layer1.1.conv2,"(64, 64, 3, 3)",2.945252127091404,aggregate,3,0.03561526036683953
resnet50_no_weights,CIFAR10,fp32_fused_qat,42,layer1.1.conv3,layer1.1.conv3,"(256, 64, 1, 1)",1.5562476553022861,42,3,
resnet50_no_weights,CIFAR10,fp32_fused_qat,43,layer1.1.conv3,layer1.1.conv3,"(256, 64, 1, 1)",1.2994653901883535,43,3,
resnet50_no_weights,CIFAR10,fp32_fused_qat,44,layer1.1.conv3,layer1.1.conv3,"(256, 64, 1, 1)",1.2553106665611267,44,3,
resnet50_no_weights,CIFAR10,fp32_fused_qat,"42,43,44",layer1.1.conv3,layer1.1.conv3,"(256, 64, 1, 1)",1.3703412373505888,aggregate,3,0.1625063293578825
resnet50_no_weights,CIFAR10,fp32_fused_qat,42,layer1.2.conv1,layer1.2.conv1,"(64, 256, 1, 1)",6.976879119873047,42,3,
resnet50_no_weights,CIFAR10,fp32_fused_qat,43,layer1.2.conv1,layer1.2.conv1,"(64, 256, 1, 1)",5.8885062824596055,43,3,
resnet50_no_weights,CIFAR10,fp32_fused_qat,44,layer1.2.conv1,layer1.2.conv1,"(64, 256, 1, 1)",4.834301233291626,44,3,
resnet50_no_weights,CIFAR10,fp32_fused_qat,"42,43,44",layer1.2.conv1,layer1.2.conv1,"(64, 256, 1, 1)",5.899895545208093,aggregate,3,1.0713343486028966
resnet50_no_weights,CIFAR10,fp32_fused_qat,42,layer1.2.conv2,layer1.2.conv2,"(64, 64, 3, 3)",10.859918632507323,42,3,
resnet50_no_weights,CIFAR10,fp32_fused_qat,43,layer1.2.conv2,layer1.2.conv2,"(64, 64, 3, 3)",11.022896147909618,43,3,
resnet50_no_weights,CIFAR10,fp32_fused_qat,44,layer1.2.conv2,layer1.2.conv2,"(64, 64, 3, 3)",8.930627652576991,44,3,
resnet50_no_weights,CIFAR10,fp32_fused_qat,"42,43,44",layer1.2.conv2,layer1.2.conv2,"(64, 64, 3, 3)",10.271147477664645,aggregate,3,1.163780678960366
resnet50_no_weights,CIFAR10,fp32_fused_qat,42,layer1.2.conv3,layer1.2.conv3,"(256, 64, 1, 1)",3.7305537346870667,42,3,
resnet50_no_weights,CIFAR10,fp32_fused_qat,43,layer1.2.conv3,layer1.2.conv3,"(256, 64, 1, 1)",3.3640451335906985,43,3,
resnet50_no_weights,CIFAR10,fp32_fused_qat,44,layer1.2.conv3,layer1.2.conv3,"(256, 64, 1, 1)",3.5827184074065266,44,3,
resnet50_no_weights,CIFAR10,fp32_fused_qat,"42,43,44",layer1.2.conv3,layer1.2.conv3,"(256, 64, 1, 1)",3.5591057585614307,aggregate,3,0.1843917204174731
resnet50_no_weights,CIFAR10,fp32_fused_qat,42,layer2.0.conv1,layer2.0.conv1,"(128, 256, 1, 1)",42.177563190460205,42,3,
resnet50_no_weights,CIFAR10,fp32_fused_qat,43,layer2.0.conv1,layer2.0.conv1,"(128, 256, 1, 1)",42.004932061219826,43,3,
resnet50_no_weights,CIFAR10,fp32_fused_qat,44,layer2.0.conv1,layer2.0.conv1,"(128, 256, 1, 1)",36.234396591186524,44,3,
resnet50_no_weights,CIFAR10,fp32_fused_qat,"42,43,44",layer2.0.conv1,layer2.0.conv1,"(128, 256, 1, 1)",40.13896394762219,aggregate,3,3.382555994718037
resnet50_no_weights,CIFAR10,fp32_fused_qat,42,layer2.0.conv2,layer2.0.conv2,"(128, 128, 3, 3)",43.2816205391517,42,3,
resnet50_no_weights,CIFAR10,fp32_fused_qat,43,layer2.0.conv2,layer2.0.conv2,"(128, 128, 3, 3)",43.02201046663172,43,3,
resnet50_no_weights,CIFAR10,fp32_fused_qat,44,layer2.0.conv2,layer2.0.conv2,"(128, 128, 3, 3)",43.14567766189575,44,3,
resnet50_no_weights,CIFAR10,fp32_fused_qat,"42,43,44",layer2.0.conv2,layer2.0.conv2,"(128, 128, 3, 3)",43.14976955589306,aggregate,3,0.12985339863023082
resnet50_no_weights,CIFAR10,fp32_fused_qat,42,layer2.0.conv3,layer2.0.conv3,"(512, 128, 1, 1)",17.705958396196365,42,3,
resnet50_no_weights,CIFAR10,fp32_fused_qat,43,layer2.0.conv3,layer2.0.conv3,"(512, 128, 1, 1)",17.91906108856201,43,3,
resnet50_no_weights,CIFAR10,fp32_fused_qat,44,layer2.0.conv3,layer2.0.conv3,"(512, 128, 1, 1)",29.18469864981515,44,3,
resnet50_no_weights,CIFAR10,fp32_fused_qat,"42,43,44",layer2.0.conv3,layer2.0.conv3,"(512, 128, 1, 1)",21.603239378191176,aggregate,3,6.566600848600684
resnet50_no_weights,CIFAR10,fp32_fused_qat,42,layer2.0.downsample.0,layer2.0.downsample.0,"(512, 256, 1, 1)",32.815188535054524,42,3,
resnet50_no_weights,CIFAR10,fp32_fused_qat,43,layer2.0.downsample.0,layer2.0.downsample.0,"(512, 256, 1, 1)",39.107650206639214,43,3,
resnet50_no_weights,CIFAR10,fp32_fused_qat,44,layer2.0.downsample.0,layer2.0.downsample.0,"(512, 256, 1, 1)",34.530848852793376,44,3,
resnet50_no_weights,CIFAR10,fp32_fused_qat,"42,43,44",layer2.0.downsample.0,layer2.0.downsample.0,"(512, 256, 1, 1)",35.484562531495705,aggregate,3,3.2528365787107325
resnet50_no_weights,CIFAR10,fp32_fused_qat,42,layer2.1.conv1,layer2.1.conv1,"(128, 512, 1, 1)",6.275240196901209,42,3,
resnet50_no_weights,CIFAR10,fp32_fused_qat,43,layer2.1.conv1,layer2.1.conv1,"(128, 512, 1, 1)",6.442300838582656,43,3,
resnet50_no_weights,CIFAR10,fp32_fused_qat,44,layer2.1.conv1,layer2.1.conv1,"(128, 512, 1, 1)",6.189810737319615,44,3,
resnet50_no_weights,CIFAR10,fp32_fused_qat,"42,43,44",layer2.1.conv1,layer2.1.conv1,"(128, 512, 1, 1)",6.302450590934494,aggregate,3,0.12842553082055047
resnet50_no_weights,CIFAR10,fp32_fused_qat,42,layer2.1.conv2,layer2.1.conv2,"(128, 128, 3, 3)",5.913143100483077,42,3,
resnet50_no_weights,CIFAR10,fp32_fused_qat,43,layer2.1.conv2,layer2.1.conv2,"(128, 128, 3, 3)",5.641183130668871,43,3,
resnet50_no_weights,CIFAR10,fp32_fused_qat,44,layer2.1.conv2,layer2.1.conv2,"(128, 128, 3, 3)",4.257103776931762,44,3,
resnet50_no_weights,CIFAR10,fp32_fused_qat,"42,43,44",layer2.1.conv2,layer2.1.conv2,"(128, 128, 3, 3)",5.270476669361237,aggregate,3,0.888078836944387
resnet50_no_weights,CIFAR10,fp32_fused_qat,42,layer2.1.conv3,layer2.1.conv3,"(512, 128, 1, 1)",5.608047847747803,42,3,
resnet50_no_weights,CIFAR10,fp32_fused_qat,43,layer2.1.conv3,layer2.1.conv3,"(512, 128, 1, 1)",6.599241182208061,43,3,
resnet50_no_weights,CIFAR10,fp32_fused_qat,44,layer2.1.conv3,layer2.1.conv3,"(512, 128, 1, 1)",5.888290950885186,44,3,
resnet50_no_weights,CIFAR10,fp32_fused_qat,"42,43,44",layer2.1.conv3,layer2.1.conv3,"(512, 128, 1, 1)",6.031859993613684,aggregate,3,0.5109550949859433
resnet50_no_weights,CIFAR10,fp32_fused_qat,42,layer2.2.conv1,layer2.2.conv1,"(128, 512, 1, 1)",7.317024446302844,42,3,
resnet50_no_weights,CIFAR10,fp32_fused_qat,43,layer2.2.conv1,layer2.2.conv1,"(128, 512, 1, 1)",6.806443913777669,43,3,
resnet50_no_weights,CIFAR10,fp32_fused_qat,44,layer2.2.conv1,layer2.2.conv1,"(128, 512, 1, 1)",8.40791992914109,44,3,
resnet50_no_weights,CIFAR10,fp32_fused_qat,"42,43,44",layer2.2.conv1,layer2.2.conv1,"(128, 512, 1, 1)",7.5104627630738685,aggregate,3,0.8180740453910518
resnet50_no_weights,CIFAR10,fp32_fused_qat,42,layer2.2.conv2,layer2.2.conv2,"(128, 128, 3, 3)",5.327237590765342,42,3,
resnet50_no_weights,CIFAR10,fp32_fused_qat,43,layer2.2.conv2,layer2.2.conv2,"(128, 128, 3, 3)",5.793558130077288,43,3,
resnet50_no_weights,CIFAR10,fp32_fused_qat,44,layer2.2.conv2,layer2.2.conv2,"(128, 128, 3, 3)",4.761378222498401,44,3,
resnet50_no_weights,CIFAR10,fp32_fused_qat,"42,43,44",layer2.2.conv2,layer2.2.conv2,"(128, 128, 3, 3)",5.294057981113677,aggregate,3,0.5168892582312652
resnet50_no_weights,CIFAR10,fp32_fused_qat,42,layer2.2.conv3,layer2.2.conv3,"(512, 128, 1, 1)",6.0535289076871655,42,3,
resnet50_no_weights,CIFAR10,fp32_fused_qat,43,layer2.2.conv3,layer2.2.conv3,"(512, 128, 1, 1)",6.498603263679816,43,3,
resnet50_no_weights,CIFAR10,fp32_fused_qat,44,layer2.2.conv3,layer2.2.conv3,"(512, 128, 1, 1)",5.635732207187386,44,3,
resnet50_no_weights,CIFAR10,fp32_fused_qat,"42,43,44",layer2.2.conv3,layer2.2.conv3,"(512, 128, 1, 1)",6.062621459518122,aggregate,3,0.4315073822163294
resnet50_no_weights,CIFAR10,fp32_fused_qat,42,layer2.3.conv1,layer2.3.conv1,"(128, 512, 1, 1)",10.089403629302979,42,3,
resnet50_no_weights,CIFAR10,fp32_fused_qat,43,layer2.3.conv1,layer2.3.conv1,"(128, 512, 1, 1)",9.485731040730196,43,3,
resnet50_no_weights,CIFAR10,fp32_fused_qat,44,layer2.3.conv1,layer2.3.conv1,"(128, 512, 1, 1)",10.142591640867035,44,3,
resnet50_no_weights,CIFAR10,fp32_fused_qat,"42,43,44",layer2.3.conv1,layer2.3.conv1,"(128, 512, 1, 1)",9.90590877030007,aggregate,3,0.3648550869364512
resnet50_no_weights,CIFAR10,fp32_fused_qat,42,layer2.3.conv2,layer2.3.conv2,"(128, 128, 3, 3)",12.640566026463228,42,3,
resnet50_no_weights,CIFAR10,fp32_fused_qat,43,layer2.3.conv2,layer2.3.conv2,"(128, 128, 3, 3)",12.647490910121373,43,3,
resnet50_no_weights,CIFAR10,fp32_fused_qat,44,layer2.3.conv2,layer2.3.conv2,"(128, 128, 3, 3)",11.246660016617685,44,3,
resnet50_no_weights,CIFAR10,fp32_fused_qat,"42,43,44",layer2.3.conv2,layer2.3.conv2,"(128, 128, 3, 3)",12.178238984400762,aggregate,3,0.8067784816263116
resnet50_no_weights,CIFAR10,fp32_fused_qat,42,layer2.3.conv3,layer2.3.conv3,"(512, 128, 1, 1)",5.3280394077301025,42,3,
resnet50_no_weights,CIFAR10,fp32_fused_qat,43,layer2.3.conv3,layer2.3.conv3,"(512, 128, 1, 1)",6.568956416228722,43,3,
resnet50_no_weights,CIFAR10,fp32_fused_qat,44,layer2.3.conv3,layer2.3.conv3,"(512, 128, 1, 1)",6.827081455503191,44,3,
resnet50_no_weights,CIFAR10,fp32_fused_qat,"42,43,44",layer2.3.conv3,layer2.3.conv3,"(512, 128, 1, 1)",6.2413590931540055,aggregate,3,0.8014185983693066
resnet50_no_weights,CIFAR10,fp32_fused_qat,42,layer3.0.conv1,layer3.0.conv1,"(256, 512, 1, 1)",64.36789360046387,42,3,
resnet50_no_weights,CIFAR10,fp32_fused_qat,43,layer3.0.conv1,layer3.0.conv1,"(256, 512, 1, 1)",67.3139820098877,43,3,
resnet50_no_weights,CIFAR10,fp32_fused_qat,44,layer3.0.conv1,layer3.0.conv1,"(256, 512, 1, 1)",73.87039681636927,44,3,
resnet50_no_weights,CIFAR10,fp32_fused_qat,"42,43,44",layer3.0.conv1,layer3.0.conv1,"(256, 512, 1, 1)",68.51742414224027,aggregate,3,4.864215925153208
resnet50_no_weights,CIFAR10,fp32_fused_qat,42,layer3.0.conv2,layer3.0.conv2,"(256, 256, 3, 3)",50.894398307800294,42,3,
resnet50_no_weights,CIFAR10,fp32_fused_qat,43,layer3.0.conv2,layer3.0.conv2,"(256, 256, 3, 3)",61.86364473615374,43,3,
resnet50_no_weights,CIFAR10,fp32_fused_qat,44,layer3.0.conv2,layer3.0.conv2,"(256, 256, 3, 3)",53.67052412033081,44,3,
resnet50_no_weights,CIFAR10,fp32_fused_qat,"42,43,44",layer3.0.conv2,layer3.0.conv2,"(256, 256, 3, 3)",55.47618905476161,aggregate,3,5.703193069944322
resnet50_no_weights,CIFAR10,fp32_fused_qat,42,layer3.0.conv3,layer3.0.conv3,"(1024, 256, 1, 1)",23.093626022338867,42,3,
resnet50_no_weights,CIFAR10,fp32_fused_qat,43,layer3.0.conv3,layer3.0.conv3,"(1024, 256, 1, 1)",27.69088636364853,43,3,
resnet50_no_weights,CIFAR10,fp32_fused_qat,44,layer3.0.conv3,layer3.0.conv3,"(1024, 256, 1, 1)",23.84355013711112,44,3,
resnet50_no_weights,CIFAR10,fp32_fused_qat,"42,43,44",layer3.0.conv3,layer3.0.conv3,"(1024, 256, 1, 1)",24.87602084103284,aggregate,3,2.4664138901018053
resnet50_no_weights,CIFAR10,fp32_fused_qat,42,layer3.0.downsample.0,layer3.0.downsample.0,"(1024, 512, 1, 1)",32.42310692282284,42,3,
resnet50_no_weights,CIFAR10,fp32_fused_qat,43,layer3.0.downsample.0,layer3.0.downsample.0,"(1024, 512, 1, 1)",33.48189202221957,43,3,
resnet50_no_weights,CIFAR10,fp32_fused_qat,44,layer3.0.downsample.0,layer3.0.downsample.0,"(1024, 512, 1, 1)",35.877727296617294,44,3,
resnet50_no_weights,CIFAR10,fp32_fused_qat,"42,43,44",layer3.0.downsample.0,layer3.0.downsample.0,"(1024, 512, 1, 1)",33.927575413886565,aggregate,3,1.7699084004447194
resnet50_no_weights,CIFAR10,fp32_fused_qat,42,layer3.1.conv1,layer3.1.conv1,"(256, 1024, 1, 1)",13.434803432888454,42,3,
resnet50_no_weights,CIFAR10,fp32_fused_qat,43,layer3.1.conv1,layer3.1.conv1,"(256, 1024, 1, 1)",12.635988389031361,43,3,
resnet50_no_weights,CIFAR10,fp32_fused_qat,44,layer3.1.conv1,layer3.1.conv1,"(256, 1024, 1, 1)",12.896208946521465,44,3,
resnet50_no_weights,CIFAR10,fp32_fused_qat,"42,43,44",layer3.1.conv1,layer3.1.conv1,"(256, 1024, 1, 1)",12.989000256147094,aggregate,3,0.407411387825171
resnet50_no_weights,CIFAR10,fp32_fused_qat,42,layer3.1.conv2,layer3.1.conv2,"(256, 256, 3, 3)",16.774921814600628,42,3,
resnet50_no_weights,CIFAR10,fp32_fused_qat,43,layer3.1.conv2,layer3.1.conv2,"(256, 256, 3, 3)",17.250527634912608,43,3,
resnet50_no_weights,CIFAR10,fp32_fused_qat,44,layer3.1.conv2,layer3.1.conv2,"(256, 256, 3, 3)",17.107474533287256,44,3,
resnet50_no_weights,CIFAR10,fp32_fused_qat,"42,43,44",layer3.1.conv2,layer3.1.conv2,"(256, 256, 3, 3)",17.04430799426683,aggregate,3,0.24401379636717682
resnet50_no_weights,CIFAR10,fp32_fused_qat,42,layer3.1.conv3,layer3.1.conv3,"(1024, 256, 1, 1)",10.594278546266777,42,3,
resnet50_no_weights,CIFAR10,fp32_fused_qat,43,layer3.1.conv3,layer3.1.conv3,"(1024, 256, 1, 1)",10.263092613220214,43,3,
resnet50_no_weights,CIFAR10,fp32_fused_qat,44,layer3.1.conv3,layer3.1.conv3,"(1024, 256, 1, 1)",12.801390012105307,44,3,
resnet50_no_weights,CIFAR10,fp32_fused_qat,"42,43,44",layer3.1.conv3,layer3.1.conv3,"(1024, 256, 1, 1)",11.219587057197433,aggregate,3,1.3798537863405824
resnet50_no_weights,CIFAR10,fp32_fused_qat,42,layer3.2.conv1,layer3.2.conv1,"(256, 1024, 1, 1)",20.840643271421776,42,3,
resnet50_no_weights,CIFAR10,fp32_fused_qat,43,layer3.2.conv1,layer3.2.conv1,"(256, 1024, 1, 1)",19.71439983661358,43,3,
resnet50_no_weights,CIFAR10,fp32_fused_qat,44,layer3.2.conv1,layer3.2.conv1,"(256, 1024, 1, 1)",19.978945626152885,44,3,
resnet50_no_weights,CIFAR10,fp32_fused_qat,"42,43,44",layer3.2.conv1,layer3.2.conv1,"(256, 1024, 1, 1)",20.177996244729414,aggregate,3,0.5889158939771573
resnet50_no_weights,CIFAR10,fp32_fused_qat,42,layer3.2.conv2,layer3.2.conv2,"(256, 256, 3, 3)",13.89591121673584,42,3,
resnet50_no_weights,CIFAR10,fp32_fused_qat,43,layer3.2.conv2,layer3.2.conv2,"(256, 256, 3, 3)",15.469058127630325,43,3,
resnet50_no_weights,CIFAR10,fp32_fused_qat,44,layer3.2.conv2,layer3.2.conv2,"(256, 256, 3, 3)",14.764071391179012,44,3,
resnet50_no_weights,CIFAR10,fp32_fused_qat,"42,43,44",layer3.2.conv2,layer3.2.conv2,"(256, 256, 3, 3)",14.709680245181726,aggregate,3,0.7879826129975132
resnet50_no_weights,CIFAR10,fp32_fused_qat,42,layer3.2.conv3,layer3.2.conv3,"(1024, 256, 1, 1)",8.20702075958252,42,3,
resnet50_no_weights,CIFAR10,fp32_fused_qat,43,layer3.2.conv3,layer3.2.conv3,"(1024, 256, 1, 1)",9.522562151369842,43,3,
resnet50_no_weights,CIFAR10,fp32_fused_qat,44,layer3.2.conv3,layer3.2.conv3,"(1024, 256, 1, 1)",9.14145113627116,44,3,
resnet50_no_weights,CIFAR10,fp32_fused_qat,"42,43,44",layer3.2.conv3,layer3.2.conv3,"(1024, 256, 1, 1)",8.957011349074508,aggregate,3,0.6768868551702648
resnet50_no_weights,CIFAR10,fp32_fused_qat,42,layer3.3.conv1,layer3.3.conv1,"(256, 1024, 1, 1)",37.421326319376625,42,3,
resnet50_no_weights,CIFAR10,fp32_fused_qat,43,layer3.3.conv1,layer3.3.conv1,"(256, 1024, 1, 1)",37.53805211011101,43,3,
resnet50_no_weights,CIFAR10,fp32_fused_qat,44,layer3.3.conv1,layer3.3.conv1,"(256, 1024, 1, 1)",44.85608625411987,44,3,
resnet50_no_weights,CIFAR10,fp32_fused_qat,"42,43,44",layer3.3.conv1,layer3.3.conv1,"(256, 1024, 1, 1)",39.93848822786917,aggregate,3,4.259164705478558
resnet50_no_weights,CIFAR10,fp32_fused_qat,42,layer3.3.conv2,layer3.3.conv2,"(256, 256, 3, 3)",27.82928614182906,42,3,
resnet50_no_weights,CIFAR10,fp32_fused_qat,43,layer3.3.conv2,layer3.3.conv2,"(256, 256, 3, 3)",29.523831605911255,43,3,
resnet50_no_weights,CIFAR10,fp32_fused_qat,44,layer3.3.conv2,layer3.3.conv2,"(256, 256, 3, 3)",28.53524070315891,44,3,
resnet50_no_weights,CIFAR10,fp32_fused_qat,"42,43,44",layer3.3.conv2,layer3.3.conv2,"(256, 256, 3, 3)",28.629452816966406,aggregate,3,0.8511921194721227
resnet50_no_weights,CIFAR10,fp32_fused_qat,42,layer3.3.conv3,layer3.3.conv3,"(1024, 256, 1, 1)",14.925873491499159,42,3,
resnet50_no_weights,CIFAR10,fp32_fused_qat,43,layer3.3.conv3,layer3.3.conv3,"(1024, 256, 1, 1)",14.539186763763428,43,3,
resnet50_no_weights,CIFAR10,fp32_fused_qat,44,layer3.3.conv3,layer3.3.conv3,"(1024, 256, 1, 1)",14.765585205771707,44,3,
resnet50_no_weights,CIFAR10,fp32_fused_qat,"42,43,44",layer3.3.conv3,layer3.3.conv3,"(1024, 256, 1, 1)",14.74354848701143,aggregate,3,0.19428296137858136
resnet50_no_weights,CIFAR10,fp32_fused_qat,42,layer3.4.conv1,layer3.4.conv1,"(256, 1024, 1, 1)",50.63298832286488,42,3,
resnet50_no_weights,CIFAR10,fp32_fused_qat,43,layer3.4.conv1,layer3.4.conv1,"(256, 1024, 1, 1)",43.78495197296142,43,3,
resnet50_no_weights,CIFAR10,fp32_fused_qat,44,layer3.4.conv1,layer3.4.conv1,"(256, 1024, 1, 1)",40.86759512765067,44,3,
resnet50_no_weights,CIFAR10,fp32_fused_qat,"42,43,44",layer3.4.conv1,layer3.4.conv1,"(256, 1024, 1, 1)",45.09517847449232,aggregate,3,5.012808212795444
resnet50_no_weights,CIFAR10,fp32_fused_qat,42,layer3.4.conv2,layer3.4.conv2,"(256, 256, 3, 3)",18.143424606323244,42,3,
resnet50_no_weights,CIFAR10,fp32_fused_qat,43,layer3.4.conv2,layer3.4.conv2,"(256, 256, 3, 3)",16.455168550664727,43,3,
resnet50_no_weights,CIFAR10,fp32_fused_qat,44,layer3.4.conv2,layer3.4.conv2,"(256, 256, 3, 3)",18.40320346468971,44,3,
resnet50_no_weights,CIFAR10,fp32_fused_qat,"42,43,44",layer3.4.conv2,layer3.4.conv2,"(256, 256, 3, 3)",17.667265540559228,aggregate,3,1.0577124365804853
resnet50_no_weights,CIFAR10,fp32_fused_qat,42,layer3.4.conv3,layer3.4.conv3,"(1024, 256, 1, 1)",13.121625726873225,42,3,
resnet50_no_weights,CIFAR10,fp32_fused_qat,43,layer3.4.conv3,layer3.4.conv3,"(1024, 256, 1, 1)",12.695877103244557,43,3,
resnet50_no_weights,CIFAR10,fp32_fused_qat,44,layer3.4.conv3,layer3.4.conv3,"(1024, 256, 1, 1)",13.925183562345284,44,3,
resnet50_no_weights,CIFAR10,fp32_fused_qat,"42,43,44",layer3.4.conv3,layer3.4.conv3,"(1024, 256, 1, 1)",13.247562130821022,aggregate,3,0.6242544160646112
resnet50_no_weights,CIFAR10,fp32_fused_qat,42,layer3.5.conv1,layer3.5.conv1,"(256, 1024, 1, 1)",43.39008561954942,42,3,
resnet50_no_weights,CIFAR10,fp32_fused_qat,43,layer3.5.conv1,layer3.5.conv1,"(256, 1024, 1, 1)",43.801480986855246,43,3,
resnet50_no_weights,CIFAR10,fp32_fused_qat,44,layer3.5.conv1,layer3.5.conv1,"(256, 1024, 1, 1)",44.86473902412083,44,3,
resnet50_no_weights,CIFAR10,fp32_fused_qat,"42,43,44",layer3.5.conv1,layer3.5.conv1,"(256, 1024, 1, 1)",44.0187685435085,aggregate,3,0.760960628160728
resnet50_no_weights,CIFAR10,fp32_fused_qat,42,layer3.5.conv2,layer3.5.conv2,"(256, 256, 3, 3)",7.355988533266129,42,3,
resnet50_no_weights,CIFAR10,fp32_fused_qat,43,layer3.5.conv2,layer3.5.conv2,"(256, 256, 3, 3)",8.03272432088852,43,3,
resnet50_no_weights,CIFAR10,fp32_fused_qat,44,layer3.5.conv2,layer3.5.conv2,"(256, 256, 3, 3)",6.6474418838818865,44,3,
resnet50_no_weights,CIFAR10,fp32_fused_qat,"42,43,44",layer3.5.conv2,layer3.5.conv2,"(256, 256, 3, 3)",7.345384912678845,aggregate,3,0.6927020897521012
resnet50_no_weights,CIFAR10,fp32_fused_qat,42,layer3.5.conv3,layer3.5.conv3,"(1024, 256, 1, 1)",6.858950841994512,42,3,
resnet50_no_weights,CIFAR10,fp32_fused_qat,43,layer3.5.conv3,layer3.5.conv3,"(1024, 256, 1, 1)",7.224713788713728,43,3,
resnet50_no_weights,CIFAR10,fp32_fused_qat,44,layer3.5.conv3,layer3.5.conv3,"(1024, 256, 1, 1)",7.154912153879802,44,3,
resnet50_no_weights,CIFAR10,fp32_fused_qat,"42,43,44",layer3.5.conv3,layer3.5.conv3,"(1024, 256, 1, 1)",7.07952559486268,aggregate,3,0.1941854352378475
resnet50_no_weights,CIFAR10,fp32_fused_qat,42,layer4.0.conv1,layer4.0.conv1,"(512, 1024, 1, 1)",49.78880708448349,42,3,
resnet50_no_weights,CIFAR10,fp32_fused_qat,43,layer4.0.conv1,layer4.0.conv1,"(512, 1024, 1, 1)",57.772979851925015,43,3,
resnet50_no_weights,CIFAR10,fp32_fused_qat,44,layer4.0.conv1,layer4.0.conv1,"(512, 1024, 1, 1)",57.512300951727504,44,3,
resnet50_no_weights,CIFAR10,fp32_fused_qat,"42,43,44",layer4.0.conv1,layer4.0.conv1,"(512, 1024, 1, 1)",55.024695962712,aggregate,3,4.53628566462914
resnet50_no_weights,CIFAR10,fp32_fused_qat,42,layer4.0.conv2,layer4.0.conv2,"(512, 512, 3, 3)",11.323951148986817,42,3,
resnet50_no_weights,CIFAR10,fp32_fused_qat,43,layer4.0.conv2,layer4.0.conv2,"(512, 512, 3, 3)",13.435473906688202,43,3,
resnet50_no_weights,CIFAR10,fp32_fused_qat,44,layer4.0.conv2,layer4.0.conv2,"(512, 512, 3, 3)",12.702647425911643,44,3,
resnet50_no_weights,CIFAR10,fp32_fused_qat,"42,43,44",layer4.0.conv2,layer4.0.conv2,"(512, 512, 3, 3)",12.48735749386222,aggregate,3,1.0720981322640661
resnet50_no_weights,CIFAR10,fp32_fused_qat,42,layer4.0.conv3,layer4.0.conv3,"(2048, 512, 1, 1)",9.9506456526843,42,3,
resnet50_no_weights,CIFAR10,fp32_fused_qat,43,layer4.0.conv3,layer4.0.conv3,"(2048, 512, 1, 1)",9.38233258174016,43,3,
resnet50_no_weights,CIFAR10,fp32_fused_qat,44,layer4.0.conv3,layer4.0.conv3,"(2048, 512, 1, 1)",10.37155746786218,44,3,
resnet50_no_weights,CIFAR10,fp32_fused_qat,"42,43,44",layer4.0.conv3,layer4.0.conv3,"(2048, 512, 1, 1)",9.901511900762213,aggregate,3,0.49643938503531004
resnet50_no_weights,CIFAR10,fp32_fused_qat,42,layer4.0.downsample.0,layer4.0.downsample.0,"(2048, 1024, 1, 1)",88.3434478141166,42,3,
resnet50_no_weights,CIFAR10,fp32_fused_qat,43,layer4.0.downsample.0,layer4.0.downsample.0,"(2048, 1024, 1, 1)",90.05036199660529,43,3,
resnet50_no_weights,CIFAR10,fp32_fused_qat,44,layer4.0.downsample.0,layer4.0.downsample.0,"(2048, 1024, 1, 1)",81.2427730171048,44,3,
resnet50_no_weights,CIFAR10,fp32_fused_qat,"42,43,44",layer4.0.downsample.0,layer4.0.downsample.0,"(2048, 1024, 1, 1)",86.54552760927557,aggregate,3,4.670952119770269
resnet50_no_weights,CIFAR10,fp32_fused_qat,42,layer4.1.conv1,layer4.1.conv1,"(512, 2048, 1, 1)",33.642909275858024,42,3,
resnet50_no_weights,CIFAR10,fp32_fused_qat,43,layer4.1.conv1,layer4.1.conv1,"(512, 2048, 1, 1)",42.631519079208374,43,3,
resnet50_no_weights,CIFAR10,fp32_fused_qat,44,layer4.1.conv1,layer4.1.conv1,"(512, 2048, 1, 1)",44.3205498286656,44,3,
resnet50_no_weights,CIFAR10,fp32_fused_qat,"42,43,44",layer4.1.conv1,layer4.1.conv1,"(512, 2048, 1, 1)",40.198326061243996,aggregate,3,5.7396274391935185
resnet50_no_weights,CIFAR10,fp32_fused_qat,42,layer4.1.conv2,layer4.1.conv2,"(512, 512, 3, 3)",93.1284236907959,42,3,
resnet50_no_weights,CIFAR10,fp32_fused_qat,43,layer4.1.conv2,layer4.1.conv2,"(512, 512, 3, 3)",91.15570020675659,43,3,
resnet50_no_weights,CIFAR10,fp32_fused_qat,44,layer4.1.conv2,layer4.1.conv2,"(512, 512, 3, 3)",93.59450276692708,44,3,
resnet50_no_weights,CIFAR10,fp32_fused_qat,"42,43,44",layer4.1.conv2,layer4.1.conv2,"(512, 512, 3, 3)",92.62620888815985,aggregate,3,1.2946444542281095
resnet50_no_weights,CIFAR10,fp32_fused_qat,42,layer4.1.conv3,layer4.1.conv3,"(2048, 512, 1, 1)",18.73001046180725,42,3,
resnet50_no_weights,CIFAR10,fp32_fused_qat,43,layer4.1.conv3,layer4.1.conv3,"(2048, 512, 1, 1)",22.797537803649902,43,3,
resnet50_no_weights,CIFAR10,fp32_fused_qat,44,layer4.1.conv3,layer4.1.conv3,"(2048, 512, 1, 1)",19.341413536071776,44,3,
resnet50_no_weights,CIFAR10,fp32_fused_qat,"42,43,44",layer4.1.conv3,layer4.1.conv3,"(2048, 512, 1, 1)",20.289653933842978,aggregate,3,2.1932999243453573
resnet50_no_weights,CIFAR10,fp32_fused_qat,42,layer4.2.conv1,layer4.2.conv1,"(512, 2048, 1, 1)",40.20052146911621,42,3,
resnet50_no_weights,CIFAR10,fp32_fused_qat,43,layer4.2.conv1,layer4.2.conv1,"(512, 2048, 1, 1)",41.25898145592731,43,3,
resnet50_no_weights,CIFAR10,fp32_fused_qat,44,layer4.2.conv1,layer4.2.conv1,"(512, 2048, 1, 1)",37.80355215072632,44,3,
resnet50_no_weights,CIFAR10,fp32_fused_qat,"42,43,44",layer4.2.conv1,layer4.2.conv1,"(512, 2048, 1, 1)",39.75435169192328,aggregate,3,1.7703950190199778
resnet50_no_weights,CIFAR10,fp32_fused_qat,42,layer4.2.conv2,layer4.2.conv2,"(512, 512, 3, 3)",10.488742487771171,42,3,
resnet50_no_weights,CIFAR10,fp32_fused_qat,43,layer4.2.conv2,layer4.2.conv2,"(512, 512, 3, 3)",11.786121186755953,43,3,
resnet50_no_weights,CIFAR10,fp32_fused_qat,44,layer4.2.conv2,layer4.2.conv2,"(512, 512, 3, 3)",10.283992320299149,44,3,
resnet50_no_weights,CIFAR10,fp32_fused_qat,"42,43,44",layer4.2.conv2,layer4.2.conv2,"(512, 512, 3, 3)",10.852951998275424,aggregate,3,0.8146067815314401
resnet50_no_weights,CIFAR10,fp32_fused_qat,42,layer4.2.conv3,layer4.2.conv3,"(2048, 512, 1, 1)",5.497003646123977,42,3,
resnet50_no_weights,CIFAR10,fp32_fused_qat,43,layer4.2.conv3,layer4.2.conv3,"(2048, 512, 1, 1)",5.693715589387076,43,3,
resnet50_no_weights,CIFAR10,fp32_fused_qat,44,layer4.2.conv3,layer4.2.conv3,"(2048, 512, 1, 1)",6.125376953019036,44,3,
resnet50_no_weights,CIFAR10,fp32_fused_qat,"42,43,44",layer4.2.conv3,layer4.2.conv3,"(2048, 512, 1, 1)",5.772032062843363,aggregate,3,0.3214239501274448
resnet50_no_weights,CIFAR10,fp32_fused_qat,42,fc,fc,"(10, 2048)",6.235194094637607,42,3,
resnet50_no_weights,CIFAR10,fp32_fused_qat,43,fc,fc,"(10, 2048)",6.849642276763916,43,3,
resnet50_no_weights,CIFAR10,fp32_fused_qat,44,fc,fc,"(10, 2048)",6.449882782023886,44,3,
resnet50_no_weights,CIFAR10,fp32_fused_qat,"42,43,44",fc,fc,"(10, 2048)",6.511573051141803,aggregate,3,0.31183474647232984
resnet18_no_weights,CIFAR10,fp32_unfused,42,conv1,conv1,"(64, 3, 3, 3)",26.225686141422816,42,3,
resnet18_no_weights,CIFAR10,fp32_unfused,43,conv1,conv1,"(64, 3, 3, 3)",24.144905304908754,43,3,
resnet18_no_weights,CIFAR10,fp32_unfused,44,conv1,conv1,"(64, 3, 3, 3)",24.038128058115642,44,3,
resnet18_no_weights,CIFAR10,fp32_unfused,"42,43,44",conv1,conv1,"(64, 3, 3, 3)",24.802906501482404,aggregate,3,1.2333194123907665
resnet18_no_weights,CIFAR10,fp32_unfused,42,layer1.0.conv1,layer1.0.conv1,"(64, 64, 3, 3)",42.908077239990234,42,3,
resnet18_no_weights,CIFAR10,fp32_unfused,43,layer1.0.conv1,layer1.0.conv1,"(64, 64, 3, 3)",39.40621705488725,43,3,
resnet18_no_weights,CIFAR10,fp32_unfused,44,layer1.0.conv1,layer1.0.conv1,"(64, 64, 3, 3)",51.275510470072426,44,3,
resnet18_no_weights,CIFAR10,fp32_unfused,"42,43,44",layer1.0.conv1,layer1.0.conv1,"(64, 64, 3, 3)",44.52993492164997,aggregate,3,6.098593960791993
resnet18_no_weights,CIFAR10,fp32_unfused,42,layer1.0.conv2,layer1.0.conv2,"(64, 64, 3, 3)",57.111692345660664,42,3,
resnet18_no_weights,CIFAR10,fp32_unfused,43,layer1.0.conv2,layer1.0.conv2,"(64, 64, 3, 3)",57.46887662934094,43,3,
resnet18_no_weights,CIFAR10,fp32_unfused,44,layer1.0.conv2,layer1.0.conv2,"(64, 64, 3, 3)",62.328384717305504,44,3,
resnet18_no_weights,CIFAR10,fp32_unfused,"42,43,44",layer1.0.conv2,layer1.0.conv2,"(64, 64, 3, 3)",58.96965123076904,aggregate,3,2.914225991290502
resnet18_no_weights,CIFAR10,fp32_unfused,42,layer1.1.conv1,layer1.1.conv1,"(64, 64, 3, 3)",60.19228324890137,42,3,
resnet18_no_weights,CIFAR10,fp32_unfused,43,layer1.1.conv1,layer1.1.conv1,"(64, 64, 3, 3)",92.68775024414063,43,3,
resnet18_no_weights,CIFAR10,fp32_unfused,44,layer1.1.conv1,layer1.1.conv1,"(64, 64, 3, 3)",83.63209470113118,44,3,
resnet18_no_weights,CIFAR10,fp32_unfused,"42,43,44",layer1.1.conv1,layer1.1.conv1,"(64, 64, 3, 3)",78.8373760647244,aggregate,3,16.769938548229714
resnet18_no_weights,CIFAR10,fp32_unfused,42,layer1.1.conv2,layer1.1.conv2,"(64, 64, 3, 3)",39.91856595873833,42,3,
resnet18_no_weights,CIFAR10,fp32_unfused,43,layer1.1.conv2,layer1.1.conv2,"(64, 64, 3, 3)",36.674094286831945,43,3,
resnet18_no_weights,CIFAR10,fp32_unfused,44,layer1.1.conv2,layer1.1.conv2,"(64, 64, 3, 3)",38.6634929491126,44,3,
resnet18_no_weights,CIFAR10,fp32_unfused,"42,43,44",layer1.1.conv2,layer1.1.conv2,"(64, 64, 3, 3)",38.41871773156096,aggregate,3,1.6360272882187323
resnet18_no_weights,CIFAR10,fp32_unfused,42,layer2.0.conv1,layer2.0.conv1,"(128, 64, 3, 3)",54.52484601736069,42,3,
resnet18_no_weights,CIFAR10,fp32_unfused,43,layer2.0.conv1,layer2.0.conv1,"(128, 64, 3, 3)",48.75247383117676,43,3,
resnet18_no_weights,CIFAR10,fp32_unfused,44,layer2.0.conv1,layer2.0.conv1,"(128, 64, 3, 3)",55.58044204711914,44,3,
resnet18_no_weights,CIFAR10,fp32_unfused,"42,43,44",layer2.0.conv1,layer2.0.conv1,"(128, 64, 3, 3)",52.952587298552196,aggregate,3,3.675498006887209
resnet18_no_weights,CIFAR10,fp32_unfused,42,layer2.0.conv2,layer2.0.conv2,"(128, 128, 3, 3)",80.28238169352214,42,3,
resnet18_no_weights,CIFAR10,fp32_unfused,43,layer2.0.conv2,layer2.0.conv2,"(128, 128, 3, 3)",71.65257263183594,43,3,
resnet18_no_weights,CIFAR10,fp32_unfused,44,layer2.0.conv2,layer2.0.conv2,"(128, 128, 3, 3)",65.4325803120931,44,3,
resnet18_no_weights,CIFAR10,fp32_unfused,"42,43,44",layer2.0.conv2,layer2.0.conv2,"(128, 128, 3, 3)",72.45584487915039,aggregate,3,7.457418118521463
resnet18_no_weights,CIFAR10,fp32_unfused,42,layer2.0.downsample.0,layer2.0.downsample.0,"(128, 64, 1, 1)",40.31816912806311,42,3,
resnet18_no_weights,CIFAR10,fp32_unfused,43,layer2.0.downsample.0,layer2.0.downsample.0,"(128, 64, 1, 1)",35.87015209197998,43,3,
resnet18_no_weights,CIFAR10,fp32_unfused,44,layer2.0.downsample.0,layer2.0.downsample.0,"(128, 64, 1, 1)",47.40258228077608,44,3,
resnet18_no_weights,CIFAR10,fp32_unfused,"42,43,44",layer2.0.downsample.0,layer2.0.downsample.0,"(128, 64, 1, 1)",41.196967833606394,aggregate,3,5.8162231635755095
resnet18_no_weights,CIFAR10,fp32_unfused,42,layer2.1.conv1,layer2.1.conv1,"(128, 128, 3, 3)",45.87235553448017,42,3,
resnet18_no_weights,CIFAR10,fp32_unfused,43,layer2.1.conv1,layer2.1.conv1,"(128, 128, 3, 3)",54.23699369663146,43,3,
resnet18_no_weights,CIFAR10,fp32_unfused,44,layer2.1.conv1,layer2.1.conv1,"(128, 128, 3, 3)",50.34957937760787,44,3,
resnet18_no_weights,CIFAR10,fp32_unfused,"42,43,44",layer2.1.conv1,layer2.1.conv1,"(128, 128, 3, 3)",50.1529762029065,aggregate,3,4.185783379745828
resnet18_no_weights,CIFAR10,fp32_unfused,42,layer2.1.conv2,layer2.1.conv2,"(128, 128, 3, 3)",40.1192481600005,42,3,
resnet18_no_weights,CIFAR10,fp32_unfused,43,layer2.1.conv2,layer2.1.conv2,"(128, 128, 3, 3)",43.599010919269766,43,3,
resnet18_no_weights,CIFAR10,fp32_unfused,44,layer2.1.conv2,layer2.1.conv2,"(128, 128, 3, 3)",41.52398509979248,44,3,
resnet18_no_weights,CIFAR10,fp32_unfused,"42,43,44",layer2.1.conv2,layer2.1.conv2,"(128, 128, 3, 3)",41.74741472635425,aggregate,3,1.7506078412135762
resnet18_no_weights,CIFAR10,fp32_unfused,42,layer3.0.conv1,layer3.0.conv1,"(256, 128, 3, 3)",82.63455291748046,42,3,
resnet18_no_weights,CIFAR10,fp32_unfused,43,layer3.0.conv1,layer3.0.conv1,"(256, 128, 3, 3)",72.97832466574276,43,3,
resnet18_no_weights,CIFAR10,fp32_unfused,44,layer3.0.conv1,layer3.0.conv1,"(256, 128, 3, 3)",85.2702366420201,44,3,
resnet18_no_weights,CIFAR10,fp32_unfused,"42,43,44",layer3.0.conv1,layer3.0.conv1,"(256, 128, 3, 3)",80.29437140841443,aggregate,3,6.471484538316416
resnet18_no_weights,CIFAR10,fp32_unfused,42,layer3.0.conv2,layer3.0.conv2,"(256, 256, 3, 3)",99.64653456838508,42,3,
resnet18_no_weights,CIFAR10,fp32_unfused,43,layer3.0.conv2,layer3.0.conv2,"(256, 256, 3, 3)",105.20144315866324,43,3,
resnet18_no_weights,CIFAR10,fp32_unfused,44,layer3.0.conv2,layer3.0.conv2,"(256, 256, 3, 3)",100.38198634556362,44,3,
resnet18_no_weights,CIFAR10,fp32_unfused,"42,43,44",layer3.0.conv2,layer3.0.conv2,"(256, 256, 3, 3)",101.74332135753731,aggregate,3,3.0173128977130603
resnet18_no_weights,CIFAR10,fp32_unfused,42,layer3.0.downsample.0,layer3.0.downsample.0,"(256, 128, 1, 1)",37.042561531066895,42,3,
resnet18_no_weights,CIFAR10,fp32_unfused,43,layer3.0.downsample.0,layer3.0.downsample.0,"(256, 128, 1, 1)",34.93687375386556,43,3,
resnet18_no_weights,CIFAR10,fp32_unfused,44,layer3.0.downsample.0,layer3.0.downsample.0,"(256, 128, 1, 1)",38.18468441282,44,3,
resnet18_no_weights,CIFAR10,fp32_unfused,"42,43,44",layer3.0.downsample.0,layer3.0.downsample.0,"(256, 128, 1, 1)",36.72137323258415,aggregate,3,1.6475557536593992
resnet18_no_weights,CIFAR10,fp32_unfused,42,layer3.1.conv1,layer3.1.conv1,"(256, 256, 3, 3)",82.17762565612793,42,3,
resnet18_no_weights,CIFAR10,fp32_unfused,43,layer3.1.conv1,layer3.1.conv1,"(256, 256, 3, 3)",87.08096614636872,43,3,
resnet18_no_weights,CIFAR10,fp32_unfused,44,layer3.1.conv1,layer3.1.conv1,"(256, 256, 3, 3)",90.22719994906721,44,3,
resnet18_no_weights,CIFAR10,fp32_unfused,"42,43,44",layer3.1.conv1,layer3.1.conv1,"(256, 256, 3, 3)",86.49526391718796,aggregate,3,4.05662383027287
resnet18_no_weights,CIFAR10,fp32_unfused,42,layer3.1.conv2,layer3.1.conv2,"(256, 256, 3, 3)",57.40976448059082,42,3,
resnet18_no_weights,CIFAR10,fp32_unfused,43,layer3.1.conv2,layer3.1.conv2,"(256, 256, 3, 3)",53.02123662775213,43,3,
resnet18_no_weights,CIFAR10,fp32_unfused,44,layer3.1.conv2,layer3.1.conv2,"(256, 256, 3, 3)",53.48872262460214,44,3,
resnet18_no_weights,CIFAR10,fp32_unfused,"42,43,44",layer3.1.conv2,layer3.1.conv2,"(256, 256, 3, 3)",54.6399079109817,aggregate,3,2.4101275591693967
resnet18_no_weights,CIFAR10,fp32_unfused,42,layer4.0.conv1,layer4.0.conv1,"(512, 256, 3, 3)",62.67214171091715,42,3,
resnet18_no_weights,CIFAR10,fp32_unfused,43,layer4.0.conv1,layer4.0.conv1,"(512, 256, 3, 3)",62.495920953296476,43,3,
resnet18_no_weights,CIFAR10,fp32_unfused,44,layer4.0.conv1,layer4.0.conv1,"(512, 256, 3, 3)",66.89178939092727,44,3,
resnet18_no_weights,CIFAR10,fp32_unfused,"42,43,44",layer4.0.conv1,layer4.0.conv1,"(512, 256, 3, 3)",64.01995068504696,aggregate,3,2.4886455358886086
resnet18_no_weights,CIFAR10,fp32_unfused,42,layer4.0.conv2,layer4.0.conv2,"(512, 512, 3, 3)",55.79802367266487,42,3,
resnet18_no_weights,CIFAR10,fp32_unfused,43,layer4.0.conv2,layer4.0.conv2,"(512, 512, 3, 3)",54.881753540039064,43,3,
resnet18_no_weights,CIFAR10,fp32_unfused,44,layer4.0.conv2,layer4.0.conv2,"(512, 512, 3, 3)",57.5243991505016,44,3,
resnet18_no_weights,CIFAR10,fp32_unfused,"42,43,44",layer4.0.conv2,layer4.0.conv2,"(512, 512, 3, 3)",56.068058787735175,aggregate,3,1.341858106564366
resnet18_no_weights,CIFAR10,fp32_unfused,42,layer4.0.downsample.0,layer4.0.downsample.0,"(512, 256, 1, 1)",29.163847691303975,42,3,
resnet18_no_weights,CIFAR10,fp32_unfused,43,layer4.0.downsample.0,layer4.0.downsample.0,"(512, 256, 1, 1)",33.20389099121094,43,3,
resnet18_no_weights,CIFAR10,fp32_unfused,44,layer4.0.downsample.0,layer4.0.downsample.0,"(512, 256, 1, 1)",25.019027328491212,44,3,
resnet18_no_weights,CIFAR10,fp32_unfused,"42,43,44",layer4.0.downsample.0,layer4.0.downsample.0,"(512, 256, 1, 1)",29.12892200366871,aggregate,3,4.092543603563687
resnet18_no_weights,CIFAR10,fp32_unfused,42,layer4.1.conv1,layer4.1.conv1,"(512, 512, 3, 3)",51.86209402084351,42,3,
resnet18_no_weights,CIFAR10,fp32_unfused,43,layer4.1.conv1,layer4.1.conv1,"(512, 512, 3, 3)",53.93288394383022,43,3,
resnet18_no_weights,CIFAR10,fp32_unfused,44,layer4.1.conv1,layer4.1.conv1,"(512, 512, 3, 3)",52.84596903570767,44,3,
resnet18_no_weights,CIFAR10,fp32_unfused,"42,43,44",layer4.1.conv1,layer4.1.conv1,"(512, 512, 3, 3)",52.8803156667938,aggregate,3,1.0358221346283607
resnet18_no_weights,CIFAR10,fp32_unfused,42,layer4.1.conv2,layer4.1.conv2,"(512, 512, 3, 3)",16.115720315413043,42,3,
resnet18_no_weights,CIFAR10,fp32_unfused,43,layer4.1.conv2,layer4.1.conv2,"(512, 512, 3, 3)",17.9947583410475,43,3,
resnet18_no_weights,CIFAR10,fp32_unfused,44,layer4.1.conv2,layer4.1.conv2,"(512, 512, 3, 3)",17.7873352595738,44,3,
resnet18_no_weights,CIFAR10,fp32_unfused,"42,43,44",layer4.1.conv2,layer4.1.conv2,"(512, 512, 3, 3)",17.29927130534478,aggregate,3,1.0302188083161314
resnet18_no_weights,CIFAR10,fp32_unfused,42,fc,fc,"(10, 512)",4.192880617247687,42,3,
resnet18_no_weights,CIFAR10,fp32_unfused,43,fc,fc,"(10, 512)",4.72492420176665,43,3,
resnet18_no_weights,CIFAR10,fp32_unfused,44,fc,fc,"(10, 512)",4.51943031847477,44,3,
resnet18_no_weights,CIFAR10,fp32_unfused,"42,43,44",fc,fc,"(10, 512)",4.4790783791630355,aggregate,3,0.2683072925054593
resnet18_no_weights,CIFAR10,ptq,42,conv1,conv1,"(64, 3, 3, 3)",189.6536475590297,42,3,
resnet18_no_weights,CIFAR10,ptq,43,conv1,conv1,"(64, 3, 3, 3)",178.18959770202636,43,3,
resnet18_no_weights,CIFAR10,ptq,44,conv1,conv1,"(64, 3, 3, 3)",177.77314261234167,44,3,
resnet18_no_weights,CIFAR10,ptq,"42,43,44",conv1,conv1,"(64, 3, 3, 3)",181.87212929113258,aggregate,3,6.742208734950557
resnet18_no_weights,CIFAR10,ptq,42,layer1.0.conv1,layer1.0.conv1,"(64, 64, 3, 3)",79.56531450965188,42,3,
resnet18_no_weights,CIFAR10,ptq,43,layer1.0.conv1,layer1.0.conv1,"(64, 64, 3, 3)",80.34053781297472,43,3,
resnet18_no_weights,CIFAR10,ptq,44,layer1.0.conv1,layer1.0.conv1,"(64, 64, 3, 3)",89.7454411315918,44,3,
resnet18_no_weights,CIFAR10,ptq,"42,43,44",layer1.0.conv1,layer1.0.conv1,"(64, 64, 3, 3)",83.2170978180728,aggregate,3,5.666982672188075
resnet18_no_weights,CIFAR10,ptq,42,layer1.0.conv2,layer1.0.conv2,"(64, 64, 3, 3)",57.11946369352795,42,3,
resnet18_no_weights,CIFAR10,ptq,43,layer1.0.conv2,layer1.0.conv2,"(64, 64, 3, 3)",54.64471206665039,43,3,
resnet18_no_weights,CIFAR10,ptq,44,layer1.0.conv2,layer1.0.conv2,"(64, 64, 3, 3)",56.13255265179802,44,3,
resnet18_no_weights,CIFAR10,ptq,"42,43,44",layer1.0.conv2,layer1.0.conv2,"(64, 64, 3, 3)",55.965576137325456,aggregate,3,1.2457968417733016
resnet18_no_weights,CIFAR10,ptq,42,layer1.1.conv1,layer1.1.conv1,"(64, 64, 3, 3)",331.40327027264766,42,3,
resnet18_no_weights,CIFAR10,ptq,43,layer1.1.conv1,layer1.1.conv1,"(64, 64, 3, 3)",682.6190795898438,43,3,
resnet18_no_weights,CIFAR10,ptq,44,layer1.1.conv1,layer1.1.conv1,"(64, 64, 3, 3)",386.626998765128,44,3,
resnet18_no_weights,CIFAR10,ptq,"42,43,44",layer1.1.conv1,layer1.1.conv1,"(64, 64, 3, 3)",466.8831162092065,aggregate,3,188.8621705609187
resnet18_no_weights,CIFAR10,ptq,42,layer1.1.conv2,layer1.1.conv2,"(64, 64, 3, 3)",35.70460789998372,42,3,
resnet18_no_weights,CIFAR10,ptq,43,layer1.1.conv2,layer1.1.conv2,"(64, 64, 3, 3)",40.4565691947937,43,3,
resnet18_no_weights,CIFAR10,ptq,44,layer1.1.conv2,layer1.1.conv2,"(64, 64, 3, 3)",35.58457624912262,44,3,
resnet18_no_weights,CIFAR10,ptq,"42,43,44",layer1.1.conv2,layer1.1.conv2,"(64, 64, 3, 3)",37.24858444796668,aggregate,3,2.7788444543025843
resnet18_no_weights,CIFAR10,ptq,42,layer2.0.conv1,layer2.0.conv1,"(128, 64, 3, 3)",205.9249098404594,42,3,
resnet18_no_weights,CIFAR10,ptq,43,layer2.0.conv1,layer2.0.conv1,"(128, 64, 3, 3)",174.97454414367675,43,3,
resnet18_no_weights,CIFAR10,ptq,44,layer2.0.conv1,layer2.0.conv1,"(128, 64, 3, 3)",203.3574095101192,44,3,
resnet18_no_weights,CIFAR10,ptq,"42,43,44",layer2.0.conv1,layer2.0.conv1,"(128, 64, 3, 3)",194.75228783141844,aggregate,3,17.176069792594557
resnet18_no_weights,CIFAR10,ptq,42,layer2.0.conv2,layer2.0.conv2,"(128, 128, 3, 3)",35.90485226024281,42,3,
resnet18_no_weights,CIFAR10,ptq,43,layer2.0.conv2,layer2.0.conv2,"(128, 128, 3, 3)",47.67358064651489,43,3,
resnet18_no_weights,CIFAR10,ptq,44,layer2.0.conv2,layer2.0.conv2,"(128, 128, 3, 3)",37.98730869293213,44,3,
resnet18_no_weights,CIFAR10,ptq,"42,43,44",layer2.0.conv2,layer2.0.conv2,"(128, 128, 3, 3)",40.52191386656328,aggregate,3,6.280438638909698
resnet18_no_weights,CIFAR10,ptq,42,layer2.0.downsample.0,layer2.0.downsample.0,"(128, 64, 1, 1)",27.06305980682373,42,3,
resnet18_no_weights,CIFAR10,ptq,43,layer2.0.downsample.0,layer2.0.downsample.0,"(128, 64, 1, 1)",24.211126761002973,43,3,
resnet18_no_weights,CIFAR10,ptq,44,layer2.0.downsample.0,layer2.0.downsample.0,"(128, 64, 1, 1)",23.905406845940483,44,3,
resnet18_no_weights,CIFAR10,ptq,"42,43,44",layer2.0.downsample.0,layer2.0.downsample.0,"(128, 64, 1, 1)",25.05986447125573,aggregate,3,1.7415395002547325
resnet18_no_weights,CIFAR10,ptq,42,layer2.1.conv1,layer2.1.conv1,"(128, 128, 3, 3)",111.92302169799805,42,3,
resnet18_no_weights,CIFAR10,ptq,43,layer2.1.conv1,layer2.1.conv1,"(128, 128, 3, 3)",128.07861112511677,43,3,
resnet18_no_weights,CIFAR10,ptq,44,layer2.1.conv1,layer2.1.conv1,"(128, 128, 3, 3)",138.30941438674927,44,3,
resnet18_no_weights,CIFAR10,ptq,"42,43,44",layer2.1.conv1,layer2.1.conv1,"(128, 128, 3, 3)",126.10368240328803,aggregate,3,13.303596783331715
resnet18_no_weights,CIFAR10,ptq,42,layer2.1.conv2,layer2.1.conv2,"(128, 128, 3, 3)",19.227716060394936,42,3,
resnet18_no_weights,CIFAR10,ptq,43,layer2.1.conv2,layer2.1.conv2,"(128, 128, 3, 3)",21.46405402096835,43,3,
resnet18_no_weights,CIFAR10,ptq,44,layer2.1.conv2,layer2.1.conv2,"(128, 128, 3, 3)",20.97514491611057,44,3,
resnet18_no_weights,CIFAR10,ptq,"42,43,44",layer2.1.conv2,layer2.1.conv2,"(128, 128, 3, 3)",20.555638332491284,aggregate,3,1.1757088069544932
resnet18_no_weights,CIFAR10,ptq,42,layer3.0.conv1,layer3.0.conv1,"(256, 128, 3, 3)",263.6430645566998,42,3,
resnet18_no_weights,CIFAR10,ptq,43,layer3.0.conv1,layer3.0.conv1,"(256, 128, 3, 3)",265.9916908957741,43,3,
resnet18_no_weights,CIFAR10,ptq,44,layer3.0.conv1,layer3.0.conv1,"(256, 128, 3, 3)",239.355623626709,44,3,
resnet18_no_weights,CIFAR10,ptq,"42,43,44",layer3.0.conv1,layer3.0.conv1,"(256, 128, 3, 3)",256.3301263597276,aggregate,3,14.747180025180803
resnet18_no_weights,CIFAR10,ptq,42,layer3.0.conv2,layer3.0.conv2,"(256, 256, 3, 3)",58.27714238848005,42,3,
resnet18_no_weights,CIFAR10,ptq,43,layer3.0.conv2,layer3.0.conv2,"(256, 256, 3, 3)",63.975075006484985,43,3,
resnet18_no_weights,CIFAR10,ptq,44,layer3.0.conv2,layer3.0.conv2,"(256, 256, 3, 3)",66.36933485666911,44,3,
resnet18_no_weights,CIFAR10,ptq,"42,43,44",layer3.0.conv2,layer3.0.conv2,"(256, 256, 3, 3)",62.87385075054472,aggregate,3,4.1569719606893365
resnet18_no_weights,CIFAR10,ptq,42,layer3.0.downsample.0,layer3.0.downsample.0,"(256, 128, 1, 1)",30.1132129869963,42,3,
resnet18_no_weights,CIFAR10,ptq,43,layer3.0.downsample.0,layer3.0.downsample.0,"(256, 128, 1, 1)",26.756332533700125,43,3,
resnet18_no_weights,CIFAR10,ptq,44,layer3.0.downsample.0,layer3.0.downsample.0,"(256, 128, 1, 1)",27.350195145606996,44,3,
resnet18_no_weights,CIFAR10,ptq,"42,43,44",layer3.0.downsample.0,layer3.0.downsample.0,"(256, 128, 1, 1)",28.073246888767805,aggregate,3,1.7914420062888994
resnet18_no_weights,CIFAR10,ptq,42,layer3.1.conv1,layer3.1.conv1,"(256, 256, 3, 3)",109.06370995261453,42,3,
resnet18_no_weights,CIFAR10,ptq,43,layer3.1.conv1,layer3.1.conv1,"(256, 256, 3, 3)",105.09400667463031,43,3,
resnet18_no_weights,CIFAR10,ptq,44,layer3.1.conv1,layer3.1.conv1,"(256, 256, 3, 3)",105.5595603942871,44,3,
resnet18_no_weights,CIFAR10,ptq,"42,43,44",layer3.1.conv1,layer3.1.conv1,"(256, 256, 3, 3)",106.57242567384398,aggregate,3,2.1700364247423463
resnet18_no_weights,CIFAR10,ptq,42,layer3.1.conv2,layer3.1.conv2,"(256, 256, 3, 3)",20.485747609819686,42,3,
resnet18_no_weights,CIFAR10,ptq,43,layer3.1.conv2,layer3.1.conv2,"(256, 256, 3, 3)",18.452881268092565,43,3,
resnet18_no_weights,CIFAR10,ptq,44,layer3.1.conv2,layer3.1.conv2,"(256, 256, 3, 3)",20.97550195263278,44,3,
resnet18_no_weights,CIFAR10,ptq,"42,43,44",layer3.1.conv2,layer3.1.conv2,"(256, 256, 3, 3)",19.97137694351501,aggregate,3,1.337660893606288
resnet18_no_weights,CIFAR10,ptq,42,layer4.0.conv1,layer4.0.conv1,"(512, 256, 3, 3)",102.30658608895762,42,3,
resnet18_no_weights,CIFAR10,ptq,43,layer4.0.conv1,layer4.0.conv1,"(512, 256, 3, 3)",97.01523494720459,43,3,
resnet18_no_weights,CIFAR10,ptq,44,layer4.0.conv1,layer4.0.conv1,"(512, 256, 3, 3)",103.33424453735351,44,3,
resnet18_no_weights,CIFAR10,ptq,"42,43,44",layer4.0.conv1,layer4.0.conv1,"(512, 256, 3, 3)",100.88535519117191,aggregate,3,3.3907806621358003
resnet18_no_weights,CIFAR10,ptq,42,layer4.0.conv2,layer4.0.conv2,"(512, 512, 3, 3)",20.241835049220494,42,3,
resnet18_no_weights,CIFAR10,ptq,43,layer4.0.conv2,layer4.0.conv2,"(512, 512, 3, 3)",22.119179065410908,43,3,
resnet18_no_weights,CIFAR10,ptq,44,layer4.0.conv2,layer4.0.conv2,"(512, 512, 3, 3)",22.276538848876953,44,3,
resnet18_no_weights,CIFAR10,ptq,"42,43,44",layer4.0.conv2,layer4.0.conv2,"(512, 512, 3, 3)",21.54585098783612,aggregate,3,1.1320484536828848
resnet18_no_weights,CIFAR10,ptq,42,layer4.0.downsample.0,layer4.0.downsample.0,"(512, 256, 1, 1)",9.172158387991098,42,3,
resnet18_no_weights,CIFAR10,ptq,43,layer4.0.downsample.0,layer4.0.downsample.0,"(512, 256, 1, 1)",8.553957590690025,43,3,
resnet18_no_weights,CIFAR10,ptq,44,layer4.0.downsample.0,layer4.0.downsample.0,"(512, 256, 1, 1)",8.647107392549515,44,3,
resnet18_no_weights,CIFAR10,ptq,"42,43,44",layer4.0.downsample.0,layer4.0.downsample.0,"(512, 256, 1, 1)",8.79107445707688,aggregate,3,0.3332985796510246
resnet18_no_weights,CIFAR10,ptq,42,layer4.1.conv1,layer4.1.conv1,"(512, 512, 3, 3)",90.2757303392565,42,3,
resnet18_no_weights,CIFAR10,ptq,43,layer4.1.conv1,layer4.1.conv1,"(512, 512, 3, 3)",89.91833333969116,43,3,
resnet18_no_weights,CIFAR10,ptq,44,layer4.1.conv1,layer4.1.conv1,"(512, 512, 3, 3)",86.63077096378102,44,3,
resnet18_no_weights,CIFAR10,ptq,"42,43,44",layer4.1.conv1,layer4.1.conv1,"(512, 512, 3, 3)",88.94161154757623,aggregate,3,2.009209124658458
resnet18_no_weights,CIFAR10,ptq,42,layer4.1.conv2,layer4.1.conv2,"(512, 512, 3, 3)",3.140990428435497,42,3,
resnet18_no_weights,CIFAR10,ptq,43,layer4.1.conv2,layer4.1.conv2,"(512, 512, 3, 3)",3.029020599250136,43,3,
resnet18_no_weights,CIFAR10,ptq,44,layer4.1.conv2,layer4.1.conv2,"(512, 512, 3, 3)",3.577039361000061,44,3,
resnet18_no_weights,CIFAR10,ptq,"42,43,44",layer4.1.conv2,layer4.1.conv2,"(512, 512, 3, 3)",3.2490167962285645,aggregate,3,0.2895400022646313
resnet18_no_weights,CIFAR10,ptq,42,fc,fc,"(10, 512)",4.102434958730425,42,3,
resnet18_no_weights,CIFAR10,ptq,43,fc,fc,"(10, 512)",3.3893137803444495,43,3,
resnet18_no_weights,CIFAR10,ptq,44,fc,fc,"(10, 512)",4.074686355369035,44,3,
resnet18_no_weights,CIFAR10,ptq,"42,43,44",fc,fc,"(10, 512)",3.855478364814637,aggregate,3,0.4039487109867089
resnet18_no_weights,CIFAR10,fp32_fused,42,conv1,conv1,"(64, 3, 3, 3)",247.85432942708334,42,3,
resnet18_no_weights,CIFAR10,fp32_fused,43,conv1,conv1,"(64, 3, 3, 3)",250.7450328017726,43,3,
resnet18_no_weights,CIFAR10,fp32_fused,44,conv1,conv1,"(64, 3, 3, 3)",243.64707033974784,44,3,
resnet18_no_weights,CIFAR10,fp32_fused,"42,43,44",conv1,conv1,"(64, 3, 3, 3)",247.41547752286792,aggregate,3,3.5692731785971845
resnet18_no_weights,CIFAR10,fp32_fused,42,layer1.0.conv1,layer1.0.conv1,"(64, 64, 3, 3)",100.20723546937455,42,3,
resnet18_no_weights,CIFAR10,fp32_fused,43,layer1.0.conv1,layer1.0.conv1,"(64, 64, 3, 3)",94.34553798876311,43,3,
resnet18_no_weights,CIFAR10,fp32_fused,44,layer1.0.conv1,layer1.0.conv1,"(64, 64, 3, 3)",121.55632781982422,44,3,
resnet18_no_weights,CIFAR10,fp32_fused,"42,43,44",layer1.0.conv1,layer1.0.conv1,"(64, 64, 3, 3)",105.36970042598729,aggregate,3,14.321140112740173
resnet18_no_weights,CIFAR10,fp32_fused,42,layer1.0.conv2,layer1.0.conv2,"(64, 64, 3, 3)",62.55839368275234,42,3,
resnet18_no_weights,CIFAR10,fp32_fused,43,layer1.0.conv2,layer1.0.conv2,"(64, 64, 3, 3)",65.53006087409125,43,3,
resnet18_no_weights,CIFAR10,fp32_fused,44,layer1.0.conv2,layer1.0.conv2,"(64, 64, 3, 3)",64.91741491247106,44,3,
resnet18_no_weights,CIFAR10,fp32_fused,"42,43,44",layer1.0.conv2,layer1.0.conv2,"(64, 64, 3, 3)",64.33528982310489,aggregate,3,1.5690295372529497
resnet18_no_weights,CIFAR10,fp32_fused,42,layer1.1.conv1,layer1.1.conv1,"(64, 64, 3, 3)",412.04181082589287,42,3,
resnet18_no_weights,CIFAR10,fp32_fused,43,layer1.1.conv1,layer1.1.conv1,"(64, 64, 3, 3)",388.0368309020996,43,3,
resnet18_no_weights,CIFAR10,fp32_fused,44,layer1.1.conv1,layer1.1.conv1,"(64, 64, 3, 3)",390.05071353912354,44,3,
resnet18_no_weights,CIFAR10,fp32_fused,"42,43,44",layer1.1.conv1,layer1.1.conv1,"(64, 64, 3, 3)",396.7097850890387,aggregate,3,13.31605011689263
resnet18_no_weights,CIFAR10,fp32_fused,42,layer1.1.conv2,layer1.1.conv2,"(64, 64, 3, 3)",37.654992176936226,42,3,
resnet18_no_weights,CIFAR10,fp32_fused,43,layer1.1.conv2,layer1.1.conv2,"(64, 64, 3, 3)",41.87603232974098,43,3,
resnet18_no_weights,CIFAR10,fp32_fused,44,layer1.1.conv2,layer1.1.conv2,"(64, 64, 3, 3)",42.88660640716553,44,3,
resnet18_no_weights,CIFAR10,fp32_fused,"42,43,44",layer1.1.conv2,layer1.1.conv2,"(64, 64, 3, 3)",40.80587697128091,aggregate,3,2.7751344529436834
resnet18_no_weights,CIFAR10,fp32_fused,42,layer2.0.conv1,layer2.0.conv1,"(128, 64, 3, 3)",244.72241227170255,42,3,
resnet18_no_weights,CIFAR10,fp32_fused,43,layer2.0.conv1,layer2.0.conv1,"(128, 64, 3, 3)",216.80474948883057,43,3,
resnet18_no_weights,CIFAR10,fp32_fused,44,layer2.0.conv1,layer2.0.conv1,"(128, 64, 3, 3)",249.13045174734933,44,3,
resnet18_no_weights,CIFAR10,fp32_fused,"42,43,44",layer2.0.conv1,layer2.0.conv1,"(128, 64, 3, 3)",236.88587116929415,aggregate,3,17.529868481078328
resnet18_no_weights,CIFAR10,fp32_fused,42,layer2.0.conv2,layer2.0.conv2,"(128, 128, 3, 3)",42.375296878814694,42,3,
resnet18_no_weights,CIFAR10,fp32_fused,43,layer2.0.conv2,layer2.0.conv2,"(128, 128, 3, 3)",43.05100932874178,43,3,
resnet18_no_weights,CIFAR10,fp32_fused,44,layer2.0.conv2,layer2.0.conv2,"(128, 128, 3, 3)",47.72350937128067,44,3,
resnet18_no_weights,CIFAR10,fp32_fused,"42,43,44",layer2.0.conv2,layer2.0.conv2,"(128, 128, 3, 3)",44.38327185961238,aggregate,3,2.9123936554857397
resnet18_no_weights,CIFAR10,fp32_fused,42,layer2.0.downsample.0,layer2.0.downsample.0,"(128, 64, 1, 1)",20.801748514175415,42,3,
resnet18_no_weights,CIFAR10,fp32_fused,43,layer2.0.downsample.0,layer2.0.downsample.0,"(128, 64, 1, 1)",26.381098959181045,43,3,
resnet18_no_weights,CIFAR10,fp32_fused,44,layer2.0.downsample.0,layer2.0.downsample.0,"(128, 64, 1, 1)",25.247770082382928,44,3,
resnet18_no_weights,CIFAR10,fp32_fused,"42,43,44",layer2.0.downsample.0,layer2.0.downsample.0,"(128, 64, 1, 1)",24.143539185246464,aggregate,3,2.949030731052024
resnet18_no_weights,CIFAR10,fp32_fused,42,layer2.1.conv1,layer2.1.conv1,"(128, 128, 3, 3)",145.93260637919107,42,3,
resnet18_no_weights,CIFAR10,fp32_fused,43,layer2.1.conv1,layer2.1.conv1,"(128, 128, 3, 3)",162.47486066818237,43,3,
resnet18_no_weights,CIFAR10,fp32_fused,44,layer2.1.conv1,layer2.1.conv1,"(128, 128, 3, 3)",162.37938956327216,44,3,
resnet18_no_weights,CIFAR10,fp32_fused,"42,43,44",layer2.1.conv1,layer2.1.conv1,"(128, 128, 3, 3)",156.92895220354853,aggregate,3,9.523234471523635
resnet18_no_weights,CIFAR10,fp32_fused,42,layer2.1.conv2,layer2.1.conv2,"(128, 128, 3, 3)",21.995502225814327,42,3,
resnet18_no_weights,CIFAR10,fp32_fused,43,layer2.1.conv2,layer2.1.conv2,"(128, 128, 3, 3)",23.47424858494809,43,3,
resnet18_no_weights,CIFAR10,fp32_fused,44,layer2.1.conv2,layer2.1.conv2,"(128, 128, 3, 3)",23.714611825488863,44,3,
resnet18_no_weights,CIFAR10,fp32_fused,"42,43,44",layer2.1.conv2,layer2.1.conv2,"(128, 128, 3, 3)",23.06145421208376,aggregate,3,0.9309317105054628
resnet18_no_weights,CIFAR10,fp32_fused,42,layer3.0.conv1,layer3.0.conv1,"(256, 128, 3, 3)",272.157759817023,42,3,
resnet18_no_weights,CIFAR10,fp32_fused,43,layer3.0.conv1,layer3.0.conv1,"(256, 128, 3, 3)",312.4315658569336,43,3,
resnet18_no_weights,CIFAR10,fp32_fused,44,layer3.0.conv1,layer3.0.conv1,"(256, 128, 3, 3)",316.0981381734212,44,3,
resnet18_no_weights,CIFAR10,fp32_fused,"42,43,44",layer3.0.conv1,layer3.0.conv1,"(256, 128, 3, 3)",300.2291546157926,aggregate,3,24.37956813808029
resnet18_no_weights,CIFAR10,fp32_fused,42,layer3.0.conv2,layer3.0.conv2,"(256, 256, 3, 3)",69.00030066750266,42,3,
resnet18_no_weights,CIFAR10,fp32_fused,43,layer3.0.conv2,layer3.0.conv2,"(256, 256, 3, 3)",68.1679538380016,43,3,
resnet18_no_weights,CIFAR10,fp32_fused,44,layer3.0.conv2,layer3.0.conv2,"(256, 256, 3, 3)",60.85155703226725,44,3,
resnet18_no_weights,CIFAR10,fp32_fused,"42,43,44",layer3.0.conv2,layer3.0.conv2,"(256, 256, 3, 3)",66.00660384592383,aggregate,3,4.483757469956228
resnet18_no_weights,CIFAR10,fp32_fused,42,layer3.0.downsample.0,layer3.0.downsample.0,"(256, 128, 1, 1)",26.389808654785156,42,3,
resnet18_no_weights,CIFAR10,fp32_fused,43,layer3.0.downsample.0,layer3.0.downsample.0,"(256, 128, 1, 1)",30.025963483537947,43,3,
resnet18_no_weights,CIFAR10,fp32_fused,44,layer3.0.downsample.0,layer3.0.downsample.0,"(256, 128, 1, 1)",36.62906367962177,44,3,
resnet18_no_weights,CIFAR10,fp32_fused,"42,43,44",layer3.0.downsample.0,layer3.0.downsample.0,"(256, 128, 1, 1)",31.01494527264829,aggregate,3,5.190775433430384
resnet18_no_weights,CIFAR10,fp32_fused,42,layer3.1.conv1,layer3.1.conv1,"(256, 256, 3, 3)",105.73932478162978,42,3,
resnet18_no_weights,CIFAR10,fp32_fused,43,layer3.1.conv1,layer3.1.conv1,"(256, 256, 3, 3)",129.15932419720818,43,3,
resnet18_no_weights,CIFAR10,fp32_fused,44,layer3.1.conv1,layer3.1.conv1,"(256, 256, 3, 3)",119.04711012406783,44,3,
resnet18_no_weights,CIFAR10,fp32_fused,"42,43,44",layer3.1.conv1,layer3.1.conv1,"(256, 256, 3, 3)",117.98191970096859,aggregate,3,11.746278820738077
resnet18_no_weights,CIFAR10,fp32_fused,42,layer3.1.conv2,layer3.1.conv2,"(256, 256, 3, 3)",18.727970695495607,42,3,
resnet18_no_weights,CIFAR10,fp32_fused,43,layer3.1.conv2,layer3.1.conv2,"(256, 256, 3, 3)",19.440770864486694,43,3,
resnet18_no_weights,CIFAR10,fp32_fused,44,layer3.1.conv2,layer3.1.conv2,"(256, 256, 3, 3)",19.71968418512589,44,3,
resnet18_no_weights,CIFAR10,fp32_fused,"42,43,44",layer3.1.conv2,layer3.1.conv2,"(256, 256, 3, 3)",19.296141915036063,aggregate,3,0.5114313845894313
resnet18_no_weights,CIFAR10,fp32_fused,42,layer4.0.conv1,layer4.0.conv1,"(512, 256, 3, 3)",109.5352053642273,42,3,
resnet18_no_weights,CIFAR10,fp32_fused,43,layer4.0.conv1,layer4.0.conv1,"(512, 256, 3, 3)",107.96677420479911,43,3,
resnet18_no_weights,CIFAR10,fp32_fused,44,layer4.0.conv1,layer4.0.conv1,"(512, 256, 3, 3)",105.68585306803385,44,3,
resnet18_no_weights,CIFAR10,fp32_fused,"42,43,44",layer4.0.conv1,layer4.0.conv1,"(512, 256, 3, 3)",107.72927754568676,aggregate,3,1.9356347208007982
resnet18_no_weights,CIFAR10,fp32_fused,42,layer4.0.conv2,layer4.0.conv2,"(512, 512, 3, 3)",23.571777900060017,42,3,
resnet18_no_weights,CIFAR10,fp32_fused,43,layer4.0.conv2,layer4.0.conv2,"(512, 512, 3, 3)",20.685954259789508,43,3,
resnet18_no_weights,CIFAR10,fp32_fused,44,layer4.0.conv2,layer4.0.conv2,"(512, 512, 3, 3)",20.479147184462775,44,3,
resnet18_no_weights,CIFAR10,fp32_fused,"42,43,44",layer4.0.conv2,layer4.0.conv2,"(512, 512, 3, 3)",21.578959781437433,aggregate,3,1.7289260632063301
resnet18_no_weights,CIFAR10,fp32_fused,42,layer4.0.downsample.0,layer4.0.downsample.0,"(512, 256, 1, 1)",10.27219115363227,42,3,
resnet18_no_weights,CIFAR10,fp32_fused,43,layer4.0.downsample.0,layer4.0.downsample.0,"(512, 256, 1, 1)",9.2455909870289,43,3,
resnet18_no_weights,CIFAR10,fp32_fused,44,layer4.0.downsample.0,layer4.0.downsample.0,"(512, 256, 1, 1)",8.61273142756248,44,3,
resnet18_no_weights,CIFAR10,fp32_fused,"42,43,44",layer4.0.downsample.0,layer4.0.downsample.0,"(512, 256, 1, 1)",9.37683785607455,aggregate,3,0.8374789257573119
resnet18_no_weights,CIFAR10,fp32_fused,42,layer4.1.conv1,layer4.1.conv1,"(512, 512, 3, 3)",89.04197029445483,42,3,
resnet18_no_weights,CIFAR10,fp32_fused,43,layer4.1.conv1,layer4.1.conv1,"(512, 512, 3, 3)",85.96743837992351,43,3,
resnet18_no_weights,CIFAR10,fp32_fused,44,layer4.1.conv1,layer4.1.conv1,"(512, 512, 3, 3)",84.93933927095853,44,3,
resnet18_no_weights,CIFAR10,fp32_fused,"42,43,44",layer4.1.conv1,layer4.1.conv1,"(512, 512, 3, 3)",86.64958264844562,aggregate,3,2.13468637767864
resnet18_no_weights,CIFAR10,fp32_fused,42,layer4.1.conv2,layer4.1.conv2,"(512, 512, 3, 3)",2.829763569150652,42,3,
resnet18_no_weights,CIFAR10,fp32_fused,43,layer4.1.conv2,layer4.1.conv2,"(512, 512, 3, 3)",3.2205957889556887,43,3,
resnet18_no_weights,CIFAR10,fp32_fused,44,layer4.1.conv2,layer4.1.conv2,"(512, 512, 3, 3)",3.1527426696958996,44,3,
resnet18_no_weights,CIFAR10,fp32_fused,"42,43,44",layer4.1.conv2,layer4.1.conv2,"(512, 512, 3, 3)",3.06770067593408,aggregate,3,0.20883381320244115
resnet18_no_weights,CIFAR10,fp32_fused,42,fc,fc,"(10, 512)",4.511504187303431,42,3,
resnet18_no_weights,CIFAR10,fp32_fused,43,fc,fc,"(10, 512)",4.111310724169016,43,3,
resnet18_no_weights,CIFAR10,fp32_fused,44,fc,fc,"(10, 512)",4.447668684853448,44,3,
resnet18_no_weights,CIFAR10,fp32_fused,"42,43,44",fc,fc,"(10, 512)",4.356827865441965,aggregate,3,0.21500637859698804
resnet18_no_weights,CIFAR10,qat,42,conv1,conv1,"(64, 3, 3, 3)",123.24391460418701,42,3,
resnet18_no_weights,CIFAR10,qat,43,conv1,conv1,"(64, 3, 3, 3)",122.75601776123047,43,3,
resnet18_no_weights,CIFAR10,qat,44,conv1,conv1,"(64, 3, 3, 3)",110.05547850472587,44,3,
resnet18_no_weights,CIFAR10,qat,"42,43,44",conv1,conv1,"(64, 3, 3, 3)",118.68513695671444,aggregate,3,7.477483840224945
resnet18_no_weights,CIFAR10,qat,42,layer1.0.conv1,layer1.0.conv1,"(64, 64, 3, 3)",44.23925390476134,42,3,
resnet18_no_weights,CIFAR10,qat,43,layer1.0.conv1,layer1.0.conv1,"(64, 64, 3, 3)",44.0281457901001,43,3,
resnet18_no_weights,CIFAR10,qat,44,layer1.0.conv1,layer1.0.conv1,"(64, 64, 3, 3)",43.16890864902072,44,3,
resnet18_no_weights,CIFAR10,qat,"42,43,44",layer1.0.conv1,layer1.0.conv1,"(64, 64, 3, 3)",43.81210278129405,aggregate,3,0.5669353383429978
resnet18_no_weights,CIFAR10,qat,42,layer1.0.conv2,layer1.0.conv2,"(64, 64, 3, 3)",30.883342294132007,42,3,
resnet18_no_weights,CIFAR10,qat,43,layer1.0.conv2,layer1.0.conv2,"(64, 64, 3, 3)",29.440837129950523,43,3,
resnet18_no_weights,CIFAR10,qat,44,layer1.0.conv2,layer1.0.conv2,"(64, 64, 3, 3)",27.849580764770508,44,3,
resnet18_no_weights,CIFAR10,qat,"42,43,44",layer1.0.conv2,layer1.0.conv2,"(64, 64, 3, 3)",29.391253396284345,aggregate,3,1.5174884395743065
resnet18_no_weights,CIFAR10,qat,42,layer1.1.conv1,layer1.1.conv1,"(64, 64, 3, 3)",170.13374851771763,42,3,
resnet18_no_weights,CIFAR10,qat,43,layer1.1.conv1,layer1.1.conv1,"(64, 64, 3, 3)",155.81927490234375,43,3,
resnet18_no_weights,CIFAR10,qat,44,layer1.1.conv1,layer1.1.conv1,"(64, 64, 3, 3)",183.2928376197815,44,3,
resnet18_no_weights,CIFAR10,qat,"42,43,44",layer1.1.conv1,layer1.1.conv1,"(64, 64, 3, 3)",169.7486203466143,aggregate,3,13.740829846787978
resnet18_no_weights,CIFAR10,qat,42,layer1.1.conv2,layer1.1.conv2,"(64, 64, 3, 3)",19.797090113162994,42,3,
resnet18_no_weights,CIFAR10,qat,43,layer1.1.conv2,layer1.1.conv2,"(64, 64, 3, 3)",23.312702587672643,43,3,
resnet18_no_weights,CIFAR10,qat,44,layer1.1.conv2,layer1.1.conv2,"(64, 64, 3, 3)",22.378132241112844,44,3,
resnet18_no_weights,CIFAR10,qat,"42,43,44",layer1.1.conv2,layer1.1.conv2,"(64, 64, 3, 3)",21.82930831398283,aggregate,3,1.8209306809911172
resnet18_no_weights,CIFAR10,qat,42,layer2.0.conv1,layer2.0.conv1,"(128, 64, 3, 3)",122.15823639763727,42,3,
resnet18_no_weights,CIFAR10,qat,43,layer2.0.conv1,layer2.0.conv1,"(128, 64, 3, 3)",107.33741664886475,43,3,
resnet18_no_weights,CIFAR10,qat,44,layer2.0.conv1,layer2.0.conv1,"(128, 64, 3, 3)",123.08843520591999,44,3,
resnet18_no_weights,CIFAR10,qat,"42,43,44",layer2.0.conv1,layer2.0.conv1,"(128, 64, 3, 3)",117.528029417474,aggregate,3,8.837576528977792
resnet18_no_weights,CIFAR10,qat,42,layer2.0.conv2,layer2.0.conv2,"(128, 128, 3, 3)",24.003929677216902,42,3,
resnet18_no_weights,CIFAR10,qat,43,layer2.0.conv2,layer2.0.conv2,"(128, 128, 3, 3)",24.243694169180735,43,3,
resnet18_no_weights,CIFAR10,qat,44,layer2.0.conv2,layer2.0.conv2,"(128, 128, 3, 3)",22.15279636961041,44,3,
resnet18_no_weights,CIFAR10,qat,"42,43,44",layer2.0.conv2,layer2.0.conv2,"(128, 128, 3, 3)",23.466806738669348,aggregate,3,1.144263601797014
resnet18_no_weights,CIFAR10,qat,42,layer2.0.downsample.0,layer2.0.downsample.0,"(128, 64, 1, 1)",16.132497390111286,42,3,
resnet18_no_weights,CIFAR10,qat,43,layer2.0.downsample.0,layer2.0.downsample.0,"(128, 64, 1, 1)",14.644992687084057,43,3,
resnet18_no_weights,CIFAR10,qat,44,layer2.0.downsample.0,layer2.0.downsample.0,"(128, 64, 1, 1)",14.415164212385813,44,3,
resnet18_no_weights,CIFAR10,qat,"42,43,44",layer2.0.downsample.0,layer2.0.downsample.0,"(128, 64, 1, 1)",15.064218096527052,aggregate,3,0.9322664687583444
resnet18_no_weights,CIFAR10,qat,42,layer2.1.conv1,layer2.1.conv1,"(128, 128, 3, 3)",84.0960922241211,42,3,
resnet18_no_weights,CIFAR10,qat,43,layer2.1.conv1,layer2.1.conv1,"(128, 128, 3, 3)",82.34928171258224,43,3,
resnet18_no_weights,CIFAR10,qat,44,layer2.1.conv1,layer2.1.conv1,"(128, 128, 3, 3)",90.62519314414577,44,3,
resnet18_no_weights,CIFAR10,qat,"42,43,44",layer2.1.conv1,layer2.1.conv1,"(128, 128, 3, 3)",85.6901890269497,aggregate,3,4.362171015487846
resnet18_no_weights,CIFAR10,qat,42,layer2.1.conv2,layer2.1.conv2,"(128, 128, 3, 3)",15.21538485799517,42,3,
resnet18_no_weights,CIFAR10,qat,43,layer2.1.conv2,layer2.1.conv2,"(128, 128, 3, 3)",12.860844456631204,43,3,
resnet18_no_weights,CIFAR10,qat,44,layer2.1.conv2,layer2.1.conv2,"(128, 128, 3, 3)",11.767112595694405,44,3,
resnet18_no_weights,CIFAR10,qat,"42,43,44",layer2.1.conv2,layer2.1.conv2,"(128, 128, 3, 3)",13.281113970106926,aggregate,3,1.7621337198708984
resnet18_no_weights,CIFAR10,qat,42,layer3.0.conv1,layer3.0.conv1,"(256, 128, 3, 3)",161.94280039469402,42,3,
resnet18_no_weights,CIFAR10,qat,43,layer3.0.conv1,layer3.0.conv1,"(256, 128, 3, 3)",149.7064814567566,43,3,
resnet18_no_weights,CIFAR10,qat,44,layer3.0.conv1,layer3.0.conv1,"(256, 128, 3, 3)",184.9564471122546,44,3,
resnet18_no_weights,CIFAR10,qat,"42,43,44",layer3.0.conv1,layer3.0.conv1,"(256, 128, 3, 3)",165.53524298790174,aggregate,3,17.897464974614902
resnet18_no_weights,CIFAR10,qat,42,layer3.0.conv2,layer3.0.conv2,"(256, 256, 3, 3)",37.6682769111965,42,3,
resnet18_no_weights,CIFAR10,qat,43,layer3.0.conv2,layer3.0.conv2,"(256, 256, 3, 3)",36.64972739749484,43,3,
resnet18_no_weights,CIFAR10,qat,44,layer3.0.conv2,layer3.0.conv2,"(256, 256, 3, 3)",40.21264898777008,44,3,
resnet18_no_weights,CIFAR10,qat,"42,43,44",layer3.0.conv2,layer3.0.conv2,"(256, 256, 3, 3)",38.176884432153805,aggregate,3,1.835105929474675
resnet18_no_weights,CIFAR10,qat,42,layer3.0.downsample.0,layer3.0.downsample.0,"(256, 128, 1, 1)",17.85998329039543,42,3,
resnet18_no_weights,CIFAR10,qat,43,layer3.0.downsample.0,layer3.0.downsample.0,"(256, 128, 1, 1)",15.55717404683431,43,3,
resnet18_no_weights,CIFAR10,qat,44,layer3.0.downsample.0,layer3.0.downsample.0,"(256, 128, 1, 1)",19.056417902310688,44,3,
resnet18_no_weights,CIFAR10,qat,"42,43,44",layer3.0.downsample.0,layer3.0.downsample.0,"(256, 128, 1, 1)",17.491191746513476,aggregate,3,1.7785337478247136
resnet18_no_weights,CIFAR10,qat,42,layer3.1.conv1,layer3.1.conv1,"(256, 256, 3, 3)",46.06979560852051,42,3,
resnet18_no_weights,CIFAR10,qat,43,layer3.1.conv1,layer3.1.conv1,"(256, 256, 3, 3)",66.11170184612274,43,3,
resnet18_no_weights,CIFAR10,qat,44,layer3.1.conv1,layer3.1.conv1,"(256, 256, 3, 3)",67.26440653307685,44,3,
resnet18_no_weights,CIFAR10,qat,"42,43,44",layer3.1.conv1,layer3.1.conv1,"(256, 256, 3, 3)",59.815301329240036,aggregate,3,11.917901562883518
resnet18_no_weights,CIFAR10,qat,42,layer3.1.conv2,layer3.1.conv2,"(256, 256, 3, 3)",12.432861850811886,42,3,
resnet18_no_weights,CIFAR10,qat,43,layer3.1.conv2,layer3.1.conv2,"(256, 256, 3, 3)",11.230595002571741,43,3,
resnet18_no_weights,CIFAR10,qat,44,layer3.1.conv2,layer3.1.conv2,"(256, 256, 3, 3)",11.813645998636881,44,3,
resnet18_no_weights,CIFAR10,qat,"42,43,44",layer3.1.conv2,layer3.1.conv2,"(256, 256, 3, 3)",11.825700950673502,aggregate,3,0.6012240722025164
resnet18_no_weights,CIFAR10,qat,42,layer4.0.conv1,layer4.0.conv1,"(512, 256, 3, 3)",68.32645606994629,42,3,
resnet18_no_weights,CIFAR10,qat,43,layer4.0.conv1,layer4.0.conv1,"(512, 256, 3, 3)",70.76524827538466,43,3,
resnet18_no_weights,CIFAR10,qat,44,layer4.0.conv1,layer4.0.conv1,"(512, 256, 3, 3)",62.53569412231445,44,3,
resnet18_no_weights,CIFAR10,qat,"42,43,44",layer4.0.conv1,layer4.0.conv1,"(512, 256, 3, 3)",67.20913282254847,aggregate,3,4.22702008736184
resnet18_no_weights,CIFAR10,qat,42,layer4.0.conv2,layer4.0.conv2,"(512, 512, 3, 3)",15.686742770044427,42,3,
resnet18_no_weights,CIFAR10,qat,43,layer4.0.conv2,layer4.0.conv2,"(512, 512, 3, 3)",14.051496806897616,43,3,
resnet18_no_weights,CIFAR10,qat,44,layer4.0.conv2,layer4.0.conv2,"(512, 512, 3, 3)",15.38060204188029,44,3,
resnet18_no_weights,CIFAR10,qat,"42,43,44",layer4.0.conv2,layer4.0.conv2,"(512, 512, 3, 3)",15.039613872940777,aggregate,3,0.8693169954133685
resnet18_no_weights,CIFAR10,qat,42,layer4.0.downsample.0,layer4.0.downsample.0,"(512, 256, 1, 1)",4.770421743392944,42,3,
resnet18_no_weights,CIFAR10,qat,43,layer4.0.downsample.0,layer4.0.downsample.0,"(512, 256, 1, 1)",6.234341481152703,43,3,
resnet18_no_weights,CIFAR10,qat,44,layer4.0.downsample.0,layer4.0.downsample.0,"(512, 256, 1, 1)",6.322420829679908,44,3,
resnet18_no_weights,CIFAR10,qat,"42,43,44",layer4.0.downsample.0,layer4.0.downsample.0,"(512, 256, 1, 1)",5.775728018075185,aggregate,3,0.8717339171707489
resnet18_no_weights,CIFAR10,qat,42,layer4.1.conv1,layer4.1.conv1,"(512, 512, 3, 3)",71.06351216634114,42,3,
resnet18_no_weights,CIFAR10,qat,43,layer4.1.conv1,layer4.1.conv1,"(512, 512, 3, 3)",67.20429849624634,43,3,
resnet18_no_weights,CIFAR10,qat,44,layer4.1.conv1,layer4.1.conv1,"(512, 512, 3, 3)",56.27987246359548,44,3,
resnet18_no_weights,CIFAR10,qat,"42,43,44",layer4.1.conv1,layer4.1.conv1,"(512, 512, 3, 3)",64.84922770872765,aggregate,3,7.668035571501827
resnet18_no_weights,CIFAR10,qat,42,layer4.1.conv2,layer4.1.conv2,"(512, 512, 3, 3)",2.134252042997451,42,3,
resnet18_no_weights,CIFAR10,qat,43,layer4.1.conv2,layer4.1.conv2,"(512, 512, 3, 3)",1.9765794857128247,43,3,
resnet18_no_weights,CIFAR10,qat,44,layer4.1.conv2,layer4.1.conv2,"(512, 512, 3, 3)",2.1778714097276026,44,3,
resnet18_no_weights,CIFAR10,qat,"42,43,44",layer4.1.conv2,layer4.1.conv2,"(512, 512, 3, 3)",2.096234312812626,aggregate,3,0.10589438382037732
resnet18_no_weights,CIFAR10,qat,42,fc,fc,"(10, 512)",2.8025773809506345,42,3,
resnet18_no_weights,CIFAR10,qat,43,fc,fc,"(10, 512)",2.637583156426748,43,3,
resnet18_no_weights,CIFAR10,qat,44,fc,fc,"(10, 512)",2.5875126846501084,44,3,
resnet18_no_weights,CIFAR10,qat,"42,43,44",fc,fc,"(10, 512)",2.6758910740091637,aggregate,3,0.11253367634106355
resnet18_no_weights,CIFAR10,fp32_fused_qat,42,conv1,conv1,"(64, 3, 3, 3)",176.40400911727042,42,3,
resnet18_no_weights,CIFAR10,fp32_fused_qat,43,conv1,conv1,"(64, 3, 3, 3)",173.03634016854423,43,3,
resnet18_no_weights,CIFAR10,fp32_fused_qat,44,conv1,conv1,"(64, 3, 3, 3)",179.5900115966797,44,3,
resnet18_no_weights,CIFAR10,fp32_fused_qat,"42,43,44",conv1,conv1,"(64, 3, 3, 3)",176.34345362749812,aggregate,3,3.277255333735219
resnet18_no_weights,CIFAR10,fp32_fused_qat,42,layer1.0.conv1,layer1.0.conv1,"(64, 64, 3, 3)",59.19448348454067,42,3,
resnet18_no_weights,CIFAR10,fp32_fused_qat,43,layer1.0.conv1,layer1.0.conv1,"(64, 64, 3, 3)",63.332615981230866,43,3,
resnet18_no_weights,CIFAR10,fp32_fused_qat,44,layer1.0.conv1,layer1.0.conv1,"(64, 64, 3, 3)",63.96404333114624,44,3,
resnet18_no_weights,CIFAR10,fp32_fused_qat,"42,43,44",layer1.0.conv1,layer1.0.conv1,"(64, 64, 3, 3)",62.16371426563926,aggregate,3,2.590738060499903
resnet18_no_weights,CIFAR10,fp32_fused_qat,42,layer1.0.conv2,layer1.0.conv2,"(64, 64, 3, 3)",41.45230436325073,42,3,
resnet18_no_weights,CIFAR10,fp32_fused_qat,43,layer1.0.conv2,layer1.0.conv2,"(64, 64, 3, 3)",39.22020825472745,43,3,
resnet18_no_weights,CIFAR10,fp32_fused_qat,44,layer1.0.conv2,layer1.0.conv2,"(64, 64, 3, 3)",40.05042298634847,44,3,
resnet18_no_weights,CIFAR10,fp32_fused_qat,"42,43,44",layer1.0.conv2,layer1.0.conv2,"(64, 64, 3, 3)",40.24097853477555,aggregate,3,1.128182973722991
resnet18_no_weights,CIFAR10,fp32_fused_qat,42,layer1.1.conv1,layer1.1.conv1,"(64, 64, 3, 3)",212.32147256951583,42,3,
resnet18_no_weights,CIFAR10,fp32_fused_qat,43,layer1.1.conv1,layer1.1.conv1,"(64, 64, 3, 3)",243.4234669572216,43,3,
resnet18_no_weights,CIFAR10,fp32_fused_qat,44,layer1.1.conv1,layer1.1.conv1,"(64, 64, 3, 3)",255.96686823227827,44,3,
resnet18_no_weights,CIFAR10,fp32_fused_qat,"42,43,44",layer1.1.conv1,layer1.1.conv1,"(64, 64, 3, 3)",237.23726925300522,aggregate,3,22.47069029127742
resnet18_no_weights,CIFAR10,fp32_fused_qat,42,layer1.1.conv2,layer1.1.conv2,"(64, 64, 3, 3)",24.16554958343506,42,3,
resnet18_no_weights,CIFAR10,fp32_fused_qat,43,layer1.1.conv2,layer1.1.conv2,"(64, 64, 3, 3)",26.936299121741094,43,3,
resnet18_no_weights,CIFAR10,fp32_fused_qat,44,layer1.1.conv2,layer1.1.conv2,"(64, 64, 3, 3)",25.951909934773166,44,3,
resnet18_no_weights,CIFAR10,fp32_fused_qat,"42,43,44",layer1.1.conv2,layer1.1.conv2,"(64, 64, 3, 3)",25.68458621331644,aggregate,3,1.4045852519679543
resnet18_no_weights,CIFAR10,fp32_fused_qat,42,layer2.0.conv1,layer2.0.conv1,"(128, 64, 3, 3)",159.82018615722657,42,3,
resnet18_no_weights,CIFAR10,fp32_fused_qat,43,layer2.0.conv1,layer2.0.conv1,"(128, 64, 3, 3)",154.89754763516513,43,3,
resnet18_no_weights,CIFAR10,fp32_fused_qat,44,layer2.0.conv1,layer2.0.conv1,"(128, 64, 3, 3)",161.486624667519,44,3,
resnet18_no_weights,CIFAR10,fp32_fused_qat,"42,43,44",layer2.0.conv1,layer2.0.conv1,"(128, 64, 3, 3)",158.73478615330356,aggregate,3,3.4260113705240984
resnet18_no_weights,CIFAR10,fp32_fused_qat,42,layer2.0.conv2,layer2.0.conv2,"(128, 128, 3, 3)",31.201642303466798,42,3,
resnet18_no_weights,CIFAR10,fp32_fused_qat,43,layer2.0.conv2,layer2.0.conv2,"(128, 128, 3, 3)",28.712878149382924,43,3,
resnet18_no_weights,CIFAR10,fp32_fused_qat,44,layer2.0.conv2,layer2.0.conv2,"(128, 128, 3, 3)",32.94268094576322,44,3,
resnet18_no_weights,CIFAR10,fp32_fused_qat,"42,43,44",layer2.0.conv2,layer2.0.conv2,"(128, 128, 3, 3)",30.952400466204313,aggregate,3,2.125887824921186
resnet18_no_weights,CIFAR10,fp32_fused_qat,42,layer2.0.downsample.0,layer2.0.downsample.0,"(128, 64, 1, 1)",17.893683195114136,42,3,
resnet18_no_weights,CIFAR10,fp32_fused_qat,43,layer2.0.downsample.0,layer2.0.downsample.0,"(128, 64, 1, 1)",15.769029002035818,43,3,
resnet18_no_weights,CIFAR10,fp32_fused_qat,44,layer2.0.downsample.0,layer2.0.downsample.0,"(128, 64, 1, 1)",15.803382051402124,44,3,
resnet18_no_weights,CIFAR10,fp32_fused_qat,"42,43,44",layer2.0.downsample.0,layer2.0.downsample.0,"(128, 64, 1, 1)",16.488698082850693,aggregate,3,1.2168740309751171
resnet18_no_weights,CIFAR10,fp32_fused_qat,42,layer2.1.conv1,layer2.1.conv1,"(128, 128, 3, 3)",104.67528200149536,42,3,
resnet18_no_weights,CIFAR10,fp32_fused_qat,43,layer2.1.conv1,layer2.1.conv1,"(128, 128, 3, 3)",100.94427082456392,43,3,
resnet18_no_weights,CIFAR10,fp32_fused_qat,44,layer2.1.conv1,layer2.1.conv1,"(128, 128, 3, 3)",113.61694821444425,44,3,
resnet18_no_weights,CIFAR10,fp32_fused_qat,"42,43,44",layer2.1.conv1,layer2.1.conv1,"(128, 128, 3, 3)",106.41216701350118,aggregate,3,6.512431590097042
resnet18_no_weights,CIFAR10,fp32_fused_qat,42,layer2.1.conv2,layer2.1.conv2,"(128, 128, 3, 3)",14.94124826632048,42,3,
resnet18_no_weights,CIFAR10,fp32_fused_qat,43,layer2.1.conv2,layer2.1.conv2,"(128, 128, 3, 3)",15.321818962097169,43,3,
resnet18_no_weights,CIFAR10,fp32_fused_qat,44,layer2.1.conv2,layer2.1.conv2,"(128, 128, 3, 3)",14.62383336606233,44,3,
resnet18_no_weights,CIFAR10,fp32_fused_qat,"42,43,44",layer2.1.conv2,layer2.1.conv2,"(128, 128, 3, 3)",14.962300198159992,aggregate,3,0.34946868378104895
resnet18_no_weights,CIFAR10,fp32_fused_qat,42,layer3.0.conv1,layer3.0.conv1,"(256, 128, 3, 3)",186.0718072590075,42,3,
resnet18_no_weights,CIFAR10,fp32_fused_qat,43,layer3.0.conv1,layer3.0.conv1,"(256, 128, 3, 3)",206.69679946899413,43,3,
resnet18_no_weights,CIFAR10,fp32_fused_qat,44,layer3.0.conv1,layer3.0.conv1,"(256, 128, 3, 3)",181.24905649820963,44,3,
resnet18_no_weights,CIFAR10,fp32_fused_qat,"42,43,44",layer3.0.conv1,layer3.0.conv1,"(256, 128, 3, 3)",191.33922107540374,aggregate,3,13.516883583565024
resnet18_no_weights,CIFAR10,fp32_fused_qat,42,layer3.0.conv2,layer3.0.conv2,"(256, 256, 3, 3)",41.810550689697266,42,3,
resnet18_no_weights,CIFAR10,fp32_fused_qat,43,layer3.0.conv2,layer3.0.conv2,"(256, 256, 3, 3)",43.898303508758545,43,3,
resnet18_no_weights,CIFAR10,fp32_fused_qat,44,layer3.0.conv2,layer3.0.conv2,"(256, 256, 3, 3)",35.81355667114258,44,3,
resnet18_no_weights,CIFAR10,fp32_fused_qat,"42,43,44",layer3.0.conv2,layer3.0.conv2,"(256, 256, 3, 3)",40.50747028986613,aggregate,3,4.1969389742291225
resnet18_no_weights,CIFAR10,fp32_fused_qat,42,layer3.0.downsample.0,layer3.0.downsample.0,"(256, 128, 1, 1)",20.171467717488607,42,3,
resnet18_no_weights,CIFAR10,fp32_fused_qat,43,layer3.0.downsample.0,layer3.0.downsample.0,"(256, 128, 1, 1)",17.78057837486267,43,3,
resnet18_no_weights,CIFAR10,fp32_fused_qat,44,layer3.0.downsample.0,layer3.0.downsample.0,"(256, 128, 1, 1)",20.366430401802063,44,3,
resnet18_no_weights,CIFAR10,fp32_fused_qat,"42,43,44",layer3.0.downsample.0,layer3.0.downsample.0,"(256, 128, 1, 1)",19.43949216471778,aggregate,3,1.4399648723830936
resnet18_no_weights,CIFAR10,fp32_fused_qat,42,layer3.1.conv1,layer3.1.conv1,"(256, 256, 3, 3)",82.29713127829812,42,3,
resnet18_no_weights,CIFAR10,fp32_fused_qat,43,layer3.1.conv1,layer3.1.conv1,"(256, 256, 3, 3)",81.07514826456706,43,3,
resnet18_no_weights,CIFAR10,fp32_fused_qat,44,layer3.1.conv1,layer3.1.conv1,"(256, 256, 3, 3)",84.77478408813477,44,3,
resnet18_no_weights,CIFAR10,fp32_fused_qat,"42,43,44",layer3.1.conv1,layer3.1.conv1,"(256, 256, 3, 3)",82.71568787699998,aggregate,3,1.884998282888879
resnet18_no_weights,CIFAR10,fp32_fused_qat,42,layer3.1.conv2,layer3.1.conv2,"(256, 256, 3, 3)",14.401059014456612,42,3,
resnet18_no_weights,CIFAR10,fp32_fused_qat,43,layer3.1.conv2,layer3.1.conv2,"(256, 256, 3, 3)",12.119913237435478,43,3,
resnet18_no_weights,CIFAR10,fp32_fused_qat,44,layer3.1.conv2,layer3.1.conv2,"(256, 256, 3, 3)",13.222153490239924,44,3,
resnet18_no_weights,CIFAR10,fp32_fused_qat,"42,43,44",layer3.1.conv2,layer3.1.conv2,"(256, 256, 3, 3)",13.247708580710672,aggregate,3,1.1407875836421364
resnet18_no_weights,CIFAR10,fp32_fused_qat,42,layer4.0.conv1,layer4.0.conv1,"(512, 256, 3, 3)",81.87626202901204,42,3,
resnet18_no_weights,CIFAR10,fp32_fused_qat,43,layer4.0.conv1,layer4.0.conv1,"(512, 256, 3, 3)",68.43548000560088,43,3,
resnet18_no_weights,CIFAR10,fp32_fused_qat,44,layer4.0.conv1,layer4.0.conv1,"(512, 256, 3, 3)",73.46346689039662,44,3,
resnet18_no_weights,CIFAR10,fp32_fused_qat,"42,43,44",layer4.0.conv1,layer4.0.conv1,"(512, 256, 3, 3)",74.59173630833651,aggregate,3,6.7910528830076835
resnet18_no_weights,CIFAR10,fp32_fused_qat,42,layer4.0.conv2,layer4.0.conv2,"(512, 512, 3, 3)",13.382197856903076,42,3,
resnet18_no_weights,CIFAR10,fp32_fused_qat,43,layer4.0.conv2,layer4.0.conv2,"(512, 512, 3, 3)",15.652935284834642,43,3,
resnet18_no_weights,CIFAR10,fp32_fused_qat,44,layer4.0.conv2,layer4.0.conv2,"(512, 512, 3, 3)",15.962994363572863,44,3,
resnet18_no_weights,CIFAR10,fp32_fused_qat,"42,43,44",layer4.0.conv2,layer4.0.conv2,"(512, 512, 3, 3)",14.999375835103526,aggregate,3,1.4090715446560447
resnet18_no_weights,CIFAR10,fp32_fused_qat,42,layer4.0.downsample.0,layer4.0.downsample.0,"(512, 256, 1, 1)",5.756157141465407,42,3,
resnet18_no_weights,CIFAR10,fp32_fused_qat,43,layer4.0.downsample.0,layer4.0.downsample.0,"(512, 256, 1, 1)",5.468189732233683,43,3,
resnet18_no_weights,CIFAR10,fp32_fused_qat,44,layer4.0.downsample.0,layer4.0.downsample.0,"(512, 256, 1, 1)",6.629843902587891,44,3,
resnet18_no_weights,CIFAR10,fp32_fused_qat,"42,43,44",layer4.0.downsample.0,layer4.0.downsample.0,"(512, 256, 1, 1)",5.951396925428994,aggregate,3,0.6049372139378941
resnet18_no_weights,CIFAR10,fp32_fused_qat,42,layer4.1.conv1,layer4.1.conv1,"(512, 512, 3, 3)",57.909692700703935,42,3,
resnet18_no_weights,CIFAR10,fp32_fused_qat,43,layer4.1.conv1,layer4.1.conv1,"(512, 512, 3, 3)",65.70980224609374,43,3,
resnet18_no_weights,CIFAR10,fp32_fused_qat,44,layer4.1.conv1,layer4.1.conv1,"(512, 512, 3, 3)",60.985146171168275,44,3,
resnet18_no_weights,CIFAR10,fp32_fused_qat,"42,43,44",layer4.1.conv1,layer4.1.conv1,"(512, 512, 3, 3)",61.534880372655316,aggregate,3,3.9290053447703213
resnet18_no_weights,CIFAR10,fp32_fused_qat,42,layer4.1.conv2,layer4.1.conv2,"(512, 512, 3, 3)",2.1648878898376074,42,3,
resnet18_no_weights,CIFAR10,fp32_fused_qat,43,layer4.1.conv2,layer4.1.conv2,"(512, 512, 3, 3)",2.0246953070163727,43,3,
resnet18_no_weights,CIFAR10,fp32_fused_qat,44,layer4.1.conv2,layer4.1.conv2,"(512, 512, 3, 3)",2.287814747719538,44,3,
resnet18_no_weights,CIFAR10,fp32_fused_qat,"42,43,44",layer4.1.conv2,layer4.1.conv2,"(512, 512, 3, 3)",2.159132648191173,aggregate,3,0.13165410029236937
resnet18_no_weights,CIFAR10,fp32_fused_qat,42,fc,fc,"(10, 512)",2.818956732749939,42,3,
resnet18_no_weights,CIFAR10,fp32_fused_qat,43,fc,fc,"(10, 512)",3.2986082022006693,43,3,
resnet18_no_weights,CIFAR10,fp32_fused_qat,44,fc,fc,"(10, 512)",3.3890339533487954,44,3,
resnet18_no_weights,CIFAR10,fp32_fused_qat,"42,43,44",fc,fc,"(10, 512)",3.168866296099801,aggregate,3,0.306384939268307
cnn,CIFAR10,fp32_unfused,42,conv1,conv1,"(32, 3, 3, 3)",55.31946739073722,42,3,
cnn,CIFAR10,fp32_unfused,43,conv1,conv1,"(32, 3, 3, 3)",57.08116462013938,43,3,
cnn,CIFAR10,fp32_unfused,44,conv1,conv1,"(32, 3, 3, 3)",61.3799927605523,44,3,
cnn,CIFAR10,fp32_unfused,"42,43,44",conv1,conv1,"(32, 3, 3, 3)",57.926874923809635,aggregate,3,3.1175168608755848
cnn,CIFAR10,fp32_unfused,42,conv2,conv2,"(64, 32, 3, 3)",146.5252914428711,42,3,
cnn,CIFAR10,fp32_unfused,43,conv2,conv2,"(64, 32, 3, 3)",125.9127754905007,43,3,
cnn,CIFAR10,fp32_unfused,44,conv2,conv2,"(64, 32, 3, 3)",127.23904459100021,44,3,
cnn,CIFAR10,fp32_unfused,"42,43,44",conv2,conv2,"(64, 32, 3, 3)",133.22570384145735,aggregate,3,11.53685486636171
cnn,CIFAR10,fp32_unfused,42,conv3,conv3,"(128, 64, 3, 3)",216.7300825852614,42,3,
cnn,CIFAR10,fp32_unfused,43,conv3,conv3,"(128, 64, 3, 3)",178.06638622283936,43,3,
cnn,CIFAR10,fp32_unfused,44,conv3,conv3,"(128, 64, 3, 3)",172.91330745302398,44,3,
cnn,CIFAR10,fp32_unfused,"42,43,44",conv3,conv3,"(128, 64, 3, 3)",189.23659208704157,aggregate,3,23.94906198651126
cnn,CIFAR10,fp32_unfused,42,conv4,conv4,"(256, 128, 3, 3)",61.47585487365723,42,3,
cnn,CIFAR10,fp32_unfused,43,conv4,conv4,"(256, 128, 3, 3)",60.91560363769531,43,3,
cnn,CIFAR10,fp32_unfused,44,conv4,conv4,"(256, 128, 3, 3)",66.10978591918945,44,3,
cnn,CIFAR10,fp32_unfused,"42,43,44",conv4,conv4,"(256, 128, 3, 3)",62.83374814351399,aggregate,3,2.850927567054035
cnn,CIFAR10,fp32_unfused,42,fc1,fc1,"(1024, 1024)",11.719894907691263,42,3,
cnn,CIFAR10,fp32_unfused,43,fc1,fc1,"(1024, 1024)",13.691363751888275,43,3,
cnn,CIFAR10,fp32_unfused,44,fc1,fc1,"(1024, 1024)",12.946432931082589,44,3,
cnn,CIFAR10,fp32_unfused,"42,43,44",fc1,fc1,"(1024, 1024)",12.785897196887376,aggregate,3,0.9954904029547814
cnn,CIFAR10,fp32_unfused,42,fc2,fc2,"(10, 1024)",5.131531037782368,42,3,
cnn,CIFAR10,fp32_unfused,43,fc2,fc2,"(10, 1024)",5.489457301795483,43,3,
cnn,CIFAR10,fp32_unfused,44,fc2,fc2,"(10, 1024)",5.548766837929779,44,3,
cnn,CIFAR10,fp32_unfused,"42,43,44",fc2,fc2,"(10, 1024)",5.389918392502543,aggregate,3,0.22572643637505913
cnn,CIFAR10,ptq,42,conv1,conv1,"(32, 3, 3, 3)",346.2076402143999,42,3,
cnn,CIFAR10,ptq,43,conv1,conv1,"(32, 3, 3, 3)",345.0596872965495,43,3,
cnn,CIFAR10,ptq,44,conv1,conv1,"(32, 3, 3, 3)",361.39048900604246,44,3,
cnn,CIFAR10,ptq,"42,43,44",conv1,conv1,"(32, 3, 3, 3)",350.8859388389973,aggregate,3,9.115296464425994
cnn,CIFAR10,ptq,42,conv2,conv2,"(64, 32, 3, 3)",846.0580729166667,42,3,
cnn,CIFAR10,ptq,43,conv2,conv2,"(64, 32, 3, 3)",987.2075892857143,43,3,
cnn,CIFAR10,ptq,44,conv2,conv2,"(64, 32, 3, 3)",883.12718878852,44,3,
cnn,CIFAR10,ptq,"42,43,44",conv2,conv2,"(64, 32, 3, 3)",905.4642836636336,aggregate,3,73.17790546605502
cnn,CIFAR10,ptq,42,conv3,conv3,"(128, 64, 3, 3)",457.9313193427192,42,3,
cnn,CIFAR10,ptq,43,conv3,conv3,"(128, 64, 3, 3)",435.6348405317827,43,3,
cnn,CIFAR10,ptq,44,conv3,conv3,"(128, 64, 3, 3)",430.8414581298828,44,3,
cnn,CIFAR10,ptq,"42,43,44",conv3,conv3,"(128, 64, 3, 3)",441.46920600146154,aggregate,3,14.45665972685322
cnn,CIFAR10,ptq,42,conv4,conv4,"(256, 128, 3, 3)",24.464793485753678,42,3,
cnn,CIFAR10,ptq,43,conv4,conv4,"(256, 128, 3, 3)",26.12018394470215,43,3,
cnn,CIFAR10,ptq,44,conv4,conv4,"(256, 128, 3, 3)",26.417613689716045,44,3,
cnn,CIFAR10,ptq,"42,43,44",conv4,conv4,"(256, 128, 3, 3)",25.667530373390623,aggregate,3,1.0521635466821277
cnn,CIFAR10,ptq,42,fc1,fc1,"(1024, 1024)",16.36895788283575,42,3,
cnn,CIFAR10,ptq,43,fc1,fc1,"(1024, 1024)",16.146664472726677,43,3,
cnn,CIFAR10,ptq,44,fc1,fc1,"(1024, 1024)",17.766121647574685,44,3,
cnn,CIFAR10,ptq,"42,43,44",fc1,fc1,"(1024, 1024)",16.760581334379037,aggregate,3,0.8778878522571555
cnn,CIFAR10,ptq,42,fc2,fc2,"(10, 1024)",5.781523474625179,42,3,
cnn,CIFAR10,ptq,43,fc2,fc2,"(10, 1024)",5.881451388200124,43,3,
cnn,CIFAR10,ptq,44,fc2,fc2,"(10, 1024)",6.009314404593574,44,3,
cnn,CIFAR10,ptq,"42,43,44",fc2,fc2,"(10, 1024)",5.890763089139625,aggregate,3,0.11418059281137287
cnn,CIFAR10,fp32_fused,42,conv1,conv1,"(32, 3, 3, 3)",383.75121228448273,42,3,
cnn,CIFAR10,fp32_fused,43,conv1,conv1,"(32, 3, 3, 3)",375.52731184525925,43,3,
cnn,CIFAR10,fp32_fused,44,conv1,conv1,"(32, 3, 3, 3)",384.4130024543175,44,3,
cnn,CIFAR10,fp32_fused,"42,43,44",conv1,conv1,"(32, 3, 3, 3)",381.23050886135314,aggregate,3,4.950185219818485
cnn,CIFAR10,fp32_fused,42,conv2,conv2,"(64, 32, 3, 3)",813.547841389974,42,3,
cnn,CIFAR10,fp32_fused,43,conv2,conv2,"(64, 32, 3, 3)",747.6631184895833,43,3,
cnn,CIFAR10,fp32_fused,44,conv2,conv2,"(64, 32, 3, 3)",866.0174275716146,44,3,
cnn,CIFAR10,fp32_fused,"42,43,44",conv2,conv2,"(64, 32, 3, 3)",809.0761291503907,aggregate,3,59.30373324957271
cnn,CIFAR10,fp32_fused,42,conv3,conv3,"(128, 64, 3, 3)",331.2493173935834,42,3,
cnn,CIFAR10,fp32_fused,43,conv3,conv3,"(128, 64, 3, 3)",348.9676106770833,43,3,
cnn,CIFAR10,fp32_fused,44,conv3,conv3,"(128, 64, 3, 3)",326.3727264404297,44,3,
cnn,CIFAR10,fp32_fused,"42,43,44",conv3,conv3,"(128, 64, 3, 3)",335.5298848370321,aggregate,3,11.890106881158788
cnn,CIFAR10,fp32_fused,42,conv4,conv4,"(256, 128, 3, 3)",24.455798662625828,42,3,
cnn,CIFAR10,fp32_fused,43,conv4,conv4,"(256, 128, 3, 3)",20.130444407463074,43,3,
cnn,CIFAR10,fp32_fused,44,conv4,conv4,"(256, 128, 3, 3)",19.438916206359863,44,3,
cnn,CIFAR10,fp32_fused,"42,43,44",conv4,conv4,"(256, 128, 3, 3)",21.341719758816254,aggregate,3,2.718946188800752
cnn,CIFAR10,fp32_fused,42,fc1,fc1,"(1024, 1024)",12.365511309716009,42,3,
cnn,CIFAR10,fp32_fused,43,fc1,fc1,"(1024, 1024)",13.739319377475315,43,3,
cnn,CIFAR10,fp32_fused,44,fc1,fc1,"(1024, 1024)",12.32633368174235,44,3,
cnn,CIFAR10,fp32_fused,"42,43,44",fc1,fc1,"(1024, 1024)",12.81038812297789,aggregate,3,0.8047165204716682
cnn,CIFAR10,fp32_fused,42,fc2,fc2,"(10, 1024)",5.139643412369948,42,3,
cnn,CIFAR10,fp32_fused,43,fc2,fc2,"(10, 1024)",4.58501614843096,43,3,
cnn,CIFAR10,fp32_fused,44,fc2,fc2,"(10, 1024)",5.207619376804518,44,3,
cnn,CIFAR10,fp32_fused,"42,43,44",fc2,fc2,"(10, 1024)",4.977426312535142,aggregate,3,0.34153255423810713
cnn,CIFAR10,qat,42,conv1,conv1,"(32, 3, 3, 3)",245.76749461780895,42,3,
cnn,CIFAR10,qat,43,conv1,conv1,"(32, 3, 3, 3)",262.82066127232144,43,3,
cnn,CIFAR10,qat,44,conv1,conv1,"(32, 3, 3, 3)",259.78092681037054,44,3,
cnn,CIFAR10,qat,"42,43,44",conv1,conv1,"(32, 3, 3, 3)",256.1230275668336,aggregate,3,9.096031738815839
cnn,CIFAR10,qat,42,conv2,conv2,"(64, 32, 3, 3)",604.1564527239118,42,3,
cnn,CIFAR10,qat,43,conv2,conv2,"(64, 32, 3, 3)",542.538384437561,43,3,
cnn,CIFAR10,qat,44,conv2,conv2,"(64, 32, 3, 3)",598.7181060791015,44,3,
cnn,CIFAR10,qat,"42,43,44",conv2,conv2,"(64, 32, 3, 3)",581.8043144135248,aggregate,3,34.11383658012165
cnn,CIFAR10,qat,42,conv3,conv3,"(128, 64, 3, 3)",255.24569905598958,42,3,
cnn,CIFAR10,qat,43,conv3,conv3,"(128, 64, 3, 3)",271.43389696393695,43,3,
cnn,CIFAR10,qat,44,conv3,conv3,"(128, 64, 3, 3)",282.5058358510335,44,3,
cnn,CIFAR10,qat,"42,43,44",conv3,conv3,"(128, 64, 3, 3)",269.72847729032003,aggregate,3,13.709854365327766
cnn,CIFAR10,qat,42,conv4,conv4,"(256, 128, 3, 3)",16.895270849529066,42,3,
cnn,CIFAR10,qat,43,conv4,conv4,"(256, 128, 3, 3)",15.687594711780548,43,3,
cnn,CIFAR10,qat,44,conv4,conv4,"(256, 128, 3, 3)",15.507377551152157,44,3,
cnn,CIFAR10,qat,"42,43,44",conv4,conv4,"(256, 128, 3, 3)",16.030081037487257,aggregate,3,0.7546751714426183
cnn,CIFAR10,qat,42,fc1,fc1,"(1024, 1024)",11.43065199099089,42,3,
cnn,CIFAR10,qat,43,fc1,fc1,"(1024, 1024)",13.484882235527039,43,3,
cnn,CIFAR10,qat,44,fc1,fc1,"(1024, 1024)",13.135787450350248,44,3,
cnn,CIFAR10,qat,"42,43,44",fc1,fc1,"(1024, 1024)",12.683773892289393,aggregate,3,1.0991827267997287
cnn,CIFAR10,qat,42,fc2,fc2,"(10, 1024)",4.914492253334291,42,3,
cnn,CIFAR10,qat,43,fc2,fc2,"(10, 1024)",5.098918640095254,43,3,
cnn,CIFAR10,qat,44,fc2,fc2,"(10, 1024)",5.83200523853302,44,3,
cnn,CIFAR10,qat,"42,43,44",fc2,fc2,"(10, 1024)",5.281805377320855,aggregate,3,0.4853279185167899
cnn,CIFAR10,fp32_fused_qat,42,conv1,conv1,"(32, 3, 3, 3)",441.24858169555665,42,3,
cnn,CIFAR10,fp32_fused_qat,43,conv1,conv1,"(32, 3, 3, 3)",422.93101719447543,43,3,
cnn,CIFAR10,fp32_fused_qat,44,conv1,conv1,"(32, 3, 3, 3)",487.7422383626302,44,3,
cnn,CIFAR10,fp32_fused_qat,"42,43,44",conv1,conv1,"(32, 3, 3, 3)",450.6406124175541,aggregate,3,33.41079583217191
cnn,CIFAR10,fp32_fused_qat,42,conv2,conv2,"(64, 32, 3, 3)",767.6576054890951,42,3,
cnn,CIFAR10,fp32_fused_qat,43,conv2,conv2,"(64, 32, 3, 3)",1010.1312422318892,43,3,
cnn,CIFAR10,fp32_fused_qat,44,conv2,conv2,"(64, 32, 3, 3)",878.3471837926794,44,3,
cnn,CIFAR10,fp32_fused_qat,"42,43,44",conv2,conv2,"(64, 32, 3, 3)",885.3786771712213,aggregate,3,121.38965175486946
cnn,CIFAR10,fp32_fused_qat,42,conv3,conv3,"(128, 64, 3, 3)",381.26476806640625,42,3,
cnn,CIFAR10,fp32_fused_qat,43,conv3,conv3,"(128, 64, 3, 3)",410.08663058810765,43,3,
cnn,CIFAR10,fp32_fused_qat,44,conv3,conv3,"(128, 64, 3, 3)",417.74603002211626,44,3,
cnn,CIFAR10,fp32_fused_qat,"42,43,44",conv3,conv3,"(128, 64, 3, 3)",403.0324762255434,aggregate,3,19.236461181788272
cnn,CIFAR10,fp32_fused_qat,42,conv4,conv4,"(256, 128, 3, 3)",23.609476966857912,42,3,
cnn,CIFAR10,fp32_fused_qat,43,conv4,conv4,"(256, 128, 3, 3)",22.619218730926512,43,3,
cnn,CIFAR10,fp32_fused_qat,44,conv4,conv4,"(256, 128, 3, 3)",21.816847223984567,44,3,
cnn,CIFAR10,fp32_fused_qat,"42,43,44",conv4,conv4,"(256, 128, 3, 3)",22.681847640589663,aggregate,3,0.8979544164392395
cnn,CIFAR10,fp32_fused_qat,42,fc1,fc1,"(1024, 1024)",12.588786870241165,42,3,
cnn,CIFAR10,fp32_fused_qat,43,fc1,fc1,"(1024, 1024)",12.606783490431937,43,3,
cnn,CIFAR10,fp32_fused_qat,44,fc1,fc1,"(1024, 1024)",12.257459004720053,44,3,
cnn,CIFAR10,fp32_fused_qat,"42,43,44",fc1,fc1,"(1024, 1024)",12.484343121797718,aggregate,3,0.1966933438659189
cnn,CIFAR10,fp32_fused_qat,42,fc2,fc2,"(10, 1024)",5.191497751257637,42,3,
cnn,CIFAR10,fp32_fused_qat,43,fc2,fc2,"(10, 1024)",5.554156849461217,43,3,
cnn,CIFAR10,fp32_fused_qat,44,fc2,fc2,"(10, 1024)",5.669384833305113,44,3,
cnn,CIFAR10,fp32_fused_qat,"42,43,44",fc2,fc2,"(10, 1024)",5.471679811341322,aggregate,3,0.24939098251487715
