config_name,method,bits,accuracy,inference_time,model_size_mb,drop_percentage
Baseline (Float32),float,32,91.05571847507332,5.684567928314209,6.0722198486328125,0.0
Sym_INT8,symmetric,8,91.05571847507332,5.595772981643677,1.5339021682739258,0.0
Sym_INT4,symmetric,4,37.096774193548384,5.545230865478516,1.5339021682739258,53.958944281524936
Aff_INT8,affine,8,90.98240469208211,5.579646110534668,1.5339021682739258,0.07331378299120672
Aff_INT4,affine,4,70.45454545454545,5.666156530380249,1.5339021682739258,20.601173020527867
Po2_INT8,power2,8,91.05571847507332,5.521812438964844,1.5339021682739258,0.0
Po2_INT4,power2,4,26.759530791788855,5.635051727294922,1.5339021682739258,64.29618768328447
