layer,accuracy,inference_time
conv1,84.61538461538461,0.035032033920288086
conv2,88.46153846153847,0.03603625297546387
fc1,88.46153846153847,0.0516047477722168
fc2,88.46153846153847,0.0345921516418457
