layer,accuracy,inference_time
conv1,0.0,0.01752471923828125
conv2,0.0,0.015013933181762695
fc1,0.0,0.02852630615234375
fc2,0.0,0.016530275344848633
