layer,accuracy,inference_time
conv1,79.44111776447106,0.5395431518554688
conv2,84.4311377245509,0.7645695209503174
fc1,84.63073852295409,0.6122419834136963
fc2,84.23153692614771,0.7092883586883545
