layer,accuracy,inference_time
conv1,18.181818181818183,0.012016534805297852
conv2,27.272727272727273,0.013518571853637695
fc1,27.272727272727273,0.013015508651733398
fc2,18.181818181818183,0.013019084930419922
