layer,accuracy,inference_time
conv1,98.91,1.5686535835266113
conv2,98.86,1.801590919494629
fc1,98.87,1.6944830417633057
fc2,98.89,1.5821692943572998
