layer,accuracy,inference_time
conv1,100.0,0.586348295211792
conv2,100.0,0.7821781635284424
fc1,100.0,0.7523214817047119
fc2,100.0,0.6100606918334961
