layer,accuracy,inference_time
conv1,0.0,0.013509988784790039
conv2,0.0,0.014508485794067383
fc1,9.090909090909092,0.02203536033630371
fc2,0.0,0.013016462326049805
