layer,accuracy,inference_time
conv1,81.437125748503,0.6015918254852295
conv2,84.23153692614771,0.7260737419128418
fc1,84.23153692614771,0.826296329498291
fc2,84.4311377245509,0.6201460361480713
