layer,accuracy,inference_time
conv1,98.69,0.9418809413909912
conv2,98.88,1.039093017578125
fc1,98.9,0.9392530918121338
fc2,98.89,0.9921693801879883
