layer,accuracy,inference_time
conv1,27.272727272727273,0.015515327453613281
conv2,45.45454545454545,0.015545129776000977
fc1,45.45454545454545,0.03453803062438965
fc2,45.45454545454545,0.015009880065917969
