layer,accuracy,inference_time
conv1,98.67,4.933558702468872
conv2,99.09,6.192142486572266
fc1,99.1,5.27703595161438
fc2,99.08,4.990220785140991
