layer_name,accuracy,drop
conv1,75.1466275659824,0.14662756598241344
conv2,75.2199413489736,0.07331378299120672
conv3,75.1466275659824,0.14662756598241344
conv4,75.29325513196481,0.0
fc1,75.29325513196481,0.0
fc2,75.366568914956,-0.07331378299119251
