layer,accuracy,inference_time
conv1,98.9,1.4956815242767334
conv2,98.97,1.732971429824829
fc1,98.94,1.4776725769042969
fc2,98.96,1.438732385635376
