layer,accuracy,inference_time
conv1,18.181818181818183,0.016512393951416016
conv2,27.272727272727273,0.016668081283569336
fc1,27.272727272727273,0.02283191680908203
fc2,27.272727272727273,0.015524625778198242
