layer,accuracy,inference_time
conv1,98.79,1.6663227081298828
conv2,98.86,1.7638182640075684
fc1,98.84,1.7629969120025635
fc2,98.88,1.5693280696868896
