layer,mse
conv1,4.509639097705076e-07
conv2,1.9272852114227135e-07
fc1,5.2279055751114356e-08
fc2,8.188629152527938e-08
