layer,mse
conv1,4.390204253468255e-07
conv2,6.311018410087854e-07
conv3,7.899051297499682e-07
conv4,6.899446134411846e-07
fc1,1.1210843240405666e-06
fc2,1.4493944036075845e-06
