layer,mse
conv1,3.4993307053809986e-05
conv2,3.2325297070201486e-05
fc1,4.0866223571356386e-05
fc2,3.336680310894735e-05
