layer,mse
conv1,5.059284831077093e-07
conv2,2.0246875465090852e-07
fc1,6.186818524156479e-08
fc2,8.761386993683118e-08
