layer,mse
conv1,8.737697498872876e-07
conv2,4.2628622054508014e-07
fc1,1.6208515773996623e-07
fc2,8.694677262610639e-07
