layer,mse
conv1,1.2157036053395132e-06
conv2,5.442744281936029e-07
fc1,1.7232314064585808e-07
fc2,9.707194976726896e-07
