layer,mse
conv1,2.0731575034460548e-07
conv2,2.7584162509697308e-08
fc1,3.223038502753184e-09
fc2,9.625681585134771e-09
