layer,mse
conv1,1.9972841869275726e-07
conv2,2.1724867238503975e-08
fc1,8.720633659642374e-10
fc2,4.528277841586714e-08
