layer,mse
conv1,1.9798059724962513e-07
conv2,2.1118246706919308e-08
fc1,1.1042030623187316e-09
fc2,4.608250492310617e-08
