layer,mse
conv1,1.888457887844197e-07
conv2,2.2173265890046423e-08
fc1,6.509102146168289e-10
fc2,1.4424111682842522e-08
