layer,mse
conv1,1.949766641473616e-07
conv2,1.9314802202075043e-08
fc1,2.633698814591412e-10
fc2,5.85648818329787e-09
