layer,mse
conv1,1.988129127994398e-07
conv2,1.998018461790707e-08
fc1,2.800274456760121e-10
fc2,4.6876564852027514e-08
