layer,mse
conv1,3.4556669561425224e-05
conv2,3.391628706594929e-05
fc1,5.196981146582402e-05
fc2,3.2038966310210526e-05
