layer,mse
conv1,9.76938963503926e-07
conv2,4.512839950621128e-07
fc1,1.5008542675332137e-07
fc2,5.766388539996115e-07
