layer,mse
conv1,1.2752386737702182e-06
conv2,4.844123395741917e-07
fc1,1.8237233234685846e-07
fc2,6.515905397463939e-07
