layer,mse
conv1,1.1112393849543878e-06
conv2,3.867437214921665e-07
fc1,1.4754245114545483e-07
fc2,6.64087394852686e-07
