layer,mse
conv1,2.1860607546386746e-07
conv2,4.249471885486855e-08
fc1,5.872403008311267e-09
fc2,7.320665673660187e-08
