model,dataset,stage,layer,calib_min,calib_max,range_width,scale,zero_point,act_p99,act_p999,act_max,outlier_factor,range_over_p99,seed,n_seeds,metric_std
cnn,CIFAR10,PTQ,conv1,-8.831258773803711,8.362850189208984,17.194108963012695,0.06742788106203079,131,1.5482120513916016,2.650066375732422,5.38702917098999,3.479516366086861,11.105784215771909,42,3,
cnn,CIFAR10,PTQ,conv2,-7.689245223999023,4.240601539611816,11.92984676361084,0.04678371176123619,164,0.804348886013031,1.4033734798431396,3.853736400604248,4.791125427805733,14.831681837398067,42,3,
cnn,CIFAR10,PTQ,conv3,-5.000432968139648,3.9216196537017822,8.92205262184143,0.034988440573215485,143,0.5728946924209595,1.0565663576126099,3.2634122371673584,5.696356207066103,15.573634631066824,42,3,
cnn,CIFAR10,PTQ,conv4,-3.2357871532440186,3.3979997634887695,6.633786916732788,0.02601485140621662,124,0.9159169793128967,1.5546832084655762,2.966857433319092,3.2392209122979367,7.242781896793012,42,3,
cnn,CIFAR10,PTQ,fc1,-1.66070556640625,2.8810043334960938,4.541709899902344,0.017810627818107605,93,0.7835889458656311,1.3843531608581543,2.5014920234680176,3.1923523636549236,5.796036204779681,42,3,
cnn,CIFAR10,PTQ,fc2,-7.170403003692627,15.237586975097656,22.407989978790283,0.08787447214126587,82,10.914844512939453,13.963714599609375,14.134288787841797,1.2949601591745736,2.0529829767364807,42,3,
cnn,CIFAR10,PTQ,conv1,-8.831258773803711,8.362850189208984,17.194108963012695,0.06742788106203079,131,1.498915433883667,2.507337808609009,5.827557563781738,3.887849462382695,11.471033371417773,43,3,
cnn,CIFAR10,PTQ,conv2,-7.689245223999023,4.240601539611816,11.92984676361084,0.04678371176123619,164,0.7801357507705688,1.3627030849456787,3.097316265106201,3.9702273124220593,15.292013924278294,43,3,
cnn,CIFAR10,PTQ,conv3,-5.000432968139648,3.9216196537017822,8.92205262184143,0.034988440573215485,143,0.5785084366798401,1.1030683517456055,2.769275426864624,4.786923148014875,15.42251081599887,43,3,
cnn,CIFAR10,PTQ,conv4,-3.2357871532440186,3.3979997634887695,6.633786916732788,0.02601485140621662,124,0.9588725566864014,1.681684136390686,3.444082498550415,3.59180422313077,6.91831971879279,43,3,
cnn,CIFAR10,PTQ,fc1,-1.66070556640625,2.8810043334960938,4.541709899902344,0.017810627818107605,93,0.8141642212867737,1.532171607017517,3.2355587482452393,3.97408614091576,5.578370777242266,43,3,
cnn,CIFAR10,PTQ,fc2,-7.170403003692627,15.237586975097656,22.407989978790283,0.08787447214126587,82,11.631826400756836,17.716533660888672,19.03714942932129,1.6366431868414593,1.9264377928931509,43,3,
cnn,CIFAR10,PTQ,conv1,-8.831258773803711,8.362850189208984,17.194108963012695,0.06742788106203079,131,1.6066529750823975,2.731626033782959,5.459761142730713,3.3982205413404274,10.70181876838145,44,3,
cnn,CIFAR10,PTQ,conv2,-7.689245223999023,4.240601539611816,11.92984676361084,0.04678371176123619,164,0.8233109712600708,1.4477159976959229,3.582659959793091,4.3515270473195065,14.490085982156057,44,3,
cnn,CIFAR10,PTQ,conv3,-5.000432968139648,3.9216196537017822,8.92205262184143,0.034988440573215485,143,0.596509575843811,1.111426830291748,2.932742118835449,4.916504675866851,14.957098734283461,44,3,
cnn,CIFAR10,PTQ,conv4,-3.2357871532440186,3.3979997634887695,6.633786916732788,0.02601485140621662,124,0.9199213981628418,1.5688637495040894,2.9066827297210693,3.159707704947349,7.211254059293547,44,3,
cnn,CIFAR10,PTQ,fc1,-1.66070556640625,2.8810043334960938,4.541709899902344,0.017810627818107605,93,0.7739072442054749,1.4102338552474976,2.2303028106689453,2.881873541523269,5.868545531661292,44,3,
cnn,CIFAR10,PTQ,fc2,-7.170403003692627,15.237586975097656,22.407989978790283,0.08787447214126587,82,11.480165481567383,14.19427490234375,14.595417022705078,1.2713594630791307,1.9518873673701547,44,3,
cnn,CIFAR10,PTQ,conv1,-8.831258773803711,8.362850189208984,17.194108963012695,0.06742788106203079,131,1.5512601534525554,2.6296767393747964,5.5581159591674805,3.588528789936661,11.092878785190377,aggregate,3,0.2623869308777785
cnn,CIFAR10,PTQ,conv2,-7.689245223999023,4.240601539611816,11.92984676361084,0.04678371176123619,164,0.8025985360145569,1.404597520828247,3.511237541834513,4.370959929182433,14.871260581277472,aggregate,3,0.4107939345136935
cnn,CIFAR10,PTQ,conv3,-5.000432968139648,3.9216196537017822,8.92205262184143,0.034988440573215485,143,0.5826375683148702,1.0903538465499878,2.988476594289144,5.133261343649276,15.317748060449718,aggregate,3,0.4919397442725318
cnn,CIFAR10,PTQ,conv4,-3.2357871532440186,3.3979997634887695,6.633786916732788,0.02601485140621662,124,0.93157031138738,1.6017436981201172,3.105874220530192,3.330244280125352,7.124118558293117,aggregate,3,0.22997997820363097
cnn,CIFAR10,PTQ,fc1,-1.66070556640625,2.8810043334960938,4.541709899902344,0.017810627818107605,93,0.7905534704526266,1.4422528743743896,2.655784527460734,3.3494373486979843,5.747650837894413,aggregate,3,0.5627955756421772
cnn,CIFAR10,PTQ,fc2,-7.170403003692627,15.237586975097656,22.407989978790283,0.08787447214126587,82,11.342278798421225,15.291507720947266,15.922285079956055,1.4009876030317212,1.977102712333262,aggregate,3,0.2044245920861253
cnn,CIFAR10,QAT,conv1,-8.421334266662598,7.629421234130859,16.050755500793457,0.06294413655996323,134,1.5267081260681152,2.682183027267456,5.850663661956787,3.8322083717629702,10.513309798206537,42,3,
cnn,CIFAR10,QAT,conv2,-7.567662715911865,4.888386249542236,12.456048965454102,0.0488472506403923,155,0.7872605323791504,1.3614171743392944,3.6322572231292725,4.613793113891236,15.822016287049403,42,3,
cnn,CIFAR10,QAT,conv3,-5.724193572998047,3.556304693222046,9.280498266220093,0.036394111812114716,157,0.5415483713150024,1.0252314805984497,3.4917898178100586,6.447789343971619,17.1369701356223,42,3,
cnn,CIFAR10,QAT,conv4,-3.653531312942505,4.217977046966553,7.871508359909058,0.030868660658597946,118,0.9035635590553284,1.5708574056625366,3.5807182788848877,3.9628847832558813,8.711626626619033,42,3,
cnn,CIFAR10,QAT,fc1,-2.490694046020508,4.763887405395508,7.254581451416016,0.028449339792132378,88,0.8304044604301453,1.6486495733261108,3.9600844383239746,4.768862195504912,8.736202413530124,42,3,
cnn,CIFAR10,QAT,fc2,-11.1981782913208,25.308176040649414,36.506354331970215,0.14316217601299286,78,11.693208694458008,21.44735336303711,22.125715255737305,1.8921850993922464,3.122013408455832,42,3,
cnn,CIFAR10,QAT,conv1,-8.421334266662598,7.629421234130859,16.050755500793457,0.06294413655996323,134,1.4798500537872314,2.5063347816467285,5.765020370483398,3.8956787248340206,10.846203951350592,43,3,
cnn,CIFAR10,QAT,conv2,-7.567662715911865,4.888386249542236,12.456048965454102,0.0488472506403923,155,0.7726939916610718,1.3323040008544922,3.1977522373199463,4.138445842507059,16.120287073382244,43,3,
cnn,CIFAR10,QAT,conv3,-5.724193572998047,3.556304693222046,9.280498266220093,0.036394111812114716,157,0.5346010327339172,1.0370594263076782,3.0690462589263916,5.740816180678656,17.35967141470002,43,3,
cnn,CIFAR10,QAT,conv4,-3.653531312942505,4.217977046966553,7.871508359909058,0.030868660658597946,118,0.9122905135154724,1.6889015436172485,3.7395339012145996,4.09906038242628,8.62829136475018,43,3,
cnn,CIFAR10,QAT,fc1,-2.490694046020508,4.763887405395508,7.254581451416016,0.028449339792132378,88,0.8359110355377197,1.7003562450408936,3.4733660221099854,4.155186227294702,8.678652563486416,43,3,
cnn,CIFAR10,QAT,fc2,-11.1981782913208,25.308176040649414,36.506354331970215,0.14316217601299286,78,12.83712387084961,19.145641326904297,19.17453956604004,1.4936787834213674,2.84381102022926,43,3,
cnn,CIFAR10,QAT,conv1,-8.421334266662598,7.629421234130859,16.050755500793457,0.06294413655996323,134,1.5948495864868164,2.7570199966430664,6.0093231201171875,3.7679560323645997,10.064118670996777,44,3,
cnn,CIFAR10,QAT,conv2,-7.567662715911865,4.888386249542236,12.456048965454102,0.0488472506403923,155,0.810819685459137,1.4106926918029785,4.222436428070068,5.207614595197032,15.362292244299304,44,3,
cnn,CIFAR10,QAT,conv3,-5.724193572998047,3.556304693222046,9.280498266220093,0.036394111812114716,157,0.5599169135093689,1.0530829429626465,2.8690786361694336,5.124114965892035,16.574777511279457,44,3,
cnn,CIFAR10,QAT,conv4,-3.653531312942505,4.217977046966553,7.871508359909058,0.030868660658597946,118,0.9187060594558716,1.6669025421142578,3.7633373737335205,4.096345436060864,8.568037925613739,44,3,
cnn,CIFAR10,QAT,fc1,-2.490694046020508,4.763887405395508,7.254581451416016,0.028449339792132378,88,0.8578970432281494,1.7078930139541626,3.823556900024414,4.456894833949878,8.456237853575082,44,3,
cnn,CIFAR10,QAT,fc2,-11.1981782913208,25.308176040649414,36.506354331970215,0.14316217601299286,78,13.569925308227539,17.111358642578125,17.886640548706055,1.3181089904644694,2.6902398873069817,44,3,
cnn,CIFAR10,QAT,conv1,-8.421334266662598,7.629421234130859,16.050755500793457,0.06294413655996323,134,1.533802588780721,2.648512601852417,5.875002384185791,3.8319477096538637,10.474544140184635,aggregate,3,0.06386174521151848
cnn,CIFAR10,QAT,conv2,-7.567662715911865,4.888386249542236,12.456048965454102,0.0488472506403923,155,0.7902580698331197,1.3681379556655884,3.684148629506429,4.6532845171984425,15.768198534910317,aggregate,3,0.5356772663027034
cnn,CIFAR10,QAT,conv3,-5.724193572998047,3.556304693222046,9.280498266220093,0.036394111812114716,157,0.5453554391860962,1.038457949956258,3.1433049043019614,5.77090683018077,17.023806353867258,aggregate,3,0.6623500209003452
cnn,CIFAR10,QAT,conv4,-3.653531312942505,4.217977046966553,7.871508359909058,0.030868660658597946,118,0.9115200440088908,1.6422204971313477,3.6945298512776694,4.052763533914342,8.635985305660984,aggregate,3,0.07784911751835112
cnn,CIFAR10,QAT,fc1,-2.490694046020508,4.763887405395508,7.254581451416016,0.028449339792132378,88,0.8414041797320048,1.6856329441070557,3.752335786819458,4.460314418916497,8.623697610197208,aggregate,3,0.3068522749804745
cnn,CIFAR10,QAT,fc2,-11.1981782913208,25.308176040649414,36.506354331970215,0.14316217601299286,78,12.700085957845053,19.234784444173176,19.728965123494465,1.5679909577593611,2.885354771997358,aggregate,3,0.29416418740483097
resnet18_no_weights,CIFAR10,PTQ,conv1,-3.6791577339172363,5.35114049911499,9.030298233032227,0.03541293367743492,104,0.9350786209106445,1.5880244970321655,3.572056531906128,3.820060101927484,9.657260930891452,42,3,
resnet18_no_weights,CIFAR10,PTQ,layer1.0.conv1,-4.32539176940918,4.129577159881592,8.454968929290771,0.03315674141049385,130,0.7706360816955566,1.2575491666793823,3.386916160583496,4.394961825731789,10.971415860373568,42,3,
resnet18_no_weights,CIFAR10,PTQ,layer1.0.conv2,-5.406527519226074,4.73952054977417,10.146048069000244,0.039788421243429184,136,0.8450829982757568,1.499732255935669,4.078673362731934,4.826358323447223,12.005978217170941,42,3,
resnet18_no_weights,CIFAR10,PTQ,layer1.1.conv1,-5.176906585693359,3.5658791065216064,8.742785692214966,0.03428543359041214,151,0.6544652581214905,1.293700933456421,3.150542736053467,4.81391899257794,13.358670431657986,42,3,
resnet18_no_weights,CIFAR10,PTQ,layer1.1.conv2,-4.422154426574707,3.0716419219970703,7.493796348571777,0.02938743680715561,150,0.7278316617012024,1.183314561843872,3.031984329223633,4.16577690799656,10.296057100698395,42,3,
resnet18_no_weights,CIFAR10,PTQ,layer2.0.conv1,-3.2685396671295166,2.8168814182281494,6.085421085357666,0.023864395916461945,137,0.5912739038467407,0.9907245635986328,2.3937911987304688,4.04853179407516,10.29205085116528,42,3,
resnet18_no_weights,CIFAR10,PTQ,layer2.0.conv2,-2.6817452907562256,3.014601230621338,5.6963465213775635,0.022338612005114555,120,0.7070915699005127,1.129225254058838,2.5782721042633057,3.6463058166936806,8.05602380774959,42,3,
resnet18_no_weights,CIFAR10,PTQ,layer2.0.downsample.0,-3.486379861831665,2.5784971714019775,6.064877033233643,0.023783830925822258,147,0.5358389616012573,0.9124877452850342,2.3529903888702393,4.391226763053503,11.31846966691235,42,3,
resnet18_no_weights,CIFAR10,PTQ,layer2.1.conv1,-2.683896780014038,2.91104793548584,5.594944715499878,0.021940961480140686,122,0.5114095211029053,0.8661127090454102,2.4124014377593994,4.717161762176067,10.940243551652745,42,3,
resnet18_no_weights,CIFAR10,PTQ,layer2.1.conv2,-3.4691734313964844,3.7315328121185303,7.200706243515015,0.028238065540790558,123,0.5630866289138794,0.9848980903625488,3.252070426940918,5.775435359233689,12.787919076331535,42,3,
resnet18_no_weights,CIFAR10,PTQ,layer3.0.conv1,-1.977259635925293,2.867954730987549,4.845214366912842,0.019000841304659843,104,0.5036445260047913,0.8405847549438477,2.591529607772827,5.145553012022955,9.620305824324095,42,3,
resnet18_no_weights,CIFAR10,PTQ,layer3.0.conv2,-2.1278672218322754,2.625229597091675,4.75309681892395,0.018639594316482544,114,0.609947919845581,0.9893581867218018,2.5400214195251465,4.164325079046416,7.7926273117338924,42,3,
resnet18_no_weights,CIFAR10,PTQ,layer3.0.downsample.0,-1.8093032836914062,2.140545129776001,3.9498484134674072,0.015489601530134678,117,0.3557753264904022,0.5922936201095581,1.4994531869888306,4.214607015557841,11.10208639938937,42,3,
resnet18_no_weights,CIFAR10,PTQ,layer3.1.conv1,-1.9046744108200073,2.3977913856506348,4.302465796470642,0.01687241531908512,113,0.380344033241272,0.6562665700912476,2.088449001312256,5.490947191979331,11.312037051837658,42,3,
resnet18_no_weights,CIFAR10,PTQ,layer3.1.conv2,-2.7714624404907227,3.70086669921875,6.472329139709473,0.025381682440638542,109,0.42168062925338745,0.7823173403739929,2.140338659286499,5.075733886747669,15.348888923755274,42,3,
resnet18_no_weights,CIFAR10,PTQ,layer4.0.conv1,-1.782611608505249,3.2661547660827637,5.048766374588013,0.019799083471298218,90,0.47362494468688965,0.787921130657196,2.4330084323883057,5.136993859132043,10.659840515633565,42,3,
resnet18_no_weights,CIFAR10,PTQ,layer4.0.conv2,-1.9960267543792725,3.079805612564087,5.075832366943359,0.019905224442481995,100,0.49545931816101074,0.8711594939231873,2.792201280593872,5.635581324734482,10.244700585677254,42,3,
resnet18_no_weights,CIFAR10,PTQ,layer4.0.downsample.0,-2.292912244796753,3.955324411392212,6.248236656188965,0.024502888321876526,94,0.536841094493866,0.9039095044136047,2.265137195587158,4.219381151740499,11.638894116479301,42,3,
resnet18_no_weights,CIFAR10,PTQ,layer4.1.conv1,-1.8521877527236938,2.473205804824829,4.325393557548523,0.016962328925728798,109,0.4779195487499237,0.8634198904037476,2.0142669677734375,4.214656992044122,9.050463762912175,42,3,
resnet18_no_weights,CIFAR10,PTQ,layer4.1.conv2,-2.061821937561035,4.117689609527588,6.179511547088623,0.024233378469944,85,1.026102066040039,1.7456504106521606,3.7857584953308105,3.6894560693566407,6.022316640426192,42,3,
resnet18_no_weights,CIFAR10,PTQ,fc,-5.828824043273926,19.009185791015625,24.83800983428955,0.09740395843982697,60,13.287936210632324,16.34449005126953,16.352603912353516,1.230635341195347,1.8692150113134536,42,3,
resnet18_no_weights,CIFAR10,PTQ,conv1,-3.6791577339172363,5.35114049911499,9.030298233032227,0.03541293367743492,104,0.8970575332641602,1.4956223964691162,3.2206218242645264,3.5902065417649602,10.06657644373523,43,3,
resnet18_no_weights,CIFAR10,PTQ,layer1.0.conv1,-4.32539176940918,4.129577159881592,8.454968929290771,0.03315674141049385,130,0.7337135076522827,1.1821961402893066,3.141254425048828,4.281309247120354,11.523529062923702,43,3,
resnet18_no_weights,CIFAR10,PTQ,layer1.0.conv2,-5.406527519226074,4.73952054977417,10.146048069000244,0.039788421243429184,136,0.8184438347816467,1.4380826950073242,4.0465521812438965,4.9442026554253165,12.39675544957476,43,3,
resnet18_no_weights,CIFAR10,PTQ,layer1.1.conv1,-5.176906585693359,3.5658791065216064,8.742785692214966,0.03428543359041214,151,0.6268156170845032,1.2591654062271118,3.333793878555298,5.318619682868969,13.947938522783042,43,3,
resnet18_no_weights,CIFAR10,PTQ,layer1.1.conv2,-4.422154426574707,3.0716419219970703,7.493796348571777,0.02938743680715561,150,0.7121036052703857,1.156644344329834,2.6054799556732178,3.6588495499667033,10.5234635706224,43,3,
resnet18_no_weights,CIFAR10,PTQ,layer2.0.conv1,-3.2685396671295166,2.8168814182281494,6.085421085357666,0.023864395916461945,137,0.5769068002700806,0.9739511013031006,2.450237274169922,4.247197767512597,10.548360814101617,43,3,
resnet18_no_weights,CIFAR10,PTQ,layer2.0.conv2,-2.6817452907562256,3.014601230621338,5.6963465213775635,0.022338612005114555,120,0.7038360238075256,1.1376770734786987,3.0155704021453857,4.284478628746684,8.0932864029354,43,3,
resnet18_no_weights,CIFAR10,PTQ,layer2.0.downsample.0,-3.486379861831665,2.5784971714019775,6.064877033233643,0.023783830925822258,147,0.5295177102088928,0.9273260831832886,2.829462766647339,5.343471449767234,11.453586756977534,43,3,
resnet18_no_weights,CIFAR10,PTQ,layer2.1.conv1,-2.683896780014038,2.91104793548584,5.594944715499878,0.021940961480140686,122,0.5127792954444885,0.8819547295570374,1.9777474403381348,3.856917504096532,10.911019156204533,43,3,
resnet18_no_weights,CIFAR10,PTQ,layer2.1.conv2,-3.4691734313964844,3.7315328121185303,7.200706243515015,0.028238065540790558,123,0.5723273158073425,1.023480772972107,3.7261998653411865,6.5106098598227735,12.581447791562205,43,3,
resnet18_no_weights,CIFAR10,PTQ,layer3.0.conv1,-1.977259635925293,2.867954730987549,4.845214366912842,0.019000841304659843,104,0.5076321363449097,0.8760814070701599,3.0997540950775146,6.106299962403075,9.544735291582821,43,3,
resnet18_no_weights,CIFAR10,PTQ,layer3.0.conv2,-2.1278672218322754,2.625229597091675,4.75309681892395,0.018639594316482544,114,0.6160324811935425,1.0275498628616333,2.378112316131592,3.860368387595534,7.715659423858598,43,3,
resnet18_no_weights,CIFAR10,PTQ,layer3.0.downsample.0,-1.8093032836914062,2.140545129776001,3.9498484134674072,0.015489601530134678,117,0.3579288423061371,0.606732189655304,2.2428693771362305,6.266243767016409,11.03528955090212,43,3,
resnet18_no_weights,CIFAR10,PTQ,layer3.1.conv1,-1.9046744108200073,2.3977913856506348,4.302465796470642,0.01687241531908512,113,0.3876073956489563,0.7170434594154358,2.10687255859375,5.435584001348307,11.100061156643276,43,3,
resnet18_no_weights,CIFAR10,PTQ,layer3.1.conv2,-2.7714624404907227,3.70086669921875,6.472329139709473,0.025381682440638542,109,0.4476712644100189,0.8943309187889099,3.1912195682525635,7.128488741528311,14.457772151713344,43,3,
resnet18_no_weights,CIFAR10,PTQ,layer4.0.conv1,-1.782611608505249,3.2661547660827637,5.048766374588013,0.019799083471298218,90,0.49670422077178955,0.8941514492034912,3.4068639278411865,6.85893895273837,10.16453286171624,43,3,
resnet18_no_weights,CIFAR10,PTQ,layer4.0.conv2,-1.9960267543792725,3.079805612564087,5.075832366943359,0.019905224442481995,100,0.5287026166915894,0.9831907153129578,3.179056167602539,6.012938213727422,9.600543304865596,43,3,
resnet18_no_weights,CIFAR10,PTQ,layer4.0.downsample.0,-2.292912244796753,3.955324411392212,6.248236656188965,0.024502888321876526,94,0.5613052845001221,1.0221723318099976,2.847947120666504,5.073793529670367,11.131619154010666,43,3,
resnet18_no_weights,CIFAR10,PTQ,layer4.1.conv1,-1.8521877527236938,2.473205804824829,4.325393557548523,0.016962328925728798,109,0.5202733278274536,0.990545928478241,2.6204779148101807,5.036733145157982,8.31369460281658,43,3,
resnet18_no_weights,CIFAR10,PTQ,layer4.1.conv2,-2.061821937561035,4.117689609527588,6.179511547088623,0.024233378469944,85,1.099226474761963,1.9789289236068726,4.320357799530029,3.9303618487405894,5.621690969940288,43,3,
resnet18_no_weights,CIFAR10,PTQ,fc,-5.828824043273926,19.009185791015625,24.83800983428955,0.09740395843982697,60,15.609580993652344,17.328929901123047,17.504518508911133,1.1213957963400407,1.591202854477001,43,3,
resnet18_no_weights,CIFAR10,PTQ,conv1,-3.6791577339172363,5.35114049911499,9.030298233032227,0.03541293367743492,104,0.918606698513031,1.5898675918579102,3.7715704441070557,4.105751079555788,9.830429331344709,44,3,
resnet18_no_weights,CIFAR10,PTQ,layer1.0.conv1,-4.32539176940918,4.129577159881592,8.454968929290771,0.03315674141049385,130,0.7562769651412964,1.2155228853225708,2.8876776695251465,3.8182806070070336,11.179725575419472,44,3,
resnet18_no_weights,CIFAR10,PTQ,layer1.0.conv2,-5.406527519226074,4.73952054977417,10.146048069000244,0.039788421243429184,136,0.8378303050994873,1.4736318588256836,3.4115242958068848,4.071855929586824,12.10990818456425,44,3,
resnet18_no_weights,CIFAR10,PTQ,layer1.1.conv1,-5.176906585693359,3.5658791065216064,8.742785692214966,0.03428543359041214,151,0.6471333503723145,1.2809357643127441,3.0292253494262695,4.680990939013526,13.510021832725805,44,3,
resnet18_no_weights,CIFAR10,PTQ,layer1.1.conv2,-4.422154426574707,3.0716419219970703,7.493796348571777,0.02938743680715561,150,0.7183003425598145,1.1687843799591064,2.936762571334839,4.088488334655483,10.432678232988247,44,3,
resnet18_no_weights,CIFAR10,PTQ,layer2.0.conv1,-3.2685396671295166,2.8168814182281494,6.085421085357666,0.023864395916461945,137,0.5902926921844482,0.9921404123306274,2.5129806995391846,4.257177384730278,10.309158771452585,44,3,
resnet18_no_weights,CIFAR10,PTQ,layer2.0.conv2,-2.6817452907562256,3.014601230621338,5.6963465213775635,0.022338612005114555,120,0.7181183099746704,1.153572678565979,3.0482912063598633,4.244831476957304,7.932323187217557,44,3,
resnet18_no_weights,CIFAR10,PTQ,layer2.0.downsample.0,-3.486379861831665,2.5784971714019775,6.064877033233643,0.023783830925822258,147,0.5433894991874695,0.9549543261528015,2.3296797275543213,4.287310908727335,11.161196604465959,44,3,
resnet18_no_weights,CIFAR10,PTQ,layer2.1.conv1,-2.683896780014038,2.91104793548584,5.594944715499878,0.021940961480140686,122,0.5163064002990723,0.8814588785171509,2.761563301086426,5.348690815157009,10.836481423160718,44,3,
resnet18_no_weights,CIFAR10,PTQ,layer2.1.conv2,-3.4691734313964844,3.7315328121185303,7.200706243515015,0.028238065540790558,123,0.5735640525817871,1.0098952054977417,3.3816494941711426,5.895853268609329,12.554319279777795,44,3,
resnet18_no_weights,CIFAR10,PTQ,layer3.0.conv1,-1.977259635925293,2.867954730987549,4.845214366912842,0.019000841304659843,104,0.5086475014686584,0.8648319244384766,2.363345146179199,4.6463319673355805,9.525682035049554,44,3,
resnet18_no_weights,CIFAR10,PTQ,layer3.0.conv2,-2.1278672218322754,2.625229597091675,4.75309681892395,0.018639594316482544,114,0.6167592406272888,0.9976804852485657,2.818406343460083,4.569702661598648,7.706567661782751,44,3,
resnet18_no_weights,CIFAR10,PTQ,layer3.0.downsample.0,-1.8093032836914062,2.140545129776001,3.9498484134674072,0.015489601530134678,117,0.3641669452190399,0.6163061857223511,2.1595618724823,5.930142482271042,10.846257369931376,44,3,
resnet18_no_weights,CIFAR10,PTQ,layer3.1.conv1,-1.9046744108200073,2.3977913856506348,4.302465796470642,0.01687241531908512,113,0.38276904821395874,0.6792365908622742,1.9535001516342163,5.103600097106745,11.240370182872432,44,3,
resnet18_no_weights,CIFAR10,PTQ,layer3.1.conv2,-2.7714624404907227,3.70086669921875,6.472329139709473,0.025381682440638542,109,0.4242943525314331,0.8182896971702576,2.195787191390991,5.175150643157147,15.254337233324314,44,3,
resnet18_no_weights,CIFAR10,PTQ,layer4.0.conv1,-1.782611608505249,3.2661547660827637,5.048766374588013,0.019799083471298218,90,0.482948362827301,0.8121464848518372,2.216491222381592,4.589499401976839,10.454050087324587,44,3,
resnet18_no_weights,CIFAR10,PTQ,layer4.0.conv2,-1.9960267543792725,3.079805612564087,5.075832366943359,0.019905224442481995,100,0.5089138746261597,0.9088189005851746,2.6276962757110596,5.163341788708993,9.97385337680563,44,3,
resnet18_no_weights,CIFAR10,PTQ,layer4.0.downsample.0,-2.292912244796753,3.955324411392212,6.248236656188965,0.024502888321876526,94,0.5363225936889648,0.9337592720985413,3.6133713722229004,6.737309624360969,11.650146254723271,44,3,
resnet18_no_weights,CIFAR10,PTQ,layer4.1.conv1,-1.8521877527236938,2.473205804824829,4.325393557548523,0.016962328925728798,109,0.4604768455028534,0.8295533657073975,1.742985486984253,3.7851750940503095,9.393292192194972,44,3,
resnet18_no_weights,CIFAR10,PTQ,layer4.1.conv2,-2.061821937561035,4.117689609527588,6.179511547088623,0.024233378469944,85,0.9334850311279297,1.5853878259658813,3.6894192695617676,3.9523068357120237,6.619829285984287,44,3,
resnet18_no_weights,CIFAR10,PTQ,fc,-5.828824043273926,19.009185791015625,24.83800983428955,0.09740395843982697,60,12.433196067810059,14.420302391052246,15.245521545410156,1.2261948948815582,1.997717215977632,44,3,
resnet18_no_weights,CIFAR10,PTQ,conv1,-3.6791577339172363,5.35114049911499,9.030298233032227,0.03541293367743492,104,0.9169142842292786,1.5578381617863972,3.521416266759237,3.8386725744160777,9.851422235323797,aggregate,3,0.25827574549421717
resnet18_no_weights,CIFAR10,PTQ,fc,-5.828824043273926,19.009185791015625,24.83800983428955,0.09740395843982697,60,13.776904424031576,16.031240781148274,16.3675479888916,1.1927420108056486,1.819378360589362,aggregate,3,0.06182751110788628
resnet18_no_weights,CIFAR10,PTQ,layer1.0.conv1,-4.32539176940918,4.129577159881592,8.454968929290771,0.03315674141049385,130,0.7535421848297119,1.2184227307637532,3.1386160850524902,4.1648505599530585,11.224890166238914,aggregate,3,0.30547058184056725
resnet18_no_weights,CIFAR10,PTQ,layer1.0.conv2,-5.406527519226074,4.73952054977417,10.146048069000244,0.039788421243429184,136,0.8337857127189636,1.4704822699228923,3.8455832799275718,4.614138969486454,12.170880617103318,aggregate,3,0.4733127857632086
resnet18_no_weights,CIFAR10,PTQ,layer1.1.conv1,-5.176906585693359,3.5658791065216064,8.742785692214966,0.03428543359041214,151,0.642804741859436,1.2779340346654255,3.1711873213450112,4.937843204820145,13.605543595722278,aggregate,3,0.33639338806307706
resnet18_no_weights,CIFAR10,PTQ,layer1.1.conv2,-4.422154426574707,3.0716419219970703,7.493796348571777,0.02938743680715561,150,0.7194118698438009,1.1695810953776042,2.8580756187438965,3.9710382642062485,10.41739963476968,aggregate,3,0.2731111968890696
resnet18_no_weights,CIFAR10,PTQ,layer2.0.conv1,-3.2685396671295166,2.8168814182281494,6.085421085357666,0.023864395916461945,137,0.5861577987670898,0.9856053590774536,2.452336390813192,4.1843023154393455,10.383190145573161,aggregate,3,0.11768654996888928
resnet18_no_weights,CIFAR10,PTQ,layer2.0.conv2,-2.6817452907562256,3.014601230621338,5.6963465213775635,0.022338612005114555,120,0.7096819678942362,1.1401583353678386,2.880711237589518,4.058538640799223,8.027211132634182,aggregate,3,0.3575540520170004
resnet18_no_weights,CIFAR10,PTQ,layer2.0.downsample.0,-3.486379861831665,2.5784971714019775,6.064877033233643,0.023783830925822258,147,0.5362487236658732,0.9315893848737081,2.5040442943573,4.674003040516024,11.31108434278528,aggregate,3,0.582100154126499
resnet18_no_weights,CIFAR10,PTQ,layer2.1.conv1,-2.683896780014038,2.91104793548584,5.594944715499878,0.021940961480140686,122,0.5134984056154887,0.8765087723731995,2.383904059727987,4.640923360476536,10.895914710339332,aggregate,3,0.7488031272092546
resnet18_no_weights,CIFAR10,PTQ,layer2.1.conv2,-3.4691734313964844,3.7315328121185303,7.200706243515015,0.028238065540790558,123,0.5696593324343363,1.0060913562774658,3.4533065954844155,6.06063282922193,12.641228715890511,aggregate,3,0.3943153741307381
resnet18_no_weights,CIFAR10,PTQ,layer3.0.conv1,-1.977259635925293,2.867954730987549,4.845214366912842,0.019000841304659843,104,0.5066413879394531,0.860499362150828,2.684876283009847,5.299394980587204,9.563574383652156,aggregate,3,0.7420425527718357
resnet18_no_weights,CIFAR10,PTQ,layer3.0.conv2,-2.1278672218322754,2.625229597091675,4.75309681892395,0.018639594316482544,114,0.6142465472221375,1.0048628449440002,2.5788466930389404,4.198132042746867,7.73828479912508,aggregate,3,0.35587351849338816
resnet18_no_weights,CIFAR10,PTQ,layer3.0.downsample.0,-1.8093032836914062,2.140545129776001,3.9498484134674072,0.015489601530134678,117,0.3592903713385264,0.6051106651624044,1.9672948122024536,5.470331088281764,10.994544440074288,aggregate,3,1.1003968504660664
resnet18_no_weights,CIFAR10,PTQ,layer3.1.conv1,-1.9046744108200073,2.3977913856506348,4.302465796470642,0.01687241531908512,113,0.3835734923680623,0.6841822067896525,2.049607237180074,5.343377096811461,11.217489463784455,aggregate,3,0.2094899231699662
resnet18_no_weights,CIFAR10,PTQ,layer3.1.conv2,-2.7714624404907227,3.70086669921875,6.472329139709473,0.025381682440638542,109,0.43121541539827984,0.8316459854443868,2.509115139643351,5.793124423811042,15.020332769597644,aggregate,3,1.1575272431515922
resnet18_no_weights,CIFAR10,PTQ,layer4.0.conv1,-1.782611608505249,3.2661547660827637,5.048766374588013,0.019799083471298218,90,0.4844258427619934,0.8314063549041748,2.685454527537028,5.528477404615751,10.426141154891464,aggregate,3,1.184286069084892
resnet18_no_weights,CIFAR10,PTQ,layer4.0.conv2,-1.9960267543792725,3.079805612564087,5.075832366943359,0.019905224442481995,100,0.5110252698262533,0.9210563699404398,2.8663179079691568,5.603953775723633,9.93969908911616,aggregate,3,0.4256803351616666
resnet18_no_weights,CIFAR10,PTQ,layer4.0.downsample.0,-2.292912244796753,3.955324411392212,6.248236656188965,0.024502888321876526,94,0.5448229908943176,0.9532803694407145,2.908818562825521,5.343494768590611,11.47355317507108,aggregate,3,1.2804471941531013
resnet18_no_weights,CIFAR10,PTQ,layer4.1.conv1,-1.8521877527236938,2.473205804824829,4.325393557548523,0.016962328925728798,109,0.4862232406934102,0.8945063948631287,2.1259101231892905,4.345521743750805,8.919150185974576,aggregate,3,0.6359587850266304
resnet18_no_weights,CIFAR10,PTQ,layer4.1.conv2,-2.061821937561035,4.117689609527588,6.179511547088623,0.024233378469944,85,1.0196045239766438,1.769989053408305,3.931845188140869,3.857374917936418,6.087945632116923,aggregate,3,0.14583535371974352
resnet18_no_weights,CIFAR10,QAT,conv1,-3.605832576751709,4.468105792999268,8.073938369750977,0.031662505120038986,114,0.9218558669090271,1.5149668455123901,3.677358627319336,3.9890819805155444,8.758352210549797,42,3,
resnet18_no_weights,CIFAR10,QAT,layer1.0.conv1,-4.211291790008545,3.8076746463775635,8.018966436386108,0.031446926295757294,134,0.7263097167015076,1.234034538269043,3.1622414588928223,4.353847107063298,11.040698275115702,42,3,
resnet18_no_weights,CIFAR10,QAT,layer1.0.conv2,-5.513033866882324,4.311761379241943,9.824795246124268,0.03852860629558563,143,0.8153194189071655,1.4402329921722412,3.676631212234497,4.50943658028232,12.050240701114646,42,3,
resnet18_no_weights,CIFAR10,QAT,layer1.1.conv1,-5.011294364929199,3.4119327068328857,8.423227071762085,0.033032264560461044,152,0.6565818190574646,1.2650333642959595,3.0574567317962646,4.6566271606260745,12.828906965248876,42,3,
resnet18_no_weights,CIFAR10,QAT,layer1.1.conv2,-4.610350608825684,3.0800693035125732,7.690419912338257,0.0301585104316473,153,0.7337298393249512,1.1751891374588013,2.8822951316833496,3.9282784714536474,10.481269126813249,42,3,
resnet18_no_weights,CIFAR10,QAT,layer2.0.conv1,-3.2232561111450195,2.676311731338501,5.8995678424835205,0.023135559633374214,139,0.6071010828018188,1.0130383968353271,2.206831455230713,3.635031327972623,9.71760388773572,42,3,
resnet18_no_weights,CIFAR10,QAT,layer2.0.conv2,-2.6552248001098633,2.938176393508911,5.593401193618774,0.021934906020760536,121,0.7186400890350342,1.1597708463668823,2.600545644760132,3.6187038330300463,7.783313621049733,42,3,
resnet18_no_weights,CIFAR10,QAT,layer2.0.downsample.0,-3.334890604019165,2.6313416957855225,5.9662322998046875,0.023396989330649376,143,0.5441253781318665,0.9142992496490479,2.318580150604248,4.261113786981555,10.96481167683893,42,3,
resnet18_no_weights,CIFAR10,QAT,layer2.1.conv1,-2.6832849979400635,2.659236192703247,5.3425211906433105,0.02095106430351734,128,0.5157103538513184,0.8733115196228027,2.416180372238159,4.6851500153024945,10.359538354709054,42,3,
resnet18_no_weights,CIFAR10,QAT,layer2.1.conv2,-3.481039047241211,4.09416389465332,7.575202941894531,0.029706677421927452,117,0.5606728792190552,0.9769592881202698,3.4857046604156494,6.217002444046848,13.510913801369899,42,3,
resnet18_no_weights,CIFAR10,QAT,layer3.0.conv1,-2.0934183597564697,2.8795981407165527,4.9730165004730225,0.019502026960253716,107,0.5146645307540894,0.8414970636367798,2.6068499088287354,5.065143900647601,9.662636928149158,42,3,
resnet18_no_weights,CIFAR10,QAT,layer3.0.conv2,-2.3057374954223633,2.8007938861846924,5.106531381607056,0.02002561278641224,115,0.6363666653633118,1.0375847816467285,2.5847344398498535,4.0617062151962156,8.024511118431473,42,3,
resnet18_no_weights,CIFAR10,QAT,layer3.0.downsample.0,-1.9778046607971191,2.1007585525512695,4.078563213348389,0.015994366258382797,124,0.36249756813049316,0.5994763970375061,1.5390636920928955,4.245721426574806,11.251284344837792,42,3,
resnet18_no_weights,CIFAR10,QAT,layer3.1.conv1,-2.126645803451538,2.197262763977051,4.323908567428589,0.016956504434347153,125,0.38822299242019653,0.6876310706138611,1.9570822715759277,5.041129221572901,11.137693160503407,42,3,
resnet18_no_weights,CIFAR10,QAT,layer3.1.conv2,-2.455170154571533,3.1114203929901123,5.5665905475616455,0.021829765290021896,112,0.43843191862106323,0.8304623961448669,3.0505728721618652,6.957916936696563,12.696590533530134,42,3,
resnet18_no_weights,CIFAR10,QAT,layer4.0.conv1,-1.900238275527954,2.690932273864746,4.5911705493927,0.018004588782787323,106,0.49616700410842896,0.8363353610038757,2.164701223373413,4.3628480036942445,9.253276641486174,42,3,
resnet18_no_weights,CIFAR10,QAT,layer4.0.conv2,-2.164215564727783,3.2526936531066895,5.416909217834473,0.021242780610919,102,0.5343087911605835,0.9573671221733093,2.882753610610962,5.395295114552152,10.13816225270838,42,3,
resnet18_no_weights,CIFAR10,QAT,layer4.0.downsample.0,-2.369356870651245,3.8275837898254395,6.196940660476685,0.02430172637104988,97,0.5533121824264526,0.9734923839569092,3.601412773132324,6.508826097663286,11.199718454238795,42,3,
resnet18_no_weights,CIFAR10,QAT,layer4.1.conv1,-1.945915937423706,2.5869827270507812,4.532898664474487,0.01777607388794422,109,0.5295498371124268,0.949529767036438,2.629763126373291,4.966035190782196,8.559909467996162,42,3,
resnet18_no_weights,CIFAR10,QAT,layer4.1.conv2,-2.3894283771514893,4.54929780960083,6.938726186752319,0.027210691943764687,88,1.160400629043579,2.004748582839966,4.26689338684082,3.6770864131275616,5.9795953337868575,42,3,
resnet18_no_weights,CIFAR10,QAT,fc,-7.020880222320557,20.20285415649414,27.223734378814697,0.10675974190235138,66,14.558977127075195,17.51700782775879,17.57818031311035,1.2073774249167801,1.8698933408025602,42,3,
resnet18_no_weights,CIFAR10,QAT,conv1,-3.5952324867248535,4.455728054046631,8.050960540771484,0.03157239407300949,114,0.8845444917678833,1.4200899600982666,3.2303478717803955,3.65199026373914,9.101815245811476,43,3,
resnet18_no_weights,CIFAR10,QAT,layer1.0.conv1,-4.1929144859313965,3.800554037094116,7.993468523025513,0.03134693577885628,134,0.6927110552787781,1.1654725074768066,3.095613718032837,4.468838333736456,11.539397938161361,43,3,
resnet18_no_weights,CIFAR10,QAT,layer1.0.conv2,-5.500547885894775,4.306799411773682,9.807347297668457,0.03846018388867378,143,0.7966747879981995,1.384142518043518,3.815577268600464,4.789378710211032,12.31035228604551,43,3,
resnet18_no_weights,CIFAR10,QAT,layer1.1.conv1,-5.007664680480957,3.4099509716033936,8.41761565208435,0.03301025927066803,152,0.6328634023666382,1.2343813180923462,3.213757276535034,5.07812154173706,13.30084125674841,43,3,
resnet18_no_weights,CIFAR10,QAT,layer1.1.conv2,-4.610631465911865,3.074638605117798,7.685270071029663,0.03013831563293934,153,0.7202386856079102,1.1551997661590576,2.5370068550109863,3.5224529113840246,10.670448872852461,43,3,
resnet18_no_weights,CIFAR10,QAT,layer2.0.conv1,-3.218637466430664,2.67575740814209,5.894394874572754,0.02311527356505394,139,0.5964023470878601,0.997711718082428,2.620889663696289,4.394499244501108,9.883252310045672,43,3,
resnet18_no_weights,CIFAR10,QAT,layer2.0.conv2,-2.651736259460449,2.939680576324463,5.591416835784912,0.0219271257519722,121,0.7182004451751709,1.1750261783599854,3.088594913482666,4.300463657787556,7.785315190693249,43,3,
resnet18_no_weights,CIFAR10,QAT,layer2.0.downsample.0,-3.3293468952178955,2.634221076965332,5.9635679721832275,0.02338653989136219,142,0.5401584506034851,0.9336178302764893,2.919285774230957,5.404498940948573,11.040404839580882,43,3,
resnet18_no_weights,CIFAR10,QAT,layer2.1.conv1,-2.679861068725586,2.6527671813964844,5.33262825012207,0.02091226726770401,128,0.519305408000946,0.8801184892654419,2.0123348236083984,3.875050774754752,10.268770877333816,43,3,
resnet18_no_weights,CIFAR10,QAT,layer2.1.conv2,-3.474853515625,4.089899063110352,7.564752578735352,0.029665695503354073,117,0.5646666288375854,1.0171780586242676,3.6676933765411377,6.495325186989354,13.396847258900427,43,3,
resnet18_no_weights,CIFAR10,QAT,layer3.0.conv1,-2.0917932987213135,2.881133556365967,4.97292685508728,0.01950167492032051,107,0.5178744792938232,0.8690523505210876,3.0331320762634277,5.856886557529201,9.602571769646563,43,3,
resnet18_no_weights,CIFAR10,QAT,layer3.0.conv2,-2.3041675090789795,2.799757719039917,5.1039252281188965,0.02001539245247841,115,0.6389846801757812,1.055894136428833,2.697181463241577,4.221042455195635,7.987554923405729,43,3,
resnet18_no_weights,CIFAR10,QAT,layer3.0.downsample.0,-1.9789562225341797,2.1005940437316895,4.079550266265869,0.0159982368350029,124,0.3642413914203644,0.6162837743759155,2.084312915802002,5.722339538826696,11.20012816324253,43,3,
resnet18_no_weights,CIFAR10,QAT,layer3.1.conv1,-2.1242928504943848,2.194894313812256,4.319187164306641,0.016937989741563797,125,0.3899462819099426,0.7334185838699341,1.960427165031433,5.027428792061646,11.076364526804614,43,3,
resnet18_no_weights,CIFAR10,QAT,layer3.1.conv2,-2.4511663913726807,3.1115028858184814,5.562669277191162,0.021814389154314995,112,0.45228272676467896,0.9164659976959229,3.1196703910827637,6.897611176528342,12.299097330076457,43,3,
resnet18_no_weights,CIFAR10,QAT,layer4.0.conv1,-1.8981068134307861,2.698456048965454,4.59656286239624,0.01802573725581169,105,0.5078485608100891,0.9142033457756042,3.443310260772705,6.780191038210576,9.051050287637091,43,3,
resnet18_no_weights,CIFAR10,QAT,layer4.0.conv2,-2.1614267826080322,3.252472400665283,5.413899183273315,0.02123097889125347,102,0.5551562309265137,1.0465977191925049,3.2305748462677,5.8192174856366385,9.75202813492326,43,3,
resnet18_no_weights,CIFAR10,QAT,layer4.0.downsample.0,-2.3685383796691895,3.8177573680877686,6.186295747756958,0.024259982630610466,98,0.5695067644119263,1.0551782846450806,2.8449301719665527,4.995428236755419,10.862550077249633,43,3,
resnet18_no_weights,CIFAR10,QAT,layer4.1.conv1,-1.9450547695159912,2.5919201374053955,4.536974906921387,0.01779205910861492,109,0.5740880966186523,1.100121259689331,3.0807344913482666,5.366309647410607,7.9029245400556505,43,3,
resnet18_no_weights,CIFAR10,QAT,layer4.1.conv2,-2.393372058868408,4.55678129196167,6.950153350830078,0.027255503460764885,88,1.2545437812805176,2.255669355392456,5.29762601852417,4.222751009228919,5.539984697653222,43,3,
resnet18_no_weights,CIFAR10,QAT,fc,-7.037920951843262,20.215213775634766,27.253134727478027,0.10687503963708878,66,17.155227661132812,20.761703491210938,21.438861846923828,1.2496984750307973,1.588619822820726,43,3,
resnet18_no_weights,CIFAR10,QAT,conv1,-3.5856738090515137,4.450358867645264,8.036032676696777,0.03151385486125946,114,0.9096367955207825,1.532811164855957,3.9187896251678467,4.308081692016728,8.834331148726248,44,3,
resnet18_no_weights,CIFAR10,QAT,layer1.0.conv1,-4.184134483337402,3.79219651222229,7.976330995559692,0.031279727816581726,134,0.7219242453575134,1.199817419052124,2.964808940887451,4.1068144752767095,11.048709122672047,44,3,
resnet18_no_weights,CIFAR10,QAT,layer1.0.conv2,-5.48792839050293,4.296506404876709,9.784434795379639,0.03837033361196518,143,0.8184535503387451,1.4202605485916138,3.2775022983551025,4.004506177532733,11.954783251083724,44,3,
resnet18_no_weights,CIFAR10,QAT,layer1.1.conv1,-5.00323486328125,3.4052042961120605,8.40843915939331,0.03297427296638489,152,0.6511513590812683,1.2571531534194946,2.9352915287017822,4.507848271780136,12.913186837630294,44,3,
resnet18_no_weights,CIFAR10,QAT,layer1.1.conv2,-4.603688716888428,3.0716800689697266,7.675368785858154,0.03009948506951332,153,0.7256519198417664,1.1653059720993042,2.77878999710083,3.829370420058649,10.577204546681036,44,3,
resnet18_no_weights,CIFAR10,QAT,layer2.0.conv1,-3.211658000946045,2.6726155281066895,5.884273529052734,0.023075582459568977,139,0.60976243019104,1.0180643796920776,2.3615710735321045,3.8729363381607795,9.650108366317644,44,3,
resnet18_no_weights,CIFAR10,QAT,layer2.0.conv2,-2.650831699371338,2.941754102706909,5.592585802078247,0.021931707859039307,121,0.7334467172622681,1.1915751695632935,3.147043466567993,4.290759495543101,7.625074419793788,44,3,
resnet18_no_weights,CIFAR10,QAT,layer2.0.downsample.0,-3.320661783218384,2.6337006092071533,5.954362392425537,0.023350439965724945,142,0.5519037842750549,0.9550342559814453,2.582167863845825,4.6786558407777425,10.78876891602909,44,3,
resnet18_no_weights,CIFAR10,QAT,layer2.1.conv1,-2.6766295433044434,2.6503500938415527,5.326979637145996,0.020890116691589355,128,0.5238638520240784,0.8874328136444092,2.411053419113159,4.602442809896988,10.168633732913397,44,3,
resnet18_no_weights,CIFAR10,QAT,layer2.1.conv2,-3.475501537322998,4.082787990570068,7.558289527893066,0.029640350490808487,117,0.5697708129882812,1.0098820924758911,3.3788130283355713,5.930126554947042,13.26549088790991,44,3,
resnet18_no_weights,CIFAR10,QAT,layer3.0.conv1,-2.0910844802856445,2.8738279342651367,4.964912414550781,0.019470244646072388,107,0.5202391147613525,0.8613337278366089,2.150580406188965,4.133830665876581,9.543520034683125,44,3,
resnet18_no_weights,CIFAR10,QAT,layer3.0.conv2,-2.3059582710266113,2.8024661540985107,5.108424425125122,0.020033035427331924,115,0.6340326070785522,1.026964783668518,3.0706067085266113,4.842979168965965,8.057037395384656,44,3,
resnet18_no_weights,CIFAR10,QAT,layer3.0.downsample.0,-1.9757285118103027,2.0985982418060303,4.074326753616333,0.015977751463651657,124,0.37053388357162476,0.6257457733154297,1.9010175466537476,5.130482341667623,10.995827734682083,44,3,
resnet18_no_weights,CIFAR10,QAT,layer3.1.conv1,-2.125014066696167,2.1941170692443848,4.319131135940552,0.01693776808679104,125,0.38577789068222046,0.6900296807289124,2.117175579071045,5.488068731276881,11.195901165570891,44,3,
resnet18_no_weights,CIFAR10,QAT,layer3.1.conv2,-2.4456021785736084,3.0997860431671143,5.545388221740723,0.021746620535850525,112,0.4280872941017151,0.8118894100189209,1.939813494682312,4.531350314315578,12.95387248850025,44,3,
resnet18_no_weights,CIFAR10,QAT,layer4.0.conv1,-1.8962384462356567,2.6921355724334717,4.588374018669128,0.0179936233907938,105,0.4927034080028534,0.822037398815155,2.066417694091797,4.194039782407654,9.312649241189247,44,3,
resnet18_no_weights,CIFAR10,QAT,layer4.0.conv2,-2.1578311920166016,3.243544578552246,5.401375770568848,0.0211818665266037,102,0.536917507648468,0.9632848501205444,2.3596956729888916,4.394894260989227,10.059973261488896,44,3,
resnet18_no_weights,CIFAR10,QAT,layer4.0.downsample.0,-2.366222858428955,3.815749168395996,6.181972026824951,0.024243026971817017,98,0.5456528663635254,0.9573944211006165,3.616940975189209,6.628648355307139,11.329496109906607,44,3,
resnet18_no_weights,CIFAR10,QAT,layer4.1.conv1,-1.9418377876281738,2.584961414337158,4.526799201965332,0.017752153798937798,109,0.5011670589447021,0.90708327293396,1.8960540294647217,3.7832774433682976,9.03251544803708,44,3,
resnet18_no_weights,CIFAR10,QAT,layer4.1.conv2,-2.3867974281311035,4.556094646453857,6.942892074584961,0.027227027341723442,88,1.051900029182434,1.8107599020004272,4.488109111785889,4.266668872776981,6.60033452036423,44,3,
resnet18_no_weights,CIFAR10,QAT,fc,-7.0345869064331055,20.178991317749023,27.21357822418213,0.10671991109848022,66,13.896954536437988,15.994762420654297,16.59294319152832,1.193998523059237,1.9582404297882523,44,3,
resnet18_no_weights,CIFAR10,QAT,conv1,-3.5955796241760254,4.458064238230388,8.053643862406412,0.031582918018102646,114,0.9053457180658976,1.4892893234888713,3.608832041422526,3.983051312090471,8.89816620169584,aggregate,3,0.3280872860780668
resnet18_no_weights,CIFAR10,QAT,fc,-7.031129360198975,20.19901974995931,27.230149110158283,0.10678489754597346,66,15.203719774881998,18.091157913208008,18.536661783854168,1.217024807668938,1.8055845311371794,aggregate,3,0.029076195725773874
resnet18_no_weights,CIFAR10,QAT,layer1.0.conv1,-4.196113586425781,3.8001417318979898,7.9962553183237715,0.0313578632970651,134,0.7136483391125997,1.1997748215993245,3.07422137260437,4.309833305358821,11.209601778649704,aggregate,3,0.18498170065950148
resnet18_no_weights,CIFAR10,QAT,layer1.0.conv2,-5.500503381093343,4.305022398630778,9.805525779724121,0.038453041265408196,143,0.8101492524147034,1.4148786862691243,3.5899035930633545,4.434440489342029,12.10512541274796,aggregate,3,0.39777447552659223
resnet18_no_weights,CIFAR10,QAT,layer1.1.conv1,-5.007397969563802,3.4090293248494468,8.416427294413248,0.033005598932504654,152,0.6468655268351237,1.2521892786026,3.068835179011027,4.747532324714424,13.014311686542527,aggregate,3,0.29580519307525327
resnet18_no_weights,CIFAR10,QAT,layer1.1.conv2,-4.608223597208659,3.0754626592000327,7.683686256408691,0.030132103711366653,153,0.7265401482582092,1.1652316252390544,2.732697327931722,3.760033934298774,10.576307515448915,aggregate,3,0.2116110996488672
resnet18_no_weights,CIFAR10,QAT,layer2.0.conv1,-3.2178505261739097,2.6748948891957602,5.89274541536967,0.02310880521933238,139,0.6044219533602396,1.0096048315366108,2.396430730819702,3.9674889702115035,9.750321521366345,aggregate,3,0.38846239101078905
resnet18_no_weights,CIFAR10,QAT,layer2.0.conv2,-2.6525975863138833,2.9398703575134277,5.5924679438273115,0.021931246543924015,121,0.7234290838241577,1.1754573980967205,2.94539467493693,4.0699756621202345,7.731234410512257,aggregate,3,0.39084298700247855
resnet18_no_weights,CIFAR10,QAT,layer2.0.downsample.0,-3.3282997608184814,2.6330877939860025,5.961387554804484,0.023377989729245503,142.33333333333334,0.5453958710034689,0.9343171119689941,2.6066779295603433,4.781422856235957,10.931328477482968,aggregate,3,0.5785786006911131
resnet18_no_weights,CIFAR10,QAT,layer2.1.conv1,-2.6799252033233643,2.6541178226470947,5.334043025970459,0.02091781608760357,128,0.5196265379587809,0.8802876075108846,2.2798562049865723,4.387547866651412,10.265647654985422,aggregate,3,0.44575786292380415
resnet18_no_weights,CIFAR10,QAT,layer2.1.conv2,-3.4771313667297363,4.088950316111247,7.566081682840983,0.02967090780536334,117,0.5650367736816406,1.001339813073476,3.5107370217641196,6.214151395327748,13.391083982726746,aggregate,3,0.2826101020394075
resnet18_no_weights,CIFAR10,QAT,layer3.0.conv1,-2.0920987129211426,2.8781865437825522,4.970285256703694,0.019491315508882206,107,0.517592708269755,0.8572943806648254,2.5968541304270425,5.018620374684461,9.602909577492948,aggregate,3,0.8624695532543356
resnet18_no_weights,CIFAR10,QAT,layer3.0.conv2,-2.305287758509318,2.8010059197743735,5.106293678283691,0.020024680222074192,115,0.6364613175392151,1.0401479005813599,2.7841742038726807,4.375242613119272,8.023034479073953,aggregate,3,0.41283183452924677
resnet18_no_weights,CIFAR10,QAT,layer3.0.downsample.0,-1.9774964650472004,2.0999836126963296,4.07748007774353,0.01599011818567912,124,0.36575761437416077,0.6138353149096171,1.8414647181828816,5.032847769023042,11.149080080920802,aggregate,3,0.7431350110775303
resnet18_no_weights,CIFAR10,QAT,layer3.1.conv1,-2.1253175735473633,2.195424715677897,4.320742289225261,0.01694408742090066,125,0.3879823883374532,0.7036931117375692,2.0115616718928018,5.185542248303809,11.136652950959638,aggregate,3,0.2620851581399457
resnet18_no_weights,CIFAR10,QAT,layer3.1.conv2,-2.450646241505941,3.107569773991903,5.558216015497844,0.021796924993395805,112,0.4396006464958191,0.8529392679532369,2.7033522526423135,6.128959475846828,12.649853450702281,aggregate,3,1.3838986490830185
resnet18_no_weights,CIFAR10,QAT,layer4.0.conv1,-1.8981945117314656,2.693841298421224,4.59203581015269,0.01800798314313094,105.33333333333333,0.49890632430712384,0.857525368531545,2.558143059412638,5.112359608104159,9.205658723437503,aggregate,3,1.4468484071704264
resnet18_no_weights,CIFAR10,QAT,layer4.0.conv2,-2.1611578464508057,3.2495702107747397,5.410728057225545,0.021218542009592056,102,0.5421275099118551,0.9890832304954529,2.824341376622518,5.203135620392673,9.983387883040178,aggregate,3,0.7313467819469913
resnet18_no_weights,CIFAR10,QAT,layer4.0.downsample.0,-2.36803936958313,3.820363442103068,6.188402811686198,0.024268245324492455,97.66666666666667,0.5561572710673014,0.9953550299008688,3.354427973429362,6.044300896575281,11.130588213798346,aggregate,3,0.9103239729595789
resnet18_no_weights,CIFAR10,QAT,layer4.1.conv1,-1.9442694981892903,2.5879547595977783,4.532224257787068,0.017773428931832314,109,0.5349349975585938,0.9855780998865763,2.5355172157287598,4.705207427187034,8.498449818696297,aggregate,3,0.8231166876301947
resnet18_no_weights,CIFAR10,QAT,layer4.1.conv2,-2.3898659547170005,4.554057916005452,6.943923870722453,0.027231074248751003,88,1.1556148131688435,2.023725946744283,4.68420950571696,4.05550209837782,6.039971517268103,aggregate,3,0.3284524589909835
resnet50_no_weights,CIFAR10,PTQ,conv1,-4.2342329025268555,4.616276264190674,8.85050916671753,0.03470788151025772,122,1.2063379287719727,1.740626573562622,3.8922388553619385,3.226491319330528,7.336674869973762,42,3,
resnet50_no_weights,CIFAR10,PTQ,layer1.0.conv1,-1.901719093322754,2.773737668991089,4.675456762313843,0.01833512634038925,104,0.5868158340454102,0.7685471177101135,1.7385544776916504,2.9626918307680055,7.967502734345163,42,3,
resnet50_no_weights,CIFAR10,PTQ,layer1.0.conv2,-2.796151876449585,1.8956785202026367,4.691830396652222,0.01839933544397354,152,0.4043976962566376,0.6561060547828674,2.094702959060669,5.1798093274283525,11.602020585386093,42,3,
resnet50_no_weights,CIFAR10,PTQ,layer1.0.conv3,-1.8315672874450684,3.5803866386413574,5.411953926086426,0.02122334949672222,86,0.26326867938041687,0.5703794360160828,1.7487990856170654,6.642640095786302,20.55677089588877,42,3,
resnet50_no_weights,CIFAR10,PTQ,layer1.0.downsample.0,-2.9494497776031494,5.378567695617676,8.328017473220825,0.0326588898897171,90,0.5947811007499695,1.04258131980896,5.0983123779296875,8.571745759071934,14.001819262111537,42,3,
resnet50_no_weights,CIFAR10,PTQ,layer1.1.conv1,-2.124708652496338,3.215188503265381,5.339897155761719,0.02094077318906784,101,0.5000038743019104,0.770758330821991,1.529071569442749,3.0581194427294998,10.679711558669648,42,3,
resnet50_no_weights,CIFAR10,PTQ,layer1.1.conv2,-1.5945405960083008,2.749462127685547,4.344002723693848,0.017035305500030518,94,0.3181375563144684,0.6093028783798218,1.1637989282608032,3.6581626568804935,13.654479445991424,42,3,
resnet50_no_weights,CIFAR10,PTQ,layer1.1.conv3,-1.9317172765731812,1.2580742835998535,3.1897915601730347,0.01250898651778698,154,0.1704196035861969,0.2443501353263855,0.5292257070541382,3.105427403405853,18.717280717999458,42,3,
resnet50_no_weights,CIFAR10,PTQ,layer1.2.conv1,-2.0571553707122803,1.5274583101272583,3.5846136808395386,0.014057309366762638,146,0.42899179458618164,0.6576762795448303,1.3524425029754639,3.1526069263867167,8.355902667782642,42,3,
resnet50_no_weights,CIFAR10,PTQ,layer1.2.conv2,-0.9814982414245605,2.6816914081573486,3.663189649581909,0.01436544954776764,68,0.3884974420070648,0.6497494578361511,1.2667330503463745,3.2605956008414054,9.429121671064424,42,3,
resnet50_no_weights,CIFAR10,PTQ,layer1.2.conv3,-2.8500759601593018,2.320950984954834,5.171026945114136,0.020278537645936012,141,0.09421715140342712,0.16705448925495148,0.6003187894821167,6.371650814527601,54.88413593584873,42,3,
resnet50_no_weights,CIFAR10,PTQ,layer2.0.conv1,-1.8289350271224976,2.146857738494873,3.9757927656173706,0.01559134479612112,117,0.4321734309196472,0.7820554971694946,2.209341287612915,5.11216361198218,9.199530746619587,42,3,
resnet50_no_weights,CIFAR10,PTQ,layer2.0.conv2,-3.5940909385681152,3.0519955158233643,6.6460864543914795,0.026063084602355957,138,0.49257469177246094,1.0235142707824707,2.6245651245117188,5.328258167441753,13.492545527413252,42,3,
resnet50_no_weights,CIFAR10,PTQ,layer2.0.conv3,-5.254522323608398,1.3589757680892944,6.613498091697693,0.025935286656022072,203,0.15454590320587158,0.3423835039138794,1.1886192560195923,7.691043446400679,42.79309871377056,42,3,
resnet50_no_weights,CIFAR10,PTQ,layer2.0.downsample.0,-2.1162548065185547,2.271807909011841,4.3880627155303955,0.01720808818936348,123,0.4082566499710083,0.8265029191970825,2.0593011379241943,5.044133728306526,10.748294524637888,42,3,
resnet50_no_weights,CIFAR10,PTQ,layer2.1.conv1,-0.942550778388977,2.173025369644165,3.115576148033142,0.012217946350574493,77,0.357165664434433,0.6218464374542236,1.5525872707366943,4.346966758955387,8.723056156494255,42,3,
resnet50_no_weights,CIFAR10,PTQ,layer2.1.conv2,-1.8675767183303833,2.581561326980591,4.449138045310974,0.01744760014116764,107,0.31611108779907227,0.5901113152503967,1.2138017416000366,3.8397948963168225,14.074602938758517,42,3,
resnet50_no_weights,CIFAR10,PTQ,layer2.1.conv3,-1.2598328590393066,3.779153347015381,5.0389862060546875,0.019760729745030403,64,0.10107343643903732,0.1672516167163849,0.6390184164047241,6.322318097793673,49.854703506533724,42,3,
resnet50_no_weights,CIFAR10,PTQ,layer2.2.conv1,-1.8014217615127563,3.2235031127929688,5.024924874305725,0.01970558799803257,91,0.28738534450531006,0.47476598620414734,1.1444406509399414,3.982251262359676,17.48497259996109,42,3,
resnet50_no_weights,CIFAR10,PTQ,layer2.2.conv2,-2.044654607772827,5.485370635986328,7.530025243759155,0.02952951192855835,69,0.25764232873916626,0.5008704662322998,1.2128340005874634,4.707433000325505,29.22666194102932,42,3,
resnet50_no_weights,CIFAR10,PTQ,layer2.2.conv3,-3.1343629360198975,3.90236496925354,7.0367279052734375,0.02759501151740551,114,0.056405991315841675,0.09873933345079422,0.3369363844394684,5.9734148195856545,124.75142695164664,42,3,
resnet50_no_weights,CIFAR10,PTQ,layer2.3.conv1,-4.061612129211426,4.111777305603027,8.173389434814453,0.032052505761384964,127,0.22476722300052643,0.37618398666381836,0.8555889129638672,3.8065555179362756,36.36379595611817,42,3,
resnet50_no_weights,CIFAR10,PTQ,layer2.3.conv2,-2.9619369506835938,5.923995018005371,8.885931968688965,0.03484679386019707,85,0.1651347279548645,0.2603045403957367,0.765123188495636,4.633326968660181,53.81019534012079,42,3,
resnet50_no_weights,CIFAR10,PTQ,layer2.3.conv3,-9.520833969116211,4.085047245025635,13.605881214141846,0.05335639417171478,178,0.02681569568812847,0.046144768595695496,0.15531325340270996,5.791878577719258,507.3849797663568,42,3,
resnet50_no_weights,CIFAR10,PTQ,layer3.0.conv1,-3.4357457160949707,4.26876974105835,7.70451545715332,0.03021378628909588,114,0.4033997654914856,0.7167138457298279,3.054076671600342,7.5708439440448885,19.098958691179348,42,3,
resnet50_no_weights,CIFAR10,PTQ,layer3.0.conv2,-3.1276659965515137,4.947560787200928,8.075226783752441,0.0316675566136837,99,0.510679304599762,1.0781217813491821,3.5818300247192383,7.013853885319377,15.812715947205442,42,3,
resnet50_no_weights,CIFAR10,PTQ,layer3.0.conv3,-4.934758186340332,5.534649848937988,10.46940803527832,0.04105650261044502,120,0.19074752926826477,0.43431562185287476,2.7085657119750977,14.1997420483796,54.88620521293508,42,3,
resnet50_no_weights,CIFAR10,PTQ,layer3.0.downsample.0,-2.991887092590332,2.7607035636901855,5.752590656280518,0.02255917899310589,133,0.4215320646762848,0.7622806429862976,2.0933480262756348,4.966046955130731,13.646863758035146,42,3,
resnet50_no_weights,CIFAR10,PTQ,layer3.1.conv1,-4.3130950927734375,5.799255847930908,10.112350940704346,0.03965627774596214,109,0.4022507667541504,0.6658604145050049,1.9941074848175049,4.957373980684724,25.139419925294668,42,3,
resnet50_no_weights,CIFAR10,PTQ,layer3.1.conv2,-3.2343947887420654,6.496501445770264,9.730896234512329,0.038160376250743866,85,0.3607981503009796,0.616142749786377,1.7038782835006714,4.722524996536949,26.970471512658165,42,3,
resnet50_no_weights,CIFAR10,PTQ,layer3.1.conv3,-4.685569763183594,4.990001201629639,9.675570964813232,0.03794341906905174,123,0.09122715890407562,0.16218158602714539,0.4568811357021332,5.008170167642059,106.06020269673192,42,3,
resnet50_no_weights,CIFAR10,PTQ,layer3.2.conv1,-3.477344036102295,6.869163990020752,10.346508026123047,0.040574539452791214,86,0.3912507891654968,0.6204051971435547,1.3180803060531616,3.368888555763708,26.44469560864332,42,3,
resnet50_no_weights,CIFAR10,PTQ,layer3.2.conv2,-2.2508630752563477,7.846439361572266,10.097302436828613,0.03959726542234421,57,0.35601165890693665,0.6476844549179077,1.644737720489502,4.619898476188515,28.362280234951808,42,3,
resnet50_no_weights,CIFAR10,PTQ,layer3.2.conv3,-4.761044502258301,3.58117938041687,8.342223882675171,0.0327146053314209,146,0.08105064183473587,0.13580626249313354,0.6431461572647095,7.935114919584466,102.92606812028902,42,3,
resnet50_no_weights,CIFAR10,PTQ,layer3.3.conv1,-4.714933395385742,4.9262003898620605,9.641133785247803,0.0378083698451519,125,0.40008747577667236,0.6830596327781677,1.5784844160079956,3.945348234017455,24.0975645801756,42,3,
resnet50_no_weights,CIFAR10,PTQ,layer3.3.conv2,-2.814584255218506,6.599297046661377,9.413881301879883,0.03691717982292175,76,0.39054685831069946,0.6870747208595276,1.7645275592803955,4.518094363664362,24.104358034268635,42,3,
resnet50_no_weights,CIFAR10,PTQ,layer3.3.conv3,-1.5458019971847534,1.2760233879089355,2.821825385093689,0.011065982282161713,140,0.09286979585886002,0.16223371028900146,0.49809354543685913,5.363353508323016,30.3847484426712,42,3,
resnet50_no_weights,CIFAR10,PTQ,layer3.4.conv1,-3.5903100967407227,7.035825729370117,10.62613582611084,0.04167111963033676,86,0.3582203984260559,0.6304776072502136,1.675771951675415,4.67804725537239,29.66368155694041,42,3,
resnet50_no_weights,CIFAR10,PTQ,layer3.4.conv2,-3.135401964187622,5.156757354736328,8.29215931892395,0.03251827135682106,96,0.3156803548336029,0.5790976285934448,1.9153212308883667,6.067280404249243,26.26758108940545,42,3,
resnet50_no_weights,CIFAR10,PTQ,layer3.4.conv3,-2.7014694213867188,2.0426454544067383,4.744114875793457,0.018604371696710587,145,0.05970151349902153,0.10720869898796082,0.3960624039173126,6.634042936345388,79.46389626908218,42,3,
resnet50_no_weights,CIFAR10,PTQ,layer3.5.conv1,-4.2268853187561035,7.154899597167969,11.381784915924072,0.04463445022702217,95,0.27919602394104004,0.4910907745361328,1.3199388980865479,4.7276421757542275,40.76628583481422,42,3,
resnet50_no_weights,CIFAR10,PTQ,layer3.5.conv2,-4.597212791442871,7.749600887298584,12.346813678741455,0.04841887578368187,95,0.2743819057941437,0.5346115231513977,1.561658263206482,5.691549734981881,44.998643926632354,42,3,
resnet50_no_weights,CIFAR10,PTQ,layer3.5.conv3,-3.8251688480377197,3.0534586906433105,6.87862753868103,0.026975011453032494,142,0.0546603724360466,0.09853999316692352,0.3625742197036743,6.633218976469493,125.84304189893913,42,3,
resnet50_no_weights,CIFAR10,PTQ,layer4.0.conv1,-4.355734348297119,4.156625747680664,8.512360095977783,0.03338180109858513,130,0.24536925554275513,0.443311870098114,1.488128423690796,6.064852829255507,34.69204027680037,42,3,
resnet50_no_weights,CIFAR10,PTQ,layer4.0.conv2,-4.248538017272949,4.958427906036377,9.206965923309326,0.03610575199127197,118,0.29449209570884705,0.5564879179000854,1.6417268514633179,5.574773908656719,31.263881297554068,42,3,
resnet50_no_weights,CIFAR10,PTQ,layer4.0.conv3,-7.298678874969482,3.28452730178833,10.583206176757812,0.04150277003645897,176,0.07305774092674255,0.1528852880001068,1.213350534439087,16.60810365948427,144.86084626364163,42,3,
resnet50_no_weights,CIFAR10,PTQ,layer4.0.downsample.0,-5.690349578857422,5.064415454864502,10.754765033721924,0.042175546288490295,135,0.29737335443496704,0.5760431885719299,1.7396240234375,5.849966035937967,36.165866488464744,42,3,
resnet50_no_weights,CIFAR10,PTQ,layer4.1.conv1,-4.542393684387207,2.757505416870117,7.299899101257324,0.028627054765820503,159,0.4235684275627136,0.719833493232727,1.8668264150619507,4.4073785806085555,17.23428524468222,42,3,
resnet50_no_weights,CIFAR10,PTQ,layer4.1.conv2,-2.0896880626678467,2.1856889724731445,4.275377035140991,0.01676618494093418,125,0.33462759852409363,0.6268402338027954,2.0634591579437256,6.16643446937672,12.776522480506516,42,3,
resnet50_no_weights,CIFAR10,PTQ,layer4.1.conv3,-1.1230378150939941,1.5542361736297607,2.677273988723755,0.010499113239347935,107,0.04905419796705246,0.16410888731479645,1.2209845781326294,24.890521682827448,54.57787711710141,42,3,
resnet50_no_weights,CIFAR10,PTQ,layer4.2.conv1,-2.156902313232422,2.547126531600952,4.704028844833374,0.01844717375934124,117,0.30739274621009827,0.5882647633552551,1.477972388267517,4.808091298476333,15.302992353691527,42,3,
resnet50_no_weights,CIFAR10,PTQ,layer4.2.conv2,-1.8579603433609009,2.4288556575775146,4.2868160009384155,0.01681104302406311,111,0.28631171584129333,0.6136024594306946,1.6815251111984253,5.873057294415848,14.972548323222158,42,3,
resnet50_no_weights,CIFAR10,PTQ,layer4.2.conv3,-0.8876402974128723,1.3495830297470093,2.2372233271598816,0.008773424662649632,101,0.05457022786140442,0.20203624665737152,1.5479294061660767,28.36582266244983,40.99714102059284,42,3,
resnet50_no_weights,CIFAR10,PTQ,fc,-6.955491065979004,15.674272537231445,22.62976360321045,0.08874417841434479,78,11.440317153930664,14.090784072875977,16.875755310058594,1.4751125412865342,1.9780713505337844,42,3,
resnet50_no_weights,CIFAR10,PTQ,conv1,-4.2342329025268555,4.616276264190674,8.85050916671753,0.03470788151025772,122,1.1730425357818604,1.6634023189544678,3.0000150203704834,2.5574648223398846,7.544917508740173,43,3,
resnet50_no_weights,CIFAR10,PTQ,layer1.0.conv1,-1.901719093322754,2.773737668991089,4.675456762313843,0.01833512634038925,104,0.5741376876831055,0.7464196681976318,1.6404201984405518,2.857189544654974,8.14344165627123,43,3,
resnet50_no_weights,CIFAR10,PTQ,layer1.0.conv2,-2.796151876449585,1.8956785202026367,4.691830396652222,0.01839933544397354,152,0.3773486614227295,0.6310192346572876,1.3510559797286987,3.580391605563857,12.433674413902693,43,3,
resnet50_no_weights,CIFAR10,PTQ,layer1.0.conv3,-1.8315672874450684,3.5803866386413574,5.411953926086426,0.02122334949672222,86,0.24745671451091766,0.5282621383666992,2.0016467571258545,8.088876315528479,21.87030542607343,43,3,
resnet50_no_weights,CIFAR10,PTQ,layer1.0.downsample.0,-2.9494497776031494,5.378567695617676,8.328017473220825,0.0326588898897171,90,0.5769383907318115,1.0476586818695068,3.641395092010498,6.311583958542971,14.434847129270143,43,3,
resnet50_no_weights,CIFAR10,PTQ,layer1.1.conv1,-2.124708652496338,3.215188503265381,5.339897155761719,0.02094077318906784,101,0.4817349910736084,0.7184932231903076,1.529071569442749,3.174092805745782,11.084719305651996,43,3,
resnet50_no_weights,CIFAR10,PTQ,layer1.1.conv2,-1.5945405960083008,2.749462127685547,4.344002723693848,0.017035305500030518,94,0.2907485365867615,0.5079271197319031,0.9975818991661072,3.431081411026884,14.940755247438934,43,3,
resnet50_no_weights,CIFAR10,PTQ,layer1.1.conv3,-1.9317172765731812,1.2580742835998535,3.1897915601730347,0.01250898651778698,154,0.1605045050382614,0.21367327868938446,0.3863554298877716,2.4071313748836607,19.873532891881418,43,3,
resnet50_no_weights,CIFAR10,PTQ,layer1.2.conv1,-2.0571553707122803,1.5274583101272583,3.5846136808395386,0.014057309366762638,146,0.415668785572052,0.6292781233787537,1.140234112739563,2.7431314361754375,8.623725921363855,43,3,
resnet50_no_weights,CIFAR10,PTQ,layer1.2.conv2,-0.9814982414245605,2.6816914081573486,3.663189649581909,0.01436544954776764,68,0.3780476450920105,0.6234880089759827,1.1867817640304565,3.1392386103651395,9.689756561478779,43,3,
resnet50_no_weights,CIFAR10,PTQ,layer1.2.conv3,-2.8500759601593018,2.320950984954834,5.171026945114136,0.020278537645936012,141,0.08692220598459244,0.13254372775554657,0.6857819557189941,7.889605975261992,59.49028659064101,43,3,
resnet50_no_weights,CIFAR10,PTQ,layer2.0.conv1,-1.8289350271224976,2.146857738494873,3.9757927656173706,0.01559134479612112,117,0.4198233187198639,0.7589069604873657,1.8364653587341309,4.374376736227822,9.47015705973756,43,3,
resnet50_no_weights,CIFAR10,PTQ,layer2.0.conv2,-3.5940909385681152,3.0519955158233643,6.6460864543914795,0.026063084602355957,138,0.4704098105430603,1.0047179460525513,2.948695659637451,6.26835493977763,14.12829049359954,43,3,
resnet50_no_weights,CIFAR10,PTQ,layer2.0.conv3,-5.254522323608398,1.3589757680892944,6.613498091697693,0.025935286656022072,203,0.15047362446784973,0.3383110761642456,1.225067138671875,8.14140779159356,43.951211483649324,43,3,
resnet50_no_weights,CIFAR10,PTQ,layer2.0.downsample.0,-2.1162548065185547,2.271807909011841,4.3880627155303955,0.01720808818936348,123,0.39324870705604553,0.805261492729187,1.5996198654174805,4.067705339434221,11.158492416619724,43,3,
resnet50_no_weights,CIFAR10,PTQ,layer2.1.conv1,-0.942550778388977,2.173025369644165,3.115576148033142,0.012217946350574493,77,0.3429323732852936,0.6007009744644165,1.5716068744659424,4.582847805851462,9.085103626076213,43,3,
resnet50_no_weights,CIFAR10,PTQ,layer2.1.conv2,-1.8675767183303833,2.581561326980591,4.449138045310974,0.01744760014116764,107,0.30428141355514526,0.581967294216156,1.4394525289535522,4.730662028072506,14.621787092837506,43,3,
resnet50_no_weights,CIFAR10,PTQ,layer2.1.conv3,-1.2598328590393066,3.779153347015381,5.0389862060546875,0.019760729745030403,64,0.09930137544870377,0.163094162940979,0.6330890655517578,6.375430981606025,50.74437472074778,43,3,
resnet50_no_weights,CIFAR10,PTQ,layer2.2.conv1,-1.8014217615127563,3.2235031127929688,5.024924874305725,0.01970558799803257,91,0.2831066846847534,0.4632377028465271,1.2526131868362427,4.424527058522337,17.749227221183805,43,3,
resnet50_no_weights,CIFAR10,PTQ,layer2.2.conv2,-2.044654607772827,5.485370635986328,7.530025243759155,0.02952951192855835,69,0.2547266483306885,0.4910396635532379,1.3694007396697998,5.375961834554629,29.561199399850803,43,3,
resnet50_no_weights,CIFAR10,PTQ,layer2.2.conv3,-3.1343629360198975,3.90236496925354,7.0367279052734375,0.02759501151740551,114,0.0558292418718338,0.09723977744579315,0.32978469133377075,5.9070243527729005,126.0401837701384,43,3,
resnet50_no_weights,CIFAR10,PTQ,layer2.3.conv1,-4.061612129211426,4.111777305603027,8.173389434814453,0.032052505761384964,127,0.22074180841445923,0.3679642677307129,0.8833115100860596,4.001559633993649,37.02692069763379,43,3,
resnet50_no_weights,CIFAR10,PTQ,layer2.3.conv2,-2.9619369506835938,5.923995018005371,8.885931968688965,0.03484679386019707,85,0.1608516126871109,0.2536412179470062,0.8535184264183044,5.306247243405457,55.24303934691603,43,3,
resnet50_no_weights,CIFAR10,PTQ,layer2.3.conv3,-9.520833969116211,4.085047245025635,13.605881214141846,0.05335639417171478,178,0.02559060975909233,0.043286245316267014,0.15531323850154877,6.069149581180497,531.674756569944,43,3,
resnet50_no_weights,CIFAR10,PTQ,layer3.0.conv1,-3.4357457160949707,4.26876974105835,7.70451545715332,0.03021378628909588,114,0.39263367652893066,0.7021682262420654,2.6342155933380127,6.709092344359601,19.62265571630258,43,3,
resnet50_no_weights,CIFAR10,PTQ,layer3.0.conv2,-3.1276659965515137,4.947560787200928,8.075226783752441,0.0316675566136837,99,0.49428680539131165,1.0430241823196411,3.1328132152557373,6.338047427293928,16.337127950157466,43,3,
resnet50_no_weights,CIFAR10,PTQ,layer3.0.conv3,-4.934758186340332,5.534649848937988,10.46940803527832,0.04105650261044502,120,0.1834491640329361,0.419718861579895,2.2493863105773926,12.261632929401316,57.06980508997394,43,3,
resnet50_no_weights,CIFAR10,PTQ,layer3.0.downsample.0,-2.991887092590332,2.7607035636901855,5.752590656280518,0.02255917899310589,133,0.4147179126739502,0.7481918931007385,1.881443738937378,4.53668308370505,13.87109280906124,43,3,
resnet50_no_weights,CIFAR10,PTQ,layer3.1.conv1,-4.3130950927734375,5.799255847930908,10.112350940704346,0.03965627774596214,109,0.3946150839328766,0.6382571458816528,1.5069470405578613,3.8187770866209227,25.625860116448163,43,3,
resnet50_no_weights,CIFAR10,PTQ,layer3.1.conv2,-3.2343947887420654,6.496501445770264,9.730896234512329,0.038160376250743866,85,0.3637983500957489,0.6029167175292969,1.9927723407745361,5.477683832953211,26.74804938491676,43,3,
resnet50_no_weights,CIFAR10,PTQ,layer3.1.conv3,-4.685569763183594,4.990001201629639,9.675570964813232,0.03794341906905174,123,0.0936121791601181,0.16859136521816254,0.48117852210998535,5.140127346965803,103.3580357985657,43,3,
resnet50_no_weights,CIFAR10,PTQ,layer3.2.conv1,-3.477344036102295,6.869163990020752,10.346508026123047,0.040574539452791214,86,0.39158129692077637,0.6150331497192383,1.5768295526504517,4.026825502264659,26.422375398118984,43,3,
resnet50_no_weights,CIFAR10,PTQ,layer3.2.conv2,-2.2508630752563477,7.846439361572266,10.097302436828613,0.03959726542234421,57,0.35842588543891907,0.6588777899742126,1.6105031967163086,4.493266982500798,28.171242220588276,43,3,
resnet50_no_weights,CIFAR10,PTQ,layer3.2.conv3,-4.761044502258301,3.58117938041687,8.342223882675171,0.0327146053314209,146,0.08197871595621109,0.13750769197940826,0.5067212581634521,6.181131922511658,101.76085079365195,43,3,
resnet50_no_weights,CIFAR10,PTQ,layer3.3.conv1,-4.714933395385742,4.9262003898620605,9.641133785247803,0.0378083698451519,125,0.4012523889541626,0.6743095517158508,1.6506704092025757,4.11379584182648,24.027604696327842,43,3,
resnet50_no_weights,CIFAR10,PTQ,layer3.3.conv2,-2.814584255218506,6.599297046661377,9.413881301879883,0.03691717982292175,76,0.392037034034729,0.6851423382759094,1.7909636497497559,4.568353227545083,24.01273472813271,43,3,
resnet50_no_weights,CIFAR10,PTQ,layer3.3.conv3,-1.5458019971847534,1.2760233879089355,2.821825385093689,0.011065982282161713,140,0.09286979585886002,0.1609358936548233,0.552171528339386,5.945652439879972,30.3847484426712,43,3,
resnet50_no_weights,CIFAR10,PTQ,layer3.4.conv1,-3.5903100967407227,7.035825729370117,10.62613582611084,0.04167111963033676,86,0.3589734435081482,0.6336677074432373,1.89264714717865,5.27238764149886,29.601453863173145,43,3,
resnet50_no_weights,CIFAR10,PTQ,layer3.4.conv2,-3.135401964187622,5.156757354736328,8.29215931892395,0.03251827135682106,96,0.31758812069892883,0.5898100733757019,1.8743525743484497,5.901834647415298,26.109790569858422,43,3,
resnet50_no_weights,CIFAR10,PTQ,layer3.4.conv3,-2.7014694213867188,2.0426454544067383,4.744114875793457,0.018604371696710587,145,0.060717709362506866,0.10911404341459274,0.34372830390930176,5.661088132576254,78.13395672536592,43,3,
resnet50_no_weights,CIFAR10,PTQ,layer3.5.conv1,-4.2268853187561035,7.154899597167969,11.381784915924072,0.04463445022702217,95,0.28646576404571533,0.5114444494247437,1.2666034698486328,4.421482874464899,39.731745794613424,43,3,
resnet50_no_weights,CIFAR10,PTQ,layer3.5.conv2,-4.597212791442871,7.749600887298584,12.346813678741455,0.04841887578368187,95,0.29336264729499817,0.581515908241272,2.2343170642852783,7.616228871968505,42.0872043274337,43,3,
resnet50_no_weights,CIFAR10,PTQ,layer3.5.conv3,-3.8251688480377197,3.0534586906433105,6.87862753868103,0.026975011453032494,142,0.06336064636707306,0.11650793999433517,0.412506103515625,6.510446581081504,108.56308975811965,43,3,
resnet50_no_weights,CIFAR10,PTQ,layer4.0.conv1,-4.355734348297119,4.156625747680664,8.512360095977783,0.03338180109858513,130,0.246848464012146,0.45032331347465515,1.5776162147521973,6.391031117271088,34.484152575318184,43,3,
resnet50_no_weights,CIFAR10,PTQ,layer4.0.conv2,-4.248538017272949,4.958427906036377,9.206965923309326,0.03610575199127197,118,0.2993846535682678,0.5585662126541138,2.1903860569000244,7.316293707087284,30.752965502989245,43,3,
resnet50_no_weights,CIFAR10,PTQ,layer4.0.conv3,-7.298678874969482,3.28452730178833,10.583206176757812,0.04150277003645897,176,0.07531434297561646,0.16036030650138855,1.1683595180511475,15.513107754646576,140.52046075983426,43,3,
resnet50_no_weights,CIFAR10,PTQ,layer4.0.downsample.0,-5.690349578857422,5.064415454864502,10.754765033721924,0.042175546288490295,135,0.306552529335022,0.5937360525131226,1.8380111455917358,5.995746143666716,35.08294339326219,43,3,
resnet50_no_weights,CIFAR10,PTQ,layer4.1.conv1,-4.542393684387207,2.757505416870117,7.299899101257324,0.028627054765820503,159,0.4323732256889343,0.7400234341621399,2.042811632156372,4.724648777457021,16.88332826258106,43,3,
resnet50_no_weights,CIFAR10,PTQ,layer4.1.conv2,-2.0896880626678467,2.1856889724731445,4.275377035140991,0.01676618494093418,125,0.3472476005554199,0.6542090773582458,2.0648627281188965,5.946370039177129,12.312185968463304,43,3,
resnet50_no_weights,CIFAR10,PTQ,layer4.1.conv3,-1.1230378150939941,1.5542361736297607,2.677273988723755,0.010499113239347935,107,0.050757016986608505,0.17223818600177765,1.1536577939987183,22.729030634386845,52.74687417958613,43,3,
resnet50_no_weights,CIFAR10,PTQ,layer4.2.conv1,-2.156902313232422,2.547126531600952,4.704028844833374,0.01844717375934124,117,0.31520378589630127,0.6061558127403259,1.7594351768493652,5.581897348873217,14.923770130035653,43,3,
resnet50_no_weights,CIFAR10,PTQ,layer4.2.conv2,-1.8579603433609009,2.4288556575775146,4.2868160009384155,0.01681104302406311,111,0.3036781847476959,0.6264704465866089,1.8759394884109497,6.177392985833115,14.116311991590765,43,3,
resnet50_no_weights,CIFAR10,PTQ,layer4.2.conv3,-0.8876402974128723,1.3495830297470093,2.2372233271598816,0.008773424662649632,101,0.059035658836364746,0.21414384245872498,1.2195229530334473,20.657395497418356,37.8961355095744,43,3,
resnet50_no_weights,CIFAR10,PTQ,fc,-6.955491065979004,15.674272537231445,22.62976360321045,0.08874417841434479,78,10.22085952758789,14.957637786865234,15.63652515411377,1.5298640111340978,2.2140763741179255,43,3,
resnet50_no_weights,CIFAR10,PTQ,conv1,-4.2342329025268555,4.616276264190674,8.85050916671753,0.03470788151025772,122,1.1737713813781738,1.7548844814300537,4.0693840980529785,3.4669307521154122,7.540232541984264,44,3,
resnet50_no_weights,CIFAR10,PTQ,layer1.0.conv1,-1.901719093322754,2.773737668991089,4.675456762313843,0.01833512634038925,104,0.5822280645370483,0.7535984516143799,1.9016543626785278,3.2661674668509932,8.030284088128724,44,3,
resnet50_no_weights,CIFAR10,PTQ,layer1.0.conv2,-2.796151876449585,1.8956785202026367,4.691830396652222,0.01839933544397354,152,0.38245609402656555,0.6439077854156494,2.1374614238739014,5.588775959536502,12.267631422095539,44,3,
resnet50_no_weights,CIFAR10,PTQ,layer1.0.conv3,-1.8315672874450684,3.5803866386413574,5.411953926086426,0.02122334949672222,86,0.2564407289028168,0.5384681224822998,1.7960915565490723,7.003924705071854,21.104112241614285,44,3,
resnet50_no_weights,CIFAR10,PTQ,layer1.0.downsample.0,-2.9494497776031494,5.378567695617676,8.328017473220825,0.0326588898897171,90,0.5825613737106323,1.0172892808914185,5.424105644226074,9.31078833750539,14.29551949209301,44,3,
resnet50_no_weights,CIFAR10,PTQ,layer1.1.conv1,-2.124708652496338,3.215188503265381,5.339897155761719,0.02094077318906784,101,0.49613264203071594,0.7531108856201172,1.533028244972229,3.0899564251555898,10.763043394816828,44,3,
resnet50_no_weights,CIFAR10,PTQ,layer1.1.conv2,-1.5945405960083008,2.749462127685547,4.344002723693848,0.017035305500030518,94,0.2947428822517395,0.5794168710708618,1.143267273902893,3.878863045542284,14.738278632912467,44,3,
resnet50_no_weights,CIFAR10,PTQ,layer1.1.conv3,-1.9317172765731812,1.2580742835998535,3.1897915601730347,0.01250898651778698,154,0.16529569029808044,0.23270493745803833,0.5443978309631348,3.293478674376889,19.297487759183745,44,3,
resnet50_no_weights,CIFAR10,PTQ,layer1.2.conv1,-2.0571553707122803,1.5274583101272583,3.5846136808395386,0.014057309366762638,146,0.423403263092041,0.6528371572494507,1.07891845703125,2.5482053424720785,8.466192855155917,44,3,
resnet50_no_weights,CIFAR10,PTQ,layer1.2.conv2,-0.9814982414245605,2.6816914081573486,3.663189649581909,0.01436544954776764,68,0.39007338881492615,0.6433107256889343,1.2138538360595703,3.11186015469385,9.39102680321508,44,3,
resnet50_no_weights,CIFAR10,PTQ,layer1.2.conv3,-2.8500759601593018,2.320950984954834,5.171026945114136,0.020278537645936012,141,0.09511499851942062,0.17603285610675812,0.6835373044013977,7.186430269058278,54.36605189094665,44,3,
resnet50_no_weights,CIFAR10,PTQ,layer2.0.conv1,-1.8289350271224976,2.146857738494873,3.9757927656173706,0.01559134479612112,117,0.42819949984550476,0.7663863301277161,1.7896718978881836,4.179528230495134,9.284907542049545,44,3,
resnet50_no_weights,CIFAR10,PTQ,layer2.0.conv2,-3.5940909385681152,3.0519955158233643,6.6460864543914795,0.026063084602355957,138,0.48906803131103516,1.0237886905670166,2.6225874423980713,5.362418466338419,13.589288256227759,44,3,
resnet50_no_weights,CIFAR10,PTQ,layer2.0.conv3,-5.254522323608398,1.3589757680892944,6.613498091697693,0.025935286656022072,203,0.15505501627922058,0.34431779384613037,1.1381222009658813,7.340118548092434,42.65259035404706,44,3,
resnet50_no_weights,CIFAR10,PTQ,layer2.0.downsample.0,-2.1162548065185547,2.271807909011841,4.3880627155303955,0.01720808818936348,123,0.3951093554496765,0.8163083791732788,2.2507216930389404,5.696452544074487,11.105944860597676,44,3,
resnet50_no_weights,CIFAR10,PTQ,layer2.1.conv1,-0.942550778388977,2.173025369644165,3.115576148033142,0.012217946350574493,77,0.3442313075065613,0.6199978590011597,1.431485652923584,4.1584993047045815,9.05082158447705,44,3,
resnet50_no_weights,CIFAR10,PTQ,layer2.1.conv2,-1.8675767183303833,2.581561326980591,4.449138045310974,0.01744760014116764,107,0.30843454599380493,0.5797699093818665,1.4448450803756714,4.684446340860572,14.424901824714334,44,3,
resnet50_no_weights,CIFAR10,PTQ,layer2.1.conv3,-1.2598328590393066,3.779153347015381,5.0389862060546875,0.019760729745030403,64,0.09848354011774063,0.16275343298912048,0.560981273651123,5.696193221531737,51.165770442760255,44,3,
resnet50_no_weights,CIFAR10,PTQ,layer2.2.conv1,-1.8014217615127563,3.2235031127929688,5.024924874305725,0.01970558799803257,91,0.28355857729911804,0.4635351896286011,1.0227289199829102,3.606764181582354,17.720941197292973,44,3,
resnet50_no_weights,CIFAR10,PTQ,layer2.2.conv2,-2.044654607772827,5.485370635986328,7.530025243759155,0.02952951192855835,69,0.2551993429660797,0.48909351229667664,1.3249094486236572,5.191664810828922,29.50644447685754,44,3,
resnet50_no_weights,CIFAR10,PTQ,layer2.2.conv3,-3.1343629360198975,3.90236496925354,7.0367279052734375,0.02759501151740551,114,0.05617529898881912,0.09735515713691711,0.34028154611587524,6.057494169877108,125.26373747781913,44,3,
resnet50_no_weights,CIFAR10,PTQ,layer2.3.conv1,-4.061612129211426,4.111777305603027,8.173389434814453,0.032052505761384964,127,0.22436198592185974,0.37705644965171814,0.869357168674469,3.874797083393827,36.429475346421036,44,3,
resnet50_no_weights,CIFAR10,PTQ,layer2.3.conv2,-2.9619369506835938,5.923995018005371,8.885931968688965,0.03484679386019707,85,0.16420336067676544,0.2597750425338745,0.6697172522544861,4.0785843206511805,54.11540867413143,44,3,
resnet50_no_weights,CIFAR10,PTQ,layer2.3.conv3,-9.520833969116211,4.085047245025635,13.605881214141846,0.05335639417171478,178,0.026815691962838173,0.04614477604627609,0.19751054048538208,7.365483641410295,507.38505025330693,44,3,
resnet50_no_weights,CIFAR10,PTQ,layer3.0.conv1,-3.4357457160949707,4.26876974105835,7.70451545715332,0.03021378628909588,114,0.4064578115940094,0.7199798822402954,3.064746379852295,7.540134037117531,18.955264820568832,44,3,
resnet50_no_weights,CIFAR10,PTQ,layer3.0.conv2,-3.1276659965515137,4.947560787200928,8.075226783752441,0.0316675566136837,99,0.525306761264801,1.0954029560089111,2.8772361278533936,5.477249371254547,15.372402145194956,44,3,
resnet50_no_weights,CIFAR10,PTQ,layer3.0.conv3,-4.934758186340332,5.534649848937988,10.46940803527832,0.04105650261044502,120,0.19408747553825378,0.4439643621444702,2.0519587993621826,10.572340093927135,53.94169822779135,44,3,
resnet50_no_weights,CIFAR10,PTQ,layer3.0.downsample.0,-2.991887092590332,2.7607035636901855,5.752590656280518,0.02255917899310589,133,0.41571861505508423,0.7653424739837646,2.1432323455810547,5.155488034369278,13.837702830599198,44,3,
resnet50_no_weights,CIFAR10,PTQ,layer3.1.conv1,-4.3130950927734375,5.799255847930908,10.112350940704346,0.03965627774596214,109,0.38668370246887207,0.6551257967948914,2.352262020111084,6.0831682460174035,26.151479558460025,44,3,
resnet50_no_weights,CIFAR10,PTQ,layer3.1.conv2,-3.2343947887420654,6.496501445770264,9.730896234512329,0.038160376250743866,85,0.3607596755027771,0.6182311177253723,1.6952029466629028,4.698981238134119,26.973347896908788,44,3,
resnet50_no_weights,CIFAR10,PTQ,layer3.1.conv3,-4.685569763183594,4.990001201629639,9.675570964813232,0.03794341906905174,123,0.09301592409610748,0.16486476361751556,0.4822220802307129,5.184295967779272,104.02058635482754,44,3,
resnet50_no_weights,CIFAR10,PTQ,layer3.2.conv1,-3.477344036102295,6.869163990020752,10.346508026123047,0.040574539452791214,86,0.3980161249637604,0.6287636756896973,1.5757652521133423,3.9590487753651105,25.99519812687263,44,3,
resnet50_no_weights,CIFAR10,PTQ,layer3.2.conv2,-2.2508630752563477,7.846439361572266,10.097302436828613,0.03959726542234421,57,0.3671896159648895,0.6664702296257019,1.6244516372680664,4.424013007555735,27.4988779579053,44,3,
resnet50_no_weights,CIFAR10,PTQ,layer3.2.conv3,-4.761044502258301,3.58117938041687,8.342223882675171,0.0327146053314209,146,0.08352547883987427,0.14029186964035034,0.539203405380249,6.455555991650759,99.87639698142829,44,3,
resnet50_no_weights,CIFAR10,PTQ,layer3.3.conv1,-4.714933395385742,4.9262003898620605,9.641133785247803,0.0378083698451519,125,0.4109637439250946,0.6889864206314087,1.720710277557373,4.187012365429012,23.459815927229506,44,3,
resnet50_no_weights,CIFAR10,PTQ,layer3.3.conv2,-2.814584255218506,6.599297046661377,9.413881301879883,0.03691717982292175,76,0.39881443977355957,0.6904484033584595,1.477426528930664,3.704546228991917,23.604665135056127,44,3,
resnet50_no_weights,CIFAR10,PTQ,layer3.3.conv3,-1.5458019971847534,1.2760233879089355,2.821825385093689,0.011065982282161713,140,0.09416765719652176,0.159205362200737,0.4225286841392517,4.486983075913866,29.9659720662342,44,3,
resnet50_no_weights,CIFAR10,PTQ,layer3.4.conv1,-3.5903100967407227,7.035825729370117,10.62613582611084,0.04167111963033676,86,0.3684064447879791,0.6447514295578003,1.5626633167266846,4.241682898967769,28.843512312131963,44,3,
resnet50_no_weights,CIFAR10,PTQ,layer3.4.conv2,-3.135401964187622,5.156757354736328,8.29215931892395,0.03251827135682106,96,0.32291826605796814,0.5981346964836121,1.9512944221496582,6.042688281372645,25.678817801639617,44,3,
resnet50_no_weights,CIFAR10,PTQ,layer3.4.conv3,-2.7014694213867188,2.0426454544067383,4.744114875793457,0.018604371696710587,145,0.061225809156894684,0.11127346754074097,0.3906003534793854,6.379668294435266,77.485539858467,44,3,
resnet50_no_weights,CIFAR10,PTQ,layer3.5.conv1,-4.2268853187561035,7.154899597167969,11.381784915924072,0.04463445022702217,95,0.2903188169002533,0.5246865749359131,1.7679157257080078,6.089566444862656,39.20443406820091,44,3,
resnet50_no_weights,CIFAR10,PTQ,layer3.5.conv2,-4.597212791442871,7.749600887298584,12.346813678741455,0.04841887578368187,95,0.2914030849933624,0.5879749059677124,1.743509292602539,5.983153173008627,42.370222947443025,44,3,
resnet50_no_weights,CIFAR10,PTQ,layer3.5.conv3,-3.8251688480377197,3.0534586906433105,6.87862753868103,0.026975011453032494,142,0.05995618924498558,0.11404916644096375,0.44655075669288635,7.4479509507891795,114.72756399801247,44,3,
resnet50_no_weights,CIFAR10,PTQ,layer4.0.conv1,-4.355734348297119,4.156625747680664,8.512360095977783,0.03338180109858513,130,0.2545822858810425,0.4664574861526489,1.378211498260498,5.413618993524509,33.43657657294866,44,3,
resnet50_no_weights,CIFAR10,PTQ,layer4.0.conv2,-4.248538017272949,4.958427906036377,9.206965923309326,0.03610575199127197,118,0.3115452229976654,0.5994448661804199,2.043367862701416,6.558816222698842,29.55258255838614,44,3,
resnet50_no_weights,CIFAR10,PTQ,layer4.0.conv3,-7.298678874969482,3.28452730178833,10.583206176757812,0.04150277003645897,176,0.07898133993148804,0.16670703887939453,1.1412804126739502,14.450000641467314,133.99628552691257,44,3,
resnet50_no_weights,CIFAR10,PTQ,layer4.0.downsample.0,-5.690349578857422,5.064415454864502,10.754765033721924,0.042175546288490295,135,0.3077363967895508,0.5893897414207458,2.2135977745056152,7.193162062072919,34.94797867889738,44,3,
resnet50_no_weights,CIFAR10,PTQ,layer4.1.conv1,-4.542393684387207,2.757505416870117,7.299899101257324,0.028627054765820503,159,0.4385967254638672,0.7558532357215881,1.6780673265457153,3.8259914612243477,16.643761062139326,44,3,
resnet50_no_weights,CIFAR10,PTQ,layer4.1.conv2,-2.0896880626678467,2.1856889724731445,4.275377035140991,0.01676618494093418,125,0.3498797118663788,0.6594589352607727,2.0994651317596436,6.000534070867882,12.219562581478813,44,3,
resnet50_no_weights,CIFAR10,PTQ,layer4.1.conv3,-1.1230378150939941,1.5542361736297607,2.677273988723755,0.010499113239347935,107,0.05154293030500412,0.16824309527873993,1.4342948198318481,27.827188158384498,51.942603435253815,44,3,
resnet50_no_weights,CIFAR10,PTQ,layer4.2.conv1,-2.156902313232422,2.547126531600952,4.704028844833374,0.01844717375934124,117,0.3297216296195984,0.6138489842414856,1.463749885559082,4.439350512879055,14.26666746206622,44,3,
resnet50_no_weights,CIFAR10,PTQ,layer4.2.conv2,-1.8579603433609009,2.4288556575775146,4.2868160009384155,0.01681104302406311,111,0.31845536828041077,0.6586639285087585,1.8345285654067993,5.76070855804018,13.461277239841435,44,3,
resnet50_no_weights,CIFAR10,PTQ,layer4.2.conv3,-0.8876402974128723,1.3495830297470093,2.2372233271598816,0.008773424662649632,101,0.05489856377243996,0.21696758270263672,1.396827220916748,25.44378440767115,40.751946379387924,44,3,
resnet50_no_weights,CIFAR10,PTQ,fc,-6.955491065979004,15.674272537231445,22.62976360321045,0.08874417841434479,78,11.85364055633545,14.732831954956055,15.943709373474121,1.3450474812105417,1.9090981792184896,44,3,
resnet50_no_weights,CIFAR10,PTQ,conv1,-4.2342329025268555,4.616276264190674,8.85050916671753,0.03470788151025772,122,1.1843839486440022,1.7196377913157146,3.6538793245951333,3.083628964595275,7.473941640232733,aggregate,3,0.4712635235788913
resnet50_no_weights,CIFAR10,PTQ,fc,-6.955491065979004,15.674272537231445,22.62976360321045,0.08874417841434479,78,11.171605745951334,14.593751271565756,16.151996612548828,1.4500080112103912,2.0337486346233997,aggregate,3,0.09493137261203034
resnet50_no_weights,CIFAR10,PTQ,layer1.0.conv1,-1.901719093322754,2.773737668991089,4.675456762313843,0.01833512634038925,104,0.581060528755188,0.7561884125073751,1.7602096796035767,3.0286829474246577,8.047076159581707,aggregate,3,0.212324882713113
resnet50_no_weights,CIFAR10,PTQ,layer1.0.conv2,-2.796151876449585,1.8956785202026367,4.691830396652222,0.01839933544397354,152,0.38806748390197754,0.6436776916186014,1.8610734542210896,4.782992297509571,12.101108807128108,aggregate,3,1.0613669227678533
resnet50_no_weights,CIFAR10,PTQ,layer1.0.conv3,-1.8315672874450684,3.5803866386413574,5.411953926086426,0.02122334949672222,86,0.2557220409313838,0.5457032322883606,1.8488457997639973,7.245147038795545,21.177062854525495,aggregate,3,0.7526891533288251
resnet50_no_weights,CIFAR10,PTQ,layer1.0.downsample.0,-2.9494497776031494,5.378567695617676,8.328017473220825,0.0326588898897171,90,0.5847602883974711,1.0358430941899617,4.72127103805542,8.064706018373432,14.24406196115823,aggregate,3,1.5625695826690535
resnet50_no_weights,CIFAR10,PTQ,layer1.1.conv1,-2.124708652496338,3.215188503265381,5.339897155761719,0.02094077318906784,101,0.49262383580207825,0.7474541465441386,1.530390461285909,3.107389557876957,10.842491419712823,aggregate,3,0.05991986999057328
resnet50_no_weights,CIFAR10,PTQ,layer1.1.conv2,-1.5945405960083008,2.749462127685547,4.344002723693848,0.017035305500030518,94,0.3012096583843231,0.5655489563941956,1.1015493671099346,3.6560357044832203,14.444504442114274,aggregate,3,0.22389839436046893
resnet50_no_weights,CIFAR10,PTQ,layer1.1.conv3,-1.9317172765731812,1.2580742835998535,3.1897915601730347,0.01250898651778698,154,0.16540659964084625,0.23024278382460275,0.4866596559683482,2.9353458175554676,19.296100456354875,aggregate,3,0.4670103780578876
resnet50_no_weights,CIFAR10,PTQ,layer1.2.conv1,-2.0571553707122803,1.5274583101272583,3.5846136808395386,0.014057309366762638,146,0.42268794775009155,0.6465971867243449,1.1905316909154255,2.8146479016780774,8.481940481434139,aggregate,3,0.3084822074093149
resnet50_no_weights,CIFAR10,PTQ,layer1.2.conv2,-0.9814982414245605,2.6816914081573486,3.663189649581909,0.01436544954776764,68,0.3855394919713338,0.6388493975003561,1.2224562168121338,3.170564788633465,9.503301678586094,aggregate,3,0.07916157728881026
resnet50_no_weights,CIFAR10,PTQ,layer1.2.conv3,-2.8500759601593018,2.320950984954834,5.171026945114136,0.020278537645936012,141,0.09208478530248006,0.1585436910390854,0.6565460165341696,7.149229019615957,56.24682480581213,aggregate,3,0.7596610541683014
resnet50_no_weights,CIFAR10,PTQ,layer2.0.conv1,-1.8289350271224976,2.146857738494873,3.9757927656173706,0.01559134479612112,117,0.42673208316167194,0.7691162625948588,1.9451595147450764,4.555356192901712,9.318198449468897,aggregate,3,0.4919526008711151
resnet50_no_weights,CIFAR10,PTQ,layer2.0.conv2,-3.5940909385681152,3.0519955158233643,6.6460864543914795,0.026063084602355957,138,0.4840175112088521,1.0173403024673462,2.7319494088490806,5.653010524519267,13.736708092413517,aggregate,3,0.5331775441139844
resnet50_no_weights,CIFAR10,PTQ,layer2.0.conv3,-5.254522323608398,1.3589757680892944,6.613498091697693,0.025935286656022072,203,0.1533581813176473,0.34167079130808514,1.1839361985524495,7.724189928695558,43.132300183822316,aggregate,3,0.40167166928231957
resnet50_no_weights,CIFAR10,PTQ,layer2.0.downsample.0,-2.1162548065185547,2.271807909011841,4.3880627155303955,0.01720808818936348,123,0.3988715708255768,0.8160242636998495,1.9698808987935383,4.936097203938411,11.004243933951763,aggregate,3,0.8197306155707655
resnet50_no_weights,CIFAR10,PTQ,layer2.1.conv1,-0.942550778388977,2.173025369644165,3.115576148033142,0.012217946350574493,77,0.34810978174209595,0.6141817569732666,1.5185599327087402,4.362771289837143,8.95299378901584,aggregate,3,0.21261526286627527
resnet50_no_weights,CIFAR10,PTQ,layer2.1.conv2,-1.8675767183303833,2.581561326980591,4.449138045310974,0.01744760014116764,107,0.30960901578267414,0.5839495062828064,1.3660331169764202,4.418301088416634,14.373763952103452,aggregate,3,0.5015336809821305
resnet50_no_weights,CIFAR10,PTQ,layer2.1.conv3,-1.2598328590393066,3.779153347015381,5.0389862060546875,0.019760729745030403,64,0.09961945066849391,0.16436640421549478,0.611029585202535,6.131314100310478,50.58828289001392,aggregate,3,0.3777603459451561
resnet50_no_weights,CIFAR10,PTQ,layer2.2.conv1,-1.8014217615127563,3.2235031127929688,5.024924874305725,0.01970558799803257,91,0.28468353549639386,0.46717962622642517,1.139927585919698,4.004514167488122,17.651713672812622,aggregate,3,0.40933575269435957
resnet50_no_weights,CIFAR10,PTQ,layer2.2.conv2,-2.044654607772827,5.485370635986328,7.530025243759155,0.02952951192855835,69,0.25585610667864483,0.49366788069407147,1.3023813962936401,5.091686548569685,29.431435272579222,aggregate,3,0.34529616308644445
resnet50_no_weights,CIFAR10,PTQ,layer2.2.conv3,-3.1343629360198975,3.90236496925354,7.0367279052734375,0.02759501151740551,114,0.056136844058831535,0.0977780893445015,0.3356675406297048,5.979311114078555,125.35178273320139,aggregate,3,0.07540799812621783
resnet50_no_weights,CIFAR10,PTQ,layer2.3.conv1,-4.061612129211426,4.111777305603027,8.173389434814453,0.032052505761384964,127,0.2232903391122818,0.3737349013487498,0.8694191972414652,3.8943040784412504,36.60673066672433,aggregate,3,0.09895475461878801
resnet50_no_weights,CIFAR10,PTQ,layer2.3.conv2,-2.9619369506835938,5.923995018005371,8.885931968688965,0.03484679386019707,85,0.16339656710624695,0.2579069336255391,0.7627862890561422,4.672719510905606,54.38954778705608,aggregate,3,0.6147787343954011
resnet50_no_weights,CIFAR10,PTQ,layer2.3.conv3,-9.520833969116211,4.085047245025635,13.605881214141846,0.05335639417171478,178,0.026407332470019657,0.045191929986079536,0.16937901079654694,6.408837266770017,515.4815955298692,aggregate,3,0.8399994148357435
resnet50_no_weights,CIFAR10,PTQ,layer3.0.conv1,-3.4357457160949707,4.26876974105835,7.70451545715332,0.03021378628909588,114,0.4008304178714752,0.7129539847373962,2.91767954826355,7.273356775174007,19.225626409350255,aggregate,3,0.48890851445602856
resnet50_no_weights,CIFAR10,PTQ,layer3.0.conv2,-3.1276659965515137,4.947560787200928,8.075226783752441,0.0316675566136837,99,0.5100909570852915,1.0721829732259114,3.1972931226094565,6.2763835612892835,15.840748680852622,aggregate,3,0.7701559468309535
resnet50_no_weights,CIFAR10,PTQ,layer3.0.conv3,-4.934758186340332,5.534649848937988,10.46940803527832,0.04105650261044502,120,0.1894280562798182,0.43266628185908,2.336636940638224,12.34457169056935,55.29923617690012,aggregate,3,1.8151226854869773
resnet50_no_weights,CIFAR10,PTQ,layer3.0.downsample.0,-2.991887092590332,2.7607035636901855,5.752590656280518,0.02255917899310589,133,0.4173228641351064,0.7586050033569336,2.039341370264689,4.886072691068353,13.78521979923186,aggregate,3,0.3170596220364219
resnet50_no_weights,CIFAR10,PTQ,layer3.1.conv1,-4.3130950927734375,5.799255847930908,10.112350940704346,0.03965627774596214,109,0.394516517718633,0.6530811190605164,1.9511055151621501,4.95310643777435,25.638919866734284,aggregate,3,1.1322016117415235
resnet50_no_weights,CIFAR10,PTQ,layer3.1.conv2,-3.2343947887420654,6.496501445770264,9.730896234512329,0.038160376250743866,85,0.3617853919665019,0.612430195013682,1.7972845236460369,4.966396689208093,26.897289598161237,aggregate,3,0.44294411008524925
resnet50_no_weights,CIFAR10,PTQ,layer3.1.conv3,-4.685569763183594,4.990001201629639,9.675570964813232,0.03794341906905174,123,0.0926184207201004,0.16521257162094116,0.47342724601427716,5.110864494129045,104.47960828337506,aggregate,3,0.09163683912926465
resnet50_no_weights,CIFAR10,PTQ,layer3.2.conv1,-3.477344036102295,6.869163990020752,10.346508026123047,0.040574539452791214,86,0.39361607035001117,0.6214006741841634,1.4902250369389851,3.7849209444644925,26.287423044544976,aggregate,3,0.3618848332182
resnet50_no_weights,CIFAR10,PTQ,layer3.2.conv2,-2.2508630752563477,7.846439361572266,10.097302436828613,0.03959726542234421,57,0.3605423867702484,0.6576774915059408,1.6265641848246257,4.512392822081683,28.010800137815128,aggregate,3,0.09933341587867742
resnet50_no_weights,CIFAR10,PTQ,layer3.2.conv3,-4.761044502258301,3.58117938041687,8.342223882675171,0.0327146053314209,146,0.08218494554360707,0.1378686080376307,0.5630236069361368,6.857267611248961,101.52110529845642,aggregate,3,0.9434740364712139
resnet50_no_weights,CIFAR10,PTQ,layer3.3.conv1,-4.714933395385742,4.9262003898620605,9.641133785247803,0.0378083698451519,125,0.4041012028853099,0.6821185350418091,1.6499550342559814,4.082052147090982,23.86166173457765,aggregate,3,0.12391987217279121
resnet50_no_weights,CIFAR10,PTQ,layer3.3.conv2,-2.814584255218506,6.599297046661377,9.413881301879883,0.03691717982292175,76,0.39379944403966266,0.6875551541646322,1.6776392459869385,4.263664606733787,23.907252632485825,aggregate,3,0.4848623604654943
resnet50_no_weights,CIFAR10,PTQ,layer3.3.conv3,-1.5458019971847534,1.2760233879089355,2.821825385093689,0.011065982282161713,140,0.09330241630474727,0.1607916553815206,0.49093125263849896,5.265329674705618,30.2451563171922,aggregate,3,0.7342585255283796
resnet50_no_weights,CIFAR10,PTQ,layer3.4.conv1,-3.5903100967407227,7.035825729370117,10.62613582611084,0.04167111963033676,86,0.3618667622407277,0.6362989147504171,1.7103608051935832,4.73070593194634,29.36954924408184,aggregate,3,0.517366184373226
resnet50_no_weights,CIFAR10,PTQ,layer3.4.conv2,-3.135401964187622,5.156757354736328,8.29215931892395,0.03251827135682106,96,0.31872891386349994,0.5890141328175863,1.9136560757954915,6.003934444345729,26.018729820301164,aggregate,3,0.0892718854221238
resnet50_no_weights,CIFAR10,PTQ,layer3.4.conv3,-2.7014694213867188,2.0426454544067383,4.744114875793457,0.018604371696710587,145,0.06054834400614103,0.10919873664776485,0.37679702043533325,6.224933121118969,78.3611309509717,aggregate,3,0.5045963663565926
resnet50_no_weights,CIFAR10,PTQ,layer3.5.conv1,-4.2268853187561035,7.154899597167969,11.381784915924072,0.04463445022702217,95,0.28532686829566956,0.5090739329655966,1.4514860312143962,5.079563831693927,39.90082189920952,aggregate,3,0.8879821723420113
resnet50_no_weights,CIFAR10,PTQ,layer3.5.conv2,-4.597212791442871,7.749600887298584,12.346813678741455,0.04841887578368187,95,0.2863825460275014,0.5680341124534607,1.8464948733647664,6.430310593319671,43.15202373383636,aggregate,3,1.0373330053518566
resnet50_no_weights,CIFAR10,PTQ,layer3.5.conv3,-3.8251688480377197,3.0534586906433105,6.87862753868103,0.026975011453032494,142,0.05932573601603508,0.10969903320074081,0.4072103599707286,6.863872169446726,116.37789855169042,aggregate,3,0.5095383031511869
resnet50_no_weights,CIFAR10,PTQ,layer4.0.conv1,-4.355734348297119,4.156625747680664,8.512360095977783,0.03338180109858513,130,0.24893333514531454,0.45336422324180603,1.481318712234497,5.956500980017035,34.204256475022405,aggregate,3,0.4976331051454944
resnet50_no_weights,CIFAR10,PTQ,layer4.0.conv2,-4.248538017272949,4.958427906036377,9.206965923309326,0.03610575199127197,118,0.30180732409159344,0.5714996655782064,1.9584935903549194,6.483294612814282,30.52314311964315,aggregate,3,0.8732127101978505
resnet50_no_weights,CIFAR10,PTQ,layer4.0.conv3,-7.298678874969482,3.28452730178833,10.583206176757812,0.04150277003645897,176,0.07578447461128235,0.1599842111269633,1.1743301550547283,15.523737351866053,139.79253085012948,aggregate,3,1.079090774840681
resnet50_no_weights,CIFAR10,PTQ,layer4.0.downsample.0,-5.690349578857422,5.064415454864502,10.754765033721924,0.042175546288490295,135,0.30388742685317993,0.5863896608352661,1.9304109811782837,6.346291413892534,35.39892952020811,aggregate,3,0.7370246814147073
resnet50_no_weights,CIFAR10,PTQ,layer4.1.conv1,-4.542393684387207,2.757505416870117,7.299899101257324,0.028627054765820503,159,0.4315127929051717,0.7385700543721517,1.862568457921346,4.319339606429975,16.92045818980087,aggregate,3,0.45575145500090314
resnet50_no_weights,CIFAR10,PTQ,layer4.1.conv2,-2.0896880626678467,2.1856889724731445,4.275377035140991,0.01676618494093418,125,0.3439183036486308,0.6468360821406046,2.0759290059407554,6.03777952647391,12.436090343482878,aggregate,3,0.11466257598817134
resnet50_no_weights,CIFAR10,PTQ,layer4.1.conv3,-1.1230378150939941,1.5542361736297607,2.677273988723755,0.010499113239347935,107,0.05045138175288836,0.16819672286510468,1.2696457306543987,25.148913491866264,53.08911824398045,aggregate,3,2.5588820371613914
resnet50_no_weights,CIFAR10,PTQ,layer4.2.conv1,-2.156902313232422,2.547126531600952,4.704028844833374,0.01844717375934124,117,0.3174393872419993,0.6027565201123556,1.5670524835586548,4.943113053409535,14.831143315264466,aggregate,3,0.5831178901723039
resnet50_no_weights,CIFAR10,PTQ,layer4.2.conv2,-1.8579603433609009,2.4288556575775146,4.2868160009384155,0.01681104302406311,111,0.30281508962313336,0.632912278175354,1.7973310550053914,5.937052946096381,14.183379184884785,aggregate,3,0.21558770991592616
resnet50_no_weights,CIFAR10,PTQ,layer4.2.conv3,-0.8876402974128723,1.3495830297470093,2.2372233271598816,0.008773424662649632,101,0.056168150156736374,0.21104922393957773,1.3880931933720906,24.822334189179777,39.88174096985172,aggregate,3,3.891607973601146
resnet50_no_weights,CIFAR10,QAT,conv1,-3.4862782955169678,4.279324531555176,7.7656028270721436,0.03045334480702877,114,1.2853583097457886,1.7228267192840576,3.7212114334106445,2.89507711989399,6.041586045067841,42,3,
resnet50_no_weights,CIFAR10,QAT,layer1.0.conv1,-1.9195221662521362,2.128584861755371,4.048107028007507,0.01587492972612381,121,0.578834056854248,0.7681905627250671,1.8790892362594604,3.246334962513479,6.993553644731087,42,3,
resnet50_no_weights,CIFAR10,QAT,layer1.0.conv2,-2.3412868976593018,2.1082770824432373,4.449563980102539,0.0174492709338665,134,0.3945067822933197,0.6210154294967651,2.3476617336273193,5.950878005138603,11.278802240703289,42,3,
resnet50_no_weights,CIFAR10,QAT,layer1.0.conv3,-1.894701361656189,3.3976330757141113,5.2923344373703,0.0207542534917593,91,0.27366724610328674,0.5710545778274536,1.898289680480957,6.936488408863185,19.338574537973322,42,3,
resnet50_no_weights,CIFAR10,QAT,layer1.0.downsample.0,-2.881063938140869,5.235561370849609,8.116625308990479,0.03182990103960037,91,0.5806436538696289,1.0852288007736206,5.001959800720215,8.614508687704177,13.97866876680425,42,3,
resnet50_no_weights,CIFAR10,QAT,layer1.1.conv1,-2.2798402309417725,3.778101682662964,6.057941913604736,0.023756634443998337,96,0.503899335861206,0.8382894992828369,2.7264397144317627,5.410683286121125,12.022127203742405,42,3,
resnet50_no_weights,CIFAR10,QAT,layer1.1.conv2,-1.7159147262573242,2.875776767730713,4.591691493988037,0.01800663396716118,95,0.3156028091907501,0.5886663794517517,1.2807221412658691,4.058018826099237,14.548956347257421,42,3,
resnet50_no_weights,CIFAR10,QAT,layer1.1.conv3,-2.0304605960845947,1.2890325784683228,3.3194931745529175,0.013017620891332626,156,0.1694452464580536,0.23795485496520996,0.6004087328910828,3.543379029164532,19.59035879696196,42,3,
resnet50_no_weights,CIFAR10,QAT,layer1.2.conv1,-2.1856772899627686,1.6133726835250854,3.799049973487854,0.014898234978318214,147,0.4577322006225586,0.690482497215271,1.2624738216400146,2.7581057656047188,8.299721907964505,42,3,
resnet50_no_weights,CIFAR10,QAT,layer1.2.conv2,-1.0697352886199951,2.6030218601226807,3.672757148742676,0.014402968809008598,74,0.42965760827064514,0.7376176118850708,1.3358898162841797,3.1091962310666004,8.548102205207952,42,3,
resnet50_no_weights,CIFAR10,QAT,layer1.2.conv3,-2.8267462253570557,2.2829434871673584,5.109689712524414,0.020037999376654625,141,0.10082078725099564,0.15893900394439697,0.5415741205215454,5.371651375556951,50.680914639197624,42,3,
resnet50_no_weights,CIFAR10,QAT,layer2.0.conv1,-1.7019562721252441,1.9578136205673218,3.659769892692566,0.014352039434015751,119,0.3915306627750397,0.737703263759613,2.1748039722442627,5.554619801243592,9.347339150280924,42,3,
resnet50_no_weights,CIFAR10,QAT,layer2.0.conv2,-3.364867687225342,3.0465750694274902,6.411442756652832,0.025142913684248924,134,0.47257688641548157,0.9599732160568237,2.5302579402923584,5.354172015234361,13.566983364937574,42,3,
resnet50_no_weights,CIFAR10,QAT,layer2.0.conv3,-4.938178062438965,1.4291882514953613,6.367366313934326,0.02497006393969059,198,0.1470271348953247,0.3265632688999176,1.1314311027526855,7.69538972216389,43.30742293568832,42,3,
resnet50_no_weights,CIFAR10,QAT,layer2.0.downsample.0,-2.041749954223633,2.252307653427124,4.294057607650757,0.016839442774653435,121,0.38808947801589966,0.8041396737098694,2.1957030296325684,5.657723679750505,11.064607135457647,42,3,
resnet50_no_weights,CIFAR10,QAT,layer2.1.conv1,-0.9857001900672913,1.960984468460083,2.9466846585273743,0.011555626057088375,85,0.3367805480957031,0.5794198513031006,1.4432893991470337,4.285548578467464,8.749569044854733,42,3,
resnet50_no_weights,CIFAR10,QAT,layer2.1.conv2,-1.7506645917892456,2.4439213275909424,4.194585919380188,0.016449356451630592,106,0.30101847648620605,0.5684494972229004,1.3037835359573364,4.331240896493878,13.934646033504862,42,3,
resnet50_no_weights,CIFAR10,QAT,layer2.1.conv3,-1.153067946434021,3.4082796573638916,4.561347603797913,0.01788763701915741,64,0.09818210452795029,0.1603812575340271,0.553752064704895,5.640050876555146,46.458034544364416,42,3,
resnet50_no_weights,CIFAR10,QAT,layer2.2.conv1,-1.5328786373138428,2.524442195892334,4.057320833206177,0.015911061316728592,96,0.29539817571640015,0.49377208948135376,1.148751139640808,3.8888227283559043,13.735091028799875,42,3,
resnet50_no_weights,CIFAR10,QAT,layer2.2.conv2,-1.736473798751831,3.701284170150757,5.437757968902588,0.02132454141974449,81,0.2547735571861267,0.4926648736000061,1.291849970817566,5.070581048855849,21.34349431299102,42,3,
resnet50_no_weights,CIFAR10,QAT,layer2.2.conv3,-2.069460391998291,2.5900485515594482,4.659508943557739,0.018272582441568375,113,0.055477119982242584,0.09929239749908447,0.34619054198265076,6.2402399780929745,83.98974108694142,42,3,
resnet50_no_weights,CIFAR10,QAT,layer2.3.conv1,-2.2858569622039795,2.2893083095550537,4.575165271759033,0.017941825091838837,127,0.21682403981685638,0.36147502064704895,0.8212112188339233,3.787454654601821,21.100821088028404,42,3,
resnet50_no_weights,CIFAR10,QAT,layer2.3.conv2,-1.799116611480713,3.499559164047241,5.298675775527954,0.020779119804501534,87,0.15945899486541748,0.26081234216690063,0.7388356328010559,4.633389501950825,33.22908049182178,42,3,
resnet50_no_weights,CIFAR10,QAT,layer2.3.conv3,-5.131855487823486,2.2032089233398438,7.33506441116333,0.028764957562088966,178,0.025486890226602554,0.04180174693465233,0.1266227811574936,4.968153432282139,287.79754399017185,42,3,
resnet50_no_weights,CIFAR10,QAT,layer3.0.conv1,-2.101818799972534,2.9675025939941406,5.069321393966675,0.019879693165421486,106,0.4021502733230591,0.7342278957366943,3.127492904663086,7.776925970533108,12.605540093452431,42,3,
resnet50_no_weights,CIFAR10,QAT,layer3.0.conv2,-2.653473377227783,3.5244266986846924,6.177900075912476,0.02422706037759781,110,0.5338344573974609,1.111236572265625,3.719736099243164,6.9679580396094085,11.572688855700418,42,3,
resnet50_no_weights,CIFAR10,QAT,layer3.0.conv3,-3.0660927295684814,3.4033145904541016,6.469407320022583,0.025370223447680473,121,0.2010089010000229,0.4504719376564026,2.6207809448242188,13.038133793010093,32.184680816805454,42,3,
resnet50_no_weights,CIFAR10,QAT,layer3.0.downsample.0,-1.7274075746536255,2.302873373031616,4.030280947685242,0.015805024653673172,109,0.407778799533844,0.7492315173149109,2.1476094722747803,5.266604038095751,9.883497995218224,42,3,
resnet50_no_weights,CIFAR10,QAT,layer3.1.conv1,-2.0260143280029297,2.8305063247680664,4.856520652770996,0.019045179709792137,106,0.3737010955810547,0.6176583170890808,2.018467664718628,5.401289128093627,12.995735656647629,42,3,
resnet50_no_weights,CIFAR10,QAT,layer3.1.conv2,-2.760526657104492,3.1952521800994873,5.9557788372039795,0.0233559962362051,118,0.35613739490509033,0.6007627248764038,1.85234797000885,5.2012172731888935,16.72326164678994,42,3,
resnet50_no_weights,CIFAR10,QAT,layer3.1.conv3,-2.148253917694092,2.2641642093658447,4.4124181270599365,0.017303600907325745,124,0.093423992395401,0.16486048698425293,0.4630143642425537,4.956054139529008,47.23003175014331,42,3,
resnet50_no_weights,CIFAR10,QAT,layer3.2.conv1,-1.8429898023605347,2.9012503623962402,4.744240164756775,0.018604863435029984,99,0.39853763580322266,0.6219488978385925,1.3078705072402954,3.2816737736810744,11.90412081206613,42,3,
resnet50_no_weights,CIFAR10,QAT,layer3.2.conv2,-2.0684714317321777,3.2591958045959473,5.327667236328125,0.020892811939120293,99,0.36606717109680176,0.6530672311782837,1.4429094791412354,3.9416522241478913,14.553796835606686,42,3,
resnet50_no_weights,CIFAR10,QAT,layer3.2.conv3,-1.856877326965332,1.4699692726135254,3.3268465995788574,0.013046457432210445,142,0.08267351239919662,0.138333261013031,0.690197229385376,8.348468685504681,40.24077970118015,42,3,
resnet50_no_weights,CIFAR10,QAT,layer3.3.conv1,-1.9362825155258179,2.0523717403411865,3.9886542558670044,0.01564178057014942,124,0.3969883322715759,0.6762205958366394,1.6070996522903442,4.048228931803826,10.047283337129425,42,3,
resnet50_no_weights,CIFAR10,QAT,layer3.3.conv2,-1.8887670040130615,2.5178627967834473,4.406629800796509,0.017280900850892067,109,0.3871111571788788,0.6865237951278687,1.7613180875778198,4.549902669852367,11.383370691019028,42,3,
resnet50_no_weights,CIFAR10,QAT,layer3.3.conv3,-0.5884902477264404,0.587197482585907,1.1756877303123474,0.004610540345311165,128,0.09220980107784271,0.16383104026317596,0.5900481939315796,6.398974805655052,12.750138451332761,42,3,
resnet50_no_weights,CIFAR10,QAT,layer3.4.conv1,-1.5908323526382446,2.667072057723999,4.257904410362244,0.01669766567647457,95,0.3421565592288971,0.5951315760612488,1.6892313957214355,4.937013043176435,12.44431619244153,42,3,
resnet50_no_weights,CIFAR10,QAT,layer3.4.conv2,-1.7703982591629028,2.4576451778411865,4.228043437004089,0.01658056303858757,107,0.3069191575050354,0.5570127367973328,1.9673728942871094,6.410068730410979,13.775756037433808,42,3,
resnet50_no_weights,CIFAR10,QAT,layer3.4.conv3,-0.8464220762252808,0.6712706089019775,1.5176926851272583,0.005951736122369766,142,0.058550115674734116,0.1040818989276886,0.363736093044281,6.21238897400236,25.92125852591922,42,3,
resnet50_no_weights,CIFAR10,QAT,layer3.5.conv1,-1.5230720043182373,2.5767629146575928,4.09983491897583,0.016077784821391106,95,0.2614871859550476,0.45205652713775635,1.1737675666809082,4.4888148625481445,15.678913305069697,42,3,
resnet50_no_weights,CIFAR10,QAT,layer3.5.conv2,-1.6588000059127808,2.583019971847534,4.241819977760315,0.016634587198495865,100,0.25141531229019165,0.4864940643310547,1.3385331630706787,5.3239922058752756,16.871764647589444,42,3,
resnet50_no_weights,CIFAR10,QAT,layer3.5.conv3,-1.1378391981124878,0.9402953386306763,2.078134536743164,0.008149547502398491,140,0.048799119889736176,0.08486238121986389,0.3400343656539917,6.968042997953955,42.5854921449158,42,3,
resnet50_no_weights,CIFAR10,QAT,layer4.0.conv1,-1.2921807765960693,1.5882549285888672,2.8804357051849365,0.01129582617431879,114,0.2304423749446869,0.4110789895057678,1.288604497909546,5.591873014756291,12.4995921686553,42,3,
resnet50_no_weights,CIFAR10,QAT,layer4.0.conv2,-1.284760594367981,1.9575908184051514,3.2423514127731323,0.012715104036033154,101,0.2731296718120575,0.5034418106079102,1.5454025268554688,5.658127572162395,11.871106464786505,42,3,
resnet50_no_weights,CIFAR10,QAT,layer4.0.conv3,-1.8404039144515991,1.3081161975860596,3.1485201120376587,0.012347137555480003,149,0.06546291708946228,0.13330990076065063,1.2355505228042603,18.87405232974486,48.096239092658514,42,3,
resnet50_no_weights,CIFAR10,QAT,layer4.0.downsample.0,-1.7676197290420532,2.2574539184570312,4.0250736474990845,0.015784602612257004,112,0.29748716950416565,0.576090395450592,1.8202147483825684,6.118632784790002,13.530242847810356,42,3,
resnet50_no_weights,CIFAR10,QAT,layer4.1.conv1,-1.3309330940246582,2.000608444213867,3.3315415382385254,0.013064868748188019,102,0.4139416813850403,0.6855425834655762,2.0870394706726074,5.041868370658921,8.04833552178475,42,3,
resnet50_no_weights,CIFAR10,QAT,layer4.1.conv2,-2.005835771560669,2.3114356994628906,4.31727147102356,0.0169304758310318,118,0.33124303817749023,0.5995973348617554,1.887105107307434,5.697040812360455,13.033546289085274,42,3,
resnet50_no_weights,CIFAR10,QAT,layer4.1.conv3,-0.8161806464195251,1.5290971994400024,2.3452778458595276,0.009197168052196503,89,0.04860898479819298,0.16269129514694214,1.2367181777954102,25.442172531062297,48.24782610861506,42,3,
resnet50_no_weights,CIFAR10,QAT,layer4.2.conv1,-0.8963064551353455,1.5908558368682861,2.4871622920036316,0.009753577411174774,92,0.28931787610054016,0.54802006483078,1.6703983545303345,5.773574647526647,8.596642300593013,42,3,
resnet50_no_weights,CIFAR10,QAT,layer4.2.conv2,-1.5893388986587524,2.229063034057617,3.8184019327163696,0.014974124729633331,106,0.2790076732635498,0.5914092659950256,1.968714952468872,7.056131931573186,13.685652039790027,42,3,
resnet50_no_weights,CIFAR10,QAT,layer4.2.conv3,-0.7530329823493958,1.3255066871643066,2.0785396695137024,0.00815113540738821,92,0.06369851529598236,0.20963041484355927,1.244782567024231,19.541783057897156,32.63089665207317,42,3,
resnet50_no_weights,CIFAR10,QAT,fc,-6.317811965942383,15.384503364562988,21.70231533050537,0.08510712534189224,74,11.060726165771484,14.492502212524414,14.968086242675781,1.3532643353016016,1.9621058333100534,42,3,
resnet50_no_weights,CIFAR10,QAT,conv1,-3.482043504714966,4.266173362731934,7.748216867446899,0.03038516268134117,115,1.2259103059768677,1.6932657957077026,2.9642207622528076,2.417975236688108,6.32037827700023,43,3,
resnet50_no_weights,CIFAR10,QAT,layer1.0.conv1,-1.9179004430770874,2.1243040561676025,4.04220449924469,0.015851782634854317,121,0.5664029717445374,0.7413450479507446,1.700512409210205,3.0023013544095263,7.136623042062411,43,3,
resnet50_no_weights,CIFAR10,QAT,layer1.0.conv2,-2.333549737930298,2.102212429046631,4.435762166976929,0.017395146191120148,134,0.36668968200683594,0.5789501667022705,1.5018221139907837,4.095621414192904,12.096773878939512,43,3,
resnet50_no_weights,CIFAR10,QAT,layer1.0.conv3,-1.8856431245803833,3.38250470161438,5.268147826194763,0.02065940387547016,91,0.2622862160205841,0.5317750573158264,1.8847910165786743,7.186008648013576,20.085492505566215,43,3,
resnet50_no_weights,CIFAR10,QAT,layer1.0.downsample.0,-2.870765209197998,5.219166278839111,8.08993148803711,0.03172522038221359,90,0.5677645802497864,1.0582000017166138,3.5960655212402344,6.333726418189306,14.248742823086934,43,3,
resnet50_no_weights,CIFAR10,QAT,layer1.1.conv1,-2.2695226669311523,3.7674238681793213,6.036946535110474,0.02367429994046688,96,0.49258020520210266,0.7851970195770264,2.7103312015533447,5.502314491994887,12.255763571809695,43,3,
resnet50_no_weights,CIFAR10,QAT,layer1.1.conv2,-1.7085129022598267,2.8598170280456543,4.568329930305481,0.017915019765496254,95,0.2938076853752136,0.48837950825691223,1.279800295829773,4.355911569145564,15.548708075731218,43,3,
resnet50_no_weights,CIFAR10,QAT,layer1.1.conv3,-2.0189881324768066,1.2821382284164429,3.3011263608932495,0.012945594266057014,156,0.16249480843544006,0.21791940927505493,0.5995934009552002,3.689923430344062,20.315272793498522,43,3,
resnet50_no_weights,CIFAR10,QAT,layer1.2.conv1,-2.17537522315979,1.6083897352218628,3.783764958381653,0.014838293194770813,147,0.4431992471218109,0.6637464761734009,1.1150736808776855,2.5159647452451868,8.537390311364192,43,3,
resnet50_no_weights,CIFAR10,QAT,layer1.2.conv2,-1.0680118799209595,2.5891635417938232,3.6571754217147827,0.014341864734888077,74,0.4187156856060028,0.7006286978721619,1.2172013521194458,2.9069877101876496,8.734268973997931,43,3,
resnet50_no_weights,CIFAR10,QAT,layer1.2.conv3,-2.8036861419677734,2.2634310722351074,5.067117214202881,0.019871048629283905,141,0.09613531082868576,0.14229817688465118,0.33171164989471436,3.450466296258493,52.70817944545416,43,3,
resnet50_no_weights,CIFAR10,QAT,layer2.0.conv1,-1.700813889503479,1.9562664031982422,3.657080292701721,0.014341491274535656,119,0.3836657404899597,0.7190408110618591,1.8030965328216553,4.699654784185353,9.531943842657029,43,3,
resnet50_no_weights,CIFAR10,QAT,layer2.0.conv2,-3.365973949432373,3.043381929397583,6.409355878829956,0.025134729221463203,134,0.4516727328300476,0.9496113061904907,2.72725248336792,6.038116284504852,14.19026523622719,43,3,
resnet50_no_weights,CIFAR10,QAT,layer2.0.conv3,-4.899785995483398,1.4261294603347778,6.325915455818176,0.024807510897517204,198,0.1426592469215393,0.32228419184684753,1.123306393623352,7.874052456208154,44.34283505854581,43,3,
resnet50_no_weights,CIFAR10,QAT,layer2.0.downsample.0,-2.0377790927886963,2.246995687484741,4.2847747802734375,0.016803039237856865,121,0.37303364276885986,0.7833213210105896,1.7211098670959473,4.613819424759997,11.486295843102766,43,3,
resnet50_no_weights,CIFAR10,QAT,layer2.1.conv1,-0.9837176203727722,1.955811619758606,2.939529240131378,0.01152756530791521,85,0.32569992542266846,0.5544744729995728,1.4437038898468018,4.432619651273402,9.025268385667212,43,3,
resnet50_no_weights,CIFAR10,QAT,layer2.1.conv2,-1.747868299484253,2.4332025051116943,4.181070804595947,0.016396356746554375,107,0.29288554191589355,0.5622632503509521,1.3720413446426392,4.684564952122632,14.275442813754884,43,3,
resnet50_no_weights,CIFAR10,QAT,layer2.1.conv3,-1.1447447538375854,3.379628896713257,4.524373650550842,0.017742641270160675,65,0.0972893089056015,0.15723854303359985,0.5431933999061584,5.583279458107896,46.50432510462975,43,3,
resnet50_no_weights,CIFAR10,QAT,layer2.2.conv1,-1.5259281396865845,2.512010097503662,4.037938237190247,0.015835052356123924,96,0.29022055864334106,0.48240354657173157,1.2812236547470093,4.414655049718705,13.913343203754785,43,3,
resnet50_no_weights,CIFAR10,QAT,layer2.2.conv2,-1.733718752861023,3.6788389682769775,5.4125577211380005,0.021225716918706894,82,0.25037074089050293,0.480209618806839,1.4567649364471436,5.818431224294874,21.618171923312424,43,3,
resnet50_no_weights,CIFAR10,QAT,layer2.2.conv3,-2.050912380218506,2.567570686340332,4.618483066558838,0.0181116983294487,113,0.054473813623189926,0.09692525863647461,0.3422646224498749,6.283103746277279,84.78354569603171,43,3,
resnet50_no_weights,CIFAR10,QAT,layer2.3.conv1,-2.2692463397979736,2.2749626636505127,4.544209003448486,0.01782042719423771,127,0.21499218046665192,0.35724660754203796,0.8547441959381104,3.9756989955766895,21.13662456739143,43,3,
resnet50_no_weights,CIFAR10,QAT,layer2.3.conv2,-1.7893904447555542,3.473212718963623,5.262603163719177,0.02063765935599804,87,0.15687412023544312,0.2570188641548157,0.8649110198020935,5.51340793818636,33.546662482128006,43,3,
resnet50_no_weights,CIFAR10,QAT,layer2.3.conv3,-5.083269119262695,2.182279586791992,7.2655487060546875,0.02849234826862812,178,0.024749068543314934,0.04030792415142059,0.11028249561786652,4.456026109623239,293.5685718167043,43,3,
resnet50_no_weights,CIFAR10,QAT,layer3.0.conv1,-2.097245693206787,2.9638688564300537,5.061114549636841,0.019847506657242775,106,0.3934584856033325,0.712675929069519,2.604140520095825,6.618590309731443,12.863147536076355,43,3,
resnet50_no_weights,CIFAR10,QAT,layer3.0.conv2,-2.649484395980835,3.521052360534668,6.170536756515503,0.02419818378984928,109,0.5220584869384766,1.0951402187347412,3.186988115310669,6.104657227201152,11.819627323178997,43,3,
resnet50_no_weights,CIFAR10,QAT,layer3.0.conv3,-3.0591111183166504,3.3910398483276367,6.450150966644287,0.0252947099506855,121,0.1951923668384552,0.4391355812549591,2.175851345062256,11.147215335848816,33.04509838739007,43,3,
resnet50_no_weights,CIFAR10,QAT,layer3.0.downsample.0,-1.7230316400527954,2.298072099685669,4.021103739738464,0.01576903462409973,109,0.4020279049873352,0.7371371388435364,1.8227545022964478,4.533900457367179,10.002051324932626,43,3,
resnet50_no_weights,CIFAR10,QAT,layer3.1.conv1,-2.0131890773773193,2.8166775703430176,4.829866647720337,0.018940651789307594,106,0.3664027452468872,0.5848017334938049,1.4476268291473389,3.9509169839104454,13.181851692912144,43,3,
resnet50_no_weights,CIFAR10,QAT,layer3.1.conv2,-2.7542269229888916,3.1840429306030273,5.938269853591919,0.02328733168542385,118,0.3554342985153198,0.5906782746315002,2.07433819770813,5.836066486472527,16.707081669936166,43,3,
resnet50_no_weights,CIFAR10,QAT,layer3.1.conv3,-2.131359815597534,2.2459726333618164,4.377332448959351,0.017166011035442352,124,0.09469574689865112,0.16810540854930878,0.4450063407421112,4.699327639480819,46.22522755582915,43,3,
resnet50_no_weights,CIFAR10,QAT,layer3.2.conv1,-1.8391679525375366,2.8887157440185547,4.727883696556091,0.018540721386671066,99,0.3961877226829529,0.6193128824234009,1.6477948427200317,4.159126465508046,11.933443228728102,43,3,
resnet50_no_weights,CIFAR10,QAT,layer3.2.conv2,-2.0667665004730225,3.242690086364746,5.3094565868377686,0.020821399986743927,99,0.3642061948776245,0.6605362296104431,1.6086342334747314,4.416822822069905,14.578161111789376,43,3,
resnet50_no_weights,CIFAR10,QAT,layer3.2.conv3,-1.8419710397720337,1.4608343839645386,3.3028054237365723,0.012952177785336971,142,0.08312292397022247,0.13875511288642883,0.5564844608306885,6.694717103912762,39.73398992701162,43,3,
resnet50_no_weights,CIFAR10,QAT,layer3.3.conv1,-1.9313042163848877,2.0492212772369385,3.980525493621826,0.015609904192388058,124,0.39761465787887573,0.6610924601554871,1.737317681312561,4.369350190912216,10.011012961283743,43,3,
resnet50_no_weights,CIFAR10,QAT,layer3.3.conv2,-1.8874316215515137,2.509261131286621,4.396692752838135,0.017241932451725006,109,0.3875802755355835,0.6772675514221191,1.6577068567276,4.277067129994872,11.343953834499189,43,3,
resnet50_no_weights,CIFAR10,QAT,layer3.3.conv3,-0.5864995718002319,0.5869971513748169,1.1734967231750488,0.0046019479632377625,127,0.09159775823354721,0.15962257981300354,0.5671652555465698,6.191911969073152,12.811413137240532,43,3,
resnet50_no_weights,CIFAR10,QAT,layer3.4.conv1,-1.5885471105575562,2.655745267868042,4.244292378425598,0.01664428412914276,95,0.34401434659957886,0.5874114632606506,1.5344040393829346,4.460290841209972,12.337544699453513,43,3,
resnet50_no_weights,CIFAR10,QAT,layer3.4.conv2,-1.7697937488555908,2.4530189037323,4.222812652587891,0.01656004972755909,107,0.3067615330219269,0.559719979763031,1.995023250579834,6.503498763116537,13.765782857415992,43,3,
resnet50_no_weights,CIFAR10,QAT,layer3.4.conv3,-0.8404334783554077,0.6679145693778992,1.5083480477333069,0.005915089976042509,142,0.05841299146413803,0.1029181182384491,0.33566445112228394,5.74640063295442,25.82213322629332,43,3,
resnet50_no_weights,CIFAR10,QAT,layer3.5.conv1,-1.517403244972229,2.562222480773926,4.079625725746155,0.015998531132936478,95,0.26611605286598206,0.46780505776405334,1.1227127313613892,4.218883901478861,15.33025039944014,43,3,
resnet50_no_weights,CIFAR10,QAT,layer3.5.conv2,-1.656432032585144,2.5797746181488037,4.236206650733948,0.016612574458122253,100,0.2661488652229309,0.5257803201675415,2.258474349975586,8.485756075209446,15.916681242227456,43,3,
resnet50_no_weights,CIFAR10,QAT,layer3.5.conv3,-1.1290441751480103,0.9349111914634705,2.0639553666114807,0.0080939419567585,139,0.05522383749485016,0.10071372985839844,0.40188151597976685,7.277319617950199,37.37435607954541,43,3,
resnet50_no_weights,CIFAR10,QAT,layer4.0.conv1,-1.2875553369522095,1.5870332717895508,2.8745886087417603,0.011272896081209183,114,0.22934909164905548,0.40965232253074646,1.4660836458206177,6.392367352664226,12.533682117827558,43,3,
resnet50_no_weights,CIFAR10,QAT,layer4.0.conv2,-1.2839573621749878,1.953856348991394,3.237813711166382,0.012697308324277401,101,0.2755911946296692,0.5046428442001343,1.5841463804244995,5.748174873849746,11.748610892729191,43,3,
resnet50_no_weights,CIFAR10,QAT,layer4.0.conv3,-1.82803213596344,1.3057746887207031,3.133806824684143,0.012289438396692276,149,0.06680966913700104,0.14090412855148315,1.073964238166809,16.074982140152795,46.90648621920138,43,3,
resnet50_no_weights,CIFAR10,QAT,layer4.0.downsample.0,-1.76409912109375,2.253927230834961,4.018026351928711,0.015756966546177864,112,0.3022792935371399,0.5854405760765076,1.9047861099243164,6.3014111474039245,13.292430007069047,43,3,
resnet50_no_weights,CIFAR10,QAT,layer4.1.conv1,-1.3295305967330933,1.9978928565979004,3.3274234533309937,0.013048719614744186,102,0.4207201600074768,0.695446789264679,1.7290453910827637,4.109727927114394,7.908875707957186,43,3,
resnet50_no_weights,CIFAR10,QAT,layer4.1.conv2,-2.003981113433838,2.3085784912109375,4.312559604644775,0.016911998391151428,118,0.3408460021018982,0.6294065713882446,2.025726795196533,5.943231790029706,12.65251632130192,43,3,
resnet50_no_weights,CIFAR10,QAT,layer4.1.conv3,-0.815972089767456,1.5257655382156372,2.3417376279830933,0.00918328482657671,89,0.04974505677819252,0.1691778004169464,1.1959292888641357,24.041168436024645,47.0747804837098,43,3,
resnet50_no_weights,CIFAR10,QAT,layer4.2.conv1,-0.8968461155891418,1.5904877185821533,2.487333834171295,0.009754249826073647,92,0.2951492667198181,0.569125771522522,1.5540462732315063,5.2652892907463835,8.427375957306692,43,3,
resnet50_no_weights,CIFAR10,QAT,layer4.2.conv2,-1.585787296295166,2.223048686981201,3.808835983276367,0.014936611987650394,106,0.2977682948112488,0.6053182482719421,1.6276313066482544,5.466100102027274,12.791274456169807,43,3,
resnet50_no_weights,CIFAR10,QAT,layer4.2.conv3,-0.7519265413284302,1.3223916292190552,2.0743181705474854,0.00813458114862442,92,0.06359730660915375,0.21989931166172028,1.0139975547790527,15.94403299200575,32.6164468457053,43,3,
resnet50_no_weights,CIFAR10,QAT,fc,-6.312229633331299,15.365159034729004,21.677388668060303,0.08500936627388,74,10.695159912109375,13.34621524810791,13.450108528137207,1.257588351989819,2.026841005295912,43,3,
resnet50_no_weights,CIFAR10,QAT,conv1,-3.480356454849243,4.262149810791016,7.742506265640259,0.030362768098711967,115,1.2291123867034912,1.7424722909927368,3.863804817199707,3.1435732476527423,6.299266323729635,44,3,
resnet50_no_weights,CIFAR10,QAT,layer1.0.conv1,-1.9183930158615112,2.122229814529419,4.04062283039093,0.015845580026507378,121,0.5740914344787598,0.7465319633483887,1.9168699979782104,3.3389628948542183,7.0382914423023415,44,3,
resnet50_no_weights,CIFAR10,QAT,layer1.0.conv2,-2.33034086227417,2.1049511432647705,4.43529200553894,0.01739330217242241,134,0.37322473526000977,0.5964017510414124,2.3760721683502197,6.366330909699518,11.883703266475791,44,3,
resnet50_no_weights,CIFAR10,QAT,layer1.0.conv3,-1.8792623281478882,3.367319107055664,5.246581435203552,0.02057483047246933,91,0.2695962190628052,0.5483646392822266,1.8639370203018188,6.913809944298944,19.46088655635526,44,3,
resnet50_no_weights,CIFAR10,QAT,layer1.0.downsample.0,-2.8681697845458984,5.2201457023620605,8.088315486907959,0.03171888738870621,90,0.5733400583267212,1.0573902130126953,5.3171186447143555,9.27393536783778,14.107361537781797,44,3,
resnet50_no_weights,CIFAR10,QAT,layer1.1.conv1,-2.259054183959961,3.7561843395233154,6.015238523483276,0.02358917146921158,96,0.4978209137916565,0.8351843357086182,2.643470048904419,5.310082352246736,12.083137443278888,44,3,
resnet50_no_weights,CIFAR10,QAT,layer1.1.conv2,-1.7014577388763428,2.843101978302002,4.544559717178345,0.01782180182635784,95,0.29651087522506714,0.5739800930023193,1.1883089542388916,4.007640371830893,15.3267893251092,44,3,
resnet50_no_weights,CIFAR10,QAT,layer1.1.conv3,-2.007927656173706,1.2749613523483276,3.2828890085220337,0.012874074280261993,156,0.16485166549682617,0.23070880770683289,0.5644499063491821,3.4239866770411806,19.91419982702715,44,3,
resnet50_no_weights,CIFAR10,QAT,layer1.2.conv1,-2.164250373840332,1.6037849187850952,3.7680352926254272,0.01477660983800888,146,0.446994811296463,0.6831349730491638,1.1479063034057617,2.5680528596660355,8.429707006433976,44,3,
resnet50_no_weights,CIFAR10,QAT,layer1.2.conv2,-1.064525842666626,2.576465129852295,3.640990972518921,0.014278396032750607,75,0.4202583134174347,0.7228903770446777,1.3193225860595703,3.139313474446636,8.663697674202563,44,3,
resnet50_no_weights,CIFAR10,QAT,layer1.2.conv3,-2.7856380939483643,2.246649742126465,5.032287836074829,0.0197344608604908,141,0.09855439513921738,0.1531023532152176,0.5853028297424316,5.938881050567417,51.0610189324002,44,3,
resnet50_no_weights,CIFAR10,QAT,layer2.0.conv1,-1.698365330696106,1.9533493518829346,3.6517146825790405,0.014320449903607368,119,0.38995617628097534,0.7269798517227173,1.6645593643188477,4.268580588192766,9.364423247262197,44,3,
resnet50_no_weights,CIFAR10,QAT,layer2.0.conv2,-3.358574151992798,3.037438154220581,6.396012306213379,0.025082401931285858,134,0.4672994613647461,0.9560532569885254,2.4489927291870117,5.240735185173848,13.687180994246926,44,3,
resnet50_no_weights,CIFAR10,QAT,layer2.0.conv3,-4.862442493438721,1.4226986169815063,6.285141110420227,0.024647612124681473,197,0.14696718752384186,0.3261691629886627,1.0830501317977905,7.369332910600143,42.76560786332402,44,3,
resnet50_no_weights,CIFAR10,QAT,layer2.0.downsample.0,-2.038860559463501,2.248058795928955,4.286919355392456,0.016811449080705643,121,0.37883347272872925,0.8034061789512634,2.3533148765563965,6.212003547641977,11.316105001265779,44,3,
resnet50_no_weights,CIFAR10,QAT,layer2.1.conv1,-0.9806484580039978,1.9494246244430542,2.930073082447052,0.011490482836961746,85,0.3256160616874695,0.5738756656646729,1.3171098232269287,4.044978052990236,8.99855205932493,44,3,
resnet50_no_weights,CIFAR10,QAT,layer2.1.conv2,-1.7439931631088257,2.4237210750579834,4.167714238166809,0.01634397730231285,107,0.2960057854652405,0.5607360601425171,1.48506760597229,5.017022230285696,14.079840472091778,44,3,
resnet50_no_weights,CIFAR10,QAT,layer2.1.conv3,-1.1365890502929688,3.3505654335021973,4.487154483795166,0.017596684396266937,65,0.09634009748697281,0.15731075406074524,0.47327303886413574,4.912523977133531,46.57618790973222,44,3,
resnet50_no_weights,CIFAR10,QAT,layer2.2.conv1,-1.5192354917526245,2.4971261024475098,4.016361594200134,0.01575043797492981,96,0.28936898708343506,0.48048779368400574,1.0236217975616455,3.5374274481822754,13.879723721195038,44,3,
resnet50_no_weights,CIFAR10,QAT,layer2.2.conv2,-1.7306952476501465,3.655602216720581,5.3862974643707275,0.021122734993696213,82,0.25081175565719604,0.48266080021858215,1.3551710844039917,5.403140219058191,21.47545855758292,44,3,
resnet50_no_weights,CIFAR10,QAT,layer2.2.conv3,-2.03263258934021,2.5452499389648438,4.577882528305054,0.017952481284737587,113,0.05470458045601845,0.09670250862836838,0.335488498210907,6.132731398619061,83.68371515042682,44,3,
resnet50_no_weights,CIFAR10,QAT,layer2.3.conv1,-2.253471612930298,2.261061668395996,4.514533281326294,0.017704050987958908,127,0.21851623058319092,0.3633080720901489,0.8848629593849182,4.049415263220201,20.65994488957457,44,3,
resnet50_no_weights,CIFAR10,QAT,layer2.3.conv2,-1.779010534286499,3.4454541206359863,5.224464654922485,0.02048809640109539,87,0.1596837341785431,0.26006075739860535,0.6973570585250854,4.367113921229869,32.717575661657484,44,3,
resnet50_no_weights,CIFAR10,QAT,layer2.3.conv3,-5.036313056945801,2.1622071266174316,7.198520183563232,0.028229491785168648,178,0.025530090555548668,0.042496804147958755,0.17502917349338531,6.855799164227593,281.9621876350422,44,3,
resnet50_no_weights,CIFAR10,QAT,layer3.0.conv1,-2.092829704284668,2.9622557163238525,5.0550854206085205,0.019823864102363586,106,0.40857815742492676,0.7370016574859619,2.802562713623047,6.859306261710765,12.372382930277801,44,3,
resnet50_no_weights,CIFAR10,QAT,layer3.0.conv2,-2.650235652923584,3.5176661014556885,6.1679017543792725,0.024187851697206497,110,0.5519964098930359,1.130725622177124,3.1824350357055664,5.765318358360788,11.173807734681588,44,3,
resnet50_no_weights,CIFAR10,QAT,layer3.0.conv3,-3.051029920578003,3.376981496810913,6.428011417388916,0.025207888334989548,121,0.2054077684879303,0.4593566060066223,1.9851990938186646,9.664673874957725,31.29390609083329,44,3,
resnet50_no_weights,CIFAR10,QAT,layer3.0.downsample.0,-1.720277190208435,2.2994368076324463,4.019713997840881,0.01576358452439308,109,0.40686190128326416,0.7577037811279297,2.434553861618042,5.983735154211611,9.879799472898515,44,3,
resnet50_no_weights,CIFAR10,QAT,layer3.1.conv1,-1.999996304512024,2.8120219707489014,4.812018275260925,0.018870661035180092,106,0.36393868923187256,0.6148438453674316,2.3511102199554443,6.460182139243529,13.22205749934735,44,3,
resnet50_no_weights,CIFAR10,QAT,layer3.1.conv2,-2.7474937438964844,3.1713602542877197,5.918853998184204,0.023211190477013588,118,0.3570675253868103,0.6148186922073364,1.9157718420028687,5.365292853018538,16.576287613308786,44,3,
resnet50_no_weights,CIFAR10,QAT,layer3.1.conv3,-2.115705728530884,2.228231191635132,4.343936920166016,0.017035046592354774,124,0.09502081573009491,0.16873446106910706,0.4718399941921234,4.965648743033077,45.71563490367098,44,3,
resnet50_no_weights,CIFAR10,QAT,layer3.2.conv1,-1.844251036643982,2.8768584728240967,4.721109509468079,0.018514154478907585,100,0.40307170152664185,0.6332333087921143,1.7029916048049927,4.2250339042777725,11.712827994589512,44,3,
resnet50_no_weights,CIFAR10,QAT,layer3.2.conv2,-2.0661139488220215,3.2259159088134766,5.292029857635498,0.020753057673573494,100,0.37456294894218445,0.6747668981552124,1.565280556678772,4.178951925435584,14.128546009638416,44,3,
resnet50_no_weights,CIFAR10,QAT,layer3.2.conv3,-1.8272665739059448,1.4527713060379028,3.2800378799438477,0.012862893752753735,142,0.08495782315731049,0.14178553223609924,0.6545320749282837,7.704200161959567,38.607838078318345,44,3,
resnet50_no_weights,CIFAR10,QAT,layer3.3.conv1,-1.9273712635040283,2.043011426925659,3.9703826904296875,0.015570128336548805,124,0.40780776739120483,0.6810834407806396,1.4282407760620117,3.5022402471601732,9.735917282372284,44,3,
resnet50_no_weights,CIFAR10,QAT,layer3.3.conv2,-1.8877545595169067,2.49892258644104,4.386677145957947,0.017202656716108322,110,0.39309045672416687,0.680659294128418,1.4754019975662231,3.7533396507804784,11.159459790793383,44,3,
resnet50_no_weights,CIFAR10,QAT,layer3.3.conv3,-0.5843324661254883,0.5853928923606873,1.1697253584861755,0.004587158560752869,127,0.09273307025432587,0.15731023252010345,0.42657220363616943,4.6000008677192525,12.613896588111828,44,3,
resnet50_no_weights,CIFAR10,QAT,layer3.4.conv1,-1.5856329202651978,2.6439449787139893,4.229577898979187,0.016586581245064735,96,0.3505842089653015,0.608688235282898,1.4757153987884521,4.209303673841478,12.064370815394604,44,3,
resnet50_no_weights,CIFAR10,QAT,layer3.4.conv2,-1.7700059413909912,2.448676109313965,4.218682050704956,0.016543852165341377,107,0.3121892809867859,0.5640612244606018,2.0187394618988037,6.4663958208874295,13.513218767057928,44,3,
resnet50_no_weights,CIFAR10,QAT,layer3.4.conv3,-0.8349663019180298,0.6648382544517517,1.4998045563697815,0.0058815861120820045,142,0.059583716094493866,0.10663029551506042,0.36028119921684265,6.0466386259875495,25.171383301961903,44,3,
resnet50_no_weights,CIFAR10,QAT,layer3.5.conv1,-1.51405668258667,2.5513229370117188,4.065379619598389,0.015942664816975594,95,0.2708134353160858,0.47969090938568115,1.4722665548324585,5.43646054012819,15.011735347817556,44,3,
resnet50_no_weights,CIFAR10,QAT,layer3.5.conv2,-1.653141975402832,2.570319414138794,4.223461389541626,0.01656259223818779,100,0.2670820355415344,0.5323930382728577,1.634260654449463,6.1189463796613754,15.813348812390744,44,3,
resnet50_no_weights,CIFAR10,QAT,layer3.5.conv3,-1.120927095413208,0.9295727014541626,2.0504997968673706,0.00804117601364851,139,0.05363432317972183,0.10028132051229477,0.4010605812072754,7.477685135754806,38.23111163342931,44,3,
resnet50_no_weights,CIFAR10,QAT,layer4.0.conv1,-1.2829550504684448,1.5845845937728882,2.867539644241333,0.01124525349587202,114,0.23614124953746796,0.4251496493816376,1.3421623706817627,5.6837268935887675,12.1433237516021,44,3,
resnet50_no_weights,CIFAR10,QAT,layer4.0.conv2,-1.2821831703186035,1.950716495513916,3.2328996658325195,0.012678038328886032,101,0.2848972678184509,0.5410295724868774,1.6398708820343018,5.756007751816348,11.347597997649684,44,3,
resnet50_no_weights,CIFAR10,QAT,layer4.0.conv3,-1.815300464630127,1.3027831315994263,3.1180835962295532,0.012227778322994709,148,0.06903588026762009,0.1439155489206314,1.0066163539886475,14.581060603362523,45.1661307734788,44,3,
resnet50_no_weights,CIFAR10,QAT,layer4.0.downsample.0,-1.758402943611145,2.2505030632019043,4.008906006813049,0.01572120003402233,112,0.30408230423927307,0.5866817831993103,1.91152024269104,6.286193626008974,13.183621509453452,44,3,
resnet50_no_weights,CIFAR10,QAT,layer4.1.conv1,-1.3289408683776855,1.9936798810958862,3.3226207494735718,0.013029885478317738,102,0.42182257771492004,0.7030801773071289,1.5765912532806396,3.737569624227525,7.876820552073662,44,3,
resnet50_no_weights,CIFAR10,QAT,layer4.1.conv2,-2.001727819442749,2.3065643310546875,4.3082921504974365,0.016895264387130737,118,0.3389844298362732,0.6241623759269714,2.1071619987487793,6.216102609097774,12.709410141870846,44,3,
resnet50_no_weights,CIFAR10,QAT,layer4.1.conv3,-0.8158712983131409,1.5242596864700317,2.3401309847831726,0.009176984429359436,89,0.04949784278869629,0.16161870956420898,1.3751821517944336,27.78266838142855,47.277433781772466,44,3,
resnet50_no_weights,CIFAR10,QAT,layer4.2.conv1,-0.8958607316017151,1.587486982345581,2.483347713947296,0.0097386185079813,92,0.29978522658348083,0.5588810443878174,1.2904157638549805,4.3044674968185594,8.283756148523088,44,3,
resnet50_no_weights,CIFAR10,QAT,layer4.2.conv2,-1.5836822986602783,2.217686891555786,3.8013691902160645,0.01490733027458191,106,0.29031315445899963,0.6078343987464905,1.686867594718933,5.810510370645868,13.09403012515895,44,3,
resnet50_no_weights,CIFAR10,QAT,layer4.2.conv3,-0.7510893940925598,1.3220834732055664,2.073172867298126,0.00813008937984705,92,0.05788236856460571,0.20659899711608887,1.291580319404602,22.313881609094793,35.817001251152035,44,3,
resnet50_no_weights,CIFAR10,QAT,fc,-6.305445194244385,15.341800689697266,21.64724588394165,0.08489115536212921,74,10.742953300476074,12.942524909973145,13.029319763183594,1.2128247604507598,2.0150181498957416,44,3,
resnet50_no_weights,CIFAR10,QAT,conv1,-3.4828927516937256,4.269215901692708,7.752108653386434,0.03040042519569397,114.66666666666667,1.2467936674753826,1.7195216019948323,3.516412337621053,2.8188752014116134,6.220410215265902,aggregate,3,0.36875217648748115
resnet50_no_weights,CIFAR10,QAT,fc,-6.3118289311726885,15.363821029663086,21.675649960835774,0.08500254899263382,74,10.83294645945231,13.59374745686849,13.815838177998861,1.2745591492473936,2.0013216628339023,aggregate,3,0.07174137241327051
resnet50_no_weights,CIFAR10,QAT,layer1.0.conv1,-1.9186052083969116,2.125039577484131,4.0436447858810425,0.015857430795828503,121,0.573109487692515,0.7520225246747335,1.8321572144826253,3.1958664039257414,7.0561560430319465,aggregate,3,0.1739124916677672
resnet50_no_weights,CIFAR10,QAT,layer1.0.conv2,-2.33505916595459,2.105146884918213,4.440206050872803,0.017412573099136353,134,0.3781403998533885,0.598789115746816,2.0751853386561074,5.470943443010341,11.753093128706197,aggregate,3,1.2090423033086597
resnet50_no_weights,CIFAR10,QAT,layer1.0.conv3,-1.88653560479482,3.3824856281280518,5.269021232922872,0.020662829279899597,91,0.26851656039555866,0.5503980914751688,1.8823392391204834,7.012102333725235,19.628317866631598,aggregate,3,0.15103354859356385
resnet50_no_weights,CIFAR10,QAT,layer1.0.downsample.0,-2.873332977294922,5.224957784016927,8.09829076131185,0.03175800293684006,90.33333333333333,0.5739160974820455,1.0669396718343098,4.638381322224935,8.074056824577088,14.11159104255766,aggregate,3,1.542813446002595
resnet50_no_weights,CIFAR10,QAT,layer1.1.conv1,-2.269472360610962,3.7672366301218667,6.036708990732829,0.023673368617892265,96,0.4981001516183217,0.8195569515228271,2.6934136549631753,5.4076933767875826,12.12034273961033,aggregate,3,0.09615094152635857
resnet50_no_weights,CIFAR10,QAT,layer1.1.conv2,-1.7086284557978313,2.859565258026123,4.568193713823955,0.017914485186338425,95,0.30197378993034363,0.5503419935703278,1.249610463778178,4.140523589025231,15.14148458269928,aggregate,3,0.18822455644483443
resnet50_no_weights,CIFAR10,QAT,layer1.1.conv3,-2.019125461578369,1.2820440530776978,3.301169514656067,0.012945763145883879,156,0.1655972401301066,0.22886102398236594,0.588150680065155,3.552429712183258,19.939943805829213,aggregate,3,0.13319919420420115
resnet50_no_weights,CIFAR10,QAT,layer1.2.conv1,-2.1751009623209634,1.608515779177348,3.7836167414983115,0.014837712670365969,146.66666666666666,0.44930875301361084,0.6791213154792786,1.175151268641154,2.614041123505314,8.422273075254225,aggregate,3,0.12745296678933024
resnet50_no_weights,CIFAR10,QAT,layer1.2.conv2,-1.0674243370691936,2.589550177256266,3.65697451432546,0.014341076525549093,74.33333333333333,0.4228772024313609,0.7203788956006368,1.2908045848210652,3.0518324719002954,8.648689617802816,aggregate,3,0.12633988219836972
resnet50_no_weights,CIFAR10,QAT,layer1.2.conv3,-2.805356820424398,2.264341433842977,5.069698254267375,0.01988116962214311,141,0.09850349773963292,0.1514465113480886,0.48619620005289715,4.920332907460954,51.48337100568399,aggregate,3,1.304154234398284
resnet50_no_weights,CIFAR10,QAT,layer2.0.conv1,-1.7003784974416096,1.9558097918828328,3.6561882893244424,0.014337993537386259,119,0.3883841931819916,0.7279079755147299,1.8808199564615886,4.84095172454057,9.414568746733384,aggregate,3,0.6545592665232131
resnet50_no_weights,CIFAR10,QAT,layer2.0.conv2,-3.3631385962168374,3.0424650510152182,6.405603647232056,0.025120014945665996,134,0.4638496935367584,0.9552125930786133,2.56883438428243,5.5443411616376865,13.81480986513723,aggregate,3,0.4313668770031
resnet50_no_weights,CIFAR10,QAT,layer2.0.conv3,-4.900135517120361,1.426005442937215,6.326140960057576,0.02480839565396309,197.66666666666666,0.1455511897802353,0.32500554124514264,1.1125958760579426,7.646258362990729,43.471955285852715,aggregate,3,0.25592161450401346
resnet50_no_weights,CIFAR10,QAT,layer2.0.downsample.0,-2.03946320215861,2.2491207122802734,4.288583914438884,0.01681797703107198,121,0.3799855311711629,0.7969557245572408,2.0900425910949707,5.494515550717493,11.289002659942064,aggregate,3,0.8114960213672356
resnet50_no_weights,CIFAR10,QAT,layer2.1.conv1,-0.9833554228146871,1.955406904220581,2.9387623270352683,0.011524558067321777,85,0.32936551173528034,0.5692566633224487,1.4013677040735881,4.2543820942437005,8.924463163282292,aggregate,3,0.19569112009499692
resnet50_no_weights,CIFAR10,QAT,layer2.1.conv2,-1.7475086847941081,2.43361496925354,4.181123654047648,0.01639656350016594,106.66666666666667,0.29663660128911334,0.5638162692387899,1.3869641621907551,4.677609359634069,14.096643106450507,aggregate,3,0.34294357355762134
resnet50_no_weights,CIFAR10,QAT,layer2.1.conv3,-1.1448005835215251,3.3794913291931152,4.524291912714641,0.017742320895195007,64.66666666666667,0.09727050364017487,0.15831018487612405,0.5234061678250631,5.378618103932191,46.51284918624213,aggregate,3,0.4046462032013674
resnet50_no_weights,CIFAR10,QAT,layer2.2.conv1,-1.5260140895843506,2.511192798614502,4.0372068881988525,0.01583218388259411,96,0.2916625738143921,0.48555447657903034,1.1511988639831543,3.946968408752295,13.842719317916567,aggregate,3,0.4414949108833632
resnet50_no_weights,CIFAR10,QAT,layer2.2.conv2,-1.7336292664210002,3.678575118382772,5.412204384803772,0.021224331110715866,81.66666666666667,0.2519853512446086,0.4851784308751424,1.3679286638895671,5.430717497402971,21.479041597962123,aggregate,3,0.374687003960271
resnet50_no_weights,CIFAR10,QAT,layer2.2.conv3,-2.051001787185669,2.5676230589548745,4.618624846140544,0.01811225401858489,113,0.054885171353816986,0.09764005492130916,0.34131455421447754,6.218691707663105,84.15233397779998,aggregate,3,0.07746745577305397
resnet50_no_weights,CIFAR10,QAT,layer2.3.conv1,-2.2695249716440835,2.275110880533854,4.5446358521779375,0.01782210109134515,127,0.21677748362223306,0.3606765667597453,0.853606124718984,3.937522971132904,20.96579684833147,aggregate,3,0.13508847748300887
resnet50_no_weights,CIFAR10,QAT,layer2.3.conv2,-1.7891725301742554,3.4727420012156167,5.2619145313898725,0.020634958520531654,87,0.15867228309313455,0.25929732124010724,0.7670345703760783,4.837970453789018,33.16443954520243,aggregate,3,0.5999062574426337
resnet50_no_weights,CIFAR10,QAT,layer2.3.conv3,-5.083812554677327,2.182565212249756,7.266377766927083,0.028495599205295246,178,0.025255349775155384,0.04153549174467722,0.13731148342291513,5.42665956871099,287.7761011473061,aggregate,3,1.263882346683607
resnet50_no_weights,CIFAR10,QAT,layer3.0.conv1,-2.0972980658213296,2.9645423889160156,5.061840454737346,0.01985035464167595,106,0.40139563878377277,0.7279684940973917,2.8447320461273193,7.084940847325106,12.613690186602195,aggregate,3,0.6112434870329694
resnet50_no_weights,CIFAR10,QAT,layer3.0.conv2,-2.651064475377401,3.521048386891683,6.172112862269084,0.02420436528821786,109.66666666666667,0.5359631180763245,1.1123674710591633,3.3630530834198,6.27931120839045,11.522041304520334,aggregate,3,0.6200512564194992
resnet50_no_weights,CIFAR10,QAT,layer3.0.conv3,-3.0587445894877114,3.3904453118642173,6.449189901351929,0.025290940577785175,121,0.20053634544213614,0.4496547083059947,2.2606104612350464,11.28334100127221,32.17456176500961,aggregate,3,1.6908446416707525
resnet50_no_weights,CIFAR10,QAT,layer3.0.downsample.0,-1.7235721349716187,2.3001274267832437,4.023699561754863,0.015779214600721996,109,0.40555620193481445,0.7480241457621256,2.13497261206309,5.26141321655818,9.921782931016455,aggregate,3,0.7249312867539052
resnet50_no_weights,CIFAR10,QAT,layer3.1.conv1,-2.013066569964091,2.819735288619995,4.832801858584086,0.018952164178093273,106,0.3680141766866048,0.6057679653167725,1.9390682379404705,5.2707960837492,13.133214949635708,aggregate,3,1.259711963469784
resnet50_no_weights,CIFAR10,QAT,layer3.1.conv2,-2.754082441329956,3.183551788330078,5.937634229660034,0.02328483946621418,118,0.35621307293574017,0.6020865639050802,1.9474860032399495,5.467525537559986,16.6688769766783,aggregate,3,0.3295406230544658
resnet50_no_weights,CIFAR10,QAT,layer3.1.conv3,-2.1317731539408364,2.246122678120931,4.377895832061768,0.017168219511707623,124,0.09438018500804901,0.1672334522008896,0.45995356639226276,4.873676840680968,46.39029806988115,aggregate,3,0.15106702841271355
resnet50_no_weights,CIFAR10,QAT,layer3.2.conv1,-1.842136263847351,2.888941526412964,4.731077790260315,0.018553246433536213,99.33333333333333,0.39926568667093915,0.6248316963513693,1.55288565158844,3.888611381155631,11.850130678461248,aggregate,3,0.5266553827186241
resnet50_no_weights,CIFAR10,QAT,layer3.2.conv2,-2.0671172936757407,3.242600599924723,5.309717893600464,0.020822423199812572,99.33333333333333,0.36827877163887024,0.6627901196479797,1.5389414230982463,4.17914232388446,14.420167985678159,aggregate,3,0.23758535617976978
resnet50_no_weights,CIFAR10,QAT,layer3.2.conv3,-1.8420383135477703,1.4611916542053223,3.3032299677530923,0.012953842990100384,142,0.08358475317557652,0.13962463537851968,0.6337379217147827,7.582461983792337,39.52753590217004,aggregate,3,0.833569859952992
resnet50_no_weights,CIFAR10,QAT,layer3.3.conv1,-1.9316526651382446,2.0482014815012612,3.979854146639506,0.015607271033028761,124,0.4008035858472188,0.6727988322575887,1.5908860365549724,3.9732731232920715,9.931404526928484,aggregate,3,0.4383876065317719
resnet50_no_weights,CIFAR10,QAT,layer3.3.conv2,-1.8879843950271606,2.5086821715037027,4.396666566530864,0.0172418300062418,109.33333333333333,0.3892606298128764,0.6814835468928019,1.6314756472905476,4.193436483542572,11.295594772103867,aggregate,3,0.40481319717587344
resnet50_no_weights,CIFAR10,QAT,layer3.3.conv3,-0.5864407618840536,0.5865291754404703,1.172969937324524,0.004599882289767265,127.33333333333333,0.0921802098552386,0.16025461753209433,0.5279285510381063,5.730295880815818,12.725149392228374,aggregate,3,0.9843240660710073
resnet50_no_weights,CIFAR10,QAT,layer3.4.conv1,-1.5883374611536663,2.6555874347686768,4.243924895922343,0.016642843683560688,95.33333333333333,0.34558503826459247,0.5970770915349325,1.5664502779642742,4.535535852742629,12.282077235763216,aggregate,3,0.3696438696568394
resnet50_no_weights,CIFAR10,QAT,layer3.4.conv2,-1.7700659831364949,2.453113396962484,4.223179380098979,0.016561488310496014,107,0.3086233238379161,0.5602646470069885,1.9937118689219158,6.459987771471648,13.68491922063591,aggregate,3,0.04704349132267637
resnet50_no_weights,CIFAR10,QAT,layer3.4.conv3,-0.8406072854995728,0.6680078109105428,1.5086150964101155,0.005916137403498094,142,0.05884894107778867,0.10454343756039937,0.3532272477944692,6.001809410981443,25.63825835139148,aggregate,3,0.2362065354445145
resnet50_no_weights,CIFAR10,QAT,layer3.5.conv1,-1.5181773106257122,2.5634361108144126,4.0816134214401245,0.016006326923767727,95,0.2661388913790385,0.46651749809583026,1.256248950958252,4.714719768051732,15.34029968410913,aggregate,3,0.6394513175325294
resnet50_no_weights,CIFAR10,QAT,layer3.5.conv2,-1.6561246713002522,2.577704668045044,4.233829339345296,0.016603251298268635,100,0.2615487376848857,0.514889140923818,1.7437560558319092,6.642898220248699,16.200598234069215,aggregate,3,1.6447133001827035
resnet50_no_weights,CIFAR10,QAT,layer3.5.conv3,-1.1292701562245686,0.9349264105161031,2.0641965667406716,0.008094888490935167,139.33333333333334,0.052552426854769387,0.0952858105301857,0.38099215428034466,7.241015917219653,39.39698661929684,aggregate,3,0.2567532787923169
resnet50_no_weights,CIFAR10,QAT,layer4.0.conv1,-1.287563721338908,1.586624264717102,2.87418798605601,0.011271325250466665,114,0.23197757204373678,0.4152936538060506,1.3656168381373088,5.889322420336428,12.392199346028319,aggregate,3,0.4380638500488848
resnet50_no_weights,CIFAR10,QAT,layer4.0.conv2,-1.2836337089538574,1.954054554303487,3.2376882632573447,0.012696816896398863,101,0.2778727114200592,0.5163714090983073,1.58980659643809,5.72077006594283,11.655771785055126,aggregate,3,0.054391175888959815
resnet50_no_weights,CIFAR10,QAT,layer4.0.conv3,-1.827912171681722,1.3055580059687297,3.1334701776504517,0.01228811809172233,148.66666666666666,0.06710282216469447,0.1393765260775884,1.1053770383199055,16.510031691086727,46.72295202844623,aggregate,3,2.1793108026444186
resnet50_no_weights,CIFAR10,QAT,layer4.0.downsample.0,-1.7633739312489827,2.2539614041646323,4.017335335413615,0.015754256397485733,112,0.30128292242685956,0.5827375849088033,1.8788403669993083,6.235412519400967,13.335431454777618,aggregate,3,0.101420032790406
resnet50_no_weights,CIFAR10,QAT,layer4.1.conv1,-1.3298015197118123,1.9973937273025513,3.3271952470143638,0.013047824613749981,102,0.41882813970247906,0.6946898500124613,1.7975587050120037,4.2963886406669465,7.944677260605199,aggregate,3,0.6718857577546865
resnet50_no_weights,CIFAR10,QAT,layer4.1.conv2,-2.0038482348124185,2.3088595072428384,4.312707742055257,0.01691257953643799,118,0.3370244900385539,0.6177220940589905,2.0066646337509155,5.9521250704959785,12.798490917419347,aggregate,3,0.25964515215218714
resnet50_no_weights,CIFAR10,QAT,layer4.1.conv3,-0.8160080115000407,1.5263741413752239,2.3423821528752646,0.009185812436044216,89,0.04928396145502726,0.1644959350426992,1.26927653948466,25.755336449505165,47.53334679136577,aggregate,3,1.8903066392057202
resnet50_no_weights,CIFAR10,QAT,layer4.2.conv1,-0.8963377674420675,1.58961017926534,2.4859479467074075,0.009748815248409906,92,0.2947507898012797,0.5586756269137064,1.5049534638722737,5.114443811697197,8.435924802140931,aggregate,3,0.7460795694680247
resnet50_no_weights,CIFAR10,QAT,layer4.2.conv2,-1.586269497871399,2.2232662041982016,3.8095357020696006,0.014939355663955212,106,0.28902970751126605,0.6015206376711527,1.7610712846120198,6.110914134748776,13.19031887370626,aggregate,3,0.8364999228079327
resnet50_no_weights,CIFAR10,QAT,layer4.2.conv3,-0.7520163059234619,1.3233272631963093,2.0753435691197715,0.008138601978619894,92,0.06172606348991394,0.21204290787378946,1.1834534804026287,19.266565886332565,33.68811491631017,aggregate,3,3.193830180175647
