model,dataset,variant,canonical_layer,weight_shape,trace_raw,trace_per_param,probe_seed,seed,n_seeds,metric_std
resnet50_no_weights,CIFAR10,fp32_unfused,conv1,"(64, 3, 3, 3)",16.31987486566816,0.00944437202874315,42,42,3,
resnet50_no_weights,CIFAR10,fp32_unfused,conv1,"(64, 3, 3, 3)",14.004885475590545,0.008104679094670454,43,43,3,
resnet50_no_weights,CIFAR10,fp32_unfused,conv1,"(64, 3, 3, 3)",14.387773297049783,0.008326257695051957,44,44,3,
resnet50_no_weights,CIFAR10,fp32_unfused,conv1,"(64, 3, 3, 3)",14.904177879436164,0.00862510293948852,"42,43,44",aggregate,3,1.2408864728794584
resnet50_no_weights,CIFAR10,fp32_unfused,layer1.0.conv1,"(64, 64, 1, 1)",1.0601853759124362,0.0002588343202911221,42,42,3,
resnet50_no_weights,CIFAR10,fp32_unfused,layer1.0.conv1,"(64, 64, 1, 1)",1.030744868516922,0.00025164669641526417,43,43,3,
resnet50_no_weights,CIFAR10,fp32_unfused,layer1.0.conv1,"(64, 64, 1, 1)",1.1624078757383607,0.0002837909852876857,44,44,3,
resnet50_no_weights,CIFAR10,fp32_unfused,layer1.0.conv1,"(64, 64, 1, 1)",1.0844460400559064,0.000264757333998024,"42,43,44",aggregate,3,0.06910297921334392
resnet50_no_weights,CIFAR10,fp32_unfused,layer1.0.conv2,"(64, 64, 3, 3)",1.2578046994331555,3.412013616083864e-05,42,42,3,
resnet50_no_weights,CIFAR10,fp32_unfused,layer1.0.conv2,"(64, 64, 3, 3)",1.1538321801594325,3.129970106769294e-05,43,43,3,
resnet50_no_weights,CIFAR10,fp32_unfused,layer1.0.conv2,"(64, 64, 3, 3)",1.2772355027820752,3.464723043571167e-05,44,44,3,
resnet50_no_weights,CIFAR10,fp32_unfused,layer1.0.conv2,"(64, 64, 3, 3)",1.2296241274582211,3.335568922141442e-05,"42,43,44",aggregate,3,0.066352870971819
resnet50_no_weights,CIFAR10,fp32_unfused,layer1.0.conv3,"(256, 64, 1, 1)",0.9016823465173894,5.503432290755551e-05,42,42,3,
resnet50_no_weights,CIFAR10,fp32_unfused,layer1.0.conv3,"(256, 64, 1, 1)",0.9318593199315824,5.6876179195042874e-05,43,43,3,
resnet50_no_weights,CIFAR10,fp32_unfused,layer1.0.conv3,"(256, 64, 1, 1)",0.8958405137062073,5.467776572913863e-05,44,44,3,
resnet50_no_weights,CIFAR10,fp32_unfused,layer1.0.conv3,"(256, 64, 1, 1)",0.9097940600517264,5.5529422610579e-05,"42,43,44",aggregate,3,0.019331024877709914
resnet50_no_weights,CIFAR10,fp32_unfused,layer1.0.downsample.0,"(256, 64, 1, 1)",12.209556372960408,0.0007452121809668218,42,42,3,
resnet50_no_weights,CIFAR10,fp32_unfused,layer1.0.downsample.0,"(256, 64, 1, 1)",11.971403560122928,0.0007306764868239092,43,43,3,
resnet50_no_weights,CIFAR10,fp32_unfused,layer1.0.downsample.0,"(256, 64, 1, 1)",11.368551254272461,0.0006938813021406531,44,44,3,
resnet50_no_weights,CIFAR10,fp32_unfused,layer1.0.downsample.0,"(256, 64, 1, 1)",11.849837062451932,0.0007232566566437947,"42,43,44",aggregate,3,0.43348150183349954
resnet50_no_weights,CIFAR10,fp32_unfused,layer1.1.conv1,"(64, 256, 1, 1)",1.0701999153409685,6.531981905157278e-05,42,42,3,
resnet50_no_weights,CIFAR10,fp32_unfused,layer1.1.conv1,"(64, 256, 1, 1)",0.7532343707374625,4.597377751083145e-05,43,43,3,
resnet50_no_weights,CIFAR10,fp32_unfused,layer1.1.conv1,"(64, 256, 1, 1)",1.01344793726658,6.18559532023059e-05,44,44,3,
resnet50_no_weights,CIFAR10,fp32_unfused,layer1.1.conv1,"(64, 256, 1, 1)",0.9456274077816703,5.7716516588236714e-05,"42,43,44",aggregate,3,0.169016292945856
resnet50_no_weights,CIFAR10,fp32_unfused,layer1.1.conv2,"(64, 64, 3, 3)",1.0868429938952129,2.9482503089605385e-05,42,42,3,
resnet50_no_weights,CIFAR10,fp32_unfused,layer1.1.conv2,"(64, 64, 3, 3)",0.9370763758818309,2.541982356450279e-05,43,43,3,
resnet50_no_weights,CIFAR10,fp32_unfused,layer1.1.conv2,"(64, 64, 3, 3)",0.9865060034005538,2.6760688026273705e-05,44,44,3,
resnet50_no_weights,CIFAR10,fp32_unfused,layer1.1.conv2,"(64, 64, 3, 3)",1.0034751243925326,2.722100489346063e-05,"42,43,44",aggregate,3,0.07631168500447279
resnet50_no_weights,CIFAR10,fp32_unfused,layer1.1.conv3,"(256, 64, 1, 1)",1.2753376473510076,7.784043257757615e-05,42,42,3,
resnet50_no_weights,CIFAR10,fp32_unfused,layer1.1.conv3,"(256, 64, 1, 1)",1.3256979801438071,8.091418335838667e-05,43,43,3,
resnet50_no_weights,CIFAR10,fp32_unfused,layer1.1.conv3,"(256, 64, 1, 1)",1.4163656598991818,8.644809935908092e-05,44,44,3,
resnet50_no_weights,CIFAR10,fp32_unfused,layer1.1.conv3,"(256, 64, 1, 1)",1.3391337624646655,8.173423843168125e-05,"42,43,44",aggregate,3,0.07146758192182043
resnet50_no_weights,CIFAR10,fp32_unfused,layer1.2.conv1,"(64, 256, 1, 1)",2.563483772107533,0.00015646263257492268,42,42,3,
resnet50_no_weights,CIFAR10,fp32_unfused,layer1.2.conv1,"(64, 256, 1, 1)",1.98738694190979,0.00012130047252867371,43,43,3,
resnet50_no_weights,CIFAR10,fp32_unfused,layer1.2.conv1,"(64, 256, 1, 1)",2.3591889086223783,0.00014399346366103383,44,44,3,
resnet50_no_weights,CIFAR10,fp32_unfused,layer1.2.conv1,"(64, 256, 1, 1)",2.303353207546567,0.0001405855229215434,"42,43,44",aggregate,3,0.29207894237165116
resnet50_no_weights,CIFAR10,fp32_unfused,layer1.2.conv2,"(64, 64, 3, 3)",3.5342114051183064,9.587162014752351e-05,42,42,3,
resnet50_no_weights,CIFAR10,fp32_unfused,layer1.2.conv2,"(64, 64, 3, 3)",4.562780013928811,0.00012377332937089873,43,43,3,
resnet50_no_weights,CIFAR10,fp32_unfused,layer1.2.conv2,"(64, 64, 3, 3)",4.499861536026001,0.00012206655642431642,44,44,3,
resnet50_no_weights,CIFAR10,fp32_unfused,layer1.2.conv2,"(64, 64, 3, 3)",4.198950985024373,0.00011390383531424624,"42,43,44",aggregate,3,0.57654029827556
resnet50_no_weights,CIFAR10,fp32_unfused,layer1.2.conv3,"(256, 64, 1, 1)",2.0333683852638518,0.0001241069571083894,42,42,3,
resnet50_no_weights,CIFAR10,fp32_unfused,layer1.2.conv3,"(256, 64, 1, 1)",1.8114423333552845,0.00011056166585420438,43,43,3,
resnet50_no_weights,CIFAR10,fp32_unfused,layer1.2.conv3,"(256, 64, 1, 1)",1.9054363012313842,0.0001162986023700796,44,44,3,
resnet50_no_weights,CIFAR10,fp32_unfused,layer1.2.conv3,"(256, 64, 1, 1)",1.9167490066168402,0.00011698907511089113,"42,43,44",aggregate,3,0.11139468616718043
resnet50_no_weights,CIFAR10,fp32_unfused,layer2.0.conv1,"(128, 256, 1, 1)",4.7961433773691,0.00014636668021756287,42,42,3,
resnet50_no_weights,CIFAR10,fp32_unfused,layer2.0.conv1,"(128, 256, 1, 1)",6.4080653712153435,0.00019555863559617137,43,43,3,
resnet50_no_weights,CIFAR10,fp32_unfused,layer2.0.conv1,"(128, 256, 1, 1)",5.675283511479695,0.00017319590794310594,44,44,3,
resnet50_no_weights,CIFAR10,fp32_unfused,layer2.0.conv1,"(128, 256, 1, 1)",5.62649742002138,0.0001717070745856134,"42,43,44",aggregate,3,0.8070676493337757
resnet50_no_weights,CIFAR10,fp32_unfused,layer2.0.conv2,"(128, 128, 3, 3)",41.28156411414053,0.0002799585239945511,42,42,3,
resnet50_no_weights,CIFAR10,fp32_unfused,layer2.0.conv2,"(128, 128, 3, 3)",35.19292202862826,0.000238667277212377,43,43,3,
resnet50_no_weights,CIFAR10,fp32_unfused,layer2.0.conv2,"(128, 128, 3, 3)",46.456037402153015,0.00031505016684402816,44,44,3,
resnet50_no_weights,CIFAR10,fp32_unfused,layer2.0.conv2,"(128, 128, 3, 3)",40.9768411816406,0.00027789198935031874,"42,43,44",aggregate,3,5.637737491984345
resnet50_no_weights,CIFAR10,fp32_unfused,layer2.0.conv3,"(512, 128, 1, 1)",25.388745554031864,0.0003874015129704569,42,42,3,
resnet50_no_weights,CIFAR10,fp32_unfused,layer2.0.conv3,"(512, 128, 1, 1)",29.631222477665656,0.00045213657345070886,43,43,3,
resnet50_no_weights,CIFAR10,fp32_unfused,layer2.0.conv3,"(512, 128, 1, 1)",27.665527566274008,0.0004221424494365541,44,44,3,
resnet50_no_weights,CIFAR10,fp32_unfused,layer2.0.conv3,"(512, 128, 1, 1)",27.56183186599051,0.00042056017861923995,"42,43,44",aggregate,3,2.1231385283547266
resnet50_no_weights,CIFAR10,fp32_unfused,layer2.0.downsample.0,"(512, 256, 1, 1)",18.403613514370388,0.00014040842830177603,42,42,3,
resnet50_no_weights,CIFAR10,fp32_unfused,layer2.0.downsample.0,"(512, 256, 1, 1)",20.767497062683105,0.00015844342851778492,43,43,3,
resnet50_no_weights,CIFAR10,fp32_unfused,layer2.0.downsample.0,"(512, 256, 1, 1)",18.61174899207221,0.00014199637597711343,44,44,3,
resnet50_no_weights,CIFAR10,fp32_unfused,layer2.0.downsample.0,"(512, 256, 1, 1)",19.26095318970857,0.0001469494109322248,"42,43,44",aggregate,3,1.3088490841832683
resnet50_no_weights,CIFAR10,fp32_unfused,layer2.1.conv1,"(128, 512, 1, 1)",4.19373787244161,6.399136157900406e-05,42,42,3,
resnet50_no_weights,CIFAR10,fp32_unfused,layer2.1.conv1,"(128, 512, 1, 1)",3.7600049539045854,5.7373122465585105e-05,43,43,3,
resnet50_no_weights,CIFAR10,fp32_unfused,layer2.1.conv1,"(128, 512, 1, 1)",4.530955917907484,6.913690060283636e-05,44,44,3,
resnet50_no_weights,CIFAR10,fp32_unfused,layer2.1.conv1,"(128, 512, 1, 1)",4.16156624808456,6.350046154914184e-05,"42,43,44",aggregate,3,0.38648105682501177
resnet50_no_weights,CIFAR10,fp32_unfused,layer2.1.conv2,"(128, 128, 3, 3)",7.205611437559128,4.886617999646761e-05,42,42,3,
resnet50_no_weights,CIFAR10,fp32_unfused,layer2.1.conv2,"(128, 128, 3, 3)",7.158338200478327,4.854558783961539e-05,43,43,3,
resnet50_no_weights,CIFAR10,fp32_unfused,layer2.1.conv2,"(128, 128, 3, 3)",7.479104392230511,5.072092279887228e-05,44,44,3,
resnet50_no_weights,CIFAR10,fp32_unfused,layer2.1.conv2,"(128, 128, 3, 3)",7.281018010089322,4.937756354498509e-05,"42,43,44",aggregate,3,0.1731685618937896
resnet50_no_weights,CIFAR10,fp32_unfused,layer2.1.conv3,"(512, 128, 1, 1)",6.847120642662048,0.00010447876957186963,42,42,3,
resnet50_no_weights,CIFAR10,fp32_unfused,layer2.1.conv3,"(512, 128, 1, 1)",7.979807721243964,0.00012176220277777045,43,43,3,
resnet50_no_weights,CIFAR10,fp32_unfused,layer2.1.conv3,"(512, 128, 1, 1)",6.740046727029901,0.00010284495127914277,44,44,3,
resnet50_no_weights,CIFAR10,fp32_unfused,layer2.1.conv3,"(512, 128, 1, 1)",7.188991696978638,0.00010969530787626096,"42,43,44",aggregate,3,0.6869561077887824
resnet50_no_weights,CIFAR10,fp32_unfused,layer2.2.conv1,"(128, 512, 1, 1)",8.122221840752495,0.00012393526978687279,42,42,3,
resnet50_no_weights,CIFAR10,fp32_unfused,layer2.2.conv1,"(128, 512, 1, 1)",9.59869254430135,0.00014646442480928574,43,43,3,
resnet50_no_weights,CIFAR10,fp32_unfused,layer2.2.conv1,"(128, 512, 1, 1)",7.804847104982897,0.00011909251563999781,44,44,3,
resnet50_no_weights,CIFAR10,fp32_unfused,layer2.2.conv1,"(128, 512, 1, 1)",8.508587163345581,0.00012983073674538545,"42,43,44",aggregate,3,0.9573029755086675
resnet50_no_weights,CIFAR10,fp32_unfused,layer2.2.conv2,"(128, 128, 3, 3)",17.206065389845108,0.0001166860988352126,42,42,3,
resnet50_no_weights,CIFAR10,fp32_unfused,layer2.2.conv2,"(128, 128, 3, 3)",11.048022747039795,7.492419940212535e-05,43,43,3,
resnet50_no_weights,CIFAR10,fp32_unfused,layer2.2.conv2,"(128, 128, 3, 3)",9.68046525808481,6.564985662221145e-05,44,44,3,
resnet50_no_weights,CIFAR10,fp32_unfused,layer2.2.conv2,"(128, 128, 3, 3)",12.644851131656571,8.575338495318313e-05,"42,43,44",aggregate,3,4.0088726598915585
resnet50_no_weights,CIFAR10,fp32_unfused,layer2.2.conv3,"(512, 128, 1, 1)",4.541551417774624,6.92985751003208e-05,42,42,3,
resnet50_no_weights,CIFAR10,fp32_unfused,layer2.2.conv3,"(512, 128, 1, 1)",4.82981863728276,7.369718379642884e-05,43,43,3,
resnet50_no_weights,CIFAR10,fp32_unfused,layer2.2.conv3,"(512, 128, 1, 1)",4.5987909169032655,7.01719805435679e-05,44,44,3,
resnet50_no_weights,CIFAR10,fp32_unfused,layer2.2.conv3,"(512, 128, 1, 1)",4.6567203239868835,7.105591314677251e-05,"42,43,44",aggregate,3,0.15261507007675437
resnet50_no_weights,CIFAR10,fp32_unfused,layer2.3.conv1,"(128, 512, 1, 1)",4.27490795359892,6.522991872556945e-05,42,42,3,
resnet50_no_weights,CIFAR10,fp32_unfused,layer2.3.conv1,"(128, 512, 1, 1)",4.509072184562683,6.880298133182805e-05,43,43,3,
resnet50_no_weights,CIFAR10,fp32_unfused,layer2.3.conv1,"(128, 512, 1, 1)",4.756912797105079,7.258472895973326e-05,44,44,3,
resnet50_no_weights,CIFAR10,fp32_unfused,layer2.3.conv1,"(128, 512, 1, 1)",4.513630978422227,6.887254300571025e-05,"42,43,44",aggregate,3,0.24103475733167526
resnet50_no_weights,CIFAR10,fp32_unfused,layer2.3.conv2,"(128, 128, 3, 3)",2.9206995517015457,1.9807261499712087e-05,42,42,3,
resnet50_no_weights,CIFAR10,fp32_unfused,layer2.3.conv2,"(128, 128, 3, 3)",2.80397007200453,1.9015639051680026e-05,43,43,3,
resnet50_no_weights,CIFAR10,fp32_unfused,layer2.3.conv2,"(128, 128, 3, 3)",3.1889782269795734,2.162664270683847e-05,44,44,3,
resnet50_no_weights,CIFAR10,fp32_unfused,layer2.3.conv2,"(128, 128, 3, 3)",2.9712159502285496,2.0149847752743527e-05,"42,43,44",aggregate,3,0.19741263824645597
resnet50_no_weights,CIFAR10,fp32_unfused,layer2.3.conv3,"(512, 128, 1, 1)",2.0024673562300834,3.055522699325689e-05,42,42,3,
resnet50_no_weights,CIFAR10,fp32_unfused,layer2.3.conv3,"(512, 128, 1, 1)",1.8965458640685449,2.8938993287178724e-05,43,43,3,
resnet50_no_weights,CIFAR10,fp32_unfused,layer2.3.conv3,"(512, 128, 1, 1)",1.919802934959017,2.929386802610805e-05,44,44,3,
resnet50_no_weights,CIFAR10,fp32_unfused,layer2.3.conv3,"(512, 128, 1, 1)",1.9396053850858819,2.9596029435514555e-05,"42,43,44",aggregate,3,0.05566815425988131
resnet50_no_weights,CIFAR10,fp32_unfused,layer3.0.conv1,"(256, 512, 1, 1)",23.72373112042745,0.0001809977044710346,42,42,3,
resnet50_no_weights,CIFAR10,fp32_unfused,layer3.0.conv1,"(256, 512, 1, 1)",24.29143630133735,0.0001853289512736309,43,43,3,
resnet50_no_weights,CIFAR10,fp32_unfused,layer3.0.conv1,"(256, 512, 1, 1)",25.706639925638836,0.00019612609806548184,44,44,3,
resnet50_no_weights,CIFAR10,fp32_unfused,layer3.0.conv1,"(256, 512, 1, 1)",24.573935782467878,0.00018748425127004912,"42,43,44",aggregate,3,1.0211935664091683
resnet50_no_weights,CIFAR10,fp32_unfused,layer3.0.conv2,"(256, 256, 3, 3)",27.490867254868995,4.660859384302605e-05,42,42,3,
resnet50_no_weights,CIFAR10,fp32_unfused,layer3.0.conv2,"(256, 256, 3, 3)",30.992405319213866,5.254517503393193e-05,43,43,3,
resnet50_no_weights,CIFAR10,fp32_unfused,layer3.0.conv2,"(256, 256, 3, 3)",22.22231364250183,3.767617737240572e-05,44,44,3,
resnet50_no_weights,CIFAR10,fp32_unfused,layer3.0.conv2,"(256, 256, 3, 3)",26.9018620721949,4.5609982083121237e-05,"42,43,44",aggregate,3,4.414614630224946
resnet50_no_weights,CIFAR10,fp32_unfused,layer3.0.conv3,"(1024, 256, 1, 1)",15.125116368557544,5.769774005339639e-05,42,42,3,
resnet50_no_weights,CIFAR10,fp32_unfused,layer3.0.conv3,"(1024, 256, 1, 1)",15.967549226222895,6.091136637200506e-05,43,43,3,
resnet50_no_weights,CIFAR10,fp32_unfused,layer3.0.conv3,"(1024, 256, 1, 1)",15.18514092763265,5.792671557477055e-05,44,44,3,
resnet50_no_weights,CIFAR10,fp32_unfused,layer3.0.conv3,"(1024, 256, 1, 1)",15.42593550747103,5.884527400005733e-05,"42,43,44",aggregate,3,0.4700104277334797
resnet50_no_weights,CIFAR10,fp32_unfused,layer3.0.downsample.0,"(1024, 512, 1, 1)",46.03434908831561,8.780355279601213e-05,42,42,3,
resnet50_no_weights,CIFAR10,fp32_unfused,layer3.0.downsample.0,"(1024, 512, 1, 1)",43.548954010009766,8.306303789140657e-05,43,43,3,
resnet50_no_weights,CIFAR10,fp32_unfused,layer3.0.downsample.0,"(1024, 512, 1, 1)",41.28054724799262,7.873639535521054e-05,44,44,3,
resnet50_no_weights,CIFAR10,fp32_unfused,layer3.0.downsample.0,"(1024, 512, 1, 1)",43.621283448772665,8.320099534754308e-05,"42,43,44",aggregate,3,2.377726150137641
resnet50_no_weights,CIFAR10,fp32_unfused,layer3.1.conv1,"(256, 1024, 1, 1)",5.485217213630676,2.0924443106196122e-05,42,42,3,
resnet50_no_weights,CIFAR10,fp32_unfused,layer3.1.conv1,"(256, 1024, 1, 1)",5.115717887878418,1.95149150385987e-05,43,43,3,
resnet50_no_weights,CIFAR10,fp32_unfused,layer3.1.conv1,"(256, 1024, 1, 1)",5.609608401422915,2.139895783013502e-05,44,44,3,
resnet50_no_weights,CIFAR10,fp32_unfused,layer3.1.conv1,"(256, 1024, 1, 1)",5.403514500977336,2.061277199164328e-05,"42,43,44",aggregate,3,0.2568821904755124
resnet50_no_weights,CIFAR10,fp32_unfused,layer3.1.conv2,"(256, 256, 3, 3)",15.194501604352679,2.5761077210070595e-05,42,42,3,
resnet50_no_weights,CIFAR10,fp32_unfused,layer3.1.conv2,"(256, 256, 3, 3)",14.776684867011177,2.5052701936528823e-05,43,43,3,
resnet50_no_weights,CIFAR10,fp32_unfused,layer3.1.conv2,"(256, 256, 3, 3)",16.552652740478514,2.80637151768638e-05,44,44,3,
resnet50_no_weights,CIFAR10,fp32_unfused,layer3.1.conv2,"(256, 256, 3, 3)",15.507946403947457,2.6292498107821074e-05,"42,43,44",aggregate,3,0.9285479005909075
resnet50_no_weights,CIFAR10,fp32_unfused,layer3.1.conv3,"(1024, 256, 1, 1)",15.763869698842367,6.013439063584277e-05,42,42,3,
resnet50_no_weights,CIFAR10,fp32_unfused,layer3.1.conv3,"(1024, 256, 1, 1)",16.48910517441599,6.290094442144771e-05,43,43,3,
resnet50_no_weights,CIFAR10,fp32_unfused,layer3.1.conv3,"(1024, 256, 1, 1)",14.439410626888275,5.508198023562727e-05,44,44,3,
resnet50_no_weights,CIFAR10,fp32_unfused,layer3.1.conv3,"(1024, 256, 1, 1)",15.564128500048877,5.9372438430972584e-05,"42,43,44",aggregate,3,1.0393432274339434
resnet50_no_weights,CIFAR10,fp32_unfused,layer3.2.conv1,"(256, 1024, 1, 1)",15.198716612423167,5.797850270241992e-05,42,42,3,
resnet50_no_weights,CIFAR10,fp32_unfused,layer3.2.conv1,"(256, 1024, 1, 1)",16.176279891620982,6.170761067055123e-05,43,43,3,
resnet50_no_weights,CIFAR10,fp32_unfused,layer3.2.conv1,"(256, 1024, 1, 1)",16.295561381748744,6.216263344478128e-05,44,44,3,
resnet50_no_weights,CIFAR10,fp32_unfused,layer3.2.conv1,"(256, 1024, 1, 1)",15.890185961930964,6.061624893925081e-05,"42,43,44",aggregate,3,0.6017926673309728
resnet50_no_weights,CIFAR10,fp32_unfused,layer3.2.conv2,"(256, 256, 3, 3)",47.73078866438432,8.092378177962294e-05,42,42,3,
resnet50_no_weights,CIFAR10,fp32_unfused,layer3.2.conv2,"(256, 256, 3, 3)",40.71572751265306,6.903029973797787e-05,43,43,3,
resnet50_no_weights,CIFAR10,fp32_unfused,layer3.2.conv2,"(256, 256, 3, 3)",50.1430721282959,8.501361783904333e-05,44,44,3,
resnet50_no_weights,CIFAR10,fp32_unfused,layer3.2.conv2,"(256, 256, 3, 3)",46.196529435111096,7.832256645221472e-05,"42,43,44",aggregate,3,4.897363593044737
resnet50_no_weights,CIFAR10,fp32_unfused,layer3.2.conv3,"(1024, 256, 1, 1)",27.44475221633911,0.00010469342123542447,42,42,3,
resnet50_no_weights,CIFAR10,fp32_unfused,layer3.2.conv3,"(1024, 256, 1, 1)",23.365772767500445,8.913334948539904e-05,43,43,3,
resnet50_no_weights,CIFAR10,fp32_unfused,layer3.2.conv3,"(1024, 256, 1, 1)",20.798222223917644,7.933892144743974e-05,44,44,3,
resnet50_no_weights,CIFAR10,fp32_unfused,layer3.2.conv3,"(1024, 256, 1, 1)",23.869582402585735,9.105523072275442e-05,"42,43,44",aggregate,3,3.351784352601328
resnet50_no_weights,CIFAR10,fp32_unfused,layer3.3.conv1,"(256, 1024, 1, 1)",25.21829080581665,9.620014498068485e-05,42,42,3,
resnet50_no_weights,CIFAR10,fp32_unfused,layer3.3.conv1,"(256, 1024, 1, 1)",29.74307370185852,0.00011346082192176254,43,43,3,
resnet50_no_weights,CIFAR10,fp32_unfused,layer3.3.conv1,"(256, 1024, 1, 1)",28.39316973966711,0.00010831134696833461,44,44,3,
resnet50_no_weights,CIFAR10,fp32_unfused,layer3.3.conv1,"(256, 1024, 1, 1)",27.784844749114093,0.00010599077129026067,"42,43,44",aggregate,3,2.3229204753234143
resnet50_no_weights,CIFAR10,fp32_unfused,layer3.3.conv2,"(256, 256, 3, 3)",52.5860641002655,8.915551774811724e-05,42,42,3,
resnet50_no_weights,CIFAR10,fp32_unfused,layer3.3.conv2,"(256, 256, 3, 3)",58.382161175763166,9.898234248820523e-05,43,43,3,
resnet50_no_weights,CIFAR10,fp32_unfused,layer3.3.conv2,"(256, 256, 3, 3)",61.25130372888901,0.00010384674704469301,44,44,3,
resnet50_no_weights,CIFAR10,fp32_unfused,layer3.3.conv2,"(256, 256, 3, 3)",57.406509668305894,9.732820242700516e-05,"42,43,44",aggregate,3,4.41424017848707
resnet50_no_weights,CIFAR10,fp32_unfused,layer3.3.conv3,"(1024, 256, 1, 1)",32.35087013244629,0.00012340877583483234,42,42,3,
resnet50_no_weights,CIFAR10,fp32_unfused,layer3.3.conv3,"(1024, 256, 1, 1)",30.11061651810356,0.0001148628864978926,43,43,3,
resnet50_no_weights,CIFAR10,fp32_unfused,layer3.3.conv3,"(1024, 256, 1, 1)",29.569405204371403,0.00011279832917927324,44,44,3,
resnet50_no_weights,CIFAR10,fp32_unfused,layer3.3.conv3,"(1024, 256, 1, 1)",30.676963951640417,0.00011702333050399939,"42,43,44",aggregate,3,1.4746860167957778
resnet50_no_weights,CIFAR10,fp32_unfused,layer3.4.conv1,"(256, 1024, 1, 1)",28.931380462646484,0.00011036445794161409,42,42,3,
resnet50_no_weights,CIFAR10,fp32_unfused,layer3.4.conv1,"(256, 1024, 1, 1)",32.57314827862908,0.00012425669967128402,43,43,3,
resnet50_no_weights,CIFAR10,fp32_unfused,layer3.4.conv1,"(256, 1024, 1, 1)",29.243002361721462,0.00011155320114792428,44,44,3,
resnet50_no_weights,CIFAR10,fp32_unfused,layer3.4.conv1,"(256, 1024, 1, 1)",30.24917703433234,0.00011539145292027413,"42,43,44",aggregate,3,2.0186403370175587
resnet50_no_weights,CIFAR10,fp32_unfused,layer3.4.conv2,"(256, 256, 3, 3)",46.82410734526965,7.938657522459184e-05,42,42,3,
resnet50_no_weights,CIFAR10,fp32_unfused,layer3.4.conv2,"(256, 256, 3, 3)",45.559151376996724,7.724194230312216e-05,43,43,3,
resnet50_no_weights,CIFAR10,fp32_unfused,layer3.4.conv2,"(256, 256, 3, 3)",42.57856867863582,7.218859978338593e-05,44,44,3,
resnet50_no_weights,CIFAR10,fp32_unfused,layer3.4.conv2,"(256, 256, 3, 3)",44.98727580030073,7.62723724370333e-05,"42,43,44",aggregate,3,2.1797777177700435
resnet50_no_weights,CIFAR10,fp32_unfused,layer3.4.conv3,"(1024, 256, 1, 1)",16.405121432410347,6.258057187046183e-05,42,42,3,
resnet50_no_weights,CIFAR10,fp32_unfused,layer3.4.conv3,"(1024, 256, 1, 1)",17.52032352216316,6.683473023286118e-05,43,43,3,
resnet50_no_weights,CIFAR10,fp32_unfused,layer3.4.conv3,"(1024, 256, 1, 1)",17.365082451791473,6.62425325462016e-05,44,44,3,
resnet50_no_weights,CIFAR10,fp32_unfused,layer3.4.conv3,"(1024, 256, 1, 1)",17.096842468788328,6.521927821650821e-05,"42,43,44",aggregate,3,0.6040558265660605
resnet50_no_weights,CIFAR10,fp32_unfused,layer3.5.conv1,"(256, 1024, 1, 1)",20.191825742306918,7.702570244715469e-05,42,42,3,
resnet50_no_weights,CIFAR10,fp32_unfused,layer3.5.conv1,"(256, 1024, 1, 1)",19.543590790884835,7.455288235048231e-05,43,43,3,
resnet50_no_weights,CIFAR10,fp32_unfused,layer3.5.conv1,"(256, 1024, 1, 1)",21.188210248947144,8.082660770014627e-05,44,44,3,
resnet50_no_weights,CIFAR10,fp32_unfused,layer3.5.conv1,"(256, 1024, 1, 1)",20.307875594046298,7.746839749926108e-05,"42,43,44",aggregate,3,0.8284286128121358
resnet50_no_weights,CIFAR10,fp32_unfused,layer3.5.conv2,"(256, 256, 3, 3)",19.17109270095825,3.250307329128393e-05,42,42,3,
resnet50_no_weights,CIFAR10,fp32_unfused,layer3.5.conv2,"(256, 256, 3, 3)",23.093585059756325,3.915334923596925e-05,43,43,3,
resnet50_no_weights,CIFAR10,fp32_unfused,layer3.5.conv2,"(256, 256, 3, 3)",21.68727004274409,3.6769053213745266e-05,44,44,3,
resnet50_no_weights,CIFAR10,fp32_unfused,layer3.5.conv2,"(256, 256, 3, 3)",21.31731593448622,3.614182524699948e-05,"42,43,44",aggregate,3,1.9872433438987724
resnet50_no_weights,CIFAR10,fp32_unfused,layer3.5.conv3,"(1024, 256, 1, 1)",9.39033372313888,3.582128037696411e-05,42,42,3,
resnet50_no_weights,CIFAR10,fp32_unfused,layer3.5.conv3,"(1024, 256, 1, 1)",10.46752184913272,3.993042697575653e-05,43,43,3,
resnet50_no_weights,CIFAR10,fp32_unfused,layer3.5.conv3,"(1024, 256, 1, 1)",9.350744843482971,3.567026078599156e-05,44,44,3,
resnet50_no_weights,CIFAR10,fp32_unfused,layer3.5.conv3,"(1024, 256, 1, 1)",9.736200138584858,3.71406560462374e-05,"42,43,44",aggregate,3,0.6336524308223642
resnet50_no_weights,CIFAR10,fp32_unfused,layer4.0.conv1,"(512, 1024, 1, 1)",38.48795693095138,7.340995203199649e-05,42,42,3,
resnet50_no_weights,CIFAR10,fp32_unfused,layer4.0.conv1,"(512, 1024, 1, 1)",38.69582127302121,7.380642180065386e-05,43,43,3,
resnet50_no_weights,CIFAR10,fp32_unfused,layer4.0.conv1,"(512, 1024, 1, 1)",36.27742762999101,6.919370199201776e-05,44,44,3,
resnet50_no_weights,CIFAR10,fp32_unfused,layer4.0.conv1,"(512, 1024, 1, 1)",37.820401944654535,7.213669194155604e-05,"42,43,44",aggregate,3,1.3402907139719933
resnet50_no_weights,CIFAR10,fp32_unfused,layer4.0.conv2,"(512, 512, 3, 3)",26.277655165536064,1.1137922145223008e-05,42,42,3,
resnet50_no_weights,CIFAR10,fp32_unfused,layer4.0.conv2,"(512, 512, 3, 3)",26.165602935934967,1.1090428219237844e-05,43,43,3,
resnet50_no_weights,CIFAR10,fp32_unfused,layer4.0.conv2,"(512, 512, 3, 3)",23.026689892723446,9.759983441129661e-06,44,44,3,
resnet50_no_weights,CIFAR10,fp32_unfused,layer4.0.conv2,"(512, 512, 3, 3)",25.15664933139816,1.0662777935196838e-05,"42,43,44",aggregate,3,1.8454496290441706
resnet50_no_weights,CIFAR10,fp32_unfused,layer4.0.conv3,"(2048, 512, 1, 1)",17.23770046234131,1.6439152204839047e-05,42,42,3,
resnet50_no_weights,CIFAR10,fp32_unfused,layer4.0.conv3,"(2048, 512, 1, 1)",18.563803725772434,1.7703822828075823e-05,43,43,3,
resnet50_no_weights,CIFAR10,fp32_unfused,layer4.0.conv3,"(2048, 512, 1, 1)",17.140371724178916,1.6346332287005344e-05,44,44,3,
resnet50_no_weights,CIFAR10,fp32_unfused,layer4.0.conv3,"(2048, 512, 1, 1)",17.64729197076422,1.682976910664007e-05,"42,43,44",aggregate,3,0.7952129077292754
resnet50_no_weights,CIFAR10,fp32_unfused,layer4.0.downsample.0,"(2048, 1024, 1, 1)",43.129465103149414,2.0565731574606616e-05,42,42,3,
resnet50_no_weights,CIFAR10,fp32_unfused,layer4.0.downsample.0,"(2048, 1024, 1, 1)",44.52834854125977,2.1232771177892574e-05,43,43,3,
resnet50_no_weights,CIFAR10,fp32_unfused,layer4.0.downsample.0,"(2048, 1024, 1, 1)",46.328790028889976,2.209128858036517e-05,44,44,3,
resnet50_no_weights,CIFAR10,fp32_unfused,layer4.0.downsample.0,"(2048, 1024, 1, 1)",44.662201224433055,2.1296597110954788e-05,"42,43,44",aggregate,3,1.6038570387384061
resnet50_no_weights,CIFAR10,fp32_unfused,layer4.1.conv1,"(512, 2048, 1, 1)",52.19886779785156,4.9780719564296305e-05,42,42,3,
resnet50_no_weights,CIFAR10,fp32_unfused,layer4.1.conv1,"(512, 2048, 1, 1)",46.65849583323409,4.4497009118303386e-05,43,43,3,
resnet50_no_weights,CIFAR10,fp32_unfused,layer4.1.conv1,"(512, 2048, 1, 1)",56.24545822143555,5.363984892028384e-05,44,44,3,
resnet50_no_weights,CIFAR10,fp32_unfused,layer4.1.conv1,"(512, 2048, 1, 1)",51.700940617507065,4.9305859200961175e-05,"42,43,44",aggregate,3,4.812838098865544
resnet50_no_weights,CIFAR10,fp32_unfused,layer4.1.conv2,"(512, 512, 3, 3)",118.91756296157837,5.040383358492464e-05,42,42,3,
resnet50_no_weights,CIFAR10,fp32_unfused,layer4.1.conv2,"(512, 512, 3, 3)",125.27608280181884,5.309892561247883e-05,43,43,3,
resnet50_no_weights,CIFAR10,fp32_unfused,layer4.1.conv2,"(512, 512, 3, 3)",113.96916784242143,4.8306430326004636e-05,44,44,3,
resnet50_no_weights,CIFAR10,fp32_unfused,layer4.1.conv2,"(512, 512, 3, 3)",119.38760453527289,5.060306317446937e-05,"42,43,44",aggregate,3,5.66809366414425
resnet50_no_weights,CIFAR10,fp32_unfused,layer4.1.conv3,"(2048, 512, 1, 1)",25.050601380211965,2.389011514683911e-05,42,42,3,
resnet50_no_weights,CIFAR10,fp32_unfused,layer4.1.conv3,"(2048, 512, 1, 1)",26.66885729038969,2.5433404245748223e-05,43,43,3,
resnet50_no_weights,CIFAR10,fp32_unfused,layer4.1.conv3,"(2048, 512, 1, 1)",30.48617518575568,2.907388228011673e-05,44,44,3,
resnet50_no_weights,CIFAR10,fp32_unfused,layer4.1.conv3,"(2048, 512, 1, 1)",27.40187795211911,2.6132467224234687e-05,"42,43,44",aggregate,3,2.7909416183019533
resnet50_no_weights,CIFAR10,fp32_unfused,layer4.2.conv1,"(512, 2048, 1, 1)",19.057742065853542,1.817487913689951e-05,42,42,3,
resnet50_no_weights,CIFAR10,fp32_unfused,layer4.2.conv1,"(512, 2048, 1, 1)",19.602835048328746,1.8694720314339396e-05,43,43,3,
resnet50_no_weights,CIFAR10,fp32_unfused,layer4.2.conv1,"(512, 2048, 1, 1)",18.870186578659784,1.7996012285861763e-05,44,44,3,
resnet50_no_weights,CIFAR10,fp32_unfused,layer4.2.conv1,"(512, 2048, 1, 1)",19.176921230947357,1.8288537245700223e-05,"42,43,44",aggregate,3,0.3805866525134747
resnet50_no_weights,CIFAR10,fp32_unfused,layer4.2.conv2,"(512, 512, 3, 3)",14.089932278582925,5.972091792883523e-06,42,42,3,
resnet50_no_weights,CIFAR10,fp32_unfused,layer4.2.conv2,"(512, 512, 3, 3)",12.865823662281036,5.453246927168544e-06,43,43,3,
resnet50_no_weights,CIFAR10,fp32_unfused,layer4.2.conv2,"(512, 512, 3, 3)",14.981915432473887,6.350163537120347e-06,44,44,3,
resnet50_no_weights,CIFAR10,fp32_unfused,layer4.2.conv2,"(512, 512, 3, 3)",13.979223791112616,5.925167419057471e-06,"42,43,44",aggregate,3,1.0623809918611828
resnet50_no_weights,CIFAR10,fp32_unfused,layer4.2.conv3,"(2048, 512, 1, 1)",5.793652486801148,5.525257574845455e-06,42,42,3,
resnet50_no_weights,CIFAR10,fp32_unfused,layer4.2.conv3,"(2048, 512, 1, 1)",5.510468325963834,5.255192113841852e-06,43,43,3,
resnet50_no_weights,CIFAR10,fp32_unfused,layer4.2.conv3,"(2048, 512, 1, 1)",6.075660477744209,5.7942013528291785e-06,44,44,3,
resnet50_no_weights,CIFAR10,fp32_unfused,layer4.2.conv3,"(2048, 512, 1, 1)",5.79326043016973,5.524883680505495e-06,"42,43,44",aggregate,3,0.2825962798584479
resnet50_no_weights,CIFAR10,fp32_unfused,fc,"(10, 2048)",6.050997865200043,0.00029545888013672084,42,42,3,
resnet50_no_weights,CIFAR10,fp32_unfused,fc,"(10, 2048)",6.281514006991719,0.0003067145511226425,43,43,3,
resnet50_no_weights,CIFAR10,fp32_unfused,fc,"(10, 2048)",6.780408881431402,0.0003310746524136427,44,44,3,
resnet50_no_weights,CIFAR10,fp32_unfused,fc,"(10, 2048)",6.370973584541055,0.0003110826945576687,"42,43,44",aggregate,3,0.37284362628506235
resnet50_no_weights,CIFAR10,fp32_fused,conv1,"(64, 3, 3, 3)",205.4343167473288,0.11888559996951899,42,42,3,
resnet50_no_weights,CIFAR10,fp32_fused,conv1,"(64, 3, 3, 3)",162.45246702624905,0.09401184434389413,43,43,3,
resnet50_no_weights,CIFAR10,fp32_fused,conv1,"(64, 3, 3, 3)",155.59128247774564,0.09004125143388057,44,44,3,
resnet50_no_weights,CIFAR10,fp32_fused,conv1,"(64, 3, 3, 3)",174.49268875044118,0.1009795652490979,"42,43,44",aggregate,3,27.01494439519525
resnet50_no_weights,CIFAR10,fp32_fused,layer1.0.conv1,"(64, 64, 1, 1)",1.3249832264014654,0.00032348223300817026,42,42,3,
resnet50_no_weights,CIFAR10,fp32_fused,layer1.0.conv1,"(64, 64, 1, 1)",1.1904303862860328,0.0002906324185268635,43,43,3,
resnet50_no_weights,CIFAR10,fp32_fused,layer1.0.conv1,"(64, 64, 1, 1)",1.3225935955842336,0.00032289882704693204,44,44,3,
resnet50_no_weights,CIFAR10,fp32_fused,layer1.0.conv1,"(64, 64, 1, 1)",1.2793357360905773,0.0003123378261939886,"42,43,44",aggregate,3,0.07700356161738219
resnet50_no_weights,CIFAR10,fp32_fused,layer1.0.conv2,"(64, 64, 3, 3)",3.7753435224294662,0.00010241274746173683,42,42,3,
resnet50_no_weights,CIFAR10,fp32_fused,layer1.0.conv2,"(64, 64, 3, 3)",3.7996642887592316,0.00010307249047198436,43,43,3,
resnet50_no_weights,CIFAR10,fp32_fused,layer1.0.conv2,"(64, 64, 3, 3)",3.996204157670339,0.00010840397563124834,44,44,3,
resnet50_no_weights,CIFAR10,fp32_fused,layer1.0.conv2,"(64, 64, 3, 3)",3.8570706562863455,0.00010462973785498984,"42,43,44",aggregate,3,0.1211052159250131
resnet50_no_weights,CIFAR10,fp32_fused,layer1.0.conv3,"(256, 64, 1, 1)",0.9498544782400131,5.7974516494141426e-05,42,42,3,
resnet50_no_weights,CIFAR10,fp32_fused,layer1.0.conv3,"(256, 64, 1, 1)",0.9165785091263907,5.594351251992131e-05,43,43,3,
resnet50_no_weights,CIFAR10,fp32_fused,layer1.0.conv3,"(256, 64, 1, 1)",0.8528187094312726,5.205192318306107e-05,44,44,3,
resnet50_no_weights,CIFAR10,fp32_fused,layer1.0.conv3,"(256, 64, 1, 1)",0.9064172322658921,5.5323317399041266e-05,"42,43,44",aggregate,3,0.04930946935075061
resnet50_no_weights,CIFAR10,fp32_fused,layer1.0.downsample.0,"(256, 64, 1, 1)",10.725207847356796,0.0006546147367771482,42,42,3,
resnet50_no_weights,CIFAR10,fp32_fused,layer1.0.downsample.0,"(256, 64, 1, 1)",8.720999843195864,0.0005322875880856851,43,43,3,
resnet50_no_weights,CIFAR10,fp32_fused,layer1.0.downsample.0,"(256, 64, 1, 1)",9.499165248870849,0.0005797830352094024,44,44,3,
resnet50_no_weights,CIFAR10,fp32_fused,layer1.0.downsample.0,"(256, 64, 1, 1)",9.648457646474503,0.0005888951200240785,"42,43,44",aggregate,3,1.0104101127623237
resnet50_no_weights,CIFAR10,fp32_fused,layer1.1.conv1,"(64, 256, 1, 1)",2.1692705507631653,0.00013240176701435335,42,42,3,
resnet50_no_weights,CIFAR10,fp32_fused,layer1.1.conv1,"(64, 256, 1, 1)",1.9170629091952975,0.00011700823420381455,43,43,3,
resnet50_no_weights,CIFAR10,fp32_fused,layer1.1.conv1,"(64, 256, 1, 1)",1.8224180401899877,0.00011123156983581468,44,44,3,
resnet50_no_weights,CIFAR10,fp32_fused,layer1.1.conv1,"(64, 256, 1, 1)",1.9695838333828168,0.00012021385701799419,"42,43,44",aggregate,3,0.17929166637315425
resnet50_no_weights,CIFAR10,fp32_fused,layer1.1.conv2,"(64, 64, 3, 3)",3.997911484010758,0.00010845028982234044,42,42,3,
resnet50_no_weights,CIFAR10,fp32_fused,layer1.1.conv2,"(64, 64, 3, 3)",3.201829397160074,8.68551811295593e-05,43,43,3,
resnet50_no_weights,CIFAR10,fp32_fused,layer1.1.conv2,"(64, 64, 3, 3)",3.250506098781313,8.817562116919795e-05,44,44,3,
resnet50_no_weights,CIFAR10,fp32_fused,layer1.1.conv2,"(64, 64, 3, 3)",3.4834156599840482,9.449369737369922e-05,"42,43,44",aggregate,3,0.44623068028304924
resnet50_no_weights,CIFAR10,fp32_fused,layer1.1.conv3,"(256, 64, 1, 1)",1.2934418215471155,7.894542367841281e-05,42,42,3,
resnet50_no_weights,CIFAR10,fp32_fused,layer1.1.conv3,"(256, 64, 1, 1)",1.1389114345823015,6.951363736464242e-05,43,43,3,
resnet50_no_weights,CIFAR10,fp32_fused,layer1.1.conv3,"(256, 64, 1, 1)",1.1398289140234603,6.956963586568972e-05,44,44,3,
resnet50_no_weights,CIFAR10,fp32_fused,layer1.1.conv3,"(256, 64, 1, 1)",1.1907273900509592,7.267623230291499e-05,"42,43,44",aggregate,3,0.08895448988283387
resnet50_no_weights,CIFAR10,fp32_fused,layer1.2.conv1,"(64, 256, 1, 1)",4.23947504509327,0.00025875702179524354,42,42,3,
resnet50_no_weights,CIFAR10,fp32_fused,layer1.2.conv1,"(64, 256, 1, 1)",6.176023119098538,0.0003769545360777916,43,43,3,
resnet50_no_weights,CIFAR10,fp32_fused,layer1.2.conv1,"(64, 256, 1, 1)",5.306364711962249,0.0003238747993141021,44,44,3,
resnet50_no_weights,CIFAR10,fp32_fused,layer1.2.conv1,"(64, 256, 1, 1)",5.240620958718019,0.00031986211906237906,"42,43,44",aggregate,3,0.9699465405636316
resnet50_no_weights,CIFAR10,fp32_fused,layer1.2.conv2,"(64, 64, 3, 3)",4.7441006575311935,0.0001286919666213974,42,42,3,
resnet50_no_weights,CIFAR10,fp32_fused,layer1.2.conv2,"(64, 64, 3, 3)",5.71835276058742,0.00015512024632669867,43,43,3,
resnet50_no_weights,CIFAR10,fp32_fused,layer1.2.conv2,"(64, 64, 3, 3)",4.559461157662528,0.00012368329963277256,44,44,3,
resnet50_no_weights,CIFAR10,fp32_fused,layer1.2.conv2,"(64, 64, 3, 3)",5.007304858593714,0.0001358318375269562,"42,43,44",aggregate,3,0.6226674677748759
resnet50_no_weights,CIFAR10,fp32_fused,layer1.2.conv3,"(256, 64, 1, 1)",1.8947449392742581,0.0001156460534225011,42,42,3,
resnet50_no_weights,CIFAR10,fp32_fused,layer1.2.conv3,"(256, 64, 1, 1)",1.8410091063038247,0.0001123662784609268,43,43,3,
resnet50_no_weights,CIFAR10,fp32_fused,layer1.2.conv3,"(256, 64, 1, 1)",2.318519115447998,0.00014151117647998035,44,44,3,
resnet50_no_weights,CIFAR10,fp32_fused,layer1.2.conv3,"(256, 64, 1, 1)",2.0180910536753602,0.00012317450278780275,"42,43,44",aggregate,3,0.26156194325934434
resnet50_no_weights,CIFAR10,fp32_fused,layer2.0.conv1,"(128, 256, 1, 1)",14.960069179534912,0.00045654507994186133,42,42,3,
resnet50_no_weights,CIFAR10,fp32_fused,layer2.0.conv1,"(128, 256, 1, 1)",11.969239324331284,0.00036527219617710216,43,43,3,
resnet50_no_weights,CIFAR10,fp32_fused,layer2.0.conv1,"(128, 256, 1, 1)",9.60705150090731,0.00029318394472983736,44,44,3,
resnet50_no_weights,CIFAR10,fp32_fused,layer2.0.conv1,"(128, 256, 1, 1)",12.178786668257835,0.00037166707361626695,"42,43,44",aggregate,3,2.6826539348068943
resnet50_no_weights,CIFAR10,fp32_fused,layer2.0.conv2,"(128, 128, 3, 3)",48.56229575475057,0.00032933414547221254,42,42,3,
resnet50_no_weights,CIFAR10,fp32_fused,layer2.0.conv2,"(128, 128, 3, 3)",40.39465859731038,0.00027394381101691613,43,43,3,
resnet50_no_weights,CIFAR10,fp32_fused,layer2.0.conv2,"(128, 128, 3, 3)",53.66594104413633,0.00036394545521468324,44,44,3,
resnet50_no_weights,CIFAR10,fp32_fused,layer2.0.conv2,"(128, 128, 3, 3)",47.540965132065764,0.00032240780390127067,"42,43,44",aggregate,3,6.694331305401828
resnet50_no_weights,CIFAR10,fp32_fused,layer2.0.conv3,"(512, 128, 1, 1)",27.56750825300055,0.0004206467934112633,42,42,3,
resnet50_no_weights,CIFAR10,fp32_fused,layer2.0.conv3,"(512, 128, 1, 1)",28.855153002057758,0.00044029469302456296,43,43,3,
resnet50_no_weights,CIFAR10,fp32_fused,layer2.0.conv3,"(512, 128, 1, 1)",28.235339871768293,0.0004308370952113082,44,44,3,
resnet50_no_weights,CIFAR10,fp32_fused,layer2.0.conv3,"(512, 128, 1, 1)",28.2193337089422,0.0004305928605490448,"42,43,44",aggregate,3,0.6439715815779151
resnet50_no_weights,CIFAR10,fp32_fused,layer2.0.downsample.0,"(512, 256, 1, 1)",41.89090968151482,0.00031960227723323685,42,42,3,
resnet50_no_weights,CIFAR10,fp32_fused,layer2.0.downsample.0,"(512, 256, 1, 1)",43.4897045135498,0.0003318001137813553,43,43,3,
resnet50_no_weights,CIFAR10,fp32_fused,layer2.0.downsample.0,"(512, 256, 1, 1)",43.281538327534996,0.00033021193182018277,44,44,3,
resnet50_no_weights,CIFAR10,fp32_fused,layer2.0.downsample.0,"(512, 256, 1, 1)",42.88738417419987,0.0003272047742782583,"42,43,44",aggregate,3,0.8692262945740528
resnet50_no_weights,CIFAR10,fp32_fused,layer2.1.conv1,"(128, 512, 1, 1)",8.776319901148478,0.00013391601411664547,42,42,3,
resnet50_no_weights,CIFAR10,fp32_fused,layer2.1.conv1,"(128, 512, 1, 1)",9.323852666994421,0.00014227070109549593,43,43,3,
resnet50_no_weights,CIFAR10,fp32_fused,layer2.1.conv1,"(128, 512, 1, 1)",9.836372992571663,0.00015009114063372288,44,44,3,
resnet50_no_weights,CIFAR10,fp32_fused,layer2.1.conv1,"(128, 512, 1, 1)",9.31218185357152,0.00014209261861528809,"42,43,44",aggregate,3,0.5301229056298428
resnet50_no_weights,CIFAR10,fp32_fused,layer2.1.conv2,"(128, 128, 3, 3)",9.078627616167068,6.156838389870245e-05,42,42,3,
resnet50_no_weights,CIFAR10,fp32_fused,layer2.1.conv2,"(128, 128, 3, 3)",6.758264094591141,4.583241166579278e-05,43,43,3,
resnet50_no_weights,CIFAR10,fp32_fused,layer2.1.conv2,"(128, 128, 3, 3)",8.434951025864173,5.720317264719084e-05,44,44,3,
resnet50_no_weights,CIFAR10,fp32_fused,layer2.1.conv2,"(128, 128, 3, 3)",8.090614245540793,5.4867989403895356e-05,"42,43,44",aggregate,3,1.1978929759280097
resnet50_no_weights,CIFAR10,fp32_fused,layer2.1.conv3,"(512, 128, 1, 1)",6.439083576202393,9.825261804508045e-05,42,42,3,
resnet50_no_weights,CIFAR10,fp32_fused,layer2.1.conv3,"(512, 128, 1, 1)",6.963302925780967,0.00010625157052278087,43,43,3,
resnet50_no_weights,CIFAR10,fp32_fused,layer2.1.conv3,"(512, 128, 1, 1)",6.57157102227211,0.00010027421603808762,44,44,3,
resnet50_no_weights,CIFAR10,fp32_fused,layer2.1.conv3,"(512, 128, 1, 1)",6.65798584141849,0.00010159280153531631,"42,43,44",aggregate,3,0.2725841564438808
resnet50_no_weights,CIFAR10,fp32_fused,layer2.2.conv1,"(128, 512, 1, 1)",15.20021367924554,0.00023193685423653472,42,42,3,
resnet50_no_weights,CIFAR10,fp32_fused,layer2.2.conv1,"(128, 512, 1, 1)",14.83826631884421,0.00022641397581244218,43,43,3,
resnet50_no_weights,CIFAR10,fp32_fused,layer2.2.conv1,"(128, 512, 1, 1)",12.836876773834229,0.00019587519491324202,44,44,3,
resnet50_no_weights,CIFAR10,fp32_fused,layer2.2.conv1,"(128, 512, 1, 1)",14.291785590641327,0.00021807534165407298,"42,43,44",aggregate,3,1.2729183877384456
resnet50_no_weights,CIFAR10,fp32_fused,layer2.2.conv2,"(128, 128, 3, 3)",7.419705327351888,5.031809710931999e-05,42,42,3,
resnet50_no_weights,CIFAR10,fp32_fused,layer2.2.conv2,"(128, 128, 3, 3)",7.16931857003106,4.862005323643026e-05,43,43,3,
resnet50_no_weights,CIFAR10,fp32_fused,layer2.2.conv2,"(128, 128, 3, 3)",8.129569195318913,5.5132169564608516e-05,44,44,3,
resnet50_no_weights,CIFAR10,fp32_fused,layer2.2.conv2,"(128, 128, 3, 3)",7.572864364233954,5.135677330345292e-05,"42,43,44",aggregate,3,0.4981100117197099
resnet50_no_weights,CIFAR10,fp32_fused,layer2.2.conv3,"(512, 128, 1, 1)",5.029452331364155,7.674335222418449e-05,42,42,3,
resnet50_no_weights,CIFAR10,fp32_fused,layer2.2.conv3,"(512, 128, 1, 1)",5.033870094700863,7.681076194306737e-05,43,43,3,
resnet50_no_weights,CIFAR10,fp32_fused,layer2.2.conv3,"(512, 128, 1, 1)",4.507918834686279,6.878538260934874e-05,44,44,3,
resnet50_no_weights,CIFAR10,fp32_fused,layer2.2.conv3,"(512, 128, 1, 1)",4.8570804202504325,7.41131655922002e-05,"42,43,44",aggregate,3,0.3023908708666317
resnet50_no_weights,CIFAR10,fp32_fused,layer2.3.conv1,"(128, 512, 1, 1)",4.720875798044978,7.203484799262967e-05,42,42,3,
resnet50_no_weights,CIFAR10,fp32_fused,layer2.3.conv1,"(128, 512, 1, 1)",5.95090376629549,9.080358530113967e-05,43,43,3,
resnet50_no_weights,CIFAR10,fp32_fused,layer2.3.conv1,"(128, 512, 1, 1)",5.6884287893772125,8.679853499415913e-05,44,44,3,
resnet50_no_weights,CIFAR10,fp32_fused,layer2.3.conv1,"(128, 512, 1, 1)",5.45340278457256,8.321232276264283e-05,"42,43,44",aggregate,3,0.6478195102576394
resnet50_no_weights,CIFAR10,fp32_fused,layer2.3.conv2,"(128, 128, 3, 3)",1.356552797119792,9.199712437064561e-06,42,42,3,
resnet50_no_weights,CIFAR10,fp32_fused,layer2.3.conv2,"(128, 128, 3, 3)",1.225044631295734,8.307865609373195e-06,43,43,3,
resnet50_no_weights,CIFAR10,fp32_fused,layer2.3.conv2,"(128, 128, 3, 3)",1.301132280092973,8.823868001932597e-06,44,44,3,
resnet50_no_weights,CIFAR10,fp32_fused,layer2.3.conv2,"(128, 128, 3, 3)",1.2942432361694995,8.777148682790117e-06,"42,43,44",aggregate,3,0.06602418961438787
resnet50_no_weights,CIFAR10,fp32_fused,layer2.3.conv3,"(512, 128, 1, 1)",2.0299537365253153,3.097463587227349e-05,42,42,3,
resnet50_no_weights,CIFAR10,fp32_fused,layer2.3.conv3,"(512, 128, 1, 1)",1.9077088307766688,2.9109326641489697e-05,43,43,3,
resnet50_no_weights,CIFAR10,fp32_fused,layer2.3.conv3,"(512, 128, 1, 1)",1.766672796673245,2.6957287546893996e-05,44,44,3,
resnet50_no_weights,CIFAR10,fp32_fused,layer2.3.conv3,"(512, 128, 1, 1)",1.9014451213250763,2.901375002021906e-05,"42,43,44",aggregate,3,0.13175218732308716
resnet50_no_weights,CIFAR10,fp32_fused,layer3.0.conv1,"(256, 512, 1, 1)",32.09386780682732,0.0002448567795320688,42,42,3,
resnet50_no_weights,CIFAR10,fp32_fused,layer3.0.conv1,"(256, 512, 1, 1)",37.15083038806915,0.0002834383421941311,43,43,3,
resnet50_no_weights,CIFAR10,fp32_fused,layer3.0.conv1,"(256, 512, 1, 1)",30.097187550862632,0.00022962331810655694,44,44,3,
resnet50_no_weights,CIFAR10,fp32_fused,layer3.0.conv1,"(256, 512, 1, 1)",33.113961915253036,0.0002526394799442523,"42,43,44",aggregate,3,3.6357823520189374
resnet50_no_weights,CIFAR10,fp32_fused,layer3.0.conv2,"(256, 256, 3, 3)",34.13522712044094,5.7873581136815285e-05,42,42,3,
resnet50_no_weights,CIFAR10,fp32_fused,layer3.0.conv2,"(256, 256, 3, 3)",29.565745129304773,5.01263853781887e-05,43,43,3,
resnet50_no_weights,CIFAR10,fp32_fused,layer3.0.conv2,"(256, 256, 3, 3)",33.370933787027994,5.6577782163879384e-05,44,44,3,
resnet50_no_weights,CIFAR10,fp32_fused,layer3.0.conv2,"(256, 256, 3, 3)",32.357302012257904,5.4859249559627796e-05,"42,43,44",aggregate,3,2.447576035171759
resnet50_no_weights,CIFAR10,fp32_fused,layer3.0.conv3,"(1024, 256, 1, 1)",15.105587323506674,5.762324265864057e-05,42,42,3,
resnet50_no_weights,CIFAR10,fp32_fused,layer3.0.conv3,"(1024, 256, 1, 1)",14.771733732784496,5.634969227899359e-05,43,43,3,
resnet50_no_weights,CIFAR10,fp32_fused,layer3.0.conv3,"(1024, 256, 1, 1)",14.224672858779495,5.426282065879629e-05,44,44,3,
resnet50_no_weights,CIFAR10,fp32_fused,layer3.0.conv3,"(1024, 256, 1, 1)",14.700664638356889,5.6078585198810153e-05,"42,43,44",aggregate,3,0.4447366475550029
resnet50_no_weights,CIFAR10,fp32_fused,layer3.0.downsample.0,"(1024, 512, 1, 1)",49.250606179237366,9.393807636115525e-05,42,42,3,
resnet50_no_weights,CIFAR10,fp32_fused,layer3.0.downsample.0,"(1024, 512, 1, 1)",50.90278785173283,9.708936281534735e-05,43,43,3,
resnet50_no_weights,CIFAR10,fp32_fused,layer3.0.downsample.0,"(1024, 512, 1, 1)",51.31082028609056,9.786762292116272e-05,44,44,3,
resnet50_no_weights,CIFAR10,fp32_fused,layer3.0.downsample.0,"(1024, 512, 1, 1)",50.48807143902025,9.629835403255511e-05,"42,43,44",aggregate,3,1.0909229206268973
resnet50_no_weights,CIFAR10,fp32_fused,layer3.1.conv1,"(256, 1024, 1, 1)",12.553193051764305,4.7886631209428044e-05,42,42,3,
resnet50_no_weights,CIFAR10,fp32_fused,layer3.1.conv1,"(256, 1024, 1, 1)",11.421176274617514,4.356832990500455e-05,43,43,3,
resnet50_no_weights,CIFAR10,fp32_fused,layer3.1.conv1,"(256, 1024, 1, 1)",13.925171266902577,5.312031275521308e-05,44,44,3,
resnet50_no_weights,CIFAR10,fp32_fused,layer3.1.conv1,"(256, 1024, 1, 1)",12.633180197761465,4.819175795654856e-05,"42,43,44",aggregate,3,1.2539123525951672
resnet50_no_weights,CIFAR10,fp32_fused,layer3.1.conv2,"(256, 256, 3, 3)",19.13669246037801,3.2444750400760244e-05,42,42,3,
resnet50_no_weights,CIFAR10,fp32_fused,layer3.1.conv2,"(256, 256, 3, 3)",16.96176270877614,2.8757328811265968e-05,43,43,3,
resnet50_no_weights,CIFAR10,fp32_fused,layer3.1.conv2,"(256, 256, 3, 3)",18.688105872183137,3.1684207275701116e-05,44,44,3,
resnet50_no_weights,CIFAR10,fp32_fused,layer3.1.conv2,"(256, 256, 3, 3)",18.262187013779094,3.0962095495909106e-05,"42,43,44",aggregate,3,1.1483183406873276
resnet50_no_weights,CIFAR10,fp32_fused,layer3.1.conv3,"(1024, 256, 1, 1)",15.786375766847192,6.0220244471920744e-05,42,42,3,
resnet50_no_weights,CIFAR10,fp32_fused,layer3.1.conv3,"(1024, 256, 1, 1)",15.57667943203088,5.942031643688538e-05,43,43,3,
resnet50_no_weights,CIFAR10,fp32_fused,layer3.1.conv3,"(1024, 256, 1, 1)",13.823002988641912,5.2730571703498505e-05,44,44,3,
resnet50_no_weights,CIFAR10,fp32_fused,layer3.1.conv3,"(1024, 256, 1, 1)",15.062019395839995,5.745704420410154e-05,"42,43,44",aggregate,3,1.0781300390900823
resnet50_no_weights,CIFAR10,fp32_fused,layer3.2.conv1,"(256, 1024, 1, 1)",23.276924080318874,8.879441864135313e-05,42,42,3,
resnet50_no_weights,CIFAR10,fp32_fused,layer3.2.conv1,"(256, 1024, 1, 1)",26.150926272074383,9.975786694364312e-05,43,43,3,
resnet50_no_weights,CIFAR10,fp32_fused,layer3.2.conv1,"(256, 1024, 1, 1)",24.50344072977702,9.347320835028465e-05,44,44,3,
resnet50_no_weights,CIFAR10,fp32_fused,layer3.2.conv1,"(256, 1024, 1, 1)",24.64376369405676,9.400849797842697e-05,"42,43,44",aggregate,3,1.4421303860199521
resnet50_no_weights,CIFAR10,fp32_fused,layer3.2.conv2,"(256, 256, 3, 3)",39.10941287449428,6.630692015668111e-05,42,42,3,
resnet50_no_weights,CIFAR10,fp32_fused,layer3.2.conv2,"(256, 256, 3, 3)",40.155834491436295,6.808104534816538e-05,43,43,3,
resnet50_no_weights,CIFAR10,fp32_fused,layer3.2.conv2,"(256, 256, 3, 3)",37.78581824669471,6.406287002003091e-05,44,44,3,
resnet50_no_weights,CIFAR10,fp32_fused,layer3.2.conv2,"(256, 256, 3, 3)",39.0170218708751,6.615027850829247e-05,"42,43,44",aggregate,3,1.1877063287054892
resnet50_no_weights,CIFAR10,fp32_fused,layer3.2.conv3,"(1024, 256, 1, 1)",25.259938888549804,9.635901980800554e-05,42,42,3,
resnet50_no_weights,CIFAR10,fp32_fused,layer3.2.conv3,"(1024, 256, 1, 1)",21.78002675374349,8.308420850274463e-05,43,43,3,
resnet50_no_weights,CIFAR10,fp32_fused,layer3.2.conv3,"(1024, 256, 1, 1)",24.636794016911434,9.398191077007841e-05,44,44,3,
resnet50_no_weights,CIFAR10,fp32_fused,layer3.2.conv3,"(1024, 256, 1, 1)",23.892253219734908,9.114171302694286e-05,"42,43,44",aggregate,3,1.85558693288357
resnet50_no_weights,CIFAR10,fp32_fused,layer3.3.conv1,"(256, 1024, 1, 1)",45.00734210014343,0.0001716893848424661,42,42,3,
resnet50_no_weights,CIFAR10,fp32_fused,layer3.3.conv1,"(256, 1024, 1, 1)",49.319275326199005,0.00018813810472945787,43,43,3,
resnet50_no_weights,CIFAR10,fp32_fused,layer3.3.conv1,"(256, 1024, 1, 1)",41.078666406519275,0.00015670267641647062,44,44,3,
resnet50_no_weights,CIFAR10,fp32_fused,layer3.3.conv1,"(256, 1024, 1, 1)",45.13509461095391,0.00017217672199613154,"42,43,44",aggregate,3,4.121789583395793
resnet50_no_weights,CIFAR10,fp32_fused,layer3.3.conv2,"(256, 256, 3, 3)",49.69470090451448,8.425343984733493e-05,42,42,3,
resnet50_no_weights,CIFAR10,fp32_fused,layer3.3.conv2,"(256, 256, 3, 3)",56.099274375221945,9.511188825009146e-05,43,43,3,
resnet50_no_weights,CIFAR10,fp32_fused,layer3.3.conv2,"(256, 256, 3, 3)",53.249073615440956,9.027959800794975e-05,44,44,3,
resnet50_no_weights,CIFAR10,fp32_fused,layer3.3.conv2,"(256, 256, 3, 3)",53.01434963172579,8.988164203512538e-05,"42,43,44",aggregate,3,3.208732124503511
resnet50_no_weights,CIFAR10,fp32_fused,layer3.3.conv3,"(1024, 256, 1, 1)",29.429040831488532,0.00011226288158984578,42,42,3,
resnet50_no_weights,CIFAR10,fp32_fused,layer3.3.conv3,"(1024, 256, 1, 1)",30.340183171358976,0.00011573861378234473,43,43,3,
resnet50_no_weights,CIFAR10,fp32_fused,layer3.3.conv3,"(1024, 256, 1, 1)",28.528337182669805,0.00010882696984355852,44,44,3,
resnet50_no_weights,CIFAR10,fp32_fused,layer3.3.conv3,"(1024, 256, 1, 1)",29.43252039517244,0.00011227615507191635,"42,43,44",aggregate,3,0.9059280060826208
resnet50_no_weights,CIFAR10,fp32_fused,layer3.4.conv1,"(256, 1024, 1, 1)",48.080324255901836,0.0001834118814693521,42,42,3,
resnet50_no_weights,CIFAR10,fp32_fused,layer3.4.conv1,"(256, 1024, 1, 1)",44.12810663743453,0.0001683353677270299,43,43,3,
resnet50_no_weights,CIFAR10,fp32_fused,layer3.4.conv1,"(256, 1024, 1, 1)",46.106040477752686,0.00017588058653927874,44,44,3,
resnet50_no_weights,CIFAR10,fp32_fused,layer3.4.conv1,"(256, 1024, 1, 1)",46.104823790363014,0.00017587594524522024,"42,43,44",aggregate,3,1.9761090901508966
resnet50_no_weights,CIFAR10,fp32_fused,layer3.4.conv2,"(256, 256, 3, 3)",23.015538417931758,3.902102731989841e-05,42,42,3,
resnet50_no_weights,CIFAR10,fp32_fused,layer3.4.conv2,"(256, 256, 3, 3)",23.600495052337646,4.0012775086021673e-05,43,43,3,
resnet50_no_weights,CIFAR10,fp32_fused,layer3.4.conv2,"(256, 256, 3, 3)",21.511348485946655,3.647079211077653e-05,44,44,3,
resnet50_no_weights,CIFAR10,fp32_fused,layer3.4.conv2,"(256, 256, 3, 3)",22.709127318738688,3.8501531505565535e-05,"42,43,44",aggregate,3,1.0777519033837732
resnet50_no_weights,CIFAR10,fp32_fused,layer3.4.conv3,"(1024, 256, 1, 1)",19.972622299194335,7.618950767209753e-05,42,42,3,
resnet50_no_weights,CIFAR10,fp32_fused,layer3.4.conv3,"(1024, 256, 1, 1)",17.498488296161998,6.675143545594024e-05,43,43,3,
resnet50_no_weights,CIFAR10,fp32_fused,layer3.4.conv3,"(1024, 256, 1, 1)",17.295784321698275,6.597818115882215e-05,44,44,3,
resnet50_no_weights,CIFAR10,fp32_fused,layer3.4.conv3,"(1024, 256, 1, 1)",18.2556316390182,6.963970809561997e-05,"42,43,44",aggregate,3,1.4904076357375857
resnet50_no_weights,CIFAR10,fp32_fused,layer3.5.conv1,"(256, 1024, 1, 1)",31.65891150210766,0.00012076916313975395,42,42,3,
resnet50_no_weights,CIFAR10,fp32_fused,layer3.5.conv1,"(256, 1024, 1, 1)",25.85421657562256,9.862600927590393e-05,43,43,3,
resnet50_no_weights,CIFAR10,fp32_fused,layer3.5.conv1,"(256, 1024, 1, 1)",30.652868119497146,0.0001169314121990095,44,44,3,
resnet50_no_weights,CIFAR10,fp32_fused,layer3.5.conv1,"(256, 1024, 1, 1)",29.388665399075787,0.00011210886153822245,"42,43,44",aggregate,3,3.1019795592703447
resnet50_no_weights,CIFAR10,fp32_fused,layer3.5.conv2,"(256, 256, 3, 3)",7.334322738647461,1.2434764842813214e-05,42,42,3,
resnet50_no_weights,CIFAR10,fp32_fused,layer3.5.conv2,"(256, 256, 3, 3)",7.254879898495144,1.2300075782767645e-05,43,43,3,
resnet50_no_weights,CIFAR10,fp32_fused,layer3.5.conv2,"(256, 256, 3, 3)",6.508312066396077,1.1034328997117916e-05,44,44,3,
resnet50_no_weights,CIFAR10,fp32_fused,layer3.5.conv2,"(256, 256, 3, 3)",7.032504901179561,1.1923056540899591e-05,"42,43,44",aggregate,3,0.4556987900374818
resnet50_no_weights,CIFAR10,fp32_fused,layer3.5.conv3,"(1024, 256, 1, 1)",10.499376241977398,4.005194184103927e-05,42,42,3,
resnet50_no_weights,CIFAR10,fp32_fused,layer3.5.conv3,"(1024, 256, 1, 1)",8.908462606157576,3.3983087944631866e-05,43,43,3,
resnet50_no_weights,CIFAR10,fp32_fused,layer3.5.conv3,"(1024, 256, 1, 1)",10.406289471520317,3.969684399231078e-05,44,44,3,
resnet50_no_weights,CIFAR10,fp32_fused,layer3.5.conv3,"(1024, 256, 1, 1)",9.93804277321843,3.791062459266064e-05,"42,43,44",aggregate,3,0.8928565265552608
resnet50_no_weights,CIFAR10,fp32_fused,layer4.0.conv1,"(512, 1024, 1, 1)",67.7883017279885,0.0001292959246215601,42,42,3,
resnet50_no_weights,CIFAR10,fp32_fused,layer4.0.conv1,"(512, 1024, 1, 1)",56.01608231488396,0.00010684219801880638,43,43,3,
resnet50_no_weights,CIFAR10,fp32_fused,layer4.0.conv1,"(512, 1024, 1, 1)",57.849395751953125,0.00011033896589651704,44,44,3,
resnet50_no_weights,CIFAR10,fp32_fused,layer4.0.conv1,"(512, 1024, 1, 1)",60.55125993160853,0.00011549236284562784,"42,43,44",aggregate,3,6.334140826627361
resnet50_no_weights,CIFAR10,fp32_fused,layer4.0.conv2,"(512, 512, 3, 3)",18.259546120961506,7.73940451768727e-06,42,42,3,
resnet50_no_weights,CIFAR10,fp32_fused,layer4.0.conv2,"(512, 512, 3, 3)",20.189736983355353,8.557526051565955e-06,43,43,3,
resnet50_no_weights,CIFAR10,fp32_fused,layer4.0.conv2,"(512, 512, 3, 3)",18.148615750399504,7.692386097547532e-06,44,44,3,
resnet50_no_weights,CIFAR10,fp32_fused,layer4.0.conv2,"(512, 512, 3, 3)",18.865966284905454,7.996438888933586e-06,"42,43,44",aggregate,3,1.147760006854288
resnet50_no_weights,CIFAR10,fp32_fused,layer4.0.conv3,"(2048, 512, 1, 1)",18.884528160095215,1.8009689483733382e-05,42,42,3,
resnet50_no_weights,CIFAR10,fp32_fused,layer4.0.conv3,"(2048, 512, 1, 1)",18.425589196822223,1.757201118166182e-05,43,43,3,
resnet50_no_weights,CIFAR10,fp32_fused,layer4.0.conv3,"(2048, 512, 1, 1)",17.52565791390159,1.6713769830609884e-05,44,44,3,
resnet50_no_weights,CIFAR10,fp32_fused,layer4.0.conv3,"(2048, 512, 1, 1)",18.278591756939676,1.743182349866836e-05,"42,43,44",aggregate,3,0.6912584697467352
resnet50_no_weights,CIFAR10,fp32_fused,layer4.0.downsample.0,"(2048, 1024, 1, 1)",39.691794607374405,1.8926522544562533e-05,42,42,3,
resnet50_no_weights,CIFAR10,fp32_fused,layer4.0.downsample.0,"(2048, 1024, 1, 1)",42.70929505274846,2.036537888181136e-05,43,43,3,
resnet50_no_weights,CIFAR10,fp32_fused,layer4.0.downsample.0,"(2048, 1024, 1, 1)",40.86141633987427,1.9484241647660383e-05,44,44,3,
resnet50_no_weights,CIFAR10,fp32_fused,layer4.0.downsample.0,"(2048, 1024, 1, 1)",41.08750199999904,1.9592047691344758e-05,"42,43,44",aggregate,3,1.5214017479757593
resnet50_no_weights,CIFAR10,fp32_fused,layer4.1.conv1,"(512, 2048, 1, 1)",54.24797439575195,5.17348998982925e-05,42,42,3,
resnet50_no_weights,CIFAR10,fp32_fused,layer4.1.conv1,"(512, 2048, 1, 1)",57.65359158785838,5.4982749545915965e-05,43,43,3,
resnet50_no_weights,CIFAR10,fp32_fused,layer4.1.conv1,"(512, 2048, 1, 1)",62.51099171357996,5.961512729032513e-05,44,44,3,
resnet50_no_weights,CIFAR10,fp32_fused,layer4.1.conv1,"(512, 2048, 1, 1)",58.13751923239676,5.5444258911511195e-05,"42,43,44",aggregate,3,4.152710352594164
resnet50_no_weights,CIFAR10,fp32_fused,layer4.1.conv2,"(512, 512, 3, 3)",131.3408658427577,5.5669515755020857e-05,42,42,3,
resnet50_no_weights,CIFAR10,fp32_fused,layer4.1.conv2,"(512, 512, 3, 3)",132.55869674682617,5.618569977943682e-05,43,43,3,
resnet50_no_weights,CIFAR10,fp32_fused,layer4.1.conv2,"(512, 512, 3, 3)",138.4150231402853,5.8667934477185275e-05,44,44,3,
resnet50_no_weights,CIFAR10,fp32_fused,layer4.1.conv2,"(512, 512, 3, 3)",134.10486190995638,5.684105000388098e-05,"42,43,44",aggregate,3,3.7820491008577544
resnet50_no_weights,CIFAR10,fp32_fused,layer4.1.conv3,"(2048, 512, 1, 1)",24.314034420510996,2.3187670155058857e-05,42,42,3,
resnet50_no_weights,CIFAR10,fp32_fused,layer4.1.conv3,"(2048, 512, 1, 1)",29.740054766337078,2.836232639917095e-05,43,43,3,
resnet50_no_weights,CIFAR10,fp32_fused,layer4.1.conv3,"(2048, 512, 1, 1)",30.939938394646894,2.9506624598166365e-05,44,44,3,
resnet50_no_weights,CIFAR10,fp32_fused,layer4.1.conv3,"(2048, 512, 1, 1)",28.33134252716499,2.701887371746539e-05,"42,43,44",aggregate,3,3.530439561614446
resnet50_no_weights,CIFAR10,fp32_fused,layer4.2.conv1,"(512, 2048, 1, 1)",56.276567118508474,5.3669516676434015e-05,42,42,3,
resnet50_no_weights,CIFAR10,fp32_fused,layer4.2.conv1,"(512, 2048, 1, 1)",62.704104818948885,5.9799294299076924e-05,43,43,3,
resnet50_no_weights,CIFAR10,fp32_fused,layer4.2.conv1,"(512, 2048, 1, 1)",59.98341452769744,5.720464184541458e-05,44,44,3,
resnet50_no_weights,CIFAR10,fp32_fused,layer4.2.conv1,"(512, 2048, 1, 1)",59.65469548838493,5.6891150940308505e-05,"42,43,44",aggregate,3,3.2263527980911517
resnet50_no_weights,CIFAR10,fp32_fused,layer4.2.conv2,"(512, 512, 3, 3)",9.046101613478227,3.834237676611255e-06,42,42,3,
resnet50_no_weights,CIFAR10,fp32_fused,layer4.2.conv2,"(512, 512, 3, 3)",9.730092898659084,4.124150974976893e-06,43,43,3,
resnet50_no_weights,CIFAR10,fp32_fused,layer4.2.conv2,"(512, 512, 3, 3)",8.534520012991768,3.617401128553504e-06,44,44,3,
resnet50_no_weights,CIFAR10,fp32_fused,layer4.2.conv2,"(512, 512, 3, 3)",9.10357150837636,3.858596593380551e-06,"42,43,44",aggregate,3,0.5998547514610683
resnet50_no_weights,CIFAR10,fp32_fused,layer4.2.conv3,"(2048, 512, 1, 1)",7.481791420416399,7.135192318359755e-06,42,42,3,
resnet50_no_weights,CIFAR10,fp32_fused,layer4.2.conv3,"(2048, 512, 1, 1)",4.881573915481567,4.655431666833465e-06,43,43,3,
resnet50_no_weights,CIFAR10,fp32_fused,layer4.2.conv3,"(2048, 512, 1, 1)",5.409667953368156,5.1590613874131734e-06,44,44,3,
resnet50_no_weights,CIFAR10,fp32_fused,layer4.2.conv3,"(2048, 512, 1, 1)",5.924344429755374,5.649895124202131e-06,"42,43,44",aggregate,3,1.3743913833956296
resnet50_no_weights,CIFAR10,fp32_fused,fc,"(10, 2048)",6.670220701318038,0.00032569437018154483,42,42,3,
resnet50_no_weights,CIFAR10,fp32_fused,fc,"(10, 2048)",6.100992309286239,0.00029790001510186716,43,43,3,
resnet50_no_weights,CIFAR10,fp32_fused,fc,"(10, 2048)",6.320389926433563,0.0003086127893766388,44,44,3,
resnet50_no_weights,CIFAR10,fp32_fused,fc,"(10, 2048)",6.36386764567928,0.0003107357248866836,"42,43,44",aggregate,3,0.28709401705170357
resnet50_no_weights,CIFAR10,ptq,conv1,"(64, 3, 3, 3)",104.38569843769073,0.06040839029958955,42,42,3,
resnet50_no_weights,CIFAR10,ptq,conv1,"(64, 3, 3, 3)",96.974855211046,0.05611970787676274,43,43,3,
resnet50_no_weights,CIFAR10,ptq,conv1,"(64, 3, 3, 3)",91.92479944229126,0.05319722189947411,44,44,3,
resnet50_no_weights,CIFAR10,ptq,conv1,"(64, 3, 3, 3)",97.761784363676,0.05657510669194213,"42,43,44",aggregate,3,6.267610713966777
resnet50_no_weights,CIFAR10,ptq,layer1.0.conv1,"(64, 64, 1, 1)",0.803249474299156,0.0001961058286863174,42,42,3,
resnet50_no_weights,CIFAR10,ptq,layer1.0.conv1,"(64, 64, 1, 1)",1.0929132948319118,0.0002668245348710722,43,43,3,
resnet50_no_weights,CIFAR10,ptq,layer1.0.conv1,"(64, 64, 1, 1)",0.6452031023800373,0.0001575202886670013,44,44,3,
resnet50_no_weights,CIFAR10,ptq,layer1.0.conv1,"(64, 64, 1, 1)",0.8471219571703684,0.00020681688407479698,"42,43,44",aggregate,3,0.2270566012501888
resnet50_no_weights,CIFAR10,ptq,layer1.0.conv2,"(64, 64, 3, 3)",2.396738356159579,6.501568891491914e-05,42,42,3,
resnet50_no_weights,CIFAR10,ptq,layer1.0.conv2,"(64, 64, 3, 3)",2.372069259484609,6.434649683931774e-05,43,43,3,
resnet50_no_weights,CIFAR10,ptq,layer1.0.conv2,"(64, 64, 3, 3)",2.2927908126045677,6.219593133150411e-05,44,44,3,
resnet50_no_weights,CIFAR10,ptq,layer1.0.conv2,"(64, 64, 3, 3)",2.3538661427495855,6.3852705695247e-05,"42,43,44",aggregate,3,0.05431195123480584
resnet50_no_weights,CIFAR10,ptq,layer1.0.conv3,"(256, 64, 1, 1)",0.6170611118569094,3.766242137798519e-05,42,42,3,
resnet50_no_weights,CIFAR10,ptq,layer1.0.conv3,"(256, 64, 1, 1)",0.7472657461961111,4.560948157935248e-05,43,43,3,
resnet50_no_weights,CIFAR10,ptq,layer1.0.conv3,"(256, 64, 1, 1)",0.6875443011522293,4.196437384962337e-05,44,44,3,
resnet50_no_weights,CIFAR10,ptq,layer1.0.conv3,"(256, 64, 1, 1)",0.6839570530684166,4.174542560232035e-05,"42,43,44",aggregate,3,0.06517639881477359
resnet50_no_weights,CIFAR10,ptq,layer1.0.downsample.0,"(256, 64, 1, 1)",6.256020247936249,0.0003818371733359527,42,42,3,
resnet50_no_weights,CIFAR10,ptq,layer1.0.downsample.0,"(256, 64, 1, 1)",6.9049674570560455,0.0004214457676425809,43,43,3,
resnet50_no_weights,CIFAR10,ptq,layer1.0.downsample.0,"(256, 64, 1, 1)",6.459208083875252,0.0003942387746505891,44,44,3,
resnet50_no_weights,CIFAR10,ptq,layer1.0.downsample.0,"(256, 64, 1, 1)",6.5400652629558484,0.00039917390520970755,"42,43,44",aggregate,3,0.3319435684159991
resnet50_no_weights,CIFAR10,ptq,layer1.1.conv1,"(64, 256, 1, 1)",1.1320275419524737,6.909347790237266e-05,42,42,3,
resnet50_no_weights,CIFAR10,ptq,layer1.1.conv1,"(64, 256, 1, 1)",1.0700064955846122,6.530801364652174e-05,43,43,3,
resnet50_no_weights,CIFAR10,ptq,layer1.1.conv1,"(64, 256, 1, 1)",1.1574981542010057,7.064808070074497e-05,44,44,3,
resnet50_no_weights,CIFAR10,ptq,layer1.1.conv1,"(64, 256, 1, 1)",1.1198440639126972,6.834985741654646e-05,"42,43,44",aggregate,3,0.045000282607125575
resnet50_no_weights,CIFAR10,ptq,layer1.1.conv2,"(64, 64, 3, 3)",2.1895074049631753,5.9394189587759745e-05,42,42,3,
resnet50_no_weights,CIFAR10,ptq,layer1.1.conv2,"(64, 64, 3, 3)",2.4424649063421757,6.625610097499392e-05,43,43,3,
resnet50_no_weights,CIFAR10,ptq,layer1.1.conv2,"(64, 64, 3, 3)",2.1980586449305215,5.9626156817776736e-05,44,44,3,
resnet50_no_weights,CIFAR10,ptq,layer1.1.conv2,"(64, 64, 3, 3)",2.2766769854119575,6.175881579351014e-05,"42,43,44",aggregate,3,0.14364019970404523
resnet50_no_weights,CIFAR10,ptq,layer1.1.conv3,"(256, 64, 1, 1)",0.9521430797047086,5.811420164213309e-05,42,42,3,
resnet50_no_weights,CIFAR10,ptq,layer1.1.conv3,"(256, 64, 1, 1)",1.0208598939148155,6.230834313444919e-05,43,43,3,
resnet50_no_weights,CIFAR10,ptq,layer1.1.conv3,"(256, 64, 1, 1)",0.8594856701791287,5.2458842174019085e-05,44,44,3,
resnet50_no_weights,CIFAR10,ptq,layer1.1.conv3,"(256, 64, 1, 1)",0.9441628812662176,5.762712898353379e-05,"42,43,44",aggregate,3,0.080982545631217
resnet50_no_weights,CIFAR10,ptq,layer1.2.conv1,"(64, 256, 1, 1)",4.505818214416504,0.0002750133187510073,42,42,3,
resnet50_no_weights,CIFAR10,ptq,layer1.2.conv1,"(64, 256, 1, 1)",3.0016582362792072,0.00018320667946040083,43,43,3,
resnet50_no_weights,CIFAR10,ptq,layer1.2.conv1,"(64, 256, 1, 1)",3.5370413330664117,0.00021588387042641673,44,44,3,
resnet50_no_weights,CIFAR10,ptq,layer1.2.conv1,"(64, 256, 1, 1)",3.6815059279207074,0.00022470128954594161,"42,43,44",aggregate,3,0.7624151259860404
resnet50_no_weights,CIFAR10,ptq,layer1.2.conv2,"(64, 64, 3, 3)",3.2186757723490396,8.731216830373914e-05,42,42,3,
resnet50_no_weights,CIFAR10,ptq,layer1.2.conv2,"(64, 64, 3, 3)",3.1784456876608043,8.622085741267372e-05,43,43,3,
resnet50_no_weights,CIFAR10,ptq,layer1.2.conv2,"(64, 64, 3, 3)",2.731424424383375,7.409462956769138e-05,44,44,3,
resnet50_no_weights,CIFAR10,ptq,layer1.2.conv2,"(64, 64, 3, 3)",3.042848628131073,8.254255176136809e-05,"42,43,44",aggregate,3,0.2704503483791828
resnet50_no_weights,CIFAR10,ptq,layer1.2.conv3,"(256, 64, 1, 1)",1.2218701541423798,7.457703577529173e-05,42,42,3,
resnet50_no_weights,CIFAR10,ptq,layer1.2.conv3,"(256, 64, 1, 1)",1.1801577617724737,7.203111338943321e-05,43,43,3,
resnet50_no_weights,CIFAR10,ptq,layer1.2.conv3,"(256, 64, 1, 1)",1.1417986346142632,6.968985806971821e-05,44,44,3,
resnet50_no_weights,CIFAR10,ptq,layer1.2.conv3,"(256, 64, 1, 1)",1.1812755168430389,7.209933574481439e-05,"42,43,44",aggregate,3,0.040047460496062885
resnet50_no_weights,CIFAR10,ptq,layer2.0.conv1,"(128, 256, 1, 1)",5.369009080686067,0.00016384915407367147,42,42,3,
resnet50_no_weights,CIFAR10,ptq,layer2.0.conv1,"(128, 256, 1, 1)",6.139702161153157,0.00018736884036722282,43,43,3,
resnet50_no_weights,CIFAR10,ptq,layer2.0.conv1,"(128, 256, 1, 1)",5.501518070697784,0.0001678930075286189,44,44,3,
resnet50_no_weights,CIFAR10,ptq,layer2.0.conv1,"(128, 256, 1, 1)",5.6700764375123365,0.0001730370006565044,"42,43,44",aggregate,3,0.41206904559473406
resnet50_no_weights,CIFAR10,ptq,layer2.0.conv2,"(128, 128, 3, 3)",24.37762921197074,0.00016532137866191092,42,42,3,
resnet50_no_weights,CIFAR10,ptq,layer2.0.conv2,"(128, 128, 3, 3)",28.389679468595066,0.00019252983580590188,43,43,3,
resnet50_no_weights,CIFAR10,ptq,layer2.0.conv2,"(128, 128, 3, 3)",31.10985567834642,0.00021097721136031371,44,44,3,
resnet50_no_weights,CIFAR10,ptq,layer2.0.conv2,"(128, 128, 3, 3)",27.959054786304076,0.0001896094752760422,"42,43,44",aggregate,3,3.3867088022726377
resnet50_no_weights,CIFAR10,ptq,layer2.0.conv3,"(512, 128, 1, 1)",16.706473449491106,0.00025492055434404154,42,42,3,
resnet50_no_weights,CIFAR10,ptq,layer2.0.conv3,"(512, 128, 1, 1)",15.635643974939983,0.00023858099326995824,43,43,3,
resnet50_no_weights,CIFAR10,ptq,layer2.0.conv3,"(512, 128, 1, 1)",15.9986210194501,0.0002441195834266678,44,44,3,
resnet50_no_weights,CIFAR10,ptq,layer2.0.conv3,"(512, 128, 1, 1)",16.11357948129373,0.0002458737103468892,"42,43,44",aggregate,3,0.5445920738074956
resnet50_no_weights,CIFAR10,ptq,layer2.0.downsample.0,"(512, 256, 1, 1)",24.392305658413814,0.0001860985233948808,42,42,3,
resnet50_no_weights,CIFAR10,ptq,layer2.0.downsample.0,"(512, 256, 1, 1)",26.71601059220054,0.00020382698510895187,43,43,3,
resnet50_no_weights,CIFAR10,ptq,layer2.0.downsample.0,"(512, 256, 1, 1)",31.300082623958588,0.0002388006791989028,44,44,3,
resnet50_no_weights,CIFAR10,ptq,layer2.0.downsample.0,"(512, 256, 1, 1)",27.469466291524313,0.0002095753959009118,"42,43,44",aggregate,3,3.514984675579731
resnet50_no_weights,CIFAR10,ptq,layer2.1.conv1,"(128, 512, 1, 1)",5.9649144740814855,9.101737173586251e-05,42,42,3,
resnet50_no_weights,CIFAR10,ptq,layer2.1.conv1,"(128, 512, 1, 1)",6.155607568806615,9.392711744394859e-05,43,43,3,
resnet50_no_weights,CIFAR10,ptq,layer2.1.conv1,"(128, 512, 1, 1)",5.206301468610763,7.94418559053156e-05,44,44,3,
resnet50_no_weights,CIFAR10,ptq,layer2.1.conv1,"(128, 512, 1, 1)",5.775607837166288,8.812878169504224e-05,"42,43,44",aggregate,3,0.5021685673679416
resnet50_no_weights,CIFAR10,ptq,layer2.1.conv2,"(128, 128, 3, 3)",6.068174740624806,4.115244371625981e-05,42,42,3,
resnet50_no_weights,CIFAR10,ptq,layer2.1.conv2,"(128, 128, 3, 3)",6.176967299714381,4.1890240476578646e-05,43,43,3,
resnet50_no_weights,CIFAR10,ptq,layer2.1.conv2,"(128, 128, 3, 3)",6.032350711419549,4.090949646958787e-05,44,44,3,
resnet50_no_weights,CIFAR10,ptq,layer2.1.conv2,"(128, 128, 3, 3)",6.092497583919578,4.1317393554142106e-05,"42,43,44",aggregate,3,0.07531394248056436
resnet50_no_weights,CIFAR10,ptq,layer2.1.conv3,"(512, 128, 1, 1)",3.8086603217654758,5.811554446053277e-05,42,42,3,
resnet50_no_weights,CIFAR10,ptq,layer2.1.conv3,"(512, 128, 1, 1)",3.3869810104370117,5.168122879695147e-05,43,43,3,
resnet50_no_weights,CIFAR10,ptq,layer2.1.conv3,"(512, 128, 1, 1)",4.084029623956392,6.231734655695178e-05,44,44,3,
resnet50_no_weights,CIFAR10,ptq,layer2.1.conv3,"(512, 128, 1, 1)",3.759890318719626,5.737137327147867e-05,"42,43,44",aggregate,3,0.35107417635044247
resnet50_no_weights,CIFAR10,ptq,layer2.2.conv1,"(128, 512, 1, 1)",8.033065093191047,0.00012257484578233408,42,42,3,
resnet50_no_weights,CIFAR10,ptq,layer2.2.conv1,"(128, 512, 1, 1)",9.587719026364779,0.00014629698221381803,43,43,3,
resnet50_no_weights,CIFAR10,ptq,layer2.2.conv1,"(128, 512, 1, 1)",7.9007685245611725,0.00012055616034791828,44,44,3,
resnet50_no_weights,CIFAR10,ptq,layer2.2.conv1,"(128, 512, 1, 1)",8.507184214705665,0.00012980932944802346,"42,43,44",aggregate,3,0.9381056469946258
resnet50_no_weights,CIFAR10,ptq,layer2.2.conv2,"(128, 128, 3, 3)",5.670489224520597,3.845546620361733e-05,42,42,3,
resnet50_no_weights,CIFAR10,ptq,layer2.2.conv2,"(128, 128, 3, 3)",4.279667753922312,2.902335445097054e-05,43,43,3,
resnet50_no_weights,CIFAR10,ptq,layer2.2.conv2,"(128, 128, 3, 3)",5.323190426826477,3.6100195494428686e-05,44,44,3,
resnet50_no_weights,CIFAR10,ptq,layer2.2.conv2,"(128, 128, 3, 3)",5.0911158017564615,3.452633871633885e-05,"42,43,44",aggregate,3,0.7238715800957617
resnet50_no_weights,CIFAR10,ptq,layer2.2.conv3,"(512, 128, 1, 1)",3.2446025822843825,4.950870639472019e-05,42,42,3,
resnet50_no_weights,CIFAR10,ptq,layer2.2.conv3,"(512, 128, 1, 1)",3.0457322160402933,4.6474185425419515e-05,43,43,3,
resnet50_no_weights,CIFAR10,ptq,layer2.2.conv3,"(512, 128, 1, 1)",3.398091969282731,5.185076857426042e-05,44,44,3,
resnet50_no_weights,CIFAR10,ptq,layer2.2.conv3,"(512, 128, 1, 1)",3.229475589202469,4.9277886798133376e-05,"42,43,44",aggregate,3,0.17666626267072918
resnet50_no_weights,CIFAR10,ptq,layer2.3.conv1,"(128, 512, 1, 1)",2.6712999070684114,4.076080180463274e-05,42,42,3,
resnet50_no_weights,CIFAR10,ptq,layer2.3.conv1,"(128, 512, 1, 1)",2.3501972291204662,3.586116377442118e-05,43,43,3,
resnet50_no_weights,CIFAR10,ptq,layer2.3.conv1,"(128, 512, 1, 1)",2.482190774546729,3.787522544169203e-05,44,44,3,
resnet50_no_weights,CIFAR10,ptq,layer2.3.conv1,"(128, 512, 1, 1)",2.5012293035785356,3.816573034024865e-05,"42,43,44",aggregate,3,0.16139572992215948
resnet50_no_weights,CIFAR10,ptq,layer2.3.conv2,"(128, 128, 3, 3)",0.877250861376524,5.94923815495147e-06,42,42,3,
resnet50_no_weights,CIFAR10,ptq,layer2.3.conv2,"(128, 128, 3, 3)",0.8280140678087871,5.615329778434157e-06,43,43,3,
resnet50_no_weights,CIFAR10,ptq,layer2.3.conv2,"(128, 128, 3, 3)",0.952431115411943,6.459086882947747e-06,44,44,3,
resnet50_no_weights,CIFAR10,ptq,layer2.3.conv2,"(128, 128, 3, 3)",0.885898681532418,6.007884938777791e-06,"42,43,44",aggregate,3,0.06265771324153165
resnet50_no_weights,CIFAR10,ptq,layer2.3.conv3,"(512, 128, 1, 1)",1.3281909977236102,2.0266586268975985e-05,42,42,3,
resnet50_no_weights,CIFAR10,ptq,layer2.3.conv3,"(512, 128, 1, 1)",1.3512769708266625,2.061885026285801e-05,43,43,3,
resnet50_no_weights,CIFAR10,ptq,layer2.3.conv3,"(512, 128, 1, 1)",1.294958366000134,1.9759496551515717e-05,44,44,3,
resnet50_no_weights,CIFAR10,ptq,layer2.3.conv3,"(512, 128, 1, 1)",1.324808778183469,2.0214977694449905e-05,"42,43,44",aggregate,3,0.02831123220852379
resnet50_no_weights,CIFAR10,ptq,layer3.0.conv1,"(256, 512, 1, 1)",23.70815046210038,0.0001808788334816008,42,42,3,
resnet50_no_weights,CIFAR10,ptq,layer3.0.conv1,"(256, 512, 1, 1)",22.01002038043478,0.00016792312912319017,43,43,3,
resnet50_no_weights,CIFAR10,ptq,layer3.0.conv1,"(256, 512, 1, 1)",19.9955087767707,0.00015255362531105574,44,44,3,
resnet50_no_weights,CIFAR10,ptq,layer3.0.conv1,"(256, 512, 1, 1)",21.904559873101952,0.00016711852930528223,"42,43,44",aggregate,3,1.8585662511374403
resnet50_no_weights,CIFAR10,ptq,layer3.0.conv2,"(256, 256, 3, 3)",25.599765212447554,4.340237971402919e-05,42,42,3,
resnet50_no_weights,CIFAR10,ptq,layer3.0.conv2,"(256, 256, 3, 3)",23.439434221812657,3.973970917055369e-05,43,43,3,
resnet50_no_weights,CIFAR10,ptq,layer3.0.conv2,"(256, 256, 3, 3)",25.197210629781086,4.271988021813471e-05,44,44,3,
resnet50_no_weights,CIFAR10,ptq,layer3.0.conv2,"(256, 256, 3, 3)",24.7454700213471,4.195398970090586e-05,"42,43,44",aggregate,3,1.148829700284433
resnet50_no_weights,CIFAR10,ptq,layer3.0.conv3,"(1024, 256, 1, 1)",10.078234243392945,3.844541261059931e-05,42,42,3,
resnet50_no_weights,CIFAR10,ptq,layer3.0.conv3,"(1024, 256, 1, 1)",10.794626099722725,4.117823066605654e-05,43,43,3,
resnet50_no_weights,CIFAR10,ptq,layer3.0.conv3,"(1024, 256, 1, 1)",10.003985768272763,3.8162177155581523e-05,44,44,3,
resnet50_no_weights,CIFAR10,ptq,layer3.0.conv3,"(1024, 256, 1, 1)",10.292282037129478,3.9261940144079126e-05,"42,43,44",aggregate,3,0.43662383916986774
resnet50_no_weights,CIFAR10,ptq,layer3.0.downsample.0,"(1024, 512, 1, 1)",40.74539399147034,7.77156715230376e-05,42,42,3,
resnet50_no_weights,CIFAR10,ptq,layer3.0.downsample.0,"(1024, 512, 1, 1)",38.122904102007546,7.271366901780614e-05,43,43,3,
resnet50_no_weights,CIFAR10,ptq,layer3.0.downsample.0,"(1024, 512, 1, 1)",43.650339528134,8.325641542078781e-05,44,44,3,
resnet50_no_weights,CIFAR10,ptq,layer3.0.downsample.0,"(1024, 512, 1, 1)",40.83954587387063,7.789525198721052e-05,"42,43,44",aggregate,3,2.7649202574792398
resnet50_no_weights,CIFAR10,ptq,layer3.1.conv1,"(256, 1024, 1, 1)",6.389315664768219,2.4373304995606304e-05,42,42,3,
resnet50_no_weights,CIFAR10,ptq,layer3.1.conv1,"(256, 1024, 1, 1)",6.781354337930679,2.5868813850138395e-05,43,43,3,
resnet50_no_weights,CIFAR10,ptq,layer3.1.conv1,"(256, 1024, 1, 1)",6.34627742767334,2.420912715024315e-05,44,44,3,
resnet50_no_weights,CIFAR10,ptq,layer3.1.conv1,"(256, 1024, 1, 1)",6.505649143457413,2.4817081998662617e-05,"42,43,44",aggregate,3,0.23973545452793388
resnet50_no_weights,CIFAR10,ptq,layer3.1.conv2,"(256, 256, 3, 3)",12.90012684990378,2.187114605357493e-05,42,42,3,
resnet50_no_weights,CIFAR10,ptq,layer3.1.conv2,"(256, 256, 3, 3)",11.787001528391023,1.9983930000120413e-05,43,43,3,
resnet50_no_weights,CIFAR10,ptq,layer3.1.conv2,"(256, 256, 3, 3)",11.36645350853602,1.9270924052829355e-05,44,44,3,
resnet50_no_weights,CIFAR10,ptq,layer3.1.conv2,"(256, 256, 3, 3)",12.017860628943607,2.0375333368841566e-05,"42,43,44",aggregate,3,0.7924710863725554
resnet50_no_weights,CIFAR10,ptq,layer3.1.conv3,"(1024, 256, 1, 1)",12.078245899894021,4.607485160787209e-05,42,42,3,
resnet50_no_weights,CIFAR10,ptq,layer3.1.conv3,"(1024, 256, 1, 1)",11.762913703918457,4.487195474212058e-05,43,43,3,
resnet50_no_weights,CIFAR10,ptq,layer3.1.conv3,"(1024, 256, 1, 1)",11.693366780000574,4.46066542816184e-05,44,44,3,
resnet50_no_weights,CIFAR10,ptq,layer3.1.conv3,"(1024, 256, 1, 1)",11.844842127937683,4.518448687720369e-05,"42,43,44",aggregate,3,0.2051028625572896
resnet50_no_weights,CIFAR10,ptq,layer3.2.conv1,"(256, 1024, 1, 1)",15.272098350524903,5.825843181810342e-05,42,42,3,
resnet50_no_weights,CIFAR10,ptq,layer3.2.conv1,"(256, 1024, 1, 1)",18.57039645058768,7.084044056162903e-05,43,43,3,
resnet50_no_weights,CIFAR10,ptq,layer3.2.conv1,"(256, 1024, 1, 1)",17.59141470591227,6.710592157711895e-05,44,44,3,
resnet50_no_weights,CIFAR10,ptq,layer3.2.conv1,"(256, 1024, 1, 1)",17.14463650234162,6.540159798561714e-05,"42,43,44",aggregate,3,1.6939305362407266
resnet50_no_weights,CIFAR10,ptq,layer3.2.conv2,"(256, 256, 3, 3)",28.384488423665363,4.8123657944853656e-05,42,42,3,
resnet50_no_weights,CIFAR10,ptq,layer3.2.conv2,"(256, 256, 3, 3)",23.588592455937313,3.999259517404737e-05,43,43,3,
resnet50_no_weights,CIFAR10,ptq,layer3.2.conv2,"(256, 256, 3, 3)",29.303905232747397,4.9682456517109166e-05,44,44,3,
resnet50_no_weights,CIFAR10,ptq,layer3.2.conv2,"(256, 256, 3, 3)",27.092328704116692,4.59329032120034e-05,"42,43,44",aggregate,3,3.068950568160104
resnet50_no_weights,CIFAR10,ptq,layer3.2.conv3,"(1024, 256, 1, 1)",20.255652836390905,7.726918348842966e-05,42,42,3,
resnet50_no_weights,CIFAR10,ptq,layer3.2.conv3,"(1024, 256, 1, 1)",21.126308517456053,8.059047133428975e-05,43,43,3,
resnet50_no_weights,CIFAR10,ptq,layer3.2.conv3,"(1024, 256, 1, 1)",20.736548614501952,7.910365529824048e-05,44,44,3,
resnet50_no_weights,CIFAR10,ptq,layer3.2.conv3,"(1024, 256, 1, 1)",20.706169989449638,7.898777004031997e-05,"42,43,44",aggregate,3,0.4361220865627035
resnet50_no_weights,CIFAR10,ptq,layer3.3.conv1,"(256, 1024, 1, 1)",32.68920006290559,0.00012469940209543454,42,42,3,
resnet50_no_weights,CIFAR10,ptq,layer3.3.conv1,"(256, 1024, 1, 1)",29.73612247043186,0.00011343430507824653,43,43,3,
resnet50_no_weights,CIFAR10,ptq,layer3.3.conv1,"(256, 1024, 1, 1)",29.367765808105467,0.0001120291359256953,44,44,3,
resnet50_no_weights,CIFAR10,ptq,layer3.3.conv1,"(256, 1024, 1, 1)",30.597696113814305,0.00011672094769979212,"42,43,44",aggregate,3,1.820635393061552
resnet50_no_weights,CIFAR10,ptq,layer3.3.conv2,"(256, 256, 3, 3)",37.34815364413791,6.332084425886011e-05,42,42,3,
resnet50_no_weights,CIFAR10,ptq,layer3.3.conv2,"(256, 256, 3, 3)",39.61587869553339,6.716559294897018e-05,43,43,3,
resnet50_no_weights,CIFAR10,ptq,layer3.3.conv2,"(256, 256, 3, 3)",38.88698185511998,6.592980593383785e-05,44,44,3,
resnet50_no_weights,CIFAR10,ptq,layer3.3.conv2,"(256, 256, 3, 3)",38.61700473159709,6.547208104722271e-05,"42,43,44",aggregate,3,1.1577175659896186
resnet50_no_weights,CIFAR10,ptq,layer3.3.conv3,"(1024, 256, 1, 1)",24.697537740071613,9.421362968472143e-05,42,42,3,
resnet50_no_weights,CIFAR10,ptq,layer3.3.conv3,"(1024, 256, 1, 1)",20.287851015726726,7.739200979510012e-05,43,43,3,
resnet50_no_weights,CIFAR10,ptq,layer3.3.conv3,"(1024, 256, 1, 1)",21.150037307739257,8.068098948569968e-05,44,44,3,
resnet50_no_weights,CIFAR10,ptq,layer3.3.conv3,"(1024, 256, 1, 1)",22.0451420211792,8.409554298850708e-05,"42,43,44",aggregate,3,2.3371443232570566
resnet50_no_weights,CIFAR10,ptq,layer3.4.conv1,"(256, 1024, 1, 1)",30.00523073533002,0.00011446087164051064,42,42,3,
resnet50_no_weights,CIFAR10,ptq,layer3.4.conv1,"(256, 1024, 1, 1)",32.04205233876298,0.00012223072944169227,43,43,3,
resnet50_no_weights,CIFAR10,ptq,layer3.4.conv1,"(256, 1024, 1, 1)",31.855899930000305,0.00012152061435699579,44,44,3,
resnet50_no_weights,CIFAR10,ptq,layer3.4.conv1,"(256, 1024, 1, 1)",31.301061001364435,0.00011940407181306623,"42,43,44",aggregate,3,1.1260751478476703
resnet50_no_weights,CIFAR10,ptq,layer3.4.conv2,"(256, 256, 3, 3)",19.82571115947905,3.3612927177393675e-05,42,42,3,
resnet50_no_weights,CIFAR10,ptq,layer3.4.conv2,"(256, 256, 3, 3)",20.82996892929077,3.5315566896719654e-05,43,43,3,
resnet50_no_weights,CIFAR10,ptq,layer3.4.conv2,"(256, 256, 3, 3)",17.70487259655464,3.001721292547377e-05,44,44,3,
resnet50_no_weights,CIFAR10,ptq,layer3.4.conv2,"(256, 256, 3, 3)",19.45351756177482,3.29819023331957e-05,"42,43,44",aggregate,3,1.5954475321517836
resnet50_no_weights,CIFAR10,ptq,layer3.4.conv3,"(1024, 256, 1, 1)",14.235479082380023,5.4304043130416956e-05,42,42,3,
resnet50_no_weights,CIFAR10,ptq,layer3.4.conv3,"(1024, 256, 1, 1)",16.806290054321288,6.411090871552005e-05,43,43,3,
resnet50_no_weights,CIFAR10,ptq,layer3.4.conv3,"(1024, 256, 1, 1)",17.50764010502742,6.678634683619469e-05,44,44,3,
resnet50_no_weights,CIFAR10,ptq,layer3.4.conv3,"(1024, 256, 1, 1)",16.183136413909576,6.173376622737723e-05,"42,43,44",aggregate,3,1.7227883747581973
resnet50_no_weights,CIFAR10,ptq,layer3.5.conv1,"(256, 1024, 1, 1)",18.34420413062686,6.997758533716911e-05,42,42,3,
resnet50_no_weights,CIFAR10,ptq,layer3.5.conv1,"(256, 1024, 1, 1)",20.159462125677813,7.69022450472939e-05,43,43,3,
resnet50_no_weights,CIFAR10,ptq,layer3.5.conv1,"(256, 1024, 1, 1)",20.720743423853165,7.904336328068987e-05,44,44,3,
resnet50_no_weights,CIFAR10,ptq,layer3.5.conv1,"(256, 1024, 1, 1)",19.741469893385947,7.530773122171763e-05,"42,43,44",aggregate,3,1.2421847216716198
resnet50_no_weights,CIFAR10,ptq,layer3.5.conv2,"(256, 256, 3, 3)",6.150915947453729,1.0428392109262644e-05,42,42,3,
resnet50_no_weights,CIFAR10,ptq,layer3.5.conv2,"(256, 256, 3, 3)",6.7172374327977495,1.1388545452198875e-05,43,43,3,
resnet50_no_weights,CIFAR10,ptq,layer3.5.conv2,"(256, 256, 3, 3)",6.176025668780009,1.0470963658277739e-05,44,44,3,
resnet50_no_weights,CIFAR10,ptq,layer3.5.conv2,"(256, 256, 3, 3)",6.348059683010496,1.0762633739913086e-05,"42,43,44",aggregate,3,0.3199637209587297
resnet50_no_weights,CIFAR10,ptq,layer3.5.conv3,"(1024, 256, 1, 1)",10.99070962270101,4.192622994499592e-05,42,42,3,
resnet50_no_weights,CIFAR10,ptq,layer3.5.conv3,"(1024, 256, 1, 1)",9.577832965289845,3.653653322330416e-05,43,43,3,
resnet50_no_weights,CIFAR10,ptq,layer3.5.conv3,"(1024, 256, 1, 1)",9.346257983313667,3.565314477277247e-05,44,44,3,
resnet50_no_weights,CIFAR10,ptq,layer3.5.conv3,"(1024, 256, 1, 1)",9.97160019043484,3.803863598035751e-05,"42,43,44",aggregate,3,0.8901375002041663
resnet50_no_weights,CIFAR10,ptq,layer4.0.conv1,"(512, 1024, 1, 1)",42.40001649122972,8.087161348577446e-05,42,42,3,
resnet50_no_weights,CIFAR10,ptq,layer4.0.conv1,"(512, 1024, 1, 1)",44.81396853539251,8.54758616168833e-05,43,43,3,
resnet50_no_weights,CIFAR10,ptq,layer4.0.conv1,"(512, 1024, 1, 1)",47.40132440839495,9.041085130385389e-05,44,44,3,
resnet50_no_weights,CIFAR10,ptq,layer4.0.conv1,"(512, 1024, 1, 1)",44.871769811672394,8.558610880217055e-05,"42,43,44",aggregate,3,2.5011549254753462
resnet50_no_weights,CIFAR10,ptq,layer4.0.conv2,"(512, 512, 3, 3)",16.609875510720645,7.040182965901966e-06,42,42,3,
resnet50_no_weights,CIFAR10,ptq,layer4.0.conv2,"(512, 512, 3, 3)",14.868157906965775,6.30194681250923e-06,43,43,3,
resnet50_no_weights,CIFAR10,ptq,layer4.0.conv2,"(512, 512, 3, 3)",16.748799953054874,7.09906682037984e-06,44,44,3,
resnet50_no_weights,CIFAR10,ptq,layer4.0.conv2,"(512, 512, 3, 3)",16.07561112358043,6.813732199597011e-06,"42,43,44",aggregate,3,1.047989719846659
resnet50_no_weights,CIFAR10,ptq,layer4.0.conv3,"(2048, 512, 1, 1)",18.188427234518116,1.7345835909383884e-05,42,42,3,
resnet50_no_weights,CIFAR10,ptq,layer4.0.conv3,"(2048, 512, 1, 1)",18.424279149373373,1.7570761823056576e-05,43,43,3,
resnet50_no_weights,CIFAR10,ptq,layer4.0.conv3,"(2048, 512, 1, 1)",19.835080941518147,1.8916207257764956e-05,44,44,3,
resnet50_no_weights,CIFAR10,ptq,layer4.0.conv3,"(2048, 512, 1, 1)",18.815929108469877,1.794426833006847e-05,"42,43,44",aggregate,3,0.8904545892629543
resnet50_no_weights,CIFAR10,ptq,layer4.0.downsample.0,"(2048, 1024, 1, 1)",41.95467080010308,2.000554599766878e-05,42,42,3,
resnet50_no_weights,CIFAR10,ptq,layer4.0.downsample.0,"(2048, 1024, 1, 1)",41.9296854019165,1.999363203140092e-05,43,43,3,
resnet50_no_weights,CIFAR10,ptq,layer4.0.downsample.0,"(2048, 1024, 1, 1)",42.33818171101232,2.0188418250566634e-05,44,44,3,
resnet50_no_weights,CIFAR10,ptq,layer4.0.downsample.0,"(2048, 1024, 1, 1)",42.074179304343964,2.006253209321211e-05,"42,43,44",aggregate,3,0.22897384255771808
resnet50_no_weights,CIFAR10,ptq,layer4.1.conv1,"(512, 2048, 1, 1)",49.42669258117676,4.7136967259575614e-05,42,42,3,
resnet50_no_weights,CIFAR10,ptq,layer4.1.conv1,"(512, 2048, 1, 1)",71.41720314025879,6.81087523844326e-05,43,43,3,
resnet50_no_weights,CIFAR10,ptq,layer4.1.conv1,"(512, 2048, 1, 1)",56.44827168782552,5.3833266914201276e-05,44,44,3,
resnet50_no_weights,CIFAR10,ptq,layer4.1.conv1,"(512, 2048, 1, 1)",59.097389136420354,5.6359662186069826e-05,"42,43,44",aggregate,3,11.232052622054965
resnet50_no_weights,CIFAR10,ptq,layer4.1.conv2,"(512, 512, 3, 3)",113.49900817871094,4.8107150683386455e-05,42,42,3,
resnet50_no_weights,CIFAR10,ptq,layer4.1.conv2,"(512, 512, 3, 3)",136.6459130859375,5.79180878897508e-05,43,43,3,
resnet50_no_weights,CIFAR10,ptq,layer4.1.conv2,"(512, 512, 3, 3)",137.17890367053803,5.814399874815964e-05,44,44,3,
resnet50_no_weights,CIFAR10,ptq,layer4.1.conv2,"(512, 512, 3, 3)",129.10794164506217,5.472307910709897e-05,"42,43,44",aggregate,3,13.520359562842721
resnet50_no_weights,CIFAR10,ptq,layer4.1.conv3,"(2048, 512, 1, 1)",29.313697714554635,2.7955720629267345e-05,42,42,3,
resnet50_no_weights,CIFAR10,ptq,layer4.1.conv3,"(2048, 512, 1, 1)",29.783959419496597,2.8404197139259908e-05,43,43,3,
resnet50_no_weights,CIFAR10,ptq,layer4.1.conv3,"(2048, 512, 1, 1)",31.37464299409286,2.992119120988165e-05,44,44,3,
resnet50_no_weights,CIFAR10,ptq,layer4.1.conv3,"(2048, 512, 1, 1)",30.15743337604803,2.8760369659469632e-05,"42,43,44",aggregate,3,1.0800397948591332
resnet50_no_weights,CIFAR10,ptq,layer4.2.conv1,"(512, 2048, 1, 1)",63.1462873840332,6.022099245456047e-05,42,42,3,
resnet50_no_weights,CIFAR10,ptq,layer4.2.conv1,"(512, 2048, 1, 1)",61.385112276264266,5.854140498758723e-05,43,43,3,
resnet50_no_weights,CIFAR10,ptq,layer4.2.conv1,"(512, 2048, 1, 1)",58.27456035036029,5.557495150600461e-05,44,44,3,
resnet50_no_weights,CIFAR10,ptq,layer4.2.conv1,"(512, 2048, 1, 1)",60.93532000355258,5.81124496493841e-05,"42,43,44",aggregate,3,2.466812901113139
resnet50_no_weights,CIFAR10,ptq,layer4.2.conv2,"(512, 512, 3, 3)",10.963277311886058,4.646842664882261e-06,42,42,3,
resnet50_no_weights,CIFAR10,ptq,layer4.2.conv2,"(512, 512, 3, 3)",10.998841395744911,4.661916688599019e-06,43,43,3,
resnet50_no_weights,CIFAR10,ptq,layer4.2.conv2,"(512, 512, 3, 3)",9.088709115982056,3.852297090310862e-06,44,44,3,
resnet50_no_weights,CIFAR10,ptq,layer4.2.conv2,"(512, 512, 3, 3)",10.350275941204341,4.3870188145973805e-06,"42,43,44",aggregate,3,1.0926936175759692
resnet50_no_weights,CIFAR10,ptq,layer4.2.conv3,"(2048, 512, 1, 1)",7.408571329983798,7.065364198669241e-06,42,42,3,
resnet50_no_weights,CIFAR10,ptq,layer4.2.conv3,"(2048, 512, 1, 1)",6.335958980378651,6.042441349390651e-06,43,43,3,
resnet50_no_weights,CIFAR10,ptq,layer4.2.conv3,"(2048, 512, 1, 1)",6.712971597909927,6.401988599691322e-06,44,44,3,
resnet50_no_weights,CIFAR10,ptq,layer4.2.conv3,"(2048, 512, 1, 1)",6.819167302757458,6.503264715917071e-06,"42,43,44",aggregate,3,0.5441345963338634
resnet50_no_weights,CIFAR10,ptq,fc,"(10, 2048)",7.1963001031142015,0.0003513818409723731,42,42,3,
resnet50_no_weights,CIFAR10,ptq,fc,"(10, 2048)",6.873246990904516,0.00033560776322775956,43,43,3,
resnet50_no_weights,CIFAR10,ptq,fc,"(10, 2048)",6.243368753167086,0.00030485198990073666,44,44,3,
resnet50_no_weights,CIFAR10,ptq,fc,"(10, 2048)",6.770971949061934,0.0003306138647002898,"42,43,44",aggregate,3,0.4846283912091141
resnet50_no_weights,CIFAR10,qat,conv1,"(64, 3, 3, 3)",100.49900557778098,0.058159146746401026,42,42,3,
resnet50_no_weights,CIFAR10,qat,conv1,"(64, 3, 3, 3)",97.46292304992676,0.05640215454278169,43,43,3,
resnet50_no_weights,CIFAR10,qat,conv1,"(64, 3, 3, 3)",103.52646357218424,0.05991114790056958,44,44,3,
resnet50_no_weights,CIFAR10,qat,conv1,"(64, 3, 3, 3)",100.49613073329732,0.05815748306325076,"42,43,44",aggregate,3,3.03177128339404
resnet50_no_weights,CIFAR10,qat,layer1.0.conv1,"(64, 64, 1, 1)",0.7147825995558187,0.0001745074705946823,42,42,3,
resnet50_no_weights,CIFAR10,qat,layer1.0.conv1,"(64, 64, 1, 1)",0.7609327110377225,0.00018577458765569398,43,43,3,
resnet50_no_weights,CIFAR10,qat,layer1.0.conv1,"(64, 64, 1, 1)",0.7842012126194803,0.0001914553741746778,44,44,3,
resnet50_no_weights,CIFAR10,qat,layer1.0.conv1,"(64, 64, 1, 1)",0.7533055077376738,0.00018391247747501802,"42,43,44",aggregate,3,0.035332232204543734
resnet50_no_weights,CIFAR10,qat,layer1.0.conv2,"(64, 64, 3, 3)",1.9457587553188205,5.2782084291417654e-05,42,42,3,
resnet50_no_weights,CIFAR10,qat,layer1.0.conv2,"(64, 64, 3, 3)",2.281318267186483,6.188471861942499e-05,43,43,3,
resnet50_no_weights,CIFAR10,qat,layer1.0.conv2,"(64, 64, 3, 3)",2.040406090562994,5.5349557578206216e-05,44,44,3,
resnet50_no_weights,CIFAR10,qat,layer1.0.conv2,"(64, 64, 3, 3)",2.0891610376894323,5.6672120163016285e-05,"42,43,44",aggregate,3,0.17301106945277325
resnet50_no_weights,CIFAR10,qat,layer1.0.conv3,"(256, 64, 1, 1)",0.5732398003339767,3.498778078210307e-05,42,42,3,
resnet50_no_weights,CIFAR10,qat,layer1.0.conv3,"(256, 64, 1, 1)",0.6064491719007492,3.701471996464534e-05,43,43,3,
resnet50_no_weights,CIFAR10,qat,layer1.0.conv3,"(256, 64, 1, 1)",0.5248379598964344,3.203356688821011e-05,44,44,3,
resnet50_no_weights,CIFAR10,qat,layer1.0.conv3,"(256, 64, 1, 1)",0.5681756440437201,3.467868921165284e-05,"42,43,44",aggregate,3,0.04104061086780278
resnet50_no_weights,CIFAR10,qat,layer1.0.downsample.0,"(256, 64, 1, 1)",4.963437795639038,0.00030294420139398426,42,42,3,
resnet50_no_weights,CIFAR10,qat,layer1.0.downsample.0,"(256, 64, 1, 1)",4.566192609923227,0.00027869827941425944,43,43,3,
resnet50_no_weights,CIFAR10,qat,layer1.0.downsample.0,"(256, 64, 1, 1)",4.987278699874878,0.00030439933470916003,44,44,3,
resnet50_no_weights,CIFAR10,qat,layer1.0.downsample.0,"(256, 64, 1, 1)",4.838969701812381,0.0002953472718391346,"42,43,44",aggregate,3,0.2365324577585996
resnet50_no_weights,CIFAR10,qat,layer1.1.conv1,"(64, 256, 1, 1)",0.9544424003568189,5.82545410374035e-05,42,42,3,
resnet50_no_weights,CIFAR10,qat,layer1.1.conv1,"(64, 256, 1, 1)",1.1180436308101072,6.82399677008122e-05,43,43,3,
resnet50_no_weights,CIFAR10,qat,layer1.1.conv1,"(64, 256, 1, 1)",1.146375844153491,6.996922876913397e-05,44,44,3,
resnet50_no_weights,CIFAR10,qat,layer1.1.conv1,"(64, 256, 1, 1)",1.072953958440139,6.54879125024499e-05,"42,43,44",aggregate,3,0.10360704912184243
resnet50_no_weights,CIFAR10,qat,layer1.1.conv2,"(64, 64, 3, 3)",2.3609937770026073,6.404605514872524e-05,42,42,3,
resnet50_no_weights,CIFAR10,qat,layer1.1.conv2,"(64, 64, 3, 3)",2.3992512822151184,6.50838563968945e-05,43,43,3,
resnet50_no_weights,CIFAR10,qat,layer1.1.conv2,"(64, 64, 3, 3)",2.1466690727642606,5.823212545475967e-05,44,44,3,
resnet50_no_weights,CIFAR10,qat,layer1.1.conv2,"(64, 64, 3, 3)",2.3023047106606622,6.245401233345981e-05,"42,43,44",aggregate,3,0.13613503595267526
resnet50_no_weights,CIFAR10,qat,layer1.1.conv3,"(256, 64, 1, 1)",0.617811425589025,3.770821689386139e-05,42,42,3,
resnet50_no_weights,CIFAR10,qat,layer1.1.conv3,"(256, 64, 1, 1)",0.7684419883622063,4.6901976828747946e-05,43,43,3,
resnet50_no_weights,CIFAR10,qat,layer1.1.conv3,"(256, 64, 1, 1)",0.6432219073176384,3.925914961655508e-05,44,44,3,
resnet50_no_weights,CIFAR10,qat,layer1.1.conv3,"(256, 64, 1, 1)",0.6764917737562899,4.12897811130548e-05,"42,43,44",aggregate,3,0.08063841900716812
resnet50_no_weights,CIFAR10,qat,layer1.2.conv1,"(64, 256, 1, 1)",2.9522982984781265,0.0001801939879442216,42,42,3,
resnet50_no_weights,CIFAR10,qat,layer1.2.conv1,"(64, 256, 1, 1)",3.069894399907854,0.00018737148436937586,43,43,3,
resnet50_no_weights,CIFAR10,qat,layer1.2.conv1,"(64, 256, 1, 1)",2.830048603670938,0.00017273245872015,44,44,3,
resnet50_no_weights,CIFAR10,qat,layer1.2.conv1,"(64, 256, 1, 1)",2.9507471006856396,0.0001800993103445825,"42,43,44",aggregate,3,0.11993042213747791
resnet50_no_weights,CIFAR10,qat,layer1.2.conv2,"(64, 64, 3, 3)",3.331409136454264,9.037025652273937e-05,42,42,3,
resnet50_no_weights,CIFAR10,qat,layer1.2.conv2,"(64, 64, 3, 3)",2.130559722582499,5.7795131363457545e-05,43,43,3,
resnet50_no_weights,CIFAR10,qat,layer1.2.conv2,"(64, 64, 3, 3)",2.1980118474790027,5.962488735565871e-05,44,44,3,
resnet50_no_weights,CIFAR10,qat,layer1.2.conv2,"(64, 64, 3, 3)",2.553326902171922,6.926342508061854e-05,"42,43,44",aggregate,3,0.6746824584703641
resnet50_no_weights,CIFAR10,qat,layer1.2.conv3,"(256, 64, 1, 1)",0.6448279448917934,3.9357174370837e-05,42,42,3,
resnet50_no_weights,CIFAR10,qat,layer1.2.conv3,"(256, 64, 1, 1)",0.8248317165757125,5.034373270115433e-05,43,43,3,
resnet50_no_weights,CIFAR10,qat,layer1.2.conv3,"(256, 64, 1, 1)",0.8604045303331481,5.251492494709156e-05,44,44,3,
resnet50_no_weights,CIFAR10,qat,layer1.2.conv3,"(256, 64, 1, 1)",0.7766880639335514,4.74052773396943e-05,"42,43,44",aggregate,3,0.1155710799245868
resnet50_no_weights,CIFAR10,qat,layer2.0.conv1,"(128, 256, 1, 1)",4.956286969937776,0.0001512538748149956,42,42,3,
resnet50_no_weights,CIFAR10,qat,layer2.0.conv1,"(128, 256, 1, 1)",4.529322803020477,0.0001382239624945214,43,43,3,
resnet50_no_weights,CIFAR10,qat,layer2.0.conv1,"(128, 256, 1, 1)",3.4346086927082227,0.0001048159391085273,44,44,3,
resnet50_no_weights,CIFAR10,qat,layer2.0.conv1,"(128, 256, 1, 1)",4.3067394885554915,0.00013143125880601475,"42,43,44",aggregate,3,0.7848781394310451
resnet50_no_weights,CIFAR10,qat,layer2.0.conv2,"(128, 128, 3, 3)",18.411889240145683,0.00012486361518110952,42,42,3,
resnet50_no_weights,CIFAR10,qat,layer2.0.conv2,"(128, 128, 3, 3)",21.260198048182897,0.00014417994553075423,43,43,3,
resnet50_no_weights,CIFAR10,qat,layer2.0.conv2,"(128, 128, 3, 3)",20.63524299428083,0.00013994169782362758,44,44,3,
resnet50_no_weights,CIFAR10,qat,layer2.0.conv2,"(128, 128, 3, 3)",20.10244342753647,0.00013632841951183045,"42,43,44",aggregate,3,1.4970378419491694
resnet50_no_weights,CIFAR10,qat,layer2.0.conv3,"(512, 128, 1, 1)",11.75046319346274,0.0001792978392557181,42,42,3,
resnet50_no_weights,CIFAR10,qat,layer2.0.conv3,"(512, 128, 1, 1)",11.97478723526001,0.00018272075249115005,43,43,3,
resnet50_no_weights,CIFAR10,qat,layer2.0.conv3,"(512, 128, 1, 1)",14.421888044902257,0.00022006054756015407,44,44,3,
resnet50_no_weights,CIFAR10,qat,layer2.0.conv3,"(512, 128, 1, 1)",12.715712824541669,0.0001940263797690074,"42,43,44",aggregate,3,1.4818420060389168
resnet50_no_weights,CIFAR10,qat,layer2.0.downsample.0,"(512, 256, 1, 1)",18.087773666381835,0.00013799876149278134,42,42,3,
resnet50_no_weights,CIFAR10,qat,layer2.0.downsample.0,"(512, 256, 1, 1)",22.828133162998018,0.00017416483431242384,43,43,3,
resnet50_no_weights,CIFAR10,qat,layer2.0.downsample.0,"(512, 256, 1, 1)",20.805141473427796,0.0001587306325792526,44,44,3,
resnet50_no_weights,CIFAR10,qat,layer2.0.downsample.0,"(512, 256, 1, 1)",20.57368276760255,0.00015696474279481925,"42,43,44",aggregate,3,2.378640764946765
resnet50_no_weights,CIFAR10,qat,layer2.1.conv1,"(128, 512, 1, 1)",4.251661408864535,6.48752046030355e-05,42,42,3,
resnet50_no_weights,CIFAR10,qat,layer2.1.conv1,"(128, 512, 1, 1)",4.33811925138746,6.619444658489166e-05,43,43,3,
resnet50_no_weights,CIFAR10,qat,layer2.1.conv1,"(128, 512, 1, 1)",4.760138873010874,7.26339549714794e-05,44,44,3,
resnet50_no_weights,CIFAR10,qat,layer2.1.conv1,"(128, 512, 1, 1)",4.4499731777542895,6.790120205313552e-05,"42,43,44",aggregate,3,0.27206765430482543
resnet50_no_weights,CIFAR10,qat,layer2.1.conv2,"(128, 128, 3, 3)",4.880039695650339,3.3094887258913433e-05,42,42,3,
resnet50_no_weights,CIFAR10,qat,layer2.1.conv2,"(128, 128, 3, 3)",4.660551878384181,3.160639023426772e-05,43,43,3,
resnet50_no_weights,CIFAR10,qat,layer2.1.conv2,"(128, 128, 3, 3)",4.216592609882355,2.859559875408498e-05,44,44,3,
resnet50_no_weights,CIFAR10,qat,layer2.1.conv2,"(128, 128, 3, 3)",4.585728061305625,3.109895874908871e-05,"42,43,44",aggregate,3,0.3379932863314917
resnet50_no_weights,CIFAR10,qat,layer2.1.conv3,"(512, 128, 1, 1)",2.3972642347216606,3.657934928469331e-05,42,42,3,
resnet50_no_weights,CIFAR10,qat,layer2.1.conv3,"(512, 128, 1, 1)",2.664348308856671,4.065472883387254e-05,43,43,3,
resnet50_no_weights,CIFAR10,qat,layer2.1.conv3,"(512, 128, 1, 1)",3.318827470143636,5.064128830175226e-05,44,44,3,
resnet50_no_weights,CIFAR10,qat,layer2.1.conv3,"(512, 128, 1, 1)",2.7934800045739894,4.262512214010604e-05,"42,43,44",aggregate,3,0.47415814381857607
resnet50_no_weights,CIFAR10,qat,layer2.2.conv1,"(128, 512, 1, 1)",4.948360353708267,7.550598684247234e-05,42,42,3,
resnet50_no_weights,CIFAR10,qat,layer2.2.conv1,"(128, 512, 1, 1)",7.12256612948009,0.00010868173415344375,43,43,3,
resnet50_no_weights,CIFAR10,qat,layer2.2.conv1,"(128, 512, 1, 1)",5.437768413623174,8.297376119420126e-05,44,44,3,
resnet50_no_weights,CIFAR10,qat,layer2.2.conv1,"(128, 512, 1, 1)",5.83623163227051,8.905382739670579e-05,"42,43,44",aggregate,3,1.1405579298356503
resnet50_no_weights,CIFAR10,qat,layer2.2.conv2,"(128, 128, 3, 3)",3.678538237299238,2.4946684009462065e-05,42,42,3,
resnet50_no_weights,CIFAR10,qat,layer2.2.conv2,"(128, 128, 3, 3)",3.7259914345211453,2.526849659912886e-05,43,43,3,
resnet50_no_weights,CIFAR10,qat,layer2.2.conv2,"(128, 128, 3, 3)",3.3079564310610294,2.2433515293111366e-05,44,44,3,
resnet50_no_weights,CIFAR10,qat,layer2.2.conv2,"(128, 128, 3, 3)",3.570828700960471,2.4216231967234097e-05,"42,43,44",aggregate,3,0.22888714291809606
resnet50_no_weights,CIFAR10,qat,layer2.2.conv3,"(512, 128, 1, 1)",2.185017012819952,3.3340713696593505e-05,42,42,3,
resnet50_no_weights,CIFAR10,qat,layer2.2.conv3,"(512, 128, 1, 1)",1.544543594121933,2.356786490054219e-05,43,43,3,
resnet50_no_weights,CIFAR10,qat,layer2.2.conv3,"(512, 128, 1, 1)",2.0762547935758318,3.16811339351781e-05,44,44,3,
resnet50_no_weights,CIFAR10,qat,layer2.2.conv3,"(512, 128, 1, 1)",1.9352718001725722,2.952990417743793e-05,"42,43,44",aggregate,3,0.3427224873514862
resnet50_no_weights,CIFAR10,qat,layer2.3.conv1,"(128, 512, 1, 1)",2.1087487808295657,3.217695283248239e-05,42,42,3,
resnet50_no_weights,CIFAR10,qat,layer2.3.conv1,"(128, 512, 1, 1)",1.7614115646907262,2.6877007517863865e-05,43,43,3,
resnet50_no_weights,CIFAR10,qat,layer2.3.conv1,"(128, 512, 1, 1)",2.7360255947479835,4.174843741986059e-05,44,44,3,
resnet50_no_weights,CIFAR10,qat,layer2.3.conv1,"(128, 512, 1, 1)",2.202061980089425,3.3600799256735614e-05,"42,43,44",aggregate,3,0.49396218657220586
resnet50_no_weights,CIFAR10,qat,layer2.3.conv2,"(128, 128, 3, 3)",0.778475003397983,5.279371496568353e-06,42,42,3,
resnet50_no_weights,CIFAR10,qat,layer2.3.conv2,"(128, 128, 3, 3)",0.6985785714958025,4.7375391404609e-06,43,43,3,
resnet50_no_weights,CIFAR10,qat,layer2.3.conv2,"(128, 128, 3, 3)",0.7685567903168061,5.212109309331639e-06,44,44,3,
resnet50_no_weights,CIFAR10,qat,layer2.3.conv2,"(128, 128, 3, 3)",0.7485367884035306,5.076339982120297e-06,"42,43,44",aggregate,3,0.043548367536919354
resnet50_no_weights,CIFAR10,qat,layer2.3.conv3,"(512, 128, 1, 1)",0.9381029166673359,1.4314314524342894e-05,42,42,3,
resnet50_no_weights,CIFAR10,qat,layer2.3.conv3,"(512, 128, 1, 1)",0.9977356959944186,1.522423852530546e-05,43,43,3,
resnet50_no_weights,CIFAR10,qat,layer2.3.conv3,"(512, 128, 1, 1)",1.0181421945171971,1.5535616981768755e-05,44,44,3,
resnet50_no_weights,CIFAR10,qat,layer2.3.conv3,"(512, 128, 1, 1)",0.9846602690596505,1.5024723343805703e-05,"42,43,44",aggregate,3,0.04159082340885623
resnet50_no_weights,CIFAR10,qat,layer3.0.conv1,"(256, 512, 1, 1)",17.887935140397815,0.0001364741145355058,42,42,3,
resnet50_no_weights,CIFAR10,qat,layer3.0.conv1,"(256, 512, 1, 1)",17.907311986132367,0.00013662194813638586,43,43,3,
resnet50_no_weights,CIFAR10,qat,layer3.0.conv1,"(256, 512, 1, 1)",14.367919797482697,0.0001096185287283531,44,44,3,
resnet50_no_weights,CIFAR10,qat,layer3.0.conv1,"(256, 512, 1, 1)",16.721055641337628,0.00012757153046674826,"42,43,44",aggregate,3,2.0378984494483015
resnet50_no_weights,CIFAR10,qat,layer3.0.conv2,"(256, 256, 3, 3)",19.57817911490416,3.31932561491295e-05,42,42,3,
resnet50_no_weights,CIFAR10,qat,layer3.0.conv2,"(256, 256, 3, 3)",17.989484667778015,3.0499750209855847e-05,43,43,3,
resnet50_no_weights,CIFAR10,qat,layer3.0.conv2,"(256, 256, 3, 3)",18.359670411972772,3.1127370897035e-05,44,44,3,
resnet50_no_weights,CIFAR10,qat,layer3.0.conv2,"(256, 256, 3, 3)",18.64244473155165,3.160679241867345e-05,"42,43,44",aggregate,3,0.8312391343303888
resnet50_no_weights,CIFAR10,qat,layer3.0.conv3,"(1024, 256, 1, 1)",8.99544606097909,3.431490349189411e-05,42,42,3,
resnet50_no_weights,CIFAR10,qat,layer3.0.conv3,"(1024, 256, 1, 1)",10.338620821634928,3.943870857862445e-05,43,43,3,
resnet50_no_weights,CIFAR10,qat,layer3.0.conv3,"(1024, 256, 1, 1)",8.19849731371953,3.12747852848798e-05,44,44,3,
resnet50_no_weights,CIFAR10,qat,layer3.0.conv3,"(1024, 256, 1, 1)",9.177521398777849,3.5009465785132784e-05,"42,43,44",aggregate,3,1.0816171821670209
resnet50_no_weights,CIFAR10,qat,layer3.0.downsample.0,"(1024, 512, 1, 1)",25.97275107247489,4.953909124846437e-05,42,42,3,
resnet50_no_weights,CIFAR10,qat,layer3.0.downsample.0,"(1024, 512, 1, 1)",26.531629388982598,5.06050670413639e-05,43,43,3,
resnet50_no_weights,CIFAR10,qat,layer3.0.downsample.0,"(1024, 512, 1, 1)",28.366444919420324,5.410469993480744e-05,44,44,3,
resnet50_no_weights,CIFAR10,qat,layer3.0.downsample.0,"(1024, 512, 1, 1)",26.956941793625937,5.141628607487857e-05,"42,43,44",aggregate,3,1.252242204760618
resnet50_no_weights,CIFAR10,qat,layer3.1.conv1,"(256, 1024, 1, 1)",4.7986438057639385,1.830537340455604e-05,42,42,3,
resnet50_no_weights,CIFAR10,qat,layer3.1.conv1,"(256, 1024, 1, 1)",5.8416098488701715,2.2283973117333113e-05,43,43,3,
resnet50_no_weights,CIFAR10,qat,layer3.1.conv1,"(256, 1024, 1, 1)",5.7885941455238745,2.2081734258742807e-05,44,44,3,
resnet50_no_weights,CIFAR10,qat,layer3.1.conv1,"(256, 1024, 1, 1)",5.476282600052661,2.0890360260210652e-05,"42,43,44",aggregate,3,0.5874507790820703
resnet50_no_weights,CIFAR10,qat,layer3.1.conv2,"(256, 256, 3, 3)",8.61581043096689,1.4607425996512333e-05,42,42,3,
resnet50_no_weights,CIFAR10,qat,layer3.1.conv2,"(256, 256, 3, 3)",8.464855935838488,1.4351494574378947e-05,43,43,3,
resnet50_no_weights,CIFAR10,qat,layer3.1.conv2,"(256, 256, 3, 3)",10.51115714179145,1.782083662548735e-05,44,44,3,
resnet50_no_weights,CIFAR10,qat,layer3.1.conv2,"(256, 256, 3, 3)",9.197274502865609,1.5593252398792877e-05,"42,43,44",aggregate,3,1.1403563068413822
resnet50_no_weights,CIFAR10,qat,layer3.1.conv3,"(1024, 256, 1, 1)",7.4513086954752605,2.8424486905957262e-05,42,42,3,
resnet50_no_weights,CIFAR10,qat,layer3.1.conv3,"(1024, 256, 1, 1)",8.057617171605427,3.073737019197627e-05,43,43,3,
resnet50_no_weights,CIFAR10,qat,layer3.1.conv3,"(1024, 256, 1, 1)",9.428028964996338,3.596507631300483e-05,44,44,3,
resnet50_no_weights,CIFAR10,qat,layer3.1.conv3,"(1024, 256, 1, 1)",8.312318277359008,3.170897780364612e-05,"42,43,44",aggregate,3,1.0126747977203459
resnet50_no_weights,CIFAR10,qat,layer3.2.conv1,"(256, 1024, 1, 1)",12.529001909143785,4.77943493238212e-05,42,42,3,
resnet50_no_weights,CIFAR10,qat,layer3.2.conv1,"(256, 1024, 1, 1)",15.361271663145585,5.859860100992426e-05,43,43,3,
resnet50_no_weights,CIFAR10,qat,layer3.2.conv1,"(256, 1024, 1, 1)",14.187768856684366,5.4122043062913385e-05,44,44,3,
resnet50_no_weights,CIFAR10,qat,layer3.2.conv1,"(256, 1024, 1, 1)",14.026014142991245,5.350499779888628e-05,"42,43,44",aggregate,3,1.4230465313579215
resnet50_no_weights,CIFAR10,qat,layer3.2.conv2,"(256, 256, 3, 3)",18.274260838826496,3.098256571252864e-05,42,42,3,
resnet50_no_weights,CIFAR10,qat,layer3.2.conv2,"(256, 256, 3, 3)",20.570543259382248,3.487573116621611e-05,43,43,3,
resnet50_no_weights,CIFAR10,qat,layer3.2.conv2,"(256, 256, 3, 3)",18.874388243022718,3.200003432044596e-05,44,44,3,
resnet50_no_weights,CIFAR10,qat,layer3.2.conv2,"(256, 256, 3, 3)",19.239730780410486,3.2619443733063565e-05,"42,43,44",aggregate,3,1.1909385441562657
resnet50_no_weights,CIFAR10,qat,layer3.2.conv3,"(1024, 256, 1, 1)",14.18750206061772,5.4121025316687466e-05,42,42,3,
resnet50_no_weights,CIFAR10,qat,layer3.2.conv3,"(1024, 256, 1, 1)",14.902488040924073,5.6848480380722324e-05,43,43,3,
resnet50_no_weights,CIFAR10,qat,layer3.2.conv3,"(1024, 256, 1, 1)",13.42262433704577,5.120324835604008e-05,44,44,3,
resnet50_no_weights,CIFAR10,qat,layer3.2.conv3,"(1024, 256, 1, 1)",14.170871479529188,5.405758468448329e-05,"42,43,44",aggregate,3,0.7400720084455358
resnet50_no_weights,CIFAR10,qat,layer3.3.conv1,"(256, 1024, 1, 1)",19.842225869496662,7.569208476828256e-05,42,42,3,
resnet50_no_weights,CIFAR10,qat,layer3.3.conv1,"(256, 1024, 1, 1)",22.262832909822464,8.492596782616602e-05,43,43,3,
resnet50_no_weights,CIFAR10,qat,layer3.3.conv1,"(256, 1024, 1, 1)",21.80250747680664,8.31699656555429e-05,44,44,3,
resnet50_no_weights,CIFAR10,qat,layer3.3.conv1,"(256, 1024, 1, 1)",21.302522085375255,8.126267274999716e-05,"42,43,44",aggregate,3,1.285427420997508
resnet50_no_weights,CIFAR10,qat,layer3.3.conv2,"(256, 256, 3, 3)",26.51526299389926,4.4954533884513445e-05,42,42,3,
resnet50_no_weights,CIFAR10,qat,layer3.3.conv2,"(256, 256, 3, 3)",28.390762769258938,4.813429560217783e-05,43,43,3,
resnet50_no_weights,CIFAR10,qat,layer3.3.conv2,"(256, 256, 3, 3)",31.77790251645175,5.387692348302502e-05,44,44,3,
resnet50_no_weights,CIFAR10,qat,layer3.3.conv2,"(256, 256, 3, 3)",28.89464275986998,4.898858432323877e-05,"42,43,44",aggregate,3,2.667257949615394
resnet50_no_weights,CIFAR10,qat,layer3.3.conv3,"(1024, 256, 1, 1)",16.740168614821002,6.385867544105912e-05,42,42,3,
resnet50_no_weights,CIFAR10,qat,layer3.3.conv3,"(1024, 256, 1, 1)",14.95376205444336,5.7044075219891965e-05,43,43,3,
resnet50_no_weights,CIFAR10,qat,layer3.3.conv3,"(1024, 256, 1, 1)",16.32615876879011,6.227935321346324e-05,44,44,3,
resnet50_no_weights,CIFAR10,qat,layer3.3.conv3,"(1024, 256, 1, 1)",16.00669647935149,6.106070129147144e-05,"42,43,44",aggregate,3,0.9350690966554785
resnet50_no_weights,CIFAR10,qat,layer3.4.conv1,"(256, 1024, 1, 1)",25.325861824883354,9.66104958529791e-05,42,42,3,
resnet50_no_weights,CIFAR10,qat,layer3.4.conv1,"(256, 1024, 1, 1)",30.34378719329834,0.00011575236203498207,43,43,3,
resnet50_no_weights,CIFAR10,qat,layer3.4.conv1,"(256, 1024, 1, 1)",27.90112018585205,0.00010643432688084431,44,44,3,
resnet50_no_weights,CIFAR10,qat,layer3.4.conv1,"(256, 1024, 1, 1)",27.85692306801125,0.0001062657282562685,"42,43,44",aggregate,3,2.50925462830394
resnet50_no_weights,CIFAR10,qat,layer3.4.conv2,"(256, 256, 3, 3)",12.000903129577637,2.034658326819125e-05,42,42,3,
resnet50_no_weights,CIFAR10,qat,layer3.4.conv2,"(256, 256, 3, 3)",11.176910400390625,1.8949568685558108e-05,43,43,3,
resnet50_no_weights,CIFAR10,qat,layer3.4.conv2,"(256, 256, 3, 3)",10.284849166870117,1.7437149330766664e-05,44,44,3,
resnet50_no_weights,CIFAR10,qat,layer3.4.conv2,"(256, 256, 3, 3)",11.154220898946127,1.891110042817201e-05,"42,43,44",aggregate,3,0.8582519506752636
resnet50_no_weights,CIFAR10,qat,layer3.4.conv3,"(1024, 256, 1, 1)",9.790773183107376,3.7348835689954285e-05,42,42,3,
resnet50_no_weights,CIFAR10,qat,layer3.4.conv3,"(1024, 256, 1, 1)",9.863834176744733,3.762754126260656e-05,43,43,3,
resnet50_no_weights,CIFAR10,qat,layer3.4.conv3,"(1024, 256, 1, 1)",10.533433933258056,4.0181861622841096e-05,44,44,3,
resnet50_no_weights,CIFAR10,qat,layer3.4.conv3,"(1024, 256, 1, 1)",10.062680431036721,3.838607952513398e-05,"42,43,44",aggregate,3,0.409317874137031
resnet50_no_weights,CIFAR10,qat,layer3.5.conv1,"(256, 1024, 1, 1)",19.12828254699707,7.296860712813213e-05,42,42,3,
resnet50_no_weights,CIFAR10,qat,layer3.5.conv1,"(256, 1024, 1, 1)",16.077517360448837,6.133086151294265e-05,43,43,3,
resnet50_no_weights,CIFAR10,qat,layer3.5.conv1,"(256, 1024, 1, 1)",16.708767489383096,6.373888965371359e-05,44,44,3,
resnet50_no_weights,CIFAR10,qat,layer3.5.conv1,"(256, 1024, 1, 1)",17.304855798943002,6.60127860982628e-05,"42,43,44",aggregate,3,1.6103673526432278
resnet50_no_weights,CIFAR10,qat,layer3.5.conv2,"(256, 256, 3, 3)",4.131977640665495,7.005441692209023e-06,42,42,3,
resnet50_no_weights,CIFAR10,qat,layer3.5.conv2,"(256, 256, 3, 3)",3.8128695487976074,6.464419129770249e-06,43,43,3,
resnet50_no_weights,CIFAR10,qat,layer3.5.conv2,"(256, 256, 3, 3)",3.833382405732807,6.499197058330633e-06,44,44,3,
resnet50_no_weights,CIFAR10,qat,layer3.5.conv2,"(256, 256, 3, 3)",3.9260765317319697,6.656352626769968e-06,"42,43,44",aggregate,3,0.1786103141477348
resnet50_no_weights,CIFAR10,qat,layer3.5.conv3,"(1024, 256, 1, 1)",5.449265816272834,2.0787299408999763e-05,42,42,3,
resnet50_no_weights,CIFAR10,qat,layer3.5.conv3,"(1024, 256, 1, 1)",5.573110793766222,2.125973050600518e-05,43,43,3,
resnet50_no_weights,CIFAR10,qat,layer3.5.conv3,"(1024, 256, 1, 1)",5.089948912884327,1.9416614200150783e-05,44,44,3,
resnet50_no_weights,CIFAR10,qat,layer3.5.conv3,"(1024, 256, 1, 1)",5.370775174307794,2.0487881371718575e-05,"42,43,44",aggregate,3,0.25096202191047895
resnet50_no_weights,CIFAR10,qat,layer4.0.conv1,"(512, 1024, 1, 1)",30.624160948253813,5.8410951515681864e-05,42,42,3,
resnet50_no_weights,CIFAR10,qat,layer4.0.conv1,"(512, 1024, 1, 1)",36.86630153656006,7.03168898326112e-05,43,43,3,
resnet50_no_weights,CIFAR10,qat,layer4.0.conv1,"(512, 1024, 1, 1)",32.80477770169576,6.25701478990474e-05,44,44,3,
resnet50_no_weights,CIFAR10,qat,layer4.0.conv1,"(512, 1024, 1, 1)",33.43174672883654,6.376599641578015e-05,"42,43,44",aggregate,3,3.1679484531460504
resnet50_no_weights,CIFAR10,qat,layer4.0.conv2,"(512, 512, 3, 3)",9.510247866312662,4.030968503448767e-06,42,42,3,
resnet50_no_weights,CIFAR10,qat,layer4.0.conv2,"(512, 512, 3, 3)",8.663607032210738,3.672115339580425e-06,43,43,3,
resnet50_no_weights,CIFAR10,qat,layer4.0.conv2,"(512, 512, 3, 3)",10.249408372243245,4.344265565763365e-06,44,44,3,
resnet50_no_weights,CIFAR10,qat,layer4.0.conv2,"(512, 512, 3, 3)",9.474421090255548,4.015783136264186e-06,"42,43,44",aggregate,3,0.7935074926704906
resnet50_no_weights,CIFAR10,qat,layer4.0.conv3,"(2048, 512, 1, 1)",9.053340832392374,8.633938629524588e-06,42,42,3,
resnet50_no_weights,CIFAR10,qat,layer4.0.conv3,"(2048, 512, 1, 1)",9.879258632659912,9.421595223102486e-06,43,43,3,
resnet50_no_weights,CIFAR10,qat,layer4.0.conv3,"(2048, 512, 1, 1)",10.199570010105768,9.727067957025307e-06,44,44,3,
resnet50_no_weights,CIFAR10,qat,layer4.0.conv3,"(2048, 512, 1, 1)",9.710723158386019,9.260867269884127e-06,"42,43,44",aggregate,3,0.5914080541613597
resnet50_no_weights,CIFAR10,qat,layer4.0.downsample.0,"(2048, 1024, 1, 1)",30.141530481974282,1.4372601738917485e-05,42,42,3,
resnet50_no_weights,CIFAR10,qat,layer4.0.downsample.0,"(2048, 1024, 1, 1)",31.312342802683514,1.4930888558713681e-05,43,43,3,
resnet50_no_weights,CIFAR10,qat,layer4.0.downsample.0,"(2048, 1024, 1, 1)",29.226126432418823,1.3936103073319828e-05,44,44,3,
resnet50_no_weights,CIFAR10,qat,layer4.0.downsample.0,"(2048, 1024, 1, 1)",30.226666572358873,1.4413197790316998e-05,"42,43,44",aggregate,3,1.0457106680648212
resnet50_no_weights,CIFAR10,qat,layer4.1.conv1,"(512, 2048, 1, 1)",33.81125361124675,3.2244924174544094e-05,42,42,3,
resnet50_no_weights,CIFAR10,qat,layer4.1.conv1,"(512, 2048, 1, 1)",31.21938647394595,2.977312705416293e-05,43,43,3,
resnet50_no_weights,CIFAR10,qat,layer4.1.conv1,"(512, 2048, 1, 1)",37.47047233581543,3.573462709027808e-05,44,44,3,
resnet50_no_weights,CIFAR10,qat,layer4.1.conv1,"(512, 2048, 1, 1)",34.167037473669374,3.258422610632837e-05,"42,43,44",aggregate,3,3.140693431503049
resnet50_no_weights,CIFAR10,qat,layer4.1.conv2,"(512, 512, 3, 3)",75.62852976872371,3.2055549523554364e-05,42,42,3,
resnet50_no_weights,CIFAR10,qat,layer4.1.conv2,"(512, 512, 3, 3)",66.29572174765848,2.809978983038096e-05,43,43,3,
resnet50_no_weights,CIFAR10,qat,layer4.1.conv2,"(512, 512, 3, 3)",78.35192593661222,3.320987529187191e-05,44,44,3,
resnet50_no_weights,CIFAR10,qat,layer4.1.conv2,"(512, 512, 3, 3)",73.42539248433147,3.1121738215269074e-05,"42,43,44",aggregate,3,6.322845505138162
resnet50_no_weights,CIFAR10,qat,layer4.1.conv3,"(2048, 512, 1, 1)",18.054041410747327,1.7217675600764587e-05,42,42,3,
resnet50_no_weights,CIFAR10,qat,layer4.1.conv3,"(2048, 512, 1, 1)",18.3308322089059,1.7481643875986004e-05,43,43,3,
resnet50_no_weights,CIFAR10,qat,layer4.1.conv3,"(2048, 512, 1, 1)",18.517583821949206,1.7659744092892843e-05,44,44,3,
resnet50_no_weights,CIFAR10,qat,layer4.1.conv3,"(2048, 512, 1, 1)",18.300819147200812,1.7453021189881146e-05,"42,43,44",aggregate,3,0.23322409749079936
resnet50_no_weights,CIFAR10,qat,layer4.2.conv1,"(512, 2048, 1, 1)",32.399830572532885,3.089888627293862e-05,42,42,3,
resnet50_no_weights,CIFAR10,qat,layer4.2.conv1,"(512, 2048, 1, 1)",28.94142418815976,2.760069292846657e-05,43,43,3,
resnet50_no_weights,CIFAR10,qat,layer4.2.conv1,"(512, 2048, 1, 1)",32.604747014167984,3.109430982033537e-05,44,44,3,
resnet50_no_weights,CIFAR10,qat,layer4.2.conv1,"(512, 2048, 1, 1)",31.315333924953542,2.986462967391352e-05,"42,43,44",aggregate,3,2.0584176606914206
resnet50_no_weights,CIFAR10,qat,layer4.2.conv2,"(512, 512, 3, 3)",5.438016946499165,2.304932041803642e-06,42,42,3,
resnet50_no_weights,CIFAR10,qat,layer4.2.conv2,"(512, 512, 3, 3)",5.7262109279632565,2.4270845743659366e-06,43,43,3,
resnet50_no_weights,CIFAR10,qat,layer4.2.conv2,"(512, 512, 3, 3)",6.103733948298863,2.587099689186462e-06,44,44,3,
resnet50_no_weights,CIFAR10,qat,layer4.2.conv2,"(512, 512, 3, 3)",5.755987274253761,2.43970543511868e-06,"42,43,44",aggregate,3,0.3338558891499502
resnet50_no_weights,CIFAR10,qat,layer4.2.conv3,"(2048, 512, 1, 1)",4.7547360301017765,4.534469633199479e-06,42,42,3,
resnet50_no_weights,CIFAR10,qat,layer4.2.conv3,"(2048, 512, 1, 1)",3.853320436477661,3.6748127331520664e-06,43,43,3,
resnet50_no_weights,CIFAR10,qat,layer4.2.conv3,"(2048, 512, 1, 1)",4.690934403189297,4.4736236602681136e-06,44,44,3,
resnet50_no_weights,CIFAR10,qat,layer4.2.conv3,"(2048, 512, 1, 1)",4.432996956589578,4.227635342206553e-06,"42,43,44",aggregate,3,0.5030271492434243
resnet50_no_weights,CIFAR10,qat,fc,"(10, 2048)",4.921367406845093,0.00024030114291235806,42,42,3,
resnet50_no_weights,CIFAR10,qat,fc,"(10, 2048)",4.269321535496002,0.0002084629656003907,43,43,3,
resnet50_no_weights,CIFAR10,qat,fc,"(10, 2048)",5.603064580397173,0.0002735871377147057,44,44,3,
resnet50_no_weights,CIFAR10,qat,fc,"(10, 2048)",4.931251174246089,0.00024078374874248482,"42,43,44",aggregate,3,0.6669264532908329
resnet50_no_weights,CIFAR10,fp32_fused_qat,conv1,"(64, 3, 3, 3)",298.72617263793944,0.17287394249880755,42,42,3,
resnet50_no_weights,CIFAR10,fp32_fused_qat,conv1,"(64, 3, 3, 3)",273.16465424328317,0.1580813971315296,43,43,3,
resnet50_no_weights,CIFAR10,fp32_fused_qat,conv1,"(64, 3, 3, 3)",311.0399817389411,0.1799999894322576,44,44,3,
resnet50_no_weights,CIFAR10,fp32_fused_qat,conv1,"(64, 3, 3, 3)",294.31026954005455,0.1703184430208649,"42,43,44",aggregate,3,19.319944574280417
resnet50_no_weights,CIFAR10,fp32_fused_qat,layer1.0.conv1,"(64, 64, 1, 1)",3.6757329404354095,0.0008973957374109887,42,42,3,
resnet50_no_weights,CIFAR10,fp32_fused_qat,layer1.0.conv1,"(64, 64, 1, 1)",5.030648425221443,0.001228185650688829,43,43,3,
resnet50_no_weights,CIFAR10,fp32_fused_qat,layer1.0.conv1,"(64, 64, 1, 1)",4.6192637283355,0.001127749933675659,44,44,3,
resnet50_no_weights,CIFAR10,fp32_fused_qat,layer1.0.conv1,"(64, 64, 1, 1)",4.4418816979974505,0.0010844437739251588,"42,43,44",aggregate,3,0.6946562324224691
resnet50_no_weights,CIFAR10,fp32_fused_qat,layer1.0.conv2,"(64, 64, 3, 3)",5.16323787590553,0.00014006179133858318,42,42,3,
resnet50_no_weights,CIFAR10,fp32_fused_qat,layer1.0.conv2,"(64, 64, 3, 3)",5.400226220488548,0.00014649051162349578,43,43,3,
resnet50_no_weights,CIFAR10,fp32_fused_qat,layer1.0.conv2,"(64, 64, 3, 3)",5.270375342667103,0.00014296808112703732,44,44,3,
resnet50_no_weights,CIFAR10,fp32_fused_qat,layer1.0.conv2,"(64, 64, 3, 3)",5.277946479687061,0.00014317346136303875,"42,43,44",aggregate,3,0.1186754416628861
resnet50_no_weights,CIFAR10,fp32_fused_qat,layer1.0.conv3,"(256, 64, 1, 1)",1.1630282143376909,7.098560878525945e-05,42,42,3,
resnet50_no_weights,CIFAR10,fp32_fused_qat,layer1.0.conv3,"(256, 64, 1, 1)",1.2932956516742706,7.893650217738468e-05,43,43,3,
resnet50_no_weights,CIFAR10,fp32_fused_qat,layer1.0.conv3,"(256, 64, 1, 1)",1.2007803320884705,7.328981519094668e-05,44,44,3,
resnet50_no_weights,CIFAR10,fp32_fused_qat,layer1.0.conv3,"(256, 64, 1, 1)",1.219034732700144,7.440397538453028e-05,"42,43,44",aggregate,3,0.06702476157233633
resnet50_no_weights,CIFAR10,fp32_fused_qat,layer1.0.downsample.0,"(256, 64, 1, 1)",7.7347318581172395,0.00047209056751203854,42,42,3,
resnet50_no_weights,CIFAR10,fp32_fused_qat,layer1.0.downsample.0,"(256, 64, 1, 1)",7.35295458137989,0.00044878873177367495,43,43,3,
resnet50_no_weights,CIFAR10,fp32_fused_qat,layer1.0.downsample.0,"(256, 64, 1, 1)",9.645825459406925,0.0005887344640751297,44,44,3,
resnet50_no_weights,CIFAR10,fp32_fused_qat,layer1.0.downsample.0,"(256, 64, 1, 1)",8.244503966301352,0.0005032045877869477,"42,43,44",aggregate,3,1.2285010856885605
resnet50_no_weights,CIFAR10,fp32_fused_qat,layer1.1.conv1,"(64, 256, 1, 1)",2.075099038111197,0.00012665399402534162,42,42,3,
resnet50_no_weights,CIFAR10,fp32_fused_qat,layer1.1.conv1,"(64, 256, 1, 1)",1.7109628012686064,0.00010442888191336709,43,43,3,
resnet50_no_weights,CIFAR10,fp32_fused_qat,layer1.1.conv1,"(64, 256, 1, 1)",1.568368422985077,9.572561175446026e-05,44,44,3,
resnet50_no_weights,CIFAR10,fp32_fused_qat,layer1.1.conv1,"(64, 256, 1, 1)",1.7848100874549602,0.00010893616256438966,"42,43,44",aggregate,3,0.2613121607088751
resnet50_no_weights,CIFAR10,fp32_fused_qat,layer1.1.conv2,"(64, 64, 3, 3)",5.049825914444462,0.00013698529498818528,42,42,3,
resnet50_no_weights,CIFAR10,fp32_fused_qat,layer1.1.conv2,"(64, 64, 3, 3)",5.32721962928772,0.00014451008108961913,43,43,3,
resnet50_no_weights,CIFAR10,fp32_fused_qat,layer1.1.conv2,"(64, 64, 3, 3)",4.582585798842566,0.0001243105956717276,44,44,3,
resnet50_no_weights,CIFAR10,fp32_fused_qat,layer1.1.conv2,"(64, 64, 3, 3)",4.986543780858249,0.000135268657249844,"42,43,44",aggregate,3,0.3763287880089337
resnet50_no_weights,CIFAR10,fp32_fused_qat,layer1.1.conv3,"(256, 64, 1, 1)",1.36845341053876,8.352376773307861e-05,42,42,3,
resnet50_no_weights,CIFAR10,fp32_fused_qat,layer1.1.conv3,"(256, 64, 1, 1)",1.4925277590751649,9.109666498261504e-05,43,43,3,
resnet50_no_weights,CIFAR10,fp32_fused_qat,layer1.1.conv3,"(256, 64, 1, 1)",1.3961650824546814,8.521515395841561e-05,44,44,3,
resnet50_no_weights,CIFAR10,fp32_fused_qat,layer1.1.conv3,"(256, 64, 1, 1)",1.4190487506895355,8.66118622247031e-05,"42,43,44",aggregate,3,0.06512570686829794
resnet50_no_weights,CIFAR10,fp32_fused_qat,layer1.2.conv1,"(64, 256, 1, 1)",3.4251020709673563,0.00020905164007369118,42,42,3,
resnet50_no_weights,CIFAR10,fp32_fused_qat,layer1.2.conv1,"(64, 256, 1, 1)",3.2667420425198297,0.00019938611099364195,43,43,3,
resnet50_no_weights,CIFAR10,fp32_fused_qat,layer1.2.conv1,"(64, 256, 1, 1)",2.1383069157600403,0.00013051189671386965,44,44,3,
resnet50_no_weights,CIFAR10,fp32_fused_qat,layer1.2.conv1,"(64, 256, 1, 1)",2.943383676415742,0.00017964988259373425,"42,43,44",aggregate,3,0.7016985945285796
resnet50_no_weights,CIFAR10,fp32_fused_qat,layer1.2.conv2,"(64, 64, 3, 3)",2.5544889731840654,6.929494827430733e-05,42,42,3,
resnet50_no_weights,CIFAR10,fp32_fused_qat,layer1.2.conv2,"(64, 64, 3, 3)",2.978300773180448,8.079157913358421e-05,43,43,3,
resnet50_no_weights,CIFAR10,fp32_fused_qat,layer1.2.conv2,"(64, 64, 3, 3)",2.3838755062648227,6.466676178018725e-05,44,44,3,
resnet50_no_weights,CIFAR10,fp32_fused_qat,layer1.2.conv2,"(64, 64, 3, 3)",2.638888417543112,7.15844297293596e-05,"42,43,44",aggregate,3,0.30606829163279065
resnet50_no_weights,CIFAR10,fp32_fused_qat,layer1.2.conv3,"(256, 64, 1, 1)",1.5347430244568856,9.367328030132358e-05,42,42,3,
resnet50_no_weights,CIFAR10,fp32_fused_qat,layer1.2.conv3,"(256, 64, 1, 1)",1.3601053020893,8.301423962947387e-05,43,43,3,
resnet50_no_weights,CIFAR10,fp32_fused_qat,layer1.2.conv3,"(256, 64, 1, 1)",1.4530107277504942,8.868473680117763e-05,44,44,3,
resnet50_no_weights,CIFAR10,fp32_fused_qat,layer1.2.conv3,"(256, 64, 1, 1)",1.4492863514322265,8.845741891065836e-05,"42,43,44",aggregate,3,0.08737841125046014
resnet50_no_weights,CIFAR10,fp32_fused_qat,layer2.0.conv1,"(128, 256, 1, 1)",9.35212928056717,0.00028540433595480863,42,42,3,
resnet50_no_weights,CIFAR10,fp32_fused_qat,layer2.0.conv1,"(128, 256, 1, 1)",7.4044030465577775,0.000225964448442315,43,43,3,
resnet50_no_weights,CIFAR10,fp32_fused_qat,layer2.0.conv1,"(128, 256, 1, 1)",8.660039405028025,0.00026428342910852126,44,44,3,
resnet50_no_weights,CIFAR10,fp32_fused_qat,layer2.0.conv1,"(128, 256, 1, 1)",8.472190577384325,0.000258550737835215,"42,43,44",aggregate,3,0.9873574617115306
resnet50_no_weights,CIFAR10,fp32_fused_qat,layer2.0.conv2,"(128, 128, 3, 3)",26.791949297930742,0.00018169453462680895,42,42,3,
resnet50_no_weights,CIFAR10,fp32_fused_qat,layer2.0.conv2,"(128, 128, 3, 3)",25.43013266324997,0.0001724591245066323,43,43,3,
resnet50_no_weights,CIFAR10,fp32_fused_qat,layer2.0.conv2,"(128, 128, 3, 3)",30.005951433470756,0.00020349088157464433,44,44,3,
resnet50_no_weights,CIFAR10,fp32_fused_qat,layer2.0.conv2,"(128, 128, 3, 3)",27.409344464883823,0.00018588151356936186,"42,43,44",aggregate,3,2.349555691744501
resnet50_no_weights,CIFAR10,fp32_fused_qat,layer2.0.conv3,"(512, 128, 1, 1)",18.61360634290255,0.00028402109287876205,42,42,3,
resnet50_no_weights,CIFAR10,fp32_fused_qat,layer2.0.conv3,"(512, 128, 1, 1)",19.36576482082935,0.0002954981204350182,43,43,3,
resnet50_no_weights,CIFAR10,fp32_fused_qat,layer2.0.conv3,"(512, 128, 1, 1)",16.83345969985513,0.000256858210752184,44,44,3,
resnet50_no_weights,CIFAR10,fp32_fused_qat,layer2.0.conv3,"(512, 128, 1, 1)",18.270943621195677,0.00027879247468865474,"42,43,44",aggregate,3,1.3004636142790533
resnet50_no_weights,CIFAR10,fp32_fused_qat,layer2.0.downsample.0,"(512, 256, 1, 1)",19.98459423912896,0.00015247035399726074,42,42,3,
resnet50_no_weights,CIFAR10,fp32_fused_qat,layer2.0.downsample.0,"(512, 256, 1, 1)",26.425832748413086,0.00020161310385446995,43,43,3,
resnet50_no_weights,CIFAR10,fp32_fused_qat,layer2.0.downsample.0,"(512, 256, 1, 1)",25.518859028816223,0.00019469344351819018,44,44,3,
resnet50_no_weights,CIFAR10,fp32_fused_qat,layer2.0.downsample.0,"(512, 256, 1, 1)",23.97642867211942,0.00018292563378997362,"42,43,44",aggregate,3,3.48664694761544
resnet50_no_weights,CIFAR10,fp32_fused_qat,layer2.1.conv1,"(128, 512, 1, 1)",4.938802143801814,7.536014013369467e-05,42,42,3,
resnet50_no_weights,CIFAR10,fp32_fused_qat,layer2.1.conv1,"(128, 512, 1, 1)",4.7464737594127655,7.242544188557076e-05,43,43,3,
resnet50_no_weights,CIFAR10,fp32_fused_qat,layer2.1.conv1,"(128, 512, 1, 1)",5.822015225887299,8.883690225047758e-05,44,44,3,
resnet50_no_weights,CIFAR10,fp32_fused_qat,layer2.1.conv1,"(128, 512, 1, 1)",5.169097043033959,7.887416142324767e-05,"42,43,44",aggregate,3,0.5735626966477207
resnet50_no_weights,CIFAR10,fp32_fused_qat,layer2.1.conv2,"(128, 128, 3, 3)",5.570438825859214,3.777695601304263e-05,42,42,3,
resnet50_no_weights,CIFAR10,fp32_fused_qat,layer2.1.conv2,"(128, 128, 3, 3)",5.8840885877609255,3.9904029593647766e-05,43,43,3,
resnet50_no_weights,CIFAR10,fp32_fused_qat,layer2.1.conv2,"(128, 128, 3, 3)",4.325384956417662,2.9333394072927937e-05,44,44,3,
resnet50_no_weights,CIFAR10,fp32_fused_qat,layer2.1.conv2,"(128, 128, 3, 3)",5.2599707900126,3.567145989320611e-05,"42,43,44",aggregate,3,0.8244283192324907
resnet50_no_weights,CIFAR10,fp32_fused_qat,layer2.1.conv3,"(512, 128, 1, 1)",3.4539137635912214,5.270254155870394e-05,42,42,3,
resnet50_no_weights,CIFAR10,fp32_fused_qat,layer2.1.conv3,"(512, 128, 1, 1)",3.4652153952368376,5.287499077204647e-05,43,43,3,
resnet50_no_weights,CIFAR10,fp32_fused_qat,layer2.1.conv3,"(512, 128, 1, 1)",3.2430639266967773,4.948522837366909e-05,44,44,3,
resnet50_no_weights,CIFAR10,fp32_fused_qat,layer2.1.conv3,"(512, 128, 1, 1)",3.3873976951749456,5.168758690147317e-05,"42,43,44",aggregate,3,0.1251243751704494
resnet50_no_weights,CIFAR10,fp32_fused_qat,layer2.2.conv1,"(128, 512, 1, 1)",6.953102739651998,0.00010609592803424069,42,42,3,
resnet50_no_weights,CIFAR10,fp32_fused_qat,layer2.2.conv1,"(128, 512, 1, 1)",9.917004863421122,0.00015132148534272952,43,43,3,
resnet50_no_weights,CIFAR10,fp32_fused_qat,layer2.2.conv1,"(128, 512, 1, 1)",7.256472564512683,0.00011072498419971746,44,44,3,
resnet50_no_weights,CIFAR10,fp32_fused_qat,layer2.2.conv1,"(128, 512, 1, 1)",8.042193389195267,0.00012271413252556255,"42,43,44",aggregate,3,1.6307044062538407
resnet50_no_weights,CIFAR10,fp32_fused_qat,layer2.2.conv2,"(128, 128, 3, 3)",4.920972434250084,3.337248015848852e-05,42,42,3,
resnet50_no_weights,CIFAR10,fp32_fused_qat,layer2.2.conv2,"(128, 128, 3, 3)",4.143728069637133,2.8101454465312585e-05,43,43,3,
resnet50_no_weights,CIFAR10,fp32_fused_qat,layer2.2.conv2,"(128, 128, 3, 3)",4.524897318619948,3.06864238730194e-05,44,44,3,
resnet50_no_weights,CIFAR10,fp32_fused_qat,layer2.2.conv2,"(128, 128, 3, 3)",4.529865940835721,3.0720119498940166e-05,"42,43,44",aggregate,3,0.3886460034346034
resnet50_no_weights,CIFAR10,fp32_fused_qat,layer2.2.conv3,"(512, 128, 1, 1)",2.6673435007824615,4.0700431835669884e-05,42,42,3,
resnet50_no_weights,CIFAR10,fp32_fused_qat,layer2.2.conv3,"(512, 128, 1, 1)",2.331062449965366,3.556919021553598e-05,43,43,3,
resnet50_no_weights,CIFAR10,fp32_fused_qat,layer2.2.conv3,"(512, 128, 1, 1)",2.4902066849172115,3.799753852717913e-05,44,44,3,
resnet50_no_weights,CIFAR10,fp32_fused_qat,layer2.2.conv3,"(512, 128, 1, 1)",2.4962042118883465,3.8089053526128334e-05,"42,43,44",aggregate,3,0.16822073008993155
resnet50_no_weights,CIFAR10,fp32_fused_qat,layer2.3.conv1,"(128, 512, 1, 1)",2.9418475444500265,4.488903113479655e-05,42,42,3,
resnet50_no_weights,CIFAR10,fp32_fused_qat,layer2.3.conv1,"(128, 512, 1, 1)",2.2407611086964607,3.419130109705293e-05,43,43,3,
resnet50_no_weights,CIFAR10,fp32_fused_qat,layer2.3.conv1,"(128, 512, 1, 1)",3.078269984573126,4.6970672372026456e-05,44,44,3,
resnet50_no_weights,CIFAR10,fp32_fused_qat,layer2.3.conv1,"(128, 512, 1, 1)",2.7536262125732045,4.201700153462531e-05,"42,43,44",aggregate,3,0.44936147100431567
resnet50_no_weights,CIFAR10,fp32_fused_qat,layer2.3.conv2,"(128, 128, 3, 3)",0.7727596369282953,5.240611687067975e-06,42,42,3,
resnet50_no_weights,CIFAR10,fp32_fused_qat,layer2.3.conv2,"(128, 128, 3, 3)",0.7263114071554608,4.925614469098991e-06,43,43,3,
resnet50_no_weights,CIFAR10,fp32_fused_qat,layer2.3.conv2,"(128, 128, 3, 3)",0.7081779295747931,4.80263895382211e-06,44,44,3,
resnet50_no_weights,CIFAR10,fp32_fused_qat,layer2.3.conv2,"(128, 128, 3, 3)",0.7357496578861831,4.9896217033296924e-06,"42,43,44",aggregate,3,0.0333093029620155
resnet50_no_weights,CIFAR10,fp32_fused_qat,layer2.3.conv3,"(512, 128, 1, 1)",1.2777248275907416,1.9496533624126306e-05,42,42,3,
resnet50_no_weights,CIFAR10,fp32_fused_qat,layer2.3.conv3,"(512, 128, 1, 1)",1.2855759610732396,1.9616332413837274e-05,43,43,3,
resnet50_no_weights,CIFAR10,fp32_fused_qat,layer2.3.conv3,"(512, 128, 1, 1)",1.3649395853281021,2.082732521557773e-05,44,44,3,
resnet50_no_weights,CIFAR10,fp32_fused_qat,layer2.3.conv3,"(512, 128, 1, 1)",1.309413457997361,1.9980063751180436e-05,"42,43,44",aggregate,3,0.048247001839515885
resnet50_no_weights,CIFAR10,fp32_fused_qat,layer3.0.conv1,"(256, 512, 1, 1)",20.67862148638125,0.00015776536168198585,42,42,3,
resnet50_no_weights,CIFAR10,fp32_fused_qat,layer3.0.conv1,"(256, 512, 1, 1)",23.67660617828369,0.00018063816969515756,43,43,3,
resnet50_no_weights,CIFAR10,fp32_fused_qat,layer3.0.conv1,"(256, 512, 1, 1)",23.255210876464844,0.0001774231786839664,44,44,3,
resnet50_no_weights,CIFAR10,fp32_fused_qat,layer3.0.conv1,"(256, 512, 1, 1)",22.53681284704326,0.0001719422366870366,"42,43,44",aggregate,3,1.6229756158759607
resnet50_no_weights,CIFAR10,fp32_fused_qat,layer3.0.conv2,"(256, 256, 3, 3)",25.15033112631904,4.264039972317003e-05,42,42,3,
resnet50_no_weights,CIFAR10,fp32_fused_qat,layer3.0.conv2,"(256, 256, 3, 3)",23.063063621520996,3.910160254842291e-05,43,43,3,
resnet50_no_weights,CIFAR10,fp32_fused_qat,layer3.0.conv2,"(256, 256, 3, 3)",18.61091401026799,3.1553334571445026e-05,44,44,3,
resnet50_no_weights,CIFAR10,fp32_fused_qat,layer3.0.conv2,"(256, 256, 3, 3)",22.274769586036008,3.7765112281012655e-05,"42,43,44",aggregate,3,3.340217009299135
resnet50_no_weights,CIFAR10,fp32_fused_qat,layer3.0.conv3,"(1024, 256, 1, 1)",10.251999491737003,3.9108274428318034e-05,42,42,3,
resnet50_no_weights,CIFAR10,fp32_fused_qat,layer3.0.conv3,"(1024, 256, 1, 1)",10.264013469219208,3.915410411536868e-05,43,43,3,
resnet50_no_weights,CIFAR10,fp32_fused_qat,layer3.0.conv3,"(1024, 256, 1, 1)",8.981886990865071,3.4263179744205746e-05,44,44,3,
resnet50_no_weights,CIFAR10,fp32_fused_qat,layer3.0.conv3,"(1024, 256, 1, 1)",9.83263331727376,3.750851942929749e-05,"42,43,44",aggregate,3,0.7367924184172541
resnet50_no_weights,CIFAR10,fp32_fused_qat,layer3.0.downsample.0,"(1024, 512, 1, 1)",31.59762464250837,6.02676861620109e-05,42,42,3,
resnet50_no_weights,CIFAR10,fp32_fused_qat,layer3.0.downsample.0,"(1024, 512, 1, 1)",35.873546282450356,6.842335945596763e-05,43,43,3,
resnet50_no_weights,CIFAR10,fp32_fused_qat,layer3.0.downsample.0,"(1024, 512, 1, 1)",39.24185693528917,7.484790217454752e-05,44,44,3,
resnet50_no_weights,CIFAR10,fp32_fused_qat,layer3.0.downsample.0,"(1024, 512, 1, 1)",35.5710092867493,6.784631593084202e-05,"42,43,44",aggregate,3,3.831085787583471
resnet50_no_weights,CIFAR10,fp32_fused_qat,layer3.1.conv1,"(256, 1024, 1, 1)",7.548643884204683,2.8795791184252483e-05,42,42,3,
resnet50_no_weights,CIFAR10,fp32_fused_qat,layer3.1.conv1,"(256, 1024, 1, 1)",9.493493186102974,3.6214802498256584e-05,43,43,3,
resnet50_no_weights,CIFAR10,fp32_fused_qat,layer3.1.conv1,"(256, 1024, 1, 1)",8.089894924845014,3.086050004899984e-05,44,44,3,
resnet50_no_weights,CIFAR10,fp32_fused_qat,layer3.1.conv1,"(256, 1024, 1, 1)",8.377343998384223,3.19570312438363e-05,"42,43,44",aggregate,3,1.0037828097663757
resnet50_no_weights,CIFAR10,fp32_fused_qat,layer3.1.conv2,"(256, 256, 3, 3)",10.110742862407978,1.7141965844740087e-05,42,42,3,
resnet50_no_weights,CIFAR10,fp32_fused_qat,layer3.1.conv2,"(256, 256, 3, 3)",11.30511157989502,1.9166923658404914e-05,43,43,3,
resnet50_no_weights,CIFAR10,fp32_fused_qat,layer3.1.conv2,"(256, 256, 3, 3)",12.15517160627577,2.0608133284294588e-05,44,44,3,
resnet50_no_weights,CIFAR10,fp32_fused_qat,layer3.1.conv2,"(256, 256, 3, 3)",11.190342016192922,1.8972340929146528e-05,"42,43,44",aggregate,3,1.0270351803869655
resnet50_no_weights,CIFAR10,fp32_fused_qat,layer3.1.conv3,"(1024, 256, 1, 1)",10.462014491741474,3.9909418074575326e-05,42,42,3,
resnet50_no_weights,CIFAR10,fp32_fused_qat,layer3.1.conv3,"(1024, 256, 1, 1)",10.741469655718122,4.097545492446183e-05,43,43,3,
resnet50_no_weights,CIFAR10,fp32_fused_qat,layer3.1.conv3,"(1024, 256, 1, 1)",10.263403499827666,3.915177726679865e-05,44,44,3,
resnet50_no_weights,CIFAR10,fp32_fused_qat,layer3.1.conv3,"(1024, 256, 1, 1)",10.488962549095755,4.0012216755278605e-05,"42,43,44",aggregate,3,0.24016964982767214
resnet50_no_weights,CIFAR10,fp32_fused_qat,layer3.2.conv1,"(256, 1024, 1, 1)",14.201962343851726,5.4176186919600394e-05,42,42,3,
resnet50_no_weights,CIFAR10,fp32_fused_qat,layer3.2.conv1,"(256, 1024, 1, 1)",17.18573353507302,6.555837072400291e-05,43,43,3,
resnet50_no_weights,CIFAR10,fp32_fused_qat,layer3.2.conv1,"(256, 1024, 1, 1)",17.54674221919133,6.693550956417591e-05,44,44,3,
resnet50_no_weights,CIFAR10,fp32_fused_qat,layer3.2.conv1,"(256, 1024, 1, 1)",16.311479366038693,6.222335573592641e-05,"42,43,44",aggregate,3,1.8357909378996924
resnet50_no_weights,CIFAR10,fp32_fused_qat,layer3.2.conv2,"(256, 256, 3, 3)",28.750478625297546,4.874416542103669e-05,42,42,3,
resnet50_no_weights,CIFAR10,fp32_fused_qat,layer3.2.conv2,"(256, 256, 3, 3)",20.443441814846462,3.466024070713715e-05,43,43,3,
resnet50_no_weights,CIFAR10,fp32_fused_qat,layer3.2.conv2,"(256, 256, 3, 3)",24.17059669494629,4.09793373869939e-05,44,44,3,
resnet50_no_weights,CIFAR10,fp32_fused_qat,layer3.2.conv2,"(256, 256, 3, 3)",24.4548390450301,4.1461247838389244e-05,"42,43,44",aggregate,3,4.160806463623754
resnet50_no_weights,CIFAR10,fp32_fused_qat,layer3.2.conv3,"(1024, 256, 1, 1)",16.519699096679688,6.301765097305179e-05,42,42,3,
resnet50_no_weights,CIFAR10,fp32_fused_qat,layer3.2.conv3,"(1024, 256, 1, 1)",15.742303518148569,6.0052122185320164e-05,43,43,3,
resnet50_no_weights,CIFAR10,fp32_fused_qat,layer3.2.conv3,"(1024, 256, 1, 1)",16.502426433563233,6.295176099229139e-05,44,44,3,
resnet50_no_weights,CIFAR10,fp32_fused_qat,layer3.2.conv3,"(1024, 256, 1, 1)",16.254809682797163,6.200717805022111e-05,"42,43,44",aggregate,3,0.4439273733674153
resnet50_no_weights,CIFAR10,fp32_fused_qat,layer3.3.conv1,"(256, 1024, 1, 1)",27.388358919244062,0.0001044782978791964,42,42,3,
resnet50_no_weights,CIFAR10,fp32_fused_qat,layer3.3.conv1,"(256, 1024, 1, 1)",27.51799144744873,0.0001049728067300748,43,43,3,
resnet50_no_weights,CIFAR10,fp32_fused_qat,layer3.3.conv1,"(256, 1024, 1, 1)",29.310215516523883,0.0001118095989857631,44,44,3,
resnet50_no_weights,CIFAR10,fp32_fused_qat,layer3.3.conv1,"(256, 1024, 1, 1)",28.072188627738893,0.00010708690119834477,"42,43,44",aggregate,3,1.0741201427718257
resnet50_no_weights,CIFAR10,fp32_fused_qat,layer3.3.conv2,"(256, 256, 3, 3)",32.482639694213866,5.5071749698577654e-05,42,42,3,
resnet50_no_weights,CIFAR10,fp32_fused_qat,layer3.3.conv2,"(256, 256, 3, 3)",30.91580778757731,5.2415309969715225e-05,43,43,3,
resnet50_no_weights,CIFAR10,fp32_fused_qat,layer3.3.conv2,"(256, 256, 3, 3)",30.562614874406293,5.181649928522117e-05,44,44,3,
resnet50_no_weights,CIFAR10,fp32_fused_qat,layer3.3.conv2,"(256, 256, 3, 3)",31.32035411873249,5.3101186317838015e-05,"42,43,44",aggregate,3,1.021942820175186
resnet50_no_weights,CIFAR10,fp32_fused_qat,layer3.3.conv3,"(1024, 256, 1, 1)",17.28743725352817,6.594633962069768e-05,42,42,3,
resnet50_no_weights,CIFAR10,fp32_fused_qat,layer3.3.conv3,"(1024, 256, 1, 1)",17.49497675895691,6.673804000456585e-05,43,43,3,
resnet50_no_weights,CIFAR10,fp32_fused_qat,layer3.3.conv3,"(1024, 256, 1, 1)",16.276768732070924,6.209094517544145e-05,44,44,3,
resnet50_no_weights,CIFAR10,fp32_fused_qat,layer3.3.conv3,"(1024, 256, 1, 1)",17.01972758151867,6.492510826690166e-05,"42,43,44",aggregate,3,0.6517354145341026
resnet50_no_weights,CIFAR10,fp32_fused_qat,layer3.4.conv1,"(256, 1024, 1, 1)",32.08482164655413,0.00012239388140317586,42,42,3,
resnet50_no_weights,CIFAR10,fp32_fused_qat,layer3.4.conv1,"(256, 1024, 1, 1)",30.051391944885253,0.00011463696268037893,43,43,3,
resnet50_no_weights,CIFAR10,fp32_fused_qat,layer3.4.conv1,"(256, 1024, 1, 1)",29.01691304082456,0.00011069073883371185,44,44,3,
resnet50_no_weights,CIFAR10,fp32_fused_qat,layer3.4.conv1,"(256, 1024, 1, 1)",30.38437554408798,0.00011590719430575554,"42,43,44",aggregate,3,1.5608248977002184
resnet50_no_weights,CIFAR10,fp32_fused_qat,layer3.4.conv2,"(256, 256, 3, 3)",13.384708442186055,2.2692715864708886e-05,42,42,3,
resnet50_no_weights,CIFAR10,fp32_fused_qat,layer3.4.conv2,"(256, 256, 3, 3)",12.624851998828706,2.1404439288378748e-05,43,43,3,
resnet50_no_weights,CIFAR10,fp32_fused_qat,layer3.4.conv2,"(256, 256, 3, 3)",12.163852415586772,2.0622850910757738e-05,44,44,3,
resnet50_no_weights,CIFAR10,fp32_fused_qat,layer3.4.conv2,"(256, 256, 3, 3)",12.72447095220051,2.1573335354615122e-05,"42,43,44",aggregate,3,0.6164943724999582
resnet50_no_weights,CIFAR10,fp32_fused_qat,layer3.4.conv3,"(1024, 256, 1, 1)",12.503366606576103,4.7696558405212795e-05,42,42,3,
resnet50_no_weights,CIFAR10,fp32_fused_qat,layer3.4.conv3,"(1024, 256, 1, 1)",10.646682739257812,4.061387153342366e-05,43,43,3,
resnet50_no_weights,CIFAR10,fp32_fused_qat,layer3.4.conv3,"(1024, 256, 1, 1)",10.833463026927067,4.132638178606822e-05,44,44,3,
resnet50_no_weights,CIFAR10,fp32_fused_qat,layer3.4.conv3,"(1024, 256, 1, 1)",11.327837457586995,4.321227057490156e-05,"42,43,44",aggregate,3,1.0223127232201241
resnet50_no_weights,CIFAR10,fp32_fused_qat,layer3.5.conv1,"(256, 1024, 1, 1)",23.09724572988657,8.8109000129267e-05,42,42,3,
resnet50_no_weights,CIFAR10,fp32_fused_qat,layer3.5.conv1,"(256, 1024, 1, 1)",19.970613413843616,7.618184438264319e-05,43,43,3,
resnet50_no_weights,CIFAR10,fp32_fused_qat,layer3.5.conv1,"(256, 1024, 1, 1)",21.369260421166054,8.151725929705068e-05,44,44,3,
resnet50_no_weights,CIFAR10,fp32_fused_qat,layer3.5.conv1,"(256, 1024, 1, 1)",21.479039854965414,8.193603460298696e-05,"42,43,44",aggregate,3,1.5662043458613608
resnet50_no_weights,CIFAR10,fp32_fused_qat,layer3.5.conv2,"(256, 256, 3, 3)",4.268972496191661,7.237705648111404e-06,42,42,3,
resnet50_no_weights,CIFAR10,fp32_fused_qat,layer3.5.conv2,"(256, 256, 3, 3)",4.4040114164352415,7.466653470247467e-06,43,43,3,
resnet50_no_weights,CIFAR10,fp32_fused_qat,layer3.5.conv2,"(256, 256, 3, 3)",4.17827312151591,7.083932022969412e-06,44,44,3,
resnet50_no_weights,CIFAR10,fp32_fused_qat,layer3.5.conv2,"(256, 256, 3, 3)",4.283752344714271,7.262763713776094e-06,"42,43,44",aggregate,3,0.1135925939048635
resnet50_no_weights,CIFAR10,fp32_fused_qat,layer3.5.conv3,"(1024, 256, 1, 1)",5.680119079092274,2.1667934719437692e-05,42,42,3,
resnet50_no_weights,CIFAR10,fp32_fused_qat,layer3.5.conv3,"(1024, 256, 1, 1)",5.626711964607239,2.1464202745846706e-05,43,43,3,
resnet50_no_weights,CIFAR10,fp32_fused_qat,layer3.5.conv3,"(1024, 256, 1, 1)",4.451864570379257,1.6982515603558568e-05,44,44,3,
resnet50_no_weights,CIFAR10,fp32_fused_qat,layer3.5.conv3,"(1024, 256, 1, 1)",5.2528985380262565,2.003821768961432e-05,"42,43,44",aggregate,3,0.6942295319003833
resnet50_no_weights,CIFAR10,fp32_fused_qat,layer4.0.conv1,"(512, 1024, 1, 1)",39.47425285650759,7.529116221715467e-05,42,42,3,
resnet50_no_weights,CIFAR10,fp32_fused_qat,layer4.0.conv1,"(512, 1024, 1, 1)",44.100785391671316,8.411557272276176e-05,43,43,3,
resnet50_no_weights,CIFAR10,fp32_fused_qat,layer4.0.conv1,"(512, 1024, 1, 1)",40.55850591659546,7.735921080893604e-05,44,44,3,
resnet50_no_weights,CIFAR10,fp32_fused_qat,layer4.0.conv1,"(512, 1024, 1, 1)",41.37784805492479,7.892198191628416e-05,"42,43,44",aggregate,3,2.4196470774606125
resnet50_no_weights,CIFAR10,fp32_fused_qat,layer4.0.conv2,"(512, 512, 3, 3)",10.69808775583903,4.53444067884616e-06,42,42,3,
resnet50_no_weights,CIFAR10,fp32_fused_qat,layer4.0.conv2,"(512, 512, 3, 3)",10.14900625905683,4.3017096028039e-06,43,43,3,
resnet50_no_weights,CIFAR10,fp32_fused_qat,layer4.0.conv2,"(512, 512, 3, 3)",10.800246991609272,4.577741407440725e-06,44,44,3,
resnet50_no_weights,CIFAR10,fp32_fused_qat,layer4.0.conv2,"(512, 512, 3, 3)",10.549113668835044,4.471297229696928e-06,"42,43,44",aggregate,3,0.3502478863360407
resnet50_no_weights,CIFAR10,fp32_fused_qat,layer4.0.conv3,"(2048, 512, 1, 1)",9.652891311645508,9.20571452297736e-06,42,42,3,
resnet50_no_weights,CIFAR10,fp32_fused_qat,layer4.0.conv3,"(2048, 512, 1, 1)",7.077790546417236,6.749907061021076e-06,43,43,3,
resnet50_no_weights,CIFAR10,fp32_fused_qat,layer4.0.conv3,"(2048, 512, 1, 1)",8.762569653360467,8.356637624130694e-06,44,44,3,
resnet50_no_weights,CIFAR10,fp32_fused_qat,layer4.0.conv3,"(2048, 512, 1, 1)",8.497750503807737,8.10408640270971e-06,"42,43,44",aggregate,3,1.3078160704958404
resnet50_no_weights,CIFAR10,fp32_fused_qat,layer4.0.downsample.0,"(2048, 1024, 1, 1)",34.159661849339805,1.62885960814189e-05,42,42,3,
resnet50_no_weights,CIFAR10,fp32_fused_qat,layer4.0.downsample.0,"(2048, 1024, 1, 1)",35.1562668701698,1.676381438740244e-05,43,43,3,
resnet50_no_weights,CIFAR10,fp32_fused_qat,layer4.0.downsample.0,"(2048, 1024, 1, 1)",35.215416020360486,1.6792018900089496e-05,44,44,3,
resnet50_no_weights,CIFAR10,fp32_fused_qat,layer4.0.downsample.0,"(2048, 1024, 1, 1)",34.8437815799567,1.6614809789636945e-05,"42,43,44",aggregate,3,0.5932027561100564
resnet50_no_weights,CIFAR10,fp32_fused_qat,layer4.1.conv1,"(512, 2048, 1, 1)",38.518297576904295,3.673391111078672e-05,42,42,3,
resnet50_no_weights,CIFAR10,fp32_fused_qat,layer4.1.conv1,"(512, 2048, 1, 1)",37.572204317365376,3.583164626823938e-05,43,43,3,
resnet50_no_weights,CIFAR10,fp32_fused_qat,layer4.1.conv1,"(512, 2048, 1, 1)",38.702088038126625,3.6909187353254915e-05,44,44,3,
resnet50_no_weights,CIFAR10,fp32_fused_qat,layer4.1.conv1,"(512, 2048, 1, 1)",38.2641966441321,3.6491581577427005e-05,"42,43,44",aggregate,3,0.6062876946113095
resnet50_no_weights,CIFAR10,fp32_fused_qat,layer4.1.conv2,"(512, 512, 3, 3)",81.68132189700478,3.4621057254793286e-05,42,42,3,
resnet50_no_weights,CIFAR10,fp32_fused_qat,layer4.1.conv2,"(512, 512, 3, 3)",92.51301520211356,3.921212734735852e-05,43,43,3,
resnet50_no_weights,CIFAR10,fp32_fused_qat,layer4.1.conv2,"(512, 512, 3, 3)",77.7767333984375,3.2966076913807126e-05,44,44,3,
resnet50_no_weights,CIFAR10,fp32_fused_qat,layer4.1.conv2,"(512, 512, 3, 3)",83.99035683251861,3.5599753838652975e-05,"42,43,44",aggregate,3,7.634673018499621
resnet50_no_weights,CIFAR10,fp32_fused_qat,layer4.1.conv3,"(2048, 512, 1, 1)",17.464087046109714,1.6655051275357928e-05,42,42,3,
resnet50_no_weights,CIFAR10,fp32_fused_qat,layer4.1.conv3,"(2048, 512, 1, 1)",17.577956104278563,1.6763645271566928e-05,43,43,3,
resnet50_no_weights,CIFAR10,fp32_fused_qat,layer4.1.conv3,"(2048, 512, 1, 1)",17.91279674398488,1.7082974189743882e-05,44,44,3,
resnet50_no_weights,CIFAR10,fp32_fused_qat,layer4.1.conv3,"(2048, 512, 1, 1)",17.651613298124385,1.6833890245556245e-05,"42,43,44",aggregate,3,0.23324693973498706
resnet50_no_weights,CIFAR10,fp32_fused_qat,layer4.2.conv1,"(512, 2048, 1, 1)",42.54001408815384,4.056931885543236e-05,42,42,3,
resnet50_no_weights,CIFAR10,fp32_fused_qat,layer4.2.conv1,"(512, 2048, 1, 1)",42.15759866629074,4.0204619089403857e-05,43,43,3,
resnet50_no_weights,CIFAR10,fp32_fused_qat,layer4.2.conv1,"(512, 2048, 1, 1)",51.39860897064209,4.901753327430924e-05,44,44,3,
resnet50_no_weights,CIFAR10,fp32_fused_qat,layer4.2.conv1,"(512, 2048, 1, 1)",45.36540724169556,4.3263823739715154e-05,"42,43,44",aggregate,3,5.2284034575903044
resnet50_no_weights,CIFAR10,fp32_fused_qat,layer4.2.conv2,"(512, 512, 3, 3)",6.322683906555175,2.6799027788608024e-06,42,42,3,
resnet50_no_weights,CIFAR10,fp32_fused_qat,layer4.2.conv2,"(512, 512, 3, 3)",6.199144065380096,2.6275397683801e-06,43,43,3,
resnet50_no_weights,CIFAR10,fp32_fused_qat,layer4.2.conv2,"(512, 512, 3, 3)",7.157127611098751,3.033586125309733e-06,44,44,3,
resnet50_no_weights,CIFAR10,fp32_fused_qat,layer4.2.conv2,"(512, 512, 3, 3)",6.559651861011341,2.7803428908502117e-06,"42,43,44",aggregate,3,0.5211031347499994
resnet50_no_weights,CIFAR10,fp32_fused_qat,layer4.2.conv3,"(2048, 512, 1, 1)",4.961809368928273,4.731950158050798e-06,42,42,3,
resnet50_no_weights,CIFAR10,fp32_fused_qat,layer4.2.conv3,"(2048, 512, 1, 1)",4.494882868395911,4.286654346843635e-06,43,43,3,
resnet50_no_weights,CIFAR10,fp32_fused_qat,layer4.2.conv3,"(2048, 512, 1, 1)",5.2575602531433105,5.014000180381117e-06,44,44,3,
resnet50_no_weights,CIFAR10,fp32_fused_qat,layer4.2.conv3,"(2048, 512, 1, 1)",4.904750830155832,4.67753489509185e-06,"42,43,44",aggregate,3,0.3845269248523669
resnet50_no_weights,CIFAR10,fp32_fused_qat,fc,"(10, 2048)",4.809369752804439,0.00023483250746115424,42,42,3,
resnet50_no_weights,CIFAR10,fp32_fused_qat,fc,"(10, 2048)",5.560467004776001,0.00027150717796757816,43,43,3,
resnet50_no_weights,CIFAR10,fp32_fused_qat,fc,"(10, 2048)",5.532336780899449,0.00027013363187985593,44,44,3,
resnet50_no_weights,CIFAR10,fp32_fused_qat,fc,"(10, 2048)",5.30072451282663,0.0002588244391028628,"42,43,44",aggregate,3,0.42575809155104133
resnet18_no_weights,CIFAR10,fp32_unfused,conv1,"(64, 3, 3, 3)",16.029529270003824,0.00927634795717814,42,42,3,
resnet18_no_weights,CIFAR10,fp32_unfused,conv1,"(64, 3, 3, 3)",16.189764404296874,0.009369076622856987,43,43,3,
resnet18_no_weights,CIFAR10,fp32_unfused,conv1,"(64, 3, 3, 3)",18.898091588701522,0.010936395595313382,44,44,3,
resnet18_no_weights,CIFAR10,fp32_unfused,conv1,"(64, 3, 3, 3)",17.03912842100074,0.00986060672511617,"42,43,44",aggregate,3,1.611901631215929
resnet18_no_weights,CIFAR10,fp32_unfused,layer1.0.conv1,"(64, 64, 3, 3)",19.483011881510418,0.0005285105219593755,42,42,3,
resnet18_no_weights,CIFAR10,fp32_unfused,layer1.0.conv1,"(64, 64, 3, 3)",18.75238561630249,0.0005086910160672334,43,43,3,
resnet18_no_weights,CIFAR10,fp32_unfused,layer1.0.conv1,"(64, 64, 3, 3)",18.832024035246477,0.000510851346442233,44,44,3,
resnet18_no_weights,CIFAR10,fp32_unfused,layer1.0.conv1,"(64, 64, 3, 3)",19.02247384435313,0.0005160176281562806,"42,43,44",aggregate,3,0.4008204488227756
resnet18_no_weights,CIFAR10,fp32_unfused,layer1.0.conv2,"(64, 64, 3, 3)",31.572033923605215,0.0008564462327366866,42,42,3,
resnet18_no_weights,CIFAR10,fp32_unfused,layer1.0.conv2,"(64, 64, 3, 3)",30.2080044065203,0.0008194445639789577,43,43,3,
resnet18_no_weights,CIFAR10,fp32_unfused,layer1.0.conv2,"(64, 64, 3, 3)",33.978876662254336,0.0009217360205689653,44,44,3,
resnet18_no_weights,CIFAR10,fp32_unfused,layer1.0.conv2,"(64, 64, 3, 3)",31.919638330793283,0.0008658756057615365,"42,43,44",aggregate,3,1.9093168962193268
resnet18_no_weights,CIFAR10,fp32_unfused,layer1.1.conv1,"(64, 64, 3, 3)",47.77069385528564,0.0012958630060570108,42,42,3,
resnet18_no_weights,CIFAR10,fp32_unfused,layer1.1.conv1,"(64, 64, 3, 3)",51.54836622873942,0.001398338927645926,43,43,3,
resnet18_no_weights,CIFAR10,fp32_unfused,layer1.1.conv1,"(64, 64, 3, 3)",49.19822424108332,0.0013345872461231368,44,44,3,
resnet18_no_weights,CIFAR10,fp32_unfused,layer1.1.conv1,"(64, 64, 3, 3)",49.505761441702795,0.0013429297266086913,"42,43,44",aggregate,3,1.9075210320236624
resnet18_no_weights,CIFAR10,fp32_unfused,layer1.1.conv2,"(64, 64, 3, 3)",33.69786182403564,0.0009141130052093001,42,42,3,
resnet18_no_weights,CIFAR10,fp32_unfused,layer1.1.conv2,"(64, 64, 3, 3)",32.93370728743704,0.0008933839867468815,43,43,3,
resnet18_no_weights,CIFAR10,fp32_unfused,layer1.1.conv2,"(64, 64, 3, 3)",31.59668192409334,0.0008571148525415945,44,44,3,
resnet18_no_weights,CIFAR10,fp32_unfused,layer1.1.conv2,"(64, 64, 3, 3)",32.742750345188675,0.0008882039481659254,"42,43,44",aggregate,3,1.0635260496692216
resnet18_no_weights,CIFAR10,fp32_unfused,layer2.0.conv1,"(128, 64, 3, 3)",47.22332448959351,0.0006405073308592869,42,42,3,
resnet18_no_weights,CIFAR10,fp32_unfused,layer2.0.conv1,"(128, 64, 3, 3)",43.69655630323622,0.0005926724759010989,43,43,3,
resnet18_no_weights,CIFAR10,fp32_unfused,layer2.0.conv1,"(128, 64, 3, 3)",51.57557773590088,0.0006995385435099403,44,44,3,
resnet18_no_weights,CIFAR10,fp32_unfused,layer2.0.conv1,"(128, 64, 3, 3)",47.49848617624354,0.0006442394500901087,"42,43,44",aggregate,3,3.9467113080953014
resnet18_no_weights,CIFAR10,fp32_unfused,layer2.0.conv2,"(128, 128, 3, 3)",52.201831000191824,0.00035401632351475575,42,42,3,
resnet18_no_weights,CIFAR10,fp32_unfused,layer2.0.conv2,"(128, 128, 3, 3)",62.225311279296875,0.000421992399626308,43,43,3,
resnet18_no_weights,CIFAR10,fp32_unfused,layer2.0.conv2,"(128, 128, 3, 3)",53.099329662323,0.0003601028758566827,44,44,3,
resnet18_no_weights,CIFAR10,fp32_unfused,layer2.0.conv2,"(128, 128, 3, 3)",55.842157313937236,0.00037870386633258215,"42,43,44",aggregate,3,5.546157847667762
resnet18_no_weights,CIFAR10,fp32_unfused,layer2.0.downsample.0,"(128, 64, 1, 1)",32.800399260087445,0.004003954987803643,42,42,3,
resnet18_no_weights,CIFAR10,fp32_unfused,layer2.0.downsample.0,"(128, 64, 1, 1)",30.53687372661772,0.0037276457185812647,43,43,3,
resnet18_no_weights,CIFAR10,fp32_unfused,layer2.0.downsample.0,"(128, 64, 1, 1)",28.994176970587837,0.0035393282434799606,44,44,3,
resnet18_no_weights,CIFAR10,fp32_unfused,layer2.0.downsample.0,"(128, 64, 1, 1)",30.777149985764336,0.003756976316621623,"42,43,44",aggregate,3,1.9144533266191235
resnet18_no_weights,CIFAR10,fp32_unfused,layer2.1.conv1,"(128, 128, 3, 3)",59.573444590849036,0.00040400827766146535,42,42,3,
resnet18_no_weights,CIFAR10,fp32_unfused,layer2.1.conv1,"(128, 128, 3, 3)",49.369480556911896,0.00033480821775249493,43,43,3,
resnet18_no_weights,CIFAR10,fp32_unfused,layer2.1.conv1,"(128, 128, 3, 3)",54.839395440143086,0.00037190345214940785,44,44,3,
resnet18_no_weights,CIFAR10,fp32_unfused,layer2.1.conv1,"(128, 128, 3, 3)",54.594106862634675,0.00037023998252112275,"42,43,44",aggregate,3,5.106402389761578
resnet18_no_weights,CIFAR10,fp32_unfused,layer2.1.conv2,"(128, 128, 3, 3)",37.4314215523856,0.0002538480736788303,42,42,3,
resnet18_no_weights,CIFAR10,fp32_unfused,layer2.1.conv2,"(128, 128, 3, 3)",34.433178172392005,0.00023351493443733728,43,43,3,
resnet18_no_weights,CIFAR10,fp32_unfused,layer2.1.conv2,"(128, 128, 3, 3)",37.48537034254808,0.0002542139373273931,44,44,3,
resnet18_no_weights,CIFAR10,fp32_unfused,layer2.1.conv2,"(128, 128, 3, 3)",36.449990022441895,0.0002471923151478536,"42,43,44",aggregate,3,1.7468185786927748
resnet18_no_weights,CIFAR10,fp32_unfused,layer3.0.conv1,"(256, 128, 3, 3)",56.5103099822998,0.00019161753330586685,42,42,3,
resnet18_no_weights,CIFAR10,fp32_unfused,layer3.0.conv1,"(256, 128, 3, 3)",71.0768544514974,0.00024101038428920286,43,43,3,
resnet18_no_weights,CIFAR10,fp32_unfused,layer3.0.conv1,"(256, 128, 3, 3)",64.59403800964355,0.0002190281779298352,44,44,3,
resnet18_no_weights,CIFAR10,fp32_unfused,layer3.0.conv1,"(256, 128, 3, 3)",64.06040081448025,0.0002172186985083016,"42,43,44",aggregate,3,7.297919630642974
resnet18_no_weights,CIFAR10,fp32_unfused,layer3.0.conv2,"(256, 256, 3, 3)",77.66559219360352,0.00013167587652181587,42,42,3,
resnet18_no_weights,CIFAR10,fp32_unfused,layer3.0.conv2,"(256, 256, 3, 3)",83.76367966334026,0.0001420147021201922,43,43,3,
resnet18_no_weights,CIFAR10,fp32_unfused,layer3.0.conv2,"(256, 256, 3, 3)",76.0807237625122,0.00012898885729050057,44,44,3,
resnet18_no_weights,CIFAR10,fp32_unfused,layer3.0.conv2,"(256, 256, 3, 3)",79.16999853981866,0.00013422647864416956,"42,43,44",aggregate,3,4.056400089293021
resnet18_no_weights,CIFAR10,fp32_unfused,layer3.0.downsample.0,"(256, 128, 1, 1)",21.76207755162166,0.0006641259018439227,42,42,3,
resnet18_no_weights,CIFAR10,fp32_unfused,layer3.0.downsample.0,"(256, 128, 1, 1)",22.96184266131857,0.0007007398273107474,43,43,3,
resnet18_no_weights,CIFAR10,fp32_unfused,layer3.0.downsample.0,"(256, 128, 1, 1)",21.6884659131368,0.0006618794529155517,44,44,3,
resnet18_no_weights,CIFAR10,fp32_unfused,layer3.0.downsample.0,"(256, 128, 1, 1)",22.137462042025675,0.0006755817273567406,"42,43,44",aggregate,3,0.714882663399672
resnet18_no_weights,CIFAR10,fp32_unfused,layer3.1.conv1,"(256, 256, 3, 3)",61.454031421292214,0.00010419045583308278,42,42,3,
resnet18_no_weights,CIFAR10,fp32_unfused,layer3.1.conv1,"(256, 256, 3, 3)",58.236253356933595,9.873496730708414e-05,43,43,3,
resnet18_no_weights,CIFAR10,fp32_unfused,layer3.1.conv1,"(256, 256, 3, 3)",50.85798094007704,8.622568925658678e-05,44,44,3,
resnet18_no_weights,CIFAR10,fp32_unfused,layer3.1.conv1,"(256, 256, 3, 3)",56.84942190610095,9.638370413225123e-05,"42,43,44",aggregate,3,5.432453180182873
resnet18_no_weights,CIFAR10,fp32_unfused,layer3.1.conv2,"(256, 256, 3, 3)",36.30705177307129,6.155573827628459e-05,42,42,3,
resnet18_no_weights,CIFAR10,fp32_unfused,layer3.1.conv2,"(256, 256, 3, 3)",38.22681232374541,6.481054064220075e-05,43,43,3,
resnet18_no_weights,CIFAR10,fp32_unfused,layer3.1.conv2,"(256, 256, 3, 3)",36.634310213724774,6.21105791112684e-05,44,44,3,
resnet18_no_weights,CIFAR10,fp32_unfused,layer3.1.conv2,"(256, 256, 3, 3)",37.05605810351383,6.282561934325125e-05,"42,43,44",aggregate,3,1.0270217158791213
resnet18_no_weights,CIFAR10,fp32_unfused,layer4.0.conv1,"(512, 256, 3, 3)",41.495694186236406,3.517633581054383e-05,42,42,3,
resnet18_no_weights,CIFAR10,fp32_unfused,layer4.0.conv1,"(512, 256, 3, 3)",43.43116935094198,3.681705843687437e-05,43,43,3,
resnet18_no_weights,CIFAR10,fp32_unfused,layer4.0.conv1,"(512, 256, 3, 3)",37.043636322021484,3.140227959698273e-05,44,44,3,
resnet18_no_weights,CIFAR10,fp32_unfused,layer4.0.conv1,"(512, 256, 3, 3)",40.65683328639996,3.4465224614800314e-05,"42,43,44",aggregate,3,3.275348875439587
resnet18_no_weights,CIFAR10,fp32_unfused,layer4.0.conv2,"(512, 512, 3, 3)",46.0817554615162,1.9531994061582862e-05,42,42,3,
resnet18_no_weights,CIFAR10,fp32_unfused,layer4.0.conv2,"(512, 512, 3, 3)",46.98259801449983,1.9913820908652338e-05,43,43,3,
resnet18_no_weights,CIFAR10,fp32_unfused,layer4.0.conv2,"(512, 512, 3, 3)",40.943637757074264,1.7354175888516856e-05,44,44,3,
resnet18_no_weights,CIFAR10,fp32_unfused,layer4.0.conv2,"(512, 512, 3, 3)",44.669330411030096,1.8933330286250684e-05,"42,43,44",aggregate,3,3.2578318925509135
resnet18_no_weights,CIFAR10,fp32_unfused,layer4.0.downsample.0,"(512, 256, 1, 1)",22.655716169448127,0.00017284939704473974,42,42,3,
resnet18_no_weights,CIFAR10,fp32_unfused,layer4.0.downsample.0,"(512, 256, 1, 1)",21.233392624627974,0.00016199792957022075,43,43,3,
resnet18_no_weights,CIFAR10,fp32_unfused,layer4.0.downsample.0,"(512, 256, 1, 1)",20.946421813964843,0.00015980851603671908,44,44,3,
resnet18_no_weights,CIFAR10,fp32_unfused,layer4.0.downsample.0,"(512, 256, 1, 1)",21.611843536013648,0.0001648852808838932,"42,43,44",aggregate,3,0.9153363412802087
resnet18_no_weights,CIFAR10,fp32_unfused,layer4.1.conv1,"(512, 512, 3, 3)",47.878895867954604,2.0293721460958948e-05,42,42,3,
resnet18_no_weights,CIFAR10,fp32_unfused,layer4.1.conv1,"(512, 512, 3, 3)",36.26932973447053,1.5372945884904027e-05,43,43,3,
resnet18_no_weights,CIFAR10,fp32_unfused,layer4.1.conv1,"(512, 512, 3, 3)",35.6313042640686,1.5102515438532768e-05,44,44,3,
resnet18_no_weights,CIFAR10,fp32_unfused,layer4.1.conv1,"(512, 512, 3, 3)",39.92650995549791,1.6923060928131915e-05,"42,43,44",aggregate,3,6.894352790559831
resnet18_no_weights,CIFAR10,fp32_unfused,layer4.1.conv2,"(512, 512, 3, 3)",13.515614706536997,5.728664273807524e-06,42,42,3,
resnet18_no_weights,CIFAR10,fp32_unfused,layer4.1.conv2,"(512, 512, 3, 3)",11.77142029716855,4.989378313347944e-06,43,43,3,
resnet18_no_weights,CIFAR10,fp32_unfused,layer4.1.conv2,"(512, 512, 3, 3)",13.453635022044182,5.702393859034298e-06,44,44,3,
resnet18_no_weights,CIFAR10,fp32_unfused,layer4.1.conv2,"(512, 512, 3, 3)",12.91355667524991,5.4734788153965886e-06,"42,43,44",aggregate,3,0.9896044664031494
resnet18_no_weights,CIFAR10,fp32_unfused,fc,"(10, 512)",3.684056927176083,0.0007195423685890787,42,42,3,
resnet18_no_weights,CIFAR10,fp32_unfused,fc,"(10, 512)",3.3430485129356384,0.0006529391626827419,43,43,3,
resnet18_no_weights,CIFAR10,fp32_unfused,fc,"(10, 512)",3.4396308935605564,0.0006718029088985462,44,44,3,
resnet18_no_weights,CIFAR10,fp32_unfused,fc,"(10, 512)",3.4889121112240926,0.0006814281467234556,"42,43,44",aggregate,3,0.17576451136818344
resnet18_no_weights,CIFAR10,fp32_fused,conv1,"(64, 3, 3, 3)",180.58540929749955,0.10450544519531224,42,42,3,
resnet18_no_weights,CIFAR10,fp32_fused,conv1,"(64, 3, 3, 3)",172.16930516560873,0.09963501456343098,43,43,3,
resnet18_no_weights,CIFAR10,fp32_fused,conv1,"(64, 3, 3, 3)",193.536066532135,0.11200003850239294,44,44,3,
resnet18_no_weights,CIFAR10,fp32_fused,conv1,"(64, 3, 3, 3)",182.09692699841443,0.10538016608704538,"42,43,44",aggregate,3,10.763277249223593
resnet18_no_weights,CIFAR10,fp32_fused,layer1.0.conv1,"(64, 64, 3, 3)",41.683646619319916,0.0011307412819911002,42,42,3,
resnet18_no_weights,CIFAR10,fp32_fused,layer1.0.conv1,"(64, 64, 3, 3)",37.82772786993729,0.0010261427916107122,43,43,3,
resnet18_no_weights,CIFAR10,fp32_fused,layer1.0.conv1,"(64, 64, 3, 3)",40.310791075229645,0.0010935001919278875,44,44,3,
resnet18_no_weights,CIFAR10,fp32_fused,layer1.0.conv1,"(64, 64, 3, 3)",39.94072185482895,0.0010834614218432333,"42,43,44",aggregate,3,1.9544157109929552
resnet18_no_weights,CIFAR10,fp32_fused,layer1.0.conv2,"(64, 64, 3, 3)",39.93285291845148,0.0010832479632826464,42,42,3,
resnet18_no_weights,CIFAR10,fp32_fused,layer1.0.conv2,"(64, 64, 3, 3)",44.59264322427603,0.0012096528652418628,43,43,3,
resnet18_no_weights,CIFAR10,fp32_fused,layer1.0.conv2,"(64, 64, 3, 3)",49.624923119178185,0.0013461621939881234,44,44,3,
resnet18_no_weights,CIFAR10,fp32_fused,layer1.0.conv2,"(64, 64, 3, 3)",44.71680642063523,0.001213021007504211,"42,43,44",aggregate,3,4.847227926191551
resnet18_no_weights,CIFAR10,fp32_fused,layer1.1.conv1,"(64, 64, 3, 3)",269.8144276936849,0.0073191847790170595,42,42,3,
resnet18_no_weights,CIFAR10,fp32_fused,layer1.1.conv1,"(64, 64, 3, 3)",313.5366734989354,0.008505226603161225,43,43,3,
resnet18_no_weights,CIFAR10,fp32_fused,layer1.1.conv1,"(64, 64, 3, 3)",301.12545175263375,0.008168550666032816,44,44,3,
resnet18_no_weights,CIFAR10,fp32_fused,layer1.1.conv1,"(64, 64, 3, 3)",294.825517648418,0.007997654016070367,"42,43,44",aggregate,3,22.531657103989975
resnet18_no_weights,CIFAR10,fp32_fused,layer1.1.conv2,"(64, 64, 3, 3)",21.53001832962036,0.0005840391256949968,42,42,3,
resnet18_no_weights,CIFAR10,fp32_fused,layer1.1.conv2,"(64, 64, 3, 3)",27.118512349250988,0.0007356367282240394,43,43,3,
resnet18_no_weights,CIFAR10,fp32_fused,layer1.1.conv2,"(64, 64, 3, 3)",23.836587154504024,0.0006466088095297316,44,44,3,
resnet18_no_weights,CIFAR10,fp32_fused,layer1.1.conv2,"(64, 64, 3, 3)",24.161705944458458,0.0006554282211495892,"42,43,44",aggregate,3,2.8083968776773514
resnet18_no_weights,CIFAR10,fp32_fused,layer2.0.conv1,"(128, 64, 3, 3)",180.68378615379333,0.002450680693275192,42,42,3,
resnet18_no_weights,CIFAR10,fp32_fused,layer2.0.conv1,"(128, 64, 3, 3)",180.87609695806736,0.00245328907549462,43,43,3,
resnet18_no_weights,CIFAR10,fp32_fused,layer2.0.conv1,"(128, 64, 3, 3)",213.05211561154096,0.0028897042590541036,44,44,3,
resnet18_no_weights,CIFAR10,fp32_fused,layer2.0.conv1,"(128, 64, 3, 3)",191.53733290780056,0.002597891342607972,"42,43,44",aggregate,3,18.63259648984101
resnet18_no_weights,CIFAR10,fp32_fused,layer2.0.conv2,"(128, 128, 3, 3)",43.03631057739258,0.00029185866005718706,42,42,3,
resnet18_no_weights,CIFAR10,fp32_fused,layer2.0.conv2,"(128, 128, 3, 3)",47.668630191258025,0.0003232735879941001,43,43,3,
resnet18_no_weights,CIFAR10,fp32_fused,layer2.0.conv2,"(128, 128, 3, 3)",47.366486499184056,0.0003212245449434683,44,44,3,
resnet18_no_weights,CIFAR10,fp32_fused,layer2.0.conv2,"(128, 128, 3, 3)",46.02380908927822,0.0003121189309982518,"42,43,44",aggregate,3,2.5916564628735457
resnet18_no_weights,CIFAR10,fp32_fused,layer2.0.downsample.0,"(128, 64, 1, 1)",25.168331418718612,0.0030723060813865493,42,42,3,
resnet18_no_weights,CIFAR10,fp32_fused,layer2.0.downsample.0,"(128, 64, 1, 1)",26.311439427462492,0.0032118456332351675,43,43,3,
resnet18_no_weights,CIFAR10,fp32_fused,layer2.0.downsample.0,"(128, 64, 1, 1)",20.47295026779175,0.0024991394369862975,44,44,3,
resnet18_no_weights,CIFAR10,fp32_fused,layer2.0.downsample.0,"(128, 64, 1, 1)",23.984240371324283,0.0029277637172026713,"42,43,44",aggregate,3,3.09411419040858
resnet18_no_weights,CIFAR10,fp32_fused,layer2.1.conv1,"(128, 128, 3, 3)",141.90321911898528,0.0009623427945894726,42,42,3,
resnet18_no_weights,CIFAR10,fp32_fused,layer2.1.conv1,"(128, 128, 3, 3)",150.99959844472457,0.0010240315649734468,43,43,3,
resnet18_no_weights,CIFAR10,fp32_fused,layer2.1.conv1,"(128, 128, 3, 3)",147.28572252061633,0.0009988452319377736,44,44,3,
resnet18_no_weights,CIFAR10,fp32_fused,layer2.1.conv1,"(128, 128, 3, 3)",146.72951336144206,0.0009950731971668976,"42,43,44",aggregate,3,4.5736260976381
resnet18_no_weights,CIFAR10,fp32_fused,layer2.1.conv2,"(128, 128, 3, 3)",19.200190852670108,0.00013020962763583786,42,42,3,
resnet18_no_weights,CIFAR10,fp32_fused,layer2.1.conv2,"(128, 128, 3, 3)",26.23434019088745,0.00017791300585183004,43,43,3,
resnet18_no_weights,CIFAR10,fp32_fused,layer2.1.conv2,"(128, 128, 3, 3)",20.572755018870037,0.00013951792411885604,44,44,3,
resnet18_no_weights,CIFAR10,fp32_fused,layer2.1.conv2,"(128, 128, 3, 3)",22.002428687475867,0.00014921351920217467,"42,43,44",aggregate,3,3.7286444355978094
resnet18_no_weights,CIFAR10,fp32_fused,layer3.0.conv1,"(256, 128, 3, 3)",219.0632700238909,0.0007428089396968957,42,42,3,
resnet18_no_weights,CIFAR10,fp32_fused,layer3.0.conv1,"(256, 128, 3, 3)",241.3972600301107,0.0008185399713477603,43,43,3,
resnet18_no_weights,CIFAR10,fp32_fused,layer3.0.conv1,"(256, 128, 3, 3)",249.79300756039828,0.0008470086248114633,44,44,3,
resnet18_no_weights,CIFAR10,fp32_fused,layer3.0.conv1,"(256, 128, 3, 3)",236.75117920479997,0.0008027858452853731,"42,43,44",aggregate,3,15.882970205290556
resnet18_no_weights,CIFAR10,fp32_fused,layer3.0.conv2,"(256, 256, 3, 3)",44.51912219707783,7.547865498365246e-05,42,42,3,
resnet18_no_weights,CIFAR10,fp32_fused,layer3.0.conv2,"(256, 256, 3, 3)",43.41892274220785,7.361335371603707e-05,43,43,3,
resnet18_no_weights,CIFAR10,fp32_fused,layer3.0.conv2,"(256, 256, 3, 3)",48.609875428049186,8.241420394566716e-05,44,44,3,
resnet18_no_weights,CIFAR10,fp32_fused,layer3.0.conv2,"(256, 256, 3, 3)",45.51597345577829,7.716873754845223e-05,"42,43,44",aggregate,3,2.735284586773444
resnet18_no_weights,CIFAR10,fp32_fused,layer3.0.downsample.0,"(256, 128, 1, 1)",17.300957361857098,0.0005279833179277679,42,42,3,
resnet18_no_weights,CIFAR10,fp32_fused,layer3.0.downsample.0,"(256, 128, 1, 1)",15.544130039215087,0.00047436920285690574,43,43,3,
resnet18_no_weights,CIFAR10,fp32_fused,layer3.0.downsample.0,"(256, 128, 1, 1)",17.88329456592428,0.0005457548390479822,44,44,3,
resnet18_no_weights,CIFAR10,fp32_fused,layer3.0.downsample.0,"(256, 128, 1, 1)",16.909460655665487,0.0005160357866108852,"42,43,44",aggregate,3,1.2177335192778513
resnet18_no_weights,CIFAR10,fp32_fused,layer3.1.conv1,"(256, 256, 3, 3)",94.05375769199469,0.00015946071657307043,42,42,3,
resnet18_no_weights,CIFAR10,fp32_fused,layer3.1.conv1,"(256, 256, 3, 3)",104.33900622317665,0.00017689854299448083,43,43,3,
resnet18_no_weights,CIFAR10,fp32_fused,layer3.1.conv1,"(256, 256, 3, 3)",105.12715788810483,0.00017823479188385828,44,44,3,
resnet18_no_weights,CIFAR10,fp32_fused,layer3.1.conv1,"(256, 256, 3, 3)",101.17330726775873,0.0001715313504838032,"42,43,44",aggregate,3,6.178291461484611
resnet18_no_weights,CIFAR10,fp32_fused,layer3.1.conv2,"(256, 256, 3, 3)",12.600277570577768,2.1362775286488457e-05,42,42,3,
resnet18_no_weights,CIFAR10,fp32_fused,layer3.1.conv2,"(256, 256, 3, 3)",13.058104419708252,2.2138984544047465e-05,43,43,3,
resnet18_no_weights,CIFAR10,fp32_fused,layer3.1.conv2,"(256, 256, 3, 3)",12.838064760775179,2.176592468393144e-05,44,44,3,
resnet18_no_weights,CIFAR10,fp32_fused,layer3.1.conv2,"(256, 256, 3, 3)",12.8321489170204,2.1755894838155788e-05,"42,43,44",aggregate,3,0.22897074889969016
resnet18_no_weights,CIFAR10,fp32_fused,layer4.0.conv1,"(512, 256, 3, 3)",65.23473276410785,5.530016815533773e-05,42,42,3,
resnet18_no_weights,CIFAR10,fp32_fused,layer4.0.conv1,"(512, 256, 3, 3)",60.384918131726856,5.118892935157509e-05,43,43,3,
resnet18_no_weights,CIFAR10,fp32_fused,layer4.0.conv1,"(512, 256, 3, 3)",61.38685894012451,5.203828509871123e-05,44,44,3,
resnet18_no_weights,CIFAR10,fp32_fused,layer4.0.conv1,"(512, 256, 3, 3)",62.33550327865307,5.2842460868541355e-05,"42,43,44",aggregate,3,2.560296868115279
resnet18_no_weights,CIFAR10,fp32_fused,layer4.0.conv2,"(512, 512, 3, 3)",23.540345434709028,9.977699040183609e-06,42,42,3,
resnet18_no_weights,CIFAR10,fp32_fused,layer4.0.conv2,"(512, 512, 3, 3)",24.91529459702341,1.0560478463500726e-05,43,43,3,
resnet18_no_weights,CIFAR10,fp32_fused,layer4.0.conv2,"(512, 512, 3, 3)",22.745487573011864,9.64079436111953e-06,44,44,3,
resnet18_no_weights,CIFAR10,fp32_fused,layer4.0.conv2,"(512, 512, 3, 3)",23.733709201581433,1.0059657288267955e-05,"42,43,44",aggregate,3,1.0977512423663096
resnet18_no_weights,CIFAR10,fp32_fused,layer4.0.downsample.0,"(512, 256, 1, 1)",6.66733881632487,5.086775830325981e-05,42,42,3,
resnet18_no_weights,CIFAR10,fp32_fused,layer4.0.downsample.0,"(512, 256, 1, 1)",6.448394984006882,4.9197349426322035e-05,43,43,3,
resnet18_no_weights,CIFAR10,fp32_fused,layer4.0.downsample.0,"(512, 256, 1, 1)",6.864503737418882,5.237200727400881e-05,44,44,3,
resnet18_no_weights,CIFAR10,fp32_fused,layer4.0.downsample.0,"(512, 256, 1, 1)",6.660079179250212,5.081237166786355e-05,"42,43,44",aggregate,3,0.2081493464182968
resnet18_no_weights,CIFAR10,fp32_fused,layer4.1.conv1,"(512, 512, 3, 3)",102.80601119995117,4.357486775714076e-05,42,42,3,
resnet18_no_weights,CIFAR10,fp32_fused,layer4.1.conv1,"(512, 512, 3, 3)",82.55996786581504,3.499347596309028e-05,43,43,3,
resnet18_no_weights,CIFAR10,fp32_fused,layer4.1.conv1,"(512, 512, 3, 3)",107.0932804107666,4.539204932775141e-05,44,44,3,
resnet18_no_weights,CIFAR10,fp32_fused,layer4.1.conv1,"(512, 512, 3, 3)",97.48641982551094,4.132013101599415e-05,"42,43,44",aggregate,3,13.103220802548265
resnet18_no_weights,CIFAR10,fp32_fused,layer4.1.conv2,"(512, 512, 3, 3)",2.899915497643607,1.229144413267181e-06,42,42,3,
resnet18_no_weights,CIFAR10,fp32_fused,layer4.1.conv2,"(512, 512, 3, 3)",2.9227344813170255,1.23881635933644e-06,43,43,3,
resnet18_no_weights,CIFAR10,fp32_fused,layer4.1.conv2,"(512, 512, 3, 3)",3.2130921770025185,1.3618859935347318e-06,44,44,3,
resnet18_no_weights,CIFAR10,fp32_fused,layer4.1.conv2,"(512, 512, 3, 3)",3.011914051987717,1.2766155887127841e-06,"42,43,44",aggregate,3,0.17459855380937517
resnet18_no_weights,CIFAR10,fp32_fused,fc,"(10, 512)",3.5393687945145826,0.0006912829676786294,42,42,3,
resnet18_no_weights,CIFAR10,fp32_fused,fc,"(10, 512)",3.435704904794693,0.0006710361142177135,43,43,3,
resnet18_no_weights,CIFAR10,fp32_fused,fc,"(10, 512)",3.2100347876548767,0.0006269599194638431,44,44,3,
resnet18_no_weights,CIFAR10,fp32_fused,fc,"(10, 512)",3.395036162321384,0.0006630930004533954,"42,43,44",aggregate,3,0.1683914545911919
resnet18_no_weights,CIFAR10,ptq,conv1,"(64, 3, 3, 3)",174.5114200298603,0.10099040510987285,42,42,3,
resnet18_no_weights,CIFAR10,ptq,conv1,"(64, 3, 3, 3)",157.25573337439334,0.09100447533240355,43,43,3,
resnet18_no_weights,CIFAR10,ptq,conv1,"(64, 3, 3, 3)",187.8880605061849,0.10873151649663478,44,44,3,
resnet18_no_weights,CIFAR10,ptq,conv1,"(64, 3, 3, 3)",173.21840463681283,0.1002421323129704,"42,43,44",aggregate,3,15.357043432323374
resnet18_no_weights,CIFAR10,ptq,layer1.0.conv1,"(64, 64, 3, 3)",39.92734725387008,0.0010830986125724305,42,42,3,
resnet18_no_weights,CIFAR10,ptq,layer1.0.conv1,"(64, 64, 3, 3)",44.9874772158536,0.0012203634227390843,43,43,3,
resnet18_no_weights,CIFAR10,ptq,layer1.0.conv1,"(64, 64, 3, 3)",48.783131980895995,0.0013233271479192706,44,44,3,
resnet18_no_weights,CIFAR10,ptq,layer1.0.conv1,"(64, 64, 3, 3)",44.56598548353989,0.001208929727743595,"42,43,44",aggregate,3,4.442912585586505
resnet18_no_weights,CIFAR10,ptq,layer1.0.conv2,"(64, 64, 3, 3)",43.59813798268636,0.001182675183992143,42,42,3,
resnet18_no_weights,CIFAR10,ptq,layer1.0.conv2,"(64, 64, 3, 3)",47.61192376273019,0.0012915560916539224,43,43,3,
resnet18_no_weights,CIFAR10,ptq,layer1.0.conv2,"(64, 64, 3, 3)",51.4842312676566,0.0013965991554811359,44,44,3,
resnet18_no_weights,CIFAR10,ptq,layer1.0.conv2,"(64, 64, 3, 3)",47.56476433769105,0.0012902768103757339,"42,43,44",aggregate,3,3.9432581494673515
resnet18_no_weights,CIFAR10,ptq,layer1.1.conv1,"(64, 64, 3, 3)",262.6958343505859,0.007126080575916502,42,42,3,
resnet18_no_weights,CIFAR10,ptq,layer1.1.conv1,"(64, 64, 3, 3)",238.33297171243808,0.006465195630220217,43,43,3,
resnet18_no_weights,CIFAR10,ptq,layer1.1.conv1,"(64, 64, 3, 3)",260.9557616071003,0.007078878081789831,44,44,3,
resnet18_no_weights,CIFAR10,ptq,layer1.1.conv1,"(64, 64, 3, 3)",253.99485589004144,0.00689005142930885,"42,43,44",aggregate,3,13.591465163206369
resnet18_no_weights,CIFAR10,ptq,layer1.1.conv2,"(64, 64, 3, 3)",30.11627378463745,0.0008169562116058336,42,42,3,
resnet18_no_weights,CIFAR10,ptq,layer1.1.conv2,"(64, 64, 3, 3)",26.940919001897175,0.0007308192003552836,43,43,3,
resnet18_no_weights,CIFAR10,ptq,layer1.1.conv2,"(64, 64, 3, 3)",23.043384275938337,0.0006250918043603065,44,44,3,
resnet18_no_weights,CIFAR10,ptq,layer1.1.conv2,"(64, 64, 3, 3)",26.700192354157654,0.0007242890721071413,"42,43,44",aggregate,3,3.5425842953648154
resnet18_no_weights,CIFAR10,ptq,layer2.0.conv1,"(128, 64, 3, 3)",201.15087058327416,0.0027282832924163704,42,42,3,
resnet18_no_weights,CIFAR10,ptq,layer2.0.conv1,"(128, 64, 3, 3)",184.53773668077258,0.0025029532427405135,43,43,3,
resnet18_no_weights,CIFAR10,ptq,layer2.0.conv1,"(128, 64, 3, 3)",224.75908975040213,0.0030484902581163482,44,44,3,
resnet18_no_weights,CIFAR10,ptq,layer2.0.conv1,"(128, 64, 3, 3)",203.48256567148294,0.0027599089310910772,"42,43,44",aggregate,3,20.21180130953776
resnet18_no_weights,CIFAR10,ptq,layer2.0.conv2,"(128, 128, 3, 3)",51.07257234133207,0.0003463580481047368,42,42,3,
resnet18_no_weights,CIFAR10,ptq,layer2.0.conv2,"(128, 128, 3, 3)",51.36329665007415,0.00034832964850581966,43,43,3,
resnet18_no_weights,CIFAR10,ptq,layer2.0.conv2,"(128, 128, 3, 3)",57.68326791127523,0.00039118969666392166,44,44,3,
resnet18_no_weights,CIFAR10,ptq,layer2.0.conv2,"(128, 128, 3, 3)",53.37304563422715,0.0003619591310914927,"42,43,44",aggregate,3,3.735591280385817
resnet18_no_weights,CIFAR10,ptq,layer2.0.downsample.0,"(128, 64, 1, 1)",23.429992883101754,0.002860106553113007,42,42,3,
resnet18_no_weights,CIFAR10,ptq,layer2.0.downsample.0,"(128, 64, 1, 1)",27.39029565350763,0.003343541949891068,43,43,3,
resnet18_no_weights,CIFAR10,ptq,layer2.0.downsample.0,"(128, 64, 1, 1)",23.448150157928467,0.0028623230173252523,44,44,3,
resnet18_no_weights,CIFAR10,ptq,layer2.0.downsample.0,"(128, 64, 1, 1)",24.756146231512616,0.0030219905067764424,"42,43,44",aggregate,3,2.281258381837703
resnet18_no_weights,CIFAR10,ptq,layer2.1.conv1,"(128, 128, 3, 3)",161.40732955932617,0.0010946135088387462,42,42,3,
resnet18_no_weights,CIFAR10,ptq,layer2.1.conv1,"(128, 128, 3, 3)",160.87503945200066,0.0010910036855197528,43,43,3,
resnet18_no_weights,CIFAR10,ptq,layer2.1.conv1,"(128, 128, 3, 3)",153.9335221790132,0.0010439285087009901,44,44,3,
resnet18_no_weights,CIFAR10,ptq,layer2.1.conv1,"(128, 128, 3, 3)",158.73863039678002,0.001076515234353163,"42,43,44",aggregate,3,4.169847950216736
resnet18_no_weights,CIFAR10,ptq,layer2.1.conv2,"(128, 128, 3, 3)",22.853022978856014,0.00015498198092214635,42,42,3,
resnet18_no_weights,CIFAR10,ptq,layer2.1.conv2,"(128, 128, 3, 3)",25.77048683166504,0.00017476729893436035,43,43,3,
resnet18_no_weights,CIFAR10,ptq,layer2.1.conv2,"(128, 128, 3, 3)",25.253756092440696,0.0001712629943335008,44,44,3,
resnet18_no_weights,CIFAR10,ptq,layer2.1.conv2,"(128, 128, 3, 3)",24.62575530098725,0.00016700409139666918,"42,43,44",aggregate,3,1.5568197001134834
resnet18_no_weights,CIFAR10,ptq,layer3.0.conv1,"(256, 128, 3, 3)",233.14644792344836,0.0007905627710077866,42,42,3,
resnet18_no_weights,CIFAR10,ptq,layer3.0.conv1,"(256, 128, 3, 3)",308.01131766183033,0.0010444177166810112,43,43,3,
resnet18_no_weights,CIFAR10,ptq,layer3.0.conv1,"(256, 128, 3, 3)",242.27173009412041,0.0008215051611806926,44,44,3,
resnet18_no_weights,CIFAR10,ptq,layer3.0.conv1,"(256, 128, 3, 3)",261.14316522646635,0.00088549521628983,"42,43,44",aggregate,3,40.84465054571995
resnet18_no_weights,CIFAR10,ptq,layer3.0.conv2,"(256, 256, 3, 3)",53.207714374248795,9.020947668160129e-05,42,42,3,
resnet18_no_weights,CIFAR10,ptq,layer3.0.conv2,"(256, 256, 3, 3)",47.37809343338013,8.032581487592931e-05,43,43,3,
resnet18_no_weights,CIFAR10,ptq,layer3.0.conv2,"(256, 256, 3, 3)",54.14331605699327,9.179571542865884e-05,44,44,3,
resnet18_no_weights,CIFAR10,ptq,layer3.0.conv2,"(256, 256, 3, 3)",51.57637462154073,8.744366899539647e-05,"42,43,44",aggregate,3,3.66578931859647
resnet18_no_weights,CIFAR10,ptq,layer3.0.downsample.0,"(256, 128, 1, 1)",18.395821260851484,0.0005613959125015712,42,42,3,
resnet18_no_weights,CIFAR10,ptq,layer3.0.downsample.0,"(256, 128, 1, 1)",19.015566072965925,0.0005803090232228371,43,43,3,
resnet18_no_weights,CIFAR10,ptq,layer3.0.downsample.0,"(256, 128, 1, 1)",21.68570571899414,0.0006617952184751629,44,44,3,
resnet18_no_weights,CIFAR10,ptq,layer3.0.downsample.0,"(256, 128, 1, 1)",19.69903101760385,0.0006011667180665238,"42,43,44",aggregate,3,1.7481928340128383
resnet18_no_weights,CIFAR10,ptq,layer3.1.conv1,"(256, 256, 3, 3)",104.94106766671845,0.0001779192906133329,42,42,3,
resnet18_no_weights,CIFAR10,ptq,layer3.1.conv1,"(256, 256, 3, 3)",113.87568028767903,0.0001930672205398204,43,43,3,
resnet18_no_weights,CIFAR10,ptq,layer3.1.conv1,"(256, 256, 3, 3)",112.185212665134,0.00019020116622099812,44,44,3,
resnet18_no_weights,CIFAR10,ptq,layer3.1.conv1,"(256, 256, 3, 3)",110.33398687317717,0.00018706255912471714,"42,43,44",aggregate,3,4.746272576586988
resnet18_no_weights,CIFAR10,ptq,layer3.1.conv2,"(256, 256, 3, 3)",14.518973064422607,2.4615771932682642e-05,42,42,3,
resnet18_no_weights,CIFAR10,ptq,layer3.1.conv2,"(256, 256, 3, 3)",16.411012560129166,2.7823575439672117e-05,43,43,3,
resnet18_no_weights,CIFAR10,ptq,layer3.1.conv2,"(256, 256, 3, 3)",16.67749991416931,2.8275383697796818e-05,44,44,3,
resnet18_no_weights,CIFAR10,ptq,layer3.1.conv2,"(256, 256, 3, 3)",15.869161846240361,2.6904910356717193e-05,"42,43,44",aggregate,3,1.176864982644871
resnet18_no_weights,CIFAR10,ptq,layer4.0.conv1,"(512, 256, 3, 3)",68.31782913208008,5.7913741329684854e-05,42,42,3,
resnet18_no_weights,CIFAR10,ptq,layer4.0.conv1,"(512, 256, 3, 3)",72.1453391181098,6.115836174698707e-05,43,43,3,
resnet18_no_weights,CIFAR10,ptq,layer4.0.conv1,"(512, 256, 3, 3)",72.69368126813103,6.16231971470566e-05,44,44,3,
resnet18_no_weights,CIFAR10,ptq,layer4.0.conv1,"(512, 256, 3, 3)",71.05228317277364,6.0231766741242844e-05,"42,43,44",aggregate,3,2.383925114988194
resnet18_no_weights,CIFAR10,ptq,layer4.0.conv2,"(512, 512, 3, 3)",26.793176504281853,1.1356428572032442e-05,42,42,3,
resnet18_no_weights,CIFAR10,ptq,layer4.0.conv2,"(512, 512, 3, 3)",29.69996789785532,1.2588487369899885e-05,43,43,3,
resnet18_no_weights,CIFAR10,ptq,layer4.0.conv2,"(512, 512, 3, 3)",26.604648361206056,1.1276519928489709e-05,44,44,3,
resnet18_no_weights,CIFAR10,ptq,layer4.0.conv2,"(512, 512, 3, 3)",27.699264254447744,1.1740478623474012e-05,"42,43,44",aggregate,3,1.735222468947762
resnet18_no_weights,CIFAR10,ptq,layer4.0.downsample.0,"(512, 256, 1, 1)",7.831513144753196,5.9749703557992525e-05,42,42,3,
resnet18_no_weights,CIFAR10,ptq,layer4.0.downsample.0,"(512, 256, 1, 1)",7.761677265167236,5.921689808019437e-05,43,43,3,
resnet18_no_weights,CIFAR10,ptq,layer4.0.downsample.0,"(512, 256, 1, 1)",7.5402430806841165,5.752748932406705e-05,44,44,3,
resnet18_no_weights,CIFAR10,ptq,layer4.0.downsample.0,"(512, 256, 1, 1)",7.711144496868183,5.883136365408465e-05,"42,43,44",aggregate,3,0.15206818556054322
resnet18_no_weights,CIFAR10,ptq,layer4.1.conv1,"(512, 512, 3, 3)",78.3522367062776,3.321000701322666e-05,42,42,3,
resnet18_no_weights,CIFAR10,ptq,layer4.1.conv1,"(512, 512, 3, 3)",73.51892970158504,3.116138445603478e-05,43,43,3,
resnet18_no_weights,CIFAR10,ptq,layer4.1.conv1,"(512, 512, 3, 3)",90.39663682665143,3.8315089258258155e-05,44,44,3,
resnet18_no_weights,CIFAR10,ptq,layer4.1.conv1,"(512, 512, 3, 3)",80.75593441150468,3.422882690917319e-05,"42,43,44",aggregate,3,8.691810596386965
resnet18_no_weights,CIFAR10,ptq,layer4.1.conv2,"(512, 512, 3, 3)",3.4480422536532083,1.4614708174189285e-06,42,42,3,
resnet18_no_weights,CIFAR10,ptq,layer4.1.conv2,"(512, 512, 3, 3)",3.489123551050822,1.4788833410690401e-06,43,43,3,
resnet18_no_weights,CIFAR10,ptq,layer4.1.conv2,"(512, 512, 3, 3)",3.3386471763901087,1.4151031394068861e-06,44,44,3,
resnet18_no_weights,CIFAR10,ptq,layer4.1.conv2,"(512, 512, 3, 3)",3.4252709936980463,1.451819099298285e-06,"42,43,44",aggregate,3,0.07777970521104473
resnet18_no_weights,CIFAR10,ptq,fc,"(10, 512)",4.700164924968373,0.0009180009619078854,42,42,3,
resnet18_no_weights,CIFAR10,ptq,fc,"(10, 512)",3.87467917015678,0.0007567732754212461,43,43,3,
resnet18_no_weights,CIFAR10,ptq,fc,"(10, 512)",4.3324321284890175,0.0008461781500955113,44,44,3,
resnet18_no_weights,CIFAR10,ptq,fc,"(10, 512)",4.30242540787139,0.0008403174624748809,"42,43,44",aggregate,3,0.41356013506004724
resnet18_no_weights,CIFAR10,qat,conv1,"(64, 3, 3, 3)",86.14435078547551,0.04985205485270573,42,42,3,
resnet18_no_weights,CIFAR10,qat,conv1,"(64, 3, 3, 3)",77.31374050589169,0.044741747977946576,43,43,3,
resnet18_no_weights,CIFAR10,qat,conv1,"(64, 3, 3, 3)",88.00067223442926,0.050926314950479896,44,44,3,
resnet18_no_weights,CIFAR10,qat,conv1,"(64, 3, 3, 3)",83.81958784193215,0.048506705927044064,"42,43,44",aggregate,3,5.710168079869458
resnet18_no_weights,CIFAR10,qat,layer1.0.conv1,"(64, 64, 3, 3)",22.349552092344865,0.0006062704018105704,42,42,3,
resnet18_no_weights,CIFAR10,qat,layer1.0.conv1,"(64, 64, 3, 3)",25.427099591209775,0.0006897542206816887,43,43,3,
resnet18_no_weights,CIFAR10,qat,layer1.0.conv1,"(64, 64, 3, 3)",24.570214343070983,0.0006665097206779238,44,44,3,
resnet18_no_weights,CIFAR10,qat,layer1.0.conv1,"(64, 64, 3, 3)",24.115622008875206,0.000654178114390061,"42,43,44",aggregate,3,1.5883372735897712
resnet18_no_weights,CIFAR10,qat,layer1.0.conv2,"(64, 64, 3, 3)",21.697852032525198,0.0005885919062642469,42,42,3,
resnet18_no_weights,CIFAR10,qat,layer1.0.conv2,"(64, 64, 3, 3)",21.854728507995606,0.0005928474530163738,43,43,3,
resnet18_no_weights,CIFAR10,qat,layer1.0.conv2,"(64, 64, 3, 3)",24.23984922681536,0.0006575479933489409,44,44,3,
resnet18_no_weights,CIFAR10,qat,layer1.0.conv2,"(64, 64, 3, 3)",22.597476589112055,0.0006129957842098539,"42,43,44",aggregate,3,1.4244976194948122
resnet18_no_weights,CIFAR10,qat,layer1.1.conv1,"(64, 64, 3, 3)",131.7231096361504,0.0035732180348348095,42,42,3,
resnet18_no_weights,CIFAR10,qat,layer1.1.conv1,"(64, 64, 3, 3)",152.1928289662237,0.004128494709370217,43,43,3,
resnet18_no_weights,CIFAR10,qat,layer1.1.conv1,"(64, 64, 3, 3)",139.26843318939208,0.0037778980357365474,44,44,3,
resnet18_no_weights,CIFAR10,qat,layer1.1.conv1,"(64, 64, 3, 3)",141.06145726392205,0.003826536926647191,"42,43,44",aggregate,3,10.351983088368959
resnet18_no_weights,CIFAR10,qat,layer1.1.conv2,"(64, 64, 3, 3)",19.14512929916382,0.0005193448703115185,42,42,3,
resnet18_no_weights,CIFAR10,qat,layer1.1.conv2,"(64, 64, 3, 3)",14.047505696614584,0.00038106298005139387,43,43,3,
resnet18_no_weights,CIFAR10,qat,layer1.1.conv2,"(64, 64, 3, 3)",16.950298687507367,0.00045980627950052537,44,44,3,
resnet18_no_weights,CIFAR10,qat,layer1.1.conv2,"(64, 64, 3, 3)",16.714311227761925,0.0004534047099544793,"42,43,44",aggregate,3,2.5569922094493354
resnet18_no_weights,CIFAR10,qat,layer2.0.conv1,"(128, 64, 3, 3)",112.52005926767985,0.0015261509774804668,42,42,3,
resnet18_no_weights,CIFAR10,qat,layer2.0.conv1,"(128, 64, 3, 3)",119.26801063274515,0.0016176759254658358,43,43,3,
resnet18_no_weights,CIFAR10,qat,layer2.0.conv1,"(128, 64, 3, 3)",125.11650500090227,0.0016970012071519946,44,44,3,
resnet18_no_weights,CIFAR10,qat,layer2.0.conv1,"(128, 64, 3, 3)",118.96819163377576,0.001613609370032766,"42,43,44",aggregate,3,6.303572784668352
resnet18_no_weights,CIFAR10,qat,layer2.0.conv2,"(128, 128, 3, 3)",32.787597383771626,0.00022235512548673248,42,42,3,
resnet18_no_weights,CIFAR10,qat,layer2.0.conv2,"(128, 128, 3, 3)",36.80254576756404,0.0002495832368134497,43,43,3,
resnet18_no_weights,CIFAR10,qat,layer2.0.conv2,"(128, 128, 3, 3)",34.50249019422029,0.00023398498666870316,44,44,3,
resnet18_no_weights,CIFAR10,qat,layer2.0.conv2,"(128, 128, 3, 3)",34.697544448518656,0.00023530778298962846,"42,43,44",aggregate,3,2.0145687510530013
resnet18_no_weights,CIFAR10,qat,layer2.0.downsample.0,"(128, 64, 1, 1)",15.388730262887888,0.0018785071121689317,42,42,3,
resnet18_no_weights,CIFAR10,qat,layer2.0.downsample.0,"(128, 64, 1, 1)",14.632734847068786,0.0017862225155113264,43,43,3,
resnet18_no_weights,CIFAR10,qat,layer2.0.downsample.0,"(128, 64, 1, 1)",16.76731087179745,0.002046790877904962,44,44,3,
resnet18_no_weights,CIFAR10,qat,layer2.0.downsample.0,"(128, 64, 1, 1)",15.596258660584708,0.0019038401685284067,"42,43,44",aggregate,3,1.0823145237058227
resnet18_no_weights,CIFAR10,qat,layer2.1.conv1,"(128, 128, 3, 3)",99.95803204098263,0.0006778837893404312,42,42,3,
resnet18_no_weights,CIFAR10,qat,layer2.1.conv1,"(128, 128, 3, 3)",88.0084782977437,0.0005968456915808356,43,43,3,
resnet18_no_weights,CIFAR10,qat,layer2.1.conv1,"(128, 128, 3, 3)",112.54298400878906,0.0007632309570908546,44,44,3,
resnet18_no_weights,CIFAR10,qat,layer2.1.conv1,"(128, 128, 3, 3)",100.1698314491718,0.0006793201460040405,"42,43,44",aggregate,3,12.268624081913645
resnet18_no_weights,CIFAR10,qat,layer2.1.conv2,"(128, 128, 3, 3)",13.384629964828491,9.077033125019322e-05,42,42,3,
resnet18_no_weights,CIFAR10,qat,layer2.1.conv2,"(128, 128, 3, 3)",13.271860864427355,9.000556684317596e-05,43,43,3,
resnet18_no_weights,CIFAR10,qat,layer2.1.conv2,"(128, 128, 3, 3)",14.637747617868277,9.92685792227395e-05,44,44,3,
resnet18_no_weights,CIFAR10,qat,layer2.1.conv2,"(128, 128, 3, 3)",13.764746149041374,9.334815910536956e-05,"42,43,44",aggregate,3,0.7581410758768893
resnet18_no_weights,CIFAR10,qat,layer3.0.conv1,"(256, 128, 3, 3)",146.45199228922527,0.0004965955684720367,42,42,3,
resnet18_no_weights,CIFAR10,qat,layer3.0.conv1,"(256, 128, 3, 3)",164.1552734375,0.0005566245979732937,43,43,3,
resnet18_no_weights,CIFAR10,qat,layer3.0.conv1,"(256, 128, 3, 3)",156.56813354492186,0.0005308978052602874,44,44,3,
resnet18_no_weights,CIFAR10,qat,layer3.0.conv1,"(256, 128, 3, 3)",155.72513309054904,0.0005280393239018726,"42,43,44",aggregate,3,8.881696244427042
resnet18_no_weights,CIFAR10,qat,layer3.0.conv2,"(256, 256, 3, 3)",32.71008877224392,5.5457371643479955e-05,42,42,3,
resnet18_no_weights,CIFAR10,qat,layer3.0.conv2,"(256, 256, 3, 3)",34.30019611782498,5.8153273040474755e-05,43,43,3,
resnet18_no_weights,CIFAR10,qat,layer3.0.conv2,"(256, 256, 3, 3)",28.190561652183533,4.7794870422674445e-05,44,44,3,
resnet18_no_weights,CIFAR10,qat,layer3.0.conv2,"(256, 256, 3, 3)",31.733615514084146,5.3801838368876385e-05,"42,43,44",aggregate,3,3.1697055610678326
resnet18_no_weights,CIFAR10,qat,layer3.0.downsample.0,"(256, 128, 1, 1)",13.201662450223356,0.0004028827652045702,42,42,3,
resnet18_no_weights,CIFAR10,qat,layer3.0.downsample.0,"(256, 128, 1, 1)",13.390056451161703,0.0004086320938464875,43,43,3,
resnet18_no_weights,CIFAR10,qat,layer3.0.downsample.0,"(256, 128, 1, 1)",11.582750991538719,0.00035347750828670406,44,44,3,
resnet18_no_weights,CIFAR10,qat,layer3.0.downsample.0,"(256, 128, 1, 1)",12.72482329764126,0.0003883307891125873,"42,43,44",aggregate,3,0.9935390979584905
resnet18_no_weights,CIFAR10,qat,layer3.1.conv1,"(256, 256, 3, 3)",73.67294413248698,0.00012490665712566287,42,42,3,
resnet18_no_weights,CIFAR10,qat,layer3.1.conv1,"(256, 256, 3, 3)",77.443065180923,0.00013129859954990472,43,43,3,
resnet18_no_weights,CIFAR10,qat,layer3.1.conv1,"(256, 256, 3, 3)",76.976203083992,0.00013050707174342178,44,44,3,
resnet18_no_weights,CIFAR10,qat,layer3.1.conv1,"(256, 256, 3, 3)",76.03073746580066,0.00012890410947299645,"42,43,44",aggregate,3,2.0552085311110266
resnet18_no_weights,CIFAR10,qat,layer3.1.conv2,"(256, 256, 3, 3)",8.423619365692138,1.4281581227098488e-05,42,42,3,
resnet18_no_weights,CIFAR10,qat,layer3.1.conv2,"(256, 256, 3, 3)",8.58459539413452,1.4554503367334189e-05,43,43,3,
resnet18_no_weights,CIFAR10,qat,layer3.1.conv2,"(256, 256, 3, 3)",9.792385992796525,1.660221692029576e-05,44,44,3,
resnet18_no_weights,CIFAR10,qat,layer3.1.conv2,"(256, 256, 3, 3)",8.933533584207728,1.5146100504909478e-05,"42,43,44",aggregate,3,0.7481302795886251
resnet18_no_weights,CIFAR10,qat,layer4.0.conv1,"(512, 256, 3, 3)",42.668198677801314,3.617028018341176e-05,42,42,3,
resnet18_no_weights,CIFAR10,qat,layer4.0.conv1,"(512, 256, 3, 3)",39.98370753394233,3.389460884428434e-05,43,43,3,
resnet18_no_weights,CIFAR10,qat,layer4.0.conv1,"(512, 256, 3, 3)",41.68380096223619,3.533579590033314e-05,44,44,3,
resnet18_no_weights,CIFAR10,qat,layer4.0.conv1,"(512, 256, 3, 3)",41.445235724659945,3.5133561642676415e-05,"42,43,44",aggregate,3,1.3580530935126167
resnet18_no_weights,CIFAR10,qat,layer4.0.conv2,"(512, 512, 3, 3)",18.192342591285705,7.710919948698978e-06,42,42,3,
resnet18_no_weights,CIFAR10,qat,layer4.0.conv2,"(512, 512, 3, 3)",18.055457643560462,7.652900544722012e-06,43,43,3,
resnet18_no_weights,CIFAR10,qat,layer4.0.conv2,"(512, 512, 3, 3)",14.907298469543457,6.318536745513686e-06,44,44,3,
resnet18_no_weights,CIFAR10,qat,layer4.0.conv2,"(512, 512, 3, 3)",17.051699568129877,7.227452412978226e-06,"42,43,44",aggregate,3,1.858366601600021
resnet18_no_weights,CIFAR10,qat,layer4.0.downsample.0,"(512, 256, 1, 1)",5.266961932182312,4.0183730561693665e-05,42,42,3,
resnet18_no_weights,CIFAR10,qat,layer4.0.downsample.0,"(512, 256, 1, 1)",4.437334835529327,3.385417812751257e-05,43,43,3,
resnet18_no_weights,CIFAR10,qat,layer4.0.downsample.0,"(512, 256, 1, 1)",4.805796980857849,3.6665321204054635e-05,44,44,3,
resnet18_no_weights,CIFAR10,qat,layer4.0.downsample.0,"(512, 256, 1, 1)",4.83669791618983,3.690107663108696e-05,"42,43,44",aggregate,3,0.4156758721991314
resnet18_no_weights,CIFAR10,qat,layer4.1.conv1,"(512, 512, 3, 3)",57.37469740836851,2.4318566813307238e-05,42,42,3,
resnet18_no_weights,CIFAR10,qat,layer4.1.conv1,"(512, 512, 3, 3)",55.09830102466402,2.3353704251040996e-05,43,43,3,
resnet18_no_weights,CIFAR10,qat,layer4.1.conv1,"(512, 512, 3, 3)",60.881745433807374,2.5805047536980257e-05,44,44,3,
resnet18_no_weights,CIFAR10,qat,layer4.1.conv1,"(512, 512, 3, 3)",57.78491462227997,2.4492439533776165e-05,"42,43,44",aggregate,3,2.9134628760900396
resnet18_no_weights,CIFAR10,qat,layer4.1.conv2,"(512, 512, 3, 3)",2.687421859479418,1.1390778687707765e-06,42,42,3,
resnet18_no_weights,CIFAR10,qat,layer4.1.conv2,"(512, 512, 3, 3)",2.397035409422482,1.0159960468811382e-06,43,43,3,
resnet18_no_weights,CIFAR10,qat,layer4.1.conv2,"(512, 512, 3, 3)",2.213055026942286,9.380149955504888e-07,44,44,3,
resnet18_no_weights,CIFAR10,qat,layer4.1.conv2,"(512, 512, 3, 3)",2.4325040986147286,1.0310296370674679e-06,"42,43,44",aggregate,3,0.23916415677853986
resnet18_no_weights,CIFAR10,qat,fc,"(10, 512)",2.70415013883172,0.0005281543239905703,42,42,3,
resnet18_no_weights,CIFAR10,qat,fc,"(10, 512)",2.836344116384333,0.000553973460231315,43,43,3,
resnet18_no_weights,CIFAR10,qat,fc,"(10, 512)",2.9224035474989147,0.0005707819428708818,44,44,3,
resnet18_no_weights,CIFAR10,qat,fc,"(10, 512)",2.8209659342383224,0.0005509699090309224,"42,43,44",aggregate,3,0.10993636324392062
resnet18_no_weights,CIFAR10,fp32_fused_qat,conv1,"(64, 3, 3, 3)",141.81154669147648,0.08206686729830814,42,42,3,
resnet18_no_weights,CIFAR10,fp32_fused_qat,conv1,"(64, 3, 3, 3)",135.36732778743823,0.07833757395106379,43,43,3,
resnet18_no_weights,CIFAR10,fp32_fused_qat,conv1,"(64, 3, 3, 3)",161.7364611722985,0.09359748910433942,44,44,3,
resnet18_no_weights,CIFAR10,fp32_fused_qat,conv1,"(64, 3, 3, 3)",146.30511188373774,0.08466731011790378,"42,43,44",aggregate,3,13.746886737365834
resnet18_no_weights,CIFAR10,fp32_fused_qat,layer1.0.conv1,"(64, 64, 3, 3)",35.47619613011678,0.0009623534106476992,42,42,3,
resnet18_no_weights,CIFAR10,fp32_fused_qat,layer1.0.conv1,"(64, 64, 3, 3)",37.18615888512653,0.001008739119062677,43,43,3,
resnet18_no_weights,CIFAR10,fp32_fused_qat,layer1.0.conv1,"(64, 64, 3, 3)",35.644883685641815,0.0009669293534516551,44,44,3,
resnet18_no_weights,CIFAR10,fp32_fused_qat,layer1.0.conv1,"(64, 64, 3, 3)",36.10241290029504,0.000979340627720677,"42,43,44",aggregate,3,0.9423337479768149
resnet18_no_weights,CIFAR10,fp32_fused_qat,layer1.0.conv2,"(64, 64, 3, 3)",37.71191105475793,0.0010230010594281121,42,42,3,
resnet18_no_weights,CIFAR10,fp32_fused_qat,layer1.0.conv2,"(64, 64, 3, 3)",41.23327147165934,0.001118524074209509,43,43,3,
resnet18_no_weights,CIFAR10,fp32_fused_qat,layer1.0.conv2,"(64, 64, 3, 3)",37.51561812696786,0.0010176762729754735,44,44,3,
resnet18_no_weights,CIFAR10,fp32_fused_qat,layer1.0.conv2,"(64, 64, 3, 3)",38.82026688446171,0.0010530671355376982,"42,43,44",aggregate,3,2.0920267880103056
resnet18_no_weights,CIFAR10,fp32_fused_qat,layer1.1.conv1,"(64, 64, 3, 3)",249.9862543741862,0.006781311153813644,42,42,3,
resnet18_no_weights,CIFAR10,fp32_fused_qat,layer1.1.conv1,"(64, 64, 3, 3)",215.71166402643377,0.005851553386133728,43,43,3,
resnet18_no_weights,CIFAR10,fp32_fused_qat,layer1.1.conv1,"(64, 64, 3, 3)",189.07505798339844,0.005128989203108681,44,44,3,
resnet18_no_weights,CIFAR10,fp32_fused_qat,layer1.1.conv1,"(64, 64, 3, 3)",218.2576587946728,0.005920617914352018,"42,43,44",aggregate,3,30.53530789854925
resnet18_no_weights,CIFAR10,fp32_fused_qat,layer1.1.conv2,"(64, 64, 3, 3)",22.07936071094714,0.0005989409915078977,42,42,3,
resnet18_no_weights,CIFAR10,fp32_fused_qat,layer1.1.conv2,"(64, 64, 3, 3)",26.855132536454633,0.0007284920935453188,43,43,3,
resnet18_no_weights,CIFAR10,fp32_fused_qat,layer1.1.conv2,"(64, 64, 3, 3)",22.249429512023926,0.0006035544029954407,44,44,3,
resnet18_no_weights,CIFAR10,fp32_fused_qat,layer1.1.conv2,"(64, 64, 3, 3)",23.7279742531419,0.000643662496016219,"42,43,44",aggregate,3,2.709533178601714
resnet18_no_weights,CIFAR10,fp32_fused_qat,layer2.0.conv1,"(128, 64, 3, 3)",165.4348545903745,0.0022438538220265637,42,42,3,
resnet18_no_weights,CIFAR10,fp32_fused_qat,layer2.0.conv1,"(128, 64, 3, 3)",161.81528091430664,0.0021947602120538554,43,43,3,
resnet18_no_weights,CIFAR10,fp32_fused_qat,layer2.0.conv1,"(128, 64, 3, 3)",205.70502166748048,0.0027900529197520682,44,44,3,
resnet18_no_weights,CIFAR10,fp32_fused_qat,layer2.0.conv1,"(128, 64, 3, 3)",177.6517190573872,0.0024095556512774958,"42,43,44",aggregate,3,24.362187276581313
resnet18_no_weights,CIFAR10,fp32_fused_qat,layer2.0.conv2,"(128, 128, 3, 3)",44.59277959303422,0.000302414141120295,42,42,3,
resnet18_no_weights,CIFAR10,fp32_fused_qat,layer2.0.conv2,"(128, 128, 3, 3)",46.06447916445525,0.0003123947425974884,43,43,3,
resnet18_no_weights,CIFAR10,fp32_fused_qat,layer2.0.conv2,"(128, 128, 3, 3)",44.03330898284912,0.0002986199882191916,44,44,3,
resnet18_no_weights,CIFAR10,fp32_fused_qat,layer2.0.conv2,"(128, 128, 3, 3)",44.896855913446196,0.00030447629064565834,"42,43,44",aggregate,3,1.0491710457012875
resnet18_no_weights,CIFAR10,fp32_fused_qat,layer2.0.downsample.0,"(128, 64, 1, 1)",20.72293241207416,0.0025296548354582717,42,42,3,
resnet18_no_weights,CIFAR10,fp32_fused_qat,layer2.0.downsample.0,"(128, 64, 1, 1)",28.72078908284505,0.003505955698589484,43,43,3,
resnet18_no_weights,CIFAR10,fp32_fused_qat,layer2.0.downsample.0,"(128, 64, 1, 1)",20.538093152253523,0.0025070914492496977,44,44,3,
resnet18_no_weights,CIFAR10,fp32_fused_qat,layer2.0.downsample.0,"(128, 64, 1, 1)",23.327271549057578,0.0028475673277658176,"42,43,44",aggregate,3,4.671837425301467
resnet18_no_weights,CIFAR10,fp32_fused_qat,layer2.1.conv1,"(128, 128, 3, 3)",115.4098645164853,0.0007826732348394456,42,42,3,
resnet18_no_weights,CIFAR10,fp32_fused_qat,layer2.1.conv1,"(128, 128, 3, 3)",128.20971910881275,0.0008694778042861108,43,43,3,
resnet18_no_weights,CIFAR10,fp32_fused_qat,layer2.1.conv1,"(128, 128, 3, 3)",119.73134909735785,0.000811980177797837,44,44,3,
resnet18_no_weights,CIFAR10,fp32_fused_qat,layer2.1.conv1,"(128, 128, 3, 3)",121.11697757421864,0.0008213770723077979,"42,43,44",aggregate,3,6.511454837676229
resnet18_no_weights,CIFAR10,fp32_fused_qat,layer2.1.conv2,"(128, 128, 3, 3)",18.45126853942871,0.0001251306731460823,42,42,3,
resnet18_no_weights,CIFAR10,fp32_fused_qat,layer2.1.conv2,"(128, 128, 3, 3)",19.736422729492187,0.00013384618279006744,43,43,3,
resnet18_no_weights,CIFAR10,fp32_fused_qat,layer2.1.conv2,"(128, 128, 3, 3)",20.007401875087194,0.00013568387773361,44,44,3,
resnet18_no_weights,CIFAR10,fp32_fused_qat,layer2.1.conv2,"(128, 128, 3, 3)",19.39836438133603,0.0001315535778899199,"42,43,44",aggregate,3,0.831324440068648
resnet18_no_weights,CIFAR10,fp32_fused_qat,layer3.0.conv1,"(256, 128, 3, 3)",198.58445835113525,0.0006733685246823976,42,42,3,
resnet18_no_weights,CIFAR10,fp32_fused_qat,layer3.0.conv1,"(256, 128, 3, 3)",201.7561124165853,0.0006841231025410472,43,43,3,
resnet18_no_weights,CIFAR10,fp32_fused_qat,layer3.0.conv1,"(256, 128, 3, 3)",217.03143403024384,0.0007359193048443055,44,44,3,
resnet18_no_weights,CIFAR10,fp32_fused_qat,layer3.0.conv1,"(256, 128, 3, 3)",205.79066826598813,0.0006978036440225834,"42,43,44",aggregate,3,9.863111000230553
resnet18_no_weights,CIFAR10,fp32_fused_qat,layer3.0.conv2,"(256, 256, 3, 3)",51.1910532171076,8.679038699189521e-05,42,42,3,
resnet18_no_weights,CIFAR10,fp32_fused_qat,layer3.0.conv2,"(256, 256, 3, 3)",39.978842342601105,6.778096914096596e-05,43,43,3,
resnet18_no_weights,CIFAR10,fp32_fused_qat,layer3.0.conv2,"(256, 256, 3, 3)",43.21157279381385,7.326180825774104e-05,44,44,3,
resnet18_no_weights,CIFAR10,fp32_fused_qat,layer3.0.conv2,"(256, 256, 3, 3)",44.79382278450752,7.594438813020074e-05,"42,43,44",aggregate,3,5.771139787631904
resnet18_no_weights,CIFAR10,fp32_fused_qat,layer3.0.downsample.0,"(256, 128, 1, 1)",17.318276127179463,0.0005285118447015217,42,42,3,
resnet18_no_weights,CIFAR10,fp32_fused_qat,layer3.0.downsample.0,"(256, 128, 1, 1)",15.0356201171875,0.0004588507115840912,43,43,3,
resnet18_no_weights,CIFAR10,fp32_fused_qat,layer3.0.downsample.0,"(256, 128, 1, 1)",15.82484902381897,0.0004829360664007254,44,44,3,
resnet18_no_weights,CIFAR10,fp32_fused_qat,layer3.0.downsample.0,"(256, 128, 1, 1)",16.059581756061977,0.0004900995408954461,"42,43,44",aggregate,3,1.1592903892803592
resnet18_no_weights,CIFAR10,fp32_fused_qat,layer3.1.conv1,"(256, 256, 3, 3)",88.63807413529376,0.00015027885290407606,42,42,3,
resnet18_no_weights,CIFAR10,fp32_fused_qat,layer3.1.conv1,"(256, 256, 3, 3)",87.20454624720982,0.00014784841960857785,43,43,3,
resnet18_no_weights,CIFAR10,fp32_fused_qat,layer3.1.conv1,"(256, 256, 3, 3)",80.95873143122746,0.00013725913396407652,44,44,3,
resnet18_no_weights,CIFAR10,fp32_fused_qat,layer3.1.conv1,"(256, 256, 3, 3)",85.60045060457702,0.00014512880215891016,"42,43,44",aggregate,3,4.083248487988362
resnet18_no_weights,CIFAR10,fp32_fused_qat,layer3.1.conv2,"(256, 256, 3, 3)",8.937325286865235,1.5152529037247102e-05,42,42,3,
resnet18_no_weights,CIFAR10,fp32_fused_qat,layer3.1.conv2,"(256, 256, 3, 3)",11.377553515964085,1.9289743238600132e-05,43,43,3,
resnet18_no_weights,CIFAR10,fp32_fused_qat,layer3.1.conv2,"(256, 256, 3, 3)",9.395968548456828,1.5930122457643006e-05,44,44,3,
resnet18_no_weights,CIFAR10,fp32_fused_qat,layer3.1.conv2,"(256, 256, 3, 3)",9.90361578376205,1.6790798244496748e-05,"42,43,44",aggregate,3,1.2969031340688104
resnet18_no_weights,CIFAR10,fp32_fused_qat,layer4.0.conv1,"(512, 256, 3, 3)",42.01430672865648,3.561596910998576e-05,42,42,3,
resnet18_no_weights,CIFAR10,fp32_fused_qat,layer4.0.conv1,"(512, 256, 3, 3)",55.93492543697357,4.741662380385808e-05,43,43,3,
resnet18_no_weights,CIFAR10,fp32_fused_qat,layer4.0.conv1,"(512, 256, 3, 3)",47.74448907375336,4.047350487073547e-05,44,44,3,
resnet18_no_weights,CIFAR10,fp32_fused_qat,layer4.0.conv1,"(512, 256, 3, 3)",48.564573746461136,4.116869926152643e-05,"42,43,44",aggregate,3,6.996449846771906
resnet18_no_weights,CIFAR10,fp32_fused_qat,layer4.0.conv2,"(512, 512, 3, 3)",21.4492769241333,9.09138867023608e-06,42,42,3,
resnet18_no_weights,CIFAR10,fp32_fused_qat,layer4.0.conv2,"(512, 512, 3, 3)",19.118760879223164,8.103587205345648e-06,43,43,3,
resnet18_no_weights,CIFAR10,fp32_fused_qat,layer4.0.conv2,"(512, 512, 3, 3)",20.354244913373673,8.627253601656457e-06,44,44,3,
resnet18_no_weights,CIFAR10,fp32_fused_qat,layer4.0.conv2,"(512, 512, 3, 3)",20.30742757224338,8.607409825746062e-06,"42,43,44",aggregate,3,1.1659631882991761
resnet18_no_weights,CIFAR10,fp32_fused_qat,layer4.0.downsample.0,"(512, 256, 1, 1)",5.8443045298258465,4.4588505018812916e-05,42,42,3,
resnet18_no_weights,CIFAR10,fp32_fused_qat,layer4.0.downsample.0,"(512, 256, 1, 1)",5.575116952260335,4.253476678665417e-05,43,43,3,
resnet18_no_weights,CIFAR10,fp32_fused_qat,layer4.0.downsample.0,"(512, 256, 1, 1)",6.12625631164102,4.6739626401069796e-05,44,44,3,
resnet18_no_weights,CIFAR10,fp32_fused_qat,layer4.0.downsample.0,"(512, 256, 1, 1)",5.848559264575734,4.4620966068845624e-05,"42,43,44",aggregate,3,0.2755943131497491
resnet18_no_weights,CIFAR10,fp32_fused_qat,layer4.1.conv1,"(512, 512, 3, 3)",72.68559659760574,3.0808171843467604e-05,42,42,3,
resnet18_no_weights,CIFAR10,fp32_fused_qat,layer4.1.conv1,"(512, 512, 3, 3)",78.24903420840992,3.316626409251316e-05,43,43,3,
resnet18_no_weights,CIFAR10,fp32_fused_qat,layer4.1.conv1,"(512, 512, 3, 3)",73.83502820332845,3.1295364466064646e-05,44,44,3,
resnet18_no_weights,CIFAR10,fp32_fused_qat,layer4.1.conv1,"(512, 512, 3, 3)",74.92321966978137,3.1756600134015134e-05,"42,43,44",aggregate,3,2.937018898998331
resnet18_no_weights,CIFAR10,fp32_fused_qat,layer4.1.conv2,"(512, 512, 3, 3)",2.7596710887220173,1.1697010840191384e-06,42,42,3,
resnet18_no_weights,CIFAR10,fp32_fused_qat,layer4.1.conv2,"(512, 512, 3, 3)",2.698879459629888,1.1439342327668459e-06,43,43,3,
resnet18_no_weights,CIFAR10,fp32_fused_qat,layer4.1.conv2,"(512, 512, 3, 3)",2.6568338600071995,1.1261129845543752e-06,44,44,3,
resnet18_no_weights,CIFAR10,fp32_fused_qat,layer4.1.conv2,"(512, 512, 3, 3)",2.7051281361197015,1.146582767113453e-06,"42,43,44",aggregate,3,0.05170259539753975
resnet18_no_weights,CIFAR10,fp32_fused_qat,fc,"(10, 512)",3.6075272798538207,0.0007045951718464493,42,42,3,
resnet18_no_weights,CIFAR10,fp32_fused_qat,fc,"(10, 512)",3.3362961749772766,0.0006516203466752494,43,43,3,
resnet18_no_weights,CIFAR10,fp32_fused_qat,fc,"(10, 512)",3.4208260202407836,0.0006681300820782781,44,44,3,
resnet18_no_weights,CIFAR10,fp32_fused_qat,fc,"(10, 512)",3.4548831583572936,0.0006747818668666589,"42,43,44",aggregate,3,0.13878578657648266
cnn,CIFAR10,fp32_unfused,conv1,"(32, 3, 3, 3)",63.19738409254286,0.07314512047748016,42,42,3,
cnn,CIFAR10,fp32_unfused,conv1,"(32, 3, 3, 3)",63.744211959838864,0.07377802310166535,43,43,3,
cnn,CIFAR10,fp32_unfused,conv1,"(32, 3, 3, 3)",62.50732250702687,0.07234643808683666,44,44,3,
cnn,CIFAR10,fp32_unfused,conv1,"(32, 3, 3, 3)",63.14963951980287,0.07308986055532739,"42,43,44",aggregate,3,0.6198254091185533
cnn,CIFAR10,fp32_unfused,conv2,"(64, 32, 3, 3)",153.31118202209473,0.00831766395519177,42,42,3,
cnn,CIFAR10,fp32_unfused,conv2,"(64, 32, 3, 3)",162.91243861271784,0.00883856546292957,43,43,3,
cnn,CIFAR10,fp32_unfused,conv2,"(64, 32, 3, 3)",151.26018311547452,0.008206390142983643,44,44,3,
cnn,CIFAR10,fp32_unfused,conv2,"(64, 32, 3, 3)",155.82793458342903,0.008454206520368329,"42,43,44",aggregate,3,6.220474028118463
cnn,CIFAR10,fp32_unfused,conv3,"(128, 64, 3, 3)",202.50636884901257,0.002746668414293248,42,42,3,
cnn,CIFAR10,fp32_unfused,conv3,"(128, 64, 3, 3)",239.1934514199534,0.0032442688180874756,43,43,3,
cnn,CIFAR10,fp32_unfused,conv3,"(128, 64, 3, 3)",239.93605041503906,0.003254340961575508,44,44,3,
cnn,CIFAR10,fp32_unfused,conv3,"(128, 64, 3, 3)",227.21195689466833,0.00308175939798541,"42,43,44",aggregate,3,21.39888837832733
cnn,CIFAR10,fp32_unfused,conv4,"(256, 128, 3, 3)",66.35777733542703,0.00022500873933724985,42,42,3,
cnn,CIFAR10,fp32_unfused,conv4,"(256, 128, 3, 3)",73.72765248616537,0.0002499988216354891,43,43,3,
cnn,CIFAR10,fp32_unfused,conv4,"(256, 128, 3, 3)",71.66313036026493,0.00024299835327238272,44,44,3,
cnn,CIFAR10,fp32_unfused,conv4,"(256, 128, 3, 3)",70.58285339395245,0.00023933530474837391,"42,43,44",aggregate,3,3.8018434577618514
cnn,CIFAR10,fp32_unfused,fc1,"(1024, 1024)",15.619509152003697,1.4895924713138292e-05,42,42,3,
cnn,CIFAR10,fp32_unfused,fc1,"(1024, 1024)",11.955653710798783,1.1401799879835876e-05,43,43,3,
cnn,CIFAR10,fp32_unfused,fc1,"(1024, 1024)",13.003812265396117,1.2401401772876852e-05,44,44,3,
cnn,CIFAR10,fp32_unfused,fc1,"(1024, 1024)",13.526325042732866,1.2899708788617006e-05,"42,43,44",aggregate,3,1.8869880432508936
cnn,CIFAR10,fp32_unfused,fc2,"(10, 1024)",5.261691226678736,0.0005138370338553453,42,42,3,
cnn,CIFAR10,fp32_unfused,fc2,"(10, 1024)",5.486659589566682,0.0005358066005436213,43,43,3,
cnn,CIFAR10,fp32_unfused,fc2,"(10, 1024)",4.654924411040086,0.00045458246201563336,44,44,3,
cnn,CIFAR10,fp32_unfused,fc2,"(10, 1024)",5.134425075761834,0.0005014086988048667,"42,43,44",aggregate,3,0.4302247745964543
cnn,CIFAR10,fp32_fused,conv1,"(32, 3, 3, 3)",482.27875264485675,0.558193000746362,42,42,3,
cnn,CIFAR10,fp32_fused,conv1,"(32, 3, 3, 3)",441.9755430359771,0.5115457674027513,43,43,3,
cnn,CIFAR10,fp32_fused,conv1,"(32, 3, 3, 3)",457.1316223144531,0.5290875258269133,44,44,3,
cnn,CIFAR10,fp32_fused,conv1,"(32, 3, 3, 3)",460.4619726650957,0.5329420979920089,"42,43,44",aggregate,3,20.356954617227018
cnn,CIFAR10,fp32_fused,conv2,"(64, 32, 3, 3)",1007.4943190864894,0.05466006505460555,42,42,3,
cnn,CIFAR10,fp32_fused,conv2,"(64, 32, 3, 3)",863.1949031435211,0.046831320700060824,43,43,3,
cnn,CIFAR10,fp32_fused,conv2,"(64, 32, 3, 3)",913.976639811198,0.04958640623975683,44,44,3,
cnn,CIFAR10,fp32_fused,conv2,"(64, 32, 3, 3)",928.2219540137362,0.05035926399814107,"42,43,44",aggregate,3,73.1968379980804
cnn,CIFAR10,fp32_fused,conv3,"(128, 64, 3, 3)",361.56700226754856,0.004904066328498651,42,42,3,
cnn,CIFAR10,fp32_fused,conv3,"(128, 64, 3, 3)",313.08177795410154,0.004246443385879198,43,43,3,
cnn,CIFAR10,fp32_fused,conv3,"(128, 64, 3, 3)",363.99730224609374,0.004937029381593069,44,44,3,
cnn,CIFAR10,fp32_fused,conv3,"(128, 64, 3, 3)",346.21536082258126,0.0046958463653236394,"42,43,44",aggregate,3,28.72024242190932
cnn,CIFAR10,fp32_fused,conv4,"(256, 128, 3, 3)",22.506451076931423,7.63158198951939e-05,42,42,3,
cnn,CIFAR10,fp32_fused,conv4,"(256, 128, 3, 3)",23.23254895210266,7.877790307651999e-05,43,43,3,
cnn,CIFAR10,fp32_fused,conv4,"(256, 128, 3, 3)",23.983354221690785,8.132376512888857e-05,44,44,3,
cnn,CIFAR10,fp32_fused,conv4,"(256, 128, 3, 3)",23.240784750241623,7.880582936686749e-05,"42,43,44",aggregate,3,0.738486016135893
cnn,CIFAR10,fp32_fused,fc1,"(1024, 1024)",13.126631070982736,1.2518530913336502e-05,42,42,3,
cnn,CIFAR10,fp32_fused,fc1,"(1024, 1024)",13.609876737362,1.297938989387703e-05,43,43,3,
cnn,CIFAR10,fp32_fused,fc1,"(1024, 1024)",13.209540510177613,1.2597599516084302e-05,44,44,3,
cnn,CIFAR10,fp32_fused,fc1,"(1024, 1024)",13.31534943950745,1.2698506774432612e-05,"42,43,44",aggregate,3,0.258414861536696
cnn,CIFAR10,fp32_fused,fc2,"(10, 1024)",5.551464462981505,0.0005421352014630376,42,42,3,
cnn,CIFAR10,fp32_fused,fc2,"(10, 1024)",5.530265701228175,0.000540065009885564,43,43,3,
cnn,CIFAR10,fp32_fused,fc2,"(10, 1024)",4.468145242104163,0.0004363423087992347,44,44,3,
cnn,CIFAR10,fp32_fused,fc2,"(10, 1024)",5.183291802104614,0.0005061808400492788,"42,43,44",aggregate,3,0.6194257813373026
cnn,CIFAR10,ptq,conv1,"(32, 3, 3, 3)",590.6942986382378,0.6836739567572196,42,42,3,
cnn,CIFAR10,ptq,conv1,"(32, 3, 3, 3)",503.4410404406096,0.5826863893988536,43,43,3,
cnn,CIFAR10,ptq,conv1,"(32, 3, 3, 3)",496.2159194946289,0.5743239808965612,44,44,3,
cnn,CIFAR10,ptq,conv1,"(32, 3, 3, 3)",530.1170861911587,0.6135614423508782,"42,43,44",aggregate,3,52.58564056912231
cnn,CIFAR10,ptq,conv2,"(64, 32, 3, 3)",1312.3289152446546,0.07119840034964489,42,42,3,
cnn,CIFAR10,ptq,conv2,"(64, 32, 3, 3)",1212.4820251464844,0.06578135987122853,43,43,3,
cnn,CIFAR10,ptq,conv2,"(64, 32, 3, 3)",1287.2789916992188,0.0698393550184038,44,44,3,
cnn,CIFAR10,ptq,conv2,"(64, 32, 3, 3)",1270.6966440301192,0.06893970507975906,"42,43,44",aggregate,3,51.94786863994698
cnn,CIFAR10,ptq,conv3,"(128, 64, 3, 3)",480.0667290938528,0.006511321737926606,42,42,3,
cnn,CIFAR10,ptq,conv3,"(128, 64, 3, 3)",432.89906932689524,0.0058715694081881405,43,43,3,
cnn,CIFAR10,ptq,conv3,"(128, 64, 3, 3)",534.706064860026,0.007252415159234294,44,44,3,
cnn,CIFAR10,ptq,conv3,"(128, 64, 3, 3)",482.557287760258,0.006545102101783013,"42,43,44",aggregate,3,50.949173170168635
cnn,CIFAR10,ptq,conv4,"(256, 128, 3, 3)",38.74027654859755,0.000131362157350659,42,42,3,
cnn,CIFAR10,ptq,conv4,"(256, 128, 3, 3)",38.8006882023167,0.0001315670037242184,43,43,3,
cnn,CIFAR10,ptq,conv4,"(256, 128, 3, 3)",37.59889328479767,0.00012749190702581673,44,44,3,
cnn,CIFAR10,ptq,conv4,"(256, 128, 3, 3)",38.37995267857064,0.00013014035603356472,"42,43,44",aggregate,3,0.6770913708112228
cnn,CIFAR10,ptq,fc1,"(1024, 1024)",19.87142276763916,1.895086552394787e-05,42,42,3,
cnn,CIFAR10,ptq,fc1,"(1024, 1024)",20.21123480796814,1.927493553921522e-05,43,43,3,
cnn,CIFAR10,ptq,fc1,"(1024, 1024)",22.28910726659438,2.1256549135774976e-05,44,44,3,
cnn,CIFAR10,ptq,fc1,"(1024, 1024)",20.790588280733893,1.9827450066312688e-05,"42,43,44",aggregate,3,1.308830553939812
cnn,CIFAR10,ptq,fc2,"(10, 1024)",7.325283301504035,0.0007153596974125034,42,42,3,
cnn,CIFAR10,ptq,fc2,"(10, 1024)",6.1746867825003235,0.0006029967561035472,43,43,3,
cnn,CIFAR10,ptq,fc2,"(10, 1024)",6.582353930724294,0.0006428080010472943,44,44,3,
cnn,CIFAR10,ptq,fc2,"(10, 1024)",6.694108004909551,0.0006537214848544484,"42,43,44",aggregate,3,0.5833822222253754
cnn,CIFAR10,qat,conv1,"(32, 3, 3, 3)",311.7422780004041,0.36081282175972695,42,42,3,
cnn,CIFAR10,qat,conv1,"(32, 3, 3, 3)",348.56465584891185,0.40343131463994425,43,43,3,
cnn,CIFAR10,qat,conv1,"(32, 3, 3, 3)",337.8311478464227,0.39100827297039664,44,44,3,
cnn,CIFAR10,qat,conv1,"(32, 3, 3, 3)",332.7126938985796,0.3850841364566893,"42,43,44",aggregate,3,18.937286123325908
cnn,CIFAR10,qat,conv2,"(64, 32, 3, 3)",652.479084777832,0.03539925590157508,42,42,3,
cnn,CIFAR10,qat,conv2,"(64, 32, 3, 3)",588.188564524931,0.03191127194688211,43,43,3,
cnn,CIFAR10,qat,conv2,"(64, 32, 3, 3)",588.2313268324908,0.031913591950547465,44,44,3,
cnn,CIFAR10,qat,conv2,"(64, 32, 3, 3)",609.6329920450846,0.03307470659966822,"42,43,44",aggregate,3,37.10581091960027
cnn,CIFAR10,qat,conv3,"(128, 64, 3, 3)",233.49266357421874,0.0031669469343291387,42,42,3,
cnn,CIFAR10,qat,conv3,"(128, 64, 3, 3)",275.6368250846863,0.0037385637082883883,43,43,3,
cnn,CIFAR10,qat,conv3,"(128, 64, 3, 3)",291.06068356831867,0.003947763177738697,44,44,3,
cnn,CIFAR10,qat,conv3,"(128, 64, 3, 3)",266.73005740907456,0.003617757940118741,"42,43,44",aggregate,3,29.799616009787165
cnn,CIFAR10,qat,conv4,"(256, 128, 3, 3)",17.519867929919013,5.9407104254553946e-05,42,42,3,
cnn,CIFAR10,qat,conv4,"(256, 128, 3, 3)",20.010512924194337,6.785248794282476e-05,43,43,3,
cnn,CIFAR10,qat,conv4,"(256, 128, 3, 3)",19.02386474609375,6.450691984759437e-05,44,44,3,
cnn,CIFAR10,qat,conv4,"(256, 128, 3, 3)",18.851415200069034,6.392217068165769e-05,"42,43,44",aggregate,3,1.2542456921673206
cnn,CIFAR10,qat,fc1,"(1024, 1024)",11.22443832291497,1.070445854465005e-05,42,42,3,
cnn,CIFAR10,qat,fc1,"(1024, 1024)",11.648487777709962,1.1108863618574106e-05,43,43,3,
cnn,CIFAR10,qat,fc1,"(1024, 1024)",10.847891147320087,1.0345355174369895e-05,44,44,3,
cnn,CIFAR10,qat,fc1,"(1024, 1024)",11.240272415981673,1.071955911253135e-05,"42,43,44",aggregate,3,0.40053311976082445
cnn,CIFAR10,qat,fc2,"(10, 1024)",5.360693994022551,0.0005235052728537647,42,42,3,
cnn,CIFAR10,qat,fc2,"(10, 1024)",5.409342628055149,0.0005282561160210107,43,43,3,
cnn,CIFAR10,qat,fc2,"(10, 1024)",5.281371655671493,0.0005157589507491692,44,44,3,
cnn,CIFAR10,qat,fc2,"(10, 1024)",5.350469425916398,0.0005225067798746482,"42,43,44",aggregate,3,0.06459526908313502
cnn,CIFAR10,fp32_fused_qat,conv1,"(32, 3, 3, 3)",563.2629821777343,0.6519247478908962,42,42,3,
cnn,CIFAR10,fp32_fused_qat,conv1,"(32, 3, 3, 3)",618.5307426452637,0.715892063246833,43,43,3,
cnn,CIFAR10,fp32_fused_qat,conv1,"(32, 3, 3, 3)",546.1289520263672,0.632093694474962,44,44,3,
cnn,CIFAR10,fp32_fused_qat,conv1,"(32, 3, 3, 3)",575.9742256164551,0.6666368352042304,"42,43,44",aggregate,3,37.837634750661245
cnn,CIFAR10,fp32_fused_qat,conv2,"(64, 32, 3, 3)",856.0968784430088,0.046446228214138935,42,42,3,
cnn,CIFAR10,fp32_fused_qat,conv2,"(64, 32, 3, 3)",747.4305083176185,0.040550700321051354,43,43,3,
cnn,CIFAR10,fp32_fused_qat,conv2,"(64, 32, 3, 3)",756.7614009205888,0.04105693364369514,44,44,3,
cnn,CIFAR10,fp32_fused_qat,conv2,"(64, 32, 3, 3)",786.762929227072,0.04268462072629514,"42,43,44",aggregate,3,60.2259393832974
cnn,CIFAR10,fp32_fused_qat,conv3,"(128, 64, 3, 3)",384.1874853515625,0.0052108762661616,42,42,3,
cnn,CIFAR10,fp32_fused_qat,conv3,"(128, 64, 3, 3)",410.1465587615967,0.00556296873320308,43,43,3,
cnn,CIFAR10,fp32_fused_qat,conv3,"(128, 64, 3, 3)",365.9996083577474,0.004964187396345315,44,44,3,
cnn,CIFAR10,fp32_fused_qat,conv3,"(128, 64, 3, 3)",386.77788415696887,0.005246010798569999,"42,43,44",aggregate,3,22.18717945049056
cnn,CIFAR10,fp32_fused_qat,conv4,"(256, 128, 3, 3)",27.405389887945994,9.292734743905298e-05,42,42,3,
cnn,CIFAR10,fp32_fused_qat,conv4,"(256, 128, 3, 3)",25.90900421142578,8.78533400181267e-05,43,43,3,
cnn,CIFAR10,fp32_fused_qat,conv4,"(256, 128, 3, 3)",26.18822373735144,8.880012931773355e-05,44,44,3,
cnn,CIFAR10,fp32_fused_qat,conv4,"(256, 128, 3, 3)",26.50087261224107,8.986027225830441e-05,"42,43,44",aggregate,3,0.7956786489852722
cnn,CIFAR10,fp32_fused_qat,fc1,"(1024, 1024)",13.97924992912694,1.3331651620032253e-05,42,42,3,
cnn,CIFAR10,fp32_fused_qat,fc1,"(1024, 1024)",14.639728546142578,1.3961533113615587e-05,43,43,3,
cnn,CIFAR10,fp32_fused_qat,fc1,"(1024, 1024)",14.014858759366549,1.3365610846869038e-05,44,44,3,
cnn,CIFAR10,fp32_fused_qat,fc1,"(1024, 1024)",14.211279078212023,1.3552931860172294e-05,"42,43,44",aggregate,3,0.3714750423988678
cnn,CIFAR10,fp32_fused_qat,fc2,"(10, 1024)",4.543168862660726,0.0004436688342442115,42,42,3,
cnn,CIFAR10,fp32_fused_qat,fc2,"(10, 1024)",5.972459192933707,0.0005832479680599323,43,43,3,
cnn,CIFAR10,fp32_fused_qat,fc2,"(10, 1024)",7.205314218997955,0.0007036439666990191,44,44,3,
cnn,CIFAR10,fp32_fused_qat,fc2,"(10, 1024)",5.906980758197463,0.000576853589667721,"42,43,44",aggregate,3,1.3322800169741347
