model,dataset,variant,probe_seed,canonical_layer,quantized_layer,weight_shape,hessian_trace,seed,n_seeds,metric_std
resnet50_no_weights,CIFAR10,fp32_unfused,42,conv1,conv1,"(64, 3, 3, 3)",16.31987486566816,42,3,
resnet50_no_weights,CIFAR10,fp32_unfused,43,conv1,conv1,"(64, 3, 3, 3)",14.004885475590545,43,3,
resnet50_no_weights,CIFAR10,fp32_unfused,44,conv1,conv1,"(64, 3, 3, 3)",14.387773297049783,44,3,
resnet50_no_weights,CIFAR10,fp32_unfused,"42,43,44",conv1,conv1,"(64, 3, 3, 3)",14.904177879436164,aggregate,3,1.2408864728794584
resnet50_no_weights,CIFAR10,fp32_unfused,42,layer1.0.conv1,layer1.0.conv1,"(64, 64, 1, 1)",1.0601853759124362,42,3,
resnet50_no_weights,CIFAR10,fp32_unfused,43,layer1.0.conv1,layer1.0.conv1,"(64, 64, 1, 1)",1.030744868516922,43,3,
resnet50_no_weights,CIFAR10,fp32_unfused,44,layer1.0.conv1,layer1.0.conv1,"(64, 64, 1, 1)",1.1624078757383607,44,3,
resnet50_no_weights,CIFAR10,fp32_unfused,"42,43,44",layer1.0.conv1,layer1.0.conv1,"(64, 64, 1, 1)",1.0844460400559064,aggregate,3,0.06910297921334392
resnet50_no_weights,CIFAR10,fp32_unfused,42,layer1.0.conv2,layer1.0.conv2,"(64, 64, 3, 3)",1.2578046994331555,42,3,
resnet50_no_weights,CIFAR10,fp32_unfused,43,layer1.0.conv2,layer1.0.conv2,"(64, 64, 3, 3)",1.1538321801594325,43,3,
resnet50_no_weights,CIFAR10,fp32_unfused,44,layer1.0.conv2,layer1.0.conv2,"(64, 64, 3, 3)",1.2772355027820752,44,3,
resnet50_no_weights,CIFAR10,fp32_unfused,"42,43,44",layer1.0.conv2,layer1.0.conv2,"(64, 64, 3, 3)",1.2296241274582211,aggregate,3,0.066352870971819
resnet50_no_weights,CIFAR10,fp32_unfused,42,layer1.0.conv3,layer1.0.conv3,"(256, 64, 1, 1)",0.9016823465173894,42,3,
resnet50_no_weights,CIFAR10,fp32_unfused,43,layer1.0.conv3,layer1.0.conv3,"(256, 64, 1, 1)",0.9318593199315824,43,3,
resnet50_no_weights,CIFAR10,fp32_unfused,44,layer1.0.conv3,layer1.0.conv3,"(256, 64, 1, 1)",0.8958405137062073,44,3,
resnet50_no_weights,CIFAR10,fp32_unfused,"42,43,44",layer1.0.conv3,layer1.0.conv3,"(256, 64, 1, 1)",0.9097940600517264,aggregate,3,0.019331024877709914
resnet50_no_weights,CIFAR10,fp32_unfused,42,layer1.0.downsample.0,layer1.0.downsample.0,"(256, 64, 1, 1)",12.209556372960408,42,3,
resnet50_no_weights,CIFAR10,fp32_unfused,43,layer1.0.downsample.0,layer1.0.downsample.0,"(256, 64, 1, 1)",11.971403560122928,43,3,
resnet50_no_weights,CIFAR10,fp32_unfused,44,layer1.0.downsample.0,layer1.0.downsample.0,"(256, 64, 1, 1)",11.368551254272461,44,3,
resnet50_no_weights,CIFAR10,fp32_unfused,"42,43,44",layer1.0.downsample.0,layer1.0.downsample.0,"(256, 64, 1, 1)",11.849837062451932,aggregate,3,0.43348150183349954
resnet50_no_weights,CIFAR10,fp32_unfused,42,layer1.1.conv1,layer1.1.conv1,"(64, 256, 1, 1)",1.0701999153409685,42,3,
resnet50_no_weights,CIFAR10,fp32_unfused,43,layer1.1.conv1,layer1.1.conv1,"(64, 256, 1, 1)",0.7532343707374625,43,3,
resnet50_no_weights,CIFAR10,fp32_unfused,44,layer1.1.conv1,layer1.1.conv1,"(64, 256, 1, 1)",1.01344793726658,44,3,
resnet50_no_weights,CIFAR10,fp32_unfused,"42,43,44",layer1.1.conv1,layer1.1.conv1,"(64, 256, 1, 1)",0.9456274077816703,aggregate,3,0.169016292945856
resnet50_no_weights,CIFAR10,fp32_unfused,42,layer1.1.conv2,layer1.1.conv2,"(64, 64, 3, 3)",1.0868429938952129,42,3,
resnet50_no_weights,CIFAR10,fp32_unfused,43,layer1.1.conv2,layer1.1.conv2,"(64, 64, 3, 3)",0.9370763758818309,43,3,
resnet50_no_weights,CIFAR10,fp32_unfused,44,layer1.1.conv2,layer1.1.conv2,"(64, 64, 3, 3)",0.9865060034005538,44,3,
resnet50_no_weights,CIFAR10,fp32_unfused,"42,43,44",layer1.1.conv2,layer1.1.conv2,"(64, 64, 3, 3)",1.0034751243925326,aggregate,3,0.07631168500447279
resnet50_no_weights,CIFAR10,fp32_unfused,42,layer1.1.conv3,layer1.1.conv3,"(256, 64, 1, 1)",1.2753376473510076,42,3,
resnet50_no_weights,CIFAR10,fp32_unfused,43,layer1.1.conv3,layer1.1.conv3,"(256, 64, 1, 1)",1.3256979801438071,43,3,
resnet50_no_weights,CIFAR10,fp32_unfused,44,layer1.1.conv3,layer1.1.conv3,"(256, 64, 1, 1)",1.4163656598991818,44,3,
resnet50_no_weights,CIFAR10,fp32_unfused,"42,43,44",layer1.1.conv3,layer1.1.conv3,"(256, 64, 1, 1)",1.3391337624646655,aggregate,3,0.07146758192182043
resnet50_no_weights,CIFAR10,fp32_unfused,42,layer1.2.conv1,layer1.2.conv1,"(64, 256, 1, 1)",2.563483772107533,42,3,
resnet50_no_weights,CIFAR10,fp32_unfused,43,layer1.2.conv1,layer1.2.conv1,"(64, 256, 1, 1)",1.98738694190979,43,3,
resnet50_no_weights,CIFAR10,fp32_unfused,44,layer1.2.conv1,layer1.2.conv1,"(64, 256, 1, 1)",2.3591889086223783,44,3,
resnet50_no_weights,CIFAR10,fp32_unfused,"42,43,44",layer1.2.conv1,layer1.2.conv1,"(64, 256, 1, 1)",2.303353207546567,aggregate,3,0.29207894237165116
resnet50_no_weights,CIFAR10,fp32_unfused,42,layer1.2.conv2,layer1.2.conv2,"(64, 64, 3, 3)",3.5342114051183064,42,3,
resnet50_no_weights,CIFAR10,fp32_unfused,43,layer1.2.conv2,layer1.2.conv2,"(64, 64, 3, 3)",4.562780013928811,43,3,
resnet50_no_weights,CIFAR10,fp32_unfused,44,layer1.2.conv2,layer1.2.conv2,"(64, 64, 3, 3)",4.499861536026001,44,3,
resnet50_no_weights,CIFAR10,fp32_unfused,"42,43,44",layer1.2.conv2,layer1.2.conv2,"(64, 64, 3, 3)",4.198950985024373,aggregate,3,0.57654029827556
resnet50_no_weights,CIFAR10,fp32_unfused,42,layer1.2.conv3,layer1.2.conv3,"(256, 64, 1, 1)",2.0333683852638518,42,3,
resnet50_no_weights,CIFAR10,fp32_unfused,43,layer1.2.conv3,layer1.2.conv3,"(256, 64, 1, 1)",1.8114423333552845,43,3,
resnet50_no_weights,CIFAR10,fp32_unfused,44,layer1.2.conv3,layer1.2.conv3,"(256, 64, 1, 1)",1.9054363012313842,44,3,
resnet50_no_weights,CIFAR10,fp32_unfused,"42,43,44",layer1.2.conv3,layer1.2.conv3,"(256, 64, 1, 1)",1.9167490066168402,aggregate,3,0.11139468616718043
resnet50_no_weights,CIFAR10,fp32_unfused,42,layer2.0.conv1,layer2.0.conv1,"(128, 256, 1, 1)",4.7961433773691,42,3,
resnet50_no_weights,CIFAR10,fp32_unfused,43,layer2.0.conv1,layer2.0.conv1,"(128, 256, 1, 1)",6.4080653712153435,43,3,
resnet50_no_weights,CIFAR10,fp32_unfused,44,layer2.0.conv1,layer2.0.conv1,"(128, 256, 1, 1)",5.675283511479695,44,3,
resnet50_no_weights,CIFAR10,fp32_unfused,"42,43,44",layer2.0.conv1,layer2.0.conv1,"(128, 256, 1, 1)",5.62649742002138,aggregate,3,0.8070676493337757
resnet50_no_weights,CIFAR10,fp32_unfused,42,layer2.0.conv2,layer2.0.conv2,"(128, 128, 3, 3)",41.28156411414053,42,3,
resnet50_no_weights,CIFAR10,fp32_unfused,43,layer2.0.conv2,layer2.0.conv2,"(128, 128, 3, 3)",35.19292202862826,43,3,
resnet50_no_weights,CIFAR10,fp32_unfused,44,layer2.0.conv2,layer2.0.conv2,"(128, 128, 3, 3)",46.456037402153015,44,3,
resnet50_no_weights,CIFAR10,fp32_unfused,"42,43,44",layer2.0.conv2,layer2.0.conv2,"(128, 128, 3, 3)",40.9768411816406,aggregate,3,5.637737491984345
resnet50_no_weights,CIFAR10,fp32_unfused,42,layer2.0.conv3,layer2.0.conv3,"(512, 128, 1, 1)",25.388745554031864,42,3,
resnet50_no_weights,CIFAR10,fp32_unfused,43,layer2.0.conv3,layer2.0.conv3,"(512, 128, 1, 1)",29.631222477665656,43,3,
resnet50_no_weights,CIFAR10,fp32_unfused,44,layer2.0.conv3,layer2.0.conv3,"(512, 128, 1, 1)",27.665527566274008,44,3,
resnet50_no_weights,CIFAR10,fp32_unfused,"42,43,44",layer2.0.conv3,layer2.0.conv3,"(512, 128, 1, 1)",27.56183186599051,aggregate,3,2.1231385283547266
resnet50_no_weights,CIFAR10,fp32_unfused,42,layer2.0.downsample.0,layer2.0.downsample.0,"(512, 256, 1, 1)",18.403613514370388,42,3,
resnet50_no_weights,CIFAR10,fp32_unfused,43,layer2.0.downsample.0,layer2.0.downsample.0,"(512, 256, 1, 1)",20.767497062683105,43,3,
resnet50_no_weights,CIFAR10,fp32_unfused,44,layer2.0.downsample.0,layer2.0.downsample.0,"(512, 256, 1, 1)",18.61174899207221,44,3,
resnet50_no_weights,CIFAR10,fp32_unfused,"42,43,44",layer2.0.downsample.0,layer2.0.downsample.0,"(512, 256, 1, 1)",19.26095318970857,aggregate,3,1.3088490841832683
resnet50_no_weights,CIFAR10,fp32_unfused,42,layer2.1.conv1,layer2.1.conv1,"(128, 512, 1, 1)",4.19373787244161,42,3,
resnet50_no_weights,CIFAR10,fp32_unfused,43,layer2.1.conv1,layer2.1.conv1,"(128, 512, 1, 1)",3.7600049539045854,43,3,
resnet50_no_weights,CIFAR10,fp32_unfused,44,layer2.1.conv1,layer2.1.conv1,"(128, 512, 1, 1)",4.530955917907484,44,3,
resnet50_no_weights,CIFAR10,fp32_unfused,"42,43,44",layer2.1.conv1,layer2.1.conv1,"(128, 512, 1, 1)",4.16156624808456,aggregate,3,0.38648105682501177
resnet50_no_weights,CIFAR10,fp32_unfused,42,layer2.1.conv2,layer2.1.conv2,"(128, 128, 3, 3)",7.205611437559128,42,3,
resnet50_no_weights,CIFAR10,fp32_unfused,43,layer2.1.conv2,layer2.1.conv2,"(128, 128, 3, 3)",7.158338200478327,43,3,
resnet50_no_weights,CIFAR10,fp32_unfused,44,layer2.1.conv2,layer2.1.conv2,"(128, 128, 3, 3)",7.479104392230511,44,3,
resnet50_no_weights,CIFAR10,fp32_unfused,"42,43,44",layer2.1.conv2,layer2.1.conv2,"(128, 128, 3, 3)",7.281018010089322,aggregate,3,0.1731685618937896
resnet50_no_weights,CIFAR10,fp32_unfused,42,layer2.1.conv3,layer2.1.conv3,"(512, 128, 1, 1)",6.847120642662048,42,3,
resnet50_no_weights,CIFAR10,fp32_unfused,43,layer2.1.conv3,layer2.1.conv3,"(512, 128, 1, 1)",7.979807721243964,43,3,
resnet50_no_weights,CIFAR10,fp32_unfused,44,layer2.1.conv3,layer2.1.conv3,"(512, 128, 1, 1)",6.740046727029901,44,3,
resnet50_no_weights,CIFAR10,fp32_unfused,"42,43,44",layer2.1.conv3,layer2.1.conv3,"(512, 128, 1, 1)",7.188991696978638,aggregate,3,0.6869561077887824
resnet50_no_weights,CIFAR10,fp32_unfused,42,layer2.2.conv1,layer2.2.conv1,"(128, 512, 1, 1)",8.122221840752495,42,3,
resnet50_no_weights,CIFAR10,fp32_unfused,43,layer2.2.conv1,layer2.2.conv1,"(128, 512, 1, 1)",9.59869254430135,43,3,
resnet50_no_weights,CIFAR10,fp32_unfused,44,layer2.2.conv1,layer2.2.conv1,"(128, 512, 1, 1)",7.804847104982897,44,3,
resnet50_no_weights,CIFAR10,fp32_unfused,"42,43,44",layer2.2.conv1,layer2.2.conv1,"(128, 512, 1, 1)",8.508587163345581,aggregate,3,0.9573029755086675
resnet50_no_weights,CIFAR10,fp32_unfused,42,layer2.2.conv2,layer2.2.conv2,"(128, 128, 3, 3)",17.206065389845108,42,3,
resnet50_no_weights,CIFAR10,fp32_unfused,43,layer2.2.conv2,layer2.2.conv2,"(128, 128, 3, 3)",11.048022747039795,43,3,
resnet50_no_weights,CIFAR10,fp32_unfused,44,layer2.2.conv2,layer2.2.conv2,"(128, 128, 3, 3)",9.68046525808481,44,3,
resnet50_no_weights,CIFAR10,fp32_unfused,"42,43,44",layer2.2.conv2,layer2.2.conv2,"(128, 128, 3, 3)",12.644851131656571,aggregate,3,4.0088726598915585
resnet50_no_weights,CIFAR10,fp32_unfused,42,layer2.2.conv3,layer2.2.conv3,"(512, 128, 1, 1)",4.541551417774624,42,3,
resnet50_no_weights,CIFAR10,fp32_unfused,43,layer2.2.conv3,layer2.2.conv3,"(512, 128, 1, 1)",4.82981863728276,43,3,
resnet50_no_weights,CIFAR10,fp32_unfused,44,layer2.2.conv3,layer2.2.conv3,"(512, 128, 1, 1)",4.5987909169032655,44,3,
resnet50_no_weights,CIFAR10,fp32_unfused,"42,43,44",layer2.2.conv3,layer2.2.conv3,"(512, 128, 1, 1)",4.6567203239868835,aggregate,3,0.15261507007675437
resnet50_no_weights,CIFAR10,fp32_unfused,42,layer2.3.conv1,layer2.3.conv1,"(128, 512, 1, 1)",4.27490795359892,42,3,
resnet50_no_weights,CIFAR10,fp32_unfused,43,layer2.3.conv1,layer2.3.conv1,"(128, 512, 1, 1)",4.509072184562683,43,3,
resnet50_no_weights,CIFAR10,fp32_unfused,44,layer2.3.conv1,layer2.3.conv1,"(128, 512, 1, 1)",4.756912797105079,44,3,
resnet50_no_weights,CIFAR10,fp32_unfused,"42,43,44",layer2.3.conv1,layer2.3.conv1,"(128, 512, 1, 1)",4.513630978422227,aggregate,3,0.24103475733167526
resnet50_no_weights,CIFAR10,fp32_unfused,42,layer2.3.conv2,layer2.3.conv2,"(128, 128, 3, 3)",2.9206995517015457,42,3,
resnet50_no_weights,CIFAR10,fp32_unfused,43,layer2.3.conv2,layer2.3.conv2,"(128, 128, 3, 3)",2.80397007200453,43,3,
resnet50_no_weights,CIFAR10,fp32_unfused,44,layer2.3.conv2,layer2.3.conv2,"(128, 128, 3, 3)",3.1889782269795734,44,3,
resnet50_no_weights,CIFAR10,fp32_unfused,"42,43,44",layer2.3.conv2,layer2.3.conv2,"(128, 128, 3, 3)",2.9712159502285496,aggregate,3,0.19741263824645597
resnet50_no_weights,CIFAR10,fp32_unfused,42,layer2.3.conv3,layer2.3.conv3,"(512, 128, 1, 1)",2.0024673562300834,42,3,
resnet50_no_weights,CIFAR10,fp32_unfused,43,layer2.3.conv3,layer2.3.conv3,"(512, 128, 1, 1)",1.8965458640685449,43,3,
resnet50_no_weights,CIFAR10,fp32_unfused,44,layer2.3.conv3,layer2.3.conv3,"(512, 128, 1, 1)",1.919802934959017,44,3,
resnet50_no_weights,CIFAR10,fp32_unfused,"42,43,44",layer2.3.conv3,layer2.3.conv3,"(512, 128, 1, 1)",1.9396053850858819,aggregate,3,0.05566815425988131
resnet50_no_weights,CIFAR10,fp32_unfused,42,layer3.0.conv1,layer3.0.conv1,"(256, 512, 1, 1)",23.72373112042745,42,3,
resnet50_no_weights,CIFAR10,fp32_unfused,43,layer3.0.conv1,layer3.0.conv1,"(256, 512, 1, 1)",24.29143630133735,43,3,
resnet50_no_weights,CIFAR10,fp32_unfused,44,layer3.0.conv1,layer3.0.conv1,"(256, 512, 1, 1)",25.706639925638836,44,3,
resnet50_no_weights,CIFAR10,fp32_unfused,"42,43,44",layer3.0.conv1,layer3.0.conv1,"(256, 512, 1, 1)",24.573935782467878,aggregate,3,1.0211935664091683
resnet50_no_weights,CIFAR10,fp32_unfused,42,layer3.0.conv2,layer3.0.conv2,"(256, 256, 3, 3)",27.490867254868995,42,3,
resnet50_no_weights,CIFAR10,fp32_unfused,43,layer3.0.conv2,layer3.0.conv2,"(256, 256, 3, 3)",30.992405319213866,43,3,
resnet50_no_weights,CIFAR10,fp32_unfused,44,layer3.0.conv2,layer3.0.conv2,"(256, 256, 3, 3)",22.22231364250183,44,3,
resnet50_no_weights,CIFAR10,fp32_unfused,"42,43,44",layer3.0.conv2,layer3.0.conv2,"(256, 256, 3, 3)",26.9018620721949,aggregate,3,4.414614630224946
resnet50_no_weights,CIFAR10,fp32_unfused,42,layer3.0.conv3,layer3.0.conv3,"(1024, 256, 1, 1)",15.125116368557544,42,3,
resnet50_no_weights,CIFAR10,fp32_unfused,43,layer3.0.conv3,layer3.0.conv3,"(1024, 256, 1, 1)",15.967549226222895,43,3,
resnet50_no_weights,CIFAR10,fp32_unfused,44,layer3.0.conv3,layer3.0.conv3,"(1024, 256, 1, 1)",15.18514092763265,44,3,
resnet50_no_weights,CIFAR10,fp32_unfused,"42,43,44",layer3.0.conv3,layer3.0.conv3,"(1024, 256, 1, 1)",15.42593550747103,aggregate,3,0.4700104277334797
resnet50_no_weights,CIFAR10,fp32_unfused,42,layer3.0.downsample.0,layer3.0.downsample.0,"(1024, 512, 1, 1)",46.03434908831561,42,3,
resnet50_no_weights,CIFAR10,fp32_unfused,43,layer3.0.downsample.0,layer3.0.downsample.0,"(1024, 512, 1, 1)",43.548954010009766,43,3,
resnet50_no_weights,CIFAR10,fp32_unfused,44,layer3.0.downsample.0,layer3.0.downsample.0,"(1024, 512, 1, 1)",41.28054724799262,44,3,
resnet50_no_weights,CIFAR10,fp32_unfused,"42,43,44",layer3.0.downsample.0,layer3.0.downsample.0,"(1024, 512, 1, 1)",43.621283448772665,aggregate,3,2.377726150137641
resnet50_no_weights,CIFAR10,fp32_unfused,42,layer3.1.conv1,layer3.1.conv1,"(256, 1024, 1, 1)",5.485217213630676,42,3,
resnet50_no_weights,CIFAR10,fp32_unfused,43,layer3.1.conv1,layer3.1.conv1,"(256, 1024, 1, 1)",5.115717887878418,43,3,
resnet50_no_weights,CIFAR10,fp32_unfused,44,layer3.1.conv1,layer3.1.conv1,"(256, 1024, 1, 1)",5.609608401422915,44,3,
resnet50_no_weights,CIFAR10,fp32_unfused,"42,43,44",layer3.1.conv1,layer3.1.conv1,"(256, 1024, 1, 1)",5.403514500977336,aggregate,3,0.2568821904755124
resnet50_no_weights,CIFAR10,fp32_unfused,42,layer3.1.conv2,layer3.1.conv2,"(256, 256, 3, 3)",15.194501604352679,42,3,
resnet50_no_weights,CIFAR10,fp32_unfused,43,layer3.1.conv2,layer3.1.conv2,"(256, 256, 3, 3)",14.776684867011177,43,3,
resnet50_no_weights,CIFAR10,fp32_unfused,44,layer3.1.conv2,layer3.1.conv2,"(256, 256, 3, 3)",16.552652740478514,44,3,
resnet50_no_weights,CIFAR10,fp32_unfused,"42,43,44",layer3.1.conv2,layer3.1.conv2,"(256, 256, 3, 3)",15.507946403947457,aggregate,3,0.9285479005909075
resnet50_no_weights,CIFAR10,fp32_unfused,42,layer3.1.conv3,layer3.1.conv3,"(1024, 256, 1, 1)",15.763869698842367,42,3,
resnet50_no_weights,CIFAR10,fp32_unfused,43,layer3.1.conv3,layer3.1.conv3,"(1024, 256, 1, 1)",16.48910517441599,43,3,
resnet50_no_weights,CIFAR10,fp32_unfused,44,layer3.1.conv3,layer3.1.conv3,"(1024, 256, 1, 1)",14.439410626888275,44,3,
resnet50_no_weights,CIFAR10,fp32_unfused,"42,43,44",layer3.1.conv3,layer3.1.conv3,"(1024, 256, 1, 1)",15.564128500048877,aggregate,3,1.0393432274339434
resnet50_no_weights,CIFAR10,fp32_unfused,42,layer3.2.conv1,layer3.2.conv1,"(256, 1024, 1, 1)",15.198716612423167,42,3,
resnet50_no_weights,CIFAR10,fp32_unfused,43,layer3.2.conv1,layer3.2.conv1,"(256, 1024, 1, 1)",16.176279891620982,43,3,
resnet50_no_weights,CIFAR10,fp32_unfused,44,layer3.2.conv1,layer3.2.conv1,"(256, 1024, 1, 1)",16.295561381748744,44,3,
resnet50_no_weights,CIFAR10,fp32_unfused,"42,43,44",layer3.2.conv1,layer3.2.conv1,"(256, 1024, 1, 1)",15.890185961930964,aggregate,3,0.6017926673309728
resnet50_no_weights,CIFAR10,fp32_unfused,42,layer3.2.conv2,layer3.2.conv2,"(256, 256, 3, 3)",47.73078866438432,42,3,
resnet50_no_weights,CIFAR10,fp32_unfused,43,layer3.2.conv2,layer3.2.conv2,"(256, 256, 3, 3)",40.71572751265306,43,3,
resnet50_no_weights,CIFAR10,fp32_unfused,44,layer3.2.conv2,layer3.2.conv2,"(256, 256, 3, 3)",50.1430721282959,44,3,
resnet50_no_weights,CIFAR10,fp32_unfused,"42,43,44",layer3.2.conv2,layer3.2.conv2,"(256, 256, 3, 3)",46.196529435111096,aggregate,3,4.897363593044737
resnet50_no_weights,CIFAR10,fp32_unfused,42,layer3.2.conv3,layer3.2.conv3,"(1024, 256, 1, 1)",27.44475221633911,42,3,
resnet50_no_weights,CIFAR10,fp32_unfused,43,layer3.2.conv3,layer3.2.conv3,"(1024, 256, 1, 1)",23.365772767500445,43,3,
resnet50_no_weights,CIFAR10,fp32_unfused,44,layer3.2.conv3,layer3.2.conv3,"(1024, 256, 1, 1)",20.798222223917644,44,3,
resnet50_no_weights,CIFAR10,fp32_unfused,"42,43,44",layer3.2.conv3,layer3.2.conv3,"(1024, 256, 1, 1)",23.869582402585735,aggregate,3,3.351784352601328
resnet50_no_weights,CIFAR10,fp32_unfused,42,layer3.3.conv1,layer3.3.conv1,"(256, 1024, 1, 1)",25.21829080581665,42,3,
resnet50_no_weights,CIFAR10,fp32_unfused,43,layer3.3.conv1,layer3.3.conv1,"(256, 1024, 1, 1)",29.74307370185852,43,3,
resnet50_no_weights,CIFAR10,fp32_unfused,44,layer3.3.conv1,layer3.3.conv1,"(256, 1024, 1, 1)",28.39316973966711,44,3,
resnet50_no_weights,CIFAR10,fp32_unfused,"42,43,44",layer3.3.conv1,layer3.3.conv1,"(256, 1024, 1, 1)",27.784844749114093,aggregate,3,2.3229204753234143
resnet50_no_weights,CIFAR10,fp32_unfused,42,layer3.3.conv2,layer3.3.conv2,"(256, 256, 3, 3)",52.5860641002655,42,3,
resnet50_no_weights,CIFAR10,fp32_unfused,43,layer3.3.conv2,layer3.3.conv2,"(256, 256, 3, 3)",58.382161175763166,43,3,
resnet50_no_weights,CIFAR10,fp32_unfused,44,layer3.3.conv2,layer3.3.conv2,"(256, 256, 3, 3)",61.25130372888901,44,3,
resnet50_no_weights,CIFAR10,fp32_unfused,"42,43,44",layer3.3.conv2,layer3.3.conv2,"(256, 256, 3, 3)",57.406509668305894,aggregate,3,4.41424017848707
resnet50_no_weights,CIFAR10,fp32_unfused,42,layer3.3.conv3,layer3.3.conv3,"(1024, 256, 1, 1)",32.35087013244629,42,3,
resnet50_no_weights,CIFAR10,fp32_unfused,43,layer3.3.conv3,layer3.3.conv3,"(1024, 256, 1, 1)",30.11061651810356,43,3,
resnet50_no_weights,CIFAR10,fp32_unfused,44,layer3.3.conv3,layer3.3.conv3,"(1024, 256, 1, 1)",29.569405204371403,44,3,
resnet50_no_weights,CIFAR10,fp32_unfused,"42,43,44",layer3.3.conv3,layer3.3.conv3,"(1024, 256, 1, 1)",30.676963951640417,aggregate,3,1.4746860167957778
resnet50_no_weights,CIFAR10,fp32_unfused,42,layer3.4.conv1,layer3.4.conv1,"(256, 1024, 1, 1)",28.931380462646484,42,3,
resnet50_no_weights,CIFAR10,fp32_unfused,43,layer3.4.conv1,layer3.4.conv1,"(256, 1024, 1, 1)",32.57314827862908,43,3,
resnet50_no_weights,CIFAR10,fp32_unfused,44,layer3.4.conv1,layer3.4.conv1,"(256, 1024, 1, 1)",29.243002361721462,44,3,
resnet50_no_weights,CIFAR10,fp32_unfused,"42,43,44",layer3.4.conv1,layer3.4.conv1,"(256, 1024, 1, 1)",30.24917703433234,aggregate,3,2.0186403370175587
resnet50_no_weights,CIFAR10,fp32_unfused,42,layer3.4.conv2,layer3.4.conv2,"(256, 256, 3, 3)",46.82410734526965,42,3,
resnet50_no_weights,CIFAR10,fp32_unfused,43,layer3.4.conv2,layer3.4.conv2,"(256, 256, 3, 3)",45.559151376996724,43,3,
resnet50_no_weights,CIFAR10,fp32_unfused,44,layer3.4.conv2,layer3.4.conv2,"(256, 256, 3, 3)",42.57856867863582,44,3,
resnet50_no_weights,CIFAR10,fp32_unfused,"42,43,44",layer3.4.conv2,layer3.4.conv2,"(256, 256, 3, 3)",44.98727580030073,aggregate,3,2.1797777177700435
resnet50_no_weights,CIFAR10,fp32_unfused,42,layer3.4.conv3,layer3.4.conv3,"(1024, 256, 1, 1)",16.405121432410347,42,3,
resnet50_no_weights,CIFAR10,fp32_unfused,43,layer3.4.conv3,layer3.4.conv3,"(1024, 256, 1, 1)",17.52032352216316,43,3,
resnet50_no_weights,CIFAR10,fp32_unfused,44,layer3.4.conv3,layer3.4.conv3,"(1024, 256, 1, 1)",17.365082451791473,44,3,
resnet50_no_weights,CIFAR10,fp32_unfused,"42,43,44",layer3.4.conv3,layer3.4.conv3,"(1024, 256, 1, 1)",17.096842468788328,aggregate,3,0.6040558265660605
resnet50_no_weights,CIFAR10,fp32_unfused,42,layer3.5.conv1,layer3.5.conv1,"(256, 1024, 1, 1)",20.191825742306918,42,3,
resnet50_no_weights,CIFAR10,fp32_unfused,43,layer3.5.conv1,layer3.5.conv1,"(256, 1024, 1, 1)",19.543590790884835,43,3,
resnet50_no_weights,CIFAR10,fp32_unfused,44,layer3.5.conv1,layer3.5.conv1,"(256, 1024, 1, 1)",21.188210248947144,44,3,
resnet50_no_weights,CIFAR10,fp32_unfused,"42,43,44",layer3.5.conv1,layer3.5.conv1,"(256, 1024, 1, 1)",20.307875594046298,aggregate,3,0.8284286128121358
resnet50_no_weights,CIFAR10,fp32_unfused,42,layer3.5.conv2,layer3.5.conv2,"(256, 256, 3, 3)",19.17109270095825,42,3,
resnet50_no_weights,CIFAR10,fp32_unfused,43,layer3.5.conv2,layer3.5.conv2,"(256, 256, 3, 3)",23.093585059756325,43,3,
resnet50_no_weights,CIFAR10,fp32_unfused,44,layer3.5.conv2,layer3.5.conv2,"(256, 256, 3, 3)",21.68727004274409,44,3,
resnet50_no_weights,CIFAR10,fp32_unfused,"42,43,44",layer3.5.conv2,layer3.5.conv2,"(256, 256, 3, 3)",21.31731593448622,aggregate,3,1.9872433438987724
resnet50_no_weights,CIFAR10,fp32_unfused,42,layer3.5.conv3,layer3.5.conv3,"(1024, 256, 1, 1)",9.39033372313888,42,3,
resnet50_no_weights,CIFAR10,fp32_unfused,43,layer3.5.conv3,layer3.5.conv3,"(1024, 256, 1, 1)",10.46752184913272,43,3,
resnet50_no_weights,CIFAR10,fp32_unfused,44,layer3.5.conv3,layer3.5.conv3,"(1024, 256, 1, 1)",9.350744843482971,44,3,
resnet50_no_weights,CIFAR10,fp32_unfused,"42,43,44",layer3.5.conv3,layer3.5.conv3,"(1024, 256, 1, 1)",9.736200138584858,aggregate,3,0.6336524308223642
resnet50_no_weights,CIFAR10,fp32_unfused,42,layer4.0.conv1,layer4.0.conv1,"(512, 1024, 1, 1)",38.48795693095138,42,3,
resnet50_no_weights,CIFAR10,fp32_unfused,43,layer4.0.conv1,layer4.0.conv1,"(512, 1024, 1, 1)",38.69582127302121,43,3,
resnet50_no_weights,CIFAR10,fp32_unfused,44,layer4.0.conv1,layer4.0.conv1,"(512, 1024, 1, 1)",36.27742762999101,44,3,
resnet50_no_weights,CIFAR10,fp32_unfused,"42,43,44",layer4.0.conv1,layer4.0.conv1,"(512, 1024, 1, 1)",37.820401944654535,aggregate,3,1.3402907139719933
resnet50_no_weights,CIFAR10,fp32_unfused,42,layer4.0.conv2,layer4.0.conv2,"(512, 512, 3, 3)",26.277655165536064,42,3,
resnet50_no_weights,CIFAR10,fp32_unfused,43,layer4.0.conv2,layer4.0.conv2,"(512, 512, 3, 3)",26.165602935934967,43,3,
resnet50_no_weights,CIFAR10,fp32_unfused,44,layer4.0.conv2,layer4.0.conv2,"(512, 512, 3, 3)",23.026689892723446,44,3,
resnet50_no_weights,CIFAR10,fp32_unfused,"42,43,44",layer4.0.conv2,layer4.0.conv2,"(512, 512, 3, 3)",25.15664933139816,aggregate,3,1.8454496290441706
resnet50_no_weights,CIFAR10,fp32_unfused,42,layer4.0.conv3,layer4.0.conv3,"(2048, 512, 1, 1)",17.23770046234131,42,3,
resnet50_no_weights,CIFAR10,fp32_unfused,43,layer4.0.conv3,layer4.0.conv3,"(2048, 512, 1, 1)",18.563803725772434,43,3,
resnet50_no_weights,CIFAR10,fp32_unfused,44,layer4.0.conv3,layer4.0.conv3,"(2048, 512, 1, 1)",17.140371724178916,44,3,
resnet50_no_weights,CIFAR10,fp32_unfused,"42,43,44",layer4.0.conv3,layer4.0.conv3,"(2048, 512, 1, 1)",17.64729197076422,aggregate,3,0.7952129077292754
resnet50_no_weights,CIFAR10,fp32_unfused,42,layer4.0.downsample.0,layer4.0.downsample.0,"(2048, 1024, 1, 1)",43.129465103149414,42,3,
resnet50_no_weights,CIFAR10,fp32_unfused,43,layer4.0.downsample.0,layer4.0.downsample.0,"(2048, 1024, 1, 1)",44.52834854125977,43,3,
resnet50_no_weights,CIFAR10,fp32_unfused,44,layer4.0.downsample.0,layer4.0.downsample.0,"(2048, 1024, 1, 1)",46.328790028889976,44,3,
resnet50_no_weights,CIFAR10,fp32_unfused,"42,43,44",layer4.0.downsample.0,layer4.0.downsample.0,"(2048, 1024, 1, 1)",44.662201224433055,aggregate,3,1.6038570387384061
resnet50_no_weights,CIFAR10,fp32_unfused,42,layer4.1.conv1,layer4.1.conv1,"(512, 2048, 1, 1)",52.19886779785156,42,3,
resnet50_no_weights,CIFAR10,fp32_unfused,43,layer4.1.conv1,layer4.1.conv1,"(512, 2048, 1, 1)",46.65849583323409,43,3,
resnet50_no_weights,CIFAR10,fp32_unfused,44,layer4.1.conv1,layer4.1.conv1,"(512, 2048, 1, 1)",56.24545822143555,44,3,
resnet50_no_weights,CIFAR10,fp32_unfused,"42,43,44",layer4.1.conv1,layer4.1.conv1,"(512, 2048, 1, 1)",51.700940617507065,aggregate,3,4.812838098865544
resnet50_no_weights,CIFAR10,fp32_unfused,42,layer4.1.conv2,layer4.1.conv2,"(512, 512, 3, 3)",118.91756296157837,42,3,
resnet50_no_weights,CIFAR10,fp32_unfused,43,layer4.1.conv2,layer4.1.conv2,"(512, 512, 3, 3)",125.27608280181884,43,3,
resnet50_no_weights,CIFAR10,fp32_unfused,44,layer4.1.conv2,layer4.1.conv2,"(512, 512, 3, 3)",113.96916784242143,44,3,
resnet50_no_weights,CIFAR10,fp32_unfused,"42,43,44",layer4.1.conv2,layer4.1.conv2,"(512, 512, 3, 3)",119.38760453527289,aggregate,3,5.66809366414425
resnet50_no_weights,CIFAR10,fp32_unfused,42,layer4.1.conv3,layer4.1.conv3,"(2048, 512, 1, 1)",25.050601380211965,42,3,
resnet50_no_weights,CIFAR10,fp32_unfused,43,layer4.1.conv3,layer4.1.conv3,"(2048, 512, 1, 1)",26.66885729038969,43,3,
resnet50_no_weights,CIFAR10,fp32_unfused,44,layer4.1.conv3,layer4.1.conv3,"(2048, 512, 1, 1)",30.48617518575568,44,3,
resnet50_no_weights,CIFAR10,fp32_unfused,"42,43,44",layer4.1.conv3,layer4.1.conv3,"(2048, 512, 1, 1)",27.40187795211911,aggregate,3,2.7909416183019533
resnet50_no_weights,CIFAR10,fp32_unfused,42,layer4.2.conv1,layer4.2.conv1,"(512, 2048, 1, 1)",19.057742065853542,42,3,
resnet50_no_weights,CIFAR10,fp32_unfused,43,layer4.2.conv1,layer4.2.conv1,"(512, 2048, 1, 1)",19.602835048328746,43,3,
resnet50_no_weights,CIFAR10,fp32_unfused,44,layer4.2.conv1,layer4.2.conv1,"(512, 2048, 1, 1)",18.870186578659784,44,3,
resnet50_no_weights,CIFAR10,fp32_unfused,"42,43,44",layer4.2.conv1,layer4.2.conv1,"(512, 2048, 1, 1)",19.176921230947357,aggregate,3,0.3805866525134747
resnet50_no_weights,CIFAR10,fp32_unfused,42,layer4.2.conv2,layer4.2.conv2,"(512, 512, 3, 3)",14.089932278582925,42,3,
resnet50_no_weights,CIFAR10,fp32_unfused,43,layer4.2.conv2,layer4.2.conv2,"(512, 512, 3, 3)",12.865823662281036,43,3,
resnet50_no_weights,CIFAR10,fp32_unfused,44,layer4.2.conv2,layer4.2.conv2,"(512, 512, 3, 3)",14.981915432473887,44,3,
resnet50_no_weights,CIFAR10,fp32_unfused,"42,43,44",layer4.2.conv2,layer4.2.conv2,"(512, 512, 3, 3)",13.979223791112616,aggregate,3,1.0623809918611828
resnet50_no_weights,CIFAR10,fp32_unfused,42,layer4.2.conv3,layer4.2.conv3,"(2048, 512, 1, 1)",5.793652486801148,42,3,
resnet50_no_weights,CIFAR10,fp32_unfused,43,layer4.2.conv3,layer4.2.conv3,"(2048, 512, 1, 1)",5.510468325963834,43,3,
resnet50_no_weights,CIFAR10,fp32_unfused,44,layer4.2.conv3,layer4.2.conv3,"(2048, 512, 1, 1)",6.075660477744209,44,3,
resnet50_no_weights,CIFAR10,fp32_unfused,"42,43,44",layer4.2.conv3,layer4.2.conv3,"(2048, 512, 1, 1)",5.79326043016973,aggregate,3,0.2825962798584479
resnet50_no_weights,CIFAR10,fp32_unfused,42,fc,fc,"(10, 2048)",6.050997865200043,42,3,
resnet50_no_weights,CIFAR10,fp32_unfused,43,fc,fc,"(10, 2048)",6.281514006991719,43,3,
resnet50_no_weights,CIFAR10,fp32_unfused,44,fc,fc,"(10, 2048)",6.780408881431402,44,3,
resnet50_no_weights,CIFAR10,fp32_unfused,"42,43,44",fc,fc,"(10, 2048)",6.370973584541055,aggregate,3,0.37284362628506235
resnet50_no_weights,CIFAR10,ptq,42,conv1,conv1,"(64, 3, 3, 3)",104.38569843769073,42,3,
resnet50_no_weights,CIFAR10,ptq,43,conv1,conv1,"(64, 3, 3, 3)",96.974855211046,43,3,
resnet50_no_weights,CIFAR10,ptq,44,conv1,conv1,"(64, 3, 3, 3)",91.92479944229126,44,3,
resnet50_no_weights,CIFAR10,ptq,"42,43,44",conv1,conv1,"(64, 3, 3, 3)",97.761784363676,aggregate,3,6.267610713966777
resnet50_no_weights,CIFAR10,ptq,42,layer1.0.conv1,layer1.0.conv1,"(64, 64, 1, 1)",0.803249474299156,42,3,
resnet50_no_weights,CIFAR10,ptq,43,layer1.0.conv1,layer1.0.conv1,"(64, 64, 1, 1)",1.0929132948319118,43,3,
resnet50_no_weights,CIFAR10,ptq,44,layer1.0.conv1,layer1.0.conv1,"(64, 64, 1, 1)",0.6452031023800373,44,3,
resnet50_no_weights,CIFAR10,ptq,"42,43,44",layer1.0.conv1,layer1.0.conv1,"(64, 64, 1, 1)",0.8471219571703684,aggregate,3,0.2270566012501888
resnet50_no_weights,CIFAR10,ptq,42,layer1.0.conv2,layer1.0.conv2,"(64, 64, 3, 3)",2.396738356159579,42,3,
resnet50_no_weights,CIFAR10,ptq,43,layer1.0.conv2,layer1.0.conv2,"(64, 64, 3, 3)",2.372069259484609,43,3,
resnet50_no_weights,CIFAR10,ptq,44,layer1.0.conv2,layer1.0.conv2,"(64, 64, 3, 3)",2.2927908126045677,44,3,
resnet50_no_weights,CIFAR10,ptq,"42,43,44",layer1.0.conv2,layer1.0.conv2,"(64, 64, 3, 3)",2.3538661427495855,aggregate,3,0.05431195123480584
resnet50_no_weights,CIFAR10,ptq,42,layer1.0.conv3,layer1.0.conv3,"(256, 64, 1, 1)",0.6170611118569094,42,3,
resnet50_no_weights,CIFAR10,ptq,43,layer1.0.conv3,layer1.0.conv3,"(256, 64, 1, 1)",0.7472657461961111,43,3,
resnet50_no_weights,CIFAR10,ptq,44,layer1.0.conv3,layer1.0.conv3,"(256, 64, 1, 1)",0.6875443011522293,44,3,
resnet50_no_weights,CIFAR10,ptq,"42,43,44",layer1.0.conv3,layer1.0.conv3,"(256, 64, 1, 1)",0.6839570530684166,aggregate,3,0.06517639881477359
resnet50_no_weights,CIFAR10,ptq,42,layer1.0.downsample.0,layer1.0.downsample.0,"(256, 64, 1, 1)",6.256020247936249,42,3,
resnet50_no_weights,CIFAR10,ptq,43,layer1.0.downsample.0,layer1.0.downsample.0,"(256, 64, 1, 1)",6.9049674570560455,43,3,
resnet50_no_weights,CIFAR10,ptq,44,layer1.0.downsample.0,layer1.0.downsample.0,"(256, 64, 1, 1)",6.459208083875252,44,3,
resnet50_no_weights,CIFAR10,ptq,"42,43,44",layer1.0.downsample.0,layer1.0.downsample.0,"(256, 64, 1, 1)",6.5400652629558484,aggregate,3,0.3319435684159991
resnet50_no_weights,CIFAR10,ptq,42,layer1.1.conv1,layer1.1.conv1,"(64, 256, 1, 1)",1.1320275419524737,42,3,
resnet50_no_weights,CIFAR10,ptq,43,layer1.1.conv1,layer1.1.conv1,"(64, 256, 1, 1)",1.0700064955846122,43,3,
resnet50_no_weights,CIFAR10,ptq,44,layer1.1.conv1,layer1.1.conv1,"(64, 256, 1, 1)",1.1574981542010057,44,3,
resnet50_no_weights,CIFAR10,ptq,"42,43,44",layer1.1.conv1,layer1.1.conv1,"(64, 256, 1, 1)",1.1198440639126972,aggregate,3,0.045000282607125575
resnet50_no_weights,CIFAR10,ptq,42,layer1.1.conv2,layer1.1.conv2,"(64, 64, 3, 3)",2.1895074049631753,42,3,
resnet50_no_weights,CIFAR10,ptq,43,layer1.1.conv2,layer1.1.conv2,"(64, 64, 3, 3)",2.4424649063421757,43,3,
resnet50_no_weights,CIFAR10,ptq,44,layer1.1.conv2,layer1.1.conv2,"(64, 64, 3, 3)",2.1980586449305215,44,3,
resnet50_no_weights,CIFAR10,ptq,"42,43,44",layer1.1.conv2,layer1.1.conv2,"(64, 64, 3, 3)",2.2766769854119575,aggregate,3,0.14364019970404523
resnet50_no_weights,CIFAR10,ptq,42,layer1.1.conv3,layer1.1.conv3,"(256, 64, 1, 1)",0.9521430797047086,42,3,
resnet50_no_weights,CIFAR10,ptq,43,layer1.1.conv3,layer1.1.conv3,"(256, 64, 1, 1)",1.0208598939148155,43,3,
resnet50_no_weights,CIFAR10,ptq,44,layer1.1.conv3,layer1.1.conv3,"(256, 64, 1, 1)",0.8594856701791287,44,3,
resnet50_no_weights,CIFAR10,ptq,"42,43,44",layer1.1.conv3,layer1.1.conv3,"(256, 64, 1, 1)",0.9441628812662176,aggregate,3,0.080982545631217
resnet50_no_weights,CIFAR10,ptq,42,layer1.2.conv1,layer1.2.conv1,"(64, 256, 1, 1)",4.505818214416504,42,3,
resnet50_no_weights,CIFAR10,ptq,43,layer1.2.conv1,layer1.2.conv1,"(64, 256, 1, 1)",3.0016582362792072,43,3,
resnet50_no_weights,CIFAR10,ptq,44,layer1.2.conv1,layer1.2.conv1,"(64, 256, 1, 1)",3.5370413330664117,44,3,
resnet50_no_weights,CIFAR10,ptq,"42,43,44",layer1.2.conv1,layer1.2.conv1,"(64, 256, 1, 1)",3.6815059279207074,aggregate,3,0.7624151259860404
resnet50_no_weights,CIFAR10,ptq,42,layer1.2.conv2,layer1.2.conv2,"(64, 64, 3, 3)",3.2186757723490396,42,3,
resnet50_no_weights,CIFAR10,ptq,43,layer1.2.conv2,layer1.2.conv2,"(64, 64, 3, 3)",3.1784456876608043,43,3,
resnet50_no_weights,CIFAR10,ptq,44,layer1.2.conv2,layer1.2.conv2,"(64, 64, 3, 3)",2.731424424383375,44,3,
resnet50_no_weights,CIFAR10,ptq,"42,43,44",layer1.2.conv2,layer1.2.conv2,"(64, 64, 3, 3)",3.042848628131073,aggregate,3,0.2704503483791828
resnet50_no_weights,CIFAR10,ptq,42,layer1.2.conv3,layer1.2.conv3,"(256, 64, 1, 1)",1.2218701541423798,42,3,
resnet50_no_weights,CIFAR10,ptq,43,layer1.2.conv3,layer1.2.conv3,"(256, 64, 1, 1)",1.1801577617724737,43,3,
resnet50_no_weights,CIFAR10,ptq,44,layer1.2.conv3,layer1.2.conv3,"(256, 64, 1, 1)",1.1417986346142632,44,3,
resnet50_no_weights,CIFAR10,ptq,"42,43,44",layer1.2.conv3,layer1.2.conv3,"(256, 64, 1, 1)",1.1812755168430389,aggregate,3,0.040047460496062885
resnet50_no_weights,CIFAR10,ptq,42,layer2.0.conv1,layer2.0.conv1,"(128, 256, 1, 1)",5.369009080686067,42,3,
resnet50_no_weights,CIFAR10,ptq,43,layer2.0.conv1,layer2.0.conv1,"(128, 256, 1, 1)",6.139702161153157,43,3,
resnet50_no_weights,CIFAR10,ptq,44,layer2.0.conv1,layer2.0.conv1,"(128, 256, 1, 1)",5.501518070697784,44,3,
resnet50_no_weights,CIFAR10,ptq,"42,43,44",layer2.0.conv1,layer2.0.conv1,"(128, 256, 1, 1)",5.6700764375123365,aggregate,3,0.41206904559473406
resnet50_no_weights,CIFAR10,ptq,42,layer2.0.conv2,layer2.0.conv2,"(128, 128, 3, 3)",24.37762921197074,42,3,
resnet50_no_weights,CIFAR10,ptq,43,layer2.0.conv2,layer2.0.conv2,"(128, 128, 3, 3)",28.389679468595066,43,3,
resnet50_no_weights,CIFAR10,ptq,44,layer2.0.conv2,layer2.0.conv2,"(128, 128, 3, 3)",31.10985567834642,44,3,
resnet50_no_weights,CIFAR10,ptq,"42,43,44",layer2.0.conv2,layer2.0.conv2,"(128, 128, 3, 3)",27.959054786304076,aggregate,3,3.3867088022726377
resnet50_no_weights,CIFAR10,ptq,42,layer2.0.conv3,layer2.0.conv3,"(512, 128, 1, 1)",16.706473449491106,42,3,
resnet50_no_weights,CIFAR10,ptq,43,layer2.0.conv3,layer2.0.conv3,"(512, 128, 1, 1)",15.635643974939983,43,3,
resnet50_no_weights,CIFAR10,ptq,44,layer2.0.conv3,layer2.0.conv3,"(512, 128, 1, 1)",15.9986210194501,44,3,
resnet50_no_weights,CIFAR10,ptq,"42,43,44",layer2.0.conv3,layer2.0.conv3,"(512, 128, 1, 1)",16.11357948129373,aggregate,3,0.5445920738074956
resnet50_no_weights,CIFAR10,ptq,42,layer2.0.downsample.0,layer2.0.downsample.0,"(512, 256, 1, 1)",24.392305658413814,42,3,
resnet50_no_weights,CIFAR10,ptq,43,layer2.0.downsample.0,layer2.0.downsample.0,"(512, 256, 1, 1)",26.71601059220054,43,3,
resnet50_no_weights,CIFAR10,ptq,44,layer2.0.downsample.0,layer2.0.downsample.0,"(512, 256, 1, 1)",31.300082623958588,44,3,
resnet50_no_weights,CIFAR10,ptq,"42,43,44",layer2.0.downsample.0,layer2.0.downsample.0,"(512, 256, 1, 1)",27.469466291524313,aggregate,3,3.514984675579731
resnet50_no_weights,CIFAR10,ptq,42,layer2.1.conv1,layer2.1.conv1,"(128, 512, 1, 1)",5.9649144740814855,42,3,
resnet50_no_weights,CIFAR10,ptq,43,layer2.1.conv1,layer2.1.conv1,"(128, 512, 1, 1)",6.155607568806615,43,3,
resnet50_no_weights,CIFAR10,ptq,44,layer2.1.conv1,layer2.1.conv1,"(128, 512, 1, 1)",5.206301468610763,44,3,
resnet50_no_weights,CIFAR10,ptq,"42,43,44",layer2.1.conv1,layer2.1.conv1,"(128, 512, 1, 1)",5.775607837166288,aggregate,3,0.5021685673679416
resnet50_no_weights,CIFAR10,ptq,42,layer2.1.conv2,layer2.1.conv2,"(128, 128, 3, 3)",6.068174740624806,42,3,
resnet50_no_weights,CIFAR10,ptq,43,layer2.1.conv2,layer2.1.conv2,"(128, 128, 3, 3)",6.176967299714381,43,3,
resnet50_no_weights,CIFAR10,ptq,44,layer2.1.conv2,layer2.1.conv2,"(128, 128, 3, 3)",6.032350711419549,44,3,
resnet50_no_weights,CIFAR10,ptq,"42,43,44",layer2.1.conv2,layer2.1.conv2,"(128, 128, 3, 3)",6.092497583919578,aggregate,3,0.07531394248056436
resnet50_no_weights,CIFAR10,ptq,42,layer2.1.conv3,layer2.1.conv3,"(512, 128, 1, 1)",3.8086603217654758,42,3,
resnet50_no_weights,CIFAR10,ptq,43,layer2.1.conv3,layer2.1.conv3,"(512, 128, 1, 1)",3.3869810104370117,43,3,
resnet50_no_weights,CIFAR10,ptq,44,layer2.1.conv3,layer2.1.conv3,"(512, 128, 1, 1)",4.084029623956392,44,3,
resnet50_no_weights,CIFAR10,ptq,"42,43,44",layer2.1.conv3,layer2.1.conv3,"(512, 128, 1, 1)",3.759890318719626,aggregate,3,0.35107417635044247
resnet50_no_weights,CIFAR10,ptq,42,layer2.2.conv1,layer2.2.conv1,"(128, 512, 1, 1)",8.033065093191047,42,3,
resnet50_no_weights,CIFAR10,ptq,43,layer2.2.conv1,layer2.2.conv1,"(128, 512, 1, 1)",9.587719026364779,43,3,
resnet50_no_weights,CIFAR10,ptq,44,layer2.2.conv1,layer2.2.conv1,"(128, 512, 1, 1)",7.9007685245611725,44,3,
resnet50_no_weights,CIFAR10,ptq,"42,43,44",layer2.2.conv1,layer2.2.conv1,"(128, 512, 1, 1)",8.507184214705665,aggregate,3,0.9381056469946258
resnet50_no_weights,CIFAR10,ptq,42,layer2.2.conv2,layer2.2.conv2,"(128, 128, 3, 3)",5.670489224520597,42,3,
resnet50_no_weights,CIFAR10,ptq,43,layer2.2.conv2,layer2.2.conv2,"(128, 128, 3, 3)",4.279667753922312,43,3,
resnet50_no_weights,CIFAR10,ptq,44,layer2.2.conv2,layer2.2.conv2,"(128, 128, 3, 3)",5.323190426826477,44,3,
resnet50_no_weights,CIFAR10,ptq,"42,43,44",layer2.2.conv2,layer2.2.conv2,"(128, 128, 3, 3)",5.0911158017564615,aggregate,3,0.7238715800957617
resnet50_no_weights,CIFAR10,ptq,42,layer2.2.conv3,layer2.2.conv3,"(512, 128, 1, 1)",3.2446025822843825,42,3,
resnet50_no_weights,CIFAR10,ptq,43,layer2.2.conv3,layer2.2.conv3,"(512, 128, 1, 1)",3.0457322160402933,43,3,
resnet50_no_weights,CIFAR10,ptq,44,layer2.2.conv3,layer2.2.conv3,"(512, 128, 1, 1)",3.398091969282731,44,3,
resnet50_no_weights,CIFAR10,ptq,"42,43,44",layer2.2.conv3,layer2.2.conv3,"(512, 128, 1, 1)",3.229475589202469,aggregate,3,0.17666626267072918
resnet50_no_weights,CIFAR10,ptq,42,layer2.3.conv1,layer2.3.conv1,"(128, 512, 1, 1)",2.6712999070684114,42,3,
resnet50_no_weights,CIFAR10,ptq,43,layer2.3.conv1,layer2.3.conv1,"(128, 512, 1, 1)",2.3501972291204662,43,3,
resnet50_no_weights,CIFAR10,ptq,44,layer2.3.conv1,layer2.3.conv1,"(128, 512, 1, 1)",2.482190774546729,44,3,
resnet50_no_weights,CIFAR10,ptq,"42,43,44",layer2.3.conv1,layer2.3.conv1,"(128, 512, 1, 1)",2.5012293035785356,aggregate,3,0.16139572992215948
resnet50_no_weights,CIFAR10,ptq,42,layer2.3.conv2,layer2.3.conv2,"(128, 128, 3, 3)",0.877250861376524,42,3,
resnet50_no_weights,CIFAR10,ptq,43,layer2.3.conv2,layer2.3.conv2,"(128, 128, 3, 3)",0.8280140678087871,43,3,
resnet50_no_weights,CIFAR10,ptq,44,layer2.3.conv2,layer2.3.conv2,"(128, 128, 3, 3)",0.952431115411943,44,3,
resnet50_no_weights,CIFAR10,ptq,"42,43,44",layer2.3.conv2,layer2.3.conv2,"(128, 128, 3, 3)",0.885898681532418,aggregate,3,0.06265771324153165
resnet50_no_weights,CIFAR10,ptq,42,layer2.3.conv3,layer2.3.conv3,"(512, 128, 1, 1)",1.3281909977236102,42,3,
resnet50_no_weights,CIFAR10,ptq,43,layer2.3.conv3,layer2.3.conv3,"(512, 128, 1, 1)",1.3512769708266625,43,3,
resnet50_no_weights,CIFAR10,ptq,44,layer2.3.conv3,layer2.3.conv3,"(512, 128, 1, 1)",1.294958366000134,44,3,
resnet50_no_weights,CIFAR10,ptq,"42,43,44",layer2.3.conv3,layer2.3.conv3,"(512, 128, 1, 1)",1.324808778183469,aggregate,3,0.02831123220852379
resnet50_no_weights,CIFAR10,ptq,42,layer3.0.conv1,layer3.0.conv1,"(256, 512, 1, 1)",23.70815046210038,42,3,
resnet50_no_weights,CIFAR10,ptq,43,layer3.0.conv1,layer3.0.conv1,"(256, 512, 1, 1)",22.01002038043478,43,3,
resnet50_no_weights,CIFAR10,ptq,44,layer3.0.conv1,layer3.0.conv1,"(256, 512, 1, 1)",19.9955087767707,44,3,
resnet50_no_weights,CIFAR10,ptq,"42,43,44",layer3.0.conv1,layer3.0.conv1,"(256, 512, 1, 1)",21.904559873101952,aggregate,3,1.8585662511374403
resnet50_no_weights,CIFAR10,ptq,42,layer3.0.conv2,layer3.0.conv2,"(256, 256, 3, 3)",25.599765212447554,42,3,
resnet50_no_weights,CIFAR10,ptq,43,layer3.0.conv2,layer3.0.conv2,"(256, 256, 3, 3)",23.439434221812657,43,3,
resnet50_no_weights,CIFAR10,ptq,44,layer3.0.conv2,layer3.0.conv2,"(256, 256, 3, 3)",25.197210629781086,44,3,
resnet50_no_weights,CIFAR10,ptq,"42,43,44",layer3.0.conv2,layer3.0.conv2,"(256, 256, 3, 3)",24.7454700213471,aggregate,3,1.148829700284433
resnet50_no_weights,CIFAR10,ptq,42,layer3.0.conv3,layer3.0.conv3,"(1024, 256, 1, 1)",10.078234243392945,42,3,
resnet50_no_weights,CIFAR10,ptq,43,layer3.0.conv3,layer3.0.conv3,"(1024, 256, 1, 1)",10.794626099722725,43,3,
resnet50_no_weights,CIFAR10,ptq,44,layer3.0.conv3,layer3.0.conv3,"(1024, 256, 1, 1)",10.003985768272763,44,3,
resnet50_no_weights,CIFAR10,ptq,"42,43,44",layer3.0.conv3,layer3.0.conv3,"(1024, 256, 1, 1)",10.292282037129478,aggregate,3,0.43662383916986774
resnet50_no_weights,CIFAR10,ptq,42,layer3.0.downsample.0,layer3.0.downsample.0,"(1024, 512, 1, 1)",40.74539399147034,42,3,
resnet50_no_weights,CIFAR10,ptq,43,layer3.0.downsample.0,layer3.0.downsample.0,"(1024, 512, 1, 1)",38.122904102007546,43,3,
resnet50_no_weights,CIFAR10,ptq,44,layer3.0.downsample.0,layer3.0.downsample.0,"(1024, 512, 1, 1)",43.650339528134,44,3,
resnet50_no_weights,CIFAR10,ptq,"42,43,44",layer3.0.downsample.0,layer3.0.downsample.0,"(1024, 512, 1, 1)",40.83954587387063,aggregate,3,2.7649202574792398
resnet50_no_weights,CIFAR10,ptq,42,layer3.1.conv1,layer3.1.conv1,"(256, 1024, 1, 1)",6.389315664768219,42,3,
resnet50_no_weights,CIFAR10,ptq,43,layer3.1.conv1,layer3.1.conv1,"(256, 1024, 1, 1)",6.781354337930679,43,3,
resnet50_no_weights,CIFAR10,ptq,44,layer3.1.conv1,layer3.1.conv1,"(256, 1024, 1, 1)",6.34627742767334,44,3,
resnet50_no_weights,CIFAR10,ptq,"42,43,44",layer3.1.conv1,layer3.1.conv1,"(256, 1024, 1, 1)",6.505649143457413,aggregate,3,0.23973545452793388
resnet50_no_weights,CIFAR10,ptq,42,layer3.1.conv2,layer3.1.conv2,"(256, 256, 3, 3)",12.90012684990378,42,3,
resnet50_no_weights,CIFAR10,ptq,43,layer3.1.conv2,layer3.1.conv2,"(256, 256, 3, 3)",11.787001528391023,43,3,
resnet50_no_weights,CIFAR10,ptq,44,layer3.1.conv2,layer3.1.conv2,"(256, 256, 3, 3)",11.36645350853602,44,3,
resnet50_no_weights,CIFAR10,ptq,"42,43,44",layer3.1.conv2,layer3.1.conv2,"(256, 256, 3, 3)",12.017860628943607,aggregate,3,0.7924710863725554
resnet50_no_weights,CIFAR10,ptq,42,layer3.1.conv3,layer3.1.conv3,"(1024, 256, 1, 1)",12.078245899894021,42,3,
resnet50_no_weights,CIFAR10,ptq,43,layer3.1.conv3,layer3.1.conv3,"(1024, 256, 1, 1)",11.762913703918457,43,3,
resnet50_no_weights,CIFAR10,ptq,44,layer3.1.conv3,layer3.1.conv3,"(1024, 256, 1, 1)",11.693366780000574,44,3,
resnet50_no_weights,CIFAR10,ptq,"42,43,44",layer3.1.conv3,layer3.1.conv3,"(1024, 256, 1, 1)",11.844842127937683,aggregate,3,0.2051028625572896
resnet50_no_weights,CIFAR10,ptq,42,layer3.2.conv1,layer3.2.conv1,"(256, 1024, 1, 1)",15.272098350524903,42,3,
resnet50_no_weights,CIFAR10,ptq,43,layer3.2.conv1,layer3.2.conv1,"(256, 1024, 1, 1)",18.57039645058768,43,3,
resnet50_no_weights,CIFAR10,ptq,44,layer3.2.conv1,layer3.2.conv1,"(256, 1024, 1, 1)",17.59141470591227,44,3,
resnet50_no_weights,CIFAR10,ptq,"42,43,44",layer3.2.conv1,layer3.2.conv1,"(256, 1024, 1, 1)",17.14463650234162,aggregate,3,1.6939305362407266
resnet50_no_weights,CIFAR10,ptq,42,layer3.2.conv2,layer3.2.conv2,"(256, 256, 3, 3)",28.384488423665363,42,3,
resnet50_no_weights,CIFAR10,ptq,43,layer3.2.conv2,layer3.2.conv2,"(256, 256, 3, 3)",23.588592455937313,43,3,
resnet50_no_weights,CIFAR10,ptq,44,layer3.2.conv2,layer3.2.conv2,"(256, 256, 3, 3)",29.303905232747397,44,3,
resnet50_no_weights,CIFAR10,ptq,"42,43,44",layer3.2.conv2,layer3.2.conv2,"(256, 256, 3, 3)",27.092328704116692,aggregate,3,3.068950568160104
resnet50_no_weights,CIFAR10,ptq,42,layer3.2.conv3,layer3.2.conv3,"(1024, 256, 1, 1)",20.255652836390905,42,3,
resnet50_no_weights,CIFAR10,ptq,43,layer3.2.conv3,layer3.2.conv3,"(1024, 256, 1, 1)",21.126308517456053,43,3,
resnet50_no_weights,CIFAR10,ptq,44,layer3.2.conv3,layer3.2.conv3,"(1024, 256, 1, 1)",20.736548614501952,44,3,
resnet50_no_weights,CIFAR10,ptq,"42,43,44",layer3.2.conv3,layer3.2.conv3,"(1024, 256, 1, 1)",20.706169989449638,aggregate,3,0.4361220865627035
resnet50_no_weights,CIFAR10,ptq,42,layer3.3.conv1,layer3.3.conv1,"(256, 1024, 1, 1)",32.68920006290559,42,3,
resnet50_no_weights,CIFAR10,ptq,43,layer3.3.conv1,layer3.3.conv1,"(256, 1024, 1, 1)",29.73612247043186,43,3,
resnet50_no_weights,CIFAR10,ptq,44,layer3.3.conv1,layer3.3.conv1,"(256, 1024, 1, 1)",29.367765808105467,44,3,
resnet50_no_weights,CIFAR10,ptq,"42,43,44",layer3.3.conv1,layer3.3.conv1,"(256, 1024, 1, 1)",30.597696113814305,aggregate,3,1.820635393061552
resnet50_no_weights,CIFAR10,ptq,42,layer3.3.conv2,layer3.3.conv2,"(256, 256, 3, 3)",37.34815364413791,42,3,
resnet50_no_weights,CIFAR10,ptq,43,layer3.3.conv2,layer3.3.conv2,"(256, 256, 3, 3)",39.61587869553339,43,3,
resnet50_no_weights,CIFAR10,ptq,44,layer3.3.conv2,layer3.3.conv2,"(256, 256, 3, 3)",38.88698185511998,44,3,
resnet50_no_weights,CIFAR10,ptq,"42,43,44",layer3.3.conv2,layer3.3.conv2,"(256, 256, 3, 3)",38.61700473159709,aggregate,3,1.1577175659896186
resnet50_no_weights,CIFAR10,ptq,42,layer3.3.conv3,layer3.3.conv3,"(1024, 256, 1, 1)",24.697537740071613,42,3,
resnet50_no_weights,CIFAR10,ptq,43,layer3.3.conv3,layer3.3.conv3,"(1024, 256, 1, 1)",20.287851015726726,43,3,
resnet50_no_weights,CIFAR10,ptq,44,layer3.3.conv3,layer3.3.conv3,"(1024, 256, 1, 1)",21.150037307739257,44,3,
resnet50_no_weights,CIFAR10,ptq,"42,43,44",layer3.3.conv3,layer3.3.conv3,"(1024, 256, 1, 1)",22.0451420211792,aggregate,3,2.3371443232570566
resnet50_no_weights,CIFAR10,ptq,42,layer3.4.conv1,layer3.4.conv1,"(256, 1024, 1, 1)",30.00523073533002,42,3,
resnet50_no_weights,CIFAR10,ptq,43,layer3.4.conv1,layer3.4.conv1,"(256, 1024, 1, 1)",32.04205233876298,43,3,
resnet50_no_weights,CIFAR10,ptq,44,layer3.4.conv1,layer3.4.conv1,"(256, 1024, 1, 1)",31.855899930000305,44,3,
resnet50_no_weights,CIFAR10,ptq,"42,43,44",layer3.4.conv1,layer3.4.conv1,"(256, 1024, 1, 1)",31.301061001364435,aggregate,3,1.1260751478476703
resnet50_no_weights,CIFAR10,ptq,42,layer3.4.conv2,layer3.4.conv2,"(256, 256, 3, 3)",19.82571115947905,42,3,
resnet50_no_weights,CIFAR10,ptq,43,layer3.4.conv2,layer3.4.conv2,"(256, 256, 3, 3)",20.82996892929077,43,3,
resnet50_no_weights,CIFAR10,ptq,44,layer3.4.conv2,layer3.4.conv2,"(256, 256, 3, 3)",17.70487259655464,44,3,
resnet50_no_weights,CIFAR10,ptq,"42,43,44",layer3.4.conv2,layer3.4.conv2,"(256, 256, 3, 3)",19.45351756177482,aggregate,3,1.5954475321517836
resnet50_no_weights,CIFAR10,ptq,42,layer3.4.conv3,layer3.4.conv3,"(1024, 256, 1, 1)",14.235479082380023,42,3,
resnet50_no_weights,CIFAR10,ptq,43,layer3.4.conv3,layer3.4.conv3,"(1024, 256, 1, 1)",16.806290054321288,43,3,
resnet50_no_weights,CIFAR10,ptq,44,layer3.4.conv3,layer3.4.conv3,"(1024, 256, 1, 1)",17.50764010502742,44,3,
resnet50_no_weights,CIFAR10,ptq,"42,43,44",layer3.4.conv3,layer3.4.conv3,"(1024, 256, 1, 1)",16.183136413909576,aggregate,3,1.7227883747581973
resnet50_no_weights,CIFAR10,ptq,42,layer3.5.conv1,layer3.5.conv1,"(256, 1024, 1, 1)",18.34420413062686,42,3,
resnet50_no_weights,CIFAR10,ptq,43,layer3.5.conv1,layer3.5.conv1,"(256, 1024, 1, 1)",20.159462125677813,43,3,
resnet50_no_weights,CIFAR10,ptq,44,layer3.5.conv1,layer3.5.conv1,"(256, 1024, 1, 1)",20.720743423853165,44,3,
resnet50_no_weights,CIFAR10,ptq,"42,43,44",layer3.5.conv1,layer3.5.conv1,"(256, 1024, 1, 1)",19.741469893385947,aggregate,3,1.2421847216716198
resnet50_no_weights,CIFAR10,ptq,42,layer3.5.conv2,layer3.5.conv2,"(256, 256, 3, 3)",6.150915947453729,42,3,
resnet50_no_weights,CIFAR10,ptq,43,layer3.5.conv2,layer3.5.conv2,"(256, 256, 3, 3)",6.7172374327977495,43,3,
resnet50_no_weights,CIFAR10,ptq,44,layer3.5.conv2,layer3.5.conv2,"(256, 256, 3, 3)",6.176025668780009,44,3,
resnet50_no_weights,CIFAR10,ptq,"42,43,44",layer3.5.conv2,layer3.5.conv2,"(256, 256, 3, 3)",6.348059683010496,aggregate,3,0.3199637209587297
resnet50_no_weights,CIFAR10,ptq,42,layer3.5.conv3,layer3.5.conv3,"(1024, 256, 1, 1)",10.99070962270101,42,3,
resnet50_no_weights,CIFAR10,ptq,43,layer3.5.conv3,layer3.5.conv3,"(1024, 256, 1, 1)",9.577832965289845,43,3,
resnet50_no_weights,CIFAR10,ptq,44,layer3.5.conv3,layer3.5.conv3,"(1024, 256, 1, 1)",9.346257983313667,44,3,
resnet50_no_weights,CIFAR10,ptq,"42,43,44",layer3.5.conv3,layer3.5.conv3,"(1024, 256, 1, 1)",9.97160019043484,aggregate,3,0.8901375002041663
resnet50_no_weights,CIFAR10,ptq,42,layer4.0.conv1,layer4.0.conv1,"(512, 1024, 1, 1)",42.40001649122972,42,3,
resnet50_no_weights,CIFAR10,ptq,43,layer4.0.conv1,layer4.0.conv1,"(512, 1024, 1, 1)",44.81396853539251,43,3,
resnet50_no_weights,CIFAR10,ptq,44,layer4.0.conv1,layer4.0.conv1,"(512, 1024, 1, 1)",47.40132440839495,44,3,
resnet50_no_weights,CIFAR10,ptq,"42,43,44",layer4.0.conv1,layer4.0.conv1,"(512, 1024, 1, 1)",44.871769811672394,aggregate,3,2.5011549254753462
resnet50_no_weights,CIFAR10,ptq,42,layer4.0.conv2,layer4.0.conv2,"(512, 512, 3, 3)",16.609875510720645,42,3,
resnet50_no_weights,CIFAR10,ptq,43,layer4.0.conv2,layer4.0.conv2,"(512, 512, 3, 3)",14.868157906965775,43,3,
resnet50_no_weights,CIFAR10,ptq,44,layer4.0.conv2,layer4.0.conv2,"(512, 512, 3, 3)",16.748799953054874,44,3,
resnet50_no_weights,CIFAR10,ptq,"42,43,44",layer4.0.conv2,layer4.0.conv2,"(512, 512, 3, 3)",16.07561112358043,aggregate,3,1.047989719846659
resnet50_no_weights,CIFAR10,ptq,42,layer4.0.conv3,layer4.0.conv3,"(2048, 512, 1, 1)",18.188427234518116,42,3,
resnet50_no_weights,CIFAR10,ptq,43,layer4.0.conv3,layer4.0.conv3,"(2048, 512, 1, 1)",18.424279149373373,43,3,
resnet50_no_weights,CIFAR10,ptq,44,layer4.0.conv3,layer4.0.conv3,"(2048, 512, 1, 1)",19.835080941518147,44,3,
resnet50_no_weights,CIFAR10,ptq,"42,43,44",layer4.0.conv3,layer4.0.conv3,"(2048, 512, 1, 1)",18.815929108469877,aggregate,3,0.8904545892629543
resnet50_no_weights,CIFAR10,ptq,42,layer4.0.downsample.0,layer4.0.downsample.0,"(2048, 1024, 1, 1)",41.95467080010308,42,3,
resnet50_no_weights,CIFAR10,ptq,43,layer4.0.downsample.0,layer4.0.downsample.0,"(2048, 1024, 1, 1)",41.9296854019165,43,3,
resnet50_no_weights,CIFAR10,ptq,44,layer4.0.downsample.0,layer4.0.downsample.0,"(2048, 1024, 1, 1)",42.33818171101232,44,3,
resnet50_no_weights,CIFAR10,ptq,"42,43,44",layer4.0.downsample.0,layer4.0.downsample.0,"(2048, 1024, 1, 1)",42.074179304343964,aggregate,3,0.22897384255771808
resnet50_no_weights,CIFAR10,ptq,42,layer4.1.conv1,layer4.1.conv1,"(512, 2048, 1, 1)",49.42669258117676,42,3,
resnet50_no_weights,CIFAR10,ptq,43,layer4.1.conv1,layer4.1.conv1,"(512, 2048, 1, 1)",71.41720314025879,43,3,
resnet50_no_weights,CIFAR10,ptq,44,layer4.1.conv1,layer4.1.conv1,"(512, 2048, 1, 1)",56.44827168782552,44,3,
resnet50_no_weights,CIFAR10,ptq,"42,43,44",layer4.1.conv1,layer4.1.conv1,"(512, 2048, 1, 1)",59.097389136420354,aggregate,3,11.232052622054965
resnet50_no_weights,CIFAR10,ptq,42,layer4.1.conv2,layer4.1.conv2,"(512, 512, 3, 3)",113.49900817871094,42,3,
resnet50_no_weights,CIFAR10,ptq,43,layer4.1.conv2,layer4.1.conv2,"(512, 512, 3, 3)",136.6459130859375,43,3,
resnet50_no_weights,CIFAR10,ptq,44,layer4.1.conv2,layer4.1.conv2,"(512, 512, 3, 3)",137.17890367053803,44,3,
resnet50_no_weights,CIFAR10,ptq,"42,43,44",layer4.1.conv2,layer4.1.conv2,"(512, 512, 3, 3)",129.10794164506217,aggregate,3,13.520359562842721
resnet50_no_weights,CIFAR10,ptq,42,layer4.1.conv3,layer4.1.conv3,"(2048, 512, 1, 1)",29.313697714554635,42,3,
resnet50_no_weights,CIFAR10,ptq,43,layer4.1.conv3,layer4.1.conv3,"(2048, 512, 1, 1)",29.783959419496597,43,3,
resnet50_no_weights,CIFAR10,ptq,44,layer4.1.conv3,layer4.1.conv3,"(2048, 512, 1, 1)",31.37464299409286,44,3,
resnet50_no_weights,CIFAR10,ptq,"42,43,44",layer4.1.conv3,layer4.1.conv3,"(2048, 512, 1, 1)",30.15743337604803,aggregate,3,1.0800397948591332
resnet50_no_weights,CIFAR10,ptq,42,layer4.2.conv1,layer4.2.conv1,"(512, 2048, 1, 1)",63.1462873840332,42,3,
resnet50_no_weights,CIFAR10,ptq,43,layer4.2.conv1,layer4.2.conv1,"(512, 2048, 1, 1)",61.385112276264266,43,3,
resnet50_no_weights,CIFAR10,ptq,44,layer4.2.conv1,layer4.2.conv1,"(512, 2048, 1, 1)",58.27456035036029,44,3,
resnet50_no_weights,CIFAR10,ptq,"42,43,44",layer4.2.conv1,layer4.2.conv1,"(512, 2048, 1, 1)",60.93532000355258,aggregate,3,2.466812901113139
resnet50_no_weights,CIFAR10,ptq,42,layer4.2.conv2,layer4.2.conv2,"(512, 512, 3, 3)",10.963277311886058,42,3,
resnet50_no_weights,CIFAR10,ptq,43,layer4.2.conv2,layer4.2.conv2,"(512, 512, 3, 3)",10.998841395744911,43,3,
resnet50_no_weights,CIFAR10,ptq,44,layer4.2.conv2,layer4.2.conv2,"(512, 512, 3, 3)",9.088709115982056,44,3,
resnet50_no_weights,CIFAR10,ptq,"42,43,44",layer4.2.conv2,layer4.2.conv2,"(512, 512, 3, 3)",10.350275941204341,aggregate,3,1.0926936175759692
resnet50_no_weights,CIFAR10,ptq,42,layer4.2.conv3,layer4.2.conv3,"(2048, 512, 1, 1)",7.408571329983798,42,3,
resnet50_no_weights,CIFAR10,ptq,43,layer4.2.conv3,layer4.2.conv3,"(2048, 512, 1, 1)",6.335958980378651,43,3,
resnet50_no_weights,CIFAR10,ptq,44,layer4.2.conv3,layer4.2.conv3,"(2048, 512, 1, 1)",6.712971597909927,44,3,
resnet50_no_weights,CIFAR10,ptq,"42,43,44",layer4.2.conv3,layer4.2.conv3,"(2048, 512, 1, 1)",6.819167302757458,aggregate,3,0.5441345963338634
resnet50_no_weights,CIFAR10,ptq,42,fc,fc,"(10, 2048)",7.1963001031142015,42,3,
resnet50_no_weights,CIFAR10,ptq,43,fc,fc,"(10, 2048)",6.873246990904516,43,3,
resnet50_no_weights,CIFAR10,ptq,44,fc,fc,"(10, 2048)",6.243368753167086,44,3,
resnet50_no_weights,CIFAR10,ptq,"42,43,44",fc,fc,"(10, 2048)",6.770971949061934,aggregate,3,0.4846283912091141
resnet50_no_weights,CIFAR10,fp32_fused,42,conv1,conv1,"(64, 3, 3, 3)",205.4343167473288,42,3,
resnet50_no_weights,CIFAR10,fp32_fused,43,conv1,conv1,"(64, 3, 3, 3)",162.45246702624905,43,3,
resnet50_no_weights,CIFAR10,fp32_fused,44,conv1,conv1,"(64, 3, 3, 3)",155.59128247774564,44,3,
resnet50_no_weights,CIFAR10,fp32_fused,"42,43,44",conv1,conv1,"(64, 3, 3, 3)",174.49268875044118,aggregate,3,27.01494439519525
resnet50_no_weights,CIFAR10,fp32_fused,42,layer1.0.conv1,layer1.0.conv1,"(64, 64, 1, 1)",1.3249832264014654,42,3,
resnet50_no_weights,CIFAR10,fp32_fused,43,layer1.0.conv1,layer1.0.conv1,"(64, 64, 1, 1)",1.1904303862860328,43,3,
resnet50_no_weights,CIFAR10,fp32_fused,44,layer1.0.conv1,layer1.0.conv1,"(64, 64, 1, 1)",1.3225935955842336,44,3,
resnet50_no_weights,CIFAR10,fp32_fused,"42,43,44",layer1.0.conv1,layer1.0.conv1,"(64, 64, 1, 1)",1.2793357360905773,aggregate,3,0.07700356161738219
resnet50_no_weights,CIFAR10,fp32_fused,42,layer1.0.conv2,layer1.0.conv2,"(64, 64, 3, 3)",3.7753435224294662,42,3,
resnet50_no_weights,CIFAR10,fp32_fused,43,layer1.0.conv2,layer1.0.conv2,"(64, 64, 3, 3)",3.7996642887592316,43,3,
resnet50_no_weights,CIFAR10,fp32_fused,44,layer1.0.conv2,layer1.0.conv2,"(64, 64, 3, 3)",3.996204157670339,44,3,
resnet50_no_weights,CIFAR10,fp32_fused,"42,43,44",layer1.0.conv2,layer1.0.conv2,"(64, 64, 3, 3)",3.8570706562863455,aggregate,3,0.1211052159250131
resnet50_no_weights,CIFAR10,fp32_fused,42,layer1.0.conv3,layer1.0.conv3,"(256, 64, 1, 1)",0.9498544782400131,42,3,
resnet50_no_weights,CIFAR10,fp32_fused,43,layer1.0.conv3,layer1.0.conv3,"(256, 64, 1, 1)",0.9165785091263907,43,3,
resnet50_no_weights,CIFAR10,fp32_fused,44,layer1.0.conv3,layer1.0.conv3,"(256, 64, 1, 1)",0.8528187094312726,44,3,
resnet50_no_weights,CIFAR10,fp32_fused,"42,43,44",layer1.0.conv3,layer1.0.conv3,"(256, 64, 1, 1)",0.9064172322658921,aggregate,3,0.04930946935075061
resnet50_no_weights,CIFAR10,fp32_fused,42,layer1.0.downsample.0,layer1.0.downsample.0,"(256, 64, 1, 1)",10.725207847356796,42,3,
resnet50_no_weights,CIFAR10,fp32_fused,43,layer1.0.downsample.0,layer1.0.downsample.0,"(256, 64, 1, 1)",8.720999843195864,43,3,
resnet50_no_weights,CIFAR10,fp32_fused,44,layer1.0.downsample.0,layer1.0.downsample.0,"(256, 64, 1, 1)",9.499165248870849,44,3,
resnet50_no_weights,CIFAR10,fp32_fused,"42,43,44",layer1.0.downsample.0,layer1.0.downsample.0,"(256, 64, 1, 1)",9.648457646474503,aggregate,3,1.0104101127623237
resnet50_no_weights,CIFAR10,fp32_fused,42,layer1.1.conv1,layer1.1.conv1,"(64, 256, 1, 1)",2.1692705507631653,42,3,
resnet50_no_weights,CIFAR10,fp32_fused,43,layer1.1.conv1,layer1.1.conv1,"(64, 256, 1, 1)",1.9170629091952975,43,3,
resnet50_no_weights,CIFAR10,fp32_fused,44,layer1.1.conv1,layer1.1.conv1,"(64, 256, 1, 1)",1.8224180401899877,44,3,
resnet50_no_weights,CIFAR10,fp32_fused,"42,43,44",layer1.1.conv1,layer1.1.conv1,"(64, 256, 1, 1)",1.9695838333828168,aggregate,3,0.17929166637315425
resnet50_no_weights,CIFAR10,fp32_fused,42,layer1.1.conv2,layer1.1.conv2,"(64, 64, 3, 3)",3.997911484010758,42,3,
resnet50_no_weights,CIFAR10,fp32_fused,43,layer1.1.conv2,layer1.1.conv2,"(64, 64, 3, 3)",3.201829397160074,43,3,
resnet50_no_weights,CIFAR10,fp32_fused,44,layer1.1.conv2,layer1.1.conv2,"(64, 64, 3, 3)",3.250506098781313,44,3,
resnet50_no_weights,CIFAR10,fp32_fused,"42,43,44",layer1.1.conv2,layer1.1.conv2,"(64, 64, 3, 3)",3.4834156599840482,aggregate,3,0.44623068028304924
resnet50_no_weights,CIFAR10,fp32_fused,42,layer1.1.conv3,layer1.1.conv3,"(256, 64, 1, 1)",1.2934418215471155,42,3,
resnet50_no_weights,CIFAR10,fp32_fused,43,layer1.1.conv3,layer1.1.conv3,"(256, 64, 1, 1)",1.1389114345823015,43,3,
resnet50_no_weights,CIFAR10,fp32_fused,44,layer1.1.conv3,layer1.1.conv3,"(256, 64, 1, 1)",1.1398289140234603,44,3,
resnet50_no_weights,CIFAR10,fp32_fused,"42,43,44",layer1.1.conv3,layer1.1.conv3,"(256, 64, 1, 1)",1.1907273900509592,aggregate,3,0.08895448988283387
resnet50_no_weights,CIFAR10,fp32_fused,42,layer1.2.conv1,layer1.2.conv1,"(64, 256, 1, 1)",4.23947504509327,42,3,
resnet50_no_weights,CIFAR10,fp32_fused,43,layer1.2.conv1,layer1.2.conv1,"(64, 256, 1, 1)",6.176023119098538,43,3,
resnet50_no_weights,CIFAR10,fp32_fused,44,layer1.2.conv1,layer1.2.conv1,"(64, 256, 1, 1)",5.306364711962249,44,3,
resnet50_no_weights,CIFAR10,fp32_fused,"42,43,44",layer1.2.conv1,layer1.2.conv1,"(64, 256, 1, 1)",5.240620958718019,aggregate,3,0.9699465405636316
resnet50_no_weights,CIFAR10,fp32_fused,42,layer1.2.conv2,layer1.2.conv2,"(64, 64, 3, 3)",4.7441006575311935,42,3,
resnet50_no_weights,CIFAR10,fp32_fused,43,layer1.2.conv2,layer1.2.conv2,"(64, 64, 3, 3)",5.71835276058742,43,3,
resnet50_no_weights,CIFAR10,fp32_fused,44,layer1.2.conv2,layer1.2.conv2,"(64, 64, 3, 3)",4.559461157662528,44,3,
resnet50_no_weights,CIFAR10,fp32_fused,"42,43,44",layer1.2.conv2,layer1.2.conv2,"(64, 64, 3, 3)",5.007304858593714,aggregate,3,0.6226674677748759
resnet50_no_weights,CIFAR10,fp32_fused,42,layer1.2.conv3,layer1.2.conv3,"(256, 64, 1, 1)",1.8947449392742581,42,3,
resnet50_no_weights,CIFAR10,fp32_fused,43,layer1.2.conv3,layer1.2.conv3,"(256, 64, 1, 1)",1.8410091063038247,43,3,
resnet50_no_weights,CIFAR10,fp32_fused,44,layer1.2.conv3,layer1.2.conv3,"(256, 64, 1, 1)",2.318519115447998,44,3,
resnet50_no_weights,CIFAR10,fp32_fused,"42,43,44",layer1.2.conv3,layer1.2.conv3,"(256, 64, 1, 1)",2.0180910536753602,aggregate,3,0.26156194325934434
resnet50_no_weights,CIFAR10,fp32_fused,42,layer2.0.conv1,layer2.0.conv1,"(128, 256, 1, 1)",14.960069179534912,42,3,
resnet50_no_weights,CIFAR10,fp32_fused,43,layer2.0.conv1,layer2.0.conv1,"(128, 256, 1, 1)",11.969239324331284,43,3,
resnet50_no_weights,CIFAR10,fp32_fused,44,layer2.0.conv1,layer2.0.conv1,"(128, 256, 1, 1)",9.60705150090731,44,3,
resnet50_no_weights,CIFAR10,fp32_fused,"42,43,44",layer2.0.conv1,layer2.0.conv1,"(128, 256, 1, 1)",12.178786668257835,aggregate,3,2.6826539348068943
resnet50_no_weights,CIFAR10,fp32_fused,42,layer2.0.conv2,layer2.0.conv2,"(128, 128, 3, 3)",48.56229575475057,42,3,
resnet50_no_weights,CIFAR10,fp32_fused,43,layer2.0.conv2,layer2.0.conv2,"(128, 128, 3, 3)",40.39465859731038,43,3,
resnet50_no_weights,CIFAR10,fp32_fused,44,layer2.0.conv2,layer2.0.conv2,"(128, 128, 3, 3)",53.66594104413633,44,3,
resnet50_no_weights,CIFAR10,fp32_fused,"42,43,44",layer2.0.conv2,layer2.0.conv2,"(128, 128, 3, 3)",47.540965132065764,aggregate,3,6.694331305401828
resnet50_no_weights,CIFAR10,fp32_fused,42,layer2.0.conv3,layer2.0.conv3,"(512, 128, 1, 1)",27.56750825300055,42,3,
resnet50_no_weights,CIFAR10,fp32_fused,43,layer2.0.conv3,layer2.0.conv3,"(512, 128, 1, 1)",28.855153002057758,43,3,
resnet50_no_weights,CIFAR10,fp32_fused,44,layer2.0.conv3,layer2.0.conv3,"(512, 128, 1, 1)",28.235339871768293,44,3,
resnet50_no_weights,CIFAR10,fp32_fused,"42,43,44",layer2.0.conv3,layer2.0.conv3,"(512, 128, 1, 1)",28.2193337089422,aggregate,3,0.6439715815779151
resnet50_no_weights,CIFAR10,fp32_fused,42,layer2.0.downsample.0,layer2.0.downsample.0,"(512, 256, 1, 1)",41.89090968151482,42,3,
resnet50_no_weights,CIFAR10,fp32_fused,43,layer2.0.downsample.0,layer2.0.downsample.0,"(512, 256, 1, 1)",43.4897045135498,43,3,
resnet50_no_weights,CIFAR10,fp32_fused,44,layer2.0.downsample.0,layer2.0.downsample.0,"(512, 256, 1, 1)",43.281538327534996,44,3,
resnet50_no_weights,CIFAR10,fp32_fused,"42,43,44",layer2.0.downsample.0,layer2.0.downsample.0,"(512, 256, 1, 1)",42.88738417419987,aggregate,3,0.8692262945740528
resnet50_no_weights,CIFAR10,fp32_fused,42,layer2.1.conv1,layer2.1.conv1,"(128, 512, 1, 1)",8.776319901148478,42,3,
resnet50_no_weights,CIFAR10,fp32_fused,43,layer2.1.conv1,layer2.1.conv1,"(128, 512, 1, 1)",9.323852666994421,43,3,
resnet50_no_weights,CIFAR10,fp32_fused,44,layer2.1.conv1,layer2.1.conv1,"(128, 512, 1, 1)",9.836372992571663,44,3,
resnet50_no_weights,CIFAR10,fp32_fused,"42,43,44",layer2.1.conv1,layer2.1.conv1,"(128, 512, 1, 1)",9.31218185357152,aggregate,3,0.5301229056298428
resnet50_no_weights,CIFAR10,fp32_fused,42,layer2.1.conv2,layer2.1.conv2,"(128, 128, 3, 3)",9.078627616167068,42,3,
resnet50_no_weights,CIFAR10,fp32_fused,43,layer2.1.conv2,layer2.1.conv2,"(128, 128, 3, 3)",6.758264094591141,43,3,
resnet50_no_weights,CIFAR10,fp32_fused,44,layer2.1.conv2,layer2.1.conv2,"(128, 128, 3, 3)",8.434951025864173,44,3,
resnet50_no_weights,CIFAR10,fp32_fused,"42,43,44",layer2.1.conv2,layer2.1.conv2,"(128, 128, 3, 3)",8.090614245540793,aggregate,3,1.1978929759280097
resnet50_no_weights,CIFAR10,fp32_fused,42,layer2.1.conv3,layer2.1.conv3,"(512, 128, 1, 1)",6.439083576202393,42,3,
resnet50_no_weights,CIFAR10,fp32_fused,43,layer2.1.conv3,layer2.1.conv3,"(512, 128, 1, 1)",6.963302925780967,43,3,
resnet50_no_weights,CIFAR10,fp32_fused,44,layer2.1.conv3,layer2.1.conv3,"(512, 128, 1, 1)",6.57157102227211,44,3,
resnet50_no_weights,CIFAR10,fp32_fused,"42,43,44",layer2.1.conv3,layer2.1.conv3,"(512, 128, 1, 1)",6.65798584141849,aggregate,3,0.2725841564438808
resnet50_no_weights,CIFAR10,fp32_fused,42,layer2.2.conv1,layer2.2.conv1,"(128, 512, 1, 1)",15.20021367924554,42,3,
resnet50_no_weights,CIFAR10,fp32_fused,43,layer2.2.conv1,layer2.2.conv1,"(128, 512, 1, 1)",14.83826631884421,43,3,
resnet50_no_weights,CIFAR10,fp32_fused,44,layer2.2.conv1,layer2.2.conv1,"(128, 512, 1, 1)",12.836876773834229,44,3,
resnet50_no_weights,CIFAR10,fp32_fused,"42,43,44",layer2.2.conv1,layer2.2.conv1,"(128, 512, 1, 1)",14.291785590641327,aggregate,3,1.2729183877384456
resnet50_no_weights,CIFAR10,fp32_fused,42,layer2.2.conv2,layer2.2.conv2,"(128, 128, 3, 3)",7.419705327351888,42,3,
resnet50_no_weights,CIFAR10,fp32_fused,43,layer2.2.conv2,layer2.2.conv2,"(128, 128, 3, 3)",7.16931857003106,43,3,
resnet50_no_weights,CIFAR10,fp32_fused,44,layer2.2.conv2,layer2.2.conv2,"(128, 128, 3, 3)",8.129569195318913,44,3,
resnet50_no_weights,CIFAR10,fp32_fused,"42,43,44",layer2.2.conv2,layer2.2.conv2,"(128, 128, 3, 3)",7.572864364233954,aggregate,3,0.4981100117197099
resnet50_no_weights,CIFAR10,fp32_fused,42,layer2.2.conv3,layer2.2.conv3,"(512, 128, 1, 1)",5.029452331364155,42,3,
resnet50_no_weights,CIFAR10,fp32_fused,43,layer2.2.conv3,layer2.2.conv3,"(512, 128, 1, 1)",5.033870094700863,43,3,
resnet50_no_weights,CIFAR10,fp32_fused,44,layer2.2.conv3,layer2.2.conv3,"(512, 128, 1, 1)",4.507918834686279,44,3,
resnet50_no_weights,CIFAR10,fp32_fused,"42,43,44",layer2.2.conv3,layer2.2.conv3,"(512, 128, 1, 1)",4.8570804202504325,aggregate,3,0.3023908708666317
resnet50_no_weights,CIFAR10,fp32_fused,42,layer2.3.conv1,layer2.3.conv1,"(128, 512, 1, 1)",4.720875798044978,42,3,
resnet50_no_weights,CIFAR10,fp32_fused,43,layer2.3.conv1,layer2.3.conv1,"(128, 512, 1, 1)",5.95090376629549,43,3,
resnet50_no_weights,CIFAR10,fp32_fused,44,layer2.3.conv1,layer2.3.conv1,"(128, 512, 1, 1)",5.6884287893772125,44,3,
resnet50_no_weights,CIFAR10,fp32_fused,"42,43,44",layer2.3.conv1,layer2.3.conv1,"(128, 512, 1, 1)",5.45340278457256,aggregate,3,0.6478195102576394
resnet50_no_weights,CIFAR10,fp32_fused,42,layer2.3.conv2,layer2.3.conv2,"(128, 128, 3, 3)",1.356552797119792,42,3,
resnet50_no_weights,CIFAR10,fp32_fused,43,layer2.3.conv2,layer2.3.conv2,"(128, 128, 3, 3)",1.225044631295734,43,3,
resnet50_no_weights,CIFAR10,fp32_fused,44,layer2.3.conv2,layer2.3.conv2,"(128, 128, 3, 3)",1.301132280092973,44,3,
resnet50_no_weights,CIFAR10,fp32_fused,"42,43,44",layer2.3.conv2,layer2.3.conv2,"(128, 128, 3, 3)",1.2942432361694995,aggregate,3,0.06602418961438787
resnet50_no_weights,CIFAR10,fp32_fused,42,layer2.3.conv3,layer2.3.conv3,"(512, 128, 1, 1)",2.0299537365253153,42,3,
resnet50_no_weights,CIFAR10,fp32_fused,43,layer2.3.conv3,layer2.3.conv3,"(512, 128, 1, 1)",1.9077088307766688,43,3,
resnet50_no_weights,CIFAR10,fp32_fused,44,layer2.3.conv3,layer2.3.conv3,"(512, 128, 1, 1)",1.766672796673245,44,3,
resnet50_no_weights,CIFAR10,fp32_fused,"42,43,44",layer2.3.conv3,layer2.3.conv3,"(512, 128, 1, 1)",1.9014451213250763,aggregate,3,0.13175218732308716
resnet50_no_weights,CIFAR10,fp32_fused,42,layer3.0.conv1,layer3.0.conv1,"(256, 512, 1, 1)",32.09386780682732,42,3,
resnet50_no_weights,CIFAR10,fp32_fused,43,layer3.0.conv1,layer3.0.conv1,"(256, 512, 1, 1)",37.15083038806915,43,3,
resnet50_no_weights,CIFAR10,fp32_fused,44,layer3.0.conv1,layer3.0.conv1,"(256, 512, 1, 1)",30.097187550862632,44,3,
resnet50_no_weights,CIFAR10,fp32_fused,"42,43,44",layer3.0.conv1,layer3.0.conv1,"(256, 512, 1, 1)",33.113961915253036,aggregate,3,3.6357823520189374
resnet50_no_weights,CIFAR10,fp32_fused,42,layer3.0.conv2,layer3.0.conv2,"(256, 256, 3, 3)",34.13522712044094,42,3,
resnet50_no_weights,CIFAR10,fp32_fused,43,layer3.0.conv2,layer3.0.conv2,"(256, 256, 3, 3)",29.565745129304773,43,3,
resnet50_no_weights,CIFAR10,fp32_fused,44,layer3.0.conv2,layer3.0.conv2,"(256, 256, 3, 3)",33.370933787027994,44,3,
resnet50_no_weights,CIFAR10,fp32_fused,"42,43,44",layer3.0.conv2,layer3.0.conv2,"(256, 256, 3, 3)",32.357302012257904,aggregate,3,2.447576035171759
resnet50_no_weights,CIFAR10,fp32_fused,42,layer3.0.conv3,layer3.0.conv3,"(1024, 256, 1, 1)",15.105587323506674,42,3,
resnet50_no_weights,CIFAR10,fp32_fused,43,layer3.0.conv3,layer3.0.conv3,"(1024, 256, 1, 1)",14.771733732784496,43,3,
resnet50_no_weights,CIFAR10,fp32_fused,44,layer3.0.conv3,layer3.0.conv3,"(1024, 256, 1, 1)",14.224672858779495,44,3,
resnet50_no_weights,CIFAR10,fp32_fused,"42,43,44",layer3.0.conv3,layer3.0.conv3,"(1024, 256, 1, 1)",14.700664638356889,aggregate,3,0.4447366475550029
resnet50_no_weights,CIFAR10,fp32_fused,42,layer3.0.downsample.0,layer3.0.downsample.0,"(1024, 512, 1, 1)",49.250606179237366,42,3,
resnet50_no_weights,CIFAR10,fp32_fused,43,layer3.0.downsample.0,layer3.0.downsample.0,"(1024, 512, 1, 1)",50.90278785173283,43,3,
resnet50_no_weights,CIFAR10,fp32_fused,44,layer3.0.downsample.0,layer3.0.downsample.0,"(1024, 512, 1, 1)",51.31082028609056,44,3,
resnet50_no_weights,CIFAR10,fp32_fused,"42,43,44",layer3.0.downsample.0,layer3.0.downsample.0,"(1024, 512, 1, 1)",50.48807143902025,aggregate,3,1.0909229206268973
resnet50_no_weights,CIFAR10,fp32_fused,42,layer3.1.conv1,layer3.1.conv1,"(256, 1024, 1, 1)",12.553193051764305,42,3,
resnet50_no_weights,CIFAR10,fp32_fused,43,layer3.1.conv1,layer3.1.conv1,"(256, 1024, 1, 1)",11.421176274617514,43,3,
resnet50_no_weights,CIFAR10,fp32_fused,44,layer3.1.conv1,layer3.1.conv1,"(256, 1024, 1, 1)",13.925171266902577,44,3,
resnet50_no_weights,CIFAR10,fp32_fused,"42,43,44",layer3.1.conv1,layer3.1.conv1,"(256, 1024, 1, 1)",12.633180197761465,aggregate,3,1.2539123525951672
resnet50_no_weights,CIFAR10,fp32_fused,42,layer3.1.conv2,layer3.1.conv2,"(256, 256, 3, 3)",19.13669246037801,42,3,
resnet50_no_weights,CIFAR10,fp32_fused,43,layer3.1.conv2,layer3.1.conv2,"(256, 256, 3, 3)",16.96176270877614,43,3,
resnet50_no_weights,CIFAR10,fp32_fused,44,layer3.1.conv2,layer3.1.conv2,"(256, 256, 3, 3)",18.688105872183137,44,3,
resnet50_no_weights,CIFAR10,fp32_fused,"42,43,44",layer3.1.conv2,layer3.1.conv2,"(256, 256, 3, 3)",18.262187013779094,aggregate,3,1.1483183406873276
resnet50_no_weights,CIFAR10,fp32_fused,42,layer3.1.conv3,layer3.1.conv3,"(1024, 256, 1, 1)",15.786375766847192,42,3,
resnet50_no_weights,CIFAR10,fp32_fused,43,layer3.1.conv3,layer3.1.conv3,"(1024, 256, 1, 1)",15.57667943203088,43,3,
resnet50_no_weights,CIFAR10,fp32_fused,44,layer3.1.conv3,layer3.1.conv3,"(1024, 256, 1, 1)",13.823002988641912,44,3,
resnet50_no_weights,CIFAR10,fp32_fused,"42,43,44",layer3.1.conv3,layer3.1.conv3,"(1024, 256, 1, 1)",15.062019395839995,aggregate,3,1.0781300390900823
resnet50_no_weights,CIFAR10,fp32_fused,42,layer3.2.conv1,layer3.2.conv1,"(256, 1024, 1, 1)",23.276924080318874,42,3,
resnet50_no_weights,CIFAR10,fp32_fused,43,layer3.2.conv1,layer3.2.conv1,"(256, 1024, 1, 1)",26.150926272074383,43,3,
resnet50_no_weights,CIFAR10,fp32_fused,44,layer3.2.conv1,layer3.2.conv1,"(256, 1024, 1, 1)",24.50344072977702,44,3,
resnet50_no_weights,CIFAR10,fp32_fused,"42,43,44",layer3.2.conv1,layer3.2.conv1,"(256, 1024, 1, 1)",24.64376369405676,aggregate,3,1.4421303860199521
resnet50_no_weights,CIFAR10,fp32_fused,42,layer3.2.conv2,layer3.2.conv2,"(256, 256, 3, 3)",39.10941287449428,42,3,
resnet50_no_weights,CIFAR10,fp32_fused,43,layer3.2.conv2,layer3.2.conv2,"(256, 256, 3, 3)",40.155834491436295,43,3,
resnet50_no_weights,CIFAR10,fp32_fused,44,layer3.2.conv2,layer3.2.conv2,"(256, 256, 3, 3)",37.78581824669471,44,3,
resnet50_no_weights,CIFAR10,fp32_fused,"42,43,44",layer3.2.conv2,layer3.2.conv2,"(256, 256, 3, 3)",39.0170218708751,aggregate,3,1.1877063287054892
resnet50_no_weights,CIFAR10,fp32_fused,42,layer3.2.conv3,layer3.2.conv3,"(1024, 256, 1, 1)",25.259938888549804,42,3,
resnet50_no_weights,CIFAR10,fp32_fused,43,layer3.2.conv3,layer3.2.conv3,"(1024, 256, 1, 1)",21.78002675374349,43,3,
resnet50_no_weights,CIFAR10,fp32_fused,44,layer3.2.conv3,layer3.2.conv3,"(1024, 256, 1, 1)",24.636794016911434,44,3,
resnet50_no_weights,CIFAR10,fp32_fused,"42,43,44",layer3.2.conv3,layer3.2.conv3,"(1024, 256, 1, 1)",23.892253219734908,aggregate,3,1.85558693288357
resnet50_no_weights,CIFAR10,fp32_fused,42,layer3.3.conv1,layer3.3.conv1,"(256, 1024, 1, 1)",45.00734210014343,42,3,
resnet50_no_weights,CIFAR10,fp32_fused,43,layer3.3.conv1,layer3.3.conv1,"(256, 1024, 1, 1)",49.319275326199005,43,3,
resnet50_no_weights,CIFAR10,fp32_fused,44,layer3.3.conv1,layer3.3.conv1,"(256, 1024, 1, 1)",41.078666406519275,44,3,
resnet50_no_weights,CIFAR10,fp32_fused,"42,43,44",layer3.3.conv1,layer3.3.conv1,"(256, 1024, 1, 1)",45.13509461095391,aggregate,3,4.121789583395793
resnet50_no_weights,CIFAR10,fp32_fused,42,layer3.3.conv2,layer3.3.conv2,"(256, 256, 3, 3)",49.69470090451448,42,3,
resnet50_no_weights,CIFAR10,fp32_fused,43,layer3.3.conv2,layer3.3.conv2,"(256, 256, 3, 3)",56.099274375221945,43,3,
resnet50_no_weights,CIFAR10,fp32_fused,44,layer3.3.conv2,layer3.3.conv2,"(256, 256, 3, 3)",53.249073615440956,44,3,
resnet50_no_weights,CIFAR10,fp32_fused,"42,43,44",layer3.3.conv2,layer3.3.conv2,"(256, 256, 3, 3)",53.01434963172579,aggregate,3,3.208732124503511
resnet50_no_weights,CIFAR10,fp32_fused,42,layer3.3.conv3,layer3.3.conv3,"(1024, 256, 1, 1)",29.429040831488532,42,3,
resnet50_no_weights,CIFAR10,fp32_fused,43,layer3.3.conv3,layer3.3.conv3,"(1024, 256, 1, 1)",30.340183171358976,43,3,
resnet50_no_weights,CIFAR10,fp32_fused,44,layer3.3.conv3,layer3.3.conv3,"(1024, 256, 1, 1)",28.528337182669805,44,3,
resnet50_no_weights,CIFAR10,fp32_fused,"42,43,44",layer3.3.conv3,layer3.3.conv3,"(1024, 256, 1, 1)",29.43252039517244,aggregate,3,0.9059280060826208
resnet50_no_weights,CIFAR10,fp32_fused,42,layer3.4.conv1,layer3.4.conv1,"(256, 1024, 1, 1)",48.080324255901836,42,3,
resnet50_no_weights,CIFAR10,fp32_fused,43,layer3.4.conv1,layer3.4.conv1,"(256, 1024, 1, 1)",44.12810663743453,43,3,
resnet50_no_weights,CIFAR10,fp32_fused,44,layer3.4.conv1,layer3.4.conv1,"(256, 1024, 1, 1)",46.106040477752686,44,3,
resnet50_no_weights,CIFAR10,fp32_fused,"42,43,44",layer3.4.conv1,layer3.4.conv1,"(256, 1024, 1, 1)",46.104823790363014,aggregate,3,1.9761090901508966
resnet50_no_weights,CIFAR10,fp32_fused,42,layer3.4.conv2,layer3.4.conv2,"(256, 256, 3, 3)",23.015538417931758,42,3,
resnet50_no_weights,CIFAR10,fp32_fused,43,layer3.4.conv2,layer3.4.conv2,"(256, 256, 3, 3)",23.600495052337646,43,3,
resnet50_no_weights,CIFAR10,fp32_fused,44,layer3.4.conv2,layer3.4.conv2,"(256, 256, 3, 3)",21.511348485946655,44,3,
resnet50_no_weights,CIFAR10,fp32_fused,"42,43,44",layer3.4.conv2,layer3.4.conv2,"(256, 256, 3, 3)",22.709127318738688,aggregate,3,1.0777519033837732
resnet50_no_weights,CIFAR10,fp32_fused,42,layer3.4.conv3,layer3.4.conv3,"(1024, 256, 1, 1)",19.972622299194335,42,3,
resnet50_no_weights,CIFAR10,fp32_fused,43,layer3.4.conv3,layer3.4.conv3,"(1024, 256, 1, 1)",17.498488296161998,43,3,
resnet50_no_weights,CIFAR10,fp32_fused,44,layer3.4.conv3,layer3.4.conv3,"(1024, 256, 1, 1)",17.295784321698275,44,3,
resnet50_no_weights,CIFAR10,fp32_fused,"42,43,44",layer3.4.conv3,layer3.4.conv3,"(1024, 256, 1, 1)",18.2556316390182,aggregate,3,1.4904076357375857
resnet50_no_weights,CIFAR10,fp32_fused,42,layer3.5.conv1,layer3.5.conv1,"(256, 1024, 1, 1)",31.65891150210766,42,3,
resnet50_no_weights,CIFAR10,fp32_fused,43,layer3.5.conv1,layer3.5.conv1,"(256, 1024, 1, 1)",25.85421657562256,43,3,
resnet50_no_weights,CIFAR10,fp32_fused,44,layer3.5.conv1,layer3.5.conv1,"(256, 1024, 1, 1)",30.652868119497146,44,3,
resnet50_no_weights,CIFAR10,fp32_fused,"42,43,44",layer3.5.conv1,layer3.5.conv1,"(256, 1024, 1, 1)",29.388665399075787,aggregate,3,3.1019795592703447
resnet50_no_weights,CIFAR10,fp32_fused,42,layer3.5.conv2,layer3.5.conv2,"(256, 256, 3, 3)",7.334322738647461,42,3,
resnet50_no_weights,CIFAR10,fp32_fused,43,layer3.5.conv2,layer3.5.conv2,"(256, 256, 3, 3)",7.254879898495144,43,3,
resnet50_no_weights,CIFAR10,fp32_fused,44,layer3.5.conv2,layer3.5.conv2,"(256, 256, 3, 3)",6.508312066396077,44,3,
resnet50_no_weights,CIFAR10,fp32_fused,"42,43,44",layer3.5.conv2,layer3.5.conv2,"(256, 256, 3, 3)",7.032504901179561,aggregate,3,0.4556987900374818
resnet50_no_weights,CIFAR10,fp32_fused,42,layer3.5.conv3,layer3.5.conv3,"(1024, 256, 1, 1)",10.499376241977398,42,3,
resnet50_no_weights,CIFAR10,fp32_fused,43,layer3.5.conv3,layer3.5.conv3,"(1024, 256, 1, 1)",8.908462606157576,43,3,
resnet50_no_weights,CIFAR10,fp32_fused,44,layer3.5.conv3,layer3.5.conv3,"(1024, 256, 1, 1)",10.406289471520317,44,3,
resnet50_no_weights,CIFAR10,fp32_fused,"42,43,44",layer3.5.conv3,layer3.5.conv3,"(1024, 256, 1, 1)",9.93804277321843,aggregate,3,0.8928565265552608
resnet50_no_weights,CIFAR10,fp32_fused,42,layer4.0.conv1,layer4.0.conv1,"(512, 1024, 1, 1)",67.7883017279885,42,3,
resnet50_no_weights,CIFAR10,fp32_fused,43,layer4.0.conv1,layer4.0.conv1,"(512, 1024, 1, 1)",56.01608231488396,43,3,
resnet50_no_weights,CIFAR10,fp32_fused,44,layer4.0.conv1,layer4.0.conv1,"(512, 1024, 1, 1)",57.849395751953125,44,3,
resnet50_no_weights,CIFAR10,fp32_fused,"42,43,44",layer4.0.conv1,layer4.0.conv1,"(512, 1024, 1, 1)",60.55125993160853,aggregate,3,6.334140826627361
resnet50_no_weights,CIFAR10,fp32_fused,42,layer4.0.conv2,layer4.0.conv2,"(512, 512, 3, 3)",18.259546120961506,42,3,
resnet50_no_weights,CIFAR10,fp32_fused,43,layer4.0.conv2,layer4.0.conv2,"(512, 512, 3, 3)",20.189736983355353,43,3,
resnet50_no_weights,CIFAR10,fp32_fused,44,layer4.0.conv2,layer4.0.conv2,"(512, 512, 3, 3)",18.148615750399504,44,3,
resnet50_no_weights,CIFAR10,fp32_fused,"42,43,44",layer4.0.conv2,layer4.0.conv2,"(512, 512, 3, 3)",18.865966284905454,aggregate,3,1.147760006854288
resnet50_no_weights,CIFAR10,fp32_fused,42,layer4.0.conv3,layer4.0.conv3,"(2048, 512, 1, 1)",18.884528160095215,42,3,
resnet50_no_weights,CIFAR10,fp32_fused,43,layer4.0.conv3,layer4.0.conv3,"(2048, 512, 1, 1)",18.425589196822223,43,3,
resnet50_no_weights,CIFAR10,fp32_fused,44,layer4.0.conv3,layer4.0.conv3,"(2048, 512, 1, 1)",17.52565791390159,44,3,
resnet50_no_weights,CIFAR10,fp32_fused,"42,43,44",layer4.0.conv3,layer4.0.conv3,"(2048, 512, 1, 1)",18.278591756939676,aggregate,3,0.6912584697467352
resnet50_no_weights,CIFAR10,fp32_fused,42,layer4.0.downsample.0,layer4.0.downsample.0,"(2048, 1024, 1, 1)",39.691794607374405,42,3,
resnet50_no_weights,CIFAR10,fp32_fused,43,layer4.0.downsample.0,layer4.0.downsample.0,"(2048, 1024, 1, 1)",42.70929505274846,43,3,
resnet50_no_weights,CIFAR10,fp32_fused,44,layer4.0.downsample.0,layer4.0.downsample.0,"(2048, 1024, 1, 1)",40.86141633987427,44,3,
resnet50_no_weights,CIFAR10,fp32_fused,"42,43,44",layer4.0.downsample.0,layer4.0.downsample.0,"(2048, 1024, 1, 1)",41.08750199999904,aggregate,3,1.5214017479757593
resnet50_no_weights,CIFAR10,fp32_fused,42,layer4.1.conv1,layer4.1.conv1,"(512, 2048, 1, 1)",54.24797439575195,42,3,
resnet50_no_weights,CIFAR10,fp32_fused,43,layer4.1.conv1,layer4.1.conv1,"(512, 2048, 1, 1)",57.65359158785838,43,3,
resnet50_no_weights,CIFAR10,fp32_fused,44,layer4.1.conv1,layer4.1.conv1,"(512, 2048, 1, 1)",62.51099171357996,44,3,
resnet50_no_weights,CIFAR10,fp32_fused,"42,43,44",layer4.1.conv1,layer4.1.conv1,"(512, 2048, 1, 1)",58.13751923239676,aggregate,3,4.152710352594164
resnet50_no_weights,CIFAR10,fp32_fused,42,layer4.1.conv2,layer4.1.conv2,"(512, 512, 3, 3)",131.3408658427577,42,3,
resnet50_no_weights,CIFAR10,fp32_fused,43,layer4.1.conv2,layer4.1.conv2,"(512, 512, 3, 3)",132.55869674682617,43,3,
resnet50_no_weights,CIFAR10,fp32_fused,44,layer4.1.conv2,layer4.1.conv2,"(512, 512, 3, 3)",138.4150231402853,44,3,
resnet50_no_weights,CIFAR10,fp32_fused,"42,43,44",layer4.1.conv2,layer4.1.conv2,"(512, 512, 3, 3)",134.10486190995638,aggregate,3,3.7820491008577544
resnet50_no_weights,CIFAR10,fp32_fused,42,layer4.1.conv3,layer4.1.conv3,"(2048, 512, 1, 1)",24.314034420510996,42,3,
resnet50_no_weights,CIFAR10,fp32_fused,43,layer4.1.conv3,layer4.1.conv3,"(2048, 512, 1, 1)",29.740054766337078,43,3,
resnet50_no_weights,CIFAR10,fp32_fused,44,layer4.1.conv3,layer4.1.conv3,"(2048, 512, 1, 1)",30.939938394646894,44,3,
resnet50_no_weights,CIFAR10,fp32_fused,"42,43,44",layer4.1.conv3,layer4.1.conv3,"(2048, 512, 1, 1)",28.33134252716499,aggregate,3,3.530439561614446
resnet50_no_weights,CIFAR10,fp32_fused,42,layer4.2.conv1,layer4.2.conv1,"(512, 2048, 1, 1)",56.276567118508474,42,3,
resnet50_no_weights,CIFAR10,fp32_fused,43,layer4.2.conv1,layer4.2.conv1,"(512, 2048, 1, 1)",62.704104818948885,43,3,
resnet50_no_weights,CIFAR10,fp32_fused,44,layer4.2.conv1,layer4.2.conv1,"(512, 2048, 1, 1)",59.98341452769744,44,3,
resnet50_no_weights,CIFAR10,fp32_fused,"42,43,44",layer4.2.conv1,layer4.2.conv1,"(512, 2048, 1, 1)",59.65469548838493,aggregate,3,3.2263527980911517
resnet50_no_weights,CIFAR10,fp32_fused,42,layer4.2.conv2,layer4.2.conv2,"(512, 512, 3, 3)",9.046101613478227,42,3,
resnet50_no_weights,CIFAR10,fp32_fused,43,layer4.2.conv2,layer4.2.conv2,"(512, 512, 3, 3)",9.730092898659084,43,3,
resnet50_no_weights,CIFAR10,fp32_fused,44,layer4.2.conv2,layer4.2.conv2,"(512, 512, 3, 3)",8.534520012991768,44,3,
resnet50_no_weights,CIFAR10,fp32_fused,"42,43,44",layer4.2.conv2,layer4.2.conv2,"(512, 512, 3, 3)",9.10357150837636,aggregate,3,0.5998547514610683
resnet50_no_weights,CIFAR10,fp32_fused,42,layer4.2.conv3,layer4.2.conv3,"(2048, 512, 1, 1)",7.481791420416399,42,3,
resnet50_no_weights,CIFAR10,fp32_fused,43,layer4.2.conv3,layer4.2.conv3,"(2048, 512, 1, 1)",4.881573915481567,43,3,
resnet50_no_weights,CIFAR10,fp32_fused,44,layer4.2.conv3,layer4.2.conv3,"(2048, 512, 1, 1)",5.409667953368156,44,3,
resnet50_no_weights,CIFAR10,fp32_fused,"42,43,44",layer4.2.conv3,layer4.2.conv3,"(2048, 512, 1, 1)",5.924344429755374,aggregate,3,1.3743913833956296
resnet50_no_weights,CIFAR10,fp32_fused,42,fc,fc,"(10, 2048)",6.670220701318038,42,3,
resnet50_no_weights,CIFAR10,fp32_fused,43,fc,fc,"(10, 2048)",6.100992309286239,43,3,
resnet50_no_weights,CIFAR10,fp32_fused,44,fc,fc,"(10, 2048)",6.320389926433563,44,3,
resnet50_no_weights,CIFAR10,fp32_fused,"42,43,44",fc,fc,"(10, 2048)",6.36386764567928,aggregate,3,0.28709401705170357
resnet50_no_weights,CIFAR10,qat,42,conv1,conv1,"(64, 3, 3, 3)",100.49900557778098,42,3,
resnet50_no_weights,CIFAR10,qat,43,conv1,conv1,"(64, 3, 3, 3)",97.46292304992676,43,3,
resnet50_no_weights,CIFAR10,qat,44,conv1,conv1,"(64, 3, 3, 3)",103.52646357218424,44,3,
resnet50_no_weights,CIFAR10,qat,"42,43,44",conv1,conv1,"(64, 3, 3, 3)",100.49613073329732,aggregate,3,3.03177128339404
resnet50_no_weights,CIFAR10,qat,42,layer1.0.conv1,layer1.0.conv1,"(64, 64, 1, 1)",0.7147825995558187,42,3,
resnet50_no_weights,CIFAR10,qat,43,layer1.0.conv1,layer1.0.conv1,"(64, 64, 1, 1)",0.7609327110377225,43,3,
resnet50_no_weights,CIFAR10,qat,44,layer1.0.conv1,layer1.0.conv1,"(64, 64, 1, 1)",0.7842012126194803,44,3,
resnet50_no_weights,CIFAR10,qat,"42,43,44",layer1.0.conv1,layer1.0.conv1,"(64, 64, 1, 1)",0.7533055077376738,aggregate,3,0.035332232204543734
resnet50_no_weights,CIFAR10,qat,42,layer1.0.conv2,layer1.0.conv2,"(64, 64, 3, 3)",1.9457587553188205,42,3,
resnet50_no_weights,CIFAR10,qat,43,layer1.0.conv2,layer1.0.conv2,"(64, 64, 3, 3)",2.281318267186483,43,3,
resnet50_no_weights,CIFAR10,qat,44,layer1.0.conv2,layer1.0.conv2,"(64, 64, 3, 3)",2.040406090562994,44,3,
resnet50_no_weights,CIFAR10,qat,"42,43,44",layer1.0.conv2,layer1.0.conv2,"(64, 64, 3, 3)",2.0891610376894323,aggregate,3,0.17301106945277325
resnet50_no_weights,CIFAR10,qat,42,layer1.0.conv3,layer1.0.conv3,"(256, 64, 1, 1)",0.5732398003339767,42,3,
resnet50_no_weights,CIFAR10,qat,43,layer1.0.conv3,layer1.0.conv3,"(256, 64, 1, 1)",0.6064491719007492,43,3,
resnet50_no_weights,CIFAR10,qat,44,layer1.0.conv3,layer1.0.conv3,"(256, 64, 1, 1)",0.5248379598964344,44,3,
resnet50_no_weights,CIFAR10,qat,"42,43,44",layer1.0.conv3,layer1.0.conv3,"(256, 64, 1, 1)",0.5681756440437201,aggregate,3,0.04104061086780278
resnet50_no_weights,CIFAR10,qat,42,layer1.0.downsample.0,layer1.0.downsample.0,"(256, 64, 1, 1)",4.963437795639038,42,3,
resnet50_no_weights,CIFAR10,qat,43,layer1.0.downsample.0,layer1.0.downsample.0,"(256, 64, 1, 1)",4.566192609923227,43,3,
resnet50_no_weights,CIFAR10,qat,44,layer1.0.downsample.0,layer1.0.downsample.0,"(256, 64, 1, 1)",4.987278699874878,44,3,
resnet50_no_weights,CIFAR10,qat,"42,43,44",layer1.0.downsample.0,layer1.0.downsample.0,"(256, 64, 1, 1)",4.838969701812381,aggregate,3,0.2365324577585996
resnet50_no_weights,CIFAR10,qat,42,layer1.1.conv1,layer1.1.conv1,"(64, 256, 1, 1)",0.9544424003568189,42,3,
resnet50_no_weights,CIFAR10,qat,43,layer1.1.conv1,layer1.1.conv1,"(64, 256, 1, 1)",1.1180436308101072,43,3,
resnet50_no_weights,CIFAR10,qat,44,layer1.1.conv1,layer1.1.conv1,"(64, 256, 1, 1)",1.146375844153491,44,3,
resnet50_no_weights,CIFAR10,qat,"42,43,44",layer1.1.conv1,layer1.1.conv1,"(64, 256, 1, 1)",1.072953958440139,aggregate,3,0.10360704912184243
resnet50_no_weights,CIFAR10,qat,42,layer1.1.conv2,layer1.1.conv2,"(64, 64, 3, 3)",2.3609937770026073,42,3,
resnet50_no_weights,CIFAR10,qat,43,layer1.1.conv2,layer1.1.conv2,"(64, 64, 3, 3)",2.3992512822151184,43,3,
resnet50_no_weights,CIFAR10,qat,44,layer1.1.conv2,layer1.1.conv2,"(64, 64, 3, 3)",2.1466690727642606,44,3,
resnet50_no_weights,CIFAR10,qat,"42,43,44",layer1.1.conv2,layer1.1.conv2,"(64, 64, 3, 3)",2.3023047106606622,aggregate,3,0.13613503595267526
resnet50_no_weights,CIFAR10,qat,42,layer1.1.conv3,layer1.1.conv3,"(256, 64, 1, 1)",0.617811425589025,42,3,
resnet50_no_weights,CIFAR10,qat,43,layer1.1.conv3,layer1.1.conv3,"(256, 64, 1, 1)",0.7684419883622063,43,3,
resnet50_no_weights,CIFAR10,qat,44,layer1.1.conv3,layer1.1.conv3,"(256, 64, 1, 1)",0.6432219073176384,44,3,
resnet50_no_weights,CIFAR10,qat,"42,43,44",layer1.1.conv3,layer1.1.conv3,"(256, 64, 1, 1)",0.6764917737562899,aggregate,3,0.08063841900716812
resnet50_no_weights,CIFAR10,qat,42,layer1.2.conv1,layer1.2.conv1,"(64, 256, 1, 1)",2.9522982984781265,42,3,
resnet50_no_weights,CIFAR10,qat,43,layer1.2.conv1,layer1.2.conv1,"(64, 256, 1, 1)",3.069894399907854,43,3,
resnet50_no_weights,CIFAR10,qat,44,layer1.2.conv1,layer1.2.conv1,"(64, 256, 1, 1)",2.830048603670938,44,3,
resnet50_no_weights,CIFAR10,qat,"42,43,44",layer1.2.conv1,layer1.2.conv1,"(64, 256, 1, 1)",2.9507471006856396,aggregate,3,0.11993042213747791
resnet50_no_weights,CIFAR10,qat,42,layer1.2.conv2,layer1.2.conv2,"(64, 64, 3, 3)",3.331409136454264,42,3,
resnet50_no_weights,CIFAR10,qat,43,layer1.2.conv2,layer1.2.conv2,"(64, 64, 3, 3)",2.130559722582499,43,3,
resnet50_no_weights,CIFAR10,qat,44,layer1.2.conv2,layer1.2.conv2,"(64, 64, 3, 3)",2.1980118474790027,44,3,
resnet50_no_weights,CIFAR10,qat,"42,43,44",layer1.2.conv2,layer1.2.conv2,"(64, 64, 3, 3)",2.553326902171922,aggregate,3,0.6746824584703641
resnet50_no_weights,CIFAR10,qat,42,layer1.2.conv3,layer1.2.conv3,"(256, 64, 1, 1)",0.6448279448917934,42,3,
resnet50_no_weights,CIFAR10,qat,43,layer1.2.conv3,layer1.2.conv3,"(256, 64, 1, 1)",0.8248317165757125,43,3,
resnet50_no_weights,CIFAR10,qat,44,layer1.2.conv3,layer1.2.conv3,"(256, 64, 1, 1)",0.8604045303331481,44,3,
resnet50_no_weights,CIFAR10,qat,"42,43,44",layer1.2.conv3,layer1.2.conv3,"(256, 64, 1, 1)",0.7766880639335514,aggregate,3,0.1155710799245868
resnet50_no_weights,CIFAR10,qat,42,layer2.0.conv1,layer2.0.conv1,"(128, 256, 1, 1)",4.956286969937776,42,3,
resnet50_no_weights,CIFAR10,qat,43,layer2.0.conv1,layer2.0.conv1,"(128, 256, 1, 1)",4.529322803020477,43,3,
resnet50_no_weights,CIFAR10,qat,44,layer2.0.conv1,layer2.0.conv1,"(128, 256, 1, 1)",3.4346086927082227,44,3,
resnet50_no_weights,CIFAR10,qat,"42,43,44",layer2.0.conv1,layer2.0.conv1,"(128, 256, 1, 1)",4.3067394885554915,aggregate,3,0.7848781394310451
resnet50_no_weights,CIFAR10,qat,42,layer2.0.conv2,layer2.0.conv2,"(128, 128, 3, 3)",18.411889240145683,42,3,
resnet50_no_weights,CIFAR10,qat,43,layer2.0.conv2,layer2.0.conv2,"(128, 128, 3, 3)",21.260198048182897,43,3,
resnet50_no_weights,CIFAR10,qat,44,layer2.0.conv2,layer2.0.conv2,"(128, 128, 3, 3)",20.63524299428083,44,3,
resnet50_no_weights,CIFAR10,qat,"42,43,44",layer2.0.conv2,layer2.0.conv2,"(128, 128, 3, 3)",20.10244342753647,aggregate,3,1.4970378419491694
resnet50_no_weights,CIFAR10,qat,42,layer2.0.conv3,layer2.0.conv3,"(512, 128, 1, 1)",11.75046319346274,42,3,
resnet50_no_weights,CIFAR10,qat,43,layer2.0.conv3,layer2.0.conv3,"(512, 128, 1, 1)",11.97478723526001,43,3,
resnet50_no_weights,CIFAR10,qat,44,layer2.0.conv3,layer2.0.conv3,"(512, 128, 1, 1)",14.421888044902257,44,3,
resnet50_no_weights,CIFAR10,qat,"42,43,44",layer2.0.conv3,layer2.0.conv3,"(512, 128, 1, 1)",12.715712824541669,aggregate,3,1.4818420060389168
resnet50_no_weights,CIFAR10,qat,42,layer2.0.downsample.0,layer2.0.downsample.0,"(512, 256, 1, 1)",18.087773666381835,42,3,
resnet50_no_weights,CIFAR10,qat,43,layer2.0.downsample.0,layer2.0.downsample.0,"(512, 256, 1, 1)",22.828133162998018,43,3,
resnet50_no_weights,CIFAR10,qat,44,layer2.0.downsample.0,layer2.0.downsample.0,"(512, 256, 1, 1)",20.805141473427796,44,3,
resnet50_no_weights,CIFAR10,qat,"42,43,44",layer2.0.downsample.0,layer2.0.downsample.0,"(512, 256, 1, 1)",20.57368276760255,aggregate,3,2.378640764946765
resnet50_no_weights,CIFAR10,qat,42,layer2.1.conv1,layer2.1.conv1,"(128, 512, 1, 1)",4.251661408864535,42,3,
resnet50_no_weights,CIFAR10,qat,43,layer2.1.conv1,layer2.1.conv1,"(128, 512, 1, 1)",4.33811925138746,43,3,
resnet50_no_weights,CIFAR10,qat,44,layer2.1.conv1,layer2.1.conv1,"(128, 512, 1, 1)",4.760138873010874,44,3,
resnet50_no_weights,CIFAR10,qat,"42,43,44",layer2.1.conv1,layer2.1.conv1,"(128, 512, 1, 1)",4.4499731777542895,aggregate,3,0.27206765430482543
resnet50_no_weights,CIFAR10,qat,42,layer2.1.conv2,layer2.1.conv2,"(128, 128, 3, 3)",4.880039695650339,42,3,
resnet50_no_weights,CIFAR10,qat,43,layer2.1.conv2,layer2.1.conv2,"(128, 128, 3, 3)",4.660551878384181,43,3,
resnet50_no_weights,CIFAR10,qat,44,layer2.1.conv2,layer2.1.conv2,"(128, 128, 3, 3)",4.216592609882355,44,3,
resnet50_no_weights,CIFAR10,qat,"42,43,44",layer2.1.conv2,layer2.1.conv2,"(128, 128, 3, 3)",4.585728061305625,aggregate,3,0.3379932863314917
resnet50_no_weights,CIFAR10,qat,42,layer2.1.conv3,layer2.1.conv3,"(512, 128, 1, 1)",2.3972642347216606,42,3,
resnet50_no_weights,CIFAR10,qat,43,layer2.1.conv3,layer2.1.conv3,"(512, 128, 1, 1)",2.664348308856671,43,3,
resnet50_no_weights,CIFAR10,qat,44,layer2.1.conv3,layer2.1.conv3,"(512, 128, 1, 1)",3.318827470143636,44,3,
resnet50_no_weights,CIFAR10,qat,"42,43,44",layer2.1.conv3,layer2.1.conv3,"(512, 128, 1, 1)",2.7934800045739894,aggregate,3,0.47415814381857607
resnet50_no_weights,CIFAR10,qat,42,layer2.2.conv1,layer2.2.conv1,"(128, 512, 1, 1)",4.948360353708267,42,3,
resnet50_no_weights,CIFAR10,qat,43,layer2.2.conv1,layer2.2.conv1,"(128, 512, 1, 1)",7.12256612948009,43,3,
resnet50_no_weights,CIFAR10,qat,44,layer2.2.conv1,layer2.2.conv1,"(128, 512, 1, 1)",5.437768413623174,44,3,
resnet50_no_weights,CIFAR10,qat,"42,43,44",layer2.2.conv1,layer2.2.conv1,"(128, 512, 1, 1)",5.83623163227051,aggregate,3,1.1405579298356503
resnet50_no_weights,CIFAR10,qat,42,layer2.2.conv2,layer2.2.conv2,"(128, 128, 3, 3)",3.678538237299238,42,3,
resnet50_no_weights,CIFAR10,qat,43,layer2.2.conv2,layer2.2.conv2,"(128, 128, 3, 3)",3.7259914345211453,43,3,
resnet50_no_weights,CIFAR10,qat,44,layer2.2.conv2,layer2.2.conv2,"(128, 128, 3, 3)",3.3079564310610294,44,3,
resnet50_no_weights,CIFAR10,qat,"42,43,44",layer2.2.conv2,layer2.2.conv2,"(128, 128, 3, 3)",3.570828700960471,aggregate,3,0.22888714291809606
resnet50_no_weights,CIFAR10,qat,42,layer2.2.conv3,layer2.2.conv3,"(512, 128, 1, 1)",2.185017012819952,42,3,
resnet50_no_weights,CIFAR10,qat,43,layer2.2.conv3,layer2.2.conv3,"(512, 128, 1, 1)",1.544543594121933,43,3,
resnet50_no_weights,CIFAR10,qat,44,layer2.2.conv3,layer2.2.conv3,"(512, 128, 1, 1)",2.0762547935758318,44,3,
resnet50_no_weights,CIFAR10,qat,"42,43,44",layer2.2.conv3,layer2.2.conv3,"(512, 128, 1, 1)",1.9352718001725722,aggregate,3,0.3427224873514862
resnet50_no_weights,CIFAR10,qat,42,layer2.3.conv1,layer2.3.conv1,"(128, 512, 1, 1)",2.1087487808295657,42,3,
resnet50_no_weights,CIFAR10,qat,43,layer2.3.conv1,layer2.3.conv1,"(128, 512, 1, 1)",1.7614115646907262,43,3,
resnet50_no_weights,CIFAR10,qat,44,layer2.3.conv1,layer2.3.conv1,"(128, 512, 1, 1)",2.7360255947479835,44,3,
resnet50_no_weights,CIFAR10,qat,"42,43,44",layer2.3.conv1,layer2.3.conv1,"(128, 512, 1, 1)",2.202061980089425,aggregate,3,0.49396218657220586
resnet50_no_weights,CIFAR10,qat,42,layer2.3.conv2,layer2.3.conv2,"(128, 128, 3, 3)",0.778475003397983,42,3,
resnet50_no_weights,CIFAR10,qat,43,layer2.3.conv2,layer2.3.conv2,"(128, 128, 3, 3)",0.6985785714958025,43,3,
resnet50_no_weights,CIFAR10,qat,44,layer2.3.conv2,layer2.3.conv2,"(128, 128, 3, 3)",0.7685567903168061,44,3,
resnet50_no_weights,CIFAR10,qat,"42,43,44",layer2.3.conv2,layer2.3.conv2,"(128, 128, 3, 3)",0.7485367884035306,aggregate,3,0.043548367536919354
resnet50_no_weights,CIFAR10,qat,42,layer2.3.conv3,layer2.3.conv3,"(512, 128, 1, 1)",0.9381029166673359,42,3,
resnet50_no_weights,CIFAR10,qat,43,layer2.3.conv3,layer2.3.conv3,"(512, 128, 1, 1)",0.9977356959944186,43,3,
resnet50_no_weights,CIFAR10,qat,44,layer2.3.conv3,layer2.3.conv3,"(512, 128, 1, 1)",1.0181421945171971,44,3,
resnet50_no_weights,CIFAR10,qat,"42,43,44",layer2.3.conv3,layer2.3.conv3,"(512, 128, 1, 1)",0.9846602690596505,aggregate,3,0.04159082340885623
resnet50_no_weights,CIFAR10,qat,42,layer3.0.conv1,layer3.0.conv1,"(256, 512, 1, 1)",17.887935140397815,42,3,
resnet50_no_weights,CIFAR10,qat,43,layer3.0.conv1,layer3.0.conv1,"(256, 512, 1, 1)",17.907311986132367,43,3,
resnet50_no_weights,CIFAR10,qat,44,layer3.0.conv1,layer3.0.conv1,"(256, 512, 1, 1)",14.367919797482697,44,3,
resnet50_no_weights,CIFAR10,qat,"42,43,44",layer3.0.conv1,layer3.0.conv1,"(256, 512, 1, 1)",16.721055641337628,aggregate,3,2.0378984494483015
resnet50_no_weights,CIFAR10,qat,42,layer3.0.conv2,layer3.0.conv2,"(256, 256, 3, 3)",19.57817911490416,42,3,
resnet50_no_weights,CIFAR10,qat,43,layer3.0.conv2,layer3.0.conv2,"(256, 256, 3, 3)",17.989484667778015,43,3,
resnet50_no_weights,CIFAR10,qat,44,layer3.0.conv2,layer3.0.conv2,"(256, 256, 3, 3)",18.359670411972772,44,3,
resnet50_no_weights,CIFAR10,qat,"42,43,44",layer3.0.conv2,layer3.0.conv2,"(256, 256, 3, 3)",18.64244473155165,aggregate,3,0.8312391343303888
resnet50_no_weights,CIFAR10,qat,42,layer3.0.conv3,layer3.0.conv3,"(1024, 256, 1, 1)",8.99544606097909,42,3,
resnet50_no_weights,CIFAR10,qat,43,layer3.0.conv3,layer3.0.conv3,"(1024, 256, 1, 1)",10.338620821634928,43,3,
resnet50_no_weights,CIFAR10,qat,44,layer3.0.conv3,layer3.0.conv3,"(1024, 256, 1, 1)",8.19849731371953,44,3,
resnet50_no_weights,CIFAR10,qat,"42,43,44",layer3.0.conv3,layer3.0.conv3,"(1024, 256, 1, 1)",9.177521398777849,aggregate,3,1.0816171821670209
resnet50_no_weights,CIFAR10,qat,42,layer3.0.downsample.0,layer3.0.downsample.0,"(1024, 512, 1, 1)",25.97275107247489,42,3,
resnet50_no_weights,CIFAR10,qat,43,layer3.0.downsample.0,layer3.0.downsample.0,"(1024, 512, 1, 1)",26.531629388982598,43,3,
resnet50_no_weights,CIFAR10,qat,44,layer3.0.downsample.0,layer3.0.downsample.0,"(1024, 512, 1, 1)",28.366444919420324,44,3,
resnet50_no_weights,CIFAR10,qat,"42,43,44",layer3.0.downsample.0,layer3.0.downsample.0,"(1024, 512, 1, 1)",26.956941793625937,aggregate,3,1.252242204760618
resnet50_no_weights,CIFAR10,qat,42,layer3.1.conv1,layer3.1.conv1,"(256, 1024, 1, 1)",4.7986438057639385,42,3,
resnet50_no_weights,CIFAR10,qat,43,layer3.1.conv1,layer3.1.conv1,"(256, 1024, 1, 1)",5.8416098488701715,43,3,
resnet50_no_weights,CIFAR10,qat,44,layer3.1.conv1,layer3.1.conv1,"(256, 1024, 1, 1)",5.7885941455238745,44,3,
resnet50_no_weights,CIFAR10,qat,"42,43,44",layer3.1.conv1,layer3.1.conv1,"(256, 1024, 1, 1)",5.476282600052661,aggregate,3,0.5874507790820703
resnet50_no_weights,CIFAR10,qat,42,layer3.1.conv2,layer3.1.conv2,"(256, 256, 3, 3)",8.61581043096689,42,3,
resnet50_no_weights,CIFAR10,qat,43,layer3.1.conv2,layer3.1.conv2,"(256, 256, 3, 3)",8.464855935838488,43,3,
resnet50_no_weights,CIFAR10,qat,44,layer3.1.conv2,layer3.1.conv2,"(256, 256, 3, 3)",10.51115714179145,44,3,
resnet50_no_weights,CIFAR10,qat,"42,43,44",layer3.1.conv2,layer3.1.conv2,"(256, 256, 3, 3)",9.197274502865609,aggregate,3,1.1403563068413822
resnet50_no_weights,CIFAR10,qat,42,layer3.1.conv3,layer3.1.conv3,"(1024, 256, 1, 1)",7.4513086954752605,42,3,
resnet50_no_weights,CIFAR10,qat,43,layer3.1.conv3,layer3.1.conv3,"(1024, 256, 1, 1)",8.057617171605427,43,3,
resnet50_no_weights,CIFAR10,qat,44,layer3.1.conv3,layer3.1.conv3,"(1024, 256, 1, 1)",9.428028964996338,44,3,
resnet50_no_weights,CIFAR10,qat,"42,43,44",layer3.1.conv3,layer3.1.conv3,"(1024, 256, 1, 1)",8.312318277359008,aggregate,3,1.0126747977203459
resnet50_no_weights,CIFAR10,qat,42,layer3.2.conv1,layer3.2.conv1,"(256, 1024, 1, 1)",12.529001909143785,42,3,
resnet50_no_weights,CIFAR10,qat,43,layer3.2.conv1,layer3.2.conv1,"(256, 1024, 1, 1)",15.361271663145585,43,3,
resnet50_no_weights,CIFAR10,qat,44,layer3.2.conv1,layer3.2.conv1,"(256, 1024, 1, 1)",14.187768856684366,44,3,
resnet50_no_weights,CIFAR10,qat,"42,43,44",layer3.2.conv1,layer3.2.conv1,"(256, 1024, 1, 1)",14.026014142991245,aggregate,3,1.4230465313579215
resnet50_no_weights,CIFAR10,qat,42,layer3.2.conv2,layer3.2.conv2,"(256, 256, 3, 3)",18.274260838826496,42,3,
resnet50_no_weights,CIFAR10,qat,43,layer3.2.conv2,layer3.2.conv2,"(256, 256, 3, 3)",20.570543259382248,43,3,
resnet50_no_weights,CIFAR10,qat,44,layer3.2.conv2,layer3.2.conv2,"(256, 256, 3, 3)",18.874388243022718,44,3,
resnet50_no_weights,CIFAR10,qat,"42,43,44",layer3.2.conv2,layer3.2.conv2,"(256, 256, 3, 3)",19.239730780410486,aggregate,3,1.1909385441562657
resnet50_no_weights,CIFAR10,qat,42,layer3.2.conv3,layer3.2.conv3,"(1024, 256, 1, 1)",14.18750206061772,42,3,
resnet50_no_weights,CIFAR10,qat,43,layer3.2.conv3,layer3.2.conv3,"(1024, 256, 1, 1)",14.902488040924073,43,3,
resnet50_no_weights,CIFAR10,qat,44,layer3.2.conv3,layer3.2.conv3,"(1024, 256, 1, 1)",13.42262433704577,44,3,
resnet50_no_weights,CIFAR10,qat,"42,43,44",layer3.2.conv3,layer3.2.conv3,"(1024, 256, 1, 1)",14.170871479529188,aggregate,3,0.7400720084455358
resnet50_no_weights,CIFAR10,qat,42,layer3.3.conv1,layer3.3.conv1,"(256, 1024, 1, 1)",19.842225869496662,42,3,
resnet50_no_weights,CIFAR10,qat,43,layer3.3.conv1,layer3.3.conv1,"(256, 1024, 1, 1)",22.262832909822464,43,3,
resnet50_no_weights,CIFAR10,qat,44,layer3.3.conv1,layer3.3.conv1,"(256, 1024, 1, 1)",21.80250747680664,44,3,
resnet50_no_weights,CIFAR10,qat,"42,43,44",layer3.3.conv1,layer3.3.conv1,"(256, 1024, 1, 1)",21.302522085375255,aggregate,3,1.285427420997508
resnet50_no_weights,CIFAR10,qat,42,layer3.3.conv2,layer3.3.conv2,"(256, 256, 3, 3)",26.51526299389926,42,3,
resnet50_no_weights,CIFAR10,qat,43,layer3.3.conv2,layer3.3.conv2,"(256, 256, 3, 3)",28.390762769258938,43,3,
resnet50_no_weights,CIFAR10,qat,44,layer3.3.conv2,layer3.3.conv2,"(256, 256, 3, 3)",31.77790251645175,44,3,
resnet50_no_weights,CIFAR10,qat,"42,43,44",layer3.3.conv2,layer3.3.conv2,"(256, 256, 3, 3)",28.89464275986998,aggregate,3,2.667257949615394
resnet50_no_weights,CIFAR10,qat,42,layer3.3.conv3,layer3.3.conv3,"(1024, 256, 1, 1)",16.740168614821002,42,3,
resnet50_no_weights,CIFAR10,qat,43,layer3.3.conv3,layer3.3.conv3,"(1024, 256, 1, 1)",14.95376205444336,43,3,
resnet50_no_weights,CIFAR10,qat,44,layer3.3.conv3,layer3.3.conv3,"(1024, 256, 1, 1)",16.32615876879011,44,3,
resnet50_no_weights,CIFAR10,qat,"42,43,44",layer3.3.conv3,layer3.3.conv3,"(1024, 256, 1, 1)",16.00669647935149,aggregate,3,0.9350690966554785
resnet50_no_weights,CIFAR10,qat,42,layer3.4.conv1,layer3.4.conv1,"(256, 1024, 1, 1)",25.325861824883354,42,3,
resnet50_no_weights,CIFAR10,qat,43,layer3.4.conv1,layer3.4.conv1,"(256, 1024, 1, 1)",30.34378719329834,43,3,
resnet50_no_weights,CIFAR10,qat,44,layer3.4.conv1,layer3.4.conv1,"(256, 1024, 1, 1)",27.90112018585205,44,3,
resnet50_no_weights,CIFAR10,qat,"42,43,44",layer3.4.conv1,layer3.4.conv1,"(256, 1024, 1, 1)",27.85692306801125,aggregate,3,2.50925462830394
resnet50_no_weights,CIFAR10,qat,42,layer3.4.conv2,layer3.4.conv2,"(256, 256, 3, 3)",12.000903129577637,42,3,
resnet50_no_weights,CIFAR10,qat,43,layer3.4.conv2,layer3.4.conv2,"(256, 256, 3, 3)",11.176910400390625,43,3,
resnet50_no_weights,CIFAR10,qat,44,layer3.4.conv2,layer3.4.conv2,"(256, 256, 3, 3)",10.284849166870117,44,3,
resnet50_no_weights,CIFAR10,qat,"42,43,44",layer3.4.conv2,layer3.4.conv2,"(256, 256, 3, 3)",11.154220898946127,aggregate,3,0.8582519506752636
resnet50_no_weights,CIFAR10,qat,42,layer3.4.conv3,layer3.4.conv3,"(1024, 256, 1, 1)",9.790773183107376,42,3,
resnet50_no_weights,CIFAR10,qat,43,layer3.4.conv3,layer3.4.conv3,"(1024, 256, 1, 1)",9.863834176744733,43,3,
resnet50_no_weights,CIFAR10,qat,44,layer3.4.conv3,layer3.4.conv3,"(1024, 256, 1, 1)",10.533433933258056,44,3,
resnet50_no_weights,CIFAR10,qat,"42,43,44",layer3.4.conv3,layer3.4.conv3,"(1024, 256, 1, 1)",10.062680431036721,aggregate,3,0.409317874137031
resnet50_no_weights,CIFAR10,qat,42,layer3.5.conv1,layer3.5.conv1,"(256, 1024, 1, 1)",19.12828254699707,42,3,
resnet50_no_weights,CIFAR10,qat,43,layer3.5.conv1,layer3.5.conv1,"(256, 1024, 1, 1)",16.077517360448837,43,3,
resnet50_no_weights,CIFAR10,qat,44,layer3.5.conv1,layer3.5.conv1,"(256, 1024, 1, 1)",16.708767489383096,44,3,
resnet50_no_weights,CIFAR10,qat,"42,43,44",layer3.5.conv1,layer3.5.conv1,"(256, 1024, 1, 1)",17.304855798943002,aggregate,3,1.6103673526432278
resnet50_no_weights,CIFAR10,qat,42,layer3.5.conv2,layer3.5.conv2,"(256, 256, 3, 3)",4.131977640665495,42,3,
resnet50_no_weights,CIFAR10,qat,43,layer3.5.conv2,layer3.5.conv2,"(256, 256, 3, 3)",3.8128695487976074,43,3,
resnet50_no_weights,CIFAR10,qat,44,layer3.5.conv2,layer3.5.conv2,"(256, 256, 3, 3)",3.833382405732807,44,3,
resnet50_no_weights,CIFAR10,qat,"42,43,44",layer3.5.conv2,layer3.5.conv2,"(256, 256, 3, 3)",3.9260765317319697,aggregate,3,0.1786103141477348
resnet50_no_weights,CIFAR10,qat,42,layer3.5.conv3,layer3.5.conv3,"(1024, 256, 1, 1)",5.449265816272834,42,3,
resnet50_no_weights,CIFAR10,qat,43,layer3.5.conv3,layer3.5.conv3,"(1024, 256, 1, 1)",5.573110793766222,43,3,
resnet50_no_weights,CIFAR10,qat,44,layer3.5.conv3,layer3.5.conv3,"(1024, 256, 1, 1)",5.089948912884327,44,3,
resnet50_no_weights,CIFAR10,qat,"42,43,44",layer3.5.conv3,layer3.5.conv3,"(1024, 256, 1, 1)",5.370775174307794,aggregate,3,0.25096202191047895
resnet50_no_weights,CIFAR10,qat,42,layer4.0.conv1,layer4.0.conv1,"(512, 1024, 1, 1)",30.624160948253813,42,3,
resnet50_no_weights,CIFAR10,qat,43,layer4.0.conv1,layer4.0.conv1,"(512, 1024, 1, 1)",36.86630153656006,43,3,
resnet50_no_weights,CIFAR10,qat,44,layer4.0.conv1,layer4.0.conv1,"(512, 1024, 1, 1)",32.80477770169576,44,3,
resnet50_no_weights,CIFAR10,qat,"42,43,44",layer4.0.conv1,layer4.0.conv1,"(512, 1024, 1, 1)",33.43174672883654,aggregate,3,3.1679484531460504
resnet50_no_weights,CIFAR10,qat,42,layer4.0.conv2,layer4.0.conv2,"(512, 512, 3, 3)",9.510247866312662,42,3,
resnet50_no_weights,CIFAR10,qat,43,layer4.0.conv2,layer4.0.conv2,"(512, 512, 3, 3)",8.663607032210738,43,3,
resnet50_no_weights,CIFAR10,qat,44,layer4.0.conv2,layer4.0.conv2,"(512, 512, 3, 3)",10.249408372243245,44,3,
resnet50_no_weights,CIFAR10,qat,"42,43,44",layer4.0.conv2,layer4.0.conv2,"(512, 512, 3, 3)",9.474421090255548,aggregate,3,0.7935074926704906
resnet50_no_weights,CIFAR10,qat,42,layer4.0.conv3,layer4.0.conv3,"(2048, 512, 1, 1)",9.053340832392374,42,3,
resnet50_no_weights,CIFAR10,qat,43,layer4.0.conv3,layer4.0.conv3,"(2048, 512, 1, 1)",9.879258632659912,43,3,
resnet50_no_weights,CIFAR10,qat,44,layer4.0.conv3,layer4.0.conv3,"(2048, 512, 1, 1)",10.199570010105768,44,3,
resnet50_no_weights,CIFAR10,qat,"42,43,44",layer4.0.conv3,layer4.0.conv3,"(2048, 512, 1, 1)",9.710723158386019,aggregate,3,0.5914080541613597
resnet50_no_weights,CIFAR10,qat,42,layer4.0.downsample.0,layer4.0.downsample.0,"(2048, 1024, 1, 1)",30.141530481974282,42,3,
resnet50_no_weights,CIFAR10,qat,43,layer4.0.downsample.0,layer4.0.downsample.0,"(2048, 1024, 1, 1)",31.312342802683514,43,3,
resnet50_no_weights,CIFAR10,qat,44,layer4.0.downsample.0,layer4.0.downsample.0,"(2048, 1024, 1, 1)",29.226126432418823,44,3,
resnet50_no_weights,CIFAR10,qat,"42,43,44",layer4.0.downsample.0,layer4.0.downsample.0,"(2048, 1024, 1, 1)",30.226666572358873,aggregate,3,1.0457106680648212
resnet50_no_weights,CIFAR10,qat,42,layer4.1.conv1,layer4.1.conv1,"(512, 2048, 1, 1)",33.81125361124675,42,3,
resnet50_no_weights,CIFAR10,qat,43,layer4.1.conv1,layer4.1.conv1,"(512, 2048, 1, 1)",31.21938647394595,43,3,
resnet50_no_weights,CIFAR10,qat,44,layer4.1.conv1,layer4.1.conv1,"(512, 2048, 1, 1)",37.47047233581543,44,3,
resnet50_no_weights,CIFAR10,qat,"42,43,44",layer4.1.conv1,layer4.1.conv1,"(512, 2048, 1, 1)",34.167037473669374,aggregate,3,3.140693431503049
resnet50_no_weights,CIFAR10,qat,42,layer4.1.conv2,layer4.1.conv2,"(512, 512, 3, 3)",75.62852976872371,42,3,
resnet50_no_weights,CIFAR10,qat,43,layer4.1.conv2,layer4.1.conv2,"(512, 512, 3, 3)",66.29572174765848,43,3,
resnet50_no_weights,CIFAR10,qat,44,layer4.1.conv2,layer4.1.conv2,"(512, 512, 3, 3)",78.35192593661222,44,3,
resnet50_no_weights,CIFAR10,qat,"42,43,44",layer4.1.conv2,layer4.1.conv2,"(512, 512, 3, 3)",73.42539248433147,aggregate,3,6.322845505138162
resnet50_no_weights,CIFAR10,qat,42,layer4.1.conv3,layer4.1.conv3,"(2048, 512, 1, 1)",18.054041410747327,42,3,
resnet50_no_weights,CIFAR10,qat,43,layer4.1.conv3,layer4.1.conv3,"(2048, 512, 1, 1)",18.3308322089059,43,3,
resnet50_no_weights,CIFAR10,qat,44,layer4.1.conv3,layer4.1.conv3,"(2048, 512, 1, 1)",18.517583821949206,44,3,
resnet50_no_weights,CIFAR10,qat,"42,43,44",layer4.1.conv3,layer4.1.conv3,"(2048, 512, 1, 1)",18.300819147200812,aggregate,3,0.23322409749079936
resnet50_no_weights,CIFAR10,qat,42,layer4.2.conv1,layer4.2.conv1,"(512, 2048, 1, 1)",32.399830572532885,42,3,
resnet50_no_weights,CIFAR10,qat,43,layer4.2.conv1,layer4.2.conv1,"(512, 2048, 1, 1)",28.94142418815976,43,3,
resnet50_no_weights,CIFAR10,qat,44,layer4.2.conv1,layer4.2.conv1,"(512, 2048, 1, 1)",32.604747014167984,44,3,
resnet50_no_weights,CIFAR10,qat,"42,43,44",layer4.2.conv1,layer4.2.conv1,"(512, 2048, 1, 1)",31.315333924953542,aggregate,3,2.0584176606914206
resnet50_no_weights,CIFAR10,qat,42,layer4.2.conv2,layer4.2.conv2,"(512, 512, 3, 3)",5.438016946499165,42,3,
resnet50_no_weights,CIFAR10,qat,43,layer4.2.conv2,layer4.2.conv2,"(512, 512, 3, 3)",5.7262109279632565,43,3,
resnet50_no_weights,CIFAR10,qat,44,layer4.2.conv2,layer4.2.conv2,"(512, 512, 3, 3)",6.103733948298863,44,3,
resnet50_no_weights,CIFAR10,qat,"42,43,44",layer4.2.conv2,layer4.2.conv2,"(512, 512, 3, 3)",5.755987274253761,aggregate,3,0.3338558891499502
resnet50_no_weights,CIFAR10,qat,42,layer4.2.conv3,layer4.2.conv3,"(2048, 512, 1, 1)",4.7547360301017765,42,3,
resnet50_no_weights,CIFAR10,qat,43,layer4.2.conv3,layer4.2.conv3,"(2048, 512, 1, 1)",3.853320436477661,43,3,
resnet50_no_weights,CIFAR10,qat,44,layer4.2.conv3,layer4.2.conv3,"(2048, 512, 1, 1)",4.690934403189297,44,3,
resnet50_no_weights,CIFAR10,qat,"42,43,44",layer4.2.conv3,layer4.2.conv3,"(2048, 512, 1, 1)",4.432996956589578,aggregate,3,0.5030271492434243
resnet50_no_weights,CIFAR10,qat,42,fc,fc,"(10, 2048)",4.921367406845093,42,3,
resnet50_no_weights,CIFAR10,qat,43,fc,fc,"(10, 2048)",4.269321535496002,43,3,
resnet50_no_weights,CIFAR10,qat,44,fc,fc,"(10, 2048)",5.603064580397173,44,3,
resnet50_no_weights,CIFAR10,qat,"42,43,44",fc,fc,"(10, 2048)",4.931251174246089,aggregate,3,0.6669264532908329
resnet50_no_weights,CIFAR10,fp32_fused_qat,42,conv1,conv1,"(64, 3, 3, 3)",298.72617263793944,42,3,
resnet50_no_weights,CIFAR10,fp32_fused_qat,43,conv1,conv1,"(64, 3, 3, 3)",273.16465424328317,43,3,
resnet50_no_weights,CIFAR10,fp32_fused_qat,44,conv1,conv1,"(64, 3, 3, 3)",311.0399817389411,44,3,
resnet50_no_weights,CIFAR10,fp32_fused_qat,"42,43,44",conv1,conv1,"(64, 3, 3, 3)",294.31026954005455,aggregate,3,19.319944574280417
resnet50_no_weights,CIFAR10,fp32_fused_qat,42,layer1.0.conv1,layer1.0.conv1,"(64, 64, 1, 1)",3.6757329404354095,42,3,
resnet50_no_weights,CIFAR10,fp32_fused_qat,43,layer1.0.conv1,layer1.0.conv1,"(64, 64, 1, 1)",5.030648425221443,43,3,
resnet50_no_weights,CIFAR10,fp32_fused_qat,44,layer1.0.conv1,layer1.0.conv1,"(64, 64, 1, 1)",4.6192637283355,44,3,
resnet50_no_weights,CIFAR10,fp32_fused_qat,"42,43,44",layer1.0.conv1,layer1.0.conv1,"(64, 64, 1, 1)",4.4418816979974505,aggregate,3,0.6946562324224691
resnet50_no_weights,CIFAR10,fp32_fused_qat,42,layer1.0.conv2,layer1.0.conv2,"(64, 64, 3, 3)",5.16323787590553,42,3,
resnet50_no_weights,CIFAR10,fp32_fused_qat,43,layer1.0.conv2,layer1.0.conv2,"(64, 64, 3, 3)",5.400226220488548,43,3,
resnet50_no_weights,CIFAR10,fp32_fused_qat,44,layer1.0.conv2,layer1.0.conv2,"(64, 64, 3, 3)",5.270375342667103,44,3,
resnet50_no_weights,CIFAR10,fp32_fused_qat,"42,43,44",layer1.0.conv2,layer1.0.conv2,"(64, 64, 3, 3)",5.277946479687061,aggregate,3,0.1186754416628861
resnet50_no_weights,CIFAR10,fp32_fused_qat,42,layer1.0.conv3,layer1.0.conv3,"(256, 64, 1, 1)",1.1630282143376909,42,3,
resnet50_no_weights,CIFAR10,fp32_fused_qat,43,layer1.0.conv3,layer1.0.conv3,"(256, 64, 1, 1)",1.2932956516742706,43,3,
resnet50_no_weights,CIFAR10,fp32_fused_qat,44,layer1.0.conv3,layer1.0.conv3,"(256, 64, 1, 1)",1.2007803320884705,44,3,
resnet50_no_weights,CIFAR10,fp32_fused_qat,"42,43,44",layer1.0.conv3,layer1.0.conv3,"(256, 64, 1, 1)",1.219034732700144,aggregate,3,0.06702476157233633
resnet50_no_weights,CIFAR10,fp32_fused_qat,42,layer1.0.downsample.0,layer1.0.downsample.0,"(256, 64, 1, 1)",7.7347318581172395,42,3,
resnet50_no_weights,CIFAR10,fp32_fused_qat,43,layer1.0.downsample.0,layer1.0.downsample.0,"(256, 64, 1, 1)",7.35295458137989,43,3,
resnet50_no_weights,CIFAR10,fp32_fused_qat,44,layer1.0.downsample.0,layer1.0.downsample.0,"(256, 64, 1, 1)",9.645825459406925,44,3,
resnet50_no_weights,CIFAR10,fp32_fused_qat,"42,43,44",layer1.0.downsample.0,layer1.0.downsample.0,"(256, 64, 1, 1)",8.244503966301352,aggregate,3,1.2285010856885605
resnet50_no_weights,CIFAR10,fp32_fused_qat,42,layer1.1.conv1,layer1.1.conv1,"(64, 256, 1, 1)",2.075099038111197,42,3,
resnet50_no_weights,CIFAR10,fp32_fused_qat,43,layer1.1.conv1,layer1.1.conv1,"(64, 256, 1, 1)",1.7109628012686064,43,3,
resnet50_no_weights,CIFAR10,fp32_fused_qat,44,layer1.1.conv1,layer1.1.conv1,"(64, 256, 1, 1)",1.568368422985077,44,3,
resnet50_no_weights,CIFAR10,fp32_fused_qat,"42,43,44",layer1.1.conv1,layer1.1.conv1,"(64, 256, 1, 1)",1.7848100874549602,aggregate,3,0.2613121607088751
resnet50_no_weights,CIFAR10,fp32_fused_qat,42,layer1.1.conv2,layer1.1.conv2,"(64, 64, 3, 3)",5.049825914444462,42,3,
resnet50_no_weights,CIFAR10,fp32_fused_qat,43,layer1.1.conv2,layer1.1.conv2,"(64, 64, 3, 3)",5.32721962928772,43,3,
resnet50_no_weights,CIFAR10,fp32_fused_qat,44,layer1.1.conv2,layer1.1.conv2,"(64, 64, 3, 3)",4.582585798842566,44,3,
resnet50_no_weights,CIFAR10,fp32_fused_qat,"42,43,44",layer1.1.conv2,layer1.1.conv2,"(64, 64, 3, 3)",4.986543780858249,aggregate,3,0.3763287880089337
resnet50_no_weights,CIFAR10,fp32_fused_qat,42,layer1.1.conv3,layer1.1.conv3,"(256, 64, 1, 1)",1.36845341053876,42,3,
resnet50_no_weights,CIFAR10,fp32_fused_qat,43,layer1.1.conv3,layer1.1.conv3,"(256, 64, 1, 1)",1.4925277590751649,43,3,
resnet50_no_weights,CIFAR10,fp32_fused_qat,44,layer1.1.conv3,layer1.1.conv3,"(256, 64, 1, 1)",1.3961650824546814,44,3,
resnet50_no_weights,CIFAR10,fp32_fused_qat,"42,43,44",layer1.1.conv3,layer1.1.conv3,"(256, 64, 1, 1)",1.4190487506895355,aggregate,3,0.06512570686829794
resnet50_no_weights,CIFAR10,fp32_fused_qat,42,layer1.2.conv1,layer1.2.conv1,"(64, 256, 1, 1)",3.4251020709673563,42,3,
resnet50_no_weights,CIFAR10,fp32_fused_qat,43,layer1.2.conv1,layer1.2.conv1,"(64, 256, 1, 1)",3.2667420425198297,43,3,
resnet50_no_weights,CIFAR10,fp32_fused_qat,44,layer1.2.conv1,layer1.2.conv1,"(64, 256, 1, 1)",2.1383069157600403,44,3,
resnet50_no_weights,CIFAR10,fp32_fused_qat,"42,43,44",layer1.2.conv1,layer1.2.conv1,"(64, 256, 1, 1)",2.943383676415742,aggregate,3,0.7016985945285796
resnet50_no_weights,CIFAR10,fp32_fused_qat,42,layer1.2.conv2,layer1.2.conv2,"(64, 64, 3, 3)",2.5544889731840654,42,3,
resnet50_no_weights,CIFAR10,fp32_fused_qat,43,layer1.2.conv2,layer1.2.conv2,"(64, 64, 3, 3)",2.978300773180448,43,3,
resnet50_no_weights,CIFAR10,fp32_fused_qat,44,layer1.2.conv2,layer1.2.conv2,"(64, 64, 3, 3)",2.3838755062648227,44,3,
resnet50_no_weights,CIFAR10,fp32_fused_qat,"42,43,44",layer1.2.conv2,layer1.2.conv2,"(64, 64, 3, 3)",2.638888417543112,aggregate,3,0.30606829163279065
resnet50_no_weights,CIFAR10,fp32_fused_qat,42,layer1.2.conv3,layer1.2.conv3,"(256, 64, 1, 1)",1.5347430244568856,42,3,
resnet50_no_weights,CIFAR10,fp32_fused_qat,43,layer1.2.conv3,layer1.2.conv3,"(256, 64, 1, 1)",1.3601053020893,43,3,
resnet50_no_weights,CIFAR10,fp32_fused_qat,44,layer1.2.conv3,layer1.2.conv3,"(256, 64, 1, 1)",1.4530107277504942,44,3,
resnet50_no_weights,CIFAR10,fp32_fused_qat,"42,43,44",layer1.2.conv3,layer1.2.conv3,"(256, 64, 1, 1)",1.4492863514322265,aggregate,3,0.08737841125046014
resnet50_no_weights,CIFAR10,fp32_fused_qat,42,layer2.0.conv1,layer2.0.conv1,"(128, 256, 1, 1)",9.35212928056717,42,3,
resnet50_no_weights,CIFAR10,fp32_fused_qat,43,layer2.0.conv1,layer2.0.conv1,"(128, 256, 1, 1)",7.4044030465577775,43,3,
resnet50_no_weights,CIFAR10,fp32_fused_qat,44,layer2.0.conv1,layer2.0.conv1,"(128, 256, 1, 1)",8.660039405028025,44,3,
resnet50_no_weights,CIFAR10,fp32_fused_qat,"42,43,44",layer2.0.conv1,layer2.0.conv1,"(128, 256, 1, 1)",8.472190577384325,aggregate,3,0.9873574617115306
resnet50_no_weights,CIFAR10,fp32_fused_qat,42,layer2.0.conv2,layer2.0.conv2,"(128, 128, 3, 3)",26.791949297930742,42,3,
resnet50_no_weights,CIFAR10,fp32_fused_qat,43,layer2.0.conv2,layer2.0.conv2,"(128, 128, 3, 3)",25.43013266324997,43,3,
resnet50_no_weights,CIFAR10,fp32_fused_qat,44,layer2.0.conv2,layer2.0.conv2,"(128, 128, 3, 3)",30.005951433470756,44,3,
resnet50_no_weights,CIFAR10,fp32_fused_qat,"42,43,44",layer2.0.conv2,layer2.0.conv2,"(128, 128, 3, 3)",27.409344464883823,aggregate,3,2.349555691744501
resnet50_no_weights,CIFAR10,fp32_fused_qat,42,layer2.0.conv3,layer2.0.conv3,"(512, 128, 1, 1)",18.61360634290255,42,3,
resnet50_no_weights,CIFAR10,fp32_fused_qat,43,layer2.0.conv3,layer2.0.conv3,"(512, 128, 1, 1)",19.36576482082935,43,3,
resnet50_no_weights,CIFAR10,fp32_fused_qat,44,layer2.0.conv3,layer2.0.conv3,"(512, 128, 1, 1)",16.83345969985513,44,3,
resnet50_no_weights,CIFAR10,fp32_fused_qat,"42,43,44",layer2.0.conv3,layer2.0.conv3,"(512, 128, 1, 1)",18.270943621195677,aggregate,3,1.3004636142790533
resnet50_no_weights,CIFAR10,fp32_fused_qat,42,layer2.0.downsample.0,layer2.0.downsample.0,"(512, 256, 1, 1)",19.98459423912896,42,3,
resnet50_no_weights,CIFAR10,fp32_fused_qat,43,layer2.0.downsample.0,layer2.0.downsample.0,"(512, 256, 1, 1)",26.425832748413086,43,3,
resnet50_no_weights,CIFAR10,fp32_fused_qat,44,layer2.0.downsample.0,layer2.0.downsample.0,"(512, 256, 1, 1)",25.518859028816223,44,3,
resnet50_no_weights,CIFAR10,fp32_fused_qat,"42,43,44",layer2.0.downsample.0,layer2.0.downsample.0,"(512, 256, 1, 1)",23.97642867211942,aggregate,3,3.48664694761544
resnet50_no_weights,CIFAR10,fp32_fused_qat,42,layer2.1.conv1,layer2.1.conv1,"(128, 512, 1, 1)",4.938802143801814,42,3,
resnet50_no_weights,CIFAR10,fp32_fused_qat,43,layer2.1.conv1,layer2.1.conv1,"(128, 512, 1, 1)",4.7464737594127655,43,3,
resnet50_no_weights,CIFAR10,fp32_fused_qat,44,layer2.1.conv1,layer2.1.conv1,"(128, 512, 1, 1)",5.822015225887299,44,3,
resnet50_no_weights,CIFAR10,fp32_fused_qat,"42,43,44",layer2.1.conv1,layer2.1.conv1,"(128, 512, 1, 1)",5.169097043033959,aggregate,3,0.5735626966477207
resnet50_no_weights,CIFAR10,fp32_fused_qat,42,layer2.1.conv2,layer2.1.conv2,"(128, 128, 3, 3)",5.570438825859214,42,3,
resnet50_no_weights,CIFAR10,fp32_fused_qat,43,layer2.1.conv2,layer2.1.conv2,"(128, 128, 3, 3)",5.8840885877609255,43,3,
resnet50_no_weights,CIFAR10,fp32_fused_qat,44,layer2.1.conv2,layer2.1.conv2,"(128, 128, 3, 3)",4.325384956417662,44,3,
resnet50_no_weights,CIFAR10,fp32_fused_qat,"42,43,44",layer2.1.conv2,layer2.1.conv2,"(128, 128, 3, 3)",5.2599707900126,aggregate,3,0.8244283192324907
resnet50_no_weights,CIFAR10,fp32_fused_qat,42,layer2.1.conv3,layer2.1.conv3,"(512, 128, 1, 1)",3.4539137635912214,42,3,
resnet50_no_weights,CIFAR10,fp32_fused_qat,43,layer2.1.conv3,layer2.1.conv3,"(512, 128, 1, 1)",3.4652153952368376,43,3,
resnet50_no_weights,CIFAR10,fp32_fused_qat,44,layer2.1.conv3,layer2.1.conv3,"(512, 128, 1, 1)",3.2430639266967773,44,3,
resnet50_no_weights,CIFAR10,fp32_fused_qat,"42,43,44",layer2.1.conv3,layer2.1.conv3,"(512, 128, 1, 1)",3.3873976951749456,aggregate,3,0.1251243751704494
resnet50_no_weights,CIFAR10,fp32_fused_qat,42,layer2.2.conv1,layer2.2.conv1,"(128, 512, 1, 1)",6.953102739651998,42,3,
resnet50_no_weights,CIFAR10,fp32_fused_qat,43,layer2.2.conv1,layer2.2.conv1,"(128, 512, 1, 1)",9.917004863421122,43,3,
resnet50_no_weights,CIFAR10,fp32_fused_qat,44,layer2.2.conv1,layer2.2.conv1,"(128, 512, 1, 1)",7.256472564512683,44,3,
resnet50_no_weights,CIFAR10,fp32_fused_qat,"42,43,44",layer2.2.conv1,layer2.2.conv1,"(128, 512, 1, 1)",8.042193389195267,aggregate,3,1.6307044062538407
resnet50_no_weights,CIFAR10,fp32_fused_qat,42,layer2.2.conv2,layer2.2.conv2,"(128, 128, 3, 3)",4.920972434250084,42,3,
resnet50_no_weights,CIFAR10,fp32_fused_qat,43,layer2.2.conv2,layer2.2.conv2,"(128, 128, 3, 3)",4.143728069637133,43,3,
resnet50_no_weights,CIFAR10,fp32_fused_qat,44,layer2.2.conv2,layer2.2.conv2,"(128, 128, 3, 3)",4.524897318619948,44,3,
resnet50_no_weights,CIFAR10,fp32_fused_qat,"42,43,44",layer2.2.conv2,layer2.2.conv2,"(128, 128, 3, 3)",4.529865940835721,aggregate,3,0.3886460034346034
resnet50_no_weights,CIFAR10,fp32_fused_qat,42,layer2.2.conv3,layer2.2.conv3,"(512, 128, 1, 1)",2.6673435007824615,42,3,
resnet50_no_weights,CIFAR10,fp32_fused_qat,43,layer2.2.conv3,layer2.2.conv3,"(512, 128, 1, 1)",2.331062449965366,43,3,
resnet50_no_weights,CIFAR10,fp32_fused_qat,44,layer2.2.conv3,layer2.2.conv3,"(512, 128, 1, 1)",2.4902066849172115,44,3,
resnet50_no_weights,CIFAR10,fp32_fused_qat,"42,43,44",layer2.2.conv3,layer2.2.conv3,"(512, 128, 1, 1)",2.4962042118883465,aggregate,3,0.16822073008993155
resnet50_no_weights,CIFAR10,fp32_fused_qat,42,layer2.3.conv1,layer2.3.conv1,"(128, 512, 1, 1)",2.9418475444500265,42,3,
resnet50_no_weights,CIFAR10,fp32_fused_qat,43,layer2.3.conv1,layer2.3.conv1,"(128, 512, 1, 1)",2.2407611086964607,43,3,
resnet50_no_weights,CIFAR10,fp32_fused_qat,44,layer2.3.conv1,layer2.3.conv1,"(128, 512, 1, 1)",3.078269984573126,44,3,
resnet50_no_weights,CIFAR10,fp32_fused_qat,"42,43,44",layer2.3.conv1,layer2.3.conv1,"(128, 512, 1, 1)",2.7536262125732045,aggregate,3,0.44936147100431567
resnet50_no_weights,CIFAR10,fp32_fused_qat,42,layer2.3.conv2,layer2.3.conv2,"(128, 128, 3, 3)",0.7727596369282953,42,3,
resnet50_no_weights,CIFAR10,fp32_fused_qat,43,layer2.3.conv2,layer2.3.conv2,"(128, 128, 3, 3)",0.7263114071554608,43,3,
resnet50_no_weights,CIFAR10,fp32_fused_qat,44,layer2.3.conv2,layer2.3.conv2,"(128, 128, 3, 3)",0.7081779295747931,44,3,
resnet50_no_weights,CIFAR10,fp32_fused_qat,"42,43,44",layer2.3.conv2,layer2.3.conv2,"(128, 128, 3, 3)",0.7357496578861831,aggregate,3,0.0333093029620155
resnet50_no_weights,CIFAR10,fp32_fused_qat,42,layer2.3.conv3,layer2.3.conv3,"(512, 128, 1, 1)",1.2777248275907416,42,3,
resnet50_no_weights,CIFAR10,fp32_fused_qat,43,layer2.3.conv3,layer2.3.conv3,"(512, 128, 1, 1)",1.2855759610732396,43,3,
resnet50_no_weights,CIFAR10,fp32_fused_qat,44,layer2.3.conv3,layer2.3.conv3,"(512, 128, 1, 1)",1.3649395853281021,44,3,
resnet50_no_weights,CIFAR10,fp32_fused_qat,"42,43,44",layer2.3.conv3,layer2.3.conv3,"(512, 128, 1, 1)",1.309413457997361,aggregate,3,0.048247001839515885
resnet50_no_weights,CIFAR10,fp32_fused_qat,42,layer3.0.conv1,layer3.0.conv1,"(256, 512, 1, 1)",20.67862148638125,42,3,
resnet50_no_weights,CIFAR10,fp32_fused_qat,43,layer3.0.conv1,layer3.0.conv1,"(256, 512, 1, 1)",23.67660617828369,43,3,
resnet50_no_weights,CIFAR10,fp32_fused_qat,44,layer3.0.conv1,layer3.0.conv1,"(256, 512, 1, 1)",23.255210876464844,44,3,
resnet50_no_weights,CIFAR10,fp32_fused_qat,"42,43,44",layer3.0.conv1,layer3.0.conv1,"(256, 512, 1, 1)",22.53681284704326,aggregate,3,1.6229756158759607
resnet50_no_weights,CIFAR10,fp32_fused_qat,42,layer3.0.conv2,layer3.0.conv2,"(256, 256, 3, 3)",25.15033112631904,42,3,
resnet50_no_weights,CIFAR10,fp32_fused_qat,43,layer3.0.conv2,layer3.0.conv2,"(256, 256, 3, 3)",23.063063621520996,43,3,
resnet50_no_weights,CIFAR10,fp32_fused_qat,44,layer3.0.conv2,layer3.0.conv2,"(256, 256, 3, 3)",18.61091401026799,44,3,
resnet50_no_weights,CIFAR10,fp32_fused_qat,"42,43,44",layer3.0.conv2,layer3.0.conv2,"(256, 256, 3, 3)",22.274769586036008,aggregate,3,3.340217009299135
resnet50_no_weights,CIFAR10,fp32_fused_qat,42,layer3.0.conv3,layer3.0.conv3,"(1024, 256, 1, 1)",10.251999491737003,42,3,
resnet50_no_weights,CIFAR10,fp32_fused_qat,43,layer3.0.conv3,layer3.0.conv3,"(1024, 256, 1, 1)",10.264013469219208,43,3,
resnet50_no_weights,CIFAR10,fp32_fused_qat,44,layer3.0.conv3,layer3.0.conv3,"(1024, 256, 1, 1)",8.981886990865071,44,3,
resnet50_no_weights,CIFAR10,fp32_fused_qat,"42,43,44",layer3.0.conv3,layer3.0.conv3,"(1024, 256, 1, 1)",9.83263331727376,aggregate,3,0.7367924184172541
resnet50_no_weights,CIFAR10,fp32_fused_qat,42,layer3.0.downsample.0,layer3.0.downsample.0,"(1024, 512, 1, 1)",31.59762464250837,42,3,
resnet50_no_weights,CIFAR10,fp32_fused_qat,43,layer3.0.downsample.0,layer3.0.downsample.0,"(1024, 512, 1, 1)",35.873546282450356,43,3,
resnet50_no_weights,CIFAR10,fp32_fused_qat,44,layer3.0.downsample.0,layer3.0.downsample.0,"(1024, 512, 1, 1)",39.24185693528917,44,3,
resnet50_no_weights,CIFAR10,fp32_fused_qat,"42,43,44",layer3.0.downsample.0,layer3.0.downsample.0,"(1024, 512, 1, 1)",35.5710092867493,aggregate,3,3.831085787583471
resnet50_no_weights,CIFAR10,fp32_fused_qat,42,layer3.1.conv1,layer3.1.conv1,"(256, 1024, 1, 1)",7.548643884204683,42,3,
resnet50_no_weights,CIFAR10,fp32_fused_qat,43,layer3.1.conv1,layer3.1.conv1,"(256, 1024, 1, 1)",9.493493186102974,43,3,
resnet50_no_weights,CIFAR10,fp32_fused_qat,44,layer3.1.conv1,layer3.1.conv1,"(256, 1024, 1, 1)",8.089894924845014,44,3,
resnet50_no_weights,CIFAR10,fp32_fused_qat,"42,43,44",layer3.1.conv1,layer3.1.conv1,"(256, 1024, 1, 1)",8.377343998384223,aggregate,3,1.0037828097663757
resnet50_no_weights,CIFAR10,fp32_fused_qat,42,layer3.1.conv2,layer3.1.conv2,"(256, 256, 3, 3)",10.110742862407978,42,3,
resnet50_no_weights,CIFAR10,fp32_fused_qat,43,layer3.1.conv2,layer3.1.conv2,"(256, 256, 3, 3)",11.30511157989502,43,3,
resnet50_no_weights,CIFAR10,fp32_fused_qat,44,layer3.1.conv2,layer3.1.conv2,"(256, 256, 3, 3)",12.15517160627577,44,3,
resnet50_no_weights,CIFAR10,fp32_fused_qat,"42,43,44",layer3.1.conv2,layer3.1.conv2,"(256, 256, 3, 3)",11.190342016192922,aggregate,3,1.0270351803869655
resnet50_no_weights,CIFAR10,fp32_fused_qat,42,layer3.1.conv3,layer3.1.conv3,"(1024, 256, 1, 1)",10.462014491741474,42,3,
resnet50_no_weights,CIFAR10,fp32_fused_qat,43,layer3.1.conv3,layer3.1.conv3,"(1024, 256, 1, 1)",10.741469655718122,43,3,
resnet50_no_weights,CIFAR10,fp32_fused_qat,44,layer3.1.conv3,layer3.1.conv3,"(1024, 256, 1, 1)",10.263403499827666,44,3,
resnet50_no_weights,CIFAR10,fp32_fused_qat,"42,43,44",layer3.1.conv3,layer3.1.conv3,"(1024, 256, 1, 1)",10.488962549095755,aggregate,3,0.24016964982767214
resnet50_no_weights,CIFAR10,fp32_fused_qat,42,layer3.2.conv1,layer3.2.conv1,"(256, 1024, 1, 1)",14.201962343851726,42,3,
resnet50_no_weights,CIFAR10,fp32_fused_qat,43,layer3.2.conv1,layer3.2.conv1,"(256, 1024, 1, 1)",17.18573353507302,43,3,
resnet50_no_weights,CIFAR10,fp32_fused_qat,44,layer3.2.conv1,layer3.2.conv1,"(256, 1024, 1, 1)",17.54674221919133,44,3,
resnet50_no_weights,CIFAR10,fp32_fused_qat,"42,43,44",layer3.2.conv1,layer3.2.conv1,"(256, 1024, 1, 1)",16.311479366038693,aggregate,3,1.8357909378996924
resnet50_no_weights,CIFAR10,fp32_fused_qat,42,layer3.2.conv2,layer3.2.conv2,"(256, 256, 3, 3)",28.750478625297546,42,3,
resnet50_no_weights,CIFAR10,fp32_fused_qat,43,layer3.2.conv2,layer3.2.conv2,"(256, 256, 3, 3)",20.443441814846462,43,3,
resnet50_no_weights,CIFAR10,fp32_fused_qat,44,layer3.2.conv2,layer3.2.conv2,"(256, 256, 3, 3)",24.17059669494629,44,3,
resnet50_no_weights,CIFAR10,fp32_fused_qat,"42,43,44",layer3.2.conv2,layer3.2.conv2,"(256, 256, 3, 3)",24.4548390450301,aggregate,3,4.160806463623754
resnet50_no_weights,CIFAR10,fp32_fused_qat,42,layer3.2.conv3,layer3.2.conv3,"(1024, 256, 1, 1)",16.519699096679688,42,3,
resnet50_no_weights,CIFAR10,fp32_fused_qat,43,layer3.2.conv3,layer3.2.conv3,"(1024, 256, 1, 1)",15.742303518148569,43,3,
resnet50_no_weights,CIFAR10,fp32_fused_qat,44,layer3.2.conv3,layer3.2.conv3,"(1024, 256, 1, 1)",16.502426433563233,44,3,
resnet50_no_weights,CIFAR10,fp32_fused_qat,"42,43,44",layer3.2.conv3,layer3.2.conv3,"(1024, 256, 1, 1)",16.254809682797163,aggregate,3,0.4439273733674153
resnet50_no_weights,CIFAR10,fp32_fused_qat,42,layer3.3.conv1,layer3.3.conv1,"(256, 1024, 1, 1)",27.388358919244062,42,3,
resnet50_no_weights,CIFAR10,fp32_fused_qat,43,layer3.3.conv1,layer3.3.conv1,"(256, 1024, 1, 1)",27.51799144744873,43,3,
resnet50_no_weights,CIFAR10,fp32_fused_qat,44,layer3.3.conv1,layer3.3.conv1,"(256, 1024, 1, 1)",29.310215516523883,44,3,
resnet50_no_weights,CIFAR10,fp32_fused_qat,"42,43,44",layer3.3.conv1,layer3.3.conv1,"(256, 1024, 1, 1)",28.072188627738893,aggregate,3,1.0741201427718257
resnet50_no_weights,CIFAR10,fp32_fused_qat,42,layer3.3.conv2,layer3.3.conv2,"(256, 256, 3, 3)",32.482639694213866,42,3,
resnet50_no_weights,CIFAR10,fp32_fused_qat,43,layer3.3.conv2,layer3.3.conv2,"(256, 256, 3, 3)",30.91580778757731,43,3,
resnet50_no_weights,CIFAR10,fp32_fused_qat,44,layer3.3.conv2,layer3.3.conv2,"(256, 256, 3, 3)",30.562614874406293,44,3,
resnet50_no_weights,CIFAR10,fp32_fused_qat,"42,43,44",layer3.3.conv2,layer3.3.conv2,"(256, 256, 3, 3)",31.32035411873249,aggregate,3,1.021942820175186
resnet50_no_weights,CIFAR10,fp32_fused_qat,42,layer3.3.conv3,layer3.3.conv3,"(1024, 256, 1, 1)",17.28743725352817,42,3,
resnet50_no_weights,CIFAR10,fp32_fused_qat,43,layer3.3.conv3,layer3.3.conv3,"(1024, 256, 1, 1)",17.49497675895691,43,3,
resnet50_no_weights,CIFAR10,fp32_fused_qat,44,layer3.3.conv3,layer3.3.conv3,"(1024, 256, 1, 1)",16.276768732070924,44,3,
resnet50_no_weights,CIFAR10,fp32_fused_qat,"42,43,44",layer3.3.conv3,layer3.3.conv3,"(1024, 256, 1, 1)",17.01972758151867,aggregate,3,0.6517354145341026
resnet50_no_weights,CIFAR10,fp32_fused_qat,42,layer3.4.conv1,layer3.4.conv1,"(256, 1024, 1, 1)",32.08482164655413,42,3,
resnet50_no_weights,CIFAR10,fp32_fused_qat,43,layer3.4.conv1,layer3.4.conv1,"(256, 1024, 1, 1)",30.051391944885253,43,3,
resnet50_no_weights,CIFAR10,fp32_fused_qat,44,layer3.4.conv1,layer3.4.conv1,"(256, 1024, 1, 1)",29.01691304082456,44,3,
resnet50_no_weights,CIFAR10,fp32_fused_qat,"42,43,44",layer3.4.conv1,layer3.4.conv1,"(256, 1024, 1, 1)",30.38437554408798,aggregate,3,1.5608248977002184
resnet50_no_weights,CIFAR10,fp32_fused_qat,42,layer3.4.conv2,layer3.4.conv2,"(256, 256, 3, 3)",13.384708442186055,42,3,
resnet50_no_weights,CIFAR10,fp32_fused_qat,43,layer3.4.conv2,layer3.4.conv2,"(256, 256, 3, 3)",12.624851998828706,43,3,
resnet50_no_weights,CIFAR10,fp32_fused_qat,44,layer3.4.conv2,layer3.4.conv2,"(256, 256, 3, 3)",12.163852415586772,44,3,
resnet50_no_weights,CIFAR10,fp32_fused_qat,"42,43,44",layer3.4.conv2,layer3.4.conv2,"(256, 256, 3, 3)",12.72447095220051,aggregate,3,0.6164943724999582
resnet50_no_weights,CIFAR10,fp32_fused_qat,42,layer3.4.conv3,layer3.4.conv3,"(1024, 256, 1, 1)",12.503366606576103,42,3,
resnet50_no_weights,CIFAR10,fp32_fused_qat,43,layer3.4.conv3,layer3.4.conv3,"(1024, 256, 1, 1)",10.646682739257812,43,3,
resnet50_no_weights,CIFAR10,fp32_fused_qat,44,layer3.4.conv3,layer3.4.conv3,"(1024, 256, 1, 1)",10.833463026927067,44,3,
resnet50_no_weights,CIFAR10,fp32_fused_qat,"42,43,44",layer3.4.conv3,layer3.4.conv3,"(1024, 256, 1, 1)",11.327837457586995,aggregate,3,1.0223127232201241
resnet50_no_weights,CIFAR10,fp32_fused_qat,42,layer3.5.conv1,layer3.5.conv1,"(256, 1024, 1, 1)",23.09724572988657,42,3,
resnet50_no_weights,CIFAR10,fp32_fused_qat,43,layer3.5.conv1,layer3.5.conv1,"(256, 1024, 1, 1)",19.970613413843616,43,3,
resnet50_no_weights,CIFAR10,fp32_fused_qat,44,layer3.5.conv1,layer3.5.conv1,"(256, 1024, 1, 1)",21.369260421166054,44,3,
resnet50_no_weights,CIFAR10,fp32_fused_qat,"42,43,44",layer3.5.conv1,layer3.5.conv1,"(256, 1024, 1, 1)",21.479039854965414,aggregate,3,1.5662043458613608
resnet50_no_weights,CIFAR10,fp32_fused_qat,42,layer3.5.conv2,layer3.5.conv2,"(256, 256, 3, 3)",4.268972496191661,42,3,
resnet50_no_weights,CIFAR10,fp32_fused_qat,43,layer3.5.conv2,layer3.5.conv2,"(256, 256, 3, 3)",4.4040114164352415,43,3,
resnet50_no_weights,CIFAR10,fp32_fused_qat,44,layer3.5.conv2,layer3.5.conv2,"(256, 256, 3, 3)",4.17827312151591,44,3,
resnet50_no_weights,CIFAR10,fp32_fused_qat,"42,43,44",layer3.5.conv2,layer3.5.conv2,"(256, 256, 3, 3)",4.283752344714271,aggregate,3,0.1135925939048635
resnet50_no_weights,CIFAR10,fp32_fused_qat,42,layer3.5.conv3,layer3.5.conv3,"(1024, 256, 1, 1)",5.680119079092274,42,3,
resnet50_no_weights,CIFAR10,fp32_fused_qat,43,layer3.5.conv3,layer3.5.conv3,"(1024, 256, 1, 1)",5.626711964607239,43,3,
resnet50_no_weights,CIFAR10,fp32_fused_qat,44,layer3.5.conv3,layer3.5.conv3,"(1024, 256, 1, 1)",4.451864570379257,44,3,
resnet50_no_weights,CIFAR10,fp32_fused_qat,"42,43,44",layer3.5.conv3,layer3.5.conv3,"(1024, 256, 1, 1)",5.2528985380262565,aggregate,3,0.6942295319003833
resnet50_no_weights,CIFAR10,fp32_fused_qat,42,layer4.0.conv1,layer4.0.conv1,"(512, 1024, 1, 1)",39.47425285650759,42,3,
resnet50_no_weights,CIFAR10,fp32_fused_qat,43,layer4.0.conv1,layer4.0.conv1,"(512, 1024, 1, 1)",44.100785391671316,43,3,
resnet50_no_weights,CIFAR10,fp32_fused_qat,44,layer4.0.conv1,layer4.0.conv1,"(512, 1024, 1, 1)",40.55850591659546,44,3,
resnet50_no_weights,CIFAR10,fp32_fused_qat,"42,43,44",layer4.0.conv1,layer4.0.conv1,"(512, 1024, 1, 1)",41.37784805492479,aggregate,3,2.4196470774606125
resnet50_no_weights,CIFAR10,fp32_fused_qat,42,layer4.0.conv2,layer4.0.conv2,"(512, 512, 3, 3)",10.69808775583903,42,3,
resnet50_no_weights,CIFAR10,fp32_fused_qat,43,layer4.0.conv2,layer4.0.conv2,"(512, 512, 3, 3)",10.14900625905683,43,3,
resnet50_no_weights,CIFAR10,fp32_fused_qat,44,layer4.0.conv2,layer4.0.conv2,"(512, 512, 3, 3)",10.800246991609272,44,3,
resnet50_no_weights,CIFAR10,fp32_fused_qat,"42,43,44",layer4.0.conv2,layer4.0.conv2,"(512, 512, 3, 3)",10.549113668835044,aggregate,3,0.3502478863360407
resnet50_no_weights,CIFAR10,fp32_fused_qat,42,layer4.0.conv3,layer4.0.conv3,"(2048, 512, 1, 1)",9.652891311645508,42,3,
resnet50_no_weights,CIFAR10,fp32_fused_qat,43,layer4.0.conv3,layer4.0.conv3,"(2048, 512, 1, 1)",7.077790546417236,43,3,
resnet50_no_weights,CIFAR10,fp32_fused_qat,44,layer4.0.conv3,layer4.0.conv3,"(2048, 512, 1, 1)",8.762569653360467,44,3,
resnet50_no_weights,CIFAR10,fp32_fused_qat,"42,43,44",layer4.0.conv3,layer4.0.conv3,"(2048, 512, 1, 1)",8.497750503807737,aggregate,3,1.3078160704958404
resnet50_no_weights,CIFAR10,fp32_fused_qat,42,layer4.0.downsample.0,layer4.0.downsample.0,"(2048, 1024, 1, 1)",34.159661849339805,42,3,
resnet50_no_weights,CIFAR10,fp32_fused_qat,43,layer4.0.downsample.0,layer4.0.downsample.0,"(2048, 1024, 1, 1)",35.1562668701698,43,3,
resnet50_no_weights,CIFAR10,fp32_fused_qat,44,layer4.0.downsample.0,layer4.0.downsample.0,"(2048, 1024, 1, 1)",35.215416020360486,44,3,
resnet50_no_weights,CIFAR10,fp32_fused_qat,"42,43,44",layer4.0.downsample.0,layer4.0.downsample.0,"(2048, 1024, 1, 1)",34.8437815799567,aggregate,3,0.5932027561100564
resnet50_no_weights,CIFAR10,fp32_fused_qat,42,layer4.1.conv1,layer4.1.conv1,"(512, 2048, 1, 1)",38.518297576904295,42,3,
resnet50_no_weights,CIFAR10,fp32_fused_qat,43,layer4.1.conv1,layer4.1.conv1,"(512, 2048, 1, 1)",37.572204317365376,43,3,
resnet50_no_weights,CIFAR10,fp32_fused_qat,44,layer4.1.conv1,layer4.1.conv1,"(512, 2048, 1, 1)",38.702088038126625,44,3,
resnet50_no_weights,CIFAR10,fp32_fused_qat,"42,43,44",layer4.1.conv1,layer4.1.conv1,"(512, 2048, 1, 1)",38.2641966441321,aggregate,3,0.6062876946113095
resnet50_no_weights,CIFAR10,fp32_fused_qat,42,layer4.1.conv2,layer4.1.conv2,"(512, 512, 3, 3)",81.68132189700478,42,3,
resnet50_no_weights,CIFAR10,fp32_fused_qat,43,layer4.1.conv2,layer4.1.conv2,"(512, 512, 3, 3)",92.51301520211356,43,3,
resnet50_no_weights,CIFAR10,fp32_fused_qat,44,layer4.1.conv2,layer4.1.conv2,"(512, 512, 3, 3)",77.7767333984375,44,3,
resnet50_no_weights,CIFAR10,fp32_fused_qat,"42,43,44",layer4.1.conv2,layer4.1.conv2,"(512, 512, 3, 3)",83.99035683251861,aggregate,3,7.634673018499621
resnet50_no_weights,CIFAR10,fp32_fused_qat,42,layer4.1.conv3,layer4.1.conv3,"(2048, 512, 1, 1)",17.464087046109714,42,3,
resnet50_no_weights,CIFAR10,fp32_fused_qat,43,layer4.1.conv3,layer4.1.conv3,"(2048, 512, 1, 1)",17.577956104278563,43,3,
resnet50_no_weights,CIFAR10,fp32_fused_qat,44,layer4.1.conv3,layer4.1.conv3,"(2048, 512, 1, 1)",17.91279674398488,44,3,
resnet50_no_weights,CIFAR10,fp32_fused_qat,"42,43,44",layer4.1.conv3,layer4.1.conv3,"(2048, 512, 1, 1)",17.651613298124385,aggregate,3,0.23324693973498706
resnet50_no_weights,CIFAR10,fp32_fused_qat,42,layer4.2.conv1,layer4.2.conv1,"(512, 2048, 1, 1)",42.54001408815384,42,3,
resnet50_no_weights,CIFAR10,fp32_fused_qat,43,layer4.2.conv1,layer4.2.conv1,"(512, 2048, 1, 1)",42.15759866629074,43,3,
resnet50_no_weights,CIFAR10,fp32_fused_qat,44,layer4.2.conv1,layer4.2.conv1,"(512, 2048, 1, 1)",51.39860897064209,44,3,
resnet50_no_weights,CIFAR10,fp32_fused_qat,"42,43,44",layer4.2.conv1,layer4.2.conv1,"(512, 2048, 1, 1)",45.36540724169556,aggregate,3,5.2284034575903044
resnet50_no_weights,CIFAR10,fp32_fused_qat,42,layer4.2.conv2,layer4.2.conv2,"(512, 512, 3, 3)",6.322683906555175,42,3,
resnet50_no_weights,CIFAR10,fp32_fused_qat,43,layer4.2.conv2,layer4.2.conv2,"(512, 512, 3, 3)",6.199144065380096,43,3,
resnet50_no_weights,CIFAR10,fp32_fused_qat,44,layer4.2.conv2,layer4.2.conv2,"(512, 512, 3, 3)",7.157127611098751,44,3,
resnet50_no_weights,CIFAR10,fp32_fused_qat,"42,43,44",layer4.2.conv2,layer4.2.conv2,"(512, 512, 3, 3)",6.559651861011341,aggregate,3,0.5211031347499994
resnet50_no_weights,CIFAR10,fp32_fused_qat,42,layer4.2.conv3,layer4.2.conv3,"(2048, 512, 1, 1)",4.961809368928273,42,3,
resnet50_no_weights,CIFAR10,fp32_fused_qat,43,layer4.2.conv3,layer4.2.conv3,"(2048, 512, 1, 1)",4.494882868395911,43,3,
resnet50_no_weights,CIFAR10,fp32_fused_qat,44,layer4.2.conv3,layer4.2.conv3,"(2048, 512, 1, 1)",5.2575602531433105,44,3,
resnet50_no_weights,CIFAR10,fp32_fused_qat,"42,43,44",layer4.2.conv3,layer4.2.conv3,"(2048, 512, 1, 1)",4.904750830155832,aggregate,3,0.3845269248523669
resnet50_no_weights,CIFAR10,fp32_fused_qat,42,fc,fc,"(10, 2048)",4.809369752804439,42,3,
resnet50_no_weights,CIFAR10,fp32_fused_qat,43,fc,fc,"(10, 2048)",5.560467004776001,43,3,
resnet50_no_weights,CIFAR10,fp32_fused_qat,44,fc,fc,"(10, 2048)",5.532336780899449,44,3,
resnet50_no_weights,CIFAR10,fp32_fused_qat,"42,43,44",fc,fc,"(10, 2048)",5.30072451282663,aggregate,3,0.42575809155104133
resnet18_no_weights,CIFAR10,fp32_unfused,42,conv1,conv1,"(64, 3, 3, 3)",16.029529270003824,42,3,
resnet18_no_weights,CIFAR10,fp32_unfused,43,conv1,conv1,"(64, 3, 3, 3)",16.189764404296874,43,3,
resnet18_no_weights,CIFAR10,fp32_unfused,44,conv1,conv1,"(64, 3, 3, 3)",18.898091588701522,44,3,
resnet18_no_weights,CIFAR10,fp32_unfused,"42,43,44",conv1,conv1,"(64, 3, 3, 3)",17.03912842100074,aggregate,3,1.611901631215929
resnet18_no_weights,CIFAR10,fp32_unfused,42,layer1.0.conv1,layer1.0.conv1,"(64, 64, 3, 3)",19.483011881510418,42,3,
resnet18_no_weights,CIFAR10,fp32_unfused,43,layer1.0.conv1,layer1.0.conv1,"(64, 64, 3, 3)",18.75238561630249,43,3,
resnet18_no_weights,CIFAR10,fp32_unfused,44,layer1.0.conv1,layer1.0.conv1,"(64, 64, 3, 3)",18.832024035246477,44,3,
resnet18_no_weights,CIFAR10,fp32_unfused,"42,43,44",layer1.0.conv1,layer1.0.conv1,"(64, 64, 3, 3)",19.02247384435313,aggregate,3,0.4008204488227756
resnet18_no_weights,CIFAR10,fp32_unfused,42,layer1.0.conv2,layer1.0.conv2,"(64, 64, 3, 3)",31.572033923605215,42,3,
resnet18_no_weights,CIFAR10,fp32_unfused,43,layer1.0.conv2,layer1.0.conv2,"(64, 64, 3, 3)",30.2080044065203,43,3,
resnet18_no_weights,CIFAR10,fp32_unfused,44,layer1.0.conv2,layer1.0.conv2,"(64, 64, 3, 3)",33.978876662254336,44,3,
resnet18_no_weights,CIFAR10,fp32_unfused,"42,43,44",layer1.0.conv2,layer1.0.conv2,"(64, 64, 3, 3)",31.919638330793283,aggregate,3,1.9093168962193268
resnet18_no_weights,CIFAR10,fp32_unfused,42,layer1.1.conv1,layer1.1.conv1,"(64, 64, 3, 3)",47.77069385528564,42,3,
resnet18_no_weights,CIFAR10,fp32_unfused,43,layer1.1.conv1,layer1.1.conv1,"(64, 64, 3, 3)",51.54836622873942,43,3,
resnet18_no_weights,CIFAR10,fp32_unfused,44,layer1.1.conv1,layer1.1.conv1,"(64, 64, 3, 3)",49.19822424108332,44,3,
resnet18_no_weights,CIFAR10,fp32_unfused,"42,43,44",layer1.1.conv1,layer1.1.conv1,"(64, 64, 3, 3)",49.505761441702795,aggregate,3,1.9075210320236624
resnet18_no_weights,CIFAR10,fp32_unfused,42,layer1.1.conv2,layer1.1.conv2,"(64, 64, 3, 3)",33.69786182403564,42,3,
resnet18_no_weights,CIFAR10,fp32_unfused,43,layer1.1.conv2,layer1.1.conv2,"(64, 64, 3, 3)",32.93370728743704,43,3,
resnet18_no_weights,CIFAR10,fp32_unfused,44,layer1.1.conv2,layer1.1.conv2,"(64, 64, 3, 3)",31.59668192409334,44,3,
resnet18_no_weights,CIFAR10,fp32_unfused,"42,43,44",layer1.1.conv2,layer1.1.conv2,"(64, 64, 3, 3)",32.742750345188675,aggregate,3,1.0635260496692216
resnet18_no_weights,CIFAR10,fp32_unfused,42,layer2.0.conv1,layer2.0.conv1,"(128, 64, 3, 3)",47.22332448959351,42,3,
resnet18_no_weights,CIFAR10,fp32_unfused,43,layer2.0.conv1,layer2.0.conv1,"(128, 64, 3, 3)",43.69655630323622,43,3,
resnet18_no_weights,CIFAR10,fp32_unfused,44,layer2.0.conv1,layer2.0.conv1,"(128, 64, 3, 3)",51.57557773590088,44,3,
resnet18_no_weights,CIFAR10,fp32_unfused,"42,43,44",layer2.0.conv1,layer2.0.conv1,"(128, 64, 3, 3)",47.49848617624354,aggregate,3,3.9467113080953014
resnet18_no_weights,CIFAR10,fp32_unfused,42,layer2.0.conv2,layer2.0.conv2,"(128, 128, 3, 3)",52.201831000191824,42,3,
resnet18_no_weights,CIFAR10,fp32_unfused,43,layer2.0.conv2,layer2.0.conv2,"(128, 128, 3, 3)",62.225311279296875,43,3,
resnet18_no_weights,CIFAR10,fp32_unfused,44,layer2.0.conv2,layer2.0.conv2,"(128, 128, 3, 3)",53.099329662323,44,3,
resnet18_no_weights,CIFAR10,fp32_unfused,"42,43,44",layer2.0.conv2,layer2.0.conv2,"(128, 128, 3, 3)",55.842157313937236,aggregate,3,5.546157847667762
resnet18_no_weights,CIFAR10,fp32_unfused,42,layer2.0.downsample.0,layer2.0.downsample.0,"(128, 64, 1, 1)",32.800399260087445,42,3,
resnet18_no_weights,CIFAR10,fp32_unfused,43,layer2.0.downsample.0,layer2.0.downsample.0,"(128, 64, 1, 1)",30.53687372661772,43,3,
resnet18_no_weights,CIFAR10,fp32_unfused,44,layer2.0.downsample.0,layer2.0.downsample.0,"(128, 64, 1, 1)",28.994176970587837,44,3,
resnet18_no_weights,CIFAR10,fp32_unfused,"42,43,44",layer2.0.downsample.0,layer2.0.downsample.0,"(128, 64, 1, 1)",30.777149985764336,aggregate,3,1.9144533266191235
resnet18_no_weights,CIFAR10,fp32_unfused,42,layer2.1.conv1,layer2.1.conv1,"(128, 128, 3, 3)",59.573444590849036,42,3,
resnet18_no_weights,CIFAR10,fp32_unfused,43,layer2.1.conv1,layer2.1.conv1,"(128, 128, 3, 3)",49.369480556911896,43,3,
resnet18_no_weights,CIFAR10,fp32_unfused,44,layer2.1.conv1,layer2.1.conv1,"(128, 128, 3, 3)",54.839395440143086,44,3,
resnet18_no_weights,CIFAR10,fp32_unfused,"42,43,44",layer2.1.conv1,layer2.1.conv1,"(128, 128, 3, 3)",54.594106862634675,aggregate,3,5.106402389761578
resnet18_no_weights,CIFAR10,fp32_unfused,42,layer2.1.conv2,layer2.1.conv2,"(128, 128, 3, 3)",37.4314215523856,42,3,
resnet18_no_weights,CIFAR10,fp32_unfused,43,layer2.1.conv2,layer2.1.conv2,"(128, 128, 3, 3)",34.433178172392005,43,3,
resnet18_no_weights,CIFAR10,fp32_unfused,44,layer2.1.conv2,layer2.1.conv2,"(128, 128, 3, 3)",37.48537034254808,44,3,
resnet18_no_weights,CIFAR10,fp32_unfused,"42,43,44",layer2.1.conv2,layer2.1.conv2,"(128, 128, 3, 3)",36.449990022441895,aggregate,3,1.7468185786927748
resnet18_no_weights,CIFAR10,fp32_unfused,42,layer3.0.conv1,layer3.0.conv1,"(256, 128, 3, 3)",56.5103099822998,42,3,
resnet18_no_weights,CIFAR10,fp32_unfused,43,layer3.0.conv1,layer3.0.conv1,"(256, 128, 3, 3)",71.0768544514974,43,3,
resnet18_no_weights,CIFAR10,fp32_unfused,44,layer3.0.conv1,layer3.0.conv1,"(256, 128, 3, 3)",64.59403800964355,44,3,
resnet18_no_weights,CIFAR10,fp32_unfused,"42,43,44",layer3.0.conv1,layer3.0.conv1,"(256, 128, 3, 3)",64.06040081448025,aggregate,3,7.297919630642974
resnet18_no_weights,CIFAR10,fp32_unfused,42,layer3.0.conv2,layer3.0.conv2,"(256, 256, 3, 3)",77.66559219360352,42,3,
resnet18_no_weights,CIFAR10,fp32_unfused,43,layer3.0.conv2,layer3.0.conv2,"(256, 256, 3, 3)",83.76367966334026,43,3,
resnet18_no_weights,CIFAR10,fp32_unfused,44,layer3.0.conv2,layer3.0.conv2,"(256, 256, 3, 3)",76.0807237625122,44,3,
resnet18_no_weights,CIFAR10,fp32_unfused,"42,43,44",layer3.0.conv2,layer3.0.conv2,"(256, 256, 3, 3)",79.16999853981866,aggregate,3,4.056400089293021
resnet18_no_weights,CIFAR10,fp32_unfused,42,layer3.0.downsample.0,layer3.0.downsample.0,"(256, 128, 1, 1)",21.76207755162166,42,3,
resnet18_no_weights,CIFAR10,fp32_unfused,43,layer3.0.downsample.0,layer3.0.downsample.0,"(256, 128, 1, 1)",22.96184266131857,43,3,
resnet18_no_weights,CIFAR10,fp32_unfused,44,layer3.0.downsample.0,layer3.0.downsample.0,"(256, 128, 1, 1)",21.6884659131368,44,3,
resnet18_no_weights,CIFAR10,fp32_unfused,"42,43,44",layer3.0.downsample.0,layer3.0.downsample.0,"(256, 128, 1, 1)",22.137462042025675,aggregate,3,0.714882663399672
resnet18_no_weights,CIFAR10,fp32_unfused,42,layer3.1.conv1,layer3.1.conv1,"(256, 256, 3, 3)",61.454031421292214,42,3,
resnet18_no_weights,CIFAR10,fp32_unfused,43,layer3.1.conv1,layer3.1.conv1,"(256, 256, 3, 3)",58.236253356933595,43,3,
resnet18_no_weights,CIFAR10,fp32_unfused,44,layer3.1.conv1,layer3.1.conv1,"(256, 256, 3, 3)",50.85798094007704,44,3,
resnet18_no_weights,CIFAR10,fp32_unfused,"42,43,44",layer3.1.conv1,layer3.1.conv1,"(256, 256, 3, 3)",56.84942190610095,aggregate,3,5.432453180182873
resnet18_no_weights,CIFAR10,fp32_unfused,42,layer3.1.conv2,layer3.1.conv2,"(256, 256, 3, 3)",36.30705177307129,42,3,
resnet18_no_weights,CIFAR10,fp32_unfused,43,layer3.1.conv2,layer3.1.conv2,"(256, 256, 3, 3)",38.22681232374541,43,3,
resnet18_no_weights,CIFAR10,fp32_unfused,44,layer3.1.conv2,layer3.1.conv2,"(256, 256, 3, 3)",36.634310213724774,44,3,
resnet18_no_weights,CIFAR10,fp32_unfused,"42,43,44",layer3.1.conv2,layer3.1.conv2,"(256, 256, 3, 3)",37.05605810351383,aggregate,3,1.0270217158791213
resnet18_no_weights,CIFAR10,fp32_unfused,42,layer4.0.conv1,layer4.0.conv1,"(512, 256, 3, 3)",41.495694186236406,42,3,
resnet18_no_weights,CIFAR10,fp32_unfused,43,layer4.0.conv1,layer4.0.conv1,"(512, 256, 3, 3)",43.43116935094198,43,3,
resnet18_no_weights,CIFAR10,fp32_unfused,44,layer4.0.conv1,layer4.0.conv1,"(512, 256, 3, 3)",37.043636322021484,44,3,
resnet18_no_weights,CIFAR10,fp32_unfused,"42,43,44",layer4.0.conv1,layer4.0.conv1,"(512, 256, 3, 3)",40.65683328639996,aggregate,3,3.275348875439587
resnet18_no_weights,CIFAR10,fp32_unfused,42,layer4.0.conv2,layer4.0.conv2,"(512, 512, 3, 3)",46.0817554615162,42,3,
resnet18_no_weights,CIFAR10,fp32_unfused,43,layer4.0.conv2,layer4.0.conv2,"(512, 512, 3, 3)",46.98259801449983,43,3,
resnet18_no_weights,CIFAR10,fp32_unfused,44,layer4.0.conv2,layer4.0.conv2,"(512, 512, 3, 3)",40.943637757074264,44,3,
resnet18_no_weights,CIFAR10,fp32_unfused,"42,43,44",layer4.0.conv2,layer4.0.conv2,"(512, 512, 3, 3)",44.669330411030096,aggregate,3,3.2578318925509135
resnet18_no_weights,CIFAR10,fp32_unfused,42,layer4.0.downsample.0,layer4.0.downsample.0,"(512, 256, 1, 1)",22.655716169448127,42,3,
resnet18_no_weights,CIFAR10,fp32_unfused,43,layer4.0.downsample.0,layer4.0.downsample.0,"(512, 256, 1, 1)",21.233392624627974,43,3,
resnet18_no_weights,CIFAR10,fp32_unfused,44,layer4.0.downsample.0,layer4.0.downsample.0,"(512, 256, 1, 1)",20.946421813964843,44,3,
resnet18_no_weights,CIFAR10,fp32_unfused,"42,43,44",layer4.0.downsample.0,layer4.0.downsample.0,"(512, 256, 1, 1)",21.611843536013648,aggregate,3,0.9153363412802087
resnet18_no_weights,CIFAR10,fp32_unfused,42,layer4.1.conv1,layer4.1.conv1,"(512, 512, 3, 3)",47.878895867954604,42,3,
resnet18_no_weights,CIFAR10,fp32_unfused,43,layer4.1.conv1,layer4.1.conv1,"(512, 512, 3, 3)",36.26932973447053,43,3,
resnet18_no_weights,CIFAR10,fp32_unfused,44,layer4.1.conv1,layer4.1.conv1,"(512, 512, 3, 3)",35.6313042640686,44,3,
resnet18_no_weights,CIFAR10,fp32_unfused,"42,43,44",layer4.1.conv1,layer4.1.conv1,"(512, 512, 3, 3)",39.92650995549791,aggregate,3,6.894352790559831
resnet18_no_weights,CIFAR10,fp32_unfused,42,layer4.1.conv2,layer4.1.conv2,"(512, 512, 3, 3)",13.515614706536997,42,3,
resnet18_no_weights,CIFAR10,fp32_unfused,43,layer4.1.conv2,layer4.1.conv2,"(512, 512, 3, 3)",11.77142029716855,43,3,
resnet18_no_weights,CIFAR10,fp32_unfused,44,layer4.1.conv2,layer4.1.conv2,"(512, 512, 3, 3)",13.453635022044182,44,3,
resnet18_no_weights,CIFAR10,fp32_unfused,"42,43,44",layer4.1.conv2,layer4.1.conv2,"(512, 512, 3, 3)",12.91355667524991,aggregate,3,0.9896044664031494
resnet18_no_weights,CIFAR10,fp32_unfused,42,fc,fc,"(10, 512)",3.684056927176083,42,3,
resnet18_no_weights,CIFAR10,fp32_unfused,43,fc,fc,"(10, 512)",3.3430485129356384,43,3,
resnet18_no_weights,CIFAR10,fp32_unfused,44,fc,fc,"(10, 512)",3.4396308935605564,44,3,
resnet18_no_weights,CIFAR10,fp32_unfused,"42,43,44",fc,fc,"(10, 512)",3.4889121112240926,aggregate,3,0.17576451136818344
resnet18_no_weights,CIFAR10,ptq,42,conv1,conv1,"(64, 3, 3, 3)",174.5114200298603,42,3,
resnet18_no_weights,CIFAR10,ptq,43,conv1,conv1,"(64, 3, 3, 3)",157.25573337439334,43,3,
resnet18_no_weights,CIFAR10,ptq,44,conv1,conv1,"(64, 3, 3, 3)",187.8880605061849,44,3,
resnet18_no_weights,CIFAR10,ptq,"42,43,44",conv1,conv1,"(64, 3, 3, 3)",173.21840463681283,aggregate,3,15.357043432323374
resnet18_no_weights,CIFAR10,ptq,42,layer1.0.conv1,layer1.0.conv1,"(64, 64, 3, 3)",39.92734725387008,42,3,
resnet18_no_weights,CIFAR10,ptq,43,layer1.0.conv1,layer1.0.conv1,"(64, 64, 3, 3)",44.9874772158536,43,3,
resnet18_no_weights,CIFAR10,ptq,44,layer1.0.conv1,layer1.0.conv1,"(64, 64, 3, 3)",48.783131980895995,44,3,
resnet18_no_weights,CIFAR10,ptq,"42,43,44",layer1.0.conv1,layer1.0.conv1,"(64, 64, 3, 3)",44.56598548353989,aggregate,3,4.442912585586505
resnet18_no_weights,CIFAR10,ptq,42,layer1.0.conv2,layer1.0.conv2,"(64, 64, 3, 3)",43.59813798268636,42,3,
resnet18_no_weights,CIFAR10,ptq,43,layer1.0.conv2,layer1.0.conv2,"(64, 64, 3, 3)",47.61192376273019,43,3,
resnet18_no_weights,CIFAR10,ptq,44,layer1.0.conv2,layer1.0.conv2,"(64, 64, 3, 3)",51.4842312676566,44,3,
resnet18_no_weights,CIFAR10,ptq,"42,43,44",layer1.0.conv2,layer1.0.conv2,"(64, 64, 3, 3)",47.56476433769105,aggregate,3,3.9432581494673515
resnet18_no_weights,CIFAR10,ptq,42,layer1.1.conv1,layer1.1.conv1,"(64, 64, 3, 3)",262.6958343505859,42,3,
resnet18_no_weights,CIFAR10,ptq,43,layer1.1.conv1,layer1.1.conv1,"(64, 64, 3, 3)",238.33297171243808,43,3,
resnet18_no_weights,CIFAR10,ptq,44,layer1.1.conv1,layer1.1.conv1,"(64, 64, 3, 3)",260.9557616071003,44,3,
resnet18_no_weights,CIFAR10,ptq,"42,43,44",layer1.1.conv1,layer1.1.conv1,"(64, 64, 3, 3)",253.99485589004144,aggregate,3,13.591465163206369
resnet18_no_weights,CIFAR10,ptq,42,layer1.1.conv2,layer1.1.conv2,"(64, 64, 3, 3)",30.11627378463745,42,3,
resnet18_no_weights,CIFAR10,ptq,43,layer1.1.conv2,layer1.1.conv2,"(64, 64, 3, 3)",26.940919001897175,43,3,
resnet18_no_weights,CIFAR10,ptq,44,layer1.1.conv2,layer1.1.conv2,"(64, 64, 3, 3)",23.043384275938337,44,3,
resnet18_no_weights,CIFAR10,ptq,"42,43,44",layer1.1.conv2,layer1.1.conv2,"(64, 64, 3, 3)",26.700192354157654,aggregate,3,3.5425842953648154
resnet18_no_weights,CIFAR10,ptq,42,layer2.0.conv1,layer2.0.conv1,"(128, 64, 3, 3)",201.15087058327416,42,3,
resnet18_no_weights,CIFAR10,ptq,43,layer2.0.conv1,layer2.0.conv1,"(128, 64, 3, 3)",184.53773668077258,43,3,
resnet18_no_weights,CIFAR10,ptq,44,layer2.0.conv1,layer2.0.conv1,"(128, 64, 3, 3)",224.75908975040213,44,3,
resnet18_no_weights,CIFAR10,ptq,"42,43,44",layer2.0.conv1,layer2.0.conv1,"(128, 64, 3, 3)",203.48256567148294,aggregate,3,20.21180130953776
resnet18_no_weights,CIFAR10,ptq,42,layer2.0.conv2,layer2.0.conv2,"(128, 128, 3, 3)",51.07257234133207,42,3,
resnet18_no_weights,CIFAR10,ptq,43,layer2.0.conv2,layer2.0.conv2,"(128, 128, 3, 3)",51.36329665007415,43,3,
resnet18_no_weights,CIFAR10,ptq,44,layer2.0.conv2,layer2.0.conv2,"(128, 128, 3, 3)",57.68326791127523,44,3,
resnet18_no_weights,CIFAR10,ptq,"42,43,44",layer2.0.conv2,layer2.0.conv2,"(128, 128, 3, 3)",53.37304563422715,aggregate,3,3.735591280385817
resnet18_no_weights,CIFAR10,ptq,42,layer2.0.downsample.0,layer2.0.downsample.0,"(128, 64, 1, 1)",23.429992883101754,42,3,
resnet18_no_weights,CIFAR10,ptq,43,layer2.0.downsample.0,layer2.0.downsample.0,"(128, 64, 1, 1)",27.39029565350763,43,3,
resnet18_no_weights,CIFAR10,ptq,44,layer2.0.downsample.0,layer2.0.downsample.0,"(128, 64, 1, 1)",23.448150157928467,44,3,
resnet18_no_weights,CIFAR10,ptq,"42,43,44",layer2.0.downsample.0,layer2.0.downsample.0,"(128, 64, 1, 1)",24.756146231512616,aggregate,3,2.281258381837703
resnet18_no_weights,CIFAR10,ptq,42,layer2.1.conv1,layer2.1.conv1,"(128, 128, 3, 3)",161.40732955932617,42,3,
resnet18_no_weights,CIFAR10,ptq,43,layer2.1.conv1,layer2.1.conv1,"(128, 128, 3, 3)",160.87503945200066,43,3,
resnet18_no_weights,CIFAR10,ptq,44,layer2.1.conv1,layer2.1.conv1,"(128, 128, 3, 3)",153.9335221790132,44,3,
resnet18_no_weights,CIFAR10,ptq,"42,43,44",layer2.1.conv1,layer2.1.conv1,"(128, 128, 3, 3)",158.73863039678002,aggregate,3,4.169847950216736
resnet18_no_weights,CIFAR10,ptq,42,layer2.1.conv2,layer2.1.conv2,"(128, 128, 3, 3)",22.853022978856014,42,3,
resnet18_no_weights,CIFAR10,ptq,43,layer2.1.conv2,layer2.1.conv2,"(128, 128, 3, 3)",25.77048683166504,43,3,
resnet18_no_weights,CIFAR10,ptq,44,layer2.1.conv2,layer2.1.conv2,"(128, 128, 3, 3)",25.253756092440696,44,3,
resnet18_no_weights,CIFAR10,ptq,"42,43,44",layer2.1.conv2,layer2.1.conv2,"(128, 128, 3, 3)",24.62575530098725,aggregate,3,1.5568197001134834
resnet18_no_weights,CIFAR10,ptq,42,layer3.0.conv1,layer3.0.conv1,"(256, 128, 3, 3)",233.14644792344836,42,3,
resnet18_no_weights,CIFAR10,ptq,43,layer3.0.conv1,layer3.0.conv1,"(256, 128, 3, 3)",308.01131766183033,43,3,
resnet18_no_weights,CIFAR10,ptq,44,layer3.0.conv1,layer3.0.conv1,"(256, 128, 3, 3)",242.27173009412041,44,3,
resnet18_no_weights,CIFAR10,ptq,"42,43,44",layer3.0.conv1,layer3.0.conv1,"(256, 128, 3, 3)",261.14316522646635,aggregate,3,40.84465054571995
resnet18_no_weights,CIFAR10,ptq,42,layer3.0.conv2,layer3.0.conv2,"(256, 256, 3, 3)",53.207714374248795,42,3,
resnet18_no_weights,CIFAR10,ptq,43,layer3.0.conv2,layer3.0.conv2,"(256, 256, 3, 3)",47.37809343338013,43,3,
resnet18_no_weights,CIFAR10,ptq,44,layer3.0.conv2,layer3.0.conv2,"(256, 256, 3, 3)",54.14331605699327,44,3,
resnet18_no_weights,CIFAR10,ptq,"42,43,44",layer3.0.conv2,layer3.0.conv2,"(256, 256, 3, 3)",51.57637462154073,aggregate,3,3.66578931859647
resnet18_no_weights,CIFAR10,ptq,42,layer3.0.downsample.0,layer3.0.downsample.0,"(256, 128, 1, 1)",18.395821260851484,42,3,
resnet18_no_weights,CIFAR10,ptq,43,layer3.0.downsample.0,layer3.0.downsample.0,"(256, 128, 1, 1)",19.015566072965925,43,3,
resnet18_no_weights,CIFAR10,ptq,44,layer3.0.downsample.0,layer3.0.downsample.0,"(256, 128, 1, 1)",21.68570571899414,44,3,
resnet18_no_weights,CIFAR10,ptq,"42,43,44",layer3.0.downsample.0,layer3.0.downsample.0,"(256, 128, 1, 1)",19.69903101760385,aggregate,3,1.7481928340128383
resnet18_no_weights,CIFAR10,ptq,42,layer3.1.conv1,layer3.1.conv1,"(256, 256, 3, 3)",104.94106766671845,42,3,
resnet18_no_weights,CIFAR10,ptq,43,layer3.1.conv1,layer3.1.conv1,"(256, 256, 3, 3)",113.87568028767903,43,3,
resnet18_no_weights,CIFAR10,ptq,44,layer3.1.conv1,layer3.1.conv1,"(256, 256, 3, 3)",112.185212665134,44,3,
resnet18_no_weights,CIFAR10,ptq,"42,43,44",layer3.1.conv1,layer3.1.conv1,"(256, 256, 3, 3)",110.33398687317717,aggregate,3,4.746272576586988
resnet18_no_weights,CIFAR10,ptq,42,layer3.1.conv2,layer3.1.conv2,"(256, 256, 3, 3)",14.518973064422607,42,3,
resnet18_no_weights,CIFAR10,ptq,43,layer3.1.conv2,layer3.1.conv2,"(256, 256, 3, 3)",16.411012560129166,43,3,
resnet18_no_weights,CIFAR10,ptq,44,layer3.1.conv2,layer3.1.conv2,"(256, 256, 3, 3)",16.67749991416931,44,3,
resnet18_no_weights,CIFAR10,ptq,"42,43,44",layer3.1.conv2,layer3.1.conv2,"(256, 256, 3, 3)",15.869161846240361,aggregate,3,1.176864982644871
resnet18_no_weights,CIFAR10,ptq,42,layer4.0.conv1,layer4.0.conv1,"(512, 256, 3, 3)",68.31782913208008,42,3,
resnet18_no_weights,CIFAR10,ptq,43,layer4.0.conv1,layer4.0.conv1,"(512, 256, 3, 3)",72.1453391181098,43,3,
resnet18_no_weights,CIFAR10,ptq,44,layer4.0.conv1,layer4.0.conv1,"(512, 256, 3, 3)",72.69368126813103,44,3,
resnet18_no_weights,CIFAR10,ptq,"42,43,44",layer4.0.conv1,layer4.0.conv1,"(512, 256, 3, 3)",71.05228317277364,aggregate,3,2.383925114988194
resnet18_no_weights,CIFAR10,ptq,42,layer4.0.conv2,layer4.0.conv2,"(512, 512, 3, 3)",26.793176504281853,42,3,
resnet18_no_weights,CIFAR10,ptq,43,layer4.0.conv2,layer4.0.conv2,"(512, 512, 3, 3)",29.69996789785532,43,3,
resnet18_no_weights,CIFAR10,ptq,44,layer4.0.conv2,layer4.0.conv2,"(512, 512, 3, 3)",26.604648361206056,44,3,
resnet18_no_weights,CIFAR10,ptq,"42,43,44",layer4.0.conv2,layer4.0.conv2,"(512, 512, 3, 3)",27.699264254447744,aggregate,3,1.735222468947762
resnet18_no_weights,CIFAR10,ptq,42,layer4.0.downsample.0,layer4.0.downsample.0,"(512, 256, 1, 1)",7.831513144753196,42,3,
resnet18_no_weights,CIFAR10,ptq,43,layer4.0.downsample.0,layer4.0.downsample.0,"(512, 256, 1, 1)",7.761677265167236,43,3,
resnet18_no_weights,CIFAR10,ptq,44,layer4.0.downsample.0,layer4.0.downsample.0,"(512, 256, 1, 1)",7.5402430806841165,44,3,
resnet18_no_weights,CIFAR10,ptq,"42,43,44",layer4.0.downsample.0,layer4.0.downsample.0,"(512, 256, 1, 1)",7.711144496868183,aggregate,3,0.15206818556054322
resnet18_no_weights,CIFAR10,ptq,42,layer4.1.conv1,layer4.1.conv1,"(512, 512, 3, 3)",78.3522367062776,42,3,
resnet18_no_weights,CIFAR10,ptq,43,layer4.1.conv1,layer4.1.conv1,"(512, 512, 3, 3)",73.51892970158504,43,3,
resnet18_no_weights,CIFAR10,ptq,44,layer4.1.conv1,layer4.1.conv1,"(512, 512, 3, 3)",90.39663682665143,44,3,
resnet18_no_weights,CIFAR10,ptq,"42,43,44",layer4.1.conv1,layer4.1.conv1,"(512, 512, 3, 3)",80.75593441150468,aggregate,3,8.691810596386965
resnet18_no_weights,CIFAR10,ptq,42,layer4.1.conv2,layer4.1.conv2,"(512, 512, 3, 3)",3.4480422536532083,42,3,
resnet18_no_weights,CIFAR10,ptq,43,layer4.1.conv2,layer4.1.conv2,"(512, 512, 3, 3)",3.489123551050822,43,3,
resnet18_no_weights,CIFAR10,ptq,44,layer4.1.conv2,layer4.1.conv2,"(512, 512, 3, 3)",3.3386471763901087,44,3,
resnet18_no_weights,CIFAR10,ptq,"42,43,44",layer4.1.conv2,layer4.1.conv2,"(512, 512, 3, 3)",3.4252709936980463,aggregate,3,0.07777970521104473
resnet18_no_weights,CIFAR10,ptq,42,fc,fc,"(10, 512)",4.700164924968373,42,3,
resnet18_no_weights,CIFAR10,ptq,43,fc,fc,"(10, 512)",3.87467917015678,43,3,
resnet18_no_weights,CIFAR10,ptq,44,fc,fc,"(10, 512)",4.3324321284890175,44,3,
resnet18_no_weights,CIFAR10,ptq,"42,43,44",fc,fc,"(10, 512)",4.30242540787139,aggregate,3,0.41356013506004724
resnet18_no_weights,CIFAR10,fp32_fused,42,conv1,conv1,"(64, 3, 3, 3)",180.58540929749955,42,3,
resnet18_no_weights,CIFAR10,fp32_fused,43,conv1,conv1,"(64, 3, 3, 3)",172.16930516560873,43,3,
resnet18_no_weights,CIFAR10,fp32_fused,44,conv1,conv1,"(64, 3, 3, 3)",193.536066532135,44,3,
resnet18_no_weights,CIFAR10,fp32_fused,"42,43,44",conv1,conv1,"(64, 3, 3, 3)",182.09692699841443,aggregate,3,10.763277249223593
resnet18_no_weights,CIFAR10,fp32_fused,42,layer1.0.conv1,layer1.0.conv1,"(64, 64, 3, 3)",41.683646619319916,42,3,
resnet18_no_weights,CIFAR10,fp32_fused,43,layer1.0.conv1,layer1.0.conv1,"(64, 64, 3, 3)",37.82772786993729,43,3,
resnet18_no_weights,CIFAR10,fp32_fused,44,layer1.0.conv1,layer1.0.conv1,"(64, 64, 3, 3)",40.310791075229645,44,3,
resnet18_no_weights,CIFAR10,fp32_fused,"42,43,44",layer1.0.conv1,layer1.0.conv1,"(64, 64, 3, 3)",39.94072185482895,aggregate,3,1.9544157109929552
resnet18_no_weights,CIFAR10,fp32_fused,42,layer1.0.conv2,layer1.0.conv2,"(64, 64, 3, 3)",39.93285291845148,42,3,
resnet18_no_weights,CIFAR10,fp32_fused,43,layer1.0.conv2,layer1.0.conv2,"(64, 64, 3, 3)",44.59264322427603,43,3,
resnet18_no_weights,CIFAR10,fp32_fused,44,layer1.0.conv2,layer1.0.conv2,"(64, 64, 3, 3)",49.624923119178185,44,3,
resnet18_no_weights,CIFAR10,fp32_fused,"42,43,44",layer1.0.conv2,layer1.0.conv2,"(64, 64, 3, 3)",44.71680642063523,aggregate,3,4.847227926191551
resnet18_no_weights,CIFAR10,fp32_fused,42,layer1.1.conv1,layer1.1.conv1,"(64, 64, 3, 3)",269.8144276936849,42,3,
resnet18_no_weights,CIFAR10,fp32_fused,43,layer1.1.conv1,layer1.1.conv1,"(64, 64, 3, 3)",313.5366734989354,43,3,
resnet18_no_weights,CIFAR10,fp32_fused,44,layer1.1.conv1,layer1.1.conv1,"(64, 64, 3, 3)",301.12545175263375,44,3,
resnet18_no_weights,CIFAR10,fp32_fused,"42,43,44",layer1.1.conv1,layer1.1.conv1,"(64, 64, 3, 3)",294.825517648418,aggregate,3,22.531657103989975
resnet18_no_weights,CIFAR10,fp32_fused,42,layer1.1.conv2,layer1.1.conv2,"(64, 64, 3, 3)",21.53001832962036,42,3,
resnet18_no_weights,CIFAR10,fp32_fused,43,layer1.1.conv2,layer1.1.conv2,"(64, 64, 3, 3)",27.118512349250988,43,3,
resnet18_no_weights,CIFAR10,fp32_fused,44,layer1.1.conv2,layer1.1.conv2,"(64, 64, 3, 3)",23.836587154504024,44,3,
resnet18_no_weights,CIFAR10,fp32_fused,"42,43,44",layer1.1.conv2,layer1.1.conv2,"(64, 64, 3, 3)",24.161705944458458,aggregate,3,2.8083968776773514
resnet18_no_weights,CIFAR10,fp32_fused,42,layer2.0.conv1,layer2.0.conv1,"(128, 64, 3, 3)",180.68378615379333,42,3,
resnet18_no_weights,CIFAR10,fp32_fused,43,layer2.0.conv1,layer2.0.conv1,"(128, 64, 3, 3)",180.87609695806736,43,3,
resnet18_no_weights,CIFAR10,fp32_fused,44,layer2.0.conv1,layer2.0.conv1,"(128, 64, 3, 3)",213.05211561154096,44,3,
resnet18_no_weights,CIFAR10,fp32_fused,"42,43,44",layer2.0.conv1,layer2.0.conv1,"(128, 64, 3, 3)",191.53733290780056,aggregate,3,18.63259648984101
resnet18_no_weights,CIFAR10,fp32_fused,42,layer2.0.conv2,layer2.0.conv2,"(128, 128, 3, 3)",43.03631057739258,42,3,
resnet18_no_weights,CIFAR10,fp32_fused,43,layer2.0.conv2,layer2.0.conv2,"(128, 128, 3, 3)",47.668630191258025,43,3,
resnet18_no_weights,CIFAR10,fp32_fused,44,layer2.0.conv2,layer2.0.conv2,"(128, 128, 3, 3)",47.366486499184056,44,3,
resnet18_no_weights,CIFAR10,fp32_fused,"42,43,44",layer2.0.conv2,layer2.0.conv2,"(128, 128, 3, 3)",46.02380908927822,aggregate,3,2.5916564628735457
resnet18_no_weights,CIFAR10,fp32_fused,42,layer2.0.downsample.0,layer2.0.downsample.0,"(128, 64, 1, 1)",25.168331418718612,42,3,
resnet18_no_weights,CIFAR10,fp32_fused,43,layer2.0.downsample.0,layer2.0.downsample.0,"(128, 64, 1, 1)",26.311439427462492,43,3,
resnet18_no_weights,CIFAR10,fp32_fused,44,layer2.0.downsample.0,layer2.0.downsample.0,"(128, 64, 1, 1)",20.47295026779175,44,3,
resnet18_no_weights,CIFAR10,fp32_fused,"42,43,44",layer2.0.downsample.0,layer2.0.downsample.0,"(128, 64, 1, 1)",23.984240371324283,aggregate,3,3.09411419040858
resnet18_no_weights,CIFAR10,fp32_fused,42,layer2.1.conv1,layer2.1.conv1,"(128, 128, 3, 3)",141.90321911898528,42,3,
resnet18_no_weights,CIFAR10,fp32_fused,43,layer2.1.conv1,layer2.1.conv1,"(128, 128, 3, 3)",150.99959844472457,43,3,
resnet18_no_weights,CIFAR10,fp32_fused,44,layer2.1.conv1,layer2.1.conv1,"(128, 128, 3, 3)",147.28572252061633,44,3,
resnet18_no_weights,CIFAR10,fp32_fused,"42,43,44",layer2.1.conv1,layer2.1.conv1,"(128, 128, 3, 3)",146.72951336144206,aggregate,3,4.5736260976381
resnet18_no_weights,CIFAR10,fp32_fused,42,layer2.1.conv2,layer2.1.conv2,"(128, 128, 3, 3)",19.200190852670108,42,3,
resnet18_no_weights,CIFAR10,fp32_fused,43,layer2.1.conv2,layer2.1.conv2,"(128, 128, 3, 3)",26.23434019088745,43,3,
resnet18_no_weights,CIFAR10,fp32_fused,44,layer2.1.conv2,layer2.1.conv2,"(128, 128, 3, 3)",20.572755018870037,44,3,
resnet18_no_weights,CIFAR10,fp32_fused,"42,43,44",layer2.1.conv2,layer2.1.conv2,"(128, 128, 3, 3)",22.002428687475867,aggregate,3,3.7286444355978094
resnet18_no_weights,CIFAR10,fp32_fused,42,layer3.0.conv1,layer3.0.conv1,"(256, 128, 3, 3)",219.0632700238909,42,3,
resnet18_no_weights,CIFAR10,fp32_fused,43,layer3.0.conv1,layer3.0.conv1,"(256, 128, 3, 3)",241.3972600301107,43,3,
resnet18_no_weights,CIFAR10,fp32_fused,44,layer3.0.conv1,layer3.0.conv1,"(256, 128, 3, 3)",249.79300756039828,44,3,
resnet18_no_weights,CIFAR10,fp32_fused,"42,43,44",layer3.0.conv1,layer3.0.conv1,"(256, 128, 3, 3)",236.75117920479997,aggregate,3,15.882970205290556
resnet18_no_weights,CIFAR10,fp32_fused,42,layer3.0.conv2,layer3.0.conv2,"(256, 256, 3, 3)",44.51912219707783,42,3,
resnet18_no_weights,CIFAR10,fp32_fused,43,layer3.0.conv2,layer3.0.conv2,"(256, 256, 3, 3)",43.41892274220785,43,3,
resnet18_no_weights,CIFAR10,fp32_fused,44,layer3.0.conv2,layer3.0.conv2,"(256, 256, 3, 3)",48.609875428049186,44,3,
resnet18_no_weights,CIFAR10,fp32_fused,"42,43,44",layer3.0.conv2,layer3.0.conv2,"(256, 256, 3, 3)",45.51597345577829,aggregate,3,2.735284586773444
resnet18_no_weights,CIFAR10,fp32_fused,42,layer3.0.downsample.0,layer3.0.downsample.0,"(256, 128, 1, 1)",17.300957361857098,42,3,
resnet18_no_weights,CIFAR10,fp32_fused,43,layer3.0.downsample.0,layer3.0.downsample.0,"(256, 128, 1, 1)",15.544130039215087,43,3,
resnet18_no_weights,CIFAR10,fp32_fused,44,layer3.0.downsample.0,layer3.0.downsample.0,"(256, 128, 1, 1)",17.88329456592428,44,3,
resnet18_no_weights,CIFAR10,fp32_fused,"42,43,44",layer3.0.downsample.0,layer3.0.downsample.0,"(256, 128, 1, 1)",16.909460655665487,aggregate,3,1.2177335192778513
resnet18_no_weights,CIFAR10,fp32_fused,42,layer3.1.conv1,layer3.1.conv1,"(256, 256, 3, 3)",94.05375769199469,42,3,
resnet18_no_weights,CIFAR10,fp32_fused,43,layer3.1.conv1,layer3.1.conv1,"(256, 256, 3, 3)",104.33900622317665,43,3,
resnet18_no_weights,CIFAR10,fp32_fused,44,layer3.1.conv1,layer3.1.conv1,"(256, 256, 3, 3)",105.12715788810483,44,3,
resnet18_no_weights,CIFAR10,fp32_fused,"42,43,44",layer3.1.conv1,layer3.1.conv1,"(256, 256, 3, 3)",101.17330726775873,aggregate,3,6.178291461484611
resnet18_no_weights,CIFAR10,fp32_fused,42,layer3.1.conv2,layer3.1.conv2,"(256, 256, 3, 3)",12.600277570577768,42,3,
resnet18_no_weights,CIFAR10,fp32_fused,43,layer3.1.conv2,layer3.1.conv2,"(256, 256, 3, 3)",13.058104419708252,43,3,
resnet18_no_weights,CIFAR10,fp32_fused,44,layer3.1.conv2,layer3.1.conv2,"(256, 256, 3, 3)",12.838064760775179,44,3,
resnet18_no_weights,CIFAR10,fp32_fused,"42,43,44",layer3.1.conv2,layer3.1.conv2,"(256, 256, 3, 3)",12.8321489170204,aggregate,3,0.22897074889969016
resnet18_no_weights,CIFAR10,fp32_fused,42,layer4.0.conv1,layer4.0.conv1,"(512, 256, 3, 3)",65.23473276410785,42,3,
resnet18_no_weights,CIFAR10,fp32_fused,43,layer4.0.conv1,layer4.0.conv1,"(512, 256, 3, 3)",60.384918131726856,43,3,
resnet18_no_weights,CIFAR10,fp32_fused,44,layer4.0.conv1,layer4.0.conv1,"(512, 256, 3, 3)",61.38685894012451,44,3,
resnet18_no_weights,CIFAR10,fp32_fused,"42,43,44",layer4.0.conv1,layer4.0.conv1,"(512, 256, 3, 3)",62.33550327865307,aggregate,3,2.560296868115279
resnet18_no_weights,CIFAR10,fp32_fused,42,layer4.0.conv2,layer4.0.conv2,"(512, 512, 3, 3)",23.540345434709028,42,3,
resnet18_no_weights,CIFAR10,fp32_fused,43,layer4.0.conv2,layer4.0.conv2,"(512, 512, 3, 3)",24.91529459702341,43,3,
resnet18_no_weights,CIFAR10,fp32_fused,44,layer4.0.conv2,layer4.0.conv2,"(512, 512, 3, 3)",22.745487573011864,44,3,
resnet18_no_weights,CIFAR10,fp32_fused,"42,43,44",layer4.0.conv2,layer4.0.conv2,"(512, 512, 3, 3)",23.733709201581433,aggregate,3,1.0977512423663096
resnet18_no_weights,CIFAR10,fp32_fused,42,layer4.0.downsample.0,layer4.0.downsample.0,"(512, 256, 1, 1)",6.66733881632487,42,3,
resnet18_no_weights,CIFAR10,fp32_fused,43,layer4.0.downsample.0,layer4.0.downsample.0,"(512, 256, 1, 1)",6.448394984006882,43,3,
resnet18_no_weights,CIFAR10,fp32_fused,44,layer4.0.downsample.0,layer4.0.downsample.0,"(512, 256, 1, 1)",6.864503737418882,44,3,
resnet18_no_weights,CIFAR10,fp32_fused,"42,43,44",layer4.0.downsample.0,layer4.0.downsample.0,"(512, 256, 1, 1)",6.660079179250212,aggregate,3,0.2081493464182968
resnet18_no_weights,CIFAR10,fp32_fused,42,layer4.1.conv1,layer4.1.conv1,"(512, 512, 3, 3)",102.80601119995117,42,3,
resnet18_no_weights,CIFAR10,fp32_fused,43,layer4.1.conv1,layer4.1.conv1,"(512, 512, 3, 3)",82.55996786581504,43,3,
resnet18_no_weights,CIFAR10,fp32_fused,44,layer4.1.conv1,layer4.1.conv1,"(512, 512, 3, 3)",107.0932804107666,44,3,
resnet18_no_weights,CIFAR10,fp32_fused,"42,43,44",layer4.1.conv1,layer4.1.conv1,"(512, 512, 3, 3)",97.48641982551094,aggregate,3,13.103220802548265
resnet18_no_weights,CIFAR10,fp32_fused,42,layer4.1.conv2,layer4.1.conv2,"(512, 512, 3, 3)",2.899915497643607,42,3,
resnet18_no_weights,CIFAR10,fp32_fused,43,layer4.1.conv2,layer4.1.conv2,"(512, 512, 3, 3)",2.9227344813170255,43,3,
resnet18_no_weights,CIFAR10,fp32_fused,44,layer4.1.conv2,layer4.1.conv2,"(512, 512, 3, 3)",3.2130921770025185,44,3,
resnet18_no_weights,CIFAR10,fp32_fused,"42,43,44",layer4.1.conv2,layer4.1.conv2,"(512, 512, 3, 3)",3.011914051987717,aggregate,3,0.17459855380937517
resnet18_no_weights,CIFAR10,fp32_fused,42,fc,fc,"(10, 512)",3.5393687945145826,42,3,
resnet18_no_weights,CIFAR10,fp32_fused,43,fc,fc,"(10, 512)",3.435704904794693,43,3,
resnet18_no_weights,CIFAR10,fp32_fused,44,fc,fc,"(10, 512)",3.2100347876548767,44,3,
resnet18_no_weights,CIFAR10,fp32_fused,"42,43,44",fc,fc,"(10, 512)",3.395036162321384,aggregate,3,0.1683914545911919
resnet18_no_weights,CIFAR10,qat,42,conv1,conv1,"(64, 3, 3, 3)",86.14435078547551,42,3,
resnet18_no_weights,CIFAR10,qat,43,conv1,conv1,"(64, 3, 3, 3)",77.31374050589169,43,3,
resnet18_no_weights,CIFAR10,qat,44,conv1,conv1,"(64, 3, 3, 3)",88.00067223442926,44,3,
resnet18_no_weights,CIFAR10,qat,"42,43,44",conv1,conv1,"(64, 3, 3, 3)",83.81958784193215,aggregate,3,5.710168079869458
resnet18_no_weights,CIFAR10,qat,42,layer1.0.conv1,layer1.0.conv1,"(64, 64, 3, 3)",22.349552092344865,42,3,
resnet18_no_weights,CIFAR10,qat,43,layer1.0.conv1,layer1.0.conv1,"(64, 64, 3, 3)",25.427099591209775,43,3,
resnet18_no_weights,CIFAR10,qat,44,layer1.0.conv1,layer1.0.conv1,"(64, 64, 3, 3)",24.570214343070983,44,3,
resnet18_no_weights,CIFAR10,qat,"42,43,44",layer1.0.conv1,layer1.0.conv1,"(64, 64, 3, 3)",24.115622008875206,aggregate,3,1.5883372735897712
resnet18_no_weights,CIFAR10,qat,42,layer1.0.conv2,layer1.0.conv2,"(64, 64, 3, 3)",21.697852032525198,42,3,
resnet18_no_weights,CIFAR10,qat,43,layer1.0.conv2,layer1.0.conv2,"(64, 64, 3, 3)",21.854728507995606,43,3,
resnet18_no_weights,CIFAR10,qat,44,layer1.0.conv2,layer1.0.conv2,"(64, 64, 3, 3)",24.23984922681536,44,3,
resnet18_no_weights,CIFAR10,qat,"42,43,44",layer1.0.conv2,layer1.0.conv2,"(64, 64, 3, 3)",22.597476589112055,aggregate,3,1.4244976194948122
resnet18_no_weights,CIFAR10,qat,42,layer1.1.conv1,layer1.1.conv1,"(64, 64, 3, 3)",131.7231096361504,42,3,
resnet18_no_weights,CIFAR10,qat,43,layer1.1.conv1,layer1.1.conv1,"(64, 64, 3, 3)",152.1928289662237,43,3,
resnet18_no_weights,CIFAR10,qat,44,layer1.1.conv1,layer1.1.conv1,"(64, 64, 3, 3)",139.26843318939208,44,3,
resnet18_no_weights,CIFAR10,qat,"42,43,44",layer1.1.conv1,layer1.1.conv1,"(64, 64, 3, 3)",141.06145726392205,aggregate,3,10.351983088368959
resnet18_no_weights,CIFAR10,qat,42,layer1.1.conv2,layer1.1.conv2,"(64, 64, 3, 3)",19.14512929916382,42,3,
resnet18_no_weights,CIFAR10,qat,43,layer1.1.conv2,layer1.1.conv2,"(64, 64, 3, 3)",14.047505696614584,43,3,
resnet18_no_weights,CIFAR10,qat,44,layer1.1.conv2,layer1.1.conv2,"(64, 64, 3, 3)",16.950298687507367,44,3,
resnet18_no_weights,CIFAR10,qat,"42,43,44",layer1.1.conv2,layer1.1.conv2,"(64, 64, 3, 3)",16.714311227761925,aggregate,3,2.5569922094493354
resnet18_no_weights,CIFAR10,qat,42,layer2.0.conv1,layer2.0.conv1,"(128, 64, 3, 3)",112.52005926767985,42,3,
resnet18_no_weights,CIFAR10,qat,43,layer2.0.conv1,layer2.0.conv1,"(128, 64, 3, 3)",119.26801063274515,43,3,
resnet18_no_weights,CIFAR10,qat,44,layer2.0.conv1,layer2.0.conv1,"(128, 64, 3, 3)",125.11650500090227,44,3,
resnet18_no_weights,CIFAR10,qat,"42,43,44",layer2.0.conv1,layer2.0.conv1,"(128, 64, 3, 3)",118.96819163377576,aggregate,3,6.303572784668352
resnet18_no_weights,CIFAR10,qat,42,layer2.0.conv2,layer2.0.conv2,"(128, 128, 3, 3)",32.787597383771626,42,3,
resnet18_no_weights,CIFAR10,qat,43,layer2.0.conv2,layer2.0.conv2,"(128, 128, 3, 3)",36.80254576756404,43,3,
resnet18_no_weights,CIFAR10,qat,44,layer2.0.conv2,layer2.0.conv2,"(128, 128, 3, 3)",34.50249019422029,44,3,
resnet18_no_weights,CIFAR10,qat,"42,43,44",layer2.0.conv2,layer2.0.conv2,"(128, 128, 3, 3)",34.697544448518656,aggregate,3,2.0145687510530013
resnet18_no_weights,CIFAR10,qat,42,layer2.0.downsample.0,layer2.0.downsample.0,"(128, 64, 1, 1)",15.388730262887888,42,3,
resnet18_no_weights,CIFAR10,qat,43,layer2.0.downsample.0,layer2.0.downsample.0,"(128, 64, 1, 1)",14.632734847068786,43,3,
resnet18_no_weights,CIFAR10,qat,44,layer2.0.downsample.0,layer2.0.downsample.0,"(128, 64, 1, 1)",16.76731087179745,44,3,
resnet18_no_weights,CIFAR10,qat,"42,43,44",layer2.0.downsample.0,layer2.0.downsample.0,"(128, 64, 1, 1)",15.596258660584708,aggregate,3,1.0823145237058227
resnet18_no_weights,CIFAR10,qat,42,layer2.1.conv1,layer2.1.conv1,"(128, 128, 3, 3)",99.95803204098263,42,3,
resnet18_no_weights,CIFAR10,qat,43,layer2.1.conv1,layer2.1.conv1,"(128, 128, 3, 3)",88.0084782977437,43,3,
resnet18_no_weights,CIFAR10,qat,44,layer2.1.conv1,layer2.1.conv1,"(128, 128, 3, 3)",112.54298400878906,44,3,
resnet18_no_weights,CIFAR10,qat,"42,43,44",layer2.1.conv1,layer2.1.conv1,"(128, 128, 3, 3)",100.1698314491718,aggregate,3,12.268624081913645
resnet18_no_weights,CIFAR10,qat,42,layer2.1.conv2,layer2.1.conv2,"(128, 128, 3, 3)",13.384629964828491,42,3,
resnet18_no_weights,CIFAR10,qat,43,layer2.1.conv2,layer2.1.conv2,"(128, 128, 3, 3)",13.271860864427355,43,3,
resnet18_no_weights,CIFAR10,qat,44,layer2.1.conv2,layer2.1.conv2,"(128, 128, 3, 3)",14.637747617868277,44,3,
resnet18_no_weights,CIFAR10,qat,"42,43,44",layer2.1.conv2,layer2.1.conv2,"(128, 128, 3, 3)",13.764746149041374,aggregate,3,0.7581410758768893
resnet18_no_weights,CIFAR10,qat,42,layer3.0.conv1,layer3.0.conv1,"(256, 128, 3, 3)",146.45199228922527,42,3,
resnet18_no_weights,CIFAR10,qat,43,layer3.0.conv1,layer3.0.conv1,"(256, 128, 3, 3)",164.1552734375,43,3,
resnet18_no_weights,CIFAR10,qat,44,layer3.0.conv1,layer3.0.conv1,"(256, 128, 3, 3)",156.56813354492186,44,3,
resnet18_no_weights,CIFAR10,qat,"42,43,44",layer3.0.conv1,layer3.0.conv1,"(256, 128, 3, 3)",155.72513309054904,aggregate,3,8.881696244427042
resnet18_no_weights,CIFAR10,qat,42,layer3.0.conv2,layer3.0.conv2,"(256, 256, 3, 3)",32.71008877224392,42,3,
resnet18_no_weights,CIFAR10,qat,43,layer3.0.conv2,layer3.0.conv2,"(256, 256, 3, 3)",34.30019611782498,43,3,
resnet18_no_weights,CIFAR10,qat,44,layer3.0.conv2,layer3.0.conv2,"(256, 256, 3, 3)",28.190561652183533,44,3,
resnet18_no_weights,CIFAR10,qat,"42,43,44",layer3.0.conv2,layer3.0.conv2,"(256, 256, 3, 3)",31.733615514084146,aggregate,3,3.1697055610678326
resnet18_no_weights,CIFAR10,qat,42,layer3.0.downsample.0,layer3.0.downsample.0,"(256, 128, 1, 1)",13.201662450223356,42,3,
resnet18_no_weights,CIFAR10,qat,43,layer3.0.downsample.0,layer3.0.downsample.0,"(256, 128, 1, 1)",13.390056451161703,43,3,
resnet18_no_weights,CIFAR10,qat,44,layer3.0.downsample.0,layer3.0.downsample.0,"(256, 128, 1, 1)",11.582750991538719,44,3,
resnet18_no_weights,CIFAR10,qat,"42,43,44",layer3.0.downsample.0,layer3.0.downsample.0,"(256, 128, 1, 1)",12.72482329764126,aggregate,3,0.9935390979584905
resnet18_no_weights,CIFAR10,qat,42,layer3.1.conv1,layer3.1.conv1,"(256, 256, 3, 3)",73.67294413248698,42,3,
resnet18_no_weights,CIFAR10,qat,43,layer3.1.conv1,layer3.1.conv1,"(256, 256, 3, 3)",77.443065180923,43,3,
resnet18_no_weights,CIFAR10,qat,44,layer3.1.conv1,layer3.1.conv1,"(256, 256, 3, 3)",76.976203083992,44,3,
resnet18_no_weights,CIFAR10,qat,"42,43,44",layer3.1.conv1,layer3.1.conv1,"(256, 256, 3, 3)",76.03073746580066,aggregate,3,2.0552085311110266
resnet18_no_weights,CIFAR10,qat,42,layer3.1.conv2,layer3.1.conv2,"(256, 256, 3, 3)",8.423619365692138,42,3,
resnet18_no_weights,CIFAR10,qat,43,layer3.1.conv2,layer3.1.conv2,"(256, 256, 3, 3)",8.58459539413452,43,3,
resnet18_no_weights,CIFAR10,qat,44,layer3.1.conv2,layer3.1.conv2,"(256, 256, 3, 3)",9.792385992796525,44,3,
resnet18_no_weights,CIFAR10,qat,"42,43,44",layer3.1.conv2,layer3.1.conv2,"(256, 256, 3, 3)",8.933533584207728,aggregate,3,0.7481302795886251
resnet18_no_weights,CIFAR10,qat,42,layer4.0.conv1,layer4.0.conv1,"(512, 256, 3, 3)",42.668198677801314,42,3,
resnet18_no_weights,CIFAR10,qat,43,layer4.0.conv1,layer4.0.conv1,"(512, 256, 3, 3)",39.98370753394233,43,3,
resnet18_no_weights,CIFAR10,qat,44,layer4.0.conv1,layer4.0.conv1,"(512, 256, 3, 3)",41.68380096223619,44,3,
resnet18_no_weights,CIFAR10,qat,"42,43,44",layer4.0.conv1,layer4.0.conv1,"(512, 256, 3, 3)",41.445235724659945,aggregate,3,1.3580530935126167
resnet18_no_weights,CIFAR10,qat,42,layer4.0.conv2,layer4.0.conv2,"(512, 512, 3, 3)",18.192342591285705,42,3,
resnet18_no_weights,CIFAR10,qat,43,layer4.0.conv2,layer4.0.conv2,"(512, 512, 3, 3)",18.055457643560462,43,3,
resnet18_no_weights,CIFAR10,qat,44,layer4.0.conv2,layer4.0.conv2,"(512, 512, 3, 3)",14.907298469543457,44,3,
resnet18_no_weights,CIFAR10,qat,"42,43,44",layer4.0.conv2,layer4.0.conv2,"(512, 512, 3, 3)",17.051699568129877,aggregate,3,1.858366601600021
resnet18_no_weights,CIFAR10,qat,42,layer4.0.downsample.0,layer4.0.downsample.0,"(512, 256, 1, 1)",5.266961932182312,42,3,
resnet18_no_weights,CIFAR10,qat,43,layer4.0.downsample.0,layer4.0.downsample.0,"(512, 256, 1, 1)",4.437334835529327,43,3,
resnet18_no_weights,CIFAR10,qat,44,layer4.0.downsample.0,layer4.0.downsample.0,"(512, 256, 1, 1)",4.805796980857849,44,3,
resnet18_no_weights,CIFAR10,qat,"42,43,44",layer4.0.downsample.0,layer4.0.downsample.0,"(512, 256, 1, 1)",4.83669791618983,aggregate,3,0.4156758721991314
resnet18_no_weights,CIFAR10,qat,42,layer4.1.conv1,layer4.1.conv1,"(512, 512, 3, 3)",57.37469740836851,42,3,
resnet18_no_weights,CIFAR10,qat,43,layer4.1.conv1,layer4.1.conv1,"(512, 512, 3, 3)",55.09830102466402,43,3,
resnet18_no_weights,CIFAR10,qat,44,layer4.1.conv1,layer4.1.conv1,"(512, 512, 3, 3)",60.881745433807374,44,3,
resnet18_no_weights,CIFAR10,qat,"42,43,44",layer4.1.conv1,layer4.1.conv1,"(512, 512, 3, 3)",57.78491462227997,aggregate,3,2.9134628760900396
resnet18_no_weights,CIFAR10,qat,42,layer4.1.conv2,layer4.1.conv2,"(512, 512, 3, 3)",2.687421859479418,42,3,
resnet18_no_weights,CIFAR10,qat,43,layer4.1.conv2,layer4.1.conv2,"(512, 512, 3, 3)",2.397035409422482,43,3,
resnet18_no_weights,CIFAR10,qat,44,layer4.1.conv2,layer4.1.conv2,"(512, 512, 3, 3)",2.213055026942286,44,3,
resnet18_no_weights,CIFAR10,qat,"42,43,44",layer4.1.conv2,layer4.1.conv2,"(512, 512, 3, 3)",2.4325040986147286,aggregate,3,0.23916415677853986
resnet18_no_weights,CIFAR10,qat,42,fc,fc,"(10, 512)",2.70415013883172,42,3,
resnet18_no_weights,CIFAR10,qat,43,fc,fc,"(10, 512)",2.836344116384333,43,3,
resnet18_no_weights,CIFAR10,qat,44,fc,fc,"(10, 512)",2.9224035474989147,44,3,
resnet18_no_weights,CIFAR10,qat,"42,43,44",fc,fc,"(10, 512)",2.8209659342383224,aggregate,3,0.10993636324392062
resnet18_no_weights,CIFAR10,fp32_fused_qat,42,conv1,conv1,"(64, 3, 3, 3)",141.81154669147648,42,3,
resnet18_no_weights,CIFAR10,fp32_fused_qat,43,conv1,conv1,"(64, 3, 3, 3)",135.36732778743823,43,3,
resnet18_no_weights,CIFAR10,fp32_fused_qat,44,conv1,conv1,"(64, 3, 3, 3)",161.7364611722985,44,3,
resnet18_no_weights,CIFAR10,fp32_fused_qat,"42,43,44",conv1,conv1,"(64, 3, 3, 3)",146.30511188373774,aggregate,3,13.746886737365834
resnet18_no_weights,CIFAR10,fp32_fused_qat,42,layer1.0.conv1,layer1.0.conv1,"(64, 64, 3, 3)",35.47619613011678,42,3,
resnet18_no_weights,CIFAR10,fp32_fused_qat,43,layer1.0.conv1,layer1.0.conv1,"(64, 64, 3, 3)",37.18615888512653,43,3,
resnet18_no_weights,CIFAR10,fp32_fused_qat,44,layer1.0.conv1,layer1.0.conv1,"(64, 64, 3, 3)",35.644883685641815,44,3,
resnet18_no_weights,CIFAR10,fp32_fused_qat,"42,43,44",layer1.0.conv1,layer1.0.conv1,"(64, 64, 3, 3)",36.10241290029504,aggregate,3,0.9423337479768149
resnet18_no_weights,CIFAR10,fp32_fused_qat,42,layer1.0.conv2,layer1.0.conv2,"(64, 64, 3, 3)",37.71191105475793,42,3,
resnet18_no_weights,CIFAR10,fp32_fused_qat,43,layer1.0.conv2,layer1.0.conv2,"(64, 64, 3, 3)",41.23327147165934,43,3,
resnet18_no_weights,CIFAR10,fp32_fused_qat,44,layer1.0.conv2,layer1.0.conv2,"(64, 64, 3, 3)",37.51561812696786,44,3,
resnet18_no_weights,CIFAR10,fp32_fused_qat,"42,43,44",layer1.0.conv2,layer1.0.conv2,"(64, 64, 3, 3)",38.82026688446171,aggregate,3,2.0920267880103056
resnet18_no_weights,CIFAR10,fp32_fused_qat,42,layer1.1.conv1,layer1.1.conv1,"(64, 64, 3, 3)",249.9862543741862,42,3,
resnet18_no_weights,CIFAR10,fp32_fused_qat,43,layer1.1.conv1,layer1.1.conv1,"(64, 64, 3, 3)",215.71166402643377,43,3,
resnet18_no_weights,CIFAR10,fp32_fused_qat,44,layer1.1.conv1,layer1.1.conv1,"(64, 64, 3, 3)",189.07505798339844,44,3,
resnet18_no_weights,CIFAR10,fp32_fused_qat,"42,43,44",layer1.1.conv1,layer1.1.conv1,"(64, 64, 3, 3)",218.2576587946728,aggregate,3,30.53530789854925
resnet18_no_weights,CIFAR10,fp32_fused_qat,42,layer1.1.conv2,layer1.1.conv2,"(64, 64, 3, 3)",22.07936071094714,42,3,
resnet18_no_weights,CIFAR10,fp32_fused_qat,43,layer1.1.conv2,layer1.1.conv2,"(64, 64, 3, 3)",26.855132536454633,43,3,
resnet18_no_weights,CIFAR10,fp32_fused_qat,44,layer1.1.conv2,layer1.1.conv2,"(64, 64, 3, 3)",22.249429512023926,44,3,
resnet18_no_weights,CIFAR10,fp32_fused_qat,"42,43,44",layer1.1.conv2,layer1.1.conv2,"(64, 64, 3, 3)",23.7279742531419,aggregate,3,2.709533178601714
resnet18_no_weights,CIFAR10,fp32_fused_qat,42,layer2.0.conv1,layer2.0.conv1,"(128, 64, 3, 3)",165.4348545903745,42,3,
resnet18_no_weights,CIFAR10,fp32_fused_qat,43,layer2.0.conv1,layer2.0.conv1,"(128, 64, 3, 3)",161.81528091430664,43,3,
resnet18_no_weights,CIFAR10,fp32_fused_qat,44,layer2.0.conv1,layer2.0.conv1,"(128, 64, 3, 3)",205.70502166748048,44,3,
resnet18_no_weights,CIFAR10,fp32_fused_qat,"42,43,44",layer2.0.conv1,layer2.0.conv1,"(128, 64, 3, 3)",177.6517190573872,aggregate,3,24.362187276581313
resnet18_no_weights,CIFAR10,fp32_fused_qat,42,layer2.0.conv2,layer2.0.conv2,"(128, 128, 3, 3)",44.59277959303422,42,3,
resnet18_no_weights,CIFAR10,fp32_fused_qat,43,layer2.0.conv2,layer2.0.conv2,"(128, 128, 3, 3)",46.06447916445525,43,3,
resnet18_no_weights,CIFAR10,fp32_fused_qat,44,layer2.0.conv2,layer2.0.conv2,"(128, 128, 3, 3)",44.03330898284912,44,3,
resnet18_no_weights,CIFAR10,fp32_fused_qat,"42,43,44",layer2.0.conv2,layer2.0.conv2,"(128, 128, 3, 3)",44.896855913446196,aggregate,3,1.0491710457012875
resnet18_no_weights,CIFAR10,fp32_fused_qat,42,layer2.0.downsample.0,layer2.0.downsample.0,"(128, 64, 1, 1)",20.72293241207416,42,3,
resnet18_no_weights,CIFAR10,fp32_fused_qat,43,layer2.0.downsample.0,layer2.0.downsample.0,"(128, 64, 1, 1)",28.72078908284505,43,3,
resnet18_no_weights,CIFAR10,fp32_fused_qat,44,layer2.0.downsample.0,layer2.0.downsample.0,"(128, 64, 1, 1)",20.538093152253523,44,3,
resnet18_no_weights,CIFAR10,fp32_fused_qat,"42,43,44",layer2.0.downsample.0,layer2.0.downsample.0,"(128, 64, 1, 1)",23.327271549057578,aggregate,3,4.671837425301467
resnet18_no_weights,CIFAR10,fp32_fused_qat,42,layer2.1.conv1,layer2.1.conv1,"(128, 128, 3, 3)",115.4098645164853,42,3,
resnet18_no_weights,CIFAR10,fp32_fused_qat,43,layer2.1.conv1,layer2.1.conv1,"(128, 128, 3, 3)",128.20971910881275,43,3,
resnet18_no_weights,CIFAR10,fp32_fused_qat,44,layer2.1.conv1,layer2.1.conv1,"(128, 128, 3, 3)",119.73134909735785,44,3,
resnet18_no_weights,CIFAR10,fp32_fused_qat,"42,43,44",layer2.1.conv1,layer2.1.conv1,"(128, 128, 3, 3)",121.11697757421864,aggregate,3,6.511454837676229
resnet18_no_weights,CIFAR10,fp32_fused_qat,42,layer2.1.conv2,layer2.1.conv2,"(128, 128, 3, 3)",18.45126853942871,42,3,
resnet18_no_weights,CIFAR10,fp32_fused_qat,43,layer2.1.conv2,layer2.1.conv2,"(128, 128, 3, 3)",19.736422729492187,43,3,
resnet18_no_weights,CIFAR10,fp32_fused_qat,44,layer2.1.conv2,layer2.1.conv2,"(128, 128, 3, 3)",20.007401875087194,44,3,
resnet18_no_weights,CIFAR10,fp32_fused_qat,"42,43,44",layer2.1.conv2,layer2.1.conv2,"(128, 128, 3, 3)",19.39836438133603,aggregate,3,0.831324440068648
resnet18_no_weights,CIFAR10,fp32_fused_qat,42,layer3.0.conv1,layer3.0.conv1,"(256, 128, 3, 3)",198.58445835113525,42,3,
resnet18_no_weights,CIFAR10,fp32_fused_qat,43,layer3.0.conv1,layer3.0.conv1,"(256, 128, 3, 3)",201.7561124165853,43,3,
resnet18_no_weights,CIFAR10,fp32_fused_qat,44,layer3.0.conv1,layer3.0.conv1,"(256, 128, 3, 3)",217.03143403024384,44,3,
resnet18_no_weights,CIFAR10,fp32_fused_qat,"42,43,44",layer3.0.conv1,layer3.0.conv1,"(256, 128, 3, 3)",205.79066826598813,aggregate,3,9.863111000230553
resnet18_no_weights,CIFAR10,fp32_fused_qat,42,layer3.0.conv2,layer3.0.conv2,"(256, 256, 3, 3)",51.1910532171076,42,3,
resnet18_no_weights,CIFAR10,fp32_fused_qat,43,layer3.0.conv2,layer3.0.conv2,"(256, 256, 3, 3)",39.978842342601105,43,3,
resnet18_no_weights,CIFAR10,fp32_fused_qat,44,layer3.0.conv2,layer3.0.conv2,"(256, 256, 3, 3)",43.21157279381385,44,3,
resnet18_no_weights,CIFAR10,fp32_fused_qat,"42,43,44",layer3.0.conv2,layer3.0.conv2,"(256, 256, 3, 3)",44.79382278450752,aggregate,3,5.771139787631904
resnet18_no_weights,CIFAR10,fp32_fused_qat,42,layer3.0.downsample.0,layer3.0.downsample.0,"(256, 128, 1, 1)",17.318276127179463,42,3,
resnet18_no_weights,CIFAR10,fp32_fused_qat,43,layer3.0.downsample.0,layer3.0.downsample.0,"(256, 128, 1, 1)",15.0356201171875,43,3,
resnet18_no_weights,CIFAR10,fp32_fused_qat,44,layer3.0.downsample.0,layer3.0.downsample.0,"(256, 128, 1, 1)",15.82484902381897,44,3,
resnet18_no_weights,CIFAR10,fp32_fused_qat,"42,43,44",layer3.0.downsample.0,layer3.0.downsample.0,"(256, 128, 1, 1)",16.059581756061977,aggregate,3,1.1592903892803592
resnet18_no_weights,CIFAR10,fp32_fused_qat,42,layer3.1.conv1,layer3.1.conv1,"(256, 256, 3, 3)",88.63807413529376,42,3,
resnet18_no_weights,CIFAR10,fp32_fused_qat,43,layer3.1.conv1,layer3.1.conv1,"(256, 256, 3, 3)",87.20454624720982,43,3,
resnet18_no_weights,CIFAR10,fp32_fused_qat,44,layer3.1.conv1,layer3.1.conv1,"(256, 256, 3, 3)",80.95873143122746,44,3,
resnet18_no_weights,CIFAR10,fp32_fused_qat,"42,43,44",layer3.1.conv1,layer3.1.conv1,"(256, 256, 3, 3)",85.60045060457702,aggregate,3,4.083248487988362
resnet18_no_weights,CIFAR10,fp32_fused_qat,42,layer3.1.conv2,layer3.1.conv2,"(256, 256, 3, 3)",8.937325286865235,42,3,
resnet18_no_weights,CIFAR10,fp32_fused_qat,43,layer3.1.conv2,layer3.1.conv2,"(256, 256, 3, 3)",11.377553515964085,43,3,
resnet18_no_weights,CIFAR10,fp32_fused_qat,44,layer3.1.conv2,layer3.1.conv2,"(256, 256, 3, 3)",9.395968548456828,44,3,
resnet18_no_weights,CIFAR10,fp32_fused_qat,"42,43,44",layer3.1.conv2,layer3.1.conv2,"(256, 256, 3, 3)",9.90361578376205,aggregate,3,1.2969031340688104
resnet18_no_weights,CIFAR10,fp32_fused_qat,42,layer4.0.conv1,layer4.0.conv1,"(512, 256, 3, 3)",42.01430672865648,42,3,
resnet18_no_weights,CIFAR10,fp32_fused_qat,43,layer4.0.conv1,layer4.0.conv1,"(512, 256, 3, 3)",55.93492543697357,43,3,
resnet18_no_weights,CIFAR10,fp32_fused_qat,44,layer4.0.conv1,layer4.0.conv1,"(512, 256, 3, 3)",47.74448907375336,44,3,
resnet18_no_weights,CIFAR10,fp32_fused_qat,"42,43,44",layer4.0.conv1,layer4.0.conv1,"(512, 256, 3, 3)",48.564573746461136,aggregate,3,6.996449846771906
resnet18_no_weights,CIFAR10,fp32_fused_qat,42,layer4.0.conv2,layer4.0.conv2,"(512, 512, 3, 3)",21.4492769241333,42,3,
resnet18_no_weights,CIFAR10,fp32_fused_qat,43,layer4.0.conv2,layer4.0.conv2,"(512, 512, 3, 3)",19.118760879223164,43,3,
resnet18_no_weights,CIFAR10,fp32_fused_qat,44,layer4.0.conv2,layer4.0.conv2,"(512, 512, 3, 3)",20.354244913373673,44,3,
resnet18_no_weights,CIFAR10,fp32_fused_qat,"42,43,44",layer4.0.conv2,layer4.0.conv2,"(512, 512, 3, 3)",20.30742757224338,aggregate,3,1.1659631882991761
resnet18_no_weights,CIFAR10,fp32_fused_qat,42,layer4.0.downsample.0,layer4.0.downsample.0,"(512, 256, 1, 1)",5.8443045298258465,42,3,
resnet18_no_weights,CIFAR10,fp32_fused_qat,43,layer4.0.downsample.0,layer4.0.downsample.0,"(512, 256, 1, 1)",5.575116952260335,43,3,
resnet18_no_weights,CIFAR10,fp32_fused_qat,44,layer4.0.downsample.0,layer4.0.downsample.0,"(512, 256, 1, 1)",6.12625631164102,44,3,
resnet18_no_weights,CIFAR10,fp32_fused_qat,"42,43,44",layer4.0.downsample.0,layer4.0.downsample.0,"(512, 256, 1, 1)",5.848559264575734,aggregate,3,0.2755943131497491
resnet18_no_weights,CIFAR10,fp32_fused_qat,42,layer4.1.conv1,layer4.1.conv1,"(512, 512, 3, 3)",72.68559659760574,42,3,
resnet18_no_weights,CIFAR10,fp32_fused_qat,43,layer4.1.conv1,layer4.1.conv1,"(512, 512, 3, 3)",78.24903420840992,43,3,
resnet18_no_weights,CIFAR10,fp32_fused_qat,44,layer4.1.conv1,layer4.1.conv1,"(512, 512, 3, 3)",73.83502820332845,44,3,
resnet18_no_weights,CIFAR10,fp32_fused_qat,"42,43,44",layer4.1.conv1,layer4.1.conv1,"(512, 512, 3, 3)",74.92321966978137,aggregate,3,2.937018898998331
resnet18_no_weights,CIFAR10,fp32_fused_qat,42,layer4.1.conv2,layer4.1.conv2,"(512, 512, 3, 3)",2.7596710887220173,42,3,
resnet18_no_weights,CIFAR10,fp32_fused_qat,43,layer4.1.conv2,layer4.1.conv2,"(512, 512, 3, 3)",2.698879459629888,43,3,
resnet18_no_weights,CIFAR10,fp32_fused_qat,44,layer4.1.conv2,layer4.1.conv2,"(512, 512, 3, 3)",2.6568338600071995,44,3,
resnet18_no_weights,CIFAR10,fp32_fused_qat,"42,43,44",layer4.1.conv2,layer4.1.conv2,"(512, 512, 3, 3)",2.7051281361197015,aggregate,3,0.05170259539753975
resnet18_no_weights,CIFAR10,fp32_fused_qat,42,fc,fc,"(10, 512)",3.6075272798538207,42,3,
resnet18_no_weights,CIFAR10,fp32_fused_qat,43,fc,fc,"(10, 512)",3.3362961749772766,43,3,
resnet18_no_weights,CIFAR10,fp32_fused_qat,44,fc,fc,"(10, 512)",3.4208260202407836,44,3,
resnet18_no_weights,CIFAR10,fp32_fused_qat,"42,43,44",fc,fc,"(10, 512)",3.4548831583572936,aggregate,3,0.13878578657648266
cnn,CIFAR10,fp32_unfused,42,conv1,conv1,"(32, 3, 3, 3)",63.19738409254286,42,3,
cnn,CIFAR10,fp32_unfused,43,conv1,conv1,"(32, 3, 3, 3)",63.744211959838864,43,3,
cnn,CIFAR10,fp32_unfused,44,conv1,conv1,"(32, 3, 3, 3)",62.50732250702687,44,3,
cnn,CIFAR10,fp32_unfused,"42,43,44",conv1,conv1,"(32, 3, 3, 3)",63.14963951980287,aggregate,3,0.6198254091185533
cnn,CIFAR10,fp32_unfused,42,conv2,conv2,"(64, 32, 3, 3)",153.31118202209473,42,3,
cnn,CIFAR10,fp32_unfused,43,conv2,conv2,"(64, 32, 3, 3)",162.91243861271784,43,3,
cnn,CIFAR10,fp32_unfused,44,conv2,conv2,"(64, 32, 3, 3)",151.26018311547452,44,3,
cnn,CIFAR10,fp32_unfused,"42,43,44",conv2,conv2,"(64, 32, 3, 3)",155.82793458342903,aggregate,3,6.220474028118463
cnn,CIFAR10,fp32_unfused,42,conv3,conv3,"(128, 64, 3, 3)",202.50636884901257,42,3,
cnn,CIFAR10,fp32_unfused,43,conv3,conv3,"(128, 64, 3, 3)",239.1934514199534,43,3,
cnn,CIFAR10,fp32_unfused,44,conv3,conv3,"(128, 64, 3, 3)",239.93605041503906,44,3,
cnn,CIFAR10,fp32_unfused,"42,43,44",conv3,conv3,"(128, 64, 3, 3)",227.21195689466833,aggregate,3,21.39888837832733
cnn,CIFAR10,fp32_unfused,42,conv4,conv4,"(256, 128, 3, 3)",66.35777733542703,42,3,
cnn,CIFAR10,fp32_unfused,43,conv4,conv4,"(256, 128, 3, 3)",73.72765248616537,43,3,
cnn,CIFAR10,fp32_unfused,44,conv4,conv4,"(256, 128, 3, 3)",71.66313036026493,44,3,
cnn,CIFAR10,fp32_unfused,"42,43,44",conv4,conv4,"(256, 128, 3, 3)",70.58285339395245,aggregate,3,3.8018434577618514
cnn,CIFAR10,fp32_unfused,42,fc1,fc1,"(1024, 1024)",15.619509152003697,42,3,
cnn,CIFAR10,fp32_unfused,43,fc1,fc1,"(1024, 1024)",11.955653710798783,43,3,
cnn,CIFAR10,fp32_unfused,44,fc1,fc1,"(1024, 1024)",13.003812265396117,44,3,
cnn,CIFAR10,fp32_unfused,"42,43,44",fc1,fc1,"(1024, 1024)",13.526325042732866,aggregate,3,1.8869880432508936
cnn,CIFAR10,fp32_unfused,42,fc2,fc2,"(10, 1024)",5.261691226678736,42,3,
cnn,CIFAR10,fp32_unfused,43,fc2,fc2,"(10, 1024)",5.486659589566682,43,3,
cnn,CIFAR10,fp32_unfused,44,fc2,fc2,"(10, 1024)",4.654924411040086,44,3,
cnn,CIFAR10,fp32_unfused,"42,43,44",fc2,fc2,"(10, 1024)",5.134425075761834,aggregate,3,0.4302247745964543
cnn,CIFAR10,ptq,42,conv1,conv1,"(32, 3, 3, 3)",590.6942986382378,42,3,
cnn,CIFAR10,ptq,43,conv1,conv1,"(32, 3, 3, 3)",503.4410404406096,43,3,
cnn,CIFAR10,ptq,44,conv1,conv1,"(32, 3, 3, 3)",496.2159194946289,44,3,
cnn,CIFAR10,ptq,"42,43,44",conv1,conv1,"(32, 3, 3, 3)",530.1170861911587,aggregate,3,52.58564056912231
cnn,CIFAR10,ptq,42,conv2,conv2,"(64, 32, 3, 3)",1312.3289152446546,42,3,
cnn,CIFAR10,ptq,43,conv2,conv2,"(64, 32, 3, 3)",1212.4820251464844,43,3,
cnn,CIFAR10,ptq,44,conv2,conv2,"(64, 32, 3, 3)",1287.2789916992188,44,3,
cnn,CIFAR10,ptq,"42,43,44",conv2,conv2,"(64, 32, 3, 3)",1270.6966440301192,aggregate,3,51.94786863994698
cnn,CIFAR10,ptq,42,conv3,conv3,"(128, 64, 3, 3)",480.0667290938528,42,3,
cnn,CIFAR10,ptq,43,conv3,conv3,"(128, 64, 3, 3)",432.89906932689524,43,3,
cnn,CIFAR10,ptq,44,conv3,conv3,"(128, 64, 3, 3)",534.706064860026,44,3,
cnn,CIFAR10,ptq,"42,43,44",conv3,conv3,"(128, 64, 3, 3)",482.557287760258,aggregate,3,50.949173170168635
cnn,CIFAR10,ptq,42,conv4,conv4,"(256, 128, 3, 3)",38.74027654859755,42,3,
cnn,CIFAR10,ptq,43,conv4,conv4,"(256, 128, 3, 3)",38.8006882023167,43,3,
cnn,CIFAR10,ptq,44,conv4,conv4,"(256, 128, 3, 3)",37.59889328479767,44,3,
cnn,CIFAR10,ptq,"42,43,44",conv4,conv4,"(256, 128, 3, 3)",38.37995267857064,aggregate,3,0.6770913708112228
cnn,CIFAR10,ptq,42,fc1,fc1,"(1024, 1024)",19.87142276763916,42,3,
cnn,CIFAR10,ptq,43,fc1,fc1,"(1024, 1024)",20.21123480796814,43,3,
cnn,CIFAR10,ptq,44,fc1,fc1,"(1024, 1024)",22.28910726659438,44,3,
cnn,CIFAR10,ptq,"42,43,44",fc1,fc1,"(1024, 1024)",20.790588280733893,aggregate,3,1.308830553939812
cnn,CIFAR10,ptq,42,fc2,fc2,"(10, 1024)",7.325283301504035,42,3,
cnn,CIFAR10,ptq,43,fc2,fc2,"(10, 1024)",6.1746867825003235,43,3,
cnn,CIFAR10,ptq,44,fc2,fc2,"(10, 1024)",6.582353930724294,44,3,
cnn,CIFAR10,ptq,"42,43,44",fc2,fc2,"(10, 1024)",6.694108004909551,aggregate,3,0.5833822222253754
cnn,CIFAR10,fp32_fused,42,conv1,conv1,"(32, 3, 3, 3)",482.27875264485675,42,3,
cnn,CIFAR10,fp32_fused,43,conv1,conv1,"(32, 3, 3, 3)",441.9755430359771,43,3,
cnn,CIFAR10,fp32_fused,44,conv1,conv1,"(32, 3, 3, 3)",457.1316223144531,44,3,
cnn,CIFAR10,fp32_fused,"42,43,44",conv1,conv1,"(32, 3, 3, 3)",460.4619726650957,aggregate,3,20.356954617227018
cnn,CIFAR10,fp32_fused,42,conv2,conv2,"(64, 32, 3, 3)",1007.4943190864894,42,3,
cnn,CIFAR10,fp32_fused,43,conv2,conv2,"(64, 32, 3, 3)",863.1949031435211,43,3,
cnn,CIFAR10,fp32_fused,44,conv2,conv2,"(64, 32, 3, 3)",913.976639811198,44,3,
cnn,CIFAR10,fp32_fused,"42,43,44",conv2,conv2,"(64, 32, 3, 3)",928.2219540137362,aggregate,3,73.1968379980804
cnn,CIFAR10,fp32_fused,42,conv3,conv3,"(128, 64, 3, 3)",361.56700226754856,42,3,
cnn,CIFAR10,fp32_fused,43,conv3,conv3,"(128, 64, 3, 3)",313.08177795410154,43,3,
cnn,CIFAR10,fp32_fused,44,conv3,conv3,"(128, 64, 3, 3)",363.99730224609374,44,3,
cnn,CIFAR10,fp32_fused,"42,43,44",conv3,conv3,"(128, 64, 3, 3)",346.21536082258126,aggregate,3,28.72024242190932
cnn,CIFAR10,fp32_fused,42,conv4,conv4,"(256, 128, 3, 3)",22.506451076931423,42,3,
cnn,CIFAR10,fp32_fused,43,conv4,conv4,"(256, 128, 3, 3)",23.23254895210266,43,3,
cnn,CIFAR10,fp32_fused,44,conv4,conv4,"(256, 128, 3, 3)",23.983354221690785,44,3,
cnn,CIFAR10,fp32_fused,"42,43,44",conv4,conv4,"(256, 128, 3, 3)",23.240784750241623,aggregate,3,0.738486016135893
cnn,CIFAR10,fp32_fused,42,fc1,fc1,"(1024, 1024)",13.126631070982736,42,3,
cnn,CIFAR10,fp32_fused,43,fc1,fc1,"(1024, 1024)",13.609876737362,43,3,
cnn,CIFAR10,fp32_fused,44,fc1,fc1,"(1024, 1024)",13.209540510177613,44,3,
cnn,CIFAR10,fp32_fused,"42,43,44",fc1,fc1,"(1024, 1024)",13.31534943950745,aggregate,3,0.258414861536696
cnn,CIFAR10,fp32_fused,42,fc2,fc2,"(10, 1024)",5.551464462981505,42,3,
cnn,CIFAR10,fp32_fused,43,fc2,fc2,"(10, 1024)",5.530265701228175,43,3,
cnn,CIFAR10,fp32_fused,44,fc2,fc2,"(10, 1024)",4.468145242104163,44,3,
cnn,CIFAR10,fp32_fused,"42,43,44",fc2,fc2,"(10, 1024)",5.183291802104614,aggregate,3,0.6194257813373026
cnn,CIFAR10,qat,42,conv1,conv1,"(32, 3, 3, 3)",311.7422780004041,42,3,
cnn,CIFAR10,qat,43,conv1,conv1,"(32, 3, 3, 3)",348.56465584891185,43,3,
cnn,CIFAR10,qat,44,conv1,conv1,"(32, 3, 3, 3)",337.8311478464227,44,3,
cnn,CIFAR10,qat,"42,43,44",conv1,conv1,"(32, 3, 3, 3)",332.7126938985796,aggregate,3,18.937286123325908
cnn,CIFAR10,qat,42,conv2,conv2,"(64, 32, 3, 3)",652.479084777832,42,3,
cnn,CIFAR10,qat,43,conv2,conv2,"(64, 32, 3, 3)",588.188564524931,43,3,
cnn,CIFAR10,qat,44,conv2,conv2,"(64, 32, 3, 3)",588.2313268324908,44,3,
cnn,CIFAR10,qat,"42,43,44",conv2,conv2,"(64, 32, 3, 3)",609.6329920450846,aggregate,3,37.10581091960027
cnn,CIFAR10,qat,42,conv3,conv3,"(128, 64, 3, 3)",233.49266357421874,42,3,
cnn,CIFAR10,qat,43,conv3,conv3,"(128, 64, 3, 3)",275.6368250846863,43,3,
cnn,CIFAR10,qat,44,conv3,conv3,"(128, 64, 3, 3)",291.06068356831867,44,3,
cnn,CIFAR10,qat,"42,43,44",conv3,conv3,"(128, 64, 3, 3)",266.73005740907456,aggregate,3,29.799616009787165
cnn,CIFAR10,qat,42,conv4,conv4,"(256, 128, 3, 3)",17.519867929919013,42,3,
cnn,CIFAR10,qat,43,conv4,conv4,"(256, 128, 3, 3)",20.010512924194337,43,3,
cnn,CIFAR10,qat,44,conv4,conv4,"(256, 128, 3, 3)",19.02386474609375,44,3,
cnn,CIFAR10,qat,"42,43,44",conv4,conv4,"(256, 128, 3, 3)",18.851415200069034,aggregate,3,1.2542456921673206
cnn,CIFAR10,qat,42,fc1,fc1,"(1024, 1024)",11.22443832291497,42,3,
cnn,CIFAR10,qat,43,fc1,fc1,"(1024, 1024)",11.648487777709962,43,3,
cnn,CIFAR10,qat,44,fc1,fc1,"(1024, 1024)",10.847891147320087,44,3,
cnn,CIFAR10,qat,"42,43,44",fc1,fc1,"(1024, 1024)",11.240272415981673,aggregate,3,0.40053311976082445
cnn,CIFAR10,qat,42,fc2,fc2,"(10, 1024)",5.360693994022551,42,3,
cnn,CIFAR10,qat,43,fc2,fc2,"(10, 1024)",5.409342628055149,43,3,
cnn,CIFAR10,qat,44,fc2,fc2,"(10, 1024)",5.281371655671493,44,3,
cnn,CIFAR10,qat,"42,43,44",fc2,fc2,"(10, 1024)",5.350469425916398,aggregate,3,0.06459526908313502
cnn,CIFAR10,fp32_fused_qat,42,conv1,conv1,"(32, 3, 3, 3)",563.2629821777343,42,3,
cnn,CIFAR10,fp32_fused_qat,43,conv1,conv1,"(32, 3, 3, 3)",618.5307426452637,43,3,
cnn,CIFAR10,fp32_fused_qat,44,conv1,conv1,"(32, 3, 3, 3)",546.1289520263672,44,3,
cnn,CIFAR10,fp32_fused_qat,"42,43,44",conv1,conv1,"(32, 3, 3, 3)",575.9742256164551,aggregate,3,37.837634750661245
cnn,CIFAR10,fp32_fused_qat,42,conv2,conv2,"(64, 32, 3, 3)",856.0968784430088,42,3,
cnn,CIFAR10,fp32_fused_qat,43,conv2,conv2,"(64, 32, 3, 3)",747.4305083176185,43,3,
cnn,CIFAR10,fp32_fused_qat,44,conv2,conv2,"(64, 32, 3, 3)",756.7614009205888,44,3,
cnn,CIFAR10,fp32_fused_qat,"42,43,44",conv2,conv2,"(64, 32, 3, 3)",786.762929227072,aggregate,3,60.2259393832974
cnn,CIFAR10,fp32_fused_qat,42,conv3,conv3,"(128, 64, 3, 3)",384.1874853515625,42,3,
cnn,CIFAR10,fp32_fused_qat,43,conv3,conv3,"(128, 64, 3, 3)",410.1465587615967,43,3,
cnn,CIFAR10,fp32_fused_qat,44,conv3,conv3,"(128, 64, 3, 3)",365.9996083577474,44,3,
cnn,CIFAR10,fp32_fused_qat,"42,43,44",conv3,conv3,"(128, 64, 3, 3)",386.77788415696887,aggregate,3,22.18717945049056
cnn,CIFAR10,fp32_fused_qat,42,conv4,conv4,"(256, 128, 3, 3)",27.405389887945994,42,3,
cnn,CIFAR10,fp32_fused_qat,43,conv4,conv4,"(256, 128, 3, 3)",25.90900421142578,43,3,
cnn,CIFAR10,fp32_fused_qat,44,conv4,conv4,"(256, 128, 3, 3)",26.18822373735144,44,3,
cnn,CIFAR10,fp32_fused_qat,"42,43,44",conv4,conv4,"(256, 128, 3, 3)",26.50087261224107,aggregate,3,0.7956786489852722
cnn,CIFAR10,fp32_fused_qat,42,fc1,fc1,"(1024, 1024)",13.97924992912694,42,3,
cnn,CIFAR10,fp32_fused_qat,43,fc1,fc1,"(1024, 1024)",14.639728546142578,43,3,
cnn,CIFAR10,fp32_fused_qat,44,fc1,fc1,"(1024, 1024)",14.014858759366549,44,3,
cnn,CIFAR10,fp32_fused_qat,"42,43,44",fc1,fc1,"(1024, 1024)",14.211279078212023,aggregate,3,0.3714750423988678
cnn,CIFAR10,fp32_fused_qat,42,fc2,fc2,"(10, 1024)",4.543168862660726,42,3,
cnn,CIFAR10,fp32_fused_qat,43,fc2,fc2,"(10, 1024)",5.972459192933707,43,3,
cnn,CIFAR10,fp32_fused_qat,44,fc2,fc2,"(10, 1024)",7.205314218997955,44,3,
cnn,CIFAR10,fp32_fused_qat,"42,43,44",fc2,fc2,"(10, 1024)",5.906980758197463,aggregate,3,1.3322800169741347
