model,dataset,variant,layer,layer_type,numel,trace_raw,trace_per_param,elev_raw,elev_per_param,raw_vs_numel_slope,raw_vs_numel_r2,seed,n_seeds,metric_std
resnet50_no_weights,CIFAR10,fp32_unfused,conv1,conv,1728,16.31987486566816,0.00944437202874315,,,,,42,3,
resnet50_no_weights,CIFAR10,fp32_unfused,conv1,conv,1728,14.004885475590545,0.008104679094670454,,,,,43,3,
resnet50_no_weights,CIFAR10,fp32_unfused,conv1,conv,1728,14.387773297049783,0.008326257695051957,,,,,44,3,
resnet50_no_weights,CIFAR10,fp32_unfused,conv1,conv,1728,14.904177879436164,0.00862510293948852,0.963615101532708,123.27875511024833,0.5255518646294199,0.5022569515046911,aggregate,3,1.2408864728794584
resnet50_no_weights,CIFAR10,fp32_unfused,layer1.0.conv1,conv,4096,1.0601853759124362,0.0002588343202911221,,,,,42,3,
resnet50_no_weights,CIFAR10,fp32_unfused,layer1.0.conv1,conv,4096,1.030744868516922,0.00025164669641526417,,,,,43,3,
resnet50_no_weights,CIFAR10,fp32_unfused,layer1.0.conv1,conv,4096,1.1624078757383607,0.0002837909852876857,,,,,44,3,
resnet50_no_weights,CIFAR10,fp32_unfused,layer1.0.conv1,conv,4096,1.0844460400559064,0.000264757333998024,0.07011380228070306,3.7841814492616543,0.5255518646294199,0.5022569515046911,aggregate,3,0.06910297921334392
resnet50_no_weights,CIFAR10,fp32_unfused,layer1.0.conv2,conv,36864,1.2578046994331555,3.412013616083864e-05,,,,,42,3,
resnet50_no_weights,CIFAR10,fp32_unfused,layer1.0.conv2,conv,36864,1.1538321801594325,3.129970106769294e-05,,,,,43,3,
resnet50_no_weights,CIFAR10,fp32_unfused,layer1.0.conv2,conv,36864,1.2772355027820752,3.464723043571167e-05,,,,,44,3,
resnet50_no_weights,CIFAR10,fp32_unfused,layer1.0.conv2,conv,36864,1.2296241274582211,3.335568922141442e-05,0.07950015009298496,0.4767534801508291,0.5255518646294199,0.5022569515046911,aggregate,3,0.066352870971819
resnet50_no_weights,CIFAR10,fp32_unfused,layer1.0.conv3,conv,16384,0.9016823465173894,5.503432290755551e-05,,,,,42,3,
resnet50_no_weights,CIFAR10,fp32_unfused,layer1.0.conv3,conv,16384,0.9318593199315824,5.6876179195042874e-05,,,,,43,3,
resnet50_no_weights,CIFAR10,fp32_unfused,layer1.0.conv3,conv,16384,0.8958405137062073,5.467776572913863e-05,,,,,44,3,
resnet50_no_weights,CIFAR10,fp32_unfused,layer1.0.conv3,conv,16384,0.9097940600517264,5.5529422610579e-05,0.05882184865494673,0.7936830597211408,0.5255518646294199,0.5022569515046911,aggregate,3,0.019331024877709914
resnet50_no_weights,CIFAR10,fp32_unfused,layer1.0.downsample.0,conv,16384,12.209556372960408,0.0007452121809668218,,,,,42,3,
resnet50_no_weights,CIFAR10,fp32_unfused,layer1.0.downsample.0,conv,16384,11.971403560122928,0.0007306764868239092,,,,,43,3,
resnet50_no_weights,CIFAR10,fp32_unfused,layer1.0.downsample.0,conv,16384,11.368551254272461,0.0006938813021406531,,,,,44,3,
resnet50_no_weights,CIFAR10,fp32_unfused,layer1.0.downsample.0,conv,16384,11.849837062451932,0.0007232566566437947,0.766139671469933,10.337520709235124,0.5255518646294199,0.5022569515046911,aggregate,3,0.43348150183349954
resnet50_no_weights,CIFAR10,fp32_unfused,layer1.1.conv1,conv,16384,1.0701999153409685,6.531981905157278e-05,,,,,42,3,
resnet50_no_weights,CIFAR10,fp32_unfused,layer1.1.conv1,conv,16384,0.7532343707374625,4.597377751083145e-05,,,,,43,3,
resnet50_no_weights,CIFAR10,fp32_unfused,layer1.1.conv1,conv,16384,1.01344793726658,6.18559532023059e-05,,,,,44,3,
resnet50_no_weights,CIFAR10,fp32_unfused,layer1.1.conv1,conv,16384,0.9456274077816703,5.7716516588236714e-05,0.0611386188445114,0.8249432342102296,0.5255518646294199,0.5022569515046911,aggregate,3,0.169016292945856
resnet50_no_weights,CIFAR10,fp32_unfused,layer1.1.conv2,conv,36864,1.0868429938952129,2.9482503089605385e-05,,,,,42,3,
resnet50_no_weights,CIFAR10,fp32_unfused,layer1.1.conv2,conv,36864,0.9370763758818309,2.541982356450279e-05,,,,,43,3,
resnet50_no_weights,CIFAR10,fp32_unfused,layer1.1.conv2,conv,36864,0.9865060034005538,2.6760688026273705e-05,,,,,44,3,
resnet50_no_weights,CIFAR10,fp32_unfused,layer1.1.conv2,conv,36864,1.0034751243925326,2.722100489346063e-05,0.06487870660824656,0.3890703241061614,0.5255518646294199,0.5022569515046911,aggregate,3,0.07631168500447279
resnet50_no_weights,CIFAR10,fp32_unfused,layer1.1.conv3,conv,16384,1.2753376473510076,7.784043257757615e-05,,,,,42,3,
resnet50_no_weights,CIFAR10,fp32_unfused,layer1.1.conv3,conv,16384,1.3256979801438071,8.091418335838667e-05,,,,,43,3,
resnet50_no_weights,CIFAR10,fp32_unfused,layer1.1.conv3,conv,16384,1.4163656598991818,8.644809935908092e-05,,,,,44,3,
resnet50_no_weights,CIFAR10,fp32_unfused,layer1.1.conv3,conv,16384,1.3391337624646655,8.173423843168125e-05,0.08658038886288998,1.1682289747071013,0.5255518646294199,0.5022569515046911,aggregate,3,0.07146758192182043
resnet50_no_weights,CIFAR10,fp32_unfused,layer1.2.conv1,conv,16384,2.563483772107533,0.00015646263257492268,,,,,42,3,
resnet50_no_weights,CIFAR10,fp32_unfused,layer1.2.conv1,conv,16384,1.98738694190979,0.00012130047252867371,,,,,43,3,
resnet50_no_weights,CIFAR10,fp32_unfused,layer1.2.conv1,conv,16384,2.3591889086223783,0.00014399346366103383,,,,,44,3,
resnet50_no_weights,CIFAR10,fp32_unfused,layer1.2.conv1,conv,16384,2.303353207546567,0.0001405855229215434,0.1489210577671689,2.009391467427392,0.5255518646294199,0.5022569515046911,aggregate,3,0.29207894237165116
resnet50_no_weights,CIFAR10,fp32_unfused,layer1.2.conv2,conv,36864,3.5342114051183064,9.587162014752351e-05,,,,,42,3,
resnet50_no_weights,CIFAR10,fp32_unfused,layer1.2.conv2,conv,36864,4.562780013928811,0.00012377332937089873,,,,,43,3,
resnet50_no_weights,CIFAR10,fp32_unfused,layer1.2.conv2,conv,36864,4.499861536026001,0.00012206655642431642,,,,,44,3,
resnet50_no_weights,CIFAR10,fp32_unfused,layer1.2.conv2,conv,36864,4.198950985024373,0.00011390383531424624,0.271479085427971,1.6280296152216962,0.5255518646294199,0.5022569515046911,aggregate,3,0.57654029827556
resnet50_no_weights,CIFAR10,fp32_unfused,layer1.2.conv3,conv,16384,2.0333683852638518,0.0001241069571083894,,,,,42,3,
resnet50_no_weights,CIFAR10,fp32_unfused,layer1.2.conv3,conv,16384,1.8114423333552845,0.00011056166585420438,,,,,43,3,
resnet50_no_weights,CIFAR10,fp32_unfused,layer1.2.conv3,conv,16384,1.9054363012313842,0.0001162986023700796,,,,,44,3,
resnet50_no_weights,CIFAR10,fp32_unfused,layer1.2.conv3,conv,16384,1.9167490066168402,0.00011698907511089113,0.12392553977580932,1.6721270044372656,0.5255518646294199,0.5022569515046911,aggregate,3,0.11139468616718043
resnet50_no_weights,CIFAR10,fp32_unfused,layer2.0.conv1,conv,32768,4.7961433773691,0.00014636668021756287,,,,,42,3,
resnet50_no_weights,CIFAR10,fp32_unfused,layer2.0.conv1,conv,32768,6.4080653712153435,0.00019555863559617137,,,,,43,3,
resnet50_no_weights,CIFAR10,fp32_unfused,layer2.0.conv1,conv,32768,5.675283511479695,0.00017319590794310594,,,,,44,3,
resnet50_no_weights,CIFAR10,fp32_unfused,layer2.0.conv1,conv,32768,5.62649742002138,0.0001717070745856134,0.3637757095041147,2.4542123783385543,0.5255518646294199,0.5022569515046911,aggregate,3,0.8070676493337757
resnet50_no_weights,CIFAR10,fp32_unfused,layer2.0.conv2,conv,147456,41.28156411414053,0.0002799585239945511,,,,,42,3,
resnet50_no_weights,CIFAR10,fp32_unfused,layer2.0.conv2,conv,147456,35.19292202862826,0.000238667277212377,,,,,43,3,
resnet50_no_weights,CIFAR10,fp32_unfused,layer2.0.conv2,conv,147456,46.456037402153015,0.00031505016684402816,,,,,44,3,
resnet50_no_weights,CIFAR10,fp32_unfused,layer2.0.conv2,conv,147456,40.9768411816406,0.00027789198935031874,2.6493177480266388,3.971915320033181,0.5255518646294199,0.5022569515046911,aggregate,3,5.637737491984345
resnet50_no_weights,CIFAR10,fp32_unfused,layer2.0.conv3,conv,65536,25.388745554031864,0.0003874015129704569,,,,,42,3,
resnet50_no_weights,CIFAR10,fp32_unfused,layer2.0.conv3,conv,65536,29.631222477665656,0.00045213657345070886,,,,,43,3,
resnet50_no_weights,CIFAR10,fp32_unfused,layer2.0.conv3,conv,65536,27.665527566274008,0.0004221424494365541,,,,,44,3,
resnet50_no_weights,CIFAR10,fp32_unfused,layer2.0.conv3,conv,65536,27.56183186599051,0.00042056017861923995,1.781983389276257,6.011074375907462,0.5255518646294199,0.5022569515046911,aggregate,3,2.1231385283547266
resnet50_no_weights,CIFAR10,fp32_unfused,layer2.0.downsample.0,conv,131072,18.403613514370388,0.00014040842830177603,,,,,42,3,
resnet50_no_weights,CIFAR10,fp32_unfused,layer2.0.downsample.0,conv,131072,20.767497062683105,0.00015844342851778492,,,,,43,3,
resnet50_no_weights,CIFAR10,fp32_unfused,layer2.0.downsample.0,conv,131072,18.61174899207221,0.00014199637597711343,,,,,44,3,
resnet50_no_weights,CIFAR10,fp32_unfused,layer2.0.downsample.0,conv,131072,19.26095318970857,0.0001469494109322248,1.24529816496124,2.100350635929138,0.5255518646294199,0.5022569515046911,aggregate,3,1.3088490841832683
resnet50_no_weights,CIFAR10,fp32_unfused,layer2.1.conv1,conv,65536,4.19373787244161,6.399136157900406e-05,,,,,42,3,
resnet50_no_weights,CIFAR10,fp32_unfused,layer2.1.conv1,conv,65536,3.7600049539045854,5.7373122465585105e-05,,,,,43,3,
resnet50_no_weights,CIFAR10,fp32_unfused,layer2.1.conv1,conv,65536,4.530955917907484,6.913690060283636e-05,,,,,44,3,
resnet50_no_weights,CIFAR10,fp32_unfused,layer2.1.conv1,conv,65536,4.16156624808456,6.350046154914184e-05,0.2690620116803652,0.907613266024234,0.5255518646294199,0.5022569515046911,aggregate,3,0.38648105682501177
resnet50_no_weights,CIFAR10,fp32_unfused,layer2.1.conv2,conv,147456,7.205611437559128,4.886617999646761e-05,,,,,42,3,
resnet50_no_weights,CIFAR10,fp32_unfused,layer2.1.conv2,conv,147456,7.158338200478327,4.854558783961539e-05,,,,,43,3,
resnet50_no_weights,CIFAR10,fp32_unfused,layer2.1.conv2,conv,147456,7.479104392230511,5.072092279887228e-05,,,,,44,3,
resnet50_no_weights,CIFAR10,fp32_unfused,layer2.1.conv2,conv,147456,7.281018010089322,4.937756354498509e-05,0.47074712646405437,0.7057544248351801,0.5255518646294199,0.5022569515046911,aggregate,3,0.1731685618937896
resnet50_no_weights,CIFAR10,fp32_unfused,layer2.1.conv3,conv,65536,6.847120642662048,0.00010447876957186963,,,,,42,3,
resnet50_no_weights,CIFAR10,fp32_unfused,layer2.1.conv3,conv,65536,7.979807721243964,0.00012176220277777045,,,,,43,3,
resnet50_no_weights,CIFAR10,fp32_unfused,layer2.1.conv3,conv,65536,6.740046727029901,0.00010284495127914277,,,,,44,3,
resnet50_no_weights,CIFAR10,fp32_unfused,layer2.1.conv3,conv,65536,7.188991696978638,0.00010969530787626096,0.46479725483952256,1.567877055067682,0.5255518646294199,0.5022569515046911,aggregate,3,0.6869561077887824
resnet50_no_weights,CIFAR10,fp32_unfused,layer2.2.conv1,conv,65536,8.122221840752495,0.00012393526978687279,,,,,42,3,
resnet50_no_weights,CIFAR10,fp32_unfused,layer2.2.conv1,conv,65536,9.59869254430135,0.00014646442480928574,,,,,43,3,
resnet50_no_weights,CIFAR10,fp32_unfused,layer2.2.conv1,conv,65536,7.804847104982897,0.00011909251563999781,,,,,44,3,
resnet50_no_weights,CIFAR10,fp32_unfused,layer2.2.conv1,conv,65536,8.508587163345581,0.00012983073674538545,0.5501144142019139,1.8556731106059854,0.5255518646294199,0.5022569515046911,aggregate,3,0.9573029755086675
resnet50_no_weights,CIFAR10,fp32_unfused,layer2.2.conv2,conv,147456,17.206065389845108,0.0001166860988352126,,,,,42,3,
resnet50_no_weights,CIFAR10,fp32_unfused,layer2.2.conv2,conv,147456,11.048022747039795,7.492419940212535e-05,,,,,43,3,
resnet50_no_weights,CIFAR10,fp32_unfused,layer2.2.conv2,conv,147456,9.68046525808481,6.564985662221145e-05,,,,,44,3,
resnet50_no_weights,CIFAR10,fp32_unfused,layer2.2.conv2,conv,147456,12.644851131656571,8.575338495318313e-05,0.8175405316323414,1.2256747099351402,0.5255518646294199,0.5022569515046911,aggregate,3,4.0088726598915585
resnet50_no_weights,CIFAR10,fp32_unfused,layer2.2.conv3,conv,65536,4.541551417774624,6.92985751003208e-05,,,,,42,3,
resnet50_no_weights,CIFAR10,fp32_unfused,layer2.2.conv3,conv,65536,4.82981863728276,7.369718379642884e-05,,,,,43,3,
resnet50_no_weights,CIFAR10,fp32_unfused,layer2.2.conv3,conv,65536,4.5987909169032655,7.01719805435679e-05,,,,,44,3,
resnet50_no_weights,CIFAR10,fp32_unfused,layer2.2.conv3,conv,65536,4.6567203239868835,7.105591314677251e-05,0.30107571609161465,1.0156034748120355,0.5255518646294199,0.5022569515046911,aggregate,3,0.15261507007675437
resnet50_no_weights,CIFAR10,fp32_unfused,layer2.3.conv1,conv,65536,4.27490795359892,6.522991872556945e-05,,,,,42,3,
resnet50_no_weights,CIFAR10,fp32_unfused,layer2.3.conv1,conv,65536,4.509072184562683,6.880298133182805e-05,,,,,43,3,
resnet50_no_weights,CIFAR10,fp32_unfused,layer2.3.conv1,conv,65536,4.756912797105079,7.258472895973326e-05,,,,,44,3,
resnet50_no_weights,CIFAR10,fp32_unfused,layer2.3.conv1,conv,65536,4.513630978422227,6.887254300571025e-05,0.2918244138480486,0.9843965251879647,0.5255518646294199,0.5022569515046911,aggregate,3,0.24103475733167526
resnet50_no_weights,CIFAR10,fp32_unfused,layer2.3.conv2,conv,147456,2.9206995517015457,1.9807261499712087e-05,,,,,42,3,
resnet50_no_weights,CIFAR10,fp32_unfused,layer2.3.conv2,conv,147456,2.80397007200453,1.9015639051680026e-05,,,,,43,3,
resnet50_no_weights,CIFAR10,fp32_unfused,layer2.3.conv2,conv,147456,3.1889782269795734,2.162664270683847e-05,,,,,44,3,
resnet50_no_weights,CIFAR10,fp32_unfused,layer2.3.conv2,conv,147456,2.9712159502285496,2.0149847752743527e-05,0.19210107278076843,0.28800214490733533,0.5255518646294199,0.5022569515046911,aggregate,3,0.19741263824645597
resnet50_no_weights,CIFAR10,fp32_unfused,layer2.3.conv3,conv,65536,2.0024673562300834,3.055522699325689e-05,,,,,42,3,
resnet50_no_weights,CIFAR10,fp32_unfused,layer2.3.conv3,conv,65536,1.8965458640685449,2.8938993287178724e-05,,,,,43,3,
resnet50_no_weights,CIFAR10,fp32_unfused,layer2.3.conv3,conv,65536,1.919802934959017,2.929386802610805e-05,,,,,44,3,
resnet50_no_weights,CIFAR10,fp32_unfused,layer2.3.conv3,conv,65536,1.9396053850858819,2.9596029435514555e-05,0.1254032966596361,0.42301659361214117,0.5255518646294199,0.5022569515046911,aggregate,3,0.05566815425988131
resnet50_no_weights,CIFAR10,fp32_unfused,layer3.0.conv1,conv,131072,23.72373112042745,0.0001809977044710346,,,,,42,3,
resnet50_no_weights,CIFAR10,fp32_unfused,layer3.0.conv1,conv,131072,24.29143630133735,0.0001853289512736309,,,,,43,3,
resnet50_no_weights,CIFAR10,fp32_unfused,layer3.0.conv1,conv,131072,25.706639925638836,0.00019612609806548184,,,,,44,3,
resnet50_no_weights,CIFAR10,fp32_unfused,layer3.0.conv1,conv,131072,24.573935782467878,0.00018748425127004912,1.5888038787267116,2.679715855161639,0.5255518646294199,0.5022569515046911,aggregate,3,1.0211935664091683
resnet50_no_weights,CIFAR10,fp32_unfused,layer3.0.conv2,conv,589824,27.490867254868995,4.660859384302605e-05,,,,,42,3,
resnet50_no_weights,CIFAR10,fp32_unfused,layer3.0.conv2,conv,589824,30.992405319213866,5.254517503393193e-05,,,,,43,3,
resnet50_no_weights,CIFAR10,fp32_unfused,layer3.0.conv2,conv,589824,22.22231364250183,3.767617737240572e-05,,,,,44,3,
resnet50_no_weights,CIFAR10,fp32_unfused,layer3.0.conv2,conv,589824,26.9018620721949,4.5609982083121237e-05,1.7393136851838005,0.6519043136360935,0.5255518646294199,0.5022569515046911,aggregate,3,4.414614630224946
resnet50_no_weights,CIFAR10,fp32_unfused,layer3.0.conv3,conv,262144,15.125116368557544,5.769774005339639e-05,,,,,42,3,
resnet50_no_weights,CIFAR10,fp32_unfused,layer3.0.conv3,conv,262144,15.967549226222895,6.091136637200506e-05,,,,,43,3,
resnet50_no_weights,CIFAR10,fp32_unfused,layer3.0.conv3,conv,262144,15.18514092763265,5.792671557477055e-05,,,,,44,3,
resnet50_no_weights,CIFAR10,fp32_unfused,layer3.0.conv3,conv,262144,15.42593550747103,5.884527400005733e-05,0.9973488326905988,0.8410765846788518,0.5255518646294199,0.5022569515046911,aggregate,3,0.4700104277334797
resnet50_no_weights,CIFAR10,fp32_unfused,layer3.0.downsample.0,conv,524288,46.03434908831561,8.780355279601213e-05,,,,,42,3,
resnet50_no_weights,CIFAR10,fp32_unfused,layer3.0.downsample.0,conv,524288,43.548954010009766,8.306303789140657e-05,,,,,43,3,
resnet50_no_weights,CIFAR10,fp32_unfused,layer3.0.downsample.0,conv,524288,41.28054724799262,7.873639535521054e-05,,,,,44,3,
resnet50_no_weights,CIFAR10,fp32_unfused,layer3.0.downsample.0,conv,524288,43.621283448772665,8.320099534754308e-05,2.8202915866612224,1.1891933583098686,0.5255518646294199,0.5022569515046911,aggregate,3,2.377726150137641
resnet50_no_weights,CIFAR10,fp32_unfused,layer3.1.conv1,conv,262144,5.485217213630676,2.0924443106196122e-05,,,,,42,3,
resnet50_no_weights,CIFAR10,fp32_unfused,layer3.1.conv1,conv,262144,5.115717887878418,1.95149150385987e-05,,,,,43,3,
resnet50_no_weights,CIFAR10,fp32_unfused,layer3.1.conv1,conv,262144,5.609608401422915,2.139895783013502e-05,,,,,44,3,
resnet50_no_weights,CIFAR10,fp32_unfused,layer3.1.conv1,conv,262144,5.403514500977336,2.061277199164328e-05,0.3493589660974791,0.2946187295767938,0.5255518646294199,0.5022569515046911,aggregate,3,0.2568821904755124
resnet50_no_weights,CIFAR10,fp32_unfused,layer3.1.conv2,conv,589824,15.194501604352679,2.5761077210070595e-05,,,,,42,3,
resnet50_no_weights,CIFAR10,fp32_unfused,layer3.1.conv2,conv,589824,14.776684867011177,2.5052701936528823e-05,,,,,43,3,
resnet50_no_weights,CIFAR10,fp32_unfused,layer3.1.conv2,conv,589824,16.552652740478514,2.80637151768638e-05,,,,,44,3,
resnet50_no_weights,CIFAR10,fp32_unfused,layer3.1.conv2,conv,589824,15.507946403947457,2.6292498107821074e-05,1.0026511673094012,0.3757991595243448,0.5255518646294199,0.5022569515046911,aggregate,3,0.9285479005909075
resnet50_no_weights,CIFAR10,fp32_unfused,layer3.1.conv3,conv,262144,15.763869698842367,6.013439063584277e-05,,,,,42,3,
resnet50_no_weights,CIFAR10,fp32_unfused,layer3.1.conv3,conv,262144,16.48910517441599,6.290094442144771e-05,,,,,43,3,
resnet50_no_weights,CIFAR10,fp32_unfused,layer3.1.conv3,conv,262144,14.439410626888275,5.508198023562727e-05,,,,,44,3,
resnet50_no_weights,CIFAR10,fp32_unfused,layer3.1.conv3,conv,262144,15.564128500048877,5.9372438430972584e-05,1.0062835660017024,0.8486113555955093,0.5255518646294199,0.5022569515046911,aggregate,3,1.0393432274339434
resnet50_no_weights,CIFAR10,fp32_unfused,layer3.2.conv1,conv,262144,15.198716612423167,5.797850270241992e-05,,,,,42,3,
resnet50_no_weights,CIFAR10,fp32_unfused,layer3.2.conv1,conv,262144,16.176279891620982,6.170761067055123e-05,,,,,43,3,
resnet50_no_weights,CIFAR10,fp32_unfused,layer3.2.conv1,conv,262144,16.295561381748744,6.216263344478128e-05,,,,,44,3,
resnet50_no_weights,CIFAR10,fp32_unfused,layer3.2.conv1,conv,262144,15.890185961930964,6.061624893925081e-05,1.0273644935629944,0.8663891620900341,0.5255518646294199,0.5022569515046911,aggregate,3,0.6017926673309728
resnet50_no_weights,CIFAR10,fp32_unfused,layer3.2.conv2,conv,589824,47.73078866438432,8.092378177962294e-05,,,,,42,3,
resnet50_no_weights,CIFAR10,fp32_unfused,layer3.2.conv2,conv,589824,40.71572751265306,6.903029973797787e-05,,,,,43,3,
resnet50_no_weights,CIFAR10,fp32_unfused,layer3.2.conv2,conv,589824,50.1430721282959,8.501361783904333e-05,,,,,44,3,
resnet50_no_weights,CIFAR10,fp32_unfused,layer3.2.conv2,conv,589824,46.196529435111096,7.832256645221472e-05,2.9867916071703093,1.1194658842925431,0.5255518646294199,0.5022569515046911,aggregate,3,4.897363593044737
resnet50_no_weights,CIFAR10,fp32_unfused,layer3.2.conv3,conv,262144,27.44475221633911,0.00010469342123542447,,,,,42,3,
resnet50_no_weights,CIFAR10,fp32_unfused,layer3.2.conv3,conv,262144,23.365772767500445,8.913334948539904e-05,,,,,43,3,
resnet50_no_weights,CIFAR10,fp32_unfused,layer3.2.conv3,conv,262144,20.798222223917644,7.933892144743974e-05,,,,,44,3,
resnet50_no_weights,CIFAR10,fp32_unfused,layer3.2.conv3,conv,262144,23.869582402585735,9.105523072275442e-05,1.5432645971131649,1.301454089131517,0.5255518646294199,0.5022569515046911,aggregate,3,3.351784352601328
resnet50_no_weights,CIFAR10,fp32_unfused,layer3.3.conv1,conv,262144,25.21829080581665,9.620014498068485e-05,,,,,42,3,
resnet50_no_weights,CIFAR10,fp32_unfused,layer3.3.conv1,conv,262144,29.74307370185852,0.00011346082192176254,,,,,43,3,
resnet50_no_weights,CIFAR10,fp32_unfused,layer3.3.conv1,conv,262144,28.39316973966711,0.00010831134696833461,,,,,44,3,
resnet50_no_weights,CIFAR10,fp32_unfused,layer3.3.conv1,conv,262144,27.784844749114093,0.00010599077129026067,1.796402069981265,1.514928045440028,0.5255518646294199,0.5022569515046911,aggregate,3,2.3229204753234143
resnet50_no_weights,CIFAR10,fp32_unfused,layer3.3.conv2,conv,589824,52.5860641002655,8.915551774811724e-05,,,,,42,3,
resnet50_no_weights,CIFAR10,fp32_unfused,layer3.3.conv2,conv,589824,58.382161175763166,9.898234248820523e-05,,,,,43,3,
resnet50_no_weights,CIFAR10,fp32_unfused,layer3.3.conv2,conv,589824,61.25130372888901,0.00010384674704469301,,,,,44,3,
resnet50_no_weights,CIFAR10,fp32_unfused,layer3.3.conv2,conv,589824,57.406509668305894,9.732820242700516e-05,3.7115619586764943,1.3911137891915957,0.5255518646294199,0.5022569515046911,aggregate,3,4.41424017848707
resnet50_no_weights,CIFAR10,fp32_unfused,layer3.3.conv3,conv,262144,32.35087013244629,0.00012340877583483234,,,,,42,3,
resnet50_no_weights,CIFAR10,fp32_unfused,layer3.3.conv3,conv,262144,30.11061651810356,0.0001148628864978926,,,,,43,3,
resnet50_no_weights,CIFAR10,fp32_unfused,layer3.3.conv3,conv,262144,29.569405204371403,0.00011279832917927324,,,,,44,3,
resnet50_no_weights,CIFAR10,fp32_unfused,layer3.3.conv3,conv,262144,30.676963951640417,0.00011702333050399939,1.9833892195933394,1.6726166174016357,0.5255518646294199,0.5022569515046911,aggregate,3,1.4746860167957778
resnet50_no_weights,CIFAR10,fp32_unfused,layer3.4.conv1,conv,262144,28.931380462646484,0.00011036445794161409,,,,,42,3,
resnet50_no_weights,CIFAR10,fp32_unfused,layer3.4.conv1,conv,262144,32.57314827862908,0.00012425669967128402,,,,,43,3,
resnet50_no_weights,CIFAR10,fp32_unfused,layer3.4.conv1,conv,262144,29.243002361721462,0.00011155320114792428,,,,,44,3,
resnet50_no_weights,CIFAR10,fp32_unfused,layer3.4.conv1,conv,262144,30.24917703433234,0.00011539145292027413,1.9557310731936681,1.6492921610530717,0.5255518646294199,0.5022569515046911,aggregate,3,2.0186403370175587
resnet50_no_weights,CIFAR10,fp32_unfused,layer3.4.conv2,conv,589824,46.82410734526965,7.938657522459184e-05,,,,,42,3,
resnet50_no_weights,CIFAR10,fp32_unfused,layer3.4.conv2,conv,589824,45.559151376996724,7.724194230312216e-05,,,,,43,3,
resnet50_no_weights,CIFAR10,fp32_unfused,layer3.4.conv2,conv,589824,42.57856867863582,7.218859978338593e-05,,,,,44,3,
resnet50_no_weights,CIFAR10,fp32_unfused,layer3.4.conv2,conv,589824,44.98727580030073,7.62723724370333e-05,2.908608491435068,1.090162423487583,0.5255518646294199,0.5022569515046911,aggregate,3,2.1797777177700435
resnet50_no_weights,CIFAR10,fp32_unfused,layer3.4.conv3,conv,262144,16.405121432410347,6.258057187046183e-05,,,,,42,3,
resnet50_no_weights,CIFAR10,fp32_unfused,layer3.4.conv3,conv,262144,17.52032352216316,6.683473023286118e-05,,,,,43,3,
resnet50_no_weights,CIFAR10,fp32_unfused,layer3.4.conv3,conv,262144,17.365082451791473,6.62425325462016e-05,,,,,44,3,
resnet50_no_weights,CIFAR10,fp32_unfused,layer3.4.conv3,conv,262144,17.096842468788328,6.521927821650821e-05,1.1053796945204892,0.9321803442959093,0.5255518646294199,0.5022569515046911,aggregate,3,0.6040558265660605
resnet50_no_weights,CIFAR10,fp32_unfused,layer3.5.conv1,conv,262144,20.191825742306918,7.702570244715469e-05,,,,,42,3,
resnet50_no_weights,CIFAR10,fp32_unfused,layer3.5.conv1,conv,262144,19.543590790884835,7.455288235048231e-05,,,,,43,3,
resnet50_no_weights,CIFAR10,fp32_unfused,layer3.5.conv1,conv,262144,21.188210248947144,8.082660770014627e-05,,,,,44,3,
resnet50_no_weights,CIFAR10,fp32_unfused,layer3.5.conv1,conv,262144,20.307875594046298,7.746839749926108e-05,1.3129859131291337,1.1072572317219347,0.5255518646294199,0.5022569515046911,aggregate,3,0.8284286128121358
resnet50_no_weights,CIFAR10,fp32_unfused,layer3.5.conv2,conv,589824,19.17109270095825,3.250307329128393e-05,,,,,42,3,
resnet50_no_weights,CIFAR10,fp32_unfused,layer3.5.conv2,conv,589824,23.093585059756325,3.915334923596925e-05,,,,,43,3,
resnet50_no_weights,CIFAR10,fp32_unfused,layer3.5.conv2,conv,589824,21.68727004274409,3.6769053213745266e-05,,,,,44,3,
resnet50_no_weights,CIFAR10,fp32_unfused,layer3.5.conv2,conv,589824,21.31731593448622,3.614182524699948e-05,1.378250294969766,0.5165757736598627,0.5255518646294199,0.5022569515046911,aggregate,3,1.9872433438987724
resnet50_no_weights,CIFAR10,fp32_unfused,layer3.5.conv3,conv,262144,9.39033372313888,3.582128037696411e-05,,,,,42,3,
resnet50_no_weights,CIFAR10,fp32_unfused,layer3.5.conv3,conv,262144,10.46752184913272,3.993042697575653e-05,,,,,43,3,
resnet50_no_weights,CIFAR10,fp32_unfused,layer3.5.conv3,conv,262144,9.350744843482971,3.567026078599156e-05,,,,,44,3,
resnet50_no_weights,CIFAR10,fp32_unfused,layer3.5.conv3,conv,262144,9.736200138584858,3.71406560462374e-05,0.6294845352073951,0.5308520806627711,0.5255518646294199,0.5022569515046911,aggregate,3,0.6336524308223642
resnet50_no_weights,CIFAR10,fp32_unfused,layer4.0.conv1,conv,524288,38.48795693095138,7.340995203199649e-05,,,,,42,3,
resnet50_no_weights,CIFAR10,fp32_unfused,layer4.0.conv1,conv,524288,38.69582127302121,7.380642180065386e-05,,,,,43,3,
resnet50_no_weights,CIFAR10,fp32_unfused,layer4.0.conv1,conv,524288,36.27742762999101,6.919370199201776e-05,,,,,44,3,
resnet50_no_weights,CIFAR10,fp32_unfused,layer4.0.conv1,conv,524288,37.820401944654535,7.213669194155604e-05,2.4452412440802687,1.0310510660240157,0.5255518646294199,0.5022569515046911,aggregate,3,1.3402907139719933
resnet50_no_weights,CIFAR10,fp32_unfused,layer4.0.conv2,conv,2359296,26.277655165536064,1.1137922145223008e-05,,,,,42,3,
resnet50_no_weights,CIFAR10,fp32_unfused,layer4.0.conv2,conv,2359296,26.165602935934967,1.1090428219237844e-05,,,,,43,3,
resnet50_no_weights,CIFAR10,fp32_unfused,layer4.0.conv2,conv,2359296,23.026689892723446,9.759983441129661e-06,,,,,44,3,
resnet50_no_weights,CIFAR10,fp32_unfused,layer4.0.conv2,conv,2359296,25.15664933139816,1.0662777935196838e-05,1.6264786555684236,0.15240328133939252,0.5255518646294199,0.5022569515046911,aggregate,3,1.8454496290441706
resnet50_no_weights,CIFAR10,fp32_unfused,layer4.0.conv3,conv,1048576,17.23770046234131,1.6439152204839047e-05,,,,,42,3,
resnet50_no_weights,CIFAR10,fp32_unfused,layer4.0.conv3,conv,1048576,18.563803725772434,1.7703822828075823e-05,,,,,43,3,
resnet50_no_weights,CIFAR10,fp32_unfused,layer4.0.conv3,conv,1048576,17.140371724178916,1.6346332287005344e-05,,,,,44,3,
resnet50_no_weights,CIFAR10,fp32_unfused,layer4.0.conv3,conv,1048576,17.64729197076422,1.682976910664007e-05,1.14096847083716,0.24054819969285368,0.5255518646294199,0.5022569515046911,aggregate,3,0.7952129077292754
resnet50_no_weights,CIFAR10,fp32_unfused,layer4.0.downsample.0,conv,2097152,43.129465103149414,2.0565731574606616e-05,,,,,42,3,
resnet50_no_weights,CIFAR10,fp32_unfused,layer4.0.downsample.0,conv,2097152,44.52834854125977,2.1232771177892574e-05,,,,,43,3,
resnet50_no_weights,CIFAR10,fp32_unfused,layer4.0.downsample.0,conv,2097152,46.328790028889976,2.209128858036517e-05,,,,,44,3,
resnet50_no_weights,CIFAR10,fp32_unfused,layer4.0.downsample.0,conv,2097152,44.662201224433055,2.1296597110954788e-05,2.8875911114115356,0.30439265459696735,0.5255518646294199,0.5022569515046911,aggregate,3,1.6038570387384061
resnet50_no_weights,CIFAR10,fp32_unfused,layer4.1.conv1,conv,1048576,52.19886779785156,4.9780719564296305e-05,,,,,42,3,
resnet50_no_weights,CIFAR10,fp32_unfused,layer4.1.conv1,conv,1048576,46.65849583323409,4.4497009118303386e-05,,,,,43,3,
resnet50_no_weights,CIFAR10,fp32_unfused,layer4.1.conv1,conv,1048576,56.24545822143555,5.363984892028384e-05,,,,,44,3,
resnet50_no_weights,CIFAR10,fp32_unfused,layer4.1.conv1,conv,1048576,51.700940617507065,4.9305859200961175e-05,3.342673949913989,0.7047295533259028,0.5255518646294199,0.5022569515046911,aggregate,3,4.812838098865544
resnet50_no_weights,CIFAR10,fp32_unfused,layer4.1.conv2,conv,2359296,118.91756296157837,5.040383358492464e-05,,,,,42,3,
resnet50_no_weights,CIFAR10,fp32_unfused,layer4.1.conv2,conv,2359296,125.27608280181884,5.309892561247883e-05,,,,,43,3,
resnet50_no_weights,CIFAR10,fp32_unfused,layer4.1.conv2,conv,2359296,113.96916784242143,4.8306430326004636e-05,,,,,44,3,
resnet50_no_weights,CIFAR10,fp32_unfused,layer4.1.conv2,conv,2359296,119.38760453527289,5.060306317446937e-05,7.718889266930566,0.7232705136019829,0.5255518646294199,0.5022569515046911,aggregate,3,5.66809366414425
resnet50_no_weights,CIFAR10,fp32_unfused,layer4.1.conv3,conv,1048576,25.050601380211965,2.389011514683911e-05,,,,,42,3,
resnet50_no_weights,CIFAR10,fp32_unfused,layer4.1.conv3,conv,1048576,26.66885729038969,2.5433404245748223e-05,,,,,43,3,
resnet50_no_weights,CIFAR10,fp32_unfused,layer4.1.conv3,conv,1048576,30.48617518575568,2.907388228011673e-05,,,,,44,3,
resnet50_no_weights,CIFAR10,fp32_unfused,layer4.1.conv3,conv,1048576,27.40187795211911,2.6132467224234687e-05,1.7716417247978422,0.37351183515892766,0.5255518646294199,0.5022569515046911,aggregate,3,2.7909416183019533
resnet50_no_weights,CIFAR10,fp32_unfused,layer4.2.conv1,conv,1048576,19.057742065853542,1.817487913689951e-05,,,,,42,3,
resnet50_no_weights,CIFAR10,fp32_unfused,layer4.2.conv1,conv,1048576,19.602835048328746,1.8694720314339396e-05,,,,,43,3,
resnet50_no_weights,CIFAR10,fp32_unfused,layer4.2.conv1,conv,1048576,18.870186578659784,1.7996012285861763e-05,,,,,44,3,
resnet50_no_weights,CIFAR10,fp32_unfused,layer4.2.conv1,conv,1048576,19.176921230947357,1.8288537245700223e-05,1.2398651605292812,0.2613983995617139,0.5255518646294199,0.5022569515046911,aggregate,3,0.3805866525134747
resnet50_no_weights,CIFAR10,fp32_unfused,layer4.2.conv2,conv,2359296,14.089932278582925,5.972091792883523e-06,,,,,42,3,
resnet50_no_weights,CIFAR10,fp32_unfused,layer4.2.conv2,conv,2359296,12.865823662281036,5.453246927168544e-06,,,,,43,3,
resnet50_no_weights,CIFAR10,fp32_unfused,layer4.2.conv2,conv,2359296,14.981915432473887,6.350163537120347e-06,,,,,44,3,
resnet50_no_weights,CIFAR10,fp32_unfused,layer4.2.conv2,conv,2359296,13.979223791112616,5.925167419057471e-06,0.9038130960183518,0.08468852700841209,0.5255518646294199,0.5022569515046911,aggregate,3,1.0623809918611828
resnet50_no_weights,CIFAR10,fp32_unfused,layer4.2.conv3,conv,1048576,5.793652486801148,5.525257574845455e-06,,,,,42,3,
resnet50_no_weights,CIFAR10,fp32_unfused,layer4.2.conv3,conv,1048576,5.510468325963834,5.255192113841852e-06,,,,,43,3,
resnet50_no_weights,CIFAR10,fp32_unfused,layer4.2.conv3,conv,1048576,6.075660477744209,5.7942013528291785e-06,,,,,44,3,
resnet50_no_weights,CIFAR10,fp32_unfused,layer4.2.conv3,conv,1048576,5.79326043016973,5.524883680505495e-06,0.37455760946907146,0.07896726416369408,0.5255518646294199,0.5022569515046911,aggregate,3,0.2825962798584479
resnet50_no_weights,CIFAR10,fp32_unfused,fc,linear,20480,6.050997865200043,0.00029545888013672084,,,,,42,3,
resnet50_no_weights,CIFAR10,fp32_unfused,fc,linear,20480,6.281514006991719,0.0003067145511226425,,,,,43,3,
resnet50_no_weights,CIFAR10,fp32_unfused,fc,linear,20480,6.780408881431402,0.0003310746524136427,,,,,44,3,
resnet50_no_weights,CIFAR10,fp32_unfused,fc,linear,20480,6.370973584541055,0.0003110826945576687,0.41190909067182835,4.446310680633479,0.5255518646294199,0.5022569515046911,aggregate,3,0.37284362628506235
resnet50_no_weights,CIFAR10,fp32_fused,conv1,conv,1728,205.4343167473288,0.11888559996951899,,,,,42,3,
resnet50_no_weights,CIFAR10,fp32_fused,conv1,conv,1728,162.45246702624905,0.09401184434389413,,,,,43,3,
resnet50_no_weights,CIFAR10,fp32_fused,conv1,conv,1728,155.59128247774564,0.09004125143388057,,,,,44,3,
resnet50_no_weights,CIFAR10,fp32_fused,conv1,conv,1728,174.49268875044118,0.1009795652490979,11.725601666163687,1166.7600931907232,0.3855628263883412,0.2662620498302428,aggregate,3,27.01494439519525
resnet50_no_weights,CIFAR10,fp32_fused,layer1.0.conv1,conv,4096,1.3249832264014654,0.00032348223300817026,,,,,42,3,
resnet50_no_weights,CIFAR10,fp32_fused,layer1.0.conv1,conv,4096,1.1904303862860328,0.0002906324185268635,,,,,43,3,
resnet50_no_weights,CIFAR10,fp32_fused,layer1.0.conv1,conv,4096,1.3225935955842336,0.00032289882704693204,,,,,44,3,
resnet50_no_weights,CIFAR10,fp32_fused,layer1.0.conv1,conv,4096,1.2793357360905773,0.0003123378261939886,0.0859691104888685,3.6088817603652896,0.3855628263883412,0.2662620498302428,aggregate,3,0.07700356161738219
resnet50_no_weights,CIFAR10,fp32_fused,layer1.0.conv2,conv,36864,3.7753435224294662,0.00010241274746173683,,,,,42,3,
resnet50_no_weights,CIFAR10,fp32_fused,layer1.0.conv2,conv,36864,3.7996642887592316,0.00010307249047198436,,,,,43,3,
resnet50_no_weights,CIFAR10,fp32_fused,layer1.0.conv2,conv,36864,3.996204157670339,0.00010840397563124834,,,,,44,3,
resnet50_no_weights,CIFAR10,fp32_fused,layer1.0.conv2,conv,36864,3.8570706562863455,0.00010462973785498984,0.25918836163127146,1.2089357127758031,0.3855628263883412,0.2662620498302428,aggregate,3,0.1211052159250131
resnet50_no_weights,CIFAR10,fp32_fused,layer1.0.conv3,conv,16384,0.9498544782400131,5.7974516494141426e-05,,,,,42,3,
resnet50_no_weights,CIFAR10,fp32_fused,layer1.0.conv3,conv,16384,0.9165785091263907,5.594351251992131e-05,,,,,43,3,
resnet50_no_weights,CIFAR10,fp32_fused,layer1.0.conv3,conv,16384,0.8528187094312726,5.205192318306107e-05,,,,,44,3,
resnet50_no_weights,CIFAR10,fp32_fused,layer1.0.conv3,conv,16384,0.9064172322658921,5.5323317399041266e-05,0.060909643177640305,0.6392287271676682,0.3855628263883412,0.2662620498302428,aggregate,3,0.04930946935075061
resnet50_no_weights,CIFAR10,fp32_fused,layer1.0.downsample.0,conv,16384,10.725207847356796,0.0006546147367771482,,,,,42,3,
resnet50_no_weights,CIFAR10,fp32_fused,layer1.0.downsample.0,conv,16384,8.720999843195864,0.0005322875880856851,,,,,43,3,
resnet50_no_weights,CIFAR10,fp32_fused,layer1.0.downsample.0,conv,16384,9.499165248870849,0.0005797830352094024,,,,,44,3,
resnet50_no_weights,CIFAR10,fp32_fused,layer1.0.downsample.0,conv,16384,9.648457646474503,0.0005888951200240785,0.6483593774935464,6.804340298197057,0.3855628263883412,0.2662620498302428,aggregate,3,1.0104101127623237
resnet50_no_weights,CIFAR10,fp32_fused,layer1.1.conv1,conv,16384,2.1692705507631653,0.00013240176701435335,,,,,42,3,
resnet50_no_weights,CIFAR10,fp32_fused,layer1.1.conv1,conv,16384,1.9170629091952975,0.00011700823420381455,,,,,43,3,
resnet50_no_weights,CIFAR10,fp32_fused,layer1.1.conv1,conv,16384,1.8224180401899877,0.00011123156983581468,,,,,44,3,
resnet50_no_weights,CIFAR10,fp32_fused,layer1.1.conv1,conv,16384,1.9695838333828168,0.00012021385701799419,0.13235256814337001,1.389001137716665,0.3855628263883412,0.2662620498302428,aggregate,3,0.17929166637315425
resnet50_no_weights,CIFAR10,fp32_fused,layer1.1.conv2,conv,36864,3.997911484010758,0.00010845028982234044,,,,,42,3,
resnet50_no_weights,CIFAR10,fp32_fused,layer1.1.conv2,conv,36864,3.201829397160074,8.68551811295593e-05,,,,,43,3,
resnet50_no_weights,CIFAR10,fp32_fused,layer1.1.conv2,conv,36864,3.250506098781313,8.817562116919795e-05,,,,,44,3,
resnet50_no_weights,CIFAR10,fp32_fused,layer1.1.conv2,conv,36864,3.4834156599840482,9.449369737369922e-05,0.2340794033213977,1.0918196655105745,0.3855628263883412,0.2662620498302428,aggregate,3,0.44623068028304924
resnet50_no_weights,CIFAR10,fp32_fused,layer1.1.conv3,conv,16384,1.2934418215471155,7.894542367841281e-05,,,,,42,3,
resnet50_no_weights,CIFAR10,fp32_fused,layer1.1.conv3,conv,16384,1.1389114345823015,6.951363736464242e-05,,,,,43,3,
resnet50_no_weights,CIFAR10,fp32_fused,layer1.1.conv3,conv,16384,1.1398289140234603,6.956963586568972e-05,,,,,44,3,
resnet50_no_weights,CIFAR10,fp32_fused,layer1.1.conv3,conv,16384,1.1907273900509592,7.267623230291499e-05,0.08001478554036531,0.8397315572247155,0.3855628263883412,0.2662620498302428,aggregate,3,0.08895448988283387
resnet50_no_weights,CIFAR10,fp32_fused,layer1.2.conv1,conv,16384,4.23947504509327,0.00025875702179524354,,,,,42,3,
resnet50_no_weights,CIFAR10,fp32_fused,layer1.2.conv1,conv,16384,6.176023119098538,0.0003769545360777916,,,,,43,3,
resnet50_no_weights,CIFAR10,fp32_fused,layer1.2.conv1,conv,16384,5.306364711962249,0.0003238747993141021,,,,,44,3,
resnet50_no_weights,CIFAR10,fp32_fused,layer1.2.conv1,conv,16384,5.240620958718019,0.00031986211906237906,0.35216050761393847,3.6958205843408263,0.3855628263883412,0.2662620498302428,aggregate,3,0.9699465405636316
resnet50_no_weights,CIFAR10,fp32_fused,layer1.2.conv2,conv,36864,4.7441006575311935,0.0001286919666213974,,,,,42,3,
resnet50_no_weights,CIFAR10,fp32_fused,layer1.2.conv2,conv,36864,5.71835276058742,0.00015512024632669867,,,,,43,3,
resnet50_no_weights,CIFAR10,fp32_fused,layer1.2.conv2,conv,36864,4.559461157662528,0.00012368329963277256,,,,,44,3,
resnet50_no_weights,CIFAR10,fp32_fused,layer1.2.conv2,conv,36864,5.007304858593714,0.0001358318375269562,0.33648207620256254,1.5694578107983526,0.3855628263883412,0.2662620498302428,aggregate,3,0.6226674677748759
resnet50_no_weights,CIFAR10,fp32_fused,layer1.2.conv3,conv,16384,1.8947449392742581,0.0001156460534225011,,,,,42,3,
resnet50_no_weights,CIFAR10,fp32_fused,layer1.2.conv3,conv,16384,1.8410091063038247,0.0001123662784609268,,,,,43,3,
resnet50_no_weights,CIFAR10,fp32_fused,layer1.2.conv3,conv,16384,2.318519115447998,0.00014151117647998035,,,,,44,3,
resnet50_no_weights,CIFAR10,fp32_fused,layer1.2.conv3,conv,16384,2.0180910536753602,0.00012317450278780275,0.13561216799913633,1.4232096761052515,0.3855628263883412,0.2662620498302428,aggregate,3,0.26156194325934434
resnet50_no_weights,CIFAR10,fp32_fused,layer2.0.conv1,conv,32768,14.960069179534912,0.00045654507994186133,,,,,42,3,
resnet50_no_weights,CIFAR10,fp32_fused,layer2.0.conv1,conv,32768,11.969239324331284,0.00036527219617710216,,,,,43,3,
resnet50_no_weights,CIFAR10,fp32_fused,layer2.0.conv1,conv,32768,9.60705150090731,0.00029318394472983736,,,,,44,3,
resnet50_no_weights,CIFAR10,fp32_fused,layer2.0.conv1,conv,32768,12.178786668257835,0.00037166707361626695,0.8183930356727632,4.2943966769782955,0.3855628263883412,0.2662620498302428,aggregate,3,2.6826539348068943
resnet50_no_weights,CIFAR10,fp32_fused,layer2.0.conv2,conv,147456,48.56229575475057,0.00032933414547221254,,,,,42,3,
resnet50_no_weights,CIFAR10,fp32_fused,layer2.0.conv2,conv,147456,40.39465859731038,0.00027394381101691613,,,,,43,3,
resnet50_no_weights,CIFAR10,fp32_fused,layer2.0.conv2,conv,147456,53.66594104413633,0.00036394545521468324,,,,,44,3,
resnet50_no_weights,CIFAR10,fp32_fused,layer2.0.conv2,conv,147456,47.540965132065764,0.00032240780390127067,3.1946692090969955,3.7252344907339907,0.3855628263883412,0.2662620498302428,aggregate,3,6.694331305401828
resnet50_no_weights,CIFAR10,fp32_fused,layer2.0.conv3,conv,65536,27.56750825300055,0.0004206467934112633,,,,,42,3,
resnet50_no_weights,CIFAR10,fp32_fused,layer2.0.conv3,conv,65536,28.855153002057758,0.00044029469302456296,,,,,43,3,
resnet50_no_weights,CIFAR10,fp32_fused,layer2.0.conv3,conv,65536,28.235339871768293,0.0004308370952113082,,,,,44,3,
resnet50_no_weights,CIFAR10,fp32_fused,layer2.0.conv3,conv,65536,28.2193337089422,0.0004305928605490448,1.896289573649917,4.975249842501691,0.3855628263883412,0.2662620498302428,aggregate,3,0.6439715815779151
resnet50_no_weights,CIFAR10,fp32_fused,layer2.0.downsample.0,conv,131072,41.89090968151482,0.00031960227723323685,,,,,42,3,
resnet50_no_weights,CIFAR10,fp32_fused,layer2.0.downsample.0,conv,131072,43.4897045135498,0.0003318001137813553,,,,,43,3,
resnet50_no_weights,CIFAR10,fp32_fused,layer2.0.downsample.0,conv,131072,43.281538327534996,0.00033021193182018277,,,,,44,3,
resnet50_no_weights,CIFAR10,fp32_fused,layer2.0.downsample.0,conv,131072,42.88738417419987,0.0003272047742782583,2.8819567566502338,3.7806606909783733,0.3855628263883412,0.2662620498302428,aggregate,3,0.8692262945740528
resnet50_no_weights,CIFAR10,fp32_fused,layer2.1.conv1,conv,65536,8.776319901148478,0.00013391601411664547,,,,,42,3,
resnet50_no_weights,CIFAR10,fp32_fused,layer2.1.conv1,conv,65536,9.323852666994421,0.00014227070109549593,,,,,43,3,
resnet50_no_weights,CIFAR10,fp32_fused,layer2.1.conv1,conv,65536,9.836372992571663,0.00015009114063372288,,,,,44,3,
resnet50_no_weights,CIFAR10,fp32_fused,layer2.1.conv1,conv,65536,9.31218185357152,0.00014209261861528809,0.625762235883831,1.641797491683779,0.3855628263883412,0.2662620498302428,aggregate,3,0.5301229056298428
resnet50_no_weights,CIFAR10,fp32_fused,layer2.1.conv2,conv,147456,9.078627616167068,6.156838389870245e-05,,,,,42,3,
resnet50_no_weights,CIFAR10,fp32_fused,layer2.1.conv2,conv,147456,6.758264094591141,4.583241166579278e-05,,,,,43,3,
resnet50_no_weights,CIFAR10,fp32_fused,layer2.1.conv2,conv,147456,8.434951025864173,5.720317264719084e-05,,,,,44,3,
resnet50_no_weights,CIFAR10,fp32_fused,layer2.1.conv2,conv,147456,8.090614245540793,5.4867989403895356e-05,0.5436750419582318,0.6339676772439705,0.3855628263883412,0.2662620498302428,aggregate,3,1.1978929759280097
resnet50_no_weights,CIFAR10,fp32_fused,layer2.1.conv3,conv,65536,6.439083576202393,9.825261804508045e-05,,,,,42,3,
resnet50_no_weights,CIFAR10,fp32_fused,layer2.1.conv3,conv,65536,6.963302925780967,0.00010625157052278087,,,,,43,3,
resnet50_no_weights,CIFAR10,fp32_fused,layer2.1.conv3,conv,65536,6.57157102227211,0.00010027421603808762,,,,,44,3,
resnet50_no_weights,CIFAR10,fp32_fused,layer2.1.conv3,conv,65536,6.65798584141849,0.00010159280153531631,0.4474049338943062,1.173845681494566,0.3855628263883412,0.2662620498302428,aggregate,3,0.2725841564438808
resnet50_no_weights,CIFAR10,fp32_fused,layer2.2.conv1,conv,65536,15.20021367924554,0.00023193685423653472,,,,,42,3,
resnet50_no_weights,CIFAR10,fp32_fused,layer2.2.conv1,conv,65536,14.83826631884421,0.00022641397581244218,,,,,43,3,
resnet50_no_weights,CIFAR10,fp32_fused,layer2.2.conv1,conv,65536,12.836876773834229,0.00019587519491324202,,,,,44,3,
resnet50_no_weights,CIFAR10,fp32_fused,layer2.2.conv1,conv,65536,14.291785590641327,0.00021807534165407298,0.9603828454597896,2.519733624553093,0.3855628263883412,0.2662620498302428,aggregate,3,1.2729183877384456
resnet50_no_weights,CIFAR10,fp32_fused,layer2.2.conv2,conv,147456,7.419705327351888,5.031809710931999e-05,,,,,42,3,
resnet50_no_weights,CIFAR10,fp32_fused,layer2.2.conv2,conv,147456,7.16931857003106,4.862005323643026e-05,,,,,43,3,
resnet50_no_weights,CIFAR10,fp32_fused,layer2.2.conv2,conv,147456,8.129569195318913,5.5132169564608516e-05,,,,,44,3,
resnet50_no_weights,CIFAR10,fp32_fused,layer2.2.conv2,conv,147456,7.572864364233954,5.135677330345292e-05,0.5088831609093349,0.5933976191885703,0.3855628263883412,0.2662620498302428,aggregate,3,0.4981100117197099
resnet50_no_weights,CIFAR10,fp32_fused,layer2.2.conv3,conv,65536,5.029452331364155,7.674335222418449e-05,,,,,42,3,
resnet50_no_weights,CIFAR10,fp32_fused,layer2.2.conv3,conv,65536,5.033870094700863,7.681076194306737e-05,,,,,43,3,
resnet50_no_weights,CIFAR10,fp32_fused,layer2.2.conv3,conv,65536,4.507918834686279,6.878538260934874e-05,,,,,44,3,
resnet50_no_weights,CIFAR10,fp32_fused,layer2.2.conv3,conv,65536,4.8570804202504325,7.41131655922002e-05,0.32638725826405435,0.856334484900028,0.3855628263883412,0.2662620498302428,aggregate,3,0.3023908708666317
resnet50_no_weights,CIFAR10,fp32_fused,layer2.3.conv1,conv,65536,4.720875798044978,7.203484799262967e-05,,,,,42,3,
resnet50_no_weights,CIFAR10,fp32_fused,layer2.3.conv1,conv,65536,5.95090376629549,9.080358530113967e-05,,,,,43,3,
resnet50_no_weights,CIFAR10,fp32_fused,layer2.3.conv1,conv,65536,5.6884287893772125,8.679853499415913e-05,,,,,44,3,
resnet50_no_weights,CIFAR10,fp32_fused,layer2.3.conv1,conv,65536,5.45340278457256,8.321232276264283e-05,0.36645907192420424,0.9614699491095802,0.3855628263883412,0.2662620498302428,aggregate,3,0.6478195102576394
resnet50_no_weights,CIFAR10,fp32_fused,layer2.3.conv2,conv,147456,1.356552797119792,9.199712437064561e-06,,,,,42,3,
resnet50_no_weights,CIFAR10,fp32_fused,layer2.3.conv2,conv,147456,1.225044631295734,8.307865609373195e-06,,,,,43,3,
resnet50_no_weights,CIFAR10,fp32_fused,layer2.3.conv2,conv,147456,1.301132280092973,8.823868001932597e-06,,,,,44,3,
resnet50_no_weights,CIFAR10,fp32_fused,layer2.3.conv2,conv,147456,1.2942432361694995,8.777148682790117e-06,0.08697086826459827,0.10141484358561859,0.3855628263883412,0.2662620498302428,aggregate,3,0.06602418961438787
resnet50_no_weights,CIFAR10,fp32_fused,layer2.3.conv3,conv,65536,2.0299537365253153,3.097463587227349e-05,,,,,42,3,
resnet50_no_weights,CIFAR10,fp32_fused,layer2.3.conv3,conv,65536,1.9077088307766688,2.9109326641489697e-05,,,,,43,3,
resnet50_no_weights,CIFAR10,fp32_fused,layer2.3.conv3,conv,65536,1.766672796673245,2.6957287546893996e-05,,,,,44,3,
resnet50_no_weights,CIFAR10,fp32_fused,layer2.3.conv3,conv,65536,1.9014451213250763,2.901375002021906e-05,0.12777376658236494,0.33523699170120513,0.3855628263883412,0.2662620498302428,aggregate,3,0.13175218732308716
resnet50_no_weights,CIFAR10,fp32_fused,layer3.0.conv1,conv,131072,32.09386780682732,0.0002448567795320688,,,,,42,3,
resnet50_no_weights,CIFAR10,fp32_fused,layer3.0.conv1,conv,131072,37.15083038806915,0.0002834383421941311,,,,,43,3,
resnet50_no_weights,CIFAR10,fp32_fused,layer3.0.conv1,conv,131072,30.097187550862632,0.00022962331810655694,,,,,44,3,
resnet50_no_weights,CIFAR10,fp32_fused,layer3.0.conv1,conv,131072,33.113961915253036,0.0002526394799442523,2.2251999770723354,2.9191021216646105,0.3855628263883412,0.2662620498302428,aggregate,3,3.6357823520189374
resnet50_no_weights,CIFAR10,fp32_fused,layer3.0.conv2,conv,589824,34.13522712044094,5.7873581136815285e-05,,,,,42,3,
resnet50_no_weights,CIFAR10,fp32_fused,layer3.0.conv2,conv,589824,29.565745129304773,5.01263853781887e-05,,,,,43,3,
resnet50_no_weights,CIFAR10,fp32_fused,layer3.0.conv2,conv,589824,33.370933787027994,5.6577782163879384e-05,,,,,44,3,
resnet50_no_weights,CIFAR10,fp32_fused,layer3.0.conv2,conv,589824,32.357302012257904,5.4859249559627796e-05,2.174353762925403,0.6338666934311868,0.3855628263883412,0.2662620498302428,aggregate,3,2.447576035171759
resnet50_no_weights,CIFAR10,fp32_fused,layer3.0.conv3,conv,262144,15.105587323506674,5.762324265864057e-05,,,,,42,3,
resnet50_no_weights,CIFAR10,fp32_fused,layer3.0.conv3,conv,262144,14.771733732784496,5.634969227899359e-05,,,,,43,3,
resnet50_no_weights,CIFAR10,fp32_fused,layer3.0.conv3,conv,262144,14.224672858779495,5.426282065879629e-05,,,,,44,3,
resnet50_no_weights,CIFAR10,fp32_fused,layer3.0.conv3,conv,262144,14.700664638356889,5.6078585198810153e-05,0.987858798048324,0.6479554069297419,0.3855628263883412,0.2662620498302428,aggregate,3,0.4447366475550029
resnet50_no_weights,CIFAR10,fp32_fused,layer3.0.downsample.0,conv,524288,49.250606179237366,9.393807636115525e-05,,,,,42,3,
resnet50_no_weights,CIFAR10,fp32_fused,layer3.0.downsample.0,conv,524288,50.90278785173283,9.708936281534735e-05,,,,,43,3,
resnet50_no_weights,CIFAR10,fp32_fused,layer3.0.downsample.0,conv,524288,51.31082028609056,9.786762292116272e-05,,,,,44,3,
resnet50_no_weights,CIFAR10,fp32_fused,layer3.0.downsample.0,conv,524288,50.48807143902025,9.629835403255511e-05,3.3927095675249053,1.112671422658368,0.3855628263883412,0.2662620498302428,aggregate,3,1.0909229206268973
resnet50_no_weights,CIFAR10,fp32_fused,layer3.1.conv1,conv,262144,12.553193051764305,4.7886631209428044e-05,,,,,42,3,
resnet50_no_weights,CIFAR10,fp32_fused,layer3.1.conv1,conv,262144,11.421176274617514,4.356832990500455e-05,,,,,43,3,
resnet50_no_weights,CIFAR10,fp32_fused,layer3.1.conv1,conv,262144,13.925171266902577,5.312031275521308e-05,,,,,44,3,
resnet50_no_weights,CIFAR10,fp32_fused,layer3.1.conv1,conv,262144,12.633180197761465,4.819175795654856e-05,0.848927481355252,0.5568277093063607,0.3855628263883412,0.2662620498302428,aggregate,3,1.2539123525951672
resnet50_no_weights,CIFAR10,fp32_fused,layer3.1.conv2,conv,589824,19.13669246037801,3.2444750400760244e-05,,,,,42,3,
resnet50_no_weights,CIFAR10,fp32_fused,layer3.1.conv2,conv,589824,16.96176270877614,2.8757328811265968e-05,,,,,43,3,
resnet50_no_weights,CIFAR10,fp32_fused,layer3.1.conv2,conv,589824,18.688105872183137,3.1684207275701116e-05,,,,,44,3,
resnet50_no_weights,CIFAR10,fp32_fused,layer3.1.conv2,conv,589824,18.262187013779094,3.0962095495909106e-05,1.2271868352193043,0.35774898948190614,0.3855628263883412,0.2662620498302428,aggregate,3,1.1483183406873276
resnet50_no_weights,CIFAR10,fp32_fused,layer3.1.conv3,conv,262144,15.786375766847192,6.0220244471920744e-05,,,,,42,3,
resnet50_no_weights,CIFAR10,fp32_fused,layer3.1.conv3,conv,262144,15.57667943203088,5.942031643688538e-05,,,,,43,3,
resnet50_no_weights,CIFAR10,fp32_fused,layer3.1.conv3,conv,262144,13.823002988641912,5.2730571703498505e-05,,,,,44,3,
resnet50_no_weights,CIFAR10,fp32_fused,layer3.1.conv3,conv,262144,15.062019395839995,5.745704420410154e-05,1.012141201951676,0.6638826982931569,0.3855628263883412,0.2662620498302428,aggregate,3,1.0781300390900823
resnet50_no_weights,CIFAR10,fp32_fused,layer3.2.conv1,conv,262144,23.276924080318874,8.879441864135313e-05,,,,,42,3,
resnet50_no_weights,CIFAR10,fp32_fused,layer3.2.conv1,conv,262144,26.150926272074383,9.975786694364312e-05,,,,,43,3,
resnet50_no_weights,CIFAR10,fp32_fused,layer3.2.conv1,conv,262144,24.50344072977702,9.347320835028465e-05,,,,,44,3,
resnet50_no_weights,CIFAR10,fp32_fused,layer3.2.conv1,conv,262144,24.64376369405676,9.400849797842697e-05,1.6560175598236664,1.0862134689474634,0.3855628263883412,0.2662620498302428,aggregate,3,1.4421303860199521
resnet50_no_weights,CIFAR10,fp32_fused,layer3.2.conv2,conv,589824,39.10941287449428,6.630692015668111e-05,,,,,42,3,
resnet50_no_weights,CIFAR10,fp32_fused,layer3.2.conv2,conv,589824,40.155834491436295,6.808104534816538e-05,,,,,43,3,
resnet50_no_weights,CIFAR10,fp32_fused,layer3.2.conv2,conv,589824,37.78581824669471,6.406287002003091e-05,,,,,44,3,
resnet50_no_weights,CIFAR10,fp32_fused,layer3.2.conv2,conv,589824,39.0170218708751,6.615027850829247e-05,2.621875219724479,0.7643279600831627,0.3855628263883412,0.2662620498302428,aggregate,3,1.1877063287054892
resnet50_no_weights,CIFAR10,fp32_fused,layer3.2.conv3,conv,262144,25.259938888549804,9.635901980800554e-05,,,,,42,3,
resnet50_no_weights,CIFAR10,fp32_fused,layer3.2.conv3,conv,262144,21.78002675374349,8.308420850274463e-05,,,,,43,3,
resnet50_no_weights,CIFAR10,fp32_fused,layer3.2.conv3,conv,262144,24.636794016911434,9.398191077007841e-05,,,,,44,3,
resnet50_no_weights,CIFAR10,fp32_fused,layer3.2.conv3,conv,262144,23.892253219734908,9.114171302694286e-05,1.6055173782232182,1.0530894376753914,0.3855628263883412,0.2662620498302428,aggregate,3,1.85558693288357
resnet50_no_weights,CIFAR10,fp32_fused,layer3.3.conv1,conv,262144,45.00734210014343,0.0001716893848424661,,,,,42,3,
resnet50_no_weights,CIFAR10,fp32_fused,layer3.3.conv1,conv,262144,49.319275326199005,0.00018813810472945787,,,,,43,3,
resnet50_no_weights,CIFAR10,fp32_fused,layer3.3.conv1,conv,262144,41.078666406519275,0.00015670267641647062,,,,,44,3,
resnet50_no_weights,CIFAR10,fp32_fused,layer3.3.conv1,conv,262144,45.13509461095391,0.00017217672199613154,3.0329989431796105,1.9894017933818973,0.3855628263883412,0.2662620498302428,aggregate,3,4.121789583395793
resnet50_no_weights,CIFAR10,fp32_fused,layer3.3.conv2,conv,589824,49.69470090451448,8.425343984733493e-05,,,,,42,3,
resnet50_no_weights,CIFAR10,fp32_fused,layer3.3.conv2,conv,589824,56.099274375221945,9.511188825009146e-05,,,,,43,3,
resnet50_no_weights,CIFAR10,fp32_fused,layer3.3.conv2,conv,589824,53.249073615440956,9.027959800794975e-05,,,,,44,3,
resnet50_no_weights,CIFAR10,fp32_fused,layer3.3.conv2,conv,589824,53.01434963172579,8.988164203512538e-05,3.562471017117481,1.0385300508904198,0.3855628263883412,0.2662620498302428,aggregate,3,3.208732124503511
resnet50_no_weights,CIFAR10,fp32_fused,layer3.3.conv3,conv,262144,29.429040831488532,0.00011226288158984578,,,,,42,3,
resnet50_no_weights,CIFAR10,fp32_fused,layer3.3.conv3,conv,262144,30.340183171358976,0.00011573861378234473,,,,,43,3,
resnet50_no_weights,CIFAR10,fp32_fused,layer3.3.conv3,conv,262144,28.528337182669805,0.00010882696984355852,,,,,44,3,
resnet50_no_weights,CIFAR10,fp32_fused,layer3.3.conv3,conv,262144,29.43252039517244,0.00011227615507191635,1.9778135843766582,1.2972856125063925,0.3855628263883412,0.2662620498302428,aggregate,3,0.9059280060826208
resnet50_no_weights,CIFAR10,fp32_fused,layer3.4.conv1,conv,262144,48.080324255901836,0.0001834118814693521,,,,,42,3,
resnet50_no_weights,CIFAR10,fp32_fused,layer3.4.conv1,conv,262144,44.12810663743453,0.0001683353677270299,,,,,43,3,
resnet50_no_weights,CIFAR10,fp32_fused,layer3.4.conv1,conv,262144,46.106040477752686,0.00017588058653927874,,,,,44,3,
resnet50_no_weights,CIFAR10,fp32_fused,layer3.4.conv1,conv,262144,46.104823790363014,0.00017587594524522024,3.0981630378086367,2.032144164595251,0.3855628263883412,0.2662620498302428,aggregate,3,1.9761090901508966
resnet50_no_weights,CIFAR10,fp32_fused,layer3.4.conv2,conv,589824,23.015538417931758,3.902102731989841e-05,,,,,42,3,
resnet50_no_weights,CIFAR10,fp32_fused,layer3.4.conv2,conv,589824,23.600495052337646,4.0012775086021673e-05,,,,,43,3,
resnet50_no_weights,CIFAR10,fp32_fused,layer3.4.conv2,conv,589824,21.511348485946655,3.647079211077653e-05,,,,,44,3,
resnet50_no_weights,CIFAR10,fp32_fused,layer3.4.conv2,conv,589824,22.709127318738688,3.8501531505565535e-05,1.5260133993725993,0.44486278363949006,0.3855628263883412,0.2662620498302428,aggregate,3,1.0777519033837732
resnet50_no_weights,CIFAR10,fp32_fused,layer3.4.conv3,conv,262144,19.972622299194335,7.618950767209753e-05,,,,,42,3,
resnet50_no_weights,CIFAR10,fp32_fused,layer3.4.conv3,conv,262144,17.498488296161998,6.675143545594024e-05,,,,,43,3,
resnet50_no_weights,CIFAR10,fp32_fused,layer3.4.conv3,conv,262144,17.295784321698275,6.597818115882215e-05,,,,,44,3,
resnet50_no_weights,CIFAR10,fp32_fused,layer3.4.conv3,conv,262144,18.2556316390182,6.963970809561997e-05,1.2267463255694782,0.8046462876621088,0.3855628263883412,0.2662620498302428,aggregate,3,1.4904076357375857
resnet50_no_weights,CIFAR10,fp32_fused,layer3.5.conv1,conv,262144,31.65891150210766,0.00012076916313975395,,,,,42,3,
resnet50_no_weights,CIFAR10,fp32_fused,layer3.5.conv1,conv,262144,25.85421657562256,9.862600927590393e-05,,,,,43,3,
resnet50_no_weights,CIFAR10,fp32_fused,layer3.5.conv1,conv,262144,30.652868119497146,0.0001169314121990095,,,,,44,3,
resnet50_no_weights,CIFAR10,fp32_fused,layer3.5.conv1,conv,262144,29.388665399075787,0.00011210886153822245,1.9748666058013213,1.2953526331111913,0.3855628263883412,0.2662620498302428,aggregate,3,3.1019795592703447
resnet50_no_weights,CIFAR10,fp32_fused,layer3.5.conv2,conv,589824,7.334322738647461,1.2434764842813214e-05,,,,,42,3,
resnet50_no_weights,CIFAR10,fp32_fused,layer3.5.conv2,conv,589824,7.254879898495144,1.2300075782767645e-05,,,,,43,3,
resnet50_no_weights,CIFAR10,fp32_fused,layer3.5.conv2,conv,589824,6.508312066396077,1.1034328997117916e-05,,,,,44,3,
resnet50_no_weights,CIFAR10,fp32_fused,layer3.5.conv2,conv,589824,7.032504901179561,1.1923056540899591e-05,0.4725719557482999,0.13776397755785094,0.3855628263883412,0.2662620498302428,aggregate,3,0.4556987900374818
resnet50_no_weights,CIFAR10,fp32_fused,layer3.5.conv3,conv,262144,10.499376241977398,4.005194184103927e-05,,,,,42,3,
resnet50_no_weights,CIFAR10,fp32_fused,layer3.5.conv3,conv,262144,8.908462606157576,3.3983087944631866e-05,,,,,43,3,
resnet50_no_weights,CIFAR10,fp32_fused,layer3.5.conv3,conv,262144,10.406289471520317,3.969684399231078e-05,,,,,44,3,
resnet50_no_weights,CIFAR10,fp32_fused,layer3.5.conv3,conv,262144,9.93804277321843,3.791062459266064e-05,0.6678189884890601,0.4380351982456807,0.3855628263883412,0.2662620498302428,aggregate,3,0.8928565265552608
resnet50_no_weights,CIFAR10,fp32_fused,layer4.0.conv1,conv,524288,67.7883017279885,0.0001292959246215601,,,,,42,3,
resnet50_no_weights,CIFAR10,fp32_fused,layer4.0.conv1,conv,524288,56.01608231488396,0.00010684219801880638,,,,,43,3,
resnet50_no_weights,CIFAR10,fp32_fused,layer4.0.conv1,conv,524288,57.849395751953125,0.00011033896589651704,,,,,44,3,
resnet50_no_weights,CIFAR10,fp32_fused,layer4.0.conv1,conv,524288,60.55125993160853,0.00011549236284562784,4.0689381281631745,1.3344470210796966,0.3855628263883412,0.2662620498302428,aggregate,3,6.334140826627361
resnet50_no_weights,CIFAR10,fp32_fused,layer4.0.conv2,conv,2359296,18.259546120961506,7.73940451768727e-06,,,,,42,3,
resnet50_no_weights,CIFAR10,fp32_fused,layer4.0.conv2,conv,2359296,20.189736983355353,8.557526051565955e-06,,,,,43,3,
resnet50_no_weights,CIFAR10,fp32_fused,layer4.0.conv2,conv,2359296,18.148615750399504,7.692386097547532e-06,,,,,44,3,
resnet50_no_weights,CIFAR10,fp32_fused,layer4.0.conv2,conv,2359296,18.865966284905454,7.996438888933586e-06,1.2677597398963574,0.09239419639241735,0.3855628263883412,0.2662620498302428,aggregate,3,1.147760006854288
resnet50_no_weights,CIFAR10,fp32_fused,layer4.0.conv3,conv,1048576,18.884528160095215,1.8009689483733382e-05,,,,,42,3,
resnet50_no_weights,CIFAR10,fp32_fused,layer4.0.conv3,conv,1048576,18.425589196822223,1.757201118166182e-05,,,,,43,3,
resnet50_no_weights,CIFAR10,fp32_fused,layer4.0.conv3,conv,1048576,17.52565791390159,1.6713769830609884e-05,,,,,44,3,
resnet50_no_weights,CIFAR10,fp32_fused,layer4.0.conv3,conv,1048576,18.278591756939676,1.743182349866836e-05,1.2282892050957397,0.20141457293481696,0.3855628263883412,0.2662620498302428,aggregate,3,0.6912584697467352
resnet50_no_weights,CIFAR10,fp32_fused,layer4.0.downsample.0,conv,2097152,39.691794607374405,1.8926522544562533e-05,,,,,42,3,
resnet50_no_weights,CIFAR10,fp32_fused,layer4.0.downsample.0,conv,2097152,42.70929505274846,2.036537888181136e-05,,,,,43,3,
resnet50_no_weights,CIFAR10,fp32_fused,layer4.0.downsample.0,conv,2097152,40.86141633987427,1.9484241647660383e-05,,,,,44,3,
resnet50_no_weights,CIFAR10,fp32_fused,layer4.0.downsample.0,conv,2097152,41.08750199999904,1.9592047691344758e-05,2.7610078414157884,0.22637470594927833,0.3855628263883412,0.2662620498302428,aggregate,3,1.5214017479757593
resnet50_no_weights,CIFAR10,fp32_fused,layer4.1.conv1,conv,1048576,54.24797439575195,5.17348998982925e-05,,,,,42,3,
resnet50_no_weights,CIFAR10,fp32_fused,layer4.1.conv1,conv,1048576,57.65359158785838,5.4982749545915965e-05,,,,,43,3,
resnet50_no_weights,CIFAR10,fp32_fused,layer4.1.conv1,conv,1048576,62.51099171357996,5.961512729032513e-05,,,,,44,3,
resnet50_no_weights,CIFAR10,fp32_fused,layer4.1.conv1,conv,1048576,58.13751923239676,5.5444258911511195e-05,3.9067390001249627,0.6406261359405416,0.3855628263883412,0.2662620498302428,aggregate,3,4.152710352594164
resnet50_no_weights,CIFAR10,fp32_fused,layer4.1.conv2,conv,2359296,131.3408658427577,5.5669515755020857e-05,,,,,42,3,
resnet50_no_weights,CIFAR10,fp32_fused,layer4.1.conv2,conv,2359296,132.55869674682617,5.618569977943682e-05,,,,,43,3,
resnet50_no_weights,CIFAR10,fp32_fused,layer4.1.conv2,conv,2359296,138.4150231402853,5.8667934477185275e-05,,,,,44,3,
resnet50_no_weights,CIFAR10,fp32_fused,layer4.1.conv2,conv,2359296,134.10486190995638,5.684105000388098e-05,9.011610764396913,0.6567652438984847,0.3855628263883412,0.2662620498302428,aggregate,3,3.7820491008577544
resnet50_no_weights,CIFAR10,fp32_fused,layer4.1.conv3,conv,1048576,24.314034420510996,2.3187670155058857e-05,,,,,42,3,
resnet50_no_weights,CIFAR10,fp32_fused,layer4.1.conv3,conv,1048576,29.740054766337078,2.836232639917095e-05,,,,,43,3,
resnet50_no_weights,CIFAR10,fp32_fused,layer4.1.conv3,conv,1048576,30.939938394646894,2.9506624598166365e-05,,,,,44,3,
resnet50_no_weights,CIFAR10,fp32_fused,layer4.1.conv3,conv,1048576,28.33134252716499,2.701887371746539e-05,1.9038163691562693,0.3121873573007874,0.3855628263883412,0.2662620498302428,aggregate,3,3.530439561614446
resnet50_no_weights,CIFAR10,fp32_fused,layer4.2.conv1,conv,1048576,56.276567118508474,5.3669516676434015e-05,,,,,42,3,
resnet50_no_weights,CIFAR10,fp32_fused,layer4.2.conv1,conv,1048576,62.704104818948885,5.9799294299076924e-05,,,,,43,3,
resnet50_no_weights,CIFAR10,fp32_fused,layer4.2.conv1,conv,1048576,59.98341452769744,5.720464184541458e-05,,,,,44,3,
resnet50_no_weights,CIFAR10,fp32_fused,layer4.2.conv1,conv,1048576,59.65469548838493,5.6891150940308505e-05,4.008690575073308,0.6573441310536325,0.3855628263883412,0.2662620498302428,aggregate,3,3.2263527980911517
resnet50_no_weights,CIFAR10,fp32_fused,layer4.2.conv2,conv,2359296,9.046101613478227,3.834237676611255e-06,,,,,42,3,
resnet50_no_weights,CIFAR10,fp32_fused,layer4.2.conv2,conv,2359296,9.730092898659084,4.124150974976893e-06,,,,,43,3,
resnet50_no_weights,CIFAR10,fp32_fused,layer4.2.conv2,conv,2359296,8.534520012991768,3.617401128553504e-06,,,,,44,3,
resnet50_no_weights,CIFAR10,fp32_fused,layer4.2.conv2,conv,2359296,9.10357150837636,3.858596593380551e-06,0.6117439877342038,0.044583837430596567,0.3855628263883412,0.2662620498302428,aggregate,3,0.5998547514610683
resnet50_no_weights,CIFAR10,fp32_fused,layer4.2.conv3,conv,1048576,7.481791420416399,7.135192318359755e-06,,,,,42,3,
resnet50_no_weights,CIFAR10,fp32_fused,layer4.2.conv3,conv,1048576,4.881573915481567,4.655431666833465e-06,,,,,43,3,
resnet50_no_weights,CIFAR10,fp32_fused,layer4.2.conv3,conv,1048576,5.409667953368156,5.1590613874131734e-06,,,,,44,3,
resnet50_no_weights,CIFAR10,fp32_fused,layer4.2.conv3,conv,1048576,5.924344429755374,5.649895124202131e-06,0.39810552186411613,0.06528124918512443,0.3855628263883412,0.2662620498302428,aggregate,3,1.3743913833956296
resnet50_no_weights,CIFAR10,fp32_fused,fc,linear,20480,6.670220701318038,0.00032569437018154483,,,,,42,3,
resnet50_no_weights,CIFAR10,fp32_fused,fc,linear,20480,6.100992309286239,0.00029790001510186716,,,,,43,3,
resnet50_no_weights,CIFAR10,fp32_fused,fc,linear,20480,6.320389926433563,0.0003086127893766388,,,,,44,3,
resnet50_no_weights,CIFAR10,fp32_fused,fc,linear,20480,6.36386764567928,0.0003107357248866836,0.42764070863819204,3.5903704123910627,0.3855628263883412,0.2662620498302428,aggregate,3,0.28709401705170357
resnet50_no_weights,CIFAR10,ptq,conv1,conv,1728,104.38569843769073,0.06040839029958955,,,,,42,3,
resnet50_no_weights,CIFAR10,ptq,conv1,conv,1728,96.974855211046,0.05611970787676274,,,,,43,3,
resnet50_no_weights,CIFAR10,ptq,conv1,conv,1728,91.92479944229126,0.05319722189947411,,,,,44,3,
resnet50_no_weights,CIFAR10,ptq,conv1,conv,1728,97.761784363676,0.05657510669194213,8.80930518676489,944.128377822437,0.4670749614227695,0.35599125365126977,aggregate,3,6.267610713966777
resnet50_no_weights,CIFAR10,ptq,layer1.0.conv1,conv,4096,0.803249474299156,0.0001961058286863174,,,,,42,3,
resnet50_no_weights,CIFAR10,ptq,layer1.0.conv1,conv,4096,1.0929132948319118,0.0002668245348710722,,,,,43,3,
resnet50_no_weights,CIFAR10,ptq,layer1.0.conv1,conv,4096,0.6452031023800373,0.0001575202886670013,,,,,44,3,
resnet50_no_weights,CIFAR10,ptq,layer1.0.conv1,conv,4096,0.8471219571703684,0.00020681688407479698,0.07633407982164564,3.451371118591983,0.4670749614227695,0.35599125365126977,aggregate,3,0.2270566012501888
resnet50_no_weights,CIFAR10,ptq,layer1.0.conv2,conv,36864,2.396738356159579,6.501568891491914e-05,,,,,42,3,
resnet50_no_weights,CIFAR10,ptq,layer1.0.conv2,conv,36864,2.372069259484609,6.434649683931774e-05,,,,,43,3,
resnet50_no_weights,CIFAR10,ptq,layer1.0.conv2,conv,36864,2.2927908126045677,6.219593133150411e-05,,,,,44,3,
resnet50_no_weights,CIFAR10,ptq,layer1.0.conv2,conv,36864,2.3538661427495855,6.3852705695247e-05,0.21210665655545002,1.0655773355565463,0.4670749614227695,0.35599125365126977,aggregate,3,0.05431195123480584
resnet50_no_weights,CIFAR10,ptq,layer1.0.conv3,conv,16384,0.6170611118569094,3.766242137798519e-05,,,,,42,3,
resnet50_no_weights,CIFAR10,ptq,layer1.0.conv3,conv,16384,0.7472657461961111,4.560948157935248e-05,,,,,43,3,
resnet50_no_weights,CIFAR10,ptq,layer1.0.conv3,conv,16384,0.6875443011522293,4.196437384962337e-05,,,,,44,3,
resnet50_no_weights,CIFAR10,ptq,layer1.0.conv3,conv,16384,0.6839570530684166,4.174542560232035e-05,0.061631305671613,0.6966498741228084,0.4670749614227695,0.35599125365126977,aggregate,3,0.06517639881477359
resnet50_no_weights,CIFAR10,ptq,layer1.0.downsample.0,conv,16384,6.256020247936249,0.0003818371733359527,,,,,42,3,
resnet50_no_weights,CIFAR10,ptq,layer1.0.downsample.0,conv,16384,6.9049674570560455,0.0004214457676425809,,,,,43,3,
resnet50_no_weights,CIFAR10,ptq,layer1.0.downsample.0,conv,16384,6.459208083875252,0.0003942387746505891,,,,,44,3,
resnet50_no_weights,CIFAR10,ptq,layer1.0.downsample.0,conv,16384,6.5400652629558484,0.00039917390520970755,0.5893246652333453,6.6614352783600745,0.4670749614227695,0.35599125365126977,aggregate,3,0.3319435684159991
resnet50_no_weights,CIFAR10,ptq,layer1.1.conv1,conv,16384,1.1320275419524737,6.909347790237266e-05,,,,,42,3,
resnet50_no_weights,CIFAR10,ptq,layer1.1.conv1,conv,16384,1.0700064955846122,6.530801364652174e-05,,,,,43,3,
resnet50_no_weights,CIFAR10,ptq,layer1.1.conv1,conv,16384,1.1574981542010057,7.064808070074497e-05,,,,,44,3,
resnet50_no_weights,CIFAR10,ptq,layer1.1.conv1,conv,16384,1.1198440639126972,6.834985741654646e-05,0.1009090431890625,1.1406260417405432,0.4670749614227695,0.35599125365126977,aggregate,3,0.045000282607125575
resnet50_no_weights,CIFAR10,ptq,layer1.1.conv2,conv,36864,2.1895074049631753,5.9394189587759745e-05,,,,,42,3,
resnet50_no_weights,CIFAR10,ptq,layer1.1.conv2,conv,36864,2.4424649063421757,6.625610097499392e-05,,,,,43,3,
resnet50_no_weights,CIFAR10,ptq,layer1.1.conv2,conv,36864,2.1980586449305215,5.9626156817776736e-05,,,,,44,3,
resnet50_no_weights,CIFAR10,ptq,layer1.1.conv2,conv,36864,2.2766769854119575,6.175881579351014e-05,0.20515114885351585,1.030634389942143,0.4670749614227695,0.35599125365126977,aggregate,3,0.14364019970404523
resnet50_no_weights,CIFAR10,ptq,layer1.1.conv3,conv,16384,0.9521430797047086,5.811420164213309e-05,,,,,42,3,
resnet50_no_weights,CIFAR10,ptq,layer1.1.conv3,conv,16384,1.0208598939148155,6.230834313444919e-05,,,,,43,3,
resnet50_no_weights,CIFAR10,ptq,layer1.1.conv3,conv,16384,0.8594856701791287,5.2458842174019085e-05,,,,,44,3,
resnet50_no_weights,CIFAR10,ptq,layer1.1.conv3,conv,16384,0.9441628812662176,5.762712898353379e-05,0.08507842835753071,0.9616845815606253,0.4670749614227695,0.35599125365126977,aggregate,3,0.080982545631217
resnet50_no_weights,CIFAR10,ptq,layer1.2.conv1,conv,16384,4.505818214416504,0.0002750133187510073,,,,,42,3,
resnet50_no_weights,CIFAR10,ptq,layer1.2.conv1,conv,16384,3.0016582362792072,0.00018320667946040083,,,,,43,3,
resnet50_no_weights,CIFAR10,ptq,layer1.2.conv1,conv,16384,3.5370413330664117,0.00021588387042641673,,,,,44,3,
resnet50_no_weights,CIFAR10,ptq,layer1.2.conv1,conv,16384,3.6815059279207074,0.00022470128954594161,0.33174015262744844,3.7498270246096626,0.4670749614227695,0.35599125365126977,aggregate,3,0.7624151259860404
resnet50_no_weights,CIFAR10,ptq,layer1.2.conv2,conv,36864,3.2186757723490396,8.731216830373914e-05,,,,,42,3,
resnet50_no_weights,CIFAR10,ptq,layer1.2.conv2,conv,36864,3.1784456876608043,8.622085741267372e-05,,,,,43,3,
resnet50_no_weights,CIFAR10,ptq,layer1.2.conv2,conv,36864,2.731424424383375,7.409462956769138e-05,,,,,44,3,
resnet50_no_weights,CIFAR10,ptq,layer1.2.conv2,conv,36864,3.042848628131073,8.254255176136809e-05,0.27419080345975355,1.37747447689541,0.4670749614227695,0.35599125365126977,aggregate,3,0.2704503483791828
resnet50_no_weights,CIFAR10,ptq,layer1.2.conv3,conv,16384,1.2218701541423798,7.457703577529173e-05,,,,,42,3,
resnet50_no_weights,CIFAR10,ptq,layer1.2.conv3,conv,16384,1.1801577617724737,7.203111338943321e-05,,,,,43,3,
resnet50_no_weights,CIFAR10,ptq,layer1.2.conv3,conv,16384,1.1417986346142632,6.968985806971821e-05,,,,,44,3,
resnet50_no_weights,CIFAR10,ptq,layer1.2.conv3,conv,16384,1.1812755168430389,7.209933574481439e-05,0.10644462563011743,1.203197534729918,0.4670749614227695,0.35599125365126977,aggregate,3,0.040047460496062885
resnet50_no_weights,CIFAR10,ptq,layer2.0.conv1,conv,32768,5.369009080686067,0.00016384915407367147,,,,,42,3,
resnet50_no_weights,CIFAR10,ptq,layer2.0.conv1,conv,32768,6.139702161153157,0.00018736884036722282,,,,,43,3,
resnet50_no_weights,CIFAR10,ptq,layer2.0.conv1,conv,32768,5.501518070697784,0.0001678930075286189,,,,,44,3,
resnet50_no_weights,CIFAR10,ptq,layer2.0.conv1,conv,32768,5.6700764375123365,0.0001730370006565044,0.5109300540640483,2.8876506344503947,0.4670749614227695,0.35599125365126977,aggregate,3,0.41206904559473406
resnet50_no_weights,CIFAR10,ptq,layer2.0.conv2,conv,147456,24.37762921197074,0.00016532137866191092,,,,,42,3,
resnet50_no_weights,CIFAR10,ptq,layer2.0.conv2,conv,147456,28.389679468595066,0.00019252983580590188,,,,,43,3,
resnet50_no_weights,CIFAR10,ptq,layer2.0.conv2,conv,147456,31.10985567834642,0.00021097721136031371,,,,,44,3,
resnet50_no_weights,CIFAR10,ptq,layer2.0.conv2,conv,147456,27.959054786304076,0.0001896094752760422,2.519387795028284,3.164212968910406,0.4670749614227695,0.35599125365126977,aggregate,3,3.3867088022726377
resnet50_no_weights,CIFAR10,ptq,layer2.0.conv3,conv,65536,16.706473449491106,0.00025492055434404154,,,,,42,3,
resnet50_no_weights,CIFAR10,ptq,layer2.0.conv3,conv,65536,15.635643974939983,0.00023858099326995824,,,,,43,3,
resnet50_no_weights,CIFAR10,ptq,layer2.0.conv3,conv,65536,15.9986210194501,0.0002441195834266678,,,,,44,3,
resnet50_no_weights,CIFAR10,ptq,layer2.0.conv3,conv,65536,16.11357948129373,0.0002458737103468892,1.4519931302998124,4.103153504650039,0.4670749614227695,0.35599125365126977,aggregate,3,0.5445920738074956
resnet50_no_weights,CIFAR10,ptq,layer2.0.downsample.0,conv,131072,24.392305658413814,0.0001860985233948808,,,,,42,3,
resnet50_no_weights,CIFAR10,ptq,layer2.0.downsample.0,conv,131072,26.71601059220054,0.00020382698510895187,,,,,43,3,
resnet50_no_weights,CIFAR10,ptq,layer2.0.downsample.0,conv,131072,31.300082623958588,0.0002388006791989028,,,,,44,3,
resnet50_no_weights,CIFAR10,ptq,layer2.0.downsample.0,conv,131072,27.469466291524313,0.0002095753959009118,2.47527102184829,3.4974053100920535,0.4670749614227695,0.35599125365126977,aggregate,3,3.514984675579731
resnet50_no_weights,CIFAR10,ptq,layer2.1.conv1,conv,65536,5.9649144740814855,9.101737173586251e-05,,,,,42,3,
resnet50_no_weights,CIFAR10,ptq,layer2.1.conv1,conv,65536,6.155607568806615,9.392711744394859e-05,,,,,43,3,
resnet50_no_weights,CIFAR10,ptq,layer2.1.conv1,conv,65536,5.206301468610763,7.94418559053156e-05,,,,,44,3,
resnet50_no_weights,CIFAR10,ptq,layer2.1.conv1,conv,65536,5.775607837166288,8.812878169504224e-05,0.5204394785532718,1.4706977779868438,0.4670749614227695,0.35599125365126977,aggregate,3,0.5021685673679416
resnet50_no_weights,CIFAR10,ptq,layer2.1.conv2,conv,147456,6.068174740624806,4.115244371625981e-05,,,,,42,3,
resnet50_no_weights,CIFAR10,ptq,layer2.1.conv2,conv,147456,6.176967299714381,4.1890240476578646e-05,,,,,43,3,
resnet50_no_weights,CIFAR10,ptq,layer2.1.conv2,conv,147456,6.032350711419549,4.090949646958787e-05,,,,,44,3,
resnet50_no_weights,CIFAR10,ptq,layer2.1.conv2,conv,147456,6.092497583919578,4.1317393554142106e-05,0.5489943838046084,0.6895068526256859,0.4670749614227695,0.35599125365126977,aggregate,3,0.07531394248056436
resnet50_no_weights,CIFAR10,ptq,layer2.1.conv3,conv,65536,3.8086603217654758,5.811554446053277e-05,,,,,42,3,
resnet50_no_weights,CIFAR10,ptq,layer2.1.conv3,conv,65536,3.3869810104370117,5.168122879695147e-05,,,,,43,3,
resnet50_no_weights,CIFAR10,ptq,layer2.1.conv3,conv,65536,4.084029623956392,6.231734655695178e-05,,,,,44,3,
resnet50_no_weights,CIFAR10,ptq,layer2.1.conv3,conv,65536,3.759890318719626,5.737137327147867e-05,0.3388033627040731,0.9574165166879202,0.4670749614227695,0.35599125365126977,aggregate,3,0.35107417635044247
resnet50_no_weights,CIFAR10,ptq,layer2.2.conv1,conv,65536,8.033065093191047,0.00012257484578233408,,,,,42,3,
resnet50_no_weights,CIFAR10,ptq,layer2.2.conv1,conv,65536,9.587719026364779,0.00014629698221381803,,,,,43,3,
resnet50_no_weights,CIFAR10,ptq,layer2.2.conv1,conv,65536,7.9007685245611725,0.00012055616034791828,,,,,44,3,
resnet50_no_weights,CIFAR10,ptq,layer2.2.conv1,conv,65536,8.507184214705665,0.00012980932944802346,0.7665815688120391,2.1662649671226544,0.4670749614227695,0.35599125365126977,aggregate,3,0.9381056469946258
resnet50_no_weights,CIFAR10,ptq,layer2.2.conv2,conv,147456,5.670489224520597,3.845546620361733e-05,,,,,42,3,
resnet50_no_weights,CIFAR10,ptq,layer2.2.conv2,conv,147456,4.279667753922312,2.902335445097054e-05,,,,,43,3,
resnet50_no_weights,CIFAR10,ptq,layer2.2.conv2,conv,147456,5.323190426826477,3.6100195494428686e-05,,,,,44,3,
resnet50_no_weights,CIFAR10,ptq,layer2.2.conv2,conv,147456,5.0911158017564615,3.452633871633885e-05,0.4587599656732318,0.5761773697025615,0.4670749614227695,0.35599125365126977,aggregate,3,0.7238715800957617
resnet50_no_weights,CIFAR10,ptq,layer2.2.conv3,conv,65536,3.2446025822843825,4.950870639472019e-05,,,,,42,3,
resnet50_no_weights,CIFAR10,ptq,layer2.2.conv3,conv,65536,3.0457322160402933,4.6474185425419515e-05,,,,,43,3,
resnet50_no_weights,CIFAR10,ptq,layer2.2.conv3,conv,65536,3.398091969282731,5.185076857426042e-05,,,,,44,3,
resnet50_no_weights,CIFAR10,ptq,layer2.2.conv3,conv,65536,3.229475589202469,4.9277886798133376e-05,0.29100774135483637,0.8223519856280846,0.4670749614227695,0.35599125365126977,aggregate,3,0.17666626267072918
resnet50_no_weights,CIFAR10,ptq,layer2.3.conv1,conv,65536,2.6712999070684114,4.076080180463274e-05,,,,,42,3,
resnet50_no_weights,CIFAR10,ptq,layer2.3.conv1,conv,65536,2.3501972291204662,3.586116377442118e-05,,,,,43,3,
resnet50_no_weights,CIFAR10,ptq,layer2.3.conv1,conv,65536,2.482190774546729,3.787522544169203e-05,,,,,44,3,
resnet50_no_weights,CIFAR10,ptq,layer2.3.conv1,conv,65536,2.5012293035785356,3.816573034024865e-05,0.22538553710655912,0.6369117299372177,0.4670749614227695,0.35599125365126977,aggregate,3,0.16139572992215948
resnet50_no_weights,CIFAR10,ptq,layer2.3.conv2,conv,147456,0.877250861376524,5.94923815495147e-06,,,,,42,3,
resnet50_no_weights,CIFAR10,ptq,layer2.3.conv2,conv,147456,0.8280140678087871,5.615329778434157e-06,,,,,43,3,
resnet50_no_weights,CIFAR10,ptq,layer2.3.conv2,conv,147456,0.952431115411943,6.459086882947747e-06,,,,,44,3,
resnet50_no_weights,CIFAR10,ptq,layer2.3.conv2,conv,147456,0.885898681532418,6.007884938777791e-06,0.07982824680388495,0.10025990215587183,0.4670749614227695,0.35599125365126977,aggregate,3,0.06265771324153165
resnet50_no_weights,CIFAR10,ptq,layer2.3.conv3,conv,65536,1.3281909977236102,2.0266586268975985e-05,,,,,42,3,
resnet50_no_weights,CIFAR10,ptq,layer2.3.conv3,conv,65536,1.3512769708266625,2.061885026285801e-05,,,,,43,3,
resnet50_no_weights,CIFAR10,ptq,layer2.3.conv3,conv,65536,1.294958366000134,1.9759496551515717e-05,,,,,44,3,
resnet50_no_weights,CIFAR10,ptq,layer2.3.conv3,conv,65536,1.324808778183469,2.0214977694449905e-05,0.11937839429882166,0.33734861875383876,0.4670749614227695,0.35599125365126977,aggregate,3,0.02831123220852379
resnet50_no_weights,CIFAR10,ptq,layer3.0.conv1,conv,131072,23.70815046210038,0.0001808788334816008,,,,,42,3,
resnet50_no_weights,CIFAR10,ptq,layer3.0.conv1,conv,131072,22.01002038043478,0.00016792312912319017,,,,,43,3,
resnet50_no_weights,CIFAR10,ptq,layer3.0.conv1,conv,131072,19.9955087767707,0.00015255362531105574,,,,,44,3,
resnet50_no_weights,CIFAR10,ptq,layer3.0.conv1,conv,131072,21.904559873101952,0.00016711852930528223,1.9738178283048615,2.78888287098078,0.4670749614227695,0.35599125365126977,aggregate,3,1.8585662511374403
resnet50_no_weights,CIFAR10,ptq,layer3.0.conv2,conv,589824,25.599765212447554,4.340237971402919e-05,,,,,42,3,
resnet50_no_weights,CIFAR10,ptq,layer3.0.conv2,conv,589824,23.439434221812657,3.973970917055369e-05,,,,,43,3,
resnet50_no_weights,CIFAR10,ptq,layer3.0.conv2,conv,589824,25.197210629781086,4.271988021813471e-05,,,,,44,3,
resnet50_no_weights,CIFAR10,ptq,layer3.0.conv2,conv,589824,24.7454700213471,4.195398970090586e-05,2.229811974350417,0.7001304028497226,0.4670749614227695,0.35599125365126977,aggregate,3,1.148829700284433
resnet50_no_weights,CIFAR10,ptq,layer3.0.conv3,conv,262144,10.078234243392945,3.844541261059931e-05,,,,,42,3,
resnet50_no_weights,CIFAR10,ptq,layer3.0.conv3,conv,262144,10.794626099722725,4.117823066605654e-05,,,,,43,3,
resnet50_no_weights,CIFAR10,ptq,layer3.0.conv3,conv,262144,10.003985768272763,3.8162177155581523e-05,,,,,44,3,
resnet50_no_weights,CIFAR10,ptq,layer3.0.conv3,conv,262144,10.292282037129478,3.9261940144079126e-05,0.9274365655606838,0.6552053372207003,0.4670749614227695,0.35599125365126977,aggregate,3,0.43662383916986774
resnet50_no_weights,CIFAR10,ptq,layer3.0.downsample.0,conv,524288,40.74539399147034,7.77156715230376e-05,,,,,42,3,
resnet50_no_weights,CIFAR10,ptq,layer3.0.downsample.0,conv,524288,38.122904102007546,7.271366901780614e-05,,,,,43,3,
resnet50_no_weights,CIFAR10,ptq,layer3.0.downsample.0,conv,524288,43.650339528134,8.325641542078781e-05,,,,,44,3,
resnet50_no_weights,CIFAR10,ptq,layer3.0.downsample.0,conv,524288,40.83954587387063,7.789525198721052e-05,3.680047634497609,1.2999200920504779,0.4670749614227695,0.35599125365126977,aggregate,3,2.7649202574792398
resnet50_no_weights,CIFAR10,ptq,layer3.1.conv1,conv,262144,6.389315664768219,2.4373304995606304e-05,,,,,42,3,
resnet50_no_weights,CIFAR10,ptq,layer3.1.conv1,conv,262144,6.781354337930679,2.5868813850138395e-05,,,,,43,3,
resnet50_no_weights,CIFAR10,ptq,layer3.1.conv1,conv,262144,6.34627742767334,2.420912715024315e-05,,,,,44,3,
resnet50_no_weights,CIFAR10,ptq,layer3.1.conv1,conv,262144,6.505649143457413,2.4817081998662617e-05,0.5862234319449057,0.41414877920187637,0.4670749614227695,0.35599125365126977,aggregate,3,0.23973545452793388
resnet50_no_weights,CIFAR10,ptq,layer3.1.conv2,conv,589824,12.90012684990378,2.187114605357493e-05,,,,,42,3,
resnet50_no_weights,CIFAR10,ptq,layer3.1.conv2,conv,589824,11.787001528391023,1.9983930000120413e-05,,,,,43,3,
resnet50_no_weights,CIFAR10,ptq,layer3.1.conv2,conv,589824,11.36645350853602,1.9270924052829355e-05,,,,,44,3,
resnet50_no_weights,CIFAR10,ptq,layer3.1.conv2,conv,589824,12.017860628943607,2.0375333368841566e-05,1.082928290041592,0.3400246427437252,0.4670749614227695,0.35599125365126977,aggregate,3,0.7924710863725554
resnet50_no_weights,CIFAR10,ptq,layer3.1.conv3,conv,262144,12.078245899894021,4.607485160787209e-05,,,,,42,3,
resnet50_no_weights,CIFAR10,ptq,layer3.1.conv3,conv,262144,11.762913703918457,4.487195474212058e-05,,,,,43,3,
resnet50_no_weights,CIFAR10,ptq,layer3.1.conv3,conv,262144,11.693366780000574,4.46066542816184e-05,,,,,44,3,
resnet50_no_weights,CIFAR10,ptq,layer3.1.conv3,conv,262144,11.844842127937683,4.518448687720369e-05,1.0673376092020543,0.7540411108794157,0.4670749614227695,0.35599125365126977,aggregate,3,0.2051028625572896
resnet50_no_weights,CIFAR10,ptq,layer3.2.conv1,conv,262144,15.272098350524903,5.825843181810342e-05,,,,,42,3,
resnet50_no_weights,CIFAR10,ptq,layer3.2.conv1,conv,262144,18.57039645058768,7.084044056162903e-05,,,,,43,3,
resnet50_no_weights,CIFAR10,ptq,layer3.2.conv1,conv,262144,17.59141470591227,6.710592157711895e-05,,,,,44,3,
resnet50_no_weights,CIFAR10,ptq,layer3.2.conv1,conv,262144,17.14463650234162,6.540159798561714e-05,1.5449015814137872,1.0914253321585063,0.4670749614227695,0.35599125365126977,aggregate,3,1.6939305362407266
resnet50_no_weights,CIFAR10,ptq,layer3.2.conv2,conv,589824,28.384488423665363,4.8123657944853656e-05,,,,,42,3,
resnet50_no_weights,CIFAR10,ptq,layer3.2.conv2,conv,589824,23.588592455937313,3.999259517404737e-05,,,,,43,3,
resnet50_no_weights,CIFAR10,ptq,layer3.2.conv2,conv,589824,29.303905232747397,4.9682456517109166e-05,,,,,44,3,
resnet50_no_weights,CIFAR10,ptq,layer3.2.conv2,conv,589824,27.092328704116692,4.59329032120034e-05,2.441287189346677,0.7665307223256262,0.4670749614227695,0.35599125365126977,aggregate,3,3.068950568160104
resnet50_no_weights,CIFAR10,ptq,layer3.2.conv3,conv,262144,20.255652836390905,7.726918348842966e-05,,,,,42,3,
resnet50_no_weights,CIFAR10,ptq,layer3.2.conv3,conv,262144,21.126308517456053,8.059047133428975e-05,,,,,43,3,
resnet50_no_weights,CIFAR10,ptq,layer3.2.conv3,conv,262144,20.736548614501952,7.910365529824048e-05,,,,,44,3,
resnet50_no_weights,CIFAR10,ptq,layer3.2.conv3,conv,262144,20.706169989449638,7.898777004031997e-05,1.8658310286925233,1.3181520912023392,0.4670749614227695,0.35599125365126977,aggregate,3,0.4361220865627035
resnet50_no_weights,CIFAR10,ptq,layer3.3.conv1,conv,262144,32.68920006290559,0.00012469940209543454,,,,,42,3,
resnet50_no_weights,CIFAR10,ptq,layer3.3.conv1,conv,262144,29.73612247043186,0.00011343430507824653,,,,,43,3,
resnet50_no_weights,CIFAR10,ptq,layer3.3.conv1,conv,262144,29.367765808105467,0.0001120291359256953,,,,,44,3,
resnet50_no_weights,CIFAR10,ptq,layer3.3.conv1,conv,262144,30.597696113814305,0.00011672094769979212,2.757155516676834,1.9478453590861318,0.4670749614227695,0.35599125365126977,aggregate,3,1.820635393061552
resnet50_no_weights,CIFAR10,ptq,layer3.3.conv2,conv,589824,37.34815364413791,6.332084425886011e-05,,,,,42,3,
resnet50_no_weights,CIFAR10,ptq,layer3.3.conv2,conv,589824,39.61587869553339,6.716559294897018e-05,,,,,43,3,
resnet50_no_weights,CIFAR10,ptq,layer3.3.conv2,conv,589824,38.88698185511998,6.592980593383785e-05,,,,,44,3,
resnet50_no_weights,CIFAR10,ptq,layer3.3.conv2,conv,589824,38.61700473159709,6.547208104722271e-05,3.4797746613735288,1.0926015572247705,0.4670749614227695,0.35599125365126977,aggregate,3,1.1577175659896186
resnet50_no_weights,CIFAR10,ptq,layer3.3.conv3,conv,262144,24.697537740071613,9.421362968472143e-05,,,,,42,3,
resnet50_no_weights,CIFAR10,ptq,layer3.3.conv3,conv,262144,20.287851015726726,7.739200979510012e-05,,,,,43,3,
resnet50_no_weights,CIFAR10,ptq,layer3.3.conv3,conv,262144,21.150037307739257,8.068098948569968e-05,,,,,44,3,
resnet50_no_weights,CIFAR10,ptq,layer3.3.conv3,conv,262144,22.0451420211792,8.409554298850708e-05,1.9864856724352065,1.40339087677133,0.4670749614227695,0.35599125365126977,aggregate,3,2.3371443232570566
resnet50_no_weights,CIFAR10,ptq,layer3.4.conv1,conv,262144,30.00523073533002,0.00011446087164051064,,,,,42,3,
resnet50_no_weights,CIFAR10,ptq,layer3.4.conv1,conv,262144,32.04205233876298,0.00012223072944169227,,,,,43,3,
resnet50_no_weights,CIFAR10,ptq,layer3.4.conv1,conv,262144,31.855899930000305,0.00012152061435699579,,,,,44,3,
resnet50_no_weights,CIFAR10,ptq,layer3.4.conv1,conv,262144,31.301061001364435,0.00011940407181306623,2.8205356604867484,1.9926214764402783,0.4670749614227695,0.35599125365126977,aggregate,3,1.1260751478476703
resnet50_no_weights,CIFAR10,ptq,layer3.4.conv2,conv,589824,19.82571115947905,3.3612927177393675e-05,,,,,42,3,
resnet50_no_weights,CIFAR10,ptq,layer3.4.conv2,conv,589824,20.82996892929077,3.5315566896719654e-05,,,,,43,3,
resnet50_no_weights,CIFAR10,ptq,layer3.4.conv2,conv,589824,17.70487259655464,3.001721292547377e-05,,,,,44,3,
resnet50_no_weights,CIFAR10,ptq,layer3.4.conv2,conv,589824,19.45351756177482,3.29819023331957e-05,1.7529546363460111,0.5504037335164794,0.4670749614227695,0.35599125365126977,aggregate,3,1.5954475321517836
resnet50_no_weights,CIFAR10,ptq,layer3.4.conv3,conv,262144,14.235479082380023,5.4304043130416956e-05,,,,,42,3,
resnet50_no_weights,CIFAR10,ptq,layer3.4.conv3,conv,262144,16.806290054321288,6.411090871552005e-05,,,,,43,3,
resnet50_no_weights,CIFAR10,ptq,layer3.4.conv3,conv,262144,17.50764010502742,6.678634683619469e-05,,,,,44,3,
resnet50_no_weights,CIFAR10,ptq,layer3.4.conv3,conv,262144,16.183136413909576,6.173376622737723e-05,1.4582608989504826,1.0302163614553919,0.4670749614227695,0.35599125365126977,aggregate,3,1.7227883747581973
resnet50_no_weights,CIFAR10,ptq,layer3.5.conv1,conv,262144,18.34420413062686,6.997758533716911e-05,,,,,42,3,
resnet50_no_weights,CIFAR10,ptq,layer3.5.conv1,conv,262144,20.159462125677813,7.69022450472939e-05,,,,,43,3,
resnet50_no_weights,CIFAR10,ptq,layer3.5.conv1,conv,262144,20.720743423853165,7.904336328068987e-05,,,,,44,3,
resnet50_no_weights,CIFAR10,ptq,layer3.5.conv1,conv,262144,19.741469893385947,7.530773122171763e-05,1.7789019938427453,1.256739408429167,0.4670749614227695,0.35599125365126977,aggregate,3,1.2421847216716198
resnet50_no_weights,CIFAR10,ptq,layer3.5.conv2,conv,589824,6.150915947453729,1.0428392109262644e-05,,,,,42,3,
resnet50_no_weights,CIFAR10,ptq,layer3.5.conv2,conv,589824,6.7172374327977495,1.1388545452198875e-05,,,,,43,3,
resnet50_no_weights,CIFAR10,ptq,layer3.5.conv2,conv,589824,6.176025668780009,1.0470963658277739e-05,,,,,44,3,
resnet50_no_weights,CIFAR10,ptq,layer3.5.conv2,conv,589824,6.348059683010496,1.0762633739913086e-05,0.5720230604978157,0.17960740205565398,0.4670749614227695,0.35599125365126977,aggregate,3,0.3199637209587297
resnet50_no_weights,CIFAR10,ptq,layer3.5.conv3,conv,262144,10.99070962270101,4.192622994499592e-05,,,,,42,3,
resnet50_no_weights,CIFAR10,ptq,layer3.5.conv3,conv,262144,9.577832965289845,3.653653322330416e-05,,,,,43,3,
resnet50_no_weights,CIFAR10,ptq,layer3.5.conv3,conv,262144,9.346257983313667,3.565314477277247e-05,,,,,44,3,
resnet50_no_weights,CIFAR10,ptq,layer3.5.conv3,conv,262144,9.97160019043484,3.803863598035751e-05,0.8985399545405799,0.6347907725258993,0.4670749614227695,0.35599125365126977,aggregate,3,0.8901375002041663
resnet50_no_weights,CIFAR10,ptq,layer4.0.conv1,conv,524288,42.40001649122972,8.087161348577446e-05,,,,,42,3,
resnet50_no_weights,CIFAR10,ptq,layer4.0.conv1,conv,524288,44.81396853539251,8.54758616168833e-05,,,,,43,3,
resnet50_no_weights,CIFAR10,ptq,layer4.0.conv1,conv,524288,47.40132440839495,9.041085130385389e-05,,,,,44,3,
resnet50_no_weights,CIFAR10,ptq,layer4.0.conv1,conv,524288,44.871769811672394,8.558610880217055e-05,4.043390953982607,1.4282655180398742,0.4670749614227695,0.35599125365126977,aggregate,3,2.5011549254753462
resnet50_no_weights,CIFAR10,ptq,layer4.0.conv2,conv,2359296,16.609875510720645,7.040182965901966e-06,,,,,42,3,
resnet50_no_weights,CIFAR10,ptq,layer4.0.conv2,conv,2359296,14.868157906965775,6.30194681250923e-06,,,,,43,3,
resnet50_no_weights,CIFAR10,ptq,layer4.0.conv2,conv,2359296,16.748799953054874,7.09906682037984e-06,,,,,44,3,
resnet50_no_weights,CIFAR10,ptq,layer4.0.conv2,conv,2359296,16.07561112358043,6.813732199597011e-06,1.448571805160201,0.11370792393818455,0.4670749614227695,0.35599125365126977,aggregate,3,1.047989719846659
resnet50_no_weights,CIFAR10,ptq,layer4.0.conv3,conv,1048576,18.188427234518116,1.7345835909383884e-05,,,,,42,3,
resnet50_no_weights,CIFAR10,ptq,layer4.0.conv3,conv,1048576,18.424279149373373,1.7570761823056576e-05,,,,,43,3,
resnet50_no_weights,CIFAR10,ptq,layer4.0.conv3,conv,1048576,19.835080941518147,1.8916207257764956e-05,,,,,44,3,
resnet50_no_weights,CIFAR10,ptq,layer4.0.conv3,conv,1048576,18.815929108469877,1.794426833006847e-05,1.695501600834442,0.2994549005789333,0.4670749614227695,0.35599125365126977,aggregate,3,0.8904545892629543
resnet50_no_weights,CIFAR10,ptq,layer4.0.downsample.0,conv,2097152,41.95467080010308,2.000554599766878e-05,,,,,42,3,
resnet50_no_weights,CIFAR10,ptq,layer4.0.downsample.0,conv,2097152,41.9296854019165,1.999363203140092e-05,,,,,43,3,
resnet50_no_weights,CIFAR10,ptq,layer4.0.downsample.0,conv,2097152,42.33818171101232,2.0188418250566634e-05,,,,,44,3,
resnet50_no_weights,CIFAR10,ptq,layer4.0.downsample.0,conv,2097152,42.074179304343964,2.006253209321211e-05,3.791300336702411,0.33480459848381944,0.4670749614227695,0.35599125365126977,aggregate,3,0.22897384255771808
resnet50_no_weights,CIFAR10,ptq,layer4.1.conv1,conv,1048576,49.42669258117676,4.7136967259575614e-05,,,,,42,3,
resnet50_no_weights,CIFAR10,ptq,layer4.1.conv1,conv,1048576,71.41720314025879,6.81087523844326e-05,,,,,43,3,
resnet50_no_weights,CIFAR10,ptq,layer4.1.conv1,conv,1048576,56.44827168782552,5.3833266914201276e-05,,,,,44,3,
resnet50_no_weights,CIFAR10,ptq,layer4.1.conv1,conv,1048576,59.097389136420354,5.6359662186069826e-05,5.325260172288402,0.9405330284941971,0.4670749614227695,0.35599125365126977,aggregate,3,11.232052622054965
resnet50_no_weights,CIFAR10,ptq,layer4.1.conv2,conv,2359296,113.49900817871094,4.8107150683386455e-05,,,,,42,3,
resnet50_no_weights,CIFAR10,ptq,layer4.1.conv2,conv,2359296,136.6459130859375,5.79180878897508e-05,,,,,43,3,
resnet50_no_weights,CIFAR10,ptq,layer4.1.conv2,conv,2359296,137.17890367053803,5.814399874815964e-05,,,,,44,3,
resnet50_no_weights,CIFAR10,ptq,layer4.1.conv2,conv,2359296,129.10794164506217,5.472307910709897e-05,11.633904468799518,0.9132216433662133,0.4670749614227695,0.35599125365126977,aggregate,3,13.520359562842721
resnet50_no_weights,CIFAR10,ptq,layer4.1.conv3,conv,1048576,29.313697714554635,2.7955720629267345e-05,,,,,42,3,
resnet50_no_weights,CIFAR10,ptq,layer4.1.conv3,conv,1048576,29.783959419496597,2.8404197139259908e-05,,,,,43,3,
resnet50_no_weights,CIFAR10,ptq,layer4.1.conv3,conv,1048576,31.37464299409286,2.992119120988165e-05,,,,,44,3,
resnet50_no_weights,CIFAR10,ptq,layer4.1.conv3,conv,1048576,30.15743337604803,2.8760369659469632e-05,2.717483482818327,0.4799545726006754,0.4670749614227695,0.35599125365126977,aggregate,3,1.0800397948591332
resnet50_no_weights,CIFAR10,ptq,layer4.2.conv1,conv,1048576,63.1462873840332,6.022099245456047e-05,,,,,42,3,
resnet50_no_weights,CIFAR10,ptq,layer4.2.conv1,conv,1048576,61.385112276264266,5.854140498758723e-05,,,,,43,3,
resnet50_no_weights,CIFAR10,ptq,layer4.2.conv1,conv,1048576,58.27456035036029,5.557495150600461e-05,,,,,44,3,
resnet50_no_weights,CIFAR10,ptq,layer4.2.conv1,conv,1048576,60.93532000355258,5.81124496493841e-05,5.490875949722587,0.9697836385446084,0.4670749614227695,0.35599125365126977,aggregate,3,2.466812901113139
resnet50_no_weights,CIFAR10,ptq,layer4.2.conv2,conv,2359296,10.963277311886058,4.646842664882261e-06,,,,,42,3,
resnet50_no_weights,CIFAR10,ptq,layer4.2.conv2,conv,2359296,10.998841395744911,4.661916688599019e-06,,,,,43,3,
resnet50_no_weights,CIFAR10,ptq,layer4.2.conv2,conv,2359296,9.088709115982056,3.852297090310862e-06,,,,,44,3,
resnet50_no_weights,CIFAR10,ptq,layer4.2.conv2,conv,2359296,10.350275941204341,4.3870188145973805e-06,0.9326623907979456,0.07321080240211475,0.4670749614227695,0.35599125365126977,aggregate,3,1.0926936175759692
resnet50_no_weights,CIFAR10,ptq,layer4.2.conv3,conv,1048576,7.408571329983798,7.065364198669241e-06,,,,,42,3,
resnet50_no_weights,CIFAR10,ptq,layer4.2.conv3,conv,1048576,6.335958980378651,6.042441349390651e-06,,,,,43,3,
resnet50_no_weights,CIFAR10,ptq,layer4.2.conv3,conv,1048576,6.712971597909927,6.401988599691322e-06,,,,,44,3,
resnet50_no_weights,CIFAR10,ptq,layer4.2.conv3,conv,1048576,6.819167302757458,6.503264715917071e-06,0.6144745237681954,0.10852682612197655,0.4670749614227695,0.35599125365126977,aggregate,3,0.5441345963338634
resnet50_no_weights,CIFAR10,ptq,fc,linear,20480,7.1963001031142015,0.0003513818409723731,,,,,42,3,
resnet50_no_weights,CIFAR10,ptq,fc,linear,20480,6.873246990904516,0.00033560776322775956,,,,,43,3,
resnet50_no_weights,CIFAR10,ptq,fc,linear,20480,6.243368753167086,0.00030485198990073666,,,,,44,3,
resnet50_no_weights,CIFAR10,ptq,fc,linear,20480,6.770971949061934,0.0003306138647002898,0.6101316449832855,5.517301690030201,0.4670749614227695,0.35599125365126977,aggregate,3,0.4846283912091141
resnet18_no_weights,CIFAR10,fp32_unfused,conv1,conv,1728,16.029529270003824,0.00927634795717814,,,,,42,3,
resnet18_no_weights,CIFAR10,fp32_unfused,conv1,conv,1728,16.189764404296874,0.009369076622856987,,,,,43,3,
resnet18_no_weights,CIFAR10,fp32_unfused,conv1,conv,1728,18.898091588701522,0.010936395595313382,,,,,44,3,
resnet18_no_weights,CIFAR10,fp32_unfused,conv1,conv,1728,17.03912842100074,0.00986060672511617,0.4598203180004462,26.633014235715635,0.1573016313017964,0.21556403004140523,aggregate,3,1.611901631215929
resnet18_no_weights,CIFAR10,fp32_unfused,layer1.0.conv1,conv,36864,19.483011881510418,0.0005285105219593755,,,,,42,3,
resnet18_no_weights,CIFAR10,fp32_unfused,layer1.0.conv1,conv,36864,18.75238561630249,0.0005086910160672334,,,,,43,3,
resnet18_no_weights,CIFAR10,fp32_unfused,layer1.0.conv1,conv,36864,18.832024035246477,0.000510851346442233,,,,,44,3,
resnet18_no_weights,CIFAR10,fp32_unfused,layer1.0.conv1,conv,36864,19.02247384435313,0.0005160176281562806,0.513343156771155,1.3937382576633008,0.1573016313017964,0.21556403004140523,aggregate,3,0.4008204488227756
resnet18_no_weights,CIFAR10,fp32_unfused,layer1.0.conv2,conv,36864,31.572033923605215,0.0008564462327366866,,,,,42,3,
resnet18_no_weights,CIFAR10,fp32_unfused,layer1.0.conv2,conv,36864,30.2080044065203,0.0008194445639789577,,,,,43,3,
resnet18_no_weights,CIFAR10,fp32_unfused,layer1.0.conv2,conv,36864,33.978876662254336,0.0009217360205689653,,,,,44,3,
resnet18_no_weights,CIFAR10,fp32_unfused,layer1.0.conv2,conv,36864,31.919638330793283,0.0008658756057615365,0.8613878530098299,2.33868746391305,0.1573016313017964,0.21556403004140523,aggregate,3,1.9093168962193268
resnet18_no_weights,CIFAR10,fp32_unfused,layer1.1.conv1,conv,36864,47.77069385528564,0.0012958630060570108,,,,,42,3,
resnet18_no_weights,CIFAR10,fp32_unfused,layer1.1.conv1,conv,36864,51.54836622873942,0.001398338927645926,,,,,43,3,
resnet18_no_weights,CIFAR10,fp32_unfused,layer1.1.conv1,conv,36864,49.19822424108332,0.0013345872461231368,,,,,44,3,
resnet18_no_weights,CIFAR10,fp32_unfused,layer1.1.conv1,conv,36864,49.505761441702795,0.0013429297266086913,1.3359694467072425,3.627187202916625,0.1573016313017964,0.21556403004140523,aggregate,3,1.9075210320236624
resnet18_no_weights,CIFAR10,fp32_unfused,layer1.1.conv2,conv,36864,33.69786182403564,0.0009141130052093001,,,,,42,3,
resnet18_no_weights,CIFAR10,fp32_unfused,layer1.1.conv2,conv,36864,32.93370728743704,0.0008933839867468815,,,,,43,3,
resnet18_no_weights,CIFAR10,fp32_unfused,layer1.1.conv2,conv,36864,31.59668192409334,0.0008571148525415945,,,,,44,3,
resnet18_no_weights,CIFAR10,fp32_unfused,layer1.1.conv2,conv,36864,32.742750345188675,0.0008882039481659254,0.8836004696917251,2.398995219580997,0.1573016313017964,0.21556403004140523,aggregate,3,1.0635260496692216
resnet18_no_weights,CIFAR10,fp32_unfused,layer2.0.conv1,conv,73728,47.22332448959351,0.0006405073308592869,,,,,42,3,
resnet18_no_weights,CIFAR10,fp32_unfused,layer2.0.conv1,conv,73728,43.69655630323622,0.0005926724759010989,,,,,43,3,
resnet18_no_weights,CIFAR10,fp32_unfused,layer2.0.conv1,conv,73728,51.57557773590088,0.0006995385435099403,,,,,44,3,
resnet18_no_weights,CIFAR10,fp32_unfused,layer2.0.conv1,conv,73728,47.49848617624354,0.0006442394500901087,1.281800833849068,1.7400590981644017,0.1573016313017964,0.21556403004140523,aggregate,3,3.9467113080953014
resnet18_no_weights,CIFAR10,fp32_unfused,layer2.0.conv2,conv,147456,52.201831000191824,0.00035401632351475575,,,,,42,3,
resnet18_no_weights,CIFAR10,fp32_unfused,layer2.0.conv2,conv,147456,62.225311279296875,0.000421992399626308,,,,,43,3,
resnet18_no_weights,CIFAR10,fp32_unfused,layer2.0.conv2,conv,147456,53.099329662323,0.0003601028758566827,,,,,44,3,
resnet18_no_weights,CIFAR10,fp32_unfused,layer2.0.conv2,conv,147456,55.842157313937236,0.00037870386633258215,1.506964317627784,1.0228605342778627,0.1573016313017964,0.21556403004140523,aggregate,3,5.546157847667762
resnet18_no_weights,CIFAR10,fp32_unfused,layer2.0.downsample.0,conv,8192,32.800399260087445,0.004003954987803643,,,,,42,3,
resnet18_no_weights,CIFAR10,fp32_unfused,layer2.0.downsample.0,conv,8192,30.53687372661772,0.0037276457185812647,,,,,43,3,
resnet18_no_weights,CIFAR10,fp32_unfused,layer2.0.downsample.0,conv,8192,28.994176970587837,0.0035393282434799606,,,,,44,3,
resnet18_no_weights,CIFAR10,fp32_unfused,layer2.0.downsample.0,conv,8192,30.777149985764336,0.003756976316621623,0.8305565017139777,10.147408421529088,0.1573016313017964,0.21556403004140523,aggregate,3,1.9144533266191235
resnet18_no_weights,CIFAR10,fp32_unfused,layer2.1.conv1,conv,147456,59.573444590849036,0.00040400827766146535,,,,,42,3,
resnet18_no_weights,CIFAR10,fp32_unfused,layer2.1.conv1,conv,147456,49.369480556911896,0.00033480821775249493,,,,,43,3,
resnet18_no_weights,CIFAR10,fp32_unfused,layer2.1.conv1,conv,147456,54.839395440143086,0.00037190345214940785,,,,,44,3,
resnet18_no_weights,CIFAR10,fp32_unfused,layer2.1.conv1,conv,147456,54.594106862634675,0.00037023998252112275,1.4732842524730878,1.0,0.1573016313017964,0.21556403004140523,aggregate,3,5.106402389761578
resnet18_no_weights,CIFAR10,fp32_unfused,layer2.1.conv2,conv,147456,37.4314215523856,0.0002538480736788303,,,,,42,3,
resnet18_no_weights,CIFAR10,fp32_unfused,layer2.1.conv2,conv,147456,34.433178172392005,0.00023351493443733728,,,,,43,3,
resnet18_no_weights,CIFAR10,fp32_unfused,layer2.1.conv2,conv,147456,37.48537034254808,0.0002542139373273931,,,,,44,3,
resnet18_no_weights,CIFAR10,fp32_unfused,layer2.1.conv2,conv,147456,36.449990022441895,0.0002471923151478536,0.9836445614539215,0.6676542967202385,0.1573016313017964,0.21556403004140523,aggregate,3,1.7468185786927748
resnet18_no_weights,CIFAR10,fp32_unfused,layer3.0.conv1,conv,294912,56.5103099822998,0.00019161753330586685,,,,,42,3,
resnet18_no_weights,CIFAR10,fp32_unfused,layer3.0.conv1,conv,294912,71.0768544514974,0.00024101038428920286,,,,,43,3,
resnet18_no_weights,CIFAR10,fp32_unfused,layer3.0.conv1,conv,294912,64.59403800964355,0.0002190281779298352,,,,,44,3,
resnet18_no_weights,CIFAR10,fp32_unfused,layer3.0.conv1,conv,294912,64.06040081448025,0.0002172186985083016,1.728742993535131,0.5866970310153062,0.1573016313017964,0.21556403004140523,aggregate,3,7.297919630642974
resnet18_no_weights,CIFAR10,fp32_unfused,layer3.0.conv2,conv,589824,77.66559219360352,0.00013167587652181587,,,,,42,3,
resnet18_no_weights,CIFAR10,fp32_unfused,layer3.0.conv2,conv,589824,83.76367966334026,0.0001420147021201922,,,,,43,3,
resnet18_no_weights,CIFAR10,fp32_unfused,layer3.0.conv2,conv,589824,76.0807237625122,0.00012898885729050057,,,,,44,3,
resnet18_no_weights,CIFAR10,fp32_unfused,layer3.0.conv2,conv,589824,79.16999853981866,0.00013422647864416956,2.1364927245812853,0.36253912321992865,0.1573016313017964,0.21556403004140523,aggregate,3,4.056400089293021
resnet18_no_weights,CIFAR10,fp32_unfused,layer3.0.downsample.0,conv,32768,21.76207755162166,0.0006641259018439227,,,,,42,3,
resnet18_no_weights,CIFAR10,fp32_unfused,layer3.0.downsample.0,conv,32768,22.96184266131857,0.0007007398273107474,,,,,43,3,
resnet18_no_weights,CIFAR10,fp32_unfused,layer3.0.downsample.0,conv,32768,21.6884659131368,0.0006618794529155517,,,,,44,3,
resnet18_no_weights,CIFAR10,fp32_unfused,layer3.0.downsample.0,conv,32768,22.137462042025675,0.0006755817273567406,0.5974046667399439,1.8247130489700625,0.1573016313017964,0.21556403004140523,aggregate,3,0.714882663399672
resnet18_no_weights,CIFAR10,fp32_unfused,layer3.1.conv1,conv,589824,61.454031421292214,0.00010419045583308278,,,,,42,3,
resnet18_no_weights,CIFAR10,fp32_unfused,layer3.1.conv1,conv,589824,58.236253356933595,9.873496730708414e-05,,,,,43,3,
resnet18_no_weights,CIFAR10,fp32_unfused,layer3.1.conv1,conv,589824,50.85798094007704,8.622568925658678e-05,,,,,44,3,
resnet18_no_weights,CIFAR10,fp32_unfused,layer3.1.conv1,conv,589824,56.84942190610095,9.638370413225123e-05,1.5341465016946911,0.2603276487750817,0.1573016313017964,0.21556403004140523,aggregate,3,5.432453180182873
resnet18_no_weights,CIFAR10,fp32_unfused,layer3.1.conv2,conv,589824,36.30705177307129,6.155573827628459e-05,,,,,42,3,
resnet18_no_weights,CIFAR10,fp32_unfused,layer3.1.conv2,conv,589824,38.22681232374541,6.481054064220075e-05,,,,,43,3,
resnet18_no_weights,CIFAR10,fp32_unfused,layer3.1.conv2,conv,589824,36.634310213724774,6.21105791112684e-05,,,,,44,3,
resnet18_no_weights,CIFAR10,fp32_unfused,layer3.1.conv2,conv,589824,37.05605810351383,6.282561934325125e-05,1.0,0.1696889107314793,0.1573016313017964,0.21556403004140523,aggregate,3,1.0270217158791213
resnet18_no_weights,CIFAR10,fp32_unfused,layer4.0.conv1,conv,1179648,41.495694186236406,3.517633581054383e-05,,,,,42,3,
resnet18_no_weights,CIFAR10,fp32_unfused,layer4.0.conv1,conv,1179648,43.43116935094198,3.681705843687437e-05,,,,,43,3,
resnet18_no_weights,CIFAR10,fp32_unfused,layer4.0.conv1,conv,1179648,37.043636322021484,3.140227959698273e-05,,,,,44,3,
resnet18_no_weights,CIFAR10,fp32_unfused,layer4.0.conv1,conv,1179648,40.65683328639996,3.4465224614800314e-05,1.0971710259312415,0.093088878138206,0.1573016313017964,0.21556403004140523,aggregate,3,3.275348875439587
resnet18_no_weights,CIFAR10,fp32_unfused,layer4.0.conv2,conv,2359296,46.0817554615162,1.9531994061582862e-05,,,,,42,3,
resnet18_no_weights,CIFAR10,fp32_unfused,layer4.0.conv2,conv,2359296,46.98259801449983,1.9913820908652338e-05,,,,,43,3,
resnet18_no_weights,CIFAR10,fp32_unfused,layer4.0.conv2,conv,2359296,40.943637757074264,1.7354175888516856e-05,,,,,44,3,
resnet18_no_weights,CIFAR10,fp32_unfused,layer4.0.conv2,conv,2359296,44.669330411030096,1.8933330286250684e-05,1.2054528381364542,0.05113799476038628,0.1573016313017964,0.21556403004140523,aggregate,3,3.2578318925509135
resnet18_no_weights,CIFAR10,fp32_unfused,layer4.0.downsample.0,conv,131072,22.655716169448127,0.00017284939704473974,,,,,42,3,
resnet18_no_weights,CIFAR10,fp32_unfused,layer4.0.downsample.0,conv,131072,21.233392624627974,0.00016199792957022075,,,,,43,3,
resnet18_no_weights,CIFAR10,fp32_unfused,layer4.0.downsample.0,conv,131072,20.946421813964843,0.00015980851603671908,,,,,44,3,
resnet18_no_weights,CIFAR10,fp32_unfused,layer4.0.downsample.0,conv,131072,21.611843536013648,0.0001648852808838932,0.5832202517505313,0.4453470415623905,0.1573016313017964,0.21556403004140523,aggregate,3,0.9153363412802087
resnet18_no_weights,CIFAR10,fp32_unfused,layer4.1.conv1,conv,2359296,47.878895867954604,2.0293721460958948e-05,,,,,42,3,
resnet18_no_weights,CIFAR10,fp32_unfused,layer4.1.conv1,conv,2359296,36.26932973447053,1.5372945884904027e-05,,,,,43,3,
resnet18_no_weights,CIFAR10,fp32_unfused,layer4.1.conv1,conv,2359296,35.6313042640686,1.5102515438532768e-05,,,,,44,3,
resnet18_no_weights,CIFAR10,fp32_unfused,layer4.1.conv1,conv,2359296,39.92650995549791,1.6923060928131915e-05,1.0774624177230523,0.04570835600438272,0.1573016313017964,0.21556403004140523,aggregate,3,6.894352790559831
resnet18_no_weights,CIFAR10,fp32_unfused,layer4.1.conv2,conv,2359296,13.515614706536997,5.728664273807524e-06,,,,,42,3,
resnet18_no_weights,CIFAR10,fp32_unfused,layer4.1.conv2,conv,2359296,11.77142029716855,4.989378313347944e-06,,,,,43,3,
resnet18_no_weights,CIFAR10,fp32_unfused,layer4.1.conv2,conv,2359296,13.453635022044182,5.702393859034298e-06,,,,,44,3,
resnet18_no_weights,CIFAR10,fp32_unfused,layer4.1.conv2,conv,2359296,12.91355667524991,5.4734788153965886e-06,0.3484870581532628,0.014783597325511212,0.1573016313017964,0.21556403004140523,aggregate,3,0.9896044664031494
resnet18_no_weights,CIFAR10,fp32_unfused,fc,linear,5120,3.684056927176083,0.0007195423685890787,,,,,42,3,
resnet18_no_weights,CIFAR10,fp32_unfused,fc,linear,5120,3.3430485129356384,0.0006529391626827419,,,,,43,3,
resnet18_no_weights,CIFAR10,fp32_unfused,fc,linear,5120,3.4396308935605564,0.0006718029088985462,,,,,44,3,
resnet18_no_weights,CIFAR10,fp32_unfused,fc,linear,5120,3.4889121112240926,0.0006814281467234556,0.09415227333350003,1.8405039403991954,0.1573016313017964,0.21556403004140523,aggregate,3,0.17576451136818344
resnet18_no_weights,CIFAR10,fp32_fused,conv1,conv,1728,180.58540929749955,0.10450544519531224,,,,,42,3,
resnet18_no_weights,CIFAR10,fp32_fused,conv1,conv,1728,172.16930516560873,0.09963501456343098,,,,,43,3,
resnet18_no_weights,CIFAR10,fp32_fused,conv1,conv,1728,193.536066532135,0.11200003850239294,,,,,44,3,
resnet18_no_weights,CIFAR10,fp32_fused,conv1,conv,1728,182.09692699841443,0.10538016608704538,4.072225670265735,204.210965249406,-0.03503163885022304,0.00293815082932915,aggregate,3,10.763277249223593
resnet18_no_weights,CIFAR10,fp32_fused,layer1.0.conv1,conv,36864,41.683646619319916,0.0011307412819911002,,,,,42,3,
resnet18_no_weights,CIFAR10,fp32_fused,layer1.0.conv1,conv,36864,37.82772786993729,0.0010261427916107122,,,,,43,3,
resnet18_no_weights,CIFAR10,fp32_fused,layer1.0.conv1,conv,36864,40.310791075229645,0.0010935001919278875,,,,,44,3,
resnet18_no_weights,CIFAR10,fp32_fused,layer1.0.conv1,conv,36864,39.94072185482895,0.0010834614218432333,0.8931926282731523,2.099585823221623,-0.03503163885022304,0.00293815082932915,aggregate,3,1.9544157109929552
resnet18_no_weights,CIFAR10,fp32_fused,layer1.0.conv2,conv,36864,39.93285291845148,0.0010832479632826464,,,,,42,3,
resnet18_no_weights,CIFAR10,fp32_fused,layer1.0.conv2,conv,36864,44.59264322427603,0.0012096528652418628,,,,,43,3,
resnet18_no_weights,CIFAR10,fp32_fused,layer1.0.conv2,conv,36864,49.624923119178185,0.0013461621939881234,,,,,44,3,
resnet18_no_weights,CIFAR10,fp32_fused,layer1.0.conv2,conv,36864,44.71680642063523,0.001213021007504211,1.0,2.350652879078103,-0.03503163885022304,0.00293815082932915,aggregate,3,4.847227926191551
resnet18_no_weights,CIFAR10,fp32_fused,layer1.1.conv1,conv,36864,269.8144276936849,0.0073191847790170595,,,,,42,3,
resnet18_no_weights,CIFAR10,fp32_fused,layer1.1.conv1,conv,36864,313.5366734989354,0.008505226603161225,,,,,43,3,
resnet18_no_weights,CIFAR10,fp32_fused,layer1.1.conv1,conv,36864,301.12545175263375,0.008168550666032816,,,,,44,3,
resnet18_no_weights,CIFAR10,fp32_fused,layer1.1.conv1,conv,36864,294.825517648418,0.007997654016070367,6.593170247336053,15.498254624152581,-0.03503163885022304,0.00293815082932915,aggregate,3,22.531657103989975
resnet18_no_weights,CIFAR10,fp32_fused,layer1.1.conv2,conv,36864,21.53001832962036,0.0005840391256949968,,,,,42,3,
resnet18_no_weights,CIFAR10,fp32_fused,layer1.1.conv2,conv,36864,27.118512349250988,0.0007356367282240394,,,,,43,3,
resnet18_no_weights,CIFAR10,fp32_fused,layer1.1.conv2,conv,36864,23.836587154504024,0.0006466088095297316,,,,,44,3,
resnet18_no_weights,CIFAR10,fp32_fused,layer1.1.conv2,conv,36864,24.161705944458458,0.0006554282211495892,0.5403271807288251,1.270121643024367,-0.03503163885022304,0.00293815082932915,aggregate,3,2.8083968776773514
resnet18_no_weights,CIFAR10,fp32_fused,layer2.0.conv1,conv,73728,180.68378615379333,0.002450680693275192,,,,,42,3,
resnet18_no_weights,CIFAR10,fp32_fused,layer2.0.conv1,conv,73728,180.87609695806736,0.00245328907549462,,,,,43,3,
resnet18_no_weights,CIFAR10,fp32_fused,layer2.0.conv1,conv,73728,213.05211561154096,0.0028897042590541036,,,,,44,3,
resnet18_no_weights,CIFAR10,fp32_fused,layer2.0.conv1,conv,73728,191.53733290780056,0.002597891342607972,4.283341057634492,5.034323994600983,-0.03503163885022304,0.00293815082932915,aggregate,3,18.63259648984101
resnet18_no_weights,CIFAR10,fp32_fused,layer2.0.conv2,conv,147456,43.03631057739258,0.00029185866005718706,,,,,42,3,
resnet18_no_weights,CIFAR10,fp32_fused,layer2.0.conv2,conv,147456,47.668630191258025,0.0003232735879941001,,,,,43,3,
resnet18_no_weights,CIFAR10,fp32_fused,layer2.0.conv2,conv,147456,47.366486499184056,0.0003212245449434683,,,,,44,3,
resnet18_no_weights,CIFAR10,fp32_fused,layer2.0.conv2,conv,147456,46.02380908927822,0.0003121189309982518,1.0292284439176733,0.6048397012310386,-0.03503163885022304,0.00293815082932915,aggregate,3,2.5916564628735457
resnet18_no_weights,CIFAR10,fp32_fused,layer2.0.downsample.0,conv,8192,25.168331418718612,0.0030723060813865493,,,,,42,3,
resnet18_no_weights,CIFAR10,fp32_fused,layer2.0.downsample.0,conv,8192,26.311439427462492,0.0032118456332351675,,,,,43,3,
resnet18_no_weights,CIFAR10,fp32_fused,layer2.0.downsample.0,conv,8192,20.47295026779175,0.0024991394369862975,,,,,44,3,
resnet18_no_weights,CIFAR10,fp32_fused,layer2.0.downsample.0,conv,8192,23.984240371324283,0.0029277637172026713,0.5363585258238925,5.673567208257089,-0.03503163885022304,0.00293815082932915,aggregate,3,3.09411419040858
resnet18_no_weights,CIFAR10,fp32_fused,layer2.1.conv1,conv,147456,141.90321911898528,0.0009623427945894726,,,,,42,3,
resnet18_no_weights,CIFAR10,fp32_fused,layer2.1.conv1,conv,147456,150.99959844472457,0.0010240315649734468,,,,,43,3,
resnet18_no_weights,CIFAR10,fp32_fused,layer2.1.conv1,conv,147456,147.28572252061633,0.0009988452319377736,,,,,44,3,
resnet18_no_weights,CIFAR10,fp32_fused,layer2.1.conv1,conv,147456,146.72951336144206,0.0009950731971668976,3.281305735056508,1.9283026933115177,-0.03503163885022304,0.00293815082932915,aggregate,3,4.5736260976381
resnet18_no_weights,CIFAR10,fp32_fused,layer2.1.conv2,conv,147456,19.200190852670108,0.00013020962763583786,,,,,42,3,
resnet18_no_weights,CIFAR10,fp32_fused,layer2.1.conv2,conv,147456,26.23434019088745,0.00017791300585183004,,,,,43,3,
resnet18_no_weights,CIFAR10,fp32_fused,layer2.1.conv2,conv,147456,20.572755018870037,0.00013951792411885604,,,,,44,3,
resnet18_no_weights,CIFAR10,fp32_fused,layer2.1.conv2,conv,147456,22.002428687475867,0.00014921351920217467,0.4920393572051362,0.28915343290849815,-0.03503163885022304,0.00293815082932915,aggregate,3,3.7286444355978094
resnet18_no_weights,CIFAR10,fp32_fused,layer3.0.conv1,conv,294912,219.0632700238909,0.0007428089396968957,,,,,42,3,
resnet18_no_weights,CIFAR10,fp32_fused,layer3.0.conv1,conv,294912,241.3972600301107,0.0008185399713477603,,,,,43,3,
resnet18_no_weights,CIFAR10,fp32_fused,layer3.0.conv1,conv,294912,249.79300756039828,0.0008470086248114633,,,,,44,3,
resnet18_no_weights,CIFAR10,fp32_fused,layer3.0.conv1,conv,294912,236.75117920479997,0.0008027858452853731,5.2944563388039185,1.5556786294953429,-0.03503163885022304,0.00293815082932915,aggregate,3,15.882970205290556
resnet18_no_weights,CIFAR10,fp32_fused,layer3.0.conv2,conv,589824,44.51912219707783,7.547865498365246e-05,,,,,42,3,
resnet18_no_weights,CIFAR10,fp32_fused,layer3.0.conv2,conv,589824,43.41892274220785,7.361335371603707e-05,,,,,43,3,
resnet18_no_weights,CIFAR10,fp32_fused,layer3.0.conv2,conv,589824,48.609875428049186,8.241420394566716e-05,,,,,44,3,
resnet18_no_weights,CIFAR10,fp32_fused,layer3.0.conv2,conv,589824,45.51597345577829,7.716873754845223e-05,1.0178717377002635,0.14954144567233477,-0.03503163885022304,0.00293815082932915,aggregate,3,2.735284586773444
resnet18_no_weights,CIFAR10,fp32_fused,layer3.0.downsample.0,conv,32768,17.300957361857098,0.0005279833179277679,,,,,42,3,
resnet18_no_weights,CIFAR10,fp32_fused,layer3.0.downsample.0,conv,32768,15.544130039215087,0.00047436920285690574,,,,,43,3,
resnet18_no_weights,CIFAR10,fp32_fused,layer3.0.downsample.0,conv,32768,17.88329456592428,0.0005457548390479822,,,,,44,3,
resnet18_no_weights,CIFAR10,fp32_fused,layer3.0.downsample.0,conv,32768,16.909460655665487,0.0005160357866108852,0.37814553428981834,1.0,-0.03503163885022304,0.00293815082932915,aggregate,3,1.2177335192778513
resnet18_no_weights,CIFAR10,fp32_fused,layer3.1.conv1,conv,589824,94.05375769199469,0.00015946071657307043,,,,,42,3,
resnet18_no_weights,CIFAR10,fp32_fused,layer3.1.conv1,conv,589824,104.33900622317665,0.00017689854299448083,,,,,43,3,
resnet18_no_weights,CIFAR10,fp32_fused,layer3.1.conv1,conv,589824,105.12715788810483,0.00017823479188385828,,,,,44,3,
resnet18_no_weights,CIFAR10,fp32_fused,layer3.1.conv1,conv,589824,101.17330726775873,0.0001715313504838032,2.262534276622018,0.33240204445965243,-0.03503163885022304,0.00293815082932915,aggregate,3,6.178291461484611
resnet18_no_weights,CIFAR10,fp32_fused,layer3.1.conv2,conv,589824,12.600277570577768,2.1362775286488457e-05,,,,,42,3,
resnet18_no_weights,CIFAR10,fp32_fused,layer3.1.conv2,conv,589824,13.058104419708252,2.2138984544047465e-05,,,,,43,3,
resnet18_no_weights,CIFAR10,fp32_fused,layer3.1.conv2,conv,589824,12.838064760775179,2.176592468393144e-05,,,,,44,3,
resnet18_no_weights,CIFAR10,fp32_fused,layer3.1.conv2,conv,589824,12.8321489170204,2.1755894838155788e-05,0.28696478895010746,0.04215966295872564,-0.03503163885022304,0.00293815082932915,aggregate,3,0.22897074889969016
resnet18_no_weights,CIFAR10,fp32_fused,layer4.0.conv1,conv,1179648,65.23473276410785,5.530016815533773e-05,,,,,42,3,
resnet18_no_weights,CIFAR10,fp32_fused,layer4.0.conv1,conv,1179648,60.384918131726856,5.118892935157509e-05,,,,,43,3,
resnet18_no_weights,CIFAR10,fp32_fused,layer4.0.conv1,conv,1179648,61.38685894012451,5.203828509871123e-05,,,,,44,3,
resnet18_no_weights,CIFAR10,fp32_fused,layer4.0.conv1,conv,1179648,62.33550327865307,5.2842460868541355e-05,1.3940061526819463,0.1024007680079502,-0.03503163885022304,0.00293815082932915,aggregate,3,2.560296868115279
resnet18_no_weights,CIFAR10,fp32_fused,layer4.0.conv2,conv,2359296,23.540345434709028,9.977699040183609e-06,,,,,42,3,
resnet18_no_weights,CIFAR10,fp32_fused,layer4.0.conv2,conv,2359296,24.91529459702341,1.0560478463500726e-05,,,,,43,3,
resnet18_no_weights,CIFAR10,fp32_fused,layer4.0.conv2,conv,2359296,22.745487573011864,9.64079436111953e-06,,,,,44,3,
resnet18_no_weights,CIFAR10,fp32_fused,layer4.0.conv2,conv,2359296,23.733709201581433,1.0059657288267955e-05,0.5307559081551307,0.019494107868633925,-0.03503163885022304,0.00293815082932915,aggregate,3,1.0977512423663096
resnet18_no_weights,CIFAR10,fp32_fused,layer4.0.downsample.0,conv,131072,6.66733881632487,5.086775830325981e-05,,,,,42,3,
resnet18_no_weights,CIFAR10,fp32_fused,layer4.0.downsample.0,conv,131072,6.448394984006882,4.9197349426322035e-05,,,,,43,3,
resnet18_no_weights,CIFAR10,fp32_fused,layer4.0.downsample.0,conv,131072,6.864503737418882,5.237200727400881e-05,,,,,44,3,
resnet18_no_weights,CIFAR10,fp32_fused,layer4.0.downsample.0,conv,131072,6.660079179250212,5.081237166786355e-05,0.14893906144819904,0.09846675945011236,-0.03503163885022304,0.00293815082932915,aggregate,3,0.2081493464182968
resnet18_no_weights,CIFAR10,fp32_fused,layer4.1.conv1,conv,2359296,102.80601119995117,4.357486775714076e-05,,,,,42,3,
resnet18_no_weights,CIFAR10,fp32_fused,layer4.1.conv1,conv,2359296,82.55996786581504,3.499347596309028e-05,,,,,43,3,
resnet18_no_weights,CIFAR10,fp32_fused,layer4.1.conv1,conv,2359296,107.0932804107666,4.539204932775141e-05,,,,,44,3,
resnet18_no_weights,CIFAR10,fp32_fused,layer4.1.conv1,conv,2359296,97.48641982551094,4.132013101599415e-05,2.1800845728670906,0.08007221996630912,-0.03503163885022304,0.00293815082932915,aggregate,3,13.103220802548265
resnet18_no_weights,CIFAR10,fp32_fused,layer4.1.conv2,conv,2359296,2.899915497643607,1.229144413267181e-06,,,,,42,3,
resnet18_no_weights,CIFAR10,fp32_fused,layer4.1.conv2,conv,2359296,2.9227344813170255,1.23881635933644e-06,,,,,43,3,
resnet18_no_weights,CIFAR10,fp32_fused,layer4.1.conv2,conv,2359296,3.2130921770025185,1.3618859935347318e-06,,,,,44,3,
resnet18_no_weights,CIFAR10,fp32_fused,layer4.1.conv2,conv,2359296,3.011914051987717,1.2766155887127841e-06,0.06735530314163546,0.0024738896445478716,-0.03503163885022304,0.00293815082932915,aggregate,3,0.17459855380937517
resnet18_no_weights,CIFAR10,fp32_fused,fc,linear,5120,3.5393687945145826,0.0006912829676786294,,,,,42,3,
resnet18_no_weights,CIFAR10,fp32_fused,fc,linear,5120,3.435704904794693,0.0006710361142177135,,,,,43,3,
resnet18_no_weights,CIFAR10,fp32_fused,fc,linear,5120,3.2100347876548767,0.0006269599194638431,,,,,44,3,
resnet18_no_weights,CIFAR10,fp32_fused,fc,linear,5120,3.395036162321384,0.0006630930004533954,0.07592304625660151,1.2849748363545144,-0.03503163885022304,0.00293815082932915,aggregate,3,0.1683914545911919
resnet18_no_weights,CIFAR10,ptq,conv1,conv,1728,174.5114200298603,0.10099040510987285,,,,,42,3,
resnet18_no_weights,CIFAR10,ptq,conv1,conv,1728,157.25573337439334,0.09100447533240355,,,,,43,3,
resnet18_no_weights,CIFAR10,ptq,conv1,conv,1728,187.8880605061849,0.10873151649663478,,,,,44,3,
resnet18_no_weights,CIFAR10,ptq,conv1,conv,1728,173.21840463681283,0.1002421323129704,3.6417378925086337,166.74597794663313,-0.030823083070226506,0.002511060229972856,aggregate,3,15.357043432323374
resnet18_no_weights,CIFAR10,ptq,layer1.0.conv1,conv,36864,39.92734725387008,0.0010830986125724305,,,,,42,3,
resnet18_no_weights,CIFAR10,ptq,layer1.0.conv1,conv,36864,44.9874772158536,0.0012203634227390843,,,,,43,3,
resnet18_no_weights,CIFAR10,ptq,layer1.0.conv1,conv,36864,48.783131980895995,0.0013233271479192706,,,,,44,3,
resnet18_no_weights,CIFAR10,ptq,layer1.0.conv1,conv,36864,44.56598548353989,0.001208929727743595,0.9369537745869817,2.010972483027275,-0.030823083070226506,0.002511060229972856,aggregate,3,4.442912585586505
resnet18_no_weights,CIFAR10,ptq,layer1.0.conv2,conv,36864,43.59813798268636,0.001182675183992143,,,,,42,3,
resnet18_no_weights,CIFAR10,ptq,layer1.0.conv2,conv,36864,47.61192376273019,0.0012915560916539224,,,,,43,3,
resnet18_no_weights,CIFAR10,ptq,layer1.0.conv2,conv,36864,51.4842312676566,0.0013965991554811359,,,,,44,3,
resnet18_no_weights,CIFAR10,ptq,layer1.0.conv2,conv,36864,47.56476433769105,0.0012902768103757339,1.0,2.146287829315519,-0.030823083070226506,0.002511060229972856,aggregate,3,3.9432581494673515
resnet18_no_weights,CIFAR10,ptq,layer1.1.conv1,conv,36864,262.6958343505859,0.007126080575916502,,,,,42,3,
resnet18_no_weights,CIFAR10,ptq,layer1.1.conv1,conv,36864,238.33297171243808,0.006465195630220217,,,,,43,3,
resnet18_no_weights,CIFAR10,ptq,layer1.1.conv1,conv,36864,260.9557616071003,0.007078878081789831,,,,,44,3,
resnet18_no_weights,CIFAR10,ptq,layer1.1.conv1,conv,36864,253.99485589004144,0.00689005142930885,5.3399792772393075,11.461132531535807,-0.030823083070226506,0.002511060229972856,aggregate,3,13.591465163206369
resnet18_no_weights,CIFAR10,ptq,layer1.1.conv2,conv,36864,30.11627378463745,0.0008169562116058336,,,,,42,3,
resnet18_no_weights,CIFAR10,ptq,layer1.1.conv2,conv,36864,26.940919001897175,0.0007308192003552836,,,,,43,3,
resnet18_no_weights,CIFAR10,ptq,layer1.1.conv2,conv,36864,23.043384275938337,0.0006250918043603065,,,,,44,3,
resnet18_no_weights,CIFAR10,ptq,layer1.1.conv2,conv,36864,26.700192354157654,0.0007242890721071413,0.5613439428522514,1.2048056726037735,-0.030823083070226506,0.002511060229972856,aggregate,3,3.5425842953648154
resnet18_no_weights,CIFAR10,ptq,layer2.0.conv1,conv,73728,201.15087058327416,0.0027282832924163704,,,,,42,3,
resnet18_no_weights,CIFAR10,ptq,layer2.0.conv1,conv,73728,184.53773668077258,0.0025029532427405135,,,,,43,3,
resnet18_no_weights,CIFAR10,ptq,layer2.0.conv1,conv,73728,224.75908975040213,0.0030484902581163482,,,,,44,3,
resnet18_no_weights,CIFAR10,ptq,layer2.0.conv1,conv,73728,203.48256567148294,0.0027599089310910772,4.278010592606684,4.590921034297298,-0.030823083070226506,0.002511060229972856,aggregate,3,20.21180130953776
resnet18_no_weights,CIFAR10,ptq,layer2.0.conv2,conv,147456,51.07257234133207,0.0003463580481047368,,,,,42,3,
resnet18_no_weights,CIFAR10,ptq,layer2.0.conv2,conv,147456,51.36329665007415,0.00034832964850581966,,,,,43,3,
resnet18_no_weights,CIFAR10,ptq,layer2.0.conv2,conv,147456,57.68326791127523,0.00039118969666392166,,,,,44,3,
resnet18_no_weights,CIFAR10,ptq,layer2.0.conv2,conv,147456,53.37304563422715,0.0003619591310914927,1.122113109933639,0.602094427741489,-0.030823083070226506,0.002511060229972856,aggregate,3,3.735591280385817
resnet18_no_weights,CIFAR10,ptq,layer2.0.downsample.0,conv,8192,23.429992883101754,0.002860106553113007,,,,,42,3,
resnet18_no_weights,CIFAR10,ptq,layer2.0.downsample.0,conv,8192,27.39029565350763,0.003343541949891068,,,,,43,3,
resnet18_no_weights,CIFAR10,ptq,layer2.0.downsample.0,conv,8192,23.448150157928467,0.0028623230173252523,,,,,44,3,
resnet18_no_weights,CIFAR10,ptq,layer2.0.downsample.0,conv,8192,24.756146231512616,0.0030219905067764424,0.5204723827864204,5.02687593301204,-0.030823083070226506,0.002511060229972856,aggregate,3,2.281258381837703
resnet18_no_weights,CIFAR10,ptq,layer2.1.conv1,conv,147456,161.40732955932617,0.0010946135088387462,,,,,42,3,
resnet18_no_weights,CIFAR10,ptq,layer2.1.conv1,conv,147456,160.87503945200066,0.0010910036855197528,,,,,43,3,
resnet18_no_weights,CIFAR10,ptq,layer2.1.conv1,conv,147456,153.9335221790132,0.0010439285087009901,,,,,44,3,
resnet18_no_weights,CIFAR10,ptq,layer2.1.conv1,conv,147456,158.73863039678002,0.001076515234353163,3.3373156076165627,1.7907099678030385,-0.030823083070226506,0.002511060229972856,aggregate,3,4.169847950216736
resnet18_no_weights,CIFAR10,ptq,layer2.1.conv2,conv,147456,22.853022978856014,0.00015498198092214635,,,,,42,3,
resnet18_no_weights,CIFAR10,ptq,layer2.1.conv2,conv,147456,25.77048683166504,0.00017476729893436035,,,,,43,3,
resnet18_no_weights,CIFAR10,ptq,layer2.1.conv2,conv,147456,25.253756092440696,0.0001712629943335008,,,,,44,3,
resnet18_no_weights,CIFAR10,ptq,layer2.1.conv2,conv,147456,24.62575530098725,0.00016700409139666918,0.5177310482640912,0.27779996193699613,-0.030823083070226506,0.002511060229972856,aggregate,3,1.5568197001134834
resnet18_no_weights,CIFAR10,ptq,layer3.0.conv1,conv,294912,233.14644792344836,0.0007905627710077866,,,,,42,3,
resnet18_no_weights,CIFAR10,ptq,layer3.0.conv1,conv,294912,308.01131766183033,0.0010444177166810112,,,,,43,3,
resnet18_no_weights,CIFAR10,ptq,layer3.0.conv1,conv,294912,242.27173009412041,0.0008215051611806926,,,,,44,3,
resnet18_no_weights,CIFAR10,ptq,layer3.0.conv1,conv,294912,261.14316522646635,0.00088549521628983,5.490265091454106,1.4729611431879752,-0.030823083070226506,0.002511060229972856,aggregate,3,40.84465054571995
resnet18_no_weights,CIFAR10,ptq,layer3.0.conv2,conv,589824,53.207714374248795,9.020947668160129e-05,,,,,42,3,
resnet18_no_weights,CIFAR10,ptq,layer3.0.conv2,conv,589824,47.37809343338013,8.032581487592931e-05,,,,,43,3,
resnet18_no_weights,CIFAR10,ptq,layer3.0.conv2,conv,589824,54.14331605699327,9.179571542865884e-05,,,,,44,3,
resnet18_no_weights,CIFAR10,ptq,layer3.0.conv2,conv,589824,51.57637462154073,8.744366899539647e-05,1.0843399592052811,0.14545660358017382,-0.030823083070226506,0.002511060229972856,aggregate,3,3.66578931859647
resnet18_no_weights,CIFAR10,ptq,layer3.0.downsample.0,conv,32768,18.395821260851484,0.0005613959125015712,,,,,42,3,
resnet18_no_weights,CIFAR10,ptq,layer3.0.downsample.0,conv,32768,19.015566072965925,0.0005803090232228371,,,,,43,3,
resnet18_no_weights,CIFAR10,ptq,layer3.0.downsample.0,conv,32768,21.68570571899414,0.0006617952184751629,,,,,44,3,
resnet18_no_weights,CIFAR10,ptq,layer3.0.downsample.0,conv,32768,19.69903101760385,0.0006011667180665238,0.414151763220112,1.0,-0.030823083070226506,0.002511060229972856,aggregate,3,1.7481928340128383
resnet18_no_weights,CIFAR10,ptq,layer3.1.conv1,conv,589824,104.94106766671845,0.0001779192906133329,,,,,42,3,
resnet18_no_weights,CIFAR10,ptq,layer3.1.conv1,conv,589824,113.87568028767903,0.0001930672205398204,,,,,43,3,
resnet18_no_weights,CIFAR10,ptq,layer3.1.conv1,conv,589824,112.185212665134,0.00019020116622099812,,,,,44,3,
resnet18_no_weights,CIFAR10,ptq,layer3.1.conv1,conv,589824,110.33398687317717,0.00018706255912471714,2.3196580159600795,0.31116586048933137,-0.030823083070226506,0.002511060229972856,aggregate,3,4.746272576586988
resnet18_no_weights,CIFAR10,ptq,layer3.1.conv2,conv,589824,14.518973064422607,2.4615771932682642e-05,,,,,42,3,
resnet18_no_weights,CIFAR10,ptq,layer3.1.conv2,conv,589824,16.411012560129166,2.7823575439672117e-05,,,,,43,3,
resnet18_no_weights,CIFAR10,ptq,layer3.1.conv2,conv,589824,16.67749991416931,2.8275383697796818e-05,,,,,44,3,
resnet18_no_weights,CIFAR10,ptq,layer3.1.conv2,conv,589824,15.869161846240361,2.6904910356717193e-05,0.3336327230295009,0.04475449080622583,-0.030823083070226506,0.002511060229972856,aggregate,3,1.176864982644871
resnet18_no_weights,CIFAR10,ptq,layer4.0.conv1,conv,1179648,68.31782913208008,5.7913741329684854e-05,,,,,42,3,
resnet18_no_weights,CIFAR10,ptq,layer4.0.conv1,conv,1179648,72.1453391181098,6.115836174698707e-05,,,,,43,3,
resnet18_no_weights,CIFAR10,ptq,layer4.0.conv1,conv,1179648,72.69368126813103,6.16231971470566e-05,,,,,44,3,
resnet18_no_weights,CIFAR10,ptq,layer4.0.conv1,conv,1179648,71.05228317277364,6.0231766741242844e-05,1.4938008032233794,0.10019145260562766,-0.030823083070226506,0.002511060229972856,aggregate,3,2.383925114988194
resnet18_no_weights,CIFAR10,ptq,layer4.0.conv2,conv,2359296,26.793176504281853,1.1356428572032442e-05,,,,,42,3,
resnet18_no_weights,CIFAR10,ptq,layer4.0.conv2,conv,2359296,29.69996789785532,1.2588487369899885e-05,,,,,43,3,
resnet18_no_weights,CIFAR10,ptq,layer4.0.conv2,conv,2359296,26.604648361206056,1.1276519928489709e-05,,,,,44,3,
resnet18_no_weights,CIFAR10,ptq,layer4.0.conv2,conv,2359296,27.699264254447744,1.1740478623474012e-05,0.5823483967626519,0.019529488693641947,-0.030823083070226506,0.002511060229972856,aggregate,3,1.735222468947762
resnet18_no_weights,CIFAR10,ptq,layer4.0.downsample.0,conv,131072,7.831513144753196,5.9749703557992525e-05,,,,,42,3,
resnet18_no_weights,CIFAR10,ptq,layer4.0.downsample.0,conv,131072,7.761677265167236,5.921689808019437e-05,,,,,43,3,
resnet18_no_weights,CIFAR10,ptq,layer4.0.downsample.0,conv,131072,7.5402430806841165,5.752748932406705e-05,,,,,44,3,
resnet18_no_weights,CIFAR10,ptq,layer4.0.downsample.0,conv,131072,7.711144496868183,5.883136365408465e-05,0.16211884163079418,0.09786197719544165,-0.030823083070226506,0.002511060229972856,aggregate,3,0.15206818556054322
resnet18_no_weights,CIFAR10,ptq,layer4.1.conv1,conv,2359296,78.3522367062776,3.321000701322666e-05,,,,,42,3,
resnet18_no_weights,CIFAR10,ptq,layer4.1.conv1,conv,2359296,73.51892970158504,3.116138445603478e-05,,,,,43,3,
resnet18_no_weights,CIFAR10,ptq,layer4.1.conv1,conv,2359296,90.39663682665143,3.8315089258258155e-05,,,,,44,3,
resnet18_no_weights,CIFAR10,ptq,layer4.1.conv1,conv,2359296,80.75593441150468,3.422882690917319e-05,1.6978100393427669,0.05693732849892317,-0.030823083070226506,0.002511060229972856,aggregate,3,8.691810596386965
resnet18_no_weights,CIFAR10,ptq,layer4.1.conv2,conv,2359296,3.4480422536532083,1.4614708174189285e-06,,,,,42,3,
resnet18_no_weights,CIFAR10,ptq,layer4.1.conv2,conv,2359296,3.489123551050822,1.4788833410690401e-06,,,,,43,3,
resnet18_no_weights,CIFAR10,ptq,layer4.1.conv2,conv,2359296,3.3386471763901087,1.4151031394068861e-06,,,,,44,3,
resnet18_no_weights,CIFAR10,ptq,layer4.1.conv2,conv,2359296,3.4252709936980463,1.451819099298285e-06,0.07201278175962303,0.0024150024538411486,-0.030823083070226506,0.002511060229972856,aggregate,3,0.07777970521104473
resnet18_no_weights,CIFAR10,ptq,fc,linear,5120,4.700164924968373,0.0009180009619078854,,,,,42,3,
resnet18_no_weights,CIFAR10,ptq,fc,linear,5120,3.87467917015678,0.0007567732754212461,,,,,43,3,
resnet18_no_weights,CIFAR10,ptq,fc,linear,5120,4.3324321284890175,0.0008461781500955113,,,,,44,3,
resnet18_no_weights,CIFAR10,ptq,fc,linear,5120,4.30242540787139,0.0008403174624748809,0.0904540465569401,1.3978110185099988,-0.030823083070226506,0.002511060229972856,aggregate,3,0.41356013506004724
cnn,CIFAR10,fp32_unfused,conv1,conv,864,63.19738409254286,0.07314512047748016,,,,,42,3,
cnn,CIFAR10,fp32_unfused,conv1,conv,864,63.744211959838864,0.07377802310166535,,,,,43,3,
cnn,CIFAR10,fp32_unfused,conv1,conv,864,62.50732250702687,0.07234643808683666,,,,,44,3,
cnn,CIFAR10,fp32_unfused,conv1,conv,864,63.14963951980287,0.07308986055532739,0.9444172937167686,40.796221991817625,-0.04150696871623679,0.005220185091353746,aggregate,3,0.6198254091185533
cnn,CIFAR10,fp32_unfused,conv2,conv,18432,153.31118202209473,0.00831766395519177,,,,,42,3,
cnn,CIFAR10,fp32_unfused,conv2,conv,18432,162.91243861271784,0.00883856546292957,,,,,43,3,
cnn,CIFAR10,fp32_unfused,conv2,conv,18432,151.26018311547452,0.008206390142983643,,,,,44,3,
cnn,CIFAR10,fp32_unfused,conv2,conv,18432,155.82793458342903,0.008454206520368329,2.3304423807297625,4.718844492917551,-0.04150696871623679,0.005220185091353746,aggregate,3,6.220474028118463
cnn,CIFAR10,fp32_unfused,conv3,conv,73728,202.50636884901257,0.002746668414293248,,,,,42,3,
cnn,CIFAR10,fp32_unfused,conv3,conv,73728,239.1934514199534,0.0032442688180874756,,,,,43,3,
cnn,CIFAR10,fp32_unfused,conv3,conv,73728,239.93605041503906,0.003254340961575508,,,,,44,3,
cnn,CIFAR10,fp32_unfused,conv3,conv,73728,227.21195689466833,0.00308175939798541,3.39800675130162,1.7201310766000526,-0.04150696871623679,0.005220185091353746,aggregate,3,21.39888837832733
cnn,CIFAR10,fp32_unfused,conv4,conv,294912,66.35777733542703,0.00022500873933724985,,,,,42,3,
cnn,CIFAR10,fp32_unfused,conv4,conv,294912,73.72765248616537,0.0002499988216354891,,,,,43,3,
cnn,CIFAR10,fp32_unfused,conv4,conv,294912,71.66313036026493,0.00024299835327238272,,,,,44,3,
cnn,CIFAR10,fp32_unfused,conv4,conv,294912,70.58285339395245,0.00023933530474837391,1.0555827062832313,0.13358865578355938,-0.04150696871623679,0.005220185091353746,aggregate,3,3.8018434577618514
cnn,CIFAR10,fp32_unfused,fc1,linear,1048576,15.619509152003697,1.4895924713138292e-05,,,,,42,3,
cnn,CIFAR10,fp32_unfused,fc1,linear,1048576,11.955653710798783,1.1401799879835876e-05,,,,,43,3,
cnn,CIFAR10,fp32_unfused,fc1,linear,1048576,13.003812265396117,1.2401401772876852e-05,,,,,44,3,
cnn,CIFAR10,fp32_unfused,fc1,linear,1048576,13.526325042732866,1.2899708788617006e-05,0.2022892828514915,0.007200169481399593,-0.04150696871623679,0.005220185091353746,aggregate,3,1.8869880432508936
cnn,CIFAR10,fp32_unfused,fc2,linear,10240,5.261691226678736,0.0005138370338553453,,,,,42,3,
cnn,CIFAR10,fp32_unfused,fc2,linear,10240,5.486659589566682,0.0005358066005436213,,,,,43,3,
cnn,CIFAR10,fp32_unfused,fc2,linear,10240,4.654924411040086,0.00045458246201563336,,,,,44,3,
cnn,CIFAR10,fp32_unfused,fc2,linear,10240,5.134425075761834,0.0005014086988048667,0.07678650063112258,0.27986892339994746,-0.04150696871623679,0.005220185091353746,aggregate,3,0.4302247745964543
cnn,CIFAR10,fp32_fused,conv1,conv,864,482.27875264485675,0.558193000746362,,,,,42,3,
cnn,CIFAR10,fp32_fused,conv1,conv,864,441.9755430359771,0.5115457674027513,,,,,43,3,
cnn,CIFAR10,fp32_fused,conv1,conv,864,457.1316223144531,0.5290875258269133,,,,,44,3,
cnn,CIFAR10,fp32_fused,conv1,conv,864,460.4619726650957,0.5329420979920089,2.492647520864339,204.89785114601446,-0.38247774051581035,0.2008675813261239,aggregate,3,20.356954617227018
cnn,CIFAR10,fp32_fused,conv2,conv,18432,1007.4943190864894,0.05466006505460555,,,,,42,3,
cnn,CIFAR10,fp32_fused,conv2,conv,18432,863.1949031435211,0.046831320700060824,,,,,43,3,
cnn,CIFAR10,fp32_fused,conv2,conv,18432,913.976639811198,0.04958640623975683,,,,,44,3,
cnn,CIFAR10,fp32_fused,conv2,conv,18432,928.2219540137362,0.05035926399814107,5.024801807394896,19.361399704379657,-0.38247774051581035,0.2008675813261239,aggregate,3,73.1968379980804
cnn,CIFAR10,fp32_fused,conv3,conv,73728,361.56700226754856,0.004904066328498651,,,,,42,3,
cnn,CIFAR10,fp32_fused,conv3,conv,73728,313.08177795410154,0.004246443385879198,,,,,43,3,
cnn,CIFAR10,fp32_fused,conv3,conv,73728,363.99730224609374,0.004937029381593069,,,,,44,3,
cnn,CIFAR10,fp32_fused,conv3,conv,73728,346.21536082258126,0.0046958463653236394,1.8741892101201458,1.8053909293182975,-0.38247774051581035,0.2008675813261239,aggregate,3,28.72024242190932
cnn,CIFAR10,fp32_fused,conv4,conv,294912,22.506451076931423,7.63158198951939e-05,,,,,42,3,
cnn,CIFAR10,fp32_fused,conv4,conv,294912,23.23254895210266,7.877790307651999e-05,,,,,43,3,
cnn,CIFAR10,fp32_fused,conv4,conv,294912,23.983354221690785,8.132376512888857e-05,,,,,44,3,
cnn,CIFAR10,fp32_fused,conv4,conv,294912,23.240784750241623,7.880582936686749e-05,0.1258107898798542,0.03029812273394988,-0.38247774051581035,0.2008675813261239,aggregate,3,0.738486016135893
cnn,CIFAR10,fp32_fused,fc1,linear,1048576,13.126631070982736,1.2518530913336502e-05,,,,,42,3,
cnn,CIFAR10,fp32_fused,fc1,linear,1048576,13.609876737362,1.297938989387703e-05,,,,,43,3,
cnn,CIFAR10,fp32_fused,fc1,linear,1048576,13.209540510177613,1.2597599516084302e-05,,,,,44,3,
cnn,CIFAR10,fp32_fused,fc1,linear,1048576,13.31534943950745,1.2698506774432612e-05,0.07208081175026974,0.004882137779409131,-0.38247774051581035,0.2008675813261239,aggregate,3,0.258414861536696
cnn,CIFAR10,fp32_fused,fc2,linear,10240,5.551464462981505,0.0005421352014630376,,,,,42,3,
cnn,CIFAR10,fp32_fused,fc2,linear,10240,5.530265701228175,0.000540065009885564,,,,,43,3,
cnn,CIFAR10,fp32_fused,fc2,linear,10240,4.468145242104163,0.0004363423087992347,,,,,44,3,
cnn,CIFAR10,fp32_fused,fc2,linear,10240,5.183291802104614,0.0005061808400492788,0.028059036853038052,0.19460907068170252,-0.38247774051581035,0.2008675813261239,aggregate,3,0.6194257813373026
cnn,CIFAR10,ptq,conv1,conv,864,590.6942986382378,0.6836739567572196,,,,,42,3,
cnn,CIFAR10,ptq,conv1,conv,864,503.4410404406096,0.5826863893988536,,,,,43,3,
cnn,CIFAR10,ptq,conv1,conv,864,496.2159194946289,0.5743239808965612,,,,,44,3,
cnn,CIFAR10,ptq,conv1,conv,864,530.1170861911587,0.6135614423508782,2.035243576537539,170.46158583182338,-0.3340065561713065,0.1605938195443658,aggregate,3,52.58564056912231
cnn,CIFAR10,ptq,conv2,conv,18432,1312.3289152446546,0.07119840034964489,,,,,42,3,
cnn,CIFAR10,ptq,conv2,conv,18432,1212.4820251464844,0.06578135987122853,,,,,43,3,
cnn,CIFAR10,ptq,conv2,conv,18432,1287.2789916992188,0.0698393550184038,,,,,44,3,
cnn,CIFAR10,ptq,conv2,conv,18432,1270.6966440301192,0.06893970507975906,4.878501843944602,19.15304750840838,-0.3340065561713065,0.1605938195443658,aggregate,3,51.94786863994698
cnn,CIFAR10,ptq,conv3,conv,73728,480.0667290938528,0.006511321737926606,,,,,42,3,
cnn,CIFAR10,ptq,conv3,conv,73728,432.89906932689524,0.0058715694081881405,,,,,43,3,
cnn,CIFAR10,ptq,conv3,conv,73728,534.706064860026,0.007252415159234294,,,,,44,3,
cnn,CIFAR10,ptq,conv3,conv,73728,482.557287760258,0.006545102101783013,1.8526503782058659,1.8183810237917502,-0.3340065561713065,0.1605938195443658,aggregate,3,50.949173170168635
cnn,CIFAR10,ptq,conv4,conv,294912,38.74027654859755,0.000131362157350659,,,,,42,3,
cnn,CIFAR10,ptq,conv4,conv,294912,38.8006882023167,0.0001315670037242184,,,,,43,3,
cnn,CIFAR10,ptq,conv4,conv,294912,37.59889328479767,0.00012749190702581673,,,,,44,3,
cnn,CIFAR10,ptq,conv4,conv,294912,38.37995267857064,0.00013014035603356472,0.14734962179413405,0.03615600645503599,-0.3340065561713065,0.1605938195443658,aggregate,3,0.6770913708112228
cnn,CIFAR10,ptq,fc1,linear,1048576,19.87142276763916,1.895086552394787e-05,,,,,42,3,
cnn,CIFAR10,ptq,fc1,linear,1048576,20.21123480796814,1.927493553921522e-05,,,,,43,3,
cnn,CIFAR10,ptq,fc1,linear,1048576,22.28910726659438,2.1256549135774976e-05,,,,,44,3,
cnn,CIFAR10,ptq,fc1,linear,1048576,20.790588280733893,1.9827450066312688e-05,0.07981993478991924,0.005508525060432548,-0.3340065561713065,0.1605938195443658,aggregate,3,1.308830553939812
cnn,CIFAR10,ptq,fc2,linear,10240,7.325283301504035,0.0007153596974125034,,,,,42,3,
cnn,CIFAR10,ptq,fc2,linear,10240,6.1746867825003235,0.0006029967561035472,,,,,43,3,
cnn,CIFAR10,ptq,fc2,linear,10240,6.582353930724294,0.0006428080010472943,,,,,44,3,
cnn,CIFAR10,ptq,fc2,linear,10240,6.694108004909551,0.0006537214848544484,0.025700247497263004,0.18161897620824982,-0.3340065561713065,0.1605938195443658,aggregate,3,0.5833822222253754
