model,dataset,variant,layer,tr_A,tr_G,A_per_infan,G_per_outfan,predicted_per_param,measured_per_param,seed,n_seeds,metric_std
resnet50_no_weights,CIFAR10,fp32_unfused,conv1,42.071197509765625,2.4471984261253965e-07,1.5581925003616899,4.2486083786899243e-10,6.620149712648479e-10,,42,3,
resnet50_no_weights,CIFAR10,fp32_unfused,conv1,39.1317138671875,2.250889536981049e-07,1.4493227358217593,3.907794335036543e-10,5.663655176683935e-10,,43,3,
resnet50_no_weights,CIFAR10,fp32_unfused,conv1,38.804786682128906,2.017318223579423e-07,1.43721432156033,3.5022885826031647e-10,5.033539309154496e-10,,44,3,
resnet50_no_weights,CIFAR10,fp32_unfused,conv1,40.00256601969401,2.2384687288952895e-07,1.4815765192479264,3.8862304321098775e-10,5.757747756600718e-10,0.00862510293948852,aggregate,3,1.7989295504186693
resnet50_no_weights,CIFAR10,fp32_unfused,fc,33.89069747924805,5.8754609199240804e-05,0.016548192128539085,5.87546091992408e-06,9.722825614662668e-08,,42,3,
resnet50_no_weights,CIFAR10,fp32_unfused,fc,35.57790756225586,5.903185228817165e-05,0.017372025176882744,5.903185228817165e-06,1.0255028241881411e-07,,43,3,
resnet50_no_weights,CIFAR10,fp32_unfused,fc,37.3681526184082,6.410406058421358e-05,0.01824616827070713,6.4104060584213585e-06,1.1696534762551655e-07,,44,3,
resnet50_no_weights,CIFAR10,fp32_unfused,fc,35.61225255330404,6.063017402387535e-05,0.017388795192042988,6.063017402387534e-06,1.0542856785590931e-07,0.0003110826945576687,aggregate,3,1.7389819564979447
resnet50_no_weights,CIFAR10,fp32_unfused,layer1.0.conv1,6.513998508453369,3.26768727632043e-08,0.10178122669458389,5.105761369250672e-10,5.196706553721517e-11,,42,3,
resnet50_no_weights,CIFAR10,fp32_unfused,layer1.0.conv1,6.181063175201416,2.9659796396686033e-08,0.09657911211252213,4.6343431869821927e-10,4.475807502234563e-11,,43,3,
resnet50_no_weights,CIFAR10,fp32_unfused,layer1.0.conv1,6.212459087371826,3.003107451604592e-08,0.09706967324018478,4.692355393132175e-10,4.55485404738159e-11,,44,3,
resnet50_no_weights,CIFAR10,fp32_unfused,layer1.0.conv1,6.302506923675537,3.0789247891978753e-08,0.09847667068243027,4.81081998312168e-10,4.737535351903284e-11,0.000264757333998024,aggregate,3,0.18382857136237613
resnet50_no_weights,CIFAR10,fp32_unfused,layer1.0.conv2,11.296294212341309,1.1198212490626247e-07,0.019611621896425884,1.9441341129559456e-10,3.812762313923534e-12,,42,3,
resnet50_no_weights,CIFAR10,fp32_unfused,layer1.0.conv2,10.42625617980957,1.0269311445654239e-07,0.018101139201058283,1.7828665704260832e-10,3.2271915968195913e-12,,43,3,
resnet50_no_weights,CIFAR10,fp32_unfused,layer1.0.conv2,10.810166358947754,9.917287258076612e-08,0.01876764992872874,1.7217512600827453e-10,3.2313224913580554e-12,,44,3,
resnet50_no_weights,CIFAR10,fp32_unfused,layer1.0.conv2,10.844238917032877,1.0461603731452367e-07,0.0188268036754043,1.8162506478215913e-10,3.419419437186298e-12,3.335568922141442e-05,aggregate,3,0.4360186336887136
resnet50_no_weights,CIFAR10,fp32_unfused,layer1.0.conv3,0.680549144744873,1.5337194554376765e-06,0.010633580386638641,5.991091622803424e-09,6.370675437479756e-11,,42,3,
resnet50_no_weights,CIFAR10,fp32_unfused,layer1.0.conv3,0.6255354881286621,1.3919595858169487e-06,0.009773992002010345,5.437342132097456e-09,5.314453851131441e-11,,43,3,
resnet50_no_weights,CIFAR10,fp32_unfused,layer1.0.conv3,0.63880854845047,1.2623349903151393e-06,0.009981383569538593,4.930996055918513e-09,4.921816301400465e-11,,44,3,
resnet50_no_weights,CIFAR10,fp32_unfused,layer1.0.conv3,0.6482977271080017,1.3960046771899215e-06,0.010129651986062527,5.453143270273131e-09,5.523844355800572e-11,5.5529422610579e-05,aggregate,3,0.028708169347199924
resnet50_no_weights,CIFAR10,fp32_unfused,layer1.0.downsample.0,6.513998508453369,1.5856829804761219e-06,0.10178122669458389,6.194074142484851e-09,6.30440464459311e-10,,42,3,
resnet50_no_weights,CIFAR10,fp32_unfused,layer1.0.downsample.0,6.181063175201416,1.4421477771975333e-06,0.09657911211252213,5.633389754677864e-09,5.44067780690567e-10,,43,3,
resnet50_no_weights,CIFAR10,fp32_unfused,layer1.0.downsample.0,6.212459087371826,1.3244963383840513e-06,0.09706967324018478,5.1738138218127006e-09,5.022204170889105e-10,,44,3,
resnet50_no_weights,CIFAR10,fp32_unfused,layer1.0.downsample.0,6.302506923675537,1.4507756986859022e-06,0.09847667068243027,5.667092572991805e-09,5.580764090373604e-10,0.0007232566566437947,aggregate,3,0.18382857136237613
resnet50_no_weights,CIFAR10,fp32_unfused,layer1.1.conv1,9.069820404052734,2.4161954215173864e-08,0.035428985953330994,3.7753053461209163e-10,1.3375524007725335e-11,,42,3,
resnet50_no_weights,CIFAR10,fp32_unfused,layer1.1.conv1,8.675868034362793,2.1542975403576747e-08,0.03389010950922966,3.366089906808867e-10,1.1407715555966516e-11,,43,3,
resnet50_no_weights,CIFAR10,fp32_unfused,layer1.1.conv1,8.821026802062988,1.8487401831634998e-08,0.03445713594555855,2.8886565361929684e-10,9.953483096762738e-12,,44,3,
resnet50_no_weights,CIFAR10,fp32_unfused,layer1.1.conv1,8.855571746826172,2.1397443816795203e-08,0.034592077136039734,3.3433505963742505e-10,1.1565344172260252e-11,5.7716516588236714e-05,aggregate,3,0.1992351181458696
resnet50_no_weights,CIFAR10,fp32_unfused,layer1.1.conv2,7.847474098205566,1.174261612391092e-07,0.01362408697605133,2.0386486326234238e-10,2.777472628446964e-12,,42,3,
resnet50_no_weights,CIFAR10,fp32_unfused,layer1.1.conv2,7.543307781219482,1.0368119518489038e-07,0.013096020453506045,1.8000207497376802e-10,2.3573108555299947e-12,,43,3,
resnet50_no_weights,CIFAR10,fp32_unfused,layer1.1.conv2,7.87661600112915,9.026854996818656e-08,0.013674680557515886,1.5671623258365722e-10,2.143044418758875e-12,,44,3,
resnet50_no_weights,CIFAR10,fp32_unfused,layer1.1.conv2,7.755799293518066,1.0379196879739538e-07,0.013464929329024421,1.8019439027325587e-10,2.426304730516036e-12,2.722100489346063e-05,aggregate,3,0.18459901063035616
resnet50_no_weights,CIFAR10,fp32_unfused,layer1.1.conv3,0.5143020153045654,3.002705625476665e-06,0.008035968989133835,1.1729318849518222e-08,9.425644253839138e-11,,42,3,
resnet50_no_weights,CIFAR10,fp32_unfused,layer1.1.conv3,0.4845752716064453,2.7346820843376918e-06,0.007571488618850708,1.0682351891944109e-08,8.088130577241315e-11,,43,3,
resnet50_no_weights,CIFAR10,fp32_unfused,layer1.1.conv3,0.4963550269603729,2.4788189421087736e-06,0.007755547296255827,9.682886492612397e-09,7.509608415773214e-11,,44,3,
resnet50_no_weights,CIFAR10,fp32_unfused,layer1.1.conv3,0.49841077129046124,2.7387355506410436e-06,0.007787668301413457,1.0698185744691576e-08,8.33139220065679e-11,8.173423843168125e-05,aggregate,3,0.014969615435489607
resnet50_no_weights,CIFAR10,fp32_unfused,layer1.2.conv1,10.323356628417969,1.306240022813654e-07,0.04032561182975769,2.0410000356463343e-09,8.230457518199568e-11,,42,3,
resnet50_no_weights,CIFAR10,fp32_unfused,layer1.2.conv1,9.906867027282715,1.2200767685044411e-07,0.038698699325323105,1.9063699507881893e-09,7.377403752838314e-11,,43,3,
resnet50_no_weights,CIFAR10,fp32_unfused,layer1.2.conv1,10.056517601013184,1.0587262977423961e-07,0.03928327187895775,1.654259840222494e-09,6.498473906190143e-11,,44,3,
resnet50_no_weights,CIFAR10,fp32_unfused,layer1.2.conv1,10.095580418904623,1.1950143630201637e-07,0.039435861011346184,1.867209942219006e-09,7.363503176035246e-11,0.0001405855229215434,aggregate,3,0.21097470172905922
resnet50_no_weights,CIFAR10,fp32_unfused,layer1.2.conv2,5.006545543670654,3.1755132567923283e-07,0.008691919346650442,5.513043848597792e-10,4.791893248655936e-12,,42,3,
resnet50_no_weights,CIFAR10,fp32_unfused,layer1.2.conv2,4.768013954162598,2.9213697416707873e-07,0.00827780200375451,5.071822468178451e-10,4.198354218977472e-12,,43,3,
resnet50_no_weights,CIFAR10,fp32_unfused,layer1.2.conv2,4.926181316375732,2.5537647729834134e-07,0.00855239811870787,4.4336193975406485e-10,3.7918078194593356e-12,,44,3,
resnet50_no_weights,CIFAR10,fp32_unfused,layer1.2.conv2,4.900246938069661,2.883549257148843e-07,0.00850737315637094,5.006161904772297e-10,4.258928740510666e-12,0.00011390383531424624,aggregate,3,0.12136215959639896
resnet50_no_weights,CIFAR10,fp32_unfused,layer1.2.conv3,0.5234291553497314,1.6357240610886947e-06,0.008178580552339554,6.389547113627714e-09,5.225742576177295e-11,,42,3,
resnet50_no_weights,CIFAR10,fp32_unfused,layer1.2.conv3,0.5111770033836365,1.4621813306803233e-06,0.00798714067786932,5.711645822970013e-09,4.561971869022618e-11,,43,3,
resnet50_no_weights,CIFAR10,fp32_unfused,layer1.2.conv3,0.5279240012168884,1.3398866940406151e-06,0.008248812519013882,5.233932398596153e-09,4.31737270932123e-11,,44,3,
resnet50_no_weights,CIFAR10,fp32_unfused,layer1.2.conv3,0.5208433866500854,1.479264028603211e-06,0.008138177916407585,5.778375111731293e-09,4.702544472701082e-11,0.00011698907511089113,aggregate,3,0.008667764067669823
resnet50_no_weights,CIFAR10,fp32_unfused,layer2.0.conv1,11.46397876739502,1.7500074989129644e-07,0.044781167060136795,1.3671933585257534e-09,6.122451419165126e-11,,42,3,
resnet50_no_weights,CIFAR10,fp32_unfused,layer2.0.conv1,11.028532981872559,1.5206812520318636e-07,0.04308020696043968,1.1880322281498934e-09,5.11806742643697e-11,,43,3,
resnet50_no_weights,CIFAR10,fp32_unfused,layer2.0.conv1,11.208373069763184,1.3810161192395753e-07,0.043782707303762436,1.0789188431559182e-09,4.723798791440954e-11,,44,3,
resnet50_no_weights,CIFAR10,fp32_unfused,layer2.0.conv1,11.233628273010254,1.5505682900614678e-07,0.043881360441446304,1.2113814766105218e-09,5.315706720723776e-11,0.0001717070745856134,aggregate,3,0.21881870806813203
resnet50_no_weights,CIFAR10,fp32_unfused,layer2.0.conv2,7.905312538146973,1.999261485252646e-06,0.006862250467141469,1.7354700392818105e-09,1.1909230087771628e-11,,42,3,
resnet50_no_weights,CIFAR10,fp32_unfused,layer2.0.conv2,7.771280765533447,1.6985607089736732e-06,0.00674590344230334,1.4744450598729801e-09,9.946464004884291e-12,,43,3,
resnet50_no_weights,CIFAR10,fp32_unfused,layer2.0.conv2,7.9346923828125,1.5362431895482587e-06,0.006887753804524739,1.3335444353717523e-09,9.185125758234581e-12,,44,3,
resnet50_no_weights,CIFAR10,fp32_unfused,layer2.0.conv2,7.870428562164307,1.7446884612581925e-06,0.006831969237989849,1.5144865115088477e-09,1.0346925257979008e-11,0.00027789198935031874,aggregate,3,0.08711204279953672
resnet50_no_weights,CIFAR10,fp32_unfused,layer2.0.conv3,1.7892284393310547,5.8468576753512025e-06,0.013978347182273865,1.1419643897170317e-08,1.5962774709258164e-10,,42,3,
resnet50_no_weights,CIFAR10,fp32_unfused,layer2.0.conv3,1.7550369501113892,5.041065833211178e-06,0.013711226172745228,9.845831705490582e-09,1.3499842537276725e-10,,43,3,
resnet50_no_weights,CIFAR10,fp32_unfused,layer2.0.conv3,1.8098385334014893,4.691849881055532e-06,0.014139363542199135,9.163769298936586e-09,1.295698655345077e-10,,44,3,
resnet50_no_weights,CIFAR10,fp32_unfused,layer2.0.conv3,1.7847013076146443,5.193257796539304e-06,0.013942978965739409,1.0143081633865828e-08,1.4142477386876895e-10,0.00042056017861923995,aggregate,3,0.027679858633286782
resnet50_no_weights,CIFAR10,fp32_unfused,layer2.0.downsample.0,11.597545623779297,1.628814970899839e-06,0.04530291259288788,3.181279240038748e-09,1.4412121534504417e-10,,42,3,
resnet50_no_weights,CIFAR10,fp32_unfused,layer2.0.downsample.0,11.1340913772583,1.4469723055299255e-06,0.04349254444241524,2.8261177842381358e-09,1.229150533304772e-10,,43,3,
resnet50_no_weights,CIFAR10,fp32_unfused,layer2.0.downsample.0,11.331294059753418,1.3933703257862362e-06,0.04426286742091179,2.7214264175512426e-09,1.2045813671583758e-10,,44,3,
resnet50_no_weights,CIFAR10,fp32_unfused,layer2.0.downsample.0,11.354310353597006,1.4897192007386668e-06,0.044352774818738304,2.9096078139427086e-09,1.2904918018264236e-10,0.0001469494109322248,aggregate,3,0.23258282823825757
resnet50_no_weights,CIFAR10,fp32_unfused,layer2.1.conv1,11.793773651123047,3.4579448993099504e-07,0.0230347141623497,2.7015194525858988e-09,6.222872839434361e-11,,42,3,
resnet50_no_weights,CIFAR10,fp32_unfused,layer2.1.conv1,11.469194412231445,3.326633759570541e-07,0.02240077033638954,2.598932624664485e-09,5.821809284485921e-11,,43,3,
resnet50_no_weights,CIFAR10,fp32_unfused,layer2.1.conv1,11.799844741821289,3.1162721825239714e-07,0.023046571761369705,2.4345876425968527e-09,5.6108898814452265e-11,,44,3,
resnet50_no_weights,CIFAR10,fp32_unfused,layer2.1.conv1,11.687604268391928,3.3002836138014874e-07,0.022827352086702984,2.578346573282412e-09,5.885682502986175e-11,6.350046154914184e-05,aggregate,3,0.18917284024562914
resnet50_no_weights,CIFAR10,fp32_unfused,layer2.1.conv2,7.549734592437744,1.225942583005235e-06,0.006553589055935542,1.0641862699698221e-09,6.9742394923510925e-12,,42,3,
resnet50_no_weights,CIFAR10,fp32_unfused,layer2.1.conv2,7.057074069976807,1.1723616353265243e-06,0.006125932352410423,1.0176750306653857e-09,6.234208394593355e-12,,43,3,
resnet50_no_weights,CIFAR10,fp32_unfused,layer2.1.conv2,7.130702495574951,1.0196273478868534e-06,0.0061898459162977,8.850931839295603e-10,5.478590430089318e-12,,44,3,
resnet50_no_weights,CIFAR10,fp32_unfused,layer2.1.conv2,7.245837052663167,1.139310522072871e-06,0.006289789108214555,9.88984828188256e-10,6.220506000527935e-12,4.937756354498509e-05,aggregate,3,0.2657453146807969
resnet50_no_weights,CIFAR10,fp32_unfused,layer2.1.conv3,0.8351925015449524,6.549424142576754e-06,0.006524941418319941,1.2791844028470223e-08,8.346603291805396e-11,,42,3,
resnet50_no_weights,CIFAR10,fp32_unfused,layer2.1.conv3,0.8095403909683228,5.804483862448251e-06,0.0063245343044400215,1.133688254384424e-08,7.170050255395015e-11,,43,3,
resnet50_no_weights,CIFAR10,fp32_unfused,layer2.1.conv3,0.804975152015686,5.384074029279873e-06,0.006288868375122547,1.0515769588437252e-08,6.613229080479847e-11,,44,3,
resnet50_no_weights,CIFAR10,fp32_unfused,layer2.1.conv3,0.8165693481763204,5.912660678101626e-06,0.006379448032627503,1.1548165386917239e-08,7.36709209580262e-11,0.00010969530787626096,aggregate,3,0.016288853020313
resnet50_no_weights,CIFAR10,fp32_unfused,layer2.2.conv1,14.555304527282715,2.68815625759089e-07,0.028428329154849052,2.100122076242883e-09,5.970296164879767e-11,,42,3,
resnet50_no_weights,CIFAR10,fp32_unfused,layer2.2.conv1,14.171835899353027,2.2947547506646515e-07,0.02767936699092388,1.792777148956759e-09,4.962293663891634e-11,,43,3,
resnet50_no_weights,CIFAR10,fp32_unfused,layer2.2.conv1,14.500999450683594,2.2736237781373347e-07,0.028322264552116394,1.7762685766697928e-09,5.030794854405311e-11,,44,3,
resnet50_no_weights,CIFAR10,fp32_unfused,layer2.2.conv1,14.409379959106445,2.4188449287976255e-07,0.028143320232629776,1.889722600623145e-09,5.318306830017511e-11,0.00012983073674538545,aggregate,3,0.20750336281422202
resnet50_no_weights,CIFAR10,fp32_unfused,layer2.2.conv2,6.5051164627075195,9.323053973275819e-07,0.005646802484989166,8.09292879624637e-10,4.569917043748439e-12,,42,3,
resnet50_no_weights,CIFAR10,fp32_unfused,layer2.2.conv2,6.5403032302856445,8.135069151649077e-07,0.005677346554067399,7.061691971917602e-10,4.0091672582651814e-12,,43,3,
resnet50_no_weights,CIFAR10,fp32_unfused,layer2.2.conv2,6.531907558441162,7.892438702583604e-07,0.005670058644480175,6.851075262659378e-10,3.88459985170261e-12,,44,3,
resnet50_no_weights,CIFAR10,fp32_unfused,layer2.2.conv2,6.525775750478108,8.450187275836166e-07,0.005664735894512247,7.33523201027445e-10,4.15521520631769e-12,8.575338495318313e-05,aggregate,3,0.018377335356930036
resnet50_no_weights,CIFAR10,fp32_unfused,layer2.2.conv3,0.5201768279075623,6.414431936718756e-06,0.00406388146802783,1.2528187376403821e-08,5.091306850694769e-11,,42,3,
resnet50_no_weights,CIFAR10,fp32_unfused,layer2.2.conv3,0.5152969360351562,5.477828835864784e-06,0.004025757312774658,1.0698884445048407e-08,4.3071112293184664e-11,,43,3,
resnet50_no_weights,CIFAR10,fp32_unfused,layer2.2.conv3,0.5223613381385803,5.190318915992975e-06,0.004080947954207659,1.013734163279878e-08,4.136996359747431e-11,,44,3,
resnet50_no_weights,CIFAR10,fp32_unfused,layer2.2.conv3,0.519278367360433,5.6941932295255055e-06,0.004056862245003383,1.1121471151417003e-08,4.511827642307794e-11,7.105591314677251e-05,aggregate,3,0.003616886476760992
resnet50_no_weights,CIFAR10,fp32_unfused,layer2.3.conv1,16.929100036621094,1.603270476380203e-07,0.033064648509025574,1.2525550596720336e-09,4.1415292786257345e-11,,42,3,
resnet50_no_weights,CIFAR10,fp32_unfused,layer2.3.conv1,16.472803115844727,1.4606210640977224e-07,0.03217344358563423,1.1411102063263456e-09,3.671344484823212e-11,,43,3,
resnet50_no_weights,CIFAR10,fp32_unfused,layer2.3.conv1,16.830341339111328,1.3481427174610872e-07,0.03287176042795181,1.0532364980164743e-09,3.462173783677249e-11,,44,3,
resnet50_no_weights,CIFAR10,fp32_unfused,layer2.3.conv1,16.744081497192383,1.470678085979671e-07,0.03270328417420387,1.1489672546716179e-09,3.757500263638079e-11,6.887254300571025e-05,aggregate,3,0.24006726187343758
resnet50_no_weights,CIFAR10,fp32_unfused,layer2.3.conv2,3.1719677448272705,7.569892090941721e-07,0.002753444222940339,6.571086884498022e-10,1.8093121220560108e-12,,42,3,
resnet50_no_weights,CIFAR10,fp32_unfused,layer2.3.conv2,3.2255043983459473,6.609949991798203e-07,0.0027999170124530792,5.737803812324829e-10,1.6065374508246422e-12,,43,3,
resnet50_no_weights,CIFAR10,fp32_unfused,layer2.3.conv2,3.2642815113067627,6.194458705977013e-07,0.0028335777007871205,5.377134293382824e-10,1.523652782786728e-12,,44,3,
resnet50_no_weights,CIFAR10,fp32_unfused,layer2.3.conv2,3.2205845514933267,6.791433596238979e-07,0.0027956463120601795,5.895341663401891e-10,1.648129017962422e-12,2.0149847752743527e-05,aggregate,3,0.0463531179123636
resnet50_no_weights,CIFAR10,fp32_unfused,layer2.3.conv3,0.2218071073293686,5.510698429134209e-06,0.0017328680260106921,1.0763082869402751e-08,1.8651002165691442e-11,,42,3,
resnet50_no_weights,CIFAR10,fp32_unfused,layer2.3.conv3,0.21955755352973938,4.739131782116601e-06,0.001715293386951089,9.256116761946487e-09,1.5876955870613935e-11,,43,3,
resnet50_no_weights,CIFAR10,fp32_unfused,layer2.3.conv3,0.22367699444293976,4.472175533010159e-06,0.0017474765190854669,8.734717837910466e-09,1.5263714322585517e-11,,44,3,
resnet50_no_weights,CIFAR10,fp32_unfused,layer2.3.conv3,0.22168055176734924,4.90733524808699e-06,0.001731879310682416,9.584639156419902e-09,1.6599438255360192e-11,2.9596029435514555e-05,aggregate,3,0.0020626343815727055
resnet50_no_weights,CIFAR10,fp32_unfused,layer3.0.conv1,18.138214111328125,5.876724458175886e-07,0.035426199436187744,2.2955954914749555e-09,8.13242237058052e-11,,42,3,
resnet50_no_weights,CIFAR10,fp32_unfused,layer3.0.conv1,17.71388816833496,4.980494168194127e-07,0.03459743782877922,1.945505534450831e-09,6.730950677370851e-11,,43,3,
resnet50_no_weights,CIFAR10,fp32_unfused,layer3.0.conv1,18.070463180541992,4.665741641929344e-07,0.03529387339949608,1.82255532887865e-09,6.432503704102001e-11,,44,3,
resnet50_no_weights,CIFAR10,fp32_unfused,layer3.0.conv1,17.974188486735027,5.174320089433119e-07,0.03510583688815435,2.021218784934812e-09,7.095657697919504e-11,0.00018748425127004912,aggregate,3,0.2279577569967258
resnet50_no_weights,CIFAR10,fp32_unfused,layer3.0.conv2,18.13483238220215,3.955046850023791e-06,0.007871020999219682,1.716600195322826e-09,1.3511396184650572e-11,,42,3,
resnet50_no_weights,CIFAR10,fp32_unfused,layer3.0.conv2,17.698806762695312,3.3850119507405907e-06,0.007681773768530952,1.4691892147311592e-09,1.1285979170730406e-11,,43,3,
resnet50_no_weights,CIFAR10,fp32_unfused,layer3.0.conv2,18.606021881103516,3.2350330911867786e-06,0.008075530330340067,1.4040942236053726e-09,1.1338805489380474e-11,,44,3,
resnet50_no_weights,CIFAR10,fp32_unfused,layer3.0.conv2,18.14655367533366,3.5250306306503867e-06,0.007876108366030234,1.529961211219786e-09,1.2050140295389906e-11,4.5609982083121237e-05,aggregate,3,0.4537211250334379
resnet50_no_weights,CIFAR10,fp32_unfused,layer3.0.conv3,3.2577779293060303,1.1226911738049239e-05,0.01272569503635168,1.096378099418871e-08,1.3952173337739416e-10,,42,3,
resnet50_no_weights,CIFAR10,fp32_unfused,layer3.0.conv3,3.1781747341156006,9.868445886240806e-06,0.012414745055139065,9.637154185782038e-09,1.196428122735503e-10,,43,3,
resnet50_no_weights,CIFAR10,fp32_unfused,layer3.0.conv3,3.433750629425049,9.444181159778964e-06,0.013413088396191597,9.222833163846644e-09,1.2370667649000246e-10,,44,3,
resnet50_no_weights,CIFAR10,fp32_unfused,layer3.0.conv3,3.28990109761556,1.0179846261356337e-05,0.012851176162560781,9.941256114605798e-09,1.2775683360593364e-10,5.884527400005733e-05,aggregate,3,0.13078104993648082
resnet50_no_weights,CIFAR10,fp32_unfused,layer3.0.downsample.0,17.99631690979004,5.842006430611946e-06,0.03514905646443367,5.705084404894478e-09,2.0052833388199598e-10,,42,3,
resnet50_no_weights,CIFAR10,fp32_unfused,layer3.0.downsample.0,17.578847885131836,5.07800223203958e-06,0.03433368727564812,4.9589865547261525e-09,1.702602935741114e-10,,43,3,
resnet50_no_weights,CIFAR10,fp32_unfused,layer3.0.downsample.0,17.878103256225586,4.9756454245653e-06,0.0349181704223156,4.859028734927051e-09,1.6966839345311133e-10,,44,3,
resnet50_no_weights,CIFAR10,fp32_unfused,layer3.0.downsample.0,17.817756017049152,5.2985513624056084e-06,0.034800304720799126,5.174366564849227e-09,1.800695331938677e-10,8.320099534754308e-05,aggregate,3,0.21517769074518622
resnet50_no_weights,CIFAR10,fp32_unfused,layer3.1.conv1,18.4888916015625,1.2389048151817406e-06,0.01805555820465088,4.839471934303674e-09,8.737936718959436e-11,,42,3,
resnet50_no_weights,CIFAR10,fp32_unfused,layer3.1.conv1,18.206899642944336,9.957865358956042e-07,0.017780175432562828,3.889791155842204e-09,6.916116914690572e-11,,43,3,
resnet50_no_weights,CIFAR10,fp32_unfused,layer3.1.conv1,18.746110916137695,9.795128335099434e-07,0.018306748941540718,3.826222005898217e-09,7.004568565657698e-11,,44,3,
resnet50_no_weights,CIFAR10,fp32_unfused,layer3.1.conv1,18.480634053548176,1.0714013948624295e-06,0.01804749419291814,4.185161698681365e-09,7.553168145337536e-11,2.061277199164328e-05,aggregate,3,0.26970046275286136
resnet50_no_weights,CIFAR10,fp32_unfused,layer3.1.conv2,13.588055610656738,3.791167500821757e-06,0.005897593581014209,1.6454720055649987e-09,9.704325137758714e-12,,42,3,
resnet50_no_weights,CIFAR10,fp32_unfused,layer3.1.conv2,12.97614574432373,3.1067997952050064e-06,0.005632007701529397,1.348437411113284e-09,7.594409884420377e-12,,43,3,
resnet50_no_weights,CIFAR10,fp32_unfused,layer3.1.conv2,12.939520835876465,3.2556824862695066e-06,0.005616111473904716,1.4130566346655844e-09,7.935883579222573e-12,,44,3,
resnet50_no_weights,CIFAR10,fp32_unfused,layer3.1.conv2,13.16790739695231,3.38454992743209e-06,0.005715237585482774,1.4689886837812891e-09,8.395619338195693e-12,2.6292498107821074e-05,aggregate,3,0.3643195535363952
resnet50_no_weights,CIFAR10,fp32_unfused,layer3.1.conv3,1.5282517671585083,2.0502857296378352e-05,0.005969733465462923,2.0022321578494484e-08,1.1952792318339894e-10,,42,3,
resnet50_no_weights,CIFAR10,fp32_unfused,layer3.1.conv3,1.5591474771499634,1.8583346900413744e-05,0.0060904198326170444,1.8147799707435297e-08,1.1052771925652573e-10,,43,3,
resnet50_no_weights,CIFAR10,fp32_unfused,layer3.1.conv3,1.548974633216858,1.7879647202789783e-05,0.006050682161003351,1.7460592971474398e-08,1.0564849841304064e-10,,44,3,
resnet50_no_weights,CIFAR10,fp32_unfused,layer3.1.conv3,1.5454579591751099,1.898861713319396e-05,0.006036945153027773,1.8543571419134725e-08,1.1194652359856972e-10,5.9372438430972584e-05,aggregate,3,0.015745204705114275
resnet50_no_weights,CIFAR10,fp32_unfused,layer3.2.conv1,19.442047119140625,2.1863309029868105e-06,0.018986374139785767,8.540355089792229e-09,1.6215037702141892e-10,,42,3,
resnet50_no_weights,CIFAR10,fp32_unfused,layer3.2.conv1,19.525875091552734,1.9606854948506225e-06,0.019068237394094467,7.658927714260244e-09,1.4604225183972365e-10,,43,3,
resnet50_no_weights,CIFAR10,fp32_unfused,layer3.2.conv1,19.983901977539062,1.8956679923576303e-06,0.01951552927494049,7.404953095146993e-09,1.4451157890790234e-10,,44,3,
resnet50_no_weights,CIFAR10,fp32_unfused,layer3.2.conv1,19.65060806274414,2.014228130065021e-06,0.019190046936273575,7.868078633066489e-09,1.5098879826683715e-10,6.061624893925081e-05,aggregate,3,0.2916683175615323
resnet50_no_weights,CIFAR10,fp32_unfused,layer3.2.conv2,16.67886734008789,5.890730790270027e-06,0.007239091727468703,2.5567407943880323e-09,1.8508481133936165e-11,,42,3,
resnet50_no_weights,CIFAR10,fp32_unfused,layer3.2.conv2,16.902753829956055,5.3503586059377994e-06,0.0073362646831406485,2.322204256049392e-09,1.703630507069406e-11,,43,3,
resnet50_no_weights,CIFAR10,fp32_unfused,layer3.2.conv2,17.583505630493164,5.008764219383011e-06,0.007631729874345992,2.173942803551654e-09,1.6590944238984638e-11,,44,3,
resnet50_no_weights,CIFAR10,fp32_unfused,layer3.2.conv2,17.055042266845703,5.416617871863612e-06,0.007402362094985114,2.3509626179963593e-09,1.7402676570183218e-11,7.832256645221472e-05,aggregate,3,0.47115436443331743
resnet50_no_weights,CIFAR10,fp32_unfused,layer3.2.conv3,1.6233195066452026,3.227847264497541e-05,0.006341091822832823,3.15219459423588e-08,1.9988355365486965e-10,,42,3,
resnet50_no_weights,CIFAR10,fp32_unfused,layer3.2.conv3,1.6691761016845703,2.946419954241719e-05,0.006520219147205353,2.8773632365641788e-08,1.8761038868510524e-10,,43,3,
resnet50_no_weights,CIFAR10,fp32_unfused,layer3.2.conv3,1.7618474960327148,2.806927113851998e-05,0.006882216781377792,2.7411397596210918e-08,1.8865118053766166e-10,,44,3,
resnet50_no_weights,CIFAR10,fp32_unfused,layer3.2.conv3,1.6847810347874959,2.993731444197086e-05,0.006581175917138656,2.9235658634737167e-08,1.9240501252861903e-10,9.105523072275442e-05,aggregate,3,0.07057008157708734
resnet50_no_weights,CIFAR10,fp32_unfused,layer3.3.conv1,22.619237899780273,2.5959493541449774e-06,0.022089099511504173,1.0140427164628818e-08,2.2399290472864607e-10,,42,3,
resnet50_no_weights,CIFAR10,fp32_unfused,layer3.3.conv1,22.9604549407959,2.14850024349289e-06,0.022422319278120995,8.392579076144102e-09,1.881810876121808e-10,,43,3,
resnet50_no_weights,CIFAR10,fp32_unfused,layer3.3.conv1,23.575170516967773,1.9990773125755368e-06,0.02302262745797634,7.80889575224819e-09,1.79781297762184e-10,,44,3,
resnet50_no_weights,CIFAR10,fp32_unfused,layer3.3.conv1,23.051621119181316,2.247842303404468e-06,0.022511348749200504,8.780633997673704e-09,1.9766391416071935e-10,0.00010599077129026067,aggregate,3,0.48444323321911215
resnet50_no_weights,CIFAR10,fp32_unfused,layer3.3.conv2,18.561452865600586,5.3600474529957864e-06,0.008056186139583588,2.326409484807199e-09,1.874198784649955e-11,,42,3,
resnet50_no_weights,CIFAR10,fp32_unfused,layer3.3.conv2,18.79434585571289,4.8780511860968545e-06,0.008157268166542053,2.1172097161878707e-09,1.7270647419752854e-11,,43,3,
resnet50_no_weights,CIFAR10,fp32_unfused,layer3.3.conv2,19.572172164916992,4.611810709320707e-06,0.008494866391023,2.0016539536982236e-09,1.700378289772935e-11,,44,3,
resnet50_no_weights,CIFAR10,fp32_unfused,layer3.3.conv2,18.975990295410156,4.949969782804449e-06,0.008236106899049547,2.1484243848977645e-09,1.7694652898542757e-11,9.732820242700516e-05,aggregate,3,0.5292772452669413
resnet50_no_weights,CIFAR10,fp32_unfused,layer3.3.conv3,1.9443095922470093,2.5700132027850486e-05,0.00759495934471488,2.509778518344774e-08,1.9061665811067308e-10,,42,3,
resnet50_no_weights,CIFAR10,fp32_unfused,layer3.3.conv3,1.9783077239990234,2.4048966224654578e-05,0.007727764546871185,2.3485318578764236e-08,1.8148901228494944e-10,,43,3,
resnet50_no_weights,CIFAR10,fp32_unfused,layer3.3.conv3,2.028076171875,2.416463212284725e-05,0.007922172546386719,2.359827355746802e-08,1.869495949190968e-10,,44,3,
resnet50_no_weights,CIFAR10,fp32_unfused,layer3.3.conv3,1.9835644960403442,2.463791012511744e-05,0.007748298812657595,2.406045910656e-08,1.8642762672735546e-10,0.00011702333050399939,aggregate,3,0.042129979882073725
resnet50_no_weights,CIFAR10,fp32_unfused,layer3.4.conv1,27.238447189331055,1.9653577965073055e-06,0.026600046083331108,7.677178892606662e-09,2.042133123333141e-10,,42,3,
resnet50_no_weights,CIFAR10,fp32_unfused,layer3.4.conv1,27.732858657836914,1.7771290004020557e-06,0.02708286978304386,6.94191015782053e-09,1.8800684884984287e-10,,43,3,
resnet50_no_weights,CIFAR10,fp32_unfused,layer3.4.conv1,28.385425567626953,1.8926933762486442e-06,0.027720142155885696,7.393333500971266e-09,2.0494425565279558e-10,,44,3,
resnet50_no_weights,CIFAR10,fp32_unfused,layer3.4.conv1,27.785577138264973,1.8783933910526684e-06,0.027134352674086887,7.337474183799486e-09,1.9909761224022308e-10,0.00011539145292027413,aggregate,3,0.5753036404400332
resnet50_no_weights,CIFAR10,fp32_unfused,layer3.4.conv2,13.397170066833496,5.964363936072914e-06,0.005814743952618705,2.5886996250316465e-09,1.5052625489799075e-11,,42,3,
resnet50_no_weights,CIFAR10,fp32_unfused,layer3.4.conv2,13.72227954864502,5.42508087164606e-06,0.0059558504985438455,2.3546357949852688e-09,1.4023858773452197e-11,,43,3,
resnet50_no_weights,CIFAR10,fp32_unfused,layer3.4.conv2,14.132601737976074,5.619472176476847e-06,0.006133941726552116,2.4390070210402985e-09,1.4960726937712662e-11,,44,3,
resnet50_no_weights,CIFAR10,fp32_unfused,layer3.4.conv2,13.750683784484863,5.66963899473194e-06,0.0059681787259048885,2.460780813685738e-09,1.4686379701354144e-11,7.62723724370333e-05,aggregate,3,0.36853769982204726
resnet50_no_weights,CIFAR10,fp32_unfused,layer3.4.conv3,1.1474570035934448,2.5306560928584076e-05,0.004482253920286894,2.4713438406820387e-08,1.1077190618273937e-10,,42,3,
resnet50_no_weights,CIFAR10,fp32_unfused,layer3.4.conv3,1.1875656843185425,2.3924822016851977e-05,0.0046389284543693066,2.3364084000832008e-08,1.0838431408173427e-10,,43,3,
resnet50_no_weights,CIFAR10,fp32_unfused,layer3.4.conv3,1.2345813512802124,2.3858974600443617e-05,0.00482258340343833,2.329977988324572e-08,1.1236513176870707e-10,,44,3,
resnet50_no_weights,CIFAR10,fp32_unfused,layer3.4.conv3,1.1898680130640666,2.4363452515293222e-05,0.00464792192603151,2.3792434096966037e-08,1.1058537611294816e-10,6.521927821650821e-05,aggregate,3,0.043607780592464694
resnet50_no_weights,CIFAR10,fp32_unfused,layer3.5.conv1,29.552982330322266,1.0431859891468775e-06,0.028860334306955338,4.07494527010499e-09,1.1760428277777644e-10,,42,3,
resnet50_no_weights,CIFAR10,fp32_unfused,layer3.5.conv1,30.133398056030273,8.691964694662602e-07,0.029427146539092064,3.3952987088525788e-09,9.991395264939492e-11,,43,3,
resnet50_no_weights,CIFAR10,fp32_unfused,layer3.5.conv1,30.8580322265625,9.533592901789234e-07,0.03013479709625244,3.7240597272614195e-09,1.1222378425534808e-10,,44,3,
resnet50_no_weights,CIFAR10,fp32_unfused,layer3.5.conv1,30.18147087097168,9.552472495973536e-07,0.02947409264743328,3.731434568739663e-09,1.0998064818686807e-10,7.746839749926108e-05,aggregate,3,0.6538517068659029
resnet50_no_weights,CIFAR10,fp32_unfused,layer3.5.conv2,7.839247226715088,4.620508207153762e-06,0.003402451053261757,2.005428909354931e-09,6.8233737048762616e-12,,42,3,
resnet50_no_weights,CIFAR10,fp32_unfused,layer3.5.conv2,8.278349876403809,4.195283054286847e-06,0.0035930338005224862,1.8208693812008885e-09,6.542445232991256e-12,,43,3,
resnet50_no_weights,CIFAR10,fp32_unfused,layer3.5.conv2,8.64096736907959,4.291715868021129e-06,0.003750419865051905,1.862723901050837e-09,6.9859967216080385e-12,,44,3,
resnet50_no_weights,CIFAR10,fp32_unfused,layer3.5.conv2,8.252854824066162,4.369169043153913e-06,0.0035819682396120494,1.896340730535552e-09,6.79263226826106e-12,3.614182524699948e-05,aggregate,3,0.40146767608179096
resnet50_no_weights,CIFAR10,fp32_unfused,layer3.5.conv3,0.8903250098228455,1.6175696146092378e-05,0.00347783206962049,1.5796578267668338e-08,5.493784648956703e-11,,42,3,
resnet50_no_weights,CIFAR10,fp32_unfused,layer3.5.conv3,1.0008307695388794,1.584670644660946e-05,0.003909495193511248,1.547529926426705e-08,6.050060809180018e-11,,43,3,
resnet50_no_weights,CIFAR10,fp32_unfused,layer3.5.conv3,1.050100326538086,1.5312332834582776e-05,0.004101954400539398,1.4953450033772242e-08,6.133837016927806e-11,,44,3,
resnet50_no_weights,CIFAR10,fp32_unfused,layer3.5.conv3,0.9804187019666036,1.5778245142428204e-05,0.0038297605545570454,1.5408442521902543e-08,5.901064537754184e-11,3.71406560462374e-05,aggregate,3,0.08182009126611395
resnet50_no_weights,CIFAR10,fp32_unfused,layer4.0.conv1,30.927616119384766,1.1982122032350162e-06,0.030202750116586685,2.340258209443391e-09,7.068223390810933e-11,,42,3,
resnet50_no_weights,CIFAR10,fp32_unfused,layer4.0.conv1,31.77296257019043,1.1840437537102844e-06,0.03102828375995159,2.312585456465399e-09,7.175555776234558e-11,,43,3,
resnet50_no_weights,CIFAR10,fp32_unfused,layer4.0.conv1,32.64040756225586,1.1499085985633428e-06,0.03187539801001549,2.245915231569029e-09,7.15894419030189e-11,,44,3,
resnet50_no_weights,CIFAR10,fp32_unfused,layer4.0.conv1,31.78032875061035,1.1773881851695478e-06,0.03103547729551792,2.299586299159273e-09,7.13687583766417e-11,7.213669194155604e-05,aggregate,3,0.8564194808349439
resnet50_no_weights,CIFAR10,fp32_unfused,layer4.0.conv2,12.441393852233887,1.5751758837723173e-05,0.00269995526307159,3.4183504422142303e-09,9.229393267479409e-12,,42,3,
resnet50_no_weights,CIFAR10,fp32_unfused,layer4.0.conv2,12.690016746520996,1.5956182323861867e-05,0.0027539098842276465,3.462713177921412e-09,9.536000046923103e-12,,43,3,
resnet50_no_weights,CIFAR10,fp32_unfused,layer4.0.conv2,13.628592491149902,1.458672613807721e-05,0.00295759385658635,3.165522165381339e-09,9.362328909219769e-12,,44,3,
resnet50_no_weights,CIFAR10,fp32_unfused,layer4.0.conv2,12.920001029968262,1.5431555766554084e-05,0.0028038196679618624,3.3488619285056607e-09,9.389604940432864e-12,1.0662777935196838e-05,aggregate,3,0.6261227755285493
resnet50_no_weights,CIFAR10,fp32_unfused,layer4.0.conv3,2.2445054054260254,5.627026621368714e-05,0.004383799619972706,2.7475715924651922e-08,1.2044803302896712e-10,,42,3,
resnet50_no_weights,CIFAR10,fp32_unfused,layer4.0.conv3,2.2706894874572754,5.483034692588262e-05,0.004434940405189991,2.6772630334903624e-08,1.1873502002547932e-10,,43,3,
resnet50_no_weights,CIFAR10,fp32_unfused,layer4.0.conv3,2.4905433654785156,5.2467377827269956e-05,0.004864342510700226,2.561883682972166e-08,1.2461879706550767e-10,,44,3,
resnet50_no_weights,CIFAR10,fp32_unfused,layer4.0.conv3,2.3352460861206055,5.4522663655613236e-05,0.0045610275119543076,2.66223943630924e-08,1.214254731241617e-10,1.682976910664007e-05,aggregate,3,0.1351271078278944
resnet50_no_weights,CIFAR10,fp32_unfused,layer4.0.downsample.0,30.6073055267334,1.1187718882865738e-05,0.029889946803450584,5.462753360774286e-09,1.632814073539143e-10,,42,3,
resnet50_no_weights,CIFAR10,fp32_unfused,layer4.0.downsample.0,31.688720703125,1.0971964911732357e-05,0.030946016311645508,5.357404742056815e-09,1.657903345357772e-10,,43,3,
resnet50_no_weights,CIFAR10,fp32_unfused,layer4.0.downsample.0,32.59800720214844,1.0544642464083154e-05,0.031833991408348083,5.1487512031656024e-09,1.6390530156529565e-10,,44,3,
resnet50_no_weights,CIFAR10,fp32_unfused,layer4.0.downsample.0,31.631344477335613,1.0901442086227084e-05,0.03088998484114806,5.322969768665568e-09,1.6442645546396878e-10,2.1296597110954788e-05,aggregate,3,0.9965903439174177
resnet50_no_weights,CIFAR10,fp32_unfused,layer4.1.conv1,20.08635902404785,1.691434590611607e-05,0.009807792492210865,3.3035831847882946e-08,3.2400858357160695e-10,,42,3,
resnet50_no_weights,CIFAR10,fp32_unfused,layer4.1.conv1,20.61269187927246,1.6531213987036608e-05,0.010064790956676006,3.2287527318430875e-08,3.249672129679726e-10,,43,3,
resnet50_no_weights,CIFAR10,fp32_unfused,layer4.1.conv1,21.288625717163086,1.601718940946739e-05,0.010394836775958538,3.1283573065366e-08,3.2518763578325246e-10,,44,3,
resnet50_no_weights,CIFAR10,fp32_unfused,layer4.1.conv1,20.662558873494465,1.6487583100873355e-05,0.01008914007494847,3.220231074389327e-08,3.2489362383215727e-10,4.9305859200961175e-05,aggregate,3,0.6026826181151348
resnet50_no_weights,CIFAR10,fp32_unfused,layer4.1.conv2,33.5279655456543,2.5618879590183496e-05,0.007276034189595116,5.559652688841904e-09,4.045222304628811e-11,,42,3,
resnet50_no_weights,CIFAR10,fp32_unfused,layer4.1.conv2,35.178951263427734,2.477768612152431e-05,0.007634321020709144,5.3771020229002415e-09,4.105052300392497e-11,,43,3,
resnet50_no_weights,CIFAR10,fp32_unfused,layer4.1.conv2,35.82398223876953,2.520663656468969e-05,0.00777430170112186,5.470190226712172e-09,4.252690918498862e-11,,44,3,
resnet50_no_weights,CIFAR10,fp32_unfused,layer4.1.conv2,34.84363301595052,2.5201067425465833e-05,0.0075615523038087065,5.46898164615144e-09,4.135399076594395e-11,5.060306317446937e-05,aggregate,3,1.1841671795335094
resnet50_no_weights,CIFAR10,fp32_unfused,layer4.1.conv3,2.512089252471924,6.905689224367961e-05,0.004906424321234226,3.3719185665859186e-08,1.65440632643184e-10,,42,3,
resnet50_no_weights,CIFAR10,fp32_unfused,layer4.1.conv3,2.7299060821533203,6.496944843092933e-05,0.005331847816705704,3.1723363491664713e-08,1.6914414637159393e-10,,43,3,
resnet50_no_weights,CIFAR10,fp32_unfused,layer4.1.conv3,2.7472715377807617,6.676158955087885e-05,0.00536576472222805,3.2598432397890065e-08,1.7491551856053446e-10,,44,3,
resnet50_no_weights,CIFAR10,fp32_unfused,layer4.1.conv3,2.6630889574686685,6.69293100751626e-05,0.005201345620055993,3.268032718513799e-08,1.699816766664143e-10,2.6132467224234687e-05,aggregate,3,0.13105751769400764
resnet50_no_weights,CIFAR10,fp32_unfused,layer4.2.conv1,44.820613861083984,1.601978169674112e-06,0.021885065361857414,3.12886361264475e-09,6.847538467106767e-11,,42,3,
resnet50_no_weights,CIFAR10,fp32_unfused,layer4.2.conv1,46.65227127075195,1.5891142766122357e-06,0.022779429331421852,3.103738821508273e-09,7.070139914773824e-11,,43,3,
resnet50_no_weights,CIFAR10,fp32_unfused,layer4.2.conv1,49.02847671508789,1.46332365602575e-06,0.02393968589603901,2.858054015675293e-09,6.842091540917947e-11,,44,3,
resnet50_no_weights,CIFAR10,fp32_unfused,layer4.2.conv1,46.833787282307945,1.5514720341040327e-06,0.022868060196439426,3.030218816609439e-09,6.929522630660808e-11,1.8288537245700223e-05,aggregate,3,2.1097958423423036
resnet50_no_weights,CIFAR10,fp32_unfused,layer4.2.conv2,15.664201736450195,4.885217094852123e-06,0.003399349335167143,1.0601599598203393e-09,3.6038540545860955e-12,,42,3,
resnet50_no_weights,CIFAR10,fp32_unfused,layer4.2.conv2,16.549787521362305,4.653915766539285e-06,0.003591533750295639,1.0099643590580045e-09,3.6273210821525263e-12,,43,3,
resnet50_no_weights,CIFAR10,fp32_unfused,layer4.2.conv2,17.022172927856445,4.6384689085243735e-06,0.0036940479444132913,1.006612176329074e-09,3.718473640789806e-12,,44,3,
resnet50_no_weights,CIFAR10,fp32_unfused,layer4.2.conv2,16.41205406188965,4.725867256638594e-06,0.003561643676625358,1.0255788317358059e-09,3.652746360932655e-12,5.925167419057471e-06,aggregate,3,0.6893832885746919
resnet50_no_weights,CIFAR10,fp32_unfused,layer4.2.conv3,1.9184435606002808,1.0638467756507453e-05,0.0037469600792974234,5.1945643342321546e-09,1.946382518971008e-11,,42,3,
resnet50_no_weights,CIFAR10,fp32_unfused,layer4.2.conv3,2.1208508014678955,9.939653864421416e-06,0.004142286721616983,4.8533466134870196e-09,2.0103953232452035e-11,,43,3,
resnet50_no_weights,CIFAR10,fp32_unfused,layer4.2.conv3,2.002755880355835,1.0749007742560934e-05,0.00391163257881999,5.248538936797331e-09,2.0530355896381674e-11,,44,3,
resnet50_no_weights,CIFAR10,fp32_unfused,layer4.2.conv3,2.0140167474746704,1.0442376454496602e-05,0.003933626459911466,5.098816628172169e-09,2.0056840002814603e-11,5.524883680505495e-06,aggregate,3,0.10167240596696434
resnet50_no_weights,CIFAR10,fp32_fused,conv1,42.071197509765625,2.61910440713109e-06,1.5581925003616899,4.547056262380364e-09,7.08518896676374e-09,,42,3,
resnet50_no_weights,CIFAR10,fp32_fused,conv1,39.1317138671875,2.430433369227103e-06,1.4493227358217593,4.219502377130387e-09,6.115420729029029e-09,,43,3,
resnet50_no_weights,CIFAR10,fp32_fused,conv1,38.804786682128906,2.1771022602479206e-06,1.43721432156033,3.779691424041529e-09,5.432226645711243e-09,,44,3,
resnet50_no_weights,CIFAR10,fp32_fused,conv1,40.00256601969401,2.408880012202038e-06,1.4815765192479264,4.182083354517427e-09,6.196076499590621e-09,0.1009795652490979,aggregate,3,1.7989295504186693
resnet50_no_weights,CIFAR10,fp32_fused,fc,33.890411376953125,5.8749126765178517e-05,0.016548052430152893,5.8749126765178515e-06,9.721836299358727e-08,,42,3,
resnet50_no_weights,CIFAR10,fp32_fused,fc,35.57744216918945,5.9028792747994885e-05,0.017371797934174538,5.902879274799489e-06,1.0254362599164345e-07,,43,3,
resnet50_no_weights,CIFAR10,fp32_fused,fc,37.368892669677734,6.411266804207116e-05,0.01824652962386608,6.411266804207117e-06,1.1698336966947438e-07,,44,3,
resnet50_no_weights,CIFAR10,fp32_fused,fc,35.61224873860677,6.063019585174819e-05,0.01738879332939784,6.063019585174819e-06,1.0542859451869634e-07,0.0003107357248866836,aggregate,3,1.7395018392961588
resnet50_no_weights,CIFAR10,fp32_fused,layer1.0.conv1,6.513998508453369,3.161046180366611e-08,0.10178122669458389,4.93913465682283e-10,5.027111841811603e-11,,42,3,
resnet50_no_weights,CIFAR10,fp32_fused,layer1.0.conv1,6.181063175201416,2.8689910891444015e-08,0.09657911211252213,4.4827985767881273e-10,4.329447063254752e-11,,43,3,
resnet50_no_weights,CIFAR10,fp32_fused,layer1.0.conv1,6.212459087371826,2.852978120415628e-08,0.09706967324018478,4.4577783131494186e-10,4.327150842345962e-11,,44,3,
resnet50_no_weights,CIFAR10,fp32_fused,layer1.0.conv1,6.302506923675537,2.961005129975547e-08,0.09847667068243027,4.626570515586792e-10,4.556092610524821e-11,0.0003123378261939886,aggregate,3,0.18382857136237613
resnet50_no_weights,CIFAR10,fp32_fused,layer1.0.conv2,11.296538352966309,4.045157879772887e-07,0.019612045751677618,7.022843541272373e-10,1.3773232883830745e-11,,42,3,
resnet50_no_weights,CIFAR10,fp32_fused,layer1.0.conv2,10.426385879516602,3.670355681606452e-07,0.018101364374160767,6.372145280566757e-10,1.1534452356862776e-11,,43,3,
resnet50_no_weights,CIFAR10,fp32_fused,layer1.0.conv2,10.810267448425293,3.245155539843836e-07,0.018767825431293912,5.63395059000666e-10,1.0573700116178033e-11,,44,3,
resnet50_no_weights,CIFAR10,fp32_fused,layer1.0.conv2,10.8443972269694,3.6535563670743915e-07,0.0188270785190441,6.342979803948597e-10,1.194197788136512e-11,0.00010462973785498984,aggregate,3,0.4360790789527321
resnet50_no_weights,CIFAR10,fp32_fused,layer1.0.conv3,0.6806125044822693,1.5322619901780854e-06,0.010634570382535458,5.985398399133146e-09,6.36521405430965e-11,,42,3,
resnet50_no_weights,CIFAR10,fp32_fused,layer1.0.conv3,0.625573456287384,1.3910025700170081e-06,0.009774585254490376,5.433603789128938e-09,5.311122347596275e-11,,43,3,
resnet50_no_weights,CIFAR10,fp32_fused,layer1.0.conv3,0.6388547420501709,1.2657179695452214e-06,0.00998210534453392,4.944210818536021e-09,4.9353633236210846e-11,,44,3,
resnet50_no_weights,CIFAR10,fp32_fused,layer1.0.conv3,0.6483469009399414,1.3963275099134382e-06,0.010130420327186584,5.454404335599368e-09,5.5255408554050476e-11,5.5323317399041266e-05,aggregate,3,0.02872107269656223
resnet50_no_weights,CIFAR10,fp32_fused,layer1.0.downsample.0,6.513998508453369,1.0019139153882861e-06,0.10178122669458389,3.913726231985493e-09,3.9834385683825506e-10,,42,3,
resnet50_no_weights,CIFAR10,fp32_fused,layer1.0.downsample.0,6.181063175201416,9.056233807314129e-07,0.09657911211252213,3.5375913309820817e-09,3.4165742976320483e-10,,43,3,
resnet50_no_weights,CIFAR10,fp32_fused,layer1.0.downsample.0,6.212459087371826,8.363278425349563e-07,0.09706967324018478,3.266905634902173e-09,3.1711746248647234e-10,,44,3,
resnet50_no_weights,CIFAR10,fp32_fused,layer1.0.downsample.0,6.302506923675537,9.146217128848851e-07,0.09847667068243027,3.5727410659565826e-09,3.518316453858013e-10,0.0005888951200240785,aggregate,3,0.18382857136237613
resnet50_no_weights,CIFAR10,fp32_fused,layer1.1.conv1,9.070619583129883,2.8326992307370347e-08,0.035432107746601105,4.4260925480266167e-10,1.568257880581073e-11,,42,3,
resnet50_no_weights,CIFAR10,fp32_fused,layer1.1.conv1,8.676538467407227,2.620317296475605e-08,0.03389272838830948,4.094245775743133e-10,1.3876516003224544e-11,,43,3,
resnet50_no_weights,CIFAR10,fp32_fused,layer1.1.conv1,8.821736335754395,2.2430580060017746e-08,0.034459907561540604,3.504778134377773e-10,1.2077433053436678e-11,,44,3,
resnet50_no_weights,CIFAR10,fp32_fused,layer1.1.conv1,8.856298128763834,2.565358177738138e-08,0.03459491456548373,4.0083721527158406e-10,1.3866929216986859e-11,0.00012021385701799419,aggregate,3,0.19930095231665085
resnet50_no_weights,CIFAR10,fp32_fused,layer1.1.conv2,7.846765995025635,4.452106736607675e-07,0.013622857630252838,7.729351973277213e-10,1.0529586150606931e-11,,42,3,
resnet50_no_weights,CIFAR10,fp32_fused,layer1.1.conv2,7.5426926612854,4.0723759298089135e-07,0.01309495253695382,7.070097100362697e-10,9.258258596090434e-12,,43,3,
resnet50_no_weights,CIFAR10,fp32_fused,layer1.1.conv2,7.876064300537109,3.4727531783573795e-07,0.013673722743988037,6.029085379092672e-10,8.244004187354522e-12,,44,3,
resnet50_no_weights,CIFAR10,fp32_fused,layer1.1.conv2,7.755174318949382,3.999078614924656e-07,0.013463844303731565,6.942844817577527e-10,9.347738164883341e-12,9.449369737369922e-05,aggregate,3,0.18459669230293882
resnet50_no_weights,CIFAR10,fp32_fused,layer1.1.conv3,0.5142120122909546,2.999570369865978e-06,0.008034562692046165,1.1717071757288977e-08,9.414154760114182e-11,,42,3,
resnet50_no_weights,CIFAR10,fp32_fused,layer1.1.conv3,0.48449721932411194,2.732450639086892e-06,0.007570269051939249,1.0673635308933171e-08,8.080229105090281e-11,,43,3,
resnet50_no_weights,CIFAR10,fp32_fused,layer1.1.conv3,0.49627789855003357,2.484248170731007e-06,0.0077543421648442745,9.704094416917997e-09,7.524886850873714e-11,,44,3,
resnet50_no_weights,CIFAR10,fp32_fused,layer1.1.conv3,0.4983290433883667,2.738756393227959e-06,0.00778639130294323,1.0698267161046715e-08,8.33008943793373e-11,7.267623230291499e-05,aggregate,3,0.014963209101875367
resnet50_no_weights,CIFAR10,fp32_fused,layer1.2.conv1,10.324048042297363,2.3434581919445918e-07,0.040328312665224075,3.6616534249134247e-09,1.4766830419159718e-10,,42,3,
resnet50_no_weights,CIFAR10,fp32_fused,layer1.2.conv1,9.907464981079102,2.1810951977840887e-07,0.03870103508234024,3.4079612465376385e-09,1.3189162776150913e-10,,43,3,
resnet50_no_weights,CIFAR10,fp32_fused,layer1.2.conv1,10.057151794433594,1.9019884689441824e-07,0.039285749197006226,2.971856982725285e-09,1.167516280727172e-10,,44,3,
resnet50_no_weights,CIFAR10,fp32_fused,layer1.2.conv1,10.096221605936686,2.142180619557621e-07,0.03943836564819018,3.3471572180587827e-09,1.320064102477813e-10,0.00031986211906237906,aggregate,3,0.2110217982855323
resnet50_no_weights,CIFAR10,fp32_fused,layer1.2.conv2,5.008247375488281,4.3281826833663217e-07,0.008694873915778266,7.514206047510975e-10,6.533507416028648e-12,,42,3,
resnet50_no_weights,CIFAR10,fp32_fused,layer1.2.conv2,4.769610404968262,3.9210701174852147e-07,0.008280573619736565,6.807413398411831e-10,5.6369287805530254e-12,,43,3,
resnet50_no_weights,CIFAR10,fp32_fused,layer1.2.conv2,4.927844524383545,3.4638193824321206e-07,0.008555285632610321,6.013575316722432e-10,5.144785450777548e-12,,44,3,
resnet50_no_weights,CIFAR10,fp32_fused,layer1.2.conv2,4.901900768280029,3.904357394427886e-07,0.008510244389375051,6.778398254215079e-10,5.7685825711883525e-12,0.0001358318375269562,aggregate,3,0.1214154429441008
resnet50_no_weights,CIFAR10,fp32_fused,layer1.2.conv3,0.5233964323997498,1.6347199789379374e-06,0.00817806925624609,6.385624917726318e-09,5.222208282157657e-11,,42,3,
resnet50_no_weights,CIFAR10,fp32_fused,layer1.2.conv3,0.5111365914344788,1.4604562466047355e-06,0.00798650924116373,5.704907213299748e-09,4.5562294179000064e-11,,43,3,
resnet50_no_weights,CIFAR10,fp32_fused,layer1.2.conv3,0.5278917551040649,1.3417038644547574e-06,0.008248308673501015,5.241030720526396e-09,4.3229639150203146e-11,,44,3,
resnet50_no_weights,CIFAR10,fp32_fused,layer1.2.conv3,0.5208082596460978,1.4789600299991434e-06,0.008137629056970278,5.777187617184154e-09,4.7012609821166655e-11,0.00012317450278780275,aggregate,3,0.008672246309389215
resnet50_no_weights,CIFAR10,fp32_fused,layer2.0.conv1,11.464680671691895,2.876466282941692e-07,0.04478390887379646,2.247239283548197e-09,1.006401592920381e-10,,42,3,
resnet50_no_weights,CIFAR10,fp32_fused,layer2.0.conv1,11.029158592224121,2.4883502192096785e-07,0.04308265075087547,1.9440236087575613e-09,8.37536901875586e-11,,43,3,
resnet50_no_weights,CIFAR10,fp32_fused,layer2.0.conv1,11.209033012390137,2.259934746007275e-07,0.04378528520464897,1.7655740203181836e-09,7.730616202955037e-11,,44,3,
resnet50_no_weights,CIFAR10,fp32_fused,layer2.0.conv1,11.234290758768717,2.5415837493862153e-07,0.0438839482764403,1.9856123042079807e-09,8.713650765492647e-11,0.00037166707361626695,aggregate,3,0.21885688415052637
resnet50_no_weights,CIFAR10,fp32_fused,layer2.0.conv2,7.905799865722656,2.2902463570062537e-06,0.006862673494550917,1.988061073790151e-09,1.3643414036648104e-11,,42,3,
resnet50_no_weights,CIFAR10,fp32_fused,layer2.0.conv2,7.771722316741943,1.9625329059635988e-06,0.006746286733282937,1.7035875919822905e-09,1.149289037077555e-11,,43,3,
resnet50_no_weights,CIFAR10,fp32_fused,layer2.0.conv2,7.9351630210876465,1.7843558453023434e-06,0.006888162344694138,1.5489200046027287e-09,1.0669212450647986e-11,,44,3,
resnet50_no_weights,CIFAR10,fp32_fused,layer2.0.conv2,7.870895067850749,2.012378369424065e-06,0.006832374190842664,1.74685622345839e-09,1.193517537626999e-11,0.00032240780390127067,aggregate,3,0.08713193814620404
resnet50_no_weights,CIFAR10,fp32_fused,layer2.0.conv3,1.7894023656845093,5.840086032549152e-06,0.013979705981910229,1.1406418032322563e-08,1.5945837039862843e-10,,42,3,
resnet50_no_weights,CIFAR10,fp32_fused,layer2.0.conv3,1.7552016973495483,5.037059054302517e-06,0.013712513260543346,9.838005965434604e-09,1.3490378725832656e-10,,43,3,
resnet50_no_weights,CIFAR10,fp32_fused,layer2.0.conv3,1.8100115060806274,4.6936825128796045e-06,0.014140714891254902,9.167348657967977e-09,1.2963286368105342e-10,,44,3,
resnet50_no_weights,CIFAR10,fp32_fused,layer2.0.conv3,1.7848718563715618,5.190275866577092e-06,0.013944311377902826,1.0137257551908382e-08,1.413570758218074e-10,0.0004305928605490448,aggregate,3,0.02768434429890651
resnet50_no_weights,CIFAR10,fp32_fused,layer2.0.downsample.0,11.598251342773438,2.459904635543353e-06,0.04530566930770874,4.804501241295611e-09,2.1767114442661512e-10,,42,3,
resnet50_no_weights,CIFAR10,fp32_fused,layer2.0.downsample.0,11.134730339050293,2.1562188976531615e-06,0.04349504038691521,4.211365034478831e-09,1.8317349225869931e-10,,43,3,
resnet50_no_weights,CIFAR10,fp32_fused,layer2.0.downsample.0,11.331961631774902,2.0628956463042414e-06,0.04426547512412071,4.0290930591879714e-09,1.7834971858425257e-10,,44,3,
resnet50_no_weights,CIFAR10,fp32_fused,layer2.0.downsample.0,11.354981104532877,2.226339726500252e-06,0.04435539493958155,4.348319778320804e-09,1.9287144109101298e-10,0.0003272047742782583,aggregate,3,0.23261631997275947
resnet50_no_weights,CIFAR10,fp32_fused,layer2.1.conv1,11.794387817382812,1.0040195093097282e-06,0.023035913705825806,7.843902416482251e-09,1.8069145918300365e-10,,42,3,
resnet50_no_weights,CIFAR10,fp32_fused,layer2.1.conv1,11.469761848449707,9.721528613226837e-07,0.022401878610253334,7.594944229083467e-09,1.701410186715719e-10,,43,3,
resnet50_no_weights,CIFAR10,fp32_fused,layer2.1.conv1,11.800456047058105,8.707006600161549e-07,0.023047765716910362,6.80234890637621e-09,1.567789439188403e-10,,44,3,
resnet50_no_weights,CIFAR10,fp32_fused,layer2.1.conv1,11.688201904296875,9.489576768828556e-07,0.022828519344329834,7.413731850647309e-09,1.6924452096617632e-10,0.00014209261861528809,aggregate,3,0.18919896762861424
resnet50_no_weights,CIFAR10,fp32_fused,layer2.1.conv2,7.550093173980713,1.6447783082185197e-06,0.006553900324636036,1.427758948106354e-09,9.357389833496237e-12,,42,3,
resnet50_no_weights,CIFAR10,fp32_fused,layer2.1.conv2,7.057377815246582,1.5349963859989657e-06,0.006126196020179325,1.3324621406241022e-09,8.162924262930998e-12,,43,3,
resnet50_no_weights,CIFAR10,fp32_fused,layer2.1.conv2,7.131033420562744,1.349194121758046e-06,0.006190133177571827,1.1711754529149705e-09,7.24973202784667e-12,,44,3,
resnet50_no_weights,CIFAR10,fp32_fused,layer2.1.conv2,7.24616813659668,1.5096562719918438e-06,0.006290076507462395,1.3104655138818089e-09,8.242928342707601e-12,5.4867989403895356e-05,aggregate,3,0.2657707815210074
resnet50_no_weights,CIFAR10,fp32_fused,layer2.1.conv3,0.8351941108703613,6.547039902216056e-06,0.006524953991174698,1.2787187309015735e-08,8.343580886786067e-11,,42,3,
resnet50_no_weights,CIFAR10,fp32_fused,layer2.1.conv3,0.8095378279685974,5.799152859253809e-06,0.006324514281004667,1.1326470428230095e-08,7.163442397671829e-11,,43,3,
resnet50_no_weights,CIFAR10,fp32_fused,layer2.1.conv3,0.804974377155304,5.384377345762914e-06,0.006288862321525812,1.0516362003443191e-08,6.613595276297959e-11,,44,3,
resnet50_no_weights,CIFAR10,fp32_fused,layer2.1.conv3,0.8165687719980875,5.91019003574426e-06,0.006379443531235059,1.1543339913563008e-08,7.3640085140427e-11,0.00010159280153531631,aggregate,3,0.01629060179709796
resnet50_no_weights,CIFAR10,fp32_fused,layer2.2.conv1,14.555851936340332,4.18314272110365e-07,0.02842939831316471,3.2680802508622264e-09,9.290955517114949e-11,,42,3,
resnet50_no_weights,CIFAR10,fp32_fused,layer2.2.conv1,14.172334671020508,3.5505624396137137e-07,0.02768034115433693,2.7738769059482138e-09,7.678185907678313e-11,,43,3,
resnet50_no_weights,CIFAR10,fp32_fused,layer2.2.conv1,14.501538276672363,3.522951317336265e-07,0.02832331694662571,2.752305716668957e-09,7.795442714722468e-11,,44,3,
resnet50_no_weights,CIFAR10,fp32_fused,layer2.2.conv1,14.409908294677734,3.752218826017876e-07,0.02814435213804245,2.931420957826466e-09,8.250294370190574e-11,0.00021807534165407298,aggregate,3,0.2075293073275462
resnet50_no_weights,CIFAR10,fp32_fused,layer2.2.conv2,6.505615234375,7.577460792163038e-07,0.0056472354465060765,6.577656937641526e-10,3.714557741320584e-12,,42,3,
resnet50_no_weights,CIFAR10,fp32_fused,layer2.2.conv2,6.540727138519287,6.434156603063457e-07,0.005677714529964659,5.585205384603695e-10,3.1711201765001256e-12,,43,3,
resnet50_no_weights,CIFAR10,fp32_fused,layer2.2.conv2,6.532391548156738,6.150481794975349e-07,0.005670478774441613,5.338959891471657e-10,3.027445874218513e-12,,44,3,
resnet50_no_weights,CIFAR10,fp32_fused,layer2.2.conv2,6.526244640350342,6.720699730067281e-07,0.005665142916970783,5.833940737905626e-10,3.305010804937336e-12,5.135677330345292e-05,aggregate,3,0.018345293942716074
resnet50_no_weights,CIFAR10,fp32_fused,layer2.2.conv3,0.5202218294143677,6.411585673049558e-06,0.0040642330422997475,1.2522628267674918e-08,5.089487958192125e-11,,42,3,
resnet50_no_weights,CIFAR10,fp32_fused,layer2.2.conv3,0.5153349041938782,5.472891189128859e-06,0.004026053939014673,1.0689240603767303e-08,4.303545923787293e-11,,43,3,
resnet50_no_weights,CIFAR10,fp32_fused,layer2.2.conv3,0.5224049091339111,5.189304829400498e-06,0.004081288352608681,1.0135360994922848e-08,4.136533077806295e-11,,44,3,
resnet50_no_weights,CIFAR10,fp32_fused,layer2.2.conv3,0.519320547580719,5.691260563859639e-06,0.004057191777974367,1.1115743288788357e-08,4.509870227734587e-11,7.41131655922002e-05,aggregate,3,0.003620148363088377
resnet50_no_weights,CIFAR10,fp32_fused,layer2.3.conv1,16.9298152923584,2.0476799988955463e-07,0.0330660454928875,1.5997499991371456e-09,5.289740624871559e-11,,42,3,
resnet50_no_weights,CIFAR10,fp32_fused,layer2.3.conv1,16.47344970703125,1.8862503736727376e-07,0.03217470645904541,1.4736331044318263e-09,4.741371256342582e-11,,43,3,
resnet50_no_weights,CIFAR10,fp32_fused,layer2.3.conv1,16.831037521362305,1.747055051737334e-07,0.03287312015891075,1.3648867591697922e-09,4.486808643749486e-11,,44,3,
resnet50_no_weights,CIFAR10,fp32_fused,layer2.3.conv1,16.744767506917317,1.8936618081018727e-07,0.032704624036947884,1.479423287579588e-09,4.838398241179586e-11,8.321232276264283e-05,aggregate,3,0.24010263099766607
resnet50_no_weights,CIFAR10,fp32_fused,layer2.3.conv2,3.171996831893921,3.7197332858340815e-07,0.00275346947213014,3.2289351439531955e-10,8.890774346363262e-13,,42,3,
resnet50_no_weights,CIFAR10,fp32_fused,layer2.3.conv2,3.2255094051361084,3.251941222970345e-07,0.002799921358625094,2.8228656449395356e-10,7.903801811795206e-13,,43,3,
resnet50_no_weights,CIFAR10,fp32_fused,layer2.3.conv2,3.264303684234619,3.0352475732797757e-07,0.002833596948120329,2.6347635184720275e-10,7.465857864961118e-13,,44,3,
resnet50_no_weights,CIFAR10,fp32_fused,layer2.3.conv2,3.2206033070882163,3.3356406940280675e-07,0.002795662592958521,2.8955214357882527e-10,8.094900965142765e-13,8.777148682790117e-06,aggregate,3,0.04634858245732566
resnet50_no_weights,CIFAR10,fp32_fused,layer2.3.conv3,0.2218104600906372,5.507248715730384e-06,0.0017328942194581032,1.0756345147910906e-08,1.8639608329311025e-11,,42,3,
resnet50_no_weights,CIFAR10,fp32_fused,layer2.3.conv3,0.2195613831281662,4.734097728942288e-06,0.0017153233056887984,9.246284626840406e-09,1.5860367511451404e-11,,43,3,
resnet50_no_weights,CIFAR10,fp32_fused,layer2.3.conv3,0.22367949783802032,4.472047294257209e-06,0.0017474960768595338,8.73446737159611e-09,1.5263447465321807e-11,,44,3,
resnet50_no_weights,CIFAR10,fp32_fused,layer2.3.conv3,0.22168378035227457,4.904464579643293e-06,0.001731904534002145,9.579032382115807e-09,1.6589969613939735e-11,2.901375002021906e-05,aggregate,3,0.00206197793585745
resnet50_no_weights,CIFAR10,fp32_fused,layer3.0.conv1,18.138944625854492,8.089132279565092e-07,0.035427626222372055,3.159817296705114e-09,1.1194482611865488e-10,,42,3,
resnet50_no_weights,CIFAR10,fp32_fused,layer3.0.conv1,17.71456527709961,6.878844942548312e-07,0.034598760306835175,2.6870488056829345e-09,9.296855756059158e-11,,43,3,
resnet50_no_weights,CIFAR10,fp32_fused,layer3.0.conv1,18.07118034362793,6.396327876245778e-07,0.0352952741086483,2.498565576658507e-09,8.818755690659491e-11,,44,3,
resnet50_no_weights,CIFAR10,fp32_fused,layer3.0.conv1,17.974896748860676,7.121435032786394e-07,0.03510722021261851,2.781810559682185e-09,9.766163590855002e-11,0.0002526394799442523,aggregate,3,0.22798542909226238
resnet50_no_weights,CIFAR10,fp32_fused,layer3.0.conv2,18.13649559020996,5.207225967751583e-06,0.007871742877695296,2.260080715169958e-09,1.7790774272655605e-11,,42,3,
resnet50_no_weights,CIFAR10,fp32_fused,layer3.0.conv2,17.700225830078125,4.48728906121687e-06,0.0076823896831936305,1.947608099486489e-09,1.4962284370399358e-11,,43,3,
resnet50_no_weights,CIFAR10,fp32_fused,layer3.0.conv2,18.6075439453125,4.263805749360472e-06,0.008076190948486328,1.8506101342710382e-09,1.4945880815576827e-11,,44,3,
resnet50_no_weights,CIFAR10,fp32_fused,layer3.0.conv2,18.148088455200195,4.652773592776309e-06,0.007876774503125085,2.0194329829758285e-09,1.590661823107384e-11,5.4859249559627796e-05,aggregate,3,0.4537701361340629
resnet50_no_weights,CIFAR10,fp32_fused,layer3.0.conv3,3.2580971717834473,1.1218269719392993e-05,0.012726942077279091,1.095534152284472e-08,1.3942799699805525e-10,,42,3,
resnet50_no_weights,CIFAR10,fp32_fused,layer3.0.conv3,3.178448438644409,9.860802492767107e-06,0.012415814213454723,9.629689934342878e-09,1.1956044115797618e-10,,43,3,
resnet50_no_weights,CIFAR10,fp32_fused,layer3.0.conv3,3.4340598583221436,9.44398470892338e-06,0.013414296321570873,9.222641317307989e-09,1.237152434979321e-10,,44,3,
resnet50_no_weights,CIFAR10,fp32_fused,layer3.0.conv3,3.2902018229166665,1.0174352307027826e-05,0.012852350870768229,9.935890924831861e-09,1.276995563796209e-10,5.6078585198810153e-05,aggregate,3,0.1307949958358729
resnet50_no_weights,CIFAR10,fp32_fused,layer3.0.downsample.0,17.99703025817871,6.683988885924919e-06,0.035150449723005295,6.527332896411053e-09,2.2943868680061526e-10,,42,3,
resnet50_no_weights,CIFAR10,fp32_fused,layer3.0.downsample.0,17.579486846923828,5.777058049716288e-06,0.0343349352478981,5.641658251676063e-09,1.9370597076206763e-10,,43,3,
resnet50_no_weights,CIFAR10,fp32_fused,layer3.0.downsample.0,17.87879753112793,5.587764462688938e-06,0.03491952642798424,5.456801233094666e-09,1.9054891487130616e-10,,44,3,
resnet50_no_weights,CIFAR10,fp32_fused,layer3.0.downsample.0,17.818438212076824,6.016270466110048e-06,0.03480163713296255,5.875264127060594e-09,2.0446881021027473e-10,9.629835403255511e-05,aggregate,3,0.21521631122623125
resnet50_no_weights,CIFAR10,fp32_fused,layer3.1.conv1,18.48927116394043,3.45498096976371e-06,0.018055928871035576,1.3496019413139493e-08,2.43683166565762e-10,,42,3,
resnet50_no_weights,CIFAR10,fp32_fused,layer3.1.conv1,18.207223892211914,2.6670538773032604e-06,0.017780492082238197,1.0418179208215861e-08,1.8524035292302073e-10,,43,3,
resnet50_no_weights,CIFAR10,fp32_fused,layer3.1.conv1,18.746519088745117,2.7185171802557306e-06,0.018307147547602654,1.0619207735373948e-08,1.944074028501343e-10,,44,3,
resnet50_no_weights,CIFAR10,fp32_fused,layer3.1.conv1,18.48100471496582,2.946850675774234e-06,0.01804785616695881,1.1511135452243101e-08,2.0775131696046383e-10,4.819175795654856e-05,aggregate,3,0.2697426141434347
resnet50_no_weights,CIFAR10,fp32_fused,layer3.1.conv2,13.588813781738281,4.514565716817742e-06,0.005897922648323907,1.959446925702145e-09,1.1556666401287332e-11,,42,3,
resnet50_no_weights,CIFAR10,fp32_fused,layer3.1.conv2,12.976633071899414,3.6532226204144536e-06,0.00563221921523412,1.5856000956659955e-09,8.930447326487079e-12,,43,3,
resnet50_no_weights,CIFAR10,fp32_fused,layer3.1.conv2,12.940157890319824,3.807721213888726e-06,0.005616387973229091,1.6526567768614262e-09,9.281961645440067e-12,,44,3,
resnet50_no_weights,CIFAR10,fp32_fused,layer3.1.conv2,13.168534914652506,3.991836517040308e-06,0.005715509945595706,1.7325679327431888e-09,9.902509251013888e-12,3.0962095495909106e-05,aggregate,3,0.36442880553956314
resnet50_no_weights,CIFAR10,fp32_fused,layer3.1.conv3,1.528320550918579,2.050176954071503e-05,0.0059700021520257,2.0021259317104523e-08,1.195269612093786e-10,,42,3,
resnet50_no_weights,CIFAR10,fp32_fused,layer3.1.conv3,1.5592029094696045,1.8570337488199584e-05,0.0060906363651156425,1.8135095203319906e-08,1.1045427033017448e-10,,43,3,
resnet50_no_weights,CIFAR10,fp32_fused,layer3.1.conv3,1.5490349531173706,1.7885880879475735e-05,0.006050917785614729,1.7466680546363023e-08,1.056894479736388e-10,,44,3,
resnet50_no_weights,CIFAR10,fp32_fused,layer3.1.conv3,1.545519471168518,1.898599596946345e-05,0.006037185434252024,1.854101168892915e-08,1.1193552570469958e-10,5.745704420410154e-05,aggregate,3,0.015738455369509862
resnet50_no_weights,CIFAR10,fp32_fused,layer3.2.conv1,19.442367553710938,3.5185869364795508e-06,0.018986687064170837,1.3744480220623245e-08,2.609621448086593e-10,,42,3,
resnet50_no_weights,CIFAR10,fp32_fused,layer3.2.conv1,19.526182174682617,3.1807223876967328e-06,0.019068537279963493,1.2424696826940362e-08,2.369207946367564e-10,,43,3,
resnet50_no_weights,CIFAR10,fp32_fused,layer3.2.conv1,19.984241485595703,3.0581093142245663e-06,0.019515860825777054,1.1945739508689712e-08,2.331313897125748e-10,,44,3,
resnet50_no_weights,CIFAR10,fp32_fused,layer3.2.conv1,19.650930404663086,3.25247287946695e-06,0.019190361723303795,1.2704972185417773e-08,2.438130119226806e-10,9.400849797842697e-05,aggregate,3,0.29168207037202143
resnet50_no_weights,CIFAR10,fp32_fused,layer3.2.conv2,16.678831100463867,4.79536493003252e-06,0.00723907599846522,2.0813215842155035e-09,1.506684512538206e-11,,42,3,
resnet50_no_weights,CIFAR10,fp32_fused,layer3.2.conv2,16.9027156829834,4.42409373135888e-06,0.007336248126294877,1.9201795709022917e-09,1.408691377918164e-11,,43,3,
resnet50_no_weights,CIFAR10,fp32_fused,layer3.2.conv2,17.58349609375,4.155636361247161e-06,0.0076317257351345485,1.803661615124636e-09,1.376505076562103e-11,,44,3,
resnet50_no_weights,CIFAR10,fp32_fused,layer3.2.conv2,17.05501429239909,4.458365007546187e-06,0.0074023499532982154,1.9350542567474772e-09,1.4323948787064201e-11,6.615027850829247e-05,aggregate,3,0.47116964815426554
resnet50_no_weights,CIFAR10,fp32_fused,layer3.2.conv3,1.6233423948287964,3.224568354198709e-05,0.006341181229799986,3.148992533397177e-08,1.9968332345558483e-10,,42,3,
resnet50_no_weights,CIFAR10,fp32_fused,layer3.2.conv3,1.6692078113555908,2.9448437999235466e-05,0.006520343013107777,2.8758240233628385e-08,1.875135907766138e-10,,43,3,
resnet50_no_weights,CIFAR10,fp32_fused,layer3.2.conv3,1.761857271194458,2.8078267860109918e-05,0.006882254965603352,2.742018345713859e-08,1.8871269375564695e-10,,44,3,
resnet50_no_weights,CIFAR10,fp32_fused,layer3.2.conv3,1.684802492459615,2.992412980044416e-05,0.006581259736170371,2.922278300824625e-08,1.9232272519101472e-10,9.114171302694286e-05,aggregate,3,0.07056194656258279
resnet50_no_weights,CIFAR10,fp32_fused,layer3.3.conv1,22.619474411010742,4.282013378542615e-06,0.022089330479502678,1.672661475993209e-08,3.694797212354673e-10,,42,3,
resnet50_no_weights,CIFAR10,fp32_fused,layer3.3.conv1,22.960712432861328,3.522631004670984e-06,0.02242257073521614,1.3760277361996032e-08,3.085407924855494e-10,,43,3,
resnet50_no_weights,CIFAR10,fp32_fused,layer3.3.conv1,23.57536506652832,3.2377677143813344e-06,0.023022817447781563,1.2647530134302087e-08,2.911817774473532e-10,,44,3,
resnet50_no_weights,CIFAR10,fp32_fused,layer3.3.conv1,23.05185063680013,3.6808040325316447e-06,0.022511572887500126,1.4378140752076737e-08,3.2367456352711134e-10,0.00017217672199613154,aggregate,3,0.48441858499581675
resnet50_no_weights,CIFAR10,fp32_fused,layer3.3.conv2,18.561567306518555,4.979775894753402e-06,0.008056235810120901,2.161361065431164e-09,1.7412434413927606e-11,,42,3,
resnet50_no_weights,CIFAR10,fp32_fused,layer3.3.conv2,18.79444122314453,4.504512162384344e-06,0.00815730955865648,1.9550834038126492e-09,1.594822053789157e-11,,43,3,
resnet50_no_weights,CIFAR10,fp32_fused,layer3.3.conv2,19.572162628173828,4.305803940951591e-06,0.008494862251811557,1.868838516038017e-09,1.5875525764622878e-11,,44,3,
resnet50_no_weights,CIFAR10,fp32_fused,layer3.3.conv2,18.976057052612305,4.596697332696446e-06,0.008236135873529647,1.9950943284272766e-09,1.643186796943543e-11,8.988164203512538e-05,aggregate,3,0.529210693554875
resnet50_no_weights,CIFAR10,fp32_fused,layer3.3.conv3,1.944258689880371,2.5684561478556134e-05,0.0075947605073452,2.5082579568902474e-08,1.904961847322441e-10,,42,3,
resnet50_no_weights,CIFAR10,fp32_fused,layer3.3.conv3,1.9782406091690063,2.4043178200372495e-05,0.007727502379566431,2.3479666211301264e-08,1.8143917651925605e-10,,43,3,
resnet50_no_weights,CIFAR10,fp32_fused,layer3.3.conv3,2.027982711791992,2.4179937099688686e-05,0.00792180746793747,2.3613219823914733e-08,1.8705938114313683e-10,,44,3,
resnet50_no_weights,CIFAR10,fp32_fused,layer3.3.conv3,1.9834940036137898,2.4635892259539105e-05,0.007748023451616366,2.4058488534706157e-08,1.8640573337734678e-10,0.00011227615507191635,aggregate,3,0.04210850954568167
resnet50_no_weights,CIFAR10,fp32_fused,layer3.4.conv1,27.238418579101562,2.9240816274977988e-06,0.02660001814365387,1.1422193857413276e-08,3.0383056384752493e-10,,42,3,
resnet50_no_weights,CIFAR10,fp32_fused,layer3.4.conv1,27.7327938079834,2.607510850793915e-06,0.027082806453108788,1.018558926091373e-08,2.7585434256418993e-10,,43,3,
resnet50_no_weights,CIFAR10,fp32_fused,layer3.4.conv1,28.385162353515625,2.8517581540654646e-06,0.027719885110855103,1.1139680289318221e-08,3.087906577915582e-10,,44,3,
resnet50_no_weights,CIFAR10,fp32_fused,layer3.4.conv1,27.785458246866863,2.794450210785726e-06,0.02713423656920592,1.0915821135881743e-08,2.961924730481533e-10,0.00017587594524522024,aggregate,3,0.5751829955601392
resnet50_no_weights,CIFAR10,fp32_fused,layer3.4.conv2,13.397186279296875,3.0490016342810122e-06,0.005814750989278157,1.3233514037678005e-09,7.694958884221457e-12,,42,3,
resnet50_no_weights,CIFAR10,fp32_fused,layer3.4.conv2,13.72220516204834,2.7750563731387956e-06,0.005955818212694592,1.2044515508414912e-09,7.17349448281e-12,,43,3,
resnet50_no_weights,CIFAR10,fp32_fused,layer3.4.conv2,14.132469177246094,2.867714329113369e-06,0.0061338841915130615,1.2446676775665664e-09,7.634647391112837e-12,,44,3,
resnet50_no_weights,CIFAR10,fp32_fused,layer3.4.conv2,13.750620206197103,2.897257445511059e-06,0.005968151131161937,1.257490210725286e-09,7.504891623565178e-12,3.8501531505565535e-05,aggregate,3,0.36846410416027287
resnet50_no_weights,CIFAR10,fp32_fused,layer3.4.conv3,1.1474618911743164,2.5298353648395278e-05,0.0044822730123996735,2.4705423484761013e-08,1.1073645294564939e-10,,42,3,
resnet50_no_weights,CIFAR10,fp32_fused,layer3.4.conv3,1.1875518560409546,2.3922271793708205e-05,0.004638874437659979,2.336159354854317e-08,1.0837149913533918e-10,,43,3,
resnet50_no_weights,CIFAR10,fp32_fused,layer3.4.conv3,1.2345402240753174,2.3874670660006814e-05,0.0048224227502942085,2.3315108066412904e-08,1.124353075650376e-10,,44,3,
resnet50_no_weights,CIFAR10,fp32_fused,layer3.4.conv3,1.1898513237635295,2.436509870070343e-05,0.004647856733451287,2.3794041699905694e-08,1.1059129693092739e-10,6.963970809561997e-05,aggregate,3,0.04358468399632789
resnet50_no_weights,CIFAR10,fp32_fused,layer3.5.conv1,29.55311393737793,1.6151592490132316e-06,0.028860462829470634,6.309215816457936e-09,1.8208688855399248e-10,,42,3,
resnet50_no_weights,CIFAR10,fp32_fused,layer3.5.conv1,30.133459091186523,1.3264028666526428e-06,0.02942720614373684,5.181261197861886e-09,1.524700413540266e-10,,43,3,
resnet50_no_weights,CIFAR10,fp32_fused,layer3.5.conv1,30.857831954956055,1.476777811149077e-06,0.030134601518511772,5.768663324801082e-09,1.7383637058733386e-10,,44,3,
resnet50_no_weights,CIFAR10,fp32_fused,layer3.5.conv1,30.181468327840168,1.4727799756049838e-06,0.029474090163906414,5.753046779706968e-09,1.6956581950225462e-10,0.00011210886153822245,aggregate,3,0.6536825999300405
resnet50_no_weights,CIFAR10,fp32_fused,layer3.5.conv2,7.839122772216797,1.5685754988226108e-06,0.003402397036552429,6.80805338030647e-10,2.3163700645845482e-12,,42,3,
resnet50_no_weights,CIFAR10,fp32_fused,layer3.5.conv2,8.27818489074707,1.4130268937151413e-06,0.0035929621921645272,6.13292922619419e-10,2.2035382836936577e-12,,43,3,
resnet50_no_weights,CIFAR10,fp32_fused,layer3.5.conv2,8.640700340270996,1.459668283132487e-06,0.0037503039671315085,6.335365812206974e-10,2.3759547538749148e-12,,44,3,
resnet50_no_weights,CIFAR10,fp32_fused,layer3.5.conv2,8.252669334411621,1.4804235585567465e-06,0.003581887731949488,6.425449472902545e-10,2.301523863925093e-12,1.1923056540899591e-05,aggregate,3,0.40139747397467723
resnet50_no_weights,CIFAR10,fp32_fused,layer3.5.conv3,0.8903428912162781,1.6171794413821772e-05,0.0034779019188135862,1.5792767982247824e-08,5.4925698068837476e-11,,42,3,
resnet50_no_weights,CIFAR10,fp32_fused,layer3.5.conv3,1.000839114189148,1.5845425878069364e-05,0.003909527789801359,1.5474048709052113e-08,6.049622344877908e-11,,43,3,
resnet50_no_weights,CIFAR10,fp32_fused,layer3.5.conv3,1.0500950813293457,1.5322211766033433e-05,0.004101933911442757,1.4963097427767025e-08,6.137763675917944e-11,,44,3,
resnet50_no_weights,CIFAR10,fp32_fused,layer3.5.conv3,0.9804256955782572,1.5779810685974855e-05,0.003829787873352567,1.540997137302232e-08,5.901692149311109e-11,3.791062459266064e-05,aggregate,3,0.08180905393670079
resnet50_no_weights,CIFAR10,fp32_fused,layer4.0.conv1,30.927900314331055,1.9051794879487716e-06,0.03020302765071392,3.7210536873999445e-09,1.1238708741033152e-10,,42,3,
resnet50_no_weights,CIFAR10,fp32_fused,layer4.0.conv1,31.77320671081543,1.8941242387882085e-06,0.031028522178530693,3.6994614038832196e-09,1.1478882021900877e-10,,43,3,
resnet50_no_weights,CIFAR10,fp32_fused,layer4.0.conv1,32.64035415649414,1.8407168909106986e-06,0.03187534585595131,3.595150177559958e-09,1.1459665531380843e-10,,44,3,
resnet50_no_weights,CIFAR10,fp32_fused,layer4.0.conv1,31.780487060546875,1.8800068725492263e-06,0.031035631895065308,3.6718884229477076e-09,1.1395937745435693e-10,0.00011549236284562784,aggregate,3,0.8562501346008291
resnet50_no_weights,CIFAR10,fp32_fused,layer4.0.conv2,12.442084312438965,1.0328878488508053e-05,0.002700105102525817,2.2415100886519213e-09,6.052312827732149e-12,,42,3,
resnet50_no_weights,CIFAR10,fp32_fused,layer4.0.conv2,12.690691947937012,1.0570164704404306e-05,0.0027540564123127195,2.293872548698851e-09,6.317454401772192e-12,,43,3,
resnet50_no_weights,CIFAR10,fp32_fused,layer4.0.conv2,13.62903881072998,9.78788739303127e-06,0.00295769071413411,2.1241075071682443e-09,6.282453049774069e-12,,44,3,
resnet50_no_weights,CIFAR10,fp32_fused,layer4.0.conv2,12.920605023701986,1.022897686198121e-05,0.0028039507429908823,2.2198300481730056e-09,6.224294112888185e-12,7.996438888933586e-06,aggregate,3,0.6259874296334569
resnet50_no_weights,CIFAR10,fp32_fused,layer4.0.conv3,2.244621515274048,5.626727579510771e-05,0.004384026397019625,2.7474255759329935e-08,1.204478624873709e-10,,42,3,
resnet50_no_weights,CIFAR10,fp32_fused,layer4.0.conv3,2.2708048820495605,5.482076812768355e-05,0.004435165785253048,2.6767953187345483e-08,1.1872031011776996e-10,,43,3,
resnet50_no_weights,CIFAR10,fp32_fused,layer4.0.conv3,2.490630865097046,5.250065078143962e-05,0.004864513408392668,2.5635083389374813e-08,1.2470220687287793e-10,,44,3,
resnet50_no_weights,CIFAR10,fp32_fused,layer4.0.conv3,2.3353524208068848,5.452956490141029e-05,0.004561235196888447,2.6625764112016743e-08,1.2144637241178003e-10,1.743182349866836e-05,aggregate,3,0.13511083827659703
resnet50_no_weights,CIFAR10,fp32_fused,layer4.0.downsample.0,30.607526779174805,1.0039219887403306e-05,0.029890162870287895,4.901962835646145e-09,1.4652046754156158e-10,,42,3,
resnet50_no_weights,CIFAR10,fp32_fused,layer4.0.downsample.0,31.688861846923828,9.913280337059405e-06,0.03094615414738655,4.8404689145797875e-09,1.4979389717621897e-10,,43,3,
resnet50_no_weights,CIFAR10,fp32_fused,layer4.0.downsample.0,32.59778594970703,9.557838893670123e-06,0.03183377534151077,4.666913522299865e-09,1.4856547660715262e-10,,44,3,
resnet50_no_weights,CIFAR10,fp32_fused,layer4.0.downsample.0,31.631391525268555,9.836779706044277e-06,0.030890030786395073,4.803115090841932e-09,1.4836837302670605e-10,1.9592047691344758e-05,aggregate,3,0.9963734339469701
resnet50_no_weights,CIFAR10,fp32_fused,layer4.1.conv1,20.08656120300293,2.079867772408761e-05,0.009807891212403774,4.0622417429858615e-08,3.984202509369082e-10,,42,3,
resnet50_no_weights,CIFAR10,fp32_fused,layer4.1.conv1,20.612899780273438,2.0082559785805643e-05,0.01006489247083664,3.9223749581651646e-08,3.9478282184234743e-10,,43,3,
resnet50_no_weights,CIFAR10,fp32_fused,layer4.1.conv1,21.28863525390625,1.9872959455824457e-05,0.010394841432571411,3.881437393715714e-08,4.03469262381281e-10,,44,3,
resnet50_no_weights,CIFAR10,fp32_fused,layer4.1.conv1,20.66269874572754,2.025139898857257e-05,0.010089208371937275,3.9553513649555803e-08,3.990636410526337e-10,5.5444258911511195e-05,aggregate,3,0.6025823252336594
resnet50_no_weights,CIFAR10,fp32_fused,layer4.1.conv2,33.528175354003906,2.805197254929226e-05,0.0072760797209209865,6.087667653926271e-09,4.429435516443958e-11,,42,3,
resnet50_no_weights,CIFAR10,fp32_fused,layer4.1.conv2,35.17897415161133,2.6747991796582937e-05,0.007634325987762875,5.804685719744561e-09,4.431486304104195e-11,,43,3,
resnet50_no_weights,CIFAR10,fp32_fused,layer4.1.conv2,35.82416915893555,2.773335472738836e-05,0.0077743422653939985,6.018523161325599e-09,4.679005898834631e-11,,44,3,
resnet50_no_weights,CIFAR10,fp32_fused,layer4.1.conv2,34.843772888183594,2.7511106357754517e-05,0.007561582658025953,5.970292178332144e-09,4.514485779902433e-11,5.684105000388098e-05,aggregate,3,1.1841312441295433
resnet50_no_weights,CIFAR10,fp32_fused,layer4.1.conv3,2.5120842456817627,6.904239853611216e-05,0.004906414542347193,3.3712108660211015e-08,1.6540558018364806e-10,,42,3,
resnet50_no_weights,CIFAR10,fp32_fused,layer4.1.conv3,2.7299084663391113,6.494914123322815e-05,0.005331852473318577,3.171344786778718e-08,1.6909142545132083e-10,,43,3,
resnet50_no_weights,CIFAR10,fp32_fused,layer4.1.conv3,2.747382879257202,6.677706551272422e-05,0.005365982186049223,3.2605989019884873e-08,1.749631562392188e-10,,44,3,
resnet50_no_weights,CIFAR10,fp32_fused,layer4.1.conv3,2.663125197092692,6.692286842735484e-05,0.005201416400571664,3.2677181849294357e-08,1.6996762959538235e-10,2.701887371746539e-05,aggregate,3,0.13109677924742097
resnet50_no_weights,CIFAR10,fp32_fused,layer4.2.conv1,44.82075881958008,4.324643668951467e-06,0.021885136142373085,8.446569665920833e-09,1.8485432707471618e-10,,42,3,
resnet50_no_weights,CIFAR10,fp32_fused,layer4.2.conv1,46.652339935302734,4.34650382885593e-06,0.02277946285903454,8.489265290734238e-09,1.9338090339077162e-10,,43,3,
resnet50_no_weights,CIFAR10,fp32_fused,layer4.2.conv1,49.029518127441406,4.057362730236491e-06,0.02394019439816475,7.924536582493147e-09,1.8971494630025406e-10,,44,3,
resnet50_no_weights,CIFAR10,fp32_fused,layer4.2.conv1,46.834205627441406,4.242836742681296e-06,0.022868264466524124,8.286790513049406e-09,1.8950451703109693e-10,5.6891150940308505e-05,aggregate,3,2.1102654040096827
resnet50_no_weights,CIFAR10,fp32_fused,layer4.2.conv2,15.664839744567871,2.9976524729136145e-06,0.0033994877917899024,6.505322206843781e-10,2.211476342382518e-12,,42,3,
resnet50_no_weights,CIFAR10,fp32_fused,layer4.2.conv2,16.550209045410156,2.8840170216426486e-06,0.0035916252268685233,6.258717494884221e-10,2.2478967642469532e-12,,43,3,
resnet50_no_weights,CIFAR10,fp32_fused,layer4.2.conv2,17.023269653320312,2.8120418846810935e-06,0.0036942859490712485,6.102521451130846e-10,2.254445925081857e-12,,44,3,
resnet50_no_weights,CIFAR10,fp32_fused,layer4.2.conv2,16.41277281443278,2.8979037930791187e-06,0.0035617996559098915,6.288853717619615e-10,2.2399637007485187e-12,3.858596593380551e-06,aggregate,3,0.6895647122911972
resnet50_no_weights,CIFAR10,fp32_fused,layer4.2.conv3,1.9184993505477905,1.0636837032507174e-05,0.0037470690440386534,5.1937680822788934e-09,1.9461407603023243e-11,,42,3,
resnet50_no_weights,CIFAR10,fp32_fused,layer4.2.conv3,2.1208813190460205,9.938731636793818e-06,0.004142346326261759,4.852896307028232e-09,2.010237718914765e-11,,43,3,
resnet50_no_weights,CIFAR10,fp32_fused,layer4.2.conv3,2.0028951168060303,1.0750459296104964e-05,0.003911904525011778,5.249247703176252e-09,2.0534555842962862e-11,,44,3,
resnet50_no_weights,CIFAR10,fp32_fused,layer4.2.conv3,2.0140919287999473,1.0442009321801985e-05,0.003933773298437397,5.098637364161125e-09,2.0056883521552266e-11,5.649895124202131e-06,aggregate,3,0.10165452150507118
resnet50_no_weights,CIFAR10,ptq,conv1,42.071197509765625,1.5345962083301856e-06,1.5581925003616899,2.664229528351017e-09,4.151382470318717e-09,,42,3,
resnet50_no_weights,CIFAR10,ptq,conv1,39.1317138671875,1.6116566712298663e-06,1.4493227358217593,2.798015054218518e-09,4.0552268332504505e-09,,43,3,
resnet50_no_weights,CIFAR10,ptq,conv1,38.804786682128906,1.1883847719218465e-06,1.43721432156033,2.0631680068087612e-09,2.965214607170632e-09,,44,3,
resnet50_no_weights,CIFAR10,ptq,conv1,40.00256601969401,1.4448792171606328e-06,1.4815765192479264,2.5084708631260986e-09,3.716491530025207e-09,0.05657510669194213,aggregate,3,1.7989295504186693
resnet50_no_weights,CIFAR10,ptq,fc,37.13220977783203,6.591848796233535e-05,0.018130961805582047,6.591848796233535e-06,1.1951655875268222e-07,,42,3,
resnet50_no_weights,CIFAR10,ptq,fc,39.121543884277344,7.027684478089213e-05,0.019102316349744797,7.027684478089213e-06,1.342450521066513e-07,,43,3,
resnet50_no_weights,CIFAR10,ptq,fc,42.13093185424805,6.912036769790575e-05,0.020571744069457054,6.912036769790575e-06,1.4219265142680835e-07,,44,3,
resnet50_no_weights,CIFAR10,ptq,fc,39.461561838785805,6.843856681371108e-05,0.01926834074159463,6.843856681371108e-06,1.3186976252329755e-07,0.0003306138647002898,aggregate,3,2.5166475232644916
resnet50_no_weights,CIFAR10,ptq,layer1.0.conv1,6.594444274902344,1.7745449554240622e-08,0.10303819179534912,2.772726492850097e-10,2.8569672416633403e-11,,42,3,
resnet50_no_weights,CIFAR10,ptq,layer1.0.conv1,6.270120143890381,1.842416352815235e-08,0.0979706272482872,2.8787755512738045e-10,2.820354464653284e-11,,43,3,
resnet50_no_weights,CIFAR10,ptq,layer1.0.conv1,6.302257537841797,1.361180501646686e-08,0.09847277402877808,2.126844533822947e-10,2.094362811734889e-11,,44,3,
resnet50_no_weights,CIFAR10,ptq,layer1.0.conv1,6.388940652211507,1.6593806032953278e-08,0.0998271976908048,2.5927821926489497e-10,2.5883018051476502e-11,0.00020681688407479698,aggregate,3,0.17869529156301356
resnet50_no_weights,CIFAR10,ptq,layer1.0.conv2,11.61142635345459,2.586261587111949e-07,0.020158726308080886,4.490037477624911e-10,9.051343662446642e-12,,42,3,
resnet50_no_weights,CIFAR10,ptq,layer1.0.conv2,10.723655700683594,2.5746746246113617e-07,0.018617457813686795,4.469921223283614e-10,8.321856980498596e-12,,43,3,
resnet50_no_weights,CIFAR10,ptq,layer1.0.conv2,11.09050178527832,1.8899200426858442e-07,0.019254343377219305,3.2811111852184793e-10,6.317564141903161e-12,,44,3,
resnet50_no_weights,CIFAR10,ptq,layer1.0.conv2,11.141861279805502,2.350285418136385e-07,0.019343509166328994,4.080356628709001e-10,7.892841584932384e-12,6.3852705695247e-05,aggregate,3,0.4461082057516156
resnet50_no_weights,CIFAR10,ptq,layer1.0.conv3,0.7632624506950378,9.452623999095522e-07,0.011925975792109966,3.6924312496466882e-09,4.4035845697316755e-11,,42,3,
resnet50_no_weights,CIFAR10,ptq,layer1.0.conv3,0.6848552823066711,9.672013447925565e-07,0.010700863786041737,3.778130253095924e-09,4.042925720430287e-11,,43,3,
resnet50_no_weights,CIFAR10,ptq,layer1.0.conv3,0.7085714340209961,6.988834115873033e-07,0.011071428656578064,2.7300133265129034e-09,3.0225147775994966e-11,,44,3,
resnet50_no_weights,CIFAR10,ptq,layer1.0.conv3,0.7188963890075684,8.704490520964706e-07,0.011232756078243256,3.4001916097518383e-09,3.8193522971631683e-11,4.174542560232035e-05,aggregate,3,0.04021037845229115
resnet50_no_weights,CIFAR10,ptq,layer1.0.downsample.0,6.594444274902344,6.025676384524559e-07,0.10303819179534912,2.3537798377049057e-09,2.425292183614638e-10,,42,3,
resnet50_no_weights,CIFAR10,ptq,layer1.0.downsample.0,6.270120143890381,6.230343956303841e-07,0.0979706272482872,2.433728107931188e-09,2.384338692858057e-10,,43,3,
resnet50_no_weights,CIFAR10,ptq,layer1.0.downsample.0,6.302257537841797,4.6423141952800506e-07,0.09847277402877808,1.8134039825312698e-09,1.7857092059468795e-10,,44,3,
resnet50_no_weights,CIFAR10,ptq,layer1.0.downsample.0,6.388940652211507,5.632778178702816e-07,0.0998271976908048,2.2003039760557877e-09,2.1965017999758493e-10,0.00039917390520970755,aggregate,3,0.17869529156301356
resnet50_no_weights,CIFAR10,ptq,layer1.1.conv1,9.921751976013184,2.1396962424091726e-08,0.0387568436563015,3.343275378764332e-10,1.295748011547314e-11,,42,3,
resnet50_no_weights,CIFAR10,ptq,layer1.1.conv1,9.303138732910156,2.1941488625998318e-08,0.0363403856754303,3.428357597812237e-10,1.2458783733778845e-11,,43,3,
resnet50_no_weights,CIFAR10,ptq,layer1.1.conv1,9.506647109985352,1.5455226431981828e-08,0.03713534027338028,2.4148791299971606e-10,8.967735821152909e-12,,44,3,
resnet50_no_weights,CIFAR10,ptq,layer1.1.conv1,9.577179272969564,1.9597892494023956e-08,0.03741085653503736,3.062170702191243e-10,1.1455842882547122e-11,6.834985741654646e-05,aggregate,3,0.3152803128123209
resnet50_no_weights,CIFAR10,ptq,layer1.1.conv2,8.852355003356934,3.562201129625464e-07,0.01536867188082801,6.18437696115532e-10,9.504566030334835e-12,,42,3,
resnet50_no_weights,CIFAR10,ptq,layer1.1.conv2,8.100316047668457,3.711347460466641e-07,0.01406304869386885,6.44331156331014e-10,9.061260426459872e-12,,43,3,
resnet50_no_weights,CIFAR10,ptq,layer1.1.conv2,8.74496078491211,2.5283867444159114e-07,0.015182223584916856,4.389560320166513e-10,6.6643286220247216e-12,,44,3,
resnet50_no_weights,CIFAR10,ptq,layer1.1.conv2,8.565877278645834,3.267311778169339e-07,0.014871314719871239,5.672416281543991e-10,8.435628774496244e-12,6.175881579351014e-05,aggregate,3,0.40674786340031477
resnet50_no_weights,CIFAR10,ptq,layer1.1.conv3,0.5625883936882019,1.8355018482907326e-06,0.008790443651378155,7.169929094885674e-09,6.30268576929693e-11,,42,3,
resnet50_no_weights,CIFAR10,ptq,layer1.1.conv3,0.5182951092720032,1.8811603013091371e-06,0.00809836108237505,7.348282426988817e-09,5.950904442902671e-11,,43,3,
resnet50_no_weights,CIFAR10,ptq,layer1.1.conv3,0.5449243783950806,1.348939349554712e-06,0.008514443412423134,5.2692943341980936e-09,4.48651084319315e-11,,44,3,
resnet50_no_weights,CIFAR10,ptq,layer1.1.conv3,0.5419359604517618,1.6885338330515272e-06,0.008467749382058779,6.595835285357528e-09,5.58518801617477e-11,5.762712898353379e-05,aggregate,3,0.022297348327694262
resnet50_no_weights,CIFAR10,ptq,layer1.2.conv1,11.337199211120605,1.5748116766189924e-07,0.044285934418439865,2.4606432447171755e-09,1.0897188536272191e-10,,42,3,
resnet50_no_weights,CIFAR10,ptq,layer1.2.conv1,10.66471004486084,1.6508859346231475e-07,0.041659023612737656,2.579509272848668e-09,1.074598377068784e-10,,43,3,
resnet50_no_weights,CIFAR10,ptq,layer1.2.conv1,10.902713775634766,1.1103361430286895e-07,0.0425887256860733,1.7349002234823274e-09,7.388718971059611e-11,,44,3,
resnet50_no_weights,CIFAR10,ptq,layer1.2.conv1,10.968207677205404,1.4453445847569432e-07,0.04284456123908361,2.2583509136827238e-09,9.675805402061988e-11,0.00022470128954594161,aggregate,3,0.3409948797876546
resnet50_no_weights,CIFAR10,ptq,layer1.2.conv2,4.733659267425537,2.9988956384841003e-07,0.008218158450391557,5.206416039034897e-10,4.278715196744877e-12,,42,3,
resnet50_no_weights,CIFAR10,ptq,layer1.2.conv2,4.418872833251953,3.11367756467007e-07,0.007671654224395752,5.405690216441094e-10,4.14705861847351e-12,,43,3,
resnet50_no_weights,CIFAR10,ptq,layer1.2.conv2,4.664492130279541,2.1586102150195075e-07,0.008098076615068648,3.7475871788533116e-10,3.034824809600309e-12,,44,3,
resnet50_no_weights,CIFAR10,ptq,layer1.2.conv2,4.605674743652344,2.757061139391226e-07,0.007995963096618652,4.786564478109767e-10,3.827319292655142e-12,8.254255176136809e-05,aggregate,3,0.16543046428082686
resnet50_no_weights,CIFAR10,ptq,layer1.2.conv3,0.5029360055923462,1.0924970865744399e-06,0.00785837508738041,4.267566744431406e-09,3.353614018817288e-11,,42,3,
resnet50_no_weights,CIFAR10,ptq,layer1.2.conv3,0.46901756525039673,1.1259247685302398e-06,0.007328399457037449,4.398143627071249e-09,3.223135336860166e-11,,43,3,
resnet50_no_weights,CIFAR10,ptq,layer1.2.conv3,0.5048948526382446,8.105097890620527e-07,0.007888982072472572,3.1660538635236435e-09,2.4976942169820548e-11,,44,3,
resnet50_no_weights,CIFAR10,ptq,layer1.2.conv3,0.49228280782699585,1.0096438813889108e-06,0.00769191887229681,3.943921411675433e-09,3.033632353732174e-11,7.209933574481439e-05,aggregate,3,0.020172082305709212
resnet50_no_weights,CIFAR10,ptq,layer2.0.conv1,12.586799621582031,1.830396314517202e-07,0.04916718602180481,1.429997120716564e-09,7.030893444491657e-11,,42,3,
resnet50_no_weights,CIFAR10,ptq,layer2.0.conv1,11.917353630065918,1.81800174914315e-07,0.04655216261744499,1.4203138665180859e-09,6.6118682081962e-11,,43,3,
resnet50_no_weights,CIFAR10,ptq,layer2.0.conv1,12.179550170898438,1.310714168312188e-07,0.04757636785507202,1.023995443993897e-09,4.871798392537144e-11,,44,3,
resnet50_no_weights,CIFAR10,ptq,layer2.0.conv1,12.227901140848795,1.6530374106575133e-07,0.047765238831440605,1.2914354770761822e-09,6.168572399793928e-11,0.0001730370006565044,aggregate,3,0.3373319524009004
resnet50_no_weights,CIFAR10,ptq,layer2.0.conv2,8.62932014465332,1.37376321163174e-06,0.007490729292233785,1.1925027878747743e-09,8.932715564204023e-12,,42,3,
resnet50_no_weights,CIFAR10,ptq,layer2.0.conv2,8.503087043762207,1.3615867828775663e-06,0.0073811519477102495,1.1819329712478874e-09,8.724026852789306e-12,,43,3,
resnet50_no_weights,CIFAR10,ptq,layer2.0.conv2,8.658549308776855,9.798530982152442e-07,0.007516101830535465,8.505669255340662e-10,6.392947625999517e-12,,44,3,
resnet50_no_weights,CIFAR10,ptq,layer2.0.conv2,8.596985499064127,1.2384010309081834e-06,0.007462661023493166,1.075000894885576e-09,8.022367278482862e-12,0.0001896094752760422,aggregate,3,0.08262128018800738
resnet50_no_weights,CIFAR10,ptq,layer2.0.conv3,1.8106473684310913,3.6643596104113385e-06,0.0141456825658679,7.1569523640846455e-09,1.0123997628137923e-10,,42,3,
resnet50_no_weights,CIFAR10,ptq,layer2.0.conv3,1.7866653203964233,3.7145309761399403e-06,0.013958322815597057,7.254943312773321e-09,1.0126684076854714e-10,,43,3,
resnet50_no_weights,CIFAR10,ptq,layer2.0.conv3,1.840453028678894,2.7050691642216407e-06,0.01437853928655386,5.283338211370392e-09,7.596668603634038e-11,,44,3,
resnet50_no_weights,CIFAR10,ptq,layer2.0.conv3,1.8125885725021362,3.3613199169243066e-06,0.01416084822267294,6.565077962742786e-09,9.296707260041546e-11,0.0002458737103468892,aggregate,3,0.026946346607733727
resnet50_no_weights,CIFAR10,ptq,layer2.0.downsample.0,12.729567527770996,1.449926344321284e-06,0.049724873155355453,2.8318873912525078e-09,1.408152413202814e-10,,42,3,
resnet50_no_weights,CIFAR10,ptq,layer2.0.downsample.0,12.022317886352539,1.4979074194343411e-06,0.046962179243564606,2.9256004285826975e-09,1.3739257172215007e-10,,43,3,
resnet50_no_weights,CIFAR10,ptq,layer2.0.downsample.0,12.309651374816895,1.1560643997654552e-06,0.048084575682878494,2.2579382807919046e-09,1.0857200415000689e-10,,44,3,
resnet50_no_weights,CIFAR10,ptq,layer2.0.downsample.0,12.353845596313477,1.3679660545070267e-06,0.04825720936059952,2.6718087002090365e-09,1.2893403181745875e-10,0.0002095753959009118,aggregate,3,0.35568997839677846
resnet50_no_weights,CIFAR10,ptq,layer2.1.conv1,12.448393821716309,5.930282895860728e-07,0.024313269183039665,4.633033512391194e-09,1.1264419092081083e-10,,42,3,
resnet50_no_weights,CIFAR10,ptq,layer2.1.conv1,12.036826133728027,6.845757525297813e-07,0.023509426042437553,5.3482480666389165e-09,1.2573424237925724e-10,,43,3,
resnet50_no_weights,CIFAR10,ptq,layer2.1.conv1,12.378700256347656,4.2482184881009744e-07,0.024177148938179016,3.3189206938288862e-09,8.024203992870542e-11,,44,3,
resnet50_no_weights,CIFAR10,ptq,layer2.1.conv1,12.287973403930664,5.674752969753172e-07,0.023999948054552078,4.4334007576196655e-09,1.064013878878838e-10,8.812878169504224e-05,aggregate,3,0.2202737200873627
resnet50_no_weights,CIFAR10,ptq,layer2.1.conv2,8.489818572998047,1.0202994644714636e-06,0.007369634177949693,8.856766184648122e-10,6.52711267804919e-12,,42,3,
resnet50_no_weights,CIFAR10,ptq,layer2.1.conv2,7.831017971038818,1.136282890001894e-06,0.006797758655415641,9.863566753488664e-10,6.705014627179752e-12,,43,3,
resnet50_no_weights,CIFAR10,ptq,layer2.1.conv2,7.928872585296631,7.392831093966379e-07,0.006882701896958881,6.41738810240137e-10,4.4168969265919266e-12,,44,3,
resnet50_no_weights,CIFAR10,ptq,layer2.1.conv2,8.083236376444498,9.652884879566652e-07,0.007016698243441405,8.379240346846052e-10,5.879460102308804e-12,4.1317393554142106e-05,aggregate,3,0.3554935910795262
resnet50_no_weights,CIFAR10,ptq,layer2.1.conv3,0.9166631698608398,4.161916876910254e-06,0.007161431014537811,8.12874390021534e-09,5.821343867623719e-11,,42,3,
resnet50_no_weights,CIFAR10,ptq,layer2.1.conv3,0.8692373633384705,4.333721790317213e-06,0.0067909169010818005,8.464300371713307e-09,5.748036045010086e-11,,43,3,
resnet50_no_weights,CIFAR10,ptq,layer2.1.conv3,0.868090808391571,3.1857366593612824e-06,0.006781959440559149,6.222141912815005e-09,4.219831408611448e-11,,44,3,
resnet50_no_weights,CIFAR10,ptq,layer2.1.conv3,0.8846637805302938,3.893791775529583e-06,0.0069114357853929205,7.605062061581217e-09,5.256189808254648e-11,5.737137327147867e-05,aggregate,3,0.027718213059421123
resnet50_no_weights,CIFAR10,ptq,layer2.2.conv1,15.516311645507812,2.562955216944829e-07,0.030305296182632446,2.0023087632381475e-09,6.068056011901253e-11,,42,3,
resnet50_no_weights,CIFAR10,ptq,layer2.2.conv1,15.0092134475708,2.5697863748064265e-07,0.02931487001478672,2.0076456053175207e-09,5.885386995564092e-11,,43,3,
resnet50_no_weights,CIFAR10,ptq,layer2.2.conv1,15.330355644226074,2.0685880031123816e-07,0.02994210086762905,1.616084377431548e-09,4.838896143965491e-11,,44,3,
resnet50_no_weights,CIFAR10,ptq,layer2.2.conv1,15.285293579101562,2.400443198287879e-07,0.02985408902168274,1.8753462486624053e-09,5.598675385404622e-11,0.00012980932944802346,aggregate,3,0.25653476932514524
resnet50_no_weights,CIFAR10,ptq,layer2.2.conv2,6.213608741760254,4.909017548015981e-07,0.005393757588333554,4.261299954874984e-10,2.2984418967772376e-12,,42,3,
resnet50_no_weights,CIFAR10,ptq,layer2.2.conv2,6.276040077209473,4.989298645341478e-07,0.005447951455911,4.330988407414477e-10,2.3595014599707364e-12,,43,3,
resnet50_no_weights,CIFAR10,ptq,layer2.2.conv2,6.291484355926514,3.869542979373364e-07,0.005461357947852876,3.358978280706045e-10,1.8344582729999145e-12,,44,3,
resnet50_no_weights,CIFAR10,ptq,layer2.2.conv2,6.260377724965413,4.5892863909102743e-07,0.005434355664032477,3.9837555476651687e-10,2.164914452457501e-12,3.452633871633885e-05,aggregate,3,0.04123269065687783
resnet50_no_weights,CIFAR10,ptq,layer2.2.conv3,0.541985034942627,4.258901753928512e-06,0.004234258085489273,8.318167488141626e-09,3.5221267943117675e-11,,42,3,
resnet50_no_weights,CIFAR10,ptq,layer2.2.conv3,0.5381953120231628,4.317687853472307e-06,0.00420465087518096,8.4329840888131e-09,3.545775392941511e-11,,43,3,
resnet50_no_weights,CIFAR10,ptq,layer2.2.conv3,0.543694019317627,3.3093908768933034e-06,0.004247609525918961,6.463654056432233e-09,2.7455078542346284e-11,,44,3,
resnet50_no_weights,CIFAR10,ptq,layer2.2.conv3,0.5412914554278055,3.961993494764708e-06,0.004228839495529731,7.73826854446232e-09,3.2723895647837623e-11,4.9277886798133376e-05,aggregate,3,0.0028142023532580405
resnet50_no_weights,CIFAR10,ptq,layer2.3.conv1,18.17457389831543,1.0893777613318889e-07,0.035497214645147324,8.510763760405382e-10,3.0210840799725104e-11,,42,3,
resnet50_no_weights,CIFAR10,ptq,layer2.3.conv1,17.604724884033203,1.1519004061710802e-07,0.03438422828912735,8.999221923211564e-10,3.094313010322261e-11,,43,3,
resnet50_no_weights,CIFAR10,ptq,layer2.3.conv1,17.95451545715332,8.436977338988072e-08,0.03506741300225258,6.591388546084431e-10,2.311429444038599e-11,,44,3,
resnet50_no_weights,CIFAR10,ptq,layer2.3.conv1,17.911271413167317,1.0283253004672588e-07,0.034982951978842415,8.033791409900459e-10,2.8104573910058447e-11,3.816573034024865e-05,aggregate,3,0.2873752081770517
resnet50_no_weights,CIFAR10,ptq,layer2.3.conv2,3.5445144176483154,2.3732387433028634e-07,0.003076835431986385,2.0601030757837357e-10,6.338598137115531e-13,,42,3,
resnet50_no_weights,CIFAR10,ptq,layer2.3.conv2,3.5186634063720703,2.429474932341691e-07,0.003054395318031311,2.1089192121021622e-10,6.441472967551125e-13,,43,3,
resnet50_no_weights,CIFAR10,ptq,layer2.3.conv2,3.5984513759613037,1.797872783981802e-07,0.003123655708299743,1.5606534583175366e-10,4.874944083751308e-13,,44,3,
resnet50_no_weights,CIFAR10,ptq,layer2.3.conv2,3.5538763999938965,2.200195486542119e-07,0.0030849621527724797,1.909891915401145e-10,5.89194427489867e-13,6.007884938777791e-06,aggregate,3,0.04070952048197494
resnet50_no_weights,CIFAR10,ptq,layer2.3.conv3,0.24780789017677307,3.7022509786766022e-06,0.0019359991420060396,7.230958942727739e-09,1.3999130309001802e-11,,42,3,
resnet50_no_weights,CIFAR10,ptq,layer2.3.conv3,0.23796014487743378,3.7437141600094037e-06,0.0018590636318549514,7.311941718768367e-09,1.3593364927605255e-11,,43,3,
resnet50_no_weights,CIFAR10,ptq,layer2.3.conv3,0.2461252063512802,2.8765964543708833e-06,0.0019228531746193767,5.6183524499431314e-09,1.0803266844503703e-11,,44,3,
resnet50_no_weights,CIFAR10,ptq,layer2.3.conv3,0.243964413801829,3.4408538643522966e-06,0.0019059719828267891,6.720417703813079e-09,1.2808927856360872e-11,2.0214977694449905e-05,aggregate,3,0.005267474746165152
resnet50_no_weights,CIFAR10,ptq,layer3.0.conv1,19.42681312561035,5.301779424371489e-07,0.03794299438595772,2.071007587645113e-09,7.858022927129435e-11,,42,3,
resnet50_no_weights,CIFAR10,ptq,layer3.0.conv1,18.88420295715332,5.281626158648578e-07,0.03688320890069008,2.0631352182221008e-09,7.609504724405656e-11,,43,3,
resnet50_no_weights,CIFAR10,ptq,layer3.0.conv1,19.221473693847656,3.7401511576717894e-07,0.037541940808296204,1.4609965459655427e-09,5.484864584976361e-11,,44,3,
resnet50_no_weights,CIFAR10,ptq,layer3.0.conv1,19.177496592203777,4.774518913563952e-07,0.037456048031648,1.8650464506109188e-09,6.985726943533719e-11,0.00016711852930528223,aggregate,3,0.2739652128099279
resnet50_no_weights,CIFAR10,ptq,layer3.0.conv2,17.84115982055664,3.5559503430704353e-06,0.007743558949894375,1.5433812252909875e-09,1.1951263500200973e-11,,42,3,
resnet50_no_weights,CIFAR10,ptq,layer3.0.conv2,17.23480224609375,3.536525355229969e-06,0.0074803829193115234,1.5349502409852296e-09,1.1482015564659018e-11,,43,3,
resnet50_no_weights,CIFAR10,ptq,layer3.0.conv2,18.09634780883789,2.5842202830972383e-06,0.007854317625363668,1.1216233867609542e-09,8.809586335656653e-12,,44,3,
resnet50_no_weights,CIFAR10,ptq,layer3.0.conv2,17.724103291829426,3.2255653271325477e-06,0.007692753164856523,1.3999849510123904e-09,1.076973866265207e-11,4.195398970090586e-05,aggregate,3,0.4425402381244876
resnet50_no_weights,CIFAR10,ptq,layer3.0.conv3,3.222496509552002,8.124777195916977e-06,0.012587876990437508,7.934352730387673e-09,9.9876656168862e-11,,42,3,
resnet50_no_weights,CIFAR10,ptq,layer3.0.conv3,3.111239433288574,8.438607437710743e-06,0.012153279036283493,8.240827575889398e-09,1.0015307701968354e-10,,43,3,
resnet50_no_weights,CIFAR10,ptq,layer3.0.conv3,3.3891656398773193,6.325089088932145e-06,0.013238928280770779,6.176844813410298e-09,8.17748054861899e-11,,44,3,
resnet50_no_weights,CIFAR10,ptq,layer3.0.conv3,3.2409671942392984,7.629491240853289e-06,0.01266002810249726,7.45067503989579e-09,9.43257553876556e-11,3.9261940144079126e-05,aggregate,3,0.1398807303448749
resnet50_no_weights,CIFAR10,ptq,layer3.0.downsample.0,19.257328033447266,4.501264811551664e-06,0.03761196881532669,4.395766417530922e-09,1.6533342941563336e-10,,42,3,
resnet50_no_weights,CIFAR10,ptq,layer3.0.downsample.0,18.77446937561035,4.578215794026619e-06,0.03666888549923897,4.47091386135412e-09,1.639434284589546e-10,,43,3,
resnet50_no_weights,CIFAR10,ptq,layer3.0.downsample.0,19.04145050048828,3.62721993951709e-06,0.037190333008766174,3.5422069721846583e-09,1.3173585688152078e-10,,44,3,
resnet50_no_weights,CIFAR10,ptq,layer3.0.downsample.0,19.024415969848633,4.235566848365124e-06,0.03715706244111061,4.136295750356567e-09,1.5369259947089942e-10,7.789525198721052e-05,aggregate,3,0.2418796235477502
resnet50_no_weights,CIFAR10,ptq,layer3.1.conv1,19.005252838134766,1.5647882491975906e-06,0.018559817224740982,6.112454098428088e-09,1.1344603086144425e-10,,42,3,
resnet50_no_weights,CIFAR10,ptq,layer3.1.conv1,18.642576217651367,1.4735203421878396e-06,0.018205640837550163,5.755938836671248e-09,1.0479055514334306e-10,,43,3,
resnet50_no_weights,CIFAR10,ptq,layer3.1.conv1,19.194984436035156,1.3491313666236238e-06,0.018745101988315582,5.27004440087353e-09,9.878751977732581e-11,,44,3,
resnet50_no_weights,CIFAR10,ptq,layer3.1.conv1,18.947604497273762,1.462479986003018e-06,0.018503520016868908,5.712812445324289e-09,1.057071394346758e-10,2.4817081998662617e-05,aggregate,3,0.28067990369370543
resnet50_no_weights,CIFAR10,ptq,layer3.1.conv2,16.955974578857422,2.3844891074986663e-06,0.007359363966517978,1.0349345084629629e-09,7.616459729288325e-12,,42,3,
resnet50_no_weights,CIFAR10,ptq,layer3.1.conv2,16.2105770111084,2.3753257210046286e-06,0.007035840716626909,1.0309573441860367e-09,7.253651659329659e-12,,43,3,
resnet50_no_weights,CIFAR10,ptq,layer3.1.conv2,16.085908889770508,2.103412498399848e-06,0.006981731288962894,9.129394524304897e-10,6.373897939962601e-12,,44,3,
resnet50_no_weights,CIFAR10,ptq,layer3.1.conv2,16.417486826578777,2.2877424423010475e-06,0.007125645324035927,9.929437683598298e-10,7.075365120043835e-12,2.0375333368841566e-05,aggregate,3,0.4704915829587825
resnet50_no_weights,CIFAR10,ptq,layer3.1.conv3,1.7725094556808472,1.5357398297055624e-05,0.006923865061253309,1.4997459274468383e-08,1.0384038427806104e-10,,42,3,
resnet50_no_weights,CIFAR10,ptq,layer3.1.conv3,1.8026281595230103,1.6599082300672308e-05,0.007041516248136759,1.62100413092503e-08,1.1414326926205405e-10,,43,3,
resnet50_no_weights,CIFAR10,ptq,layer3.1.conv3,1.7885074615478516,1.2916338164359331e-05,0.006986357271671295,1.261361148863216e-08,8.812319634564188e-11,,44,3,
resnet50_no_weights,CIFAR10,ptq,layer3.1.conv3,1.7878816922505696,1.4957606254029088e-05,0.0069839128603537875,1.4607037357450281e-08,1.0201427605236522e-10,4.518448687720369e-05,aggregate,3,0.015069099863397543
resnet50_no_weights,CIFAR10,ptq,layer3.2.conv1,19.86931800842285,2.261904910483281e-06,0.01940363086760044,8.835566056575317e-09,1.7144206226808752e-10,,42,3,
resnet50_no_weights,CIFAR10,ptq,layer3.2.conv1,19.92925453186035,2.521502437957679e-06,0.019462162628769875,9.849618898272183e-09,1.916948848295784e-10,,43,3,
resnet50_no_weights,CIFAR10,ptq,layer3.2.conv1,20.44386100769043,1.992776788029005e-06,0.019964708015322685,7.7842843282383e-09,1.5541096372152995e-10,,44,3,
resnet50_no_weights,CIFAR10,ptq,layer3.2.conv1,20.08081118265788,2.2587280454899883e-06,0.019610167170564335,8.823156427695267e-09,1.7302357251914342e-10,6.540159798561714e-05,aggregate,3,0.3158353658198659
resnet50_no_weights,CIFAR10,ptq,layer3.2.conv2,16.762792587280273,3.4343065635766834e-06,0.0072755176160070635,1.4905844459968245e-09,1.0844773394996027e-11,,42,3,
resnet50_no_weights,CIFAR10,ptq,layer3.2.conv2,16.898223876953125,3.880622443830362e-06,0.007334298557705349,1.6842979356902612e-09,1.235314392047918e-11,,43,3,
resnet50_no_weights,CIFAR10,ptq,layer3.2.conv2,17.756418228149414,2.923072088378831e-06,0.007706778744856517,1.268694482803312e-09,9.777547673785296e-12,,44,3,
resnet50_no_weights,CIFAR10,ptq,layer3.2.conv2,17.139144897460938,3.4126670319286254e-06,0.00743886497285631,1.4811922881634659e-09,1.1018389430484097e-11,4.59329032120034e-05,aggregate,3,0.538846158137967
resnet50_no_weights,CIFAR10,ptq,layer3.2.conv3,1.6740378141403198,2.722339195315726e-05,0.006539210211485624,2.6585343704255138e-08,1.7384715102672025e-10,,42,3,
resnet50_no_weights,CIFAR10,ptq,layer3.2.conv3,1.7021621465682983,2.931714516307693e-05,0.006649070885032415,2.8630024573317314e-08,1.9036306282820676e-10,,43,3,
resnet50_no_weights,CIFAR10,ptq,layer3.2.conv3,1.8137893676757812,2.1965015548630618e-05,0.0070851147174835205,2.1450210496709587e-08,1.519772020833566e-10,,44,3,
resnet50_no_weights,CIFAR10,ptq,layer3.2.conv3,1.7299964427947998,2.6168517554954935e-05,0.006757798604667187,2.555519292476068e-08,1.7269684708894847e-10,7.898777004031997e-05,aggregate,3,0.07391674515096164
resnet50_no_weights,CIFAR10,ptq,layer3.3.conv1,23.740201950073242,3.1254990062734578e-06,0.0231837909668684,1.2208980493255694e-08,2.830504516742139e-10,,42,3,
resnet50_no_weights,CIFAR10,ptq,layer3.3.conv1,23.9881534576416,3.0783382953814e-06,0.023425931110978127,1.2024758966333593e-08,2.816911751714473e-10,,43,3,
resnet50_no_weights,CIFAR10,ptq,layer3.3.conv1,24.697284698486328,2.1919979644735577e-06,0.024118442088365555,8.562492048724835e-09,2.0651396860926046e-10,,44,3,
resnet50_no_weights,CIFAR10,ptq,layer3.3.conv1,24.14188003540039,2.7986117553761383e-06,0.023576054722070694,1.093207716943804e-08,2.5773524957257093e-10,0.00011672094769979212,aggregate,3,0.4967149508113867
resnet50_no_weights,CIFAR10,ptq,layer3.3.conv2,18.593456268310547,4.187238573649665e-06,0.008070076505343119,1.817377853146556e-09,1.466637831400894e-11,,42,3,
resnet50_no_weights,CIFAR10,ptq,layer3.3.conv2,18.754899978637695,4.3117274799442384e-06,0.00814014756017261,1.871409496503576e-09,1.5233549447047434e-11,,43,3,
resnet50_no_weights,CIFAR10,ptq,layer3.3.conv2,19.647104263305664,3.2055777410278097e-06,0.008527389003170861,1.391309783432209e-09,1.1864239747243852e-11,,44,3,
resnet50_no_weights,CIFAR10,ptq,layer3.3.conv2,18.9984868367513,3.901514598207238e-06,0.00824587102289553,1.693365711027447e-09,1.396327524772611e-11,6.547208104722271e-05,aggregate,3,0.5674895967535893
resnet50_no_weights,CIFAR10,ptq,layer3.3.conv3,1.9930973052978516,2.35842599067837e-05,0.007785536348819733,2.3031503815218457e-08,1.7931261012136365e-10,,42,3,
resnet50_no_weights,CIFAR10,ptq,layer3.3.conv3,2.0223639011383057,2.522534668969456e-05,0.007899858988821507,2.4634127626654845e-08,1.9460613456320548e-10,,43,3,
resnet50_no_weights,CIFAR10,ptq,layer3.3.conv3,2.0901780128479004,1.9835793864331208e-05,0.008164757862687111,1.9370892445635945e-08,1.5815864640277244e-10,,44,3,
resnet50_no_weights,CIFAR10,ptq,layer3.3.conv3,2.035213073094686,2.2881800153603155e-05,0.007950051066776117,2.234550796250308e-08,1.7764792941495183e-10,8.409554298850708e-05,aggregate,3,0.049799516660084135
resnet50_no_weights,CIFAR10,ptq,layer3.4.conv1,28.81792640686035,2.3062582386046415e-06,0.028142506256699562,9.008821244549381e-09,2.535308082402189e-10,,42,3,
resnet50_no_weights,CIFAR10,ptq,layer3.4.conv1,29.174732208251953,2.4097842015180504e-06,0.028490949422121048,9.413219537179884e-09,2.681915617331138e-10,,43,3,
resnet50_no_weights,CIFAR10,ptq,layer3.4.conv1,29.97724723815918,2.007097009482095e-06,0.029274655506014824,7.840222693289434e-09,2.295198184364879e-10,,44,3,
resnet50_no_weights,CIFAR10,ptq,layer3.4.conv1,29.323301951090496,2.2410464832015955e-06,0.028636037061611812,8.754087825006232e-09,2.5068238339748323e-10,0.00011940407181306623,aggregate,3,0.5937684092608703
resnet50_no_weights,CIFAR10,ptq,layer3.4.conv2,14.103899955749512,2.7424623567640083e-06,0.006121484355794059,1.1903048423454896e-09,7.286432471043829e-12,,42,3,
resnet50_no_weights,CIFAR10,ptq,layer3.4.conv2,14.261740684509277,2.857033905456774e-06,0.006189991616540485,1.2400320770211692e-09,7.675788161002323e-12,,43,3,
resnet50_no_weights,CIFAR10,ptq,layer3.4.conv2,14.822531700134277,2.3683016934228363e-06,0.006433390494849946,1.0279087211036615e-09,6.61293819592166e-12,,44,3,
resnet50_no_weights,CIFAR10,ptq,layer3.4.conv2,14.39605744679769,2.6559326518812063e-06,0.0062482888223948305,1.15274854682344e-09,7.2027058601487845e-12,3.29819023331957e-05,aggregate,3,0.3776753109260705
resnet50_no_weights,CIFAR10,ptq,layer3.4.conv3,1.2587655782699585,2.4725788534851745e-05,0.004917053040117025,2.4146277866066157e-08,1.1872852898885104e-10,,42,3,
resnet50_no_weights,CIFAR10,ptq,layer3.4.conv3,1.2839878797531128,2.6889736545854248e-05,0.005015577655285597,2.625950834556079e-08,1.3170660329678035e-10,,43,3,
resnet50_no_weights,CIFAR10,ptq,layer3.4.conv3,1.3403164148330688,2.1354910131776705e-05,0.005235610995441675,2.085440442556319e-08,1.0918554911386616e-10,,44,3,
resnet50_no_weights,CIFAR10,ptq,layer3.4.conv3,1.2943566242853801,2.4323478404160898e-05,0.005056080563614766,2.3753396879063377e-08,1.2009908828005998e-10,6.173376622737723e-05,aggregate,3,0.041752459609193694
resnet50_no_weights,CIFAR10,ptq,layer3.5.conv1,31.685077667236328,1.1295438753222697e-06,0.030942458659410477,4.412280762977616e-09,1.36526815102147e-10,,42,3,
resnet50_no_weights,CIFAR10,ptq,layer3.5.conv1,32.12374496459961,1.1289023404970067e-06,0.031370844691991806,4.409774767566432e-09,1.383383593599908e-10,,43,3,
resnet50_no_weights,CIFAR10,ptq,layer3.5.conv1,32.98137283325195,9.773924602995976e-07,0.03220837190747261,3.817939298045303e-09,1.2296960883159804e-10,,44,3,
resnet50_no_weights,CIFAR10,ptq,layer3.5.conv1,32.26339848836263,1.0786128920396247e-06,0.03150722508629163,4.213331609529784e-09,1.3275038738464232e-10,7.530773122171763e-05,aggregate,3,0.6593349826783352
resnet50_no_weights,CIFAR10,ptq,layer3.5.conv2,8.865174293518066,1.3733075547861517e-06,0.0038477318982283273,5.960536262092673e-10,2.293454550620062e-12,,42,3,
resnet50_no_weights,CIFAR10,ptq,layer3.5.conv2,9.267668724060059,1.4472952898358926e-06,0.004022425661484401,6.281663584357173e-10,2.5267524798530373e-12,,43,3,
resnet50_no_weights,CIFAR10,ptq,layer3.5.conv2,9.704652786254883,1.2132303481848794e-06,0.004212088882923126,5.265756719552428e-10,2.217983533860453e-12,,44,3,
resnet50_no_weights,CIFAR10,ptq,layer3.5.conv2,9.279165267944336,1.3446110642689746e-06,0.004027415480878618,5.835985522000758e-10,2.3503938437489334e-12,1.0762633739913086e-05,aggregate,3,0.41985731246803554
resnet50_no_weights,CIFAR10,ptq,layer3.5.conv3,1.0606963634490967,1.7278711311519146e-05,0.004143345169723034,1.6873741515155416e-08,6.991373540197422e-11,,42,3,
resnet50_no_weights,CIFAR10,ptq,layer3.5.conv3,1.1901216506958008,1.9133831301587634e-05,0.004648912698030472,1.8685382130456674e-08,8.68667102538317e-11,,43,3,
resnet50_no_weights,CIFAR10,ptq,layer3.5.conv3,1.2313343286514282,1.4993766853876878e-05,0.0048098997212946415,1.4642350443239138e-08,7.04282373160344e-11,,44,3,
resnet50_no_weights,CIFAR10,ptq,layer3.5.conv3,1.1607174475987752,1.7135436488994554e-05,0.0045340525296827154,1.6733824696283744e-08,7.587204019545241e-11,3.803863598035751e-05,aggregate,3,0.0890381051119484
resnet50_no_weights,CIFAR10,ptq,layer4.0.conv1,33.5555534362793,1.7886267187350313e-06,0.0327690951526165,3.493411560029358e-09,1.1447593581785248e-10,,42,3,
resnet50_no_weights,CIFAR10,ptq,layer4.0.conv1,34.32382583618164,1.8170748035117867e-06,0.03351936116814613,3.5489742256089585e-09,1.1895934884462842e-10,,43,3,
resnet50_no_weights,CIFAR10,ptq,layer4.0.conv1,35.309722900390625,1.5479065496037947e-06,0.03448215126991272,3.0232549796949115e-09,1.0424833553735685e-10,,44,3,
resnet50_no_weights,CIFAR10,ptq,layer4.0.conv1,34.39636739095052,1.7178693572835375e-06,0.03359020253022512,3.3552135884444092e-09,1.127023039680111e-10,8.558610880217055e-05,aggregate,3,0.8793317548464691
resnet50_no_weights,CIFAR10,ptq,layer4.0.conv2,13.620884895324707,1.087927466869587e-05,0.0029559212012423407,2.360953704144069e-09,6.978793109231091e-12,,42,3,
resnet50_no_weights,CIFAR10,ptq,layer4.0.conv2,13.842597007751465,1.1895827810803894e-05,0.0030040358089738423,2.5815598547751506e-09,7.755098246753864e-12,,43,3,
resnet50_no_weights,CIFAR10,ptq,layer4.0.conv2,15.042820930480957,9.137882443610579e-06,0.0032645010699828467,1.9830474052974347e-09,6.473660376420184e-12,,44,3,
resnet50_no_weights,CIFAR10,ptq,layer4.0.conv2,14.168767611185709,1.063766164103678e-05,0.0030748193600663434,2.3085203214055515e-09,7.098282977364367e-12,6.813732199597011e-06,aggregate,3,0.7650267766081548
resnet50_no_weights,CIFAR10,ptq,layer4.0.conv3,2.6376922130584717,6.249607395147905e-05,0.0051517426036298275,3.051566110912063e-08,1.5720883141378658e-10,,42,3,
resnet50_no_weights,CIFAR10,ptq,layer4.0.conv3,2.653409957885742,6.890860822750255e-05,0.00518244132399559,3.364678136108523e-08,1.743724701451327e-10,,43,3,
resnet50_no_weights,CIFAR10,ptq,layer4.0.conv3,2.972728967666626,5.272109046927653e-05,0.005806111264973879,2.5742719955701432e-08,1.4946509632586596e-10,,44,3,
resnet50_no_weights,CIFAR10,ptq,layer4.0.conv3,2.7546103795369468,6.137525754941937e-05,0.005380098397533099,2.996838747530243e-08,1.612328734325256e-10,1.794426833006847e-05,aggregate,3,0.1890596486333806
resnet50_no_weights,CIFAR10,ptq,layer4.0.downsample.0,33.067771911621094,1.0829908205778338e-05,0.032292746007442474,5.288041116102704e-09,1.7076536863921724e-10,,42,3,
resnet50_no_weights,CIFAR10,ptq,layer4.0.downsample.0,34.121864318847656,1.2087444702046923e-05,0.033322133123874664,5.902072608421349e-09,1.9666964916459038e-10,,43,3,
resnet50_no_weights,CIFAR10,ptq,layer4.0.downsample.0,35.1328010559082,9.341075383417774e-06,0.034309376031160355,4.56107196455946e-09,1.564875331372538e-10,,44,3,
resnet50_no_weights,CIFAR10,ptq,layer4.0.downsample.0,34.107479095458984,1.0752809430414345e-05,0.033308085054159164,5.2503952296945045e-09,1.748806108786161e-10,2.006253209321211e-05,aggregate,3,1.0325897262115986
resnet50_no_weights,CIFAR10,ptq,layer4.1.conv1,22.231616973876953,2.260994369862601e-05,0.010855281725525856,4.416004628637893e-08,4.793697434509051e-10,,42,3,
resnet50_no_weights,CIFAR10,ptq,layer4.1.conv1,22.747161865234375,2.4433544240309857e-05,0.011107012629508972,4.772176609435519e-08,5.300462587124761e-10,,43,3,
resnet50_no_weights,CIFAR10,ptq,layer4.1.conv1,23.772865295410156,1.9580809748731554e-05,0.01160784438252449,3.8243769040491316e-08,4.4392771962323114e-10,,44,3,
resnet50_no_weights,CIFAR10,ptq,layer4.1.conv1,22.91721471150716,2.2208099229222473e-05,0.011190046245853106,4.337519380707514e-08,4.853704246240121e-10,5.6359662186069826e-05,aggregate,3,0.7845699937235274
resnet50_no_weights,CIFAR10,ptq,layer4.1.conv2,35.28495407104492,3.28450150846038e-05,0.00765732510222329,7.127824454124089e-09,5.458006911680541e-11,,42,3,
resnet50_no_weights,CIFAR10,ptq,layer4.1.conv2,37.037418365478516,3.4743552532745525e-05,0.008037634193897247,7.539833448946512e-09,6.06024231455427e-11,,43,3,
resnet50_no_weights,CIFAR10,ptq,layer4.1.conv2,38.08311080932617,2.923235842899885e-05,0.008264563977718353,6.343827784070931e-09,5.242897058508146e-11,,44,3,
resnet50_no_weights,CIFAR10,ptq,layer4.1.conv2,36.80182774861654,3.227364201544939e-05,0.007986507757946296,7.003828562380511e-09,5.59361311487778e-11,5.472307910709897e-05,aggregate,3,1.4138767580882878
resnet50_no_weights,CIFAR10,ptq,layer4.1.conv3,2.7305665016174316,8.280661859316751e-05,0.005333137698471546,4.0432919234945075e-08,2.1563432583114089e-10,,42,3,
resnet50_no_weights,CIFAR10,ptq,layer4.1.conv3,2.969686508178711,8.870222518453375e-05,0.005800168961286545,4.331163339088562e-08,2.5121479165643666e-10,,43,3,
resnet50_no_weights,CIFAR10,ptq,layer4.1.conv3,3.0517184734344482,7.437417662004009e-05,0.005960387643426657,3.631551592775395e-08,2.1645455240044858e-10,,44,3,
resnet50_no_weights,CIFAR10,ptq,layer4.1.conv3,2.9173238277435303,8.196100679924712e-05,0.0056978981010615826,4.002002285119488e-08,2.2803001220826445e-10,2.8760369659469632e-05,aggregate,3,0.16685633034816838
resnet50_no_weights,CIFAR10,ptq,layer4.2.conv1,49.74467849731445,4.660655577026773e-06,0.024289393797516823,9.102842923880416e-09,2.211025364550709e-10,,42,3,
resnet50_no_weights,CIFAR10,ptq,layer4.2.conv1,51.44375228881836,5.530267571884906e-06,0.02511901967227459,1.0801303851337707e-08,2.7131816392796715e-10,,43,3,
resnet50_no_weights,CIFAR10,ptq,layer4.2.conv1,55.25930404663086,3.993282916781027e-06,0.026982082054018974,7.799380696837943e-09,2.1044352993261307e-10,,44,3,
resnet50_no_weights,CIFAR10,ptq,layer4.2.conv1,52.149244944254555,4.728068688564235e-06,0.025463498507936794,9.234509157352022e-09,2.351429101497619e-10,5.81124496493841e-05,aggregate,3,2.8241925664602143
resnet50_no_weights,CIFAR10,ptq,layer4.2.conv2,20.004419326782227,3.413965259824181e-06,0.00434123683306906,7.408778775660115e-10,3.2163263308955987e-12,,42,3,
resnet50_no_weights,CIFAR10,ptq,layer4.2.conv2,20.81580924987793,3.6357619137561414e-06,0.0045173197156853145,7.890108319783293e-10,3.56421418718498e-12,,43,3,
resnet50_no_weights,CIFAR10,ptq,layer4.2.conv2,22.237939834594727,2.94404776468582e-06,0.0048259418043825365,6.388992544891102e-10,3.083290621027834e-12,,44,3,
resnet50_no_weights,CIFAR10,ptq,layer4.2.conv2,21.019389470418293,3.3312583127553808e-06,0.004561499451045637,7.229293213444837e-10,3.2976417024576572e-12,4.3870188145973805e-06,aggregate,3,1.1305915019807993
resnet50_no_weights,CIFAR10,ptq,layer4.2.conv3,2.376368284225464,1.2690315088548232e-05,0.004641344305127859,6.196442914330191e-09,2.8759825032476308e-11,,42,3,
resnet50_no_weights,CIFAR10,ptq,layer4.2.conv3,2.570549488067627,1.2604266885318793e-05,0.005020604468882084,6.154427190097067e-09,3.089894465401074e-11,,43,3,
resnet50_no_weights,CIFAR10,ptq,layer4.2.conv3,2.543853521347046,1.2203446203784551e-05,0.004968463908880949,5.9587139666916755e-09,2.960565528685243e-11,,44,3,
resnet50_no_weights,CIFAR10,ptq,layer4.2.conv3,2.4969237645467124,1.2499342725883858e-05,0.004876804227630298,6.103194690372978e-09,2.976408566806172e-11,6.503264715917071e-06,aggregate,3,0.10525391458944304
resnet18_no_weights,CIFAR10,fp32_unfused,conv1,42.071197509765625,1.8665718926058616e-07,1.5581925003616899,3.240576202440732e-10,5.049441535493714e-10,,42,3,
resnet18_no_weights,CIFAR10,fp32_unfused,conv1,39.1317138671875,2.58749849990636e-07,1.4493227358217593,4.492184895670764e-10,6.510625702810736e-10,,43,3,
resnet18_no_weights,CIFAR10,fp32_unfused,conv1,38.804786682128906,2.2368259067206964e-07,1.43721432156033,3.8833783102789865e-10,5.581246923569714e-10,,44,3,
resnet18_no_weights,CIFAR10,fp32_unfused,conv1,40.00256601969401,2.2302987664109727e-07,1.4815765192479264,3.872046469463494e-10,5.736733130593946e-10,0.00986060672511617,aggregate,3,1.7989295504186693
resnet18_no_weights,CIFAR10,fp32_unfused,fc,41.605072021484375,3.0432353014475666e-05,0.08125990629196167,3.0432353014475667e-06,2.47293015420019e-07,,42,3,
resnet18_no_weights,CIFAR10,fp32_unfused,fc,46.83121871948242,3.990903132944368e-05,0.0914672240614891,3.990903132944368e-06,3.6503683106872136e-07,,43,3,
resnet18_no_weights,CIFAR10,fp32_unfused,fc,38.87291717529297,4.672191425925121e-05,0.07592366635799408,4.6721914259251205e-06,3.547299029826195e-07,,44,3,
resnet18_no_weights,CIFAR10,fp32_unfused,fc,42.43640263875326,3.902109953439018e-05,0.08288359890381496,3.902109953439018e-06,3.2342091625942365e-07,0.0006814281467234556,aggregate,3,4.043757388057369
resnet18_no_weights,CIFAR10,fp32_unfused,layer1.0.conv1,28.945409774780273,1.5266412844994193e-07,0.050252447525660195,2.6504188967003806e-10,1.3319003652745407e-11,,42,3,
resnet18_no_weights,CIFAR10,fp32_unfused,layer1.0.conv1,27.19009780883789,2.141076578254797e-07,0.04720503091812134,3.717146837247911e-10,1.7546803137948458e-11,,43,3,
resnet18_no_weights,CIFAR10,fp32_unfused,layer1.0.conv1,28.552610397338867,1.9106697379811521e-07,0.04957050416204664,3.3171349617728335e-10,1.6443205242863067e-11,,44,3,
resnet18_no_weights,CIFAR10,fp32_unfused,layer1.0.conv1,28.22937266031901,1.8594625335784562e-07,0.04900932753527606,3.228233565240375e-10,1.582135561592375e-11,0.0005160176281562806,aggregate,3,0.9212176726596254
resnet18_no_weights,CIFAR10,fp32_unfused,layer1.0.conv2,18.806028366088867,1.2495823398239736e-07,0.032649354802237615,2.1694137844166209e-10,7.082996036028328e-12,,42,3,
resnet18_no_weights,CIFAR10,fp32_unfused,layer1.0.conv2,17.700048446655273,1.6959052118181717e-07,0.03072925077544318,2.94427988162877e-10,9.047551483566264e-12,,43,3,
resnet18_no_weights,CIFAR10,fp32_unfused,layer1.0.conv2,18.93007469177246,1.6603159735950612e-07,0.03286471300654941,2.882493009713648e-10,9.473230550762389e-12,,44,3,
resnet18_no_weights,CIFAR10,fp32_unfused,layer1.0.conv2,18.4787171681722,1.5352678417457355e-07,0.0320811061947434,2.6653955585863465e-10,8.550883796600598e-12,0.0008658756057615365,aggregate,3,0.6771931822829468
resnet18_no_weights,CIFAR10,fp32_unfused,layer1.1.conv1,66.8030014038086,2.6765730964939394e-08,0.11597743299272326,4.6468282925242e-11,5.38927216924916e-12,,42,3,
resnet18_no_weights,CIFAR10,fp32_unfused,layer1.1.conv1,65.93260192871094,3.655077307485044e-08,0.11446632279290093,6.345620325494868e-11,7.263598244992886e-12,,43,3,
resnet18_no_weights,CIFAR10,fp32_unfused,layer1.1.conv1,67.691162109375,3.484775845663535e-08,0.11751937866210938,6.049958065388081e-11,7.109873127762246e-12,,44,3,
resnet18_no_weights,CIFAR10,fp32_unfused,layer1.1.conv1,66.80892181396484,3.2721420832141725e-08,0.11598771148257786,5.680802227802383e-11,6.589032497879283e-12,0.0013429297266086913,aggregate,3,0.8792950390492481
resnet18_no_weights,CIFAR10,fp32_unfused,layer1.1.conv2,12.219646453857422,1.2190966458547337e-07,0.021214663982391357,2.1164872323866904e-10,4.490056545810509e-12,,42,3,
resnet18_no_weights,CIFAR10,fp32_unfused,layer1.1.conv2,11.897544860839844,1.6348408848898544e-07,0.02065545982784695,2.838265425155997e-10,5.862567747007664e-12,,43,3,
resnet18_no_weights,CIFAR10,fp32_unfused,layer1.1.conv2,12.435053825378418,1.6580905537466606e-07,0.021588635113504197,2.8786294335879525e-10,6.214568046872357e-12,,44,3,
resnet18_no_weights,CIFAR10,fp32_unfused,layer1.1.conv2,12.18408171335856,1.5040093614970829e-07,0.021152919641247502,2.6111273637102134e-10,5.523296729762458e-12,0.0008882039481659254,aggregate,3,0.2705136037520036
resnet18_no_weights,CIFAR10,fp32_unfused,layer2.0.conv1,82.72371673583984,1.6748731468396727e-07,0.14361756377749973,1.4538829399649936e-10,2.088031258554413e-11,,42,3,
resnet18_no_weights,CIFAR10,fp32_unfused,layer2.0.conv1,81.52665710449219,2.2311760972115735e-07,0.1415393352508545,1.9367848066072688e-10,2.741312340511476e-11,,43,3,
resnet18_no_weights,CIFAR10,fp32_unfused,layer2.0.conv1,83.58855438232422,2.3682751759679377e-07,0.14511901802486843,2.0557944235832792e-10,2.983348680114059e-11,,44,3,
resnet18_no_weights,CIFAR10,fp32_unfused,layer2.0.conv1,82.61297607421875,2.091441473339728e-07,0.14342530568440756,1.8154873900518473e-10,2.6038683388437347e-11,0.0006442394500901087,aggregate,3,1.0353997859208748
resnet18_no_weights,CIFAR10,fp32_unfused,layer2.0.conv2,22.90519905090332,6.559009193551901e-07,0.019882985287242465,5.693584369402692e-10,1.1320545424850739e-11,,42,3,
resnet18_no_weights,CIFAR10,fp32_unfused,layer2.0.conv2,22.712671279907227,8.816588774607226e-07,0.01971586048603058,7.65328886684655e-10,1.5089117555803763e-11,,43,3,
resnet18_no_weights,CIFAR10,fp32_unfused,layer2.0.conv2,23.6149959564209,9.269068073081144e-07,0.02049912843439314,8.046066035660715e-10,1.6493734105661747e-11,,44,3,
resnet18_no_weights,CIFAR10,fp32_unfused,layer2.0.conv2,23.077622095743816,8.214888680413424e-07,0.02003265806922206,7.13097975730332e-10,1.4285247917660151e-11,0.00037870386633258215,aggregate,3,0.47523124398068156
resnet18_no_weights,CIFAR10,fp32_unfused,layer2.0.downsample.0,9.576855659484863,6.433125463445322e-07,0.149638369679451,5.0258792683166575e-09,7.520643799166566e-10,,42,3,
resnet18_no_weights,CIFAR10,fp32_unfused,layer2.0.downsample.0,9.434122085571289,8.700037028575025e-07,0.1474081575870514,6.796903928574238e-09,1.00191908540732e-09,,43,3,
resnet18_no_weights,CIFAR10,fp32_unfused,layer2.0.downsample.0,9.706174850463867,9.141332952822268e-07,0.15165898203849792,7.1416663693923965e-09,1.0830978516406261e-09,,44,3,
resnet18_no_weights,CIFAR10,fp32_unfused,layer2.0.downsample.0,9.572384198506674,8.091498481614204e-07,0.14956850310166678,6.321483188761097e-09,9.454947779253485e-10,0.003756976316621623,aggregate,3,0.136081491004044
resnet18_no_weights,CIFAR10,fp32_unfused,layer2.1.conv1,64.45500946044922,1.826914086677789e-07,0.055950529045528836,1.5858629224633583e-10,8.872986950551338e-12,,42,3,
resnet18_no_weights,CIFAR10,fp32_unfused,layer2.1.conv1,64.9725341796875,2.5422545490982884e-07,0.056399769253200956,2.206818184981153e-10,1.2446403641670477e-11,,43,3,
resnet18_no_weights,CIFAR10,fp32_unfused,layer2.1.conv1,67.4318618774414,2.7532712465472287e-07,0.058534602324167885,2.389992401516692e-10,1.3989725478056254e-11,,44,3,
resnet18_no_weights,CIFAR10,fp32_unfused,layer2.1.conv1,65.6198018391927,2.374146627441102e-07,0.056961633540965895,2.0608911696537343e-10,1.1739172757362858e-11,0.00037023998252112275,aggregate,3,1.5904807906476173
resnet18_no_weights,CIFAR10,fp32_unfused,layer2.1.conv2,13.873137474060059,6.141887070043595e-07,0.012042654057343801,5.331499192746176e-10,6.420540038524994e-12,,42,3,
resnet18_no_weights,CIFAR10,fp32_unfused,layer2.1.conv2,14.195731163024902,8.604164918324386e-07,0.012322683301236894,7.468893158267696e-10,9.203680500010784e-12,,43,3,
resnet18_no_weights,CIFAR10,fp32_unfused,layer2.1.conv2,14.4594144821167,8.821379537948815e-07,0.012551575071281858,7.657447515580569e-10,9.611302734621026e-12,,44,3,
resnet18_no_weights,CIFAR10,fp32_unfused,layer2.1.conv2,14.17609437306722,7.855810508772265e-07,0.012305637476620852,6.819279955531481e-10,8.391558698435757e-12,0.0002471923151478536,aggregate,3,0.29363137636132003
resnet18_no_weights,CIFAR10,fp32_unfused,layer3.0.conv1,92.00240325927734,1.1323661510687089e-06,0.07986319727367824,4.914783641791272e-10,3.925103355418231e-11,,42,3,
resnet18_no_weights,CIFAR10,fp32_unfused,layer3.0.conv1,93.64712524414062,1.620164198357088e-06,0.08129090732998318,7.031962666480417e-10,5.71634625468761e-11,,43,3,
resnet18_no_weights,CIFAR10,fp32_unfused,layer3.0.conv1,96.70821380615234,1.5381774574052542e-06,0.08394810226228502,6.676117436654749e-10,5.6044738928731705e-11,,44,3,
resnet18_no_weights,CIFAR10,fp32_unfused,layer3.0.conv1,94.11924743652344,1.4302359356103504e-06,0.08170073562198214,6.207621248308813e-10,5.0716722244947704e-11,0.0002172186985083016,aggregate,3,2.3881661896055855
resnet18_no_weights,CIFAR10,fp32_unfused,layer3.0.conv2,26.52459716796875,4.155385340709472e-06,0.011512411965264214,1.8035526652384861e-09,2.0763241283275712e-11,,42,3,
resnet18_no_weights,CIFAR10,fp32_unfused,layer3.0.conv2,27.613737106323242,5.951659659331199e-06,0.01198512895239724,2.583185616029166e-09,3.095981271608726e-11,,43,3,
resnet18_no_weights,CIFAR10,fp32_unfused,layer3.0.conv2,28.255407333374023,5.911997504881583e-06,0.012263631655110253,2.5659711392715203e-09,3.146812488966954e-11,,44,3,
resnet18_no_weights,CIFAR10,fp32_unfused,layer3.0.conv2,27.464580535888672,5.339680834974085e-06,0.01192039085759057,2.317569806846391e-09,2.762633793735966e-11,0.00013422647864416956,aggregate,3,0.8749924108501798
resnet18_no_weights,CIFAR10,fp32_unfused,layer3.0.downsample.0,11.021347999572754,3.0945398066251073e-06,0.08610428124666214,1.2088046119629325e-08,1.0408325228071864e-09,,42,3,
resnet18_no_weights,CIFAR10,fp32_unfused,layer3.0.downsample.0,11.219635009765625,4.387632543512154e-06,0.08765339851379395,1.7139189623094353e-08,1.5023082182365712e-09,,43,3,
resnet18_no_weights,CIFAR10,fp32_unfused,layer3.0.downsample.0,11.566003799438477,4.389155947137624e-06,0.0903594046831131,1.7145140418506344e-08,1.5492246814246138e-09,,44,3,
resnet18_no_weights,CIFAR10,fp32_unfused,layer3.0.downsample.0,11.268995602925619,3.957109432424962e-06,0.0880390281478564,1.5457458720410006e-08,1.3608596433805048e-09,0.0006755817273567406,aggregate,3,0.27566254043607796
resnet18_no_weights,CIFAR10,fp32_unfused,layer3.1.conv1,63.464210510253906,1.2126846513638156e-06,0.02754523025618659,5.263388243766561e-10,1.4498124110225548e-11,,42,3,
resnet18_no_weights,CIFAR10,fp32_unfused,layer3.1.conv1,65.87741088867188,1.7203568631884991e-06,0.028592626253763836,7.466826663144528e-10,2.1349618408093005e-11,,43,3,
resnet18_no_weights,CIFAR10,fp32_unfused,layer3.1.conv1,67.5069351196289,1.7925187876244308e-06,0.029299885034561157,7.780029460175482e-10,2.2795396874864053e-11,,44,3,
resnet18_no_weights,CIFAR10,fp32_unfused,layer3.1.conv1,65.61618550618489,1.5751867673922486e-06,0.02847924718150386,6.83674812236219e-10,1.947054396944352e-11,9.638370413225123e-05,aggregate,3,2.0339824463729186
resnet18_no_weights,CIFAR10,fp32_unfused,layer3.1.conv2,12.897000312805176,3.844148523057811e-06,0.0055976563857661355,1.6684672409105081e-09,9.33950630552431e-12,,42,3,
resnet18_no_weights,CIFAR10,fp32_unfused,layer3.1.conv2,14.001794815063477,5.064517154096393e-06,0.006077167888482411,2.198141125909893e-09,1.3358472664732174e-11,,43,3,
resnet18_no_weights,CIFAR10,fp32_unfused,layer3.1.conv2,13.833563804626465,5.80749474465847e-06,0.006004150956869125,2.5206140384802387e-09,1.5134147191038875e-11,,44,3,
resnet18_no_weights,CIFAR10,fp32_unfused,layer3.1.conv2,13.577452977498373,4.905386807270891e-06,0.0058929917437058905,2.1290741351002132e-09,1.2546616299883315e-11,6.282561934325125e-05,aggregate,3,0.5952623706267837
resnet18_no_weights,CIFAR10,fp32_unfused,layer4.0.conv1,96.06610107421875,3.803769459409523e-06,0.041695356369018555,8.254708028232471e-10,3.441829929593514e-11,,42,3,
resnet18_no_weights,CIFAR10,fp32_unfused,layer4.0.conv1,102.72820281982422,5.0677590479608625e-06,0.044586893584993154,1.09977409894984e-09,4.9035510717408245e-11,,43,3,
resnet18_no_weights,CIFAR10,fp32_unfused,layer4.0.conv1,102.79021453857422,6.204586043168092e-06,0.044613808393478394,1.3464813461736311e-09,6.007166078358323e-11,,44,3,
resnet18_no_weights,CIFAR10,fp32_unfused,layer4.0.conv1,100.52817281087239,5.0253715168461594e-06,0.04363201944916337,1.0905754159822395e-09,4.7584007760916503e-11,3.4465224614800314e-05,aggregate,3,3.864391866852797
resnet18_no_weights,CIFAR10,fp32_unfused,layer4.0.conv2,42.53741455078125,7.051438387861708e-06,0.009231209754943848,1.5302600668102666e-09,1.4126151656339957e-11,,42,3,
resnet18_no_weights,CIFAR10,fp32_unfused,layer4.0.conv2,46.896114349365234,9.476369996264111e-06,0.010177108148733774,2.0565039054392602e-09,2.0929262653948726e-11,,43,3,
resnet18_no_weights,CIFAR10,fp32_unfused,layer4.0.conv2,46.73048782348633,1.0897996617131867e-05,0.010141164892249636,2.365016626981742e-09,2.3984023587133894e-11,,44,3,
resnet18_no_weights,CIFAR10,fp32_unfused,layer4.0.conv2,45.38800557454427,9.14193500041923e-06,0.009849827598642419,1.983926866410423e-09,1.9541337602457555e-11,1.8933330286250684e-05,aggregate,3,2.470072858254875
resnet18_no_weights,CIFAR10,fp32_unfused,layer4.0.downsample.0,12.280623435974121,1.140739277616376e-05,0.04797118529677391,2.2280064015944845e-08,1.0688010793328748e-09,,42,3,
resnet18_no_weights,CIFAR10,fp32_unfused,layer4.0.downsample.0,13.364967346191406,1.5196906133496668e-05,0.05220690369606018,2.968145729198568e-08,1.5495769824014196e-09,,43,3,
resnet18_no_weights,CIFAR10,fp32_unfused,layer4.0.downsample.0,13.060638427734375,1.744580913509708e-05,0.0510181188583374,3.407384596698648e-08,1.738383523504397e-09,,44,3,
resnet18_no_weights,CIFAR10,fp32_unfused,layer4.0.downsample.0,12.902076403299967,1.4683369348252503e-05,0.050398735950390496,2.867845575830567e-08,1.4453579192278032e-09,0.0001648852808838932,aggregate,3,0.55929139596536
resnet18_no_weights,CIFAR10,fp32_unfused,layer4.1.conv1,122.91362762451172,2.0397485513967695e-06,0.02667396432823605,4.426537654940906e-10,1.1807330750548739e-11,,42,3,
resnet18_no_weights,CIFAR10,fp32_unfused,layer4.1.conv1,141.6674041748047,2.6504421839490533e-06,0.030743794308768377,5.751827656139439e-10,1.7683300635983623e-11,,43,3,
resnet18_no_weights,CIFAR10,fp32_unfused,layer4.1.conv1,131.03076171875,2.977578333229758e-06,0.028435495164659288,6.461758535654857e-10,1.8374330359580956e-11,,44,3,
resnet18_no_weights,CIFAR10,fp32_unfused,layer4.1.conv1,131.87059783935547,2.555923022858527e-06,0.02861775126722124,5.546707948911734e-10,1.587343084338749e-11,1.6923060928131915e-05,aggregate,3,9.405053283032736
resnet18_no_weights,CIFAR10,fp32_unfused,layer4.1.conv2,41.394630432128906,1.6688929918018403e-06,0.008983209729194641,3.621729582903299e-10,3.2534756425648967e-12,,42,3,
resnet18_no_weights,CIFAR10,fp32_unfused,layer4.1.conv2,49.914695739746094,2.1091505004733335e-06,0.010832182235187955,4.577149523596644e-10,4.958051775730258e-12,,43,3,
resnet18_no_weights,CIFAR10,fp32_unfused,layer4.1.conv2,40.48968505859375,2.3950681224960135e-06,0.008786824014451768,5.197630474166696e-10,4.567066426865425e-12,,44,3,
resnet18_no_weights,CIFAR10,fp32_unfused,layer4.1.conv2,43.933003743489586,2.057703871590396e-06,0.009534071992944789,4.4655031935555465e-10,4.2574428932083445e-12,5.4734788153965886e-06,aggregate,3,5.200020277444124
resnet18_no_weights,CIFAR10,fp32_fused,conv1,42.071197509765625,1.041640871335403e-06,1.5581925003616899,1.8084042905128526e-09,2.8178420030990294e-09,,42,3,
resnet18_no_weights,CIFAR10,fp32_fused,conv1,39.1317138671875,1.4621617765442352e-06,1.4493227358217593,2.5384753065004082e-09,3.6790699760331504e-09,,43,3,
resnet18_no_weights,CIFAR10,fp32_fused,conv1,38.804786682128906,1.2697622651103302e-06,1.43721432156033,2.2044483769276564e-09,3.168264778460852e-09,,44,3,
resnet18_no_weights,CIFAR10,fp32_fused,conv1,40.00256601969401,1.2578549709966562e-06,1.4815765192479264,2.183775991313639e-09,3.2354312320276515e-09,0.10538016608704538,aggregate,3,1.7989295504186693
resnet18_no_weights,CIFAR10,fp32_fused,fc,41.60191345214844,3.043650031031575e-05,0.08125373721122742,3.043650031031575e-06,2.473079397843838e-07,,42,3,
resnet18_no_weights,CIFAR10,fp32_fused,fc,46.828529357910156,3.9907983591547236e-05,0.09146197140216827,3.990798359154724e-06,3.650062853968294e-07,,43,3,
resnet18_no_weights,CIFAR10,fp32_fused,fc,38.8707160949707,4.6715242206119e-05,0.07591936737298965,4.6715242206119e-06,3.54659163496454e-07,,44,3,
resnet18_no_weights,CIFAR10,fp32_fused,fc,42.433719635009766,3.9019908702660665e-05,0.08287835866212845,3.901990870266067e-06,3.233905988422618e-07,0.0006630930004533954,aggregate,3,4.0435904993382445
resnet18_no_weights,CIFAR10,fp32_fused,layer1.0.conv1,28.945409774780273,2.9904160214755393e-07,0.050252447525660195,5.191694481728367e-10,2.6089535451231438e-11,,42,3,
resnet18_no_weights,CIFAR10,fp32_fused,layer1.0.conv1,27.190099716186523,4.2021889612442465e-07,0.04720503422949049,7.295466946604594e-10,3.443827669345863e-11,,43,3,
resnet18_no_weights,CIFAR10,fp32_fused,layer1.0.conv1,28.5526065826416,3.7604672797897365e-07,0.04957049753930834,6.528589027412737e-10,3.236254063185185e-11,,44,3,
resnet18_no_weights,CIFAR10,fp32_fused,layer1.0.conv1,28.229372024536133,3.651024087503174e-07,0.04900932643148634,6.338583485248566e-10,3.106497071417753e-11,0.0010834614218432333,aggregate,3,0.9212159275193448
resnet18_no_weights,CIFAR10,fp32_fused,layer1.0.conv2,18.808074951171875,1.344607198916492e-07,0.03265290790134006,2.33438749811891e-10,7.62245399821164e-12,,42,3,
resnet18_no_weights,CIFAR10,fp32_fused,layer1.0.conv2,17.7020320892334,1.8168350379710319e-07,0.03073269459936354,3.154227496477486e-10,9.69379103461576e-12,,43,3,
resnet18_no_weights,CIFAR10,fp32_fused,layer1.0.conv2,18.932031631469727,1.8110316091224377e-07,0.03286811047130161,3.144152099170899e-10,1.0334233853412394e-11,,44,3,
resnet18_no_weights,CIFAR10,fp32_fused,layer1.0.conv2,18.480712890625,1.6574912820033205e-07,0.0320845709906684,2.877589031255765e-10,9.23262095552943e-12,0.001213021007504211,aggregate,3,0.6771994960789
resnet18_no_weights,CIFAR10,fp32_fused,layer1.1.conv1,66.80458068847656,1.4382067092810757e-07,0.11598017480638292,2.496886648057423e-10,2.8958934991342345e-11,,42,3,
resnet18_no_weights,CIFAR10,fp32_fused,layer1.1.conv1,65.93397521972656,1.956142199333044e-07,0.11446870697869195,3.3960802071754237e-10,3.88744910111299e-11,,43,3,
resnet18_no_weights,CIFAR10,fp32_fused,layer1.1.conv1,67.69274139404297,1.8364457332609163e-07,0.11752212047576904,3.188273842466869e-10,3.7469270262413446e-11,,44,3,
resnet18_no_weights,CIFAR10,fp32_fused,layer1.1.conv1,66.81043243408203,1.7435982139583453e-07,0.11599033408694798,3.0270802325665717e-10,3.511120474833928e-11,0.007997654016070367,aggregate,3,0.8793976894300242
resnet18_no_weights,CIFAR10,fp32_fused,layer1.1.conv2,12.2202730178833,9.58693604502514e-08,0.02121575176715851,1.6643986189279758e-10,3.5311467940777383e-12,,42,3,
resnet18_no_weights,CIFAR10,fp32_fused,layer1.1.conv2,11.898073196411133,1.281770778405189e-07,0.02065637707710266,2.2252964902867867e-10,4.596656341171699e-12,,43,3,
resnet18_no_weights,CIFAR10,fp32_fused,layer1.1.conv2,12.43559455871582,1.3218827632499597e-07,0.02158957388665941,2.2949353528645133e-10,4.95466763657752e-12,,44,3,
resnet18_no_weights,CIFAR10,fp32_fused,layer1.1.conv2,12.184646924336752,1.1874490487192209e-07,0.02115390091030686,2.0615434873597587e-10,4.360968665389678e-12,0.0006554282211495892,aggregate,3,0.27052581695563255
resnet18_no_weights,CIFAR10,fp32_fused,layer2.0.conv1,82.72444152832031,7.038633498268609e-07,0.14361882209777832,6.109924911691501e-10,8.775002189230056e-11,,42,3,
resnet18_no_weights,CIFAR10,fp32_fused,layer2.0.conv1,81.52713775634766,9.432293381905765e-07,0.14154016971588135,8.187754671793199e-10,1.1588961858376098e-10,,43,3,
resnet18_no_weights,CIFAR10,fp32_fused,layer2.0.conv1,83.58907318115234,9.91288288787473e-07,0.14511991871727836,8.604933062391259e-10,1.2487471865818407e-10,,44,3,
resnet18_no_weights,CIFAR10,fp32_fused,layer2.0.conv1,82.61355082194011,8.794603256016368e-07,0.14342630351031269,7.634204215291986e-10,1.0949456908421768e-10,0.002597891342607972,aggregate,3,1.0354308212465224
resnet18_no_weights,CIFAR10,fp32_fused,layer2.0.conv2,22.904680252075195,5.157378950571001e-07,0.019882534941037495,4.4768914501484386e-10,8.901195068480835e-12,,42,3,
resnet18_no_weights,CIFAR10,fp32_fused,layer2.0.conv2,22.712024688720703,6.955841627132031e-07,0.019715299208958943,6.038056967996555e-10,1.1904209976479151e-11,,43,3,
resnet18_no_weights,CIFAR10,fp32_fused,layer2.0.conv2,23.61440086364746,7.274348376995476e-07,0.020498611860805087,6.314538521697463e-10,1.2943927423637823e-11,,44,3,
resnet18_no_weights,CIFAR10,fp32_fused,layer2.0.conv2,23.077035268147785,6.462522984899503e-07,0.020032148670267175,5.609828979947485e-10,1.1237692814108127e-11,0.0003121189309982518,aggregate,3,0.4752371817765304
resnet18_no_weights,CIFAR10,fp32_fused,layer2.0.downsample.0,9.576970100402832,5.157378950571001e-07,0.14964015781879425,4.0292023051335946e-09,6.029304688240407e-10,,42,3,
resnet18_no_weights,CIFAR10,fp32_fused,layer2.0.downsample.0,9.434221267700195,6.955841627132031e-07,0.14740970730781555,5.434251271196899e-09,8.010613893242595e-10,,43,3,
resnet18_no_weights,CIFAR10,fp32_fused,layer2.0.downsample.0,9.706259727478027,7.274348376995476e-07,0.15166030824184418,5.683084669527716e-09,8.618983727450726e-10,,44,3,
resnet18_no_weights,CIFAR10,fp32_fused,layer2.0.downsample.0,9.572483698527018,6.462522984899503e-07,0.14957005778948465,5.048846081952736e-09,7.551562002478839e-10,0.0029277637172026713,aggregate,3,0.13607471018127235
resnet18_no_weights,CIFAR10,fp32_fused,layer2.1.conv1,64.45271301269531,4.7277680437218805e-07,0.05594853560129801,4.103965315730799e-10,2.2961084957365686e-11,,42,3,
resnet18_no_weights,CIFAR10,fp32_fused,layer2.1.conv1,64.9696273803711,6.587524126189237e-07,0.05639724598990546,5.718336915094824e-10,3.224984536537599e-11,,43,3,
resnet18_no_weights,CIFAR10,fp32_fused,layer2.1.conv1,67.4288558959961,7.18291857992881e-07,0.058531992965274386,6.235172378410425e-10,3.649570657903922e-11,,44,3,
resnet18_no_weights,CIFAR10,fp32_fused,layer2.1.conv1,65.6170654296875,6.166070249946642e-07,0.05695925818549262,5.352491536412016e-10,3.048739473581561e-11,0.0009950731971668976,aggregate,3,1.5902008163224062
resnet18_no_weights,CIFAR10,fp32_fused,layer2.1.conv2,13.872880935668945,3.36767840281027e-07,0.012042431367768182,2.9233319468839153e-10,3.5204024335553687e-12,,42,3,
resnet18_no_weights,CIFAR10,fp32_fused,layer2.1.conv2,14.195352554321289,4.720432968952082e-07,0.012322354647848342,4.0975980633264597e-10,5.049205654064517e-12,,43,3,
resnet18_no_weights,CIFAR10,fp32_fused,layer2.1.conv2,14.458956718444824,4.837286269321339e-07,0.012551177706983354,4.199033219896996e-10,5.270281214045371e-12,,44,3,
resnet18_no_weights,CIFAR10,fp32_fused,layer2.1.conv2,14.175730069478353,4.30846588036123e-07,0.012305321240866626,3.7399877433691235e-10,4.602175061906091e-12,0.00014921351920217467,aggregate,3,0.29353021517834965
resnet18_no_weights,CIFAR10,fp32_fused,layer3.0.conv1,92.00001525878906,3.860015112877591e-06,0.07986112435658772,1.6753537816308988e-09,1.3379563669610473e-10,,42,3,
resnet18_no_weights,CIFAR10,fp32_fused,layer3.0.conv1,93.6438217163086,5.511643394129351e-06,0.08128803968429565,2.392206334257531e-09,1.944577634321496e-10,,43,3,
resnet18_no_weights,CIFAR10,fp32_fused,layer3.0.conv1,96.70472717285156,5.3211183512758e-06,0.0839450756708781,2.309513173296788e-09,1.9387225809528867e-10,,44,3,
resnet18_no_weights,CIFAR10,fp32_fused,layer3.0.conv1,94.1161880493164,4.897592286094247e-06,0.08169807990392049,2.1256910963950727e-09,1.73664881044337e-10,0.0008027858452853731,aggregate,3,2.387661201468886
resnet18_no_weights,CIFAR10,fp32_fused,layer3.0.conv2,26.52353858947754,2.331882342332392e-06,0.01151195251279407,1.0121017110817674e-09,1.165126683609093e-11,,42,3,
resnet18_no_weights,CIFAR10,fp32_fused,layer3.0.conv2,27.612470626831055,3.3034827993105864e-06,0.011984579265117645,1.4338032983118865e-09,1.7183529279205924e-11,,43,3,
resnet18_no_weights,CIFAR10,fp32_fused,layer3.0.conv2,28.254352569580078,3.355771696078591e-06,0.012263173858324686,1.456498131978555e-09,1.7861289816778155e-11,,44,3,
resnet18_no_weights,CIFAR10,fp32_fused,layer3.0.conv2,27.46345392862956,2.9970456125738565e-06,0.011919901878745467,1.3008010471240696e-09,1.5505420845488267e-11,7.716873754845223e-05,aggregate,3,0.8749764229319298
resnet18_no_weights,CIFAR10,fp32_fused,layer3.0.downsample.0,11.021052360534668,2.331882342332392e-06,0.0861019715666771,9.108915399735906e-09,7.842955747513281e-10,,42,3,
resnet18_no_weights,CIFAR10,fp32_fused,layer3.0.downsample.0,11.219232559204102,3.3034827993105864e-06,0.08765025436878204,1.2904229684806978e-08,1.1310590143065198e-09,,43,3,
resnet18_no_weights,CIFAR10,fp32_fused,layer3.0.downsample.0,11.565597534179688,3.355771696078591e-06,0.09035623073577881,1.3108483187806996e-08,1.1844331315135663e-09,,44,3,
resnet18_no_weights,CIFAR10,fp32_fused,layer3.0.downsample.0,11.268627484639486,2.9970456125738565e-06,0.08803615222374599,1.1707209424116627e-08,1.030657670976805e-09,0.0005160357866108852,aggregate,3,0.27561250974710216
resnet18_no_weights,CIFAR10,fp32_fused,layer3.1.conv1,63.46294021606445,2.1075672975712223e-06,0.027544678913222417,9.147427506819541e-10,2.5196295355732294e-11,,42,3,
resnet18_no_weights,CIFAR10,fp32_fused,layer3.1.conv1,65.8758544921875,2.994288024638081e-06,0.02859195073445638,1.2996041773602782e-09,3.7158218613378784e-11,,43,3,
resnet18_no_weights,CIFAR10,fp32_fused,layer3.1.conv1,67.50542449951172,3.0956468890508404e-06,0.029299229383468628,1.3435967400394273e-09,3.936634908529585e-11,,44,3,
resnet18_no_weights,CIFAR10,fp32_fused,layer3.1.conv1,65.61473973592122,2.7325007370867147e-06,0.028478619677049143,1.1859812226938865e-09,3.377510818522092e-11,0.0001715313504838032,aggregate,3,2.0338523747889217
resnet18_no_weights,CIFAR10,fp32_fused,layer3.1.conv2,12.896456718444824,1.3533981473301537e-06,0.005597420450713899,5.874123903342681e-10,3.2879941266597673e-12,,42,3,
resnet18_no_weights,CIFAR10,fp32_fused,layer3.1.conv2,14.001360893249512,1.7529251863379613e-06,0.006076979554361767,7.608182232369624e-10,4.623476787196867e-12,,43,3,
resnet18_no_weights,CIFAR10,fp32_fused,layer3.1.conv2,13.833109855651855,2.0226998458383605e-06,0.006003953930404451,8.779079192006773e-10,5.2709187020181e-12,,44,3,
resnet18_no_weights,CIFAR10,fp32_fused,layer3.1.conv2,13.57697582244873,1.7096743931688252e-06,0.005892784645160039,7.42046177590636e-10,4.372718321305799e-12,2.1755894838155788e-05,aggregate,3,0.5953207464038873
resnet18_no_weights,CIFAR10,fp32_fused,layer4.0.conv1,96.06285858154297,5.523613253899384e-06,0.041693949037128024,1.198700792946915e-09,4.9978569771893624e-11,,42,3,
resnet18_no_weights,CIFAR10,fp32_fused,layer4.0.conv1,102.72515106201172,7.299564003915293e-06,0.04458556903733148,1.5841067716830064e-09,7.062830183137698e-11,,43,3,
resnet18_no_weights,CIFAR10,fp32_fused,layer4.0.conv1,102.78694152832031,8.951195013651159e-06,0.044612387816111244,1.942533640115269e-09,8.666106409866465e-11,,44,3,
resnet18_no_weights,CIFAR10,fp32_fused,layer4.0.conv1,100.52498372395833,7.258124090488612e-06,0.043630635296856915,1.5751137349150634e-09,6.87232129191493e-11,5.2842460868541355e-05,aggregate,3,3.8644372300974386
resnet18_no_weights,CIFAR10,fp32_fused,layer4.0.conv2,42.53529739379883,3.5718182971322676e-06,0.009230750302473703,7.751341790651622e-10,7.155070057863452e-12,,42,3,
resnet18_no_weights,CIFAR10,fp32_fused,layer4.0.conv2,46.89445114135742,4.748540050059091e-06,0.010176747209495969,1.0304991428079626e-09,1.0487129275958922e-11,,43,3,
resnet18_no_weights,CIFAR10,fp32_fused,layer4.0.conv2,46.7284049987793,5.454759957501665e-06,0.01014071289036009,1.1837586713328265e-09,1.2004156817460328e-11,,44,3,
resnet18_no_weights,CIFAR10,fp32_fused,layer4.0.conv2,45.386051177978516,4.591706101564341e-06,0.009849403467443254,9.964639977353171e-10,9.8145759544766e-12,1.0059657288267955e-05,aggregate,3,2.470220776343154
resnet18_no_weights,CIFAR10,fp32_fused,layer4.0.downsample.0,12.280255317687988,3.5718182971322676e-06,0.047969747334718704,6.97620761158646e-09,3.3464691648234394e-10,,42,3,
resnet18_no_weights,CIFAR10,fp32_fused,layer4.0.downsample.0,13.364654541015625,4.748540050059091e-06,0.052205681800842285,9.274492285271663e-09,4.84181193109259e-10,,43,3,
resnet18_no_weights,CIFAR10,fp32_fused,layer4.0.downsample.0,13.060225486755371,5.454759957501665e-06,0.05101650580763817,1.0653828041995439e-08,5.435210801780387e-10,,44,3,
resnet18_no_weights,CIFAR10,fp32_fused,layer4.0.downsample.0,12.901711781819662,4.591706101564341e-06,0.050397311647733055,8.968175979617854e-09,4.5197195975651467e-10,5.081237166786355e-05,aggregate,3,0.5593079338590946
resnet18_no_weights,CIFAR10,fp32_fused,layer4.1.conv1,122.90532684326172,3.952709448640235e-06,0.02667216294341617,8.577928490972732e-10,2.2879190642819668e-11,,42,3,
resnet18_no_weights,CIFAR10,fp32_fused,layer4.1.conv1,141.65997314453125,5.112779945193324e-06,0.03074218167199029,1.1095442589395235e-09,3.4109811181432664e-11,,43,3,
resnet18_no_weights,CIFAR10,fp32_fused,layer4.1.conv1,131.0231170654297,5.782314019597834e-06,0.02843383616871304,1.2548424521696688e-09,3.5679984702538495e-11,,44,3,
resnet18_no_weights,CIFAR10,fp32_fused,layer4.1.conv1,131.86280568440756,4.949267804477131e-06,0.02861606026137317,1.0740598534021553e-09,3.0735361489277707e-11,4.132013101599415e-05,aggregate,3,9.405476979083062
resnet18_no_weights,CIFAR10,fp32_fused,layer4.1.conv2,41.3913459777832,3.589124446534697e-07,0.008982496956984201,7.788898538486756e-11,6.996375742021598e-13,,42,3,
resnet18_no_weights,CIFAR10,fp32_fused,layer4.1.conv2,49.911991119384766,4.654347378618695e-07,0.010831595295005374,1.0100580248738487e-10,1.0940539749906002e-12,,43,3,
resnet18_no_weights,CIFAR10,fp32_fused,layer4.1.conv2,40.48733139038086,5.152157882548636e-07,0.008786313235759735,1.1180898182614227e-10,9.823887368958535e-13,,44,3,
resnet18_no_weights,CIFAR10,fp32_fused,layer4.1.conv2,43.930222829182945,4.4652099025673425e-07,0.009533468495916436,9.690125656613157e-11,9.23805076687931e-13,1.2766155887127841e-06,aggregate,3,5.200045624973601
resnet18_no_weights,CIFAR10,ptq,conv1,42.071197509765625,7.94111144841736e-07,1.5581925003616899,1.3786651820169027e-09,2.148225747128522e-09,,42,3,
resnet18_no_weights,CIFAR10,ptq,conv1,39.1317138671875,1.4550836340276874e-06,1.4493227358217593,2.5261868646314016e-09,3.6612600578445755e-09,,43,3,
resnet18_no_weights,CIFAR10,ptq,conv1,38.804786682128906,1.4015885199114564e-06,1.43721432156033,2.4333134026240564e-09,3.497192871095991e-09,,44,3,
resnet18_no_weights,CIFAR10,ptq,conv1,40.00256601969401,1.2169277662602933e-06,1.4815765192479264,2.11272181642412e-09,3.1301590349168045e-09,0.1002421323129704,aggregate,3,1.7989295504186693
resnet18_no_weights,CIFAR10,ptq,fc,43.50539779663086,3.073014522669837e-05,0.08497148007154465,3.073014522669837e-06,2.6111859227260736e-07,,42,3,
resnet18_no_weights,CIFAR10,ptq,fc,49.949134826660156,4.4016254832968116e-05,0.09755690395832062,4.401625483296812e-06,4.2940895453448366e-07,,43,3,
resnet18_no_weights,CIFAR10,ptq,fc,40.71752166748047,4.988869113731198e-05,0.07952640950679779,4.988869113731198e-06,3.967468481144026e-07,,44,3,
resnet18_no_weights,CIFAR10,ptq,fc,44.72401809692383,4.154503039899282e-05,0.08735159784555435,4.1545030398992825e-06,3.6290247878941516e-07,0.0008403174624748809,aggregate,3,4.734917840617669
resnet18_no_weights,CIFAR10,ptq,layer1.0.conv1,31.107091903686523,2.389716939887876e-07,0.05400536788834466,4.1488141317497845e-10,2.2405823348551036e-11,,42,3,
resnet18_no_weights,CIFAR10,ptq,layer1.0.conv1,29.204687118530273,4.3625186663120985e-07,0.050702581803003945,7.57381712901406e-10,3.8401208254482785e-11,,43,3,
resnet18_no_weights,CIFAR10,ptq,layer1.0.conv1,30.553098678588867,4.2643932829378173e-07,0.05304357409477234,7.403460560655932e-10,3.9270600880687774e-11,,44,3,
resnet18_no_weights,CIFAR10,ptq,layer1.0.conv1,30.288292566935223,3.672209629712597e-07,0.05258384126204031,6.375363940473259e-10,3.352411254335817e-11,0.001208929727743595,aggregate,3,0.9784567947657126
resnet18_no_weights,CIFAR10,ptq,layer1.0.conv2,20.356863021850586,1.1242008213230292e-07,0.03534177607960171,1.951737537019148e-10,6.897787099948409e-12,,42,3,
resnet18_no_weights,CIFAR10,ptq,layer1.0.conv2,18.900480270385742,1.9666367734316736e-07,0.032813333802753024,3.4142999538744334e-10,1.1203456408920604e-11,,43,3,
resnet18_no_weights,CIFAR10,ptq,layer1.0.conv2,19.994672775268555,2.0400749178861588e-07,0.03471297356817457,3.541796732441248e-10,1.2294629635708011e-11,,44,3,
resnet18_no_weights,CIFAR10,ptq,layer1.0.conv2,19.75067202250163,1.7103041708802871e-07,0.03428936115017644,2.969278074444943e-10,1.0181464824994314e-11,0.0012902768103757339,aggregate,3,0.7582314654537871
resnet18_no_weights,CIFAR10,ptq,layer1.1.conv1,64.00389862060547,1.173756345451693e-07,0.11111787954966228,2.037771433075856e-10,2.2643284065026563e-11,,42,3,
resnet18_no_weights,CIFAR10,ptq,layer1.1.conv1,63.013519287109375,2.1324187571281072e-07,0.10939847098456489,3.702115897791853e-10,4.050058186260784e-11,,43,3,
resnet18_no_weights,CIFAR10,ptq,layer1.1.conv1,65.03260040283203,2.0788066024124419e-07,0.11290382014380561,3.609039240299378e-10,4.0747431727869785e-11,,44,3,
resnet18_no_weights,CIFAR10,ptq,layer1.1.conv1,64.0166727701823,1.7949939016640806e-07,0.11114005689267759,3.1163088570556955e-10,3.4634674366832505e-11,0.00689005142930885,aggregate,3,1.0096011698388725
resnet18_no_weights,CIFAR10,ptq,layer1.1.conv2,12.19087028503418,8.566598097559108e-08,0.021164705355962116,1.4872566141595675e-10,3.1477348027393083e-12,,42,3,
resnet18_no_weights,CIFAR10,ptq,layer1.1.conv2,11.79788875579834,1.4410915127882618e-07,0.02048244575659434,2.501894987479621e-10,5.124492836974661e-12,,43,3,
resnet18_no_weights,CIFAR10,ptq,layer1.1.conv2,12.349527359008789,1.5274615350335807e-07,0.021440151664945815,2.6518429427666334e-10,5.685591488453285e-12,,44,3,
resnet18_no_weights,CIFAR10,ptq,layer1.1.conv2,12.112762133280436,1.2750709525259177e-07,0.021029100925834092,2.213664848135274e-10,4.6551381507407875e-12,0.0007242890721071413,aggregate,3,0.28399286904037435
resnet18_no_weights,CIFAR10,ptq,layer2.0.conv1,80.70013427734375,6.282891149567149e-07,0.14010439978705513,5.453898567332595e-10,7.64115185275613e-11,,42,3,
resnet18_no_weights,CIFAR10,ptq,layer2.0.conv1,79.23546600341797,1.0558444500929909e-06,0.13756157292260063,9.165316407057212e-10,1.2607953412881086e-10,,43,3,
resnet18_no_weights,CIFAR10,ptq,layer2.0.conv1,81.77204895019531,1.0884837138291914e-06,0.14196536276075575,9.448643349211732e-10,1.3413800806678457e-10,,44,3,
resnet18_no_weights,CIFAR10,ptq,layer2.0.conv1,80.56921641031902,9.24205759626299e-07,0.1398771118234705,8.022619441200513e-10,1.1221808366939526e-10,0.0027599089310910772,aggregate,3,1.273349079160989
resnet18_no_weights,CIFAR10,ptq,layer2.0.conv2,22.834632873535156,4.83047813304438e-07,0.01982172992494371,4.1931233793788025e-10,8.311495916801391e-12,,42,3,
resnet18_no_weights,CIFAR10,ptq,layer2.0.conv2,22.523256301879883,8.06497325811506e-07,0.01955143776204851,7.000844842113767e-10,1.3687658221234564e-11,,43,3,
resnet18_no_weights,CIFAR10,ptq,layer2.0.conv2,23.66151237487793,8.115675882436335e-07,0.020539507269859314,7.044857536837097e-10,1.4469790259298873e-11,,44,3,
resnet18_no_weights,CIFAR10,ptq,layer2.0.conv2,23.00646718343099,7.003709091198592e-07,0.019970891652283846,6.079608586109888e-10,1.2141520436149517e-11,0.0003619591310914927,aggregate,3,0.5882618417611895
resnet18_no_weights,CIFAR10,ptq,layer2.0.downsample.0,9.33151912689209,4.83047813304438e-07,0.1458049863576889,3.773811041440922e-09,5.502404674137894e-10,,42,3,
resnet18_no_weights,CIFAR10,ptq,layer2.0.downsample.0,9.175198554992676,8.06497325811506e-07,0.14336247742176056,6.300760357902391e-09,9.032926145497055e-10,,43,3,
resnet18_no_weights,CIFAR10,ptq,layer2.0.downsample.0,9.489325523376465,8.115675882436335e-07,0.14827071130275726,6.340371783153387e-09,9.40091434212084e-10,,44,3,
resnet18_no_weights,CIFAR10,ptq,layer2.0.downsample.0,9.332014401753744,7.003709091198592e-07,0.14581272502740225,5.4716477274989e-09,7.978358655366076e-10,0.0030219905067764424,aggregate,3,0.15706406985491284
resnet18_no_weights,CIFAR10,ptq,layer2.1.conv1,66.05937957763672,4.294130064863566e-07,0.057343211438920766,3.7275434590829565e-10,2.1374931272196007e-11,,42,3,
resnet18_no_weights,CIFAR10,ptq,layer2.1.conv1,66.54756164550781,7.175168548201327e-07,0.057766980595058866,6.228444920313652e-10,3.5979845684915166e-11,,43,3,
resnet18_no_weights,CIFAR10,ptq,layer2.1.conv1,69.54915618896484,7.419169492095534e-07,0.06037253141403198,6.440251295221818e-10,3.888142736350394e-11,,44,3,
resnet18_no_weights,CIFAR10,ptq,layer2.1.conv1,67.38536580403645,6.296156035053476e-07,0.058494241149337205,5.465413224872809e-10,3.196951991564868e-11,0.001076515234353163,aggregate,3,1.8897280373850418
resnet18_no_weights,CIFAR10,ptq,layer2.1.conv2,13.844573974609375,3.33632499405212e-07,0.012017859352959527,2.896115446225799e-10,3.480510810267527e-12,,42,3,
resnet18_no_weights,CIFAR10,ptq,layer2.1.conv2,14.213549613952637,5.560891054301464e-07,0.012338150706556108,4.827162373525576e-10,5.955825684957565e-12,,43,3,
resnet18_no_weights,CIFAR10,ptq,layer2.1.conv2,14.5814847946167,5.468719450618664e-07,0.012657538884215884,4.747152300884258e-10,6.008726483773739e-12,,44,3,
resnet18_no_weights,CIFAR10,ptq,layer2.1.conv2,14.213202794392904,4.788645166324083e-07,0.012337849647910506,4.1568100402118776e-10,5.128609729105897e-12,0.00016700409139666918,aggregate,3,0.3684555324239575
resnet18_no_weights,CIFAR10,ptq,layer3.0.conv1,92.63665008544922,3.6730045849253656e-06,0.08041375875473022,1.5941860177627456e-09,1.281944898425375e-10,,42,3,
resnet18_no_weights,CIFAR10,ptq,layer3.0.conv1,94.47383117675781,6.317866336758016e-06,0.08200853400760227,2.742129486440111e-09,2.2487801924197282e-10,,43,3,
resnet18_no_weights,CIFAR10,ptq,layer3.0.conv1,98.15227508544922,5.936563866271172e-06,0.08520162767834133,2.5766336225135293e-09,2.195333785688936e-10,,44,3,
resnet18_no_weights,CIFAR10,ptq,layer3.0.conv1,95.08758544921875,5.309144929318184e-06,0.08254130681355794,2.304316375572129e-09,1.9020128495160488e-10,0.00088549521628983,aggregate,3,2.808567342147824
resnet18_no_weights,CIFAR10,ptq,layer3.0.conv2,27.580835342407227,2.2851306766824564e-06,0.011970848672919802,9.918101895323161e-10,1.1872809691151264e-11,,42,3,
resnet18_no_weights,CIFAR10,ptq,layer3.0.conv2,28.710437774658203,3.80358846996387e-06,0.012461127506362068,1.6508630511995963e-09,2.05716149765401e-11,,43,3,
resnet18_no_weights,CIFAR10,ptq,layer3.0.conv2,29.4611873626709,3.709098336912575e-06,0.0127869736817148,1.6098517087294164e-09,2.0585131430986645e-11,,44,3,
resnet18_no_weights,CIFAR10,ptq,layer3.0.conv2,28.58415349324544,3.2659391611863007e-06,0.012406316620332224,1.4175083164871097e-09,1.7586056986293177e-11,8.744366899539647e-05,aggregate,3,0.9465155676619224
resnet18_no_weights,CIFAR10,ptq,layer3.0.downsample.0,11.072123527526855,2.2851306766824564e-06,0.08650096505880356,8.926291705790845e-09,7.721328469473019e-10,,42,3,
resnet18_no_weights,CIFAR10,ptq,layer3.0.downsample.0,11.317787170410156,3.80358846996387e-06,0.08842021226882935,1.4857767460796367e-08,1.3137269527245204e-09,,43,3,
resnet18_no_weights,CIFAR10,ptq,layer3.0.downsample.0,11.734371185302734,3.709098336912575e-06,0.09167477488517761,1.4488665378564747e-08,1.3282451369665898e-09,,44,3,
resnet18_no_weights,CIFAR10,ptq,layer3.0.downsample.0,11.374760627746582,3.2659391611863007e-06,0.08886531740427017,1.2757574848383987e-08,1.1337059382103769e-09,0.0006011667180665238,aggregate,3,0.33477973533064775
resnet18_no_weights,CIFAR10,ptq,layer3.1.conv1,66.98043823242188,1.983117726922501e-06,0.029071370760599773,8.60728180087891e-10,2.502254804743137e-11,,42,3,
resnet18_no_weights,CIFAR10,ptq,layer3.1.conv1,69.64089965820312,3.2891555292735575e-06,0.030226084921095107,1.4275848651360927e-09,4.3150301365673646e-11,,43,3,
resnet18_no_weights,CIFAR10,ptq,layer3.1.conv1,71.59857940673828,3.2182797440327704e-06,0.03107577231195238,1.3968228055697789e-09,4.340734746602898e-11,,44,3,
resnet18_no_weights,CIFAR10,ptq,layer3.1.conv1,69.4066390991211,2.8301843334096097e-06,0.030124409331215754,1.2283786169312541e-09,3.7004180270149773e-11,0.00018706255912471714,aggregate,3,2.3179658072618756
resnet18_no_weights,CIFAR10,ptq,layer3.1.conv2,14.105998039245605,1.3244194860817515e-06,0.006122394982311461,5.748348463896491e-10,3.5193659791937672e-12,,42,3,
resnet18_no_weights,CIFAR10,ptq,layer3.1.conv2,15.321124076843262,1.987034465855686e-06,0.006649793436129888,8.62428153583197e-10,5.734969074831162e-12,,43,3,
resnet18_no_weights,CIFAR10,ptq,layer3.1.conv2,15.103489875793457,2.183172227887553e-06,0.006555334147479799,9.47557390576195e-10,6.2115553191409836e-12,,44,3,
resnet18_no_weights,CIFAR10,ptq,layer3.1.conv2,14.843537330627441,1.8315420599416636e-06,0.006442507521973716,7.949401301830137e-10,5.121407768222831e-12,2.6904910356717193e-05,aggregate,3,0.6479307957765723
resnet18_no_weights,CIFAR10,ptq,layer4.0.conv1,102.4546890258789,5.292330115480581e-06,0.044468181000815496,1.1485091396442233e-09,5.10721123027902e-11,,42,3,
resnet18_no_weights,CIFAR10,ptq,layer4.0.conv1,110.2813720703125,7.981225280673243e-06,0.047865178849962026,1.7320367362572142e-09,8.290424815565607e-11,,43,3,
resnet18_no_weights,CIFAR10,ptq,layer4.0.conv1,109.6968765258789,9.455433428229298e-06,0.047611491547690496,2.0519603793900387e-09,9.769689425952461e-11,,44,3,
resnet18_no_weights,CIFAR10,ptq,layer4.0.conv1,107.47764587402344,7.576329608127708e-06,0.04664828379948934,1.6441687517638255e-09,7.669765054653107e-11,6.0231766741242844e-05,aggregate,3,4.359814260276143
resnet18_no_weights,CIFAR10,ptq,layer4.0.conv2,46.18814468383789,3.6528697364701657e-06,0.01002346889840232,7.927234671159213e-10,7.945839017670093e-12,,42,3,
resnet18_no_weights,CIFAR10,ptq,layer4.0.conv2,51.427711486816406,5.585709914157633e-06,0.011160527666409811,1.2121766306765696e-09,1.3528530823241282e-11,,43,3,
resnet18_no_weights,CIFAR10,ptq,layer4.0.conv2,50.909053802490234,6.022375146130798e-06,0.011047971745332083,1.306939050809635e-09,1.4439025706215978e-11,,44,3,
resnet18_no_weights,CIFAR10,ptq,layer4.0.conv2,49.50830332438151,5.086984932252865e-06,0.010743989436714738,1.1039463828673754e-09,1.1860788276226525e-11,1.1740478623474012e-05,aggregate,3,2.887012555767638
resnet18_no_weights,CIFAR10,ptq,layer4.0.downsample.0,13.128527641296387,3.6528697364701657e-06,0.05128331109881401,7.134511204043292e-09,3.658813576149263e-10,,42,3,
resnet18_no_weights,CIFAR10,ptq,layer4.0.downsample.0,14.32634449005127,5.585709914157633e-06,0.05596228316426277,1.0909589676089126e-08,6.105255466592175e-10,,43,3,
resnet18_no_weights,CIFAR10,ptq,layer4.0.downsample.0,13.934259414672852,6.022375146130798e-06,0.054430700838565826,1.1762451457286716e-08,6.402384763997259e-10,,44,3,
resnet18_no_weights,CIFAR10,ptq,layer4.0.downsample.0,13.796377182006836,5.086984932252865e-06,0.0538920983672142,9.935517445806378e-09,5.354458835185701e-10,5.883136365408465e-05,aggregate,3,0.6106962693139638
resnet18_no_weights,CIFAR10,ptq,layer4.1.conv1,129.2208709716797,3.837014901364455e-06,0.028042723735173542,8.326855254697168e-10,2.335077014902508e-11,,42,3,
resnet18_no_weights,CIFAR10,ptq,layer4.1.conv1,150.89498901367188,5.738150775869144e-06,0.0327463083797031,1.245258414902158e-09,4.077761606680633e-11,,43,3,
resnet18_no_weights,CIFAR10,ptq,layer4.1.conv1,138.4365692138672,6.01585588810849e-06,0.03004265824953715,1.305524281273544e-09,3.922141981877369e-11,,44,3,
resnet18_no_weights,CIFAR10,ptq,layer4.1.conv1,139.5174763997396,5.197007188447363e-06,0.030277230121471262,1.1278227405484728e-09,3.414734865181449e-11,3.422882690917319e-05,aggregate,3,10.877413225712525
resnet18_no_weights,CIFAR10,ptq,layer4.1.conv2,44.67781448364258,3.919772098015528e-07,0.009695706268151602,8.506449865485087e-11,8.247603928050111e-13,,42,3,
resnet18_no_weights,CIFAR10,ptq,layer4.1.conv2,55.1436767578125,5.694073479389772e-07,0.011966943740844727,1.2356930293814608e-10,1.478746896356193e-12,,43,3,
resnet18_no_weights,CIFAR10,ptq,layer4.1.conv2,44.09754180908203,5.86629255394655e-07,0.00956977903842926,1.273066960491873e-10,1.2182969513031976e-12,,44,3,
resnet18_no_weights,CIFAR10,ptq,layer4.1.conv2,47.9730110168457,5.16004604378395e-07,0.010410809682475196,1.1198016588072808e-10,1.1658041951962624e-12,1.451819099298285e-06,aggregate,3,6.216752727165251
cnn,CIFAR10,fp32_unfused,conv1,42.071197509765625,7.11970429279063e-08,1.5581925003616899,2.4721195461078577e-10,3.8520381367428085e-10,,42,3,
cnn,CIFAR10,fp32_unfused,conv1,39.1317138671875,6.983287192952048e-08,1.4493227358217593,2.4247524975527945e-10,3.5142489234438597e-10,,43,3,
cnn,CIFAR10,fp32_unfused,conv1,38.804786682128906,7.389959222336984e-08,1.43721432156033,2.5659580633114526e-10,3.6878316771144276e-10,,44,3,
cnn,CIFAR10,fp32_unfused,conv1,40.00256601969401,7.16431690269322e-08,1.4815765192479264,2.487610035657368e-10,3.6855846178754535e-10,0.07308986055532739,aggregate,3,1.7989295504186693
cnn,CIFAR10,fp32_unfused,conv2,62.29143142700195,5.740680535382126e-07,0.2162896924548679,9.96645926281619e-10,2.155642408818483e-10,,42,3,
cnn,CIFAR10,fp32_unfused,conv2,60.8718376159668,5.949436854280066e-07,0.21136054727766249,1.032888342756956e-09,2.1831184540182805e-10,,43,3,
cnn,CIFAR10,fp32_unfused,conv2,66.90968322753906,5.834917260472139e-07,0.23232528898451063,1.0130064688319686e-09,2.3534702061456576e-10,,44,3,
cnn,CIFAR10,fp32_unfused,conv2,63.35765075683594,5.841678216711443e-07,0.21999184290568033,1.0141802459568479e-09,2.231113813465831e-10,0.008454206520368329,aggregate,3,3.156978405339406
cnn,CIFAR10,fp32_unfused,conv3,37.53452682495117,6.133449005574221e-06,0.06516410907109578,5.3241744840054e-09,3.46945086789273e-10,,42,3,
cnn,CIFAR10,fp32_unfused,conv3,38.11737060546875,7.085318884492153e-06,0.06617599063449436,6.150450420566106e-09,4.070121494293045e-10,,43,3,
cnn,CIFAR10,fp32_unfused,conv3,40.8142204284668,6.548572855535895e-06,0.0708580215771993,5.684525048208242e-09,4.027941985220695e-10,,44,3,
cnn,CIFAR10,fp32_unfused,conv3,38.82203928629557,6.589113581867423e-06,0.06739937376092982,5.719716650926583e-09,3.855053203624145e-10,0.00308175939798541,aggregate,3,1.7497188332812181
cnn,CIFAR10,fp32_unfused,conv4,29.304609298706055,1.2343330126896035e-05,0.025438028905126784,5.357348145354182e-09,1.3628037697634705e-10,,42,3,
cnn,CIFAR10,fp32_unfused,conv4,30.540369033813477,1.6738224076107144e-05,0.026510737008518644,7.264854199699282e-09,1.9259663909345985e-10,,43,3,
cnn,CIFAR10,fp32_unfused,conv4,32.781063079833984,1.4844347788312007e-05,0.028455783923467,6.442859283121531e-09,1.8333661160980977e-10,,44,3,
cnn,CIFAR10,fp32_unfused,conv4,30.875347137451172,1.4641967330438396e-05,0.026801516612370808,6.355020542724998e-09,1.703241886478018e-10,0.00023933530474837391,aggregate,3,1.7622685580005109
cnn,CIFAR10,fp32_unfused,fc1,21.086719512939453,0.000126542043290101,0.020592499524354935,1.2357621415048925e-07,2.5447431311155334e-09,,42,3,
cnn,CIFAR10,fp32_unfused,fc1,20.9263858795166,0.00017023058899212629,0.02043592371046543,1.6624080956262333e-07,3.3972845017877824e-09,,43,3,
cnn,CIFAR10,fp32_unfused,fc1,21.327564239501953,0.00016312880325131118,0.020827699452638626,1.5930547192510858e-07,3.317966490416922e-09,,44,3,
cnn,CIFAR10,fp32_unfused,fc1,21.113556543986004,0.00015330047851117948,0.020618707562486332,1.497074985460737e-07,3.0867751324328416e-09,1.2899708788617006e-05,aggregate,3,0.2019311486786503
cnn,CIFAR10,fp32_unfused,fc2,32.157196044921875,4.107300264877267e-05,0.03140351176261902,4.1073002648772675e-06,1.289836521806815e-07,,42,3,
cnn,CIFAR10,fp32_unfused,fc2,33.446495056152344,5.2050665544811636e-05,0.03266259282827377,5.205066554481164e-06,1.7001096951308414e-07,,43,3,
cnn,CIFAR10,fp32_unfused,fc2,32.86830520629883,5.099591362522915e-05,0.0320979543030262,5.099591362522915e-06,1.6368645051836764e-07,,44,3,
cnn,CIFAR10,fp32_unfused,fc2,32.82399876912435,4.8039860606271155e-05,0.032054686297973,4.803986060627115e-06,1.5399026615323726e-07,0.0005014086988048667,aggregate,3,0.6457904306903968
cnn,CIFAR10,fp32_fused,conv1,42.071197509765625,4.68446756940466e-07,1.5581925003616899,1.6265512393766182e-09,2.5344799426506584e-09,,42,3,
cnn,CIFAR10,fp32_fused,conv1,39.1317138671875,4.5329994691201136e-07,1.4493227358217593,1.5739581490000394e-09,2.2811733305776893e-09,,43,3,
cnn,CIFAR10,fp32_fused,conv1,38.804786682128906,4.827817861041694e-07,1.43721432156033,1.6763256461950329e-09,2.4092392263103757e-09,,44,3,
cnn,CIFAR10,fp32_fused,conv1,40.00256601969401,4.681761633188823e-07,1.4815765192479264,1.6256116781905635e-09,2.4084680918223554e-09,0.5329420979920089,aggregate,3,1.7989295504186693
cnn,CIFAR10,fp32_fused,conv2,62.29143142700195,3.267360398240271e-06,0.2162896924548679,5.6725006913893594e-09,1.22690342999063e-09,,42,3,
cnn,CIFAR10,fp32_fused,conv2,60.8718376159668,3.4067677461280255e-06,0.21136054727766249,5.914527337027822e-09,1.2500977348428963e-09,,43,3,
cnn,CIFAR10,fp32_fused,conv2,66.90968322753906,3.346851826790953e-06,0.23232528898451063,5.810506643734294e-09,1.3499276351519887e-09,,44,3,
cnn,CIFAR10,fp32_fused,conv2,63.35765075683594,3.340326657053083e-06,0.21999184290568033,5.7991782240504915e-09,1.275771904847358e-09,0.05035926399814107,aggregate,3,3.156978405339406
cnn,CIFAR10,fp32_fused,conv3,37.53396987915039,9.664940080256201e-06,0.06516314215130276,8.389704930777953e-09,5.466995350117693e-10,,42,3,
cnn,CIFAR10,fp32_fused,conv3,38.117008209228516,1.1316753443679772e-05,0.06617536147435506,9.823570697638692e-09,6.500783418851227e-10,,43,3,
cnn,CIFAR10,fp32_fused,conv3,40.81380081176758,1.0426776498206891e-05,0.07085729307598537,9.051021265804593e-09,6.413308664680922e-10,,44,3,
cnn,CIFAR10,fp32_fused,conv3,38.82159296671549,1.0469490007380955e-05,0.06739859890054772,9.088098964740412e-09,6.125251368930221e-10,0.0046958463653236394,aggregate,3,1.7497578395310511
cnn,CIFAR10,fp32_fused,conv4,29.304061889648438,4.160831849731039e-06,0.025437553723653156,1.8059166014457635e-09,4.593810056971373e-11,,42,3,
cnn,CIFAR10,fp32_fused,conv4,30.53997802734375,5.571190285991179e-06,0.02651039759318034,2.4180513394058938e-09,6.41035024083725e-11,,43,3,
cnn,CIFAR10,fp32_fused,conv4,32.78097915649414,5.004534159525065e-06,0.02845571107334561,2.1721068400716428e-09,6.180884466151639e-11,,44,3,
cnn,CIFAR10,fp32_fused,conv4,30.875006357828777,4.912185431749094e-06,0.02680122079672637,2.1320249269744336e-09,5.714087081196621e-11,7.880582936686749e-05,aggregate,3,1.7625042997942264
cnn,CIFAR10,fp32_fused,fc1,21.087295532226562,0.00012650892313104123,0.020593062043190002,1.2354387024515745e-07,2.5441465850143426e-09,,42,3,
cnn,CIFAR10,fp32_fused,fc1,20.928089141845703,0.0001702416775515303,0.020437587052583694,1.662516382339163e-07,3.3977823290403163e-09,,43,3,
cnn,CIFAR10,fp32_fused,fc1,21.32911491394043,0.00016312049410771579,0.02082921378314495,1.592973575270662e-07,3.3180387150213363e-09,,44,3,
cnn,CIFAR10,fp32_fused,fc1,21.11483319600423,0.00015329036493009576,0.02061995429297288,1.4969762200204664e-07,3.0867581234489334e-09,1.2698506774432612e-05,aggregate,3,0.2019261242776473
cnn,CIFAR10,fp32_fused,fc2,32.15760040283203,4.106473716092296e-05,0.031403906643390656,4.106473716092296e-06,1.2895931721369995e-07,,42,3,
cnn,CIFAR10,fp32_fused,fc2,33.44927978515625,5.2052655519219115e-05,0.03266531229019165,5.2052655519219115e-06,1.7003162480690604e-07,,43,3,
cnn,CIFAR10,fp32_fused,fc2,32.87052536010742,5.099349800730124e-05,0.032100122421979904,5.0993498007301245e-06,1.6368975287593583e-07,,44,3,
cnn,CIFAR10,fp32_fused,fc2,32.825801849365234,4.8036963562481105e-05,0.03205644711852074,4.8036963562481105e-06,1.539894382174983e-07,0.0005061808400492788,aggregate,3,0.6470000394050983
cnn,CIFAR10,ptq,conv1,42.071197509765625,6.480030947386695e-07,1.5581925003616899,2.25001074562038e-09,3.50594986955889e-09,,42,3,
cnn,CIFAR10,ptq,conv1,39.1317138671875,8.030272624637291e-07,1.4493227358217593,2.7882891057768373e-09,4.0411307950464925e-09,,43,3,
cnn,CIFAR10,ptq,conv1,38.804786682128906,6.658974029960518e-07,1.43721432156033,2.3121437604029578e-09,3.323046125957487e-09,,44,3,
cnn,CIFAR10,ptq,conv1,40.00256601969401,7.056425867328168e-07,1.4815765192479264,2.4501478706000584e-09,3.6300815537663535e-09,0.6135614423508782,aggregate,3,1.7989295504186693
cnn,CIFAR10,ptq,conv2,72.7219467163086,4.661185357690556e-06,0.25250675943162704,8.092335690434993e-09,2.043369461424638e-09,,42,3,
cnn,CIFAR10,ptq,conv2,71.74951171875,6.034725629433524e-06,0.2491302490234375,1.0476954217766535e-08,2.6101262132793305e-09,,43,3,
cnn,CIFAR10,ptq,conv2,78.66448211669922,4.878412710240809e-06,0.2731405629052056,8.469466510834739e-09,2.313354850276188e-09,,44,3,
cnn,CIFAR10,ptq,conv2,74.37864685058594,5.191441232454963e-06,0.2582591904534234,9.012918806345422e-09,2.3276691145492035e-09,0.06893970507975906,aggregate,3,3.7433534968413578
cnn,CIFAR10,ptq,conv3,41.53567123413086,1.4860240298730787e-05,0.07211054033703274,1.2899514148203808e-08,9.301909353121752e-10,,42,3,
cnn,CIFAR10,ptq,conv3,41.286163330078125,2.034932913375087e-05,0.07167736689249675,1.7664348206380964e-08,1.2661339673055853e-09,,43,3,
cnn,CIFAR10,ptq,conv3,44.80744934082031,1.6063164366642013e-05,0.07779071066114637,1.3943719068265636e-08,1.0846918155797616e-09,,44,3,
cnn,CIFAR10,ptq,conv3,42.543094635009766,1.7090911266374558e-05,0.07385953929689196,1.4835860474283469e-08,1.095769819703546e-09,0.006545102101783013,aggregate,3,1.9649529826031393
cnn,CIFAR10,ptq,conv4,35.14883804321289,6.25545817456441e-06,0.030511144134733412,2.715042610488025e-09,8.2839056420543e-11,,42,3,
cnn,CIFAR10,ptq,conv4,37.59702682495117,8.748029358685017e-06,0.032636308007770114,3.796887742484817e-09,1.239163978346614e-10,,43,3,
cnn,CIFAR10,ptq,conv4,39.0176887512207,7.592908787046326e-06,0.03386952148543464,3.295533327711079e-09,1.116181368488763e-10,,44,3,
cnn,CIFAR10,ptq,conv4,37.25451787312826,7.532132106765251e-06,0.03233899120931272,3.2691545602279735e-09,1.0572116058509703e-10,0.00013014035603356472,aggregate,3,1.9570349349902425
cnn,CIFAR10,ptq,fc1,25.0499267578125,0.00019479608454275876,0.02446281909942627,1.9023055131128785e-07,4.6535755639121615e-09,,42,3,
cnn,CIFAR10,ptq,fc1,26.783300399780273,0.00026584079023450613,0.026155566796660423,2.596101467133849e-07,6.790250533452751e-09,,43,3,
cnn,CIFAR10,ptq,fc1,25.88527488708496,0.000251912628300488,0.025278588756918907,2.460084260746953e-07,6.218745833479109e-09,,44,3,
cnn,CIFAR10,ptq,fc1,25.90616734822591,0.00023751650102591762,0.025298991551001866,2.3194970803312268e-07,5.86809370378732e-09,1.9827450066312688e-05,aggregate,3,0.8668756640179434
cnn,CIFAR10,ptq,fc2,33.96847152709961,5.897324808756821e-05,0.03317233547568321,5.897324808756821e-06,1.9562803696515061e-07,,42,3,
cnn,CIFAR10,ptq,fc2,36.8382453918457,7.852048292988911e-05,0.03597484901547432,7.852048292988912e-06,2.8247625180248895e-07,,43,3,
cnn,CIFAR10,ptq,fc2,33.69135284423828,7.624204590683803e-05,0.03290171176195145,7.624204590683803e-06,2.5084938185682547e-07,,44,3,
cnn,CIFAR10,ptq,fc2,34.832689921061196,7.124525897476512e-05,0.034016298751036324,7.1245258974765115e-06,2.423500013880562e-07,0.0006537214848544484,aggregate,3,1.7423800535167242
