model,dataset,variant,canonical_layer,weight_shape,trace_raw,trace_per_param,probe_seed,seed,n_seeds,metric_std
resnet50_no_weights,CIFAR10,fp32_unfused,conv1,"(64, 3, 3, 3)",14.139912585417429,0.008182819783227678,42,42,3,
resnet50_no_weights,CIFAR10,fp32_unfused,conv1,"(64, 3, 3, 3)",13.2882023027965,0.0076899318881924195,43,43,3,
resnet50_no_weights,CIFAR10,fp32_unfused,conv1,"(64, 3, 3, 3)",16.35560041003757,0.009465046533586556,44,44,3,
resnet50_no_weights,CIFAR10,fp32_unfused,conv1,"(64, 3, 3, 3)",14.594571766083833,0.008445932735002219,"42,43,44",aggregate,3,1.5834358259808667
resnet50_no_weights,CIFAR10,fp32_unfused,layer1.0.conv1,"(64, 64, 1, 1)",3.5511611323607597,0.0008669826983302636,42,42,3,
resnet50_no_weights,CIFAR10,fp32_unfused,layer1.0.conv1,"(64, 64, 1, 1)",4.791814982891083,0.0011698767048073933,43,43,3,
resnet50_no_weights,CIFAR10,fp32_unfused,layer1.0.conv1,"(64, 64, 1, 1)",4.06581972195552,0.0009926317680555468,44,44,3,
resnet50_no_weights,CIFAR10,fp32_unfused,layer1.0.conv1,"(64, 64, 1, 1)",4.136265279069121,0.0010098303903977345,"42,43,44",aggregate,3,0.6233196825038606
resnet50_no_weights,CIFAR10,fp32_unfused,layer1.0.conv2,"(64, 64, 3, 3)",4.2610045180601235,0.00011558714512966915,42,42,3,
resnet50_no_weights,CIFAR10,fp32_unfused,layer1.0.conv2,"(64, 64, 3, 3)",4.193192092995894,0.00011374761536989731,43,43,3,
resnet50_no_weights,CIFAR10,fp32_unfused,layer1.0.conv2,"(64, 64, 3, 3)",3.3185694879955716,9.002195876724098e-05,44,44,3,
resnet50_no_weights,CIFAR10,fp32_unfused,layer1.0.conv2,"(64, 64, 3, 3)",3.92425536635053,0.00010645223975560249,"42,43,44",aggregate,3,0.5256340634673858
resnet50_no_weights,CIFAR10,fp32_unfused,layer1.0.conv3,"(256, 64, 1, 1)",2.977858986173357,0.00018175408851155744,42,42,3,
resnet50_no_weights,CIFAR10,fp32_unfused,layer1.0.conv3,"(256, 64, 1, 1)",2.777326354613671,0.0001695145480110883,43,43,3,
resnet50_no_weights,CIFAR10,fp32_unfused,layer1.0.conv3,"(256, 64, 1, 1)",2.8516866435175356,0.00017405313986313084,44,44,3,
resnet50_no_weights,CIFAR10,fp32_unfused,layer1.0.conv3,"(256, 64, 1, 1)",2.868957328101521,0.00017510725879525885,"42,43,44",aggregate,3,0.1013757440888246
resnet50_no_weights,CIFAR10,fp32_unfused,layer1.0.downsample.0,"(256, 64, 1, 1)",19.757224082946777,0.0012058852589689195,42,42,3,
resnet50_no_weights,CIFAR10,fp32_unfused,layer1.0.downsample.0,"(256, 64, 1, 1)",15.814886591651224,0.0009652640741974624,43,43,3,
resnet50_no_weights,CIFAR10,fp32_unfused,layer1.0.downsample.0,"(256, 64, 1, 1)",16.269524657207988,0.0009930129795659172,44,44,3,
resnet50_no_weights,CIFAR10,fp32_unfused,layer1.0.downsample.0,"(256, 64, 1, 1)",17.280545110601995,0.0010547207709107663,"42,43,44",aggregate,3,2.1568792251084434
resnet50_no_weights,CIFAR10,fp32_unfused,layer1.1.conv1,"(64, 256, 1, 1)",2.6021363638168156,0.00015882179954936618,42,42,3,
resnet50_no_weights,CIFAR10,fp32_unfused,layer1.1.conv1,"(64, 256, 1, 1)",2.297819438970314,0.00014024776849184045,43,43,3,
resnet50_no_weights,CIFAR10,fp32_unfused,layer1.1.conv1,"(64, 256, 1, 1)",2.8359072625637056,0.00017309004288108555,44,44,3,
resnet50_no_weights,CIFAR10,fp32_unfused,layer1.1.conv1,"(64, 256, 1, 1)",2.578621021783612,0.0001573865369740974,"42,43,44",aggregate,3,0.26981355591977246
resnet50_no_weights,CIFAR10,fp32_unfused,layer1.1.conv2,"(64, 64, 3, 3)",3.508905839920044,9.518516275824772e-05,42,42,3,
resnet50_no_weights,CIFAR10,fp32_unfused,layer1.1.conv2,"(64, 64, 3, 3)",3.528678166238885,9.57215214366017e-05,43,43,3,
resnet50_no_weights,CIFAR10,fp32_unfused,layer1.1.conv2,"(64, 64, 3, 3)",3.2650647849747627,8.857055080769213e-05,44,44,3,
resnet50_no_weights,CIFAR10,fp32_unfused,layer1.1.conv2,"(64, 64, 3, 3)",3.434216263711231,9.315907833418053e-05,"42,43,44",aggregate,3,0.14682269337900392
resnet50_no_weights,CIFAR10,fp32_unfused,layer1.1.conv3,"(256, 64, 1, 1)",2.41602667093277,0.00014746256536454894,42,42,3,
resnet50_no_weights,CIFAR10,fp32_unfused,layer1.1.conv3,"(256, 64, 1, 1)",2.373205954658574,0.00014484899625601648,43,43,3,
resnet50_no_weights,CIFAR10,fp32_unfused,layer1.1.conv3,"(256, 64, 1, 1)",2.6052555624319584,0.0001590121803242162,44,44,3,
resnet50_no_weights,CIFAR10,fp32_unfused,layer1.1.conv3,"(256, 64, 1, 1)",2.4648293960077674,0.0001504412473149272,"42,43,44",aggregate,3,0.12348293241579883
resnet50_no_weights,CIFAR10,fp32_unfused,layer1.2.conv1,"(64, 256, 1, 1)",4.755393317010667,0.00029024617413395186,42,42,3,
resnet50_no_weights,CIFAR10,fp32_unfused,layer1.2.conv1,"(64, 256, 1, 1)",4.536699587390537,0.00027689816817569194,43,43,3,
resnet50_no_weights,CIFAR10,fp32_unfused,layer1.2.conv1,"(64, 256, 1, 1)",4.847277879714966,0.00029585436277557164,44,44,3,
resnet50_no_weights,CIFAR10,fp32_unfused,layer1.2.conv1,"(64, 256, 1, 1)",4.71312359470539,0.00028766623502840516,"42,43,44",aggregate,3,0.15954549816153882
resnet50_no_weights,CIFAR10,fp32_unfused,layer1.2.conv2,"(64, 64, 3, 3)",13.134920156002044,0.0003563075129123818,42,42,3,
resnet50_no_weights,CIFAR10,fp32_unfused,layer1.2.conv2,"(64, 64, 3, 3)",12.882980012893677,0.0003494731991344856,43,43,3,
resnet50_no_weights,CIFAR10,fp32_unfused,layer1.2.conv2,"(64, 64, 3, 3)",12.221426782936886,0.0003315274192419945,44,44,3,
resnet50_no_weights,CIFAR10,fp32_unfused,layer1.2.conv2,"(64, 64, 3, 3)",12.746442317277536,0.0003457693770962873,"42,43,44",aggregate,3,0.47180445356271766
resnet50_no_weights,CIFAR10,fp32_unfused,layer1.2.conv3,"(256, 64, 1, 1)",5.1393742055603955,0.00031368250766359836,42,42,3,
resnet50_no_weights,CIFAR10,fp32_unfused,layer1.2.conv3,"(256, 64, 1, 1)",5.538467748959859,0.0003380412444433508,43,43,3,
resnet50_no_weights,CIFAR10,fp32_unfused,layer1.2.conv3,"(256, 64, 1, 1)",5.343284469842911,0.0003261282025050605,44,44,3,
resnet50_no_weights,CIFAR10,fp32_unfused,layer1.2.conv3,"(256, 64, 1, 1)",5.340375474787722,0.00032595065153733654,"42,43,44",aggregate,3,0.19956267382694154
resnet50_no_weights,CIFAR10,fp32_unfused,layer2.0.conv1,"(128, 256, 1, 1)",17.233585410647922,0.0005259272891433082,42,42,3,
resnet50_no_weights,CIFAR10,fp32_unfused,layer2.0.conv1,"(128, 256, 1, 1)",13.190627119757913,0.00040254599364495584,43,43,3,
resnet50_no_weights,CIFAR10,fp32_unfused,layer2.0.conv1,"(128, 256, 1, 1)",13.198736381530761,0.0004027934686746448,44,44,3,
resnet50_no_weights,CIFAR10,fp32_unfused,layer2.0.conv1,"(128, 256, 1, 1)",14.540982970645532,0.0004437555838209696,"42,43,44",aggregate,3,2.3318656404179348
resnet50_no_weights,CIFAR10,fp32_unfused,layer2.0.conv2,"(128, 128, 3, 3)",27.206237651683665,0.00018450410733834952,42,42,3,
resnet50_no_weights,CIFAR10,fp32_unfused,layer2.0.conv2,"(128, 128, 3, 3)",29.390762329101562,0.00019931886345148087,43,43,3,
resnet50_no_weights,CIFAR10,fp32_unfused,layer2.0.conv2,"(128, 128, 3, 3)",30.301896003576424,0.00020549788413883752,44,44,3,
resnet50_no_weights,CIFAR10,fp32_unfused,layer2.0.conv2,"(128, 128, 3, 3)",28.966298661453884,0.00019644028497622262,"42,43,44",aggregate,3,1.5908809546209097
resnet50_no_weights,CIFAR10,fp32_unfused,layer2.0.conv3,"(512, 128, 1, 1)",27.33037330165054,0.00041702840120926726,42,42,3,
resnet50_no_weights,CIFAR10,fp32_unfused,layer2.0.conv3,"(512, 128, 1, 1)",27.90734718243281,0.000425832323950696,43,43,3,
resnet50_no_weights,CIFAR10,fp32_unfused,layer2.0.conv3,"(512, 128, 1, 1)",28.418352270779543,0.00043362964280364293,44,44,3,
resnet50_no_weights,CIFAR10,fp32_unfused,layer2.0.conv3,"(512, 128, 1, 1)",27.8853575849543,0.0004254967893212021,"42,43,44",aggregate,3,0.5443227132085368
resnet50_no_weights,CIFAR10,fp32_unfused,layer2.0.downsample.0,"(512, 256, 1, 1)",33.5867650440761,0.0002562466815496529,42,42,3,
resnet50_no_weights,CIFAR10,fp32_unfused,layer2.0.downsample.0,"(512, 256, 1, 1)",31.94202885260949,0.00024369834024512855,43,43,3,
resnet50_no_weights,CIFAR10,fp32_unfused,layer2.0.downsample.0,"(512, 256, 1, 1)",25.510972023010254,0.00019463327043922618,44,44,3,
resnet50_no_weights,CIFAR10,fp32_unfused,layer2.0.downsample.0,"(512, 256, 1, 1)",30.346588639898616,0.00023152609741133588,"42,43,44",aggregate,3,4.267748860233596
resnet50_no_weights,CIFAR10,fp32_unfused,layer2.1.conv1,"(128, 512, 1, 1)",3.5460863944255943,5.410898428994132e-05,42,42,3,
resnet50_no_weights,CIFAR10,fp32_unfused,layer2.1.conv1,"(128, 512, 1, 1)",3.174165734877953,4.8433925397917985e-05,43,43,3,
resnet50_no_weights,CIFAR10,fp32_unfused,layer2.1.conv1,"(128, 512, 1, 1)",2.9548681463514055,4.5087709752676475e-05,44,44,3,
resnet50_no_weights,CIFAR10,fp32_unfused,layer2.1.conv1,"(128, 512, 1, 1)",3.2250400918849844,4.9210206480178595e-05,"42,43,44",aggregate,3,0.2988743956324084
resnet50_no_weights,CIFAR10,fp32_unfused,layer2.1.conv2,"(128, 128, 3, 3)",8.542967345979479,5.7935705200056147e-05,42,42,3,
resnet50_no_weights,CIFAR10,fp32_unfused,layer2.1.conv2,"(128, 128, 3, 3)",6.897857798470391,4.6779092057769035e-05,43,43,3,
resnet50_no_weights,CIFAR10,fp32_unfused,layer2.1.conv2,"(128, 128, 3, 3)",8.146144323050976,5.524457684360742e-05,44,44,3,
resnet50_no_weights,CIFAR10,fp32_unfused,layer2.1.conv2,"(128, 128, 3, 3)",7.862323155833615,5.33197913671442e-05,"42,43,44",aggregate,3,0.8584941450277092
resnet50_no_weights,CIFAR10,fp32_unfused,layer2.1.conv3,"(512, 128, 1, 1)",9.498174927451394,0.00014493064769670707,42,42,3,
resnet50_no_weights,CIFAR10,fp32_unfused,layer2.1.conv3,"(512, 128, 1, 1)",9.809371762805515,0.00014967913456429314,43,43,3,
resnet50_no_weights,CIFAR10,fp32_unfused,layer2.1.conv3,"(512, 128, 1, 1)",8.289721416704582,0.00012649111048438388,44,44,3,
resnet50_no_weights,CIFAR10,fp32_unfused,layer2.1.conv3,"(512, 128, 1, 1)",9.199089368987163,0.00014036696424846135,"42,43,44",aggregate,3,0.8027598782092731
resnet50_no_weights,CIFAR10,fp32_unfused,layer2.2.conv1,"(128, 512, 1, 1)",4.706345740486594,7.18131369092803e-05,42,42,3,
resnet50_no_weights,CIFAR10,fp32_unfused,layer2.2.conv1,"(128, 512, 1, 1)",4.671743132851341,7.128514301836152e-05,43,43,3,
resnet50_no_weights,CIFAR10,fp32_unfused,layer2.2.conv1,"(128, 512, 1, 1)",4.458788299560547,6.803571013733745e-05,44,44,3,
resnet50_no_weights,CIFAR10,fp32_unfused,layer2.2.conv1,"(128, 512, 1, 1)",4.612292390966161,7.037799668832643e-05,"42,43,44",aggregate,3,0.13405955643849854
resnet50_no_weights,CIFAR10,fp32_unfused,layer2.2.conv2,"(128, 128, 3, 3)",9.03555188860212,6.127625792509033e-05,42,42,3,
resnet50_no_weights,CIFAR10,fp32_unfused,layer2.2.conv2,"(128, 128, 3, 3)",8.208148980140686,5.566507283624055e-05,43,43,3,
resnet50_no_weights,CIFAR10,fp32_unfused,layer2.2.conv2,"(128, 128, 3, 3)",7.620221366273596,5.16779335277886e-05,44,44,3,
resnet50_no_weights,CIFAR10,fp32_unfused,layer2.2.conv2,"(128, 128, 3, 3)",8.2879740783388,5.620642142970649e-05,"42,43,44",aggregate,3,0.7110338645841257
resnet50_no_weights,CIFAR10,fp32_unfused,layer2.2.conv3,"(512, 128, 1, 1)",7.448927359147505,0.00011366161131511696,42,42,3,
resnet50_no_weights,CIFAR10,fp32_unfused,layer2.2.conv3,"(512, 128, 1, 1)",8.074073276004276,0.00012320058099371759,43,43,3,
resnet50_no_weights,CIFAR10,fp32_unfused,layer2.2.conv3,"(512, 128, 1, 1)",8.11024776581795,0.000123752559903228,44,44,3,
resnet50_no_weights,CIFAR10,fp32_unfused,layer2.2.conv3,"(512, 128, 1, 1)",7.87774946698991,0.00012020491740402085,"42,43,44",aggregate,3,0.37181103878061855
resnet50_no_weights,CIFAR10,fp32_unfused,layer2.3.conv1,"(128, 512, 1, 1)",5.353548521219298,8.168866762114407e-05,42,42,3,
resnet50_no_weights,CIFAR10,fp32_unfused,layer2.3.conv1,"(128, 512, 1, 1)",5.71238374710083,8.716405864106491e-05,43,43,3,
resnet50_no_weights,CIFAR10,fp32_unfused,layer2.3.conv1,"(128, 512, 1, 1)",6.993871026568943,0.00010671800272474583,44,44,3,
resnet50_no_weights,CIFAR10,fp32_unfused,layer2.3.conv1,"(128, 512, 1, 1)",6.01993443162969,9.185690966231827e-05,"42,43,44",aggregate,3,0.8623253724985495
resnet50_no_weights,CIFAR10,fp32_unfused,layer2.3.conv2,"(128, 128, 3, 3)",15.506797278368914,0.00010516219942470239,42,42,3,
resnet50_no_weights,CIFAR10,fp32_unfused,layer2.3.conv2,"(128, 128, 3, 3)",17.80392775932948,0.00012074061251715413,43,43,3,
resnet50_no_weights,CIFAR10,fp32_unfused,layer2.3.conv2,"(128, 128, 3, 3)",14.39902034827641,9.764960631155335e-05,44,44,3,
resnet50_no_weights,CIFAR10,fp32_unfused,layer2.3.conv2,"(128, 128, 3, 3)",15.903248461991602,0.00010785080608446996,"42,43,44",aggregate,3,1.736729332742411
resnet50_no_weights,CIFAR10,fp32_unfused,layer2.3.conv3,"(512, 128, 1, 1)",8.07066777996395,0.00012314861724798507,42,42,3,
resnet50_no_weights,CIFAR10,fp32_unfused,layer2.3.conv3,"(512, 128, 1, 1)",8.62080649137497,0.00013154306780052138,43,43,3,
resnet50_no_weights,CIFAR10,fp32_unfused,layer2.3.conv3,"(512, 128, 1, 1)",7.638727642240978,0.00011655773379884305,44,44,3,
resnet50_no_weights,CIFAR10,fp32_unfused,layer2.3.conv3,"(512, 128, 1, 1)",8.110067304526632,0.00012374980628244983,"42,43,44",aggregate,3,0.49222348418265277
resnet50_no_weights,CIFAR10,fp32_unfused,layer3.0.conv1,"(256, 512, 1, 1)",49.8258723234519,0.00038014123781930463,42,42,3,
resnet50_no_weights,CIFAR10,fp32_unfused,layer3.0.conv1,"(256, 512, 1, 1)",43.295939445495605,0.00033032180363079533,43,43,3,
resnet50_no_weights,CIFAR10,fp32_unfused,layer3.0.conv1,"(256, 512, 1, 1)",47.44228721877276,0.0003619559266568967,44,44,3,
resnet50_no_weights,CIFAR10,fp32_unfused,layer3.0.conv1,"(256, 512, 1, 1)",46.854699662573424,0.0003574729893689989,"42,43,44",aggregate,3,3.304383482558262
resnet50_no_weights,CIFAR10,fp32_unfused,layer3.0.conv2,"(256, 256, 3, 3)",34.815407462742016,5.90267731776632e-05,42,42,3,
resnet50_no_weights,CIFAR10,fp32_unfused,layer3.0.conv2,"(256, 256, 3, 3)",40.148930875878584,6.806934081332496e-05,43,43,3,
resnet50_no_weights,CIFAR10,fp32_unfused,layer3.0.conv2,"(256, 256, 3, 3)",42.71753394894483,7.242420442190354e-05,44,44,3,
resnet50_no_weights,CIFAR10,fp32_unfused,layer3.0.conv2,"(256, 256, 3, 3)",39.22729076252181,6.650677280429723e-05,"42,43,44",aggregate,3,4.030876595096684
resnet50_no_weights,CIFAR10,fp32_unfused,layer3.0.conv3,"(1024, 256, 1, 1)",33.63131955090691,0.0001282933027302052,42,42,3,
resnet50_no_weights,CIFAR10,fp32_unfused,layer3.0.conv3,"(1024, 256, 1, 1)",25.073888206481932,9.564929277985356e-05,43,43,3,
resnet50_no_weights,CIFAR10,fp32_unfused,layer3.0.conv3,"(1024, 256, 1, 1)",27.775371472040813,0.00010595463360611272,44,44,3,
resnet50_no_weights,CIFAR10,fp32_unfused,layer3.0.conv3,"(1024, 256, 1, 1)",28.826859743143217,0.00010996574303872382,"42,43,44",aggregate,3,4.374543232365662
resnet50_no_weights,CIFAR10,fp32_unfused,layer3.0.downsample.0,"(1024, 512, 1, 1)",36.15413469881625,6.895853938830614e-05,42,42,3,
resnet50_no_weights,CIFAR10,fp32_unfused,layer3.0.downsample.0,"(1024, 512, 1, 1)",37.938968658447266,7.236284000100568e-05,43,43,3,
resnet50_no_weights,CIFAR10,fp32_unfused,layer3.0.downsample.0,"(1024, 512, 1, 1)",41.356351640489365,7.888098075960038e-05,44,44,3,
resnet50_no_weights,CIFAR10,fp32_unfused,layer3.0.downsample.0,"(1024, 512, 1, 1)",38.483151665917624,7.340078671630406e-05,"42,43,44",aggregate,3,2.643457326357342
resnet50_no_weights,CIFAR10,fp32_unfused,layer3.1.conv1,"(256, 1024, 1, 1)",7.970239734649658,3.0404051722143775e-05,42,42,3,
resnet50_no_weights,CIFAR10,fp32_unfused,layer3.1.conv1,"(256, 1024, 1, 1)",8.049430102836794,3.070613900313108e-05,43,43,3,
resnet50_no_weights,CIFAR10,fp32_unfused,layer3.1.conv1,"(256, 1024, 1, 1)",7.392206859588623,2.819903129420709e-05,44,44,3,
resnet50_no_weights,CIFAR10,fp32_unfused,layer3.1.conv1,"(256, 1024, 1, 1)",7.803958899025025,2.9769740673160648e-05,"42,43,44",aggregate,3,0.3587792985784307
resnet50_no_weights,CIFAR10,fp32_unfused,layer3.1.conv2,"(256, 256, 3, 3)",20.474387380811905,3.4712706469746746e-05,42,42,3,
resnet50_no_weights,CIFAR10,fp32_unfused,layer3.1.conv2,"(256, 256, 3, 3)",20.035703533574154,3.396895265973265e-05,43,43,3,
resnet50_no_weights,CIFAR10,fp32_unfused,layer3.1.conv2,"(256, 256, 3, 3)",20.27177345051485,3.436919055602154e-05,44,44,3,
resnet50_no_weights,CIFAR10,fp32_unfused,layer3.1.conv2,"(256, 256, 3, 3)",20.26062145496697,3.435028322850031e-05,"42,43,44",aggregate,3,0.21955444589065742
resnet50_no_weights,CIFAR10,fp32_unfused,layer3.1.conv3,"(1024, 256, 1, 1)",13.554689327875773,5.170703631544408e-05,42,42,3,
resnet50_no_weights,CIFAR10,fp32_unfused,layer3.1.conv3,"(1024, 256, 1, 1)",13.959311443826426,5.325054719477244e-05,43,43,3,
resnet50_no_weights,CIFAR10,fp32_unfused,layer3.1.conv3,"(1024, 256, 1, 1)",14.630587935447693,5.581126379183843e-05,44,44,3,
resnet50_no_weights,CIFAR10,fp32_unfused,layer3.1.conv3,"(1024, 256, 1, 1)",14.048196235716631,5.358961576735165e-05,"42,43,44",aggregate,3,0.5434287746483646
resnet50_no_weights,CIFAR10,fp32_unfused,layer3.2.conv1,"(256, 1024, 1, 1)",11.310809135437012,4.314731268095784e-05,42,42,3,
resnet50_no_weights,CIFAR10,fp32_unfused,layer3.2.conv1,"(256, 1024, 1, 1)",11.785375640505837,4.49576402302011e-05,43,43,3,
resnet50_no_weights,CIFAR10,fp32_unfused,layer3.2.conv1,"(256, 1024, 1, 1)",11.303696177222513,4.3120178898706484e-05,44,44,3,
resnet50_no_weights,CIFAR10,fp32_unfused,layer3.2.conv1,"(256, 1024, 1, 1)",11.466626984388453,4.374171060328847e-05,"42,43,44",aggregate,3,0.2760673430091264
resnet50_no_weights,CIFAR10,fp32_unfused,layer3.2.conv2,"(256, 256, 3, 3)",23.507926904238186,3.98558331031599e-05,42,42,3,
resnet50_no_weights,CIFAR10,fp32_unfused,layer3.2.conv2,"(256, 256, 3, 3)",26.549128490945566,4.501195015961637e-05,43,43,3,
resnet50_no_weights,CIFAR10,fp32_unfused,layer3.2.conv2,"(256, 256, 3, 3)",24.49372381322524,4.152717389123745e-05,44,44,3,
resnet50_no_weights,CIFAR10,fp32_unfused,layer3.2.conv2,"(256, 256, 3, 3)",24.85025973613633,4.213165238467124e-05,"42,43,44",aggregate,3,1.551633065834967
resnet50_no_weights,CIFAR10,fp32_unfused,layer3.2.conv3,"(1024, 256, 1, 1)",13.734152533791281,5.2391634116330266e-05,42,42,3,
resnet50_no_weights,CIFAR10,fp32_unfused,layer3.2.conv3,"(1024, 256, 1, 1)",13.517136414845785,5.156378332079233e-05,43,43,3,
resnet50_no_weights,CIFAR10,fp32_unfused,layer3.2.conv3,"(1024, 256, 1, 1)",12.505676322513157,4.7705369272282245e-05,44,44,3,
resnet50_no_weights,CIFAR10,fp32_unfused,layer3.2.conv3,"(1024, 256, 1, 1)",13.252321757050074,5.0553595569801614e-05,"42,43,44",aggregate,3,0.6556550561512191
resnet50_no_weights,CIFAR10,fp32_unfused,layer3.3.conv1,"(256, 1024, 1, 1)",16.69755539141203,6.369611889424145e-05,42,42,3,
resnet50_no_weights,CIFAR10,fp32_unfused,layer3.3.conv1,"(256, 1024, 1, 1)",17.621856530507404,6.722204792216265e-05,43,43,3,
resnet50_no_weights,CIFAR10,fp32_unfused,layer3.3.conv1,"(256, 1024, 1, 1)",16.732070229270242,6.382778255184266e-05,44,44,3,
resnet50_no_weights,CIFAR10,fp32_unfused,layer3.3.conv1,"(256, 1024, 1, 1)",17.017160717063227,6.491531645608226e-05,"42,43,44",aggregate,3,0.5239662094121931
resnet50_no_weights,CIFAR10,fp32_unfused,layer3.3.conv2,"(256, 256, 3, 3)",29.721752783831427,5.039088403291732e-05,42,42,3,
resnet50_no_weights,CIFAR10,fp32_unfused,layer3.3.conv2,"(256, 256, 3, 3)",35.37535540262858,5.9976120677742135e-05,43,43,3,
resnet50_no_weights,CIFAR10,fp32_unfused,layer3.3.conv2,"(256, 256, 3, 3)",31.495519483411634,5.339816535680412e-05,44,44,3,
resnet50_no_weights,CIFAR10,fp32_unfused,layer3.3.conv2,"(256, 256, 3, 3)",32.19754255662388,5.458839002248786e-05,"42,43,44",aggregate,3,2.891441325586476
resnet50_no_weights,CIFAR10,fp32_unfused,layer3.3.conv3,"(1024, 256, 1, 1)",15.768285295237666,6.015123479933802e-05,42,42,3,
resnet50_no_weights,CIFAR10,fp32_unfused,layer3.3.conv3,"(1024, 256, 1, 1)",14.3153888185819,5.460887458260307e-05,43,43,3,
resnet50_no_weights,CIFAR10,fp32_unfused,layer3.3.conv3,"(1024, 256, 1, 1)",17.75535786151886,6.773131508452934e-05,44,44,3,
resnet50_no_weights,CIFAR10,fp32_unfused,layer3.3.conv3,"(1024, 256, 1, 1)",15.946343991779475,6.083047482215681e-05,"42,43,44",aggregate,3,1.7268831543135112
resnet50_no_weights,CIFAR10,fp32_unfused,layer3.4.conv1,"(256, 1024, 1, 1)",17.966425514221193,6.853647428215482e-05,42,42,3,
resnet50_no_weights,CIFAR10,fp32_unfused,layer3.4.conv1,"(256, 1024, 1, 1)",17.503366152445476,6.677004300096694e-05,43,43,3,
resnet50_no_weights,CIFAR10,fp32_unfused,layer3.4.conv1,"(256, 1024, 1, 1)",19.39453012293035,7.398426102802411e-05,44,44,3,
resnet50_no_weights,CIFAR10,fp32_unfused,layer3.4.conv1,"(256, 1024, 1, 1)",18.288107263199006,6.976359277038195e-05,"42,43,44",aggregate,3,0.9857660227123365
resnet50_no_weights,CIFAR10,fp32_unfused,layer3.4.conv2,"(256, 256, 3, 3)",31.5394023548473,5.347256529888119e-05,42,42,3,
resnet50_no_weights,CIFAR10,fp32_unfused,layer3.4.conv2,"(256, 256, 3, 3)",26.75070849524604,4.5353713133487346e-05,43,43,3,
resnet50_no_weights,CIFAR10,fp32_unfused,layer3.4.conv2,"(256, 256, 3, 3)",31.178786822727748,5.2861170150295255e-05,44,44,3,
resnet50_no_weights,CIFAR10,fp32_unfused,layer3.4.conv2,"(256, 256, 3, 3)",29.822965890940363,5.056248286088793e-05,"42,43,44",aggregate,3,2.6667555230186197
resnet50_no_weights,CIFAR10,fp32_unfused,layer3.4.conv3,"(1024, 256, 1, 1)",12.098396513197157,4.615172009734023e-05,42,42,3,
resnet50_no_weights,CIFAR10,fp32_unfused,layer3.4.conv3,"(1024, 256, 1, 1)",15.205800027558297,5.8005523786767185e-05,43,43,3,
resnet50_no_weights,CIFAR10,fp32_unfused,layer3.4.conv3,"(1024, 256, 1, 1)",15.489930311838785,5.908939480529322e-05,44,44,3,
resnet50_no_weights,CIFAR10,fp32_unfused,layer3.4.conv3,"(1024, 256, 1, 1)",14.264708950864746,5.441554622980021e-05,"42,43,44",aggregate,3,1.8814528130692776
resnet50_no_weights,CIFAR10,fp32_unfused,layer3.5.conv1,"(256, 1024, 1, 1)",18.090497085026332,6.900976976404698e-05,42,42,3,
resnet50_no_weights,CIFAR10,fp32_unfused,layer3.5.conv1,"(256, 1024, 1, 1)",18.742629253503047,7.149745656396121e-05,43,43,3,
resnet50_no_weights,CIFAR10,fp32_unfused,layer3.5.conv1,"(256, 1024, 1, 1)",14.202176729838053,5.4177004737236224e-05,44,44,3,
resnet50_no_weights,CIFAR10,fp32_unfused,layer3.5.conv1,"(256, 1024, 1, 1)",17.01176768945581,6.48947436884148e-05,"42,43,44",aggregate,3,2.4549277202322903
resnet50_no_weights,CIFAR10,fp32_unfused,layer3.5.conv2,"(256, 256, 3, 3)",13.500013545155525,2.288820655849122e-05,42,42,3,
resnet50_no_weights,CIFAR10,fp32_unfused,layer3.5.conv2,"(256, 256, 3, 3)",13.755586478445265,2.3321510278397054e-05,43,43,3,
resnet50_no_weights,CIFAR10,fp32_unfused,layer3.5.conv2,"(256, 256, 3, 3)",15.844125556945801,2.6862463305911256e-05,44,44,3,
resnet50_no_weights,CIFAR10,fp32_unfused,layer3.5.conv2,"(256, 256, 3, 3)",14.36657519351553,2.4357393380933175e-05,"42,43,44",aggregate,3,1.2859609980136546
resnet50_no_weights,CIFAR10,fp32_unfused,layer3.5.conv3,"(1024, 256, 1, 1)",6.5622212254271215,2.5032887365063177e-05,42,42,3,
resnet50_no_weights,CIFAR10,fp32_unfused,layer3.5.conv3,"(1024, 256, 1, 1)",6.370352113948149,2.4300964790146443e-05,43,43,3,
resnet50_no_weights,CIFAR10,fp32_unfused,layer3.5.conv3,"(1024, 256, 1, 1)",7.111292815208435,2.7127429257234324e-05,44,44,3,
resnet50_no_weights,CIFAR10,fp32_unfused,layer3.5.conv3,"(1024, 256, 1, 1)",6.681288718194568,2.548709380414798e-05,"42,43,44",aggregate,3,0.38455309330632803
resnet50_no_weights,CIFAR10,fp32_unfused,layer4.0.conv1,"(512, 1024, 1, 1)",26.205838276789738,4.998366980894039e-05,42,42,3,
resnet50_no_weights,CIFAR10,fp32_unfused,layer4.0.conv1,"(512, 1024, 1, 1)",28.317097028096516,5.4010576301758796e-05,43,43,3,
resnet50_no_weights,CIFAR10,fp32_unfused,layer4.0.conv1,"(512, 1024, 1, 1)",27.28321531656626,5.2038603432781715e-05,44,44,3,
resnet50_no_weights,CIFAR10,fp32_unfused,layer4.0.conv1,"(512, 1024, 1, 1)",27.268716873817503,5.2010949847826964e-05,"42,43,44",aggregate,3,1.055704045826276
resnet50_no_weights,CIFAR10,fp32_unfused,layer4.0.conv2,"(512, 512, 3, 3)",17.779422283172607,7.535901507556749e-06,42,42,3,
resnet50_no_weights,CIFAR10,fp32_unfused,layer4.0.conv2,"(512, 512, 3, 3)",17.396052178882417,7.373408075494731e-06,43,43,3,
resnet50_no_weights,CIFAR10,fp32_unfused,layer4.0.conv2,"(512, 512, 3, 3)",16.448670420153388,6.971855341658438e-06,44,44,3,
resnet50_no_weights,CIFAR10,fp32_unfused,layer4.0.conv2,"(512, 512, 3, 3)",17.20804829406947,7.293721641569973e-06,"42,43,44",aggregate,3,0.6850067340989072
resnet50_no_weights,CIFAR10,fp32_unfused,layer4.0.conv3,"(2048, 512, 1, 1)",12.579298606285683,1.1996553999219592e-05,42,42,3,
resnet50_no_weights,CIFAR10,fp32_unfused,layer4.0.conv3,"(2048, 512, 1, 1)",10.517451524734497,1.0030223393187043e-05,43,43,3,
resnet50_no_weights,CIFAR10,fp32_unfused,layer4.0.conv3,"(2048, 512, 1, 1)",12.517760476758403,1.1937866665609744e-05,44,44,3,
resnet50_no_weights,CIFAR10,fp32_unfused,layer4.0.conv3,"(2048, 512, 1, 1)",11.871503535926195,1.1321548019338793e-05,"42,43,44",aggregate,3,1.1730470459899034
resnet50_no_weights,CIFAR10,fp32_unfused,layer4.0.downsample.0,"(2048, 1024, 1, 1)",33.61652910232544,1.602961020580551e-05,42,42,3,
resnet50_no_weights,CIFAR10,fp32_unfused,layer4.0.downsample.0,"(2048, 1024, 1, 1)",30.086301803588867,1.434626665286487e-05,43,43,3,
resnet50_no_weights,CIFAR10,fp32_unfused,layer4.0.downsample.0,"(2048, 1024, 1, 1)",34.33555949818004,1.6372470616426487e-05,44,44,3,
resnet50_no_weights,CIFAR10,fp32_unfused,layer4.0.downsample.0,"(2048, 1024, 1, 1)",32.67946346803145,1.5582782491698957e-05,"42,43,44",aggregate,3,2.2743387480741886
resnet50_no_weights,CIFAR10,fp32_unfused,layer4.1.conv1,"(512, 2048, 1, 1)",25.6497483253479,2.4461506200168515e-05,42,42,3,
resnet50_no_weights,CIFAR10,fp32_unfused,layer4.1.conv1,"(512, 2048, 1, 1)",30.403507709503174,2.899504443121259e-05,43,43,3,
resnet50_no_weights,CIFAR10,fp32_unfused,layer4.1.conv1,"(512, 2048, 1, 1)",26.81393383026123,2.55717600157368e-05,44,44,3,
resnet50_no_weights,CIFAR10,fp32_unfused,layer4.1.conv1,"(512, 2048, 1, 1)",27.6223966217041,2.634277021570597e-05,"42,43,44",aggregate,3,2.4778551480003386
resnet50_no_weights,CIFAR10,fp32_unfused,layer4.1.conv2,"(512, 512, 3, 3)",62.71084487132537,2.6580320939519826e-05,42,42,3,
resnet50_no_weights,CIFAR10,fp32_unfused,layer4.1.conv2,"(512, 512, 3, 3)",53.88920166913201,2.2841221139328007e-05,43,43,3,
resnet50_no_weights,CIFAR10,fp32_unfused,layer4.1.conv2,"(512, 512, 3, 3)",53.41541213989258,2.2640402959142294e-05,44,44,3,
resnet50_no_weights,CIFAR10,fp32_unfused,layer4.1.conv2,"(512, 512, 3, 3)",56.67181956011665,2.402064834599671e-05,"42,43,44",aggregate,3,5.2353117539998415
resnet50_no_weights,CIFAR10,fp32_unfused,layer4.1.conv3,"(2048, 512, 1, 1)",21.719225855434644,2.0713067870554584e-05,42,42,3,
resnet50_no_weights,CIFAR10,fp32_unfused,layer4.1.conv3,"(2048, 512, 1, 1)",22.581480686481182,2.153537815712088e-05,43,43,3,
resnet50_no_weights,CIFAR10,fp32_unfused,layer4.1.conv3,"(2048, 512, 1, 1)",19.331492066383362,1.8435947481520998e-05,44,44,3,
resnet50_no_weights,CIFAR10,fp32_unfused,layer4.1.conv3,"(2048, 512, 1, 1)",21.210732869433063,2.0228131169732153e-05,"42,43,44",aggregate,3,1.6836063510514971
resnet50_no_weights,CIFAR10,fp32_unfused,layer4.2.conv1,"(512, 2048, 1, 1)",16.829192797342937,1.6049568936675012e-05,42,42,3,
resnet50_no_weights,CIFAR10,fp32_unfused,layer4.2.conv1,"(512, 2048, 1, 1)",20.335097312927246,1.9393060028960463e-05,43,43,3,
resnet50_no_weights,CIFAR10,fp32_unfused,layer4.2.conv1,"(512, 2048, 1, 1)",17.97015811778881,1.7137678258694467e-05,44,44,3,
resnet50_no_weights,CIFAR10,fp32_unfused,layer4.2.conv1,"(512, 2048, 1, 1)",18.378149409352996,1.7526769074776646e-05,"42,43,44",aggregate,3,1.7882070038428919
resnet50_no_weights,CIFAR10,fp32_unfused,layer4.2.conv2,"(512, 512, 3, 3)",11.793685876406157,4.9988156960407496e-06,42,42,3,
resnet50_no_weights,CIFAR10,fp32_unfused,layer4.2.conv2,"(512, 512, 3, 3)",13.933318932851156,5.90571040380315e-06,43,43,3,
resnet50_no_weights,CIFAR10,fp32_unfused,layer4.2.conv2,"(512, 512, 3, 3)",15.833870887756348,6.711269331087048e-06,44,44,3,
resnet50_no_weights,CIFAR10,fp32_unfused,layer4.2.conv2,"(512, 512, 3, 3)",13.853625232337887,5.871931810310316e-06,"42,43,44",aggregate,3,2.0212711460639836
resnet50_no_weights,CIFAR10,fp32_unfused,layer4.2.conv3,"(2048, 512, 1, 1)",5.370397130648295,5.1216098124010996e-06,42,42,3,
resnet50_no_weights,CIFAR10,fp32_unfused,layer4.2.conv3,"(2048, 512, 1, 1)",6.045822673373753,5.76574580514312e-06,43,43,3,
resnet50_no_weights,CIFAR10,fp32_unfused,layer4.2.conv3,"(2048, 512, 1, 1)",5.838295936584473,5.567832886299584e-06,44,44,3,
resnet50_no_weights,CIFAR10,fp32_unfused,layer4.2.conv3,"(2048, 512, 1, 1)",5.75150524686884,5.485062834614601e-06,"42,43,44",aggregate,3,0.3459759873278505
resnet50_no_weights,CIFAR10,fp32_unfused,fc,"(10, 2048)",5.302045119436164,0.00025888892184746894,42,42,3,
resnet50_no_weights,CIFAR10,fp32_unfused,fc,"(10, 2048)",5.490548164948173,0.00026809317211661,43,43,3,
resnet50_no_weights,CIFAR10,fp32_unfused,fc,"(10, 2048)",5.1375305414199826,0.0002508559834677726,44,44,3,
resnet50_no_weights,CIFAR10,fp32_unfused,fc,"(10, 2048)",5.310041275268106,0.0002592793591439505,"42,43,44",aggregate,3,0.17664459944034325
resnet50_no_weights,CIFAR10,fp32_fused,conv1,"(64, 3, 3, 3)",208.22707728335732,0.12050178083527623,42,42,3,
resnet50_no_weights,CIFAR10,fp32_fused,conv1,"(64, 3, 3, 3)",195.94171985826995,0.11339219899205437,43,43,3,
resnet50_no_weights,CIFAR10,fp32_fused,conv1,"(64, 3, 3, 3)",197.43720726739792,0.11425764309455898,44,44,3,
resnet50_no_weights,CIFAR10,fp32_fused,conv1,"(64, 3, 3, 3)",200.5353348030084,0.1160505409739632,"42,43,44",aggregate,3,6.703081189700614
resnet50_no_weights,CIFAR10,fp32_fused,layer1.0.conv1,"(64, 64, 1, 1)",3.427598466475805,0.0008368160318544445,42,42,3,
resnet50_no_weights,CIFAR10,fp32_fused,layer1.0.conv1,"(64, 64, 1, 1)",3.6745889054404364,0.000897116431992294,43,43,3,
resnet50_no_weights,CIFAR10,fp32_fused,layer1.0.conv1,"(64, 64, 1, 1)",3.644226199196231,0.0008897036619131423,44,44,3,
resnet50_no_weights,CIFAR10,fp32_fused,layer1.0.conv1,"(64, 64, 1, 1)",3.5821378570374907,0.0008745453752532936,"42,43,44",aggregate,3,0.13469332169413947
resnet50_no_weights,CIFAR10,fp32_fused,layer1.0.conv2,"(64, 64, 3, 3)",6.852666391645159,0.00018589047286363822,42,42,3,
resnet50_no_weights,CIFAR10,fp32_fused,layer1.0.conv2,"(64, 64, 3, 3)",6.43260395526886,0.00017449555000186793,43,43,3,
resnet50_no_weights,CIFAR10,fp32_fused,layer1.0.conv2,"(64, 64, 3, 3)",7.040265704646255,0.00019097942992204466,44,44,3,
resnet50_no_weights,CIFAR10,fp32_fused,layer1.0.conv2,"(64, 64, 3, 3)",6.775178683853425,0.00018378848426251696,"42,43,44",aggregate,3,0.3111534333061616
resnet50_no_weights,CIFAR10,fp32_fused,layer1.0.conv3,"(256, 64, 1, 1)",2.7844950521693512,0.00016995209058650825,42,42,3,
resnet50_no_weights,CIFAR10,fp32_fused,layer1.0.conv3,"(256, 64, 1, 1)",2.595253348350525,0.00015840169362490997,43,43,3,
resnet50_no_weights,CIFAR10,fp32_fused,layer1.0.conv3,"(256, 64, 1, 1)",2.9192232796640107,0.00017817524900293034,44,44,3,
resnet50_no_weights,CIFAR10,fp32_fused,layer1.0.conv3,"(256, 64, 1, 1)",2.766323893394629,0.0001688430110714495,"42,43,44",aggregate,3,0.16274757250794344
resnet50_no_weights,CIFAR10,fp32_fused,layer1.0.downsample.0,"(256, 64, 1, 1)",7.54302122252328,0.00046038947891377443,42,42,3,
resnet50_no_weights,CIFAR10,fp32_fused,layer1.0.downsample.0,"(256, 64, 1, 1)",6.491919732484662,0.0003962353352346595,43,43,3,
resnet50_no_weights,CIFAR10,fp32_fused,layer1.0.downsample.0,"(256, 64, 1, 1)",6.150830838415358,0.00037541692128999985,44,44,3,
resnet50_no_weights,CIFAR10,fp32_fused,layer1.0.downsample.0,"(256, 64, 1, 1)",6.7285905978077665,0.00041068057847947793,"42,43,44",aggregate,3,0.7256433974551355
resnet50_no_weights,CIFAR10,fp32_fused,layer1.1.conv1,"(64, 256, 1, 1)",7.17238850471301,0.0004377678530708624,42,42,3,
resnet50_no_weights,CIFAR10,fp32_fused,layer1.1.conv1,"(64, 256, 1, 1)",5.3539206981658936,0.0003267773863626644,43,43,3,
resnet50_no_weights,CIFAR10,fp32_fused,layer1.1.conv1,"(64, 256, 1, 1)",7.911580006281535,0.0004828845218677695,44,44,3,
resnet50_no_weights,CIFAR10,fp32_fused,layer1.1.conv1,"(64, 256, 1, 1)",6.812629736386813,0.00041580992043376545,"42,43,44",aggregate,3,1.3162351851543599
resnet50_no_weights,CIFAR10,fp32_fused,layer1.1.conv2,"(64, 64, 3, 3)",5.263547897338867,0.0001427828748193052,42,42,3,
resnet50_no_weights,CIFAR10,fp32_fused,layer1.1.conv2,"(64, 64, 3, 3)",5.544606270613493,0.00015040707114294415,43,43,3,
resnet50_no_weights,CIFAR10,fp32_fused,layer1.1.conv2,"(64, 64, 3, 3)",6.679788569186596,0.00018120086179434125,44,44,3,
resnet50_no_weights,CIFAR10,fp32_fused,layer1.1.conv2,"(64, 64, 3, 3)",5.829314245712985,0.00015813026925219685,"42,43,44",aggregate,3,0.749818900443878
resnet50_no_weights,CIFAR10,fp32_fused,layer1.1.conv3,"(256, 64, 1, 1)",2.5474192226926484,0.00015548213029129934,42,42,3,
resnet50_no_weights,CIFAR10,fp32_fused,layer1.1.conv3,"(256, 64, 1, 1)",2.343434483715982,0.00014303188987524305,43,43,3,
resnet50_no_weights,CIFAR10,fp32_fused,layer1.1.conv3,"(256, 64, 1, 1)",2.424100548028946,0.00014795535571465734,44,44,3,
resnet50_no_weights,CIFAR10,fp32_fused,layer1.1.conv3,"(256, 64, 1, 1)",2.4383180848125257,0.00014882312529373326,"42,43,44",aggregate,3,0.10273289248331809
resnet50_no_weights,CIFAR10,fp32_fused,layer1.2.conv1,"(64, 256, 1, 1)",11.402788999604017,0.0006959710082766123,42,42,3,
resnet50_no_weights,CIFAR10,fp32_fused,layer1.2.conv1,"(64, 256, 1, 1)",12.886448718883374,0.000786526411064659,43,43,3,
resnet50_no_weights,CIFAR10,fp32_fused,layer1.2.conv1,"(64, 256, 1, 1)",11.249375800291697,0.0006866074096857725,44,44,3,
resnet50_no_weights,CIFAR10,fp32_fused,layer1.2.conv1,"(64, 256, 1, 1)",11.846204506259696,0.0007230349430090146,"42,43,44",aggregate,3,0.9041376658748392
resnet50_no_weights,CIFAR10,fp32_fused,layer1.2.conv2,"(64, 64, 3, 3)",15.887180271148681,0.00043096734676510094,42,42,3,
resnet50_no_weights,CIFAR10,fp32_fused,layer1.2.conv2,"(64, 64, 3, 3)",19.118891976096414,0.0005186331373724071,43,43,3,
resnet50_no_weights,CIFAR10,fp32_fused,layer1.2.conv2,"(64, 64, 3, 3)",15.028849363327026,0.00040768363073261245,44,44,3,
resnet50_no_weights,CIFAR10,fp32_fused,layer1.2.conv2,"(64, 64, 3, 3)",16.678307203524042,0.0004524280382900402,"42,43,44",aggregate,3,2.1567390919892455
resnet50_no_weights,CIFAR10,fp32_fused,layer1.2.conv3,"(256, 64, 1, 1)",4.254278714840229,0.00025966056609132257,42,42,3,
resnet50_no_weights,CIFAR10,fp32_fused,layer1.2.conv3,"(256, 64, 1, 1)",5.490859889984131,0.00033513549133203926,43,43,3,
resnet50_no_weights,CIFAR10,fp32_fused,layer1.2.conv3,"(256, 64, 1, 1)",5.010548257827759,0.00030581959581468256,44,44,3,
resnet50_no_weights,CIFAR10,fp32_fused,layer1.2.conv3,"(256, 64, 1, 1)",4.9185622875507065,0.0003002052177460148,"42,43,44",aggregate,3,0.6234014073820549
resnet50_no_weights,CIFAR10,fp32_fused,layer2.0.conv1,"(128, 256, 1, 1)",33.20460967456593,0.0010133242698536966,42,42,3,
resnet50_no_weights,CIFAR10,fp32_fused,layer2.0.conv1,"(128, 256, 1, 1)",42.765860345628525,0.001305110484180558,43,43,3,
resnet50_no_weights,CIFAR10,fp32_fused,layer2.0.conv1,"(128, 256, 1, 1)",44.99215183939253,0.0013730515087705239,44,44,3,
resnet50_no_weights,CIFAR10,fp32_fused,layer2.0.conv1,"(128, 256, 1, 1)",40.32087395319566,0.001230495420934926,"42,43,44",aggregate,3,6.262587837010961
resnet50_no_weights,CIFAR10,fp32_fused,layer2.0.conv2,"(128, 128, 3, 3)",73.38323942820232,0.0004976619427368321,42,42,3,
resnet50_no_weights,CIFAR10,fp32_fused,layer2.0.conv2,"(128, 128, 3, 3)",67.33720772606986,0.00045665966611104235,43,43,3,
resnet50_no_weights,CIFAR10,fp32_fused,layer2.0.conv2,"(128, 128, 3, 3)",73.65275279680888,0.0004994896972439839,44,44,3,
resnet50_no_weights,CIFAR10,fp32_fused,layer2.0.conv2,"(128, 128, 3, 3)",71.45773331702702,0.0004846037686972861,"42,43,44",aggregate,3,3.5710233439819516
resnet50_no_weights,CIFAR10,fp32_fused,layer2.0.conv3,"(512, 128, 1, 1)",24.6005553710155,0.00037537468522667693,42,42,3,
resnet50_no_weights,CIFAR10,fp32_fused,layer2.0.conv3,"(512, 128, 1, 1)",27.870638029915945,0.00042527218673577797,43,43,3,
resnet50_no_weights,CIFAR10,fp32_fused,layer2.0.conv3,"(512, 128, 1, 1)",27.919723538384922,0.00042602117215553164,44,44,3,
resnet50_no_weights,CIFAR10,fp32_fused,layer2.0.conv3,"(512, 128, 1, 1)",26.796972313105456,0.00040888934803932886,"42,43,44",aggregate,3,1.9023111954699368
resnet50_no_weights,CIFAR10,fp32_fused,layer2.0.downsample.0,"(512, 256, 1, 1)",47.256439996802285,0.0003605380248779471,42,42,3,
resnet50_no_weights,CIFAR10,fp32_fused,layer2.0.downsample.0,"(512, 256, 1, 1)",41.454864184061684,0.0003162755140995917,43,43,3,
resnet50_no_weights,CIFAR10,fp32_fused,layer2.0.downsample.0,"(512, 256, 1, 1)",35.21957893371582,0.0002687040629098192,44,44,3,
resnet50_no_weights,CIFAR10,fp32_fused,layer2.0.downsample.0,"(512, 256, 1, 1)",41.310294371526595,0.00031517253396245266,"42,43,44",aggregate,3,6.019732667322866
resnet50_no_weights,CIFAR10,fp32_fused,layer2.1.conv1,"(128, 512, 1, 1)",8.181156739592552,0.000124834544976693,42,42,3,
resnet50_no_weights,CIFAR10,fp32_fused,layer2.1.conv1,"(128, 512, 1, 1)",7.617163704662788,0.00011622869422398053,43,43,3,
resnet50_no_weights,CIFAR10,fp32_fused,layer2.1.conv1,"(128, 512, 1, 1)",8.798568427562714,0.00013425549968815176,44,44,3,
resnet50_no_weights,CIFAR10,fp32_fused,layer2.1.conv1,"(128, 512, 1, 1)",8.198962957272684,0.0001251062462962751,"42,43,44",aggregate,3,0.5909036096214141
resnet50_no_weights,CIFAR10,fp32_fused,layer2.1.conv2,"(128, 128, 3, 3)",8.660645915911747,5.873376407817754e-05,42,42,3,
resnet50_no_weights,CIFAR10,fp32_fused,layer2.1.conv2,"(128, 128, 3, 3)",7.852037502547442,5.32500373165381e-05,43,43,3,
resnet50_no_weights,CIFAR10,fp32_fused,layer2.1.conv2,"(128, 128, 3, 3)",8.219370822906495,5.5741175828087665e-05,44,44,3,
resnet50_no_weights,CIFAR10,fp32_fused,layer2.1.conv2,"(128, 128, 3, 3)",8.244018080455227,5.590832574093443e-05,"42,43,44",aggregate,3,0.40486727086711993
resnet50_no_weights,CIFAR10,fp32_fused,layer2.1.conv3,"(512, 128, 1, 1)",5.117301146189372,7.80838187589931e-05,42,42,3,
resnet50_no_weights,CIFAR10,fp32_fused,layer2.1.conv3,"(512, 128, 1, 1)",9.993877708911896,0.0001524944718767074,43,43,3,
resnet50_no_weights,CIFAR10,fp32_fused,layer2.1.conv3,"(512, 128, 1, 1)",8.449053974151612,0.00012892233236925677,44,44,3,
resnet50_no_weights,CIFAR10,fp32_fused,layer2.1.conv3,"(512, 128, 1, 1)",7.8534109430842935,0.00011983354100165243,"42,43,44",aggregate,3,2.4922565494683635
resnet50_no_weights,CIFAR10,fp32_fused,layer2.2.conv1,"(128, 512, 1, 1)",8.321836934899384,0.00012698115440215124,42,42,3,
resnet50_no_weights,CIFAR10,fp32_fused,layer2.2.conv1,"(128, 512, 1, 1)",9.772517262278376,0.00014911677951474572,43,43,3,
resnet50_no_weights,CIFAR10,fp32_fused,layer2.2.conv1,"(128, 512, 1, 1)",9.672077081142328,0.00014758418397739148,44,44,3,
resnet50_no_weights,CIFAR10,fp32_fused,layer2.2.conv1,"(128, 512, 1, 1)",9.255477092773363,0.0001412273726314295,"42,43,44",aggregate,3,0.8101141992292639
resnet50_no_weights,CIFAR10,fp32_fused,layer2.2.conv2,"(128, 128, 3, 3)",6.959795243399483,4.7199132238766026e-05,42,42,3,
resnet50_no_weights,CIFAR10,fp32_fused,layer2.2.conv2,"(128, 128, 3, 3)",6.9394354603507304,4.706105862325528e-05,43,43,3,
resnet50_no_weights,CIFAR10,fp32_fused,layer2.2.conv2,"(128, 128, 3, 3)",6.176048853818108,4.188401186671352e-05,44,44,3,
resnet50_no_weights,CIFAR10,fp32_fused,layer2.2.conv2,"(128, 128, 3, 3)",6.691759852522774,4.538140090957828e-05,"42,43,44",aggregate,3,0.4467348271963703
resnet50_no_weights,CIFAR10,fp32_fused,layer2.2.conv3,"(512, 128, 1, 1)",6.557135277324253,0.00010005394405096822,42,42,3,
resnet50_no_weights,CIFAR10,fp32_fused,layer2.2.conv3,"(512, 128, 1, 1)",7.920527664820353,0.00012085766090118947,43,43,3,
resnet50_no_weights,CIFAR10,fp32_fused,layer2.2.conv3,"(512, 128, 1, 1)",7.625292627016703,0.00011635273173548437,44,44,3,
resnet50_no_weights,CIFAR10,fp32_fused,layer2.2.conv3,"(512, 128, 1, 1)",7.367651856387103,0.00011242144556254735,"42,43,44",aggregate,3,0.7172822147443361
resnet50_no_weights,CIFAR10,fp32_fused,layer2.3.conv1,"(128, 512, 1, 1)",10.280582708470961,0.00015686924298814332,42,42,3,
resnet50_no_weights,CIFAR10,fp32_fused,layer2.3.conv1,"(128, 512, 1, 1)",14.422122907638549,0.0002200641312811058,43,43,3,
resnet50_no_weights,CIFAR10,fp32_fused,layer2.3.conv1,"(128, 512, 1, 1)",14.361158227920532,0.0002191338840930257,44,44,3,
resnet50_no_weights,CIFAR10,fp32_fused,layer2.3.conv1,"(128, 512, 1, 1)",13.021287948010015,0.00019868908612075828,"42,43,44",aggregate,3,2.3737160909786357
resnet50_no_weights,CIFAR10,fp32_fused,layer2.3.conv2,"(128, 128, 3, 3)",15.046777992248535,0.00010204249397955006,42,42,3,
resnet50_no_weights,CIFAR10,fp32_fused,layer2.3.conv2,"(128, 128, 3, 3)",13.00622272491455,8.820409291527337e-05,43,43,3,
resnet50_no_weights,CIFAR10,fp32_fused,layer2.3.conv2,"(128, 128, 3, 3)",13.201217284569374,8.952648440598806e-05,44,44,3,
resnet50_no_weights,CIFAR10,fp32_fused,layer2.3.conv2,"(128, 128, 3, 3)",13.751406000577486,9.325769043360382e-05,"42,43,44",aggregate,3,1.1260538029677392
resnet50_no_weights,CIFAR10,fp32_fused,layer2.3.conv3,"(512, 128, 1, 1)",8.086057046364093,0.00012338343881781148,42,42,3,
resnet50_no_weights,CIFAR10,fp32_fused,layer2.3.conv3,"(512, 128, 1, 1)",8.727907299995422,0.00013317729644768406,43,43,3,
resnet50_no_weights,CIFAR10,fp32_fused,layer2.3.conv3,"(512, 128, 1, 1)",8.59647512435913,0.00013117180060362443,44,44,3,
resnet50_no_weights,CIFAR10,fp32_fused,layer2.3.conv3,"(512, 128, 1, 1)",8.470146490239548,0.00012924417862303998,"42,43,44",aggregate,3,0.3390606580990189
resnet50_no_weights,CIFAR10,fp32_fused,layer3.0.conv1,"(256, 512, 1, 1)",112.28495941162109,0.0008566662552766501,42,42,3,
resnet50_no_weights,CIFAR10,fp32_fused,layer3.0.conv1,"(256, 512, 1, 1)",86.807666015625,0.0006622899323701859,43,43,3,
resnet50_no_weights,CIFAR10,fp32_fused,layer3.0.conv1,"(256, 512, 1, 1)",84.24787243929777,0.000642760257257826,44,44,3,
resnet50_no_weights,CIFAR10,fp32_fused,layer3.0.conv1,"(256, 512, 1, 1)",94.44683262218129,0.000720572148301554,"42,43,44",aggregate,3,15.501200318215652
resnet50_no_weights,CIFAR10,fp32_fused,layer3.0.conv2,"(256, 256, 3, 3)",65.33849767911232,0.00011077626152735786,42,42,3,
resnet50_no_weights,CIFAR10,fp32_fused,layer3.0.conv2,"(256, 256, 3, 3)",77.01241726345486,0.00013056847002403235,43,43,3,
resnet50_no_weights,CIFAR10,fp32_fused,layer3.0.conv2,"(256, 256, 3, 3)",80.77499071756999,0.00013694761609831066,44,44,3,
resnet50_no_weights,CIFAR10,fp32_fused,layer3.0.conv2,"(256, 256, 3, 3)",74.37530188671239,0.00012609744921656698,"42,43,44",aggregate,3,8.049044195696574
resnet50_no_weights,CIFAR10,fp32_fused,layer3.0.conv3,"(1024, 256, 1, 1)",29.871902741326227,0.0001139522657063531,42,42,3,
resnet50_no_weights,CIFAR10,fp32_fused,layer3.0.conv3,"(1024, 256, 1, 1)",29.22575894108525,0.0001114874227183733,43,43,3,
resnet50_no_weights,CIFAR10,fp32_fused,layer3.0.conv3,"(1024, 256, 1, 1)",29.744792545542996,0.00011346737879006575,44,44,3,
resnet50_no_weights,CIFAR10,fp32_fused,layer3.0.conv3,"(1024, 256, 1, 1)",29.614151409318158,0.00011296902240493072,"42,43,44",aggregate,3,0.3423094835131664
resnet50_no_weights,CIFAR10,fp32_fused,layer3.0.downsample.0,"(1024, 512, 1, 1)",37.33454782822553,7.120999875683886e-05,42,42,3,
resnet50_no_weights,CIFAR10,fp32_fused,layer3.0.downsample.0,"(1024, 512, 1, 1)",37.649431970384384,7.181059259487988e-05,43,43,3,
resnet50_no_weights,CIFAR10,fp32_fused,layer3.0.downsample.0,"(1024, 512, 1, 1)",35.66397948492141,6.80236425112179e-05,44,44,3,
resnet50_no_weights,CIFAR10,fp32_fused,layer3.0.downsample.0,"(1024, 512, 1, 1)",36.882653094510445,7.034807795431222e-05,"42,43,44",aggregate,3,1.0670810797579282
resnet50_no_weights,CIFAR10,fp32_fused,layer3.1.conv1,"(256, 1024, 1, 1)",16.46972318796011,6.282700801071209e-05,42,42,3,
resnet50_no_weights,CIFAR10,fp32_fused,layer3.1.conv1,"(256, 1024, 1, 1)",14.855252981185913,5.666829292749753e-05,43,43,3,
resnet50_no_weights,CIFAR10,fp32_fused,layer3.1.conv1,"(256, 1024, 1, 1)",14.143410110473633,5.395282787503675e-05,44,44,3,
resnet50_no_weights,CIFAR10,fp32_fused,layer3.1.conv1,"(256, 1024, 1, 1)",15.15612875987322,5.781604293774879e-05,"42,43,44",aggregate,3,1.1919848192286973
resnet50_no_weights,CIFAR10,fp32_fused,layer3.1.conv2,"(256, 256, 3, 3)",20.745445641604338,3.517226433920006e-05,42,42,3,
resnet50_no_weights,CIFAR10,fp32_fused,layer3.1.conv2,"(256, 256, 3, 3)",20.548005544222317,3.4837520250485425e-05,43,43,3,
resnet50_no_weights,CIFAR10,fp32_fused,layer3.1.conv2,"(256, 256, 3, 3)",19.945598193577357,3.3816186173464214e-05,44,44,3,
resnet50_no_weights,CIFAR10,fp32_fused,layer3.1.conv2,"(256, 256, 3, 3)",20.413016459801337,3.4608656921049904e-05,"42,43,44",aggregate,3,0.41665996293552027
resnet50_no_weights,CIFAR10,fp32_fused,layer3.1.conv3,"(1024, 256, 1, 1)",15.131455156538221,5.772192061057366e-05,42,42,3,
resnet50_no_weights,CIFAR10,fp32_fused,layer3.1.conv3,"(1024, 256, 1, 1)",12.794870035988945,4.880855574031427e-05,43,43,3,
resnet50_no_weights,CIFAR10,fp32_fused,layer3.1.conv3,"(1024, 256, 1, 1)",12.860698625776504,4.9059671881776824e-05,44,44,3,
resnet50_no_weights,CIFAR10,fp32_fused,layer3.1.conv3,"(1024, 256, 1, 1)",13.595674606101223,5.1863382744221585e-05,"42,43,44",aggregate,3,1.330432176074294
resnet50_no_weights,CIFAR10,fp32_fused,layer3.2.conv1,"(256, 1024, 1, 1)",24.302571837966507,9.270695433794597e-05,42,42,3,
resnet50_no_weights,CIFAR10,fp32_fused,layer3.2.conv1,"(256, 1024, 1, 1)",31.732605361938475,0.00012105028290534391,43,43,3,
resnet50_no_weights,CIFAR10,fp32_fused,layer3.2.conv1,"(256, 1024, 1, 1)",23.73216724395752,9.053103349287994e-05,44,44,3,
resnet50_no_weights,CIFAR10,fp32_fused,layer3.2.conv1,"(256, 1024, 1, 1)",26.589114814620835,0.00010142942357872328,"42,43,44",aggregate,3,4.463514490620153
resnet50_no_weights,CIFAR10,fp32_fused,layer3.2.conv2,"(256, 256, 3, 3)",19.885510087013245,3.37143115353279e-05,42,42,3,
resnet50_no_weights,CIFAR10,fp32_fused,layer3.2.conv2,"(256, 256, 3, 3)",20.050130712574926,3.399341280208151e-05,43,43,3,
resnet50_no_weights,CIFAR10,fp32_fused,layer3.2.conv2,"(256, 256, 3, 3)",19.71410369873047,3.342370554390881e-05,44,44,3,
resnet50_no_weights,CIFAR10,fp32_fused,layer3.2.conv2,"(256, 256, 3, 3)",19.883248166106213,3.371047662710608e-05,"42,43,44",aggregate,3,0.16802492589776102
resnet50_no_weights,CIFAR10,fp32_fused,layer3.2.conv3,"(1024, 256, 1, 1)",13.365804328474887,5.098649722471194e-05,42,42,3,
resnet50_no_weights,CIFAR10,fp32_fused,layer3.2.conv3,"(1024, 256, 1, 1)",11.792098218744451,4.498328483102589e-05,43,43,3,
resnet50_no_weights,CIFAR10,fp32_fused,layer3.2.conv3,"(1024, 256, 1, 1)",13.30928660929203,5.0770899235885736e-05,44,44,3,
resnet50_no_weights,CIFAR10,fp32_fused,layer3.2.conv3,"(1024, 256, 1, 1)",12.82239638550379,4.891356043054119e-05,"42,43,44",aggregate,3,0.8927117661743617
resnet50_no_weights,CIFAR10,fp32_fused,layer3.3.conv1,"(256, 1024, 1, 1)",45.77843647468381,0.0001746308764445641,42,42,3,
resnet50_no_weights,CIFAR10,fp32_fused,layer3.3.conv1,"(256, 1024, 1, 1)",50.387478319803876,0.0001922129757682948,43,43,3,
resnet50_no_weights,CIFAR10,fp32_fused,layer3.3.conv1,"(256, 1024, 1, 1)",45.445322934318995,0.00017336014913299177,44,44,3,
resnet50_no_weights,CIFAR10,fp32_fused,layer3.3.conv1,"(256, 1024, 1, 1)",47.203745909602226,0.0001800680004486169,"42,43,44",aggregate,3,2.762219253158572
resnet50_no_weights,CIFAR10,fp32_fused,layer3.3.conv2,"(256, 256, 3, 3)",31.65717468261719,5.367223897741901e-05,42,42,3,
resnet50_no_weights,CIFAR10,fp32_fused,layer3.3.conv2,"(256, 256, 3, 3)",32.75514282499041,5.553375723095433e-05,43,43,3,
resnet50_no_weights,CIFAR10,fp32_fused,layer3.3.conv2,"(256, 256, 3, 3)",31.36024789552431,5.316882306505722e-05,44,44,3,
resnet50_no_weights,CIFAR10,fp32_fused,layer3.3.conv2,"(256, 256, 3, 3)",31.924188467710636,5.4124939757810184e-05,"42,43,44",aggregate,3,0.7347824420432244
resnet50_no_weights,CIFAR10,fp32_fused,layer3.3.conv3,"(1024, 256, 1, 1)",15.882932233810426,6.05885781624238e-05,42,42,3,
resnet50_no_weights,CIFAR10,fp32_fused,layer3.3.conv3,"(1024, 256, 1, 1)",21.257495307922362,8.10909092251677e-05,43,43,3,
resnet50_no_weights,CIFAR10,fp32_fused,layer3.3.conv3,"(1024, 256, 1, 1)",14.35954076051712,5.477730087477539e-05,44,44,3,
resnet50_no_weights,CIFAR10,fp32_fused,layer3.3.conv3,"(1024, 256, 1, 1)",17.166656100749968,6.548559608745563e-05,"42,43,44",aggregate,3,3.6237279781227816
resnet50_no_weights,CIFAR10,fp32_fused,layer3.4.conv1,"(256, 1024, 1, 1)",59.41050073078701,0.00022663307468714526,42,42,3,
resnet50_no_weights,CIFAR10,fp32_fused,layer3.4.conv1,"(256, 1024, 1, 1)",59.27723451094194,0.0002261247044027021,43,43,3,
resnet50_no_weights,CIFAR10,fp32_fused,layer3.4.conv1,"(256, 1024, 1, 1)",54.250511371728145,0.00020694927738848932,44,44,3,
resnet50_no_weights,CIFAR10,fp32_fused,layer3.4.conv1,"(256, 1024, 1, 1)",57.646082204485694,0.00021990235215944555,"42,43,44",aggregate,3,2.9414054347443006
resnet50_no_weights,CIFAR10,fp32_fused,layer3.4.conv2,"(256, 256, 3, 3)",19.524420906515683,3.310211335333198e-05,42,42,3,
resnet50_no_weights,CIFAR10,fp32_fused,layer3.4.conv2,"(256, 256, 3, 3)",19.95153444784659,3.3826250623654836e-05,43,43,3,
resnet50_no_weights,CIFAR10,fp32_fused,layer3.4.conv2,"(256, 256, 3, 3)",14.8566845258077,2.5188335038600836e-05,44,44,3,
resnet50_no_weights,CIFAR10,fp32_fused,layer3.4.conv2,"(256, 256, 3, 3)",18.110879960056657,3.070556633852922e-05,"42,43,44",aggregate,3,2.8262957094954047
resnet50_no_weights,CIFAR10,fp32_fused,layer3.4.conv3,"(1024, 256, 1, 1)",15.798638170415705,6.026702182928354e-05,42,42,3,
resnet50_no_weights,CIFAR10,fp32_fused,layer3.4.conv3,"(1024, 256, 1, 1)",14.398040771484375,5.492416676133871e-05,43,43,3,
resnet50_no_weights,CIFAR10,fp32_fused,layer3.4.conv3,"(1024, 256, 1, 1)",15.707915592193604,5.9920942658209245e-05,44,44,3,
resnet50_no_weights,CIFAR10,fp32_fused,layer3.4.conv3,"(1024, 256, 1, 1)",15.301531511364562,5.837071041627717e-05,"42,43,44",aggregate,3,0.783759710840479
resnet50_no_weights,CIFAR10,fp32_fused,layer3.5.conv1,"(256, 1024, 1, 1)",52.20653892965878,0.00019915214130271445,42,42,3,
resnet50_no_weights,CIFAR10,fp32_fused,layer3.5.conv1,"(256, 1024, 1, 1)",52.366302808125816,0.0001997615921330483,43,43,3,
resnet50_no_weights,CIFAR10,fp32_fused,layer3.5.conv1,"(256, 1024, 1, 1)",52.92043462006942,0.0002018754372408654,44,44,3,
resnet50_no_weights,CIFAR10,fp32_fused,layer3.5.conv1,"(256, 1024, 1, 1)",52.49775878595134,0.0002002630568922094,"42,43,44",aggregate,3,0.37466287483052146
resnet50_no_weights,CIFAR10,fp32_fused,layer3.5.conv2,"(256, 256, 3, 3)",7.674118936061859,1.3010862453989426e-05,42,42,3,
resnet50_no_weights,CIFAR10,fp32_fused,layer3.5.conv2,"(256, 256, 3, 3)",6.919284200668335,1.1731099786831894e-05,43,43,3,
resnet50_no_weights,CIFAR10,fp32_fused,layer3.5.conv2,"(256, 256, 3, 3)",8.130552630675467,1.3784709728114602e-05,44,44,3,
resnet50_no_weights,CIFAR10,fp32_fused,layer3.5.conv2,"(256, 256, 3, 3)",7.574651922468553,1.2842223989645306e-05,"42,43,44",aggregate,3,0.6117295705439325
resnet50_no_weights,CIFAR10,fp32_fused,layer3.5.conv3,"(1024, 256, 1, 1)",6.90551369530814,2.634244421122795e-05,42,42,3,
resnet50_no_weights,CIFAR10,fp32_fused,layer3.5.conv3,"(1024, 256, 1, 1)",6.210436889103481,2.369093661919968e-05,43,43,3,
resnet50_no_weights,CIFAR10,fp32_fused,layer3.5.conv3,"(1024, 256, 1, 1)",7.220791427712691,2.7545133314944043e-05,44,44,3,
resnet50_no_weights,CIFAR10,fp32_fused,layer3.5.conv3,"(1024, 256, 1, 1)",6.778914004041438,2.5859504715123893e-05,"42,43,44",aggregate,3,0.5169377958649143
resnet50_no_weights,CIFAR10,fp32_fused,layer4.0.conv1,"(512, 1024, 1, 1)",54.1025349112118,0.00010319239599459037,42,42,3,
resnet50_no_weights,CIFAR10,fp32_fused,layer4.0.conv1,"(512, 1024, 1, 1)",64.9246173657869,0.00012383388016850834,43,43,3,
resnet50_no_weights,CIFAR10,fp32_fused,layer4.0.conv1,"(512, 1024, 1, 1)",57.181961907280815,0.00010906593686538852,44,44,3,
resnet50_no_weights,CIFAR10,fp32_fused,layer4.0.conv1,"(512, 1024, 1, 1)",58.736371394759836,0.0001120307376761624,"42,43,44",aggregate,3,5.575976040522338
resnet50_no_weights,CIFAR10,fp32_fused,layer4.0.conv2,"(512, 512, 3, 3)",15.440862451280866,6.544690641310317e-06,42,42,3,
resnet50_no_weights,CIFAR10,fp32_fused,layer4.0.conv2,"(512, 512, 3, 3)",13.811765564812553,5.8541893703937754e-06,43,43,3,
resnet50_no_weights,CIFAR10,fp32_fused,layer4.0.conv2,"(512, 512, 3, 3)",14.178120803833007,6.009470962453633e-06,44,44,3,
resnet50_no_weights,CIFAR10,fp32_fused,layer4.0.conv2,"(512, 512, 3, 3)",14.47691627330881,6.136116991385909e-06,"42,43,44",aggregate,3,0.8546626327444276
resnet50_no_weights,CIFAR10,fp32_fused,layer4.0.conv3,"(2048, 512, 1, 1)",11.701483458280563,1.1159404238014758e-05,42,42,3,
resnet50_no_weights,CIFAR10,fp32_fused,layer4.0.conv3,"(2048, 512, 1, 1)",11.47108994760821,1.0939683864219866e-05,43,43,3,
resnet50_no_weights,CIFAR10,fp32_fused,layer4.0.conv3,"(2048, 512, 1, 1)",11.619645496894574,1.1081357476133894e-05,44,44,3,
resnet50_no_weights,CIFAR10,fp32_fused,layer4.0.conv3,"(2048, 512, 1, 1)",11.597406300927782,1.1060148526122839e-05,"42,43,44",aggregate,3,0.11679567122937387
resnet50_no_weights,CIFAR10,fp32_fused,layer4.0.downsample.0,"(2048, 1024, 1, 1)",82.11482756478446,3.915540102233146e-05,42,42,3,
resnet50_no_weights,CIFAR10,fp32_fused,layer4.0.downsample.0,"(2048, 1024, 1, 1)",85.25832412356422,4.06543369882413e-05,43,43,3,
resnet50_no_weights,CIFAR10,fp32_fused,layer4.0.downsample.0,"(2048, 1024, 1, 1)",75.43169314066569,3.596863419564518e-05,44,44,3,
resnet50_no_weights,CIFAR10,fp32_fused,layer4.0.downsample.0,"(2048, 1024, 1, 1)",80.93494827633812,3.859279073540598e-05,"42,43,44",aggregate,3,5.018441537967124
resnet50_no_weights,CIFAR10,fp32_fused,layer4.1.conv1,"(512, 2048, 1, 1)",35.3420824432373,3.3704836314427664e-05,42,42,3,
resnet50_no_weights,CIFAR10,fp32_fused,layer4.1.conv1,"(512, 2048, 1, 1)",34.87668025493622,3.3260994200645655e-05,43,43,3,
resnet50_no_weights,CIFAR10,fp32_fused,layer4.1.conv1,"(512, 2048, 1, 1)",32.12000510271858,3.06320239093004e-05,44,44,3,
resnet50_no_weights,CIFAR10,fp32_fused,layer4.1.conv1,"(512, 2048, 1, 1)",34.11292260029737,3.253261814145791e-05,"42,43,44",aggregate,3,1.7415337818531202
resnet50_no_weights,CIFAR10,fp32_fused,layer4.1.conv2,"(512, 512, 3, 3)",89.72786254882813,3.803162576837672e-05,42,42,3,
resnet50_no_weights,CIFAR10,fp32_fused,layer4.1.conv2,"(512, 512, 3, 3)",97.41782633463542,4.129105730465165e-05,43,43,3,
resnet50_no_weights,CIFAR10,fp32_fused,layer4.1.conv2,"(512, 512, 3, 3)",98.54958506992885,4.1770759188303994e-05,44,44,3,
resnet50_no_weights,CIFAR10,fp32_fused,layer4.1.conv2,"(512, 512, 3, 3)",95.23175798446414,4.0364480753777454e-05,"42,43,44",aggregate,3,4.799986269099048
resnet50_no_weights,CIFAR10,fp32_fused,layer4.1.conv3,"(2048, 512, 1, 1)",20.191325021826703,1.9255948087526992e-05,42,42,3,
resnet50_no_weights,CIFAR10,fp32_fused,layer4.1.conv3,"(2048, 512, 1, 1)",21.040721524146296,2.006599571623449e-05,43,43,3,
resnet50_no_weights,CIFAR10,fp32_fused,layer4.1.conv3,"(2048, 512, 1, 1)",19.98629408616286,1.9060415350115643e-05,44,44,3,
resnet50_no_weights,CIFAR10,fp32_fused,layer4.1.conv3,"(2048, 512, 1, 1)",20.406113544045287,1.9460786384625708e-05,"42,43,44",aggregate,3,0.5590660850478321
resnet50_no_weights,CIFAR10,fp32_fused,layer4.2.conv1,"(512, 2048, 1, 1)",39.63868758791969,3.780239828865022e-05,42,42,3,
resnet50_no_weights,CIFAR10,fp32_fused,layer4.2.conv1,"(512, 2048, 1, 1)",39.47549021244049,3.76467611431508e-05,43,43,3,
resnet50_no_weights,CIFAR10,fp32_fused,layer4.2.conv1,"(512, 2048, 1, 1)",32.9742194866312,3.1446666227942657e-05,44,44,3,
resnet50_no_weights,CIFAR10,fp32_fused,layer4.2.conv1,"(512, 2048, 1, 1)",37.362799095663796,3.5631941886581226e-05,"42,43,44",aggregate,3,3.8014972819210766
resnet50_no_weights,CIFAR10,fp32_fused,layer4.2.conv2,"(512, 512, 3, 3)",11.656258046627045,4.940566188654177e-06,42,42,3,
resnet50_no_weights,CIFAR10,fp32_fused,layer4.2.conv2,"(512, 512, 3, 3)",9.571651526859828,4.056994767447505e-06,43,43,3,
resnet50_no_weights,CIFAR10,fp32_fused,layer4.2.conv2,"(512, 512, 3, 3)",11.556854820251464,4.898433609115373e-06,44,44,3,
resnet50_no_weights,CIFAR10,fp32_fused,layer4.2.conv2,"(512, 512, 3, 3)",10.928254797912778,4.631998188405684e-06,"42,43,44",aggregate,3,1.1759037276185256
resnet50_no_weights,CIFAR10,fp32_fused,layer4.2.conv3,"(2048, 512, 1, 1)",5.574245121743944,5.31601440596003e-06,42,42,3,
resnet50_no_weights,CIFAR10,fp32_fused,layer4.2.conv3,"(2048, 512, 1, 1)",5.806768002048615,5.537765504883399e-06,43,43,3,
resnet50_no_weights,CIFAR10,fp32_fused,layer4.2.conv3,"(2048, 512, 1, 1)",5.595243960618973,5.336040459269498e-06,44,44,3,
resnet50_no_weights,CIFAR10,fp32_fused,layer4.2.conv3,"(2048, 512, 1, 1)",5.658752361470511,5.3966067900376426e-06,"42,43,44",aggregate,3,0.12861458004571194
resnet50_no_weights,CIFAR10,fp32_fused,fc,"(10, 2048)",5.900436115264893,0.0002881072321906686,42,42,3,
resnet50_no_weights,CIFAR10,fp32_fused,fc,"(10, 2048)",5.403208749634879,0.0002638285522282656,43,43,3,
resnet50_no_weights,CIFAR10,fp32_fused,fc,"(10, 2048)",5.1352909207344055,0.00025074662698898464,44,44,3,
resnet50_no_weights,CIFAR10,fp32_fused,fc,"(10, 2048)",5.479645261878059,0.0002675608038026396,"42,43,44",aggregate,3,0.3882572568300568
resnet50_no_weights,CIFAR10,ptq,conv1,"(64, 3, 3, 3)",1082.4504471536893,0.6264180828435703,42,42,3,
resnet50_no_weights,CIFAR10,ptq,conv1,"(64, 3, 3, 3)",1112.4998306282635,0.6438077723543191,43,43,3,
resnet50_no_weights,CIFAR10,ptq,conv1,"(64, 3, 3, 3)",1279.6671323089276,0.7405481089750738,44,44,3,
resnet50_no_weights,CIFAR10,ptq,conv1,"(64, 3, 3, 3)",1158.2058033636267,0.6702579880576544,"42,43,44",aggregate,3,106.25621009460781
resnet50_no_weights,CIFAR10,ptq,layer1.0.conv1,"(64, 64, 1, 1)",7.658580766280287,0.0018697706948926482,42,42,3,
resnet50_no_weights,CIFAR10,ptq,layer1.0.conv1,"(64, 64, 1, 1)",10.095464410583178,0.0024647129908650337,43,43,3,
resnet50_no_weights,CIFAR10,ptq,layer1.0.conv1,"(64, 64, 1, 1)",12.438775505935936,0.0030368104262538907,44,44,3,
resnet50_no_weights,CIFAR10,ptq,layer1.0.conv1,"(64, 64, 1, 1)",10.064273560933135,0.002457098037337191,"42,43,44",aggregate,3,2.390250005560988
resnet50_no_weights,CIFAR10,ptq,layer1.0.conv2,"(64, 64, 3, 3)",25.406961954519396,0.0006892079523252875,42,42,3,
resnet50_no_weights,CIFAR10,ptq,layer1.0.conv2,"(64, 64, 3, 3)",25.939518914390835,0.0007036544844398556,43,43,3,
resnet50_no_weights,CIFAR10,ptq,layer1.0.conv2,"(64, 64, 3, 3)",22.046208750350136,0.0005980416870212168,44,44,3,
resnet50_no_weights,CIFAR10,ptq,layer1.0.conv2,"(64, 64, 3, 3)",24.46422987308679,0.0006636347079287866,"42,43,44",aggregate,3,2.110929615448451
resnet50_no_weights,CIFAR10,ptq,layer1.0.conv3,"(256, 64, 1, 1)",6.020715935294753,0.0003674753378475801,42,42,3,
resnet50_no_weights,CIFAR10,ptq,layer1.0.conv3,"(256, 64, 1, 1)",4.756095085174162,0.00029028900666346204,43,43,3,
resnet50_no_weights,CIFAR10,ptq,layer1.0.conv3,"(256, 64, 1, 1)",5.3179854109646785,0.0003245840704934496,44,44,3,
resnet50_no_weights,CIFAR10,ptq,layer1.0.conv3,"(256, 64, 1, 1)",5.364932143811198,0.00032744947166816395,"42,43,44",aggregate,3,0.6336161854258879
resnet50_no_weights,CIFAR10,ptq,layer1.0.downsample.0,"(256, 64, 1, 1)",2.1926786992412346,0.0001338304870142355,42,42,3,
resnet50_no_weights,CIFAR10,ptq,layer1.0.downsample.0,"(256, 64, 1, 1)",2.365631093412186,0.00014438666341627112,43,43,3,
resnet50_no_weights,CIFAR10,ptq,layer1.0.downsample.0,"(256, 64, 1, 1)",2.6465275545159113,0.00016153122280980904,44,44,3,
resnet50_no_weights,CIFAR10,ptq,layer1.0.downsample.0,"(256, 64, 1, 1)",2.401612449056444,0.00014658279108010523,"42,43,44",aggregate,3,0.22905390047766602
resnet50_no_weights,CIFAR10,ptq,layer1.1.conv1,"(64, 256, 1, 1)",17.800595265539254,0.0010864621133751986,42,42,3,
resnet50_no_weights,CIFAR10,ptq,layer1.1.conv1,"(64, 256, 1, 1)",18.156106453989782,0.0011081607943108998,43,43,3,
resnet50_no_weights,CIFAR10,ptq,layer1.1.conv1,"(64, 256, 1, 1)",16.573224034430325,0.0010115493185077103,44,44,3,
resnet50_no_weights,CIFAR10,ptq,layer1.1.conv1,"(64, 256, 1, 1)",17.509975251319787,0.0010687240753979362,"42,43,44",aggregate,3,0.8304963473949134
resnet50_no_weights,CIFAR10,ptq,layer1.1.conv2,"(64, 64, 3, 3)",3.094518335366791,8.394418227448978e-05,42,42,3,
resnet50_no_weights,CIFAR10,ptq,layer1.1.conv2,"(64, 64, 3, 3)",4.558295280100351,0.00012365167317980553,43,43,3,
resnet50_no_weights,CIFAR10,ptq,layer1.1.conv2,"(64, 64, 3, 3)",4.702642784668849,0.00012756734984453258,44,44,3,
resnet50_no_weights,CIFAR10,ptq,layer1.1.conv2,"(64, 64, 3, 3)",4.118485466711997,0.00011172106843294262,"42,43,44",aggregate,3,0.8897137545723826
resnet50_no_weights,CIFAR10,ptq,layer1.1.conv3,"(256, 64, 1, 1)",1.2273693481693044,7.491267994197415e-05,42,42,3,
resnet50_no_weights,CIFAR10,ptq,layer1.1.conv3,"(256, 64, 1, 1)",1.31246424996509,8.010646056915833e-05,43,43,3,
resnet50_no_weights,CIFAR10,ptq,layer1.1.conv3,"(256, 64, 1, 1)",1.1777631683895986,7.188495900815421e-05,44,44,3,
resnet50_no_weights,CIFAR10,ptq,layer1.1.conv3,"(256, 64, 1, 1)",1.2391989221746644,7.563469983976223e-05,"42,43,44",aggregate,3,0.068125248331753
resnet50_no_weights,CIFAR10,ptq,layer1.2.conv1,"(64, 256, 1, 1)",10.425473045677908,0.0006363203763231145,42,42,3,
resnet50_no_weights,CIFAR10,ptq,layer1.2.conv1,"(64, 256, 1, 1)",8.878634694044466,0.0005419088558376749,43,43,3,
resnet50_no_weights,CIFAR10,ptq,layer1.2.conv1,"(64, 256, 1, 1)",10.943499733773725,0.0006679382161727127,44,44,3,
resnet50_no_weights,CIFAR10,ptq,layer1.2.conv1,"(64, 256, 1, 1)",10.0825358244987,0.0006153891494445008,"42,43,44",aggregate,3,1.0743004055321848
resnet50_no_weights,CIFAR10,ptq,layer1.2.conv2,"(64, 64, 3, 3)",1.1251029422443903,3.052037061209826e-05,42,42,3,
resnet50_no_weights,CIFAR10,ptq,layer1.2.conv2,"(64, 64, 3, 3)",1.5699795819818974,4.258842182025546e-05,43,43,3,
resnet50_no_weights,CIFAR10,ptq,layer1.2.conv2,"(64, 64, 3, 3)",1.3029083280513685,3.534365039201846e-05,44,44,3,
resnet50_no_weights,CIFAR10,ptq,layer1.2.conv2,"(64, 64, 3, 3)",1.3326636174258855,3.615081427479073e-05,"42,43,44",aggregate,3,0.22392596785624225
resnet50_no_weights,CIFAR10,ptq,layer1.2.conv3,"(256, 64, 1, 1)",1.1213438372159827,6.844139631445207e-05,42,42,3,
resnet50_no_weights,CIFAR10,ptq,layer1.2.conv3,"(256, 64, 1, 1)",0.8679102104974956,5.2973035308685035e-05,43,43,3,
resnet50_no_weights,CIFAR10,ptq,layer1.2.conv3,"(256, 64, 1, 1)",1.2004593567403614,7.327022441042245e-05,44,44,3,
resnet50_no_weights,CIFAR10,ptq,layer1.2.conv3,"(256, 64, 1, 1)",1.0632378014846133,6.489488534451986e-05,"42,43,44",aggregate,3,0.1737223854545698
resnet50_no_weights,CIFAR10,ptq,layer2.0.conv1,"(128, 256, 1, 1)",12.537665186701593,0.0003826191768402586,42,42,3,
resnet50_no_weights,CIFAR10,ptq,layer2.0.conv1,"(128, 256, 1, 1)",10.788587481643145,0.00032924156132944167,43,43,3,
resnet50_no_weights,CIFAR10,ptq,layer2.0.conv1,"(128, 256, 1, 1)",9.018890033806525,0.0002752346812074745,44,44,3,
resnet50_no_weights,CIFAR10,ptq,layer2.0.conv1,"(128, 256, 1, 1)",10.78171423405042,0.00032903180645905825,"42,43,44",aggregate,3,1.7593976455898996
resnet50_no_weights,CIFAR10,ptq,layer2.0.conv2,"(128, 128, 3, 3)",1.001653091982007,6.792894775268603e-06,42,42,3,
resnet50_no_weights,CIFAR10,ptq,layer2.0.conv2,"(128, 128, 3, 3)",1.287611961364746,8.732177472362915e-06,43,43,3,
resnet50_no_weights,CIFAR10,ptq,layer2.0.conv2,"(128, 128, 3, 3)",2.314201012608551,1.569418004427457e-05,44,44,3,
resnet50_no_weights,CIFAR10,ptq,layer2.0.conv2,"(128, 128, 3, 3)",1.534488688651768,1.0406417430635361e-05,"42,43,44",aggregate,3,0.690222138041246
resnet50_no_weights,CIFAR10,ptq,layer2.0.conv3,"(512, 128, 1, 1)",0.4892238908048187,7.464964154126262e-06,42,42,3,
resnet50_no_weights,CIFAR10,ptq,layer2.0.conv3,"(512, 128, 1, 1)",0.652910571466101,9.962624686677566e-06,43,43,3,
resnet50_no_weights,CIFAR10,ptq,layer2.0.conv3,"(512, 128, 1, 1)",0.5932380340847314,9.052094025951102e-06,44,44,3,
resnet50_no_weights,CIFAR10,ptq,layer2.0.conv3,"(512, 128, 1, 1)",0.578457498785217,8.826560955584976e-06,"42,43,44",aggregate,3,0.08283827934163224
resnet50_no_weights,CIFAR10,ptq,layer2.0.downsample.0,"(512, 256, 1, 1)",0.8314511669131944,6.3434689858489565e-06,42,42,3,
resnet50_no_weights,CIFAR10,ptq,layer2.0.downsample.0,"(512, 256, 1, 1)",0.8335196542739868,6.359250292007345e-06,43,43,3,
resnet50_no_weights,CIFAR10,ptq,layer2.0.downsample.0,"(512, 256, 1, 1)",0.8469777289898165,6.4619272536454505e-06,44,44,3,
resnet50_no_weights,CIFAR10,ptq,layer2.0.downsample.0,"(512, 256, 1, 1)",0.8373161833923326,6.3882155105005844e-06,"42,43,44",aggregate,3,0.008430821875098252
resnet50_no_weights,CIFAR10,ptq,layer2.1.conv1,"(128, 512, 1, 1)",0.7713980045435684,1.1770599434563727e-05,42,42,3,
resnet50_no_weights,CIFAR10,ptq,layer2.1.conv1,"(128, 512, 1, 1)",0.6898182385187183,1.0525790993022434e-05,43,43,3,
resnet50_no_weights,CIFAR10,ptq,layer2.1.conv1,"(128, 512, 1, 1)",0.6679202248411837,1.0191653821429195e-05,44,44,3,
resnet50_no_weights,CIFAR10,ptq,layer2.1.conv1,"(128, 512, 1, 1)",0.7097121559678234,1.0829348083005118e-05,"42,43,44",aggregate,3,0.054531996906748925
resnet50_no_weights,CIFAR10,ptq,layer2.1.conv2,"(128, 128, 3, 3)",0.23145896941423416,1.569681595962417e-06,42,42,3,
resnet50_no_weights,CIFAR10,ptq,layer2.1.conv2,"(128, 128, 3, 3)",0.42930332792026027,2.911399522028675e-06,43,43,3,
resnet50_no_weights,CIFAR10,ptq,layer2.1.conv2,"(128, 128, 3, 3)",0.2826428403013519,1.9167944356374235e-06,44,44,3,
resnet50_no_weights,CIFAR10,ptq,layer2.1.conv2,"(128, 128, 3, 3)",0.31446837921194876,2.1326251845428384e-06,"42,43,44",aggregate,3,0.10269004938833014
resnet50_no_weights,CIFAR10,ptq,layer2.1.conv3,"(512, 128, 1, 1)",0.41832373315288174,6.3831136040173605e-06,42,42,3,
resnet50_no_weights,CIFAR10,ptq,layer2.1.conv3,"(512, 128, 1, 1)",0.4995517854553622,7.622555320058628e-06,43,43,3,
resnet50_no_weights,CIFAR10,ptq,layer2.1.conv3,"(512, 128, 1, 1)",0.46353006517248496,7.072907488593826e-06,44,44,3,
resnet50_no_weights,CIFAR10,ptq,layer2.1.conv3,"(512, 128, 1, 1)",0.4604685279269096,7.026192137556604e-06,"42,43,44",aggregate,3,0.04070047761320695
resnet50_no_weights,CIFAR10,ptq,layer2.2.conv1,"(128, 512, 1, 1)",0.7784605614052942,1.1878365499958713e-05,42,42,3,
resnet50_no_weights,CIFAR10,ptq,layer2.2.conv1,"(128, 512, 1, 1)",0.9103010963881388,1.3890092413149091e-05,43,43,3,
resnet50_no_weights,CIFAR10,ptq,layer2.2.conv1,"(128, 512, 1, 1)",0.6559010768199668,1.0008256177062482e-05,44,44,3,
resnet50_no_weights,CIFAR10,ptq,layer2.2.conv1,"(128, 512, 1, 1)",0.7815542448711332,1.1925571363390094e-05,"42,43,44",aggregate,3,0.12722822268314402
resnet50_no_weights,CIFAR10,ptq,layer2.2.conv2,"(128, 128, 3, 3)",0.19515706366962857,1.323493541596331e-06,42,42,3,
resnet50_no_weights,CIFAR10,ptq,layer2.2.conv2,"(128, 128, 3, 3)",0.25106044334554395,1.7026125986432832e-06,43,43,3,
resnet50_no_weights,CIFAR10,ptq,layer2.2.conv2,"(128, 128, 3, 3)",0.18443599653740725,1.2507866518650122e-06,44,44,3,
resnet50_no_weights,CIFAR10,ptq,layer2.2.conv2,"(128, 128, 3, 3)",0.2102178345175266,1.425630930701542e-06,"42,43,44",aggregate,3,0.035774632660898566
resnet50_no_weights,CIFAR10,ptq,layer2.2.conv3,"(512, 128, 1, 1)",0.4883281420916319,7.4512961134587385e-06,42,42,3,
resnet50_no_weights,CIFAR10,ptq,layer2.2.conv3,"(512, 128, 1, 1)",0.3218787405639887,4.911479805969066e-06,43,43,3,
resnet50_no_weights,CIFAR10,ptq,layer2.2.conv3,"(512, 128, 1, 1)",0.2532202324227375,3.863834112895775e-06,44,44,3,
resnet50_no_weights,CIFAR10,ptq,layer2.2.conv3,"(512, 128, 1, 1)",0.35447570502611936,5.408870010774526e-06,"42,43,44",aggregate,3,0.12089604570178591
resnet50_no_weights,CIFAR10,ptq,layer2.3.conv1,"(128, 512, 1, 1)",0.7363240724957701,1.1235413703853915e-05,42,42,3,
resnet50_no_weights,CIFAR10,ptq,layer2.3.conv1,"(128, 512, 1, 1)",0.7535531349740056,1.1498308333953942e-05,43,43,3,
resnet50_no_weights,CIFAR10,ptq,layer2.3.conv1,"(128, 512, 1, 1)",0.673384746774397,1.02750358089355e-05,44,44,3,
resnet50_no_weights,CIFAR10,ptq,layer2.3.conv1,"(128, 512, 1, 1)",0.7210873180813909,1.1002919282247786e-05,"42,43,44",aggregate,3,0.04220025628410169
resnet50_no_weights,CIFAR10,ptq,layer2.3.conv2,"(128, 128, 3, 3)",0.11858294555737127,8.041920678532666e-07,42,42,3,
resnet50_no_weights,CIFAR10,ptq,layer2.3.conv2,"(128, 128, 3, 3)",0.14444181344964924,9.795587392147437e-07,43,43,3,
resnet50_no_weights,CIFAR10,ptq,layer2.3.conv2,"(128, 128, 3, 3)",0.1587960597488188,1.0769047020726101e-06,44,44,3,
resnet50_no_weights,CIFAR10,ptq,layer2.3.conv2,"(128, 128, 3, 3)",0.14060693958527976,9.535518363802067e-07,"42,43,44",aggregate,3,0.02037899240419697
resnet50_no_weights,CIFAR10,ptq,layer2.3.conv3,"(512, 128, 1, 1)",0.1784242147496387,2.7225374565069383e-06,42,42,3,
resnet50_no_weights,CIFAR10,ptq,layer2.3.conv3,"(512, 128, 1, 1)",0.16674550322861206,2.544334460885804e-06,43,43,3,
resnet50_no_weights,CIFAR10,ptq,layer2.3.conv3,"(512, 128, 1, 1)",0.18482881453302172,2.820263893631313e-06,44,44,3,
resnet50_no_weights,CIFAR10,ptq,layer2.3.conv3,"(512, 128, 1, 1)",0.1766661775037575,2.6957119370080183e-06,"42,43,44",aggregate,3,0.009168945312928674
resnet50_no_weights,CIFAR10,ptq,layer3.0.conv1,"(256, 512, 1, 1)",0.46034956322266507,3.512188440114327e-06,42,42,3,
resnet50_no_weights,CIFAR10,ptq,layer3.0.conv1,"(256, 512, 1, 1)",0.48026794461267336,3.664153630162608e-06,43,43,3,
resnet50_no_weights,CIFAR10,ptq,layer3.0.conv1,"(256, 512, 1, 1)",0.48724348098039627,3.7173727491790487e-06,44,44,3,
resnet50_no_weights,CIFAR10,ptq,layer3.0.conv1,"(256, 512, 1, 1)",0.4759536629385782,3.6312382731519944e-06,"42,43,44",aggregate,3,0.013956377497849403
resnet50_no_weights,CIFAR10,ptq,layer3.0.conv2,"(256, 256, 3, 3)",0.3586662352988214,6.080902698073009e-07,42,42,3,
resnet50_no_weights,CIFAR10,ptq,layer3.0.conv2,"(256, 256, 3, 3)",0.4419476774431044,7.492873763073467e-07,43,43,3,
resnet50_no_weights,CIFAR10,ptq,layer3.0.conv2,"(256, 256, 3, 3)",0.40035128262307906,6.787639747163206e-07,44,44,3,
resnet50_no_weights,CIFAR10,ptq,layer3.0.conv2,"(256, 256, 3, 3)",0.40032173178833497,6.787138736103227e-07,"42,43,44",aggregate,3,0.04164072893630424
resnet50_no_weights,CIFAR10,ptq,layer3.0.conv3,"(1024, 256, 1, 1)",0.6738964674018678,2.570711011512252e-06,42,42,3,
resnet50_no_weights,CIFAR10,ptq,layer3.0.conv3,"(1024, 256, 1, 1)",0.8645140299430261,3.297859306118111e-06,43,43,3,
resnet50_no_weights,CIFAR10,ptq,layer3.0.conv3,"(1024, 256, 1, 1)",0.653241946645405,2.4919202676597787e-06,44,44,3,
resnet50_no_weights,CIFAR10,ptq,layer3.0.conv3,"(1024, 256, 1, 1)",0.730550814663433,2.786830195096714e-06,"42,43,44",aggregate,3,0.11647428726098624
resnet50_no_weights,CIFAR10,ptq,layer3.0.downsample.0,"(1024, 512, 1, 1)",1.2884649542661815,2.4575518689464215e-06,42,42,3,
resnet50_no_weights,CIFAR10,ptq,layer3.0.downsample.0,"(1024, 512, 1, 1)",1.6146573258770838,3.079714442972343e-06,43,43,3,
resnet50_no_weights,CIFAR10,ptq,layer3.0.downsample.0,"(1024, 512, 1, 1)",1.5953449777194433,3.0428790621174684e-06,44,44,3,
resnet50_no_weights,CIFAR10,ptq,layer3.0.downsample.0,"(1024, 512, 1, 1)",1.4994890859542362,2.860048458012078e-06,"42,43,44",aggregate,3,0.18300718514272485
resnet50_no_weights,CIFAR10,ptq,layer3.1.conv1,"(256, 1024, 1, 1)",0.13332001127454698,5.085754824621086e-07,42,42,3,
resnet50_no_weights,CIFAR10,ptq,layer3.1.conv1,"(256, 1024, 1, 1)",0.15832529702068618,6.039630776240775e-07,43,43,3,
resnet50_no_weights,CIFAR10,ptq,layer3.1.conv1,"(256, 1024, 1, 1)",0.11123395359350575,4.2432385861780455e-07,44,44,3,
resnet50_no_weights,CIFAR10,ptq,layer3.1.conv1,"(256, 1024, 1, 1)",0.1342930872962463,5.122874729013302e-07,"42,43,44",aggregate,3,0.023560747317353217
resnet50_no_weights,CIFAR10,ptq,layer3.1.conv2,"(256, 256, 3, 3)",0.22896809306214838,3.881973148975769e-07,42,42,3,
resnet50_no_weights,CIFAR10,ptq,layer3.1.conv2,"(256, 256, 3, 3)",0.20070575994829978,3.402807616310964e-07,43,43,3,
resnet50_no_weights,CIFAR10,ptq,layer3.1.conv2,"(256, 256, 3, 3)",0.20409520818955368,3.460273033812691e-07,44,44,3,
resnet50_no_weights,CIFAR10,ptq,layer3.1.conv2,"(256, 256, 3, 3)",0.21125635373333396,3.581684599699808e-07,"42,43,44",aggregate,3,0.015432153847857361
resnet50_no_weights,CIFAR10,ptq,layer3.1.conv3,"(1024, 256, 1, 1)",0.7663277003500196,2.9233081830979142e-06,42,42,3,
resnet50_no_weights,CIFAR10,ptq,layer3.1.conv3,"(1024, 256, 1, 1)",0.7722683703167397,2.9459700405759417e-06,43,43,3,
resnet50_no_weights,CIFAR10,ptq,layer3.1.conv3,"(1024, 256, 1, 1)",0.7163388965458706,2.7326160299143622e-06,44,44,3,
resnet50_no_weights,CIFAR10,ptq,layer3.1.conv3,"(1024, 256, 1, 1)",0.7516449890708766,2.867298084529406e-06,"42,43,44",aggregate,3,0.03071991238515482
resnet50_no_weights,CIFAR10,ptq,layer3.2.conv1,"(256, 1024, 1, 1)",0.09548040423542262,3.642288369576363e-07,42,42,3,
resnet50_no_weights,CIFAR10,ptq,layer3.2.conv1,"(256, 1024, 1, 1)",0.10345649854119482,3.946552220962327e-07,43,43,3,
resnet50_no_weights,CIFAR10,ptq,layer3.2.conv1,"(256, 1024, 1, 1)",0.10687921158014199,4.077118361669235e-07,44,44,3,
resnet50_no_weights,CIFAR10,ptq,layer3.2.conv1,"(256, 1024, 1, 1)",0.10193870478558648,3.8886529840693083e-07,"42,43,44",aggregate,3,0.005849014928509744
resnet50_no_weights,CIFAR10,ptq,layer3.2.conv2,"(256, 256, 3, 3)",0.1274746911669219,2.161232692581548e-07,42,42,3,
resnet50_no_weights,CIFAR10,ptq,layer3.2.conv2,"(256, 256, 3, 3)",0.12091592180988063,2.0500339391052354e-07,43,43,3,
resnet50_no_weights,CIFAR10,ptq,layer3.2.conv2,"(256, 256, 3, 3)",0.1393042903393507,2.3617942019882322e-07,44,44,3,
resnet50_no_weights,CIFAR10,ptq,layer3.2.conv2,"(256, 256, 3, 3)",0.12923163443871774,2.1910202778916717e-07,"42,43,44",aggregate,3,0.009319236102767917
resnet50_no_weights,CIFAR10,ptq,layer3.2.conv3,"(1024, 256, 1, 1)",0.6655737643440565,2.5389624189150103e-06,42,42,3,
resnet50_no_weights,CIFAR10,ptq,layer3.2.conv3,"(1024, 256, 1, 1)",0.6863803504369198,2.6183332459904473e-06,43,43,3,
resnet50_no_weights,CIFAR10,ptq,layer3.2.conv3,"(1024, 256, 1, 1)",0.690483787230083,2.633986615104992e-06,44,44,3,
resnet50_no_weights,CIFAR10,ptq,layer3.2.conv3,"(1024, 256, 1, 1)",0.6808126340036864,2.5970940933368165e-06,"42,43,44",aggregate,3,0.013355781884871585
resnet50_no_weights,CIFAR10,ptq,layer3.3.conv1,"(256, 1024, 1, 1)",0.1193489263455073,4.552800229854862e-07,42,42,3,
resnet50_no_weights,CIFAR10,ptq,layer3.3.conv1,"(256, 1024, 1, 1)",0.12960830330848694,4.944164402331808e-07,43,43,3,
resnet50_no_weights,CIFAR10,ptq,layer3.3.conv1,"(256, 1024, 1, 1)",0.13164466992020607,5.021845623787158e-07,44,44,3,
resnet50_no_weights,CIFAR10,ptq,layer3.3.conv1,"(256, 1024, 1, 1)",0.12686729985806677,4.839603418657943e-07,"42,43,44",aggregate,3,0.006590231593054829
resnet50_no_weights,CIFAR10,ptq,layer3.3.conv2,"(256, 256, 3, 3)",0.21020913739567218,3.563929873922936e-07,42,42,3,
resnet50_no_weights,CIFAR10,ptq,layer3.3.conv2,"(256, 256, 3, 3)",0.23199032705563766,3.933212738980402e-07,43,43,3,
resnet50_no_weights,CIFAR10,ptq,layer3.3.conv2,"(256, 256, 3, 3)",0.21258627134375274,3.6042323022419015e-07,44,44,3,
resnet50_no_weights,CIFAR10,ptq,layer3.3.conv2,"(256, 256, 3, 3)",0.21826191193168754,3.7004583050484135e-07,"42,43,44",aggregate,3,0.011948419469260622
resnet50_no_weights,CIFAR10,ptq,layer3.3.conv3,"(1024, 256, 1, 1)",1.3862691223621368,5.288197030495212e-06,42,42,3,
resnet50_no_weights,CIFAR10,ptq,layer3.3.conv3,"(1024, 256, 1, 1)",1.1276939602361784,4.301811066574777e-06,43,43,3,
resnet50_no_weights,CIFAR10,ptq,layer3.3.conv3,"(1024, 256, 1, 1)",1.2049438976927807,4.59649619176018e-06,44,44,3,
resnet50_no_weights,CIFAR10,ptq,layer3.3.conv3,"(1024, 256, 1, 1)",1.239635660097032,4.72883476294339e-06,"42,43,44",aggregate,3,0.13273250318272156
resnet50_no_weights,CIFAR10,ptq,layer3.4.conv1,"(256, 1024, 1, 1)",0.04529346679063404,1.7278086391690842e-07,42,42,3,
resnet50_no_weights,CIFAR10,ptq,layer3.4.conv1,"(256, 1024, 1, 1)",0.06995471676482874,2.6685606676036355e-07,43,43,3,
resnet50_no_weights,CIFAR10,ptq,layer3.4.conv1,"(256, 1024, 1, 1)",0.05767311445540852,2.2000547201312455e-07,44,44,3,
resnet50_no_weights,CIFAR10,ptq,layer3.4.conv1,"(256, 1024, 1, 1)",0.05764043267029043,2.1988080089679883e-07,"42,43,44",aggregate,3,0.012330657470173211
resnet50_no_weights,CIFAR10,ptq,layer3.4.conv2,"(256, 256, 3, 3)",0.11970135622790881,2.029441939085368e-07,42,42,3,
resnet50_no_weights,CIFAR10,ptq,layer3.4.conv2,"(256, 256, 3, 3)",0.11176387748370568,1.894868257034398e-07,43,43,3,
resnet50_no_weights,CIFAR10,ptq,layer3.4.conv2,"(256, 256, 3, 3)",0.1210087737576528,2.0516081705331217e-07,44,44,3,
resnet50_no_weights,CIFAR10,ptq,layer3.4.conv2,"(256, 256, 3, 3)",0.1174913358230891,1.991972788884296e-07,"42,43,44",aggregate,3,0.005003016032484799
resnet50_no_weights,CIFAR10,ptq,layer3.4.conv3,"(1024, 256, 1, 1)",0.9951424797375997,3.7961672963623036e-06,42,42,3,
resnet50_no_weights,CIFAR10,ptq,layer3.4.conv3,"(1024, 256, 1, 1)",0.9711344814300538,3.7045840508653784e-06,43,43,3,
resnet50_no_weights,CIFAR10,ptq,layer3.4.conv3,"(1024, 256, 1, 1)",0.9999052704208427,3.8143359009584147e-06,44,44,3,
resnet50_no_weights,CIFAR10,ptq,layer3.4.conv3,"(1024, 256, 1, 1)",0.9887274105294988,3.7716957493953657e-06,"42,43,44",aggregate,3,0.015420908192991392
resnet50_no_weights,CIFAR10,ptq,layer3.5.conv1,"(256, 1024, 1, 1)",0.06756486223858534,2.577394952338613e-07,42,42,3,
resnet50_no_weights,CIFAR10,ptq,layer3.5.conv1,"(256, 1024, 1, 1)",0.05077663114900852,1.9369747600177202e-07,43,43,3,
resnet50_no_weights,CIFAR10,ptq,layer3.5.conv1,"(256, 1024, 1, 1)",0.09376431956630328,3.576824934627658e-07,44,44,3,
resnet50_no_weights,CIFAR10,ptq,layer3.5.conv1,"(256, 1024, 1, 1)",0.07070193765129905,2.697064882327997e-07,"42,43,44",aggregate,3,0.021664862576863814
resnet50_no_weights,CIFAR10,ptq,layer3.5.conv2,"(256, 256, 3, 3)",0.026715815549196546,4.5294554899760854e-08,42,42,3,
resnet50_no_weights,CIFAR10,ptq,layer3.5.conv2,"(256, 256, 3, 3)",0.026673566215322353,4.522292449158114e-08,43,43,3,
resnet50_no_weights,CIFAR10,ptq,layer3.5.conv2,"(256, 256, 3, 3)",0.030077305720705126,5.099369595117379e-08,44,44,3,
resnet50_no_weights,CIFAR10,ptq,layer3.5.conv2,"(256, 256, 3, 3)",0.027822229161741343,4.7170391780838593e-08,"42,43,44",aggregate,3,0.0019530678346243277
resnet50_no_weights,CIFAR10,ptq,layer3.5.conv3,"(1024, 256, 1, 1)",0.26651662675773397,1.0166802473363265e-06,42,42,3,
resnet50_no_weights,CIFAR10,ptq,layer3.5.conv3,"(1024, 256, 1, 1)",0.19850654815954547,7.572423864728755e-07,43,43,3,
resnet50_no_weights,CIFAR10,ptq,layer3.5.conv3,"(1024, 256, 1, 1)",0.2603708388076888,9.93235926848178e-07,44,44,3,
resnet50_no_weights,CIFAR10,ptq,layer3.5.conv3,"(1024, 256, 1, 1)",0.2417980045749894,9.223861868857933e-07,"42,43,44",aggregate,3,0.03761722114018315
resnet50_no_weights,CIFAR10,ptq,layer4.0.conv1,"(512, 1024, 1, 1)",0.8487012612453678,1.6187691903025967e-06,42,42,3,
resnet50_no_weights,CIFAR10,ptq,layer4.0.conv1,"(512, 1024, 1, 1)",1.0965581242337652,2.0915186390567116e-06,43,43,3,
resnet50_no_weights,CIFAR10,ptq,layer4.0.conv1,"(512, 1024, 1, 1)",1.2163252368742643,2.3199562776074682e-06,44,44,3,
resnet50_no_weights,CIFAR10,ptq,layer4.0.conv1,"(512, 1024, 1, 1)",1.0538615407844658,2.0100813689889256e-06,"42,43,44",aggregate,3,0.18749425469326017
resnet50_no_weights,CIFAR10,ptq,layer4.0.conv2,"(512, 512, 3, 3)",0.18152939027814724,7.694218541384686e-08,42,42,3,
resnet50_no_weights,CIFAR10,ptq,layer4.0.conv2,"(512, 512, 3, 3)",0.11901114536104379,5.044349897640813e-08,43,43,3,
resnet50_no_weights,CIFAR10,ptq,layer4.0.conv2,"(512, 512, 3, 3)",0.1668768247918171,7.073161858105855e-08,44,44,3,
resnet50_no_weights,CIFAR10,ptq,layer4.0.conv2,"(512, 512, 3, 3)",0.15580578681033605,6.603910099043784e-08,"42,43,44",aggregate,3,0.03269646232192834
resnet50_no_weights,CIFAR10,ptq,layer4.0.conv3,"(2048, 512, 1, 1)",0.8277954603063649,7.894472697318696e-07,42,42,3,
resnet50_no_weights,CIFAR10,ptq,layer4.0.conv3,"(2048, 512, 1, 1)",0.8215069651603699,7.834500934222888e-07,43,43,3,
resnet50_no_weights,CIFAR10,ptq,layer4.0.conv3,"(2048, 512, 1, 1)",0.6625660061836243,6.318721830211871e-07,44,44,3,
resnet50_no_weights,CIFAR10,ptq,layer4.0.conv3,"(2048, 512, 1, 1)",0.7706228105501197,7.349231820584485e-07,"42,43,44",aggregate,3,0.09363274544850533
resnet50_no_weights,CIFAR10,ptq,layer4.0.downsample.0,"(2048, 1024, 1, 1)",61.45055500377308,2.930190801800398e-05,42,42,3,
resnet50_no_weights,CIFAR10,ptq,layer4.0.downsample.0,"(2048, 1024, 1, 1)",71.43830020611102,3.40644360571437e-05,43,43,3,
resnet50_no_weights,CIFAR10,ptq,layer4.0.downsample.0,"(2048, 1024, 1, 1)",68.66898719124173,3.2743924708958495e-05,44,44,3,
resnet50_no_weights,CIFAR10,ptq,layer4.0.downsample.0,"(2048, 1024, 1, 1)",67.18594746704194,3.2036756261368724e-05,"42,43,44",aggregate,3,5.156386202988684
resnet50_no_weights,CIFAR10,ptq,layer4.1.conv1,"(512, 2048, 1, 1)",1.5918754529953003,1.5181307344391826e-06,42,42,3,
resnet50_no_weights,CIFAR10,ptq,layer4.1.conv1,"(512, 2048, 1, 1)",1.7921225195223431,1.709101218721717e-06,43,43,3,
resnet50_no_weights,CIFAR10,ptq,layer4.1.conv1,"(512, 2048, 1, 1)",1.127988708826403,1.0757338608039884e-06,44,44,3,
resnet50_no_weights,CIFAR10,ptq,layer4.1.conv1,"(512, 2048, 1, 1)",1.5039955604480155,1.434321937988296e-06,"42,43,44",aggregate,3,0.340676659404441
resnet50_no_weights,CIFAR10,ptq,layer4.1.conv2,"(512, 512, 3, 3)",1.9104177330402619,8.097405891589109e-07,42,42,3,
resnet50_no_weights,CIFAR10,ptq,layer4.1.conv2,"(512, 512, 3, 3)",2.433608348880495,1.031497679341844e-06,43,43,3,
resnet50_no_weights,CIFAR10,ptq,layer4.1.conv2,"(512, 512, 3, 3)",1.8763765423528609,7.953120517107056e-07,44,44,3,
resnet50_no_weights,CIFAR10,ptq,layer4.1.conv2,"(512, 512, 3, 3)",2.0734675414245394,8.788501067371535e-07,"42,43,44",aggregate,3,0.3123551689377413
resnet50_no_weights,CIFAR10,ptq,layer4.1.conv3,"(2048, 512, 1, 1)",142.96580158580434,0.00013634281309681353,42,42,3,
resnet50_no_weights,CIFAR10,ptq,layer4.1.conv3,"(2048, 512, 1, 1)",103.28708871205647,9.850224372106216e-05,43,43,3,
resnet50_no_weights,CIFAR10,ptq,layer4.1.conv3,"(2048, 512, 1, 1)",97.93125279744466,9.339452056641069e-05,44,44,3,
resnet50_no_weights,CIFAR10,ptq,layer4.1.conv3,"(2048, 512, 1, 1)",114.72804769843516,0.0001094131924614288,"42,43,44",aggregate,3,24.600798829281675
resnet50_no_weights,CIFAR10,ptq,layer4.2.conv1,"(512, 2048, 1, 1)",0.08094282882666448,7.719309694925736e-08,42,42,3,
resnet50_no_weights,CIFAR10,ptq,layer4.2.conv1,"(512, 2048, 1, 1)",0.10015632261178996,9.551651250056263e-08,43,43,3,
resnet50_no_weights,CIFAR10,ptq,layer4.2.conv1,"(512, 2048, 1, 1)",0.12861263438720594,1.2265456618042558e-07,44,44,3,
resnet50_no_weights,CIFAR10,ptq,layer4.2.conv1,"(512, 2048, 1, 1)",0.10323726194188679,9.845472521008185e-08,"42,43,44",aggregate,3,0.023983780580045348
resnet50_no_weights,CIFAR10,ptq,layer4.2.conv2,"(512, 512, 3, 3)",0.24905212701701407,1.0556205199221041e-07,42,42,3,
resnet50_no_weights,CIFAR10,ptq,layer4.2.conv2,"(512, 512, 3, 3)",0.24400130612775683,1.0342123503272029e-07,43,43,3,
resnet50_no_weights,CIFAR10,ptq,layer4.2.conv2,"(512, 512, 3, 3)",0.28322738632559774,1.2004741512959703e-07,44,44,3,
resnet50_no_weights,CIFAR10,ptq,layer4.2.conv2,"(512, 512, 3, 3)",0.25876027315678957,1.0967690071817592e-07,"42,43,44",aggregate,3,0.02133910537078089
resnet50_no_weights,CIFAR10,ptq,layer4.2.conv3,"(2048, 512, 1, 1)",0.1258225301798019,1.1999371545772735e-07,42,42,3,
resnet50_no_weights,CIFAR10,ptq,layer4.2.conv3,"(2048, 512, 1, 1)",0.1307596182732871,1.2470208957031928e-07,43,43,3,
resnet50_no_weights,CIFAR10,ptq,layer4.2.conv3,"(2048, 512, 1, 1)",0.1501705057564236,1.432137544216381e-07,44,44,3,
resnet50_no_weights,CIFAR10,ptq,layer4.2.conv3,"(2048, 512, 1, 1)",0.13558421806983753,1.2930318648322824e-07,"42,43,44",aggregate,3,0.012871035353365999
resnet50_no_weights,CIFAR10,ptq,fc,"(10, 2048)",21.908493041992188,0.0010697506368160248,42,42,3,
resnet50_no_weights,CIFAR10,ptq,fc,"(10, 2048)",39.10927757463957,0.0019096326940741977,43,43,3,
resnet50_no_weights,CIFAR10,ptq,fc,"(10, 2048)",29.281224900600957,0.0014297473095996561,44,44,3,
resnet50_no_weights,CIFAR10,ptq,fc,"(10, 2048)",30.099665172410905,0.0014697102134966261,"42,43,44",aggregate,3,8.629549843041097
resnet50_no_weights,CIFAR10,qat,conv1,"(64, 3, 3, 3)",98.04687089186449,0.056740087321680836,42,42,3,
resnet50_no_weights,CIFAR10,qat,conv1,"(64, 3, 3, 3)",86.89974439711798,0.05028920393351735,43,43,3,
resnet50_no_weights,CIFAR10,qat,conv1,"(64, 3, 3, 3)",101.71109744480678,0.058860588799078,44,44,3,
resnet50_no_weights,CIFAR10,qat,conv1,"(64, 3, 3, 3)",95.55257091126309,0.05529662668475873,"42,43,44",aggregate,3,7.71428506543161
resnet50_no_weights,CIFAR10,qat,layer1.0.conv1,"(64, 64, 1, 1)",1.0357798502800313,0.00025287594000977326,42,42,3,
resnet50_no_weights,CIFAR10,qat,layer1.0.conv1,"(64, 64, 1, 1)",1.315329811970393,0.0003211254423755842,43,43,3,
resnet50_no_weights,CIFAR10,qat,layer1.0.conv1,"(64, 64, 1, 1)",1.189571415632963,0.0002904227088947664,44,44,3,
resnet50_no_weights,CIFAR10,qat,layer1.0.conv1,"(64, 64, 1, 1)",1.1802270259611292,0.0002881413637600413,"42,43,44",aggregate,3,0.14000904786486112
resnet50_no_weights,CIFAR10,qat,layer1.0.conv2,"(64, 64, 3, 3)",2.219613391160965,6.0210866730711935e-05,42,42,3,
resnet50_no_weights,CIFAR10,qat,layer1.0.conv2,"(64, 64, 3, 3)",1.8382752537727356,4.986640770867881e-05,43,43,3,
resnet50_no_weights,CIFAR10,qat,layer1.0.conv2,"(64, 64, 3, 3)",2.495748656136649,6.770151519467905e-05,44,44,3,
resnet50_no_weights,CIFAR10,qat,layer1.0.conv2,"(64, 64, 3, 3)",2.1845457670234496,5.925959654468993e-05,"42,43,44",aggregate,3,0.33013652085308975
resnet50_no_weights,CIFAR10,qat,layer1.0.conv3,"(256, 64, 1, 1)",1.0147380124438892,6.193469314232722e-05,42,42,3,
resnet50_no_weights,CIFAR10,qat,layer1.0.conv3,"(256, 64, 1, 1)",1.0077256614511663,6.150669320380653e-05,43,43,3,
resnet50_no_weights,CIFAR10,qat,layer1.0.conv3,"(256, 64, 1, 1)",1.1359136678554393,6.933066820406734e-05,44,44,3,
resnet50_no_weights,CIFAR10,qat,layer1.0.conv3,"(256, 64, 1, 1)",1.0527924472501649,6.42573515167337e-05,"42,43,44",aggregate,3,0.07207042564599093
resnet50_no_weights,CIFAR10,qat,layer1.0.downsample.0,"(256, 64, 1, 1)",2.8632354806451237,0.00017475802494171897,42,42,3,
resnet50_no_weights,CIFAR10,qat,layer1.0.downsample.0,"(256, 64, 1, 1)",2.6378237442536787,0.00016099998439048332,43,43,3,
resnet50_no_weights,CIFAR10,qat,layer1.0.downsample.0,"(256, 64, 1, 1)",2.6726218834519386,0.00016312389425365836,44,44,3,
resnet50_no_weights,CIFAR10,qat,layer1.0.downsample.0,"(256, 64, 1, 1)",2.724560369450247,0.00016629396786195356,"42,43,44",aggregate,3,0.12134997928141118
resnet50_no_weights,CIFAR10,qat,layer1.1.conv1,"(64, 256, 1, 1)",2.2829098976575413,0.00013933776230819954,42,42,3,
resnet50_no_weights,CIFAR10,qat,layer1.1.conv1,"(64, 256, 1, 1)",2.4548764334005466,0.00014983376668704508,43,43,3,
resnet50_no_weights,CIFAR10,qat,layer1.1.conv1,"(64, 256, 1, 1)",1.7431190354483468,0.00010639154269093913,44,44,3,
resnet50_no_weights,CIFAR10,qat,layer1.1.conv1,"(64, 256, 1, 1)",2.1603017888354783,0.00013185435722872792,"42,43,44",aggregate,3,0.371381488023587
resnet50_no_weights,CIFAR10,qat,layer1.1.conv2,"(64, 64, 3, 3)",1.7774327510879153,4.821594919400812e-05,42,42,3,
resnet50_no_weights,CIFAR10,qat,layer1.1.conv2,"(64, 64, 3, 3)",1.9082206241015731,5.176379731178312e-05,43,43,3,
resnet50_no_weights,CIFAR10,qat,layer1.1.conv2,"(64, 64, 3, 3)",1.7314698352263524,4.6969125304534303e-05,44,44,3,
resnet50_no_weights,CIFAR10,qat,layer1.1.conv2,"(64, 64, 3, 3)",1.8057077368052803,4.898295727010852e-05,"42,43,44",aggregate,3,0.09170505141479995
resnet50_no_weights,CIFAR10,qat,layer1.1.conv3,"(256, 64, 1, 1)",0.7168852708169392,4.375520451763545e-05,42,42,3,
resnet50_no_weights,CIFAR10,qat,layer1.1.conv3,"(256, 64, 1, 1)",0.7000312030315399,4.272651385690551e-05,43,43,3,
resnet50_no_weights,CIFAR10,qat,layer1.1.conv3,"(256, 64, 1, 1)",0.8224779748916626,5.0200071709696206e-05,44,44,3,
resnet50_no_weights,CIFAR10,qat,layer1.1.conv3,"(256, 64, 1, 1)",0.7464648162467139,4.556059669474572e-05,"42,43,44",aggregate,3,0.06636652104499163
resnet50_no_weights,CIFAR10,qat,layer1.2.conv1,"(64, 256, 1, 1)",3.5327022005529964,0.00021561903079547097,42,42,3,
resnet50_no_weights,CIFAR10,qat,layer1.2.conv1,"(64, 256, 1, 1)",3.877411267031794,0.00023665840252879602,43,43,3,
resnet50_no_weights,CIFAR10,qat,layer1.2.conv1,"(64, 256, 1, 1)",3.336698459542316,0.00020365591183729956,44,44,3,
resnet50_no_weights,CIFAR10,qat,layer1.2.conv1,"(64, 256, 1, 1)",3.5822706423757023,0.00021864444838718886,"42,43,44",aggregate,3,0.2737432334585397
resnet50_no_weights,CIFAR10,qat,layer1.2.conv2,"(64, 64, 3, 3)",4.429524971091229,0.00012015855498836883,42,42,3,
resnet50_no_weights,CIFAR10,qat,layer1.2.conv2,"(64, 64, 3, 3)",3.902771304954182,0.00010586944729150884,43,43,3,
resnet50_no_weights,CIFAR10,qat,layer1.2.conv2,"(64, 64, 3, 3)",4.926732127483074,0.0001336461623123664,44,44,3,
resnet50_no_weights,CIFAR10,qat,layer1.2.conv2,"(64, 64, 3, 3)",4.419676134509495,0.00011989138819741469,"42,43,44",aggregate,3,0.5120514536694742
resnet50_no_weights,CIFAR10,qat,layer1.2.conv3,"(256, 64, 1, 1)",1.8030101609017168,0.00011004700689097393,42,42,3,
resnet50_no_weights,CIFAR10,qat,layer1.2.conv3,"(256, 64, 1, 1)",1.6267209924184358,9.92871699474143e-05,43,43,3,
resnet50_no_weights,CIFAR10,qat,layer1.2.conv3,"(256, 64, 1, 1)",2.2028928666279235,0.00013445391031664572,44,44,3,
resnet50_no_weights,CIFAR10,qat,layer1.2.conv3,"(256, 64, 1, 1)",1.8775413399826921,0.00011459602905167799,"42,43,44",aggregate,3,0.29522818234192805
resnet50_no_weights,CIFAR10,qat,layer2.0.conv1,"(128, 256, 1, 1)",20.240557079583827,0.0006176927819697213,42,42,3,
resnet50_no_weights,CIFAR10,qat,layer2.0.conv1,"(128, 256, 1, 1)",14.082300859339098,0.00042975771665463555,43,43,3,
resnet50_no_weights,CIFAR10,qat,layer2.0.conv1,"(128, 256, 1, 1)",15.613421096176397,0.00047648379810108634,44,44,3,
resnet50_no_weights,CIFAR10,qat,layer2.0.conv1,"(128, 256, 1, 1)",16.64542634503311,0.0005079780989084811,"42,43,44",aggregate,3,3.2062136615947123
resnet50_no_weights,CIFAR10,qat,layer2.0.conv2,"(128, 128, 3, 3)",22.556478390928174,0.0001529709092266722,42,42,3,
resnet50_no_weights,CIFAR10,qat,layer2.0.conv2,"(128, 128, 3, 3)",21.7757289284154,0.00014767611306705324,43,43,3,
resnet50_no_weights,CIFAR10,qat,layer2.0.conv2,"(128, 128, 3, 3)",25.363261222839355,0.00017200562352728512,44,44,3,
resnet50_no_weights,CIFAR10,qat,layer2.0.conv2,"(128, 128, 3, 3)",23.23182284739431,0.00015755088194033685,"42,43,44",aggregate,3,1.8867073413869353
resnet50_no_weights,CIFAR10,qat,layer2.0.conv3,"(512, 128, 1, 1)",8.682627007365227,0.00013248637401375163,42,42,3,
resnet50_no_weights,CIFAR10,qat,layer2.0.conv3,"(512, 128, 1, 1)",10.781635224819183,0.00016451469764433568,43,43,3,
resnet50_no_weights,CIFAR10,qat,layer2.0.conv3,"(512, 128, 1, 1)",9.98704551395617,0.0001523902208550441,44,44,3,
resnet50_no_weights,CIFAR10,qat,layer2.0.conv3,"(512, 128, 1, 1)",9.81710258204686,0.00014979709750437715,"42,43,44",aggregate,3,1.0597732419316213
resnet50_no_weights,CIFAR10,qat,layer2.0.downsample.0,"(512, 256, 1, 1)",20.25743019580841,0.0001545519271530793,42,42,3,
resnet50_no_weights,CIFAR10,qat,layer2.0.downsample.0,"(512, 256, 1, 1)",19.79494912283761,0.00015102347658414925,43,43,3,
resnet50_no_weights,CIFAR10,qat,layer2.0.downsample.0,"(512, 256, 1, 1)",18.03635413830097,0.0001376064616264417,44,44,3,
resnet50_no_weights,CIFAR10,qat,layer2.0.downsample.0,"(512, 256, 1, 1)",19.362911152315665,0.00014772728845455677,"42,43,44",aggregate,3,1.1718734228950427
resnet50_no_weights,CIFAR10,qat,layer2.1.conv1,"(128, 512, 1, 1)",2.241596119744437,3.4204042354498855e-05,42,42,3,
resnet50_no_weights,CIFAR10,qat,layer2.1.conv1,"(128, 512, 1, 1)",2.9167828576905386,4.4506574366615884e-05,43,43,3,
resnet50_no_weights,CIFAR10,qat,layer2.1.conv1,"(128, 512, 1, 1)",2.397268142965105,3.657940891975563e-05,44,44,3,
resnet50_no_weights,CIFAR10,qat,layer2.1.conv1,"(128, 512, 1, 1)",2.5185490401333603,3.843000854695679e-05,"42,43,44",aggregate,3,0.35355491056981103
resnet50_no_weights,CIFAR10,qat,layer2.1.conv2,"(128, 128, 3, 3)",2.2394046783447266,1.5186934938861264e-05,42,42,3,
resnet50_no_weights,CIFAR10,qat,layer2.1.conv2,"(128, 128, 3, 3)",3.1505562464396157,2.1366076975095052e-05,43,43,3,
resnet50_no_weights,CIFAR10,qat,layer2.1.conv2,"(128, 128, 3, 3)",2.3072953657670454,1.5647348129388057e-05,44,44,3,
resnet50_no_weights,CIFAR10,qat,layer2.1.conv2,"(128, 128, 3, 3)",2.5657520968504626,1.7400120014448123e-05,"42,43,44",aggregate,3,0.5075915743904623
resnet50_no_weights,CIFAR10,qat,layer2.1.conv3,"(512, 128, 1, 1)",3.039444148540497,4.637823712982936e-05,42,42,3,
resnet50_no_weights,CIFAR10,qat,layer2.1.conv3,"(512, 128, 1, 1)",2.6939800822216533,4.1106873813196614e-05,43,43,3,
resnet50_no_weights,CIFAR10,qat,layer2.1.conv3,"(512, 128, 1, 1)",2.8183878551829946,4.300518577854911e-05,44,44,3,
resnet50_no_weights,CIFAR10,qat,layer2.1.conv3,"(512, 128, 1, 1)",2.8506040286483816,4.349676557385836e-05,"42,43,44",aggregate,3,0.17497075942554374
resnet50_no_weights,CIFAR10,qat,layer2.2.conv1,"(128, 512, 1, 1)",2.350541869799296,3.5866422573841796e-05,42,42,3,
resnet50_no_weights,CIFAR10,qat,layer2.2.conv1,"(128, 512, 1, 1)",2.8505221467751722,4.349551615562702e-05,43,43,3,
resnet50_no_weights,CIFAR10,qat,layer2.2.conv1,"(128, 512, 1, 1)",3.8882976957395967,5.933071435149531e-05,44,44,3,
resnet50_no_weights,CIFAR10,qat,layer2.2.conv1,"(128, 512, 1, 1)",3.0297872374380215,4.623088436032137e-05,"42,43,44",aggregate,3,0.7843948142364939
resnet50_no_weights,CIFAR10,qat,layer2.2.conv2,"(128, 128, 3, 3)",2.5024220943450928,1.697063594797833e-05,42,42,3,
resnet50_no_weights,CIFAR10,qat,layer2.2.conv2,"(128, 128, 3, 3)",2.4997241727767454,1.6952339496370073e-05,43,43,3,
resnet50_no_weights,CIFAR10,qat,layer2.2.conv2,"(128, 128, 3, 3)",3.1243409599576677,2.1188293185476806e-05,44,44,3,
resnet50_no_weights,CIFAR10,qat,layer2.2.conv2,"(128, 128, 3, 3)",2.7088290756931688,1.8370422876608403e-05,"42,43,44",aggregate,3,0.35984637578968764
resnet50_no_weights,CIFAR10,qat,layer2.2.conv3,"(512, 128, 1, 1)",2.61421991388003,3.9889830228882296e-05,42,42,3,
resnet50_no_weights,CIFAR10,qat,layer2.2.conv3,"(512, 128, 1, 1)",3.229040041565895,4.9271240868620225e-05,43,43,3,
resnet50_no_weights,CIFAR10,qat,layer2.2.conv3,"(512, 128, 1, 1)",3.0268253286679587,4.6185689219176616e-05,44,44,3,
resnet50_no_weights,CIFAR10,qat,layer2.2.conv3,"(512, 128, 1, 1)",2.956695094704628,4.511558677222638e-05,"42,43,44",aggregate,3,0.3133522532849085
resnet50_no_weights,CIFAR10,qat,layer2.3.conv1,"(128, 512, 1, 1)",4.3304965155465265,6.60781328666157e-05,42,42,3,
resnet50_no_weights,CIFAR10,qat,layer2.3.conv1,"(128, 512, 1, 1)",6.4862244606018065,9.89719308563508e-05,43,43,3,
resnet50_no_weights,CIFAR10,qat,layer2.3.conv1,"(128, 512, 1, 1)",5.02475965590704,7.667174767924561e-05,44,44,3,
resnet50_no_weights,CIFAR10,qat,layer2.3.conv1,"(128, 512, 1, 1)",5.280493544018458,8.05739371340707e-05,"42,43,44",aggregate,3,1.1003820288515722
resnet50_no_weights,CIFAR10,qat,layer2.3.conv2,"(128, 128, 3, 3)",5.82679945230484,3.9515512778760036e-05,42,42,3,
resnet50_no_weights,CIFAR10,qat,layer2.3.conv2,"(128, 128, 3, 3)",5.684132091204325,3.854798781469947e-05,43,43,3,
resnet50_no_weights,CIFAR10,qat,layer2.3.conv2,"(128, 128, 3, 3)",5.276636189884609,3.578447936933464e-05,44,44,3,
resnet50_no_weights,CIFAR10,qat,layer2.3.conv2,"(128, 128, 3, 3)",5.595855911131258,3.794932665426471e-05,"42,43,44",aggregate,3,0.2855072972892941
resnet50_no_weights,CIFAR10,qat,layer2.3.conv3,"(512, 128, 1, 1)",3.8889561891555786,5.9340762163628824e-05,42,42,3,
resnet50_no_weights,CIFAR10,qat,layer2.3.conv3,"(512, 128, 1, 1)",3.8784525177695532,5.9180488857567646e-05,43,43,3,
resnet50_no_weights,CIFAR10,qat,layer2.3.conv3,"(512, 128, 1, 1)",4.050886631011963,6.181162461871281e-05,44,44,3,
resnet50_no_weights,CIFAR10,qat,layer2.3.conv3,"(512, 128, 1, 1)",3.9394317793123648,6.0110958546636425e-05,"42,43,44",aggregate,3,0.09666550446607587
resnet50_no_weights,CIFAR10,qat,layer3.0.conv1,"(256, 512, 1, 1)",43.76618414658766,0.00033390948598165636,42,42,3,
resnet50_no_weights,CIFAR10,qat,layer3.0.conv1,"(256, 512, 1, 1)",38.72789033253988,0.0002954703547099295,43,43,3,
resnet50_no_weights,CIFAR10,qat,layer3.0.conv1,"(256, 512, 1, 1)",37.801378631591795,0.00028840163140557705,44,44,3,
resnet50_no_weights,CIFAR10,qat,layer3.0.conv1,"(256, 512, 1, 1)",40.09848437023978,0.000305927157365721,"42,43,44",aggregate,3,3.2099255785867005
resnet50_no_weights,CIFAR10,qat,layer3.0.conv2,"(256, 256, 3, 3)",31.43865429482809,5.3301754921515725e-05,42,42,3,
resnet50_no_weights,CIFAR10,qat,layer3.0.conv2,"(256, 256, 3, 3)",28.768153807696173,4.8774132296576896e-05,43,43,3,
resnet50_no_weights,CIFAR10,qat,layer3.0.conv2,"(256, 256, 3, 3)",30.97692381251942,5.251892736226301e-05,44,44,3,
resnet50_no_weights,CIFAR10,qat,layer3.0.conv2,"(256, 256, 3, 3)",30.39457730501456,5.1531604860118546e-05,"42,43,44",aggregate,3,1.4273187464772128
resnet50_no_weights,CIFAR10,qat,layer3.0.conv3,"(1024, 256, 1, 1)",19.567317216292672,7.464339148060864e-05,42,42,3,
resnet50_no_weights,CIFAR10,qat,layer3.0.conv3,"(1024, 256, 1, 1)",16.33125723169205,6.229880230595417e-05,43,43,3,
resnet50_no_weights,CIFAR10,qat,layer3.0.conv3,"(1024, 256, 1, 1)",16.929190782400276,6.457973778686629e-05,44,44,3,
resnet50_no_weights,CIFAR10,qat,layer3.0.conv3,"(1024, 256, 1, 1)",17.609255076794998,6.717397719114303e-05,"42,43,44",aggregate,3,1.7218846184824026
resnet50_no_weights,CIFAR10,qat,layer3.0.downsample.0,"(1024, 512, 1, 1)",19.808374524116516,3.778147606681159e-05,42,42,3,
resnet50_no_weights,CIFAR10,qat,layer3.0.downsample.0,"(1024, 512, 1, 1)",18.381999535994098,3.506088168333835e-05,43,43,3,
resnet50_no_weights,CIFAR10,qat,layer3.0.downsample.0,"(1024, 512, 1, 1)",19.52181468009949,3.723490654010675e-05,44,44,3,
resnet50_no_weights,CIFAR10,qat,layer3.0.downsample.0,"(1024, 512, 1, 1)",19.2373962467367,3.6692421430085565e-05,"42,43,44",aggregate,3,0.7545242114158527
resnet50_no_weights,CIFAR10,qat,layer3.1.conv1,"(256, 1024, 1, 1)",8.652906131744384,3.30082173604751e-05,42,42,3,
resnet50_no_weights,CIFAR10,qat,layer3.1.conv1,"(256, 1024, 1, 1)",7.228016713086297,2.7572695591302097e-05,43,43,3,
resnet50_no_weights,CIFAR10,qat,layer3.1.conv1,"(256, 1024, 1, 1)",7.978376150131226,3.04350896840333e-05,44,44,3,
resnet50_no_weights,CIFAR10,qat,layer3.1.conv1,"(256, 1024, 1, 1)",7.9530996649873025,3.0338667545270166e-05,"42,43,44",aggregate,3,0.7127809196217788
resnet50_no_weights,CIFAR10,qat,layer3.1.conv2,"(256, 256, 3, 3)",10.001211035485362,1.6956263284446482e-05,42,42,3,
resnet50_no_weights,CIFAR10,qat,layer3.1.conv2,"(256, 256, 3, 3)",11.348215602693104,1.9240003124140597e-05,43,43,3,
resnet50_no_weights,CIFAR10,qat,layer3.1.conv2,"(256, 256, 3, 3)",9.234571821549359,1.5656487056392007e-05,44,44,3,
resnet50_no_weights,CIFAR10,qat,layer3.1.conv2,"(256, 256, 3, 3)",10.194666153242608,1.728425115499303e-05,"42,43,44",aggregate,3,1.0700192382998353
resnet50_no_weights,CIFAR10,qat,layer3.1.conv3,"(1024, 256, 1, 1)",8.00174931379465,3.052425122754917e-05,42,42,3,
resnet50_no_weights,CIFAR10,qat,layer3.1.conv3,"(1024, 256, 1, 1)",8.008905107324773,3.055154841356191e-05,43,43,3,
resnet50_no_weights,CIFAR10,qat,layer3.1.conv3,"(1024, 256, 1, 1)",7.654533181871686,2.9199726798521753e-05,44,44,3,
resnet50_no_weights,CIFAR10,qat,layer3.1.conv3,"(1024, 256, 1, 1)",7.888395867663703,3.0091842146544276e-05,"42,43,44",aggregate,3,0.20256262784544699
resnet50_no_weights,CIFAR10,qat,layer3.2.conv1,"(256, 1024, 1, 1)",12.842584499946007,4.899057197550204e-05,42,42,3,
resnet50_no_weights,CIFAR10,qat,layer3.2.conv1,"(256, 1024, 1, 1)",13.292111545801163,5.070538156815019e-05,43,43,3,
resnet50_no_weights,CIFAR10,qat,layer3.2.conv1,"(256, 1024, 1, 1)",12.677133603529496,4.835942689334677e-05,44,44,3,
resnet50_no_weights,CIFAR10,qat,layer3.2.conv1,"(256, 1024, 1, 1)",12.937276549758888,4.9351793478999664e-05,"42,43,44",aggregate,3,0.31823639891360206
resnet50_no_weights,CIFAR10,qat,layer3.2.conv2,"(256, 256, 3, 3)",10.568650813812905,1.79183126047989e-05,42,42,3,
resnet50_no_weights,CIFAR10,qat,layer3.2.conv2,"(256, 256, 3, 3)",10.436374022410465,1.7694047753923995e-05,43,43,3,
resnet50_no_weights,CIFAR10,qat,layer3.2.conv2,"(256, 256, 3, 3)",10.31405512491862,1.7486665725570033e-05,44,44,3,
resnet50_no_weights,CIFAR10,qat,layer3.2.conv2,"(256, 256, 3, 3)",10.439693320380663,1.7699675361430972e-05,"42,43,44",aggregate,3,0.12733029688628783
resnet50_no_weights,CIFAR10,qat,layer3.2.conv3,"(1024, 256, 1, 1)",7.7368377469620615,2.951369379792046e-05,42,42,3,
resnet50_no_weights,CIFAR10,qat,layer3.2.conv3,"(1024, 256, 1, 1)",7.649311184883118,2.9179806460888358e-05,43,43,3,
resnet50_no_weights,CIFAR10,qat,layer3.2.conv3,"(1024, 256, 1, 1)",7.39715601847722,2.821791083708656e-05,44,44,3,
resnet50_no_weights,CIFAR10,qat,layer3.2.conv3,"(1024, 256, 1, 1)",7.5944349834408,2.897047036529846e-05,"42,43,44",aggregate,3,0.17636458624158613
resnet50_no_weights,CIFAR10,qat,layer3.3.conv1,"(256, 1024, 1, 1)",24.123912413914997,9.202542272153853e-05,42,42,3,
resnet50_no_weights,CIFAR10,qat,layer3.3.conv1,"(256, 1024, 1, 1)",26.082437324523926,9.949660234269686e-05,43,43,3,
resnet50_no_weights,CIFAR10,qat,layer3.3.conv1,"(256, 1024, 1, 1)",27.430167056896067,0.00010463778326757838,44,44,3,
resnet50_no_weights,CIFAR10,qat,layer3.3.conv1,"(256, 1024, 1, 1)",25.87883893177833,9.871993611060459e-05,"42,43,44",aggregate,3,1.6625038857713728
resnet50_no_weights,CIFAR10,qat,layer3.3.conv2,"(256, 256, 3, 3)",19.43074819776747,3.294329867514287e-05,42,42,3,
resnet50_no_weights,CIFAR10,qat,layer3.3.conv2,"(256, 256, 3, 3)",19.180969732779044,3.251981901851916e-05,43,43,3,
resnet50_no_weights,CIFAR10,qat,layer3.3.conv2,"(256, 256, 3, 3)",17.78800135645373,3.0158151171287926e-05,44,44,3,
resnet50_no_weights,CIFAR10,qat,layer3.3.conv2,"(256, 256, 3, 3)",18.79990642900008,3.187375628831665e-05,"42,43,44",aggregate,3,0.8851899385311447
resnet50_no_weights,CIFAR10,qat,layer3.3.conv3,"(1024, 256, 1, 1)",11.035359609694709,4.209655612829097e-05,42,42,3,
resnet50_no_weights,CIFAR10,qat,layer3.3.conv3,"(1024, 256, 1, 1)",10.372657555800219,3.956854841537559e-05,43,43,3,
resnet50_no_weights,CIFAR10,qat,layer3.3.conv3,"(1024, 256, 1, 1)",9.805041631062826,3.740326549935465e-05,44,44,3,
resnet50_no_weights,CIFAR10,qat,layer3.3.conv3,"(1024, 256, 1, 1)",10.404352932185917,3.968945668100707e-05,"42,43,44",aggregate,3,0.6157710855499661
resnet50_no_weights,CIFAR10,qat,layer3.4.conv1,"(256, 1024, 1, 1)",25.53852068993353,9.742172504399693e-05,42,42,3,
resnet50_no_weights,CIFAR10,qat,layer3.4.conv1,"(256, 1024, 1, 1)",30.391330528259278,0.00011593372546485625,43,43,3,
resnet50_no_weights,CIFAR10,qat,layer3.4.conv1,"(256, 1024, 1, 1)",28.130258733575996,0.00010730842107229613,44,44,3,
resnet50_no_weights,CIFAR10,qat,layer3.4.conv1,"(256, 1024, 1, 1)",28.020036650589603,0.00010688795719371644,"42,43,44",aggregate,3,2.428281802514112
resnet50_no_weights,CIFAR10,qat,layer3.4.conv2,"(256, 256, 3, 3)",12.167965453603994,2.06298242418145e-05,42,42,3,
resnet50_no_weights,CIFAR10,qat,layer3.4.conv2,"(256, 256, 3, 3)",11.64894885030286,1.9749872589624804e-05,43,43,3,
resnet50_no_weights,CIFAR10,qat,layer3.4.conv2,"(256, 256, 3, 3)",12.223482767740885,2.0723949462451316e-05,44,44,3,
resnet50_no_weights,CIFAR10,qat,layer3.4.conv2,"(256, 256, 3, 3)",12.013465690549246,2.0367882097963537e-05,"42,43,44",aggregate,3,0.3168989399787426
resnet50_no_weights,CIFAR10,qat,layer3.4.conv3,"(1024, 256, 1, 1)",8.039450428702615,3.06680695674996e-05,42,42,3,
resnet50_no_weights,CIFAR10,qat,layer3.4.conv3,"(1024, 256, 1, 1)",8.4477627827571,3.222565758803215e-05,43,43,3,
resnet50_no_weights,CIFAR10,qat,layer3.4.conv3,"(1024, 256, 1, 1)",8.999053001403809,3.432866287766956e-05,44,44,3,
resnet50_no_weights,CIFAR10,qat,layer3.4.conv3,"(1024, 256, 1, 1)",8.495422070954508,3.2407463344400435e-05,"42,43,44",aggregate,3,0.4815732864240915
resnet50_no_weights,CIFAR10,qat,layer3.5.conv1,"(256, 1024, 1, 1)",27.248593203226726,0.00010394513398447695,42,42,3,
resnet50_no_weights,CIFAR10,qat,layer3.5.conv1,"(256, 1024, 1, 1)",31.476081106397842,0.00012007172052916657,43,43,3,
resnet50_no_weights,CIFAR10,qat,layer3.5.conv1,"(256, 1024, 1, 1)",33.35862802323841,0.00012725306710524906,44,44,3,
resnet50_no_weights,CIFAR10,qat,layer3.5.conv1,"(256, 1024, 1, 1)",30.694434110954326,0.0001170899738729642,"42,43,44",aggregate,3,3.1291149538732532
resnet50_no_weights,CIFAR10,qat,layer3.5.conv2,"(256, 256, 3, 3)",4.8231386134499,8.177250524647861e-06,42,42,3,
resnet50_no_weights,CIFAR10,qat,layer3.5.conv2,"(256, 256, 3, 3)",4.200055326734271,7.120862031274195e-06,43,43,3,
resnet50_no_weights,CIFAR10,qat,layer3.5.conv2,"(256, 256, 3, 3)",5.225026577711105,8.858619821694447e-06,44,44,3,
resnet50_no_weights,CIFAR10,qat,layer3.5.conv2,"(256, 256, 3, 3)",4.749406839298425,8.052244125872167e-06,"42,43,44",aggregate,3,0.5164482522207791
resnet50_no_weights,CIFAR10,qat,layer3.5.conv3,"(1024, 256, 1, 1)",5.514722922752643,2.1036998454104016e-05,42,42,3,
resnet50_no_weights,CIFAR10,qat,layer3.5.conv3,"(1024, 256, 1, 1)",4.959530421665737,1.891910713831229e-05,43,43,3,
resnet50_no_weights,CIFAR10,qat,layer3.5.conv3,"(1024, 256, 1, 1)",5.267393774456448,2.009351262838916e-05,44,44,3,
resnet50_no_weights,CIFAR10,qat,layer3.5.conv3,"(1024, 256, 1, 1)",5.247215706291609,2.0016539406935154e-05,"42,43,44",aggregate,3,0.2781457246515434
resnet50_no_weights,CIFAR10,qat,layer4.0.conv1,"(512, 1024, 1, 1)",27.95103268093533,5.331236396967951e-05,42,42,3,
resnet50_no_weights,CIFAR10,qat,layer4.0.conv1,"(512, 1024, 1, 1)",30.268767171435886,5.773309168135812e-05,43,43,3,
resnet50_no_weights,CIFAR10,qat,layer4.0.conv1,"(512, 1024, 1, 1)",27.75057683672224,5.293002478928039e-05,44,44,3,
resnet50_no_weights,CIFAR10,qat,layer4.0.conv1,"(512, 1024, 1, 1)",28.656792229697817,5.4658493480106006e-05,"42,43,44",aggregate,3,1.3996046034374783
resnet50_no_weights,CIFAR10,qat,layer4.0.conv2,"(512, 512, 3, 3)",7.701545572280883,3.2643405372962458e-06,42,42,3,
resnet50_no_weights,CIFAR10,qat,layer4.0.conv2,"(512, 512, 3, 3)",9.08937608042071,3.8525797866909065e-06,43,43,3,
resnet50_no_weights,CIFAR10,qat,layer4.0.conv2,"(512, 512, 3, 3)",10.13893907599979,4.297442574394985e-06,44,44,3,
resnet50_no_weights,CIFAR10,qat,layer4.0.conv2,"(512, 512, 3, 3)",8.976620242900461,3.804787632794046e-06,"42,43,44",aggregate,3,1.2226026264342604
resnet50_no_weights,CIFAR10,qat,layer4.0.conv3,"(2048, 512, 1, 1)",7.178228028615316,6.845691708197895e-06,42,42,3,
resnet50_no_weights,CIFAR10,qat,layer4.0.conv3,"(2048, 512, 1, 1)",7.14213908951858,6.811274613874989e-06,43,43,3,
resnet50_no_weights,CIFAR10,qat,layer4.0.conv3,"(2048, 512, 1, 1)",7.16740050315857,6.835365775259561e-06,44,44,3,
resnet50_no_weights,CIFAR10,qat,layer4.0.conv3,"(2048, 512, 1, 1)",7.162589207097489,6.830777365777482e-06,"42,43,44",aggregate,3,0.01851929557576386
resnet50_no_weights,CIFAR10,qat,layer4.0.downsample.0,"(2048, 1024, 1, 1)",66.40135810993335,3.166263490196865e-05,42,42,3,
resnet50_no_weights,CIFAR10,qat,layer4.0.downsample.0,"(2048, 1024, 1, 1)",63.27183663845062,3.017036277697116e-05,43,43,3,
resnet50_no_weights,CIFAR10,qat,layer4.0.downsample.0,"(2048, 1024, 1, 1)",65.78646977742513,3.1369433296883166e-05,44,44,3,
resnet50_no_weights,CIFAR10,qat,layer4.0.downsample.0,"(2048, 1024, 1, 1)",65.15322150860304,3.1067476991940994e-05,"42,43,44",aggregate,3,1.6580798194274282
resnet50_no_weights,CIFAR10,qat,layer4.1.conv1,"(512, 2048, 1, 1)",29.99693434579032,2.8607305856504744e-05,42,42,3,
resnet50_no_weights,CIFAR10,qat,layer4.1.conv1,"(512, 2048, 1, 1)",26.234367476569282,2.5019042469567568e-05,43,43,3,
resnet50_no_weights,CIFAR10,qat,layer4.1.conv1,"(512, 2048, 1, 1)",27.830059217370074,2.6540812699670862e-05,44,44,3,
resnet50_no_weights,CIFAR10,qat,layer4.1.conv1,"(512, 2048, 1, 1)",28.02045367990989,2.6722387008581058e-05,"42,43,44",aggregate,3,1.8884954063656911
resnet50_no_weights,CIFAR10,qat,layer4.1.conv2,"(512, 512, 3, 3)",82.77946412828234,3.508651060667349e-05,42,42,3,
resnet50_no_weights,CIFAR10,qat,layer4.1.conv2,"(512, 512, 3, 3)",76.50774691181797,3.2428210327071286e-05,43,43,3,
resnet50_no_weights,CIFAR10,qat,layer4.1.conv2,"(512, 512, 3, 3)",78.83512306213379,3.341468093114802e-05,44,44,3,
resnet50_no_weights,CIFAR10,qat,layer4.1.conv2,"(512, 512, 3, 3)",79.37411136741137,3.3643133954964264e-05,"42,43,44",aggregate,3,3.1704085707907406
resnet50_no_weights,CIFAR10,qat,layer4.1.conv3,"(2048, 512, 1, 1)",18.25647241928998,1.741072885445593e-05,42,42,3,
resnet50_no_weights,CIFAR10,qat,layer4.1.conv3,"(2048, 512, 1, 1)",18.406917095184326,1.755420407789643e-05,43,43,3,
resnet50_no_weights,CIFAR10,qat,layer4.1.conv3,"(2048, 512, 1, 1)",18.79703454176585,1.7926249067083216e-05,44,44,3,
resnet50_no_weights,CIFAR10,qat,layer4.1.conv3,"(2048, 512, 1, 1)",18.486808018746718,1.7630393999811857e-05,"42,43,44",aggregate,3,0.27899600680770176
resnet50_no_weights,CIFAR10,qat,layer4.2.conv1,"(512, 2048, 1, 1)",28.705121358235676,2.7375336988673855e-05,42,42,3,
resnet50_no_weights,CIFAR10,qat,layer4.2.conv1,"(512, 2048, 1, 1)",30.386157281058175,2.897849777322595e-05,43,43,3,
resnet50_no_weights,CIFAR10,qat,layer4.2.conv1,"(512, 2048, 1, 1)",25.340210233415878,2.4166307671943548e-05,44,44,3,
resnet50_no_weights,CIFAR10,qat,layer4.2.conv1,"(512, 2048, 1, 1)",28.143829624236577,2.6840047477947786e-05,"42,43,44",aggregate,3,2.5693737972304245
resnet50_no_weights,CIFAR10,qat,layer4.2.conv2,"(512, 512, 3, 3)",9.829533576965332,4.166299428713198e-06,42,42,3,
resnet50_no_weights,CIFAR10,qat,layer4.2.conv2,"(512, 512, 3, 3)",10.109978221711659,4.285167364210196e-06,43,43,3,
resnet50_no_weights,CIFAR10,qat,layer4.2.conv2,"(512, 512, 3, 3)",9.650467475255331,4.090401321095501e-06,44,44,3,
resnet50_no_weights,CIFAR10,qat,layer4.2.conv2,"(512, 512, 3, 3)",9.863326424644107,4.180622704672965e-06,"42,43,44",aggregate,3,0.2316117418070456
resnet50_no_weights,CIFAR10,qat,layer4.2.conv3,"(2048, 512, 1, 1)",5.8884652853012085,5.615678105641564e-06,42,42,3,
resnet50_no_weights,CIFAR10,qat,layer4.2.conv3,"(2048, 512, 1, 1)",5.014307823181152,4.782016585522797e-06,43,43,3,
resnet50_no_weights,CIFAR10,qat,layer4.2.conv3,"(2048, 512, 1, 1)",5.730772256851196,5.465290314532467e-06,44,44,3,
resnet50_no_weights,CIFAR10,qat,layer4.2.conv3,"(2048, 512, 1, 1)",5.544515121777852,5.287661668565609e-06,"42,43,44",aggregate,3,0.465893343394539
resnet50_no_weights,CIFAR10,qat,fc,"(10, 2048)",4.686030272175284,0.00022881007188355878,42,42,3,
resnet50_no_weights,CIFAR10,qat,fc,"(10, 2048)",5.0192466747193105,0.00024508040403902886,43,43,3,
resnet50_no_weights,CIFAR10,qat,fc,"(10, 2048)",4.855035611561367,0.00023706228572076987,44,44,3,
resnet50_no_weights,CIFAR10,qat,fc,"(10, 2048)",4.85343751948532,0.00023698425388111915,"42,43,44",aggregate,3,0.16661394946044691
resnet50_no_weights,CIFAR10,fp32_fused_qat,conv1,"(64, 3, 3, 3)",188.79493549891882,0.10925632841372616,42,42,3,
resnet50_no_weights,CIFAR10,fp32_fused_qat,conv1,"(64, 3, 3, 3)",171.18766767328435,0.09906693731092844,43,43,3,
resnet50_no_weights,CIFAR10,fp32_fused_qat,conv1,"(64, 3, 3, 3)",187.52202944074358,0.10851969296339327,44,44,3,
resnet50_no_weights,CIFAR10,fp32_fused_qat,conv1,"(64, 3, 3, 3)",182.5015442043156,0.10561431956268263,"42,43,44",aggregate,3,9.818753692694367
resnet50_no_weights,CIFAR10,fp32_fused_qat,layer1.0.conv1,"(64, 64, 1, 1)",2.4439312793590404,0.0005966629099997657,42,42,3,
resnet50_no_weights,CIFAR10,fp32_fused_qat,layer1.0.conv1,"(64, 64, 1, 1)",3.0253124207258226,0.0007386016652162653,43,43,3,
resnet50_no_weights,CIFAR10,fp32_fused_qat,layer1.0.conv1,"(64, 64, 1, 1)",2.2976487934589387,0.0005609494124655612,44,44,3,
resnet50_no_weights,CIFAR10,fp32_fused_qat,layer1.0.conv1,"(64, 64, 1, 1)",2.5889641645146004,0.0006320713292271974,"42,43,44",aggregate,3,0.3849019250980814
resnet50_no_weights,CIFAR10,fp32_fused_qat,layer1.0.conv2,"(64, 64, 3, 3)",5.336305936177571,0.00014475656293884472,42,42,3,
resnet50_no_weights,CIFAR10,fp32_fused_qat,layer1.0.conv2,"(64, 64, 3, 3)",4.061954800571714,0.00011018757597036985,43,43,3,
resnet50_no_weights,CIFAR10,fp32_fused_qat,layer1.0.conv2,"(64, 64, 3, 3)",4.266235519857967,0.00011572904513503601,44,44,3,
resnet50_no_weights,CIFAR10,fp32_fused_qat,layer1.0.conv2,"(64, 64, 3, 3)",4.554832085535751,0.0001235577280147502,"42,43,44",aggregate,3,0.6844404192446141
resnet50_no_weights,CIFAR10,fp32_fused_qat,layer1.0.conv3,"(256, 64, 1, 1)",1.91698846022288,0.00011700369019915039,42,42,3,
resnet50_no_weights,CIFAR10,fp32_fused_qat,layer1.0.conv3,"(256, 64, 1, 1)",2.0998876676326845,0.00012816697190140897,43,43,3,
resnet50_no_weights,CIFAR10,fp32_fused_qat,layer1.0.conv3,"(256, 64, 1, 1)",1.781366417282506,0.00010872597761734046,44,44,3,
resnet50_no_weights,CIFAR10,fp32_fused_qat,layer1.0.conv3,"(256, 64, 1, 1)",1.9327475150460236,0.00011796554657263328,"42,43,44",aggregate,3,0.15984432297660556
resnet50_no_weights,CIFAR10,fp32_fused_qat,layer1.0.downsample.0,"(256, 64, 1, 1)",4.733715814702651,0.00028892308439347237,42,42,3,
resnet50_no_weights,CIFAR10,fp32_fused_qat,layer1.0.downsample.0,"(256, 64, 1, 1)",4.809358716011047,0.00029353996069403365,43,43,3,
resnet50_no_weights,CIFAR10,fp32_fused_qat,layer1.0.downsample.0,"(256, 64, 1, 1)",6.764729206378643,0.000412886304100259,44,44,3,
resnet50_no_weights,CIFAR10,fp32_fused_qat,layer1.0.downsample.0,"(256, 64, 1, 1)",5.43593457903078,0.00033178311639592165,"42,43,44",aggregate,3,1.1513912599029907
resnet50_no_weights,CIFAR10,fp32_fused_qat,layer1.1.conv1,"(64, 256, 1, 1)",3.9006991505622866,0.00023807978213881144,42,42,3,
resnet50_no_weights,CIFAR10,fp32_fused_qat,layer1.1.conv1,"(64, 256, 1, 1)",3.5684501594967313,0.00021780091305522041,43,43,3,
resnet50_no_weights,CIFAR10,fp32_fused_qat,layer1.1.conv1,"(64, 256, 1, 1)",3.7933275182292148,0.00023152633778254485,44,44,3,
resnet50_no_weights,CIFAR10,fp32_fused_qat,layer1.1.conv1,"(64, 256, 1, 1)",3.754158942762744,0.0002291356776588589,"42,43,44",aggregate,3,0.1695522957499376
resnet50_no_weights,CIFAR10,fp32_fused_qat,layer1.1.conv2,"(64, 64, 3, 3)",2.936614453792572,7.96607653481058e-05,42,42,3,
resnet50_no_weights,CIFAR10,fp32_fused_qat,layer1.1.conv2,"(64, 64, 3, 3)",2.98439178683541,8.095680845365153e-05,43,43,3,
resnet50_no_weights,CIFAR10,fp32_fused_qat,layer1.1.conv2,"(64, 64, 3, 3)",2.9147501406462295,7.906765789513427e-05,44,44,3,
resnet50_no_weights,CIFAR10,fp32_fused_qat,layer1.1.conv2,"(64, 64, 3, 3)",2.945252127091404,7.98950772322972e-05,"42,43,44",aggregate,3,0.03561526036683953
resnet50_no_weights,CIFAR10,fp32_fused_qat,layer1.1.conv3,"(256, 64, 1, 1)",1.5562476553022861,9.498581880507118e-05,42,42,3,
resnet50_no_weights,CIFAR10,fp32_fused_qat,layer1.1.conv3,"(256, 64, 1, 1)",1.2994653901883535,7.931307313161337e-05,43,43,3,
resnet50_no_weights,CIFAR10,fp32_fused_qat,layer1.1.conv3,"(256, 64, 1, 1)",1.2553106665611267,7.661808267585002e-05,44,44,3,
resnet50_no_weights,CIFAR10,fp32_fused_qat,layer1.1.conv3,"(256, 64, 1, 1)",1.3703412373505888,8.363899153751152e-05,"42,43,44",aggregate,3,0.1625063293578825
resnet50_no_weights,CIFAR10,fp32_fused_qat,layer1.2.conv1,"(64, 256, 1, 1)",6.976879119873047,0.0004258349072188139,42,42,3,
resnet50_no_weights,CIFAR10,fp32_fused_qat,layer1.2.conv1,"(64, 256, 1, 1)",5.8885062824596055,0.00035940590102902866,43,43,3,
resnet50_no_weights,CIFAR10,fp32_fused_qat,layer1.2.conv1,"(64, 256, 1, 1)",4.834301233291626,0.0002950623311335221,44,44,3,
resnet50_no_weights,CIFAR10,fp32_fused_qat,layer1.2.conv1,"(64, 256, 1, 1)",5.899895545208093,0.0003601010464604549,"42,43,44",aggregate,3,1.0713343486028966
resnet50_no_weights,CIFAR10,fp32_fused_qat,layer1.2.conv2,"(64, 64, 3, 3)",10.859918632507323,0.0002945941469321648,42,42,3,
resnet50_no_weights,CIFAR10,fp32_fused_qat,layer1.2.conv2,"(64, 64, 3, 3)",11.022896147909618,0.0002990151949845274,43,43,3,
resnet50_no_weights,CIFAR10,fp32_fused_qat,layer1.2.conv2,"(64, 64, 3, 3)",8.930627652576991,0.00024225877963804772,44,44,3,
resnet50_no_weights,CIFAR10,fp32_fused_qat,layer1.2.conv2,"(64, 64, 3, 3)",10.271147477664645,0.00027862270718491335,"42,43,44",aggregate,3,1.163780678960366
resnet50_no_weights,CIFAR10,fp32_fused_qat,layer1.2.conv3,"(256, 64, 1, 1)",3.7305537346870667,0.00022769493009564616,42,42,3,
resnet50_no_weights,CIFAR10,fp32_fused_qat,layer1.2.conv3,"(256, 64, 1, 1)",3.3640451335906985,0.0002053250203607604,43,43,3,
resnet50_no_weights,CIFAR10,fp32_fused_qat,layer1.2.conv3,"(256, 64, 1, 1)",3.5827184074065266,0.0002186717777958085,44,44,3,
resnet50_no_weights,CIFAR10,fp32_fused_qat,layer1.2.conv3,"(256, 64, 1, 1)",3.5591057585614307,0.0002172305760840717,"42,43,44",aggregate,3,0.1843917204174731
resnet50_no_weights,CIFAR10,fp32_fused_qat,layer2.0.conv1,"(128, 256, 1, 1)",42.177563190460205,0.0012871570797869936,42,42,3,
resnet50_no_weights,CIFAR10,fp32_fused_qat,layer2.0.conv1,"(128, 256, 1, 1)",42.004932061219826,0.0012818887958135933,43,43,3,
resnet50_no_weights,CIFAR10,fp32_fused_qat,layer2.0.conv1,"(128, 256, 1, 1)",36.234396591186524,0.0011057860287837684,44,44,3,
resnet50_no_weights,CIFAR10,fp32_fused_qat,layer2.0.conv1,"(128, 256, 1, 1)",40.13896394762219,0.0012249439681281185,"42,43,44",aggregate,3,3.382555994718037
resnet50_no_weights,CIFAR10,fp32_fused_qat,layer2.0.conv2,"(128, 128, 3, 3)",43.2816205391517,0.00029352227470670373,42,42,3,
resnet50_no_weights,CIFAR10,fp32_fused_qat,layer2.0.conv2,"(128, 128, 3, 3)",43.02201046663172,0.0002917616812244447,43,43,3,
resnet50_no_weights,CIFAR10,fp32_fused_qat,layer2.0.conv2,"(128, 128, 3, 3)",43.14567766189575,0.0002926003530673269,44,44,3,
resnet50_no_weights,CIFAR10,fp32_fused_qat,layer2.0.conv2,"(128, 128, 3, 3)",43.14976955589306,0.00029262810299949177,"42,43,44",aggregate,3,0.12985339863023082
resnet50_no_weights,CIFAR10,fp32_fused_qat,layer2.0.conv3,"(512, 128, 1, 1)",17.705958396196365,0.00027017148431696114,42,42,3,
resnet50_no_weights,CIFAR10,fp32_fused_qat,layer2.0.conv3,"(512, 128, 1, 1)",17.91906108856201,0.00027342317334841935,43,43,3,
resnet50_no_weights,CIFAR10,fp32_fused_qat,layer2.0.conv3,"(512, 128, 1, 1)",29.18469864981515,0.00044532316055015793,44,44,3,
resnet50_no_weights,CIFAR10,fp32_fused_qat,layer2.0.conv3,"(512, 128, 1, 1)",21.603239378191176,0.0003296392727385128,"42,43,44",aggregate,3,6.566600848600684
resnet50_no_weights,CIFAR10,fp32_fused_qat,layer2.0.downsample.0,"(512, 256, 1, 1)",32.815188535054524,0.0002503600199512827,42,42,3,
resnet50_no_weights,CIFAR10,fp32_fused_qat,layer2.0.downsample.0,"(512, 256, 1, 1)",39.107650206639214,0.00029836769261657115,43,43,3,
resnet50_no_weights,CIFAR10,fp32_fused_qat,layer2.0.downsample.0,"(512, 256, 1, 1)",34.530848852793376,0.0002634494693969221,44,44,3,
resnet50_no_weights,CIFAR10,fp32_fused_qat,layer2.0.downsample.0,"(512, 256, 1, 1)",35.484562531495705,0.000270725727321592,"42,43,44",aggregate,3,3.2528365787107325
resnet50_no_weights,CIFAR10,fp32_fused_qat,layer2.1.conv1,"(128, 512, 1, 1)",6.275240196901209,9.575256648103652e-05,42,42,3,
resnet50_no_weights,CIFAR10,fp32_fused_qat,layer2.1.conv1,"(128, 512, 1, 1)",6.442300838582656,9.830170957309961e-05,43,43,3,
resnet50_no_weights,CIFAR10,fp32_fused_qat,layer2.1.conv1,"(128, 512, 1, 1)",6.189810737319615,9.44490163775576e-05,44,44,3,
resnet50_no_weights,CIFAR10,fp32_fused_qat,layer2.1.conv1,"(128, 512, 1, 1)",6.302450590934494,9.616776414389791e-05,"42,43,44",aggregate,3,0.12842553082055047
resnet50_no_weights,CIFAR10,fp32_fused_qat,layer2.1.conv2,"(128, 128, 3, 3)",5.913143100483077,4.010106811851045e-05,42,42,3,
resnet50_no_weights,CIFAR10,fp32_fused_qat,layer2.1.conv2,"(128, 128, 3, 3)",5.641183130668871,3.8256721535026525e-05,43,43,3,
resnet50_no_weights,CIFAR10,fp32_fused_qat,layer2.1.conv2,"(128, 128, 3, 3)",4.257103776931762,2.8870332688610584e-05,44,44,3,
resnet50_no_weights,CIFAR10,fp32_fused_qat,layer2.1.conv2,"(128, 128, 3, 3)",5.270476669361237,3.574270744738252e-05,"42,43,44",aggregate,3,0.888078836944387
resnet50_no_weights,CIFAR10,fp32_fused_qat,layer2.1.conv3,"(512, 128, 1, 1)",5.608047847747803,8.557201916119084e-05,42,42,3,
resnet50_no_weights,CIFAR10,fp32_fused_qat,layer2.1.conv3,"(512, 128, 1, 1)",6.599241182208061,0.00010069642917187593,43,43,3,
resnet50_no_weights,CIFAR10,fp32_fused_qat,layer2.1.conv3,"(512, 128, 1, 1)",5.888290950885186,8.98481895581846e-05,44,44,3,
resnet50_no_weights,CIFAR10,fp32_fused_qat,layer2.1.conv3,"(512, 128, 1, 1)",6.031859993613684,9.20388792970838e-05,"42,43,44",aggregate,3,0.5109550949859433
resnet50_no_weights,CIFAR10,fp32_fused_qat,layer2.2.conv1,"(128, 512, 1, 1)",7.317024446302844,0.00011164893259129096,42,42,3,
resnet50_no_weights,CIFAR10,fp32_fused_qat,layer2.2.conv1,"(128, 512, 1, 1)",6.806443913777669,0.0001038580919460704,43,43,3,
resnet50_no_weights,CIFAR10,fp32_fused_qat,layer2.2.conv1,"(128, 512, 1, 1)",8.40791992914109,0.00012829467665315385,44,44,3,
resnet50_no_weights,CIFAR10,fp32_fused_qat,layer2.2.conv1,"(128, 512, 1, 1)",7.5104627630738685,0.00011460056706350507,"42,43,44",aggregate,3,0.8180740453910518
resnet50_no_weights,CIFAR10,fp32_fused_qat,layer2.2.conv2,"(128, 128, 3, 3)",5.327237590765342,3.612764208147069e-05,42,42,3,
resnet50_no_weights,CIFAR10,fp32_fused_qat,layer2.2.conv2,"(128, 128, 3, 3)",5.793558130077288,3.929008063474723e-05,43,43,3,
resnet50_no_weights,CIFAR10,fp32_fused_qat,layer2.2.conv2,"(128, 128, 3, 3)",4.761378222498401,3.229016264172635e-05,44,44,3,
resnet50_no_weights,CIFAR10,fp32_fused_qat,layer2.2.conv2,"(128, 128, 3, 3)",5.294057981113677,3.590262845264809e-05,"42,43,44",aggregate,3,0.5168892582312652
resnet50_no_weights,CIFAR10,fp32_fused_qat,layer2.2.conv3,"(512, 128, 1, 1)",6.0535289076871655,9.236952068614449e-05,42,42,3,
resnet50_no_weights,CIFAR10,fp32_fused_qat,layer2.2.conv3,"(512, 128, 1, 1)",6.498603263679816,9.916081640136438e-05,43,43,3,
resnet50_no_weights,CIFAR10,fp32_fused_qat,layer2.2.conv3,"(512, 128, 1, 1)",5.635732207187386,8.599444896220987e-05,44,44,3,
resnet50_no_weights,CIFAR10,fp32_fused_qat,layer2.2.conv3,"(512, 128, 1, 1)",6.062621459518122,9.250826201657291e-05,"42,43,44",aggregate,3,0.4315073822163294
resnet50_no_weights,CIFAR10,fp32_fused_qat,layer2.3.conv1,"(128, 512, 1, 1)",10.089403629302979,0.0001539520817459561,42,42,3,
resnet50_no_weights,CIFAR10,fp32_fused_qat,layer2.3.conv1,"(128, 512, 1, 1)",9.485731040730196,0.00014474076905411065,43,43,3,
resnet50_no_weights,CIFAR10,fp32_fused_qat,layer2.3.conv1,"(128, 512, 1, 1)",10.142591640867035,0.00015476366639506585,44,44,3,
resnet50_no_weights,CIFAR10,fp32_fused_qat,layer2.3.conv1,"(128, 512, 1, 1)",9.90590877030007,0.00015115217239837752,"42,43,44",aggregate,3,0.3648550869364512
resnet50_no_weights,CIFAR10,fp32_fused_qat,layer2.3.conv2,"(128, 128, 3, 3)",12.640566026463228,8.572432472373608e-05,42,42,3,
resnet50_no_weights,CIFAR10,fp32_fused_qat,layer2.3.conv2,"(128, 128, 3, 3)",12.647490910121373,8.577128709663474e-05,43,43,3,
resnet50_no_weights,CIFAR10,fp32_fused_qat,layer2.3.conv2,"(128, 128, 3, 3)",11.246660016617685,7.627129460054311e-05,44,44,3,
resnet50_no_weights,CIFAR10,fp32_fused_qat,layer2.3.conv2,"(128, 128, 3, 3)",12.178238984400762,8.258896880697131e-05,"42,43,44",aggregate,3,0.8067784816263116
resnet50_no_weights,CIFAR10,fp32_fused_qat,layer2.3.conv3,"(512, 128, 1, 1)",5.3280394077301025,8.129942943924107e-05,42,42,3,
resnet50_no_weights,CIFAR10,fp32_fused_qat,layer2.3.conv3,"(512, 128, 1, 1)",6.568956416228722,0.00010023432031599002,43,43,3,
resnet50_no_weights,CIFAR10,fp32_fused_qat,layer2.3.conv3,"(512, 128, 1, 1)",6.827081455503191,0.00010417299584202868,44,44,3,
resnet50_no_weights,CIFAR10,fp32_fused_qat,layer2.3.conv3,"(512, 128, 1, 1)",6.2413590931540055,9.523558186575326e-05,"42,43,44",aggregate,3,0.8014185983693066
resnet50_no_weights,CIFAR10,fp32_fused_qat,layer3.0.conv1,"(256, 512, 1, 1)",64.36789360046387,0.0004910880554234609,42,42,3,
resnet50_no_weights,CIFAR10,fp32_fused_qat,layer3.0.conv1,"(256, 512, 1, 1)",67.3139820098877,0.0005135649262228981,43,43,3,
resnet50_no_weights,CIFAR10,fp32_fused_qat,layer3.0.conv1,"(256, 512, 1, 1)",73.87039681636927,0.0005635864014920751,44,44,3,
resnet50_no_weights,CIFAR10,fp32_fused_qat,layer3.0.conv1,"(256, 512, 1, 1)",68.51742414224027,0.0005227464610461447,"42,43,44",aggregate,3,4.864215925153208
resnet50_no_weights,CIFAR10,fp32_fused_qat,layer3.0.conv2,"(256, 256, 3, 3)",50.894398307800294,8.628743202684241e-05,42,42,3,
resnet50_no_weights,CIFAR10,fp32_fused_qat,layer3.0.conv2,"(256, 256, 3, 3)",61.86364473615374,0.00010488492285182315,43,43,3,
resnet50_no_weights,CIFAR10,fp32_fused_qat,layer3.0.conv2,"(256, 256, 3, 3)",53.67052412033081,9.099413404732736e-05,44,44,3,
resnet50_no_weights,CIFAR10,fp32_fused_qat,layer3.0.conv2,"(256, 256, 3, 3)",55.47618905476161,9.40554963086643e-05,"42,43,44",aggregate,3,5.703193069944322
resnet50_no_weights,CIFAR10,fp32_fused_qat,layer3.0.conv3,"(1024, 256, 1, 1)",23.093626022338867,8.809519204078242e-05,42,42,3,
resnet50_no_weights,CIFAR10,fp32_fused_qat,layer3.0.conv3,"(1024, 256, 1, 1)",27.69088636364853,0.00010563234849414265,43,43,3,
resnet50_no_weights,CIFAR10,fp32_fused_qat,layer3.0.conv3,"(1024, 256, 1, 1)",23.84355013711112,9.095592551083038e-05,44,44,3,
resnet50_no_weights,CIFAR10,fp32_fused_qat,layer3.0.conv3,"(1024, 256, 1, 1)",24.87602084103284,9.489448868191849e-05,"42,43,44",aggregate,3,2.4664138901018053
resnet50_no_weights,CIFAR10,fp32_fused_qat,layer3.0.downsample.0,"(1024, 512, 1, 1)",32.42310692282284,6.184216866077965e-05,42,42,3,
resnet50_no_weights,CIFAR10,fp32_fused_qat,layer3.0.downsample.0,"(1024, 512, 1, 1)",33.48189202221957,6.386164097255625e-05,43,43,3,
resnet50_no_weights,CIFAR10,fp32_fused_qat,layer3.0.downsample.0,"(1024, 512, 1, 1)",35.877727296617294,6.843133410762271e-05,44,44,3,
resnet50_no_weights,CIFAR10,fp32_fused_qat,layer3.0.downsample.0,"(1024, 512, 1, 1)",33.927575413886565,6.471171458031953e-05,"42,43,44",aggregate,3,1.7699084004447194
resnet50_no_weights,CIFAR10,fp32_fused_qat,layer3.1.conv1,"(256, 1024, 1, 1)",13.434803432888454,5.124970791964895e-05,42,42,3,
resnet50_no_weights,CIFAR10,fp32_fused_qat,layer3.1.conv1,"(256, 1024, 1, 1)",12.635988389031361,4.820247035610718e-05,43,43,3,
resnet50_no_weights,CIFAR10,fp32_fused_qat,layer3.1.conv1,"(256, 1024, 1, 1)",12.896208946521465,4.9195133005224096e-05,44,44,3,
resnet50_no_weights,CIFAR10,fp32_fused_qat,layer3.1.conv1,"(256, 1024, 1, 1)",12.989000256147094,4.954910376032674e-05,"42,43,44",aggregate,3,0.407411387825171
resnet50_no_weights,CIFAR10,fp32_fused_qat,layer3.1.conv2,"(256, 256, 3, 3)",16.774921814600628,2.8440554834324523e-05,42,42,3,
resnet50_no_weights,CIFAR10,fp32_fused_qat,layer3.1.conv2,"(256, 256, 3, 3)",17.250527634912608,2.92469069331065e-05,43,43,3,
resnet50_no_weights,CIFAR10,fp32_fused_qat,layer3.1.conv2,"(256, 256, 3, 3)",17.107474533287256,2.900437169950232e-05,44,44,3,
resnet50_no_weights,CIFAR10,fp32_fused_qat,layer3.1.conv2,"(256, 256, 3, 3)",17.04430799426683,2.8897277822311114e-05,"42,43,44",aggregate,3,0.24401379636717682
resnet50_no_weights,CIFAR10,fp32_fused_qat,layer3.1.conv3,"(1024, 256, 1, 1)",10.594278546266777,4.0413965401713473e-05,42,42,3,
resnet50_no_weights,CIFAR10,fp32_fused_qat,layer3.1.conv3,"(1024, 256, 1, 1)",10.263092613220214,3.915059132850729e-05,43,43,3,
resnet50_no_weights,CIFAR10,fp32_fused_qat,layer3.1.conv3,"(1024, 256, 1, 1)",12.801390012105307,4.88334274753773e-05,44,44,3,
resnet50_no_weights,CIFAR10,fp32_fused_qat,layer3.1.conv3,"(1024, 256, 1, 1)",11.219587057197433,4.279932806853269e-05,"42,43,44",aggregate,3,1.3798537863405824
resnet50_no_weights,CIFAR10,fp32_fused_qat,layer3.2.conv1,"(256, 1024, 1, 1)",20.840643271421776,7.95007449013587e-05,42,42,3,
resnet50_no_weights,CIFAR10,fp32_fused_qat,layer3.2.conv1,"(256, 1024, 1, 1)",19.71439983661358,7.520446715016777e-05,43,43,3,
resnet50_no_weights,CIFAR10,fp32_fused_qat,layer3.2.conv1,"(256, 1024, 1, 1)",19.978945626152885,7.621362925015597e-05,44,44,3,
resnet50_no_weights,CIFAR10,fp32_fused_qat,layer3.2.conv1,"(256, 1024, 1, 1)",20.177996244729414,7.697294710056081e-05,"42,43,44",aggregate,3,0.5889158939771573
resnet50_no_weights,CIFAR10,fp32_fused_qat,layer3.2.conv2,"(256, 256, 3, 3)",13.89591121673584,2.3559419787488878e-05,42,42,3,
resnet50_no_weights,CIFAR10,fp32_fused_qat,layer3.2.conv2,"(256, 256, 3, 3)",15.469058127630325,2.6226566107229148e-05,43,43,3,
resnet50_no_weights,CIFAR10,fp32_fused_qat,layer3.2.conv2,"(256, 256, 3, 3)",14.764071391179012,2.5031316784632385e-05,44,44,3,
resnet50_no_weights,CIFAR10,fp32_fused_qat,layer3.2.conv2,"(256, 256, 3, 3)",14.709680245181726,2.4939100893116805e-05,"42,43,44",aggregate,3,0.7879826129975132
resnet50_no_weights,CIFAR10,fp32_fused_qat,layer3.2.conv3,"(1024, 256, 1, 1)",8.20702075958252,3.130729965050705e-05,42,42,3,
resnet50_no_weights,CIFAR10,fp32_fused_qat,layer3.2.conv3,"(1024, 256, 1, 1)",9.522562151369842,3.632569180057465e-05,43,43,3,
resnet50_no_weights,CIFAR10,fp32_fused_qat,layer3.2.conv3,"(1024, 256, 1, 1)",9.14145113627116,3.487186865337814e-05,44,44,3,
resnet50_no_weights,CIFAR10,fp32_fused_qat,layer3.2.conv3,"(1024, 256, 1, 1)",8.957011349074508,3.4168286701486616e-05,"42,43,44",aggregate,3,0.6768868551702648
resnet50_no_weights,CIFAR10,fp32_fused_qat,layer3.3.conv1,"(256, 1024, 1, 1)",37.421326319376625,0.00014275103118658686,42,42,3,
resnet50_no_weights,CIFAR10,fp32_fused_qat,layer3.3.conv1,"(256, 1024, 1, 1)",37.53805211011101,0.00014319630474132923,43,43,3,
resnet50_no_weights,CIFAR10,fp32_fused_qat,layer3.3.conv1,"(256, 1024, 1, 1)",44.85608625411987,0.00017111238958023023,44,44,3,
resnet50_no_weights,CIFAR10,fp32_fused_qat,layer3.3.conv1,"(256, 1024, 1, 1)",39.93848822786917,0.00015235324183604878,"42,43,44",aggregate,3,4.259164705478558
resnet50_no_weights,CIFAR10,fp32_fused_qat,layer3.3.conv2,"(256, 256, 3, 3)",27.82928614182906,4.7182356333124896e-05,42,42,3,
resnet50_no_weights,CIFAR10,fp32_fused_qat,layer3.3.conv2,"(256, 256, 3, 3)",29.523831605911255,5.0055324310152275e-05,43,43,3,
resnet50_no_weights,CIFAR10,fp32_fused_qat,layer3.3.conv2,"(256, 256, 3, 3)",28.53524070315891,4.8379246526351774e-05,44,44,3,
resnet50_no_weights,CIFAR10,fp32_fused_qat,layer3.3.conv2,"(256, 256, 3, 3)",28.629452816966406,4.853897572320965e-05,"42,43,44",aggregate,3,0.8511921194721227
resnet50_no_weights,CIFAR10,fp32_fused_qat,layer3.3.conv3,"(1024, 256, 1, 1)",14.925873491499159,5.693768879508651e-05,42,42,3,
resnet50_no_weights,CIFAR10,fp32_fused_qat,layer3.3.conv3,"(1024, 256, 1, 1)",14.539186763763428,5.546259599213954e-05,43,43,3,
resnet50_no_weights,CIFAR10,fp32_fused_qat,layer3.3.conv3,"(1024, 256, 1, 1)",14.765585205771707,5.6326237509810284e-05,44,44,3,
resnet50_no_weights,CIFAR10,fp32_fused_qat,layer3.3.conv3,"(1024, 256, 1, 1)",14.74354848701143,5.624217409901211e-05,"42,43,44",aggregate,3,0.19428296137858136
resnet50_no_weights,CIFAR10,fp32_fused_qat,layer3.4.conv1,"(256, 1024, 1, 1)",50.63298832286488,0.00019314952210565522,42,42,3,
resnet50_no_weights,CIFAR10,fp32_fused_qat,layer3.4.conv1,"(256, 1024, 1, 1)",43.78495197296142,0.0001670263365667779,43,43,3,
resnet50_no_weights,CIFAR10,fp32_fused_qat,layer3.4.conv1,"(256, 1024, 1, 1)",40.86759512765067,0.00015589750338611857,44,44,3,
resnet50_no_weights,CIFAR10,fp32_fused_qat,layer3.4.conv1,"(256, 1024, 1, 1)",45.09517847449232,0.00017202445401951722,"42,43,44",aggregate,3,5.012808212795444
resnet50_no_weights,CIFAR10,fp32_fused_qat,layer3.4.conv2,"(256, 256, 3, 3)",18.143424606323244,3.0760743215473163e-05,42,42,3,
resnet50_no_weights,CIFAR10,fp32_fused_qat,layer3.4.conv2,"(256, 256, 3, 3)",16.455168550664727,2.7898438433608547e-05,43,43,3,
resnet50_no_weights,CIFAR10,fp32_fused_qat,layer3.4.conv2,"(256, 256, 3, 3)",18.40320346468971,3.120117774910772e-05,44,44,3,
resnet50_no_weights,CIFAR10,fp32_fused_qat,layer3.4.conv2,"(256, 256, 3, 3)",17.667265540559228,2.995345313272981e-05,"42,43,44",aggregate,3,1.0577124365804853
resnet50_no_weights,CIFAR10,fp32_fused_qat,layer3.4.conv3,"(1024, 256, 1, 1)",13.121625726873225,5.005502978085794e-05,42,42,3,
resnet50_no_weights,CIFAR10,fp32_fused_qat,layer3.4.conv3,"(1024, 256, 1, 1)",12.695877103244557,4.843092767045806e-05,43,43,3,
resnet50_no_weights,CIFAR10,fp32_fused_qat,layer3.4.conv3,"(1024, 256, 1, 1)",13.925183562345284,5.312035965860475e-05,44,44,3,
resnet50_no_weights,CIFAR10,fp32_fused_qat,layer3.4.conv3,"(1024, 256, 1, 1)",13.247562130821022,5.053543903664025e-05,"42,43,44",aggregate,3,0.6242544160646112
resnet50_no_weights,CIFAR10,fp32_fused_qat,layer3.5.conv1,"(256, 1024, 1, 1)",43.39008561954942,0.0001655200409681298,42,42,3,
resnet50_no_weights,CIFAR10,fp32_fused_qat,layer3.5.conv1,"(256, 1024, 1, 1)",43.801480986855246,0.00016708938975088213,43,43,3,
resnet50_no_weights,CIFAR10,fp32_fused_qat,layer3.5.conv1,"(256, 1024, 1, 1)",44.86473902412083,0.00017114539727829296,44,44,3,
resnet50_no_weights,CIFAR10,fp32_fused_qat,layer3.5.conv1,"(256, 1024, 1, 1)",44.0187685435085,0.00016791827599910164,"42,43,44",aggregate,3,0.760960628160728
resnet50_no_weights,CIFAR10,fp32_fused_qat,layer3.5.conv2,"(256, 256, 3, 3)",7.355988533266129,1.2471497486141847e-05,42,42,3,
resnet50_no_weights,CIFAR10,fp32_fused_qat,layer3.5.conv2,"(256, 256, 3, 3)",8.03272432088852,1.3618849556627942e-05,43,43,3,
resnet50_no_weights,CIFAR10,fp32_fused_qat,layer3.5.conv2,"(256, 256, 3, 3)",6.6474418838818865,1.1270212612375702e-05,44,44,3,
resnet50_no_weights,CIFAR10,fp32_fused_qat,layer3.5.conv2,"(256, 256, 3, 3)",7.345384912678845,1.2453519885048496e-05,"42,43,44",aggregate,3,0.6927020897521012
resnet50_no_weights,CIFAR10,fp32_fused_qat,layer3.5.conv3,"(1024, 256, 1, 1)",6.858950841994512,2.6164821022012758e-05,42,42,3,
resnet50_no_weights,CIFAR10,fp32_fused_qat,layer3.5.conv3,"(1024, 256, 1, 1)",7.224713788713728,2.756009593472949e-05,43,43,3,
resnet50_no_weights,CIFAR10,fp32_fused_qat,layer3.5.conv3,"(1024, 256, 1, 1)",7.154912153879802,2.729382382919236e-05,44,44,3,
resnet50_no_weights,CIFAR10,fp32_fused_qat,layer3.5.conv3,"(1024, 256, 1, 1)",7.07952559486268,2.7006246928644868e-05,"42,43,44",aggregate,3,0.1941854352378475
resnet50_no_weights,CIFAR10,fp32_fused_qat,layer4.0.conv1,"(512, 1024, 1, 1)",49.78880708448349,9.49646131219549e-05,42,42,3,
resnet50_no_weights,CIFAR10,fp32_fused_qat,layer4.0.conv1,"(512, 1024, 1, 1)",57.772979851925015,0.00011019321413407329,43,43,3,
resnet50_no_weights,CIFAR10,fp32_fused_qat,layer4.0.conv1,"(512, 1024, 1, 1)",57.512300951727504,0.0001096960085901785,44,44,3,
resnet50_no_weights,CIFAR10,fp32_fused_qat,layer4.0.conv1,"(512, 1024, 1, 1)",55.024695962712,0.00010495127861540223,"42,43,44",aggregate,3,4.53628566462914
resnet50_no_weights,CIFAR10,fp32_fused_qat,layer4.0.conv2,"(512, 512, 3, 3)",11.323951148986817,4.799716164901232e-06,42,42,3,
resnet50_no_weights,CIFAR10,fp32_fused_qat,layer4.0.conv2,"(512, 512, 3, 3)",13.435473906688202,5.69469617491328e-06,43,43,3,
resnet50_no_weights,CIFAR10,fp32_fused_qat,layer4.0.conv2,"(512, 512, 3, 3)",12.702647425911643,5.384083822424843e-06,44,44,3,
resnet50_no_weights,CIFAR10,fp32_fused_qat,layer4.0.conv2,"(512, 512, 3, 3)",12.48735749386222,5.2928320540797846e-06,"42,43,44",aggregate,3,1.0720981322640661
resnet50_no_weights,CIFAR10,fp32_fused_qat,layer4.0.conv3,"(2048, 512, 1, 1)",9.9506456526843,9.489675190624522e-06,42,42,3,
resnet50_no_weights,CIFAR10,fp32_fused_qat,layer4.0.conv3,"(2048, 512, 1, 1)",9.38233258174016,8.947689611187134e-06,43,43,3,
resnet50_no_weights,CIFAR10,fp32_fused_qat,layer4.0.conv3,"(2048, 512, 1, 1)",10.37155746786218,9.891087978231602e-06,44,44,3,
resnet50_no_weights,CIFAR10,fp32_fused_qat,layer4.0.conv3,"(2048, 512, 1, 1)",9.901511900762213,9.442817593347752e-06,"42,43,44",aggregate,3,0.49643938503531004
resnet50_no_weights,CIFAR10,fp32_fused_qat,layer4.0.downsample.0,"(2048, 1024, 1, 1)",88.3434478141166,4.2125438601549435e-05,42,42,3,
resnet50_no_weights,CIFAR10,fp32_fused_qat,layer4.0.downsample.0,"(2048, 1024, 1, 1)",90.05036199660529,4.293935870962395e-05,43,43,3,
resnet50_no_weights,CIFAR10,fp32_fused_qat,layer4.0.downsample.0,"(2048, 1024, 1, 1)",81.2427730171048,3.8739573010017774e-05,44,44,3,
resnet50_no_weights,CIFAR10,fp32_fused_qat,layer4.0.downsample.0,"(2048, 1024, 1, 1)",86.54552760927557,4.1268123440397056e-05,"42,43,44",aggregate,3,4.670952119770269
resnet50_no_weights,CIFAR10,fp32_fused_qat,layer4.1.conv1,"(512, 2048, 1, 1)",33.642909275858024,3.208437850557139e-05,42,42,3,
resnet50_no_weights,CIFAR10,fp32_fused_qat,layer4.1.conv1,"(512, 2048, 1, 1)",42.631519079208374,4.065658481522405e-05,43,43,3,
resnet50_no_weights,CIFAR10,fp32_fused_qat,layer4.1.conv1,"(512, 2048, 1, 1)",44.3205498286656,4.2267370060601805e-05,44,44,3,
resnet50_no_weights,CIFAR10,fp32_fused_qat,layer4.1.conv1,"(512, 2048, 1, 1)",40.198326061243996,3.833611112713241e-05,"42,43,44",aggregate,3,5.7396274391935185
resnet50_no_weights,CIFAR10,fp32_fused_qat,layer4.1.conv2,"(512, 512, 3, 3)",93.1284236907959,3.947297146724951e-05,42,42,3,
resnet50_no_weights,CIFAR10,fp32_fused_qat,layer4.1.conv2,"(512, 512, 3, 3)",91.15570020675659,3.863682225831629e-05,43,43,3,
resnet50_no_weights,CIFAR10,fp32_fused_qat,layer4.1.conv2,"(512, 512, 3, 3)",93.59450276692708,3.9670521531392025e-05,44,44,3,
resnet50_no_weights,CIFAR10,fp32_fused_qat,layer4.1.conv2,"(512, 512, 3, 3)",92.62620888815985,3.926010508565261e-05,"42,43,44",aggregate,3,1.2946444542281095
resnet50_no_weights,CIFAR10,fp32_fused_qat,layer4.1.conv3,"(2048, 512, 1, 1)",18.73001046180725,1.786232992344594e-05,42,42,3,
resnet50_no_weights,CIFAR10,fp32_fused_qat,layer4.1.conv3,"(2048, 512, 1, 1)",22.797537803649902,2.1741426280641463e-05,43,43,3,
resnet50_no_weights,CIFAR10,fp32_fused_qat,layer4.1.conv3,"(2048, 512, 1, 1)",19.341413536071776,1.8445409332343842e-05,44,44,3,
resnet50_no_weights,CIFAR10,fp32_fused_qat,layer4.1.conv3,"(2048, 512, 1, 1)",20.289653933842978,1.9349721845477083e-05,"42,43,44",aggregate,3,2.1932999243453573
resnet50_no_weights,CIFAR10,fp32_fused_qat,layer4.2.conv1,"(512, 2048, 1, 1)",40.20052146911621,3.833820483123418e-05,42,42,3,
resnet50_no_weights,CIFAR10,fp32_fused_qat,layer4.2.conv1,"(512, 2048, 1, 1)",41.25898145592731,3.9347630935599625e-05,43,43,3,
resnet50_no_weights,CIFAR10,fp32_fused_qat,layer4.2.conv1,"(512, 2048, 1, 1)",37.80355215072632,3.6052276755071944e-05,44,44,3,
resnet50_no_weights,CIFAR10,fp32_fused_qat,layer4.2.conv1,"(512, 2048, 1, 1)",39.75435169192328,3.7912704173968585e-05,"42,43,44",aggregate,3,1.7703950190199778
resnet50_no_weights,CIFAR10,fp32_fused_qat,layer4.2.conv2,"(512, 512, 3, 3)",10.488742487771171,4.445708587549494e-06,42,42,3,
resnet50_no_weights,CIFAR10,fp32_fused_qat,layer4.2.conv2,"(512, 512, 3, 3)",11.786121186755953,4.995609362604757e-06,43,43,3,
resnet50_no_weights,CIFAR10,fp32_fused_qat,layer4.2.conv2,"(512, 512, 3, 3)",10.283992320299149,4.358924153772629e-06,44,44,3,
resnet50_no_weights,CIFAR10,fp32_fused_qat,layer4.2.conv2,"(512, 512, 3, 3)",10.852951998275424,4.60008070130896e-06,"42,43,44",aggregate,3,0.8146067815314401
resnet50_no_weights,CIFAR10,fp32_fused_qat,layer4.2.conv3,"(2048, 512, 1, 1)",5.497003646123977,5.242351194499947e-06,42,42,3,
resnet50_no_weights,CIFAR10,fp32_fused_qat,layer4.2.conv3,"(2048, 512, 1, 1)",5.693715589387076,5.429950322520329e-06,43,43,3,
resnet50_no_weights,CIFAR10,fp32_fused_qat,layer4.2.conv3,"(2048, 512, 1, 1)",6.125376953019036,5.841614678401028e-06,44,44,3,
resnet50_no_weights,CIFAR10,fp32_fused_qat,layer4.2.conv3,"(2048, 512, 1, 1)",5.772032062843363,5.504638731807101e-06,"42,43,44",aggregate,3,0.3214239501274448
resnet50_no_weights,CIFAR10,fp32_fused_qat,fc,"(10, 2048)",6.235194094637607,0.0003044528366522269,42,42,3,
resnet50_no_weights,CIFAR10,fp32_fused_qat,fc,"(10, 2048)",6.849642276763916,0.0003344551892951131,43,43,3,
resnet50_no_weights,CIFAR10,fp32_fused_qat,fc,"(10, 2048)",6.449882782023886,0.00031493568271601005,44,44,3,
resnet50_no_weights,CIFAR10,fp32_fused_qat,fc,"(10, 2048)",6.511573051141803,0.0003179479028877834,"42,43,44",aggregate,3,0.31183474647232984
resnet18_no_weights,CIFAR10,fp32_unfused,conv1,"(64, 3, 3, 3)",26.225686141422816,0.015176901702212277,42,42,3,
resnet18_no_weights,CIFAR10,fp32_unfused,conv1,"(64, 3, 3, 3)",24.144905304908754,0.0139727461255259,43,43,3,
resnet18_no_weights,CIFAR10,fp32_unfused,conv1,"(64, 3, 3, 3)",24.038128058115642,0.013910953737335441,44,44,3,
resnet18_no_weights,CIFAR10,fp32_unfused,conv1,"(64, 3, 3, 3)",24.802906501482404,0.014353533855024539,"42,43,44",aggregate,3,1.2333194123907665
resnet18_no_weights,CIFAR10,fp32_unfused,layer1.0.conv1,"(64, 64, 3, 3)",42.908077239990234,0.0011639560883243878,42,42,3,
resnet18_no_weights,CIFAR10,fp32_unfused,layer1.0.conv1,"(64, 64, 3, 3)",39.40621705488725,0.0010689620511850925,43,43,3,
resnet18_no_weights,CIFAR10,fp32_unfused,layer1.0.conv1,"(64, 64, 3, 3)",51.275510470072426,0.0013909372414841695,44,44,3,
resnet18_no_weights,CIFAR10,fp32_unfused,layer1.0.conv1,"(64, 64, 3, 3)",44.52993492164997,0.00120795179366455,"42,43,44",aggregate,3,6.098593960791993
resnet18_no_weights,CIFAR10,fp32_unfused,layer1.0.conv2,"(64, 64, 3, 3)",57.111692345660664,0.0015492538071197012,42,42,3,
resnet18_no_weights,CIFAR10,fp32_unfused,layer1.0.conv2,"(64, 64, 3, 3)",57.46887662934094,0.0015589430509261324,43,43,3,
resnet18_no_weights,CIFAR10,fp32_unfused,layer1.0.conv2,"(64, 64, 3, 3)",62.328384717305504,0.001690765644458157,44,44,3,
resnet18_no_weights,CIFAR10,fp32_unfused,layer1.0.conv2,"(64, 64, 3, 3)",58.96965123076904,0.0015996541675013303,"42,43,44",aggregate,3,2.914225991290502
resnet18_no_weights,CIFAR10,fp32_unfused,layer1.1.conv1,"(64, 64, 3, 3)",60.19228324890137,0.0016328201836182013,42,42,3,
resnet18_no_weights,CIFAR10,fp32_unfused,layer1.1.conv1,"(64, 64, 3, 3)",92.68775024414063,0.0025143161416053775,43,43,3,
resnet18_no_weights,CIFAR10,fp32_unfused,layer1.1.conv1,"(64, 64, 3, 3)",83.63209470113118,0.0022686657633770395,44,44,3,
resnet18_no_weights,CIFAR10,fp32_unfused,layer1.1.conv1,"(64, 64, 3, 3)",78.8373760647244,0.002138600696200206,"42,43,44",aggregate,3,16.769938548229714
resnet18_no_weights,CIFAR10,fp32_unfused,layer1.1.conv2,"(64, 64, 3, 3)",39.91856595873833,0.0010828604046966778,42,42,3,
resnet18_no_weights,CIFAR10,fp32_unfused,layer1.1.conv2,"(64, 64, 3, 3)",36.674094286831945,0.0009948484778328978,43,43,3,
resnet18_no_weights,CIFAR10,fp32_unfused,layer1.1.conv2,"(64, 64, 3, 3)",38.6634929491126,0.0010488143703643827,44,44,3,
resnet18_no_weights,CIFAR10,fp32_unfused,layer1.1.conv2,"(64, 64, 3, 3)",38.41871773156096,0.0010421744176313194,"42,43,44",aggregate,3,1.6360272882187323
resnet18_no_weights,CIFAR10,fp32_unfused,layer2.0.conv1,"(128, 64, 3, 3)",54.52484601736069,0.0007395405547059556,42,42,3,
resnet18_no_weights,CIFAR10,fp32_unfused,layer2.0.conv1,"(128, 64, 3, 3)",48.75247383117676,0.000661247746191091,43,43,3,
resnet18_no_weights,CIFAR10,fp32_unfused,layer2.0.conv1,"(128, 64, 3, 3)",55.58044204711914,0.0007538579921755526,44,44,3,
resnet18_no_weights,CIFAR10,fp32_unfused,layer2.0.conv1,"(128, 64, 3, 3)",52.952587298552196,0.0007182154310241998,"42,43,44",aggregate,3,3.675498006887209
resnet18_no_weights,CIFAR10,fp32_unfused,layer2.0.conv2,"(128, 128, 3, 3)",80.28238169352214,0.0005444497456429182,42,42,3,
resnet18_no_weights,CIFAR10,fp32_unfused,layer2.0.conv2,"(128, 128, 3, 3)",71.65257263183594,0.0004859251073665089,43,43,3,
resnet18_no_weights,CIFAR10,fp32_unfused,layer2.0.conv2,"(128, 128, 3, 3)",65.4325803120931,0.0004437430847988084,44,44,3,
resnet18_no_weights,CIFAR10,fp32_unfused,layer2.0.conv2,"(128, 128, 3, 3)",72.45584487915039,0.0004913726459360785,"42,43,44",aggregate,3,7.457418118521463
resnet18_no_weights,CIFAR10,fp32_unfused,layer2.0.downsample.0,"(128, 64, 1, 1)",40.31816912806311,0.0049216515048905165,42,42,3,
resnet18_no_weights,CIFAR10,fp32_unfused,layer2.0.downsample.0,"(128, 64, 1, 1)",35.87015209197998,0.004378680675290525,43,43,3,
resnet18_no_weights,CIFAR10,fp32_unfused,layer2.0.downsample.0,"(128, 64, 1, 1)",47.40258228077608,0.005786448032321299,44,44,3,
resnet18_no_weights,CIFAR10,fp32_unfused,layer2.0.downsample.0,"(128, 64, 1, 1)",41.196967833606394,0.0050289267375007805,"42,43,44",aggregate,3,5.8162231635755095
resnet18_no_weights,CIFAR10,fp32_unfused,layer2.1.conv1,"(128, 128, 3, 3)",45.87235553448017,0.00031109182084472774,42,42,3,
resnet18_no_weights,CIFAR10,fp32_unfused,layer2.1.conv1,"(128, 128, 3, 3)",54.23699369663146,0.00036781815386712955,43,43,3,
resnet18_no_weights,CIFAR10,fp32_unfused,layer2.1.conv1,"(128, 128, 3, 3)",50.34957937760787,0.00034145493827045264,44,44,3,
resnet18_no_weights,CIFAR10,fp32_unfused,layer2.1.conv1,"(128, 128, 3, 3)",50.1529762029065,0.00034012163766077,"42,43,44",aggregate,3,4.185783379745828
resnet18_no_weights,CIFAR10,fp32_unfused,layer2.1.conv2,"(128, 128, 3, 3)",40.1192481600005,0.0002720760644531284,42,42,3,
resnet18_no_weights,CIFAR10,fp32_unfused,layer2.1.conv2,"(128, 128, 3, 3)",43.599010919269766,0.0002956747159781207,43,43,3,
resnet18_no_weights,CIFAR10,fp32_unfused,layer2.1.conv2,"(128, 128, 3, 3)",41.52398509979248,0.00028160254652094514,44,44,3,
resnet18_no_weights,CIFAR10,fp32_unfused,layer2.1.conv2,"(128, 128, 3, 3)",41.74741472635425,0.0002831177756507314,"42,43,44",aggregate,3,1.7506078412135762
resnet18_no_weights,CIFAR10,fp32_unfused,layer3.0.conv1,"(256, 128, 3, 3)",82.63455291748046,0.0002802007138315174,42,42,3,
resnet18_no_weights,CIFAR10,fp32_unfused,layer3.0.conv1,"(256, 128, 3, 3)",72.97832466574276,0.0002474579693798244,43,43,3,
resnet18_no_weights,CIFAR10,fp32_unfused,layer3.0.conv1,"(256, 128, 3, 3)",85.2702366420201,0.0002891379009400095,44,44,3,
resnet18_no_weights,CIFAR10,fp32_unfused,layer3.0.conv1,"(256, 128, 3, 3)",80.29437140841443,0.0002722655280504504,"42,43,44",aggregate,3,6.471484538316416
resnet18_no_weights,CIFAR10,fp32_unfused,layer3.0.conv2,"(256, 256, 3, 3)",99.64653456838508,0.0001689428279764558,42,42,3,
resnet18_no_weights,CIFAR10,fp32_unfused,layer3.0.conv2,"(256, 256, 3, 3)",105.20144315866324,0.00017836073669206956,43,43,3,
resnet18_no_weights,CIFAR10,fp32_unfused,layer3.0.conv2,"(256, 256, 3, 3)",100.38198634556362,0.00017018972836907895,44,44,3,
resnet18_no_weights,CIFAR10,fp32_unfused,layer3.0.conv2,"(256, 256, 3, 3)",101.74332135753731,0.00017249776434586812,"42,43,44",aggregate,3,3.0173128977130603
resnet18_no_weights,CIFAR10,fp32_unfused,layer3.0.downsample.0,"(256, 128, 1, 1)",37.042561531066895,0.0011304492654744536,42,42,3,
resnet18_no_weights,CIFAR10,fp32_unfused,layer3.0.downsample.0,"(256, 128, 1, 1)",34.93687375386556,0.0010661887742268543,43,43,3,
resnet18_no_weights,CIFAR10,fp32_unfused,layer3.0.downsample.0,"(256, 128, 1, 1)",38.18468441282,0.001165304089746704,44,44,3,
resnet18_no_weights,CIFAR10,fp32_unfused,layer3.0.downsample.0,"(256, 128, 1, 1)",36.72137323258415,0.0011206473764826706,"42,43,44",aggregate,3,1.6475557536593992
resnet18_no_weights,CIFAR10,fp32_unfused,layer3.1.conv1,"(256, 256, 3, 3)",82.17762565612793,0.00013932567283821604,42,42,3,
resnet18_no_weights,CIFAR10,fp32_unfused,layer3.1.conv1,"(256, 256, 3, 3)",87.08096614636872,0.00014763889930957154,43,43,3,
resnet18_no_weights,CIFAR10,fp32_unfused,layer3.1.conv1,"(256, 256, 3, 3)",90.22719994906721,0.00015297309019142525,44,44,3,
resnet18_no_weights,CIFAR10,fp32_unfused,layer3.1.conv1,"(256, 256, 3, 3)",86.49526391718796,0.00014664588744640428,"42,43,44",aggregate,3,4.05662383027287
resnet18_no_weights,CIFAR10,fp32_unfused,layer3.1.conv2,"(256, 256, 3, 3)",57.40976448059082,9.733372070412669e-05,42,42,3,
resnet18_no_weights,CIFAR10,fp32_unfused,layer3.1.conv2,"(256, 256, 3, 3)",53.02123662775213,8.989331839286318e-05,43,43,3,
resnet18_no_weights,CIFAR10,fp32_unfused,layer3.1.conv2,"(256, 256, 3, 3)",53.48872262460214,9.068590397237505e-05,44,44,3,
resnet18_no_weights,CIFAR10,fp32_unfused,layer3.1.conv2,"(256, 256, 3, 3)",54.6399079109817,9.26376476897883e-05,"42,43,44",aggregate,3,2.4101275591693967
resnet18_no_weights,CIFAR10,fp32_unfused,layer4.0.conv1,"(512, 256, 3, 3)",62.67214171091715,5.312783280344404e-05,42,42,3,
resnet18_no_weights,CIFAR10,fp32_unfused,layer4.0.conv1,"(512, 256, 3, 3)",62.495920953296476,5.2978448616279155e-05,43,43,3,
resnet18_no_weights,CIFAR10,fp32_unfused,layer4.0.conv1,"(512, 256, 3, 3)",66.89178939092727,5.670487246274081e-05,44,44,3,
resnet18_no_weights,CIFAR10,fp32_unfused,layer4.0.conv1,"(512, 256, 3, 3)",64.01995068504696,5.4270384627488e-05,"42,43,44",aggregate,3,2.4886455358886086
resnet18_no_weights,CIFAR10,fp32_unfused,layer4.0.conv2,"(512, 512, 3, 3)",55.79802367266487,2.3650285370154853e-05,42,42,3,
resnet18_no_weights,CIFAR10,fp32_unfused,layer4.0.conv2,"(512, 512, 3, 3)",54.881753540039064,2.3261919462432464e-05,43,43,3,
resnet18_no_weights,CIFAR10,fp32_unfused,layer4.0.conv2,"(512, 512, 3, 3)",57.5243991505016,2.4382018682904393e-05,44,44,3,
resnet18_no_weights,CIFAR10,fp32_unfused,layer4.0.conv2,"(512, 512, 3, 3)",56.068058787735175,2.376474117183057e-05,"42,43,44",aggregate,3,1.341858106564366
resnet18_no_weights,CIFAR10,fp32_unfused,layer4.0.downsample.0,"(512, 256, 1, 1)",29.163847691303975,0.00022250250008624248,42,42,3,
resnet18_no_weights,CIFAR10,fp32_unfused,layer4.0.downsample.0,"(512, 256, 1, 1)",33.20389099121094,0.0002533255843445659,43,43,3,
resnet18_no_weights,CIFAR10,fp32_unfused,layer4.0.downsample.0,"(512, 256, 1, 1)",25.019027328491212,0.00019088003027718515,44,44,3,
resnet18_no_weights,CIFAR10,fp32_unfused,layer4.0.downsample.0,"(512, 256, 1, 1)",29.12892200366871,0.00022223603823599784,"42,43,44",aggregate,3,4.092543603563687
resnet18_no_weights,CIFAR10,fp32_unfused,layer4.1.conv1,"(512, 512, 3, 3)",51.86209402084351,2.198202091676649e-05,42,42,3,
resnet18_no_weights,CIFAR10,fp32_unfused,layer4.1.conv1,"(512, 512, 3, 3)",53.93288394383022,2.2859736100866624e-05,43,43,3,
resnet18_no_weights,CIFAR10,fp32_unfused,layer4.1.conv1,"(512, 512, 3, 3)",52.84596903570767,2.2399041508868608e-05,44,44,3,
resnet18_no_weights,CIFAR10,fp32_unfused,layer4.1.conv1,"(512, 512, 3, 3)",52.8803156667938,2.2413599508833907e-05,"42,43,44",aggregate,3,1.0358221346283607
resnet18_no_weights,CIFAR10,fp32_unfused,layer4.1.conv2,"(512, 512, 3, 3)",16.115720315413043,6.8307326911981555e-06,42,42,3,
resnet18_no_weights,CIFAR10,fp32_unfused,layer4.1.conv2,"(512, 512, 3, 3)",17.9947583410475,7.627172826575173e-06,43,43,3,
resnet18_no_weights,CIFAR10,fp32_unfused,layer4.1.conv2,"(512, 512, 3, 3)",17.7873352595738,7.539255464161259e-06,44,44,3,
resnet18_no_weights,CIFAR10,fp32_unfused,layer4.1.conv2,"(512, 512, 3, 3)",17.29927130534478,7.332386993978196e-06,"42,43,44",aggregate,3,1.0302188083161314
resnet18_no_weights,CIFAR10,fp32_unfused,fc,"(10, 512)",4.192880617247687,0.0008189219955561889,42,42,3,
resnet18_no_weights,CIFAR10,fp32_unfused,fc,"(10, 512)",4.72492420176665,0.0009228367581575489,43,43,3,
resnet18_no_weights,CIFAR10,fp32_unfused,fc,"(10, 512)",4.51943031847477,0.0008827012340771035,44,44,3,
resnet18_no_weights,CIFAR10,fp32_unfused,fc,"(10, 512)",4.4790783791630355,0.0008748199959302804,"42,43,44",aggregate,3,0.2683072925054593
resnet18_no_weights,CIFAR10,fp32_fused,conv1,"(64, 3, 3, 3)",247.85432942708334,0.143434218418451,42,42,3,
resnet18_no_weights,CIFAR10,fp32_fused,conv1,"(64, 3, 3, 3)",250.7450328017726,0.14510707916769247,43,43,3,
resnet18_no_weights,CIFAR10,fp32_fused,conv1,"(64, 3, 3, 3)",243.64707033974784,0.1409994620021689,44,44,3,
resnet18_no_weights,CIFAR10,fp32_fused,conv1,"(64, 3, 3, 3)",247.41547752286792,0.1431802531961041,"42,43,44",aggregate,3,3.5692731785971845
resnet18_no_weights,CIFAR10,fp32_fused,layer1.0.conv1,"(64, 64, 3, 3)",100.20723546937455,0.002718295233001697,42,42,3,
resnet18_no_weights,CIFAR10,fp32_fused,layer1.0.conv1,"(64, 64, 3, 3)",94.34553798876311,0.0025592865122819855,43,43,3,
resnet18_no_weights,CIFAR10,fp32_fused,layer1.0.conv1,"(64, 64, 3, 3)",121.55632781982422,0.0032974264274040857,44,44,3,
resnet18_no_weights,CIFAR10,fp32_fused,layer1.0.conv1,"(64, 64, 3, 3)",105.36970042598729,0.002858336057562589,"42,43,44",aggregate,3,14.321140112740173
resnet18_no_weights,CIFAR10,fp32_fused,layer1.0.conv2,"(64, 64, 3, 3)",62.55839368275234,0.001697005036967023,42,42,3,
resnet18_no_weights,CIFAR10,fp32_fused,layer1.0.conv2,"(64, 64, 3, 3)",65.53006087409125,0.0017776166686765205,43,43,3,
resnet18_no_weights,CIFAR10,fp32_fused,layer1.0.conv2,"(64, 64, 3, 3)",64.91741491247106,0.0017609975833461117,44,44,3,
resnet18_no_weights,CIFAR10,fp32_fused,layer1.0.conv2,"(64, 64, 3, 3)",64.33528982310489,0.0017452064296632184,"42,43,44",aggregate,3,1.5690295372529497
resnet18_no_weights,CIFAR10,fp32_fused,layer1.1.conv1,"(64, 64, 3, 3)",412.04181082589287,0.011177349469018362,42,42,3,
resnet18_no_weights,CIFAR10,fp32_fused,layer1.1.conv1,"(64, 64, 3, 3)",388.0368309020996,0.0105261727132731,43,43,3,
resnet18_no_weights,CIFAR10,fp32_fused,layer1.1.conv1,"(64, 64, 3, 3)",390.05071353912354,0.010580802776126398,44,44,3,
resnet18_no_weights,CIFAR10,fp32_fused,layer1.1.conv1,"(64, 64, 3, 3)",396.7097850890387,0.010761441652805953,"42,43,44",aggregate,3,13.31605011689263
resnet18_no_weights,CIFAR10,fp32_fused,layer1.1.conv2,"(64, 64, 3, 3)",37.654992176936226,0.0010214570360497022,42,42,3,
resnet18_no_weights,CIFAR10,fp32_fused,layer1.1.conv2,"(64, 64, 3, 3)",41.87603232974098,0.001135960078389241,43,43,3,
resnet18_no_weights,CIFAR10,fp32_fused,layer1.1.conv2,"(64, 64, 3, 3)",42.88660640716553,0.0011633736547082664,44,44,3,
resnet18_no_weights,CIFAR10,fp32_fused,layer1.1.conv2,"(64, 64, 3, 3)",40.80587697128091,0.001106930256382403,"42,43,44",aggregate,3,2.7751344529436834
resnet18_no_weights,CIFAR10,fp32_fused,layer2.0.conv1,"(128, 64, 3, 3)",244.72241227170255,0.0033192601490845074,42,42,3,
resnet18_no_weights,CIFAR10,fp32_fused,layer2.0.conv1,"(128, 64, 3, 3)",216.80474948883057,0.0029406026135095293,43,43,3,
resnet18_no_weights,CIFAR10,fp32_fused,layer2.0.conv1,"(128, 64, 3, 3)",249.13045174734933,0.0033790480108961225,44,44,3,
resnet18_no_weights,CIFAR10,fp32_fused,layer2.0.conv1,"(128, 64, 3, 3)",236.88587116929415,0.003212970257830053,"42,43,44",aggregate,3,17.529868481078328
resnet18_no_weights,CIFAR10,fp32_fused,layer2.0.conv2,"(128, 128, 3, 3)",42.375296878814694,0.00028737587401539915,42,42,3,
resnet18_no_weights,CIFAR10,fp32_fused,layer2.0.conv2,"(128, 128, 3, 3)",43.05100932874178,0.0002919583423444402,43,43,3,
resnet18_no_weights,CIFAR10,fp32_fused,layer2.0.conv2,"(128, 128, 3, 3)",47.72350937128067,0.00032364576125271723,44,44,3,
resnet18_no_weights,CIFAR10,fp32_fused,layer2.0.conv2,"(128, 128, 3, 3)",44.38327185961238,0.00030099332587085216,"42,43,44",aggregate,3,2.9123936554857397
resnet18_no_weights,CIFAR10,fp32_fused,layer2.0.downsample.0,"(128, 64, 1, 1)",20.801748514175415,0.0025392759416718036,42,42,3,
resnet18_no_weights,CIFAR10,fp32_fused,layer2.0.downsample.0,"(128, 64, 1, 1)",26.381098959181045,0.003220348994040655,43,43,3,
resnet18_no_weights,CIFAR10,fp32_fused,layer2.0.downsample.0,"(128, 64, 1, 1)",25.247770082382928,0.0030820031838846348,44,44,3,
resnet18_no_weights,CIFAR10,fp32_fused,layer2.0.downsample.0,"(128, 64, 1, 1)",24.143539185246464,0.0029472093731990313,"42,43,44",aggregate,3,2.949030731052024
resnet18_no_weights,CIFAR10,fp32_fused,layer2.1.conv1,"(128, 128, 3, 3)",145.93260637919107,0.0009896688258137416,42,42,3,
resnet18_no_weights,CIFAR10,fp32_fused,layer2.1.conv1,"(128, 128, 3, 3)",162.47486066818237,0.0011018531675088322,43,43,3,
resnet18_no_weights,CIFAR10,fp32_fused,layer2.1.conv1,"(128, 128, 3, 3)",162.37938956327216,0.0011012057126415483,44,44,3,
resnet18_no_weights,CIFAR10,fp32_fused,layer2.1.conv1,"(128, 128, 3, 3)",156.92895220354853,0.0010642425686547075,"42,43,44",aggregate,3,9.523234471523635
resnet18_no_weights,CIFAR10,fp32_fused,layer2.1.conv2,"(128, 128, 3, 3)",21.995502225814327,0.0001491665461277556,42,42,3,
resnet18_no_weights,CIFAR10,fp32_fused,layer2.1.conv2,"(128, 128, 3, 3)",23.47424858494809,0.00015919493669262755,43,43,3,
resnet18_no_weights,CIFAR10,fp32_fused,layer2.1.conv2,"(128, 128, 3, 3)",23.714611825488863,0.00016082500424186784,44,44,3,
resnet18_no_weights,CIFAR10,fp32_fused,layer2.1.conv2,"(128, 128, 3, 3)",23.06145421208376,0.00015639549568741698,"42,43,44",aggregate,3,0.9309317105054628
resnet18_no_weights,CIFAR10,fp32_fused,layer3.0.conv1,"(256, 128, 3, 3)",272.157759817023,0.0009228439663934428,42,42,3,
resnet18_no_weights,CIFAR10,fp32_fused,layer3.0.conv1,"(256, 128, 3, 3)",312.4315658569336,0.0010594060799727838,43,43,3,
resnet18_no_weights,CIFAR10,fp32_fused,layer3.0.conv1,"(256, 128, 3, 3)",316.0981381734212,0.0010718388474304918,44,44,3,
resnet18_no_weights,CIFAR10,fp32_fused,layer3.0.conv1,"(256, 128, 3, 3)",300.2291546157926,0.0010180296312655727,"42,43,44",aggregate,3,24.37956813808029
resnet18_no_weights,CIFAR10,fp32_fused,layer3.0.conv2,"(256, 256, 3, 3)",69.00030066750266,0.00011698455923716678,42,42,3,
resnet18_no_weights,CIFAR10,fp32_fused,layer3.0.conv2,"(256, 256, 3, 3)",68.1679538380016,0.00011557338093736707,43,43,3,
resnet18_no_weights,CIFAR10,fp32_fused,layer3.0.conv2,"(256, 256, 3, 3)",60.85155703226725,0.00010316900809778384,44,44,3,
resnet18_no_weights,CIFAR10,fp32_fused,layer3.0.conv2,"(256, 256, 3, 3)",66.00660384592383,0.00011190898275743923,"42,43,44",aggregate,3,4.483757469956228
resnet18_no_weights,CIFAR10,fp32_fused,layer3.0.downsample.0,"(256, 128, 1, 1)",26.389808654785156,0.0008053530473262072,42,42,3,
resnet18_no_weights,CIFAR10,fp32_fused,layer3.0.downsample.0,"(256, 128, 1, 1)",30.025963483537947,0.0009163196863872664,43,43,3,
resnet18_no_weights,CIFAR10,fp32_fused,layer3.0.downsample.0,"(256, 128, 1, 1)",36.62906367962177,0.0011178303124884574,44,44,3,
resnet18_no_weights,CIFAR10,fp32_fused,layer3.0.downsample.0,"(256, 128, 1, 1)",31.01494527264829,0.0009465010154006436,"42,43,44",aggregate,3,5.190775433430384
resnet18_no_weights,CIFAR10,fp32_fused,layer3.1.conv1,"(256, 256, 3, 3)",105.73932478162978,0.0001792726724948964,42,42,3,
resnet18_no_weights,CIFAR10,fp32_fused,layer3.1.conv1,"(256, 256, 3, 3)",129.15932419720818,0.00021897943148669463,43,43,3,
resnet18_no_weights,CIFAR10,fp32_fused,layer3.1.conv1,"(256, 256, 3, 3)",119.04711012406783,0.00020183497132037325,44,44,3,
resnet18_no_weights,CIFAR10,fp32_fused,layer3.1.conv1,"(256, 256, 3, 3)",117.98191970096859,0.00020002902510065474,"42,43,44",aggregate,3,11.746278820738077
resnet18_no_weights,CIFAR10,fp32_fused,layer3.1.conv2,"(256, 256, 3, 3)",18.727970695495607,3.175179493458321e-05,42,42,3,
resnet18_no_weights,CIFAR10,fp32_fused,layer3.1.conv2,"(256, 256, 3, 3)",19.440770864486694,3.2960291314844246e-05,43,43,3,
resnet18_no_weights,CIFAR10,fp32_fused,layer3.1.conv2,"(256, 256, 3, 3)",19.71968418512589,3.343316681777257e-05,44,44,3,
resnet18_no_weights,CIFAR10,fp32_fused,layer3.1.conv2,"(256, 256, 3, 3)",19.296141915036063,3.2715084355733344e-05,"42,43,44",aggregate,3,0.5114313845894313
resnet18_no_weights,CIFAR10,fp32_fused,layer4.0.conv1,"(512, 256, 3, 3)",109.5352053642273,9.285414408724237e-05,42,42,3,
resnet18_no_weights,CIFAR10,fp32_fused,layer4.0.conv1,"(512, 256, 3, 3)",107.96677420479911,9.152456851942198e-05,43,43,3,
resnet18_no_weights,CIFAR10,fp32_fused,layer4.0.conv1,"(512, 256, 3, 3)",105.68585306803385,8.959100771419428e-05,44,44,3,
resnet18_no_weights,CIFAR10,fp32_fused,layer4.0.conv1,"(512, 256, 3, 3)",107.72927754568676,9.132324010695288e-05,"42,43,44",aggregate,3,1.9356347208007982
resnet18_no_weights,CIFAR10,fp32_fused,layer4.0.conv2,"(512, 512, 3, 3)",23.571777900060017,9.991021855697639e-06,42,42,3,
resnet18_no_weights,CIFAR10,fp32_fused,layer4.0.conv2,"(512, 512, 3, 3)",20.685954259789508,8.767850350184762e-06,43,43,3,
resnet18_no_weights,CIFAR10,fp32_fused,layer4.0.conv2,"(512, 512, 3, 3)",20.479147184462775,8.68019408521134e-06,44,44,3,
resnet18_no_weights,CIFAR10,fp32_fused,layer4.0.conv2,"(512, 512, 3, 3)",21.578959781437433,9.14635543036458e-06,"42,43,44",aggregate,3,1.7289260632063301
resnet18_no_weights,CIFAR10,fp32_fused,layer4.0.downsample.0,"(512, 256, 1, 1)",10.27219115363227,7.837059901147668e-05,42,42,3,
resnet18_no_weights,CIFAR10,fp32_fused,layer4.0.downsample.0,"(512, 256, 1, 1)",9.2455909870289,7.053826131461258e-05,43,43,3,
resnet18_no_weights,CIFAR10,fp32_fused,layer4.0.downsample.0,"(512, 256, 1, 1)",8.61273142756248,6.570992605257019e-05,44,44,3,
resnet18_no_weights,CIFAR10,fp32_fused,layer4.0.downsample.0,"(512, 256, 1, 1)",9.37683785607455,7.153959545955315e-05,"42,43,44",aggregate,3,0.8374789257573119
resnet18_no_weights,CIFAR10,fp32_fused,layer4.1.conv1,"(512, 512, 3, 3)",89.04197029445483,3.774090673423548e-05,42,42,3,
resnet18_no_weights,CIFAR10,fp32_fused,layer4.1.conv1,"(512, 512, 3, 3)",85.96743837992351,3.64377502356311e-05,43,43,3,
resnet18_no_weights,CIFAR10,fp32_fused,layer4.1.conv1,"(512, 512, 3, 3)",84.93933927095853,3.6001985028991076e-05,44,44,3,
resnet18_no_weights,CIFAR10,fp32_fused,layer4.1.conv1,"(512, 512, 3, 3)",86.64958264844562,3.672688066628588e-05,"42,43,44",aggregate,3,2.13468637767864
resnet18_no_weights,CIFAR10,fp32_fused,layer4.1.conv2,"(512, 512, 3, 3)",2.829763569150652,1.199410149956026e-06,42,42,3,
resnet18_no_weights,CIFAR10,fp32_fused,layer4.1.conv2,"(512, 512, 3, 3)",3.2205957889556887,1.3650664388680727e-06,43,43,3,
resnet18_no_weights,CIFAR10,fp32_fused,layer4.1.conv2,"(512, 512, 3, 3)",3.1527426696958996,1.3363065379231345e-06,44,44,3,
resnet18_no_weights,CIFAR10,fp32_fused,layer4.1.conv2,"(512, 512, 3, 3)",3.06770067593408,1.3002610422490777e-06,"42,43,44",aggregate,3,0.20883381320244115
resnet18_no_weights,CIFAR10,fp32_fused,fc,"(10, 512)",4.511504187303431,0.0008811531615827014,42,42,3,
resnet18_no_weights,CIFAR10,fp32_fused,fc,"(10, 512)",4.111310724169016,0.000802990375814261,43,43,3,
resnet18_no_weights,CIFAR10,fp32_fused,fc,"(10, 512)",4.447668684853448,0.0008686852900104391,44,44,3,
resnet18_no_weights,CIFAR10,fp32_fused,fc,"(10, 512)",4.356827865441965,0.0008509429424691338,"42,43,44",aggregate,3,0.21500637859698804
resnet18_no_weights,CIFAR10,ptq,conv1,"(64, 3, 3, 3)",189.6536475590297,0.10975326826332737,42,42,3,
resnet18_no_weights,CIFAR10,ptq,conv1,"(64, 3, 3, 3)",178.18959770202636,0.10311898015163562,43,43,3,
resnet18_no_weights,CIFAR10,ptq,conv1,"(64, 3, 3, 3)",177.77314261234167,0.10287797604880884,44,44,3,
resnet18_no_weights,CIFAR10,ptq,conv1,"(64, 3, 3, 3)",181.87212929113258,0.10525007482125728,"42,43,44",aggregate,3,6.742208734950557
resnet18_no_weights,CIFAR10,ptq,layer1.0.conv1,"(64, 64, 3, 3)",79.56531450965188,0.0021583472903008868,42,42,3,
resnet18_no_weights,CIFAR10,ptq,layer1.0.conv1,"(64, 64, 3, 3)",80.34053781297472,0.002179376568277309,43,43,3,
resnet18_no_weights,CIFAR10,ptq,layer1.0.conv1,"(64, 64, 3, 3)",89.7454411315918,0.002434500898751948,44,44,3,
resnet18_no_weights,CIFAR10,ptq,layer1.0.conv1,"(64, 64, 3, 3)",83.2170978180728,0.002257408252443381,"42,43,44",aggregate,3,5.666982672188075
resnet18_no_weights,CIFAR10,ptq,layer1.0.conv2,"(64, 64, 3, 3)",57.11946369352795,0.0015494646184225245,42,42,3,
resnet18_no_weights,CIFAR10,ptq,layer1.0.conv2,"(64, 64, 3, 3)",54.64471206665039,0.0014823326840996743,43,43,3,
resnet18_no_weights,CIFAR10,ptq,layer1.0.conv2,"(64, 64, 3, 3)",56.13255265179802,0.0015226929430283752,44,44,3,
resnet18_no_weights,CIFAR10,ptq,layer1.0.conv2,"(64, 64, 3, 3)",55.965576137325456,0.0015181634151835248,"42,43,44",aggregate,3,1.2457968417733016
resnet18_no_weights,CIFAR10,ptq,layer1.1.conv1,"(64, 64, 3, 3)",331.40327027264766,0.008989889059045346,42,42,3,
resnet18_no_weights,CIFAR10,ptq,layer1.1.conv1,"(64, 64, 3, 3)",682.6190795898438,0.018517227636443243,43,43,3,
resnet18_no_weights,CIFAR10,ptq,layer1.1.conv1,"(64, 64, 3, 3)",386.626998765128,0.01048792856893251,44,44,3,
resnet18_no_weights,CIFAR10,ptq,layer1.1.conv1,"(64, 64, 3, 3)",466.8831162092065,0.012665015088140366,"42,43,44",aggregate,3,188.8621705609187
resnet18_no_weights,CIFAR10,ptq,layer1.1.conv2,"(64, 64, 3, 3)",35.70460789998372,0.0009685494764535515,42,42,3,
resnet18_no_weights,CIFAR10,ptq,layer1.1.conv2,"(64, 64, 3, 3)",40.4565691947937,0.0010974546765080756,43,43,3,
resnet18_no_weights,CIFAR10,ptq,layer1.1.conv2,"(64, 64, 3, 3)",35.58457624912262,0.0009652934095356613,44,44,3,
resnet18_no_weights,CIFAR10,ptq,layer1.1.conv2,"(64, 64, 3, 3)",37.24858444796668,0.0010104325208324294,"42,43,44",aggregate,3,2.7788444543025843
resnet18_no_weights,CIFAR10,ptq,layer2.0.conv1,"(128, 64, 3, 3)",205.9249098404594,0.002793035343973245,42,42,3,
resnet18_no_weights,CIFAR10,ptq,layer2.0.conv1,"(128, 64, 3, 3)",174.97454414367675,0.0023732441425737406,43,43,3,
resnet18_no_weights,CIFAR10,ptq,layer2.0.conv1,"(128, 64, 3, 3)",203.3574095101192,0.00275821139201008,44,44,3,
resnet18_no_weights,CIFAR10,ptq,layer2.0.conv1,"(128, 64, 3, 3)",194.75228783141844,0.0026414969595190217,"42,43,44",aggregate,3,17.176069792594557
resnet18_no_weights,CIFAR10,ptq,layer2.0.conv2,"(128, 128, 3, 3)",35.90485226024281,0.00024349536309300953,42,42,3,
resnet18_no_weights,CIFAR10,ptq,layer2.0.conv2,"(128, 128, 3, 3)",47.67358064651489,0.0003233071604174458,43,43,3,
resnet18_no_weights,CIFAR10,ptq,layer2.0.conv2,"(128, 128, 3, 3)",37.98730869293213,0.00025761792462112177,44,44,3,
resnet18_no_weights,CIFAR10,ptq,layer2.0.conv2,"(128, 128, 3, 3)",40.52191386656328,0.00027480681604385906,"42,43,44",aggregate,3,6.280438638909698
resnet18_no_weights,CIFAR10,ptq,layer2.0.downsample.0,"(128, 64, 1, 1)",27.06305980682373,0.0033035961678251624,42,42,3,
resnet18_no_weights,CIFAR10,ptq,layer2.0.downsample.0,"(128, 64, 1, 1)",24.211126761002973,0.0029554598096927457,43,43,3,
resnet18_no_weights,CIFAR10,ptq,layer2.0.downsample.0,"(128, 64, 1, 1)",23.905406845940483,0.002918140484123594,44,44,3,
resnet18_no_weights,CIFAR10,ptq,layer2.0.downsample.0,"(128, 64, 1, 1)",25.05986447125573,0.003059065487213834,"42,43,44",aggregate,3,1.7415395002547325
resnet18_no_weights,CIFAR10,ptq,layer2.1.conv1,"(128, 128, 3, 3)",111.92302169799805,0.000759026568589939,42,42,3,
resnet18_no_weights,CIFAR10,ptq,layer2.1.conv1,"(128, 128, 3, 3)",128.07861112511677,0.0008685886713671655,43,43,3,
resnet18_no_weights,CIFAR10,ptq,layer2.1.conv1,"(128, 128, 3, 3)",138.30941438674927,0.0009379707464379155,44,44,3,
resnet18_no_weights,CIFAR10,ptq,layer2.1.conv1,"(128, 128, 3, 3)",126.10368240328803,0.0008551953287983401,"42,43,44",aggregate,3,13.303596783331715
resnet18_no_weights,CIFAR10,ptq,layer2.1.conv2,"(128, 128, 3, 3)",19.227716060394936,0.0001303962948974266,42,42,3,
resnet18_no_weights,CIFAR10,ptq,layer2.1.conv2,"(128, 128, 3, 3)",21.46405402096835,0.00014556243232536045,43,43,3,
resnet18_no_weights,CIFAR10,ptq,layer2.1.conv2,"(128, 128, 3, 3)",20.97514491611057,0.0001422468052579113,44,44,3,
resnet18_no_weights,CIFAR10,ptq,layer2.1.conv2,"(128, 128, 3, 3)",20.555638332491284,0.00013940184416023278,"42,43,44",aggregate,3,1.1757088069544932
resnet18_no_weights,CIFAR10,ptq,layer3.0.conv1,"(256, 128, 3, 3)",263.6430645566998,0.0008939719799692784,42,42,3,
resnet18_no_weights,CIFAR10,ptq,layer3.0.conv1,"(256, 128, 3, 3)",265.9916908957741,0.0009019358008347376,43,43,3,
resnet18_no_weights,CIFAR10,ptq,layer3.0.conv1,"(256, 128, 3, 3)",239.355623626709,0.0008116171048540208,44,44,3,
resnet18_no_weights,CIFAR10,ptq,layer3.0.conv1,"(256, 128, 3, 3)",256.3301263597276,0.0008691749618860121,"42,43,44",aggregate,3,14.747180025180803
resnet18_no_weights,CIFAR10,ptq,layer3.0.conv2,"(256, 256, 3, 3)",58.27714238848005,9.880429143012161e-05,42,42,3,
resnet18_no_weights,CIFAR10,ptq,layer3.0.conv2,"(256, 256, 3, 3)",63.975075006484985,0.00010846468608684113,43,43,3,
resnet18_no_weights,CIFAR10,ptq,layer3.0.conv2,"(256, 256, 3, 3)",66.36933485666911,0.00011252396453292696,44,44,3,
resnet18_no_weights,CIFAR10,ptq,layer3.0.conv2,"(256, 256, 3, 3)",62.87385075054472,0.00010659764734996324,"42,43,44",aggregate,3,4.1569719606893365
resnet18_no_weights,CIFAR10,ptq,layer3.0.downsample.0,"(256, 128, 1, 1)",30.1132129869963,0.0009189823299254242,42,42,3,
resnet18_no_weights,CIFAR10,ptq,layer3.0.downsample.0,"(256, 128, 1, 1)",26.756332533700125,0.0008165384684356727,43,43,3,
resnet18_no_weights,CIFAR10,ptq,layer3.0.downsample.0,"(256, 128, 1, 1)",27.350195145606996,0.0008346617170900573,44,44,3,
resnet18_no_weights,CIFAR10,ptq,layer3.0.downsample.0,"(256, 128, 1, 1)",28.073246888767805,0.0008567275051503847,"42,43,44",aggregate,3,1.7914420062888994
resnet18_no_weights,CIFAR10,ptq,layer3.1.conv1,"(256, 256, 3, 3)",109.06370995261453,0.00018490890494895855,42,42,3,
resnet18_no_weights,CIFAR10,ptq,layer3.1.conv1,"(256, 256, 3, 3)",105.09400667463031,0.00017817858662012788,43,43,3,
resnet18_no_weights,CIFAR10,ptq,layer3.1.conv1,"(256, 256, 3, 3)",105.5595603942871,0.00017896789617629513,44,44,3,
resnet18_no_weights,CIFAR10,ptq,layer3.1.conv1,"(256, 256, 3, 3)",106.57242567384398,0.00018068512924846052,"42,43,44",aggregate,3,2.1700364247423463
resnet18_no_weights,CIFAR10,ptq,layer3.1.conv2,"(256, 256, 3, 3)",20.485747609819686,3.473196684065024e-05,42,42,3,
resnet18_no_weights,CIFAR10,ptq,layer3.1.conv2,"(256, 256, 3, 3)",18.452881268092565,3.128540254057577e-05,43,43,3,
resnet18_no_weights,CIFAR10,ptq,layer3.1.conv2,"(256, 256, 3, 3)",20.97550195263278,3.556230664169783e-05,44,44,3,
resnet18_no_weights,CIFAR10,ptq,layer3.1.conv2,"(256, 256, 3, 3)",19.97137694351501,3.385989200764128e-05,"42,43,44",aggregate,3,1.337660893606288
resnet18_no_weights,CIFAR10,ptq,layer4.0.conv1,"(512, 256, 3, 3)",102.30658608895762,8.672636760199451e-05,42,42,3,
resnet18_no_weights,CIFAR10,ptq,layer4.0.conv1,"(512, 256, 3, 3)",97.01523494720459,8.224083366157074e-05,43,43,3,
resnet18_no_weights,CIFAR10,ptq,layer4.0.conv1,"(512, 256, 3, 3)",103.33424453735351,8.759752446268168e-05,44,44,3,
resnet18_no_weights,CIFAR10,ptq,layer4.0.conv1,"(512, 256, 3, 3)",100.88535519117191,8.55215752420823e-05,"42,43,44",aggregate,3,3.3907806621358003
resnet18_no_weights,CIFAR10,ptq,layer4.0.conv2,"(512, 512, 3, 3)",20.241835049220494,8.57960809038819e-06,42,42,3,
resnet18_no_weights,CIFAR10,ptq,layer4.0.conv2,"(512, 512, 3, 3)",22.119179065410908,9.37533021096586e-06,43,43,3,
resnet18_no_weights,CIFAR10,ptq,layer4.0.conv2,"(512, 512, 3, 3)",22.276538848876953,9.4420279816e-06,44,44,3,
resnet18_no_weights,CIFAR10,ptq,layer4.0.conv2,"(512, 512, 3, 3)",21.54585098783612,9.132322094318016e-06,"42,43,44",aggregate,3,1.1320484536828848
resnet18_no_weights,CIFAR10,ptq,layer4.0.downsample.0,"(512, 256, 1, 1)",9.172158387991098,6.99780150450981e-05,42,42,3,
resnet18_no_weights,CIFAR10,ptq,layer4.0.downsample.0,"(512, 256, 1, 1)",8.553957590690025,6.52615172629549e-05,43,43,3,
resnet18_no_weights,CIFAR10,ptq,layer4.0.downsample.0,"(512, 256, 1, 1)",8.647107392549515,6.597219385184871e-05,44,44,3,
resnet18_no_weights,CIFAR10,ptq,layer4.0.downsample.0,"(512, 256, 1, 1)",8.79107445707688,6.707057538663391e-05,"42,43,44",aggregate,3,0.3332985796510246
resnet18_no_weights,CIFAR10,ptq,layer4.1.conv1,"(512, 512, 3, 3)",90.2757303392565,3.826384240860684e-05,42,42,3,
resnet18_no_weights,CIFAR10,ptq,layer4.1.conv1,"(512, 512, 3, 3)",89.91833333969116,3.8112357813386346e-05,43,43,3,
resnet18_no_weights,CIFAR10,ptq,layer4.1.conv1,"(512, 512, 3, 3)",86.63077096378102,3.671890723494679e-05,44,44,3,
resnet18_no_weights,CIFAR10,ptq,layer4.1.conv1,"(512, 512, 3, 3)",88.94161154757623,3.769836915231333e-05,"42,43,44",aggregate,3,2.009209124658458
resnet18_no_weights,CIFAR10,ptq,layer4.1.conv2,"(512, 512, 3, 3)",3.140990428435497,1.331325288745243e-06,42,42,3,
resnet18_no_weights,CIFAR10,ptq,layer4.1.conv2,"(512, 512, 3, 3)",3.029020599250136,1.2838662886090324e-06,43,43,3,
resnet18_no_weights,CIFAR10,ptq,layer4.1.conv2,"(512, 512, 3, 3)",3.577039361000061,1.516146918826659e-06,44,44,3,
resnet18_no_weights,CIFAR10,ptq,layer4.1.conv2,"(512, 512, 3, 3)",3.2490167962285645,1.3771128320603114e-06,"42,43,44",aggregate,3,0.2895400022646313
resnet18_no_weights,CIFAR10,ptq,fc,"(10, 512)",4.102434958730425,0.0008012568278770362,42,42,3,
resnet18_no_weights,CIFAR10,ptq,fc,"(10, 512)",3.3893137803444495,0.0006619753477235253,43,43,3,
resnet18_no_weights,CIFAR10,ptq,fc,"(10, 512)",4.074686355369035,0.0007958371787830147,44,44,3,
resnet18_no_weights,CIFAR10,ptq,fc,"(10, 512)",3.855478364814637,0.0007530231181278587,"42,43,44",aggregate,3,0.4039487109867089
resnet18_no_weights,CIFAR10,qat,conv1,"(64, 3, 3, 3)",123.24391460418701,0.07132170984038601,42,42,3,
resnet18_no_weights,CIFAR10,qat,conv1,"(64, 3, 3, 3)",122.75601776123047,0.0710393621303417,43,43,3,
resnet18_no_weights,CIFAR10,qat,conv1,"(64, 3, 3, 3)",110.05547850472587,0.0636895130235682,44,44,3,
resnet18_no_weights,CIFAR10,qat,conv1,"(64, 3, 3, 3)",118.68513695671444,0.06868352833143197,"42,43,44",aggregate,3,7.477483840224945
resnet18_no_weights,CIFAR10,qat,layer1.0.conv1,"(64, 64, 3, 3)",44.23925390476134,0.0012000665664269026,42,42,3,
resnet18_no_weights,CIFAR10,qat,layer1.0.conv1,"(64, 64, 3, 3)",44.0281457901001,0.001194339892309573,43,43,3,
resnet18_no_weights,CIFAR10,qat,layer1.0.conv1,"(64, 64, 3, 3)",43.16890864902072,0.001171031593126647,44,44,3,
resnet18_no_weights,CIFAR10,qat,layer1.0.conv1,"(64, 64, 3, 3)",43.81210278129405,0.001188479350621041,"42,43,44",aggregate,3,0.5669353383429978
resnet18_no_weights,CIFAR10,qat,layer1.0.conv2,"(64, 64, 3, 3)",30.883342294132007,0.0008377642766420357,42,42,3,
resnet18_no_weights,CIFAR10,qat,layer1.0.conv2,"(64, 64, 3, 3)",29.440837129950523,0.0007986338197143697,43,43,3,
resnet18_no_weights,CIFAR10,qat,layer1.0.conv2,"(64, 64, 3, 3)",27.849580764770508,0.0007554682282110056,44,44,3,
resnet18_no_weights,CIFAR10,qat,layer1.0.conv2,"(64, 64, 3, 3)",29.391253396284345,0.0007972887748558036,"42,43,44",aggregate,3,1.5174884395743065
resnet18_no_weights,CIFAR10,qat,layer1.1.conv1,"(64, 64, 3, 3)",170.13374851771763,0.004615173299634267,42,42,3,
resnet18_no_weights,CIFAR10,qat,layer1.1.conv1,"(64, 64, 3, 3)",155.81927490234375,0.004226868351300557,43,43,3,
resnet18_no_weights,CIFAR10,qat,layer1.1.conv1,"(64, 64, 3, 3)",183.2928376197815,0.004972136437168552,44,44,3,
resnet18_no_weights,CIFAR10,qat,layer1.1.conv1,"(64, 64, 3, 3)",169.7486203466143,0.004604726029367793,"42,43,44",aggregate,3,13.740829846787978
resnet18_no_weights,CIFAR10,qat,layer1.1.conv2,"(64, 64, 3, 3)",19.797090113162994,0.0005370304392676593,42,42,3,
resnet18_no_weights,CIFAR10,qat,layer1.1.conv2,"(64, 64, 3, 3)",23.312702587672643,0.000632397531132613,43,43,3,
resnet18_no_weights,CIFAR10,qat,layer1.1.conv2,"(64, 64, 3, 3)",22.378132241112844,0.0006070456879642156,44,44,3,
resnet18_no_weights,CIFAR10,qat,layer1.1.conv2,"(64, 64, 3, 3)",21.82930831398283,0.000592157886121496,"42,43,44",aggregate,3,1.8209306809911172
resnet18_no_weights,CIFAR10,qat,layer2.0.conv1,"(128, 64, 3, 3)",122.15823639763727,0.0016568771212787173,42,42,3,
resnet18_no_weights,CIFAR10,qat,layer2.0.conv1,"(128, 64, 3, 3)",107.33741664886475,0.001455856888141069,43,43,3,
resnet18_no_weights,CIFAR10,qat,layer2.0.conv1,"(128, 64, 3, 3)",123.08843520591999,0.001669493750080295,44,44,3,
resnet18_no_weights,CIFAR10,qat,layer2.0.conv1,"(128, 64, 3, 3)",117.528029417474,0.0015940759198333604,"42,43,44",aggregate,3,8.837576528977792
resnet18_no_weights,CIFAR10,qat,layer2.0.conv2,"(128, 128, 3, 3)",24.003929677216902,0.00016278706649588287,42,42,3,
resnet18_no_weights,CIFAR10,qat,layer2.0.conv2,"(128, 128, 3, 3)",24.243694169180735,0.00016441307352146222,43,43,3,
resnet18_no_weights,CIFAR10,qat,layer2.0.conv2,"(128, 128, 3, 3)",22.15279636961041,0.00015023326531040046,44,44,3,
resnet18_no_weights,CIFAR10,qat,layer2.0.conv2,"(128, 128, 3, 3)",23.466806738669348,0.00015914446844258185,"42,43,44",aggregate,3,1.144263601797014
resnet18_no_weights,CIFAR10,qat,layer2.0.downsample.0,"(128, 64, 1, 1)",16.132497390111286,0.001969298997816319,42,42,3,
resnet18_no_weights,CIFAR10,qat,layer2.0.downsample.0,"(128, 64, 1, 1)",14.644992687084057,0.0017877188338725656,43,43,3,
resnet18_no_weights,CIFAR10,qat,layer2.0.downsample.0,"(128, 64, 1, 1)",14.415164212385813,0.0017596636001447525,44,44,3,
resnet18_no_weights,CIFAR10,qat,layer2.0.downsample.0,"(128, 64, 1, 1)",15.064218096527052,0.0018388938106112124,"42,43,44",aggregate,3,0.9322664687583444
resnet18_no_weights,CIFAR10,qat,layer2.1.conv1,"(128, 128, 3, 3)",84.0960922241211,0.000570313125434849,42,42,3,
resnet18_no_weights,CIFAR10,qat,layer2.1.conv1,"(128, 128, 3, 3)",82.34928171258224,0.0005584668084891916,43,43,3,
resnet18_no_weights,CIFAR10,qat,layer2.1.conv1,"(128, 128, 3, 3)",90.62519314414577,0.0006145914248599295,44,44,3,
resnet18_no_weights,CIFAR10,qat,layer2.1.conv1,"(128, 128, 3, 3)",85.6901890269497,0.0005811237862613233,"42,43,44",aggregate,3,4.362171015487846
resnet18_no_weights,CIFAR10,qat,layer2.1.conv2,"(128, 128, 3, 3)",15.21538485799517,0.0001031859324679577,42,42,3,
resnet18_no_weights,CIFAR10,qat,layer2.1.conv2,"(128, 128, 3, 3)",12.860844456631204,8.72181834352702e-05,43,43,3,
resnet18_no_weights,CIFAR10,qat,layer2.1.conv2,"(128, 128, 3, 3)",11.767112595694405,7.980083954328346e-05,44,44,3,
resnet18_no_weights,CIFAR10,qat,layer2.1.conv2,"(128, 128, 3, 3)",13.281113970106926,9.006831848217045e-05,"42,43,44",aggregate,3,1.7621337198708984
resnet18_no_weights,CIFAR10,qat,layer3.0.conv1,"(256, 128, 3, 3)",161.94280039469402,0.0005491224514251506,42,42,3,
resnet18_no_weights,CIFAR10,qat,layer3.0.conv1,"(256, 128, 3, 3)",149.7064814567566,0.0005076310270750481,43,43,3,
resnet18_no_weights,CIFAR10,qat,layer3.0.conv1,"(256, 128, 3, 3)",184.9564471122546,0.0006271580916078511,44,44,3,
resnet18_no_weights,CIFAR10,qat,layer3.0.conv1,"(256, 128, 3, 3)",165.53524298790174,0.0005613038567026833,"42,43,44",aggregate,3,17.897464974614902
resnet18_no_weights,CIFAR10,qat,layer3.0.conv2,"(256, 256, 3, 3)",37.6682769111965,6.386358797064294e-05,42,42,3,
resnet18_no_weights,CIFAR10,qat,layer3.0.conv2,"(256, 256, 3, 3)",36.64972739749484,6.21367177285001e-05,43,43,3,
resnet18_no_weights,CIFAR10,qat,layer3.0.conv2,"(256, 256, 3, 3)",40.21264898777008,6.817736983874865e-05,44,44,3,
resnet18_no_weights,CIFAR10,qat,layer3.0.conv2,"(256, 256, 3, 3)",38.176884432153805,6.472589184596389e-05,"42,43,44",aggregate,3,1.835105929474675
resnet18_no_weights,CIFAR10,qat,layer3.0.downsample.0,"(256, 128, 1, 1)",17.85998329039543,0.0005450434353758371,42,42,3,
resnet18_no_weights,CIFAR10,qat,layer3.0.downsample.0,"(256, 128, 1, 1)",15.55717404683431,0.0004747672743784885,43,43,3,
resnet18_no_weights,CIFAR10,qat,layer3.0.downsample.0,"(256, 128, 1, 1)",19.056417902310688,0.000581555722116415,44,44,3,
resnet18_no_weights,CIFAR10,qat,layer3.0.downsample.0,"(256, 128, 1, 1)",17.491191746513476,0.0005337888106235802,"42,43,44",aggregate,3,1.7785337478247136
resnet18_no_weights,CIFAR10,qat,layer3.1.conv1,"(256, 256, 3, 3)",46.06979560852051,7.810769926032258e-05,42,42,3,
resnet18_no_weights,CIFAR10,qat,layer3.1.conv1,"(256, 256, 3, 3)",66.11170184612274,0.00011208716811476431,43,43,3,
resnet18_no_weights,CIFAR10,qat,layer3.1.conv1,"(256, 256, 3, 3)",67.26440653307685,0.00011404148785582963,44,44,3,
resnet18_no_weights,CIFAR10,qat,layer3.1.conv1,"(256, 256, 3, 3)",59.815301329240036,0.00010141211841030551,"42,43,44",aggregate,3,11.917901562883518
resnet18_no_weights,CIFAR10,qat,layer3.1.conv2,"(256, 256, 3, 3)",12.432861850811886,2.1078935158304655e-05,42,42,3,
resnet18_no_weights,CIFAR10,qat,layer3.1.conv2,"(256, 256, 3, 3)",11.230595002571741,1.9040586687845428e-05,43,43,3,
resnet18_no_weights,CIFAR10,qat,layer3.1.conv2,"(256, 256, 3, 3)",11.813645998636881,2.0029103594694147e-05,44,44,3,
resnet18_no_weights,CIFAR10,qat,layer3.1.conv2,"(256, 256, 3, 3)",11.825700950673502,2.0049541813614743e-05,"42,43,44",aggregate,3,0.6012240722025164
resnet18_no_weights,CIFAR10,qat,layer4.0.conv1,"(512, 256, 3, 3)",68.32645606994629,5.792105447552684e-05,42,42,3,
resnet18_no_weights,CIFAR10,qat,layer4.0.conv1,"(512, 256, 3, 3)",70.76524827538466,5.998844424386314e-05,43,43,3,
resnet18_no_weights,CIFAR10,qat,layer4.0.conv1,"(512, 256, 3, 3)",62.53569412231445,5.301216474941207e-05,44,44,3,
resnet18_no_weights,CIFAR10,qat,layer4.0.conv1,"(512, 256, 3, 3)",67.20913282254847,5.697388782293402e-05,"42,43,44",aggregate,3,4.22702008736184
resnet18_no_weights,CIFAR10,qat,layer4.0.conv2,"(512, 512, 3, 3)",15.686742770044427,6.6489083057168016e-06,42,42,3,
resnet18_no_weights,CIFAR10,qat,layer4.0.conv2,"(512, 512, 3, 3)",14.051496806897616,5.95580071635675e-06,43,43,3,
resnet18_no_weights,CIFAR10,qat,layer4.0.conv2,"(512, 512, 3, 3)",15.38060204188029,6.519148950314114e-06,44,44,3,
resnet18_no_weights,CIFAR10,qat,layer4.0.conv2,"(512, 512, 3, 3)",15.039613872940777,6.374619324129222e-06,"42,43,44",aggregate,3,0.8693169954133685
resnet18_no_weights,CIFAR10,qat,layer4.0.downsample.0,"(512, 256, 1, 1)",4.770421743392944,3.639542956079822e-05,42,42,3,
resnet18_no_weights,CIFAR10,qat,layer4.0.downsample.0,"(512, 256, 1, 1)",6.234341481152703,4.756425080225146e-05,43,43,3,
resnet18_no_weights,CIFAR10,qat,layer4.0.downsample.0,"(512, 256, 1, 1)",6.322420829679908,4.823624290222098e-05,44,44,3,
resnet18_no_weights,CIFAR10,qat,layer4.0.downsample.0,"(512, 256, 1, 1)",5.775728018075185,4.406530775509022e-05,"42,43,44",aggregate,3,0.8717339171707489
resnet18_no_weights,CIFAR10,qat,layer4.1.conv1,"(512, 512, 3, 3)",71.06351216634114,3.0120642838516718e-05,42,42,3,
resnet18_no_weights,CIFAR10,qat,layer4.1.conv1,"(512, 512, 3, 3)",67.20429849624634,2.8484894856875246e-05,43,43,3,
resnet18_no_weights,CIFAR10,qat,layer4.1.conv1,"(512, 512, 3, 3)",56.27987246359548,2.385451951073349e-05,44,44,3,
resnet18_no_weights,CIFAR10,qat,layer4.1.conv1,"(512, 512, 3, 3)",64.84922770872765,2.748668573537515e-05,"42,43,44",aggregate,3,7.668035571501827
resnet18_no_weights,CIFAR10,qat,layer4.1.conv2,"(512, 512, 3, 3)",2.134252042997451,9.04613936952994e-07,42,42,3,
resnet18_no_weights,CIFAR10,qat,layer4.1.conv2,"(512, 512, 3, 3)",1.9765794857128247,8.377835954932424e-07,43,43,3,
resnet18_no_weights,CIFAR10,qat,layer4.1.conv2,"(512, 512, 3, 3)",2.1778714097276026,9.231022346189722e-07,44,44,3,
resnet18_no_weights,CIFAR10,qat,layer4.1.conv2,"(512, 512, 3, 3)",2.096234312812626,8.884999223550694e-07,"42,43,44",aggregate,3,0.10589438382037732
resnet18_no_weights,CIFAR10,qat,fc,"(10, 512)",2.8025773809506345,0.0005473783947169208,42,42,3,
resnet18_no_weights,CIFAR10,qat,fc,"(10, 512)",2.637583156426748,0.0005151529602395992,43,43,3,
resnet18_no_weights,CIFAR10,qat,fc,"(10, 512)",2.5875126846501084,0.0005053735712207243,44,44,3,
resnet18_no_weights,CIFAR10,qat,fc,"(10, 512)",2.6758910740091637,0.0005226349753924147,"42,43,44",aggregate,3,0.11253367634106355
resnet18_no_weights,CIFAR10,fp32_fused_qat,conv1,"(64, 3, 3, 3)",176.40400911727042,0.1020856534243463,42,42,3,
resnet18_no_weights,CIFAR10,fp32_fused_qat,conv1,"(64, 3, 3, 3)",173.03634016854423,0.1001367709308705,43,43,3,
resnet18_no_weights,CIFAR10,fp32_fused_qat,conv1,"(64, 3, 3, 3)",179.5900115966797,0.10392940485918964,44,44,3,
resnet18_no_weights,CIFAR10,fp32_fused_qat,conv1,"(64, 3, 3, 3)",176.34345362749812,0.10205060973813548,"42,43,44",aggregate,3,3.277255333735219
resnet18_no_weights,CIFAR10,fp32_fused_qat,layer1.0.conv1,"(64, 64, 3, 3)",59.19448348454067,0.0016057531327186595,42,42,3,
resnet18_no_weights,CIFAR10,fp32_fused_qat,layer1.0.conv1,"(64, 64, 3, 3)",63.332615981230866,0.001718007160949188,43,43,3,
resnet18_no_weights,CIFAR10,fp32_fused_qat,layer1.0.conv1,"(64, 64, 3, 3)",63.96404333114624,0.0017351357240436805,44,44,3,
resnet18_no_weights,CIFAR10,fp32_fused_qat,layer1.0.conv1,"(64, 64, 3, 3)",62.16371426563926,0.0016862986725705094,"42,43,44",aggregate,3,2.590738060499903
resnet18_no_weights,CIFAR10,fp32_fused_qat,layer1.0.conv2,"(64, 64, 3, 3)",41.45230436325073,0.0011244657216593623,42,42,3,
resnet18_no_weights,CIFAR10,fp32_fused_qat,layer1.0.conv2,"(64, 64, 3, 3)",39.22020825472745,0.0010639162395488133,43,43,3,
resnet18_no_weights,CIFAR10,fp32_fused_qat,layer1.0.conv2,"(64, 64, 3, 3)",40.05042298634847,0.0010864372554890535,44,44,3,
resnet18_no_weights,CIFAR10,fp32_fused_qat,layer1.0.conv2,"(64, 64, 3, 3)",40.24097853477555,0.001091606405565743,"42,43,44",aggregate,3,1.128182973722991
resnet18_no_weights,CIFAR10,fp32_fused_qat,layer1.1.conv1,"(64, 64, 3, 3)",212.32147256951583,0.005759588557115772,42,42,3,
resnet18_no_weights,CIFAR10,fp32_fused_qat,layer1.1.conv1,"(64, 64, 3, 3)",243.4234669572216,0.0066032841514003255,43,43,3,
resnet18_no_weights,CIFAR10,fp32_fused_qat,layer1.1.conv1,"(64, 64, 3, 3)",255.96686823227827,0.006943545687724563,44,44,3,
resnet18_no_weights,CIFAR10,fp32_fused_qat,layer1.1.conv1,"(64, 64, 3, 3)",237.23726925300522,0.006435472798746887,"42,43,44",aggregate,3,22.47069029127742
resnet18_no_weights,CIFAR10,fp32_fused_qat,layer1.1.conv2,"(64, 64, 3, 3)",24.16554958343506,0.0006555324865298138,42,42,3,
resnet18_no_weights,CIFAR10,fp32_fused_qat,layer1.1.conv2,"(64, 64, 3, 3)",26.936299121741094,0.0007306938780854246,43,43,3,
resnet18_no_weights,CIFAR10,fp32_fused_qat,layer1.1.conv2,"(64, 64, 3, 3)",25.951909934773166,0.0007039906123799144,44,44,3,
resnet18_no_weights,CIFAR10,fp32_fused_qat,layer1.1.conv2,"(64, 64, 3, 3)",25.68458621331644,0.0006967389923317177,"42,43,44",aggregate,3,1.4045852519679543
resnet18_no_weights,CIFAR10,fp32_fused_qat,layer2.0.conv1,"(128, 64, 3, 3)",159.82018615722657,0.002167700007557869,42,42,3,
resnet18_no_weights,CIFAR10,fp32_fused_qat,layer2.0.conv1,"(128, 64, 3, 3)",154.89754763516513,0.0021009324494786936,43,43,3,
resnet18_no_weights,CIFAR10,fp32_fused_qat,layer2.0.conv1,"(128, 64, 3, 3)",161.486624667519,0.002190302526414917,44,44,3,
resnet18_no_weights,CIFAR10,fp32_fused_qat,layer2.0.conv1,"(128, 64, 3, 3)",158.73478615330356,0.00215297832781716,"42,43,44",aggregate,3,3.4260113705240984
resnet18_no_weights,CIFAR10,fp32_fused_qat,layer2.0.conv2,"(128, 128, 3, 3)",31.201642303466798,0.0002115996792498562,42,42,3,
resnet18_no_weights,CIFAR10,fp32_fused_qat,layer2.0.conv2,"(128, 128, 3, 3)",28.712878149382924,0.00019472166713719973,43,43,3,
resnet18_no_weights,CIFAR10,fp32_fused_qat,layer2.0.conv2,"(128, 128, 3, 3)",32.94268094576322,0.00022340685320206179,44,44,3,
resnet18_no_weights,CIFAR10,fp32_fused_qat,layer2.0.conv2,"(128, 128, 3, 3)",30.952400466204313,0.00020990939986303923,"42,43,44",aggregate,3,2.125887824921186
resnet18_no_weights,CIFAR10,fp32_fused_qat,layer2.0.downsample.0,"(128, 64, 1, 1)",17.893683195114136,0.002184287499403581,42,42,3,
resnet18_no_weights,CIFAR10,fp32_fused_qat,layer2.0.downsample.0,"(128, 64, 1, 1)",15.769029002035818,0.0019249302981000755,43,43,3,
resnet18_no_weights,CIFAR10,fp32_fused_qat,layer2.0.downsample.0,"(128, 64, 1, 1)",15.803382051402124,0.0019291237855715484,44,44,3,
resnet18_no_weights,CIFAR10,fp32_fused_qat,layer2.0.downsample.0,"(128, 64, 1, 1)",16.488698082850693,0.002012780527691735,"42,43,44",aggregate,3,1.2168740309751171
resnet18_no_weights,CIFAR10,fp32_fused_qat,layer2.1.conv1,"(128, 128, 3, 3)",104.67528200149536,0.0007098746880526758,42,42,3,
resnet18_no_weights,CIFAR10,fp32_fused_qat,layer2.1.conv1,"(128, 128, 3, 3)",100.94427082456392,0.0006845721491466195,43,43,3,
resnet18_no_weights,CIFAR10,fp32_fused_qat,layer2.1.conv1,"(128, 128, 3, 3)",113.61694821444425,0.0007705142429907515,44,44,3,
resnet18_no_weights,CIFAR10,fp32_fused_qat,layer2.1.conv1,"(128, 128, 3, 3)",106.41216701350118,0.0007216536933966822,"42,43,44",aggregate,3,6.512431590097042
resnet18_no_weights,CIFAR10,fp32_fused_qat,layer2.1.conv2,"(128, 128, 3, 3)",14.94124826632048,0.00010132682472276801,42,42,3,
resnet18_no_weights,CIFAR10,fp32_fused_qat,layer2.1.conv2,"(128, 128, 3, 3)",15.321818962097169,0.00010390773493175706,43,43,3,
resnet18_no_weights,CIFAR10,fp32_fused_qat,layer2.1.conv2,"(128, 128, 3, 3)",14.62383336606233,9.917421716350863e-05,44,44,3,
resnet18_no_weights,CIFAR10,fp32_fused_qat,layer2.1.conv2,"(128, 128, 3, 3)",14.962300198159992,0.0001014695922726779,"42,43,44",aggregate,3,0.34946868378104895
resnet18_no_weights,CIFAR10,fp32_fused_qat,layer3.0.conv1,"(256, 128, 3, 3)",186.0718072590075,0.0006309401016540781,42,42,3,
resnet18_no_weights,CIFAR10,fp32_fused_qat,layer3.0.conv1,"(256, 128, 3, 3)",206.69679946899413,0.0007008761917758319,43,43,3,
resnet18_no_weights,CIFAR10,fp32_fused_qat,layer3.0.conv1,"(256, 128, 3, 3)",181.24905649820963,0.0006145869157518501,44,44,3,
resnet18_no_weights,CIFAR10,fp32_fused_qat,layer3.0.conv1,"(256, 128, 3, 3)",191.33922107540374,0.0006488010697272533,"42,43,44",aggregate,3,13.516883583565024
resnet18_no_weights,CIFAR10,fp32_fused_qat,layer3.0.conv2,"(256, 256, 3, 3)",41.810550689697266,7.088648595122827e-05,42,42,3,
resnet18_no_weights,CIFAR10,fp32_fused_qat,layer3.0.conv2,"(256, 256, 3, 3)",43.898303508758545,7.442610593797226e-05,43,43,3,
resnet18_no_weights,CIFAR10,fp32_fused_qat,layer3.0.conv2,"(256, 256, 3, 3)",35.81355667114258,6.071905631365048e-05,44,44,3,
resnet18_no_weights,CIFAR10,fp32_fused_qat,layer3.0.conv2,"(256, 256, 3, 3)",40.50747028986613,6.8677216067617e-05,"42,43,44",aggregate,3,4.1969389742291225
resnet18_no_weights,CIFAR10,fp32_fused_qat,layer3.0.downsample.0,"(256, 128, 1, 1)",20.171467717488607,0.000615584341964374,42,42,3,
resnet18_no_weights,CIFAR10,fp32_fused_qat,layer3.0.downsample.0,"(256, 128, 1, 1)",17.78057837486267,0.0005426201896625571,43,43,3,
resnet18_no_weights,CIFAR10,fp32_fused_qat,layer3.0.downsample.0,"(256, 128, 1, 1)",20.366430401802063,0.0006215341309143696,44,44,3,
resnet18_no_weights,CIFAR10,fp32_fused_qat,layer3.0.downsample.0,"(256, 128, 1, 1)",19.43949216471778,0.0005932462208471002,"42,43,44",aggregate,3,1.4399648723830936
resnet18_no_weights,CIFAR10,fp32_fused_qat,layer3.1.conv1,"(256, 256, 3, 3)",82.29713127829812,0.00013952828518049135,42,42,3,
resnet18_no_weights,CIFAR10,fp32_fused_qat,layer3.1.conv1,"(256, 256, 3, 3)",81.07514826456706,0.00013745650950888242,43,43,3,
resnet18_no_weights,CIFAR10,fp32_fused_qat,layer3.1.conv1,"(256, 256, 3, 3)",84.77478408813477,0.0001437289498022033,44,44,3,
resnet18_no_weights,CIFAR10,fp32_fused_qat,layer3.1.conv1,"(256, 256, 3, 3)",82.71568787699998,0.00014023791483052568,"42,43,44",aggregate,3,1.884998282888879
resnet18_no_weights,CIFAR10,fp32_fused_qat,layer3.1.conv2,"(256, 256, 3, 3)",14.401059014456612,2.44158579753564e-05,42,42,3,
resnet18_no_weights,CIFAR10,fp32_fused_qat,layer3.1.conv2,"(256, 256, 3, 3)",12.119913237435478,2.054835550509216e-05,43,43,3,
resnet18_no_weights,CIFAR10,fp32_fused_qat,layer3.1.conv2,"(256, 256, 3, 3)",13.222153490239924,2.241711678439657e-05,44,44,3,
resnet18_no_weights,CIFAR10,fp32_fused_qat,layer3.1.conv2,"(256, 256, 3, 3)",13.247708580710672,2.2460443421615044e-05,"42,43,44",aggregate,3,1.1407875836421364
resnet18_no_weights,CIFAR10,fp32_fused_qat,layer4.0.conv1,"(512, 256, 3, 3)",81.87626202901204,6.940736730703739e-05,42,42,3,
resnet18_no_weights,CIFAR10,fp32_fused_qat,layer4.0.conv1,"(512, 256, 3, 3)",68.43548000560088,5.801347521091112e-05,43,43,3,
resnet18_no_weights,CIFAR10,fp32_fused_qat,layer4.0.conv1,"(512, 256, 3, 3)",73.46346689039662,6.227575250447305e-05,44,44,3,
resnet18_no_weights,CIFAR10,fp32_fused_qat,layer4.0.conv1,"(512, 256, 3, 3)",74.59173630833651,6.323219834080718e-05,"42,43,44",aggregate,3,6.7910528830076835
resnet18_no_weights,CIFAR10,fp32_fused_qat,layer4.0.conv2,"(512, 512, 3, 3)",13.382197856903076,5.6721148414201e-06,42,42,3,
resnet18_no_weights,CIFAR10,fp32_fused_qat,layer4.0.conv2,"(512, 512, 3, 3)",15.652935284834642,6.634578825562643e-06,43,43,3,
resnet18_no_weights,CIFAR10,fp32_fused_qat,layer4.0.conv2,"(512, 512, 3, 3)",15.962994363572863,6.765998994434299e-06,44,44,3,
resnet18_no_weights,CIFAR10,fp32_fused_qat,layer4.0.conv2,"(512, 512, 3, 3)",14.999375835103526,6.357564220472347e-06,"42,43,44",aggregate,3,1.4090715446560447
resnet18_no_weights,CIFAR10,fp32_fused_qat,layer4.0.downsample.0,"(512, 256, 1, 1)",5.756157141465407,4.391599381611181e-05,42,42,3,
resnet18_no_weights,CIFAR10,fp32_fused_qat,layer4.0.downsample.0,"(512, 256, 1, 1)",5.468189732233683,4.1718976838941065e-05,43,43,3,
resnet18_no_weights,CIFAR10,fp32_fused_qat,layer4.0.downsample.0,"(512, 256, 1, 1)",6.629843902587891,5.058169481344521e-05,44,44,3,
resnet18_no_weights,CIFAR10,fp32_fused_qat,layer4.0.downsample.0,"(512, 256, 1, 1)",5.951396925428994,4.540555515616603e-05,"42,43,44",aggregate,3,0.6049372139378941
resnet18_no_weights,CIFAR10,fp32_fused_qat,layer4.1.conv1,"(512, 512, 3, 3)",57.909692700703935,2.4545327377617704e-05,42,42,3,
resnet18_no_weights,CIFAR10,fp32_fused_qat,layer4.1.conv1,"(512, 512, 3, 3)",65.70980224609374,2.7851444772548142e-05,43,43,3,
resnet18_no_weights,CIFAR10,fp32_fused_qat,layer4.1.conv1,"(512, 512, 3, 3)",60.985146171168275,2.5848874482544063e-05,44,44,3,
resnet18_no_weights,CIFAR10,fp32_fused_qat,layer4.1.conv1,"(512, 512, 3, 3)",61.534880372655316,2.6081882210903302e-05,"42,43,44",aggregate,3,3.9290053447703213
resnet18_no_weights,CIFAR10,fp32_fused_qat,layer4.1.conv2,"(512, 512, 3, 3)",2.1648878898376074,9.175991015275775e-07,42,42,3,
resnet18_no_weights,CIFAR10,fp32_fused_qat,layer4.1.conv2,"(512, 512, 3, 3)",2.0246953070163727,8.581777390443474e-07,43,43,3,
resnet18_no_weights,CIFAR10,fp32_fused_qat,layer4.1.conv2,"(512, 512, 3, 3)",2.287814747719538,9.697022958202523e-07,44,44,3,
resnet18_no_weights,CIFAR10,fp32_fused_qat,layer4.1.conv2,"(512, 512, 3, 3)",2.159132648191173,9.151597121307258e-07,"42,43,44",aggregate,3,0.13165410029236937
resnet18_no_weights,CIFAR10,fp32_fused_qat,fc,"(10, 512)",2.818956732749939,0.0005505774868652224,42,42,3,
resnet18_no_weights,CIFAR10,fp32_fused_qat,fc,"(10, 512)",3.2986082022006693,0.0006442594144923182,43,43,3,
resnet18_no_weights,CIFAR10,fp32_fused_qat,fc,"(10, 512)",3.3890339533487954,0.0006619206940134366,44,44,3,
resnet18_no_weights,CIFAR10,fp32_fused_qat,fc,"(10, 512)",3.168866296099801,0.0006189191984569924,"42,43,44",aggregate,3,0.306384939268307
cnn,CIFAR10,fp32_unfused,conv1,"(32, 3, 3, 3)",55.31946739073722,0.06402716133187179,42,42,3,
cnn,CIFAR10,fp32_unfused,conv1,"(32, 3, 3, 3)",57.08116462013938,0.06606616275479095,43,43,3,
cnn,CIFAR10,fp32_unfused,conv1,"(32, 3, 3, 3)",61.3799927605523,0.07104165828767627,44,44,3,
cnn,CIFAR10,fp32_unfused,conv1,"(32, 3, 3, 3)",57.926874923809635,0.06704499412477967,"42,43,44",aggregate,3,3.1175168608755848
cnn,CIFAR10,fp32_unfused,conv2,"(64, 32, 3, 3)",146.5252914428711,0.007949505829148822,42,42,3,
cnn,CIFAR10,fp32_unfused,conv2,"(64, 32, 3, 3)",125.9127754905007,0.006831205267496783,43,43,3,
cnn,CIFAR10,fp32_unfused,conv2,"(64, 32, 3, 3)",127.23904459100021,0.006903159971299925,44,44,3,
cnn,CIFAR10,fp32_unfused,conv2,"(64, 32, 3, 3)",133.22570384145735,0.007227957022648511,"42,43,44",aggregate,3,11.53685486636171
cnn,CIFAR10,fp32_unfused,conv3,"(128, 64, 3, 3)",216.7300825852614,0.002939589878814852,42,42,3,
cnn,CIFAR10,fp32_unfused,conv3,"(128, 64, 3, 3)",178.06638622283936,0.0024151799346630773,43,43,3,
cnn,CIFAR10,fp32_unfused,conv3,"(128, 64, 3, 3)",172.91330745302398,0.002345286830688802,44,44,3,
cnn,CIFAR10,fp32_unfused,conv3,"(128, 64, 3, 3)",189.23659208704157,0.002566685548055577,"42,43,44",aggregate,3,23.94906198651126
cnn,CIFAR10,fp32_unfused,conv4,"(256, 128, 3, 3)",61.47585487365723,0.00020845491154533293,42,42,3,
cnn,CIFAR10,fp32_unfused,conv4,"(256, 128, 3, 3)",60.91560363769531,0.0002065551881161001,43,43,3,
cnn,CIFAR10,fp32_unfused,conv4,"(256, 128, 3, 3)",66.10978591918945,0.00022416783962398766,44,44,3,
cnn,CIFAR10,fp32_unfused,conv4,"(256, 128, 3, 3)",62.83374814351399,0.00021305931309514024,"42,43,44",aggregate,3,2.850927567054035
cnn,CIFAR10,fp32_unfused,fc1,"(1024, 1024)",11.719894907691263,1.1176962764445555e-05,42,42,3,
cnn,CIFAR10,fp32_unfused,fc1,"(1024, 1024)",13.691363751888275,1.3057101966751361e-05,43,43,3,
cnn,CIFAR10,fp32_unfused,fc1,"(1024, 1024)",12.946432931082589,1.2346680575449551e-05,44,44,3,
cnn,CIFAR10,fp32_unfused,fc1,"(1024, 1024)",12.785897196887376,1.2193581768882156e-05,"42,43,44",aggregate,3,0.9954904029547814
cnn,CIFAR10,fp32_unfused,fc2,"(10, 1024)",5.131531037782368,0.0005011260779084344,42,42,3,
cnn,CIFAR10,fp32_unfused,fc2,"(10, 1024)",5.489457301795483,0.0005360798146284651,43,43,3,
cnn,CIFAR10,fp32_unfused,fc2,"(10, 1024)",5.548766837929779,0.00054187176151658,44,44,3,
cnn,CIFAR10,fp32_unfused,fc2,"(10, 1024)",5.389918392502543,0.0005263592180178265,"42,43,44",aggregate,3,0.22572643637505913
cnn,CIFAR10,fp32_fused,conv1,"(32, 3, 3, 3)",383.75121228448273,0.4441564956996328,42,42,3,
cnn,CIFAR10,fp32_fused,conv1,"(32, 3, 3, 3)",375.52731184525925,0.4346380924134945,43,43,3,
cnn,CIFAR10,fp32_fused,conv1,"(32, 3, 3, 3)",384.4130024543175,0.444922456544349,44,44,3,
cnn,CIFAR10,fp32_fused,conv1,"(32, 3, 3, 3)",381.23050886135314,0.4412390148858254,"42,43,44",aggregate,3,4.950185219818485
cnn,CIFAR10,fp32_fused,conv2,"(64, 32, 3, 3)",813.547841389974,0.04413779521429981,42,42,3,
cnn,CIFAR10,fp32_fused,conv2,"(64, 32, 3, 3)",747.6631184895833,0.04056332023055465,43,43,3,
cnn,CIFAR10,fp32_fused,conv2,"(64, 32, 3, 3)",866.0174275716146,0.04698445245071694,44,44,3,
cnn,CIFAR10,fp32_fused,conv2,"(64, 32, 3, 3)",809.0761291503907,0.0438951892985238,"42,43,44",aggregate,3,59.30373324957271
cnn,CIFAR10,fp32_fused,conv3,"(128, 64, 3, 3)",331.2493173935834,0.004492856409960712,42,42,3,
cnn,CIFAR10,fp32_fused,conv3,"(128, 64, 3, 3)",348.9676106770833,0.0047331761430810994,43,43,3,
cnn,CIFAR10,fp32_fused,conv3,"(128, 64, 3, 3)",326.3727264404297,0.004426713412006696,44,44,3,
cnn,CIFAR10,fp32_fused,conv3,"(128, 64, 3, 3)",335.5298848370321,0.004550915321682836,"42,43,44",aggregate,3,11.890106881158788
cnn,CIFAR10,fp32_fused,conv4,"(256, 128, 3, 3)",24.455798662625828,8.292574958843936e-05,42,42,3,
cnn,CIFAR10,fp32_fused,conv4,"(256, 128, 3, 3)",20.130444407463074,6.825915665508041e-05,43,43,3,
cnn,CIFAR10,fp32_fused,conv4,"(256, 128, 3, 3)",19.438916206359863,6.591429377699064e-05,44,44,3,
cnn,CIFAR10,fp32_fused,conv4,"(256, 128, 3, 3)",21.341719758816254,7.23664000068368e-05,"42,43,44",aggregate,3,2.718946188800752
cnn,CIFAR10,fp32_fused,fc1,"(1024, 1024)",12.365511309716009,1.1792670545307168e-05,42,42,3,
cnn,CIFAR10,fp32_fused,fc1,"(1024, 1024)",13.739319377475315,1.3102836015200915e-05,43,43,3,
cnn,CIFAR10,fp32_fused,fc1,"(1024, 1024)",12.32633368174235,1.175530784773097e-05,44,44,3,
cnn,CIFAR10,fp32_fused,fc1,"(1024, 1024)",12.81038812297789,1.2216938136079684e-05,"42,43,44",aggregate,3,0.8047165204716682
cnn,CIFAR10,fp32_fused,fc2,"(10, 1024)",5.139643412369948,0.0005019183019892528,42,42,3,
cnn,CIFAR10,fp32_fused,fc2,"(10, 1024)",4.58501614843096,0.000447755483245211,43,43,3,
cnn,CIFAR10,fp32_fused,fc2,"(10, 1024)",5.207619376804518,0.0005085565797660662,44,44,3,
cnn,CIFAR10,fp32_fused,fc2,"(10, 1024)",4.977426312535142,0.00048607678833350996,"42,43,44",aggregate,3,0.34153255423810713
cnn,CIFAR10,ptq,conv1,"(32, 3, 3, 3)",346.2076402143999,0.40070328728518506,42,42,3,
cnn,CIFAR10,ptq,conv1,"(32, 3, 3, 3)",345.0596872965495,0.3993746380747101,43,43,3,
cnn,CIFAR10,ptq,conv1,"(32, 3, 3, 3)",361.39048900604246,0.41827602894217875,44,44,3,
cnn,CIFAR10,ptq,conv1,"(32, 3, 3, 3)",350.8859388389973,0.40611798476735794,"42,43,44",aggregate,3,9.115296464425994
cnn,CIFAR10,ptq,conv2,"(64, 32, 3, 3)",846.0580729166667,0.04590158815737124,42,42,3,
cnn,CIFAR10,ptq,conv2,"(64, 32, 3, 3)",987.2075892857143,0.05355943952287947,43,43,3,
cnn,CIFAR10,ptq,conv2,"(64, 32, 3, 3)",883.12718878852,0.04791271640562717,44,44,3,
cnn,CIFAR10,ptq,conv2,"(64, 32, 3, 3)",905.4642836636336,0.04912458136195929,"42,43,44",aggregate,3,73.17790546605502
cnn,CIFAR10,ptq,conv3,"(128, 64, 3, 3)",457.9313193427192,0.006211091028411447,42,42,3,
cnn,CIFAR10,ptq,conv3,"(128, 64, 3, 3)",435.6348405317827,0.0059086756799558195,43,43,3,
cnn,CIFAR10,ptq,conv3,"(128, 64, 3, 3)",430.8414581298828,0.005843661270207829,44,44,3,
cnn,CIFAR10,ptq,conv3,"(128, 64, 3, 3)",441.46920600146154,0.005987809326191699,"42,43,44",aggregate,3,14.45665972685322
cnn,CIFAR10,ptq,conv4,"(256, 128, 3, 3)",24.464793485753678,8.295624961260876e-05,42,42,3,
cnn,CIFAR10,ptq,conv4,"(256, 128, 3, 3)",26.12018394470215,8.856941713020205e-05,43,43,3,
cnn,CIFAR10,ptq,conv4,"(256, 128, 3, 3)",26.417613689716045,8.957795440577544e-05,44,44,3,
cnn,CIFAR10,ptq,conv4,"(256, 128, 3, 3)",25.667530373390623,8.703454038286208e-05,"42,43,44",aggregate,3,1.0521635466821277
cnn,CIFAR10,ptq,fc1,"(1024, 1024)",16.36895788283575,1.5610654719196082e-05,42,42,3,
cnn,CIFAR10,ptq,fc1,"(1024, 1024)",16.146664472726677,1.5398659203268697e-05,43,43,3,
cnn,CIFAR10,ptq,fc1,"(1024, 1024)",17.766121647574685,1.6943093917441068e-05,44,44,3,
cnn,CIFAR10,ptq,fc1,"(1024, 1024)",16.760581334379037,1.598413594663528e-05,"42,43,44",aggregate,3,0.8778878522571555
cnn,CIFAR10,ptq,fc2,"(10, 1024)",5.781523474625179,0.0005646019018188651,42,42,3,
cnn,CIFAR10,ptq,fc2,"(10, 1024)",5.881451388200124,0.0005743604871289184,43,43,3,
cnn,CIFAR10,ptq,fc2,"(10, 1024)",6.009314404593574,0.0005868471098235911,44,44,3,
cnn,CIFAR10,ptq,fc2,"(10, 1024)",5.890763089139625,0.0005752698329237916,"42,43,44",aggregate,3,0.11418059281137287
cnn,CIFAR10,qat,conv1,"(32, 3, 3, 3)",245.76749461780895,0.2844531187706122,42,42,3,
cnn,CIFAR10,qat,conv1,"(32, 3, 3, 3)",262.82066127232144,0.30419058017629796,43,43,3,
cnn,CIFAR10,qat,conv1,"(32, 3, 3, 3)",259.78092681037054,0.30067236899348443,44,44,3,
cnn,CIFAR10,qat,conv1,"(32, 3, 3, 3)",256.1230275668336,0.29643868931346484,"42,43,44",aggregate,3,9.096031738815839
cnn,CIFAR10,qat,conv2,"(64, 32, 3, 3)",604.1564527239118,0.032777585325733063,42,42,3,
cnn,CIFAR10,qat,conv2,"(64, 32, 3, 3)",542.538384437561,0.02943459116957254,43,43,3,
cnn,CIFAR10,qat,conv2,"(64, 32, 3, 3)",598.7181060791015,0.03248253613710403,44,44,3,
cnn,CIFAR10,qat,conv2,"(64, 32, 3, 3)",581.8043144135248,0.03156490421080321,"42,43,44",aggregate,3,34.11383658012165
cnn,CIFAR10,qat,conv3,"(128, 64, 3, 3)",255.24569905598958,0.003461991360893956,42,42,3,
cnn,CIFAR10,qat,conv3,"(128, 64, 3, 3)",271.43389696393695,0.0036815578472756206,43,43,3,
cnn,CIFAR10,qat,conv3,"(128, 64, 3, 3)",282.5058358510335,0.003831730629489929,44,44,3,
cnn,CIFAR10,qat,conv3,"(128, 64, 3, 3)",269.72847729032003,0.003658426612553169,"42,43,44",aggregate,3,13.709854365327766
cnn,CIFAR10,qat,conv4,"(256, 128, 3, 3)",16.895270849529066,5.728919423261538e-05,42,42,3,
cnn,CIFAR10,qat,conv4,"(256, 128, 3, 3)",15.687594711780548,5.319415524556664e-05,43,43,3,
cnn,CIFAR10,qat,conv4,"(256, 128, 3, 3)",15.507377551152157,5.2583067325684125e-05,44,44,3,
cnn,CIFAR10,qat,conv4,"(256, 128, 3, 3)",16.030081037487257,5.435547226795538e-05,"42,43,44",aggregate,3,0.7546751714426183
cnn,CIFAR10,qat,fc1,"(1024, 1024)",11.43065199099089,1.0901119223585978e-05,42,42,3,
cnn,CIFAR10,qat,fc1,"(1024, 1024)",13.484882235527039,1.2860185847785033e-05,43,43,3,
cnn,CIFAR10,qat,fc1,"(1024, 1024)",13.135787450350248,1.252726311717057e-05,44,44,3,
cnn,CIFAR10,qat,fc1,"(1024, 1024)",12.683773892289393,1.2096189396180528e-05,"42,43,44",aggregate,3,1.0991827267997287
cnn,CIFAR10,qat,fc2,"(10, 1024)",4.914492253334291,0.0004799308841146769,42,42,3,
cnn,CIFAR10,qat,fc2,"(10, 1024)",5.098918640095254,0.0004979412734468022,43,43,3,
cnn,CIFAR10,qat,fc2,"(10, 1024)",5.83200523853302,0.0005695317615754902,44,44,3,
cnn,CIFAR10,qat,fc2,"(10, 1024)",5.281805377320855,0.0005158013063789898,"42,43,44",aggregate,3,0.4853279185167899
cnn,CIFAR10,fp32_fused_qat,conv1,"(32, 3, 3, 3)",441.24858169555665,0.5107043769624499,42,42,3,
cnn,CIFAR10,fp32_fused_qat,conv1,"(32, 3, 3, 3)",422.93101719447543,0.48950349212323546,43,43,3,
cnn,CIFAR10,fp32_fused_qat,conv1,"(32, 3, 3, 3)",487.7422383626302,0.5645164795863775,44,44,3,
cnn,CIFAR10,fp32_fused_qat,conv1,"(32, 3, 3, 3)",450.6406124175541,0.5215747828906876,"42,43,44",aggregate,3,33.41079583217191
cnn,CIFAR10,fp32_fused_qat,conv2,"(64, 32, 3, 3)",767.6576054890951,0.04164809057558025,42,42,3,
cnn,CIFAR10,fp32_fused_qat,conv2,"(64, 32, 3, 3)",1010.1312422318892,0.05480312729122663,43,43,3,
cnn,CIFAR10,fp32_fused_qat,conv2,"(64, 32, 3, 3)",878.3471837926794,0.04765338453736325,44,44,3,
cnn,CIFAR10,fp32_fused_qat,conv2,"(64, 32, 3, 3)",885.3786771712213,0.04803486746805671,"42,43,44",aggregate,3,121.38965175486946
cnn,CIFAR10,fp32_fused_qat,conv3,"(128, 64, 3, 3)",381.26476806640625,0.005171234375900693,42,42,3,
cnn,CIFAR10,fp32_fused_qat,conv3,"(128, 64, 3, 3)",410.08663058810765,0.005562155905329151,43,43,3,
cnn,CIFAR10,fp32_fused_qat,conv3,"(128, 64, 3, 3)",417.74603002211626,0.005666043158937124,44,44,3,
cnn,CIFAR10,fp32_fused_qat,conv3,"(128, 64, 3, 3)",403.0324762255434,0.005466477813388989,"42,43,44",aggregate,3,19.236461181788272
cnn,CIFAR10,fp32_fused_qat,conv4,"(256, 128, 3, 3)",23.609476966857912,8.005600642516382e-05,42,42,3,
cnn,CIFAR10,fp32_fused_qat,conv4,"(256, 128, 3, 3)",22.619218730926512,7.669819719416813e-05,43,43,3,
cnn,CIFAR10,fp32_fused_qat,conv4,"(256, 128, 3, 3)",21.816847223984567,7.397748217768205e-05,44,44,3,
cnn,CIFAR10,fp32_fused_qat,conv4,"(256, 128, 3, 3)",22.681847640589663,7.691056193233799e-05,"42,43,44",aggregate,3,0.8979544164392395
cnn,CIFAR10,fp32_fused_qat,fc1,"(1024, 1024)",12.588786870241165,1.2005602712861219e-05,42,42,3,
cnn,CIFAR10,fp32_fused_qat,fc1,"(1024, 1024)",12.606783490431937,1.2022765627319276e-05,43,43,3,
cnn,CIFAR10,fp32_fused_qat,fc1,"(1024, 1024)",12.257459004720053,1.168962383720403e-05,44,44,3,
cnn,CIFAR10,fp32_fused_qat,fc1,"(1024, 1024)",12.484343121797718,1.1905997392461507e-05,"42,43,44",aggregate,3,0.1966933438659189
cnn,CIFAR10,fp32_fused_qat,fc2,"(10, 1024)",5.191497751257637,0.0005069822022712536,42,42,3,
cnn,CIFAR10,fp32_fused_qat,fc2,"(10, 1024)",5.554156849461217,0.000542398129830197,43,43,3,
cnn,CIFAR10,fp32_fused_qat,fc2,"(10, 1024)",5.669384833305113,0.0005536508626274525,44,44,3,
cnn,CIFAR10,fp32_fused_qat,fc2,"(10, 1024)",5.471679811341322,0.000534343731576301,"42,43,44",aggregate,3,0.24939098251487715
