model,dataset,variant,layer,layer_type,numel,trace_raw,trace_per_param,elev_raw,elev_per_param,raw_vs_numel_slope,raw_vs_numel_r2,seed,n_seeds,metric_std
resnet50_no_weights,CIFAR10,fp32_unfused,conv1,conv,1728,14.139912585417429,0.008182819783227678,,,,,42,3,
resnet50_no_weights,CIFAR10,fp32_unfused,conv1,conv,1728,13.2882023027965,0.0076899318881924195,,,,,43,3,
resnet50_no_weights,CIFAR10,fp32_unfused,conv1,conv,1728,16.35560041003757,0.009465046533586556,,,,,44,3,
resnet50_no_weights,CIFAR10,fp32_unfused,conv1,conv,1728,14.594571766083833,0.008445932735002219,1.0194842601182066,128.53140263610857,0.29455040615278455,0.3657531670558129,aggregate,3,1.5834358259808667
resnet50_no_weights,CIFAR10,fp32_unfused,layer1.0.conv1,conv,4096,3.5511611323607597,0.0008669826983302636,,,,,42,3,
resnet50_no_weights,CIFAR10,fp32_unfused,layer1.0.conv1,conv,4096,4.791814982891083,0.0011698767048073933,,,,,43,3,
resnet50_no_weights,CIFAR10,fp32_unfused,layer1.0.conv1,conv,4096,4.06581972195552,0.0009926317680555468,,,,,44,3,
resnet50_no_weights,CIFAR10,fp32_unfused,layer1.0.conv1,conv,4096,4.136265279069121,0.0010098303903977345,0.28893327020967613,15.36774215173238,0.29455040615278455,0.3657531670558129,aggregate,3,0.6233196825038606
resnet50_no_weights,CIFAR10,fp32_unfused,layer1.0.conv2,conv,36864,4.2610045180601235,0.00011558714512966915,,,,,42,3,
resnet50_no_weights,CIFAR10,fp32_unfused,layer1.0.conv2,conv,36864,4.193192092995894,0.00011374761536989731,,,,,43,3,
resnet50_no_weights,CIFAR10,fp32_unfused,layer1.0.conv2,conv,36864,3.3185694879955716,9.002195876724098e-05,,,,,44,3,
resnet50_no_weights,CIFAR10,fp32_unfused,layer1.0.conv2,conv,36864,3.92425536635053,0.00010645223975560249,0.2741236017610324,1.6200052876148456,0.29455040615278455,0.3657531670558129,aggregate,3,0.5256340634673858
resnet50_no_weights,CIFAR10,fp32_unfused,layer1.0.conv3,conv,16384,2.977858986173357,0.00018175408851155744,,,,,42,3,
resnet50_no_weights,CIFAR10,fp32_unfused,layer1.0.conv3,conv,16384,2.777326354613671,0.0001695145480110883,,,,,43,3,
resnet50_no_weights,CIFAR10,fp32_unfused,layer1.0.conv3,conv,16384,2.8516866435175356,0.00017405313986313084,,,,,44,3,
resnet50_no_weights,CIFAR10,fp32_unfused,layer1.0.conv3,conv,16384,2.868957328101521,0.00017510725879525885,0.20040717095566513,2.664807107857315,0.29455040615278455,0.3657531670558129,aggregate,3,0.1013757440888246
resnet50_no_weights,CIFAR10,fp32_unfused,layer1.0.downsample.0,conv,16384,19.757224082946777,0.0012058852589689195,,,,,42,3,
resnet50_no_weights,CIFAR10,fp32_unfused,layer1.0.downsample.0,conv,16384,15.814886591651224,0.0009652640741974624,,,,,43,3,
resnet50_no_weights,CIFAR10,fp32_unfused,layer1.0.downsample.0,conv,16384,16.269524657207988,0.0009930129795659172,,,,,44,3,
resnet50_no_weights,CIFAR10,fp32_unfused,layer1.0.downsample.0,conv,16384,17.280545110601995,0.0010547207709107663,1.2071093300224054,16.050890331245686,0.29455040615278455,0.3657531670558129,aggregate,3,2.1568792251084434
resnet50_no_weights,CIFAR10,fp32_unfused,layer1.1.conv1,conv,16384,2.6021363638168156,0.00015882179954936618,,,,,42,3,
resnet50_no_weights,CIFAR10,fp32_unfused,layer1.1.conv1,conv,16384,2.297819438970314,0.00014024776849184045,,,,,43,3,
resnet50_no_weights,CIFAR10,fp32_unfused,layer1.1.conv1,conv,16384,2.8359072625637056,0.00017309004288108555,,,,,44,3,
resnet50_no_weights,CIFAR10,fp32_unfused,layer1.1.conv1,conv,16384,2.578621021783612,0.0001573865369740974,0.18012611720663893,2.395130649038397,0.29455040615278455,0.3657531670558129,aggregate,3,0.26981355591977246
resnet50_no_weights,CIFAR10,fp32_unfused,layer1.1.conv2,conv,36864,3.508905839920044,9.518516275824772e-05,,,,,42,3,
resnet50_no_weights,CIFAR10,fp32_unfused,layer1.1.conv2,conv,36864,3.528678166238885,9.57215214366017e-05,,,,,43,3,
resnet50_no_weights,CIFAR10,fp32_unfused,layer1.1.conv2,conv,36864,3.2650647849747627,8.857055080769213e-05,,,,,44,3,
resnet50_no_weights,CIFAR10,fp32_unfused,layer1.1.conv2,conv,36864,3.434216263711231,9.315907833418053e-05,0.23989257669291764,1.417708071123561,0.29455040615278455,0.3657531670558129,aggregate,3,0.14682269337900392
resnet50_no_weights,CIFAR10,fp32_unfused,layer1.1.conv3,conv,16384,2.41602667093277,0.00014746256536454894,,,,,42,3,
resnet50_no_weights,CIFAR10,fp32_unfused,layer1.1.conv3,conv,16384,2.373205954658574,0.00014484899625601648,,,,,43,3,
resnet50_no_weights,CIFAR10,fp32_unfused,layer1.1.conv3,conv,16384,2.6052555624319584,0.0001590121803242162,,,,,44,3,
resnet50_no_weights,CIFAR10,fp32_unfused,layer1.1.conv3,conv,16384,2.4648293960077674,0.0001504412473149272,0.17217735562109338,2.289436245635482,0.29455040615278455,0.3657531670558129,aggregate,3,0.12348293241579883
resnet50_no_weights,CIFAR10,fp32_unfused,layer1.2.conv1,conv,16384,4.755393317010667,0.00029024617413395186,,,,,42,3,
resnet50_no_weights,CIFAR10,fp32_unfused,layer1.2.conv1,conv,16384,4.536699587390537,0.00027689816817569194,,,,,43,3,
resnet50_no_weights,CIFAR10,fp32_unfused,layer1.2.conv1,conv,16384,4.847277879714966,0.00029585436277557164,,,,,44,3,
resnet50_no_weights,CIFAR10,fp32_unfused,layer1.2.conv1,conv,16384,4.71312359470539,0.00028766623502840516,0.32922893510038237,4.377745577586544,0.29455040615278455,0.3657531670558129,aggregate,3,0.15954549816153882
resnet50_no_weights,CIFAR10,fp32_unfused,layer1.2.conv2,conv,36864,13.134920156002044,0.0003563075129123818,,,,,42,3,
resnet50_no_weights,CIFAR10,fp32_unfused,layer1.2.conv2,conv,36864,12.882980012893677,0.0003494731991344856,,,,,43,3,
resnet50_no_weights,CIFAR10,fp32_unfused,layer1.2.conv2,conv,36864,12.221426782936886,0.0003315274192419945,,,,,44,3,
resnet50_no_weights,CIFAR10,fp32_unfused,layer1.2.conv2,conv,36864,12.746442317277536,0.0003457693770962873,0.8903856531897398,5.261967437014841,0.29455040615278455,0.3657531670558129,aggregate,3,0.47180445356271766
resnet50_no_weights,CIFAR10,fp32_unfused,layer1.2.conv3,conv,16384,5.1393742055603955,0.00031368250766359836,,,,,42,3,
resnet50_no_weights,CIFAR10,fp32_unfused,layer1.2.conv3,conv,16384,5.538467748959859,0.0003380412444433508,,,,,43,3,
resnet50_no_weights,CIFAR10,fp32_unfused,layer1.2.conv3,conv,16384,5.343284469842911,0.0003261282025050605,,,,,44,3,
resnet50_no_weights,CIFAR10,fp32_unfused,layer1.2.conv3,conv,16384,5.340375474787722,0.00032595065153733654,0.37304477492923954,4.960363259657942,0.29455040615278455,0.3657531670558129,aggregate,3,0.19956267382694154
resnet50_no_weights,CIFAR10,fp32_unfused,layer2.0.conv1,conv,32768,17.233585410647922,0.0005259272891433082,,,,,42,3,
resnet50_no_weights,CIFAR10,fp32_unfused,layer2.0.conv1,conv,32768,13.190627119757913,0.00040254599364495584,,,,,43,3,
resnet50_no_weights,CIFAR10,fp32_unfused,layer2.0.conv1,conv,32768,13.198736381530761,0.0004027934686746448,,,,,44,3,
resnet50_no_weights,CIFAR10,fp32_unfused,layer2.0.conv1,conv,32768,14.540982970645532,0.0004437555838209696,1.0157408865993616,6.7531354328385484,0.29455040615278455,0.3657531670558129,aggregate,3,2.3318656404179348
resnet50_no_weights,CIFAR10,fp32_unfused,layer2.0.conv2,conv,147456,27.206237651683665,0.00018450410733834952,,,,,42,3,
resnet50_no_weights,CIFAR10,fp32_unfused,layer2.0.conv2,conv,147456,29.390762329101562,0.00019931886345148087,,,,,43,3,
resnet50_no_weights,CIFAR10,fp32_unfused,layer2.0.conv2,conv,147456,30.301896003576424,0.00020549788413883752,,,,,44,3,
resnet50_no_weights,CIFAR10,fp32_unfused,layer2.0.conv2,conv,147456,28.966298661453884,0.00019644028497622262,2.0234019903113123,2.989456126922866,0.29455040615278455,0.3657531670558129,aggregate,3,1.5908809546209097
resnet50_no_weights,CIFAR10,fp32_unfused,layer2.0.conv3,conv,65536,27.33037330165054,0.00041702840120926726,,,,,42,3,
resnet50_no_weights,CIFAR10,fp32_unfused,layer2.0.conv3,conv,65536,27.90734718243281,0.000425832323950696,,,,,43,3,
resnet50_no_weights,CIFAR10,fp32_unfused,layer2.0.conv3,conv,65536,28.418352270779543,0.00043362964280364293,,,,,44,3,
resnet50_no_weights,CIFAR10,fp32_unfused,layer2.0.conv3,conv,65536,27.8853575849543,0.0004254967893212021,1.9478942994198614,6.475270507657024,0.29455040615278455,0.3657531670558129,aggregate,3,0.5443227132085368
resnet50_no_weights,CIFAR10,fp32_unfused,layer2.0.downsample.0,conv,131072,33.5867650440761,0.0002562466815496529,,,,,42,3,
resnet50_no_weights,CIFAR10,fp32_unfused,layer2.0.downsample.0,conv,131072,31.94202885260949,0.00024369834024512855,,,,,43,3,
resnet50_no_weights,CIFAR10,fp32_unfused,layer2.0.downsample.0,conv,131072,25.510972023010254,0.00019463327043922618,,,,,44,3,
resnet50_no_weights,CIFAR10,fp32_unfused,layer2.0.downsample.0,conv,131072,30.346588639898616,0.00023152609741133588,2.1198202977462346,3.5233969983938658,0.29455040615278455,0.3657531670558129,aggregate,3,4.267748860233596
resnet50_no_weights,CIFAR10,fp32_unfused,layer2.1.conv1,conv,65536,3.5460863944255943,5.410898428994132e-05,,,,,42,3,
resnet50_no_weights,CIFAR10,fp32_unfused,layer2.1.conv1,conv,65536,3.174165734877953,4.8433925397917985e-05,,,,,43,3,
resnet50_no_weights,CIFAR10,fp32_unfused,layer2.1.conv1,conv,65536,2.9548681463514055,4.5087709752676475e-05,,,,,44,3,
resnet50_no_weights,CIFAR10,fp32_unfused,layer2.1.conv1,conv,65536,3.2250400918849844,4.9210206480178595e-05,0.22528085541828502,0.7488879039608185,0.29455040615278455,0.3657531670558129,aggregate,3,0.2988743956324084
resnet50_no_weights,CIFAR10,fp32_unfused,layer2.1.conv2,conv,147456,8.542967345979479,5.7935705200056147e-05,,,,,42,3,
resnet50_no_weights,CIFAR10,fp32_unfused,layer2.1.conv2,conv,147456,6.897857798470391,4.6779092057769035e-05,,,,,43,3,
resnet50_no_weights,CIFAR10,fp32_unfused,layer2.1.conv2,conv,147456,8.146144323050976,5.524457684360742e-05,,,,,44,3,
resnet50_no_weights,CIFAR10,fp32_unfused,layer2.1.conv2,conv,147456,7.862323155833615,5.33197913671442e-05,0.5492120518371388,0.8114281498219768,0.29455040615278455,0.3657531670558129,aggregate,3,0.8584941450277092
resnet50_no_weights,CIFAR10,fp32_unfused,layer2.1.conv3,conv,65536,9.498174927451394,0.00014493064769670707,,,,,42,3,
resnet50_no_weights,CIFAR10,fp32_unfused,layer2.1.conv3,conv,65536,9.809371762805515,0.00014967913456429314,,,,,43,3,
resnet50_no_weights,CIFAR10,fp32_unfused,layer2.1.conv3,conv,65536,8.289721416704582,0.00012649111048438388,,,,,44,3,
resnet50_no_weights,CIFAR10,fp32_unfused,layer2.1.conv3,conv,65536,9.199089368987163,0.00014036696424846135,0.642590064951226,2.1361243766313875,0.29455040615278455,0.3657531670558129,aggregate,3,0.8027598782092731
resnet50_no_weights,CIFAR10,fp32_unfused,layer2.2.conv1,conv,65536,4.706345740486594,7.18131369092803e-05,,,,,42,3,
resnet50_no_weights,CIFAR10,fp32_unfused,layer2.2.conv1,conv,65536,4.671743132851341,7.128514301836152e-05,,,,,43,3,
resnet50_no_weights,CIFAR10,fp32_unfused,layer2.2.conv1,conv,65536,4.458788299560547,6.803571013733745e-05,,,,,44,3,
resnet50_no_weights,CIFAR10,fp32_unfused,layer2.2.conv1,conv,65536,4.612292390966161,7.037799668832643e-05,0.32218550643467786,1.071022338549044,0.29455040615278455,0.3657531670558129,aggregate,3,0.13405955643849854
resnet50_no_weights,CIFAR10,fp32_unfused,layer2.2.conv2,conv,147456,9.03555188860212,6.127625792509033e-05,,,,,42,3,
resnet50_no_weights,CIFAR10,fp32_unfused,layer2.2.conv2,conv,147456,8.208148980140686,5.566507283624055e-05,,,,,43,3,
resnet50_no_weights,CIFAR10,fp32_unfused,layer2.2.conv2,conv,147456,7.620221366273596,5.16779335277886e-05,,,,,44,3,
resnet50_no_weights,CIFAR10,fp32_unfused,layer2.2.conv2,conv,147456,8.2879740783388,5.620642142970649e-05,0.5789453268351261,0.8553572956574712,0.29455040615278455,0.3657531670558129,aggregate,3,0.7110338645841257
resnet50_no_weights,CIFAR10,fp32_unfused,layer2.2.conv3,conv,65536,7.448927359147505,0.00011366161131511696,,,,,42,3,
resnet50_no_weights,CIFAR10,fp32_unfused,layer2.2.conv3,conv,65536,8.074073276004276,0.00012320058099371759,,,,,43,3,
resnet50_no_weights,CIFAR10,fp32_unfused,layer2.2.conv3,conv,65536,8.11024776581795,0.000123752559903228,,,,,44,3,
resnet50_no_weights,CIFAR10,fp32_unfused,layer2.2.conv3,conv,65536,7.87774946698991,0.00012020491740402085,0.5502896361381785,1.8292954872428688,0.29455040615278455,0.3657531670558129,aggregate,3,0.37181103878061855
resnet50_no_weights,CIFAR10,fp32_unfused,layer2.3.conv1,conv,65536,5.353548521219298,8.168866762114407e-05,,,,,42,3,
resnet50_no_weights,CIFAR10,fp32_unfused,layer2.3.conv1,conv,65536,5.71238374710083,8.716405864106491e-05,,,,,43,3,
resnet50_no_weights,CIFAR10,fp32_unfused,layer2.3.conv1,conv,65536,6.993871026568943,0.00010671800272474583,,,,,44,3,
resnet50_no_weights,CIFAR10,fp32_unfused,layer2.3.conv1,conv,65536,6.01993443162969,9.185690966231827e-05,0.42051445553560884,1.3978914835287262,0.29455040615278455,0.3657531670558129,aggregate,3,0.8623253724985495
resnet50_no_weights,CIFAR10,fp32_unfused,layer2.3.conv2,conv,147456,15.506797278368914,0.00010516219942470239,,,,,42,3,
resnet50_no_weights,CIFAR10,fp32_unfused,layer2.3.conv2,conv,147456,17.80392775932948,0.00012074061251715413,,,,,43,3,
resnet50_no_weights,CIFAR10,fp32_unfused,layer2.3.conv2,conv,147456,14.39902034827641,9.764960631155335e-05,,,,,44,3,
resnet50_no_weights,CIFAR10,fp32_unfused,layer2.3.conv2,conv,147456,15.903248461991602,0.00010785080608446996,1.1109001176332554,1.6412888684304963,0.29455040615278455,0.3657531670558129,aggregate,3,1.736729332742411
resnet50_no_weights,CIFAR10,fp32_unfused,layer2.3.conv3,conv,65536,8.07066777996395,0.00012314861724798507,,,,,42,3,
resnet50_no_weights,CIFAR10,fp32_unfused,layer2.3.conv3,conv,65536,8.62080649137497,0.00013154306780052138,,,,,43,3,
resnet50_no_weights,CIFAR10,fp32_unfused,layer2.3.conv3,conv,65536,7.638727642240978,0.00011655773379884305,,,,,44,3,
resnet50_no_weights,CIFAR10,fp32_unfused,layer2.3.conv3,conv,65536,8.110067304526632,0.00012374980628244983,0.5665178874708957,1.8832421091293265,0.29455040615278455,0.3657531670558129,aggregate,3,0.49222348418265277
resnet50_no_weights,CIFAR10,fp32_unfused,layer3.0.conv1,conv,131072,49.8258723234519,0.00038014123781930463,,,,,42,3,
resnet50_no_weights,CIFAR10,fp32_unfused,layer3.0.conv1,conv,131072,43.295939445495605,0.00033032180363079533,,,,,43,3,
resnet50_no_weights,CIFAR10,fp32_unfused,layer3.0.conv1,conv,131072,47.44228721877276,0.0003619559266568967,,,,,44,3,
resnet50_no_weights,CIFAR10,fp32_unfused,layer3.0.conv1,conv,131072,46.854699662573424,0.0003574729893689989,3.2729722792940135,5.440074669042233,0.29455040615278455,0.3657531670558129,aggregate,3,3.304383482558262
resnet50_no_weights,CIFAR10,fp32_unfused,layer3.0.conv2,conv,589824,34.815407462742016,5.90267731776632e-05,,,,,42,3,
resnet50_no_weights,CIFAR10,fp32_unfused,layer3.0.conv2,conv,589824,40.148930875878584,6.806934081332496e-05,,,,,43,3,
resnet50_no_weights,CIFAR10,fp32_unfused,layer3.0.conv2,conv,589824,42.71753394894483,7.242420442190354e-05,,,,,44,3,
resnet50_no_weights,CIFAR10,fp32_unfused,layer3.0.conv2,conv,589824,39.22729076252181,6.650677280429723e-05,2.740169848108005,1.012109504248269,0.29455040615278455,0.3657531670558129,aggregate,3,4.030876595096684
resnet50_no_weights,CIFAR10,fp32_unfused,layer3.0.conv3,conv,262144,33.63131955090691,0.0001282933027302052,,,,,42,3,
resnet50_no_weights,CIFAR10,fp32_unfused,layer3.0.conv3,conv,262144,25.073888206481932,9.564929277985356e-05,,,,,43,3,
resnet50_no_weights,CIFAR10,fp32_unfused,layer3.0.conv3,conv,262144,27.775371472040813,0.00010595463360611272,,,,,44,3,
resnet50_no_weights,CIFAR10,fp32_unfused,layer3.0.conv3,conv,262144,28.826859743143217,0.00010996574303872382,2.013661671462356,1.6734742790590498,0.29455040615278455,0.3657531670558129,aggregate,3,4.374543232365662
resnet50_no_weights,CIFAR10,fp32_unfused,layer3.0.downsample.0,conv,524288,36.15413469881625,6.895853938830614e-05,,,,,42,3,
resnet50_no_weights,CIFAR10,fp32_unfused,layer3.0.downsample.0,conv,524288,37.938968658447266,7.236284000100568e-05,,,,,43,3,
resnet50_no_weights,CIFAR10,fp32_unfused,layer3.0.downsample.0,conv,524288,41.356351640489365,7.888098075960038e-05,,,,,44,3,
resnet50_no_weights,CIFAR10,fp32_unfused,layer3.0.downsample.0,conv,524288,38.483151665917624,7.340078671630406e-05,2.6881890083488322,1.1170235860560556,0.29455040615278455,0.3657531670558129,aggregate,3,2.643457326357342
resnet50_no_weights,CIFAR10,fp32_unfused,layer3.1.conv1,conv,262144,7.970239734649658,3.0404051722143775e-05,,,,,42,3,
resnet50_no_weights,CIFAR10,fp32_unfused,layer3.1.conv1,conv,262144,8.049430102836794,3.070613900313108e-05,,,,,43,3,
resnet50_no_weights,CIFAR10,fp32_unfused,layer3.1.conv1,conv,262144,7.392206859588623,2.819903129420709e-05,,,,,44,3,
resnet50_no_weights,CIFAR10,fp32_unfused,layer3.1.conv1,conv,262144,7.803958899025025,2.9769740673160648e-05,0.5451350948613864,0.45304013717480124,0.29455040615278455,0.3657531670558129,aggregate,3,0.3587792985784307
resnet50_no_weights,CIFAR10,fp32_unfused,layer3.1.conv2,conv,589824,20.474387380811905,3.4712706469746746e-05,,,,,42,3,
resnet50_no_weights,CIFAR10,fp32_unfused,layer3.1.conv2,conv,589824,20.035703533574154,3.396895265973265e-05,,,,,43,3,
resnet50_no_weights,CIFAR10,fp32_unfused,layer3.1.conv2,conv,589824,20.27177345051485,3.436919055602154e-05,,,,,44,3,
resnet50_no_weights,CIFAR10,fp32_unfused,layer3.1.conv2,conv,589824,20.26062145496697,3.435028322850031e-05,1.4152785710063032,0.5227474836508489,0.29455040615278455,0.3657531670558129,aggregate,3,0.21955444589065742
resnet50_no_weights,CIFAR10,fp32_unfused,layer3.1.conv3,conv,262144,13.554689327875773,5.170703631544408e-05,,,,,42,3,
resnet50_no_weights,CIFAR10,fp32_unfused,layer3.1.conv3,conv,262144,13.959311443826426,5.325054719477244e-05,,,,,43,3,
resnet50_no_weights,CIFAR10,fp32_unfused,layer3.1.conv3,conv,262144,14.630587935447693,5.581126379183843e-05,,,,,44,3,
resnet50_no_weights,CIFAR10,fp32_unfused,layer3.1.conv3,conv,262144,14.048196235716631,5.358961576735165e-05,0.981317929358331,0.8155343758259305,0.29455040615278455,0.3657531670558129,aggregate,3,0.5434287746483646
resnet50_no_weights,CIFAR10,fp32_unfused,layer3.2.conv1,conv,262144,11.310809135437012,4.314731268095784e-05,,,,,42,3,
resnet50_no_weights,CIFAR10,fp32_unfused,layer3.2.conv1,conv,262144,11.785375640505837,4.49576402302011e-05,,,,,43,3,
resnet50_no_weights,CIFAR10,fp32_unfused,layer3.2.conv1,conv,262144,11.303696177222513,4.3120178898706484e-05,,,,,44,3,
resnet50_no_weights,CIFAR10,fp32_unfused,layer3.2.conv1,conv,262144,11.466626984388453,4.374171060328847e-05,0.8009858675262467,0.665667557858183,0.29455040615278455,0.3657531670558129,aggregate,3,0.2760673430091264
resnet50_no_weights,CIFAR10,fp32_unfused,layer3.2.conv2,conv,589824,23.507926904238186,3.98558331031599e-05,,,,,42,3,
resnet50_no_weights,CIFAR10,fp32_unfused,layer3.2.conv2,conv,589824,26.549128490945566,4.501195015961637e-05,,,,,43,3,
resnet50_no_weights,CIFAR10,fp32_unfused,layer3.2.conv2,conv,589824,24.49372381322524,4.152717389123745e-05,,,,,44,3,
resnet50_no_weights,CIFAR10,fp32_unfused,layer3.2.conv2,conv,589824,24.85025973613633,4.213165238467124e-05,1.7358816049481258,0.6411654634587048,0.29455040615278455,0.3657531670558129,aggregate,3,1.551633065834967
resnet50_no_weights,CIFAR10,fp32_unfused,layer3.2.conv3,conv,262144,13.734152533791281,5.2391634116330266e-05,,,,,42,3,
resnet50_no_weights,CIFAR10,fp32_unfused,layer3.2.conv3,conv,262144,13.517136414845785,5.156378332079233e-05,,,,,43,3,
resnet50_no_weights,CIFAR10,fp32_unfused,layer3.2.conv3,conv,262144,12.505676322513157,4.7705369272282245e-05,,,,,44,3,
resnet50_no_weights,CIFAR10,fp32_unfused,layer3.2.conv3,conv,262144,13.252321757050074,5.0553595569801614e-05,0.9257231837888926,0.7693317897213231,0.29455040615278455,0.3657531670558129,aggregate,3,0.6556550561512191
resnet50_no_weights,CIFAR10,fp32_unfused,layer3.3.conv1,conv,262144,16.69755539141203,6.369611889424145e-05,,,,,42,3,
resnet50_no_weights,CIFAR10,fp32_unfused,layer3.3.conv1,conv,262144,17.621856530507404,6.722204792216265e-05,,,,,43,3,
resnet50_no_weights,CIFAR10,fp32_unfused,layer3.3.conv1,conv,262144,16.732070229270242,6.382778255184266e-05,,,,,44,3,
resnet50_no_weights,CIFAR10,fp32_unfused,layer3.3.conv1,conv,262144,17.017160717063227,6.491531645608226e-05,1.1887109660363133,0.9878904957517308,0.29455040615278455,0.3657531670558129,aggregate,3,0.5239662094121931
resnet50_no_weights,CIFAR10,fp32_unfused,layer3.3.conv2,conv,589824,29.721752783831427,5.039088403291732e-05,,,,,42,3,
resnet50_no_weights,CIFAR10,fp32_unfused,layer3.3.conv2,conv,589824,35.37535540262858,5.9976120677742135e-05,,,,,43,3,
resnet50_no_weights,CIFAR10,fp32_unfused,layer3.3.conv2,conv,589824,31.495519483411634,5.339816535680412e-05,,,,,44,3,
resnet50_no_weights,CIFAR10,fp32_unfused,layer3.3.conv2,conv,589824,32.19754255662388,5.458839002248786e-05,2.2491162040975787,0.830733864142653,0.29455040615278455,0.3657531670558129,aggregate,3,2.891441325586476
resnet50_no_weights,CIFAR10,fp32_unfused,layer3.3.conv3,conv,262144,15.768285295237666,6.015123479933802e-05,,,,,42,3,
resnet50_no_weights,CIFAR10,fp32_unfused,layer3.3.conv3,conv,262144,14.3153888185819,5.460887458260307e-05,,,,,43,3,
resnet50_no_weights,CIFAR10,fp32_unfused,layer3.3.conv3,conv,262144,17.75535786151886,6.773131508452934e-05,,,,,44,3,
resnet50_no_weights,CIFAR10,fp32_unfused,layer3.3.conv3,conv,262144,15.946343991779475,6.083047482215681e-05,1.1139104981366623,0.9257267962258107,0.29455040615278455,0.3657531670558129,aggregate,3,1.7268831543135112
resnet50_no_weights,CIFAR10,fp32_unfused,layer3.4.conv1,conv,262144,17.966425514221193,6.853647428215482e-05,,,,,42,3,
resnet50_no_weights,CIFAR10,fp32_unfused,layer3.4.conv1,conv,262144,17.503366152445476,6.677004300096694e-05,,,,,43,3,
resnet50_no_weights,CIFAR10,fp32_unfused,layer3.4.conv1,conv,262144,19.39453012293035,7.398426102802411e-05,,,,,44,3,
resnet50_no_weights,CIFAR10,fp32_unfused,layer3.4.conv1,conv,262144,18.288107263199006,6.976359277038195e-05,1.2774912344816067,1.0616722525566171,0.29455040615278455,0.3657531670558129,aggregate,3,0.9857660227123365
resnet50_no_weights,CIFAR10,fp32_unfused,layer3.4.conv2,conv,589824,31.5394023548473,5.347256529888119e-05,,,,,42,3,
resnet50_no_weights,CIFAR10,fp32_unfused,layer3.4.conv2,conv,589824,26.75070849524604,4.5353713133487346e-05,,,,,43,3,
resnet50_no_weights,CIFAR10,fp32_unfused,layer3.4.conv2,conv,589824,31.178786822727748,5.2861170150295255e-05,,,,,44,3,
resnet50_no_weights,CIFAR10,fp32_unfused,layer3.4.conv2,conv,589824,29.822965890940363,5.056248286088793e-05,2.083243332052502,0.7694670377779677,0.29455040615278455,0.3657531670558129,aggregate,3,2.6667555230186197
resnet50_no_weights,CIFAR10,fp32_unfused,layer3.4.conv3,conv,262144,12.098396513197157,4.615172009734023e-05,,,,,42,3,
resnet50_no_weights,CIFAR10,fp32_unfused,layer3.4.conv3,conv,262144,15.205800027558297,5.8005523786767185e-05,,,,,43,3,
resnet50_no_weights,CIFAR10,fp32_unfused,layer3.4.conv3,conv,262144,15.489930311838785,5.908939480529322e-05,,,,,44,3,
resnet50_no_weights,CIFAR10,fp32_unfused,layer3.4.conv3,conv,262144,14.264708950864746,5.441554622980021e-05,0.9964421350388234,0.8281035027831528,0.29455040615278455,0.3657531670558129,aggregate,3,1.8814528130692776
resnet50_no_weights,CIFAR10,fp32_unfused,layer3.5.conv1,conv,262144,18.090497085026332,6.900976976404698e-05,,,,,42,3,
resnet50_no_weights,CIFAR10,fp32_unfused,layer3.5.conv1,conv,262144,18.742629253503047,7.149745656396121e-05,,,,,43,3,
resnet50_no_weights,CIFAR10,fp32_unfused,layer3.5.conv1,conv,262144,14.202176729838053,5.4177004737236224e-05,,,,,44,3,
resnet50_no_weights,CIFAR10,fp32_unfused,layer3.5.conv1,conv,262144,17.01176768945581,6.48947436884148e-05,1.1883342433171908,0.9875774164545862,0.29455040615278455,0.3657531670558129,aggregate,3,2.4549277202322903
resnet50_no_weights,CIFAR10,fp32_unfused,layer3.5.conv2,conv,589824,13.500013545155525,2.288820655849122e-05,,,,,42,3,
resnet50_no_weights,CIFAR10,fp32_unfused,layer3.5.conv2,conv,589824,13.755586478445265,2.3321510278397054e-05,,,,,43,3,
resnet50_no_weights,CIFAR10,fp32_unfused,layer3.5.conv2,conv,589824,15.844125556945801,2.6862463305911256e-05,,,,,44,3,
resnet50_no_weights,CIFAR10,fp32_unfused,layer3.5.conv2,conv,589824,14.36657519351553,2.4357393380933175e-05,1.0035578649611767,0.37067426819969646,0.29455040615278455,0.3657531670558129,aggregate,3,1.2859609980136546
resnet50_no_weights,CIFAR10,fp32_unfused,layer3.5.conv3,conv,262144,6.5622212254271215,2.5032887365063177e-05,,,,,42,3,
resnet50_no_weights,CIFAR10,fp32_unfused,layer3.5.conv3,conv,262144,6.370352113948149,2.4300964790146443e-05,,,,,43,3,
resnet50_no_weights,CIFAR10,fp32_unfused,layer3.5.conv3,conv,262144,7.111292815208435,2.7127429257234324e-05,,,,,44,3,
resnet50_no_weights,CIFAR10,fp32_unfused,layer3.5.conv3,conv,262144,6.681288718194568,2.548709380414798e-05,0.46671247328639054,0.3878662095175154,0.29455040615278455,0.3657531670558129,aggregate,3,0.38455309330632803
resnet50_no_weights,CIFAR10,fp32_unfused,layer4.0.conv1,conv,524288,26.205838276789738,4.998366980894039e-05,,,,,42,3,
resnet50_no_weights,CIFAR10,fp32_unfused,layer4.0.conv1,conv,524288,28.317097028096516,5.4010576301758796e-05,,,,,43,3,
resnet50_no_weights,CIFAR10,fp32_unfused,layer4.0.conv1,conv,524288,27.28321531656626,5.2038603432781715e-05,,,,,44,3,
resnet50_no_weights,CIFAR10,fp32_unfused,layer4.0.conv1,conv,524288,27.268716873817503,5.2010949847826964e-05,1.9048196885831812,0.7915100138878554,0.29455040615278455,0.3657531670558129,aggregate,3,1.055704045826276
resnet50_no_weights,CIFAR10,fp32_unfused,layer4.0.conv2,conv,2359296,17.779422283172607,7.535901507556749e-06,,,,,42,3,
resnet50_no_weights,CIFAR10,fp32_unfused,layer4.0.conv2,conv,2359296,17.396052178882417,7.373408075494731e-06,,,,,43,3,
resnet50_no_weights,CIFAR10,fp32_unfused,layer4.0.conv2,conv,2359296,16.448670420153388,6.971855341658438e-06,,,,,44,3,
resnet50_no_weights,CIFAR10,fp32_unfused,layer4.0.conv2,conv,2359296,17.20804829406947,7.293721641569973e-06,1.2020451620188368,0.11099689074519757,0.29455040615278455,0.3657531670558129,aggregate,3,0.6850067340989072
resnet50_no_weights,CIFAR10,fp32_unfused,layer4.0.conv3,conv,1048576,12.579298606285683,1.1996553999219592e-05,,,,,42,3,
resnet50_no_weights,CIFAR10,fp32_unfused,layer4.0.conv3,conv,1048576,10.517451524734497,1.0030223393187043e-05,,,,,43,3,
resnet50_no_weights,CIFAR10,fp32_unfused,layer4.0.conv3,conv,1048576,12.517760476758403,1.1937866665609744e-05,,,,,44,3,
resnet50_no_weights,CIFAR10,fp32_unfused,layer4.0.conv3,conv,1048576,11.871503535926195,1.1321548019338793e-05,0.8292679766692423,0.17229292401383184,0.29455040615278455,0.3657531670558129,aggregate,3,1.1730470459899034
resnet50_no_weights,CIFAR10,fp32_unfused,layer4.0.downsample.0,conv,2097152,33.61652910232544,1.602961020580551e-05,,,,,42,3,
resnet50_no_weights,CIFAR10,fp32_unfused,layer4.0.downsample.0,conv,2097152,30.086301803588867,1.434626665286487e-05,,,,,43,3,
resnet50_no_weights,CIFAR10,fp32_unfused,layer4.0.downsample.0,conv,2097152,34.33555949818004,1.6372470616426487e-05,,,,,44,3,
resnet50_no_weights,CIFAR10,fp32_unfused,layer4.0.downsample.0,conv,2097152,32.67946346803145,1.5582782491698957e-05,2.282780143792171,0.23714099478095546,0.29455040615278455,0.3657531670558129,aggregate,3,2.2743387480741886
resnet50_no_weights,CIFAR10,fp32_unfused,layer4.1.conv1,conv,1048576,25.6497483253479,2.4461506200168515e-05,,,,,42,3,
resnet50_no_weights,CIFAR10,fp32_unfused,layer4.1.conv1,conv,1048576,30.403507709503174,2.899504443121259e-05,,,,,43,3,
resnet50_no_weights,CIFAR10,fp32_unfused,layer4.1.conv1,conv,1048576,26.81393383026123,2.55717600157368e-05,,,,,44,3,
resnet50_no_weights,CIFAR10,fp32_unfused,layer4.1.conv1,conv,1048576,27.6223966217041,2.634277021570597e-05,1.9295255135893585,0.40088801454852024,0.29455040615278455,0.3657531670558129,aggregate,3,2.4778551480003386
resnet50_no_weights,CIFAR10,fp32_unfused,layer4.1.conv2,conv,2359296,62.71084487132537,2.6580320939519826e-05,,,,,42,3,
resnet50_no_weights,CIFAR10,fp32_unfused,layer4.1.conv2,conv,2359296,53.88920166913201,2.2841221139328007e-05,,,,,43,3,
resnet50_no_weights,CIFAR10,fp32_unfused,layer4.1.conv2,conv,2359296,53.41541213989258,2.2640402959142294e-05,,,,,44,3,
resnet50_no_weights,CIFAR10,fp32_unfused,layer4.1.conv2,conv,2359296,56.67181956011665,2.402064834599671e-05,3.95873403891597,0.365549634482007,0.29455040615278455,0.3657531670558129,aggregate,3,5.2353117539998415
resnet50_no_weights,CIFAR10,fp32_unfused,layer4.1.conv3,conv,1048576,21.719225855434644,2.0713067870554584e-05,,,,,42,3,
resnet50_no_weights,CIFAR10,fp32_unfused,layer4.1.conv3,conv,1048576,22.581480686481182,2.153537815712088e-05,,,,,43,3,
resnet50_no_weights,CIFAR10,fp32_unfused,layer4.1.conv3,conv,1048576,19.331492066383362,1.8435947481520998e-05,,,,,44,3,
resnet50_no_weights,CIFAR10,fp32_unfused,layer4.1.conv3,conv,1048576,21.210732869433063,2.0228131169732153e-05,1.4816473311132494,0.3078345700265843,0.29455040615278455,0.3657531670558129,aggregate,3,1.6836063510514971
resnet50_no_weights,CIFAR10,fp32_unfused,layer4.2.conv1,conv,1048576,16.829192797342937,1.6049568936675012e-05,,,,,42,3,
resnet50_no_weights,CIFAR10,fp32_unfused,layer4.2.conv1,conv,1048576,20.335097312927246,1.9393060028960463e-05,,,,,43,3,
resnet50_no_weights,CIFAR10,fp32_unfused,layer4.2.conv1,conv,1048576,17.97015811778881,1.7137678258694467e-05,,,,,44,3,
resnet50_no_weights,CIFAR10,fp32_unfused,layer4.2.conv1,conv,1048576,18.378149409352996,1.7526769074776646e-05,1.283781007982504,0.26672485840720134,0.29455040615278455,0.3657531670558129,aggregate,3,1.7882070038428919
resnet50_no_weights,CIFAR10,fp32_unfused,layer4.2.conv2,conv,2359296,11.793685876406157,4.9988156960407496e-06,,,,,42,3,
resnet50_no_weights,CIFAR10,fp32_unfused,layer4.2.conv2,conv,2359296,13.933318932851156,5.90571040380315e-06,,,,,43,3,
resnet50_no_weights,CIFAR10,fp32_unfused,layer4.2.conv2,conv,2359296,15.833870887756348,6.711269331087048e-06,,,,,44,3,
resnet50_no_weights,CIFAR10,fp32_unfused,layer4.2.conv2,conv,2359296,13.853625232337887,5.871931810310316e-06,0.9677264325608019,0.08935989137528585,0.29455040615278455,0.3657531670558129,aggregate,3,2.0212711460639836
resnet50_no_weights,CIFAR10,fp32_unfused,layer4.2.conv3,conv,1048576,5.370397130648295,5.1216098124010996e-06,,,,,42,3,
resnet50_no_weights,CIFAR10,fp32_unfused,layer4.2.conv3,conv,1048576,6.045822673373753,5.76574580514312e-06,,,,,43,3,
resnet50_no_weights,CIFAR10,fp32_unfused,layer4.2.conv3,conv,1048576,5.838295936584473,5.567832886299584e-06,,,,,44,3,
resnet50_no_weights,CIFAR10,fp32_unfused,layer4.2.conv3,conv,1048576,5.75150524686884,5.485062834614601e-06,0.40176369441660137,0.08347246441573977,0.29455040615278455,0.3657531670558129,aggregate,3,0.3459759873278505
resnet50_no_weights,CIFAR10,fp32_unfused,fc,linear,20480,5.302045119436164,0.00025888892184746894,,,,,42,3,
resnet50_no_weights,CIFAR10,fp32_unfused,fc,linear,20480,5.490548164948173,0.00026809317211661,,,,,43,3,
resnet50_no_weights,CIFAR10,fp32_unfused,fc,linear,20480,5.1375305414199826,0.0002508559834677726,,,,,44,3,
resnet50_no_weights,CIFAR10,fp32_unfused,fc,linear,20480,5.310041275268106,0.0002592793591439505,0.37092582005689445,3.9457500729615442,0.29455040615278455,0.3657531670558129,aggregate,3,0.17664459944034325
resnet50_no_weights,CIFAR10,fp32_fused,conv1,conv,1728,208.22707728335732,0.12050178083527623,,,,,42,3,
resnet50_no_weights,CIFAR10,fp32_fused,conv1,conv,1728,195.94171985826995,0.11339219899205437,,,,,43,3,
resnet50_no_weights,CIFAR10,fp32_fused,conv1,conv,1728,197.43720726739792,0.11425764309455898,,,,,44,3,
resnet50_no_weights,CIFAR10,fp32_fused,conv1,conv,1728,200.5353348030084,0.1160505409739632,13.534574970507153,1029.7732820778233,0.2112315466771216,0.12498074577229132,aggregate,3,6.703081189700614
resnet50_no_weights,CIFAR10,fp32_fused,layer1.0.conv1,conv,4096,3.427598466475805,0.0008368160318544445,,,,,42,3,
resnet50_no_weights,CIFAR10,fp32_fused,layer1.0.conv1,conv,4096,3.6745889054404364,0.000897116431992294,,,,,43,3,
resnet50_no_weights,CIFAR10,fp32_fused,layer1.0.conv1,conv,4096,3.644226199196231,0.0008897036619131423,,,,,44,3,
resnet50_no_weights,CIFAR10,fp32_fused,layer1.0.conv1,conv,4096,3.5821378570374907,0.0008745453752532936,0.24176643696429714,7.7602693950614015,0.2112315466771216,0.12498074577229132,aggregate,3,0.13469332169413947
resnet50_no_weights,CIFAR10,fp32_fused,layer1.0.conv2,conv,36864,6.852666391645159,0.00018589047286363822,,,,,42,3,
resnet50_no_weights,CIFAR10,fp32_fused,layer1.0.conv2,conv,36864,6.43260395526886,0.00017449555000186793,,,,,43,3,
resnet50_no_weights,CIFAR10,fp32_fused,layer1.0.conv2,conv,36864,7.040265704646255,0.00019097942992204466,,,,,44,3,
resnet50_no_weights,CIFAR10,fp32_fused,layer1.0.conv2,conv,36864,6.775178683853425,0.00018378848426251696,0.4572718514932786,1.630845225353861,0.2112315466771216,0.12498074577229132,aggregate,3,0.3111534333061616
resnet50_no_weights,CIFAR10,fp32_fused,layer1.0.conv3,conv,16384,2.7844950521693512,0.00016995209058650825,,,,,42,3,
resnet50_no_weights,CIFAR10,fp32_fused,layer1.0.conv3,conv,16384,2.595253348350525,0.00015840169362490997,,,,,43,3,
resnet50_no_weights,CIFAR10,fp32_fused,layer1.0.conv3,conv,16384,2.9192232796640107,0.00017817524900293034,,,,,44,3,
resnet50_no_weights,CIFAR10,fp32_fused,layer1.0.conv3,conv,16384,2.766323893394629,0.0001688430110714495,0.18670534130373695,1.4982267226652382,0.2112315466771216,0.12498074577229132,aggregate,3,0.16274757250794344
resnet50_no_weights,CIFAR10,fp32_fused,layer1.0.downsample.0,conv,16384,7.54302122252328,0.00046038947891377443,,,,,42,3,
resnet50_no_weights,CIFAR10,fp32_fused,layer1.0.downsample.0,conv,16384,6.491919732484662,0.0003962353352346595,,,,,43,3,
resnet50_no_weights,CIFAR10,fp32_fused,layer1.0.downsample.0,conv,16384,6.150830838415358,0.00037541692128999985,,,,,44,3,
resnet50_no_weights,CIFAR10,fp32_fused,layer1.0.downsample.0,conv,16384,6.7285905978077665,0.00041068057847947793,0.4541275181320941,3.6441698904386293,0.2112315466771216,0.12498074577229132,aggregate,3,0.7256433974551355
resnet50_no_weights,CIFAR10,fp32_fused,layer1.1.conv1,conv,16384,7.17238850471301,0.0004377678530708624,,,,,42,3,
resnet50_no_weights,CIFAR10,fp32_fused,layer1.1.conv1,conv,16384,5.3539206981658936,0.0003267773863626644,,,,,43,3,
resnet50_no_weights,CIFAR10,fp32_fused,layer1.1.conv1,conv,16384,7.911580006281535,0.0004828845218677695,,,,,44,3,
resnet50_no_weights,CIFAR10,fp32_fused,layer1.1.conv1,conv,16384,6.812629736386813,0.00041580992043376545,0.4597995061768558,3.68968505352909,0.2112315466771216,0.12498074577229132,aggregate,3,1.3162351851543599
resnet50_no_weights,CIFAR10,fp32_fused,layer1.1.conv2,conv,36864,5.263547897338867,0.0001427828748193052,,,,,42,3,
resnet50_no_weights,CIFAR10,fp32_fused,layer1.1.conv2,conv,36864,5.544606270613493,0.00015040707114294415,,,,,43,3,
resnet50_no_weights,CIFAR10,fp32_fused,layer1.1.conv2,conv,36864,6.679788569186596,0.00018120086179434125,,,,,44,3,
resnet50_no_weights,CIFAR10,fp32_fused,layer1.1.conv2,conv,36864,5.829314245712985,0.00015813026925219685,0.39343336057334144,1.403167318282632,0.2112315466771216,0.12498074577229132,aggregate,3,0.749818900443878
resnet50_no_weights,CIFAR10,fp32_fused,layer1.1.conv3,conv,16384,2.5474192226926484,0.00015548213029129934,,,,,42,3,
resnet50_no_weights,CIFAR10,fp32_fused,layer1.1.conv3,conv,16384,2.343434483715982,0.00014303188987524305,,,,,43,3,
resnet50_no_weights,CIFAR10,fp32_fused,layer1.1.conv3,conv,16384,2.424100548028946,0.00014795535571465734,,,,,44,3,
resnet50_no_weights,CIFAR10,fp32_fused,layer1.1.conv3,conv,16384,2.4383180848125257,0.00014882312529373326,0.1645675010504107,1.3205804720651024,0.2112315466771216,0.12498074577229132,aggregate,3,0.10273289248331809
resnet50_no_weights,CIFAR10,fp32_fused,layer1.2.conv1,conv,16384,11.402788999604017,0.0006959710082766123,,,,,42,3,
resnet50_no_weights,CIFAR10,fp32_fused,layer1.2.conv1,conv,16384,12.886448718883374,0.000786526411064659,,,,,43,3,
resnet50_no_weights,CIFAR10,fp32_fused,layer1.2.conv1,conv,16384,11.249375800291697,0.0006866074096857725,,,,,44,3,
resnet50_no_weights,CIFAR10,fp32_fused,layer1.2.conv1,conv,16384,11.846204506259696,0.0007230349430090146,0.7995266428404328,6.4158431324020535,0.2112315466771216,0.12498074577229132,aggregate,3,0.9041376658748392
resnet50_no_weights,CIFAR10,fp32_fused,layer1.2.conv2,conv,36864,15.887180271148681,0.00043096734676510094,,,,,42,3,
resnet50_no_weights,CIFAR10,fp32_fused,layer1.2.conv2,conv,36864,19.118891976096414,0.0005186331373724071,,,,,43,3,
resnet50_no_weights,CIFAR10,fp32_fused,layer1.2.conv2,conv,36864,15.028849363327026,0.00040768363073261245,,,,,44,3,
resnet50_no_weights,CIFAR10,fp32_fused,layer1.2.conv2,conv,36864,16.678307203524042,0.0004524280382900402,1.1256559820192806,4.014615545812006,0.2112315466771216,0.12498074577229132,aggregate,3,2.1567390919892455
resnet50_no_weights,CIFAR10,fp32_fused,layer1.2.conv3,conv,16384,4.254278714840229,0.00025966056609132257,,,,,42,3,
resnet50_no_weights,CIFAR10,fp32_fused,layer1.2.conv3,conv,16384,5.490859889984131,0.00033513549133203926,,,,,43,3,
resnet50_no_weights,CIFAR10,fp32_fused,layer1.2.conv3,conv,16384,5.010548257827759,0.00030581959581468256,,,,,44,3,
resnet50_no_weights,CIFAR10,fp32_fused,layer1.2.conv3,conv,16384,4.9185622875507065,0.0003002052177460148,0.3319646888831759,2.663867912899776,0.2112315466771216,0.12498074577229132,aggregate,3,0.6234014073820549
resnet50_no_weights,CIFAR10,fp32_fused,layer2.0.conv1,conv,32768,33.20460967456593,0.0010133242698536966,,,,,42,3,
resnet50_no_weights,CIFAR10,fp32_fused,layer2.0.conv1,conv,32768,42.765860345628525,0.001305110484180558,,,,,43,3,
resnet50_no_weights,CIFAR10,fp32_fused,layer2.0.conv1,conv,32768,44.99215183939253,0.0013730515087705239,,,,,44,3,
resnet50_no_weights,CIFAR10,fp32_fused,layer2.0.conv1,conv,32768,40.32087395319566,0.001230495420934926,2.721345302721727,10.918788465468523,0.2112315466771216,0.12498074577229132,aggregate,3,6.262587837010961
resnet50_no_weights,CIFAR10,fp32_fused,layer2.0.conv2,conv,147456,73.38323942820232,0.0004976619427368321,,,,,42,3,
resnet50_no_weights,CIFAR10,fp32_fused,layer2.0.conv2,conv,147456,67.33720772606986,0.00045665966611104235,,,,,43,3,
resnet50_no_weights,CIFAR10,fp32_fused,layer2.0.conv2,conv,147456,73.65275279680888,0.0004994896972439839,,,,,44,3,
resnet50_no_weights,CIFAR10,fp32_fused,layer2.0.conv2,conv,147456,71.45773331702702,0.0004846037686972861,4.822841070636595,4.3001265587434725,0.2112315466771216,0.12498074577229132,aggregate,3,3.5710233439819516
resnet50_no_weights,CIFAR10,fp32_fused,layer2.0.conv3,conv,65536,24.6005553710155,0.00037537468522667693,,,,,42,3,
resnet50_no_weights,CIFAR10,fp32_fused,layer2.0.conv3,conv,65536,27.870638029915945,0.00042527218673577797,,,,,43,3,
resnet50_no_weights,CIFAR10,fp32_fused,layer2.0.conv3,conv,65536,27.919723538384922,0.00042602117215553164,,,,,44,3,
resnet50_no_weights,CIFAR10,fp32_fused,layer2.0.conv3,conv,65536,26.796972313105456,0.00040888934803932886,1.8085871555285096,3.6282754255457523,0.2112315466771216,0.12498074577229132,aggregate,3,1.9023111954699368
resnet50_no_weights,CIFAR10,fp32_fused,layer2.0.downsample.0,conv,131072,47.256439996802285,0.0003605380248779471,,,,,42,3,
resnet50_no_weights,CIFAR10,fp32_fused,layer2.0.downsample.0,conv,131072,41.454864184061684,0.0003162755140995917,,,,,43,3,
resnet50_no_weights,CIFAR10,fp32_fused,layer2.0.downsample.0,conv,131072,35.21957893371582,0.0002687040629098192,,,,,44,3,
resnet50_no_weights,CIFAR10,fp32_fused,layer2.0.downsample.0,conv,131072,41.310294371526595,0.00031517253396245266,2.7881234834468613,2.7966802394494286,0.2112315466771216,0.12498074577229132,aggregate,3,6.019732667322866
resnet50_no_weights,CIFAR10,fp32_fused,layer2.1.conv1,conv,65536,8.181156739592552,0.000124834544976693,,,,,42,3,
resnet50_no_weights,CIFAR10,fp32_fused,layer2.1.conv1,conv,65536,7.617163704662788,0.00011622869422398053,,,,,43,3,
resnet50_no_weights,CIFAR10,fp32_fused,layer2.1.conv1,conv,65536,8.798568427562714,0.00013425549968815176,,,,,44,3,
resnet50_no_weights,CIFAR10,fp32_fused,layer2.1.conv1,conv,65536,8.198962957272684,0.0001251062462962751,0.5533662131645113,1.1101289901428029,0.2112315466771216,0.12498074577229132,aggregate,3,0.5909036096214141
resnet50_no_weights,CIFAR10,fp32_fused,layer2.1.conv2,conv,147456,8.660645915911747,5.873376407817754e-05,,,,,42,3,
resnet50_no_weights,CIFAR10,fp32_fused,layer2.1.conv2,conv,147456,7.852037502547442,5.32500373165381e-05,,,,,43,3,
resnet50_no_weights,CIFAR10,fp32_fused,layer2.1.conv2,conv,147456,8.219370822906495,5.5741175828087665e-05,,,,,44,3,
resnet50_no_weights,CIFAR10,fp32_fused,layer2.1.conv2,conv,147456,8.244018080455227,5.590832574093443e-05,0.5564070834586098,0.4961019536017071,0.2112315466771216,0.12498074577229132,aggregate,3,0.40486727086711993
resnet50_no_weights,CIFAR10,fp32_fused,layer2.1.conv3,conv,65536,5.117301146189372,7.80838187589931e-05,,,,,42,3,
resnet50_no_weights,CIFAR10,fp32_fused,layer2.1.conv3,conv,65536,9.993877708911896,0.0001524944718767074,,,,,43,3,
resnet50_no_weights,CIFAR10,fp32_fused,layer2.1.conv3,conv,65536,8.449053974151612,0.00012892233236925677,,,,,44,3,
resnet50_no_weights,CIFAR10,fp32_fused,layer2.1.conv3,conv,65536,7.8534109430842935,0.00011983354100165243,0.5300441405390721,1.0633416939259686,0.2112315466771216,0.12498074577229132,aggregate,3,2.4922565494683635
resnet50_no_weights,CIFAR10,fp32_fused,layer2.2.conv1,conv,65536,8.321836934899384,0.00012698115440215124,,,,,42,3,
resnet50_no_weights,CIFAR10,fp32_fused,layer2.2.conv1,conv,65536,9.772517262278376,0.00014911677951474572,,,,,43,3,
resnet50_no_weights,CIFAR10,fp32_fused,layer2.2.conv1,conv,65536,9.672077081142328,0.00014758418397739148,,,,,44,3,
resnet50_no_weights,CIFAR10,fp32_fused,layer2.2.conv1,conv,65536,9.255477092773363,0.0001412273726314295,0.6246726978215981,1.2531796389171828,0.2112315466771216,0.12498074577229132,aggregate,3,0.8101141992292639
resnet50_no_weights,CIFAR10,fp32_fused,layer2.2.conv2,conv,147456,6.959795243399483,4.7199132238766026e-05,,,,,42,3,
resnet50_no_weights,CIFAR10,fp32_fused,layer2.2.conv2,conv,147456,6.9394354603507304,4.706105862325528e-05,,,,,43,3,
resnet50_no_weights,CIFAR10,fp32_fused,layer2.2.conv2,conv,147456,6.176048853818108,4.188401186671352e-05,,,,,44,3,
resnet50_no_weights,CIFAR10,fp32_fused,layer2.2.conv2,conv,147456,6.691759852522774,4.538140090957828e-05,0.4516417293619053,0.40269139435059365,0.2112315466771216,0.12498074577229132,aggregate,3,0.4467348271963703
resnet50_no_weights,CIFAR10,fp32_fused,layer2.2.conv3,conv,65536,6.557135277324253,0.00010005394405096822,,,,,42,3,
resnet50_no_weights,CIFAR10,fp32_fused,layer2.2.conv3,conv,65536,7.920527664820353,0.00012085766090118947,,,,,43,3,
resnet50_no_weights,CIFAR10,fp32_fused,layer2.2.conv3,conv,65536,7.625292627016703,0.00011635273173548437,,,,,44,3,
resnet50_no_weights,CIFAR10,fp32_fused,layer2.2.conv3,conv,65536,7.367651856387103,0.00011242144556254735,0.4972591813049971,0.9975705412597023,0.2112315466771216,0.12498074577229132,aggregate,3,0.7172822147443361
resnet50_no_weights,CIFAR10,fp32_fused,layer2.3.conv1,conv,65536,10.280582708470961,0.00015686924298814332,,,,,42,3,
resnet50_no_weights,CIFAR10,fp32_fused,layer2.3.conv1,conv,65536,14.422122907638549,0.0002200641312811058,,,,,43,3,
resnet50_no_weights,CIFAR10,fp32_fused,layer2.3.conv1,conv,65536,14.361158227920532,0.0002191338840930257,,,,,44,3,
resnet50_no_weights,CIFAR10,fp32_fused,layer2.3.conv1,conv,65536,13.021287948010015,0.00019868908612075828,0.8788356332215768,1.7630655627320266,0.2112315466771216,0.12498074577229132,aggregate,3,2.3737160909786357
resnet50_no_weights,CIFAR10,fp32_fused,layer2.3.conv2,conv,147456,15.046777992248535,0.00010204249397955006,,,,,42,3,
resnet50_no_weights,CIFAR10,fp32_fused,layer2.3.conv2,conv,147456,13.00622272491455,8.820409291527337e-05,,,,,43,3,
resnet50_no_weights,CIFAR10,fp32_fused,layer2.3.conv2,conv,147456,13.201217284569374,8.952648440598806e-05,,,,,44,3,
resnet50_no_weights,CIFAR10,fp32_fused,layer2.3.conv2,conv,147456,13.751406000577486,9.325769043360382e-05,0.928112921583263,0.8275211571685465,0.2112315466771216,0.12498074577229132,aggregate,3,1.1260538029677392
resnet50_no_weights,CIFAR10,fp32_fused,layer2.3.conv3,conv,65536,8.086057046364093,0.00012338343881781148,,,,,42,3,
resnet50_no_weights,CIFAR10,fp32_fused,layer2.3.conv3,conv,65536,8.727907299995422,0.00013317729644768406,,,,,43,3,
resnet50_no_weights,CIFAR10,fp32_fused,layer2.3.conv3,conv,65536,8.59647512435913,0.00013117180060362443,,,,,44,3,
resnet50_no_weights,CIFAR10,fp32_fused,layer2.3.conv3,conv,65536,8.470146490239548,0.00012924417862303998,0.5716689918808533,1.1468468900973117,0.2112315466771216,0.12498074577229132,aggregate,3,0.3390606580990189
resnet50_no_weights,CIFAR10,fp32_fused,layer3.0.conv1,conv,131072,112.28495941162109,0.0008566662552766501,,,,,42,3,
resnet50_no_weights,CIFAR10,fp32_fused,layer3.0.conv1,conv,131072,86.807666015625,0.0006622899323701859,,,,,43,3,
resnet50_no_weights,CIFAR10,fp32_fused,layer3.0.conv1,conv,131072,84.24787243929777,0.000642760257257826,,,,,44,3,
resnet50_no_weights,CIFAR10,fp32_fused,layer3.0.conv1,conv,131072,94.44683262218129,0.000720572148301554,6.3744264226928475,6.393989548888345,0.2112315466771216,0.12498074577229132,aggregate,3,15.501200318215652
resnet50_no_weights,CIFAR10,fp32_fused,layer3.0.conv2,conv,589824,65.33849767911232,0.00011077626152735786,,,,,42,3,
resnet50_no_weights,CIFAR10,fp32_fused,layer3.0.conv2,conv,589824,77.01241726345486,0.00013056847002403235,,,,,43,3,
resnet50_no_weights,CIFAR10,fp32_fused,layer3.0.conv2,conv,589824,80.77499071756999,0.00013694761609831066,,,,,44,3,
resnet50_no_weights,CIFAR10,fp32_fused,layer3.0.conv2,conv,589824,74.37530188671239,0.00012609744921656698,5.019754250933684,1.1189244190642682,0.2112315466771216,0.12498074577229132,aggregate,3,8.049044195696574
resnet50_no_weights,CIFAR10,fp32_fused,layer3.0.conv3,conv,262144,29.871902741326227,0.0001139522657063531,,,,,42,3,
resnet50_no_weights,CIFAR10,fp32_fused,layer3.0.conv3,conv,262144,29.22575894108525,0.0001114874227183733,,,,,43,3,
resnet50_no_weights,CIFAR10,fp32_fused,layer3.0.conv3,conv,262144,29.744792545542996,0.00011346737879006575,,,,,44,3,
resnet50_no_weights,CIFAR10,fp32_fused,layer3.0.conv3,conv,262144,29.614151409318158,0.00011296902240493072,1.9987248273781708,1.0024294587402978,0.2112315466771216,0.12498074577229132,aggregate,3,0.3423094835131664
resnet50_no_weights,CIFAR10,fp32_fused,layer3.0.downsample.0,conv,524288,37.33454782822553,7.120999875683886e-05,,,,,42,3,
resnet50_no_weights,CIFAR10,fp32_fused,layer3.0.downsample.0,conv,524288,37.649431970384384,7.181059259487988e-05,,,,,43,3,
resnet50_no_weights,CIFAR10,fp32_fused,layer3.0.downsample.0,conv,524288,35.66397948492141,6.80236425112179e-05,,,,,44,3,
resnet50_no_weights,CIFAR10,fp32_fused,layer3.0.downsample.0,conv,524288,36.882653094510445,7.034807795431222e-05,2.489292143497947,0.6242329463947238,0.2112315466771216,0.12498074577229132,aggregate,3,1.0670810797579282
resnet50_no_weights,CIFAR10,fp32_fused,layer3.1.conv1,conv,262144,16.46972318796011,6.282700801071209e-05,,,,,42,3,
resnet50_no_weights,CIFAR10,fp32_fused,layer3.1.conv1,conv,262144,14.855252981185913,5.666829292749753e-05,,,,,43,3,
resnet50_no_weights,CIFAR10,fp32_fused,layer3.1.conv1,conv,262144,14.143410110473633,5.395282787503675e-05,,,,,44,3,
resnet50_no_weights,CIFAR10,fp32_fused,layer3.1.conv1,conv,262144,15.15612875987322,5.781604293774879e-05,1.0229207793462958,0.5130300625321135,0.2112315466771216,0.12498074577229132,aggregate,3,1.1919848192286973
resnet50_no_weights,CIFAR10,fp32_fused,layer3.1.conv2,conv,589824,20.745445641604338,3.517226433920006e-05,,,,,42,3,
resnet50_no_weights,CIFAR10,fp32_fused,layer3.1.conv2,conv,589824,20.548005544222317,3.4837520250485425e-05,,,,,43,3,
resnet50_no_weights,CIFAR10,fp32_fused,layer3.1.conv2,conv,589824,19.945598193577357,3.3816186173464214e-05,,,,,44,3,
resnet50_no_weights,CIFAR10,fp32_fused,layer3.1.conv2,conv,589824,20.413016459801337,3.4608656921049904e-05,1.377719801454327,0.3070995613358737,0.2112315466771216,0.12498074577229132,aggregate,3,0.41665996293552027
resnet50_no_weights,CIFAR10,fp32_fused,layer3.1.conv3,conv,262144,15.131455156538221,5.772192061057366e-05,,,,,42,3,
resnet50_no_weights,CIFAR10,fp32_fused,layer3.1.conv3,conv,262144,12.794870035988945,4.880855574031427e-05,,,,,43,3,
resnet50_no_weights,CIFAR10,fp32_fused,layer3.1.conv3,conv,262144,12.860698625776504,4.9059671881776824e-05,,,,,44,3,
resnet50_no_weights,CIFAR10,fp32_fused,layer3.1.conv3,conv,262144,13.595674606101223,5.1863382744221585e-05,0.9176022640182452,0.4602091935112805,0.2112315466771216,0.12498074577229132,aggregate,3,1.330432176074294
resnet50_no_weights,CIFAR10,fp32_fused,layer3.2.conv1,conv,262144,24.302571837966507,9.270695433794597e-05,,,,,42,3,
resnet50_no_weights,CIFAR10,fp32_fused,layer3.2.conv1,conv,262144,31.732605361938475,0.00012105028290534391,,,,,43,3,
resnet50_no_weights,CIFAR10,fp32_fused,layer3.2.conv1,conv,262144,23.73216724395752,9.053103349287994e-05,,,,,44,3,
resnet50_no_weights,CIFAR10,fp32_fused,layer3.2.conv1,conv,262144,26.589114814620835,0.00010142942357872328,1.7945583914746048,0.9000329472083858,0.2112315466771216,0.12498074577229132,aggregate,3,4.463514490620153
resnet50_no_weights,CIFAR10,fp32_fused,layer3.2.conv2,conv,589824,19.885510087013245,3.37143115353279e-05,,,,,42,3,
resnet50_no_weights,CIFAR10,fp32_fused,layer3.2.conv2,conv,589824,20.050130712574926,3.399341280208151e-05,,,,,43,3,
resnet50_no_weights,CIFAR10,fp32_fused,layer3.2.conv2,conv,589824,19.71410369873047,3.342370554390881e-05,,,,,44,3,
resnet50_no_weights,CIFAR10,fp32_fused,layer3.2.conv2,conv,589824,19.883248166106213,3.371047662710608e-05,1.3419645631315755,0.2991295677328308,0.2112315466771216,0.12498074577229132,aggregate,3,0.16802492589776102
resnet50_no_weights,CIFAR10,fp32_fused,layer3.2.conv3,conv,262144,13.365804328474887,5.098649722471194e-05,,,,,42,3,
resnet50_no_weights,CIFAR10,fp32_fused,layer3.2.conv3,conv,262144,11.792098218744451,4.498328483102589e-05,,,,,43,3,
resnet50_no_weights,CIFAR10,fp32_fused,layer3.2.conv3,conv,262144,13.30928660929203,5.0770899235885736e-05,,,,,44,3,
resnet50_no_weights,CIFAR10,fp32_fused,layer3.2.conv3,conv,262144,12.82239638550379,4.891356043054119e-05,0.8654120000928509,0.43403397554149453,0.2112315466771216,0.12498074577229132,aggregate,3,0.8927117661743617
resnet50_no_weights,CIFAR10,fp32_fused,layer3.3.conv1,conv,262144,45.77843647468381,0.0001746308764445641,,,,,42,3,
resnet50_no_weights,CIFAR10,fp32_fused,layer3.3.conv1,conv,262144,50.387478319803876,0.0001922129757682948,,,,,43,3,
resnet50_no_weights,CIFAR10,fp32_fused,layer3.3.conv1,conv,262144,45.445322934318995,0.00017336014913299177,,,,,44,3,
resnet50_no_weights,CIFAR10,fp32_fused,layer3.3.conv1,conv,262144,47.203745909602226,0.0001800680004486169,3.1858856122781276,1.5978315504859697,0.2112315466771216,0.12498074577229132,aggregate,3,2.762219253158572
resnet50_no_weights,CIFAR10,fp32_fused,layer3.3.conv2,conv,589824,31.65717468261719,5.367223897741901e-05,,,,,42,3,
resnet50_no_weights,CIFAR10,fp32_fused,layer3.3.conv2,conv,589824,32.75514282499041,5.553375723095433e-05,,,,,43,3,
resnet50_no_weights,CIFAR10,fp32_fused,layer3.3.conv2,conv,589824,31.36024789552431,5.316882306505722e-05,,,,,44,3,
resnet50_no_weights,CIFAR10,fp32_fused,layer3.3.conv2,conv,589824,31.924188467710636,5.4124939757810184e-05,2.1546343571484514,0.48027709641758193,0.2112315466771216,0.12498074577229132,aggregate,3,0.7347824420432244
resnet50_no_weights,CIFAR10,fp32_fused,layer3.3.conv3,conv,262144,15.882932233810426,6.05885781624238e-05,,,,,42,3,
resnet50_no_weights,CIFAR10,fp32_fused,layer3.3.conv3,conv,262144,21.257495307922362,8.10909092251677e-05,,,,,43,3,
resnet50_no_weights,CIFAR10,fp32_fused,layer3.3.conv3,conv,262144,14.35954076051712,5.477730087477539e-05,,,,,44,3,
resnet50_no_weights,CIFAR10,fp32_fused,layer3.3.conv3,conv,262144,17.166656100749968,6.548559608745563e-05,1.158615733315787,0.581085763546173,0.2112315466771216,0.12498074577229132,aggregate,3,3.6237279781227816
resnet50_no_weights,CIFAR10,fp32_fused,layer3.4.conv1,conv,262144,59.41050073078701,0.00022663307468714526,,,,,42,3,
resnet50_no_weights,CIFAR10,fp32_fused,layer3.4.conv1,conv,262144,59.27723451094194,0.0002261247044027021,,,,,43,3,
resnet50_no_weights,CIFAR10,fp32_fused,layer3.4.conv1,conv,262144,54.250511371728145,0.00020694927738848932,,,,,44,3,
resnet50_no_weights,CIFAR10,fp32_fused,layer3.4.conv1,conv,262144,57.646082204485694,0.00021990235215944555,3.8906620726918657,1.9513012608073168,0.2112315466771216,0.12498074577229132,aggregate,3,2.9414054347443006
resnet50_no_weights,CIFAR10,fp32_fused,layer3.4.conv2,conv,589824,19.524420906515683,3.310211335333198e-05,,,,,42,3,
resnet50_no_weights,CIFAR10,fp32_fused,layer3.4.conv2,conv,589824,19.95153444784659,3.3826250623654836e-05,,,,,43,3,
resnet50_no_weights,CIFAR10,fp32_fused,layer3.4.conv2,conv,589824,14.8566845258077,2.5188335038600836e-05,,,,,44,3,
resnet50_no_weights,CIFAR10,fp32_fused,layer3.4.conv2,conv,589824,18.110879960056657,3.070556633852922e-05,1.2223434979278531,0.27246552718422656,0.2112315466771216,0.12498074577229132,aggregate,3,2.8262957094954047
resnet50_no_weights,CIFAR10,fp32_fused,layer3.4.conv3,conv,262144,15.798638170415705,6.026702182928354e-05,,,,,42,3,
resnet50_no_weights,CIFAR10,fp32_fused,layer3.4.conv3,conv,262144,14.398040771484375,5.492416676133871e-05,,,,,43,3,
resnet50_no_weights,CIFAR10,fp32_fused,layer3.4.conv3,conv,262144,15.707915592193604,5.9920942658209245e-05,,,,,44,3,
resnet50_no_weights,CIFAR10,fp32_fused,layer3.4.conv3,conv,262144,15.301531511364562,5.837071041627717e-05,1.0327343338648087,0.5179518986996342,0.2112315466771216,0.12498074577229132,aggregate,3,0.783759710840479
resnet50_no_weights,CIFAR10,fp32_fused,layer3.5.conv1,conv,262144,52.20653892965878,0.00019915214130271445,,,,,42,3,
resnet50_no_weights,CIFAR10,fp32_fused,layer3.5.conv1,conv,262144,52.366302808125816,0.0001997615921330483,,,,,43,3,
resnet50_no_weights,CIFAR10,fp32_fused,layer3.5.conv1,conv,262144,52.92043462006942,0.0002018754372408654,,,,,44,3,
resnet50_no_weights,CIFAR10,fp32_fused,layer3.5.conv1,conv,262144,52.49775878595134,0.0002002630568922094,3.543190294967407,1.7770321761886192,0.2112315466771216,0.12498074577229132,aggregate,3,0.37466287483052146
resnet50_no_weights,CIFAR10,fp32_fused,layer3.5.conv2,conv,589824,7.674118936061859,1.3010862453989426e-05,,,,,42,3,
resnet50_no_weights,CIFAR10,fp32_fused,layer3.5.conv2,conv,589824,6.919284200668335,1.1731099786831894e-05,,,,,43,3,
resnet50_no_weights,CIFAR10,fp32_fused,layer3.5.conv2,conv,589824,8.130552630675467,1.3784709728114602e-05,,,,,44,3,
resnet50_no_weights,CIFAR10,fp32_fused,layer3.5.conv2,conv,589824,7.574651922468553,1.2842223989645306e-05,0.511230075342357,0.11395534252582794,0.2112315466771216,0.12498074577229132,aggregate,3,0.6117295705439325
resnet50_no_weights,CIFAR10,fp32_fused,layer3.5.conv3,conv,262144,6.90551369530814,2.634244421122795e-05,,,,,42,3,
resnet50_no_weights,CIFAR10,fp32_fused,layer3.5.conv3,conv,262144,6.210436889103481,2.369093661919968e-05,,,,,43,3,
resnet50_no_weights,CIFAR10,fp32_fused,layer3.5.conv3,conv,262144,7.220791427712691,2.7545133314944043e-05,,,,,44,3,
resnet50_no_weights,CIFAR10,fp32_fused,layer3.5.conv3,conv,262144,6.778914004041438,2.5859504715123893e-05,0.4575239565458529,0.22946404919710447,0.2112315466771216,0.12498074577229132,aggregate,3,0.5169377958649143
resnet50_no_weights,CIFAR10,fp32_fused,layer4.0.conv1,conv,524288,54.1025349112118,0.00010319239599459037,,,,,42,3,
resnet50_no_weights,CIFAR10,fp32_fused,layer4.0.conv1,conv,524288,64.9246173657869,0.00012383388016850834,,,,,43,3,
resnet50_no_weights,CIFAR10,fp32_fused,layer4.0.conv1,conv,524288,57.181961907280815,0.00010906593686538852,,,,,44,3,
resnet50_no_weights,CIFAR10,fp32_fused,layer4.0.conv1,conv,524288,58.736371394759836,0.0001120307376761624,3.9642481107823335,0.9941035988472015,0.2112315466771216,0.12498074577229132,aggregate,3,5.575976040522338
resnet50_no_weights,CIFAR10,fp32_fused,layer4.0.conv2,conv,2359296,15.440862451280866,6.544690641310317e-06,,,,,42,3,
resnet50_no_weights,CIFAR10,fp32_fused,layer4.0.conv2,conv,2359296,13.811765564812553,5.8541893703937754e-06,,,,,43,3,
resnet50_no_weights,CIFAR10,fp32_fused,layer4.0.conv2,conv,2359296,14.178120803833007,6.009470962453633e-06,,,,,44,3,
resnet50_no_weights,CIFAR10,fp32_fused,layer4.0.conv2,conv,2359296,14.47691627330881,6.136116991385909e-06,0.9770792206537042,0.054448771030293074,0.2112315466771216,0.12498074577229132,aggregate,3,0.8546626327444276
resnet50_no_weights,CIFAR10,fp32_fused,layer4.0.conv3,conv,1048576,11.701483458280563,1.1159404238014758e-05,,,,,42,3,
resnet50_no_weights,CIFAR10,fp32_fused,layer4.0.conv3,conv,1048576,11.47108994760821,1.0939683864219866e-05,,,,,43,3,
resnet50_no_weights,CIFAR10,fp32_fused,layer4.0.conv3,conv,1048576,11.619645496894574,1.1081357476133894e-05,,,,,44,3,
resnet50_no_weights,CIFAR10,fp32_fused,layer4.0.conv3,conv,1048576,11.597406300927782,1.1060148526122839e-05,0.7827346995856429,0.09814211422391407,0.2112315466771216,0.12498074577229132,aggregate,3,0.11679567122937387
resnet50_no_weights,CIFAR10,fp32_fused,layer4.0.downsample.0,conv,2097152,82.11482756478446,3.915540102233146e-05,,,,,42,3,
resnet50_no_weights,CIFAR10,fp32_fused,layer4.0.downsample.0,conv,2097152,85.25832412356422,4.06543369882413e-05,,,,,43,3,
resnet50_no_weights,CIFAR10,fp32_fused,layer4.0.downsample.0,conv,2097152,75.43169314066569,3.596863419564518e-05,,,,,44,3,
resnet50_no_weights,CIFAR10,fp32_fused,layer4.0.downsample.0,conv,2097152,80.93494827633812,3.859279073540598e-05,5.462479349368926,0.34245273177190966,0.2112315466771216,0.12498074577229132,aggregate,3,5.018441537967124
resnet50_no_weights,CIFAR10,fp32_fused,layer4.1.conv1,conv,1048576,35.3420824432373,3.3704836314427664e-05,,,,,42,3,
resnet50_no_weights,CIFAR10,fp32_fused,layer4.1.conv1,conv,1048576,34.87668025493622,3.3260994200645655e-05,,,,,43,3,
resnet50_no_weights,CIFAR10,fp32_fused,layer4.1.conv1,conv,1048576,32.12000510271858,3.06320239093004e-05,,,,,44,3,
resnet50_no_weights,CIFAR10,fp32_fused,layer4.1.conv1,conv,1048576,34.11292260029737,3.253261814145791e-05,2.3023568831417043,0.2886778525714059,0.2112315466771216,0.12498074577229132,aggregate,3,1.7415337818531202
resnet50_no_weights,CIFAR10,fp32_fused,layer4.1.conv2,conv,2359296,89.72786254882813,3.803162576837672e-05,,,,,42,3,
resnet50_no_weights,CIFAR10,fp32_fused,layer4.1.conv2,conv,2359296,97.41782633463542,4.129105730465165e-05,,,,,43,3,
resnet50_no_weights,CIFAR10,fp32_fused,layer4.1.conv2,conv,2359296,98.54958506992885,4.1770759188303994e-05,,,,,44,3,
resnet50_no_weights,CIFAR10,fp32_fused,layer4.1.conv2,conv,2359296,95.23175798446414,4.0364480753777454e-05,6.427402778069348,0.3581738049330614,0.2112315466771216,0.12498074577229132,aggregate,3,4.799986269099048
resnet50_no_weights,CIFAR10,fp32_fused,layer4.1.conv3,conv,1048576,20.191325021826703,1.9255948087526992e-05,,,,,42,3,
resnet50_no_weights,CIFAR10,fp32_fused,layer4.1.conv3,conv,1048576,21.040721524146296,2.006599571623449e-05,,,,,43,3,
resnet50_no_weights,CIFAR10,fp32_fused,layer4.1.conv3,conv,1048576,19.98629408616286,1.9060415350115643e-05,,,,,44,3,
resnet50_no_weights,CIFAR10,fp32_fused,layer4.1.conv3,conv,1048576,20.406113544045287,1.9460786384625708e-05,1.3772539083442317,0.17268508788431758,0.2112315466771216,0.12498074577229132,aggregate,3,0.5590660850478321
resnet50_no_weights,CIFAR10,fp32_fused,layer4.2.conv1,conv,1048576,39.63868758791969,3.780239828865022e-05,,,,,42,3,
resnet50_no_weights,CIFAR10,fp32_fused,layer4.2.conv1,conv,1048576,39.47549021244049,3.76467611431508e-05,,,,,43,3,
resnet50_no_weights,CIFAR10,fp32_fused,layer4.2.conv1,conv,1048576,32.9742194866312,3.1446666227942657e-05,,,,,44,3,
resnet50_no_weights,CIFAR10,fp32_fused,layer4.2.conv1,conv,1048576,37.362799095663796,3.5631941886581226e-05,2.521698263126605,0.3161796699558973,0.2112315466771216,0.12498074577229132,aggregate,3,3.8014972819210766
resnet50_no_weights,CIFAR10,fp32_fused,layer4.2.conv2,conv,2359296,11.656258046627045,4.940566188654177e-06,,,,,42,3,
resnet50_no_weights,CIFAR10,fp32_fused,layer4.2.conv2,conv,2359296,9.571651526859828,4.056994767447505e-06,,,,,43,3,
resnet50_no_weights,CIFAR10,fp32_fused,layer4.2.conv2,conv,2359296,11.556854820251464,4.898433609115373e-06,,,,,44,3,
resnet50_no_weights,CIFAR10,fp32_fused,layer4.2.conv2,conv,2359296,10.928254797912778,4.631998188405684e-06,0.737572179010001,0.04110198829769538,0.2112315466771216,0.12498074577229132,aggregate,3,1.1759037276185256
resnet50_no_weights,CIFAR10,fp32_fused,layer4.2.conv3,conv,1048576,5.574245121743944,5.31601440596003e-06,,,,,42,3,
resnet50_no_weights,CIFAR10,fp32_fused,layer4.2.conv3,conv,1048576,5.806768002048615,5.537765504883399e-06,,,,,43,3,
resnet50_no_weights,CIFAR10,fp32_fused,layer4.2.conv3,conv,1048576,5.595243960618973,5.336040459269498e-06,,,,,44,3,
resnet50_no_weights,CIFAR10,fp32_fused,layer4.2.conv3,conv,1048576,5.658752361470511,5.3966067900376426e-06,0.381921760327637,0.04788673486241953,0.2112315466771216,0.12498074577229132,aggregate,3,0.12861458004571194
resnet50_no_weights,CIFAR10,fp32_fused,fc,linear,20480,5.900436115264893,0.0002881072321906686,,,,,42,3,
resnet50_no_weights,CIFAR10,fp32_fused,fc,linear,20480,5.403208749634879,0.0002638285522282656,,,,,43,3,
resnet50_no_weights,CIFAR10,fp32_fused,fc,linear,20480,5.1352909207344055,0.00025074662698898464,,,,,44,3,
resnet50_no_weights,CIFAR10,fp32_fused,fc,linear,20480,5.479645261878059,0.0002675608038026396,0.3698334245260416,2.3741980414295636,0.2112315466771216,0.12498074577229132,aggregate,3,0.3882572568300568
resnet50_no_weights,CIFAR10,ptq,conv1,conv,1728,1082.4504471536893,0.6264180828435703,,,,,42,3,
resnet50_no_weights,CIFAR10,ptq,conv1,conv,1728,1112.4998306282635,0.6438077723543191,,,,,43,3,
resnet50_no_weights,CIFAR10,ptq,conv1,conv,1728,1279.6671323089276,0.7405481089750738,,,,,44,3,
resnet50_no_weights,CIFAR10,ptq,conv1,conv,1728,1158.2058033636267,0.6702579880576544,1595.7224837758126,234055.32844193166,-0.6050813263940361,0.23314474291443701,aggregate,3,106.25621009460781
resnet50_no_weights,CIFAR10,ptq,layer1.0.conv1,conv,4096,7.658580766280287,0.0018697706948926482,,,,,42,3,
resnet50_no_weights,CIFAR10,ptq,layer1.0.conv1,conv,4096,10.095464410583178,0.0024647129908650337,,,,,43,3,
resnet50_no_weights,CIFAR10,ptq,layer1.0.conv1,conv,4096,12.438775505935936,0.0030368104262538907,,,,,44,3,
resnet50_no_weights,CIFAR10,ptq,layer1.0.conv1,conv,4096,10.064273560933135,0.002457098037337191,13.866091464410824,858.0231767316336,-0.6050813263940361,0.23314474291443701,aggregate,3,2.390250005560988
resnet50_no_weights,CIFAR10,ptq,layer1.0.conv2,conv,36864,25.406961954519396,0.0006892079523252875,,,,,42,3,
resnet50_no_weights,CIFAR10,ptq,layer1.0.conv2,conv,36864,25.939518914390835,0.0007036544844398556,,,,,43,3,
resnet50_no_weights,CIFAR10,ptq,layer1.0.conv2,conv,36864,22.046208750350136,0.0005980416870212168,,,,,44,3,
resnet50_no_weights,CIFAR10,ptq,layer1.0.conv2,conv,36864,24.46422987308679,0.0006636347079287866,33.70568645345338,231.74246677739944,-0.6050813263940361,0.23314474291443701,aggregate,3,2.110929615448451
resnet50_no_weights,CIFAR10,ptq,layer1.0.conv3,conv,16384,6.020715935294753,0.0003674753378475801,,,,,42,3,
resnet50_no_weights,CIFAR10,ptq,layer1.0.conv3,conv,16384,4.756095085174162,0.00029028900666346204,,,,,43,3,
resnet50_no_weights,CIFAR10,ptq,layer1.0.conv3,conv,16384,5.3179854109646785,0.0003245840704934496,,,,,44,3,
resnet50_no_weights,CIFAR10,ptq,layer1.0.conv3,conv,16384,5.364932143811198,0.00032744947166816395,7.391555819310062,114.34596081656332,-0.6050813263940361,0.23314474291443701,aggregate,3,0.6336161854258879
resnet50_no_weights,CIFAR10,ptq,layer1.0.downsample.0,conv,16384,2.1926786992412346,0.0001338304870142355,,,,,42,3,
resnet50_no_weights,CIFAR10,ptq,layer1.0.downsample.0,conv,16384,2.365631093412186,0.00014438666341627112,,,,,43,3,
resnet50_no_weights,CIFAR10,ptq,layer1.0.downsample.0,conv,16384,2.6465275545159113,0.00016153122280980904,,,,,44,3,
resnet50_no_weights,CIFAR10,ptq,layer1.0.downsample.0,conv,16384,2.401612449056444,0.00014658279108010523,3.308830754556392,51.18698161227723,-0.6050813263940361,0.23314474291443701,aggregate,3,0.22905390047766602
resnet50_no_weights,CIFAR10,ptq,layer1.1.conv1,conv,16384,17.800595265539254,0.0010864621133751986,,,,,42,3,
resnet50_no_weights,CIFAR10,ptq,layer1.1.conv1,conv,16384,18.156106453989782,0.0011081607943108998,,,,,43,3,
resnet50_no_weights,CIFAR10,ptq,layer1.1.conv1,conv,16384,16.573224034430325,0.0010115493185077103,,,,,44,3,
resnet50_no_weights,CIFAR10,ptq,layer1.1.conv1,conv,16384,17.509975251319787,0.0010687240753979362,24.12443549992879,373.20042272968345,-0.6050813263940361,0.23314474291443701,aggregate,3,0.8304963473949134
resnet50_no_weights,CIFAR10,ptq,layer1.1.conv2,conv,36864,3.094518335366791,8.394418227448978e-05,,,,,42,3,
resnet50_no_weights,CIFAR10,ptq,layer1.1.conv2,conv,36864,4.558295280100351,0.00012365167317980553,,,,,43,3,
resnet50_no_weights,CIFAR10,ptq,layer1.1.conv2,conv,36864,4.702642784668849,0.00012756734984453258,,,,,44,3,
resnet50_no_weights,CIFAR10,ptq,layer1.1.conv2,conv,36864,4.118485466711997,0.00011172106843294262,5.674259133610076,39.01320361989722,-0.6050813263940361,0.23314474291443701,aggregate,3,0.8897137545723826
resnet50_no_weights,CIFAR10,ptq,layer1.1.conv3,conv,16384,1.2273693481693044,7.491267994197415e-05,,,,,42,3,
resnet50_no_weights,CIFAR10,ptq,layer1.1.conv3,conv,16384,1.31246424996509,8.010646056915833e-05,,,,,43,3,
resnet50_no_weights,CIFAR10,ptq,layer1.1.conv3,conv,16384,1.1777631683895986,7.188495900815421e-05,,,,,44,3,
resnet50_no_weights,CIFAR10,ptq,layer1.1.conv3,conv,16384,1.2391989221746644,7.563469983976223e-05,1.7073110635796405,26.41177699933613,-0.6050813263940361,0.23314474291443701,aggregate,3,0.068125248331753
resnet50_no_weights,CIFAR10,ptq,layer1.2.conv1,conv,16384,10.425473045677908,0.0006363203763231145,,,,,42,3,
resnet50_no_weights,CIFAR10,ptq,layer1.2.conv1,conv,16384,8.878634694044466,0.0005419088558376749,,,,,43,3,
resnet50_no_weights,CIFAR10,ptq,layer1.2.conv1,conv,16384,10.943499733773725,0.0006679382161727127,,,,,44,3,
resnet50_no_weights,CIFAR10,ptq,layer1.2.conv1,conv,16384,10.0825358244987,0.0006153891494445008,13.891252368018439,214.89502856987056,-0.6050813263940361,0.23314474291443701,aggregate,3,1.0743004055321848
resnet50_no_weights,CIFAR10,ptq,layer1.2.conv2,conv,36864,1.1251029422443903,3.052037061209826e-05,,,,,42,3,
resnet50_no_weights,CIFAR10,ptq,layer1.2.conv2,conv,36864,1.5699795819818974,4.258842182025546e-05,,,,,43,3,
resnet50_no_weights,CIFAR10,ptq,layer1.2.conv2,conv,36864,1.3029083280513685,3.534365039201846e-05,,,,,44,3,
resnet50_no_weights,CIFAR10,ptq,layer1.2.conv2,conv,36864,1.3326636174258855,3.615081427479073e-05,1.8360824056144405,12.62393117171114,-0.6050813263940361,0.23314474291443701,aggregate,3,0.22392596785624225
resnet50_no_weights,CIFAR10,ptq,layer1.2.conv3,conv,16384,1.1213438372159827,6.844139631445207e-05,,,,,42,3,
resnet50_no_weights,CIFAR10,ptq,layer1.2.conv3,conv,16384,0.8679102104974956,5.2973035308685035e-05,,,,,43,3,
resnet50_no_weights,CIFAR10,ptq,layer1.2.conv3,conv,16384,1.2004593567403614,7.327022441042245e-05,,,,,44,3,
resnet50_no_weights,CIFAR10,ptq,layer1.2.conv3,conv,16384,1.0632378014846133,6.489488534451986e-05,1.4648799552739697,22.66141392440453,-0.6050813263940361,0.23314474291443701,aggregate,3,0.1737223854545698
resnet50_no_weights,CIFAR10,ptq,layer2.0.conv1,conv,32768,12.537665186701593,0.0003826191768402586,,,,,42,3,
resnet50_no_weights,CIFAR10,ptq,layer2.0.conv1,conv,32768,10.788587481643145,0.00032924156132944167,,,,,43,3,
resnet50_no_weights,CIFAR10,ptq,layer2.0.conv1,conv,32768,9.018890033806525,0.0002752346812074745,,,,,44,3,
resnet50_no_weights,CIFAR10,ptq,layer2.0.conv1,conv,32768,10.78171423405042,0.00032903180645905825,14.854548100997954,114.89851505058463,-0.6050813263940361,0.23314474291443701,aggregate,3,1.7593976455898996
resnet50_no_weights,CIFAR10,ptq,layer2.0.conv2,conv,147456,1.001653091982007,6.792894775268603e-06,,,,,42,3,
resnet50_no_weights,CIFAR10,ptq,layer2.0.conv2,conv,147456,1.287611961364746,8.732177472362915e-06,,,,,43,3,
resnet50_no_weights,CIFAR10,ptq,layer2.0.conv2,conv,147456,2.314201012608551,1.569418004427457e-05,,,,,44,3,
resnet50_no_weights,CIFAR10,ptq,layer2.0.conv2,conv,147456,1.534488688651768,1.0406417430635361e-05,2.1141476708803264,3.6339402036663078,-0.6050813263940361,0.23314474291443701,aggregate,3,0.690222138041246
resnet50_no_weights,CIFAR10,ptq,layer2.0.conv3,conv,65536,0.4892238908048187,7.464964154126262e-06,,,,,42,3,
resnet50_no_weights,CIFAR10,ptq,layer2.0.conv3,conv,65536,0.652910571466101,9.962624686677566e-06,,,,,43,3,
resnet50_no_weights,CIFAR10,ptq,layer2.0.conv3,conv,65536,0.5932380340847314,9.052094025951102e-06,,,,,44,3,
resnet50_no_weights,CIFAR10,ptq,layer2.0.conv3,conv,65536,0.578457498785217,8.826560955584976e-06,0.7969720355739665,3.0822514021190104,-0.6050813263940361,0.23314474291443701,aggregate,3,0.08283827934163224
resnet50_no_weights,CIFAR10,ptq,layer2.0.downsample.0,conv,131072,0.8314511669131944,6.3434689858489565e-06,,,,,42,3,
resnet50_no_weights,CIFAR10,ptq,layer2.0.downsample.0,conv,131072,0.8335196542739868,6.359250292007345e-06,,,,,43,3,
resnet50_no_weights,CIFAR10,ptq,layer2.0.downsample.0,conv,131072,0.8469777289898165,6.4619272536454505e-06,,,,,44,3,
resnet50_no_weights,CIFAR10,ptq,layer2.0.downsample.0,conv,131072,0.8373161833923326,6.3882155105005844e-06,1.15361558022604,2.2307766652673484,-0.6050813263940361,0.23314474291443701,aggregate,3,0.008430821875098252
resnet50_no_weights,CIFAR10,ptq,layer2.1.conv1,conv,65536,0.7713980045435684,1.1770599434563727e-05,,,,,42,3,
resnet50_no_weights,CIFAR10,ptq,layer2.1.conv1,conv,65536,0.6898182385187183,1.0525790993022434e-05,,,,,43,3,
resnet50_no_weights,CIFAR10,ptq,layer2.1.conv1,conv,65536,0.6679202248411837,1.0191653821429195e-05,,,,,44,3,
resnet50_no_weights,CIFAR10,ptq,layer2.1.conv1,conv,65536,0.7097121559678234,1.0829348083005118e-05,0.9778086424691353,3.781628369286572,-0.6050813263940361,0.23314474291443701,aggregate,3,0.054531996906748925
resnet50_no_weights,CIFAR10,ptq,layer2.1.conv2,conv,147456,0.23145896941423416,1.569681595962417e-06,,,,,42,3,
resnet50_no_weights,CIFAR10,ptq,layer2.1.conv2,conv,147456,0.42930332792026027,2.911399522028675e-06,,,,,43,3,
resnet50_no_weights,CIFAR10,ptq,layer2.1.conv2,conv,147456,0.2826428403013519,1.9167944356374235e-06,,,,,44,3,
resnet50_no_weights,CIFAR10,ptq,layer2.1.conv2,conv,147456,0.31446837921194876,2.1326251845428384e-06,0.43326001448768436,0.7447166567282643,-0.6050813263940361,0.23314474291443701,aggregate,3,0.10269004938833014
resnet50_no_weights,CIFAR10,ptq,layer2.1.conv3,conv,65536,0.41832373315288174,6.3831136040173605e-06,,,,,42,3,
resnet50_no_weights,CIFAR10,ptq,layer2.1.conv3,conv,65536,0.4995517854553622,7.622555320058628e-06,,,,,43,3,
resnet50_no_weights,CIFAR10,ptq,layer2.1.conv3,conv,65536,0.46353006517248496,7.072907488593826e-06,,,,,44,3,
resnet50_no_weights,CIFAR10,ptq,layer2.1.conv3,conv,65536,0.4604685279269096,7.026192137556604e-06,0.6344122788456027,2.4535592827734725,-0.6050813263940361,0.23314474291443701,aggregate,3,0.04070047761320695
resnet50_no_weights,CIFAR10,ptq,layer2.2.conv1,conv,65536,0.7784605614052942,1.1878365499958713e-05,,,,,42,3,
resnet50_no_weights,CIFAR10,ptq,layer2.2.conv1,conv,65536,0.9103010963881388,1.3890092413149091e-05,,,,,43,3,
resnet50_no_weights,CIFAR10,ptq,layer2.2.conv1,conv,65536,0.6559010768199668,1.0008256177062482e-05,,,,,44,3,
resnet50_no_weights,CIFAR10,ptq,layer2.2.conv1,conv,65536,0.7815542448711332,1.1925571363390094e-05,1.0767893557512638,4.164431565231664,-0.6050813263940361,0.23314474291443701,aggregate,3,0.12722822268314402
resnet50_no_weights,CIFAR10,ptq,layer2.2.conv2,conv,147456,0.19515706366962857,1.323493541596331e-06,,,,,42,3,
resnet50_no_weights,CIFAR10,ptq,layer2.2.conv2,conv,147456,0.25106044334554395,1.7026125986432832e-06,,,,,43,3,
resnet50_no_weights,CIFAR10,ptq,layer2.2.conv2,conv,147456,0.18443599653740725,1.2507866518650122e-06,,,,,44,3,
resnet50_no_weights,CIFAR10,ptq,layer2.2.conv2,conv,147456,0.2102178345175266,1.425630930701542e-06,0.2896284270516331,0.4978329563654882,-0.6050813263940361,0.23314474291443701,aggregate,3,0.035774632660898566
resnet50_no_weights,CIFAR10,ptq,layer2.2.conv3,conv,65536,0.4883281420916319,7.4512961134587385e-06,,,,,42,3,
resnet50_no_weights,CIFAR10,ptq,layer2.2.conv3,conv,65536,0.3218787405639887,4.911479805969066e-06,,,,,43,3,
resnet50_no_weights,CIFAR10,ptq,layer2.2.conv3,conv,65536,0.2532202324227375,3.863834112895775e-06,,,,,44,3,
resnet50_no_weights,CIFAR10,ptq,layer2.2.conv3,conv,65536,0.35447570502611936,5.408870010774526e-06,0.4883802609343975,1.8887874063839571,-0.6050813263940361,0.23314474291443701,aggregate,3,0.12089604570178591
resnet50_no_weights,CIFAR10,ptq,layer2.3.conv1,conv,65536,0.7363240724957701,1.1235413703853915e-05,,,,,42,3,
resnet50_no_weights,CIFAR10,ptq,layer2.3.conv1,conv,65536,0.7535531349740056,1.1498308333953942e-05,,,,,43,3,
resnet50_no_weights,CIFAR10,ptq,layer2.3.conv1,conv,65536,0.673384746774397,1.02750358089355e-05,,,,,44,3,
resnet50_no_weights,CIFAR10,ptq,layer2.3.conv1,conv,65536,0.7210873180813909,1.1002919282247786e-05,0.9934808156602031,3.842239752918912,-0.6050813263940361,0.23314474291443701,aggregate,3,0.04220025628410169
resnet50_no_weights,CIFAR10,ptq,layer2.3.conv2,conv,147456,0.11858294555737127,8.041920678532666e-07,,,,,42,3,
resnet50_no_weights,CIFAR10,ptq,layer2.3.conv2,conv,147456,0.14444181344964924,9.795587392147437e-07,,,,,43,3,
resnet50_no_weights,CIFAR10,ptq,layer2.3.conv2,conv,147456,0.1587960597488188,1.0769047020726101e-06,,,,,44,3,
resnet50_no_weights,CIFAR10,ptq,layer2.3.conv2,conv,147456,0.14060693958527976,9.535518363802067e-07,0.19372174981296986,0.33298206396188224,-0.6050813263940361,0.23314474291443701,aggregate,3,0.02037899240419697
resnet50_no_weights,CIFAR10,ptq,layer2.3.conv3,conv,65536,0.1784242147496387,2.7225374565069383e-06,,,,,42,3,
resnet50_no_weights,CIFAR10,ptq,layer2.3.conv3,conv,65536,0.16674550322861206,2.544334460885804e-06,,,,,43,3,
resnet50_no_weights,CIFAR10,ptq,layer2.3.conv3,conv,65536,0.18482881453302172,2.820263893631313e-06,,,,,44,3,
resnet50_no_weights,CIFAR10,ptq,layer2.3.conv3,conv,65536,0.1766661775037575,2.6957119370080183e-06,0.24340250303250022,0.9413475915888297,-0.6050813263940361,0.23314474291443701,aggregate,3,0.009168945312928674
resnet50_no_weights,CIFAR10,ptq,layer3.0.conv1,conv,131072,0.46034956322266507,3.512188440114327e-06,,,,,42,3,
resnet50_no_weights,CIFAR10,ptq,layer3.0.conv1,conv,131072,0.48026794461267336,3.664153630162608e-06,,,,,43,3,
resnet50_no_weights,CIFAR10,ptq,layer3.0.conv1,conv,131072,0.48724348098039627,3.7173727491790487e-06,,,,,44,3,
resnet50_no_weights,CIFAR10,ptq,layer3.0.conv1,conv,131072,0.4759536629385782,3.6312382731519944e-06,0.655746982946257,1.268035117546999,-0.6050813263940361,0.23314474291443701,aggregate,3,0.013956377497849403
resnet50_no_weights,CIFAR10,ptq,layer3.0.conv2,conv,589824,0.3586662352988214,6.080902698073009e-07,,,,,42,3,
resnet50_no_weights,CIFAR10,ptq,layer3.0.conv2,conv,589824,0.4419476774431044,7.492873763073467e-07,,,,,43,3,
resnet50_no_weights,CIFAR10,ptq,layer3.0.conv2,conv,589824,0.40035128262307906,6.787639747163206e-07,,,,,44,3,
resnet50_no_weights,CIFAR10,ptq,layer3.0.conv2,conv,589824,0.40032173178833497,6.787138736103227e-07,0.5515447999859142,0.2370081393081364,-0.6050813263940361,0.23314474291443701,aggregate,3,0.04164072893630424
resnet50_no_weights,CIFAR10,ptq,layer3.0.conv3,conv,262144,0.6738964674018678,2.570711011512252e-06,,,,,42,3,
resnet50_no_weights,CIFAR10,ptq,layer3.0.conv3,conv,262144,0.8645140299430261,3.297859306118111e-06,,,,,43,3,
resnet50_no_weights,CIFAR10,ptq,layer3.0.conv3,conv,262144,0.653241946645405,2.4919202676597787e-06,,,,,44,3,
resnet50_no_weights,CIFAR10,ptq,layer3.0.conv3,conv,262144,0.730550814663433,2.786830195096714e-06,1.0065191843397967,0.973166255750982,-0.6050813263940361,0.23314474291443701,aggregate,3,0.11647428726098624
resnet50_no_weights,CIFAR10,ptq,layer3.0.downsample.0,conv,524288,1.2884649542661815,2.4575518689464215e-06,,,,,42,3,
resnet50_no_weights,CIFAR10,ptq,layer3.0.downsample.0,conv,524288,1.6146573258770838,3.079714442972343e-06,,,,,43,3,
resnet50_no_weights,CIFAR10,ptq,layer3.0.downsample.0,conv,524288,1.5953449777194433,3.0428790621174684e-06,,,,,44,3,
resnet50_no_weights,CIFAR10,ptq,layer3.0.downsample.0,conv,524288,1.4994890859542362,2.860048458012078e-06,2.065926834146928,0.9987342085093892,-0.6050813263940361,0.23314474291443701,aggregate,3,0.18300718514272485
resnet50_no_weights,CIFAR10,ptq,layer3.1.conv1,conv,262144,0.13332001127454698,5.085754824621086e-07,,,,,42,3,
resnet50_no_weights,CIFAR10,ptq,layer3.1.conv1,conv,262144,0.15832529702068618,6.039630776240775e-07,,,,,43,3,
resnet50_no_weights,CIFAR10,ptq,layer3.1.conv1,conv,262144,0.11123395359350575,4.2432385861780455e-07,,,,,44,3,
resnet50_no_weights,CIFAR10,ptq,layer3.1.conv1,conv,262144,0.1342930872962463,5.122874729013302e-07,0.1850228156273613,0.17889173253134602,-0.6050813263940361,0.23314474291443701,aggregate,3,0.023560747317353217
resnet50_no_weights,CIFAR10,ptq,layer3.1.conv2,conv,589824,0.22896809306214838,3.881973148975769e-07,,,,,42,3,
resnet50_no_weights,CIFAR10,ptq,layer3.1.conv2,conv,589824,0.20070575994829978,3.402807616310964e-07,,,,,43,3,
resnet50_no_weights,CIFAR10,ptq,layer3.1.conv2,conv,589824,0.20409520818955368,3.460273033812691e-07,,,,,44,3,
resnet50_no_weights,CIFAR10,ptq,layer3.1.conv2,conv,589824,0.21125635373333396,3.581684599699808e-07,0.2910592508807698,0.125073088317455,-0.6050813263940361,0.23314474291443701,aggregate,3,0.015432153847857361
resnet50_no_weights,CIFAR10,ptq,layer3.1.conv3,conv,262144,0.7663277003500196,2.9233081830979142e-06,,,,,42,3,
resnet50_no_weights,CIFAR10,ptq,layer3.1.conv3,conv,262144,0.7722683703167397,2.9459700405759417e-06,,,,,43,3,
resnet50_no_weights,CIFAR10,ptq,layer3.1.conv3,conv,262144,0.7163388965458706,2.7326160299143622e-06,,,,,44,3,
resnet50_no_weights,CIFAR10,ptq,layer3.1.conv3,conv,262144,0.7516449890708766,2.867298084529406e-06,1.0355817639615623,1.001265791490611,-0.6050813263940361,0.23314474291443701,aggregate,3,0.03071991238515482
resnet50_no_weights,CIFAR10,ptq,layer3.2.conv1,conv,262144,0.09548040423542262,3.642288369576363e-07,,,,,42,3,
resnet50_no_weights,CIFAR10,ptq,layer3.2.conv1,conv,262144,0.10345649854119482,3.946552220962327e-07,,,,,43,3,
resnet50_no_weights,CIFAR10,ptq,layer3.2.conv1,conv,262144,0.10687921158014199,4.077118361669235e-07,,,,,44,3,
resnet50_no_weights,CIFAR10,ptq,layer3.2.conv1,conv,262144,0.10193870478558648,3.8886529840693083e-07,0.14044644114278823,0.13579248104458985,-0.6050813263940361,0.23314474291443701,aggregate,3,0.005849014928509744
resnet50_no_weights,CIFAR10,ptq,layer3.2.conv2,conv,589824,0.1274746911669219,2.161232692581548e-07,,,,,42,3,
resnet50_no_weights,CIFAR10,ptq,layer3.2.conv2,conv,589824,0.12091592180988063,2.0500339391052354e-07,,,,,43,3,
resnet50_no_weights,CIFAR10,ptq,layer3.2.conv2,conv,589824,0.1393042903393507,2.3617942019882322e-07,,,,,44,3,
resnet50_no_weights,CIFAR10,ptq,layer3.2.conv2,conv,589824,0.12923163443871774,2.1910202778916717e-07,0.17804937955764585,0.07651083312725186,-0.6050813263940361,0.23314474291443701,aggregate,3,0.009319236102767917
resnet50_no_weights,CIFAR10,ptq,layer3.2.conv3,conv,262144,0.6655737643440565,2.5389624189150103e-06,,,,,42,3,
resnet50_no_weights,CIFAR10,ptq,layer3.2.conv3,conv,262144,0.6863803504369198,2.6183332459904473e-06,,,,,43,3,
resnet50_no_weights,CIFAR10,ptq,layer3.2.conv3,conv,262144,0.690483787230083,2.633986615104992e-06,,,,,44,3,
resnet50_no_weights,CIFAR10,ptq,layer3.2.conv3,conv,262144,0.6808126340036864,2.5970940933368165e-06,0.9379922153414014,0.9069100582778314,-0.6050813263940361,0.23314474291443701,aggregate,3,0.013355781884871585
resnet50_no_weights,CIFAR10,ptq,layer3.3.conv1,conv,262144,0.1193489263455073,4.552800229854862e-07,,,,,42,3,
resnet50_no_weights,CIFAR10,ptq,layer3.3.conv1,conv,262144,0.12960830330848694,4.944164402331808e-07,,,,,43,3,
resnet50_no_weights,CIFAR10,ptq,layer3.3.conv1,conv,262144,0.13164466992020607,5.021845623787158e-07,,,,,44,3,
resnet50_no_weights,CIFAR10,ptq,layer3.3.conv1,conv,262144,0.12686729985806677,4.839603418657943e-07,0.1747919085291322,0.16899984600933163,-0.6050813263940361,0.23314474291443701,aggregate,3,0.006590231593054829
resnet50_no_weights,CIFAR10,ptq,layer3.3.conv2,conv,589824,0.21020913739567218,3.563929873922936e-07,,,,,42,3,
resnet50_no_weights,CIFAR10,ptq,layer3.3.conv2,conv,589824,0.23199032705563766,3.933212738980402e-07,,,,,43,3,
resnet50_no_weights,CIFAR10,ptq,layer3.3.conv2,conv,589824,0.21258627134375274,3.6042323022419015e-07,,,,,44,3,
resnet50_no_weights,CIFAR10,ptq,layer3.3.conv2,conv,589824,0.21826191193168754,3.7004583050484135e-07,0.3007111855335295,0.12922068806426204,-0.6050813263940361,0.23314474291443701,aggregate,3,0.011948419469260622
resnet50_no_weights,CIFAR10,ptq,layer3.3.conv3,conv,262144,1.3862691223621368,5.288197030495212e-06,,,,,42,3,
resnet50_no_weights,CIFAR10,ptq,layer3.3.conv3,conv,262144,1.1276939602361784,4.301811066574777e-06,,,,,43,3,
resnet50_no_weights,CIFAR10,ptq,layer3.3.conv3,conv,262144,1.2049438976927807,4.59649619176018e-06,,,,,44,3,
resnet50_no_weights,CIFAR10,ptq,layer3.3.conv3,conv,262144,1.239635660097032,4.72883476294339e-06,1.7079127809257422,1.6513178407552729,-0.6050813263940361,0.23314474291443701,aggregate,3,0.13273250318272156
resnet50_no_weights,CIFAR10,ptq,layer3.4.conv1,conv,262144,0.04529346679063404,1.7278086391690842e-07,,,,,42,3,
resnet50_no_weights,CIFAR10,ptq,layer3.4.conv1,conv,262144,0.06995471676482874,2.6685606676036355e-07,,,,,43,3,
resnet50_no_weights,CIFAR10,ptq,layer3.4.conv1,conv,262144,0.05767311445540852,2.2000547201312455e-07,,,,,44,3,
resnet50_no_weights,CIFAR10,ptq,layer3.4.conv1,conv,262144,0.05764043267029043,2.1988080089679883e-07,0.07941432698698987,0.07678278213604577,-0.6050813263940361,0.23314474291443701,aggregate,3,0.012330657470173211
resnet50_no_weights,CIFAR10,ptq,layer3.4.conv2,conv,589824,0.11970135622790881,2.029441939085368e-07,,,,,42,3,
resnet50_no_weights,CIFAR10,ptq,layer3.4.conv2,conv,589824,0.11176387748370568,1.894868257034398e-07,,,,,43,3,
resnet50_no_weights,CIFAR10,ptq,layer3.4.conv2,conv,589824,0.1210087737576528,2.0516081705331217e-07,,,,,44,3,
resnet50_no_weights,CIFAR10,ptq,layer3.4.conv2,conv,589824,0.1174913358230891,1.991972788884296e-07,0.1618741381516771,0.06956005801598893,-0.6050813263940361,0.23314474291443701,aggregate,3,0.005003016032484799
resnet50_no_weights,CIFAR10,ptq,layer3.4.conv3,conv,262144,0.9951424797375997,3.7961672963623036e-06,,,,,42,3,
resnet50_no_weights,CIFAR10,ptq,layer3.4.conv3,conv,262144,0.9711344814300538,3.7045840508653784e-06,,,,,43,3,
resnet50_no_weights,CIFAR10,ptq,layer3.4.conv3,conv,262144,0.9999052704208427,3.8143359009584147e-06,,,,,44,3,
resnet50_no_weights,CIFAR10,ptq,layer3.4.conv3,conv,262144,0.9887274105294988,3.7716957493953657e-06,1.362222978615156,1.317083127895276,-0.6050813263940361,0.23314474291443701,aggregate,3,0.015420908192991392
resnet50_no_weights,CIFAR10,ptq,layer3.5.conv1,conv,262144,0.06756486223858534,2.577394952338613e-07,,,,,42,3,
resnet50_no_weights,CIFAR10,ptq,layer3.5.conv1,conv,262144,0.05077663114900852,1.9369747600177202e-07,,,,,43,3,
resnet50_no_weights,CIFAR10,ptq,layer3.5.conv1,conv,262144,0.09376431956630328,3.576824934627658e-07,,,,,44,3,
resnet50_no_weights,CIFAR10,ptq,layer3.5.conv1,conv,262144,0.07070193765129905,2.697064882327997e-07,0.09740986552566318,0.09418200425955672,-0.6050813263940361,0.23314474291443701,aggregate,3,0.021664862576863814
resnet50_no_weights,CIFAR10,ptq,layer3.5.conv2,conv,589824,0.026715815549196546,4.5294554899760854e-08,,,,,42,3,
resnet50_no_weights,CIFAR10,ptq,layer3.5.conv2,conv,589824,0.026673566215322353,4.522292449158114e-08,,,,,43,3,
resnet50_no_weights,CIFAR10,ptq,layer3.5.conv2,conv,589824,0.030077305720705126,5.099369595117379e-08,,,,,44,3,
resnet50_no_weights,CIFAR10,ptq,layer3.5.conv2,conv,589824,0.027822229161741343,4.7170391780838593e-08,0.03833218284109662,0.016471988007174768,-0.6050813263940361,0.23314474291443701,aggregate,3,0.0019530678346243277
resnet50_no_weights,CIFAR10,ptq,layer3.5.conv3,conv,262144,0.26651662675773397,1.0166802473363265e-06,,,,,42,3,
resnet50_no_weights,CIFAR10,ptq,layer3.5.conv3,conv,262144,0.19850654815954547,7.572423864728755e-07,,,,,43,3,
resnet50_no_weights,CIFAR10,ptq,layer3.5.conv3,conv,262144,0.2603708388076888,9.93235926848178e-07,,,,,44,3,
resnet50_no_weights,CIFAR10,ptq,layer3.5.conv3,conv,262144,0.2417980045749894,9.223861868857933e-07,0.3331381273620673,0.32209896154685574,-0.6050813263940361,0.23314474291443701,aggregate,3,0.03761722114018315
resnet50_no_weights,CIFAR10,ptq,layer4.0.conv1,conv,524288,0.8487012612453678,1.6187691903025967e-06,,,,,42,3,
resnet50_no_weights,CIFAR10,ptq,layer4.0.conv1,conv,524288,1.0965581242337652,2.0915186390567116e-06,,,,,43,3,
resnet50_no_weights,CIFAR10,ptq,layer4.0.conv1,conv,524288,1.2163252368742643,2.3199562776074682e-06,,,,,44,3,
resnet50_no_weights,CIFAR10,ptq,layer4.0.conv1,conv,524288,1.0538615407844658,2.0100813689889256e-06,1.45196177616494,0.7019241298072253,-0.6050813263940361,0.23314474291443701,aggregate,3,0.18749425469326017
resnet50_no_weights,CIFAR10,ptq,layer4.0.conv2,conv,2359296,0.18152939027814724,7.694218541384686e-08,,,,,42,3,
resnet50_no_weights,CIFAR10,ptq,layer4.0.conv2,conv,2359296,0.11901114536104379,5.044349897640813e-08,,,,,43,3,
resnet50_no_weights,CIFAR10,ptq,layer4.0.conv2,conv,2359296,0.1668768247918171,7.073161858105855e-08,,,,,44,3,
resnet50_no_weights,CIFAR10,ptq,layer4.0.conv2,conv,2359296,0.15580578681033605,6.603910099043784e-08,0.2146620198185774,0.02306097614311052,-0.6050813263940361,0.23314474291443701,aggregate,3,0.03269646232192834
resnet50_no_weights,CIFAR10,ptq,layer4.0.conv3,conv,1048576,0.8277954603063649,7.894472697318696e-07,,,,,42,3,
resnet50_no_weights,CIFAR10,ptq,layer4.0.conv3,conv,1048576,0.8215069651603699,7.834500934222888e-07,,,,,43,3,
resnet50_no_weights,CIFAR10,ptq,layer4.0.conv3,conv,1048576,0.6625660061836243,6.318721830211871e-07,,,,,44,3,
resnet50_no_weights,CIFAR10,ptq,layer4.0.conv3,conv,1048576,0.7706228105501197,7.349231820584485e-07,1.0617285302267319,0.25663653372450895,-0.6050813263940361,0.23314474291443701,aggregate,3,0.09363274544850533
resnet50_no_weights,CIFAR10,ptq,layer4.0.downsample.0,conv,2097152,61.45055500377308,2.930190801800398e-05,,,,,42,3,
resnet50_no_weights,CIFAR10,ptq,layer4.0.downsample.0,conv,2097152,71.43830020611102,3.40644360571437e-05,,,,,43,3,
resnet50_no_weights,CIFAR10,ptq,layer4.0.downsample.0,conv,2097152,68.66898719124173,3.2743924708958495e-05,,,,,44,3,
resnet50_no_weights,CIFAR10,ptq,layer4.0.downsample.0,conv,2097152,67.18594746704194,3.2036756261368724e-05,92.56569657618964,11.187294508340528,-0.6050813263940361,0.23314474291443701,aggregate,3,5.156386202988684
resnet50_no_weights,CIFAR10,ptq,layer4.1.conv1,conv,1048576,1.5918754529953003,1.5181307344391826e-06,,,,,42,3,
resnet50_no_weights,CIFAR10,ptq,layer4.1.conv1,conv,1048576,1.7921225195223431,1.709101218721717e-06,,,,,43,3,
resnet50_no_weights,CIFAR10,ptq,layer4.1.conv1,conv,1048576,1.127988708826403,1.0757338608039884e-06,,,,,44,3,
resnet50_no_weights,CIFAR10,ptq,layer4.1.conv1,conv,1048576,1.5039955604480155,1.434321937988296e-06,2.072135646649336,0.5008678721758724,-0.6050813263940361,0.23314474291443701,aggregate,3,0.340676659404441
resnet50_no_weights,CIFAR10,ptq,layer4.1.conv2,conv,2359296,1.9104177330402619,8.097405891589109e-07,,,,,42,3,
resnet50_no_weights,CIFAR10,ptq,layer4.1.conv2,conv,2359296,2.433608348880495,1.031497679341844e-06,,,,,43,3,
resnet50_no_weights,CIFAR10,ptq,layer4.1.conv2,conv,2359296,1.8763765423528609,7.953120517107056e-07,,,,,44,3,
resnet50_no_weights,CIFAR10,ptq,layer4.1.conv2,conv,2359296,2.0734675414245394,8.788501067371535e-07,2.8567278506302833,0.3068960818798884,-0.6050813263940361,0.23314474291443701,aggregate,3,0.3123551689377413
resnet50_no_weights,CIFAR10,ptq,layer4.1.conv3,conv,1048576,142.96580158580434,0.00013634281309681353,,,,,42,3,
resnet50_no_weights,CIFAR10,ptq,layer4.1.conv3,conv,1048576,103.28708871205647,9.850224372106216e-05,,,,,43,3,
resnet50_no_weights,CIFAR10,ptq,layer4.1.conv3,conv,1048576,97.93125279744466,9.339452056641069e-05,,,,,44,3,
resnet50_no_weights,CIFAR10,ptq,layer4.1.conv3,conv,1048576,114.72804769843516,0.0001094131924614288,158.06700734914162,38.207289064397074,-0.6050813263940361,0.23314474291443701,aggregate,3,24.600798829281675
resnet50_no_weights,CIFAR10,ptq,layer4.2.conv1,conv,1048576,0.08094282882666448,7.719309694925736e-08,,,,,42,3,
resnet50_no_weights,CIFAR10,ptq,layer4.2.conv1,conv,1048576,0.10015632261178996,9.551651250056263e-08,,,,,43,3,
resnet50_no_weights,CIFAR10,ptq,layer4.2.conv1,conv,1048576,0.12861263438720594,1.2265456618042558e-07,,,,,44,3,
resnet50_no_weights,CIFAR10,ptq,layer4.2.conv1,conv,1048576,0.10323726194188679,9.845472521008185e-08,0.14223553324089253,0.034380572042840986,-0.6050813263940361,0.23314474291443701,aggregate,3,0.023983780580045348
resnet50_no_weights,CIFAR10,ptq,layer4.2.conv2,conv,2359296,0.24905212701701407,1.0556205199221041e-07,,,,,42,3,
resnet50_no_weights,CIFAR10,ptq,layer4.2.conv2,conv,2359296,0.24400130612775683,1.0342123503272029e-07,,,,,43,3,
resnet50_no_weights,CIFAR10,ptq,layer4.2.conv2,conv,2359296,0.28322738632559774,1.2004741512959703e-07,,,,,44,3,
resnet50_no_weights,CIFAR10,ptq,layer4.2.conv2,conv,2359296,0.25876027315678957,1.0967690071817592e-07,0.35650795789927864,0.03829937647513374,-0.6050813263940361,0.23314474291443701,aggregate,3,0.02133910537078089
resnet50_no_weights,CIFAR10,ptq,layer4.2.conv3,conv,1048576,0.1258225301798019,1.1999371545772735e-07,,,,,42,3,
resnet50_no_weights,CIFAR10,ptq,layer4.2.conv3,conv,1048576,0.1307596182732871,1.2470208957031928e-07,,,,,43,3,
resnet50_no_weights,CIFAR10,ptq,layer4.2.conv3,conv,1048576,0.1501705057564236,1.432137544216381e-07,,,,,44,3,
resnet50_no_weights,CIFAR10,ptq,layer4.2.conv3,conv,1048576,0.13558421806983753,1.2930318648322824e-07,0.18680167599823058,0.045152911744659525,-0.6050813263940361,0.23314474291443701,aggregate,3,0.012871035353365999
resnet50_no_weights,CIFAR10,ptq,fc,linear,20480,21.908493041992188,0.0010697506368160248,,,,,42,3,
resnet50_no_weights,CIFAR10,ptq,fc,linear,20480,39.10927757463957,0.0019096326940741977,,,,,43,3,
resnet50_no_weights,CIFAR10,ptq,fc,linear,20480,29.281224900600957,0.0014297473095996561,,,,,44,3,
resnet50_no_weights,CIFAR10,ptq,fc,linear,20480,30.099665172410905,0.0014697102134966261,41.469929031827064,513.2255234007366,-0.6050813263940361,0.23314474291443701,aggregate,3,8.629549843041097
resnet18_no_weights,CIFAR10,fp32_unfused,conv1,conv,1728,26.225686141422816,0.015176901702212277,,,,,42,3,
resnet18_no_weights,CIFAR10,fp32_unfused,conv1,conv,1728,24.144905304908754,0.0139727461255259,,,,,43,3,
resnet18_no_weights,CIFAR10,fp32_unfused,conv1,conv,1728,24.038128058115642,0.013910953737335441,,,,,44,3,
resnet18_no_weights,CIFAR10,fp32_unfused,conv1,conv,1728,24.802906501482404,0.014353533855024539,0.4690385484415214,42.201178242415864,0.1420547242008629,0.18250332169329683,aggregate,3,1.2333194123907665
resnet18_no_weights,CIFAR10,fp32_unfused,layer1.0.conv1,conv,36864,42.908077239990234,0.0011639560883243878,,,,,42,3,
resnet18_no_weights,CIFAR10,fp32_unfused,layer1.0.conv1,conv,36864,39.40621705488725,0.0010689620511850925,,,,,43,3,
resnet18_no_weights,CIFAR10,fp32_unfused,layer1.0.conv1,conv,36864,51.275510470072426,0.0013909372414841695,,,,,44,3,
resnet18_no_weights,CIFAR10,fp32_unfused,layer1.0.conv1,conv,36864,44.52993492164997,0.00120795179366455,0.8420890526115477,3.551528805907183,0.1420547242008629,0.18250332169329683,aggregate,3,6.098593960791993
resnet18_no_weights,CIFAR10,fp32_unfused,layer1.0.conv2,conv,36864,57.111692345660664,0.0015492538071197012,,,,,42,3,
resnet18_no_weights,CIFAR10,fp32_unfused,layer1.0.conv2,conv,36864,57.46887662934094,0.0015589430509261324,,,,,43,3,
resnet18_no_weights,CIFAR10,fp32_unfused,layer1.0.conv2,conv,36864,62.328384717305504,0.001690765644458157,,,,,44,3,
resnet18_no_weights,CIFAR10,fp32_unfused,layer1.0.conv2,conv,36864,58.96965123076904,0.0015996541675013303,1.11515316213967,4.703182598152697,0.1420547242008629,0.18250332169329683,aggregate,3,2.914225991290502
resnet18_no_weights,CIFAR10,fp32_unfused,layer1.1.conv1,conv,36864,60.19228324890137,0.0016328201836182013,,,,,42,3,
resnet18_no_weights,CIFAR10,fp32_unfused,layer1.1.conv1,conv,36864,92.68775024414063,0.0025143161416053775,,,,,43,3,
resnet18_no_weights,CIFAR10,fp32_unfused,layer1.1.conv1,conv,36864,83.63209470113118,0.0022686657633770395,,,,,44,3,
resnet18_no_weights,CIFAR10,fp32_unfused,layer1.1.conv1,conv,36864,78.8373760647244,0.002138600696200206,1.490864323910047,6.28775255496447,0.1420547242008629,0.18250332169329683,aggregate,3,16.769938548229714
resnet18_no_weights,CIFAR10,fp32_unfused,layer1.1.conv2,conv,36864,39.91856595873833,0.0010828604046966778,,,,,42,3,
resnet18_no_weights,CIFAR10,fp32_unfused,layer1.1.conv2,conv,36864,36.674094286831945,0.0009948484778328978,,,,,43,3,
resnet18_no_weights,CIFAR10,fp32_unfused,layer1.1.conv2,conv,36864,38.6634929491126,0.0010488143703643827,,,,,44,3,
resnet18_no_weights,CIFAR10,fp32_unfused,layer1.1.conv2,conv,36864,38.41871773156096,0.0010421744176313194,0.7265220951713418,3.06412266152488,0.1420547242008629,0.18250332169329683,aggregate,3,1.6360272882187323
resnet18_no_weights,CIFAR10,fp32_unfused,layer2.0.conv1,conv,73728,54.52484601736069,0.0007395405547059556,,,,,42,3,
resnet18_no_weights,CIFAR10,fp32_unfused,layer2.0.conv1,conv,73728,48.75247383117676,0.000661247746191091,,,,,43,3,
resnet18_no_weights,CIFAR10,fp32_unfused,layer2.0.conv1,conv,73728,55.58044204711914,0.0007538579921755526,,,,,44,3,
resnet18_no_weights,CIFAR10,fp32_unfused,layer2.0.conv1,conv,73728,52.952587298552196,0.0007182154310241998,1.0013667019730705,2.111642869779818,0.1420547242008629,0.18250332169329683,aggregate,3,3.675498006887209
resnet18_no_weights,CIFAR10,fp32_unfused,layer2.0.conv2,conv,147456,80.28238169352214,0.0005444497456429182,,,,,42,3,
resnet18_no_weights,CIFAR10,fp32_unfused,layer2.0.conv2,conv,147456,71.65257263183594,0.0004859251073665089,,,,,43,3,
resnet18_no_weights,CIFAR10,fp32_unfused,layer2.0.conv2,conv,147456,65.4325803120931,0.0004437430847988084,,,,,44,3,
resnet18_no_weights,CIFAR10,fp32_unfused,layer2.0.conv2,conv,147456,72.45584487915039,0.0004913726459360785,1.3701855589460683,1.4446968129271536,0.1420547242008629,0.18250332169329683,aggregate,3,7.457418118521463
resnet18_no_weights,CIFAR10,fp32_unfused,layer2.0.downsample.0,conv,8192,40.31816912806311,0.0049216515048905165,,,,,42,3,
resnet18_no_weights,CIFAR10,fp32_unfused,layer2.0.downsample.0,conv,8192,35.87015209197998,0.004378680675290525,,,,,43,3,
resnet18_no_weights,CIFAR10,fp32_unfused,layer2.0.downsample.0,conv,8192,47.40258228077608,0.005786448032321299,,,,,44,3,
resnet18_no_weights,CIFAR10,fp32_unfused,layer2.0.downsample.0,conv,8192,41.196967833606394,0.0050289267375007805,0.7790605504928185,14.785671303031076,0.1420547242008629,0.18250332169329683,aggregate,3,5.8162231635755095
resnet18_no_weights,CIFAR10,fp32_unfused,layer2.1.conv1,conv,147456,45.87235553448017,0.00031109182084472774,,,,,42,3,
resnet18_no_weights,CIFAR10,fp32_unfused,layer2.1.conv1,conv,147456,54.23699369663146,0.00036781815386712955,,,,,43,3,
resnet18_no_weights,CIFAR10,fp32_unfused,layer2.1.conv1,conv,147456,50.34957937760787,0.00034145493827045264,,,,,44,3,
resnet18_no_weights,CIFAR10,fp32_unfused,layer2.1.conv1,conv,147456,50.1529762029065,0.00034012163766077,0.9484242968390613,1.0,0.1420547242008629,0.18250332169329683,aggregate,3,4.185783379745828
resnet18_no_weights,CIFAR10,fp32_unfused,layer2.1.conv2,conv,147456,40.1192481600005,0.0002720760644531284,,,,,42,3,
resnet18_no_weights,CIFAR10,fp32_unfused,layer2.1.conv2,conv,147456,43.599010919269766,0.0002956747159781207,,,,,43,3,
resnet18_no_weights,CIFAR10,fp32_unfused,layer2.1.conv2,conv,147456,41.52398509979248,0.00028160254652094514,,,,,44,3,
resnet18_no_weights,CIFAR10,fp32_unfused,layer2.1.conv2,conv,147456,41.74741472635425,0.0002831177756507314,0.7894698471433208,0.8324015419833625,0.1420547242008629,0.18250332169329683,aggregate,3,1.7506078412135762
resnet18_no_weights,CIFAR10,fp32_unfused,layer3.0.conv1,conv,294912,82.63455291748046,0.0002802007138315174,,,,,42,3,
resnet18_no_weights,CIFAR10,fp32_unfused,layer3.0.conv1,conv,294912,72.97832466574276,0.0002474579693798244,,,,,43,3,
resnet18_no_weights,CIFAR10,fp32_unfused,layer3.0.conv1,conv,294912,85.2702366420201,0.0002891379009400095,,,,,44,3,
resnet18_no_weights,CIFAR10,fp32_unfused,layer3.0.conv1,conv,294912,80.29437140841443,0.0002722655280504504,1.5184170214557795,0.8004945816531738,0.1420547242008629,0.18250332169329683,aggregate,3,6.471484538316416
resnet18_no_weights,CIFAR10,fp32_unfused,layer3.0.conv2,conv,589824,99.64653456838508,0.0001689428279764558,,,,,42,3,
resnet18_no_weights,CIFAR10,fp32_unfused,layer3.0.conv2,conv,589824,105.20144315866324,0.00017836073669206956,,,,,43,3,
resnet18_no_weights,CIFAR10,fp32_unfused,layer3.0.conv2,conv,589824,100.38198634556362,0.00017018972836907895,,,,,44,3,
resnet18_no_weights,CIFAR10,fp32_unfused,layer3.0.conv2,conv,589824,101.74332135753731,0.00017249776434586812,1.9240301438182799,0.5071649235027902,0.1420547242008629,0.18250332169329683,aggregate,3,3.0173128977130603
resnet18_no_weights,CIFAR10,fp32_unfused,layer3.0.downsample.0,conv,32768,37.042561531066895,0.0011304492654744536,,,,,42,3,
resnet18_no_weights,CIFAR10,fp32_unfused,layer3.0.downsample.0,conv,32768,34.93687375386556,0.0010661887742268543,,,,,43,3,
resnet18_no_weights,CIFAR10,fp32_unfused,layer3.0.downsample.0,conv,32768,38.18468441282,0.001165304089746704,,,,,44,3,
resnet18_no_weights,CIFAR10,fp32_unfused,layer3.0.downsample.0,conv,32768,36.72137323258415,0.0011206473764826706,0.6944242440603157,3.2948429396908296,0.1420547242008629,0.18250332169329683,aggregate,3,1.6475557536593992
resnet18_no_weights,CIFAR10,fp32_unfused,layer3.1.conv1,conv,589824,82.17762565612793,0.00013932567283821604,,,,,42,3,
resnet18_no_weights,CIFAR10,fp32_unfused,layer3.1.conv1,conv,589824,87.08096614636872,0.00014763889930957154,,,,,43,3,
resnet18_no_weights,CIFAR10,fp32_unfused,layer3.1.conv1,conv,589824,90.22719994906721,0.00015297309019142525,,,,,44,3,
resnet18_no_weights,CIFAR10,fp32_unfused,layer3.1.conv1,conv,589824,86.49526391718796,0.00014664588744640428,1.6356797955255526,0.43115718380923984,0.1420547242008629,0.18250332169329683,aggregate,3,4.05662383027287
resnet18_no_weights,CIFAR10,fp32_unfused,layer3.1.conv2,conv,589824,57.40976448059082,9.733372070412669e-05,,,,,42,3,
resnet18_no_weights,CIFAR10,fp32_unfused,layer3.1.conv2,conv,589824,53.02123662775213,8.989331839286318e-05,,,,,43,3,
resnet18_no_weights,CIFAR10,fp32_unfused,layer3.1.conv2,conv,589824,53.48872262460214,9.068590397237505e-05,,,,,44,3,
resnet18_no_weights,CIFAR10,fp32_unfused,layer3.1.conv2,conv,589824,54.6399079109817,9.26376476897883e-05,1.0332749950903344,0.27236622852611075,0.1420547242008629,0.18250332169329683,aggregate,3,2.4101275591693967
resnet18_no_weights,CIFAR10,fp32_unfused,layer4.0.conv1,conv,1179648,62.67214171091715,5.312783280344404e-05,,,,,42,3,
resnet18_no_weights,CIFAR10,fp32_unfused,layer4.0.conv1,conv,1179648,62.495920953296476,5.2978448616279155e-05,,,,,43,3,
resnet18_no_weights,CIFAR10,fp32_unfused,layer4.0.conv1,conv,1179648,66.89178939092727,5.670487246274081e-05,,,,,44,3,
resnet18_no_weights,CIFAR10,fp32_unfused,layer4.0.conv1,conv,1179648,64.01995068504696,5.4270384627488e-05,1.2106574984999248,0.1595616938714617,0.1420547242008629,0.18250332169329683,aggregate,3,2.4886455358886086
resnet18_no_weights,CIFAR10,fp32_unfused,layer4.0.conv2,conv,2359296,55.79802367266487,2.3650285370154853e-05,,,,,42,3,
resnet18_no_weights,CIFAR10,fp32_unfused,layer4.0.conv2,conv,2359296,54.881753540039064,2.3261919462432464e-05,,,,,43,3,
resnet18_no_weights,CIFAR10,fp32_unfused,layer4.0.conv2,conv,2359296,57.5243991505016,2.4382018682904393e-05,,,,,44,3,
resnet18_no_weights,CIFAR10,fp32_unfused,layer4.0.conv2,conv,2359296,56.068058787735175,2.376474117183057e-05,1.0602822256400244,0.06987130055963393,0.1420547242008629,0.18250332169329683,aggregate,3,1.341858106564366
resnet18_no_weights,CIFAR10,fp32_unfused,layer4.0.downsample.0,conv,131072,29.163847691303975,0.00022250250008624248,,,,,42,3,
resnet18_no_weights,CIFAR10,fp32_unfused,layer4.0.downsample.0,conv,131072,33.20389099121094,0.0002533255843445659,,,,,43,3,
resnet18_no_weights,CIFAR10,fp32_unfused,layer4.0.downsample.0,conv,131072,25.019027328491212,0.00019088003027718515,,,,,44,3,
resnet18_no_weights,CIFAR10,fp32_unfused,layer4.0.downsample.0,conv,131072,29.12892200366871,0.00022223603823599784,0.5508462201174079,0.6534016470238547,0.1420547242008629,0.18250332169329683,aggregate,3,4.092543603563687
resnet18_no_weights,CIFAR10,fp32_unfused,layer4.1.conv1,conv,2359296,51.86209402084351,2.198202091676649e-05,,,,,42,3,
resnet18_no_weights,CIFAR10,fp32_unfused,layer4.1.conv1,conv,2359296,53.93288394383022,2.2859736100866624e-05,,,,,43,3,
resnet18_no_weights,CIFAR10,fp32_unfused,layer4.1.conv1,conv,2359296,52.84596903570767,2.2399041508868608e-05,,,,,44,3,
resnet18_no_weights,CIFAR10,fp32_unfused,layer4.1.conv1,conv,2359296,52.8803156667938,2.2413599508833907e-05,1.0,0.06589877569385559,0.1420547242008629,0.18250332169329683,aggregate,3,1.0358221346283607
resnet18_no_weights,CIFAR10,fp32_unfused,layer4.1.conv2,conv,2359296,16.115720315413043,6.8307326911981555e-06,,,,,42,3,
resnet18_no_weights,CIFAR10,fp32_unfused,layer4.1.conv2,conv,2359296,17.9947583410475,7.627172826575173e-06,,,,,43,3,
resnet18_no_weights,CIFAR10,fp32_unfused,layer4.1.conv2,conv,2359296,17.7873352595738,7.539255464161259e-06,,,,,44,3,
resnet18_no_weights,CIFAR10,fp32_unfused,layer4.1.conv2,conv,2359296,17.29927130534478,7.332386993978196e-06,0.32714009149169776,0.021558131509678786,0.1420547242008629,0.18250332169329683,aggregate,3,1.0302188083161314
resnet18_no_weights,CIFAR10,fp32_unfused,fc,linear,5120,4.192880617247687,0.0008189219955561889,,,,,42,3,
resnet18_no_weights,CIFAR10,fp32_unfused,fc,linear,5120,4.72492420176665,0.0009228367581575489,,,,,43,3,
resnet18_no_weights,CIFAR10,fp32_unfused,fc,linear,5120,4.51943031847477,0.0008827012340771035,,,,,44,3,
resnet18_no_weights,CIFAR10,fp32_unfused,fc,linear,5120,4.4790783791630355,0.0008748199959302804,0.08470218686640091,2.572079806350948,0.1420547242008629,0.18250332169329683,aggregate,3,0.2683072925054593
resnet18_no_weights,CIFAR10,fp32_fused,conv1,conv,1728,247.85432942708334,0.143434218418451,,,,,42,3,
resnet18_no_weights,CIFAR10,fp32_fused,conv1,conv,1728,250.7450328017726,0.14510707916769247,,,,,43,3,
resnet18_no_weights,CIFAR10,fp32_fused,conv1,conv,1728,243.64707033974784,0.1409994620021689,,,,,44,3,
resnet18_no_weights,CIFAR10,fp32_fused,conv1,conv,1728,247.41547752286792,0.1431802531961041,3.8457194830886268,168.26069769219302,-0.07586005506303743,0.013387505148435749,aggregate,3,3.5692731785971845
resnet18_no_weights,CIFAR10,fp32_fused,layer1.0.conv1,conv,36864,100.20723546937455,0.002718295233001697,,,,,42,3,
resnet18_no_weights,CIFAR10,fp32_fused,layer1.0.conv1,conv,36864,94.34553798876311,0.0025592865122819855,,,,,43,3,
resnet18_no_weights,CIFAR10,fp32_fused,layer1.0.conv1,conv,36864,121.55632781982422,0.0032974264274040857,,,,,44,3,
resnet18_no_weights,CIFAR10,fp32_fused,layer1.0.conv1,conv,36864,105.36970042598729,0.002858336057562589,1.6378211820559114,3.3590219918490827,-0.07586005506303743,0.013387505148435749,aggregate,3,14.321140112740173
resnet18_no_weights,CIFAR10,fp32_fused,layer1.0.conv2,conv,36864,62.55839368275234,0.001697005036967023,,,,,42,3,
resnet18_no_weights,CIFAR10,fp32_fused,layer1.0.conv2,conv,36864,65.53006087409125,0.0017776166686765205,,,,,43,3,
resnet18_no_weights,CIFAR10,fp32_fused,layer1.0.conv2,conv,36864,64.91741491247106,0.0017609975833461117,,,,,44,3,
resnet18_no_weights,CIFAR10,fp32_fused,layer1.0.conv2,conv,36864,64.33528982310489,0.0017452064296632184,1.0,2.0509088712801944,-0.07586005506303743,0.013387505148435749,aggregate,3,1.5690295372529497
resnet18_no_weights,CIFAR10,fp32_fused,layer1.1.conv1,conv,36864,412.04181082589287,0.011177349469018362,,,,,42,3,
resnet18_no_weights,CIFAR10,fp32_fused,layer1.1.conv1,conv,36864,388.0368309020996,0.0105261727132731,,,,,43,3,
resnet18_no_weights,CIFAR10,fp32_fused,layer1.1.conv1,conv,36864,390.05071353912354,0.010580802776126398,,,,,44,3,
resnet18_no_weights,CIFAR10,fp32_fused,layer1.1.conv1,conv,36864,396.7097850890387,0.010761441652805953,6.166285815760285,12.646490282391998,-0.07586005506303743,0.013387505148435749,aggregate,3,13.31605011689263
resnet18_no_weights,CIFAR10,fp32_fused,layer1.1.conv2,conv,36864,37.654992176936226,0.0010214570360497022,,,,,42,3,
resnet18_no_weights,CIFAR10,fp32_fused,layer1.1.conv2,conv,36864,41.87603232974098,0.001135960078389241,,,,,43,3,
resnet18_no_weights,CIFAR10,fp32_fused,layer1.1.conv2,conv,36864,42.88660640716553,0.0011633736547082664,,,,,44,3,
resnet18_no_weights,CIFAR10,fp32_fused,layer1.1.conv2,conv,36864,40.80587697128091,0.001106930256382403,0.6342689538429063,1.3008278242140243,-0.07586005506303743,0.013387505148435749,aggregate,3,2.7751344529436834
resnet18_no_weights,CIFAR10,fp32_fused,layer2.0.conv1,conv,73728,244.72241227170255,0.0033192601490845074,,,,,42,3,
resnet18_no_weights,CIFAR10,fp32_fused,layer2.0.conv1,conv,73728,216.80474948883057,0.0029406026135095293,,,,,43,3,
resnet18_no_weights,CIFAR10,fp32_fused,layer2.0.conv1,conv,73728,249.13045174734933,0.0033790480108961225,,,,,44,3,
resnet18_no_weights,CIFAR10,fp32_fused,layer2.0.conv1,conv,73728,236.88587116929415,0.003212970257830053,3.682051822889601,3.775776374038847,-0.07586005506303743,0.013387505148435749,aggregate,3,17.529868481078328
resnet18_no_weights,CIFAR10,fp32_fused,layer2.0.conv2,conv,147456,42.375296878814694,0.00028737587401539915,,,,,42,3,
resnet18_no_weights,CIFAR10,fp32_fused,layer2.0.conv2,conv,147456,43.05100932874178,0.0002919583423444402,,,,,43,3,
resnet18_no_weights,CIFAR10,fp32_fused,layer2.0.conv2,conv,147456,47.72350937128067,0.00032364576125271723,,,,,44,3,
resnet18_no_weights,CIFAR10,fp32_fused,layer2.0.conv2,conv,147456,44.38327185961238,0.00030099332587085216,0.6898744372124194,0.3537174008370956,-0.07586005506303743,0.013387505148435749,aggregate,3,2.9123936554857397
resnet18_no_weights,CIFAR10,fp32_fused,layer2.0.downsample.0,conv,8192,20.801748514175415,0.0025392759416718036,,,,,42,3,
resnet18_no_weights,CIFAR10,fp32_fused,layer2.0.downsample.0,conv,8192,26.381098959181045,0.003220348994040655,,,,,43,3,
resnet18_no_weights,CIFAR10,fp32_fused,layer2.0.downsample.0,conv,8192,25.247770082382928,0.0030820031838846348,,,,,44,3,
resnet18_no_weights,CIFAR10,fp32_fused,layer2.0.downsample.0,conv,8192,24.143539185246464,0.0029472093731990313,0.3752767610378548,3.4634629727902526,-0.07586005506303743,0.013387505148435749,aggregate,3,2.949030731052024
resnet18_no_weights,CIFAR10,fp32_fused,layer2.1.conv1,conv,147456,145.93260637919107,0.0009896688258137416,,,,,42,3,
resnet18_no_weights,CIFAR10,fp32_fused,layer2.1.conv1,conv,147456,162.47486066818237,0.0011018531675088322,,,,,43,3,
resnet18_no_weights,CIFAR10,fp32_fused,layer2.1.conv1,conv,147456,162.37938956327216,0.0011012057126415483,,,,,44,3,
resnet18_no_weights,CIFAR10,fp32_fused,layer2.1.conv1,conv,147456,156.92895220354853,0.0010642425686547075,2.43923595642512,1.250662665544477,-0.07586005506303743,0.013387505148435749,aggregate,3,9.523234471523635
resnet18_no_weights,CIFAR10,fp32_fused,layer2.1.conv2,conv,147456,21.995502225814327,0.0001491665461277556,,,,,42,3,
resnet18_no_weights,CIFAR10,fp32_fused,layer2.1.conv2,conv,147456,23.47424858494809,0.00015919493669262755,,,,,43,3,
resnet18_no_weights,CIFAR10,fp32_fused,layer2.1.conv2,conv,147456,23.714611825488863,0.00016082500424186784,,,,,44,3,
resnet18_no_weights,CIFAR10,fp32_fused,layer2.1.conv2,conv,147456,23.06145421208376,0.00015639549568741698,0.3584572988711655,0.18379081355750232,-0.07586005506303743,0.013387505148435749,aggregate,3,0.9309317105054628
resnet18_no_weights,CIFAR10,fp32_fused,layer3.0.conv1,conv,294912,272.157759817023,0.0009228439663934428,,,,,42,3,
resnet18_no_weights,CIFAR10,fp32_fused,layer3.0.conv1,conv,294912,312.4315658569336,0.0010594060799727838,,,,,43,3,
resnet18_no_weights,CIFAR10,fp32_fused,layer3.0.conv1,conv,294912,316.0981381734212,0.0010718388474304918,,,,,44,3,
resnet18_no_weights,CIFAR10,fp32_fused,layer3.0.conv1,conv,294912,300.2291546157926,0.0010180296312655727,4.6666325035808045,1.1963547500747969,-0.07586005506303743,0.013387505148435749,aggregate,3,24.37956813808029
resnet18_no_weights,CIFAR10,fp32_fused,layer3.0.conv2,conv,589824,69.00030066750266,0.00011698455923716678,,,,,42,3,
resnet18_no_weights,CIFAR10,fp32_fused,layer3.0.conv2,conv,589824,68.1679538380016,0.00011557338093736707,,,,,43,3,
resnet18_no_weights,CIFAR10,fp32_fused,layer3.0.conv2,conv,589824,60.85155703226725,0.00010316900809778384,,,,,44,3,
resnet18_no_weights,CIFAR10,fp32_fused,layer3.0.conv2,conv,589824,66.00660384592383,0.00011190898275743923,1.0259781844057028,0.13151173500860017,-0.07586005506303743,0.013387505148435749,aggregate,3,4.483757469956228
resnet18_no_weights,CIFAR10,fp32_fused,layer3.0.downsample.0,conv,32768,26.389808654785156,0.0008053530473262072,,,,,42,3,
resnet18_no_weights,CIFAR10,fp32_fused,layer3.0.downsample.0,conv,32768,30.025963483537947,0.0009163196863872664,,,,,43,3,
resnet18_no_weights,CIFAR10,fp32_fused,layer3.0.downsample.0,conv,32768,36.62906367962177,0.0011178303124884574,,,,,44,3,
resnet18_no_weights,CIFAR10,fp32_fused,layer3.0.downsample.0,conv,32768,31.01494527264829,0.0009465010154006436,0.4820829339220575,1.1122966866077229,-0.07586005506303743,0.013387505148435749,aggregate,3,5.190775433430384
resnet18_no_weights,CIFAR10,fp32_fused,layer3.1.conv1,conv,589824,105.73932478162978,0.0001792726724948964,,,,,42,3,
resnet18_no_weights,CIFAR10,fp32_fused,layer3.1.conv1,conv,589824,129.15932419720818,0.00021897943148669463,,,,,43,3,
resnet18_no_weights,CIFAR10,fp32_fused,layer3.1.conv1,conv,589824,119.04711012406783,0.00020183497132037325,,,,,44,3,
resnet18_no_weights,CIFAR10,fp32_fused,layer3.1.conv1,conv,589824,117.98191970096859,0.00020002902510065474,1.8338600793649873,0.23506749409101585,-0.07586005506303743,0.013387505148435749,aggregate,3,11.746278820738077
resnet18_no_weights,CIFAR10,fp32_fused,layer3.1.conv2,conv,589824,18.727970695495607,3.175179493458321e-05,,,,,42,3,
resnet18_no_weights,CIFAR10,fp32_fused,layer3.1.conv2,conv,589824,19.440770864486694,3.2960291314844246e-05,,,,,43,3,
resnet18_no_weights,CIFAR10,fp32_fused,layer3.1.conv2,conv,589824,19.71968418512589,3.343316681777257e-05,,,,,44,3,
resnet18_no_weights,CIFAR10,fp32_fused,layer3.1.conv2,conv,589824,19.296141915036063,3.2715084355733344e-05,0.29993090834116665,0.038445685043001596,-0.07586005506303743,0.013387505148435749,aggregate,3,0.5114313845894313
resnet18_no_weights,CIFAR10,fp32_fused,layer4.0.conv1,conv,1179648,109.5352053642273,9.285414408724237e-05,,,,,42,3,
resnet18_no_weights,CIFAR10,fp32_fused,layer4.0.conv1,conv,1179648,107.96677420479911,9.152456851942198e-05,,,,,43,3,
resnet18_no_weights,CIFAR10,fp32_fused,layer4.0.conv1,conv,1179648,105.68585306803385,8.959100771419428e-05,,,,,44,3,
resnet18_no_weights,CIFAR10,fp32_fused,layer4.0.conv1,conv,1179648,107.72927754568676,9.132324010695288e-05,1.6744974312216074,0.10732005114463411,-0.07586005506303743,0.013387505148435749,aggregate,3,1.9356347208007982
resnet18_no_weights,CIFAR10,fp32_fused,layer4.0.conv2,conv,2359296,23.571777900060017,9.991021855697639e-06,,,,,42,3,
resnet18_no_weights,CIFAR10,fp32_fused,layer4.0.conv2,conv,2359296,20.685954259789508,8.767850350184762e-06,,,,,43,3,
resnet18_no_weights,CIFAR10,fp32_fused,layer4.0.conv2,conv,2359296,20.479147184462775,8.68019408521134e-06,,,,,44,3,
resnet18_no_weights,CIFAR10,fp32_fused,layer4.0.conv2,conv,2359296,21.578959781437433,9.14635543036458e-06,0.33541404477652215,0.010748494374752213,-0.07586005506303743,0.013387505148435749,aggregate,3,1.7289260632063301
resnet18_no_weights,CIFAR10,fp32_fused,layer4.0.downsample.0,conv,131072,10.27219115363227,7.837059901147668e-05,,,,,42,3,
resnet18_no_weights,CIFAR10,fp32_fused,layer4.0.downsample.0,conv,131072,9.2455909870289,7.053826131461258e-05,,,,,43,3,
resnet18_no_weights,CIFAR10,fp32_fused,layer4.0.downsample.0,conv,131072,8.61273142756248,6.570992605257019e-05,,,,,44,3,
resnet18_no_weights,CIFAR10,fp32_fused,layer4.0.downsample.0,conv,131072,9.37683785607455,7.153959545955315e-05,0.14574952381277723,0.08407096632351246,-0.07586005506303743,0.013387505148435749,aggregate,3,0.8374789257573119
resnet18_no_weights,CIFAR10,fp32_fused,layer4.1.conv1,conv,2359296,89.04197029445483,3.774090673423548e-05,,,,,42,3,
resnet18_no_weights,CIFAR10,fp32_fused,layer4.1.conv1,conv,2359296,85.96743837992351,3.64377502356311e-05,,,,,43,3,
resnet18_no_weights,CIFAR10,fp32_fused,layer4.1.conv1,conv,2359296,84.93933927095853,3.6001985028991076e-05,,,,,44,3,
resnet18_no_weights,CIFAR10,fp32_fused,layer4.1.conv1,conv,2359296,86.64958264844562,3.672688066628588e-05,1.3468437444938182,0.04316021537204073,-0.07586005506303743,0.013387505148435749,aggregate,3,2.13468637767864
resnet18_no_weights,CIFAR10,fp32_fused,layer4.1.conv2,conv,2359296,2.829763569150652,1.199410149956026e-06,,,,,42,3,
resnet18_no_weights,CIFAR10,fp32_fused,layer4.1.conv2,conv,2359296,3.2205957889556887,1.3650664388680727e-06,,,,,43,3,
resnet18_no_weights,CIFAR10,fp32_fused,layer4.1.conv2,conv,2359296,3.1527426696958996,1.3363065379231345e-06,,,,,44,3,
resnet18_no_weights,CIFAR10,fp32_fused,layer4.1.conv2,conv,2359296,3.06770067593408,1.3002610422490777e-06,0.04768301634093781,0.0015280237691098096,-0.07586005506303743,0.013387505148435749,aggregate,3,0.20883381320244115
resnet18_no_weights,CIFAR10,fp32_fused,fc,linear,5120,4.511504187303431,0.0008811531615827014,,,,,42,3,
resnet18_no_weights,CIFAR10,fp32_fused,fc,linear,5120,4.111310724169016,0.000802990375814261,,,,,43,3,
resnet18_no_weights,CIFAR10,fp32_fused,fc,linear,5120,4.447668684853448,0.0008686852900104391,,,,,44,3,
resnet18_no_weights,CIFAR10,fp32_fused,fc,linear,5120,4.356827865441965,0.0008509429424691338,0.06772065343020009,1.0,-0.07586005506303743,0.013387505148435749,aggregate,3,0.21500637859698804
resnet18_no_weights,CIFAR10,ptq,conv1,conv,1728,189.6536475590297,0.10975326826332737,,,,,42,3,
resnet18_no_weights,CIFAR10,ptq,conv1,conv,1728,178.18959770202636,0.10311898015163562,,,,,43,3,
resnet18_no_weights,CIFAR10,ptq,conv1,conv,1728,177.77314261234167,0.10287797604880884,,,,,44,3,
resnet18_no_weights,CIFAR10,ptq,conv1,conv,1728,181.87212929113258,0.10525007482125728,3.249714232278501,139.77004462084318,-0.05256863289742721,0.006736068915554024,aggregate,3,6.742208734950557
resnet18_no_weights,CIFAR10,ptq,layer1.0.conv1,conv,36864,79.56531450965188,0.0021583472903008868,,,,,42,3,
resnet18_no_weights,CIFAR10,ptq,layer1.0.conv1,conv,36864,80.34053781297472,0.002179376568277309,,,,,43,3,
resnet18_no_weights,CIFAR10,ptq,layer1.0.conv1,conv,36864,89.7454411315918,0.002434500898751948,,,,,44,3,
resnet18_no_weights,CIFAR10,ptq,layer1.0.conv1,conv,36864,83.2170978180728,0.002257408252443381,1.4869336395980086,2.997794089052239,-0.05256863289742721,0.006736068915554024,aggregate,3,5.666982672188075
resnet18_no_weights,CIFAR10,ptq,layer1.0.conv2,conv,36864,57.11946369352795,0.0015494646184225245,,,,,42,3,
resnet18_no_weights,CIFAR10,ptq,layer1.0.conv2,conv,36864,54.64471206665039,0.0014823326840996743,,,,,43,3,
resnet18_no_weights,CIFAR10,ptq,layer1.0.conv2,conv,36864,56.13255265179802,0.0015226929430283752,,,,,44,3,
resnet18_no_weights,CIFAR10,ptq,layer1.0.conv2,conv,36864,55.965576137325456,0.0015181634151835248,1.0,2.016091377058825,-0.05256863289742721,0.006736068915554024,aggregate,3,1.2457968417733016
resnet18_no_weights,CIFAR10,ptq,layer1.1.conv1,conv,36864,331.40327027264766,0.008989889059045346,,,,,42,3,
resnet18_no_weights,CIFAR10,ptq,layer1.1.conv1,conv,36864,682.6190795898438,0.018517227636443243,,,,,43,3,
resnet18_no_weights,CIFAR10,ptq,layer1.1.conv1,conv,36864,386.626998765128,0.01048792856893251,,,,,44,3,
resnet18_no_weights,CIFAR10,ptq,layer1.1.conv1,conv,36864,466.8831162092065,0.012665015088140366,8.342326630634386,16.818892784630183,-0.05256863289742721,0.006736068915554024,aggregate,3,188.8621705609187
resnet18_no_weights,CIFAR10,ptq,layer1.1.conv2,conv,36864,35.70460789998372,0.0009685494764535515,,,,,42,3,
resnet18_no_weights,CIFAR10,ptq,layer1.1.conv2,conv,36864,40.4565691947937,0.0010974546765080756,,,,,43,3,
resnet18_no_weights,CIFAR10,ptq,layer1.1.conv2,conv,36864,35.58457624912262,0.0009652934095356613,,,,,44,3,
resnet18_no_weights,CIFAR10,ptq,layer1.1.conv2,conv,36864,37.24858444796668,0.0010104325208324294,0.6655624228109082,1.3418346615234515,-0.05256863289742721,0.006736068915554024,aggregate,3,2.7788444543025843
resnet18_no_weights,CIFAR10,ptq,layer2.0.conv1,conv,73728,205.9249098404594,0.002793035343973245,,,,,42,3,
resnet18_no_weights,CIFAR10,ptq,layer2.0.conv1,conv,73728,174.97454414367675,0.0023732441425737406,,,,,43,3,
resnet18_no_weights,CIFAR10,ptq,layer2.0.conv1,conv,73728,203.3574095101192,0.00275821139201008,,,,,44,3,
resnet18_no_weights,CIFAR10,ptq,layer2.0.conv1,conv,73728,194.75228783141844,0.0026414969595190217,3.4798585357818044,3.507856393687121,-0.05256863289742721,0.006736068915554024,aggregate,3,17.176069792594557
resnet18_no_weights,CIFAR10,ptq,layer2.0.conv2,conv,147456,35.90485226024281,0.00024349536309300953,,,,,42,3,
resnet18_no_weights,CIFAR10,ptq,layer2.0.conv2,conv,147456,47.67358064651489,0.0003233071604174458,,,,,43,3,
resnet18_no_weights,CIFAR10,ptq,layer2.0.conv2,conv,147456,37.98730869293213,0.00025761792462112177,,,,,44,3,
resnet18_no_weights,CIFAR10,ptq,layer2.0.conv2,conv,147456,40.52191386656328,0.00027480681604385906,0.724050687285568,0.3649380867974873,-0.05256863289742721,0.006736068915554024,aggregate,3,6.280438638909698
resnet18_no_weights,CIFAR10,ptq,layer2.0.downsample.0,conv,8192,27.06305980682373,0.0033035961678251624,,,,,42,3,
resnet18_no_weights,CIFAR10,ptq,layer2.0.downsample.0,conv,8192,24.211126761002973,0.0029554598096927457,,,,,43,3,
resnet18_no_weights,CIFAR10,ptq,layer2.0.downsample.0,conv,8192,23.905406845940483,0.002918140484123594,,,,,44,3,
resnet18_no_weights,CIFAR10,ptq,layer2.0.downsample.0,conv,8192,25.05986447125573,0.003059065487213834,0.44777283110183874,4.062379246495356,-0.05256863289742721,0.006736068915554024,aggregate,3,1.7415395002547325
resnet18_no_weights,CIFAR10,ptq,layer2.1.conv1,conv,147456,111.92302169799805,0.000759026568589939,,,,,42,3,
resnet18_no_weights,CIFAR10,ptq,layer2.1.conv1,conv,147456,128.07861112511677,0.0008685886713671655,,,,,43,3,
resnet18_no_weights,CIFAR10,ptq,layer2.1.conv1,conv,147456,138.30941438674927,0.0009379707464379155,,,,,44,3,
resnet18_no_weights,CIFAR10,ptq,layer2.1.conv1,conv,147456,126.10368240328803,0.0008551953287983401,2.253236562665973,1.135682701116134,-0.05256863289742721,0.006736068915554024,aggregate,3,13.303596783331715
resnet18_no_weights,CIFAR10,ptq,layer2.1.conv2,conv,147456,19.227716060394936,0.0001303962948974266,,,,,42,3,
resnet18_no_weights,CIFAR10,ptq,layer2.1.conv2,conv,147456,21.46405402096835,0.00014556243232536045,,,,,43,3,
resnet18_no_weights,CIFAR10,ptq,layer2.1.conv2,conv,147456,20.97514491611057,0.0001422468052579113,,,,,44,3,
resnet18_no_weights,CIFAR10,ptq,layer2.1.conv2,conv,147456,20.555638332491284,0.00013940184416023278,0.36729074819229796,0.18512292757599402,-0.05256863289742721,0.006736068915554024,aggregate,3,1.1757088069544932
resnet18_no_weights,CIFAR10,ptq,layer3.0.conv1,conv,294912,263.6430645566998,0.0008939719799692784,,,,,42,3,
resnet18_no_weights,CIFAR10,ptq,layer3.0.conv1,conv,294912,265.9916908957741,0.0009019358008347376,,,,,43,3,
resnet18_no_weights,CIFAR10,ptq,layer3.0.conv1,conv,294912,239.355623626709,0.0008116171048540208,,,,,44,3,
resnet18_no_weights,CIFAR10,ptq,layer3.0.conv1,conv,294912,256.3301263597276,0.0008691749618860121,4.580139150730047,1.154247380939547,-0.05256863289742721,0.006736068915554024,aggregate,3,14.747180025180803
resnet18_no_weights,CIFAR10,ptq,layer3.0.conv2,conv,589824,58.27714238848005,9.880429143012161e-05,,,,,42,3,
resnet18_no_weights,CIFAR10,ptq,layer3.0.conv2,conv,589824,63.975075006484985,0.00010846468608684113,,,,,43,3,
resnet18_no_weights,CIFAR10,ptq,layer3.0.conv2,conv,589824,66.36933485666911,0.00011252396453292696,,,,,44,3,
resnet18_no_weights,CIFAR10,ptq,layer3.0.conv2,conv,589824,62.87385075054472,0.00010659764734996324,1.1234379254180837,0.14155959463101583,-0.05256863289742721,0.006736068915554024,aggregate,3,4.1569719606893365
resnet18_no_weights,CIFAR10,ptq,layer3.0.downsample.0,conv,32768,30.1132129869963,0.0009189823299254242,,,,,42,3,
resnet18_no_weights,CIFAR10,ptq,layer3.0.downsample.0,conv,32768,26.756332533700125,0.0008165384684356727,,,,,43,3,
resnet18_no_weights,CIFAR10,ptq,layer3.0.downsample.0,conv,32768,27.350195145606996,0.0008346617170900573,,,,,44,3,
resnet18_no_weights,CIFAR10,ptq,layer3.0.downsample.0,conv,32768,28.073246888767805,0.0008567275051503847,0.5016163296502678,1.1377174013997768,-0.05256863289742721,0.006736068915554024,aggregate,3,1.7914420062888994
resnet18_no_weights,CIFAR10,ptq,layer3.1.conv1,conv,589824,109.06370995261453,0.00018490890494895855,,,,,42,3,
resnet18_no_weights,CIFAR10,ptq,layer3.1.conv1,conv,589824,105.09400667463031,0.00017817858662012788,,,,,43,3,
resnet18_no_weights,CIFAR10,ptq,layer3.1.conv1,conv,589824,105.5595603942871,0.00017896789617629513,,,,,44,3,
resnet18_no_weights,CIFAR10,ptq,layer3.1.conv1,conv,589824,106.57242567384398,0.00018068512924846052,1.9042495946497904,0.23994632422132528,-0.05256863289742721,0.006736068915554024,aggregate,3,2.1700364247423463
resnet18_no_weights,CIFAR10,ptq,layer3.1.conv2,conv,589824,20.485747609819686,3.473196684065024e-05,,,,,42,3,
resnet18_no_weights,CIFAR10,ptq,layer3.1.conv2,conv,589824,18.452881268092565,3.128540254057577e-05,,,,,43,3,
resnet18_no_weights,CIFAR10,ptq,layer3.1.conv2,conv,589824,20.97550195263278,3.556230664169783e-05,,,,,44,3,
resnet18_no_weights,CIFAR10,ptq,layer3.1.conv2,conv,589824,19.97137694351501,3.385989200764128e-05,0.3568510917230669,0.044965275557306436,-0.05256863289742721,0.006736068915554024,aggregate,3,1.337660893606288
resnet18_no_weights,CIFAR10,ptq,layer4.0.conv1,conv,1179648,102.30658608895762,8.672636760199451e-05,,,,,42,3,
resnet18_no_weights,CIFAR10,ptq,layer4.0.conv1,conv,1179648,97.01523494720459,8.224083366157074e-05,,,,,43,3,
resnet18_no_weights,CIFAR10,ptq,layer4.0.conv1,conv,1179648,103.33424453735351,8.759752446268168e-05,,,,,44,3,
resnet18_no_weights,CIFAR10,ptq,layer4.0.conv1,conv,1179648,100.88535519117191,8.55215752420823e-05,1.8026322992481059,0.11357098232880715,-0.05256863289742721,0.006736068915554024,aggregate,3,3.3907806621358003
resnet18_no_weights,CIFAR10,ptq,layer4.0.conv2,conv,2359296,20.241835049220494,8.57960809038819e-06,,,,,42,3,
resnet18_no_weights,CIFAR10,ptq,layer4.0.conv2,conv,2359296,22.119179065410908,9.37533021096586e-06,,,,,43,3,
resnet18_no_weights,CIFAR10,ptq,layer4.0.conv2,conv,2359296,22.276538848876953,9.4420279816e-06,,,,,44,3,
resnet18_no_weights,CIFAR10,ptq,layer4.0.conv2,conv,2359296,21.54585098783612,9.132322094318016e-06,0.3849839932848724,0.01212754545573912,-0.05256863289742721,0.006736068915554024,aggregate,3,1.1320484536828848
resnet18_no_weights,CIFAR10,ptq,layer4.0.downsample.0,conv,131072,9.172158387991098,6.99780150450981e-05,,,,,42,3,
resnet18_no_weights,CIFAR10,ptq,layer4.0.downsample.0,conv,131072,8.553957590690025,6.52615172629549e-05,,,,,43,3,
resnet18_no_weights,CIFAR10,ptq,layer4.0.downsample.0,conv,131072,8.647107392549515,6.597219385184871e-05,,,,,44,3,
resnet18_no_weights,CIFAR10,ptq,layer4.0.downsample.0,conv,131072,8.79107445707688,6.707057538663391e-05,0.15708003140190663,0.08906841472992563,-0.05256863289742721,0.006736068915554024,aggregate,3,0.3332985796510246
resnet18_no_weights,CIFAR10,ptq,layer4.1.conv1,conv,2359296,90.2757303392565,3.826384240860684e-05,,,,,42,3,
resnet18_no_weights,CIFAR10,ptq,layer4.1.conv1,conv,2359296,89.91833333969116,3.8112357813386346e-05,,,,,43,3,
resnet18_no_weights,CIFAR10,ptq,layer4.1.conv1,conv,2359296,86.63077096378102,3.671890723494679e-05,,,,,44,3,
resnet18_no_weights,CIFAR10,ptq,layer4.1.conv1,conv,2359296,88.94161154757623,3.769836915231333e-05,1.589219975674616,0.05006269826886294,-0.05256863289742721,0.006736068915554024,aggregate,3,2.009209124658458
resnet18_no_weights,CIFAR10,ptq,layer4.1.conv2,conv,2359296,3.140990428435497,1.331325288745243e-06,,,,,42,3,
resnet18_no_weights,CIFAR10,ptq,layer4.1.conv2,conv,2359296,3.029020599250136,1.2838662886090324e-06,,,,,43,3,
resnet18_no_weights,CIFAR10,ptq,layer4.1.conv2,conv,2359296,3.577039361000061,1.516146918826659e-06,,,,,44,3,
resnet18_no_weights,CIFAR10,ptq,layer4.1.conv2,conv,2359296,3.2490167962285645,1.3771128320603114e-06,0.05805384346006363,0.001828778956327455,-0.05256863289742721,0.006736068915554024,aggregate,3,0.2895400022646313
resnet18_no_weights,CIFAR10,ptq,fc,linear,5120,4.102434958730425,0.0008012568278770362,,,,,42,3,
resnet18_no_weights,CIFAR10,ptq,fc,linear,5120,3.3893137803444495,0.0006619753477235253,,,,,43,3,
resnet18_no_weights,CIFAR10,ptq,fc,linear,5120,4.074686355369035,0.0007958371787830147,,,,,44,3,
resnet18_no_weights,CIFAR10,ptq,fc,linear,5120,3.855478364814637,0.0007530231181278587,0.06889017554923874,1.0,-0.05256863289742721,0.006736068915554024,aggregate,3,0.4039487109867089
cnn,CIFAR10,fp32_unfused,conv1,conv,864,55.31946739073722,0.06402716133187179,,,,,42,3,
cnn,CIFAR10,fp32_unfused,conv1,conv,864,57.08116462013938,0.06606616275479095,,,,,43,3,
cnn,CIFAR10,fp32_unfused,conv1,conv,864,61.3799927605523,0.07104165828767627,,,,,44,3,
cnn,CIFAR10,fp32_unfused,conv1,conv,864,57.926874923809635,0.06704499412477967,0.9593669435030259,43.352100726232145,-0.046184732781826235,0.007236195506741689,aggregate,3,3.1175168608755848
cnn,CIFAR10,fp32_unfused,conv2,conv,18432,146.5252914428711,0.007949505829148822,,,,,42,3,
cnn,CIFAR10,fp32_unfused,conv2,conv,18432,125.9127754905007,0.006831205267496783,,,,,43,3,
cnn,CIFAR10,fp32_unfused,conv2,conv,18432,127.23904459100021,0.006903159971299925,,,,,44,3,
cnn,CIFAR10,fp32_unfused,conv2,conv,18432,133.22570384145735,0.007227957022648511,2.2064428032502694,4.673684068158086,-0.046184732781826235,0.007236195506741689,aggregate,3,11.53685486636171
cnn,CIFAR10,fp32_unfused,conv3,conv,73728,216.7300825852614,0.002939589878814852,,,,,42,3,
cnn,CIFAR10,fp32_unfused,conv3,conv,73728,178.06638622283936,0.0024151799346630773,,,,,43,3,
cnn,CIFAR10,fp32_unfused,conv3,conv,73728,172.91330745302398,0.002345286830688802,,,,,44,3,
cnn,CIFAR10,fp32_unfused,conv3,conv,73728,189.23659208704157,0.002566685548055577,3.1340777693991004,1.6596497898825853,-0.046184732781826235,0.007236195506741689,aggregate,3,23.94906198651126
cnn,CIFAR10,fp32_unfused,conv4,conv,294912,61.47585487365723,0.00020845491154533293,,,,,42,3,
cnn,CIFAR10,fp32_unfused,conv4,conv,294912,60.91560363769531,0.0002065551881161001,,,,,43,3,
cnn,CIFAR10,fp32_unfused,conv4,conv,294912,66.10978591918945,0.00022416783962398766,,,,,44,3,
cnn,CIFAR10,fp32_unfused,conv4,conv,294912,62.83374814351399,0.00021305931309514024,1.0406330564969741,0.13776671804567342,-0.046184732781826235,0.007236195506741689,aggregate,3,2.850927567054035
cnn,CIFAR10,fp32_unfused,fc1,linear,1048576,11.719894907691263,1.1176962764445555e-05,,,,,42,3,
cnn,CIFAR10,fp32_unfused,fc1,linear,1048576,13.691363751888275,1.3057101966751361e-05,,,,,43,3,
cnn,CIFAR10,fp32_unfused,fc1,linear,1048576,12.946432931082589,1.2346680575449551e-05,,,,,44,3,
cnn,CIFAR10,fp32_unfused,fc1,linear,1048576,12.785897196887376,1.2193581768882156e-05,0.21175606538166475,0.007884516837667251,-0.046184732781826235,0.007236195506741689,aggregate,3,0.9954904029547814
cnn,CIFAR10,fp32_unfused,fc2,linear,10240,5.131531037782368,0.0005011260779084344,,,,,42,3,
cnn,CIFAR10,fp32_unfused,fc2,linear,10240,5.489457301795483,0.0005360798146284651,,,,,43,3,
cnn,CIFAR10,fp32_unfused,fc2,linear,10240,5.548766837929779,0.00054187176151658,,,,,44,3,
cnn,CIFAR10,fp32_unfused,fc2,linear,10240,5.389918392502543,0.0005263592180178265,0.0892661573880367,0.3403502101174148,-0.046184732781826235,0.007236195506741689,aggregate,3,0.22572643637505913
cnn,CIFAR10,fp32_fused,conv1,conv,864,383.75121228448273,0.4441564956996328,,,,,42,3,
cnn,CIFAR10,fp32_fused,conv1,conv,864,375.52731184525925,0.4346380924134945,,,,,43,3,
cnn,CIFAR10,fp32_fused,conv1,conv,864,384.4130024543175,0.444922456544349,,,,,44,3,
cnn,CIFAR10,fp32_fused,conv1,conv,864,381.23050886135314,0.4412390148858254,2.1365135468992604,175.19940680804186,-0.365033679590995,0.1898607330529787,aggregate,3,4.950185219818485
cnn,CIFAR10,fp32_fused,conv2,conv,18432,813.547841389974,0.04413779521429981,,,,,42,3,
cnn,CIFAR10,fp32_fused,conv2,conv,18432,747.6631184895833,0.04056332023055465,,,,,43,3,
cnn,CIFAR10,fp32_fused,conv2,conv,18432,866.0174275716146,0.04698445245071694,,,,,44,3,
cnn,CIFAR10,fp32_fused,conv2,conv,18432,809.0761291503907,0.0438951892985238,4.53427013374548,17.42912767770103,-0.365033679590995,0.1898607330529787,aggregate,3,59.30373324957271
cnn,CIFAR10,fp32_fused,conv3,conv,73728,331.2493173935834,0.004492856409960712,,,,,42,3,
cnn,CIFAR10,fp32_fused,conv3,conv,73728,348.9676106770833,0.0047331761430810994,,,,,43,3,
cnn,CIFAR10,fp32_fused,conv3,conv,73728,326.3727264404297,0.004426713412006696,,,,,44,3,
cnn,CIFAR10,fp32_fused,conv3,conv,73728,335.5298848370321,0.004550915321682836,1.880395528901856,1.8069972008227217,-0.365033679590995,0.1898607330529787,aggregate,3,11.890106881158788
cnn,CIFAR10,fp32_fused,conv4,conv,294912,24.455798662625828,8.292574958843936e-05,,,,,42,3,
cnn,CIFAR10,fp32_fused,conv4,conv,294912,20.130444407463074,6.825915665508041e-05,,,,,43,3,
cnn,CIFAR10,fp32_fused,conv4,conv,294912,19.438916206359863,6.591429377699064e-05,,,,,44,3,
cnn,CIFAR10,fp32_fused,conv4,conv,294912,21.341719758816254,7.23664000068368e-05,0.11960447109814426,0.028733973937712584,-0.365033679590995,0.1898607330529787,aggregate,3,2.718946188800752
cnn,CIFAR10,fp32_fused,fc1,linear,1048576,12.365511309716009,1.1792670545307168e-05,,,,,42,3,
cnn,CIFAR10,fp32_fused,fc1,linear,1048576,13.739319377475315,1.3102836015200915e-05,,,,,43,3,
cnn,CIFAR10,fp32_fused,fc1,linear,1048576,12.32633368174235,1.175530784773097e-05,,,,,44,3,
cnn,CIFAR10,fp32_fused,fc1,linear,1048576,12.81038812297789,1.2216938136079684e-05,0.07179270055674764,0.00485088635012376,-0.365033679590995,0.1898607330529787,aggregate,3,0.8047165204716682
cnn,CIFAR10,fp32_fused,fc2,linear,10240,5.139643412369948,0.0005019183019892528,,,,,42,3,
cnn,CIFAR10,fp32_fused,fc2,linear,10240,4.58501614843096,0.000447755483245211,,,,,43,3,
cnn,CIFAR10,fp32_fused,fc2,linear,10240,5.207619376804518,0.0005085565797660662,,,,,44,3,
cnn,CIFAR10,fp32_fused,fc2,linear,10240,4.977426312535142,0.00048607678833350996,0.02789477362970361,0.19300279917727828,-0.365033679590995,0.1898607330529787,aggregate,3,0.34153255423810713
cnn,CIFAR10,ptq,conv1,conv,864,346.2076402143999,0.40070328728518506,,,,,42,3,
cnn,CIFAR10,ptq,conv1,conv,864,345.0596872965495,0.3993746380747101,,,,,43,3,
cnn,CIFAR10,ptq,conv1,conv,864,361.39048900604246,0.41827602894217875,,,,,44,3,
cnn,CIFAR10,ptq,conv1,conv,864,350.8859388389973,0.40611798476735794,1.8636712580177381,123.75836857103845,-0.3205984669437874,0.15380948584072332,aggregate,3,9.115296464425994
cnn,CIFAR10,ptq,conv2,conv,18432,846.0580729166667,0.04590158815737124,,,,,42,3,
cnn,CIFAR10,ptq,conv2,conv,18432,987.2075892857143,0.05355943952287947,,,,,43,3,
cnn,CIFAR10,ptq,conv2,conv,18432,883.12718878852,0.04791271640562717,,,,,44,3,
cnn,CIFAR10,ptq,conv2,conv,18432,905.4642836636336,0.04912458136195929,4.80922024464432,14.969979843601289,-0.3205984669437874,0.15380948584072332,aggregate,3,73.17790546605502
cnn,CIFAR10,ptq,conv3,conv,73728,457.9313193427192,0.006211091028411447,,,,,42,3,
cnn,CIFAR10,ptq,conv3,conv,73728,435.6348405317827,0.0059086756799558195,,,,,43,3,
cnn,CIFAR10,ptq,conv3,conv,73728,430.8414581298828,0.005843661270207829,,,,,44,3,
cnn,CIFAR10,ptq,conv3,conv,73728,441.46920600146154,0.005987809326191699,2.3447889455107327,1.8246951411138181,-0.3205984669437874,0.15380948584072332,aggregate,3,14.45665972685322
cnn,CIFAR10,ptq,conv4,conv,294912,24.464793485753678,8.295624961260876e-05,,,,,42,3,
cnn,CIFAR10,ptq,conv4,conv,294912,26.12018394470215,8.856941713020205e-05,,,,,43,3,
cnn,CIFAR10,ptq,conv4,conv,294912,26.417613689716045,8.957795440577544e-05,,,,,44,3,
cnn,CIFAR10,ptq,conv4,conv,294912,25.667530373390623,8.703454038286208e-05,0.13632874198226194,0.026522471624307445,-0.3205984669437874,0.15380948584072332,aggregate,3,1.0521635466821277
cnn,CIFAR10,ptq,fc1,linear,1048576,16.36895788283575,1.5610654719196082e-05,,,,,42,3,
cnn,CIFAR10,ptq,fc1,linear,1048576,16.146664472726677,1.5398659203268697e-05,,,,,43,3,
cnn,CIFAR10,ptq,fc1,linear,1048576,17.766121647574685,1.6943093917441068e-05,,,,,44,3,
cnn,CIFAR10,ptq,fc1,linear,1048576,16.760581334379037,1.598413594663528e-05,0.08902099013686444,0.0048709258441397415,-0.3205984669437874,0.15380948584072332,aggregate,3,0.8778878522571555
cnn,CIFAR10,ptq,fc2,linear,10240,5.781523474625179,0.0005646019018188651,,,,,42,3,
cnn,CIFAR10,ptq,fc2,linear,10240,5.881451388200124,0.0005743604871289184,,,,,43,3,
cnn,CIFAR10,ptq,fc2,linear,10240,6.009314404593574,0.0005868471098235911,,,,,44,3,
cnn,CIFAR10,ptq,fc2,linear,10240,5.890763089139625,0.0005752698329237916,0.03128779082270014,0.17530485888618202,-0.3205984669437874,0.15380948584072332,aggregate,3,0.11418059281137287
