model,dataset,variant,probe_seed,canonical_layer,quantized_layer,weight_shape,hessian_trace,seed,n_seeds,metric_std
resnet50_no_weights,CIFAR10,fp32_unfused,42,conv1,conv1,"(64, 3, 3, 3)",14.137865960597992,42,3,
resnet50_no_weights,CIFAR10,fp32_unfused,43,conv1,conv1,"(64, 3, 3, 3)",13.302233065877642,43,3,
resnet50_no_weights,CIFAR10,fp32_unfused,44,conv1,conv1,"(64, 3, 3, 3)",16.363703876071504,44,3,
resnet50_no_weights,CIFAR10,fp32_unfused,"42,43,44",conv1,conv1,"(64, 3, 3, 3)",14.60126763418238,aggregate,3,1.5824685506283764
resnet50_no_weights,CIFAR10,fp32_unfused,42,layer1.0.conv1,layer1.0.conv1,"(64, 64, 1, 1)",3.554247159706919,42,3,
resnet50_no_weights,CIFAR10,fp32_unfused,43,layer1.0.conv1,layer1.0.conv1,"(64, 64, 1, 1)",4.7987989485263824,43,3,
resnet50_no_weights,CIFAR10,fp32_unfused,44,layer1.0.conv1,layer1.0.conv1,"(64, 64, 1, 1)",4.06991520906106,44,3,
resnet50_no_weights,CIFAR10,fp32_unfused,"42,43,44",layer1.0.conv1,layer1.0.conv1,"(64, 64, 1, 1)",4.140987105764787,aggregate,3,0.6253124815955864
resnet50_no_weights,CIFAR10,fp32_unfused,42,layer1.0.conv2,layer1.0.conv2,"(64, 64, 3, 3)",4.263462866053862,42,3,
resnet50_no_weights,CIFAR10,fp32_unfused,43,layer1.0.conv2,layer1.0.conv2,"(64, 64, 3, 3)",4.158682875714059,43,3,
resnet50_no_weights,CIFAR10,fp32_unfused,44,layer1.0.conv2,layer1.0.conv2,"(64, 64, 3, 3)",3.3226645390192666,44,3,
resnet50_no_weights,CIFAR10,fp32_unfused,"42,43,44",layer1.0.conv2,layer1.0.conv2,"(64, 64, 3, 3)",3.914936760262396,aggregate,3,0.5155914076437902
resnet50_no_weights,CIFAR10,fp32_unfused,42,layer1.0.conv3,layer1.0.conv3,"(256, 64, 1, 1)",2.9797678206648146,42,3,
resnet50_no_weights,CIFAR10,fp32_unfused,43,layer1.0.conv3,layer1.0.conv3,"(256, 64, 1, 1)",2.76557702367956,43,3,
resnet50_no_weights,CIFAR10,fp32_unfused,44,layer1.0.conv3,layer1.0.conv3,"(256, 64, 1, 1)",2.8546064159144526,44,3,
resnet50_no_weights,CIFAR10,fp32_unfused,"42,43,44",layer1.0.conv3,layer1.0.conv3,"(256, 64, 1, 1)",2.866650420086276,aggregate,3,0.10760212779337965
resnet50_no_weights,CIFAR10,fp32_unfused,42,layer1.0.downsample.0,layer1.0.downsample.0,"(256, 64, 1, 1)",19.749549229939777,42,3,
resnet50_no_weights,CIFAR10,fp32_unfused,43,layer1.0.downsample.0,layer1.0.downsample.0,"(256, 64, 1, 1)",15.836316390471024,43,3,
resnet50_no_weights,CIFAR10,fp32_unfused,44,layer1.0.downsample.0,layer1.0.downsample.0,"(256, 64, 1, 1)",16.283196407815684,44,3,
resnet50_no_weights,CIFAR10,fp32_unfused,"42,43,44",layer1.0.downsample.0,layer1.0.downsample.0,"(256, 64, 1, 1)",17.289687342742162,aggregate,3,2.1419887524310326
resnet50_no_weights,CIFAR10,fp32_unfused,42,layer1.1.conv1,layer1.1.conv1,"(64, 256, 1, 1)",2.6094389280607535,42,3,
resnet50_no_weights,CIFAR10,fp32_unfused,43,layer1.1.conv1,layer1.1.conv1,"(64, 256, 1, 1)",2.3034548399583348,43,3,
resnet50_no_weights,CIFAR10,fp32_unfused,44,layer1.1.conv1,layer1.1.conv1,"(64, 256, 1, 1)",2.8446234981218974,44,3,
resnet50_no_weights,CIFAR10,fp32_unfused,"42,43,44",layer1.1.conv1,layer1.1.conv1,"(64, 256, 1, 1)",2.5858390887136617,aggregate,3,0.27135510582545547
resnet50_no_weights,CIFAR10,fp32_unfused,42,layer1.1.conv2,layer1.1.conv2,"(64, 64, 3, 3)",3.498269236087799,42,3,
resnet50_no_weights,CIFAR10,fp32_unfused,43,layer1.1.conv2,layer1.1.conv2,"(64, 64, 3, 3)",3.532465545754684,43,3,
resnet50_no_weights,CIFAR10,fp32_unfused,44,layer1.1.conv2,layer1.1.conv2,"(64, 64, 3, 3)",3.2700558322848696,44,3,
resnet50_no_weights,CIFAR10,fp32_unfused,"42,43,44",layer1.1.conv2,layer1.1.conv2,"(64, 64, 3, 3)",3.433596871375784,aggregate,3,0.14265903581235367
resnet50_no_weights,CIFAR10,fp32_unfused,42,layer1.1.conv3,layer1.1.conv3,"(256, 64, 1, 1)",2.746193528175354,42,3,
resnet50_no_weights,CIFAR10,fp32_unfused,43,layer1.1.conv3,layer1.1.conv3,"(256, 64, 1, 1)",2.375783480446914,43,3,
resnet50_no_weights,CIFAR10,fp32_unfused,44,layer1.1.conv3,layer1.1.conv3,"(256, 64, 1, 1)",2.6080687739411177,44,3,
resnet50_no_weights,CIFAR10,fp32_unfused,"42,43,44",layer1.1.conv3,layer1.1.conv3,"(256, 64, 1, 1)",2.5766819275211286,aggregate,3,0.18718907943758442
resnet50_no_weights,CIFAR10,fp32_unfused,42,layer1.2.conv1,layer1.2.conv1,"(64, 256, 1, 1)",5.416573464870453,42,3,
resnet50_no_weights,CIFAR10,fp32_unfused,43,layer1.2.conv1,layer1.2.conv1,"(64, 256, 1, 1)",4.541359779380617,43,3,
resnet50_no_weights,CIFAR10,fp32_unfused,44,layer1.2.conv1,layer1.2.conv1,"(64, 256, 1, 1)",4.852889835834503,44,3,
resnet50_no_weights,CIFAR10,fp32_unfused,"42,43,44",layer1.2.conv1,layer1.2.conv1,"(64, 256, 1, 1)",4.936941026695191,aggregate,3,0.4436194324316736
resnet50_no_weights,CIFAR10,fp32_unfused,42,layer1.2.conv2,layer1.2.conv2,"(64, 64, 3, 3)",11.514686322212219,42,3,
resnet50_no_weights,CIFAR10,fp32_unfused,43,layer1.2.conv2,layer1.2.conv2,"(64, 64, 3, 3)",12.893070220947266,43,3,
resnet50_no_weights,CIFAR10,fp32_unfused,44,layer1.2.conv2,layer1.2.conv2,"(64, 64, 3, 3)",12.233762198481067,44,3,
resnet50_no_weights,CIFAR10,fp32_unfused,"42,43,44",layer1.2.conv2,layer1.2.conv2,"(64, 64, 3, 3)",12.21383958054685,aggregate,3,0.6894078807948322
resnet50_no_weights,CIFAR10,fp32_unfused,42,layer1.2.conv3,layer1.2.conv3,"(256, 64, 1, 1)",5.5304320851961775,42,3,
resnet50_no_weights,CIFAR10,fp32_unfused,43,layer1.2.conv3,layer1.2.conv3,"(256, 64, 1, 1)",5.291463176409404,43,3,
resnet50_no_weights,CIFAR10,fp32_unfused,44,layer1.2.conv3,layer1.2.conv3,"(256, 64, 1, 1)",5.349662292003631,44,3,
resnet50_no_weights,CIFAR10,fp32_unfused,"42,43,44",layer1.2.conv3,layer1.2.conv3,"(256, 64, 1, 1)",5.390519184536404,aggregate,3,0.12461339852624696
resnet50_no_weights,CIFAR10,fp32_unfused,42,layer2.0.conv1,layer2.0.conv1,"(128, 256, 1, 1)",13.320055136313805,42,3,
resnet50_no_weights,CIFAR10,fp32_unfused,43,layer2.0.conv1,layer2.0.conv1,"(128, 256, 1, 1)",12.933722712099552,43,3,
resnet50_no_weights,CIFAR10,fp32_unfused,44,layer2.0.conv1,layer2.0.conv1,"(128, 256, 1, 1)",13.212926616668701,44,3,
resnet50_no_weights,CIFAR10,fp32_unfused,"42,43,44",layer2.0.conv1,layer2.0.conv1,"(128, 256, 1, 1)",13.155568155027353,aggregate,3,0.199450947205602
resnet50_no_weights,CIFAR10,fp32_unfused,42,layer2.0.conv2,layer2.0.conv2,"(128, 128, 3, 3)",25.384411343506404,42,3,
resnet50_no_weights,CIFAR10,fp32_unfused,43,layer2.0.conv2,layer2.0.conv2,"(128, 128, 3, 3)",19.872223717825754,43,3,
resnet50_no_weights,CIFAR10,fp32_unfused,44,layer2.0.conv2,layer2.0.conv2,"(128, 128, 3, 3)",26.20989887081847,44,3,
resnet50_no_weights,CIFAR10,fp32_unfused,"42,43,44",layer2.0.conv2,layer2.0.conv2,"(128, 128, 3, 3)",23.822177977383543,aggregate,3,3.445571273952403
resnet50_no_weights,CIFAR10,fp32_unfused,42,layer2.0.conv3,layer2.0.conv3,"(512, 128, 1, 1)",24.58703204913017,42,3,
resnet50_no_weights,CIFAR10,fp32_unfused,43,layer2.0.conv3,layer2.0.conv3,"(512, 128, 1, 1)",28.947147250175476,43,3,
resnet50_no_weights,CIFAR10,fp32_unfused,44,layer2.0.conv3,layer2.0.conv3,"(512, 128, 1, 1)",28.164071760679548,44,3,
resnet50_no_weights,CIFAR10,fp32_unfused,"42,43,44",layer2.0.conv3,layer2.0.conv3,"(512, 128, 1, 1)",27.2327503533284,aggregate,3,2.324472158241411
resnet50_no_weights,CIFAR10,fp32_unfused,42,layer2.0.downsample.0,layer2.0.downsample.0,"(512, 256, 1, 1)",34.904072180026915,42,3,
resnet50_no_weights,CIFAR10,fp32_unfused,43,layer2.0.downsample.0,layer2.0.downsample.0,"(512, 256, 1, 1)",36.91444922602454,43,3,
resnet50_no_weights,CIFAR10,fp32_unfused,44,layer2.0.downsample.0,layer2.0.downsample.0,"(512, 256, 1, 1)",32.837493896484375,44,3,
resnet50_no_weights,CIFAR10,fp32_unfused,"42,43,44",layer2.0.downsample.0,layer2.0.downsample.0,"(512, 256, 1, 1)",34.88533843417861,aggregate,3,2.0385422253884307
resnet50_no_weights,CIFAR10,fp32_unfused,42,layer2.1.conv1,layer2.1.conv1,"(128, 512, 1, 1)",3.565877475856263,42,3,
resnet50_no_weights,CIFAR10,fp32_unfused,43,layer2.1.conv1,layer2.1.conv1,"(128, 512, 1, 1)",2.9837743100665866,43,3,
resnet50_no_weights,CIFAR10,fp32_unfused,44,layer2.1.conv1,layer2.1.conv1,"(128, 512, 1, 1)",3.478716821140713,44,3,
resnet50_no_weights,CIFAR10,fp32_unfused,"42,43,44",layer2.1.conv1,layer2.1.conv1,"(128, 512, 1, 1)",3.3427895356878543,aggregate,3,0.313955719972623
resnet50_no_weights,CIFAR10,fp32_unfused,42,layer2.1.conv2,layer2.1.conv2,"(128, 128, 3, 3)",5.583659739721389,42,3,
resnet50_no_weights,CIFAR10,fp32_unfused,43,layer2.1.conv2,layer2.1.conv2,"(128, 128, 3, 3)",5.988215333537052,43,3,
resnet50_no_weights,CIFAR10,fp32_unfused,44,layer2.1.conv2,layer2.1.conv2,"(128, 128, 3, 3)",6.7847104753766745,44,3,
resnet50_no_weights,CIFAR10,fp32_unfused,"42,43,44",layer2.1.conv2,layer2.1.conv2,"(128, 128, 3, 3)",6.118861849545039,aggregate,3,0.6110909110053058
resnet50_no_weights,CIFAR10,fp32_unfused,42,layer2.1.conv3,layer2.1.conv3,"(512, 128, 1, 1)",8.095006219271955,42,3,
resnet50_no_weights,CIFAR10,fp32_unfused,43,layer2.1.conv3,layer2.1.conv3,"(512, 128, 1, 1)",7.837778641627385,43,3,
resnet50_no_weights,CIFAR10,fp32_unfused,44,layer2.1.conv3,layer2.1.conv3,"(512, 128, 1, 1)",8.313890048435756,44,3,
resnet50_no_weights,CIFAR10,fp32_unfused,"42,43,44",layer2.1.conv3,layer2.1.conv3,"(512, 128, 1, 1)",8.082224969778366,aggregate,3,0.23831289972895814
resnet50_no_weights,CIFAR10,fp32_unfused,42,layer2.2.conv1,layer2.2.conv1,"(128, 512, 1, 1)",4.386729505327013,42,3,
resnet50_no_weights,CIFAR10,fp32_unfused,43,layer2.2.conv1,layer2.2.conv1,"(128, 512, 1, 1)",4.858444011002256,43,3,
resnet50_no_weights,CIFAR10,fp32_unfused,44,layer2.2.conv1,layer2.2.conv1,"(128, 512, 1, 1)",3.236308553002097,44,3,
resnet50_no_weights,CIFAR10,fp32_unfused,"42,43,44",layer2.2.conv1,layer2.2.conv1,"(128, 512, 1, 1)",4.160494023110456,aggregate,3,0.8343966269620613
resnet50_no_weights,CIFAR10,fp32_unfused,42,layer2.2.conv2,layer2.2.conv2,"(128, 128, 3, 3)",6.583579321702321,42,3,
resnet50_no_weights,CIFAR10,fp32_unfused,43,layer2.2.conv2,layer2.2.conv2,"(128, 128, 3, 3)",8.172801831189323,43,3,
resnet50_no_weights,CIFAR10,fp32_unfused,44,layer2.2.conv2,layer2.2.conv2,"(128, 128, 3, 3)",8.61640505168749,44,3,
resnet50_no_weights,CIFAR10,fp32_unfused,"42,43,44",layer2.2.conv2,layer2.2.conv2,"(128, 128, 3, 3)",7.790928734859712,aggregate,3,1.0688617349300646
resnet50_no_weights,CIFAR10,fp32_unfused,42,layer2.2.conv3,layer2.2.conv3,"(512, 128, 1, 1)",7.712771415710449,42,3,
resnet50_no_weights,CIFAR10,fp32_unfused,43,layer2.2.conv3,layer2.2.conv3,"(512, 128, 1, 1)",6.930860711682227,43,3,
resnet50_no_weights,CIFAR10,fp32_unfused,44,layer2.2.conv3,layer2.2.conv3,"(512, 128, 1, 1)",6.862128893534343,44,3,
resnet50_no_weights,CIFAR10,fp32_unfused,"42,43,44",layer2.2.conv3,layer2.2.conv3,"(512, 128, 1, 1)",7.168587006975673,aggregate,3,0.47252885492739166
resnet50_no_weights,CIFAR10,fp32_unfused,42,layer2.3.conv1,layer2.3.conv1,"(128, 512, 1, 1)",4.860019604365031,42,3,
resnet50_no_weights,CIFAR10,fp32_unfused,43,layer2.3.conv1,layer2.3.conv1,"(128, 512, 1, 1)",6.653579305719446,43,3,
resnet50_no_weights,CIFAR10,fp32_unfused,44,layer2.3.conv1,layer2.3.conv1,"(128, 512, 1, 1)",5.567266325796804,44,3,
resnet50_no_weights,CIFAR10,fp32_unfused,"42,43,44",layer2.3.conv1,layer2.3.conv1,"(128, 512, 1, 1)",5.69362174529376,aggregate,3,0.9034314415647837
resnet50_no_weights,CIFAR10,fp32_unfused,42,layer2.3.conv2,layer2.3.conv2,"(128, 128, 3, 3)",15.876106103261312,42,3,
resnet50_no_weights,CIFAR10,fp32_unfused,43,layer2.3.conv2,layer2.3.conv2,"(128, 128, 3, 3)",15.820520973205566,43,3,
resnet50_no_weights,CIFAR10,fp32_unfused,44,layer2.3.conv2,layer2.3.conv2,"(128, 128, 3, 3)",11.409021556377411,44,3,
resnet50_no_weights,CIFAR10,fp32_unfused,"42,43,44",layer2.3.conv2,layer2.3.conv2,"(128, 128, 3, 3)",14.36854954428143,aggregate,3,2.5631771027498735
resnet50_no_weights,CIFAR10,fp32_unfused,42,layer2.3.conv3,layer2.3.conv3,"(512, 128, 1, 1)",11.226499021053314,42,3,
resnet50_no_weights,CIFAR10,fp32_unfused,43,layer2.3.conv3,layer2.3.conv3,"(512, 128, 1, 1)",8.738721397187975,43,3,
resnet50_no_weights,CIFAR10,fp32_unfused,44,layer2.3.conv3,layer2.3.conv3,"(512, 128, 1, 1)",8.389199357032776,44,3,
resnet50_no_weights,CIFAR10,fp32_unfused,"42,43,44",layer2.3.conv3,layer2.3.conv3,"(512, 128, 1, 1)",9.451473258424688,aggregate,3,1.5471195033464815
resnet50_no_weights,CIFAR10,fp32_unfused,42,layer3.0.conv1,layer3.0.conv1,"(256, 512, 1, 1)",46.078123507292375,42,3,
resnet50_no_weights,CIFAR10,fp32_unfused,43,layer3.0.conv1,layer3.0.conv1,"(256, 512, 1, 1)",36.772964707736314,43,3,
resnet50_no_weights,CIFAR10,fp32_unfused,44,layer3.0.conv1,layer3.0.conv1,"(256, 512, 1, 1)",47.430091519509595,44,3,
resnet50_no_weights,CIFAR10,fp32_unfused,"42,43,44",layer3.0.conv1,layer3.0.conv1,"(256, 512, 1, 1)",43.427059911512764,aggregate,3,5.802128196808925
resnet50_no_weights,CIFAR10,fp32_unfused,42,layer3.0.conv2,layer3.0.conv2,"(256, 256, 3, 3)",40.40036573410034,42,3,
resnet50_no_weights,CIFAR10,fp32_unfused,43,layer3.0.conv2,layer3.0.conv2,"(256, 256, 3, 3)",39.68683609595666,43,3,
resnet50_no_weights,CIFAR10,fp32_unfused,44,layer3.0.conv2,layer3.0.conv2,"(256, 256, 3, 3)",37.64895813281719,44,3,
resnet50_no_weights,CIFAR10,fp32_unfused,"42,43,44",layer3.0.conv2,layer3.0.conv2,"(256, 256, 3, 3)",39.245386654291394,aggregate,3,1.4278372296097337
resnet50_no_weights,CIFAR10,fp32_unfused,42,layer3.0.conv3,layer3.0.conv3,"(1024, 256, 1, 1)",28.464024437798393,42,3,
resnet50_no_weights,CIFAR10,fp32_unfused,43,layer3.0.conv3,layer3.0.conv3,"(1024, 256, 1, 1)",29.926894075730267,43,3,
resnet50_no_weights,CIFAR10,fp32_unfused,44,layer3.0.conv3,layer3.0.conv3,"(1024, 256, 1, 1)",26.578703353279515,44,3,
resnet50_no_weights,CIFAR10,fp32_unfused,"42,43,44",layer3.0.conv3,layer3.0.conv3,"(1024, 256, 1, 1)",28.323207288936057,aggregate,3,1.6785313165194775
resnet50_no_weights,CIFAR10,fp32_unfused,42,layer3.0.downsample.0,layer3.0.downsample.0,"(1024, 512, 1, 1)",38.54027856564989,42,3,
resnet50_no_weights,CIFAR10,fp32_unfused,43,layer3.0.downsample.0,layer3.0.downsample.0,"(1024, 512, 1, 1)",39.88483031252597,43,3,
resnet50_no_weights,CIFAR10,fp32_unfused,44,layer3.0.downsample.0,layer3.0.downsample.0,"(1024, 512, 1, 1)",38.41607157389323,44,3,
resnet50_no_weights,CIFAR10,fp32_unfused,"42,43,44",layer3.0.downsample.0,layer3.0.downsample.0,"(1024, 512, 1, 1)",38.947060150689694,aggregate,3,0.8145038376356085
resnet50_no_weights,CIFAR10,fp32_unfused,42,layer3.1.conv1,layer3.1.conv1,"(256, 1024, 1, 1)",7.9166053802736345,42,3,
resnet50_no_weights,CIFAR10,fp32_unfused,43,layer3.1.conv1,layer3.1.conv1,"(256, 1024, 1, 1)",7.311792638566759,43,3,
resnet50_no_weights,CIFAR10,fp32_unfused,44,layer3.1.conv1,layer3.1.conv1,"(256, 1024, 1, 1)",8.431212295185436,44,3,
resnet50_no_weights,CIFAR10,fp32_unfused,"42,43,44",layer3.1.conv1,layer3.1.conv1,"(256, 1024, 1, 1)",7.886536771341943,aggregate,3,0.560315253083819
resnet50_no_weights,CIFAR10,fp32_unfused,42,layer3.1.conv2,layer3.1.conv2,"(256, 256, 3, 3)",18.989897476999385,42,3,
resnet50_no_weights,CIFAR10,fp32_unfused,43,layer3.1.conv2,layer3.1.conv2,"(256, 256, 3, 3)",20.56933036927254,43,3,
resnet50_no_weights,CIFAR10,fp32_unfused,44,layer3.1.conv2,layer3.1.conv2,"(256, 256, 3, 3)",19.637381841970043,44,3,
resnet50_no_weights,CIFAR10,fp32_unfused,"42,43,44",layer3.1.conv2,layer3.1.conv2,"(256, 256, 3, 3)",19.73220322941399,aggregate,3,0.793974424610882
resnet50_no_weights,CIFAR10,fp32_unfused,42,layer3.1.conv3,layer3.1.conv3,"(1024, 256, 1, 1)",15.381376382781237,42,3,
resnet50_no_weights,CIFAR10,fp32_unfused,43,layer3.1.conv3,layer3.1.conv3,"(1024, 256, 1, 1)",13.926983805263744,43,3,
resnet50_no_weights,CIFAR10,fp32_unfused,44,layer3.1.conv3,layer3.1.conv3,"(1024, 256, 1, 1)",12.921344871520995,44,3,
resnet50_no_weights,CIFAR10,fp32_unfused,"42,43,44",layer3.1.conv3,layer3.1.conv3,"(1024, 256, 1, 1)",14.076568353188659,aggregate,3,1.2368186657031675
resnet50_no_weights,CIFAR10,fp32_unfused,42,layer3.2.conv1,layer3.2.conv1,"(256, 1024, 1, 1)",13.21784139934339,42,3,
resnet50_no_weights,CIFAR10,fp32_unfused,43,layer3.2.conv1,layer3.2.conv1,"(256, 1024, 1, 1)",10.53580391407013,43,3,
resnet50_no_weights,CIFAR10,fp32_unfused,44,layer3.2.conv1,layer3.2.conv1,"(256, 1024, 1, 1)",11.420860392706734,44,3,
resnet50_no_weights,CIFAR10,fp32_unfused,"42,43,44",layer3.2.conv1,layer3.2.conv1,"(256, 1024, 1, 1)",11.724835235373417,aggregate,3,1.3666132579604977
resnet50_no_weights,CIFAR10,fp32_unfused,42,layer3.2.conv2,layer3.2.conv2,"(256, 256, 3, 3)",24.844871804520892,42,3,
resnet50_no_weights,CIFAR10,fp32_unfused,43,layer3.2.conv2,layer3.2.conv2,"(256, 256, 3, 3)",28.012678651248706,43,3,
resnet50_no_weights,CIFAR10,fp32_unfused,44,layer3.2.conv2,layer3.2.conv2,"(256, 256, 3, 3)",28.067265737624396,44,3,
resnet50_no_weights,CIFAR10,fp32_unfused,"42,43,44",layer3.2.conv2,layer3.2.conv2,"(256, 256, 3, 3)",26.97493873113133,aggregate,3,1.844893972937057
resnet50_no_weights,CIFAR10,fp32_unfused,42,layer3.2.conv3,layer3.2.conv3,"(1024, 256, 1, 1)",11.542630791664124,42,3,
resnet50_no_weights,CIFAR10,fp32_unfused,43,layer3.2.conv3,layer3.2.conv3,"(1024, 256, 1, 1)",15.480079650878906,43,3,
resnet50_no_weights,CIFAR10,fp32_unfused,44,layer3.2.conv3,layer3.2.conv3,"(1024, 256, 1, 1)",12.143415655408587,44,3,
resnet50_no_weights,CIFAR10,fp32_unfused,"42,43,44",layer3.2.conv3,layer3.2.conv3,"(1024, 256, 1, 1)",13.055375365983872,aggregate,3,2.12123284083039
resnet50_no_weights,CIFAR10,fp32_unfused,42,layer3.3.conv1,layer3.3.conv1,"(256, 1024, 1, 1)",17.972001705529554,42,3,
resnet50_no_weights,CIFAR10,fp32_unfused,43,layer3.3.conv1,layer3.3.conv1,"(256, 1024, 1, 1)",19.451494963272758,43,3,
resnet50_no_weights,CIFAR10,fp32_unfused,44,layer3.3.conv1,layer3.3.conv1,"(256, 1024, 1, 1)",19.34437482110385,44,3,
resnet50_no_weights,CIFAR10,fp32_unfused,"42,43,44",layer3.3.conv1,layer3.3.conv1,"(256, 1024, 1, 1)",18.92262382996872,aggregate,3,0.8250033326111469
resnet50_no_weights,CIFAR10,fp32_unfused,42,layer3.3.conv2,layer3.3.conv2,"(256, 256, 3, 3)",33.89306478500366,42,3,
resnet50_no_weights,CIFAR10,fp32_unfused,43,layer3.3.conv2,layer3.3.conv2,"(256, 256, 3, 3)",34.980570999351706,43,3,
resnet50_no_weights,CIFAR10,fp32_unfused,44,layer3.3.conv2,layer3.3.conv2,"(256, 256, 3, 3)",35.96973856290182,44,3,
resnet50_no_weights,CIFAR10,fp32_unfused,"42,43,44",layer3.3.conv2,layer3.3.conv2,"(256, 256, 3, 3)",34.94779144908573,aggregate,3,1.0387248765381436
resnet50_no_weights,CIFAR10,fp32_unfused,42,layer3.3.conv3,layer3.3.conv3,"(1024, 256, 1, 1)",15.887803162847247,42,3,
resnet50_no_weights,CIFAR10,fp32_unfused,43,layer3.3.conv3,layer3.3.conv3,"(1024, 256, 1, 1)",15.86206615672392,43,3,
resnet50_no_weights,CIFAR10,fp32_unfused,44,layer3.3.conv3,layer3.3.conv3,"(1024, 256, 1, 1)",13.764465570449829,44,3,
resnet50_no_weights,CIFAR10,fp32_unfused,"42,43,44",layer3.3.conv3,layer3.3.conv3,"(1024, 256, 1, 1)",15.171444963340331,aggregate,3,1.2185478478028442
resnet50_no_weights,CIFAR10,fp32_unfused,42,layer3.4.conv1,layer3.4.conv1,"(256, 1024, 1, 1)",17.24899959564209,42,3,
resnet50_no_weights,CIFAR10,fp32_unfused,43,layer3.4.conv1,layer3.4.conv1,"(256, 1024, 1, 1)",19.319959825939602,43,3,
resnet50_no_weights,CIFAR10,fp32_unfused,44,layer3.4.conv1,layer3.4.conv1,"(256, 1024, 1, 1)",18.12501279045554,44,3,
resnet50_no_weights,CIFAR10,fp32_unfused,"42,43,44",layer3.4.conv1,layer3.4.conv1,"(256, 1024, 1, 1)",18.231324070679076,aggregate,3,1.0395651182564547
resnet50_no_weights,CIFAR10,fp32_unfused,42,layer3.4.conv2,layer3.4.conv2,"(256, 256, 3, 3)",32.827530490027534,42,3,
resnet50_no_weights,CIFAR10,fp32_unfused,43,layer3.4.conv2,layer3.4.conv2,"(256, 256, 3, 3)",28.81081497192383,43,3,
resnet50_no_weights,CIFAR10,fp32_unfused,44,layer3.4.conv2,layer3.4.conv2,"(256, 256, 3, 3)",31.331180279071514,44,3,
resnet50_no_weights,CIFAR10,fp32_unfused,"42,43,44",layer3.4.conv2,layer3.4.conv2,"(256, 256, 3, 3)",30.989841913674294,aggregate,3,2.0299962556893583
resnet50_no_weights,CIFAR10,fp32_unfused,42,layer3.4.conv3,layer3.4.conv3,"(1024, 256, 1, 1)",17.65879551569621,42,3,
resnet50_no_weights,CIFAR10,fp32_unfused,43,layer3.4.conv3,layer3.4.conv3,"(1024, 256, 1, 1)",16.555671215057373,43,3,
resnet50_no_weights,CIFAR10,fp32_unfused,44,layer3.4.conv3,layer3.4.conv3,"(1024, 256, 1, 1)",16.375841796398163,44,3,
resnet50_no_weights,CIFAR10,fp32_unfused,"42,43,44",layer3.4.conv3,layer3.4.conv3,"(1024, 256, 1, 1)",16.863436175717247,aggregate,3,0.6946452437918604
resnet50_no_weights,CIFAR10,fp32_unfused,42,layer3.5.conv1,layer3.5.conv1,"(256, 1024, 1, 1)",18.839963396390278,42,3,
resnet50_no_weights,CIFAR10,fp32_unfused,43,layer3.5.conv1,layer3.5.conv1,"(256, 1024, 1, 1)",14.955784869916512,43,3,
resnet50_no_weights,CIFAR10,fp32_unfused,44,layer3.5.conv1,layer3.5.conv1,"(256, 1024, 1, 1)",15.900706627789665,44,3,
resnet50_no_weights,CIFAR10,fp32_unfused,"42,43,44",layer3.5.conv1,layer3.5.conv1,"(256, 1024, 1, 1)",16.56548496469882,aggregate,3,2.025625430403596
resnet50_no_weights,CIFAR10,fp32_unfused,42,layer3.5.conv2,layer3.5.conv2,"(256, 256, 3, 3)",11.36693286895752,42,3,
resnet50_no_weights,CIFAR10,fp32_unfused,43,layer3.5.conv2,layer3.5.conv2,"(256, 256, 3, 3)",14.087149784482758,43,3,
resnet50_no_weights,CIFAR10,fp32_unfused,44,layer3.5.conv2,layer3.5.conv2,"(256, 256, 3, 3)",14.772118091583252,44,3,
resnet50_no_weights,CIFAR10,fp32_unfused,"42,43,44",layer3.5.conv2,layer3.5.conv2,"(256, 256, 3, 3)",13.40873358167451,aggregate,3,1.8011129915337727
resnet50_no_weights,CIFAR10,fp32_unfused,42,layer3.5.conv3,layer3.5.conv3,"(1024, 256, 1, 1)",6.826062829406173,42,3,
resnet50_no_weights,CIFAR10,fp32_unfused,43,layer3.5.conv3,layer3.5.conv3,"(1024, 256, 1, 1)",6.846596728200498,43,3,
resnet50_no_weights,CIFAR10,fp32_unfused,44,layer3.5.conv3,layer3.5.conv3,"(1024, 256, 1, 1)",5.948839821598747,44,3,
resnet50_no_weights,CIFAR10,fp32_unfused,"42,43,44",layer3.5.conv3,layer3.5.conv3,"(1024, 256, 1, 1)",6.540499793068473,aggregate,3,0.512495416203493
resnet50_no_weights,CIFAR10,fp32_unfused,42,layer4.0.conv1,layer4.0.conv1,"(512, 1024, 1, 1)",26.798328018188478,42,3,
resnet50_no_weights,CIFAR10,fp32_unfused,43,layer4.0.conv1,layer4.0.conv1,"(512, 1024, 1, 1)",30.223896312713624,43,3,
resnet50_no_weights,CIFAR10,fp32_unfused,44,layer4.0.conv1,layer4.0.conv1,"(512, 1024, 1, 1)",28.25580222266061,44,3,
resnet50_no_weights,CIFAR10,fp32_unfused,"42,43,44",layer4.0.conv1,layer4.0.conv1,"(512, 1024, 1, 1)",28.42600885118757,aggregate,3,1.7191152542543113
resnet50_no_weights,CIFAR10,fp32_unfused,42,layer4.0.conv2,layer4.0.conv2,"(512, 512, 3, 3)",15.61052656173706,42,3,
resnet50_no_weights,CIFAR10,fp32_unfused,43,layer4.0.conv2,layer4.0.conv2,"(512, 512, 3, 3)",16.9317385449129,43,3,
resnet50_no_weights,CIFAR10,fp32_unfused,44,layer4.0.conv2,layer4.0.conv2,"(512, 512, 3, 3)",18.84922260708279,44,3,
resnet50_no_weights,CIFAR10,fp32_unfused,"42,43,44",layer4.0.conv2,layer4.0.conv2,"(512, 512, 3, 3)",17.130495904577582,aggregate,3,1.6284705660681051
resnet50_no_weights,CIFAR10,fp32_unfused,42,layer4.0.conv3,layer4.0.conv3,"(2048, 512, 1, 1)",12.059848673203412,42,3,
resnet50_no_weights,CIFAR10,fp32_unfused,43,layer4.0.conv3,layer4.0.conv3,"(2048, 512, 1, 1)",13.223047415415445,43,3,
resnet50_no_weights,CIFAR10,fp32_unfused,44,layer4.0.conv3,layer4.0.conv3,"(2048, 512, 1, 1)",11.336552179776705,44,3,
resnet50_no_weights,CIFAR10,fp32_unfused,"42,43,44",layer4.0.conv3,layer4.0.conv3,"(2048, 512, 1, 1)",12.206482756131853,aggregate,3,0.9517574450610385
resnet50_no_weights,CIFAR10,fp32_unfused,42,layer4.0.downsample.0,layer4.0.downsample.0,"(2048, 1024, 1, 1)",37.241941555126296,42,3,
resnet50_no_weights,CIFAR10,fp32_unfused,43,layer4.0.downsample.0,layer4.0.downsample.0,"(2048, 1024, 1, 1)",35.83178520202637,43,3,
resnet50_no_weights,CIFAR10,fp32_unfused,44,layer4.0.downsample.0,layer4.0.downsample.0,"(2048, 1024, 1, 1)",34.957004123263886,44,3,
resnet50_no_weights,CIFAR10,fp32_unfused,"42,43,44",layer4.0.downsample.0,layer4.0.downsample.0,"(2048, 1024, 1, 1)",36.01024362680552,aggregate,3,1.1528748084299907
resnet50_no_weights,CIFAR10,fp32_unfused,42,layer4.1.conv1,layer4.1.conv1,"(512, 2048, 1, 1)",25.1949299176534,42,3,
resnet50_no_weights,CIFAR10,fp32_unfused,43,layer4.1.conv1,layer4.1.conv1,"(512, 2048, 1, 1)",23.768338576607082,43,3,
resnet50_no_weights,CIFAR10,fp32_unfused,44,layer4.1.conv1,layer4.1.conv1,"(512, 2048, 1, 1)",23.96346092224121,44,3,
resnet50_no_weights,CIFAR10,fp32_unfused,"42,43,44",layer4.1.conv1,layer4.1.conv1,"(512, 2048, 1, 1)",24.308909805500566,aggregate,3,0.7734933172277147
resnet50_no_weights,CIFAR10,fp32_unfused,42,layer4.1.conv2,layer4.1.conv2,"(512, 512, 3, 3)",62.475315488617994,42,3,
resnet50_no_weights,CIFAR10,fp32_unfused,43,layer4.1.conv2,layer4.1.conv2,"(512, 512, 3, 3)",61.66144371032715,43,3,
resnet50_no_weights,CIFAR10,fp32_unfused,44,layer4.1.conv2,layer4.1.conv2,"(512, 512, 3, 3)",58.302587335759945,44,3,
resnet50_no_weights,CIFAR10,fp32_unfused,"42,43,44",layer4.1.conv2,layer4.1.conv2,"(512, 512, 3, 3)",60.81311551156836,aggregate,3,2.211935941436942
resnet50_no_weights,CIFAR10,fp32_unfused,42,layer4.1.conv3,layer4.1.conv3,"(2048, 512, 1, 1)",21.294569396972655,42,3,
resnet50_no_weights,CIFAR10,fp32_unfused,43,layer4.1.conv3,layer4.1.conv3,"(2048, 512, 1, 1)",20.588911056518555,43,3,
resnet50_no_weights,CIFAR10,fp32_unfused,44,layer4.1.conv3,layer4.1.conv3,"(2048, 512, 1, 1)",18.82084756427341,44,3,
resnet50_no_weights,CIFAR10,fp32_unfused,"42,43,44",layer4.1.conv3,layer4.1.conv3,"(2048, 512, 1, 1)",20.23477600592154,aggregate,3,1.2743169354360944
resnet50_no_weights,CIFAR10,fp32_unfused,42,layer4.2.conv1,layer4.2.conv1,"(512, 2048, 1, 1)",20.63189332238559,42,3,
resnet50_no_weights,CIFAR10,fp32_unfused,43,layer4.2.conv1,layer4.2.conv1,"(512, 2048, 1, 1)",18.819056749343872,43,3,
resnet50_no_weights,CIFAR10,fp32_unfused,44,layer4.2.conv1,layer4.2.conv1,"(512, 2048, 1, 1)",19.05636742001488,44,3,
resnet50_no_weights,CIFAR10,fp32_unfused,"42,43,44",layer4.2.conv1,layer4.2.conv1,"(512, 2048, 1, 1)",19.50243916391478,aggregate,3,0.9853066074419851
resnet50_no_weights,CIFAR10,fp32_unfused,42,layer4.2.conv2,layer4.2.conv2,"(512, 512, 3, 3)",14.459173289212314,42,3,
resnet50_no_weights,CIFAR10,fp32_unfused,43,layer4.2.conv2,layer4.2.conv2,"(512, 512, 3, 3)",14.463476181030273,43,3,
resnet50_no_weights,CIFAR10,fp32_unfused,44,layer4.2.conv2,layer4.2.conv2,"(512, 512, 3, 3)",14.036601603031158,44,3,
resnet50_no_weights,CIFAR10,fp32_unfused,"42,43,44",layer4.2.conv2,layer4.2.conv2,"(512, 512, 3, 3)",14.319750357757915,aggregate,3,0.24522345258352463
resnet50_no_weights,CIFAR10,fp32_unfused,42,layer4.2.conv3,layer4.2.conv3,"(2048, 512, 1, 1)",5.666243925690651,42,3,
resnet50_no_weights,CIFAR10,fp32_unfused,43,layer4.2.conv3,layer4.2.conv3,"(2048, 512, 1, 1)",6.428043897761855,43,3,
resnet50_no_weights,CIFAR10,fp32_unfused,44,layer4.2.conv3,layer4.2.conv3,"(2048, 512, 1, 1)",5.334055497096135,44,3,
resnet50_no_weights,CIFAR10,fp32_unfused,"42,43,44",layer4.2.conv3,layer4.2.conv3,"(2048, 512, 1, 1)",5.809447773516213,aggregate,3,0.5608771360305392
resnet50_no_weights,CIFAR10,fp32_unfused,42,fc,fc,"(10, 2048)",5.321538514778262,42,3,
resnet50_no_weights,CIFAR10,fp32_unfused,43,fc,fc,"(10, 2048)",5.7995033891577465,43,3,
resnet50_no_weights,CIFAR10,fp32_unfused,44,fc,fc,"(10, 2048)",5.562792335237775,44,3,
resnet50_no_weights,CIFAR10,fp32_unfused,"42,43,44",fc,fc,"(10, 2048)",5.561278079724595,aggregate,3,0.23898603518295475
resnet50_no_weights,CIFAR10,ptq,42,conv1,conv1,"(64, 3, 3, 3)",975.6686444638381,42,3,
resnet50_no_weights,CIFAR10,ptq,43,conv1,conv1,"(64, 3, 3, 3)",1002.9305300191901,43,3,
resnet50_no_weights,CIFAR10,ptq,44,conv1,conv1,"(64, 3, 3, 3)",1152.838036840245,44,3,
resnet50_no_weights,CIFAR10,ptq,"42,43,44",conv1,conv1,"(64, 3, 3, 3)",1043.8124037744244,aggregate,3,95.39782020602196
resnet50_no_weights,CIFAR10,ptq,42,layer1.0.conv1,layer1.0.conv1,"(64, 64, 1, 1)",6.914054641096862,42,3,
resnet50_no_weights,CIFAR10,ptq,43,layer1.0.conv1,layer1.0.conv1,"(64, 64, 1, 1)",9.10688183973233,43,3,
resnet50_no_weights,CIFAR10,ptq,44,layer1.0.conv1,layer1.0.conv1,"(64, 64, 1, 1)",11.232652522231403,44,3,
resnet50_no_weights,CIFAR10,ptq,"42,43,44",layer1.0.conv1,layer1.0.conv1,"(64, 64, 1, 1)",9.084529667686866,aggregate,3,2.159385706498795
resnet50_no_weights,CIFAR10,ptq,42,layer1.0.conv2,layer1.0.conv2,"(64, 64, 3, 3)",22.886962274791763,42,3,
resnet50_no_weights,CIFAR10,ptq,43,layer1.0.conv2,layer1.0.conv2,"(64, 64, 3, 3)",23.386026074488957,43,3,
resnet50_no_weights,CIFAR10,ptq,44,layer1.0.conv2,layer1.0.conv2,"(64, 64, 3, 3)",19.87140203160899,44,3,
resnet50_no_weights,CIFAR10,ptq,"42,43,44",layer1.0.conv2,layer1.0.conv2,"(64, 64, 3, 3)",22.048130126963237,aggregate,3,1.9015454424941947
resnet50_no_weights,CIFAR10,ptq,42,layer1.0.conv3,layer1.0.conv3,"(256, 64, 1, 1)",5.418147288930061,42,3,
resnet50_no_weights,CIFAR10,ptq,43,layer1.0.conv3,layer1.0.conv3,"(256, 64, 1, 1)",4.282386476887351,43,3,
resnet50_no_weights,CIFAR10,ptq,44,layer1.0.conv3,layer1.0.conv3,"(256, 64, 1, 1)",4.791030899518066,44,3,
resnet50_no_weights,CIFAR10,ptq,"42,43,44",layer1.0.conv3,layer1.0.conv3,"(256, 64, 1, 1)",4.830521555111826,aggregate,3,0.5689092980892452
resnet50_no_weights,CIFAR10,ptq,42,layer1.0.downsample.0,layer1.0.downsample.0,"(256, 64, 1, 1)",2.584256003261544,42,3,
resnet50_no_weights,CIFAR10,ptq,43,layer1.0.downsample.0,layer1.0.downsample.0,"(256, 64, 1, 1)",2.1368584643033417,43,3,
resnet50_no_weights,CIFAR10,ptq,44,layer1.0.downsample.0,layer1.0.downsample.0,"(256, 64, 1, 1)",2.3884206307053133,44,3,
resnet50_no_weights,CIFAR10,ptq,"42,43,44",layer1.0.downsample.0,layer1.0.downsample.0,"(256, 64, 1, 1)",2.369845032756733,aggregate,3,0.2242764568469559
resnet50_no_weights,CIFAR10,ptq,42,layer1.1.conv1,layer1.1.conv1,"(64, 256, 1, 1)",19.55201443875658,42,3,
resnet50_no_weights,CIFAR10,ptq,43,layer1.1.conv1,layer1.1.conv1,"(64, 256, 1, 1)",16.338971683735487,43,3,
resnet50_no_weights,CIFAR10,ptq,44,layer1.1.conv1,layer1.1.conv1,"(64, 256, 1, 1)",14.926462022290714,44,3,
resnet50_no_weights,CIFAR10,ptq,"42,43,44",layer1.1.conv1,layer1.1.conv1,"(64, 256, 1, 1)",16.93914938159426,aggregate,3,2.3704627694025473
resnet50_no_weights,CIFAR10,ptq,42,layer1.1.conv2,layer1.1.conv2,"(64, 64, 3, 3)",3.429080337939131,42,3,
resnet50_no_weights,CIFAR10,ptq,43,layer1.1.conv2,layer1.1.conv2,"(64, 64, 3, 3)",4.107601659080709,43,3,
resnet50_no_weights,CIFAR10,ptq,44,layer1.1.conv2,layer1.1.conv2,"(64, 64, 3, 3)",4.236569034174467,44,3,
resnet50_no_weights,CIFAR10,ptq,"42,43,44",layer1.1.conv2,layer1.1.conv2,"(64, 64, 3, 3)",3.9244170103981024,aggregate,3,0.4337936839923886
resnet50_no_weights,CIFAR10,ptq,42,layer1.1.conv3,layer1.1.conv3,"(256, 64, 1, 1)",1.1610779837869547,42,3,
resnet50_no_weights,CIFAR10,ptq,43,layer1.1.conv3,layer1.1.conv3,"(256, 64, 1, 1)",1.182884014175775,43,3,
resnet50_no_weights,CIFAR10,ptq,44,layer1.1.conv3,layer1.1.conv3,"(256, 64, 1, 1)",1.0638804514670657,44,3,
resnet50_no_weights,CIFAR10,ptq,"42,43,44",layer1.1.conv3,layer1.1.conv3,"(256, 64, 1, 1)",1.1359474831432652,aggregate,3,0.06335707167549091
resnet50_no_weights,CIFAR10,ptq,42,layer1.2.conv1,layer1.2.conv1,"(64, 256, 1, 1)",9.388903549201386,42,3,
resnet50_no_weights,CIFAR10,ptq,43,layer1.2.conv1,layer1.2.conv1,"(64, 256, 1, 1)",7.995741127905521,43,3,
resnet50_no_weights,CIFAR10,ptq,44,layer1.2.conv1,layer1.2.conv1,"(64, 256, 1, 1)",9.851249006763101,44,3,
resnet50_no_weights,CIFAR10,ptq,"42,43,44",layer1.2.conv1,layer1.2.conv1,"(64, 256, 1, 1)",9.07863122795667,aggregate,3,0.9658825276003175
resnet50_no_weights,CIFAR10,ptq,42,layer1.2.conv2,layer1.2.conv2,"(64, 64, 3, 3)",1.021523075994481,42,3,
resnet50_no_weights,CIFAR10,ptq,43,layer1.2.conv2,layer1.2.conv2,"(64, 64, 3, 3)",1.4269245426453974,43,3,
resnet50_no_weights,CIFAR10,ptq,44,layer1.2.conv2,layer1.2.conv2,"(64, 64, 3, 3)",1.1811901228502393,44,3,
resnet50_no_weights,CIFAR10,ptq,"42,43,44",layer1.2.conv2,layer1.2.conv2,"(64, 64, 3, 3)",1.2098792471633726,aggregate,3,0.20421774330618128
resnet50_no_weights,CIFAR10,ptq,42,layer1.2.conv3,layer1.2.conv3,"(256, 64, 1, 1)",1.0126639645675133,42,3,
resnet50_no_weights,CIFAR10,ptq,43,layer1.2.conv3,layer1.2.conv3,"(256, 64, 1, 1)",0.787150544000835,43,3,
resnet50_no_weights,CIFAR10,ptq,44,layer1.2.conv3,layer1.2.conv3,"(256, 64, 1, 1)",0.4086299530769649,44,3,
resnet50_no_weights,CIFAR10,ptq,"42,43,44",layer1.2.conv3,layer1.2.conv3,"(256, 64, 1, 1)",0.736148153881771,aggregate,3,0.30522975708101246
resnet50_no_weights,CIFAR10,ptq,42,layer2.0.conv1,layer2.0.conv1,"(128, 256, 1, 1)",11.314450802432525,42,3,
resnet50_no_weights,CIFAR10,ptq,43,layer2.0.conv1,layer2.0.conv1,"(128, 256, 1, 1)",9.714596504775377,43,3,
resnet50_no_weights,CIFAR10,ptq,44,layer2.0.conv1,layer2.0.conv1,"(128, 256, 1, 1)",5.953713650504748,44,3,
resnet50_no_weights,CIFAR10,ptq,"42,43,44",layer2.0.conv1,layer2.0.conv1,"(128, 256, 1, 1)",8.994253652570883,aggregate,3,2.752007643804112
resnet50_no_weights,CIFAR10,ptq,42,layer2.0.conv2,layer2.0.conv2,"(128, 128, 3, 3)",2.0595614202320576,42,3,
resnet50_no_weights,CIFAR10,ptq,43,layer2.0.conv2,layer2.0.conv2,"(128, 128, 3, 3)",1.5935717794511999,43,3,
resnet50_no_weights,CIFAR10,ptq,44,layer2.0.conv2,layer2.0.conv2,"(128, 128, 3, 3)",2.531954156451447,44,3,
resnet50_no_weights,CIFAR10,ptq,"42,43,44",layer2.0.conv2,layer2.0.conv2,"(128, 128, 3, 3)",2.0616957853782347,aggregate,3,0.46919482947075564
resnet50_no_weights,CIFAR10,ptq,42,layer2.0.conv3,layer2.0.conv3,"(512, 128, 1, 1)",0.47188017351759803,42,3,
resnet50_no_weights,CIFAR10,ptq,43,layer2.0.conv3,layer2.0.conv3,"(512, 128, 1, 1)",0.5919584871402809,43,3,
resnet50_no_weights,CIFAR10,ptq,44,layer2.0.conv3,layer2.0.conv3,"(512, 128, 1, 1)",0.40748567979883504,44,3,
resnet50_no_weights,CIFAR10,ptq,"42,43,44",layer2.0.conv3,layer2.0.conv3,"(512, 128, 1, 1)",0.49044144681890467,aggregate,3,0.09362662448274474
resnet50_no_weights,CIFAR10,ptq,42,layer2.0.downsample.0,layer2.0.downsample.0,"(512, 256, 1, 1)",0.7418720305842512,42,3,
resnet50_no_weights,CIFAR10,ptq,43,layer2.0.downsample.0,layer2.0.downsample.0,"(512, 256, 1, 1)",0.7266139176984628,43,3,
resnet50_no_weights,CIFAR10,ptq,44,layer2.0.downsample.0,layer2.0.downsample.0,"(512, 256, 1, 1)",0.7984358497196808,44,3,
resnet50_no_weights,CIFAR10,ptq,"42,43,44",layer2.0.downsample.0,layer2.0.downsample.0,"(512, 256, 1, 1)",0.7556405993341316,aggregate,3,0.037838837110570046
resnet50_no_weights,CIFAR10,ptq,42,layer2.1.conv1,layer2.1.conv1,"(128, 512, 1, 1)",0.8077802281253613,42,3,
resnet50_no_weights,CIFAR10,ptq,43,layer2.1.conv1,layer2.1.conv1,"(128, 512, 1, 1)",0.6498446077410434,43,3,
resnet50_no_weights,CIFAR10,ptq,44,layer2.1.conv1,layer2.1.conv1,"(128, 512, 1, 1)",0.5363000839948654,44,3,
resnet50_no_weights,CIFAR10,ptq,"42,43,44",layer2.1.conv1,layer2.1.conv1,"(128, 512, 1, 1)",0.6646416399537567,aggregate,3,0.13634361476067286
resnet50_no_weights,CIFAR10,ptq,42,layer2.1.conv2,layer2.1.conv2,"(128, 128, 3, 3)",0.3492093160748482,42,3,
resnet50_no_weights,CIFAR10,ptq,43,layer2.1.conv2,layer2.1.conv2,"(128, 128, 3, 3)",0.33619818304266247,43,3,
resnet50_no_weights,CIFAR10,ptq,44,layer2.1.conv2,layer2.1.conv2,"(128, 128, 3, 3)",0.23311677793769733,44,3,
resnet50_no_weights,CIFAR10,ptq,"42,43,44",layer2.1.conv2,layer2.1.conv2,"(128, 128, 3, 3)",0.30617475901840263,aggregate,3,0.06360364647869517
resnet50_no_weights,CIFAR10,ptq,42,layer2.1.conv3,layer2.1.conv3,"(512, 128, 1, 1)",0.4159475084005007,42,3,
resnet50_no_weights,CIFAR10,ptq,43,layer2.1.conv3,layer2.1.conv3,"(512, 128, 1, 1)",0.4418348674662411,43,3,
resnet50_no_weights,CIFAR10,ptq,44,layer2.1.conv3,layer2.1.conv3,"(512, 128, 1, 1)",0.509396546560785,44,3,
resnet50_no_weights,CIFAR10,ptq,"42,43,44",layer2.1.conv3,layer2.1.conv3,"(512, 128, 1, 1)",0.4557263074758423,aggregate,3,0.04824841720124951
resnet50_no_weights,CIFAR10,ptq,42,layer2.2.conv1,layer2.2.conv1,"(128, 512, 1, 1)",0.7891925170381622,42,3,
resnet50_no_weights,CIFAR10,ptq,43,layer2.2.conv1,layer2.2.conv1,"(128, 512, 1, 1)",0.9833948596103771,43,3,
resnet50_no_weights,CIFAR10,ptq,44,layer2.2.conv1,layer2.2.conv1,"(128, 512, 1, 1)",0.673570837204655,44,3,
resnet50_no_weights,CIFAR10,ptq,"42,43,44",layer2.2.conv1,layer2.2.conv1,"(128, 512, 1, 1)",0.8153860712843981,aggregate,3,0.15656406972212117
resnet50_no_weights,CIFAR10,ptq,42,layer2.2.conv2,layer2.2.conv2,"(128, 128, 3, 3)",0.15912332011329144,42,3,
resnet50_no_weights,CIFAR10,ptq,43,layer2.2.conv2,layer2.2.conv2,"(128, 128, 3, 3)",0.18617181039669298,43,3,
resnet50_no_weights,CIFAR10,ptq,44,layer2.2.conv2,layer2.2.conv2,"(128, 128, 3, 3)",0.1767372737837131,44,3,
resnet50_no_weights,CIFAR10,ptq,"42,43,44",layer2.2.conv2,layer2.2.conv2,"(128, 128, 3, 3)",0.17401080143123251,aggregate,3,0.013728818057992013
resnet50_no_weights,CIFAR10,ptq,42,layer2.2.conv3,layer2.2.conv3,"(512, 128, 1, 1)",0.2924642438915643,42,3,
resnet50_no_weights,CIFAR10,ptq,43,layer2.2.conv3,layer2.2.conv3,"(512, 128, 1, 1)",0.32811605641800984,43,3,
resnet50_no_weights,CIFAR10,ptq,44,layer2.2.conv3,layer2.2.conv3,"(512, 128, 1, 1)",0.17768573611974717,44,3,
resnet50_no_weights,CIFAR10,ptq,"42,43,44",layer2.2.conv3,layer2.2.conv3,"(512, 128, 1, 1)",0.26608867880977377,aggregate,3,0.07860708073257332
resnet50_no_weights,CIFAR10,ptq,42,layer2.3.conv1,layer2.3.conv1,"(128, 512, 1, 1)",0.5488406942192331,42,3,
resnet50_no_weights,CIFAR10,ptq,43,layer2.3.conv1,layer2.3.conv1,"(128, 512, 1, 1)",0.4497409339195916,43,3,
resnet50_no_weights,CIFAR10,ptq,44,layer2.3.conv1,layer2.3.conv1,"(128, 512, 1, 1)",0.5507624072977054,44,3,
resnet50_no_weights,CIFAR10,ptq,"42,43,44",layer2.3.conv1,layer2.3.conv1,"(128, 512, 1, 1)",0.5164480118121767,aggregate,3,0.05777801420968496
resnet50_no_weights,CIFAR10,ptq,42,layer2.3.conv2,layer2.3.conv2,"(128, 128, 3, 3)",0.13181463087540726,42,3,
resnet50_no_weights,CIFAR10,ptq,43,layer2.3.conv2,layer2.3.conv2,"(128, 128, 3, 3)",0.12014550577711176,43,3,
resnet50_no_weights,CIFAR10,ptq,44,layer2.3.conv2,layer2.3.conv2,"(128, 128, 3, 3)",0.13327063118609098,44,3,
resnet50_no_weights,CIFAR10,ptq,"42,43,44",layer2.3.conv2,layer2.3.conv2,"(128, 128, 3, 3)",0.12841025594620334,aggregate,3,0.007194411424453159
resnet50_no_weights,CIFAR10,ptq,42,layer2.3.conv3,layer2.3.conv3,"(512, 128, 1, 1)",0.1750532787723037,42,3,
resnet50_no_weights,CIFAR10,ptq,43,layer2.3.conv3,layer2.3.conv3,"(512, 128, 1, 1)",0.16912316296781812,43,3,
resnet50_no_weights,CIFAR10,ptq,44,layer2.3.conv3,layer2.3.conv3,"(512, 128, 1, 1)",0.1581227405426594,44,3,
resnet50_no_weights,CIFAR10,ptq,"42,43,44",layer2.3.conv3,layer2.3.conv3,"(512, 128, 1, 1)",0.16743306076092707,aggregate,3,0.008590873953717704
resnet50_no_weights,CIFAR10,ptq,42,layer3.0.conv1,layer3.0.conv1,"(256, 512, 1, 1)",0.514367827004002,42,3,
resnet50_no_weights,CIFAR10,ptq,43,layer3.0.conv1,layer3.0.conv1,"(256, 512, 1, 1)",0.5909757021400663,43,3,
resnet50_no_weights,CIFAR10,ptq,44,layer3.0.conv1,layer3.0.conv1,"(256, 512, 1, 1)",0.42627848633404436,44,3,
resnet50_no_weights,CIFAR10,ptq,"42,43,44",layer3.0.conv1,layer3.0.conv1,"(256, 512, 1, 1)",0.5105406718260376,aggregate,3,0.08241528111419028
resnet50_no_weights,CIFAR10,ptq,42,layer3.0.conv2,layer3.0.conv2,"(256, 256, 3, 3)",0.3810191720724106,42,3,
resnet50_no_weights,CIFAR10,ptq,43,layer3.0.conv2,layer3.0.conv2,"(256, 256, 3, 3)",0.40814346336481866,43,3,
resnet50_no_weights,CIFAR10,ptq,44,layer3.0.conv2,layer3.0.conv2,"(256, 256, 3, 3)",0.41711367666721344,44,3,
resnet50_no_weights,CIFAR10,ptq,"42,43,44",layer3.0.conv2,layer3.0.conv2,"(256, 256, 3, 3)",0.4020921040348142,aggregate,3,0.018792752001547956
resnet50_no_weights,CIFAR10,ptq,42,layer3.0.conv3,layer3.0.conv3,"(1024, 256, 1, 1)",0.8071611579507589,42,3,
resnet50_no_weights,CIFAR10,ptq,43,layer3.0.conv3,layer3.0.conv3,"(1024, 256, 1, 1)",0.6991625470372865,43,3,
resnet50_no_weights,CIFAR10,ptq,44,layer3.0.conv3,layer3.0.conv3,"(1024, 256, 1, 1)",0.6755866083833907,44,3,
resnet50_no_weights,CIFAR10,ptq,"42,43,44",layer3.0.conv3,layer3.0.conv3,"(1024, 256, 1, 1)",0.7273034377904787,aggregate,3,0.07015623865880556
resnet50_no_weights,CIFAR10,ptq,42,layer3.0.downsample.0,layer3.0.downsample.0,"(1024, 512, 1, 1)",1.1029324047267437,42,3,
resnet50_no_weights,CIFAR10,ptq,43,layer3.0.downsample.0,layer3.0.downsample.0,"(1024, 512, 1, 1)",1.0752136626026847,43,3,
resnet50_no_weights,CIFAR10,ptq,44,layer3.0.downsample.0,layer3.0.downsample.0,"(1024, 512, 1, 1)",1.9565878891944886,44,3,
resnet50_no_weights,CIFAR10,ptq,"42,43,44",layer3.0.downsample.0,layer3.0.downsample.0,"(1024, 512, 1, 1)",1.378244652174639,aggregate,3,0.5010516510512498
resnet50_no_weights,CIFAR10,ptq,42,layer3.1.conv1,layer3.1.conv1,"(256, 1024, 1, 1)",0.12930082096092738,42,3,
resnet50_no_weights,CIFAR10,ptq,43,layer3.1.conv1,layer3.1.conv1,"(256, 1024, 1, 1)",0.12745677052838048,43,3,
resnet50_no_weights,CIFAR10,ptq,44,layer3.1.conv1,layer3.1.conv1,"(256, 1024, 1, 1)",0.14506661937865492,44,3,
resnet50_no_weights,CIFAR10,ptq,"42,43,44",layer3.1.conv1,layer3.1.conv1,"(256, 1024, 1, 1)",0.13394140362265425,aggregate,3,0.009678736989536299
resnet50_no_weights,CIFAR10,ptq,42,layer3.1.conv2,layer3.1.conv2,"(256, 256, 3, 3)",0.19474022625945508,42,3,
resnet50_no_weights,CIFAR10,ptq,43,layer3.1.conv2,layer3.1.conv2,"(256, 256, 3, 3)",0.2137326498826345,43,3,
resnet50_no_weights,CIFAR10,ptq,44,layer3.1.conv2,layer3.1.conv2,"(256, 256, 3, 3)",0.16556232848337718,44,3,
resnet50_no_weights,CIFAR10,ptq,"42,43,44",layer3.1.conv2,layer3.1.conv2,"(256, 256, 3, 3)",0.19134506820848893,aggregate,3,0.024263971018162238
resnet50_no_weights,CIFAR10,ptq,42,layer3.1.conv3,layer3.1.conv3,"(1024, 256, 1, 1)",0.8308676261650888,42,3,
resnet50_no_weights,CIFAR10,ptq,43,layer3.1.conv3,layer3.1.conv3,"(1024, 256, 1, 1)",0.6401840273071738,43,3,
resnet50_no_weights,CIFAR10,ptq,44,layer3.1.conv3,layer3.1.conv3,"(1024, 256, 1, 1)",0.7521209756915386,44,3,
resnet50_no_weights,CIFAR10,ptq,"42,43,44",layer3.1.conv3,layer3.1.conv3,"(1024, 256, 1, 1)",0.7410575430546004,aggregate,3,0.09582201403975815
resnet50_no_weights,CIFAR10,ptq,42,layer3.2.conv1,layer3.2.conv1,"(256, 1024, 1, 1)",0.10458214565490682,42,3,
resnet50_no_weights,CIFAR10,ptq,43,layer3.2.conv1,layer3.2.conv1,"(256, 1024, 1, 1)",0.1206544101972815,43,3,
resnet50_no_weights,CIFAR10,ptq,44,layer3.2.conv1,layer3.2.conv1,"(256, 1024, 1, 1)",0.09279906808545715,44,3,
resnet50_no_weights,CIFAR10,ptq,"42,43,44",layer3.2.conv1,layer3.2.conv1,"(256, 1024, 1, 1)",0.10601187464588183,aggregate,3,0.013982600429906431
resnet50_no_weights,CIFAR10,ptq,42,layer3.2.conv2,layer3.2.conv2,"(256, 256, 3, 3)",0.13303932191973383,42,3,
resnet50_no_weights,CIFAR10,ptq,43,layer3.2.conv2,layer3.2.conv2,"(256, 256, 3, 3)",0.13323266239001832,43,3,
resnet50_no_weights,CIFAR10,ptq,44,layer3.2.conv2,layer3.2.conv2,"(256, 256, 3, 3)",0.1300861289103826,44,3,
resnet50_no_weights,CIFAR10,ptq,"42,43,44",layer3.2.conv2,layer3.2.conv2,"(256, 256, 3, 3)",0.13211937107337826,aggregate,3,0.0017634909708869764
resnet50_no_weights,CIFAR10,ptq,42,layer3.2.conv3,layer3.2.conv3,"(1024, 256, 1, 1)",0.742826771736145,42,3,
resnet50_no_weights,CIFAR10,ptq,43,layer3.2.conv3,layer3.2.conv3,"(1024, 256, 1, 1)",0.7170126600698992,43,3,
resnet50_no_weights,CIFAR10,ptq,44,layer3.2.conv3,layer3.2.conv3,"(1024, 256, 1, 1)",0.9214902619520823,44,3,
resnet50_no_weights,CIFAR10,ptq,"42,43,44",layer3.2.conv3,layer3.2.conv3,"(1024, 256, 1, 1)",0.7937765645860422,aggregate,3,0.11135386594751759
resnet50_no_weights,CIFAR10,ptq,42,layer3.3.conv1,layer3.3.conv1,"(256, 1024, 1, 1)",0.13643203876339471,42,3,
resnet50_no_weights,CIFAR10,ptq,43,layer3.3.conv1,layer3.3.conv1,"(256, 1024, 1, 1)",0.11658591307375742,43,3,
resnet50_no_weights,CIFAR10,ptq,44,layer3.3.conv1,layer3.3.conv1,"(256, 1024, 1, 1)",0.14077557290070936,44,3,
resnet50_no_weights,CIFAR10,ptq,"42,43,44",layer3.3.conv1,layer3.3.conv1,"(256, 1024, 1, 1)",0.13126450824595381,aggregate,3,0.01289621802593401
resnet50_no_weights,CIFAR10,ptq,42,layer3.3.conv2,layer3.3.conv2,"(256, 256, 3, 3)",0.21843780858336753,42,3,
resnet50_no_weights,CIFAR10,ptq,43,layer3.3.conv2,layer3.3.conv2,"(256, 256, 3, 3)",0.2136465609073639,43,3,
resnet50_no_weights,CIFAR10,ptq,44,layer3.3.conv2,layer3.3.conv2,"(256, 256, 3, 3)",0.24425443393342636,44,3,
resnet50_no_weights,CIFAR10,ptq,"42,43,44",layer3.3.conv2,layer3.3.conv2,"(256, 256, 3, 3)",0.2254462678080526,aggregate,3,0.01646357641349368
resnet50_no_weights,CIFAR10,ptq,42,layer3.3.conv3,layer3.3.conv3,"(1024, 256, 1, 1)",1.1351322015126546,42,3,
resnet50_no_weights,CIFAR10,ptq,43,layer3.3.conv3,layer3.3.conv3,"(1024, 256, 1, 1)",1.1460499325219322,43,3,
resnet50_no_weights,CIFAR10,ptq,44,layer3.3.conv3,layer3.3.conv3,"(1024, 256, 1, 1)",1.1134646449770247,44,3,
resnet50_no_weights,CIFAR10,ptq,"42,43,44",layer3.3.conv3,layer3.3.conv3,"(1024, 256, 1, 1)",1.1315489263372038,aggregate,3,0.01658553999221393
resnet50_no_weights,CIFAR10,ptq,42,layer3.4.conv1,layer3.4.conv1,"(256, 1024, 1, 1)",0.06472383155709222,42,3,
resnet50_no_weights,CIFAR10,ptq,43,layer3.4.conv1,layer3.4.conv1,"(256, 1024, 1, 1)",0.06057251219948133,43,3,
resnet50_no_weights,CIFAR10,ptq,44,layer3.4.conv1,layer3.4.conv1,"(256, 1024, 1, 1)",0.05893412546107644,44,3,
resnet50_no_weights,CIFAR10,ptq,"42,43,44",layer3.4.conv1,layer3.4.conv1,"(256, 1024, 1, 1)",0.06141015640588333,aggregate,3,0.00298436090846092
resnet50_no_weights,CIFAR10,ptq,42,layer3.4.conv2,layer3.4.conv2,"(256, 256, 3, 3)",0.09724989779434114,42,3,
resnet50_no_weights,CIFAR10,ptq,43,layer3.4.conv2,layer3.4.conv2,"(256, 256, 3, 3)",0.11677390017679759,43,3,
resnet50_no_weights,CIFAR10,ptq,44,layer3.4.conv2,layer3.4.conv2,"(256, 256, 3, 3)",0.09606139361858368,44,3,
resnet50_no_weights,CIFAR10,ptq,"42,43,44",layer3.4.conv2,layer3.4.conv2,"(256, 256, 3, 3)",0.10336173052990746,aggregate,3,0.011630471036104631
resnet50_no_weights,CIFAR10,ptq,42,layer3.4.conv3,layer3.4.conv3,"(1024, 256, 1, 1)",1.3084006607532501,42,3,
resnet50_no_weights,CIFAR10,ptq,43,layer3.4.conv3,layer3.4.conv3,"(1024, 256, 1, 1)",1.0928183133187501,43,3,
resnet50_no_weights,CIFAR10,ptq,44,layer3.4.conv3,layer3.4.conv3,"(1024, 256, 1, 1)",0.9149135783314705,44,3,
resnet50_no_weights,CIFAR10,ptq,"42,43,44",layer3.4.conv3,layer3.4.conv3,"(1024, 256, 1, 1)",1.1053775174678235,aggregate,3,0.19704395756999168
resnet50_no_weights,CIFAR10,ptq,42,layer3.5.conv1,layer3.5.conv1,"(256, 1024, 1, 1)",0.07385954333728821,42,3,
resnet50_no_weights,CIFAR10,ptq,43,layer3.5.conv1,layer3.5.conv1,"(256, 1024, 1, 1)",0.06122613310193022,43,3,
resnet50_no_weights,CIFAR10,ptq,44,layer3.5.conv1,layer3.5.conv1,"(256, 1024, 1, 1)",0.07181732277385891,44,3,
resnet50_no_weights,CIFAR10,ptq,"42,43,44",layer3.5.conv1,layer3.5.conv1,"(256, 1024, 1, 1)",0.06896766640435911,aggregate,3,0.006781678967032062
resnet50_no_weights,CIFAR10,ptq,42,layer3.5.conv2,layer3.5.conv2,"(256, 256, 3, 3)",0.033722470223437995,42,3,
resnet50_no_weights,CIFAR10,ptq,43,layer3.5.conv2,layer3.5.conv2,"(256, 256, 3, 3)",0.022658310053442175,43,3,
resnet50_no_weights,CIFAR10,ptq,44,layer3.5.conv2,layer3.5.conv2,"(256, 256, 3, 3)",0.030533508842133662,44,3,
resnet50_no_weights,CIFAR10,ptq,"42,43,44",layer3.5.conv2,layer3.5.conv2,"(256, 256, 3, 3)",0.028971429706337943,aggregate,3,0.005695083712000791
resnet50_no_weights,CIFAR10,ptq,42,layer3.5.conv3,layer3.5.conv3,"(1024, 256, 1, 1)",0.286020062577266,42,3,
resnet50_no_weights,CIFAR10,ptq,43,layer3.5.conv3,layer3.5.conv3,"(1024, 256, 1, 1)",0.3461330701045844,43,3,
resnet50_no_weights,CIFAR10,ptq,44,layer3.5.conv3,layer3.5.conv3,"(1024, 256, 1, 1)",0.23154097311198713,44,3,
resnet50_no_weights,CIFAR10,ptq,"42,43,44",layer3.5.conv3,layer3.5.conv3,"(1024, 256, 1, 1)",0.2878980352646125,aggregate,3,0.05731912647058588
resnet50_no_weights,CIFAR10,ptq,42,layer4.0.conv1,layer4.0.conv1,"(512, 1024, 1, 1)",1.0173935817652626,42,3,
resnet50_no_weights,CIFAR10,ptq,43,layer4.0.conv1,layer4.0.conv1,"(512, 1024, 1, 1)",1.1162018212410858,43,3,
resnet50_no_weights,CIFAR10,ptq,44,layer4.0.conv1,layer4.0.conv1,"(512, 1024, 1, 1)",1.0154573674712861,44,3,
resnet50_no_weights,CIFAR10,ptq,"42,43,44",layer4.0.conv1,layer4.0.conv1,"(512, 1024, 1, 1)",1.0496842568258782,aggregate,3,0.0576140348634473
resnet50_no_weights,CIFAR10,ptq,42,layer4.0.conv2,layer4.0.conv2,"(512, 512, 3, 3)",0.19791168463416398,42,3,
resnet50_no_weights,CIFAR10,ptq,43,layer4.0.conv2,layer4.0.conv2,"(512, 512, 3, 3)",0.1421678365178166,43,3,
resnet50_no_weights,CIFAR10,ptq,44,layer4.0.conv2,layer4.0.conv2,"(512, 512, 3, 3)",0.13588524590700102,44,3,
resnet50_no_weights,CIFAR10,ptq,"42,43,44",layer4.0.conv2,layer4.0.conv2,"(512, 512, 3, 3)",0.15865492235299386,aggregate,3,0.03414217003642274
resnet50_no_weights,CIFAR10,ptq,42,layer4.0.conv3,layer4.0.conv3,"(2048, 512, 1, 1)",0.744575074977345,42,3,
resnet50_no_weights,CIFAR10,ptq,43,layer4.0.conv3,layer4.0.conv3,"(2048, 512, 1, 1)",1.120563656818576,43,3,
resnet50_no_weights,CIFAR10,ptq,44,layer4.0.conv3,layer4.0.conv3,"(2048, 512, 1, 1)",0.7896635963998991,44,3,
resnet50_no_weights,CIFAR10,ptq,"42,43,44",layer4.0.conv3,layer4.0.conv3,"(2048, 512, 1, 1)",0.8849341093986067,aggregate,3,0.20530271893967378
resnet50_no_weights,CIFAR10,ptq,42,layer4.0.downsample.0,layer4.0.downsample.0,"(2048, 1024, 1, 1)",37.72447662353515,42,3,
resnet50_no_weights,CIFAR10,ptq,43,layer4.0.downsample.0,layer4.0.downsample.0,"(2048, 1024, 1, 1)",50.12303804314655,43,3,
resnet50_no_weights,CIFAR10,ptq,44,layer4.0.downsample.0,layer4.0.downsample.0,"(2048, 1024, 1, 1)",63.93249862895292,44,3,
resnet50_no_weights,CIFAR10,ptq,"42,43,44",layer4.0.downsample.0,layer4.0.downsample.0,"(2048, 1024, 1, 1)",50.593337765211544,aggregate,3,13.11033907763435
resnet50_no_weights,CIFAR10,ptq,42,layer4.1.conv1,layer4.1.conv1,"(512, 2048, 1, 1)",1.5505916982889176,42,3,
resnet50_no_weights,CIFAR10,ptq,43,layer4.1.conv1,layer4.1.conv1,"(512, 2048, 1, 1)",1.3940607807304286,43,3,
resnet50_no_weights,CIFAR10,ptq,44,layer4.1.conv1,layer4.1.conv1,"(512, 2048, 1, 1)",1.7087841142454874,44,3,
resnet50_no_weights,CIFAR10,ptq,"42,43,44",layer4.1.conv1,layer4.1.conv1,"(512, 2048, 1, 1)",1.5511455310882778,aggregate,3,0.15736239770918897
resnet50_no_weights,CIFAR10,ptq,42,layer4.1.conv2,layer4.1.conv2,"(512, 512, 3, 3)",2.187605464181235,42,3,
resnet50_no_weights,CIFAR10,ptq,43,layer4.1.conv2,layer4.1.conv2,"(512, 512, 3, 3)",2.1939294285633983,43,3,
resnet50_no_weights,CIFAR10,ptq,44,layer4.1.conv2,layer4.1.conv2,"(512, 512, 3, 3)",2.0086727160396,44,3,
resnet50_no_weights,CIFAR10,ptq,"42,43,44",layer4.1.conv2,layer4.1.conv2,"(512, 512, 3, 3)",2.1300692029280777,aggregate,3,0.10517998099935649
resnet50_no_weights,CIFAR10,ptq,42,layer4.1.conv3,layer4.1.conv3,"(2048, 512, 1, 1)",131.79196380314073,42,3,
resnet50_no_weights,CIFAR10,ptq,43,layer4.1.conv3,layer4.1.conv3,"(2048, 512, 1, 1)",119.09911721212822,43,3,
resnet50_no_weights,CIFAR10,ptq,44,layer4.1.conv3,layer4.1.conv3,"(2048, 512, 1, 1)",190.7015037536621,44,3,
resnet50_no_weights,CIFAR10,ptq,"42,43,44",layer4.1.conv3,layer4.1.conv3,"(2048, 512, 1, 1)",147.19752825631036,aggregate,3,38.20633457558289
resnet50_no_weights,CIFAR10,ptq,42,layer4.2.conv1,layer4.2.conv1,"(512, 2048, 1, 1)",0.08014086924958974,42,3,
resnet50_no_weights,CIFAR10,ptq,43,layer4.2.conv1,layer4.2.conv1,"(512, 2048, 1, 1)",0.11148428486595893,43,3,
resnet50_no_weights,CIFAR10,ptq,44,layer4.2.conv1,layer4.2.conv1,"(512, 2048, 1, 1)",0.13270698820014257,44,3,
resnet50_no_weights,CIFAR10,ptq,"42,43,44",layer4.2.conv1,layer4.2.conv1,"(512, 2048, 1, 1)",0.10811071410523042,aggregate,3,0.026444941863032125
resnet50_no_weights,CIFAR10,ptq,42,layer4.2.conv2,layer4.2.conv2,"(512, 512, 3, 3)",0.24217871244510877,42,3,
resnet50_no_weights,CIFAR10,ptq,43,layer4.2.conv2,layer4.2.conv2,"(512, 512, 3, 3)",0.24696381787794666,43,3,
resnet50_no_weights,CIFAR10,ptq,44,layer4.2.conv2,layer4.2.conv2,"(512, 512, 3, 3)",0.24472519962324035,44,3,
resnet50_no_weights,CIFAR10,ptq,"42,43,44",layer4.2.conv2,layer4.2.conv2,"(512, 512, 3, 3)",0.24462257664876527,aggregate,3,0.0023942028124223844
resnet50_no_weights,CIFAR10,ptq,42,layer4.2.conv3,layer4.2.conv3,"(2048, 512, 1, 1)",0.1963811556994915,42,3,
resnet50_no_weights,CIFAR10,ptq,43,layer4.2.conv3,layer4.2.conv3,"(2048, 512, 1, 1)",0.18171067085737982,43,3,
resnet50_no_weights,CIFAR10,ptq,44,layer4.2.conv3,layer4.2.conv3,"(2048, 512, 1, 1)",0.16237715046320642,44,3,
resnet50_no_weights,CIFAR10,ptq,"42,43,44",layer4.2.conv3,layer4.2.conv3,"(2048, 512, 1, 1)",0.18015632567335924,aggregate,3,0.01705520696856657
resnet50_no_weights,CIFAR10,ptq,42,fc,fc,"(10, 2048)",29.16845590418035,42,3,
resnet50_no_weights,CIFAR10,ptq,43,fc,fc,"(10, 2048)",26.227775942195546,43,3,
resnet50_no_weights,CIFAR10,ptq,44,fc,fc,"(10, 2048)",26.53053258749155,44,3,
resnet50_no_weights,CIFAR10,ptq,"42,43,44",fc,fc,"(10, 2048)",27.308921477955817,aggregate,3,1.6175032019453264
resnet50_no_weights,CIFAR10,fp32_fused,42,conv1,conv1,"(64, 3, 3, 3)",203.68162738575654,42,3,
resnet50_no_weights,CIFAR10,fp32_fused,43,conv1,conv1,"(64, 3, 3, 3)",195.66985923365542,43,3,
resnet50_no_weights,CIFAR10,fp32_fused,44,conv1,conv1,"(64, 3, 3, 3)",197.2289380573091,44,3,
resnet50_no_weights,CIFAR10,fp32_fused,"42,43,44",conv1,conv1,"(64, 3, 3, 3)",198.86014155890703,aggregate,3,4.2476729957088795
resnet50_no_weights,CIFAR10,fp32_fused,42,layer1.0.conv1,layer1.0.conv1,"(64, 64, 1, 1)",3.3389065906857,42,3,
resnet50_no_weights,CIFAR10,fp32_fused,43,layer1.0.conv1,layer1.0.conv1,"(64, 64, 1, 1)",3.6703633202446833,43,3,
resnet50_no_weights,CIFAR10,fp32_fused,44,layer1.0.conv1,layer1.0.conv1,"(64, 64, 1, 1)",3.6418906834817704,44,3,
resnet50_no_weights,CIFAR10,fp32_fused,"42,43,44",layer1.0.conv1,layer1.0.conv1,"(64, 64, 1, 1)",3.550386864804051,aggregate,3,0.18369976188590423
resnet50_no_weights,CIFAR10,fp32_fused,42,layer1.0.conv2,layer1.0.conv2,"(64, 64, 3, 3)",6.963449254631996,42,3,
resnet50_no_weights,CIFAR10,fp32_fused,43,layer1.0.conv2,layer1.0.conv2,"(64, 64, 3, 3)",6.4269793152809145,43,3,
resnet50_no_weights,CIFAR10,fp32_fused,44,layer1.0.conv2,layer1.0.conv2,"(64, 64, 3, 3)",7.037591312870835,44,3,
resnet50_no_weights,CIFAR10,fp32_fused,"42,43,44",layer1.0.conv2,layer1.0.conv2,"(64, 64, 3, 3)",6.8093399609279155,aggregate,3,0.3332026541080762
resnet50_no_weights,CIFAR10,fp32_fused,42,layer1.0.conv3,layer1.0.conv3,"(256, 64, 1, 1)",2.950022013982137,42,3,
resnet50_no_weights,CIFAR10,fp32_fused,43,layer1.0.conv3,layer1.0.conv3,"(256, 64, 1, 1)",2.593540596961975,43,3,
resnet50_no_weights,CIFAR10,fp32_fused,44,layer1.0.conv3,layer1.0.conv3,"(256, 64, 1, 1)",2.9187193928342876,44,3,
resnet50_no_weights,CIFAR10,fp32_fused,"42,43,44",layer1.0.conv3,layer1.0.conv3,"(256, 64, 1, 1)",2.820760667926133,aggregate,3,0.19739980752118091
resnet50_no_weights,CIFAR10,fp32_fused,42,layer1.0.downsample.0,layer1.0.downsample.0,"(256, 64, 1, 1)",6.648269072445956,42,3,
resnet50_no_weights,CIFAR10,fp32_fused,43,layer1.0.downsample.0,layer1.0.downsample.0,"(256, 64, 1, 1)",6.392419113562657,43,3,
resnet50_no_weights,CIFAR10,fp32_fused,44,layer1.0.downsample.0,layer1.0.downsample.0,"(256, 64, 1, 1)",6.1453110509448585,44,3,
resnet50_no_weights,CIFAR10,fp32_fused,"42,43,44",layer1.0.downsample.0,layer1.0.downsample.0,"(256, 64, 1, 1)",6.395333078984491,aggregate,3,0.2514916723152763
resnet50_no_weights,CIFAR10,fp32_fused,42,layer1.1.conv1,layer1.1.conv1,"(64, 256, 1, 1)",7.85771622155842,42,3,
resnet50_no_weights,CIFAR10,fp32_fused,43,layer1.1.conv1,layer1.1.conv1,"(64, 256, 1, 1)",6.377822375297546,43,3,
resnet50_no_weights,CIFAR10,fp32_fused,44,layer1.1.conv1,layer1.1.conv1,"(64, 256, 1, 1)",7.901561101277669,44,3,
resnet50_no_weights,CIFAR10,fp32_fused,"42,43,44",layer1.1.conv1,layer1.1.conv1,"(64, 256, 1, 1)",7.379033232711212,aggregate,3,0.8673511279301219
resnet50_no_weights,CIFAR10,fp32_fused,42,layer1.1.conv2,layer1.1.conv2,"(64, 64, 3, 3)",5.96211400826772,42,3,
resnet50_no_weights,CIFAR10,fp32_fused,43,layer1.1.conv2,layer1.1.conv2,"(64, 64, 3, 3)",4.808187802632649,43,3,
resnet50_no_weights,CIFAR10,fp32_fused,44,layer1.1.conv2,layer1.1.conv2,"(64, 64, 3, 3)",6.676218129218893,44,3,
resnet50_no_weights,CIFAR10,fp32_fused,"42,43,44",layer1.1.conv2,layer1.1.conv2,"(64, 64, 3, 3)",5.815506646706421,aggregate,3,0.9426052270751797
resnet50_no_weights,CIFAR10,fp32_fused,42,layer1.1.conv3,layer1.1.conv3,"(256, 64, 1, 1)",2.141794731983772,42,3,
resnet50_no_weights,CIFAR10,fp32_fused,43,layer1.1.conv3,layer1.1.conv3,"(256, 64, 1, 1)",2.444468418234273,43,3,
resnet50_no_weights,CIFAR10,fp32_fused,44,layer1.1.conv3,layer1.1.conv3,"(256, 64, 1, 1)",2.421930342912674,44,3,
resnet50_no_weights,CIFAR10,fp32_fused,"42,43,44",layer1.1.conv3,layer1.1.conv3,"(256, 64, 1, 1)",2.3360644977102396,aggregate,3,0.16861953509710265
resnet50_no_weights,CIFAR10,fp32_fused,42,layer1.2.conv1,layer1.2.conv1,"(64, 256, 1, 1)",17.949776356036846,42,3,
resnet50_no_weights,CIFAR10,fp32_fused,43,layer1.2.conv1,layer1.2.conv1,"(64, 256, 1, 1)",12.802797266415187,43,3,
resnet50_no_weights,CIFAR10,fp32_fused,44,layer1.2.conv1,layer1.2.conv1,"(64, 256, 1, 1)",11.246894175807634,44,3,
resnet50_no_weights,CIFAR10,fp32_fused,"42,43,44",layer1.2.conv1,layer1.2.conv1,"(64, 256, 1, 1)",13.99982259941989,aggregate,3,3.5081062721074803
resnet50_no_weights,CIFAR10,fp32_fused,42,layer1.2.conv2,layer1.2.conv2,"(64, 64, 3, 3)",18.75382507169569,42,3,
resnet50_no_weights,CIFAR10,fp32_fused,43,layer1.2.conv2,layer1.2.conv2,"(64, 64, 3, 3)",19.118845430287447,43,3,
resnet50_no_weights,CIFAR10,fp32_fused,44,layer1.2.conv2,layer1.2.conv2,"(64, 64, 3, 3)",15.029130426320163,44,3,
resnet50_no_weights,CIFAR10,fp32_fused,"42,43,44",layer1.2.conv2,layer1.2.conv2,"(64, 64, 3, 3)",17.633933642767765,aggregate,3,2.2631968126653166
resnet50_no_weights,CIFAR10,fp32_fused,42,layer1.2.conv3,layer1.2.conv3,"(256, 64, 1, 1)",6.426802270552692,42,3,
resnet50_no_weights,CIFAR10,fp32_fused,43,layer1.2.conv3,layer1.2.conv3,"(256, 64, 1, 1)",5.48497884273529,43,3,
resnet50_no_weights,CIFAR10,fp32_fused,44,layer1.2.conv3,layer1.2.conv3,"(256, 64, 1, 1)",5.006824033600943,44,3,
resnet50_no_weights,CIFAR10,fp32_fused,"42,43,44",layer1.2.conv3,layer1.2.conv3,"(256, 64, 1, 1)",5.639535048962975,aggregate,3,0.7224958574391759
resnet50_no_weights,CIFAR10,fp32_fused,42,layer2.0.conv1,layer2.0.conv1,"(128, 256, 1, 1)",47.63749668624375,42,3,
resnet50_no_weights,CIFAR10,fp32_fused,43,layer2.0.conv1,layer2.0.conv1,"(128, 256, 1, 1)",42.733675018189444,43,3,
resnet50_no_weights,CIFAR10,fp32_fused,44,layer2.0.conv1,layer2.0.conv1,"(128, 256, 1, 1)",44.96745678356716,44,3,
resnet50_no_weights,CIFAR10,fp32_fused,"42,43,44",layer2.0.conv1,layer2.0.conv1,"(128, 256, 1, 1)",45.11287616266679,aggregate,3,2.4551429357336856
resnet50_no_weights,CIFAR10,fp32_fused,42,layer2.0.conv2,layer2.0.conv2,"(128, 128, 3, 3)",72.09997855292426,42,3,
resnet50_no_weights,CIFAR10,fp32_fused,43,layer2.0.conv2,layer2.0.conv2,"(128, 128, 3, 3)",50.178873443603514,43,3,
resnet50_no_weights,CIFAR10,fp32_fused,44,layer2.0.conv2,layer2.0.conv2,"(128, 128, 3, 3)",74.32163260323661,44,3,
resnet50_no_weights,CIFAR10,fp32_fused,"42,43,44",layer2.0.conv2,layer2.0.conv2,"(128, 128, 3, 3)",65.53349486658813,aggregate,3,13.343808900092988
resnet50_no_weights,CIFAR10,fp32_fused,42,layer2.0.conv3,layer2.0.conv3,"(512, 128, 1, 1)",28.464579377855575,42,3,
resnet50_no_weights,CIFAR10,fp32_fused,43,layer2.0.conv3,layer2.0.conv3,"(512, 128, 1, 1)",24.94357867674394,43,3,
resnet50_no_weights,CIFAR10,fp32_fused,44,layer2.0.conv3,layer2.0.conv3,"(512, 128, 1, 1)",28.03113028098797,44,3,
resnet50_no_weights,CIFAR10,fp32_fused,"42,43,44",layer2.0.conv3,layer2.0.conv3,"(512, 128, 1, 1)",27.146429445195828,aggregate,3,1.9199956148245867
resnet50_no_weights,CIFAR10,fp32_fused,42,layer2.0.downsample.0,layer2.0.downsample.0,"(512, 256, 1, 1)",32.55729000091553,42,3,
resnet50_no_weights,CIFAR10,fp32_fused,43,layer2.0.downsample.0,layer2.0.downsample.0,"(512, 256, 1, 1)",42.71426057815552,43,3,
resnet50_no_weights,CIFAR10,fp32_fused,44,layer2.0.downsample.0,layer2.0.downsample.0,"(512, 256, 1, 1)",36.590689014744115,44,3,
resnet50_no_weights,CIFAR10,fp32_fused,"42,43,44",layer2.0.downsample.0,layer2.0.downsample.0,"(512, 256, 1, 1)",37.287413197938385,aggregate,3,5.114203874242354
resnet50_no_weights,CIFAR10,fp32_fused,42,layer2.1.conv1,layer2.1.conv1,"(128, 512, 1, 1)",8.334849728856767,42,3,
resnet50_no_weights,CIFAR10,fp32_fused,43,layer2.1.conv1,layer2.1.conv1,"(128, 512, 1, 1)",6.4453913324019485,43,3,
resnet50_no_weights,CIFAR10,fp32_fused,44,layer2.1.conv1,layer2.1.conv1,"(128, 512, 1, 1)",8.55416374621184,44,3,
resnet50_no_weights,CIFAR10,fp32_fused,"42,43,44",layer2.1.conv1,layer2.1.conv1,"(128, 512, 1, 1)",7.778134935823519,aggregate,3,1.1593872493252366
resnet50_no_weights,CIFAR10,fp32_fused,42,layer2.1.conv2,layer2.1.conv2,"(128, 128, 3, 3)",8.42349977493286,42,3,
resnet50_no_weights,CIFAR10,fp32_fused,43,layer2.1.conv2,layer2.1.conv2,"(128, 128, 3, 3)",7.688197244297374,43,3,
resnet50_no_weights,CIFAR10,fp32_fused,44,layer2.1.conv2,layer2.1.conv2,"(128, 128, 3, 3)",7.568741882288897,44,3,
resnet50_no_weights,CIFAR10,fp32_fused,"42,43,44",layer2.1.conv2,layer2.1.conv2,"(128, 128, 3, 3)",7.893479633839711,aggregate,3,0.4628805551667147
resnet50_no_weights,CIFAR10,fp32_fused,42,layer2.1.conv3,layer2.1.conv3,"(512, 128, 1, 1)",10.207461582289802,42,3,
resnet50_no_weights,CIFAR10,fp32_fused,43,layer2.1.conv3,layer2.1.conv3,"(512, 128, 1, 1)",8.24419488730254,43,3,
resnet50_no_weights,CIFAR10,fp32_fused,44,layer2.1.conv3,layer2.1.conv3,"(512, 128, 1, 1)",8.677675671047634,44,3,
resnet50_no_weights,CIFAR10,fp32_fused,"42,43,44",layer2.1.conv3,layer2.1.conv3,"(512, 128, 1, 1)",9.043110713546659,aggregate,3,1.0313879515615114
resnet50_no_weights,CIFAR10,fp32_fused,42,layer2.2.conv1,layer2.2.conv1,"(128, 512, 1, 1)",8.108568668365479,42,3,
resnet50_no_weights,CIFAR10,fp32_fused,43,layer2.2.conv1,layer2.2.conv1,"(128, 512, 1, 1)",8.759912470408848,43,3,
resnet50_no_weights,CIFAR10,fp32_fused,44,layer2.2.conv1,layer2.2.conv1,"(128, 512, 1, 1)",8.662191443973118,44,3,
resnet50_no_weights,CIFAR10,fp32_fused,"42,43,44",layer2.2.conv1,layer2.2.conv1,"(128, 512, 1, 1)",8.510224194249147,aggregate,3,0.3512587662344934
resnet50_no_weights,CIFAR10,fp32_fused,42,layer2.2.conv2,layer2.2.conv2,"(128, 128, 3, 3)",6.840706391768022,42,3,
resnet50_no_weights,CIFAR10,fp32_fused,43,layer2.2.conv2,layer2.2.conv2,"(128, 128, 3, 3)",6.907712183892727,43,3,
resnet50_no_weights,CIFAR10,fp32_fused,44,layer2.2.conv2,layer2.2.conv2,"(128, 128, 3, 3)",6.321294794911924,44,3,
resnet50_no_weights,CIFAR10,fp32_fused,"42,43,44",layer2.2.conv2,layer2.2.conv2,"(128, 128, 3, 3)",6.689904456857557,aggregate,3,0.3209785915046682
resnet50_no_weights,CIFAR10,fp32_fused,42,layer2.2.conv3,layer2.2.conv3,"(512, 128, 1, 1)",7.180902587042914,42,3,
resnet50_no_weights,CIFAR10,fp32_fused,43,layer2.2.conv3,layer2.2.conv3,"(512, 128, 1, 1)",7.108497154145014,43,3,
resnet50_no_weights,CIFAR10,fp32_fused,44,layer2.2.conv3,layer2.2.conv3,"(512, 128, 1, 1)",7.132760554552078,44,3,
resnet50_no_weights,CIFAR10,fp32_fused,"42,43,44",layer2.2.conv3,layer2.2.conv3,"(512, 128, 1, 1)",7.140720098580002,aggregate,3,0.036853119734052864
resnet50_no_weights,CIFAR10,fp32_fused,42,layer2.3.conv1,layer2.3.conv1,"(128, 512, 1, 1)",11.228864903145649,42,3,
resnet50_no_weights,CIFAR10,fp32_fused,43,layer2.3.conv1,layer2.3.conv1,"(128, 512, 1, 1)",14.9767746925354,43,3,
resnet50_no_weights,CIFAR10,fp32_fused,44,layer2.3.conv1,layer2.3.conv1,"(128, 512, 1, 1)",12.277127935531292,44,3,
resnet50_no_weights,CIFAR10,fp32_fused,"42,43,44",layer2.3.conv1,layer2.3.conv1,"(128, 512, 1, 1)",12.82758917707078,aggregate,3,1.9336397366569553
resnet50_no_weights,CIFAR10,fp32_fused,42,layer2.3.conv2,layer2.3.conv2,"(128, 128, 3, 3)",15.420491118180124,42,3,
resnet50_no_weights,CIFAR10,fp32_fused,43,layer2.3.conv2,layer2.3.conv2,"(128, 128, 3, 3)",14.812843958536783,43,3,
resnet50_no_weights,CIFAR10,fp32_fused,44,layer2.3.conv2,layer2.3.conv2,"(128, 128, 3, 3)",14.124678441456386,44,3,
resnet50_no_weights,CIFAR10,fp32_fused,"42,43,44",layer2.3.conv2,layer2.3.conv2,"(128, 128, 3, 3)",14.786004506057765,aggregate,3,0.6483231373678676
resnet50_no_weights,CIFAR10,fp32_fused,42,layer2.3.conv3,layer2.3.conv3,"(512, 128, 1, 1)",8.614385795593261,42,3,
resnet50_no_weights,CIFAR10,fp32_fused,43,layer2.3.conv3,layer2.3.conv3,"(512, 128, 1, 1)",9.091643674033028,43,3,
resnet50_no_weights,CIFAR10,fp32_fused,44,layer2.3.conv3,layer2.3.conv3,"(512, 128, 1, 1)",11.794457817077637,44,3,
resnet50_no_weights,CIFAR10,fp32_fused,"42,43,44",layer2.3.conv3,layer2.3.conv3,"(512, 128, 1, 1)",9.833495762234643,aggregate,3,1.714926501641908
resnet50_no_weights,CIFAR10,fp32_fused,42,layer3.0.conv1,layer3.0.conv1,"(256, 512, 1, 1)",76.98670959472656,42,3,
resnet50_no_weights,CIFAR10,fp32_fused,43,layer3.0.conv1,layer3.0.conv1,"(256, 512, 1, 1)",77.2175170050727,43,3,
resnet50_no_weights,CIFAR10,fp32_fused,44,layer3.0.conv1,layer3.0.conv1,"(256, 512, 1, 1)",70.20342104058517,44,3,
resnet50_no_weights,CIFAR10,fp32_fused,"42,43,44",layer3.0.conv1,layer3.0.conv1,"(256, 512, 1, 1)",74.80254921346148,aggregate,3,3.984633355539262
resnet50_no_weights,CIFAR10,fp32_fused,42,layer3.0.conv2,layer3.0.conv2,"(256, 256, 3, 3)",65.52013582502093,42,3,
resnet50_no_weights,CIFAR10,fp32_fused,43,layer3.0.conv2,layer3.0.conv2,"(256, 256, 3, 3)",72.15647288004557,43,3,
resnet50_no_weights,CIFAR10,fp32_fused,44,layer3.0.conv2,layer3.0.conv2,"(256, 256, 3, 3)",76.10363255376402,44,3,
resnet50_no_weights,CIFAR10,fp32_fused,"42,43,44",layer3.0.conv2,layer3.0.conv2,"(256, 256, 3, 3)",71.26008041961018,aggregate,3,5.3483867038736985
resnet50_no_weights,CIFAR10,fp32_fused,42,layer3.0.conv3,layer3.0.conv3,"(1024, 256, 1, 1)",29.06446769909981,42,3,
resnet50_no_weights,CIFAR10,fp32_fused,43,layer3.0.conv3,layer3.0.conv3,"(1024, 256, 1, 1)",32.840211906433105,43,3,
resnet50_no_weights,CIFAR10,fp32_fused,44,layer3.0.conv3,layer3.0.conv3,"(1024, 256, 1, 1)",29.630007191708213,44,3,
resnet50_no_weights,CIFAR10,fp32_fused,"42,43,44",layer3.0.conv3,layer3.0.conv3,"(1024, 256, 1, 1)",30.511562265747042,aggregate,3,2.0363976996710234
resnet50_no_weights,CIFAR10,fp32_fused,42,layer3.0.downsample.0,layer3.0.downsample.0,"(1024, 512, 1, 1)",36.26255624434527,42,3,
resnet50_no_weights,CIFAR10,fp32_fused,43,layer3.0.downsample.0,layer3.0.downsample.0,"(1024, 512, 1, 1)",33.44791356000033,43,3,
resnet50_no_weights,CIFAR10,fp32_fused,44,layer3.0.downsample.0,layer3.0.downsample.0,"(1024, 512, 1, 1)",37.059652535811715,44,3,
resnet50_no_weights,CIFAR10,fp32_fused,"42,43,44",layer3.0.downsample.0,layer3.0.downsample.0,"(1024, 512, 1, 1)",35.59004078005244,aggregate,3,1.897464728165854
resnet50_no_weights,CIFAR10,fp32_fused,42,layer3.1.conv1,layer3.1.conv1,"(256, 1024, 1, 1)",16.042586374282838,42,3,
resnet50_no_weights,CIFAR10,fp32_fused,43,layer3.1.conv1,layer3.1.conv1,"(256, 1024, 1, 1)",15.971912452152797,43,3,
resnet50_no_weights,CIFAR10,fp32_fused,44,layer3.1.conv1,layer3.1.conv1,"(256, 1024, 1, 1)",16.780294501263164,44,3,
resnet50_no_weights,CIFAR10,fp32_fused,"42,43,44",layer3.1.conv1,layer3.1.conv1,"(256, 1024, 1, 1)",16.264931109232933,aggregate,3,0.44771449630427435
resnet50_no_weights,CIFAR10,fp32_fused,42,layer3.1.conv2,layer3.1.conv2,"(256, 256, 3, 3)",19.705238260541645,42,3,
resnet50_no_weights,CIFAR10,fp32_fused,43,layer3.1.conv2,layer3.1.conv2,"(256, 256, 3, 3)",20.325757789611817,43,3,
resnet50_no_weights,CIFAR10,fp32_fused,44,layer3.1.conv2,layer3.1.conv2,"(256, 256, 3, 3)",20.195036908413503,44,3,
resnet50_no_weights,CIFAR10,fp32_fused,"42,43,44",layer3.1.conv2,layer3.1.conv2,"(256, 256, 3, 3)",20.075344319522323,aggregate,3,0.327117499327034
resnet50_no_weights,CIFAR10,fp32_fused,42,layer3.1.conv3,layer3.1.conv3,"(1024, 256, 1, 1)",12.446004462242126,42,3,
resnet50_no_weights,CIFAR10,fp32_fused,43,layer3.1.conv3,layer3.1.conv3,"(1024, 256, 1, 1)",13.58025871004377,43,3,
resnet50_no_weights,CIFAR10,fp32_fused,44,layer3.1.conv3,layer3.1.conv3,"(1024, 256, 1, 1)",13.454335746765137,44,3,
resnet50_no_weights,CIFAR10,fp32_fused,"42,43,44",layer3.1.conv3,layer3.1.conv3,"(1024, 256, 1, 1)",13.160199639683677,aggregate,3,0.6217074969636408
resnet50_no_weights,CIFAR10,fp32_fused,42,layer3.2.conv1,layer3.2.conv1,"(256, 1024, 1, 1)",29.21353899637858,42,3,
resnet50_no_weights,CIFAR10,fp32_fused,43,layer3.2.conv1,layer3.2.conv1,"(256, 1024, 1, 1)",25.89873961246375,43,3,
resnet50_no_weights,CIFAR10,fp32_fused,44,layer3.2.conv1,layer3.2.conv1,"(256, 1024, 1, 1)",26.346597122423578,44,3,
resnet50_no_weights,CIFAR10,fp32_fused,"42,43,44",layer3.2.conv1,layer3.2.conv1,"(256, 1024, 1, 1)",27.152958577088636,aggregate,3,1.7985098930997567
resnet50_no_weights,CIFAR10,fp32_fused,42,layer3.2.conv2,layer3.2.conv2,"(256, 256, 3, 3)",19.247299909591675,42,3,
resnet50_no_weights,CIFAR10,fp32_fused,43,layer3.2.conv2,layer3.2.conv2,"(256, 256, 3, 3)",17.378620367783768,43,3,
resnet50_no_weights,CIFAR10,fp32_fused,44,layer3.2.conv2,layer3.2.conv2,"(256, 256, 3, 3)",19.11451706290245,44,3,
resnet50_no_weights,CIFAR10,fp32_fused,"42,43,44",layer3.2.conv2,layer3.2.conv2,"(256, 256, 3, 3)",18.580145780092632,aggregate,3,1.0426674006660568
resnet50_no_weights,CIFAR10,fp32_fused,42,layer3.2.conv3,layer3.2.conv3,"(1024, 256, 1, 1)",13.582224859910852,42,3,
resnet50_no_weights,CIFAR10,fp32_fused,43,layer3.2.conv3,layer3.2.conv3,"(1024, 256, 1, 1)",12.71037911233448,43,3,
resnet50_no_weights,CIFAR10,fp32_fused,44,layer3.2.conv3,layer3.2.conv3,"(1024, 256, 1, 1)",14.715443202427455,44,3,
resnet50_no_weights,CIFAR10,fp32_fused,"42,43,44",layer3.2.conv3,layer3.2.conv3,"(1024, 256, 1, 1)",13.669349058224261,aggregate,3,1.0053673312744495
resnet50_no_weights,CIFAR10,fp32_fused,42,layer3.3.conv1,layer3.3.conv1,"(256, 1024, 1, 1)",46.444766998291016,42,3,
resnet50_no_weights,CIFAR10,fp32_fused,43,layer3.3.conv1,layer3.3.conv1,"(256, 1024, 1, 1)",50.066921071803314,43,3,
resnet50_no_weights,CIFAR10,fp32_fused,44,layer3.3.conv1,layer3.3.conv1,"(256, 1024, 1, 1)",48.97068667411804,44,3,
resnet50_no_weights,CIFAR10,fp32_fused,"42,43,44",layer3.3.conv1,layer3.3.conv1,"(256, 1024, 1, 1)",48.494124914737455,aggregate,3,1.85750729902829
resnet50_no_weights,CIFAR10,fp32_fused,42,layer3.3.conv2,layer3.3.conv2,"(256, 256, 3, 3)",30.577201008796692,42,3,
resnet50_no_weights,CIFAR10,fp32_fused,43,layer3.3.conv2,layer3.3.conv2,"(256, 256, 3, 3)",29.382760047912598,43,3,
resnet50_no_weights,CIFAR10,fp32_fused,44,layer3.3.conv2,layer3.3.conv2,"(256, 256, 3, 3)",31.48901144663493,44,3,
resnet50_no_weights,CIFAR10,fp32_fused,"42,43,44",layer3.3.conv2,layer3.3.conv2,"(256, 256, 3, 3)",30.482990834448074,aggregate,3,1.0562814049144493
resnet50_no_weights,CIFAR10,fp32_fused,42,layer3.3.conv3,layer3.3.conv3,"(1024, 256, 1, 1)",15.979219799950009,42,3,
resnet50_no_weights,CIFAR10,fp32_fused,43,layer3.3.conv3,layer3.3.conv3,"(1024, 256, 1, 1)",15.180236876010895,43,3,
resnet50_no_weights,CIFAR10,fp32_fused,44,layer3.3.conv3,layer3.3.conv3,"(1024, 256, 1, 1)",15.42286491394043,44,3,
resnet50_no_weights,CIFAR10,fp32_fused,"42,43,44",layer3.3.conv3,layer3.3.conv3,"(1024, 256, 1, 1)",15.52744052996711,aggregate,3,0.40962845700353145
resnet50_no_weights,CIFAR10,fp32_fused,42,layer3.4.conv1,layer3.4.conv1,"(256, 1024, 1, 1)",57.50631556791418,42,3,
resnet50_no_weights,CIFAR10,fp32_fused,43,layer3.4.conv1,layer3.4.conv1,"(256, 1024, 1, 1)",56.78484370158269,43,3,
resnet50_no_weights,CIFAR10,fp32_fused,44,layer3.4.conv1,layer3.4.conv1,"(256, 1024, 1, 1)",54.58673107624054,44,3,
resnet50_no_weights,CIFAR10,fp32_fused,"42,43,44",layer3.4.conv1,layer3.4.conv1,"(256, 1024, 1, 1)",56.2926301152458,aggregate,3,1.5207560823275603
resnet50_no_weights,CIFAR10,fp32_fused,42,layer3.4.conv2,layer3.4.conv2,"(256, 256, 3, 3)",22.80506297816401,42,3,
resnet50_no_weights,CIFAR10,fp32_fused,43,layer3.4.conv2,layer3.4.conv2,"(256, 256, 3, 3)",22.198619556427,43,3,
resnet50_no_weights,CIFAR10,fp32_fused,44,layer3.4.conv2,layer3.4.conv2,"(256, 256, 3, 3)",19.063330687009373,44,3,
resnet50_no_weights,CIFAR10,fp32_fused,"42,43,44",layer3.4.conv2,layer3.4.conv2,"(256, 256, 3, 3)",21.355671073866795,aggregate,3,2.008248426578557
resnet50_no_weights,CIFAR10,fp32_fused,42,layer3.4.conv3,layer3.4.conv3,"(1024, 256, 1, 1)",15.210624933242798,42,3,
resnet50_no_weights,CIFAR10,fp32_fused,43,layer3.4.conv3,layer3.4.conv3,"(1024, 256, 1, 1)",16.167160946982246,43,3,
resnet50_no_weights,CIFAR10,fp32_fused,44,layer3.4.conv3,layer3.4.conv3,"(1024, 256, 1, 1)",16.0986348881441,44,3,
resnet50_no_weights,CIFAR10,fp32_fused,"42,43,44",layer3.4.conv3,layer3.4.conv3,"(1024, 256, 1, 1)",15.825473589456381,aggregate,3,0.5335757750504699
resnet50_no_weights,CIFAR10,fp32_fused,42,layer3.5.conv1,layer3.5.conv1,"(256, 1024, 1, 1)",52.71238650446353,42,3,
resnet50_no_weights,CIFAR10,fp32_fused,43,layer3.5.conv1,layer3.5.conv1,"(256, 1024, 1, 1)",46.37732036590576,43,3,
resnet50_no_weights,CIFAR10,fp32_fused,44,layer3.5.conv1,layer3.5.conv1,"(256, 1024, 1, 1)",49.85612106323242,44,3,
resnet50_no_weights,CIFAR10,fp32_fused,"42,43,44",layer3.5.conv1,layer3.5.conv1,"(256, 1024, 1, 1)",49.64860931120057,aggregate,3,3.172626922661852
resnet50_no_weights,CIFAR10,fp32_fused,42,layer3.5.conv2,layer3.5.conv2,"(256, 256, 3, 3)",7.54241422812144,42,3,
resnet50_no_weights,CIFAR10,fp32_fused,43,layer3.5.conv2,layer3.5.conv2,"(256, 256, 3, 3)",7.030025502909785,43,3,
resnet50_no_weights,CIFAR10,fp32_fused,44,layer3.5.conv2,layer3.5.conv2,"(256, 256, 3, 3)",6.36044372682986,44,3,
resnet50_no_weights,CIFAR10,fp32_fused,"42,43,44",layer3.5.conv2,layer3.5.conv2,"(256, 256, 3, 3)",6.9776278192870285,aggregate,3,0.5927248133979544
resnet50_no_weights,CIFAR10,fp32_fused,42,layer3.5.conv3,layer3.5.conv3,"(1024, 256, 1, 1)",6.799148523807526,42,3,
resnet50_no_weights,CIFAR10,fp32_fused,43,layer3.5.conv3,layer3.5.conv3,"(1024, 256, 1, 1)",6.710776956457841,43,3,
resnet50_no_weights,CIFAR10,fp32_fused,44,layer3.5.conv3,layer3.5.conv3,"(1024, 256, 1, 1)",6.736917170611295,44,3,
resnet50_no_weights,CIFAR10,fp32_fused,"42,43,44",layer3.5.conv3,layer3.5.conv3,"(1024, 256, 1, 1)",6.748947550292221,aggregate,3,0.045397477963102756
resnet50_no_weights,CIFAR10,fp32_fused,42,layer4.0.conv1,layer4.0.conv1,"(512, 1024, 1, 1)",58.64099593389602,42,3,
resnet50_no_weights,CIFAR10,fp32_fused,43,layer4.0.conv1,layer4.0.conv1,"(512, 1024, 1, 1)",58.3019270102183,43,3,
resnet50_no_weights,CIFAR10,fp32_fused,44,layer4.0.conv1,layer4.0.conv1,"(512, 1024, 1, 1)",62.60991317995133,44,3,
resnet50_no_weights,CIFAR10,fp32_fused,"42,43,44",layer4.0.conv1,layer4.0.conv1,"(512, 1024, 1, 1)",59.85094537468855,aggregate,3,2.3953432836669513
resnet50_no_weights,CIFAR10,fp32_fused,42,layer4.0.conv2,layer4.0.conv2,"(512, 512, 3, 3)",14.54780478477478,42,3,
resnet50_no_weights,CIFAR10,fp32_fused,43,layer4.0.conv2,layer4.0.conv2,"(512, 512, 3, 3)",14.378200882359556,43,3,
resnet50_no_weights,CIFAR10,fp32_fused,44,layer4.0.conv2,layer4.0.conv2,"(512, 512, 3, 3)",15.408090742010819,44,3,
resnet50_no_weights,CIFAR10,fp32_fused,"42,43,44",layer4.0.conv2,layer4.0.conv2,"(512, 512, 3, 3)",14.778032136381718,aggregate,3,0.5521972073671535
resnet50_no_weights,CIFAR10,fp32_fused,42,layer4.0.conv3,layer4.0.conv3,"(2048, 512, 1, 1)",10.360983981026543,42,3,
resnet50_no_weights,CIFAR10,fp32_fused,43,layer4.0.conv3,layer4.0.conv3,"(2048, 512, 1, 1)",9.91685885649461,43,3,
resnet50_no_weights,CIFAR10,fp32_fused,44,layer4.0.conv3,layer4.0.conv3,"(2048, 512, 1, 1)",12.088888263702392,44,3,
resnet50_no_weights,CIFAR10,fp32_fused,"42,43,44",layer4.0.conv3,layer4.0.conv3,"(2048, 512, 1, 1)",10.788910367074514,aggregate,3,1.147505416262122
resnet50_no_weights,CIFAR10,fp32_fused,42,layer4.0.downsample.0,layer4.0.downsample.0,"(2048, 1024, 1, 1)",86.30187279837472,42,3,
resnet50_no_weights,CIFAR10,fp32_fused,43,layer4.0.downsample.0,layer4.0.downsample.0,"(2048, 1024, 1, 1)",73.88066362079822,43,3,
resnet50_no_weights,CIFAR10,fp32_fused,44,layer4.0.downsample.0,layer4.0.downsample.0,"(2048, 1024, 1, 1)",71.5696792602539,44,3,
resnet50_no_weights,CIFAR10,fp32_fused,"42,43,44",layer4.0.downsample.0,layer4.0.downsample.0,"(2048, 1024, 1, 1)",77.25073855980895,aggregate,3,7.923221278752303
resnet50_no_weights,CIFAR10,fp32_fused,42,layer4.1.conv1,layer4.1.conv1,"(512, 2048, 1, 1)",31.084973874299422,42,3,
resnet50_no_weights,CIFAR10,fp32_fused,43,layer4.1.conv1,layer4.1.conv1,"(512, 2048, 1, 1)",36.15948829650879,43,3,
resnet50_no_weights,CIFAR10,fp32_fused,44,layer4.1.conv1,layer4.1.conv1,"(512, 2048, 1, 1)",30.221409974274813,44,3,
resnet50_no_weights,CIFAR10,fp32_fused,"42,43,44",layer4.1.conv1,layer4.1.conv1,"(512, 2048, 1, 1)",32.48862404836101,aggregate,3,3.2082501303052435
resnet50_no_weights,CIFAR10,fp32_fused,42,layer4.1.conv2,layer4.1.conv2,"(512, 512, 3, 3)",97.35289497375489,42,3,
resnet50_no_weights,CIFAR10,fp32_fused,43,layer4.1.conv2,layer4.1.conv2,"(512, 512, 3, 3)",95.53212356567383,43,3,
resnet50_no_weights,CIFAR10,fp32_fused,44,layer4.1.conv2,layer4.1.conv2,"(512, 512, 3, 3)",108.47329139709473,44,3,
resnet50_no_weights,CIFAR10,fp32_fused,"42,43,44",layer4.1.conv2,layer4.1.conv2,"(512, 512, 3, 3)",100.45276997884115,aggregate,3,7.005381859372099
resnet50_no_weights,CIFAR10,fp32_fused,42,layer4.1.conv3,layer4.1.conv3,"(2048, 512, 1, 1)",19.16008253097534,42,3,
resnet50_no_weights,CIFAR10,fp32_fused,43,layer4.1.conv3,layer4.1.conv3,"(2048, 512, 1, 1)",23.00162525177002,43,3,
resnet50_no_weights,CIFAR10,fp32_fused,44,layer4.1.conv3,layer4.1.conv3,"(2048, 512, 1, 1)",19.977585580613876,44,3,
resnet50_no_weights,CIFAR10,fp32_fused,"42,43,44",layer4.1.conv3,layer4.1.conv3,"(2048, 512, 1, 1)",20.713097787786413,aggregate,3,2.0236344220479907
resnet50_no_weights,CIFAR10,fp32_fused,42,layer4.2.conv1,layer4.2.conv1,"(512, 2048, 1, 1)",33.012888852287745,42,3,
resnet50_no_weights,CIFAR10,fp32_fused,43,layer4.2.conv1,layer4.2.conv1,"(512, 2048, 1, 1)",37.88041192009335,43,3,
resnet50_no_weights,CIFAR10,fp32_fused,44,layer4.2.conv1,layer4.2.conv1,"(512, 2048, 1, 1)",28.7682204246521,44,3,
resnet50_no_weights,CIFAR10,fp32_fused,"42,43,44",layer4.2.conv1,layer4.2.conv1,"(512, 2048, 1, 1)",33.22050706567773,aggregate,3,4.559642250692088
resnet50_no_weights,CIFAR10,fp32_fused,42,layer4.2.conv2,layer4.2.conv2,"(512, 512, 3, 3)",11.166511964797973,42,3,
resnet50_no_weights,CIFAR10,fp32_fused,43,layer4.2.conv2,layer4.2.conv2,"(512, 512, 3, 3)",11.62364927927653,43,3,
resnet50_no_weights,CIFAR10,fp32_fused,44,layer4.2.conv2,layer4.2.conv2,"(512, 512, 3, 3)",10.61498936739835,44,3,
resnet50_no_weights,CIFAR10,fp32_fused,"42,43,44",layer4.2.conv2,layer4.2.conv2,"(512, 512, 3, 3)",11.135050203824283,aggregate,3,0.5050654277023904
resnet50_no_weights,CIFAR10,fp32_fused,42,layer4.2.conv3,layer4.2.conv3,"(2048, 512, 1, 1)",5.638076473165442,42,3,
resnet50_no_weights,CIFAR10,fp32_fused,43,layer4.2.conv3,layer4.2.conv3,"(2048, 512, 1, 1)",5.64306503534317,43,3,
resnet50_no_weights,CIFAR10,fp32_fused,44,layer4.2.conv3,layer4.2.conv3,"(2048, 512, 1, 1)",5.784576313836234,44,3,
resnet50_no_weights,CIFAR10,fp32_fused,"42,43,44",layer4.2.conv3,layer4.2.conv3,"(2048, 512, 1, 1)",5.688572607448282,aggregate,3,0.08317905486550278
resnet50_no_weights,CIFAR10,fp32_fused,42,fc,fc,"(10, 2048)",4.998352392361714,42,3,
resnet50_no_weights,CIFAR10,fp32_fused,43,fc,fc,"(10, 2048)",5.9417091867198115,43,3,
resnet50_no_weights,CIFAR10,fp32_fused,44,fc,fc,"(10, 2048)",5.608582419507644,44,3,
resnet50_no_weights,CIFAR10,fp32_fused,"42,43,44",fc,fc,"(10, 2048)",5.51621466619639,aggregate,3,0.47841337957275276
resnet50_no_weights,CIFAR10,qat,42,conv1,conv1,"(64, 3, 3, 3)",95.79420908759622,42,3,
resnet50_no_weights,CIFAR10,qat,43,conv1,conv1,"(64, 3, 3, 3)",90.24676454634894,43,3,
resnet50_no_weights,CIFAR10,qat,44,conv1,conv1,"(64, 3, 3, 3)",97.80801802415114,44,3,
resnet50_no_weights,CIFAR10,qat,"42,43,44",conv1,conv1,"(64, 3, 3, 3)",94.61633055269877,aggregate,3,3.9158251903172436
resnet50_no_weights,CIFAR10,qat,42,layer1.0.conv1,layer1.0.conv1,"(64, 64, 1, 1)",0.9181066403786341,42,3,
resnet50_no_weights,CIFAR10,qat,43,layer1.0.conv1,layer1.0.conv1,"(64, 64, 1, 1)",1.1840546304980915,43,3,
resnet50_no_weights,CIFAR10,qat,44,layer1.0.conv1,layer1.0.conv1,"(64, 64, 1, 1)",1.2172303066171448,44,3,
resnet50_no_weights,CIFAR10,qat,"42,43,44",layer1.0.conv1,layer1.0.conv1,"(64, 64, 1, 1)",1.1064638591646234,aggregate,3,0.16396337326697044
resnet50_no_weights,CIFAR10,qat,42,layer1.0.conv2,layer1.0.conv2,"(64, 64, 3, 3)",2.770640194416046,42,3,
resnet50_no_weights,CIFAR10,qat,43,layer1.0.conv2,layer1.0.conv2,"(64, 64, 3, 3)",2.5192698791623114,43,3,
resnet50_no_weights,CIFAR10,qat,44,layer1.0.conv2,layer1.0.conv2,"(64, 64, 3, 3)",2.394267968336741,44,3,
resnet50_no_weights,CIFAR10,qat,"42,43,44",layer1.0.conv2,layer1.0.conv2,"(64, 64, 3, 3)",2.5613926806383662,aggregate,3,0.19168923012030753
resnet50_no_weights,CIFAR10,qat,42,layer1.0.conv3,layer1.0.conv3,"(256, 64, 1, 1)",1.0557131878165311,42,3,
resnet50_no_weights,CIFAR10,qat,43,layer1.0.conv3,layer1.0.conv3,"(256, 64, 1, 1)",1.3289872926214468,43,3,
resnet50_no_weights,CIFAR10,qat,44,layer1.0.conv3,layer1.0.conv3,"(256, 64, 1, 1)",1.2010052038563623,44,3,
resnet50_no_weights,CIFAR10,qat,"42,43,44",layer1.0.conv3,layer1.0.conv3,"(256, 64, 1, 1)",1.1952352280981133,aggregate,3,0.13672839337321305
resnet50_no_weights,CIFAR10,qat,42,layer1.0.downsample.0,layer1.0.downsample.0,"(256, 64, 1, 1)",2.9826965206547786,42,3,
resnet50_no_weights,CIFAR10,qat,43,layer1.0.downsample.0,layer1.0.downsample.0,"(256, 64, 1, 1)",2.60235333442688,43,3,
resnet50_no_weights,CIFAR10,qat,44,layer1.0.downsample.0,layer1.0.downsample.0,"(256, 64, 1, 1)",2.7279262393712997,44,3,
resnet50_no_weights,CIFAR10,qat,"42,43,44",layer1.0.downsample.0,layer1.0.downsample.0,"(256, 64, 1, 1)",2.7709920314843193,aggregate,3,0.19379430245814475
resnet50_no_weights,CIFAR10,qat,42,layer1.1.conv1,layer1.1.conv1,"(64, 256, 1, 1)",2.344088791697114,42,3,
resnet50_no_weights,CIFAR10,qat,43,layer1.1.conv1,layer1.1.conv1,"(64, 256, 1, 1)",2.441409199134163,43,3,
resnet50_no_weights,CIFAR10,qat,44,layer1.1.conv1,layer1.1.conv1,"(64, 256, 1, 1)",2.2443399847821985,44,3,
resnet50_no_weights,CIFAR10,qat,"42,43,44",layer1.1.conv1,layer1.1.conv1,"(64, 256, 1, 1)",2.3432793252044917,aggregate,3,0.098537100821605
resnet50_no_weights,CIFAR10,qat,42,layer1.1.conv2,layer1.1.conv2,"(64, 64, 3, 3)",1.7253910158619736,42,3,
resnet50_no_weights,CIFAR10,qat,43,layer1.1.conv2,layer1.1.conv2,"(64, 64, 3, 3)",1.916582903928227,43,3,
resnet50_no_weights,CIFAR10,qat,44,layer1.1.conv2,layer1.1.conv2,"(64, 64, 3, 3)",2.0291199353006153,44,3,
resnet50_no_weights,CIFAR10,qat,"42,43,44",layer1.1.conv2,layer1.1.conv2,"(64, 64, 3, 3)",1.8903646183636054,aggregate,3,0.1535524763698139
resnet50_no_weights,CIFAR10,qat,42,layer1.1.conv3,layer1.1.conv3,"(256, 64, 1, 1)",0.7657501250505447,42,3,
resnet50_no_weights,CIFAR10,qat,43,layer1.1.conv3,layer1.1.conv3,"(256, 64, 1, 1)",0.7953655002638698,43,3,
resnet50_no_weights,CIFAR10,qat,44,layer1.1.conv3,layer1.1.conv3,"(256, 64, 1, 1)",0.7844969206734708,44,3,
resnet50_no_weights,CIFAR10,qat,"42,43,44",layer1.1.conv3,layer1.1.conv3,"(256, 64, 1, 1)",0.7818708486626285,aggregate,3,0.01498131512621985
resnet50_no_weights,CIFAR10,qat,42,layer1.2.conv1,layer1.2.conv1,"(64, 256, 1, 1)",3.882631773298437,42,3,
resnet50_no_weights,CIFAR10,qat,43,layer1.2.conv1,layer1.2.conv1,"(64, 256, 1, 1)",3.8741988727920935,43,3,
resnet50_no_weights,CIFAR10,qat,44,layer1.2.conv1,layer1.2.conv1,"(64, 256, 1, 1)",3.4628697203265295,44,3,
resnet50_no_weights,CIFAR10,qat,"42,43,44",layer1.2.conv1,layer1.2.conv1,"(64, 256, 1, 1)",3.73990012213902,aggregate,3,0.23995241423880256
resnet50_no_weights,CIFAR10,qat,42,layer1.2.conv2,layer1.2.conv2,"(64, 64, 3, 3)",5.608080284936087,42,3,
resnet50_no_weights,CIFAR10,qat,43,layer1.2.conv2,layer1.2.conv2,"(64, 64, 3, 3)",4.416028090885708,43,3,
resnet50_no_weights,CIFAR10,qat,44,layer1.2.conv2,layer1.2.conv2,"(64, 64, 3, 3)",4.059047395984332,44,3,
resnet50_no_weights,CIFAR10,qat,"42,43,44",layer1.2.conv2,layer1.2.conv2,"(64, 64, 3, 3)",4.694385257268709,aggregate,3,0.8111644449932058
resnet50_no_weights,CIFAR10,qat,42,layer1.2.conv3,layer1.2.conv3,"(256, 64, 1, 1)",2.0356847792863846,42,3,
resnet50_no_weights,CIFAR10,qat,43,layer1.2.conv3,layer1.2.conv3,"(256, 64, 1, 1)",1.993126138396885,43,3,
resnet50_no_weights,CIFAR10,qat,44,layer1.2.conv3,layer1.2.conv3,"(256, 64, 1, 1)",2.023961786712919,44,3,
resnet50_no_weights,CIFAR10,qat,"42,43,44",layer1.2.conv3,layer1.2.conv3,"(256, 64, 1, 1)",2.0175909014653963,aggregate,3,0.02198296187319113
resnet50_no_weights,CIFAR10,qat,42,layer2.0.conv1,layer2.0.conv1,"(128, 256, 1, 1)",21.652580495314165,42,3,
resnet50_no_weights,CIFAR10,qat,43,layer2.0.conv1,layer2.0.conv1,"(128, 256, 1, 1)",17.940356025329002,43,3,
resnet50_no_weights,CIFAR10,qat,44,layer2.0.conv1,layer2.0.conv1,"(128, 256, 1, 1)",15.441691059536405,44,3,
resnet50_no_weights,CIFAR10,qat,"42,43,44",layer2.0.conv1,layer2.0.conv1,"(128, 256, 1, 1)",18.344875860059858,aggregate,3,3.1251422557032433
resnet50_no_weights,CIFAR10,qat,42,layer2.0.conv2,layer2.0.conv2,"(128, 128, 3, 3)",23.526210485878636,42,3,
resnet50_no_weights,CIFAR10,qat,43,layer2.0.conv2,layer2.0.conv2,"(128, 128, 3, 3)",23.327209058015242,43,3,
resnet50_no_weights,CIFAR10,qat,44,layer2.0.conv2,layer2.0.conv2,"(128, 128, 3, 3)",26.517993972415017,44,3,
resnet50_no_weights,CIFAR10,qat,"42,43,44",layer2.0.conv2,layer2.0.conv2,"(128, 128, 3, 3)",24.457137838769633,aggregate,3,1.7875252151398513
resnet50_no_weights,CIFAR10,qat,42,layer2.0.conv3,layer2.0.conv3,"(512, 128, 1, 1)",9.314275063001192,42,3,
resnet50_no_weights,CIFAR10,qat,43,layer2.0.conv3,layer2.0.conv3,"(512, 128, 1, 1)",10.336243118558611,43,3,
resnet50_no_weights,CIFAR10,qat,44,layer2.0.conv3,layer2.0.conv3,"(512, 128, 1, 1)",11.184278011322021,44,3,
resnet50_no_weights,CIFAR10,qat,"42,43,44",layer2.0.conv3,layer2.0.conv3,"(512, 128, 1, 1)",10.278265397627274,aggregate,3,0.9363486630392776
resnet50_no_weights,CIFAR10,qat,42,layer2.0.downsample.0,layer2.0.downsample.0,"(512, 256, 1, 1)",18.035994238323635,42,3,
resnet50_no_weights,CIFAR10,qat,43,layer2.0.downsample.0,layer2.0.downsample.0,"(512, 256, 1, 1)",18.273784104515524,43,3,
resnet50_no_weights,CIFAR10,qat,44,layer2.0.downsample.0,layer2.0.downsample.0,"(512, 256, 1, 1)",19.856207807858784,44,3,
resnet50_no_weights,CIFAR10,qat,"42,43,44",layer2.0.downsample.0,layer2.0.downsample.0,"(512, 256, 1, 1)",18.721995383565982,aggregate,3,0.9894262846119496
resnet50_no_weights,CIFAR10,qat,42,layer2.1.conv1,layer2.1.conv1,"(128, 512, 1, 1)",2.254654435735,42,3,
resnet50_no_weights,CIFAR10,qat,43,layer2.1.conv1,layer2.1.conv1,"(128, 512, 1, 1)",2.2737114123809032,43,3,
resnet50_no_weights,CIFAR10,qat,44,layer2.1.conv1,layer2.1.conv1,"(128, 512, 1, 1)",2.214396308768879,44,3,
resnet50_no_weights,CIFAR10,qat,"42,43,44",layer2.1.conv1,layer2.1.conv1,"(128, 512, 1, 1)",2.2475873856282607,aggregate,3,0.030282466495228883
resnet50_no_weights,CIFAR10,qat,42,layer2.1.conv2,layer2.1.conv2,"(128, 128, 3, 3)",2.6244451035471523,42,3,
resnet50_no_weights,CIFAR10,qat,43,layer2.1.conv2,layer2.1.conv2,"(128, 128, 3, 3)",2.364095362483478,43,3,
resnet50_no_weights,CIFAR10,qat,44,layer2.1.conv2,layer2.1.conv2,"(128, 128, 3, 3)",2.177281692876654,44,3,
resnet50_no_weights,CIFAR10,qat,"42,43,44",layer2.1.conv2,layer2.1.conv2,"(128, 128, 3, 3)",2.388607386302428,aggregate,3,0.22458719563767154
resnet50_no_weights,CIFAR10,qat,42,layer2.1.conv3,layer2.1.conv3,"(512, 128, 1, 1)",3.0278398045178117,42,3,
resnet50_no_weights,CIFAR10,qat,43,layer2.1.conv3,layer2.1.conv3,"(512, 128, 1, 1)",3.1576478714528293,43,3,
resnet50_no_weights,CIFAR10,qat,44,layer2.1.conv3,layer2.1.conv3,"(512, 128, 1, 1)",2.6343782719443825,44,3,
resnet50_no_weights,CIFAR10,qat,"42,43,44",layer2.1.conv3,layer2.1.conv3,"(512, 128, 1, 1)",2.9399553159716745,aggregate,3,0.2724803312859383
resnet50_no_weights,CIFAR10,qat,42,layer2.2.conv1,layer2.2.conv1,"(128, 512, 1, 1)",3.5307181144461914,42,3,
resnet50_no_weights,CIFAR10,qat,43,layer2.2.conv1,layer2.2.conv1,"(128, 512, 1, 1)",3.167889884540013,43,3,
resnet50_no_weights,CIFAR10,qat,44,layer2.2.conv1,layer2.2.conv1,"(128, 512, 1, 1)",3.3684026935826177,44,3,
resnet50_no_weights,CIFAR10,qat,"42,43,44",layer2.2.conv1,layer2.2.conv1,"(128, 512, 1, 1)",3.355670230856274,aggregate,3,0.181748914190762
resnet50_no_weights,CIFAR10,qat,42,layer2.2.conv2,layer2.2.conv2,"(128, 128, 3, 3)",2.8254948178927104,42,3,
resnet50_no_weights,CIFAR10,qat,43,layer2.2.conv2,layer2.2.conv2,"(128, 128, 3, 3)",2.29642999739874,43,3,
resnet50_no_weights,CIFAR10,qat,44,layer2.2.conv2,layer2.2.conv2,"(128, 128, 3, 3)",2.4992253210233604,44,3,
resnet50_no_weights,CIFAR10,qat,"42,43,44",layer2.2.conv2,layer2.2.conv2,"(128, 128, 3, 3)",2.5403833787716037,aggregate,3,0.2669229951864116
resnet50_no_weights,CIFAR10,qat,42,layer2.2.conv3,layer2.2.conv3,"(512, 128, 1, 1)",3.038482239371852,42,3,
resnet50_no_weights,CIFAR10,qat,43,layer2.2.conv3,layer2.2.conv3,"(512, 128, 1, 1)",2.851717551549276,43,3,
resnet50_no_weights,CIFAR10,qat,44,layer2.2.conv3,layer2.2.conv3,"(512, 128, 1, 1)",3.1650134086608888,44,3,
resnet50_no_weights,CIFAR10,qat,"42,43,44",layer2.2.conv3,layer2.2.conv3,"(512, 128, 1, 1)",3.018404399860672,aggregate,3,0.15761000364952268
resnet50_no_weights,CIFAR10,qat,42,layer2.3.conv1,layer2.3.conv1,"(128, 512, 1, 1)",5.3105068648303,42,3,
resnet50_no_weights,CIFAR10,qat,43,layer2.3.conv1,layer2.3.conv1,"(128, 512, 1, 1)",4.7540236711502075,43,3,
resnet50_no_weights,CIFAR10,qat,44,layer2.3.conv1,layer2.3.conv1,"(128, 512, 1, 1)",5.103177833557129,44,3,
resnet50_no_weights,CIFAR10,qat,"42,43,44",layer2.3.conv1,layer2.3.conv1,"(128, 512, 1, 1)",5.055902789845879,aggregate,3,0.28123759266947984
resnet50_no_weights,CIFAR10,qat,42,layer2.3.conv2,layer2.3.conv2,"(128, 128, 3, 3)",6.049188933795011,42,3,
resnet50_no_weights,CIFAR10,qat,43,layer2.3.conv2,layer2.3.conv2,"(128, 128, 3, 3)",5.182451798365666,43,3,
resnet50_no_weights,CIFAR10,qat,44,layer2.3.conv2,layer2.3.conv2,"(128, 128, 3, 3)",6.228963684391331,44,3,
resnet50_no_weights,CIFAR10,qat,"42,43,44",layer2.3.conv2,layer2.3.conv2,"(128, 128, 3, 3)",5.820201472184003,aggregate,3,0.5595741461857743
resnet50_no_weights,CIFAR10,qat,42,layer2.3.conv3,layer2.3.conv3,"(512, 128, 1, 1)",4.682226748693557,42,3,
resnet50_no_weights,CIFAR10,qat,43,layer2.3.conv3,layer2.3.conv3,"(512, 128, 1, 1)",3.6922261714935303,43,3,
resnet50_no_weights,CIFAR10,qat,44,layer2.3.conv3,layer2.3.conv3,"(512, 128, 1, 1)",4.027584031224251,44,3,
resnet50_no_weights,CIFAR10,qat,"42,43,44",layer2.3.conv3,layer2.3.conv3,"(512, 128, 1, 1)",4.134012317137112,aggregate,3,0.5035082131860997
resnet50_no_weights,CIFAR10,qat,42,layer3.0.conv1,layer3.0.conv1,"(256, 512, 1, 1)",40.776462395985924,42,3,
resnet50_no_weights,CIFAR10,qat,43,layer3.0.conv1,layer3.0.conv1,"(256, 512, 1, 1)",38.09280021823182,43,3,
resnet50_no_weights,CIFAR10,qat,44,layer3.0.conv1,layer3.0.conv1,"(256, 512, 1, 1)",37.837601998273065,44,3,
resnet50_no_weights,CIFAR10,qat,"42,43,44",layer3.0.conv1,layer3.0.conv1,"(256, 512, 1, 1)",38.902288204163604,aggregate,3,1.6280903564720122
resnet50_no_weights,CIFAR10,qat,42,layer3.0.conv2,layer3.0.conv2,"(256, 256, 3, 3)",32.96749107654278,42,3,
resnet50_no_weights,CIFAR10,qat,43,layer3.0.conv2,layer3.0.conv2,"(256, 256, 3, 3)",31.069835424423218,43,3,
resnet50_no_weights,CIFAR10,qat,44,layer3.0.conv2,layer3.0.conv2,"(256, 256, 3, 3)",36.93271493911743,44,3,
resnet50_no_weights,CIFAR10,qat,"42,43,44",layer3.0.conv2,layer3.0.conv2,"(256, 256, 3, 3)",33.65668048002781,aggregate,3,2.9915841249014385
resnet50_no_weights,CIFAR10,qat,42,layer3.0.conv3,layer3.0.conv3,"(1024, 256, 1, 1)",18.17455650511242,42,3,
resnet50_no_weights,CIFAR10,qat,43,layer3.0.conv3,layer3.0.conv3,"(1024, 256, 1, 1)",16.190305908521015,43,3,
resnet50_no_weights,CIFAR10,qat,44,layer3.0.conv3,layer3.0.conv3,"(1024, 256, 1, 1)",16.24466947714488,44,3,
resnet50_no_weights,CIFAR10,qat,"42,43,44",layer3.0.conv3,layer3.0.conv3,"(1024, 256, 1, 1)",16.86984396359277,aggregate,3,1.1302411076391519
resnet50_no_weights,CIFAR10,qat,42,layer3.0.downsample.0,layer3.0.downsample.0,"(1024, 512, 1, 1)",21.430997218725818,42,3,
resnet50_no_weights,CIFAR10,qat,43,layer3.0.downsample.0,layer3.0.downsample.0,"(1024, 512, 1, 1)",24.47490406036377,43,3,
resnet50_no_weights,CIFAR10,qat,44,layer3.0.downsample.0,layer3.0.downsample.0,"(1024, 512, 1, 1)",22.018480078379312,44,3,
resnet50_no_weights,CIFAR10,qat,"42,43,44",layer3.0.downsample.0,layer3.0.downsample.0,"(1024, 512, 1, 1)",22.641460452489632,aggregate,3,1.6147509483005607
resnet50_no_weights,CIFAR10,qat,42,layer3.1.conv1,layer3.1.conv1,"(256, 1024, 1, 1)",7.2182305959554816,42,3,
resnet50_no_weights,CIFAR10,qat,43,layer3.1.conv1,layer3.1.conv1,"(256, 1024, 1, 1)",7.753366899490357,43,3,
resnet50_no_weights,CIFAR10,qat,44,layer3.1.conv1,layer3.1.conv1,"(256, 1024, 1, 1)",7.7467836652483255,44,3,
resnet50_no_weights,CIFAR10,qat,"42,43,44",layer3.1.conv1,layer3.1.conv1,"(256, 1024, 1, 1)",7.572793720231388,aggregate,3,0.3070783150362302
resnet50_no_weights,CIFAR10,qat,42,layer3.1.conv2,layer3.1.conv2,"(256, 256, 3, 3)",9.611026048660278,42,3,
resnet50_no_weights,CIFAR10,qat,43,layer3.1.conv2,layer3.1.conv2,"(256, 256, 3, 3)",9.642451351339167,43,3,
resnet50_no_weights,CIFAR10,qat,44,layer3.1.conv2,layer3.1.conv2,"(256, 256, 3, 3)",10.123257607221603,44,3,
resnet50_no_weights,CIFAR10,qat,"42,43,44",layer3.1.conv2,layer3.1.conv2,"(256, 256, 3, 3)",9.792245002407016,aggregate,3,0.287095621390711
resnet50_no_weights,CIFAR10,qat,42,layer3.1.conv3,layer3.1.conv3,"(1024, 256, 1, 1)",7.957871571565286,42,3,
resnet50_no_weights,CIFAR10,qat,43,layer3.1.conv3,layer3.1.conv3,"(1024, 256, 1, 1)",8.510523232546719,43,3,
resnet50_no_weights,CIFAR10,qat,44,layer3.1.conv3,layer3.1.conv3,"(1024, 256, 1, 1)",6.908391118049622,44,3,
resnet50_no_weights,CIFAR10,qat,"42,43,44",layer3.1.conv3,layer3.1.conv3,"(1024, 256, 1, 1)",7.792261974053876,aggregate,3,0.8138038659079062
resnet50_no_weights,CIFAR10,qat,42,layer3.2.conv1,layer3.2.conv1,"(256, 1024, 1, 1)",13.85551913579305,42,3,
resnet50_no_weights,CIFAR10,qat,43,layer3.2.conv1,layer3.2.conv1,"(256, 1024, 1, 1)",13.206759782270952,43,3,
resnet50_no_weights,CIFAR10,qat,44,layer3.2.conv1,layer3.2.conv1,"(256, 1024, 1, 1)",12.496474838256836,44,3,
resnet50_no_weights,CIFAR10,qat,"42,43,44",layer3.2.conv1,layer3.2.conv1,"(256, 1024, 1, 1)",13.186251252106945,aggregate,3,0.679754220673577
resnet50_no_weights,CIFAR10,qat,42,layer3.2.conv2,layer3.2.conv2,"(256, 256, 3, 3)",10.162440737088522,42,3,
resnet50_no_weights,CIFAR10,qat,43,layer3.2.conv2,layer3.2.conv2,"(256, 256, 3, 3)",10.961833867159756,43,3,
resnet50_no_weights,CIFAR10,qat,44,layer3.2.conv2,layer3.2.conv2,"(256, 256, 3, 3)",10.11106895145617,44,3,
resnet50_no_weights,CIFAR10,qat,"42,43,44",layer3.2.conv2,layer3.2.conv2,"(256, 256, 3, 3)",10.411781185234815,aggregate,3,0.4770516007303386
resnet50_no_weights,CIFAR10,qat,42,layer3.2.conv3,layer3.2.conv3,"(1024, 256, 1, 1)",8.363160527270773,42,3,
resnet50_no_weights,CIFAR10,qat,43,layer3.2.conv3,layer3.2.conv3,"(1024, 256, 1, 1)",8.138987370899745,43,3,
resnet50_no_weights,CIFAR10,qat,44,layer3.2.conv3,layer3.2.conv3,"(1024, 256, 1, 1)",7.685110092163086,44,3,
resnet50_no_weights,CIFAR10,qat,"42,43,44",layer3.2.conv3,layer3.2.conv3,"(1024, 256, 1, 1)",8.0624193301112,aggregate,3,0.34544912330193883
resnet50_no_weights,CIFAR10,qat,42,layer3.3.conv1,layer3.3.conv1,"(256, 1024, 1, 1)",25.37560237537731,42,3,
resnet50_no_weights,CIFAR10,qat,43,layer3.3.conv1,layer3.3.conv1,"(256, 1024, 1, 1)",24.948540115356444,43,3,
resnet50_no_weights,CIFAR10,qat,44,layer3.3.conv1,layer3.3.conv1,"(256, 1024, 1, 1)",30.02326838175456,44,3,
resnet50_no_weights,CIFAR10,qat,"42,43,44",layer3.3.conv1,layer3.3.conv1,"(256, 1024, 1, 1)",26.782470290829437,aggregate,3,2.814724630064452
resnet50_no_weights,CIFAR10,qat,42,layer3.3.conv2,layer3.3.conv2,"(256, 256, 3, 3)",17.82578905423482,42,3,
resnet50_no_weights,CIFAR10,qat,43,layer3.3.conv2,layer3.3.conv2,"(256, 256, 3, 3)",21.760773181915283,43,3,
resnet50_no_weights,CIFAR10,qat,44,layer3.3.conv2,layer3.3.conv2,"(256, 256, 3, 3)",21.109046770178754,44,3,
resnet50_no_weights,CIFAR10,qat,"42,43,44",layer3.3.conv2,layer3.3.conv2,"(256, 256, 3, 3)",20.231869668776287,aggregate,3,2.1090530509432233
resnet50_no_weights,CIFAR10,qat,42,layer3.3.conv3,layer3.3.conv3,"(1024, 256, 1, 1)",11.782502666596443,42,3,
resnet50_no_weights,CIFAR10,qat,43,layer3.3.conv3,layer3.3.conv3,"(1024, 256, 1, 1)",10.081218936226584,43,3,
resnet50_no_weights,CIFAR10,qat,44,layer3.3.conv3,layer3.3.conv3,"(1024, 256, 1, 1)",10.503373357984755,44,3,
resnet50_no_weights,CIFAR10,qat,"42,43,44",layer3.3.conv3,layer3.3.conv3,"(1024, 256, 1, 1)",10.789031653602594,aggregate,3,0.8858849130653272
resnet50_no_weights,CIFAR10,qat,42,layer3.4.conv1,layer3.4.conv1,"(256, 1024, 1, 1)",30.989281691037693,42,3,
resnet50_no_weights,CIFAR10,qat,43,layer3.4.conv1,layer3.4.conv1,"(256, 1024, 1, 1)",40.60796048091008,43,3,
resnet50_no_weights,CIFAR10,qat,44,layer3.4.conv1,layer3.4.conv1,"(256, 1024, 1, 1)",27.585468292236328,44,3,
resnet50_no_weights,CIFAR10,qat,"42,43,44",layer3.4.conv1,layer3.4.conv1,"(256, 1024, 1, 1)",33.06090348806137,aggregate,3,6.75389060863773
resnet50_no_weights,CIFAR10,qat,42,layer3.4.conv2,layer3.4.conv2,"(256, 256, 3, 3)",13.302579096385411,42,3,
resnet50_no_weights,CIFAR10,qat,43,layer3.4.conv2,layer3.4.conv2,"(256, 256, 3, 3)",12.696804161071777,43,3,
resnet50_no_weights,CIFAR10,qat,44,layer3.4.conv2,layer3.4.conv2,"(256, 256, 3, 3)",11.823921305792672,44,3,
resnet50_no_weights,CIFAR10,qat,"42,43,44",layer3.4.conv2,layer3.4.conv2,"(256, 256, 3, 3)",12.607768187749953,aggregate,3,0.7433389326741698
resnet50_no_weights,CIFAR10,qat,42,layer3.4.conv3,layer3.4.conv3,"(1024, 256, 1, 1)",11.427511215209961,42,3,
resnet50_no_weights,CIFAR10,qat,43,layer3.4.conv3,layer3.4.conv3,"(1024, 256, 1, 1)",10.075840822855632,43,3,
resnet50_no_weights,CIFAR10,qat,44,layer3.4.conv3,layer3.4.conv3,"(1024, 256, 1, 1)",8.511584690638951,44,3,
resnet50_no_weights,CIFAR10,qat,"42,43,44",layer3.4.conv3,layer3.4.conv3,"(1024, 256, 1, 1)",10.004978909568182,aggregate,3,1.4592542383835176
resnet50_no_weights,CIFAR10,qat,42,layer3.5.conv1,layer3.5.conv1,"(256, 1024, 1, 1)",31.7344753742218,42,3,
resnet50_no_weights,CIFAR10,qat,43,layer3.5.conv1,layer3.5.conv1,"(256, 1024, 1, 1)",32.83386332194011,43,3,
resnet50_no_weights,CIFAR10,qat,44,layer3.5.conv1,layer3.5.conv1,"(256, 1024, 1, 1)",27.12100836809944,44,3,
resnet50_no_weights,CIFAR10,qat,"42,43,44",layer3.5.conv1,layer3.5.conv1,"(256, 1024, 1, 1)",30.563115688087116,aggregate,3,3.031211072596501
resnet50_no_weights,CIFAR10,qat,42,layer3.5.conv2,layer3.5.conv2,"(256, 256, 3, 3)",5.1786821886550545,42,3,
resnet50_no_weights,CIFAR10,qat,43,layer3.5.conv2,layer3.5.conv2,"(256, 256, 3, 3)",5.256080442667008,43,3,
resnet50_no_weights,CIFAR10,qat,44,layer3.5.conv2,layer3.5.conv2,"(256, 256, 3, 3)",5.270893267222813,44,3,
resnet50_no_weights,CIFAR10,qat,"42,43,44",layer3.5.conv2,layer3.5.conv2,"(256, 256, 3, 3)",5.235218632848292,aggregate,3,0.049519007303676185
resnet50_no_weights,CIFAR10,qat,42,layer3.5.conv3,layer3.5.conv3,"(1024, 256, 1, 1)",4.778211107620826,42,3,
resnet50_no_weights,CIFAR10,qat,43,layer3.5.conv3,layer3.5.conv3,"(1024, 256, 1, 1)",5.61086519241333,43,3,
resnet50_no_weights,CIFAR10,qat,44,layer3.5.conv3,layer3.5.conv3,"(1024, 256, 1, 1)",5.507101744413376,44,3,
resnet50_no_weights,CIFAR10,qat,"42,43,44",layer3.5.conv3,layer3.5.conv3,"(1024, 256, 1, 1)",5.298726014815844,aggregate,3,0.4537549335758109
resnet50_no_weights,CIFAR10,qat,42,layer4.0.conv1,layer4.0.conv1,"(512, 1024, 1, 1)",28.44028811984592,42,3,
resnet50_no_weights,CIFAR10,qat,43,layer4.0.conv1,layer4.0.conv1,"(512, 1024, 1, 1)",30.536372979482014,43,3,
resnet50_no_weights,CIFAR10,qat,44,layer4.0.conv1,layer4.0.conv1,"(512, 1024, 1, 1)",28.50551864917462,44,3,
resnet50_no_weights,CIFAR10,qat,"42,43,44",layer4.0.conv1,layer4.0.conv1,"(512, 1024, 1, 1)",29.160726582834183,aggregate,3,1.1917910940876943
resnet50_no_weights,CIFAR10,qat,42,layer4.0.conv2,layer4.0.conv2,"(512, 512, 3, 3)",7.9844142637754745,42,3,
resnet50_no_weights,CIFAR10,qat,43,layer4.0.conv2,layer4.0.conv2,"(512, 512, 3, 3)",9.019660560452209,43,3,
resnet50_no_weights,CIFAR10,qat,44,layer4.0.conv2,layer4.0.conv2,"(512, 512, 3, 3)",9.047363819614533,44,3,
resnet50_no_weights,CIFAR10,qat,"42,43,44",layer4.0.conv2,layer4.0.conv2,"(512, 512, 3, 3)",8.683812881280739,aggregate,3,0.6058553352643353
resnet50_no_weights,CIFAR10,qat,42,layer4.0.conv3,layer4.0.conv3,"(2048, 512, 1, 1)",7.486994411264147,42,3,
resnet50_no_weights,CIFAR10,qat,43,layer4.0.conv3,layer4.0.conv3,"(2048, 512, 1, 1)",7.928422746204195,43,3,
resnet50_no_weights,CIFAR10,qat,44,layer4.0.conv3,layer4.0.conv3,"(2048, 512, 1, 1)",6.9353154727390836,44,3,
resnet50_no_weights,CIFAR10,qat,"42,43,44",layer4.0.conv3,layer4.0.conv3,"(2048, 512, 1, 1)",7.450244210069142,aggregate,3,0.49757255462719385
resnet50_no_weights,CIFAR10,qat,42,layer4.0.downsample.0,layer4.0.downsample.0,"(2048, 1024, 1, 1)",74.40881928943452,42,3,
resnet50_no_weights,CIFAR10,qat,43,layer4.0.downsample.0,layer4.0.downsample.0,"(2048, 1024, 1, 1)",72.09274037679036,43,3,
resnet50_no_weights,CIFAR10,qat,44,layer4.0.downsample.0,layer4.0.downsample.0,"(2048, 1024, 1, 1)",69.6792722429548,44,3,
resnet50_no_weights,CIFAR10,qat,"42,43,44",layer4.0.downsample.0,layer4.0.downsample.0,"(2048, 1024, 1, 1)",72.06027730305989,aggregate,3,2.364940634473367
resnet50_no_weights,CIFAR10,qat,42,layer4.1.conv1,layer4.1.conv1,"(512, 2048, 1, 1)",27.894405126571655,42,3,
resnet50_no_weights,CIFAR10,qat,43,layer4.1.conv1,layer4.1.conv1,"(512, 2048, 1, 1)",31.414598510378884,43,3,
resnet50_no_weights,CIFAR10,qat,44,layer4.1.conv1,layer4.1.conv1,"(512, 2048, 1, 1)",26.717419200473362,44,3,
resnet50_no_weights,CIFAR10,qat,"42,43,44",layer4.1.conv1,layer4.1.conv1,"(512, 2048, 1, 1)",28.6754742791413,aggregate,3,2.4440591509153426
resnet50_no_weights,CIFAR10,qat,42,layer4.1.conv2,layer4.1.conv2,"(512, 512, 3, 3)",92.51599502563477,42,3,
resnet50_no_weights,CIFAR10,qat,43,layer4.1.conv2,layer4.1.conv2,"(512, 512, 3, 3)",75.25991821289062,43,3,
resnet50_no_weights,CIFAR10,qat,44,layer4.1.conv2,layer4.1.conv2,"(512, 512, 3, 3)",80.00408952132516,44,3,
resnet50_no_weights,CIFAR10,qat,"42,43,44",layer4.1.conv2,layer4.1.conv2,"(512, 512, 3, 3)",82.59333425328352,aggregate,3,8.914661404299778
resnet50_no_weights,CIFAR10,qat,42,layer4.1.conv3,layer4.1.conv3,"(2048, 512, 1, 1)",19.500473482855433,42,3,
resnet50_no_weights,CIFAR10,qat,43,layer4.1.conv3,layer4.1.conv3,"(2048, 512, 1, 1)",16.941198612081593,43,3,
resnet50_no_weights,CIFAR10,qat,44,layer4.1.conv3,layer4.1.conv3,"(2048, 512, 1, 1)",16.012783640906925,44,3,
resnet50_no_weights,CIFAR10,qat,"42,43,44",layer4.1.conv3,layer4.1.conv3,"(2048, 512, 1, 1)",17.48481857861465,aggregate,3,1.806277140811386
resnet50_no_weights,CIFAR10,qat,42,layer4.2.conv1,layer4.2.conv1,"(512, 2048, 1, 1)",27.933302031622993,42,3,
resnet50_no_weights,CIFAR10,qat,43,layer4.2.conv1,layer4.2.conv1,"(512, 2048, 1, 1)",29.35149383544922,43,3,
resnet50_no_weights,CIFAR10,qat,44,layer4.2.conv1,layer4.2.conv1,"(512, 2048, 1, 1)",30.97930308086116,44,3,
resnet50_no_weights,CIFAR10,qat,"42,43,44",layer4.2.conv1,layer4.2.conv1,"(512, 2048, 1, 1)",29.421366315977792,aggregate,3,1.5242021587182641
resnet50_no_weights,CIFAR10,qat,42,layer4.2.conv2,layer4.2.conv2,"(512, 512, 3, 3)",9.147206830978394,42,3,
resnet50_no_weights,CIFAR10,qat,43,layer4.2.conv2,layer4.2.conv2,"(512, 512, 3, 3)",10.07420555750529,43,3,
resnet50_no_weights,CIFAR10,qat,44,layer4.2.conv2,layer4.2.conv2,"(512, 512, 3, 3)",10.250090040009598,44,3,
resnet50_no_weights,CIFAR10,qat,"42,43,44",layer4.2.conv2,layer4.2.conv2,"(512, 512, 3, 3)",9.823834142831094,aggregate,3,0.5925387980168131
resnet50_no_weights,CIFAR10,qat,42,layer4.2.conv3,layer4.2.conv3,"(2048, 512, 1, 1)",5.942433317502339,42,3,
resnet50_no_weights,CIFAR10,qat,43,layer4.2.conv3,layer4.2.conv3,"(2048, 512, 1, 1)",5.476328452428182,43,3,
resnet50_no_weights,CIFAR10,qat,44,layer4.2.conv3,layer4.2.conv3,"(2048, 512, 1, 1)",4.858210012316704,44,3,
resnet50_no_weights,CIFAR10,qat,"42,43,44",layer4.2.conv3,layer4.2.conv3,"(2048, 512, 1, 1)",5.425657260749075,aggregate,3,0.5438848417878104
resnet50_no_weights,CIFAR10,qat,42,fc,fc,"(10, 2048)",5.111692918671502,42,3,
resnet50_no_weights,CIFAR10,qat,43,fc,fc,"(10, 2048)",5.458794752756755,43,3,
resnet50_no_weights,CIFAR10,qat,44,fc,fc,"(10, 2048)",4.9530808236863875,44,3,
resnet50_no_weights,CIFAR10,qat,"42,43,44",fc,fc,"(10, 2048)",5.1745228317048815,aggregate,3,0.2586452067848613
resnet50_no_weights,CIFAR10,fp32_fused_qat,42,conv1,conv1,"(64, 3, 3, 3)",188.74585471834456,42,3,
resnet50_no_weights,CIFAR10,fp32_fused_qat,43,conv1,conv1,"(64, 3, 3, 3)",171.1527415188876,43,3,
resnet50_no_weights,CIFAR10,fp32_fused_qat,44,conv1,conv1,"(64, 3, 3, 3)",187.4592503138951,44,3,
resnet50_no_weights,CIFAR10,fp32_fused_qat,"42,43,44",conv1,conv1,"(64, 3, 3, 3)",182.45261551704243,aggregate,3,9.80709957143388
resnet50_no_weights,CIFAR10,fp32_fused_qat,42,layer1.0.conv1,layer1.0.conv1,"(64, 64, 1, 1)",2.443303833773107,42,3,
resnet50_no_weights,CIFAR10,fp32_fused_qat,43,layer1.0.conv1,layer1.0.conv1,"(64, 64, 1, 1)",3.0250978738069536,43,3,
resnet50_no_weights,CIFAR10,fp32_fused_qat,44,layer1.0.conv1,layer1.0.conv1,"(64, 64, 1, 1)",2.2942386090755464,44,3,
resnet50_no_weights,CIFAR10,fp32_fused_qat,"42,43,44",layer1.0.conv1,layer1.0.conv1,"(64, 64, 1, 1)",2.5875467722185355,aggregate,3,0.38619080152103846
resnet50_no_weights,CIFAR10,fp32_fused_qat,42,layer1.0.conv2,layer1.0.conv2,"(64, 64, 3, 3)",5.334194326400757,42,3,
resnet50_no_weights,CIFAR10,fp32_fused_qat,43,layer1.0.conv2,layer1.0.conv2,"(64, 64, 3, 3)",4.061894940478461,43,3,
resnet50_no_weights,CIFAR10,fp32_fused_qat,44,layer1.0.conv2,layer1.0.conv2,"(64, 64, 3, 3)",4.264963984489441,44,3,
resnet50_no_weights,CIFAR10,fp32_fused_qat,"42,43,44",layer1.0.conv2,layer1.0.conv2,"(64, 64, 3, 3)",4.553684417122886,aggregate,3,0.6835247237807832
resnet50_no_weights,CIFAR10,fp32_fused_qat,42,layer1.0.conv3,layer1.0.conv3,"(256, 64, 1, 1)",1.916948397954305,42,3,
resnet50_no_weights,CIFAR10,fp32_fused_qat,43,layer1.0.conv3,layer1.0.conv3,"(256, 64, 1, 1)",2.1005101392908796,43,3,
resnet50_no_weights,CIFAR10,fp32_fused_qat,44,layer1.0.conv3,layer1.0.conv3,"(256, 64, 1, 1)",1.7809513870038485,44,3,
resnet50_no_weights,CIFAR10,fp32_fused_qat,"42,43,44",layer1.0.conv3,layer1.0.conv3,"(256, 64, 1, 1)",1.932803308083011,aggregate,3,0.16036827202474635
resnet50_no_weights,CIFAR10,fp32_fused_qat,42,layer1.0.downsample.0,layer1.0.downsample.0,"(256, 64, 1, 1)",4.738593718584846,42,3,
resnet50_no_weights,CIFAR10,fp32_fused_qat,43,layer1.0.downsample.0,layer1.0.downsample.0,"(256, 64, 1, 1)",4.809947027100457,43,3,
resnet50_no_weights,CIFAR10,fp32_fused_qat,44,layer1.0.downsample.0,layer1.0.downsample.0,"(256, 64, 1, 1)",6.766066862986638,44,3,
resnet50_no_weights,CIFAR10,fp32_fused_qat,"42,43,44",layer1.0.downsample.0,layer1.0.downsample.0,"(256, 64, 1, 1)",5.43820253622398,aggregate,3,1.150517525453509
resnet50_no_weights,CIFAR10,fp32_fused_qat,42,layer1.1.conv1,layer1.1.conv1,"(64, 256, 1, 1)",3.8998960494995116,42,3,
resnet50_no_weights,CIFAR10,fp32_fused_qat,43,layer1.1.conv1,layer1.1.conv1,"(64, 256, 1, 1)",3.565394317662274,43,3,
resnet50_no_weights,CIFAR10,fp32_fused_qat,44,layer1.1.conv1,layer1.1.conv1,"(64, 256, 1, 1)",3.789448562658058,44,3,
resnet50_no_weights,CIFAR10,fp32_fused_qat,"42,43,44",layer1.1.conv1,layer1.1.conv1,"(64, 256, 1, 1)",3.7515796432732813,aggregate,3,0.17043589247003055
resnet50_no_weights,CIFAR10,fp32_fused_qat,42,layer1.1.conv2,layer1.1.conv2,"(64, 64, 3, 3)",2.933541551232338,42,3,
resnet50_no_weights,CIFAR10,fp32_fused_qat,43,layer1.1.conv2,layer1.1.conv2,"(64, 64, 3, 3)",2.9830214462497016,43,3,
resnet50_no_weights,CIFAR10,fp32_fused_qat,44,layer1.1.conv2,layer1.1.conv2,"(64, 64, 3, 3)",2.9138136324675186,44,3,
resnet50_no_weights,CIFAR10,fp32_fused_qat,"42,43,44",layer1.1.conv2,layer1.1.conv2,"(64, 64, 3, 3)",2.943458876649853,aggregate,3,0.03565382699942592
resnet50_no_weights,CIFAR10,fp32_fused_qat,42,layer1.1.conv3,layer1.1.conv3,"(256, 64, 1, 1)",1.556461252272129,42,3,
resnet50_no_weights,CIFAR10,fp32_fused_qat,43,layer1.1.conv3,layer1.1.conv3,"(256, 64, 1, 1)",1.2996354464973723,43,3,
resnet50_no_weights,CIFAR10,fp32_fused_qat,44,layer1.1.conv3,layer1.1.conv3,"(256, 64, 1, 1)",1.2544158802878471,44,3,
resnet50_no_weights,CIFAR10,fp32_fused_qat,"42,43,44",layer1.1.conv3,layer1.1.conv3,"(256, 64, 1, 1)",1.370170859685783,aggregate,3,0.16290882440655466
resnet50_no_weights,CIFAR10,fp32_fused_qat,42,layer1.2.conv1,layer1.2.conv1,"(64, 256, 1, 1)",6.155772283270553,42,3,
resnet50_no_weights,CIFAR10,fp32_fused_qat,43,layer1.2.conv1,layer1.2.conv1,"(64, 256, 1, 1)",5.891418169845235,43,3,
resnet50_no_weights,CIFAR10,fp32_fused_qat,44,layer1.2.conv1,layer1.2.conv1,"(64, 256, 1, 1)",5.911175654484675,44,3,
resnet50_no_weights,CIFAR10,fp32_fused_qat,"42,43,44",layer1.2.conv1,layer1.2.conv1,"(64, 256, 1, 1)",5.986122035866821,aggregate,3,0.1472531642543887
resnet50_no_weights,CIFAR10,fp32_fused_qat,42,layer1.2.conv2,layer1.2.conv2,"(64, 64, 3, 3)",11.144564021201361,42,3,
resnet50_no_weights,CIFAR10,fp32_fused_qat,43,layer1.2.conv2,layer1.2.conv2,"(64, 64, 3, 3)",11.021837143670945,43,3,
resnet50_no_weights,CIFAR10,fp32_fused_qat,44,layer1.2.conv2,layer1.2.conv2,"(64, 64, 3, 3)",10.54126098828438,44,3,
resnet50_no_weights,CIFAR10,fp32_fused_qat,"42,43,44",layer1.2.conv2,layer1.2.conv2,"(64, 64, 3, 3)",10.90255405105223,aggregate,3,0.3188494621607837
resnet50_no_weights,CIFAR10,fp32_fused_qat,42,layer1.2.conv3,layer1.2.conv3,"(256, 64, 1, 1)",3.0048150466038632,42,3,
resnet50_no_weights,CIFAR10,fp32_fused_qat,43,layer1.2.conv3,layer1.2.conv3,"(256, 64, 1, 1)",3.3637661504745484,43,3,
resnet50_no_weights,CIFAR10,fp32_fused_qat,44,layer1.2.conv3,layer1.2.conv3,"(256, 64, 1, 1)",4.422039171059926,44,3,
resnet50_no_weights,CIFAR10,fp32_fused_qat,"42,43,44",layer1.2.conv3,layer1.2.conv3,"(256, 64, 1, 1)",3.5968734560461124,aggregate,3,0.736807516701743
resnet50_no_weights,CIFAR10,fp32_fused_qat,42,layer2.0.conv1,layer2.0.conv1,"(128, 256, 1, 1)",37.1190888268607,42,3,
resnet50_no_weights,CIFAR10,fp32_fused_qat,43,layer2.0.conv1,layer2.0.conv1,"(128, 256, 1, 1)",41.9543823829064,43,3,
resnet50_no_weights,CIFAR10,fp32_fused_qat,44,layer2.0.conv1,layer2.0.conv1,"(128, 256, 1, 1)",37.045488640114115,44,3,
resnet50_no_weights,CIFAR10,fp32_fused_qat,"42,43,44",layer2.0.conv1,layer2.0.conv1,"(128, 256, 1, 1)",38.7063199499604,aggregate,3,2.813145290081653
resnet50_no_weights,CIFAR10,fp32_fused_qat,42,layer2.0.conv2,layer2.0.conv2,"(128, 128, 3, 3)",47.115488827228546,42,3,
resnet50_no_weights,CIFAR10,fp32_fused_qat,43,layer2.0.conv2,layer2.0.conv2,"(128, 128, 3, 3)",45.275508329603404,43,3,
resnet50_no_weights,CIFAR10,fp32_fused_qat,44,layer2.0.conv2,layer2.0.conv2,"(128, 128, 3, 3)",46.94594206633391,44,3,
resnet50_no_weights,CIFAR10,fp32_fused_qat,"42,43,44",layer2.0.conv2,layer2.0.conv2,"(128, 128, 3, 3)",46.44564640772195,aggregate,3,1.0169089769638657
resnet50_no_weights,CIFAR10,fp32_fused_qat,42,layer2.0.conv3,layer2.0.conv3,"(512, 128, 1, 1)",20.496076393127442,42,3,
resnet50_no_weights,CIFAR10,fp32_fused_qat,43,layer2.0.conv3,layer2.0.conv3,"(512, 128, 1, 1)",19.573719246046885,43,3,
resnet50_no_weights,CIFAR10,fp32_fused_qat,44,layer2.0.conv3,layer2.0.conv3,"(512, 128, 1, 1)",19.65872051602318,44,3,
resnet50_no_weights,CIFAR10,fp32_fused_qat,"42,43,44",layer2.0.conv3,layer2.0.conv3,"(512, 128, 1, 1)",19.909505385065835,aggregate,3,0.5097602030349198
resnet50_no_weights,CIFAR10,fp32_fused_qat,42,layer2.0.downsample.0,layer2.0.downsample.0,"(512, 256, 1, 1)",40.83650993578362,42,3,
resnet50_no_weights,CIFAR10,fp32_fused_qat,43,layer2.0.downsample.0,layer2.0.downsample.0,"(512, 256, 1, 1)",37.37343767711094,43,3,
resnet50_no_weights,CIFAR10,fp32_fused_qat,44,layer2.0.downsample.0,layer2.0.downsample.0,"(512, 256, 1, 1)",33.99447022313657,44,3,
resnet50_no_weights,CIFAR10,fp32_fused_qat,"42,43,44",layer2.0.downsample.0,layer2.0.downsample.0,"(512, 256, 1, 1)",37.40147261201037,aggregate,3,3.4211060091059653
resnet50_no_weights,CIFAR10,fp32_fused_qat,42,layer2.1.conv1,layer2.1.conv1,"(128, 512, 1, 1)",4.092039084434509,42,3,
resnet50_no_weights,CIFAR10,fp32_fused_qat,43,layer2.1.conv1,layer2.1.conv1,"(128, 512, 1, 1)",7.219326189586094,43,3,
resnet50_no_weights,CIFAR10,fp32_fused_qat,44,layer2.1.conv1,layer2.1.conv1,"(128, 512, 1, 1)",5.742540648643007,44,3,
resnet50_no_weights,CIFAR10,fp32_fused_qat,"42,43,44",layer2.1.conv1,layer2.1.conv1,"(128, 512, 1, 1)",5.684635307554537,aggregate,3,1.5644474842278262
resnet50_no_weights,CIFAR10,fp32_fused_qat,42,layer2.1.conv2,layer2.1.conv2,"(128, 128, 3, 3)",6.428083150475113,42,3,
resnet50_no_weights,CIFAR10,fp32_fused_qat,43,layer2.1.conv2,layer2.1.conv2,"(128, 128, 3, 3)",5.723240950833196,43,3,
resnet50_no_weights,CIFAR10,fp32_fused_qat,44,layer2.1.conv2,layer2.1.conv2,"(128, 128, 3, 3)",5.284554408656226,44,3,
resnet50_no_weights,CIFAR10,fp32_fused_qat,"42,43,44",layer2.1.conv2,layer2.1.conv2,"(128, 128, 3, 3)",5.8119595033215115,aggregate,3,0.5769035725389368
resnet50_no_weights,CIFAR10,fp32_fused_qat,42,layer2.1.conv3,layer2.1.conv3,"(512, 128, 1, 1)",6.514997381634182,42,3,
resnet50_no_weights,CIFAR10,fp32_fused_qat,43,layer2.1.conv3,layer2.1.conv3,"(512, 128, 1, 1)",6.239064538478852,43,3,
resnet50_no_weights,CIFAR10,fp32_fused_qat,44,layer2.1.conv3,layer2.1.conv3,"(512, 128, 1, 1)",4.946799693284212,44,3,
resnet50_no_weights,CIFAR10,fp32_fused_qat,"42,43,44",layer2.1.conv3,layer2.1.conv3,"(512, 128, 1, 1)",5.900287204465749,aggregate,3,0.8371908736765571
resnet50_no_weights,CIFAR10,fp32_fused_qat,42,layer2.2.conv1,layer2.2.conv1,"(128, 512, 1, 1)",6.356795822249518,42,3,
resnet50_no_weights,CIFAR10,fp32_fused_qat,43,layer2.2.conv1,layer2.2.conv1,"(128, 512, 1, 1)",6.465423142910003,43,3,
resnet50_no_weights,CIFAR10,fp32_fused_qat,44,layer2.2.conv1,layer2.2.conv1,"(128, 512, 1, 1)",8.252108755111694,44,3,
resnet50_no_weights,CIFAR10,fp32_fused_qat,"42,43,44",layer2.2.conv1,layer2.2.conv1,"(128, 512, 1, 1)",7.024775906757072,aggregate,3,1.064288219509251
resnet50_no_weights,CIFAR10,fp32_fused_qat,42,layer2.2.conv2,layer2.2.conv2,"(128, 128, 3, 3)",5.305412667138236,42,3,
resnet50_no_weights,CIFAR10,fp32_fused_qat,43,layer2.2.conv2,layer2.2.conv2,"(128, 128, 3, 3)",5.3257647832234705,43,3,
resnet50_no_weights,CIFAR10,fp32_fused_qat,44,layer2.2.conv2,layer2.2.conv2,"(128, 128, 3, 3)",6.015515777197751,44,3,
resnet50_no_weights,CIFAR10,fp32_fused_qat,"42,43,44",layer2.2.conv2,layer2.2.conv2,"(128, 128, 3, 3)",5.548897742519819,aggregate,3,0.40423117751146875
resnet50_no_weights,CIFAR10,fp32_fused_qat,42,layer2.2.conv3,layer2.2.conv3,"(512, 128, 1, 1)",4.7584418773651125,42,3,
resnet50_no_weights,CIFAR10,fp32_fused_qat,43,layer2.2.conv3,layer2.2.conv3,"(512, 128, 1, 1)",6.167290049929951,43,3,
resnet50_no_weights,CIFAR10,fp32_fused_qat,44,layer2.2.conv3,layer2.2.conv3,"(512, 128, 1, 1)",5.538631983101368,44,3,
resnet50_no_weights,CIFAR10,fp32_fused_qat,"42,43,44",layer2.2.conv3,layer2.2.conv3,"(512, 128, 1, 1)",5.488121303465477,aggregate,3,0.7057809787057038
resnet50_no_weights,CIFAR10,fp32_fused_qat,42,layer2.3.conv1,layer2.3.conv1,"(128, 512, 1, 1)",10.035865873903841,42,3,
resnet50_no_weights,CIFAR10,fp32_fused_qat,43,layer2.3.conv1,layer2.3.conv1,"(128, 512, 1, 1)",10.218057378133137,43,3,
resnet50_no_weights,CIFAR10,fp32_fused_qat,44,layer2.3.conv1,layer2.3.conv1,"(128, 512, 1, 1)",9.522502645850182,44,3,
resnet50_no_weights,CIFAR10,fp32_fused_qat,"42,43,44",layer2.3.conv1,layer2.3.conv1,"(128, 512, 1, 1)",9.92547529929572,aggregate,3,0.3606780498201088
resnet50_no_weights,CIFAR10,fp32_fused_qat,42,layer2.3.conv2,layer2.3.conv2,"(128, 128, 3, 3)",12.12061054642136,42,3,
resnet50_no_weights,CIFAR10,fp32_fused_qat,43,layer2.3.conv2,layer2.3.conv2,"(128, 128, 3, 3)",12.493811798095702,43,3,
resnet50_no_weights,CIFAR10,fp32_fused_qat,44,layer2.3.conv2,layer2.3.conv2,"(128, 128, 3, 3)",12.477381490891979,44,3,
resnet50_no_weights,CIFAR10,fp32_fused_qat,"42,43,44",layer2.3.conv2,layer2.3.conv2,"(128, 128, 3, 3)",12.363934611803014,aggregate,3,0.21088489596007937
resnet50_no_weights,CIFAR10,fp32_fused_qat,42,layer2.3.conv3,layer2.3.conv3,"(512, 128, 1, 1)",7.228177077061421,42,3,
resnet50_no_weights,CIFAR10,fp32_fused_qat,43,layer2.3.conv3,layer2.3.conv3,"(512, 128, 1, 1)",6.962409330874073,43,3,
resnet50_no_weights,CIFAR10,fp32_fused_qat,44,layer2.3.conv3,layer2.3.conv3,"(512, 128, 1, 1)",5.945903231700261,44,3,
resnet50_no_weights,CIFAR10,fp32_fused_qat,"42,43,44",layer2.3.conv3,layer2.3.conv3,"(512, 128, 1, 1)",6.712163213211919,aggregate,3,0.6767746250991238
resnet50_no_weights,CIFAR10,fp32_fused_qat,42,layer3.0.conv1,layer3.0.conv1,"(256, 512, 1, 1)",62.12360177216706,42,3,
resnet50_no_weights,CIFAR10,fp32_fused_qat,43,layer3.0.conv1,layer3.0.conv1,"(256, 512, 1, 1)",65.11379215635102,43,3,
resnet50_no_weights,CIFAR10,fp32_fused_qat,44,layer3.0.conv1,layer3.0.conv1,"(256, 512, 1, 1)",70.73628774182549,44,3,
resnet50_no_weights,CIFAR10,fp32_fused_qat,"42,43,44",layer3.0.conv1,layer3.0.conv1,"(256, 512, 1, 1)",65.99122722344786,aggregate,3,4.3728719539584295
resnet50_no_weights,CIFAR10,fp32_fused_qat,42,layer3.0.conv2,layer3.0.conv2,"(256, 256, 3, 3)",56.8466137972745,42,3,
resnet50_no_weights,CIFAR10,fp32_fused_qat,43,layer3.0.conv2,layer3.0.conv2,"(256, 256, 3, 3)",57.04429372151693,43,3,
resnet50_no_weights,CIFAR10,fp32_fused_qat,44,layer3.0.conv2,layer3.0.conv2,"(256, 256, 3, 3)",59.779868976489915,44,3,
resnet50_no_weights,CIFAR10,fp32_fused_qat,"42,43,44",layer3.0.conv2,layer3.0.conv2,"(256, 256, 3, 3)",57.89025883176045,aggregate,3,1.6394325885532808
resnet50_no_weights,CIFAR10,fp32_fused_qat,42,layer3.0.conv3,layer3.0.conv3,"(1024, 256, 1, 1)",28.436859473204002,42,3,
resnet50_no_weights,CIFAR10,fp32_fused_qat,43,layer3.0.conv3,layer3.0.conv3,"(1024, 256, 1, 1)",26.785202298845565,43,3,
resnet50_no_weights,CIFAR10,fp32_fused_qat,44,layer3.0.conv3,layer3.0.conv3,"(1024, 256, 1, 1)",27.97093653678894,44,3,
resnet50_no_weights,CIFAR10,fp32_fused_qat,"42,43,44",layer3.0.conv3,layer3.0.conv3,"(1024, 256, 1, 1)",27.730999436279504,aggregate,3,0.8515692658574998
resnet50_no_weights,CIFAR10,fp32_fused_qat,42,layer3.0.downsample.0,layer3.0.downsample.0,"(1024, 512, 1, 1)",39.55655002593994,42,3,
resnet50_no_weights,CIFAR10,fp32_fused_qat,43,layer3.0.downsample.0,layer3.0.downsample.0,"(1024, 512, 1, 1)",32.91523667971293,43,3,
resnet50_no_weights,CIFAR10,fp32_fused_qat,44,layer3.0.downsample.0,layer3.0.downsample.0,"(1024, 512, 1, 1)",28.38695560802113,44,3,
resnet50_no_weights,CIFAR10,fp32_fused_qat,"42,43,44",layer3.0.downsample.0,layer3.0.downsample.0,"(1024, 512, 1, 1)",33.61958077122467,aggregate,3,5.618009906954276
resnet50_no_weights,CIFAR10,fp32_fused_qat,42,layer3.1.conv1,layer3.1.conv1,"(256, 1024, 1, 1)",13.218674341837565,42,3,
resnet50_no_weights,CIFAR10,fp32_fused_qat,43,layer3.1.conv1,layer3.1.conv1,"(256, 1024, 1, 1)",12.988794077997623,43,3,
resnet50_no_weights,CIFAR10,fp32_fused_qat,44,layer3.1.conv1,layer3.1.conv1,"(256, 1024, 1, 1)",11.9936576684316,44,3,
resnet50_no_weights,CIFAR10,fp32_fused_qat,"42,43,44",layer3.1.conv1,layer3.1.conv1,"(256, 1024, 1, 1)",12.733708696088929,aggregate,3,0.6511281568003964
resnet50_no_weights,CIFAR10,fp32_fused_qat,42,layer3.1.conv2,layer3.1.conv2,"(256, 256, 3, 3)",16.05077222188314,42,3,
resnet50_no_weights,CIFAR10,fp32_fused_qat,43,layer3.1.conv2,layer3.1.conv2,"(256, 256, 3, 3)",15.268269703306,43,3,
resnet50_no_weights,CIFAR10,fp32_fused_qat,44,layer3.1.conv2,layer3.1.conv2,"(256, 256, 3, 3)",15.3167294722337,44,3,
resnet50_no_weights,CIFAR10,fp32_fused_qat,"42,43,44",layer3.1.conv2,layer3.1.conv2,"(256, 256, 3, 3)",15.54525713247428,aggregate,3,0.4384589108641392
resnet50_no_weights,CIFAR10,fp32_fused_qat,42,layer3.1.conv3,layer3.1.conv3,"(1024, 256, 1, 1)",11.505428277529203,42,3,
resnet50_no_weights,CIFAR10,fp32_fused_qat,43,layer3.1.conv3,layer3.1.conv3,"(1024, 256, 1, 1)",10.603785478151762,43,3,
resnet50_no_weights,CIFAR10,fp32_fused_qat,44,layer3.1.conv3,layer3.1.conv3,"(1024, 256, 1, 1)",10.815608143806458,44,3,
resnet50_no_weights,CIFAR10,fp32_fused_qat,"42,43,44",layer3.1.conv3,layer3.1.conv3,"(1024, 256, 1, 1)",10.974940633162474,aggregate,3,0.471465869433394
resnet50_no_weights,CIFAR10,fp32_fused_qat,42,layer3.2.conv1,layer3.2.conv1,"(256, 1024, 1, 1)",19.317389159367004,42,3,
resnet50_no_weights,CIFAR10,fp32_fused_qat,43,layer3.2.conv1,layer3.2.conv1,"(256, 1024, 1, 1)",18.803934415181477,43,3,
resnet50_no_weights,CIFAR10,fp32_fused_qat,44,layer3.2.conv1,layer3.2.conv1,"(256, 1024, 1, 1)",19.73852076249964,44,3,
resnet50_no_weights,CIFAR10,fp32_fused_qat,"42,43,44",layer3.2.conv1,layer3.2.conv1,"(256, 1024, 1, 1)",19.28661477901604,aggregate,3,0.4680525686425253
resnet50_no_weights,CIFAR10,fp32_fused_qat,42,layer3.2.conv2,layer3.2.conv2,"(256, 256, 3, 3)",16.962635721479142,42,3,
resnet50_no_weights,CIFAR10,fp32_fused_qat,43,layer3.2.conv2,layer3.2.conv2,"(256, 256, 3, 3)",18.086887538433075,43,3,
resnet50_no_weights,CIFAR10,fp32_fused_qat,44,layer3.2.conv2,layer3.2.conv2,"(256, 256, 3, 3)",15.232959683736166,44,3,
resnet50_no_weights,CIFAR10,fp32_fused_qat,"42,43,44",layer3.2.conv2,layer3.2.conv2,"(256, 256, 3, 3)",16.760827647882795,aggregate,3,1.4376268374930359
resnet50_no_weights,CIFAR10,fp32_fused_qat,42,layer3.2.conv3,layer3.2.conv3,"(1024, 256, 1, 1)",9.947809666395187,42,3,
resnet50_no_weights,CIFAR10,fp32_fused_qat,43,layer3.2.conv3,layer3.2.conv3,"(1024, 256, 1, 1)",11.05630141810367,43,3,
resnet50_no_weights,CIFAR10,fp32_fused_qat,44,layer3.2.conv3,layer3.2.conv3,"(1024, 256, 1, 1)",9.944864639869103,44,3,
resnet50_no_weights,CIFAR10,fp32_fused_qat,"42,43,44",layer3.2.conv3,layer3.2.conv3,"(1024, 256, 1, 1)",10.316325241455987,aggregate,3,0.6408398589350561
resnet50_no_weights,CIFAR10,fp32_fused_qat,42,layer3.3.conv1,layer3.3.conv1,"(256, 1024, 1, 1)",40.19171085357666,42,3,
resnet50_no_weights,CIFAR10,fp32_fused_qat,43,layer3.3.conv1,layer3.3.conv1,"(256, 1024, 1, 1)",39.54462256254973,43,3,
resnet50_no_weights,CIFAR10,fp32_fused_qat,44,layer3.3.conv1,layer3.3.conv1,"(256, 1024, 1, 1)",38.62904144287109,44,3,
resnet50_no_weights,CIFAR10,fp32_fused_qat,"42,43,44",layer3.3.conv1,layer3.3.conv1,"(256, 1024, 1, 1)",39.455124952999164,aggregate,3,0.7851695921106286
resnet50_no_weights,CIFAR10,fp32_fused_qat,42,layer3.3.conv2,layer3.3.conv2,"(256, 256, 3, 3)",27.473314371975984,42,3,
resnet50_no_weights,CIFAR10,fp32_fused_qat,43,layer3.3.conv2,layer3.3.conv2,"(256, 256, 3, 3)",31.484907994504834,43,3,
resnet50_no_weights,CIFAR10,fp32_fused_qat,44,layer3.3.conv2,layer3.3.conv2,"(256, 256, 3, 3)",28.503687540690105,44,3,
resnet50_no_weights,CIFAR10,fp32_fused_qat,"42,43,44",layer3.3.conv2,layer3.3.conv2,"(256, 256, 3, 3)",29.153969969056973,aggregate,3,2.083355772680357
resnet50_no_weights,CIFAR10,fp32_fused_qat,42,layer3.3.conv3,layer3.3.conv3,"(1024, 256, 1, 1)",13.943163755463392,42,3,
resnet50_no_weights,CIFAR10,fp32_fused_qat,43,layer3.3.conv3,layer3.3.conv3,"(1024, 256, 1, 1)",13.544135729471842,43,3,
resnet50_no_weights,CIFAR10,fp32_fused_qat,44,layer3.3.conv3,layer3.3.conv3,"(1024, 256, 1, 1)",14.043108601040311,44,3,
resnet50_no_weights,CIFAR10,fp32_fused_qat,"42,43,44",layer3.3.conv3,layer3.3.conv3,"(1024, 256, 1, 1)",13.843469361991849,aggregate,3,0.26400323995656794
resnet50_no_weights,CIFAR10,fp32_fused_qat,42,layer3.4.conv1,layer3.4.conv1,"(256, 1024, 1, 1)",46.921114008477396,42,3,
resnet50_no_weights,CIFAR10,fp32_fused_qat,43,layer3.4.conv1,layer3.4.conv1,"(256, 1024, 1, 1)",48.439487321036204,43,3,
resnet50_no_weights,CIFAR10,fp32_fused_qat,44,layer3.4.conv1,layer3.4.conv1,"(256, 1024, 1, 1)",47.19616289138794,44,3,
resnet50_no_weights,CIFAR10,fp32_fused_qat,"42,43,44",layer3.4.conv1,layer3.4.conv1,"(256, 1024, 1, 1)",47.51892140696718,aggregate,3,0.8090081418668706
resnet50_no_weights,CIFAR10,fp32_fused_qat,42,layer3.4.conv2,layer3.4.conv2,"(256, 256, 3, 3)",18.009496450424194,42,3,
resnet50_no_weights,CIFAR10,fp32_fused_qat,43,layer3.4.conv2,layer3.4.conv2,"(256, 256, 3, 3)",18.94419845234264,43,3,
resnet50_no_weights,CIFAR10,fp32_fused_qat,44,layer3.4.conv2,layer3.4.conv2,"(256, 256, 3, 3)",16.44144058227539,44,3,
resnet50_no_weights,CIFAR10,fp32_fused_qat,"42,43,44",layer3.4.conv2,layer3.4.conv2,"(256, 256, 3, 3)",17.798378495014074,aggregate,3,1.2646649091234803
resnet50_no_weights,CIFAR10,fp32_fused_qat,42,layer3.4.conv3,layer3.4.conv3,"(1024, 256, 1, 1)",12.794552522547106,42,3,
resnet50_no_weights,CIFAR10,fp32_fused_qat,43,layer3.4.conv3,layer3.4.conv3,"(1024, 256, 1, 1)",13.532723542415734,43,3,
resnet50_no_weights,CIFAR10,fp32_fused_qat,44,layer3.4.conv3,layer3.4.conv3,"(1024, 256, 1, 1)",13.892776902516683,44,3,
resnet50_no_weights,CIFAR10,fp32_fused_qat,"42,43,44",layer3.4.conv3,layer3.4.conv3,"(1024, 256, 1, 1)",13.406684322493174,aggregate,3,0.5598558840531253
resnet50_no_weights,CIFAR10,fp32_fused_qat,42,layer3.5.conv1,layer3.5.conv1,"(256, 1024, 1, 1)",45.13580006819505,42,3,
resnet50_no_weights,CIFAR10,fp32_fused_qat,43,layer3.5.conv1,layer3.5.conv1,"(256, 1024, 1, 1)",40.79981988271077,43,3,
resnet50_no_weights,CIFAR10,fp32_fused_qat,44,layer3.5.conv1,layer3.5.conv1,"(256, 1024, 1, 1)",45.617945132048234,44,3,
resnet50_no_weights,CIFAR10,fp32_fused_qat,"42,43,44",layer3.5.conv1,layer3.5.conv1,"(256, 1024, 1, 1)",43.851188360984686,aggregate,3,2.653535972679143
resnet50_no_weights,CIFAR10,fp32_fused_qat,42,layer3.5.conv2,layer3.5.conv2,"(256, 256, 3, 3)",7.173303943691832,42,3,
resnet50_no_weights,CIFAR10,fp32_fused_qat,43,layer3.5.conv2,layer3.5.conv2,"(256, 256, 3, 3)",7.009980505910413,43,3,
resnet50_no_weights,CIFAR10,fp32_fused_qat,44,layer3.5.conv2,layer3.5.conv2,"(256, 256, 3, 3)",6.971702421412749,44,3,
resnet50_no_weights,CIFAR10,fp32_fused_qat,"42,43,44",layer3.5.conv2,layer3.5.conv2,"(256, 256, 3, 3)",7.0516622903383315,aggregate,3,0.10706923839802224
resnet50_no_weights,CIFAR10,fp32_fused_qat,42,layer3.5.conv3,layer3.5.conv3,"(1024, 256, 1, 1)",6.237834435242873,42,3,
resnet50_no_weights,CIFAR10,fp32_fused_qat,43,layer3.5.conv3,layer3.5.conv3,"(1024, 256, 1, 1)",7.151170220868341,43,3,
resnet50_no_weights,CIFAR10,fp32_fused_qat,44,layer3.5.conv3,layer3.5.conv3,"(1024, 256, 1, 1)",6.640147532186201,44,3,
resnet50_no_weights,CIFAR10,fp32_fused_qat,"42,43,44",layer3.5.conv3,layer3.5.conv3,"(1024, 256, 1, 1)",6.676384062765805,aggregate,3,0.45774488411926306
resnet50_no_weights,CIFAR10,fp32_fused_qat,42,layer4.0.conv1,layer4.0.conv1,"(512, 1024, 1, 1)",45.402498538677506,42,3,
resnet50_no_weights,CIFAR10,fp32_fused_qat,43,layer4.0.conv1,layer4.0.conv1,"(512, 1024, 1, 1)",49.65388359894624,43,3,
resnet50_no_weights,CIFAR10,fp32_fused_qat,44,layer4.0.conv1,layer4.0.conv1,"(512, 1024, 1, 1)",41.38808397813277,44,3,
resnet50_no_weights,CIFAR10,fp32_fused_qat,"42,43,44",layer4.0.conv1,layer4.0.conv1,"(512, 1024, 1, 1)",45.48148870525217,aggregate,3,4.133465909823333
resnet50_no_weights,CIFAR10,fp32_fused_qat,42,layer4.0.conv2,layer4.0.conv2,"(512, 512, 3, 3)",12.36127807543828,42,3,
resnet50_no_weights,CIFAR10,fp32_fused_qat,43,layer4.0.conv2,layer4.0.conv2,"(512, 512, 3, 3)",12.237455739974976,43,3,
resnet50_no_weights,CIFAR10,fp32_fused_qat,44,layer4.0.conv2,layer4.0.conv2,"(512, 512, 3, 3)",12.506237586339315,44,3,
resnet50_no_weights,CIFAR10,fp32_fused_qat,"42,43,44",layer4.0.conv2,layer4.0.conv2,"(512, 512, 3, 3)",12.368323800584191,aggregate,3,0.13452937194486414
resnet50_no_weights,CIFAR10,fp32_fused_qat,42,layer4.0.conv3,layer4.0.conv3,"(2048, 512, 1, 1)",10.040362625587278,42,3,
resnet50_no_weights,CIFAR10,fp32_fused_qat,43,layer4.0.conv3,layer4.0.conv3,"(2048, 512, 1, 1)",10.093068318489271,43,3,
resnet50_no_weights,CIFAR10,fp32_fused_qat,44,layer4.0.conv3,layer4.0.conv3,"(2048, 512, 1, 1)",9.033682982126871,44,3,
resnet50_no_weights,CIFAR10,fp32_fused_qat,"42,43,44",layer4.0.conv3,layer4.0.conv3,"(2048, 512, 1, 1)",9.722371308734473,aggregate,3,0.5970035015979842
resnet50_no_weights,CIFAR10,fp32_fused_qat,42,layer4.0.downsample.0,layer4.0.downsample.0,"(2048, 1024, 1, 1)",82.3492057800293,42,3,
resnet50_no_weights,CIFAR10,fp32_fused_qat,43,layer4.0.downsample.0,layer4.0.downsample.0,"(2048, 1024, 1, 1)",87.28639914772727,43,3,
resnet50_no_weights,CIFAR10,fp32_fused_qat,44,layer4.0.downsample.0,layer4.0.downsample.0,"(2048, 1024, 1, 1)",79.23294489007247,44,3,
resnet50_no_weights,CIFAR10,fp32_fused_qat,"42,43,44",layer4.0.downsample.0,layer4.0.downsample.0,"(2048, 1024, 1, 1)",82.95618327260968,aggregate,3,4.06089246686106
resnet50_no_weights,CIFAR10,fp32_fused_qat,42,layer4.1.conv1,layer4.1.conv1,"(512, 2048, 1, 1)",30.18733584880829,42,3,
resnet50_no_weights,CIFAR10,fp32_fused_qat,43,layer4.1.conv1,layer4.1.conv1,"(512, 2048, 1, 1)",35.67390823364258,43,3,
resnet50_no_weights,CIFAR10,fp32_fused_qat,44,layer4.1.conv1,layer4.1.conv1,"(512, 2048, 1, 1)",38.80381789574256,44,3,
resnet50_no_weights,CIFAR10,fp32_fused_qat,"42,43,44",layer4.1.conv1,layer4.1.conv1,"(512, 2048, 1, 1)",34.88835399273114,aggregate,3,4.361623816349321
resnet50_no_weights,CIFAR10,fp32_fused_qat,42,layer4.1.conv2,layer4.1.conv2,"(512, 512, 3, 3)",104.50947782728407,42,3,
resnet50_no_weights,CIFAR10,fp32_fused_qat,43,layer4.1.conv2,layer4.1.conv2,"(512, 512, 3, 3)",99.38557891845703,43,3,
resnet50_no_weights,CIFAR10,fp32_fused_qat,44,layer4.1.conv2,layer4.1.conv2,"(512, 512, 3, 3)",99.28106435139973,44,3,
resnet50_no_weights,CIFAR10,fp32_fused_qat,"42,43,44",layer4.1.conv2,layer4.1.conv2,"(512, 512, 3, 3)",101.05870703238028,aggregate,3,2.988912031643373
resnet50_no_weights,CIFAR10,fp32_fused_qat,42,layer4.1.conv3,layer4.1.conv3,"(2048, 512, 1, 1)",20.492787965138753,42,3,
resnet50_no_weights,CIFAR10,fp32_fused_qat,43,layer4.1.conv3,layer4.1.conv3,"(2048, 512, 1, 1)",20.757237328423393,43,3,
resnet50_no_weights,CIFAR10,fp32_fused_qat,44,layer4.1.conv3,layer4.1.conv3,"(2048, 512, 1, 1)",20.24634826183319,44,3,
resnet50_no_weights,CIFAR10,fp32_fused_qat,"42,43,44",layer4.1.conv3,layer4.1.conv3,"(2048, 512, 1, 1)",20.49879118513178,aggregate,3,0.25549743360367744
resnet50_no_weights,CIFAR10,fp32_fused_qat,42,layer4.2.conv1,layer4.2.conv1,"(512, 2048, 1, 1)",39.02298213817455,42,3,
resnet50_no_weights,CIFAR10,fp32_fused_qat,43,layer4.2.conv1,layer4.2.conv1,"(512, 2048, 1, 1)",37.81167291913714,43,3,
resnet50_no_weights,CIFAR10,fp32_fused_qat,44,layer4.2.conv1,layer4.2.conv1,"(512, 2048, 1, 1)",35.58764138513682,44,3,
resnet50_no_weights,CIFAR10,fp32_fused_qat,"42,43,44",layer4.2.conv1,layer4.2.conv1,"(512, 2048, 1, 1)",37.4740988141495,aggregate,3,1.742371581964969
resnet50_no_weights,CIFAR10,fp32_fused_qat,42,layer4.2.conv2,layer4.2.conv2,"(512, 512, 3, 3)",12.23629165649414,42,3,
resnet50_no_weights,CIFAR10,fp32_fused_qat,43,layer4.2.conv2,layer4.2.conv2,"(512, 512, 3, 3)",10.564471334218979,43,3,
resnet50_no_weights,CIFAR10,fp32_fused_qat,44,layer4.2.conv2,layer4.2.conv2,"(512, 512, 3, 3)",13.010580062866211,44,3,
resnet50_no_weights,CIFAR10,fp32_fused_qat,"42,43,44",layer4.2.conv2,layer4.2.conv2,"(512, 512, 3, 3)",11.93711435119311,aggregate,3,1.250196893731717
resnet50_no_weights,CIFAR10,fp32_fused_qat,42,layer4.2.conv3,layer4.2.conv3,"(2048, 512, 1, 1)",6.836959886550903,42,3,
resnet50_no_weights,CIFAR10,fp32_fused_qat,43,layer4.2.conv3,layer4.2.conv3,"(2048, 512, 1, 1)",6.5820293294058905,43,3,
resnet50_no_weights,CIFAR10,fp32_fused_qat,44,layer4.2.conv3,layer4.2.conv3,"(2048, 512, 1, 1)",5.762408747392542,44,3,
resnet50_no_weights,CIFAR10,fp32_fused_qat,"42,43,44",layer4.2.conv3,layer4.2.conv3,"(2048, 512, 1, 1)",6.393799321116445,aggregate,3,0.5614605415183833
resnet50_no_weights,CIFAR10,fp32_fused_qat,42,fc,fc,"(10, 2048)",5.442707356284647,42,3,
resnet50_no_weights,CIFAR10,fp32_fused_qat,43,fc,fc,"(10, 2048)",6.095548778772354,43,3,
resnet50_no_weights,CIFAR10,fp32_fused_qat,44,fc,fc,"(10, 2048)",5.746619948801005,44,3,
resnet50_no_weights,CIFAR10,fp32_fused_qat,"42,43,44",fc,fc,"(10, 2048)",5.761625361286002,aggregate,3,0.3266792808425827
resnet18_no_weights,CIFAR10,fp32_unfused,42,conv1,conv1,"(64, 3, 3, 3)",26.205810070037842,42,3,
resnet18_no_weights,CIFAR10,fp32_unfused,43,conv1,conv1,"(64, 3, 3, 3)",24.51463395357132,43,3,
resnet18_no_weights,CIFAR10,fp32_unfused,44,conv1,conv1,"(64, 3, 3, 3)",24.024232421602523,44,3,
resnet18_no_weights,CIFAR10,fp32_unfused,"42,43,44",conv1,conv1,"(64, 3, 3, 3)",24.914892148403894,aggregate,3,1.1445414915747343
resnet18_no_weights,CIFAR10,fp32_unfused,42,layer1.0.conv1,layer1.0.conv1,"(64, 64, 3, 3)",42.916442724374626,42,3,
resnet18_no_weights,CIFAR10,fp32_unfused,43,layer1.0.conv1,layer1.0.conv1,"(64, 64, 3, 3)",43.26458605404558,43,3,
resnet18_no_weights,CIFAR10,fp32_unfused,44,layer1.0.conv1,layer1.0.conv1,"(64, 64, 3, 3)",51.26112715403239,44,3,
resnet18_no_weights,CIFAR10,fp32_unfused,"42,43,44",layer1.0.conv1,layer1.0.conv1,"(64, 64, 3, 3)",45.8140519774842,aggregate,3,4.7205160659322205
resnet18_no_weights,CIFAR10,fp32_unfused,42,layer1.0.conv2,layer1.0.conv2,"(64, 64, 3, 3)",57.104896545410156,42,3,
resnet18_no_weights,CIFAR10,fp32_unfused,43,layer1.0.conv2,layer1.0.conv2,"(64, 64, 3, 3)",62.65622202555338,43,3,
resnet18_no_weights,CIFAR10,fp32_unfused,44,layer1.0.conv2,layer1.0.conv2,"(64, 64, 3, 3)",62.27370230356852,44,3,
resnet18_no_weights,CIFAR10,fp32_unfused,"42,43,44",layer1.0.conv2,layer1.0.conv2,"(64, 64, 3, 3)",60.67827362484402,aggregate,3,3.1005399768902047
resnet18_no_weights,CIFAR10,fp32_unfused,42,layer1.1.conv1,layer1.1.conv1,"(64, 64, 3, 3)",60.1580322265625,42,3,
resnet18_no_weights,CIFAR10,fp32_unfused,43,layer1.1.conv1,layer1.1.conv1,"(64, 64, 3, 3)",83.24483626229423,43,3,
resnet18_no_weights,CIFAR10,fp32_unfused,44,layer1.1.conv1,layer1.1.conv1,"(64, 64, 3, 3)",84.08964611235119,44,3,
resnet18_no_weights,CIFAR10,fp32_unfused,"42,43,44",layer1.1.conv1,layer1.1.conv1,"(64, 64, 3, 3)",75.83083820040264,aggregate,3,13.57961933343191
resnet18_no_weights,CIFAR10,fp32_unfused,42,layer1.1.conv2,layer1.1.conv2,"(64, 64, 3, 3)",39.92287775874138,42,3,
resnet18_no_weights,CIFAR10,fp32_unfused,43,layer1.1.conv2,layer1.1.conv2,"(64, 64, 3, 3)",36.037578080829825,43,3,
resnet18_no_weights,CIFAR10,fp32_unfused,44,layer1.1.conv2,layer1.1.conv2,"(64, 64, 3, 3)",38.84731560283237,44,3,
resnet18_no_weights,CIFAR10,fp32_unfused,"42,43,44",layer1.1.conv2,layer1.1.conv2,"(64, 64, 3, 3)",38.269257147467854,aggregate,3,2.006116168161433
resnet18_no_weights,CIFAR10,fp32_unfused,42,layer2.0.conv1,layer2.0.conv1,"(128, 64, 3, 3)",54.50967985391617,42,3,
resnet18_no_weights,CIFAR10,fp32_unfused,43,layer2.0.conv1,layer2.0.conv1,"(128, 64, 3, 3)",52.49354434013367,43,3,
resnet18_no_weights,CIFAR10,fp32_unfused,44,layer2.0.conv1,layer2.0.conv1,"(128, 64, 3, 3)",55.57619018554688,44,3,
resnet18_no_weights,CIFAR10,fp32_unfused,"42,43,44",layer2.0.conv1,layer2.0.conv1,"(128, 64, 3, 3)",54.19313812653224,aggregate,3,1.5655112107366826
resnet18_no_weights,CIFAR10,fp32_unfused,42,layer2.0.conv2,layer2.0.conv2,"(128, 128, 3, 3)",87.03750610351562,42,3,
resnet18_no_weights,CIFAR10,fp32_unfused,43,layer2.0.conv2,layer2.0.conv2,"(128, 128, 3, 3)",70.71035582930953,43,3,
resnet18_no_weights,CIFAR10,fp32_unfused,44,layer2.0.conv2,layer2.0.conv2,"(128, 128, 3, 3)",67.39060153131899,44,3,
resnet18_no_weights,CIFAR10,fp32_unfused,"42,43,44",layer2.0.conv2,layer2.0.conv2,"(128, 128, 3, 3)",75.04615448804805,aggregate,3,10.516633364536832
resnet18_no_weights,CIFAR10,fp32_unfused,42,layer2.0.downsample.0,layer2.0.downsample.0,"(128, 64, 1, 1)",39.485259684120734,42,3,
resnet18_no_weights,CIFAR10,fp32_unfused,43,layer2.0.downsample.0,layer2.0.downsample.0,"(128, 64, 1, 1)",44.38915874339916,43,3,
resnet18_no_weights,CIFAR10,fp32_unfused,44,layer2.0.downsample.0,layer2.0.downsample.0,"(128, 64, 1, 1)",47.34650585868142,44,3,
resnet18_no_weights,CIFAR10,fp32_unfused,"42,43,44",layer2.0.downsample.0,layer2.0.downsample.0,"(128, 64, 1, 1)",43.74030809540044,aggregate,3,3.9705860054678976
resnet18_no_weights,CIFAR10,fp32_unfused,42,layer2.1.conv1,layer2.1.conv1,"(128, 128, 3, 3)",55.3968430896138,42,3,
resnet18_no_weights,CIFAR10,fp32_unfused,43,layer2.1.conv1,layer2.1.conv1,"(128, 128, 3, 3)",53.24615478515625,43,3,
resnet18_no_weights,CIFAR10,fp32_unfused,44,layer2.1.conv1,layer2.1.conv1,"(128, 128, 3, 3)",66.3614616394043,44,3,
resnet18_no_weights,CIFAR10,fp32_unfused,"42,43,44",layer2.1.conv1,layer2.1.conv1,"(128, 128, 3, 3)",58.33481983805812,aggregate,3,7.03396040656123
resnet18_no_weights,CIFAR10,fp32_unfused,42,layer2.1.conv2,layer2.1.conv2,"(128, 128, 3, 3)",38.85304562638446,42,3,
resnet18_no_weights,CIFAR10,fp32_unfused,43,layer2.1.conv2,layer2.1.conv2,"(128, 128, 3, 3)",44.70731604726691,43,3,
resnet18_no_weights,CIFAR10,fp32_unfused,44,layer2.1.conv2,layer2.1.conv2,"(128, 128, 3, 3)",44.43332749605179,44,3,
resnet18_no_weights,CIFAR10,fp32_unfused,"42,43,44",layer2.1.conv2,layer2.1.conv2,"(128, 128, 3, 3)",42.664563056567715,aggregate,3,3.3037124983860724
resnet18_no_weights,CIFAR10,fp32_unfused,42,layer3.0.conv1,layer3.0.conv1,"(256, 128, 3, 3)",73.42690467834473,42,3,
resnet18_no_weights,CIFAR10,fp32_unfused,43,layer3.0.conv1,layer3.0.conv1,"(256, 128, 3, 3)",82.69627838134765,43,3,
resnet18_no_weights,CIFAR10,fp32_unfused,44,layer3.0.conv1,layer3.0.conv1,"(256, 128, 3, 3)",79.71474020821708,44,3,
resnet18_no_weights,CIFAR10,fp32_unfused,"42,43,44",layer3.0.conv1,layer3.0.conv1,"(256, 128, 3, 3)",78.61264108930315,aggregate,3,4.731943476248811
resnet18_no_weights,CIFAR10,fp32_unfused,42,layer3.0.conv2,layer3.0.conv2,"(256, 256, 3, 3)",105.28245855260778,42,3,
resnet18_no_weights,CIFAR10,fp32_unfused,43,layer3.0.conv2,layer3.0.conv2,"(256, 256, 3, 3)",101.44837358262804,43,3,
resnet18_no_weights,CIFAR10,fp32_unfused,44,layer3.0.conv2,layer3.0.conv2,"(256, 256, 3, 3)",96.77671089172364,44,3,
resnet18_no_weights,CIFAR10,fp32_unfused,"42,43,44",layer3.0.conv2,layer3.0.conv2,"(256, 256, 3, 3)",101.16918100898648,aggregate,3,4.259741446090531
resnet18_no_weights,CIFAR10,fp32_unfused,42,layer3.0.downsample.0,layer3.0.downsample.0,"(256, 128, 1, 1)",33.99062656220936,42,3,
resnet18_no_weights,CIFAR10,fp32_unfused,43,layer3.0.downsample.0,layer3.0.downsample.0,"(256, 128, 1, 1)",30.373414304521347,43,3,
resnet18_no_weights,CIFAR10,fp32_unfused,44,layer3.0.downsample.0,layer3.0.downsample.0,"(256, 128, 1, 1)",32.86738453489362,44,3,
resnet18_no_weights,CIFAR10,fp32_unfused,"42,43,44",layer3.0.downsample.0,layer3.0.downsample.0,"(256, 128, 1, 1)",32.410475133874776,aggregate,3,1.851386177934427
resnet18_no_weights,CIFAR10,fp32_unfused,42,layer3.1.conv1,layer3.1.conv1,"(256, 256, 3, 3)",89.15058898925781,42,3,
resnet18_no_weights,CIFAR10,fp32_unfused,43,layer3.1.conv1,layer3.1.conv1,"(256, 256, 3, 3)",73.58261426289876,43,3,
resnet18_no_weights,CIFAR10,fp32_unfused,44,layer3.1.conv1,layer3.1.conv1,"(256, 256, 3, 3)",82.01141830444335,44,3,
resnet18_no_weights,CIFAR10,fp32_unfused,"42,43,44",layer3.1.conv1,layer3.1.conv1,"(256, 256, 3, 3)",81.58154051886665,aggregate,3,7.792884924919514
resnet18_no_weights,CIFAR10,fp32_unfused,42,layer3.1.conv2,layer3.1.conv2,"(256, 256, 3, 3)",51.00555968284607,42,3,
resnet18_no_weights,CIFAR10,fp32_unfused,43,layer3.1.conv2,layer3.1.conv2,"(256, 256, 3, 3)",60.70843587602888,43,3,
resnet18_no_weights,CIFAR10,fp32_unfused,44,layer3.1.conv2,layer3.1.conv2,"(256, 256, 3, 3)",55.90295729345205,44,3,
resnet18_no_weights,CIFAR10,fp32_unfused,"42,43,44",layer3.1.conv2,layer3.1.conv2,"(256, 256, 3, 3)",55.872317617442334,aggregate,3,4.8515106613680565
resnet18_no_weights,CIFAR10,fp32_unfused,42,layer4.0.conv1,layer4.0.conv1,"(512, 256, 3, 3)",60.47257614135742,42,3,
resnet18_no_weights,CIFAR10,fp32_unfused,43,layer4.0.conv1,layer4.0.conv1,"(512, 256, 3, 3)",61.62527211507162,43,3,
resnet18_no_weights,CIFAR10,fp32_unfused,44,layer4.0.conv1,layer4.0.conv1,"(512, 256, 3, 3)",62.74287665230887,44,3,
resnet18_no_weights,CIFAR10,fp32_unfused,"42,43,44",layer4.0.conv1,layer4.0.conv1,"(512, 256, 3, 3)",61.613574969579304,aggregate,3,1.1351954544994027
resnet18_no_weights,CIFAR10,fp32_unfused,42,layer4.0.conv2,layer4.0.conv2,"(512, 512, 3, 3)",55.93323071797689,42,3,
resnet18_no_weights,CIFAR10,fp32_unfused,43,layer4.0.conv2,layer4.0.conv2,"(512, 512, 3, 3)",61.0448184967041,43,3,
resnet18_no_weights,CIFAR10,fp32_unfused,44,layer4.0.conv2,layer4.0.conv2,"(512, 512, 3, 3)",55.031894593011764,44,3,
resnet18_no_weights,CIFAR10,fp32_unfused,"42,43,44",layer4.0.conv2,layer4.0.conv2,"(512, 512, 3, 3)",57.33664793589759,aggregate,3,3.242838013772177
resnet18_no_weights,CIFAR10,fp32_unfused,42,layer4.0.downsample.0,layer4.0.downsample.0,"(512, 256, 1, 1)",26.33793032169342,42,3,
resnet18_no_weights,CIFAR10,fp32_unfused,43,layer4.0.downsample.0,layer4.0.downsample.0,"(512, 256, 1, 1)",31.36120580037435,43,3,
resnet18_no_weights,CIFAR10,fp32_unfused,44,layer4.0.downsample.0,layer4.0.downsample.0,"(512, 256, 1, 1)",29.93695131937663,44,3,
resnet18_no_weights,CIFAR10,fp32_unfused,"42,43,44",layer4.0.downsample.0,layer4.0.downsample.0,"(512, 256, 1, 1)",29.212029147148133,aggregate,3,2.588910630076025
resnet18_no_weights,CIFAR10,fp32_unfused,42,layer4.1.conv1,layer4.1.conv1,"(512, 512, 3, 3)",51.483845463505496,42,3,
resnet18_no_weights,CIFAR10,fp32_unfused,43,layer4.1.conv1,layer4.1.conv1,"(512, 512, 3, 3)",49.593339080810544,43,3,
resnet18_no_weights,CIFAR10,fp32_unfused,44,layer4.1.conv1,layer4.1.conv1,"(512, 512, 3, 3)",51.847027914864675,44,3,
resnet18_no_weights,CIFAR10,fp32_unfused,"42,43,44",layer4.1.conv1,layer4.1.conv1,"(512, 512, 3, 3)",50.97473748639357,aggregate,3,1.210029561396875
resnet18_no_weights,CIFAR10,fp32_unfused,42,layer4.1.conv2,layer4.1.conv2,"(512, 512, 3, 3)",20.222549582972672,42,3,
resnet18_no_weights,CIFAR10,fp32_unfused,43,layer4.1.conv2,layer4.1.conv2,"(512, 512, 3, 3)",19.560994426409405,43,3,
resnet18_no_weights,CIFAR10,fp32_unfused,44,layer4.1.conv2,layer4.1.conv2,"(512, 512, 3, 3)",18.156963955272328,44,3,
resnet18_no_weights,CIFAR10,fp32_unfused,"42,43,44",layer4.1.conv2,layer4.1.conv2,"(512, 512, 3, 3)",19.3135026548848,aggregate,3,1.0547986201497637
resnet18_no_weights,CIFAR10,fp32_unfused,42,fc,fc,"(10, 512)",4.471227495959311,42,3,
resnet18_no_weights,CIFAR10,fp32_unfused,43,fc,fc,"(10, 512)",3.8712307004367603,43,3,
resnet18_no_weights,CIFAR10,fp32_unfused,44,fc,fc,"(10, 512)",4.499948240989863,44,3,
resnet18_no_weights,CIFAR10,fp32_unfused,"42,43,44",fc,fc,"(10, 512)",4.280802145795311,aggregate,3,0.35498985469812633
resnet18_no_weights,CIFAR10,ptq,42,conv1,conv1,"(64, 3, 3, 3)",189.87311444963728,42,3,
resnet18_no_weights,CIFAR10,ptq,43,conv1,conv1,"(64, 3, 3, 3)",178.85493354797364,43,3,
resnet18_no_weights,CIFAR10,ptq,44,conv1,conv1,"(64, 3, 3, 3)",178.32362354162967,44,3,
resnet18_no_weights,CIFAR10,ptq,"42,43,44",conv1,conv1,"(64, 3, 3, 3)",182.35055717974686,aggregate,3,6.520139836674992
resnet18_no_weights,CIFAR10,ptq,42,layer1.0.conv1,layer1.0.conv1,"(64, 64, 3, 3)",80.00841652263294,42,3,
resnet18_no_weights,CIFAR10,ptq,43,layer1.0.conv1,layer1.0.conv1,"(64, 64, 3, 3)",80.95810763041179,43,3,
resnet18_no_weights,CIFAR10,ptq,44,layer1.0.conv1,layer1.0.conv1,"(64, 64, 3, 3)",89.8803663635254,44,3,
resnet18_no_weights,CIFAR10,ptq,"42,43,44",layer1.0.conv1,layer1.0.conv1,"(64, 64, 3, 3)",83.61563017219004,aggregate,3,5.44616084598305
resnet18_no_weights,CIFAR10,ptq,42,layer1.0.conv2,layer1.0.conv2,"(64, 64, 3, 3)",56.11970202128092,42,3,
resnet18_no_weights,CIFAR10,ptq,43,layer1.0.conv2,layer1.0.conv2,"(64, 64, 3, 3)",54.85230077107747,43,3,
resnet18_no_weights,CIFAR10,ptq,44,layer1.0.conv2,layer1.0.conv2,"(64, 64, 3, 3)",56.33625827116125,44,3,
resnet18_no_weights,CIFAR10,ptq,"42,43,44",layer1.0.conv2,layer1.0.conv2,"(64, 64, 3, 3)",55.76942035450655,aggregate,3,0.8015955339648527
resnet18_no_weights,CIFAR10,ptq,42,layer1.1.conv1,layer1.1.conv1,"(64, 64, 3, 3)",332.52099609375,42,3,
resnet18_no_weights,CIFAR10,ptq,43,layer1.1.conv1,layer1.1.conv1,"(64, 64, 3, 3)",394.9630496376439,43,3,
resnet18_no_weights,CIFAR10,ptq,44,layer1.1.conv1,layer1.1.conv1,"(64, 64, 3, 3)",392.1760156419542,44,3,
resnet18_no_weights,CIFAR10,ptq,"42,43,44",layer1.1.conv1,layer1.1.conv1,"(64, 64, 3, 3)",373.2200204577827,aggregate,3,35.27392560747072
resnet18_no_weights,CIFAR10,ptq,42,layer1.1.conv2,layer1.1.conv2,"(64, 64, 3, 3)",33.80161468187968,42,3,
resnet18_no_weights,CIFAR10,ptq,43,layer1.1.conv2,layer1.1.conv2,"(64, 64, 3, 3)",33.420573997497556,43,3,
resnet18_no_weights,CIFAR10,ptq,44,layer1.1.conv2,layer1.1.conv2,"(64, 64, 3, 3)",39.705260970375754,44,3,
resnet18_no_weights,CIFAR10,ptq,"42,43,44",layer1.1.conv2,layer1.1.conv2,"(64, 64, 3, 3)",35.64248321658433,aggregate,3,3.5236231791035024
resnet18_no_weights,CIFAR10,ptq,42,layer2.0.conv1,layer2.0.conv1,"(128, 64, 3, 3)",209.1363314924569,42,3,
resnet18_no_weights,CIFAR10,ptq,43,layer2.0.conv1,layer2.0.conv1,"(128, 64, 3, 3)",200.36235233775358,43,3,
resnet18_no_weights,CIFAR10,ptq,44,layer2.0.conv1,layer2.0.conv1,"(128, 64, 3, 3)",199.55306727711746,44,3,
resnet18_no_weights,CIFAR10,ptq,"42,43,44",layer2.0.conv1,layer2.0.conv1,"(128, 64, 3, 3)",203.01725036910932,aggregate,3,5.314706099392864
resnet18_no_weights,CIFAR10,ptq,42,layer2.0.conv2,layer2.0.conv2,"(128, 128, 3, 3)",39.82790015992664,42,3,
resnet18_no_weights,CIFAR10,ptq,43,layer2.0.conv2,layer2.0.conv2,"(128, 128, 3, 3)",43.64036390516493,43,3,
resnet18_no_weights,CIFAR10,ptq,44,layer2.0.conv2,layer2.0.conv2,"(128, 128, 3, 3)",39.93480450174083,44,3,
resnet18_no_weights,CIFAR10,ptq,"42,43,44",layer2.0.conv2,layer2.0.conv2,"(128, 128, 3, 3)",41.13435618894413,aggregate,3,2.170924489680218
resnet18_no_weights,CIFAR10,ptq,42,layer2.0.downsample.0,layer2.0.downsample.0,"(128, 64, 1, 1)",25.82298543718126,42,3,
resnet18_no_weights,CIFAR10,ptq,43,layer2.0.downsample.0,layer2.0.downsample.0,"(128, 64, 1, 1)",25.017006370756363,43,3,
resnet18_no_weights,CIFAR10,ptq,44,layer2.0.downsample.0,layer2.0.downsample.0,"(128, 64, 1, 1)",24.73960256576538,44,3,
resnet18_no_weights,CIFAR10,ptq,"42,43,44",layer2.0.downsample.0,layer2.0.downsample.0,"(128, 64, 1, 1)",25.19319812456767,aggregate,3,0.5627719450209436
resnet18_no_weights,CIFAR10,ptq,42,layer2.1.conv1,layer2.1.conv1,"(128, 128, 3, 3)",132.54816991632634,42,3,
resnet18_no_weights,CIFAR10,ptq,43,layer2.1.conv1,layer2.1.conv1,"(128, 128, 3, 3)",122.65198335193452,43,3,
resnet18_no_weights,CIFAR10,ptq,44,layer2.1.conv1,layer2.1.conv1,"(128, 128, 3, 3)",123.97118390839675,44,3,
resnet18_no_weights,CIFAR10,ptq,"42,43,44",layer2.1.conv1,layer2.1.conv1,"(128, 128, 3, 3)",126.39044572555254,aggregate,3,5.373383285628642
resnet18_no_weights,CIFAR10,ptq,42,layer2.1.conv2,layer2.1.conv2,"(128, 128, 3, 3)",22.46883047780683,42,3,
resnet18_no_weights,CIFAR10,ptq,43,layer2.1.conv2,layer2.1.conv2,"(128, 128, 3, 3)",23.18320510864258,43,3,
resnet18_no_weights,CIFAR10,ptq,44,layer2.1.conv2,layer2.1.conv2,"(128, 128, 3, 3)",20.989514686443187,44,3,
resnet18_no_weights,CIFAR10,ptq,"42,43,44",layer2.1.conv2,layer2.1.conv2,"(128, 128, 3, 3)",22.213850090964197,aggregate,3,1.1188523876580638
resnet18_no_weights,CIFAR10,ptq,42,layer3.0.conv1,layer3.0.conv1,"(256, 128, 3, 3)",268.71390847598803,42,3,
resnet18_no_weights,CIFAR10,ptq,43,layer3.0.conv1,layer3.0.conv1,"(256, 128, 3, 3)",302.6390552520752,43,3,
resnet18_no_weights,CIFAR10,ptq,44,layer3.0.conv1,layer3.0.conv1,"(256, 128, 3, 3)",234.06030008067256,44,3,
resnet18_no_weights,CIFAR10,ptq,"42,43,44",layer3.0.conv1,layer3.0.conv1,"(256, 128, 3, 3)",268.4710879362453,aggregate,3,34.29002240558741
resnet18_no_weights,CIFAR10,ptq,42,layer3.0.conv2,layer3.0.conv2,"(256, 256, 3, 3)",52.51554183959961,42,3,
resnet18_no_weights,CIFAR10,ptq,43,layer3.0.conv2,layer3.0.conv2,"(256, 256, 3, 3)",60.159913063049316,43,3,
resnet18_no_weights,CIFAR10,ptq,44,layer3.0.conv2,layer3.0.conv2,"(256, 256, 3, 3)",54.82143089988015,44,3,
resnet18_no_weights,CIFAR10,ptq,"42,43,44",layer3.0.conv2,layer3.0.conv2,"(256, 256, 3, 3)",55.83229526750969,aggregate,3,3.9211590031244343
resnet18_no_weights,CIFAR10,ptq,42,layer3.0.downsample.0,layer3.0.downsample.0,"(256, 128, 1, 1)",26.255374037701152,42,3,
resnet18_no_weights,CIFAR10,ptq,43,layer3.0.downsample.0,layer3.0.downsample.0,"(256, 128, 1, 1)",28.198684258894488,43,3,
resnet18_no_weights,CIFAR10,ptq,44,layer3.0.downsample.0,layer3.0.downsample.0,"(256, 128, 1, 1)",28.185078064600628,44,3,
resnet18_no_weights,CIFAR10,ptq,"42,43,44",layer3.0.downsample.0,layer3.0.downsample.0,"(256, 128, 1, 1)",27.54637878706542,aggregate,3,1.1180636069972127
resnet18_no_weights,CIFAR10,ptq,42,layer3.1.conv1,layer3.1.conv1,"(256, 256, 3, 3)",98.32780615488689,42,3,
resnet18_no_weights,CIFAR10,ptq,43,layer3.1.conv1,layer3.1.conv1,"(256, 256, 3, 3)",103.00708293914795,43,3,
resnet18_no_weights,CIFAR10,ptq,44,layer3.1.conv1,layer3.1.conv1,"(256, 256, 3, 3)",107.69646453857422,44,3,
resnet18_no_weights,CIFAR10,ptq,"42,43,44",layer3.1.conv1,layer3.1.conv1,"(256, 256, 3, 3)",103.01045121086969,aggregate,3,4.684330100078295
resnet18_no_weights,CIFAR10,ptq,42,layer3.1.conv2,layer3.1.conv2,"(256, 256, 3, 3)",19.201305757869374,42,3,
resnet18_no_weights,CIFAR10,ptq,43,layer3.1.conv2,layer3.1.conv2,"(256, 256, 3, 3)",20.859837130496377,43,3,
resnet18_no_weights,CIFAR10,ptq,44,layer3.1.conv2,layer3.1.conv2,"(256, 256, 3, 3)",19.8193217754364,44,3,
resnet18_no_weights,CIFAR10,ptq,"42,43,44",layer3.1.conv2,layer3.1.conv2,"(256, 256, 3, 3)",19.96015488793405,aggregate,3,0.8381867647957909
resnet18_no_weights,CIFAR10,ptq,42,layer4.0.conv1,layer4.0.conv1,"(512, 256, 3, 3)",105.46247641245525,42,3,
resnet18_no_weights,CIFAR10,ptq,43,layer4.0.conv1,layer4.0.conv1,"(512, 256, 3, 3)",129.00469207763672,43,3,
resnet18_no_weights,CIFAR10,ptq,44,layer4.0.conv1,layer4.0.conv1,"(512, 256, 3, 3)",109.85776205623851,44,3,
resnet18_no_weights,CIFAR10,ptq,"42,43,44",layer4.0.conv1,layer4.0.conv1,"(512, 256, 3, 3)",114.77497684877683,aggregate,3,12.517716668524145
resnet18_no_weights,CIFAR10,ptq,42,layer4.0.conv2,layer4.0.conv2,"(512, 512, 3, 3)",26.519520214625768,42,3,
resnet18_no_weights,CIFAR10,ptq,43,layer4.0.conv2,layer4.0.conv2,"(512, 512, 3, 3)",21.53401803970337,43,3,
resnet18_no_weights,CIFAR10,ptq,44,layer4.0.conv2,layer4.0.conv2,"(512, 512, 3, 3)",23.618178624373215,44,3,
resnet18_no_weights,CIFAR10,ptq,"42,43,44",layer4.0.conv2,layer4.0.conv2,"(512, 512, 3, 3)",23.890572292900785,aggregate,3,2.503888319600022
resnet18_no_weights,CIFAR10,ptq,42,layer4.0.downsample.0,layer4.0.downsample.0,"(512, 256, 1, 1)",10.17635840177536,42,3,
resnet18_no_weights,CIFAR10,ptq,43,layer4.0.downsample.0,layer4.0.downsample.0,"(512, 256, 1, 1)",9.304837911025338,43,3,
resnet18_no_weights,CIFAR10,ptq,44,layer4.0.downsample.0,layer4.0.downsample.0,"(512, 256, 1, 1)",9.083695576741146,44,3,
resnet18_no_weights,CIFAR10,ptq,"42,43,44",layer4.0.downsample.0,layer4.0.downsample.0,"(512, 256, 1, 1)",9.521630629847282,aggregate,3,0.5776913747872605
resnet18_no_weights,CIFAR10,ptq,42,layer4.1.conv1,layer4.1.conv1,"(512, 512, 3, 3)",81.14416408538818,42,3,
resnet18_no_weights,CIFAR10,ptq,43,layer4.1.conv1,layer4.1.conv1,"(512, 512, 3, 3)",82.13624174698539,43,3,
resnet18_no_weights,CIFAR10,ptq,44,layer4.1.conv1,layer4.1.conv1,"(512, 512, 3, 3)",90.06517804463705,44,3,
resnet18_no_weights,CIFAR10,ptq,"42,43,44",layer4.1.conv1,layer4.1.conv1,"(512, 512, 3, 3)",84.44852795900354,aggregate,3,4.889388832972402
resnet18_no_weights,CIFAR10,ptq,42,layer4.1.conv2,layer4.1.conv2,"(512, 512, 3, 3)",2.726547122001648,42,3,
resnet18_no_weights,CIFAR10,ptq,43,layer4.1.conv2,layer4.1.conv2,"(512, 512, 3, 3)",3.0881923913955687,43,3,
resnet18_no_weights,CIFAR10,ptq,44,layer4.1.conv2,layer4.1.conv2,"(512, 512, 3, 3)",2.728618075973109,44,3,
resnet18_no_weights,CIFAR10,ptq,"42,43,44",layer4.1.conv2,layer4.1.conv2,"(512, 512, 3, 3)",2.847785863123442,aggregate,3,0.20820073568429254
resnet18_no_weights,CIFAR10,ptq,42,fc,fc,"(10, 512)",3.958377957344055,42,3,
resnet18_no_weights,CIFAR10,ptq,43,fc,fc,"(10, 512)",3.7928150448688243,43,3,
resnet18_no_weights,CIFAR10,ptq,44,fc,fc,"(10, 512)",3.9379666401789737,44,3,
resnet18_no_weights,CIFAR10,ptq,"42,43,44",fc,fc,"(10, 512)",3.896386547463951,aggregate,3,0.09027429080010904
resnet18_no_weights,CIFAR10,fp32_fused,42,conv1,conv1,"(64, 3, 3, 3)",247.99632941351996,42,3,
resnet18_no_weights,CIFAR10,fp32_fused,43,conv1,conv1,"(64, 3, 3, 3)",250.78885373202237,43,3,
resnet18_no_weights,CIFAR10,fp32_fused,44,conv1,conv1,"(64, 3, 3, 3)",243.76310838971818,44,3,
resnet18_no_weights,CIFAR10,fp32_fused,"42,43,44",conv1,conv1,"(64, 3, 3, 3)",247.51609717842018,aggregate,3,3.5374060628444908
resnet18_no_weights,CIFAR10,fp32_fused,42,layer1.0.conv1,layer1.0.conv1,"(64, 64, 3, 3)",100.20592498779297,42,3,
resnet18_no_weights,CIFAR10,fp32_fused,43,layer1.0.conv1,layer1.0.conv1,"(64, 64, 3, 3)",94.34828567504883,43,3,
resnet18_no_weights,CIFAR10,fp32_fused,44,layer1.0.conv1,layer1.0.conv1,"(64, 64, 3, 3)",101.1356709798177,44,3,
resnet18_no_weights,CIFAR10,fp32_fused,"42,43,44",layer1.0.conv1,layer1.0.conv1,"(64, 64, 3, 3)",98.5632938808865,aggregate,3,3.6797863435097287
resnet18_no_weights,CIFAR10,fp32_fused,42,layer1.0.conv2,layer1.0.conv2,"(64, 64, 3, 3)",62.57284682137625,42,3,
resnet18_no_weights,CIFAR10,fp32_fused,43,layer1.0.conv2,layer1.0.conv2,"(64, 64, 3, 3)",65.5504822201199,43,3,
resnet18_no_weights,CIFAR10,fp32_fused,44,layer1.0.conv2,layer1.0.conv2,"(64, 64, 3, 3)",70.17740895197942,44,3,
resnet18_no_weights,CIFAR10,fp32_fused,"42,43,44",layer1.0.conv2,layer1.0.conv2,"(64, 64, 3, 3)",66.1002459978252,aggregate,3,3.8319735721959933
resnet18_no_weights,CIFAR10,fp32_fused,42,layer1.1.conv1,layer1.1.conv1,"(64, 64, 3, 3)",411.9606615339007,42,3,
resnet18_no_weights,CIFAR10,fp32_fused,43,layer1.1.conv1,layer1.1.conv1,"(64, 64, 3, 3)",387.9108716419765,43,3,
resnet18_no_weights,CIFAR10,fp32_fused,44,layer1.1.conv1,layer1.1.conv1,"(64, 64, 3, 3)",436.29437377929685,44,3,
resnet18_no_weights,CIFAR10,fp32_fused,"42,43,44",layer1.1.conv1,layer1.1.conv1,"(64, 64, 3, 3)",412.05530231839134,aggregate,3,24.191889910186593
resnet18_no_weights,CIFAR10,fp32_fused,42,layer1.1.conv2,layer1.1.conv2,"(64, 64, 3, 3)",37.65703098590557,42,3,
resnet18_no_weights,CIFAR10,fp32_fused,43,layer1.1.conv2,layer1.1.conv2,"(64, 64, 3, 3)",41.878797712780184,43,3,
resnet18_no_weights,CIFAR10,fp32_fused,44,layer1.1.conv2,layer1.1.conv2,"(64, 64, 3, 3)",34.9505606842041,44,3,
resnet18_no_weights,CIFAR10,fp32_fused,"42,43,44",layer1.1.conv2,layer1.1.conv2,"(64, 64, 3, 3)",38.16212979429662,aggregate,3,3.4916272260525947
resnet18_no_weights,CIFAR10,fp32_fused,42,layer2.0.conv1,layer2.0.conv1,"(128, 64, 3, 3)",244.7126216482609,42,3,
resnet18_no_weights,CIFAR10,fp32_fused,43,layer2.0.conv1,layer2.0.conv1,"(128, 64, 3, 3)",216.82348346710205,43,3,
resnet18_no_weights,CIFAR10,fp32_fused,44,layer2.0.conv1,layer2.0.conv1,"(128, 64, 3, 3)",262.6845308191636,44,3,
resnet18_no_weights,CIFAR10,fp32_fused,"42,43,44",layer2.0.conv1,layer2.0.conv1,"(128, 64, 3, 3)",241.40687864484218,aggregate,3,23.108545360115105
resnet18_no_weights,CIFAR10,fp32_fused,42,layer2.0.conv2,layer2.0.conv2,"(128, 128, 3, 3)",42.260438506667676,42,3,
resnet18_no_weights,CIFAR10,fp32_fused,43,layer2.0.conv2,layer2.0.conv2,"(128, 128, 3, 3)",45.04915731293814,43,3,
resnet18_no_weights,CIFAR10,fp32_fused,44,layer2.0.conv2,layer2.0.conv2,"(128, 128, 3, 3)",45.20060750057823,44,3,
resnet18_no_weights,CIFAR10,fp32_fused,"42,43,44",layer2.0.conv2,layer2.0.conv2,"(128, 128, 3, 3)",44.170067773394685,aggregate,3,1.6555202330655154
resnet18_no_weights,CIFAR10,fp32_fused,42,layer2.0.downsample.0,layer2.0.downsample.0,"(128, 64, 1, 1)",29.109240486508323,42,3,
resnet18_no_weights,CIFAR10,fp32_fused,43,layer2.0.downsample.0,layer2.0.downsample.0,"(128, 64, 1, 1)",25.826862688417787,43,3,
resnet18_no_weights,CIFAR10,fp32_fused,44,layer2.0.downsample.0,layer2.0.downsample.0,"(128, 64, 1, 1)",28.368654277589584,44,3,
resnet18_no_weights,CIFAR10,fp32_fused,"42,43,44",layer2.0.downsample.0,layer2.0.downsample.0,"(128, 64, 1, 1)",27.7682524841719,aggregate,3,1.7215872726945327
resnet18_no_weights,CIFAR10,fp32_fused,42,layer2.1.conv1,layer2.1.conv1,"(128, 128, 3, 3)",125.60776646931966,42,3,
resnet18_no_weights,CIFAR10,fp32_fused,43,layer2.1.conv1,layer2.1.conv1,"(128, 128, 3, 3)",148.6444329155816,43,3,
resnet18_no_weights,CIFAR10,fp32_fused,44,layer2.1.conv1,layer2.1.conv1,"(128, 128, 3, 3)",131.18679666519165,44,3,
resnet18_no_weights,CIFAR10,fp32_fused,"42,43,44",layer2.1.conv1,layer2.1.conv1,"(128, 128, 3, 3)",135.14633201669764,aggregate,3,12.017921633500194
resnet18_no_weights,CIFAR10,fp32_fused,42,layer2.1.conv2,layer2.1.conv2,"(128, 128, 3, 3)",21.964027003238076,42,3,
resnet18_no_weights,CIFAR10,fp32_fused,43,layer2.1.conv2,layer2.1.conv2,"(128, 128, 3, 3)",26.693057320334695,43,3,
resnet18_no_weights,CIFAR10,fp32_fused,44,layer2.1.conv2,layer2.1.conv2,"(128, 128, 3, 3)",21.57416887283325,44,3,
resnet18_no_weights,CIFAR10,fp32_fused,"42,43,44",layer2.1.conv2,layer2.1.conv2,"(128, 128, 3, 3)",23.41041773213534,aggregate,3,2.8495244059265232
resnet18_no_weights,CIFAR10,fp32_fused,42,layer3.0.conv1,layer3.0.conv1,"(256, 128, 3, 3)",289.63923327128094,42,3,
resnet18_no_weights,CIFAR10,fp32_fused,43,layer3.0.conv1,layer3.0.conv1,"(256, 128, 3, 3)",340.2425210135324,43,3,
resnet18_no_weights,CIFAR10,fp32_fused,44,layer3.0.conv1,layer3.0.conv1,"(256, 128, 3, 3)",266.16697495983493,44,3,
resnet18_no_weights,CIFAR10,fp32_fused,"42,43,44",layer3.0.conv1,layer3.0.conv1,"(256, 128, 3, 3)",298.6829097482161,aggregate,3,37.856805120783314
resnet18_no_weights,CIFAR10,fp32_fused,42,layer3.0.conv2,layer3.0.conv2,"(256, 256, 3, 3)",61.989041884740196,42,3,
resnet18_no_weights,CIFAR10,fp32_fused,43,layer3.0.conv2,layer3.0.conv2,"(256, 256, 3, 3)",68.97465667724609,43,3,
resnet18_no_weights,CIFAR10,fp32_fused,44,layer3.0.conv2,layer3.0.conv2,"(256, 256, 3, 3)",64.70266603168689,44,3,
resnet18_no_weights,CIFAR10,fp32_fused,"42,43,44",layer3.0.conv2,layer3.0.conv2,"(256, 256, 3, 3)",65.22212153122439,aggregate,3,3.521658560865761
resnet18_no_weights,CIFAR10,fp32_fused,42,layer3.0.downsample.0,layer3.0.downsample.0,"(256, 128, 1, 1)",29.290063190460206,42,3,
resnet18_no_weights,CIFAR10,fp32_fused,43,layer3.0.downsample.0,layer3.0.downsample.0,"(256, 128, 1, 1)",29.13185637337821,43,3,
resnet18_no_weights,CIFAR10,fp32_fused,44,layer3.0.downsample.0,layer3.0.downsample.0,"(256, 128, 1, 1)",27.290993690490723,44,3,
resnet18_no_weights,CIFAR10,fp32_fused,"42,43,44",layer3.0.downsample.0,layer3.0.downsample.0,"(256, 128, 1, 1)",28.570971084776378,aggregate,3,1.1113118134234552
resnet18_no_weights,CIFAR10,fp32_fused,42,layer3.1.conv1,layer3.1.conv1,"(256, 256, 3, 3)",124.18883250309871,42,3,
resnet18_no_weights,CIFAR10,fp32_fused,43,layer3.1.conv1,layer3.1.conv1,"(256, 256, 3, 3)",112.19525909423828,43,3,
resnet18_no_weights,CIFAR10,fp32_fused,44,layer3.1.conv1,layer3.1.conv1,"(256, 256, 3, 3)",110.09154946463448,44,3,
resnet18_no_weights,CIFAR10,fp32_fused,"42,43,44",layer3.1.conv1,layer3.1.conv1,"(256, 256, 3, 3)",115.4918803539905,aggregate,3,7.604875479870166
resnet18_no_weights,CIFAR10,fp32_fused,42,layer3.1.conv2,layer3.1.conv2,"(256, 256, 3, 3)",20.043093052777376,42,3,
resnet18_no_weights,CIFAR10,fp32_fused,43,layer3.1.conv2,layer3.1.conv2,"(256, 256, 3, 3)",19.870100370267544,43,3,
resnet18_no_weights,CIFAR10,fp32_fused,44,layer3.1.conv2,layer3.1.conv2,"(256, 256, 3, 3)",20.243991451878703,44,3,
resnet18_no_weights,CIFAR10,fp32_fused,"42,43,44",layer3.1.conv2,layer3.1.conv2,"(256, 256, 3, 3)",20.052394958307875,aggregate,3,0.18711902445225698
resnet18_no_weights,CIFAR10,fp32_fused,42,layer4.0.conv1,layer4.0.conv1,"(512, 256, 3, 3)",112.84965960184734,42,3,
resnet18_no_weights,CIFAR10,fp32_fused,43,layer4.0.conv1,layer4.0.conv1,"(512, 256, 3, 3)",104.2359631061554,43,3,
resnet18_no_weights,CIFAR10,fp32_fused,44,layer4.0.conv1,layer4.0.conv1,"(512, 256, 3, 3)",104.26590208573775,44,3,
resnet18_no_weights,CIFAR10,fp32_fused,"42,43,44",layer4.0.conv1,layer4.0.conv1,"(512, 256, 3, 3)",107.11717493124682,aggregate,3,4.964499920397519
resnet18_no_weights,CIFAR10,fp32_fused,42,layer4.0.conv2,layer4.0.conv2,"(512, 512, 3, 3)",22.694269100824993,42,3,
resnet18_no_weights,CIFAR10,fp32_fused,43,layer4.0.conv2,layer4.0.conv2,"(512, 512, 3, 3)",20.311232884724934,43,3,
resnet18_no_weights,CIFAR10,fp32_fused,44,layer4.0.conv2,layer4.0.conv2,"(512, 512, 3, 3)",22.39455657535129,44,3,
resnet18_no_weights,CIFAR10,fp32_fused,"42,43,44",layer4.0.conv2,layer4.0.conv2,"(512, 512, 3, 3)",21.800019520300406,aggregate,3,1.298006600207625
resnet18_no_weights,CIFAR10,fp32_fused,42,layer4.0.downsample.0,layer4.0.downsample.0,"(512, 256, 1, 1)",8.53979888715242,42,3,
resnet18_no_weights,CIFAR10,fp32_fused,43,layer4.0.downsample.0,layer4.0.downsample.0,"(512, 256, 1, 1)",8.331752939922053,43,3,
resnet18_no_weights,CIFAR10,fp32_fused,44,layer4.0.downsample.0,layer4.0.downsample.0,"(512, 256, 1, 1)",9.841876095738904,44,3,
resnet18_no_weights,CIFAR10,fp32_fused,"42,43,44",layer4.0.downsample.0,layer4.0.downsample.0,"(512, 256, 1, 1)",8.904475974271126,aggregate,3,0.8184497662261254
resnet18_no_weights,CIFAR10,fp32_fused,42,layer4.1.conv1,layer4.1.conv1,"(512, 512, 3, 3)",103.36204234036532,42,3,
resnet18_no_weights,CIFAR10,fp32_fused,43,layer4.1.conv1,layer4.1.conv1,"(512, 512, 3, 3)",101.87015853389617,43,3,
resnet18_no_weights,CIFAR10,fp32_fused,44,layer4.1.conv1,layer4.1.conv1,"(512, 512, 3, 3)",92.13204736420603,44,3,
resnet18_no_weights,CIFAR10,fp32_fused,"42,43,44",layer4.1.conv1,layer4.1.conv1,"(512, 512, 3, 3)",99.12141607948918,aggregate,3,6.098760989056324
resnet18_no_weights,CIFAR10,fp32_fused,42,layer4.1.conv2,layer4.1.conv2,"(512, 512, 3, 3)",3.0211547663871277,42,3,
resnet18_no_weights,CIFAR10,fp32_fused,43,layer4.1.conv2,layer4.1.conv2,"(512, 512, 3, 3)",2.8692603508631387,43,3,
resnet18_no_weights,CIFAR10,fp32_fused,44,layer4.1.conv2,layer4.1.conv2,"(512, 512, 3, 3)",3.039985179901123,44,3,
resnet18_no_weights,CIFAR10,fp32_fused,"42,43,44",layer4.1.conv2,layer4.1.conv2,"(512, 512, 3, 3)",2.9768000990504633,aggregate,3,0.09360685978293407
resnet18_no_weights,CIFAR10,fp32_fused,42,fc,fc,"(10, 512)",4.791040229797363,42,3,
resnet18_no_weights,CIFAR10,fp32_fused,43,fc,fc,"(10, 512)",4.516521325478187,43,3,
resnet18_no_weights,CIFAR10,fp32_fused,44,fc,fc,"(10, 512)",4.155989289283752,44,3,
resnet18_no_weights,CIFAR10,fp32_fused,"42,43,44",fc,fc,"(10, 512)",4.487850281519767,aggregate,3,0.31849481288249354
resnet18_no_weights,CIFAR10,qat,42,conv1,conv1,"(64, 3, 3, 3)",123.14740228652954,42,3,
resnet18_no_weights,CIFAR10,qat,43,conv1,conv1,"(64, 3, 3, 3)",122.7799454498291,43,3,
resnet18_no_weights,CIFAR10,qat,44,conv1,conv1,"(64, 3, 3, 3)",110.39623778206962,44,3,
resnet18_no_weights,CIFAR10,qat,"42,43,44",conv1,conv1,"(64, 3, 3, 3)",118.77452850614276,aggregate,3,7.258138378711646
resnet18_no_weights,CIFAR10,qat,42,layer1.0.conv1,layer1.0.conv1,"(64, 64, 3, 3)",44.227729378677,42,3,
resnet18_no_weights,CIFAR10,qat,43,layer1.0.conv1,layer1.0.conv1,"(64, 64, 3, 3)",46.75466806238348,43,3,
resnet18_no_weights,CIFAR10,qat,44,layer1.0.conv1,layer1.0.conv1,"(64, 64, 3, 3)",42.11101506551107,44,3,
resnet18_no_weights,CIFAR10,qat,"42,43,44",layer1.0.conv1,layer1.0.conv1,"(64, 64, 3, 3)",44.364470835523846,aggregate,3,2.324844501973408
resnet18_no_weights,CIFAR10,qat,42,layer1.0.conv2,layer1.0.conv2,"(64, 64, 3, 3)",30.971418492934284,42,3,
resnet18_no_weights,CIFAR10,qat,43,layer1.0.conv2,layer1.0.conv2,"(64, 64, 3, 3)",32.63031225938063,43,3,
resnet18_no_weights,CIFAR10,qat,44,layer1.0.conv2,layer1.0.conv2,"(64, 64, 3, 3)",34.19718847776714,44,3,
resnet18_no_weights,CIFAR10,qat,"42,43,44",layer1.0.conv2,layer1.0.conv2,"(64, 64, 3, 3)",32.59963974336068,aggregate,3,1.6131037168115974
resnet18_no_weights,CIFAR10,qat,42,layer1.1.conv1,layer1.1.conv1,"(64, 64, 3, 3)",159.2004623413086,42,3,
resnet18_no_weights,CIFAR10,qat,43,layer1.1.conv1,layer1.1.conv1,"(64, 64, 3, 3)",169.5488527738131,43,3,
resnet18_no_weights,CIFAR10,qat,44,layer1.1.conv1,layer1.1.conv1,"(64, 64, 3, 3)",168.24041748046875,44,3,
resnet18_no_weights,CIFAR10,qat,"42,43,44",layer1.1.conv1,layer1.1.conv1,"(64, 64, 3, 3)",165.66324419853015,aggregate,3,5.635038840127136
resnet18_no_weights,CIFAR10,qat,42,layer1.1.conv2,layer1.1.conv2,"(64, 64, 3, 3)",20.895722991541813,42,3,
resnet18_no_weights,CIFAR10,qat,43,layer1.1.conv2,layer1.1.conv2,"(64, 64, 3, 3)",20.09933090209961,43,3,
resnet18_no_weights,CIFAR10,qat,44,layer1.1.conv2,layer1.1.conv2,"(64, 64, 3, 3)",22.73935540517171,44,3,
resnet18_no_weights,CIFAR10,qat,"42,43,44",layer1.1.conv2,layer1.1.conv2,"(64, 64, 3, 3)",21.24480309960438,aggregate,3,1.3541879616910657
resnet18_no_weights,CIFAR10,qat,42,layer2.0.conv1,layer2.0.conv1,"(128, 64, 3, 3)",127.14214782714843,42,3,
resnet18_no_weights,CIFAR10,qat,43,layer2.0.conv1,layer2.0.conv1,"(128, 64, 3, 3)",108.19331471125285,43,3,
resnet18_no_weights,CIFAR10,qat,44,layer2.0.conv1,layer2.0.conv1,"(128, 64, 3, 3)",131.49942588806152,44,3,
resnet18_no_weights,CIFAR10,qat,"42,43,44",layer2.0.conv1,layer2.0.conv1,"(128, 64, 3, 3)",122.27829614215428,aggregate,3,12.390984402244115
resnet18_no_weights,CIFAR10,qat,42,layer2.0.conv2,layer2.0.conv2,"(128, 128, 3, 3)",27.547032257606244,42,3,
resnet18_no_weights,CIFAR10,qat,43,layer2.0.conv2,layer2.0.conv2,"(128, 128, 3, 3)",25.412718086242677,43,3,
resnet18_no_weights,CIFAR10,qat,44,layer2.0.conv2,layer2.0.conv2,"(128, 128, 3, 3)",26.788677802452675,44,3,
resnet18_no_weights,CIFAR10,qat,"42,43,44",layer2.0.conv2,layer2.0.conv2,"(128, 128, 3, 3)",26.582809382100532,aggregate,3,1.0819475959558078
resnet18_no_weights,CIFAR10,qat,42,layer2.0.downsample.0,layer2.0.downsample.0,"(128, 64, 1, 1)",15.917039058826587,42,3,
resnet18_no_weights,CIFAR10,qat,43,layer2.0.downsample.0,layer2.0.downsample.0,"(128, 64, 1, 1)",13.671069295782791,43,3,
resnet18_no_weights,CIFAR10,qat,44,layer2.0.downsample.0,layer2.0.downsample.0,"(128, 64, 1, 1)",14.470767221143168,44,3,
resnet18_no_weights,CIFAR10,qat,"42,43,44",layer2.0.downsample.0,layer2.0.downsample.0,"(128, 64, 1, 1)",14.686291858584182,aggregate,3,1.138390616675494
resnet18_no_weights,CIFAR10,qat,42,layer2.1.conv1,layer2.1.conv1,"(128, 128, 3, 3)",89.60464569091796,42,3,
resnet18_no_weights,CIFAR10,qat,43,layer2.1.conv1,layer2.1.conv1,"(128, 128, 3, 3)",80.14472318950452,43,3,
resnet18_no_weights,CIFAR10,qat,44,layer2.1.conv1,layer2.1.conv1,"(128, 128, 3, 3)",90.34997263262349,44,3,
resnet18_no_weights,CIFAR10,qat,"42,43,44",layer2.1.conv1,layer2.1.conv1,"(128, 128, 3, 3)",86.69978050434865,aggregate,3,5.689064981451414
resnet18_no_weights,CIFAR10,qat,42,layer2.1.conv2,layer2.1.conv2,"(128, 128, 3, 3)",12.278290867805481,42,3,
resnet18_no_weights,CIFAR10,qat,43,layer2.1.conv2,layer2.1.conv2,"(128, 128, 3, 3)",11.935367646424666,43,3,
resnet18_no_weights,CIFAR10,qat,44,layer2.1.conv2,layer2.1.conv2,"(128, 128, 3, 3)",14.196598361520206,44,3,
resnet18_no_weights,CIFAR10,qat,"42,43,44",layer2.1.conv2,layer2.1.conv2,"(128, 128, 3, 3)",12.803418958583451,aggregate,3,1.218651189026605
resnet18_no_weights,CIFAR10,qat,42,layer3.0.conv1,layer3.0.conv1,"(256, 128, 3, 3)",161.23685455322266,42,3,
resnet18_no_weights,CIFAR10,qat,43,layer3.0.conv1,layer3.0.conv1,"(256, 128, 3, 3)",167.61239938174978,43,3,
resnet18_no_weights,CIFAR10,qat,44,layer3.0.conv1,layer3.0.conv1,"(256, 128, 3, 3)",171.24838855219824,44,3,
resnet18_no_weights,CIFAR10,qat,"42,43,44",layer3.0.conv1,layer3.0.conv1,"(256, 128, 3, 3)",166.69921416239023,aggregate,3,5.067852966178435
resnet18_no_weights,CIFAR10,qat,42,layer3.0.conv2,layer3.0.conv2,"(256, 256, 3, 3)",41.80031280517578,42,3,
resnet18_no_weights,CIFAR10,qat,43,layer3.0.conv2,layer3.0.conv2,"(256, 256, 3, 3)",42.521998047828674,43,3,
resnet18_no_weights,CIFAR10,qat,44,layer3.0.conv2,layer3.0.conv2,"(256, 256, 3, 3)",40.12683758591161,44,3,
resnet18_no_weights,CIFAR10,qat,"42,43,44",layer3.0.conv2,layer3.0.conv2,"(256, 256, 3, 3)",41.48304947963869,aggregate,3,1.2286946011441708
resnet18_no_weights,CIFAR10,qat,42,layer3.0.downsample.0,layer3.0.downsample.0,"(256, 128, 1, 1)",16.196488274468315,42,3,
resnet18_no_weights,CIFAR10,qat,43,layer3.0.downsample.0,layer3.0.downsample.0,"(256, 128, 1, 1)",30.098356246948242,43,3,
resnet18_no_weights,CIFAR10,qat,44,layer3.0.downsample.0,layer3.0.downsample.0,"(256, 128, 1, 1)",18.47790260804005,44,3,
resnet18_no_weights,CIFAR10,qat,"42,43,44",layer3.0.downsample.0,layer3.0.downsample.0,"(256, 128, 1, 1)",21.59091570981887,aggregate,3,7.455442388614556
resnet18_no_weights,CIFAR10,qat,42,layer3.1.conv1,layer3.1.conv1,"(256, 256, 3, 3)",79.96097153883714,42,3,
resnet18_no_weights,CIFAR10,qat,43,layer3.1.conv1,layer3.1.conv1,"(256, 256, 3, 3)",68.12914637515419,43,3,
resnet18_no_weights,CIFAR10,qat,44,layer3.1.conv1,layer3.1.conv1,"(256, 256, 3, 3)",64.69678580760956,44,3,
resnet18_no_weights,CIFAR10,qat,"42,43,44",layer3.1.conv1,layer3.1.conv1,"(256, 256, 3, 3)",70.9289679072003,aggregate,3,8.008001746243234
resnet18_no_weights,CIFAR10,qat,42,layer3.1.conv2,layer3.1.conv2,"(256, 256, 3, 3)",11.578353532155354,42,3,
resnet18_no_weights,CIFAR10,qat,43,layer3.1.conv2,layer3.1.conv2,"(256, 256, 3, 3)",12.789643381156173,43,3,
resnet18_no_weights,CIFAR10,qat,44,layer3.1.conv2,layer3.1.conv2,"(256, 256, 3, 3)",13.41408363978068,44,3,
resnet18_no_weights,CIFAR10,qat,"42,43,44",layer3.1.conv2,layer3.1.conv2,"(256, 256, 3, 3)",12.594026851030735,aggregate,3,0.9333678948593953
resnet18_no_weights,CIFAR10,qat,42,layer4.0.conv1,layer4.0.conv1,"(512, 256, 3, 3)",64.41203753153484,42,3,
resnet18_no_weights,CIFAR10,qat,43,layer4.0.conv1,layer4.0.conv1,"(512, 256, 3, 3)",68.03235173225403,43,3,
resnet18_no_weights,CIFAR10,qat,44,layer4.0.conv1,layer4.0.conv1,"(512, 256, 3, 3)",73.66298323411208,44,3,
resnet18_no_weights,CIFAR10,qat,"42,43,44",layer4.0.conv1,layer4.0.conv1,"(512, 256, 3, 3)",68.70245749930031,aggregate,3,4.661735771392411
resnet18_no_weights,CIFAR10,qat,42,layer4.0.conv2,layer4.0.conv2,"(512, 512, 3, 3)",16.767010602084074,42,3,
resnet18_no_weights,CIFAR10,qat,43,layer4.0.conv2,layer4.0.conv2,"(512, 512, 3, 3)",15.756912369881906,43,3,
resnet18_no_weights,CIFAR10,qat,44,layer4.0.conv2,layer4.0.conv2,"(512, 512, 3, 3)",15.172667264938354,44,3,
resnet18_no_weights,CIFAR10,qat,"42,43,44",layer4.0.conv2,layer4.0.conv2,"(512, 512, 3, 3)",15.898863412301445,aggregate,3,0.8065948443972555
resnet18_no_weights,CIFAR10,qat,42,layer4.0.downsample.0,layer4.0.downsample.0,"(512, 256, 1, 1)",5.200939400990804,42,3,
resnet18_no_weights,CIFAR10,qat,43,layer4.0.downsample.0,layer4.0.downsample.0,"(512, 256, 1, 1)",5.58101716041565,43,3,
resnet18_no_weights,CIFAR10,qat,44,layer4.0.downsample.0,layer4.0.downsample.0,"(512, 256, 1, 1)",5.187652034759521,44,3,
resnet18_no_weights,CIFAR10,qat,"42,43,44",layer4.0.downsample.0,layer4.0.downsample.0,"(512, 256, 1, 1)",5.323202865388659,aggregate,3,0.2233725510566136
resnet18_no_weights,CIFAR10,qat,42,layer4.1.conv1,layer4.1.conv1,"(512, 512, 3, 3)",62.10535786946615,42,3,
resnet18_no_weights,CIFAR10,qat,43,layer4.1.conv1,layer4.1.conv1,"(512, 512, 3, 3)",59.87600107546206,43,3,
resnet18_no_weights,CIFAR10,qat,44,layer4.1.conv1,layer4.1.conv1,"(512, 512, 3, 3)",57.61960455087515,44,3,
resnet18_no_weights,CIFAR10,qat,"42,43,44",layer4.1.conv1,layer4.1.conv1,"(512, 512, 3, 3)",59.86698783193445,aggregate,3,2.242890242016246
resnet18_no_weights,CIFAR10,qat,42,layer4.1.conv2,layer4.1.conv2,"(512, 512, 3, 3)",2.036655604839325,42,3,
resnet18_no_weights,CIFAR10,qat,43,layer4.1.conv2,layer4.1.conv2,"(512, 512, 3, 3)",1.9800634421408176,43,3,
resnet18_no_weights,CIFAR10,qat,44,layer4.1.conv2,layer4.1.conv2,"(512, 512, 3, 3)",2.0789081225028405,44,3,
resnet18_no_weights,CIFAR10,qat,"42,43,44",layer4.1.conv2,layer4.1.conv2,"(512, 512, 3, 3)",2.0318757231609945,aggregate,3,0.049595394550419176
resnet18_no_weights,CIFAR10,qat,42,fc,fc,"(10, 512)",2.839481003284454,42,3,
resnet18_no_weights,CIFAR10,qat,43,fc,fc,"(10, 512)",2.939953653708748,43,3,
resnet18_no_weights,CIFAR10,qat,44,fc,fc,"(10, 512)",3.060725022764767,44,3,
resnet18_no_weights,CIFAR10,qat,"42,43,44",fc,fc,"(10, 512)",2.9467198932526566,aggregate,3,0.1107770984325074
resnet18_no_weights,CIFAR10,fp32_fused_qat,42,conv1,conv1,"(64, 3, 3, 3)",176.67400705589438,42,3,
resnet18_no_weights,CIFAR10,fp32_fused_qat,43,conv1,conv1,"(64, 3, 3, 3)",173.2751364026751,43,3,
resnet18_no_weights,CIFAR10,fp32_fused_qat,44,conv1,conv1,"(64, 3, 3, 3)",179.75992743174234,44,3,
resnet18_no_weights,CIFAR10,fp32_fused_qat,"42,43,44",conv1,conv1,"(64, 3, 3, 3)",176.5696902967706,aggregate,3,3.2436538289933696
resnet18_no_weights,CIFAR10,fp32_fused_qat,42,layer1.0.conv1,layer1.0.conv1,"(64, 64, 3, 3)",59.2023743220738,42,3,
resnet18_no_weights,CIFAR10,fp32_fused_qat,43,layer1.0.conv1,layer1.0.conv1,"(64, 64, 3, 3)",63.359158799454974,43,3,
resnet18_no_weights,CIFAR10,fp32_fused_qat,44,layer1.0.conv1,layer1.0.conv1,"(64, 64, 3, 3)",63.99922332763672,44,3,
resnet18_no_weights,CIFAR10,fp32_fused_qat,"42,43,44",layer1.0.conv1,layer1.0.conv1,"(64, 64, 3, 3)",62.1869188163885,aggregate,3,2.6044289256893265
resnet18_no_weights,CIFAR10,fp32_fused_qat,42,layer1.0.conv2,layer1.0.conv2,"(64, 64, 3, 3)",41.48434462547302,42,3,
resnet18_no_weights,CIFAR10,fp32_fused_qat,43,layer1.0.conv2,layer1.0.conv2,"(64, 64, 3, 3)",39.22855706648393,43,3,
resnet18_no_weights,CIFAR10,fp32_fused_qat,44,layer1.0.conv2,layer1.0.conv2,"(64, 64, 3, 3)",40.0789802869161,44,3,
resnet18_no_weights,CIFAR10,fp32_fused_qat,"42,43,44",layer1.0.conv2,layer1.0.conv2,"(64, 64, 3, 3)",40.26396065962435,aggregate,3,1.1392136241890514
resnet18_no_weights,CIFAR10,fp32_fused_qat,42,layer1.1.conv1,layer1.1.conv1,"(64, 64, 3, 3)",212.44172829075865,42,3,
resnet18_no_weights,CIFAR10,fp32_fused_qat,43,layer1.1.conv1,layer1.1.conv1,"(64, 64, 3, 3)",243.4485969543457,43,3,
resnet18_no_weights,CIFAR10,fp32_fused_qat,44,layer1.1.conv1,layer1.1.conv1,"(64, 64, 3, 3)",255.97521075080422,44,3,
resnet18_no_weights,CIFAR10,fp32_fused_qat,"42,43,44",layer1.1.conv1,layer1.1.conv1,"(64, 64, 3, 3)",237.28851199863618,aggregate,3,22.410957337225533
resnet18_no_weights,CIFAR10,fp32_fused_qat,42,layer1.1.conv2,layer1.1.conv2,"(64, 64, 3, 3)",24.16983833312988,42,3,
resnet18_no_weights,CIFAR10,fp32_fused_qat,43,layer1.1.conv2,layer1.1.conv2,"(64, 64, 3, 3)",26.961285042040277,43,3,
resnet18_no_weights,CIFAR10,fp32_fused_qat,44,layer1.1.conv2,layer1.1.conv2,"(64, 64, 3, 3)",25.957693717058966,44,3,
resnet18_no_weights,CIFAR10,fp32_fused_qat,"42,43,44",layer1.1.conv2,layer1.1.conv2,"(64, 64, 3, 3)",25.696272364076375,aggregate,3,1.4139658853798796
resnet18_no_weights,CIFAR10,fp32_fused_qat,42,layer2.0.conv1,layer2.0.conv1,"(128, 64, 3, 3)",159.91550262451173,42,3,
resnet18_no_weights,CIFAR10,fp32_fused_qat,43,layer2.0.conv1,layer2.0.conv1,"(128, 64, 3, 3)",154.95908771861684,43,3,
resnet18_no_weights,CIFAR10,fp32_fused_qat,44,layer2.0.conv1,layer2.0.conv1,"(128, 64, 3, 3)",161.51125917936625,44,3,
resnet18_no_weights,CIFAR10,fp32_fused_qat,"42,43,44",layer2.0.conv1,layer2.0.conv1,"(128, 64, 3, 3)",158.79528317416495,aggregate,3,3.416709883128241
resnet18_no_weights,CIFAR10,fp32_fused_qat,42,layer2.0.conv2,layer2.0.conv2,"(128, 128, 3, 3)",31.019916434037057,42,3,
resnet18_no_weights,CIFAR10,fp32_fused_qat,43,layer2.0.conv2,layer2.0.conv2,"(128, 128, 3, 3)",29.87517695426941,43,3,
resnet18_no_weights,CIFAR10,fp32_fused_qat,44,layer2.0.conv2,layer2.0.conv2,"(128, 128, 3, 3)",35.710955788107476,44,3,
resnet18_no_weights,CIFAR10,fp32_fused_qat,"42,43,44",layer2.0.conv2,layer2.0.conv2,"(128, 128, 3, 3)",32.20201639213798,aggregate,3,3.0922643616894643
resnet18_no_weights,CIFAR10,fp32_fused_qat,42,layer2.0.downsample.0,layer2.0.downsample.0,"(128, 64, 1, 1)",17.377954779000117,42,3,
resnet18_no_weights,CIFAR10,fp32_fused_qat,43,layer2.0.downsample.0,layer2.0.downsample.0,"(128, 64, 1, 1)",15.941778930457863,43,3,
resnet18_no_weights,CIFAR10,fp32_fused_qat,44,layer2.0.downsample.0,layer2.0.downsample.0,"(128, 64, 1, 1)",15.943379001617432,44,3,
resnet18_no_weights,CIFAR10,fp32_fused_qat,"42,43,44",layer2.0.downsample.0,layer2.0.downsample.0,"(128, 64, 1, 1)",16.42103757035847,aggregate,3,0.828714998176586
resnet18_no_weights,CIFAR10,fp32_fused_qat,42,layer2.1.conv1,layer2.1.conv1,"(128, 128, 3, 3)",102.37780754238952,42,3,
resnet18_no_weights,CIFAR10,fp32_fused_qat,43,layer2.1.conv1,layer2.1.conv1,"(128, 128, 3, 3)",102.28155955561886,43,3,
resnet18_no_weights,CIFAR10,fp32_fused_qat,44,layer2.1.conv1,layer2.1.conv1,"(128, 128, 3, 3)",106.31577903993669,44,3,
resnet18_no_weights,CIFAR10,fp32_fused_qat,"42,43,44",layer2.1.conv1,layer2.1.conv1,"(128, 128, 3, 3)",103.65838204598168,aggregate,3,2.301876409877418
resnet18_no_weights,CIFAR10,fp32_fused_qat,42,layer2.1.conv2,layer2.1.conv2,"(128, 128, 3, 3)",12.814604065634988,42,3,
resnet18_no_weights,CIFAR10,fp32_fused_qat,43,layer2.1.conv2,layer2.1.conv2,"(128, 128, 3, 3)",13.615438854694366,43,3,
resnet18_no_weights,CIFAR10,fp32_fused_qat,44,layer2.1.conv2,layer2.1.conv2,"(128, 128, 3, 3)",14.703270980290004,44,3,
resnet18_no_weights,CIFAR10,fp32_fused_qat,"42,43,44",layer2.1.conv2,layer2.1.conv2,"(128, 128, 3, 3)",13.711104633539787,aggregate,3,0.9479607769099413
resnet18_no_weights,CIFAR10,fp32_fused_qat,42,layer3.0.conv1,layer3.0.conv1,"(256, 128, 3, 3)",188.41715494791666,42,3,
resnet18_no_weights,CIFAR10,fp32_fused_qat,43,layer3.0.conv1,layer3.0.conv1,"(256, 128, 3, 3)",192.53903886748523,43,3,
resnet18_no_weights,CIFAR10,fp32_fused_qat,44,layer3.0.conv1,layer3.0.conv1,"(256, 128, 3, 3)",218.00345709385016,44,3,
resnet18_no_weights,CIFAR10,fp32_fused_qat,"42,43,44",layer3.0.conv1,layer3.0.conv1,"(256, 128, 3, 3)",199.65321696975067,aggregate,3,16.024854639611625
resnet18_no_weights,CIFAR10,fp32_fused_qat,42,layer3.0.conv2,layer3.0.conv2,"(256, 256, 3, 3)",46.4990023908944,42,3,
resnet18_no_weights,CIFAR10,fp32_fused_qat,43,layer3.0.conv2,layer3.0.conv2,"(256, 256, 3, 3)",38.99791431427002,43,3,
resnet18_no_weights,CIFAR10,fp32_fused_qat,44,layer3.0.conv2,layer3.0.conv2,"(256, 256, 3, 3)",46.60186433792114,44,3,
resnet18_no_weights,CIFAR10,fp32_fused_qat,"42,43,44",layer3.0.conv2,layer3.0.conv2,"(256, 256, 3, 3)",44.03292701436185,aggregate,3,4.360752207200161
resnet18_no_weights,CIFAR10,fp32_fused_qat,42,layer3.0.downsample.0,layer3.0.downsample.0,"(256, 128, 1, 1)",19.992023162841797,42,3,
resnet18_no_weights,CIFAR10,fp32_fused_qat,43,layer3.0.downsample.0,layer3.0.downsample.0,"(256, 128, 1, 1)",18.581479164861864,43,3,
resnet18_no_weights,CIFAR10,fp32_fused_qat,44,layer3.0.downsample.0,layer3.0.downsample.0,"(256, 128, 1, 1)",18.831500434875487,44,3,
resnet18_no_weights,CIFAR10,fp32_fused_qat,"42,43,44",layer3.0.downsample.0,layer3.0.downsample.0,"(256, 128, 1, 1)",19.135000920859717,aggregate,3,0.752657293397068
resnet18_no_weights,CIFAR10,fp32_fused_qat,42,layer3.1.conv1,layer3.1.conv1,"(256, 256, 3, 3)",82.43618869781494,42,3,
resnet18_no_weights,CIFAR10,fp32_fused_qat,43,layer3.1.conv1,layer3.1.conv1,"(256, 256, 3, 3)",71.28600202287946,43,3,
resnet18_no_weights,CIFAR10,fp32_fused_qat,44,layer3.1.conv1,layer3.1.conv1,"(256, 256, 3, 3)",83.04896659851075,44,3,
resnet18_no_weights,CIFAR10,fp32_fused_qat,"42,43,44",layer3.1.conv1,layer3.1.conv1,"(256, 256, 3, 3)",78.92371910640172,aggregate,3,6.621549356067739
resnet18_no_weights,CIFAR10,fp32_fused_qat,42,layer3.1.conv2,layer3.1.conv2,"(256, 256, 3, 3)",12.01928906440735,42,3,
resnet18_no_weights,CIFAR10,fp32_fused_qat,43,layer3.1.conv2,layer3.1.conv2,"(256, 256, 3, 3)",13.447469102011787,43,3,
resnet18_no_weights,CIFAR10,fp32_fused_qat,44,layer3.1.conv2,layer3.1.conv2,"(256, 256, 3, 3)",13.276187447940602,44,3,
resnet18_no_weights,CIFAR10,fp32_fused_qat,"42,43,44",layer3.1.conv2,layer3.1.conv2,"(256, 256, 3, 3)",12.914315204786579,aggregate,3,0.7798321583693163
resnet18_no_weights,CIFAR10,fp32_fused_qat,42,layer4.0.conv1,layer4.0.conv1,"(512, 256, 3, 3)",69.69416947798295,42,3,
resnet18_no_weights,CIFAR10,fp32_fused_qat,43,layer4.0.conv1,layer4.0.conv1,"(512, 256, 3, 3)",70.22553319516389,43,3,
resnet18_no_weights,CIFAR10,fp32_fused_qat,44,layer4.0.conv1,layer4.0.conv1,"(512, 256, 3, 3)",67.84716242009944,44,3,
resnet18_no_weights,CIFAR10,fp32_fused_qat,"42,43,44",layer4.0.conv1,layer4.0.conv1,"(512, 256, 3, 3)",69.25562169774877,aggregate,3,1.248360926407674
resnet18_no_weights,CIFAR10,fp32_fused_qat,42,layer4.0.conv2,layer4.0.conv2,"(512, 512, 3, 3)",16.084951050141278,42,3,
resnet18_no_weights,CIFAR10,fp32_fused_qat,43,layer4.0.conv2,layer4.0.conv2,"(512, 512, 3, 3)",16.39337232377794,43,3,
resnet18_no_weights,CIFAR10,fp32_fused_qat,44,layer4.0.conv2,layer4.0.conv2,"(512, 512, 3, 3)",15.214537620544434,44,3,
resnet18_no_weights,CIFAR10,fp32_fused_qat,"42,43,44",layer4.0.conv2,layer4.0.conv2,"(512, 512, 3, 3)",15.897620331487884,aggregate,3,0.6113365791446678
resnet18_no_weights,CIFAR10,fp32_fused_qat,42,layer4.0.downsample.0,layer4.0.downsample.0,"(512, 256, 1, 1)",5.350917188488707,42,3,
resnet18_no_weights,CIFAR10,fp32_fused_qat,43,layer4.0.downsample.0,layer4.0.downsample.0,"(512, 256, 1, 1)",5.92379990418752,43,3,
resnet18_no_weights,CIFAR10,fp32_fused_qat,44,layer4.0.downsample.0,layer4.0.downsample.0,"(512, 256, 1, 1)",5.980937773181546,44,3,
resnet18_no_weights,CIFAR10,fp32_fused_qat,"42,43,44",layer4.0.downsample.0,layer4.0.downsample.0,"(512, 256, 1, 1)",5.751884955285925,aggregate,3,0.3484215069797721
resnet18_no_weights,CIFAR10,fp32_fused_qat,42,layer4.1.conv1,layer4.1.conv1,"(512, 512, 3, 3)",67.36280250549316,42,3,
resnet18_no_weights,CIFAR10,fp32_fused_qat,43,layer4.1.conv1,layer4.1.conv1,"(512, 512, 3, 3)",68.95866977985088,43,3,
resnet18_no_weights,CIFAR10,fp32_fused_qat,44,layer4.1.conv1,layer4.1.conv1,"(512, 512, 3, 3)",58.631035486857094,44,3,
resnet18_no_weights,CIFAR10,fp32_fused_qat,"42,43,44",layer4.1.conv1,layer4.1.conv1,"(512, 512, 3, 3)",64.98416925740038,aggregate,3,5.559535018250594
resnet18_no_weights,CIFAR10,fp32_fused_qat,42,layer4.1.conv2,layer4.1.conv2,"(512, 512, 3, 3)",2.158857423683693,42,3,
resnet18_no_weights,CIFAR10,fp32_fused_qat,43,layer4.1.conv2,layer4.1.conv2,"(512, 512, 3, 3)",2.181747541345399,43,3,
resnet18_no_weights,CIFAR10,fp32_fused_qat,44,layer4.1.conv2,layer4.1.conv2,"(512, 512, 3, 3)",2.1327762365341187,44,3,
resnet18_no_weights,CIFAR10,fp32_fused_qat,"42,43,44",layer4.1.conv2,layer4.1.conv2,"(512, 512, 3, 3)",2.1577937338544033,aggregate,3,0.0245029743249575
resnet18_no_weights,CIFAR10,fp32_fused_qat,42,fc,fc,"(10, 512)",2.891575652977516,42,3,
resnet18_no_weights,CIFAR10,fp32_fused_qat,43,fc,fc,"(10, 512)",4.362278699874878,43,3,
resnet18_no_weights,CIFAR10,fp32_fused_qat,44,fc,fc,"(10, 512)",2.9723493511026557,44,3,
resnet18_no_weights,CIFAR10,fp32_fused_qat,"42,43,44",fc,fc,"(10, 512)",3.4087345679850167,aggregate,3,0.8267804461726189
cnn,CIFAR10,fp32_unfused,42,conv1,conv1,"(32, 3, 3, 3)",55.30803572747015,42,3,
cnn,CIFAR10,fp32_unfused,43,conv1,conv1,"(32, 3, 3, 3)",57.075734398581766,43,3,
cnn,CIFAR10,fp32_unfused,44,conv1,conv1,"(32, 3, 3, 3)",61.39114206102159,44,3,
cnn,CIFAR10,fp32_unfused,"42,43,44",conv1,conv1,"(32, 3, 3, 3)",57.9249707290245,aggregate,3,3.1292087538276028
cnn,CIFAR10,fp32_unfused,42,conv2,conv2,"(64, 32, 3, 3)",146.48499838511148,42,3,
cnn,CIFAR10,fp32_unfused,43,conv2,conv2,"(64, 32, 3, 3)",125.90855594981801,43,3,
cnn,CIFAR10,fp32_unfused,44,conv2,conv2,"(64, 32, 3, 3)",132.89940043858118,44,3,
cnn,CIFAR10,fp32_unfused,"42,43,44",conv2,conv2,"(64, 32, 3, 3)",135.09765159117023,aggregate,3,10.462873741025014
cnn,CIFAR10,fp32_unfused,42,conv3,conv3,"(128, 64, 3, 3)",216.53372779259314,42,3,
cnn,CIFAR10,fp32_unfused,43,conv3,conv3,"(128, 64, 3, 3)",177.97132301330566,43,3,
cnn,CIFAR10,fp32_unfused,44,conv3,conv3,"(128, 64, 3, 3)",176.01653962976792,44,3,
cnn,CIFAR10,fp32_unfused,"42,43,44",conv3,conv3,"(128, 64, 3, 3)",190.17386347855557,aggregate,3,22.84922601555668
cnn,CIFAR10,fp32_unfused,42,conv4,conv4,"(256, 128, 3, 3)",69.5191167831421,42,3,
cnn,CIFAR10,fp32_unfused,43,conv4,conv4,"(256, 128, 3, 3)",60.212696973015284,43,3,
cnn,CIFAR10,fp32_unfused,44,conv4,conv4,"(256, 128, 3, 3)",61.62273661295573,44,3,
cnn,CIFAR10,fp32_unfused,"42,43,44",conv4,conv4,"(256, 128, 3, 3)",63.7848501230377,aggregate,3,5.015816338686998
cnn,CIFAR10,fp32_unfused,42,fc1,fc1,"(1024, 1024)",13.211931037902833,42,3,
cnn,CIFAR10,fp32_unfused,43,fc1,fc1,"(1024, 1024)",11.313241134990346,43,3,
cnn,CIFAR10,fp32_unfused,44,fc1,fc1,"(1024, 1024)",11.279830813407898,44,3,
cnn,CIFAR10,fp32_unfused,"42,43,44",fc1,fc1,"(1024, 1024)",11.935000995433692,aggregate,3,1.105980023516357
cnn,CIFAR10,fp32_unfused,42,fc2,fc2,"(10, 1024)",5.795604910169329,42,3,
cnn,CIFAR10,fp32_unfused,43,fc2,fc2,"(10, 1024)",4.660706053609434,43,3,
cnn,CIFAR10,fp32_unfused,44,fc2,fc2,"(10, 1024)",5.884788217998686,44,3,
cnn,CIFAR10,fp32_unfused,"42,43,44",fc2,fc2,"(10, 1024)",5.447033060592483,aggregate,3,0.6824375700619338
cnn,CIFAR10,ptq,42,conv1,conv1,"(32, 3, 3, 3)",345.3764814897017,42,3,
cnn,CIFAR10,ptq,43,conv1,conv1,"(32, 3, 3, 3)",344.67298380533856,43,3,
cnn,CIFAR10,ptq,44,conv1,conv1,"(32, 3, 3, 3)",360.97859439849856,44,3,
cnn,CIFAR10,ptq,"42,43,44",conv1,conv1,"(32, 3, 3, 3)",350.3426865645129,aggregate,3,9.217680230825628
cnn,CIFAR10,ptq,42,conv2,conv2,"(64, 32, 3, 3)",846.8272908528646,42,3,
cnn,CIFAR10,ptq,43,conv2,conv2,"(64, 32, 3, 3)",987.3711591448102,43,3,
cnn,CIFAR10,ptq,44,conv2,conv2,"(64, 32, 3, 3)",883.1362016465929,44,3,
cnn,CIFAR10,ptq,"42,43,44",conv2,conv2,"(64, 32, 3, 3)",905.778217214756,aggregate,3,72.95642795777245
cnn,CIFAR10,ptq,42,conv3,conv3,"(128, 64, 3, 3)",444.5540262858073,42,3,
cnn,CIFAR10,ptq,43,conv3,conv3,"(128, 64, 3, 3)",456.9208025251116,43,3,
cnn,CIFAR10,ptq,44,conv3,conv3,"(128, 64, 3, 3)",421.31337162486295,44,3,
cnn,CIFAR10,ptq,"42,43,44",conv3,conv3,"(128, 64, 3, 3)",440.9294001452606,aggregate,3,18.078321819877143
cnn,CIFAR10,ptq,42,conv4,conv4,"(256, 128, 3, 3)",25.37787437438965,42,3,
cnn,CIFAR10,ptq,43,conv4,conv4,"(256, 128, 3, 3)",22.61900450966575,43,3,
cnn,CIFAR10,ptq,44,conv4,conv4,"(256, 128, 3, 3)",22.728890538215637,44,3,
cnn,CIFAR10,ptq,"42,43,44",conv4,conv4,"(256, 128, 3, 3)",23.575256474090345,aggregate,3,1.5620794492205632
cnn,CIFAR10,ptq,42,fc1,fc1,"(1024, 1024)",19.628110712224785,42,3,
cnn,CIFAR10,ptq,43,fc1,fc1,"(1024, 1024)",18.59623350415911,43,3,
cnn,CIFAR10,ptq,44,fc1,fc1,"(1024, 1024)",17.156846146834525,44,3,
cnn,CIFAR10,ptq,"42,43,44",fc1,fc1,"(1024, 1024)",18.460396787739473,aggregate,3,1.2412195004043924
cnn,CIFAR10,ptq,42,fc2,fc2,"(10, 1024)",5.8553632074786774,42,3,
cnn,CIFAR10,ptq,43,fc2,fc2,"(10, 1024)",6.359916305541992,43,3,
cnn,CIFAR10,ptq,44,fc2,fc2,"(10, 1024)",6.351303473114967,44,3,
cnn,CIFAR10,ptq,"42,43,44",fc2,fc2,"(10, 1024)",6.188860995378546,aggregate,3,0.2888496600676259
cnn,CIFAR10,fp32_fused,42,conv1,conv1,"(32, 3, 3, 3)",383.8000704008957,42,3,
cnn,CIFAR10,fp32_fused,43,conv1,conv1,"(32, 3, 3, 3)",375.4342644431374,43,3,
cnn,CIFAR10,fp32_fused,44,conv1,conv1,"(32, 3, 3, 3)",384.0719683720515,44,3,
cnn,CIFAR10,fp32_fused,"42,43,44",conv1,conv1,"(32, 3, 3, 3)",381.10210107202823,aggregate,3,4.9103728132929865
cnn,CIFAR10,fp32_fused,42,conv2,conv2,"(64, 32, 3, 3)",813.5986277262369,42,3,
cnn,CIFAR10,fp32_fused,43,conv2,conv2,"(64, 32, 3, 3)",747.8337890625,43,3,
cnn,CIFAR10,fp32_fused,44,conv2,conv2,"(64, 32, 3, 3)",865.6385640462239,44,3,
cnn,CIFAR10,fp32_fused,"42,43,44",conv2,conv2,"(64, 32, 3, 3)",809.0236602783203,aggregate,3,59.035489306040105
cnn,CIFAR10,fp32_fused,42,conv3,conv3,"(128, 64, 3, 3)",331.28736518411074,42,3,
cnn,CIFAR10,fp32_fused,43,conv3,conv3,"(128, 64, 3, 3)",349.16505432128906,43,3,
cnn,CIFAR10,fp32_fused,44,conv3,conv3,"(128, 64, 3, 3)",326.3521487213844,44,3,
cnn,CIFAR10,fp32_fused,"42,43,44",conv3,conv3,"(128, 64, 3, 3)",335.6015227422614,aggregate,3,12.002755185995902
cnn,CIFAR10,fp32_fused,42,conv4,conv4,"(256, 128, 3, 3)",20.87830224244491,42,3,
cnn,CIFAR10,fp32_fused,43,conv4,conv4,"(256, 128, 3, 3)",22.709610802786692,43,3,
cnn,CIFAR10,fp32_fused,44,conv4,conv4,"(256, 128, 3, 3)",19.581234470490486,44,3,
cnn,CIFAR10,fp32_fused,"42,43,44",conv4,conv4,"(256, 128, 3, 3)",21.056382505240695,aggregate,3,1.5717725834597789
cnn,CIFAR10,fp32_fused,42,fc1,fc1,"(1024, 1024)",12.640653977027306,42,3,
cnn,CIFAR10,fp32_fused,43,fc1,fc1,"(1024, 1024)",13.043553284236364,43,3,
cnn,CIFAR10,fp32_fused,44,fc1,fc1,"(1024, 1024)",12.987096535532098,44,3,
cnn,CIFAR10,fp32_fused,"42,43,44",fc1,fc1,"(1024, 1024)",12.890434598931922,aggregate,3,0.21815043073039525
cnn,CIFAR10,fp32_fused,42,fc2,fc2,"(10, 1024)",4.907760745770222,42,3,
cnn,CIFAR10,fp32_fused,43,fc2,fc2,"(10, 1024)",5.3691418170928955,43,3,
cnn,CIFAR10,fp32_fused,44,fc2,fc2,"(10, 1024)",5.881583645939827,44,3,
cnn,CIFAR10,fp32_fused,"42,43,44",fc2,fc2,"(10, 1024)",5.3861620696009815,aggregate,3,0.4871345060353088
cnn,CIFAR10,qat,42,conv1,conv1,"(32, 3, 3, 3)",244.85649455677378,42,3,
cnn,CIFAR10,qat,43,conv1,conv1,"(32, 3, 3, 3)",262.02415945870536,43,3,
cnn,CIFAR10,qat,44,conv1,conv1,"(32, 3, 3, 3)",259.1495183308919,44,3,
cnn,CIFAR10,qat,"42,43,44",conv1,conv1,"(32, 3, 3, 3)",255.3433907821237,aggregate,3,9.194951589561123
cnn,CIFAR10,qat,42,conv2,conv2,"(64, 32, 3, 3)",599.8239462716239,42,3,
cnn,CIFAR10,qat,43,conv2,conv2,"(64, 32, 3, 3)",539.7900177637736,43,3,
cnn,CIFAR10,qat,44,conv2,conv2,"(64, 32, 3, 3)",596.8778732299804,44,3,
cnn,CIFAR10,qat,"42,43,44",conv2,conv2,"(64, 32, 3, 3)",578.8306124217926,aggregate,3,33.842220081290236
cnn,CIFAR10,qat,42,conv3,conv3,"(128, 64, 3, 3)",253.47671457926432,42,3,
cnn,CIFAR10,qat,43,conv3,conv3,"(128, 64, 3, 3)",320.2001444498698,43,3,
cnn,CIFAR10,qat,44,conv3,conv3,"(128, 64, 3, 3)",280.24731572469074,44,3,
cnn,CIFAR10,qat,"42,43,44",conv3,conv3,"(128, 64, 3, 3)",284.6413915846083,aggregate,3,33.578042683000966
cnn,CIFAR10,qat,42,conv4,conv4,"(256, 128, 3, 3)",15.379403216498238,42,3,
cnn,CIFAR10,qat,43,conv4,conv4,"(256, 128, 3, 3)",16.59894666671753,43,3,
cnn,CIFAR10,qat,44,conv4,conv4,"(256, 128, 3, 3)",16.147407789488096,44,3,
cnn,CIFAR10,qat,"42,43,44",conv4,conv4,"(256, 128, 3, 3)",16.041919224234622,aggregate,3,0.616577192890413
cnn,CIFAR10,qat,42,fc1,fc1,"(1024, 1024)",12.350498305426704,42,3,
cnn,CIFAR10,qat,43,fc1,fc1,"(1024, 1024)",11.735997115864473,43,3,
cnn,CIFAR10,qat,44,fc1,fc1,"(1024, 1024)",12.020489174386729,44,3,
cnn,CIFAR10,qat,"42,43,44",fc1,fc1,"(1024, 1024)",12.035661531892636,aggregate,3,0.3075314265527422
cnn,CIFAR10,qat,42,fc2,fc2,"(10, 1024)",4.588793699557964,42,3,
cnn,CIFAR10,qat,43,fc2,fc2,"(10, 1024)",5.113055578867594,43,3,
cnn,CIFAR10,qat,44,fc2,fc2,"(10, 1024)",5.197063742261944,44,3,
cnn,CIFAR10,qat,"42,43,44",fc2,fc2,"(10, 1024)",4.966304340229168,aggregate,3,0.3296210790350182
cnn,CIFAR10,fp32_fused_qat,42,conv1,conv1,"(32, 3, 3, 3)",441.2944110870361,42,3,
cnn,CIFAR10,fp32_fused_qat,43,conv1,conv1,"(32, 3, 3, 3)",423.0186288016183,43,3,
cnn,CIFAR10,fp32_fused_qat,44,conv1,conv1,"(32, 3, 3, 3)",398.85687838467686,44,3,
cnn,CIFAR10,fp32_fused_qat,"42,43,44",conv1,conv1,"(32, 3, 3, 3)",421.05663942444374,aggregate,3,21.286688262927655
cnn,CIFAR10,fp32_fused_qat,42,conv2,conv2,"(64, 32, 3, 3)",767.1551361083984,42,3,
cnn,CIFAR10,fp32_fused_qat,43,conv2,conv2,"(64, 32, 3, 3)",1009.2720794677734,43,3,
cnn,CIFAR10,fp32_fused_qat,44,conv2,conv2,"(64, 32, 3, 3)",982.1656766850898,44,3,
cnn,CIFAR10,fp32_fused_qat,"42,43,44",conv2,conv2,"(64, 32, 3, 3)",919.5309640870872,aggregate,3,132.6555086760346
cnn,CIFAR10,fp32_fused_qat,42,conv3,conv3,"(128, 64, 3, 3)",380.8465051269531,42,3,
cnn,CIFAR10,fp32_fused_qat,43,conv3,conv3,"(128, 64, 3, 3)",409.70396999782986,43,3,
cnn,CIFAR10,fp32_fused_qat,44,conv3,conv3,"(128, 64, 3, 3)",330.96487565474075,44,3,
cnn,CIFAR10,fp32_fused_qat,"42,43,44",conv3,conv3,"(128, 64, 3, 3)",373.83845025984124,aggregate,3,39.83460642780106
cnn,CIFAR10,fp32_fused_qat,42,conv4,conv4,"(256, 128, 3, 3)",21.819780111312866,42,3,
cnn,CIFAR10,fp32_fused_qat,43,conv4,conv4,"(256, 128, 3, 3)",21.741639773050945,43,3,
cnn,CIFAR10,fp32_fused_qat,44,conv4,conv4,"(256, 128, 3, 3)",21.315473276026108,44,3,
cnn,CIFAR10,fp32_fused_qat,"42,43,44",conv4,conv4,"(256, 128, 3, 3)",21.625631053463305,aggregate,3,0.27143113913939393
cnn,CIFAR10,fp32_fused_qat,42,fc1,fc1,"(1024, 1024)",14.177722150629217,42,3,
cnn,CIFAR10,fp32_fused_qat,43,fc1,fc1,"(1024, 1024)",13.109070056193584,43,3,
cnn,CIFAR10,fp32_fused_qat,44,fc1,fc1,"(1024, 1024)",14.832742691040039,44,3,
cnn,CIFAR10,fp32_fused_qat,"42,43,44",fc1,fc1,"(1024, 1024)",14.03984496595428,aggregate,3,0.8700686332525988
cnn,CIFAR10,fp32_fused_qat,42,fc2,fc2,"(10, 1024)",5.273422847191493,42,3,
cnn,CIFAR10,fp32_fused_qat,43,fc2,fc2,"(10, 1024)",5.038225370294907,43,3,
cnn,CIFAR10,fp32_fused_qat,44,fc2,fc2,"(10, 1024)",5.288485670089722,44,3,
cnn,CIFAR10,fp32_fused_qat,"42,43,44",fc2,fc2,"(10, 1024)",5.200044629192041,aggregate,3,0.14034182046321395
