model,dataset,variant,layer,tr_A,tr_G,A_per_infan,G_per_outfan,predicted_per_param,measured_per_param,seed,n_seeds,metric_std
resnet50_no_weights,CIFAR10,fp32_unfused,conv1,42.071197509765625,1.8256749001466233e-07,1.5581925003616899,3.169574479421221e-10,4.938807183171954e-10,,42,3,
resnet50_no_weights,CIFAR10,fp32_unfused,conv1,39.1317138671875,1.6835059568620636e-07,1.4493227358217593,2.9227533973299713e-10,4.2360129499506157e-10,,43,3,
resnet50_no_weights,CIFAR10,fp32_unfused,conv1,38.804786682128906,1.4038504048130562e-07,1.43721432156033,2.4372402861337783e-10,3.5028366443152627e-10,,44,3,
resnet50_no_weights,CIFAR10,fp32_unfused,conv1,40.00256601969401,1.6376770872739144e-07,1.4815765192479264,2.8431893876283237e-10,4.212402636485015e-10,0.008449807658670358,aggregate,3,1.7989295504186693
resnet50_no_weights,CIFAR10,fp32_unfused,fc,35.4514274597168,4.852244092035107e-05,0.017310267314314842,4.852244092035107e-06,8.399364230743261e-08,,42,3,
resnet50_no_weights,CIFAR10,fp32_unfused,fc,34.3662109375,5.0846876547439024e-05,0.016780376434326172,5.0846876547439026e-06,8.53229728975738e-08,,43,3,
resnet50_no_weights,CIFAR10,fp32_unfused,fc,34.04265213012695,5.588942440226674e-05,0.01662238873541355,5.588942440226674e-06,9.290157386129859e-08,,44,3,
resnet50_no_weights,CIFAR10,fp32_unfused,fc,34.620096842447914,5.175291395668561e-05,0.01690434416135152,5.175291395668561e-06,8.74849068876626e-08,0.00027154678123655245,aggregate,3,0.7379061741601436
resnet50_no_weights,CIFAR10,fp32_unfused,layer1.0.conv1,4.6785454750061035,7.693858350421579e-08,0.07310227304697037,1.2021653672533716e-09,8.788102092456738e-11,,42,3,
resnet50_no_weights,CIFAR10,fp32_unfused,layer1.0.conv1,4.2867631912231445,6.96838853286863e-08,0.06698067486286163,1.0888107082607235e-09,7.292927603721361e-11,,43,3,
resnet50_no_weights,CIFAR10,fp32_unfused,layer1.0.conv1,4.488983154296875,6.331515578494873e-08,0.07014036178588867,9.892993091398239e-10,6.938981145759697e-11,,44,3,
resnet50_no_weights,CIFAR10,fp32_unfused,layer1.0.conv1,4.484763940175374,6.997920820595027e-08,0.07007443656524022,1.093425128217973e-09,7.662114978615e-11,0.0010109831801183562,aggregate,3,0.19592521735958354
resnet50_no_weights,CIFAR10,fp32_unfused,layer1.0.conv2,9.92973804473877,9.555403579497579e-08,0.017239128549893696,1.658924232551663e-10,2.859840809949186e-12,,42,3,
resnet50_no_weights,CIFAR10,fp32_unfused,layer1.0.conv2,9.184608459472656,8.807788276499195e-08,0.015945500797695585,1.5291299091144436e-10,2.438274218556454e-12,,43,3,
resnet50_no_weights,CIFAR10,fp32_unfused,layer1.0.conv2,9.802767753601074,7.09689089717358e-08,0.017018694016668532,1.2320991140926354e-10,2.0968717820950936e-12,,44,3,
resnet50_no_weights,CIFAR10,fp32_unfused,layer1.0.conv2,9.6390380859375,8.486694251056785e-08,0.01673444112141927,1.4733844185862472e-10,2.4656264802048117e-12,0.00010619945638732628,aggregate,3,0.39863526909272695
resnet50_no_weights,CIFAR10,fp32_unfused,layer1.0.conv3,1.2002215385437012,6.326678203549818e-07,0.01875346153974533,2.4713586732616477e-09,4.634652982992836e-11,,42,3,
resnet50_no_weights,CIFAR10,fp32_unfused,layer1.0.conv3,1.1114287376403809,5.944626764176064e-07,0.01736607402563095,2.322119829756275e-09,4.0326104859933014e-11,,43,3,
resnet50_no_weights,CIFAR10,fp32_unfused,layer1.0.conv3,1.1758054494857788,4.835396225644217e-07,0.018371960148215294,1.8888266506422724e-09,3.47014479524868e-11,,44,3,
resnet50_no_weights,CIFAR10,fp32_unfused,layer1.0.conv3,1.1624852418899536,5.702233731123366e-07,0.018163831904530525,2.227435051220065e-09,4.04587558486206e-11,0.000174966456304094,aggregate,3,0.045870593203719084
resnet50_no_weights,CIFAR10,fp32_unfused,layer1.0.downsample.0,4.6785454750061035,1.1392219221306732e-06,0.07310227304697037,4.450085633322942e-09,3.2531137504957377e-10,,42,3,
resnet50_no_weights,CIFAR10,fp32_unfused,layer1.0.downsample.0,4.2867631912231445,1.0768857237053453e-06,0.06698067486286163,4.206584858224005e-09,2.81759892671739e-10,,43,3,
resnet50_no_weights,CIFAR10,fp32_unfused,layer1.0.downsample.0,4.488983154296875,8.982615327113308e-07,0.07014036178588867,3.508834112153636e-09,2.461108940731235e-10,,44,3,
resnet50_no_weights,CIFAR10,fp32_unfused,layer1.0.downsample.0,4.484763940175374,1.038123059515783e-06,0.07007443656524022,4.055168201233528e-09,2.8416362687871814e-10,0.0010552787684779152,aggregate,3,0.19592521735958354
resnet50_no_weights,CIFAR10,fp32_unfused,layer1.1.conv1,10.029526710510254,6.326475698870127e-08,0.03917783871293068,9.885118279484573e-10,3.872775696118894e-11,,42,3,
resnet50_no_weights,CIFAR10,fp32_unfused,layer1.1.conv1,9.772751808166504,5.533822999836957e-08,0.038174811750650406,8.646598437245245e-10,3.300822676253052e-11,,43,3,
resnet50_no_weights,CIFAR10,fp32_unfused,layer1.1.conv1,9.887951850891113,4.296218136801144e-08,0.03862481191754341,6.712840838751788e-10,2.5928221482919217e-11,,44,3,
resnet50_no_weights,CIFAR10,fp32_unfused,layer1.1.conv1,9.896743456522623,5.385505611836076e-08,0.038659154127041497,8.414852518493868e-10,3.2531108046877776e-11,0.00015782709281699596,aggregate,3,0.1286130120384232
resnet50_no_weights,CIFAR10,fp32_unfused,layer1.1.conv2,8.99333667755127,1.7981595590299548e-07,0.015613431731859842,3.1218047899825607e-10,4.874208596858576e-12,,42,3,
resnet50_no_weights,CIFAR10,fp32_unfused,layer1.1.conv2,8.803828239440918,1.697375040521365e-07,0.01528442402680715,2.946831667571814e-10,4.504062474279082e-12,,43,3,
resnet50_no_weights,CIFAR10,fp32_unfused,layer1.1.conv2,8.893834114074707,1.405879714866387e-07,0.015440684225824144,2.440763393865255e-10,3.768705683462425e-12,,44,3,
resnet50_no_weights,CIFAR10,fp32_unfused,layer1.1.conv2,8.896999677022299,1.633804771472569e-07,0.015446179994830379,2.8364666171398767e-10,4.381257391767016e-12,9.314227624174761e-05,aggregate,3,0.09479386910732998
resnet50_no_weights,CIFAR10,fp32_unfused,layer1.1.conv3,1.0629844665527344,5.800425242341589e-07,0.016609132289886475,2.2657911102896833e-09,3.7632824292050105e-11,,42,3,
resnet50_no_weights,CIFAR10,fp32_unfused,layer1.1.conv3,1.0731428861618042,5.656503958562098e-07,0.01676785759627819,2.2095718588133195e-09,3.704978627732544e-11,,43,3,
resnet50_no_weights,CIFAR10,fp32_unfused,layer1.1.conv3,1.0842560529708862,4.924135055262013e-07,0.016941500827670097,1.923490255961724e-09,3.2586811763390914e-11,,44,3,
resnet50_no_weights,CIFAR10,fp32_unfused,layer1.1.conv3,1.0734611352284749,5.460354752055233e-07,0.01677283023794492,2.1329510750215754e-09,3.5775626287179e-11,0.00015726818405280326,aggregate,3,0.010639363657548003
resnet50_no_weights,CIFAR10,fp32_unfused,layer1.2.conv1,12.850900650024414,1.266883202788449e-07,0.05019883066415787,1.9795050043569518e-09,9.93688365125677e-11,,42,3,
resnet50_no_weights,CIFAR10,fp32_unfused,layer1.2.conv1,12.594263076782227,1.2339310728748387e-07,0.04919634014368057,1.9280173013669355e-09,9.485139496094885e-11,,43,3,
resnet50_no_weights,CIFAR10,fp32_unfused,layer1.2.conv1,12.730917930603027,1.0485118906444768e-07,0.049730148166418076,1.638299829131995e-09,8.147289324375153e-11,,44,3,
resnet50_no_weights,CIFAR10,fp32_unfused,layer1.2.conv1,12.725360552469889,1.1831087221025882e-07,0.0497084396580855,1.848607378285294e-09,9.189138831498618e-11,0.0003013269669613764,aggregate,3,0.12840901190608
resnet50_no_weights,CIFAR10,fp32_unfused,layer1.2.conv2,9.224592208862305,1.314939339636112e-07,0.016014917029274836,2.282880797979361e-10,3.656014656736419e-12,,42,3,
resnet50_no_weights,CIFAR10,fp32_unfused,layer1.2.conv2,9.108095169067383,1.30205975779063e-07,0.015812665224075317,2.260520412830955e-10,3.574485252028442e-12,,43,3,
resnet50_no_weights,CIFAR10,fp32_unfused,layer1.2.conv2,9.219259262084961,1.0996036792221275e-07,0.016005658441119723,1.9090341653161935e-10,3.0555348802479076e-12,,44,3,
resnet50_no_weights,CIFAR10,fp32_unfused,layer1.2.conv2,9.183982213338217,1.2388675922162898e-07,0.015944413564823293,2.15081179204217e-10,3.429343271241907e-12,0.0003313216032049384,aggregate,3,0.06577417955744533
resnet50_no_weights,CIFAR10,fp32_unfused,layer1.2.conv3,0.9998968243598938,3.9912248439577525e-07,0.01562338788062334,1.559072204670997e-09,2.4357989787473568e-11,,42,3,
resnet50_no_weights,CIFAR10,fp32_unfused,layer1.2.conv3,1.005828857421875,3.916017874416866e-07,0.015716075897216797,1.5296944821940883e-09,2.404079458171604e-11,,43,3,
resnet50_no_weights,CIFAR10,fp32_unfused,layer1.2.conv3,1.017329216003418,3.4591855069265875e-07,0.015895769000053406,1.3512443386431983e-09,2.1479067869702217e-11,,44,3,
resnet50_no_weights,CIFAR10,fp32_unfused,layer1.2.conv3,1.0076849659283955,3.7888094084337354e-07,0.01574507759263118,1.4800036751694279e-09,2.3302772702921955e-11,0.000329011180696802,aggregate,3,0.008863177968104126
resnet50_no_weights,CIFAR10,fp32_unfused,layer2.0.conv1,17.262781143188477,3.056653952171473e-08,0.06743273884057999,2.3880109001339633e-10,1.610301153771919e-11,,42,3,
resnet50_no_weights,CIFAR10,fp32_unfused,layer2.0.conv1,16.986982345581055,3.014346461327477e-08,0.066355399787426,2.3549581729120916e-10,1.562641910462481e-11,,43,3,
resnet50_no_weights,CIFAR10,fp32_unfused,layer2.0.conv1,17.166522979736328,2.619221639577063e-08,0.06705673038959503,2.0462669059195804e-10,1.3721596821540012e-11,,44,3,
resnet50_no_weights,CIFAR10,fp32_unfused,layer2.0.conv1,17.13876215616862,2.8967406843586712e-08,0.06694828967253368,2.263078659655212e-10,1.5150924565832637e-11,0.00040147607894980937,aggregate,3,0.13997943307605223
resnet50_no_weights,CIFAR10,fp32_unfused,layer2.0.conv2,17.759693145751953,3.5168105227967317e-07,0.015416400300131904,3.0527869121499407e-10,4.70629850687071e-12,,42,3,
resnet50_no_weights,CIFAR10,fp32_unfused,layer2.0.conv2,17.478271484375,3.5429457057034597e-07,0.015172110663519965,3.0754737028675866e-10,4.6661427362652545e-12,,43,3,
resnet50_no_weights,CIFAR10,fp32_unfused,layer2.0.conv2,17.850418090820312,3.191417761172488e-07,0.015495154592725966,2.7703279176844514e-10,4.292665935706519e-12,,44,3,
resnet50_no_weights,CIFAR10,fp32_unfused,layer2.0.conv2,17.69612757364909,3.41705799655756e-07,0.015361221852125946,2.966196177567326e-10,4.556439754053967e-12,0.0001615544838961015,aggregate,3,0.19404564061004806
resnet50_no_weights,CIFAR10,fp32_unfused,layer2.0.conv3,2.5815205574035645,2.252180593131925e-06,0.020168129354715347,4.398790220960791e-09,8.871537018059414e-11,,42,3,
resnet50_no_weights,CIFAR10,fp32_unfused,layer2.0.conv3,2.542414903640747,2.235563897556858e-06,0.019862616434693336,4.3663357374157385e-09,8.67268519773827e-11,,43,3,
resnet50_no_weights,CIFAR10,fp32_unfused,layer2.0.conv3,2.599121332168579,2.0555398805299774e-06,0.020305635407567024,4.014726329160112e-09,8.152156910108516e-11,,44,3,
resnet50_no_weights,CIFAR10,fp32_unfused,layer2.0.conv3,2.574352264404297,2.1810947904062536e-06,0.02011212706565857,4.259950762512214e-09,8.567667102909477e-11,0.0004155387932331604,aggregate,3,0.02902486998227627
resnet50_no_weights,CIFAR10,fp32_unfused,layer2.0.downsample.0,17.227571487426758,4.6953482524259016e-07,0.06729520112276077,9.170602055519339e-10,6.171375097429773e-11,,42,3,
resnet50_no_weights,CIFAR10,fp32_unfused,layer2.0.downsample.0,16.877050399780273,4.6530792019439104e-07,0.0659259781241417,9.0880453162967e-10,5.991382767133846e-11,,43,3,
resnet50_no_weights,CIFAR10,fp32_unfused,layer2.0.downsample.0,17.08222770690918,4.270332851774583e-07,0.06672745198011398,8.340493851122233e-10,5.565399029411947e-11,,44,3,
resnet50_no_weights,CIFAR10,fp32_unfused,layer2.0.downsample.0,17.062283198038738,4.5395867687147984e-07,0.06664954374233882,8.866380407646091e-10,5.909402088156241e-11,0.0002661540102705277,aggregate,3,0.17610961301638525
resnet50_no_weights,CIFAR10,fp32_unfused,layer2.1.conv1,19.042203903198242,7.76541000391262e-08,0.03719180449843407,6.066726565556735e-10,2.2563250837164243e-11,,42,3,
resnet50_no_weights,CIFAR10,fp32_unfused,layer2.1.conv1,18.395103454589844,7.597573414841463e-08,0.03592793643474579,5.935604230344893e-10,2.1325401148963952e-11,,43,3,
resnet50_no_weights,CIFAR10,fp32_unfused,layer2.1.conv1,18.892059326171875,7.062261886403576e-08,0.03689855337142944,5.517392098752794e-10,2.0358378682693306e-11,,44,3,
resnet50_no_weights,CIFAR10,fp32_unfused,layer2.1.conv1,18.776455561319988,7.475081768385887e-08,0.0366727647682031,5.839907631551474e-10,2.1416555883992134e-11,5.1006920405393285e-05,aggregate,3,0.3386855776132866
resnet50_no_weights,CIFAR10,fp32_unfused,layer2.1.conv2,11.722912788391113,2.0980341730592045e-07,0.010176139573256174,1.8212102196694482e-10,1.853288938759684e-12,,42,3,
resnet50_no_weights,CIFAR10,fp32_unfused,layer2.1.conv2,10.979723930358887,2.0618486473722442e-07,0.009531010356214311,1.7897991730661841e-10,1.705859445403761e-12,,43,3,
resnet50_no_weights,CIFAR10,fp32_unfused,layer2.1.conv2,11.187837600708008,1.8619033426148235e-07,0.009711664583947923,1.6162355404642564e-10,1.5696337457644649e-12,,44,3,
resnet50_no_weights,CIFAR10,fp32_unfused,layer2.1.conv2,11.29682477315267,2.0072620543487574e-07,0.009806271504472802,1.7424149777332962e-10,1.7086594345112634e-12,4.1496187673238384e-05,aggregate,3,0.3833941477043214
resnet50_no_weights,CIFAR10,fp32_unfused,layer2.1.conv3,1.2516902685165405,1.4810929087616387e-06,0.009778830222785473,2.8927595874250756e-09,2.8287804880764764e-11,,42,3,
resnet50_no_weights,CIFAR10,fp32_unfused,layer2.1.conv3,1.229303240776062,1.4930502629795228e-06,0.009603931568562984,2.9161137948818805e-09,2.8006157332188096e-11,,43,3,
resnet50_no_weights,CIFAR10,fp32_unfused,layer2.1.conv3,1.2626426219940186,1.3397090015132562e-06,0.00986439548432827,2.6166191435805786e-09,2.5811366064143164e-11,,44,3,
resnet50_no_weights,CIFAR10,fp32_unfused,layer2.1.conv3,1.2478787104288738,1.4379507244181393e-06,0.009749052425225576,2.8084975086291783e-09,2.738018944774128e-11,0.00012332496596951853,aggregate,3,0.016993368303276492
resnet50_no_weights,CIFAR10,fp32_unfused,layer2.2.conv1,22.338293075561523,6.785020190136493e-08,0.0436294786632061,5.300797023544135e-10,2.3127101063670524e-11,,42,3,
resnet50_no_weights,CIFAR10,fp32_unfused,layer2.2.conv1,21.872509002685547,6.946159203380375e-08,0.04271974414587021,5.426686877640918e-10,2.318266749725713e-11,,43,3,
resnet50_no_weights,CIFAR10,fp32_unfused,layer2.2.conv1,22.413766860961914,5.946433745407376e-08,0.04377688840031624,4.645651363599512e-10,2.033721612910728e-11,,44,3,
resnet50_no_weights,CIFAR10,fp32_unfused,layer2.2.conv1,22.208189646402996,6.559204379641415e-08,0.04337537040313085,5.124378421594855e-10,2.2227181212248786e-11,6.348410069443444e-05,aggregate,3,0.2931470518282355
resnet50_no_weights,CIFAR10,fp32_unfused,layer2.2.conv2,9.523141860961914,2.3298544249428232e-07,0.008266616198751662,2.0224430772073118e-10,1.6718760703095122e-12,,42,3,
resnet50_no_weights,CIFAR10,fp32_unfused,layer2.2.conv2,9.67906665802002,2.4174306645363686e-07,0.008401967585086823,2.0984641185211533e-10,1.7631227502282522e-12,,43,3,
resnet50_no_weights,CIFAR10,fp32_unfused,layer2.2.conv2,9.736266136169434,2.1083724277559668e-07,0.0084516199098693,1.830184399093721e-10,1.5468022906112676e-12,,44,3,
resnet50_no_weights,CIFAR10,fp32_unfused,layer2.2.conv2,9.646158218383789,2.2852191724117196e-07,0.008373401231235929,1.983697198274062e-10,1.6610292562427295e-12,5.283561696275304e-05,aggregate,3,0.11030735796016147
resnet50_no_weights,CIFAR10,fp32_unfused,layer2.2.conv3,0.7895821332931519,1.8872226519306423e-06,0.006168610416352749,3.6859817420520358e-09,2.273738536850824e-11,,42,3,
resnet50_no_weights,CIFAR10,fp32_unfused,layer2.2.conv3,0.8109247088432312,1.894173010441591e-06,0.006335349287837744,3.6995566610187325e-09,2.3437983657700408e-11,,43,3,
resnet50_no_weights,CIFAR10,fp32_unfused,layer2.2.conv3,0.8188319206237793,1.7129113984992728e-06,0.006397124379873276,3.345530075193892e-09,2.140177200762212e-11,,44,3,
resnet50_no_weights,CIFAR10,fp32_unfused,layer2.2.conv3,0.8064462542533875,1.8314356869571686e-06,0.0063003613613545895,3.57702282608822e-09,2.2536536402169618e-11,0.00010938395701562001,aggregate,3,0.01513043064016034
resnet50_no_weights,CIFAR10,fp32_unfused,layer2.3.conv1,24.40927505493164,1.110773624191097e-07,0.04767436534166336,8.677918938992946e-10,4.137142779028894e-11,,42,3,
resnet50_no_weights,CIFAR10,fp32_unfused,layer2.3.conv1,24.004932403564453,9.952323409834207e-08,0.04688463360071182,7.775252663932974e-10,3.6453987230145604e-11,,43,3,
resnet50_no_weights,CIFAR10,fp32_unfused,layer2.3.conv1,24.577505111694336,8.940583029470872e-08,0.048002939671278,6.984830491774119e-10,3.352923967107361e-11,,44,3,
resnet50_no_weights,CIFAR10,fp32_unfused,layer2.3.conv1,24.330570856730144,1.0000214227072017e-07,0.04752064620455106,7.812667364900013e-10,3.712630017612558e-11,8.687777321310059e-05,aggregate,3,0.29428836136466974
resnet50_no_weights,CIFAR10,fp32_unfused,layer2.3.conv2,12.291973114013672,3.34279377511848e-07,0.01067011555035909,2.901730707568125e-10,3.0961801945777135e-12,,42,3,
resnet50_no_weights,CIFAR10,fp32_unfused,layer2.3.conv2,11.966526985168457,3.2287437079503434e-07,0.010387610230180953,2.80272891315134e-10,2.9113655530674804e-12,,43,3,
resnet50_no_weights,CIFAR10,fp32_unfused,layer2.3.conv2,12.567843437194824,2.92681846758569e-07,0.010909586317009397,2.540641030890356e-10,2.7717342627034077e-12,,44,3,
resnet50_no_weights,CIFAR10,fp32_unfused,layer2.3.conv2,12.275447845458984,3.166118650218171e-07,0.010655770699183147,2.74836688386994e-10,2.92859673117466e-12,9.744296294678704e-05,aggregate,3,0.3009986415999215
resnet50_no_weights,CIFAR10,fp32_unfused,layer2.3.conv3,0.9005327224731445,2.233615987279336e-06,0.007035411894321442,4.362531225154953e-09,3.069220407080385e-11,,42,3,
resnet50_no_weights,CIFAR10,fp32_unfused,layer2.3.conv3,0.8752323389053345,2.2577248728339327e-06,0.006837752647697926,4.409618892253775e-09,3.015188325584704e-11,,43,3,
resnet50_no_weights,CIFAR10,fp32_unfused,layer2.3.conv3,0.9262809753417969,2.0734139525302453e-06,0.007236570119857788,4.049636626035635e-09,2.9305479404251186e-11,,44,3,
resnet50_no_weights,CIFAR10,fp32_unfused,layer2.3.conv3,0.9006820122400919,2.188251604214505e-06,0.007036578220625718,4.273928914481455e-09,3.007383511614272e-11,0.00014421803678016186,aggregate,3,0.02552464566025189
resnet50_no_weights,CIFAR10,fp32_unfused,layer3.0.conv1,27.102453231811523,2.4717118662920257e-07,0.05293447896838188,9.655124477703225e-10,5.110889836020905e-11,,42,3,
resnet50_no_weights,CIFAR10,fp32_unfused,layer3.0.conv1,26.6768741607666,2.5306997031293577e-07,0.05210326984524727,9.885545715349053e-10,5.150692559743597e-11,,43,3,
resnet50_no_weights,CIFAR10,fp32_unfused,layer3.0.conv1,27.279687881469727,2.3257526038378273e-07,0.05328064039349556,9.084971108741513e-10,4.840530786301532e-11,,44,3,
resnet50_no_weights,CIFAR10,fp32_unfused,layer3.0.conv1,27.01967175801595,2.4427213910864037e-07,0.0527727964023749,9.541880433931265e-10,5.035517134356593e-11,0.0003313221733971616,aggregate,3,0.30981554959332114
resnet50_no_weights,CIFAR10,fp32_unfused,layer3.0.conv2,26.120447158813477,2.1222292616585037e-06,0.011336999634901682,9.211064503726144e-10,1.0442583491579914e-11,,42,3,
resnet50_no_weights,CIFAR10,fp32_unfused,layer3.0.conv2,26.377735137939453,2.2766216716263443e-06,0.011448669764730666,9.88117044976712e-10,1.1312625736839895e-11,,43,3,
resnet50_no_weights,CIFAR10,fp32_unfused,layer3.0.conv2,27.0279541015625,2.0809554825973464e-06,0.011730882856580947,9.031924837662094e-10,1.059524522400579e-11,,44,3,
resnet50_no_weights,CIFAR10,fp32_unfused,layer3.0.conv2,26.50871213277181,2.1599354719607313e-06,0.011505517418737765,9.37471993038512e-10,1.0786100345483408e-11,6.653745295934278e-05,aggregate,3,0.4677161988491592
resnet50_no_weights,CIFAR10,fp32_unfused,layer3.0.conv3,3.844494581222534,9.799851795833092e-06,0.015017556957900524,9.570167769368254e-09,1.4372053957315156e-10,,42,3,
resnet50_no_weights,CIFAR10,fp32_unfused,layer3.0.conv3,3.9489362239837646,1.0827918231370859e-05,0.01542553212493658,1.0574138897823104e-08,1.6311171926191178e-10,,43,3,
resnet50_no_weights,CIFAR10,fp32_unfused,layer3.0.conv3,4.049014568328857,9.530537681712303e-06,0.0158164631575346,9.307165704797171e-09,1.47206443470994e-10,,44,3,
resnet50_no_weights,CIFAR10,fp32_unfused,layer3.0.conv3,3.9474817911783853,1.0052769236305418e-05,0.015419850746790567,9.81715745732951e-09,1.5137910274976303e-10,0.00010804446139883445,aggregate,3,0.1022677505990118
resnet50_no_weights,CIFAR10,fp32_unfused,layer3.0.downsample.0,26.594823837280273,1.6567518059673603e-06,0.051943015307188034,1.6179216855150003e-09,8.403973087653712e-11,,42,3,
resnet50_no_weights,CIFAR10,fp32_unfused,layer3.0.downsample.0,26.28143310546875,1.809714035516663e-06,0.05133092403411865,1.7672988628092412e-09,9.071708367244544e-11,,43,3,
resnet50_no_weights,CIFAR10,fp32_unfused,layer3.0.downsample.0,26.57630729675293,1.6046742530306801e-06,0.051906850188970566,1.5670647002252736e-09,8.134139263101734e-11,,44,3,
resnet50_no_weights,CIFAR10,fp32_unfused,layer3.0.downsample.0,26.484188079833984,1.6903800315049011e-06,0.05172692984342575,1.650761749516505e-09,8.538883720545101e-11,7.428562193048419e-05,aggregate,3,0.1758348665386371
resnet50_no_weights,CIFAR10,fp32_unfused,layer3.1.conv1,31.741498947143555,3.8426520632128813e-07,0.030997557565569878,1.5010359621925318e-09,4.6528448646053574e-11,,42,3,
resnet50_no_weights,CIFAR10,fp32_unfused,layer3.1.conv1,32.00227737426758,3.997843691649905e-07,0.03125222399830818,1.5616576920507441e-09,4.8805276000650834e-11,,43,3,
resnet50_no_weights,CIFAR10,fp32_unfused,layer3.1.conv1,32.95392990112305,3.686708112127235e-07,0.032181572169065475,1.4401203562997011e-09,4.634533717839912e-11,,44,3,
resnet50_no_weights,CIFAR10,fp32_unfused,layer3.1.conv1,32.23256874084473,3.8424012889966736e-07,0.03147711791098118,1.5009380035143256e-09,4.724520251369311e-11,3.0084750256889125e-05,aggregate,3,0.6381792770702315
resnet50_no_weights,CIFAR10,fp32_unfused,layer3.1.conv2,18.625961303710938,1.5907855868135812e-06,0.00808418459362454,6.904451331656168e-10,5.581685908280524e-12,,42,3,
resnet50_no_weights,CIFAR10,fp32_unfused,layer3.1.conv2,18.561227798461914,1.6382149397031753e-06,0.00805608845419354,7.110307898017254e-10,5.728126936297794e-12,,43,3,
resnet50_no_weights,CIFAR10,fp32_unfused,layer3.1.conv2,19.402774810791016,1.5276358453775174e-06,0.008421343233850267,6.630363912228808e-10,5.583657027021306e-12,,44,3,
resnet50_no_weights,CIFAR10,fp32_unfused,layer3.1.conv2,18.86332130432129,1.5855454572980914e-06,0.008187205427222783,6.88170771396741e-10,5.634195474435487e-12,3.3454391868445484e-05,aggregate,3,0.4683002999223029
resnet50_no_weights,CIFAR10,fp32_unfused,layer3.1.conv3,1.3459441661834717,1.247635645995615e-05,0.005257594399154186,1.2183941855425928e-08,6.405822445870762e-11,,42,3,
resnet50_no_weights,CIFAR10,fp32_unfused,layer3.1.conv3,1.3664524555206299,1.3779496839561034e-05,0.0053377049043774605,1.3456539882383822e-08,7.182703892615102e-11,,43,3,
resnet50_no_weights,CIFAR10,fp32_unfused,layer3.1.conv3,1.4399319887161255,1.2157615856267512e-05,0.005624734330922365,1.1872671734636242e-08,6.678062430558006e-11,,44,3,
resnet50_no_weights,CIFAR10,fp32_unfused,layer3.1.conv3,1.3841095368067424,1.28044897185949e-05,0.005406677878151338,1.2504384490815331e-08,6.760717900638992e-11,5.3697846806292186e-05,aggregate,3,0.04941919754271303
resnet50_no_weights,CIFAR10,fp32_unfused,layer3.2.conv1,35.99959945678711,4.816169507648738e-07,0.03515585884451866,1.881316213925288e-09,6.61392872586617e-11,,42,3,
resnet50_no_weights,CIFAR10,fp32_unfused,layer3.2.conv1,36.43656539916992,4.787925149685179e-07,0.03558258339762688,1.870283261595773e-09,6.65495101329172e-11,,43,3,
resnet50_no_weights,CIFAR10,fp32_unfused,layer3.2.conv1,37.64301681518555,4.73245847842918e-07,0.036760758608579636,1.8486165931363985e-09,6.795654834010202e-11,,44,3,
resnet50_no_weights,CIFAR10,fp32_unfused,layer3.2.conv1,36.693060557047524,4.778851045254365e-07,0.03583306695024172,1.8667386895524865e-09,6.689097244134075e-11,4.472669691228263e-05,aggregate,3,0.8512035467397427
resnet50_no_weights,CIFAR10,fp32_unfused,layer3.2.conv2,17.191204071044922,2.0675797713920474e-06,0.007461460100279914,8.973870535555761e-10,6.695817694612686e-12,,42,3,
resnet50_no_weights,CIFAR10,fp32_unfused,layer3.2.conv2,17.521162033081055,2.168765377064119e-06,0.007604671021302541,9.413044171285239e-10,7.158310423161365e-12,,43,3,
resnet50_no_weights,CIFAR10,fp32_unfused,layer3.2.conv2,17.964706420898438,1.992201760003809e-06,0.007797181606292725,8.646709027794309e-10,6.741996058648304e-12,,44,3,
resnet50_no_weights,CIFAR10,fp32_unfused,layer3.2.conv2,17.559024175008137,2.076182302819992e-06,0.00762110424262506,9.011207911545103e-10,6.867535484585289e-12,4.573387778579937e-05,aggregate,3,0.3881386706458242
resnet50_no_weights,CIFAR10,fp32_unfused,layer3.2.conv3,1.2250289916992188,1.4133370314084459e-05,0.004785269498825073,1.3802119447348105e-08,6.604686121053526e-11,,42,3,
resnet50_no_weights,CIFAR10,fp32_unfused,layer3.2.conv3,1.254544973373413,1.6183143088710494e-05,0.004900566302239895,1.5803850672568842e-08,7.744781805162217e-11,,43,3,
resnet50_no_weights,CIFAR10,fp32_unfused,layer3.2.conv3,1.29413640499115,1.3771509657090064e-05,0.005055220331996679,1.3448739899502016e-08,6.798634337969757e-11,,44,3,
resnet50_no_weights,CIFAR10,fp32_unfused,layer3.2.conv3,1.2579034566879272,1.469600768662834e-05,0.004913685377687216,1.4351570006472988e-08,7.051909968766074e-11,4.980230471032666e-05,aggregate,3,0.03467590230413404
resnet50_no_weights,CIFAR10,fp32_unfused,layer3.3.conv1,41.073726654052734,6.036513013896183e-07,0.04011106118559837,2.3580128960531965e-09,9.458239955001978e-11,,42,3,
resnet50_no_weights,CIFAR10,fp32_unfused,layer3.3.conv1,41.67776107788086,6.70865290430811e-07,0.04070093855261803,2.6205675407453555e-09,1.0665955844886205e-10,,43,3,
resnet50_no_weights,CIFAR10,fp32_unfused,layer3.3.conv1,42.84475326538086,5.461665182338038e-07,0.041840579360723495,2.133462961850796e-09,8.926532636848244e-11,,44,3,
resnet50_no_weights,CIFAR10,fp32_unfused,layer3.3.conv1,41.865413665771484,6.068943700180777e-07,0.040884193032979965,2.370681132883116e-09,9.692338505643694e-11,7.218408138263215e-05,aggregate,3,0.9003021352938312
resnet50_no_weights,CIFAR10,fp32_unfused,layer3.3.conv2,17.807687759399414,2.3004563445283566e-06,0.007729031145572662,9.984619550904326e-10,7.717143548563325e-12,,42,3,
resnet50_no_weights,CIFAR10,fp32_unfused,layer3.3.conv2,18.363920211791992,2.6849120331462473e-06,0.007970451480812497,1.165326403275281e-09,9.288177556615365e-12,,43,3,
resnet50_no_weights,CIFAR10,fp32_unfused,layer3.3.conv2,18.5955753326416,2.16543662645563e-06,0.008070996238125695,9.398596468991451e-10,7.585603674489144e-12,,44,3,
resnet50_no_weights,CIFAR10,fp32_unfused,layer3.3.conv2,18.255727767944336,2.3836016680434113e-06,0.007923492954836952,1.0345493350882862e-09,8.197244368003288e-12,5.925121976909337e-05,aggregate,3,0.40493321757625916
resnet50_no_weights,CIFAR10,fp32_unfused,layer3.3.conv3,1.5867921113967896,1.2119637176510878e-05,0.006198406685143709,1.1835583180186404e-08,7.336175790664185e-11,,42,3,
resnet50_no_weights,CIFAR10,fp32_unfused,layer3.3.conv3,1.623206377029419,1.4599371752410661e-05,0.006340649910271168,1.4257198976963537e-08,9.039990741400203e-11,,43,3,
resnet50_no_weights,CIFAR10,fp32_unfused,layer3.3.conv3,1.617160677909851,1.2103962035325821e-05,0.006317033898085356,1.1820275425122873e-08,7.466908054520648e-11,,44,3,
resnet50_no_weights,CIFAR10,fp32_unfused,layer3.3.conv3,1.6090530554453533,1.2940990321415788e-05,0.006285363497833411,1.2637685860757605e-08,7.943244940629127e-11,5.787446961723454e-05,aggregate,3,0.019514093417605814
resnet50_no_weights,CIFAR10,fp32_unfused,layer3.4.conv1,50.629798889160156,4.062495406742528e-07,0.049443162977695465,1.5869122682588e-09,7.846196191082423e-11,,42,3,
resnet50_no_weights,CIFAR10,fp32_unfused,layer3.4.conv1,51.384613037109375,4.5644506485587044e-07,0.050180286169052124,1.782988534593244e-09,8.947087490202787e-11,,43,3,
resnet50_no_weights,CIFAR10,fp32_unfused,layer3.4.conv1,52.50374984741211,3.6050977314516786e-07,0.05127319321036339,1.408241301348312e-09,7.220502833084557e-11,,44,3,
resnet50_no_weights,CIFAR10,fp32_unfused,layer3.4.conv1,51.50605392456055,4.077347928917637e-07,0.05029888078570366,1.5927140347334519e-09,8.011173335877497e-11,6.954698208114271e-05,aggregate,3,0.9428594621374118
resnet50_no_weights,CIFAR10,fp32_unfused,layer3.4.conv2,14.284721374511719,2.1431617369671585e-06,0.006199965874354045,9.301917261142181e-10,5.767156958514636e-12,,42,3,
resnet50_no_weights,CIFAR10,fp32_unfused,layer3.4.conv2,14.254137992858887,2.531566906327498e-06,0.0061866918371783364,1.0987703586490878e-09,6.7977536087878245e-12,,43,3,
resnet50_no_weights,CIFAR10,fp32_unfused,layer3.4.conv2,14.955573081970215,2.062367684629862e-06,0.006491134150160683,8.951248631205999e-10,5.810375567660033e-12,,44,3,
resnet50_no_weights,CIFAR10,fp32_unfused,layer3.4.conv2,14.498144149780273,2.2456987759748395e-06,0.0062925972872310216,9.746956492946352e-10,6.1333671986273e-12,5.254082898233082e-05,aggregate,3,0.3964401049485952
resnet50_no_weights,CIFAR10,fp32_unfused,layer3.4.conv3,1.3434629440307617,1.0791740351123735e-05,0.005247902125120163,1.0538808936644273e-08,5.5306637814850844e-11,,42,3,
resnet50_no_weights,CIFAR10,fp32_unfused,layer3.4.conv3,1.3127962350845337,1.3531718650483526e-05,0.00512811029329896,1.3214568994612819e-08,6.776576728278328e-11,,43,3,
resnet50_no_weights,CIFAR10,fp32_unfused,layer3.4.conv3,1.4068729877471924,1.1230143172724638e-05,0.00549559760838747,1.0966936692113904e-08,6.026987105651797e-11,,44,3,
resnet50_no_weights,CIFAR10,fp32_unfused,layer3.4.conv3,1.3543773889541626,1.18512007247773e-05,0.005290536675602198,1.1573438207790332e-08,6.122969930113052e-11,6.432890386855029e-05,aggregate,3,0.04797866899860008
resnet50_no_weights,CIFAR10,fp32_unfused,layer3.5.conv1,60.1060905456543,1.9149209151692048e-07,0.058697354048490524,7.480159824879706e-10,4.39065589580259e-11,,42,3,
resnet50_no_weights,CIFAR10,fp32_unfused,layer3.5.conv1,60.30949020385742,3.301884987649828e-07,0.058895986527204514,1.289798823300714e-09,7.596397411992309e-11,,43,3,
resnet50_no_weights,CIFAR10,fp32_unfused,layer3.5.conv1,62.22929763793945,2.02928191583851e-07,0.06077079847455025,7.92688248374418e-10,4.817229779510599e-11,,44,3,
resnet50_no_weights,CIFAR10,fp32_unfused,layer3.5.conv1,60.88162612915039,2.415362606219181e-07,0.05945471301674843,9.435010180543675e-10,5.60955822594324e-11,6.319231019858863e-05,aggregate,3,1.1715403223707788
resnet50_no_weights,CIFAR10,fp32_unfused,layer3.5.conv2,11.067540168762207,1.267608581656532e-06,0.004803619864914153,5.501773357884253e-10,2.642842779418824e-12,,42,3,
resnet50_no_weights,CIFAR10,fp32_unfused,layer3.5.conv2,11.003122329711914,1.862735416580108e-06,0.0047756607333819074,8.084789134462275e-10,3.861021000712418e-12,,43,3,
resnet50_no_weights,CIFAR10,fp32_unfused,layer3.5.conv2,11.377079963684082,1.4003270507600973e-06,0.004937968734237883,6.077808380035145e-10,3.001202775330254e-12,,44,3,
resnet50_no_weights,CIFAR10,fp32_unfused,layer3.5.conv2,11.149247487386068,1.5102236829989124e-06,0.004839083110844648,6.55479029079389e-10,3.1719174991309194e-12,2.2733448590892382e-05,aggregate,3,0.19992034023340724
resnet50_no_weights,CIFAR10,fp32_unfused,layer3.5.conv3,1.163564682006836,5.36593324795831e-06,0.004545174539089203,5.240169187459287e-09,2.3817483571359708e-11,,42,3,
resnet50_no_weights,CIFAR10,fp32_unfused,layer3.5.conv3,1.126120924949646,6.4479995671717916e-06,0.004398909863084555,6.296874577316203e-09,2.769938368476263e-11,,43,3,
resnet50_no_weights,CIFAR10,fp32_unfused,layer3.5.conv3,1.1731820106506348,5.728315045416821e-06,0.004582742229104042,5.594057661539864e-09,2.563612427758174e-11,,44,3,
resnet50_no_weights,CIFAR10,fp32_unfused,layer3.5.conv3,1.1542892058690388,5.8474159535156405e-06,0.004508942210425933,5.710367142105118e-09,2.5747715444067066e-11,2.495002667643918e-05,aggregate,3,0.02486387520130529
resnet50_no_weights,CIFAR10,fp32_unfused,layer4.0.conv1,65.24348449707031,3.026108288395335e-07,0.06371434032917023,5.910367750772139e-10,3.765751823432484e-11,,42,3,
resnet50_no_weights,CIFAR10,fp32_unfused,layer4.0.conv1,65.05327606201172,3.124395391296275e-07,0.06352858990430832,6.102334748625537e-10,3.8767272170424216e-11,,43,3,
resnet50_no_weights,CIFAR10,fp32_unfused,layer4.0.conv1,67.28487396240234,2.803793108796526e-07,0.06570788472890854,5.476158415618215e-10,3.598267859306841e-11,,44,3,
resnet50_no_weights,CIFAR10,fp32_unfused,layer4.0.conv1,65.8605448404948,2.9847655961627123e-07,0.0643169383207957,5.829620305005297e-10,3.7494332959068394e-11,5.421830911862864e-05,aggregate,3,1.2371660752814528
resnet50_no_weights,CIFAR10,fp32_unfused,layer4.0.conv2,24.080623626708984,4.286957846488804e-06,0.005225829780101776,9.303293937692716e-10,4.861743051263491e-12,,42,3,
resnet50_no_weights,CIFAR10,fp32_unfused,layer4.0.conv2,23.821462631225586,4.734883987111971e-06,0.005169588244623608,1.0275355874808965e-09,5.311935893973655e-12,,43,3,
resnet50_no_weights,CIFAR10,fp32_unfused,layer4.0.conv2,24.46626853942871,4.129054559598444e-06,0.0053095200823413,8.960621874128568e-10,4.757660179095237e-12,,44,3,
resnet50_no_weights,CIFAR10,fp32_unfused,layer4.0.conv2,24.122784932454426,4.383632131066406e-06,0.005234979369022228,9.513090562210083e-10,4.980083282880986e-12,7.2608506539991514e-06,aggregate,3,0.32446393727197903
resnet50_no_weights,CIFAR10,fp32_unfused,layer4.0.conv3,3.6094117164611816,1.7235521227121353e-05,0.007049632258713245,8.415781849180348e-09,5.932816720627519e-11,,42,3,
resnet50_no_weights,CIFAR10,fp32_unfused,layer4.0.conv3,3.590541124343872,1.9575705664465204e-05,0.007012775633484125,9.55845003147715e-09,6.703126547461853e-11,,43,3,
resnet50_no_weights,CIFAR10,fp32_unfused,layer4.0.conv3,3.633188247680664,1.799425263016019e-05,0.007096070796251297,8.786256167070405e-09,6.234789579553116e-11,,44,3,
resnet50_no_weights,CIFAR10,fp32_unfused,layer4.0.conv3,3.6110470294952393,1.8268493173915584e-05,0.007052826229482889,8.920162682575969e-09,6.291235733892625e-11,1.1641009098178724e-05,aggregate,3,0.021370539739683836
resnet50_no_weights,CIFAR10,fp32_unfused,layer4.0.downsample.0,64.15789794921875,3.0097646686044754e-06,0.06265419721603394,1.469611654592029e-09,9.207733843779093e-11,,42,3,
resnet50_no_weights,CIFAR10,fp32_unfused,layer4.0.downsample.0,64.38481903076172,3.5142752494721208e-06,0.06287579983472824,1.715954711656309e-09,1.078920249755609e-10,,43,3,
resnet50_no_weights,CIFAR10,fp32_unfused,layer4.0.downsample.0,66.0845718383789,3.201269237251836e-06,0.0645357146859169,1.563119744751873e-09,1.0087704986723013e-10,,44,3,
resnet50_no_weights,CIFAR10,fp32_unfused,layer4.0.downsample.0,64.87576293945312,3.2417697184428107e-06,0.06335523724555969,1.5828953703334037e-09,1.0028471172237086e-10,1.7171022237208137e-05,aggregate,3,1.0529897957263297
resnet50_no_weights,CIFAR10,fp32_unfused,layer4.1.conv1,20.734045028686523,7.207479484350188e-06,0.010124045424163342,1.407710836787146e-08,1.4251728455720054e-10,,42,3,
resnet50_no_weights,CIFAR10,fp32_unfused,layer4.1.conv1,20.588546752929688,8.333027835760731e-06,0.010053001344203949,1.6275444991720178e-08,1.6361707037928038e-10,,43,3,
resnet50_no_weights,CIFAR10,fp32_unfused,layer4.1.conv1,20.82436180114746,7.598227512062294e-06,0.010168145410716534,1.4840288109496669e-08,1.508982074342897e-10,,44,3,
resnet50_no_weights,CIFAR10,fp32_unfused,layer4.1.conv1,20.71565119425456,7.712911610724404e-06,0.010115064059694609,1.5064280489696102e-08,1.5237616216648374e-10,2.318278294134194e-05,aggregate,3,0.11897871280326007
resnet50_no_weights,CIFAR10,fp32_unfused,layer4.1.conv2,38.621673583984375,9.941377356881276e-06,0.00838143957985772,2.157416961128749e-09,1.8082259908260862e-11,,42,3,
resnet50_no_weights,CIFAR10,fp32_unfused,layer4.1.conv2,38.80307388305664,1.135054299084004e-05,0.008420805964205,2.463225475442717e-09,2.0742343774789732e-11,,43,3,
resnet50_no_weights,CIFAR10,fp32_unfused,layer4.1.conv2,38.826473236083984,1.042689927999163e-05,0.008425883948802948,2.2627819618037393e-09,1.9065938211602972e-11,,44,3,
resnet50_no_weights,CIFAR10,fp32_unfused,layer4.1.conv2,38.750406901041664,1.0572939875904316e-05,0.00840937649762189,2.294474799458402e-09,1.9295102452951182e-11,2.5775958384013012e-05,aggregate,3,0.11209853978065215
resnet50_no_weights,CIFAR10,fp32_unfused,layer4.1.conv3,2.642010450363159,4.5154600229579955e-05,0.005160176660865545,2.2048144643349588e-08,1.1377232140400023e-10,,42,3,
resnet50_no_weights,CIFAR10,fp32_unfused,layer4.1.conv3,2.677396297454834,5.222257459536195e-05,0.005229289643466473,2.5499304001641576e-08,1.3334324633138748e-10,,43,3,
resnet50_no_weights,CIFAR10,fp32_unfused,layer4.1.conv3,2.625558614730835,4.9034057155949995e-05,0.005128044169396162,2.394241072067871e-08,1.227777396974646e-10,,44,3,
resnet50_no_weights,CIFAR10,fp32_unfused,layer4.1.conv3,2.648321787516276,4.880374399363063e-05,0.005172503491242726,2.3829953121889957e-08,1.232605157191263e-10,1.9297386175080813e-05,aggregate,3,0.026488885783356984
resnet50_no_weights,CIFAR10,fp32_unfused,layer4.2.conv1,41.74741744995117,1.7548885580254137e-06,0.02038448117673397,3.427516714893386e-09,6.986814995768528e-11,,42,3,
resnet50_no_weights,CIFAR10,fp32_unfused,layer4.2.conv1,40.882511138916016,2.061234908978804e-06,0.019962163642048836,4.025849431599227e-09,8.036466515183305e-11,,43,3,
resnet50_no_weights,CIFAR10,fp32_unfused,layer4.2.conv1,41.461788177490234,1.8749099126580404e-06,0.020245013758540154,3.661933423160235e-09,7.4135892534737e-11,,44,3,
resnet50_no_weights,CIFAR10,fp32_unfused,layer4.2.conv1,41.363905588785805,1.897011126554086e-06,0.02019721952577432,3.7050998565509494e-09,7.483271516767446e-11,1.8598975337900905e-05,aggregate,3,0.44068297289062647
resnet50_no_weights,CIFAR10,fp32_unfused,layer4.2.conv2,27.891199111938477,2.240653657281655e-06,0.006052777585056093,4.862529638198035e-10,2.9431810400755983e-12,,42,3,
resnet50_no_weights,CIFAR10,fp32_unfused,layer4.2.conv2,27.46729850769043,2.5990843823819887e-06,0.005960785266425874,5.640374093710913e-10,3.36210587949222e-12,,43,3,
resnet50_no_weights,CIFAR10,fp32_unfused,layer4.2.conv2,27.836713790893555,2.3151810637500603e-06,0.0060409535136487745,5.024264461263152e-10,3.03513480507683e-12,,44,3,
resnet50_no_weights,CIFAR10,fp32_unfused,layer4.2.conv2,27.73173713684082,2.3849730344712348e-06,0.006018172121710247,5.175722731057367e-10,3.114839024975147e-12,6.069501392685748e-06,aggregate,3,0.23062524578316534
resnet50_no_weights,CIFAR10,fp32_unfused,layer4.2.conv3,4.254002571105957,4.179989900876535e-06,0.008308598771691322,2.0410106937873707e-09,1.69579389434106e-11,,42,3,
resnet50_no_weights,CIFAR10,fp32_unfused,layer4.2.conv3,4.067781925201416,4.6719774218217935e-06,0.007944886572659016,2.2812389754989226e-09,1.81241849054678e-11,,43,3,
resnet50_no_weights,CIFAR10,fp32_unfused,layer4.2.conv3,4.200380802154541,4.626018380804453e-06,0.008203868754208088,2.2587980375021743e-09,1.8530882641930637e-11,,44,3,
resnet50_no_weights,CIFAR10,fp32_unfused,layer4.2.conv3,4.174055099487305,4.492661901167594e-06,0.008152451366186142,2.1936825689294892e-09,1.788389045604794e-11,5.540321134105886e-06,aggregate,3,0.09586091072991594
resnet50_no_weights,CIFAR10,fp32_fused,conv1,42.071197509765625,1.9376377622393193e-06,1.5581925003616899,3.3639544483321515e-09,5.2416885929495044e-09,,42,3,
resnet50_no_weights,CIFAR10,fp32_fused,conv1,39.1317138671875,1.7932323999048094e-06,1.4493227358217593,3.113250694279183e-09,4.512105013531697e-09,,43,3,
resnet50_no_weights,CIFAR10,fp32_fused,conv1,38.804786682128906,1.4818566569374525e-06,1.43721432156033,2.5726678071830773e-09,3.697475017100728e-09,,44,3,
resnet50_no_weights,CIFAR10,fp32_fused,conv1,40.00256601969401,1.737575606360527e-06,1.4815765192479264,3.016624316598137e-09,4.469359754864123e-09,0.11508110043918231,aggregate,3,1.7989295504186693
resnet50_no_weights,CIFAR10,fp32_fused,fc,35.449623107910156,4.8523015721002594e-05,0.017309386283159256,4.852301572100259e-06,8.399036227386432e-08,,42,3,
resnet50_no_weights,CIFAR10,fp32_fused,fc,34.36498260498047,5.084489384898916e-05,0.01677977666258812,5.084489384898916e-06,8.531659632190386e-08,,43,3,
resnet50_no_weights,CIFAR10,fp32_fused,fc,34.04146194458008,5.58842220925726e-05,0.01662180759012699,5.58842220925726e-06,9.288967869466657e-08,,44,3,
resnet50_no_weights,CIFAR10,fp32_fused,fc,34.6186892191569,5.175071055418812e-05,0.016903656845291454,5.1750710554188116e-06,8.747762527079986e-08,0.00026934641924787064,aggregate,3,0.7375667766619044
resnet50_no_weights,CIFAR10,fp32_fused,layer1.0.conv1,4.6785454750061035,5.211311560060494e-08,0.07310227304697037,8.142674312594522e-10,5.952480009318365e-11,,42,3,
resnet50_no_weights,CIFAR10,fp32_fused,layer1.0.conv1,4.2867631912231445,4.726247126995986e-08,0.06698067486286163,7.384761135931228e-10,4.9463628458570634e-11,,43,3,
resnet50_no_weights,CIFAR10,fp32_fused,layer1.0.conv1,4.488983154296875,3.9563143872101136e-08,0.07014036178588867,6.181741230015803e-10,4.335895663400528e-11,,44,3,
resnet50_no_weights,CIFAR10,fp32_fused,layer1.0.conv1,4.484763940175374,4.6312910247555315e-08,0.07007443656524022,7.236392226180518e-10,5.070861080146842e-11,0.0008667936681650515,aggregate,3,0.19592521735958354
resnet50_no_weights,CIFAR10,fp32_fused,layer1.0.conv2,9.92889404296875,2.129837497477638e-07,0.01723766326904297,3.69763454423201e-10,6.373857916545256e-12,,42,3,
resnet50_no_weights,CIFAR10,fp32_fused,layer1.0.conv2,9.183918952941895,1.9489326064103807e-07,0.015944303737746343,3.3835635527957997e-10,5.3948565001744365e-12,,43,3,
resnet50_no_weights,CIFAR10,fp32_fused,layer1.0.conv2,9.801924705505371,1.467510202246558e-07,0.01701723039150238,2.5477607677891634e-10,4.335583196789919e-12,,44,3,
resnet50_no_weights,CIFAR10,fp32_fused,layer1.0.conv2,9.638245900472006,1.8487601020448588e-07,0.016733065799430565,3.209652954938991e-10,5.3707334088330886e-12,0.0001847151682109352,aggregate,3,0.3985474057160494
resnet50_no_weights,CIFAR10,fp32_fused,layer1.0.conv3,1.2000807523727417,6.329929078674468e-07,0.01875126175582409,2.472628546357214e-09,4.636490509766694e-11,,42,3,
resnet50_no_weights,CIFAR10,fp32_fused,layer1.0.conv3,1.1112830638885498,5.928336577198934e-07,0.01736379787325859,2.3157564754683335e-09,4.021032736372186e-11,,43,3,
resnet50_no_weights,CIFAR10,fp32_fused,layer1.0.conv3,1.175659418106079,4.843645342589298e-07,0.018369678407907486,1.8920489619489445e-09,3.47563309630173e-11,,44,3,
resnet50_no_weights,CIFAR10,fp32_fused,layer1.0.conv3,1.1623410781224568,5.700636999487566e-07,0.018161579345663387,2.2268113279248305e-09,4.044241061992886e-11,0.0001721655681107259,aggregate,3,0.045872551759994884
resnet50_no_weights,CIFAR10,fp32_fused,layer1.0.downsample.0,4.6785454750061035,4.833628963751835e-07,0.07310227304697037,1.8881363139655605e-09,1.3802705637341057e-10,,42,3,
resnet50_no_weights,CIFAR10,fp32_fused,layer1.0.downsample.0,4.2867631912231445,4.5269391080182686e-07,0.06698067486286163,1.7683355890696362e-09,1.184443111399002e-10,,43,3,
resnet50_no_weights,CIFAR10,fp32_fused,layer1.0.downsample.0,4.488983154296875,3.7989605061738985e-07,0.07014036178588867,1.483968947724179e-09,1.0408611887239844e-10,,44,3,
resnet50_no_weights,CIFAR10,fp32_fused,layer1.0.downsample.0,4.484763940175374,4.386509525981334e-07,0.07007443656524022,1.7134802835864586e-09,1.2007116543796913e-10,0.000390340153746612,aggregate,3,0.19592521735958354
resnet50_no_weights,CIFAR10,fp32_fused,layer1.1.conv1,10.028777122497559,1.4631410749643692e-07,0.03917491063475609,2.286157929631827e-09,8.956003259026581e-11,,42,3,
resnet50_no_weights,CIFAR10,fp32_fused,layer1.1.conv1,9.772049903869629,1.3056067871275445e-07,0.03817206993699074,2.0400106048867883e-09,7.787142748194126e-11,,43,3,
resnet50_no_weights,CIFAR10,fp32_fused,layer1.1.conv1,9.887267112731934,1.0118611726284144e-07,0.038622137159109116,1.5810330822318974e-09,6.106287655504938e-11,,44,3,
resnet50_no_weights,CIFAR10,fp32_fused,layer1.1.conv1,9.896031379699707,1.2602030115734428e-07,0.03865637257695198,1.9690672055835043e-09,7.611699552809364e-11,0.0004503804463324714,aggregate,3,0.12858781232185268
resnet50_no_weights,CIFAR10,fp32_fused,layer1.1.conv2,8.993219375610352,2.2247482434067933e-07,0.01561322808265686,3.862410144803461e-10,6.030469053958415e-12,,42,3,
resnet50_no_weights,CIFAR10,fp32_fused,layer1.1.conv2,8.803828239440918,2.119446236292788e-07,0.01528442402680715,3.679594160230535e-10,5.624047739152687e-12,,43,3,
resnet50_no_weights,CIFAR10,fp32_fused,layer1.1.conv2,8.893805503845215,1.7889999526232714e-07,0.015440634555286832,3.105902695526513e-10,4.7957108485905194e-12,,44,3,
resnet50_no_weights,CIFAR10,fp32_fused,layer1.1.conv2,8.896951039632162,2.0443981441076176e-07,0.015446095554916947,3.5493023335201695e-10,5.482286299684224e-12,0.00015775571415761776,aggregate,3,0.09473474236745175
resnet50_no_weights,CIFAR10,fp32_fused,layer1.1.conv3,1.0630590915679932,5.803286171612854e-07,0.016610298305749893,2.266908660786271e-09,3.7654029087547956e-11,,42,3,
resnet50_no_weights,CIFAR10,fp32_fused,layer1.1.conv3,1.073236107826233,5.645158012157481e-07,0.01676931418478489,2.205139848499016e-09,3.697868294086895e-11,,43,3,
resnet50_no_weights,CIFAR10,fp32_fused,layer1.1.conv3,1.0843428373336792,4.930768113808881e-07,0.016942856833338737,1.926081294456594e-09,3.263331962134983e-11,,44,3,
resnet50_no_weights,CIFAR10,fp32_fused,layer1.1.conv3,1.073546012242635,5.459737432526405e-07,0.016774156441291172,2.132709934580627e-09,3.5774410086551296e-11,0.00014258206162782224,aggregate,3,0.01064525664392685
resnet50_no_weights,CIFAR10,fp32_fused,layer1.2.conv1,12.850318908691406,2.4322031322299154e-07,0.050196558237075806,3.800317394109243e-09,1.9076285339277677e-10,,42,3,
resnet50_no_weights,CIFAR10,fp32_fused,layer1.2.conv1,12.593749046325684,2.3685011285579094e-07,0.0491943322122097,3.7007830133717334e-09,1.8205754900511155e-10,,43,3,
resnet50_no_weights,CIFAR10,fp32_fused,layer1.2.conv1,12.730403900146484,2.0416246115928516e-07,0.049728140234947205,3.1900384556138306e-09,1.5863467967563897e-10,,44,3,
resnet50_no_weights,CIFAR10,fp32_fused,layer1.2.conv1,12.724823951721191,2.2807762907935589e-07,0.049706343561410904,3.5637129543649357e-09,1.7713914046391416e-10,0.0008544813598278741,aggregate,3,0.12837591455141872
resnet50_no_weights,CIFAR10,fp32_fused,layer1.2.conv2,9.223564147949219,1.7931886020505772e-07,0.016013132201300725,3.1131746563378077e-10,4.985167733767627e-12,,42,3,
resnet50_no_weights,CIFAR10,fp32_fused,layer1.2.conv2,9.107083320617676,1.7775569460809493e-07,0.01581090854273902,3.0860363647238703e-10,4.879303872221591e-12,,43,3,
resnet50_no_weights,CIFAR10,fp32_fused,layer1.2.conv2,9.218177795410156,1.512549800963825e-07,0.0160037808948093,2.625954515562196e-10,4.202520070679248e-12,,44,3,
resnet50_no_weights,CIFAR10,fp32_fused,layer1.2.conv2,9.182941754659018,1.6944317830317837e-07,0.01594260721294968,2.941721845541291e-10,4.6898715913218234e-12,0.00047835106452820544,aggregate,3,0.0657505110993226
resnet50_no_weights,CIFAR10,fp32_fused,layer1.2.conv3,0.9997994303703308,3.9929372519509343e-07,0.015621866099536419,1.5597411140433337e-09,2.4366066833526722e-11,,42,3,
resnet50_no_weights,CIFAR10,fp32_fused,layer1.2.conv3,1.005739450454712,3.909310350991291e-07,0.015714678913354874,1.527074355855973e-09,2.3997483179094835e-11,,43,3,
resnet50_no_weights,CIFAR10,fp32_fused,layer1.2.conv3,1.017231822013855,3.4569595186439983e-07,0.015894247218966484,1.3503748119703118e-09,2.1463191099721518e-11,,44,3,
resnet50_no_weights,CIFAR10,fp32_fused,layer1.2.conv3,1.0075902342796326,3.7864023738620745e-07,0.01574359741061926,1.4790634272898728e-09,2.328577914402249e-11,0.0003442099028908066,aggregate,3,0.008862342815432259
resnet50_no_weights,CIFAR10,fp32_fused,layer2.0.conv1,17.262161254882812,7.989239492189881e-08,0.06743031740188599,6.241593353273345e-10,4.208726209047235e-11,,42,3,
resnet50_no_weights,CIFAR10,fp32_fused,layer2.0.conv1,16.986448287963867,7.951764757763158e-08,0.06635331362485886,6.212316217002467e-10,4.122077662835614e-11,,43,3,
resnet50_no_weights,CIFAR10,fp32_fused,layer2.0.conv1,17.165969848632812,7.094636345073013e-08,0.06705456972122192,5.542684644588292e-10,3.7166233394329176e-11,,44,3,
resnet50_no_weights,CIFAR10,fp32_fused,layer2.0.conv1,17.138193130493164,7.678546865008684e-08,0.06694606691598892,5.998864738288034e-10,4.016004001893971e-11,0.0013767357227376339,aggregate,3,0.13993952116814237
resnet50_no_weights,CIFAR10,fp32_fused,layer2.0.conv2,17.759052276611328,1.0281567028869176e-06,0.015415843990114,8.924971379226716e-10,1.3758596639839163e-11,,42,3,
resnet50_no_weights,CIFAR10,fp32_fused,layer2.0.conv2,17.47772216796875,1.0320011369913118e-06,0.015171633826361762,8.958343203049581e-10,1.3591270276754501e-11,,43,3,
resnet50_no_weights,CIFAR10,fp32_fused,layer2.0.conv2,17.849748611450195,9.242015153176908e-07,0.015494573447439406,8.022582598243844e-10,1.243064953066385e-11,,44,3,
resnet50_no_weights,CIFAR10,fp32_fused,layer2.0.conv2,17.695507685343426,9.947864517319733e-07,0.01536068375463839,8.635299060173381e-10,1.3264409799004941e-11,0.0004444274554211977,aggregate,3,0.19398287288293511
resnet50_no_weights,CIFAR10,fp32_fused,layer2.0.conv3,2.5814647674560547,2.2533263290824834e-06,0.020167693495750427,4.4010279864892254e-09,8.875858349773435e-11,,42,3,
resnet50_no_weights,CIFAR10,fp32_fused,layer2.0.conv3,2.542370557785034,2.2317119601211743e-06,0.01986226998269558,4.358812422111669e-09,8.657590913190921e-11,,43,3,
resnet50_no_weights,CIFAR10,fp32_fused,layer2.0.conv3,2.59906268119812,2.0537274849630194e-06,0.020305177196860313,4.011186494068397e-09,8.144785253171169e-11,,44,3,
resnet50_no_weights,CIFAR10,fp32_fused,layer2.0.conv3,2.5742993354797363,2.1795885913888924e-06,0.02011171355843544,4.2570089675564304e-09,8.561574497118592e-11,0.00041422164070428205,aggregate,3,0.029017353012061178
resnet50_no_weights,CIFAR10,fp32_fused,layer2.0.downsample.0,17.226919174194336,4.997603468837042e-07,0.06729265302419662,9.760944275072347e-10,6.568398362909619e-11,,42,3,
resnet50_no_weights,CIFAR10,fp32_fused,layer2.0.downsample.0,16.876514434814453,4.975836418452673e-07,0.06592388451099396,9.718430504790376e-10,6.406766902259215e-11,,43,3,
resnet50_no_weights,CIFAR10,fp32_fused,layer2.0.downsample.0,17.081663131713867,4.5516955538005277e-07,0.0667252466082573,8.890030378516656e-10,5.931894693614228e-11,,44,3,
resnet50_no_weights,CIFAR10,fp32_fused,layer2.0.downsample.0,17.06169891357422,4.841711813696747e-07,0.06664726138114929,9.45646838612646e-10,6.302477202727452e-11,0.0002844803863368102,aggregate,3,0.17605339488182697
resnet50_no_weights,CIFAR10,fp32_fused,layer2.1.conv1,19.0415096282959,1.6499234334332868e-07,0.03719044849276543,1.2890026823697553e-09,4.793858786570886e-11,,42,3,
resnet50_no_weights,CIFAR10,fp32_fused,layer2.1.conv1,18.394556045532227,1.5935908947994903e-07,0.03592686727643013,1.2449928865621018e-09,4.4728694195616265e-11,,43,3,
resnet50_no_weights,CIFAR10,fp32_fused,layer2.1.conv1,18.89137077331543,1.494456824957524e-07,0.0368972085416317,1.1675443944980657e-09,4.307912900540824e-11,,44,3,
resnet50_no_weights,CIFAR10,fp32_fused,layer2.1.conv1,18.77581214904785,1.5793237177301003e-07,0.036671508103609085,1.2338466544766409e-09,4.52470175882511e-11,0.00011868492028539305,aggregate,3,0.33860387076146853
resnet50_no_weights,CIFAR10,fp32_fused,layer2.1.conv2,11.723288536071777,2.3573097962525935e-07,0.010176465743117862,2.0462758648025986e-10,2.082385623913252e-12,,42,3,
resnet50_no_weights,CIFAR10,fp32_fused,layer2.1.conv2,10.980082511901855,2.3091843104339205e-07,0.009531321624914805,2.0045002694738892e-10,1.9105536765584033e-12,,43,3,
resnet50_no_weights,CIFAR10,fp32_fused,layer2.1.conv2,11.18814754486084,2.097234386155833e-07,0.009711933632691702,1.820515960204716e-10,1.768073018276421e-12,,44,3,
resnet50_no_weights,CIFAR10,fp32_fused,layer2.1.conv2,11.297172864278158,2.2545761642807824e-07,0.009806573666908123,1.957097364827068e-10,1.9192419481488406e-12,5.353108475639995e-05,aggregate,3,0.38341060078739575
resnet50_no_weights,CIFAR10,fp32_fused,layer2.1.conv3,1.2517222166061401,1.4818618865319877e-06,0.00977907981723547,2.8942614971327885e-09,2.8303214192412966e-11,,42,3,
resnet50_no_weights,CIFAR10,fp32_fused,layer2.1.conv3,1.2293263673782349,1.490686486249615e-06,0.00960411224514246,2.9114970434562792e-09,2.796234440675452e-11,,43,3,
resnet50_no_weights,CIFAR10,fp32_fused,layer2.1.conv3,1.2626731395721436,1.3382157248997828e-06,0.009864633902907372,2.6137025876948883e-09,2.5783219158691722e-11,,44,3,
resnet50_no_weights,CIFAR10,fp32_fused,layer2.1.conv3,1.247907241185506,1.4369213658937952e-06,0.009749275321761766,2.8064870427613187e-09,2.7361214866837082e-11,0.00013798691884684233,aggregate,3,0.01699756841530992
resnet50_no_weights,CIFAR10,fp32_fused,layer2.2.conv1,22.337614059448242,1.1788301179649352e-07,0.04362815245985985,9.209610296601056e-10,4.0179828211600596e-11,,42,3,
resnet50_no_weights,CIFAR10,fp32_fused,layer2.2.conv1,21.871946334838867,1.2057276421728602e-07,0.04271864518523216,9.41974720447547e-10,4.023988385625702e-11,,43,3,
resnet50_no_weights,CIFAR10,fp32_fused,layer2.2.conv1,22.41310691833496,1.0350215973176091e-07,0.04377559944987297,8.086106229043821e-10,3.539741473917451e-11,,44,3,
resnet50_no_weights,CIFAR10,fp32_fused,layer2.2.conv1,22.207555770874023,1.1398597858184682e-07,0.04337413236498833,8.905154576706783e-10,3.862533533407616e-11,0.00012985571585463177,aggregate,3,0.2930871254466822
resnet50_no_weights,CIFAR10,fp32_fused,layer2.2.conv2,9.523524284362793,1.9856572919252358e-07,0.008266948163509369,1.7236608436851006e-10,1.424941484621555e-12,,42,3,
resnet50_no_weights,CIFAR10,fp32_fused,layer2.2.conv2,9.679435729980469,2.0402599432145507e-07,0.00840228796005249,1.771058978484853e-10,1.4880947531466143e-12,,43,3,
resnet50_no_weights,CIFAR10,fp32_fused,layer2.2.conv2,9.736602783203125,1.8049838956812891e-07,0.008451912138197158,1.5668262983344525e-10,1.324267820933948e-12,,44,3,
resnet50_no_weights,CIFAR10,fp32_fused,layer2.2.conv2,9.646520932515463,1.943633710273692e-07,0.008373716087253005,1.6871820401681354e-10,1.412798339188026e-12,4.5368818202430264e-05,aggregate,3,0.11028667002922041
resnet50_no_weights,CIFAR10,fp32_fused,layer2.2.conv3,0.7895797491073608,1.8883187067331164e-06,0.0061685917899012566,3.688122474088118e-09,2.2750522013810275e-11,,42,3,
resnet50_no_weights,CIFAR10,fp32_fused,layer2.2.conv3,0.8109201788902283,1.8911792949438677e-06,0.006335313897579908,3.6937095604372416e-09,2.340080951186183e-11,,43,3,
resnet50_no_weights,CIFAR10,fp32_fused,layer2.2.conv3,0.8188288807868958,1.7110356793637038e-06,0.006397100631147623,3.341866561257234e-09,2.137825668822979e-11,,44,3,
resnet50_no_weights,CIFAR10,fp32_fused,layer2.2.conv3,0.806442936261495,1.8301778936802293e-06,0.00630033543954293,3.574566198594198e-09,2.2520966101995275e-11,0.00010895874173858645,aggregate,3,0.015129844750330497
resnet50_no_weights,CIFAR10,fp32_fused,layer2.3.conv1,24.408527374267578,2.448557268053264e-07,0.047672905027866364,1.9129353656666126e-09,9.119518601187124e-11,,42,3,
resnet50_no_weights,CIFAR10,fp32_fused,layer2.3.conv1,24.004301071166992,2.1671597494332673e-07,0.04688340052962303,1.69309355424474e-09,7.937798323777919e-11,,43,3,
resnet50_no_weights,CIFAR10,fp32_fused,layer2.3.conv1,24.576780319213867,1.9464489753318048e-07,0.048001524060964584,1.5206632619779725e-09,7.299415415846054e-11,,44,3,
resnet50_no_weights,CIFAR10,fp32_fused,layer2.3.conv1,24.329869588216145,2.1873886642727788e-07,0.04751927653948466,1.7088973939631085e-09,8.12055678413376e-11,0.000195733477433331,aggregate,3,0.2942335940047695
resnet50_no_weights,CIFAR10,fp32_fused,layer2.3.conv2,12.290724754333496,3.110851594101405e-07,0.010669031904803382,2.7003920087685806e-10,2.8810568497028083e-12,,42,3,
resnet50_no_weights,CIFAR10,fp32_fused,layer2.3.conv2,11.965507507324219,3.0369869818969164e-07,0.010386725266774496,2.6362734217855177e-10,2.7382247760185695e-12,,43,3,
resnet50_no_weights,CIFAR10,fp32_fused,layer2.3.conv2,12.566641807556152,2.7666388291436306e-07,0.010908543235725827,2.401596205853846e-10,2.6197916046311785e-12,,44,3,
resnet50_no_weights,CIFAR10,fp32_fused,layer2.3.conv2,12.274291356404623,2.9714924683806504e-07,0.010654766802434568,2.5794205454693146e-10,2.748312439738412e-12,0.00010027401059338219,aggregate,3,0.30090389521315714
resnet50_no_weights,CIFAR10,fp32_fused,layer2.3.conv3,0.900451123714447,2.235063220723532e-06,0.007034774404019117,4.365357852975649e-09,3.070930768849694e-11,,42,3,
resnet50_no_weights,CIFAR10,fp32_fused,layer2.3.conv3,0.8751594424247742,2.2538176835951163e-06,0.006837183143943548,4.4019876632717114e-09,3.009719585116879e-11,,43,3,
resnet50_no_weights,CIFAR10,fp32_fused,layer2.3.conv3,0.9261943697929382,2.0712886907858774e-06,0.00723589351400733,4.045485724191167e-09,2.927270391268411e-11,,44,3,
resnet50_no_weights,CIFAR10,fp32_fused,layer2.3.conv3,0.9006016453107198,2.1867231983681754e-06,0.007035950353989999,4.270943746812843e-09,3.0050148167259193e-11,0.00015004723758292607,aggregate,3,0.025517796641396247
resnet50_no_weights,CIFAR10,fp32_fused,layer3.0.conv1,27.10161781311035,4.920213427794806e-07,0.052932847291231155,1.921958370232346e-09,1.0173472891161229e-10,,42,3,
resnet50_no_weights,CIFAR10,fp32_fused,layer3.0.conv1,26.676130294799805,5.056973577666213e-07,0.05210181698203087,1.9753803037758644e-09,1.0292090305723863e-10,,43,3,
resnet50_no_weights,CIFAR10,fp32_fused,layer3.0.conv1,27.278833389282227,4.673007936162321e-07,0.05327897146344185,1.8253937250634067e-09,9.725510018719906e-11,,44,3,
resnet50_no_weights,CIFAR10,fp32_fused,layer3.0.conv1,27.01886049906413,4.883398313874446e-07,0.05277121191223463,1.9075774663572056e-09,1.0066517471613971e-10,0.000570698159892742,aggregate,3,0.3097568962844585
resnet50_no_weights,CIFAR10,fp32_fused,layer3.0.conv2,26.119470596313477,3.7613856420648517e-06,0.011336575779649947,1.6325458515906475e-09,1.8507479760310532e-11,,42,3,
resnet50_no_weights,CIFAR10,fp32_fused,layer3.0.conv2,26.376821517944336,4.009138137917034e-06,0.011448273228274452,1.7400773168042685e-09,1.992088056109795e-11,,43,3,
resnet50_no_weights,CIFAR10,fp32_fused,layer3.0.conv2,27.027088165283203,3.700387196658994e-06,0.011730507016181946,1.606070831883244e-09,1.8840025161891568e-11,,44,3,
resnet50_no_weights,CIFAR10,fp32_fused,layer3.0.conv2,26.507793426513672,3.823636992213626e-06,0.011505118674702115,1.6595646667593867e-09,1.9093488439409214e-11,0.00012081583729995757,aggregate,3,0.46776879278266303
resnet50_no_weights,CIFAR10,fp32_fused,layer3.0.conv3,3.844412326812744,9.810691153688822e-06,0.015017235651612282,9.58075307977424e-09,1.438764267188799e-10,,42,3,
resnet50_no_weights,CIFAR10,fp32_fused,layer3.0.conv3,3.9488792419433594,1.0812701475515496e-05,0.015425309538841248,1.0559278784683102e-08,1.6288014376065626e-10,,43,3,
resnet50_no_weights,CIFAR10,fp32_fused,layer3.0.conv3,4.048954010009766,9.522939762973692e-06,0.015816226601600647,9.299745862278996e-09,1.470868878951026e-10,,44,3,
resnet50_no_weights,CIFAR10,fp32_fused,layer3.0.conv3,3.9474151929219565,1.0048777464059336e-05,0.015419590597351393,9.813259242245445e-09,1.5131643994109953e-10,0.00011639237314509217,aggregate,3,0.10227870071975141
resnet50_no_weights,CIFAR10,fp32_fused,layer3.0.downsample.0,26.5941219329834,1.4946738247090252e-06,0.0519416444003582,1.4596424069424074e-09,7.581622685308546e-11,,42,3,
resnet50_no_weights,CIFAR10,fp32_fused,layer3.0.downsample.0,26.280780792236328,1.631519694456074e-06,0.05132964998483658,1.5932809516172597e-09,8.178255357402128e-11,,43,3,
resnet50_no_weights,CIFAR10,fp32_fused,layer3.0.downsample.0,26.5755558013916,1.4544345958711347e-06,0.05190538242459297,1.420346285030405e-09,7.37236170998531e-11,,44,3,
resnet50_no_weights,CIFAR10,fp32_fused,layer3.0.downsample.0,26.48348617553711,1.5268760383454112e-06,0.05172555893659592,1.4910898811966906e-09,7.712745752960122e-11,6.788261562357414e-05,aggregate,3,0.17579328663207952
resnet50_no_weights,CIFAR10,fp32_fused,layer3.1.conv1,31.74151611328125,8.369890451831452e-07,0.03099757432937622,3.269488457746661e-09,1.0134621148803975e-10,,42,3,
resnet50_no_weights,CIFAR10,fp32_fused,layer3.1.conv1,32.002410888671875,8.768595876063046e-07,0.03125235438346863,3.425232764087127e-09,1.070465881891187e-10,,43,3,
resnet50_no_weights,CIFAR10,fp32_fused,layer3.1.conv1,32.953773498535156,8.036262784116843e-07,0.03218141943216324,3.139165150045642e-09,1.0102279036044845e-10,,44,3,
resnet50_no_weights,CIFAR10,fp32_fused,layer3.1.conv1,32.232566833496094,8.391583037337114e-07,0.03147711604833603,3.27796212395981e-09,1.0318079417793299e-10,6.204578822796987e-05,aggregate,3,0.638060194048419
resnet50_no_weights,CIFAR10,fp32_fused,layer3.1.conv2,18.625720977783203,1.45024239373015e-06,0.008084080285496183,6.294454833898221e-10,5.088487823066275e-12,,42,3,
resnet50_no_weights,CIFAR10,fp32_fused,layer3.1.conv2,18.561180114746094,1.4721543948326143e-06,0.008056067758136325,6.389559005349889e-10,5.147472029170884e-12,,43,3,
resnet50_no_weights,CIFAR10,fp32_fused,layer3.1.conv2,19.40256690979004,1.377207468067354e-06,0.008421252999040816,5.977462969042335e-10,5.033772795470319e-12,,44,3,
resnet50_no_weights,CIFAR10,fp32_fused,layer3.1.conv2,18.863156000773113,1.4332014188767062e-06,0.008187133680891108,6.220492269430148e-10,5.092800177077433e-12,3.403616048096097e-05,aggregate,3,0.4682568497365996
resnet50_no_weights,CIFAR10,fp32_fused,layer3.1.conv3,1.3459161520004272,1.2489926120906603e-05,0.005257484968751669,1.2197193477447854e-08,6.412656136863799e-11,,42,3,
resnet50_no_weights,CIFAR10,fp32_fused,layer3.1.conv3,1.3664432764053345,1.3760326510237064e-05,0.005337669048458338,1.3437818857653383e-08,7.172662979528624e-11,,43,3,
resnet50_no_weights,CIFAR10,fp32_fused,layer3.1.conv3,1.4399187564849854,1.214973053720314e-05,0.005624682642519474,1.1864971227737442e-08,6.673669771864776e-11,,44,3,
resnet50_no_weights,CIFAR10,fp32_fused,layer3.1.conv3,1.3840927282969158,1.2799994389448935e-05,0.005406612219909827,1.2499994520946226e-08,6.758262312575374e-11,5.020217758058043e-05,aggregate,3,0.04942418210274193
resnet50_no_weights,CIFAR10,fp32_fused,layer3.2.conv1,35.99958801269531,1.0556767620073515e-06,0.035155847668647766,4.123737351591217e-09,1.449734821580538e-10,,42,3,
resnet50_no_weights,CIFAR10,fp32_fused,layer3.2.conv1,36.436641693115234,1.0445294265082339e-06,0.035582657903432846,4.080193072297789e-09,1.4518411427152885e-10,,43,3,
resnet50_no_weights,CIFAR10,fp32_fused,layer3.2.conv1,37.64289855957031,1.047542809828883e-06,0.03676064312458038,4.091964100894074e-09,1.504232319915615e-10,,44,3,
resnet50_no_weights,CIFAR10,fp32_fused,layer3.2.conv1,36.69304275512695,1.0492496661148227e-06,0.035833049565553665,4.098631508261026e-09,1.4686646598645734e-10,0.00010358031683764891,aggregate,3,0.8511307283950015
resnet50_no_weights,CIFAR10,fp32_fused,layer3.2.conv2,17.190553665161133,1.5831614064154564e-06,0.00746117780605952,6.871360270900418e-10,5.126844075068133e-12,,42,3,
resnet50_no_weights,CIFAR10,fp32_fused,layer3.2.conv2,17.52056312561035,1.6330585594914737e-06,0.007604411078823937,7.087927775570633e-10,5.389951650245323e-12,,43,3,
resnet50_no_weights,CIFAR10,fp32_fused,layer3.2.conv2,17.963956832885742,1.5283051197911846e-06,0.007796856264273326,6.633268749093683e-10,5.1718642998979565e-12,,44,3,
resnet50_no_weights,CIFAR10,fp32_fused,layer3.2.conv2,17.55835787455241,1.5815083618993715e-06,0.007620815049718927,6.864185598521578e-10,5.2310688913277165e-12,3.150116946765922e-05,aggregate,3,0.38808433007184134
resnet50_no_weights,CIFAR10,fp32_fused,layer3.2.conv3,1.224979281425476,1.4149135495244991e-05,0.004785075318068266,1.3817515132075187e-08,6.611785061552775e-11,,42,3,
resnet50_no_weights,CIFAR10,fp32_fused,layer3.2.conv3,1.2544834613800049,1.6163668988156132e-05,0.004900326021015644,1.5784832996246223e-08,7.73508278688917e-11,,43,3,
resnet50_no_weights,CIFAR10,fp32_fused,layer3.2.conv3,1.2940523624420166,1.3766210940957535e-05,0.005054892040789127,1.3443565372028843e-08,6.795577159889692e-11,,44,3,
resnet50_no_weights,CIFAR10,fp32_fused,layer3.2.conv3,1.2578383684158325,1.4693005141452886e-05,0.004913431126624346,1.4348637833450084e-08,7.050104375553336e-11,5.214442847528176e-05,aggregate,3,0.034658536916518524
resnet50_no_weights,CIFAR10,fp32_fused,layer3.3.conv1,41.07380676269531,1.6157163145180675e-06,0.04011113941669464,6.311391853586201e-09,2.5315711855258693e-10,,42,3,
resnet50_no_weights,CIFAR10,fp32_fused,layer3.3.conv1,41.67783737182617,1.7735325172907324e-06,0.040701013058423996,6.927861395666923e-09,2.8197097713199093e-10,,43,3,
resnet50_no_weights,CIFAR10,fp32_fused,layer3.3.conv1,42.84456253051758,1.4698956647407613e-06,0.04184039309620857,5.741779940393599e-09,2.402383297779932e-10,,44,3,
resnet50_no_weights,CIFAR10,fp32_fused,layer3.3.conv1,41.86540222167969,1.6197148321831871e-06,0.04088418185710907,6.327011063215575e-09,2.586746709204466e-10,0.00018499040571112616,aggregate,3,0.9001552238333033
resnet50_no_weights,CIFAR10,fp32_fused,layer3.3.conv2,17.80746841430664,2.1949351776129333e-06,0.00772893594370948,9.526628375056134e-10,7.363070047033398e-12,,42,3,
resnet50_no_weights,CIFAR10,fp32_fused,layer3.3.conv2,18.363672256469727,2.570811602709e-06,0.007970343861314986,1.1158036470091146e-09,8.89333874837197e-12,,43,3,
resnet50_no_weights,CIFAR10,fp32_fused,layer3.3.conv2,18.595266342163086,2.0699797005363507e-06,0.00807086212767495,8.984286894689022e-10,7.2510940842512016e-12,,44,3,
resnet50_no_weights,CIFAR10,fp32_fused,layer3.3.conv2,18.255469004313152,2.278575493619428e-06,0.007923380644233138,9.889650579945435e-10,7.83594659833687e-12,5.1681503015218226e-05,aggregate,3,0.4048917776599963
resnet50_no_weights,CIFAR10,fp32_fused,layer3.3.conv3,1.5867911577224731,1.2130798495491035e-05,0.006198402959853411,1.1846482905752964e-08,7.342927470687201e-11,,42,3,
resnet50_no_weights,CIFAR10,fp32_fused,layer3.3.conv3,1.6232120990753174,1.4592992556572426e-05,0.0063406722620129585,1.425096929352776e-08,9.036072570626987e-11,,43,3,
resnet50_no_weights,CIFAR10,fp32_fused,layer3.3.conv3,1.6171543598175049,1.2103230801585596e-05,0.0063170092180371284,1.1819561329673434e-08,7.466427787270226e-11,,44,3,
resnet50_no_weights,CIFAR10,fp32_fused,layer3.3.conv3,1.6090525388717651,1.2942340617883019e-05,0.0062853614799678326,1.2639004509651386e-08,7.944071209010254e-11,5.923248493182034e-05,aggregate,3,0.019515400821772798
resnet50_no_weights,CIFAR10,fp32_fused,layer3.4.conv1,50.630027770996094,1.1253978300374001e-06,0.04944338649511337,4.396085273583594e-09,2.1735734324726986e-10,,42,3,
resnet50_no_weights,CIFAR10,fp32_fused,layer3.4.conv1,51.3848762512207,1.2626682064365014e-06,0.05018054321408272,4.932297681392583e-09,2.475053769458405e-10,,43,3,
resnet50_no_weights,CIFAR10,fp32_fused,layer3.4.conv1,52.5036735534668,9.954781035048654e-07,0.05127311870455742,3.888586341815881e-09,1.9937994909684634e-10,,44,3,
resnet50_no_weights,CIFAR10,fp32_fused,layer3.4.conv1,51.50619252522787,1.127848046659589e-06,0.05029901613791784,4.40565643226402e-09,2.2160018398456946e-10,0.00021473934217546768,aggregate,3,0.9426957930832188
resnet50_no_weights,CIFAR10,fp32_fused,layer3.4.conv2,14.284500122070312,1.4868486459818087e-06,0.0061998698446485735,6.453336137073822e-10,4.00098441136249e-12,,42,3,
resnet50_no_weights,CIFAR10,fp32_fused,layer3.4.conv2,14.253854751586914,1.7398626823705854e-06,0.006186568902598487,7.551487336677888e-10,4.6717796725457696e-12,,43,3,
resnet50_no_weights,CIFAR10,fp32_fused,layer3.4.conv2,14.955195426940918,1.4203466207618476e-06,0.006490970237387551,6.164698874834408e-10,4.001487691900667e-12,,44,3,
resnet50_no_weights,CIFAR10,fp32_fused,layer3.4.conv2,14.497850100199381,1.5490193163714139e-06,0.00629246966154487,6.723174116195373e-10,4.230536915544313e-12,3.620685335602958e-05,aggregate,3,0.39636895136004063
resnet50_no_weights,CIFAR10,fp32_fused,layer3.4.conv3,1.343409776687622,1.0801278222061228e-05,0.005247694440186024,1.0548123263731668e-08,5.535332780548153e-11,,42,3,
resnet50_no_weights,CIFAR10,fp32_fused,layer3.4.conv3,1.3127362728118896,1.3524660971597768e-05,0.005127876065671444,1.3207676730075946e-08,6.772732938728212e-11,,43,3,
resnet50_no_weights,CIFAR10,fp32_fused,layer3.4.conv3,1.4068045616149902,1.122996491176309e-05,0.005495330318808556,1.0966762609143643e-08,6.026598306520308e-11,,44,3,
resnet50_no_weights,CIFAR10,fp32_fused,layer3.4.conv3,1.3543168703715007,1.1851968035140695e-05,0.005290300274888675,1.1574187534317085e-08,6.123092749441074e-11,6.036939082891991e-05,aggregate,3,0.047973266087036046
resnet50_no_weights,CIFAR10,fp32_fused,layer3.5.conv1,60.1060791015625,5.589674287875823e-07,0.05869734287261963,2.1834665187014934e-09,1.281636828991067e-10,,42,3,
resnet50_no_weights,CIFAR10,fp32_fused,layer3.5.conv1,60.30949020385742,9.697174618850113e-07,0.058895986527204514,3.787958835488325e-09,2.230955725405257e-10,,43,3,
resnet50_no_weights,CIFAR10,fp32_fused,layer3.5.conv1,62.22903060913086,6.021476224304934e-07,0.060770537704229355,2.3521391501191147e-09,1.4294076090790765e-10,,44,3,
resnet50_no_weights,CIFAR10,fp32_fused,layer3.5.conv1,60.88153330485026,7.102775043676957e-07,0.05945462236801783,2.774521501436311e-09,1.6495812811984172e-10,0.00018939441418152074,aggregate,3,1.1713905232316077
resnet50_no_weights,CIFAR10,fp32_fused,layer3.5.conv2,11.067849159240723,6.573081918759272e-07,0.004803753975364897,2.852900138350378e-10,1.3704630380919694e-12,,42,3,
resnet50_no_weights,CIFAR10,fp32_fused,layer3.5.conv2,11.003307342529297,9.776654223969672e-07,0.004775741034083896,4.243339506931281e-10,2.0265090604801048e-12,,43,3,
resnet50_no_weights,CIFAR10,fp32_fused,layer3.5.conv2,11.377142906188965,7.471423941751709e-07,0.004937996053033405,3.2428055302741793e-10,1.6012960909248795e-12,,44,3,
resnet50_no_weights,CIFAR10,fp32_fused,layer3.5.conv2,11.149433135986328,7.940386694826884e-07,0.0048391636874940665,3.446348391851946e-10,1.6677443992303509e-12,1.1830016783459181e-05,aggregate,3,0.19982546411908078
resnet50_no_weights,CIFAR10,fp32_fused,layer3.5.conv3,1.1635630130767822,5.369922291720286e-06,0.004545168019831181,5.244064738008092e-09,2.3835155341118757e-11,,42,3,
resnet50_no_weights,CIFAR10,fp32_fused,layer3.5.conv3,1.1261035203933716,6.4439504967594985e-06,0.004398841876536608,6.292920406991698e-09,2.7681561811986873e-11,,43,3,
resnet50_no_weights,CIFAR10,fp32_fused,layer3.5.conv3,1.1731287240982056,5.72807857679436e-06,0.0045825340785086155,5.593826735150742e-09,2.5633901643100863e-11,,44,3,
resnet50_no_weights,CIFAR10,fp32_fused,layer3.5.conv3,1.1542650858561199,5.847317121758048e-06,0.004508847991625468,5.710270626716844e-09,2.5746742246910147e-11,2.5745191765946277e-05,aggregate,3,0.024853189610608024
resnet50_no_weights,CIFAR10,fp32_fused,layer4.0.conv1,65.2435302734375,6.560559313584235e-07,0.06371438503265381,1.281359240934421e-09,8.164101604204472e-11,,42,3,
resnet50_no_weights,CIFAR10,fp32_fused,layer4.0.conv1,65.05326080322266,6.766040314687416e-07,0.06352857500314713,1.321492248962386e-09,8.395251945428451e-11,,43,3,
resnet50_no_weights,CIFAR10,fp32_fused,layer4.0.conv1,67.28450012207031,6.139658808024251e-07,0.06570751965045929,1.1991521109422365e-09,7.879331089362674e-11,,44,3,
resnet50_no_weights,CIFAR10,fp32_fused,layer4.0.conv1,65.86043039957683,6.488752812098634e-07,0.06431682656208675,1.2673345336130144e-09,8.151093539453134e-11,0.00011415661883294783,aggregate,3,1.236944440432137
resnet50_no_weights,CIFAR10,fp32_fused,layer4.0.conv2,24.080808639526367,3.549438815753092e-06,0.0052258699304527706,7.702775207797509e-10,4.025370133946609e-12,,42,3,
resnet50_no_weights,CIFAR10,fp32_fused,layer4.0.conv2,23.821435928344727,3.932939762307797e-06,0.005169582449727588,8.535025525841573e-10,4.4122518166367574e-12,,43,3,
resnet50_no_weights,CIFAR10,fp32_fused,layer4.0.conv2,24.466222763061523,3.5076184303761693e-06,0.0053095101482338375,7.612019163142728e-10,4.0416092995256755e-12,,44,3,
resnet50_no_weights,CIFAR10,fp32_fused,layer4.0.conv2,24.122822443644207,3.663332336145686e-06,0.005234987509471399,7.949939965593936e-10,4.161783642093174e-12,6.263746531330413e-06,aggregate,3,0.3244401105880183
resnet50_no_weights,CIFAR10,fp32_fused,layer4.0.conv3,3.609447956085205,1.7250915334443562e-05,0.007049703039228916,8.42329850314627e-09,5.938175305796264e-11,,42,3,
resnet50_no_weights,CIFAR10,fp32_fused,layer4.0.conv3,3.5905048847198486,1.9580502339522354e-05,0.007012704852968454,9.5607921579699e-09,6.704701356441826e-11,,43,3,
resnet50_no_weights,CIFAR10,fp32_fused,layer4.0.conv3,3.6331608295440674,1.799156962078996e-05,0.007096017245203257,8.784946103901348e-09,6.233812905146512e-11,,44,3,
resnet50_no_weights,CIFAR10,fp32_fused,layer4.0.conv3,3.6110378901163735,1.8274329098251958e-05,0.007052808379133542,8.923012255005839e-09,6.293229559921646e-11,1.0289106719088091e-05,aggregate,3,0.021372372935153917
resnet50_no_weights,CIFAR10,fp32_fused,layer4.0.downsample.0,64.15791320800781,5.882816367375199e-06,0.06265421211719513,2.8724689293824213e-09,1.7997227760157862e-10,,42,3,
resnet50_no_weights,CIFAR10,fp32_fused,layer4.0.downsample.0,64.38455963134766,7.024401838862104e-06,0.06287554651498795,3.429883710381887e-09,2.1565581277311577e-10,,43,3,
resnet50_no_weights,CIFAR10,fp32_fused,layer4.0.downsample.0,66.08428955078125,6.397478045983007e-06,0.06453543901443481,3.1237685771401402e-09,2.0159377650523533e-10,,44,3,
resnet50_no_weights,CIFAR10,fp32_fused,layer4.0.downsample.0,64.8755874633789,6.4348987507401034e-06,0.06335506588220596,3.142040405634816e-09,1.9906417690354692e-10,3.683602264395187e-05,aggregate,3,1.052883043063793
resnet50_no_weights,CIFAR10,fp32_fused,layer4.1.conv1,20.73390769958496,9.024458449857775e-06,0.01012397836893797,1.7625895409878467e-08,1.7844418386277264e-10,,42,3,
resnet50_no_weights,CIFAR10,fp32_fused,layer4.1.conv1,20.588186264038086,1.0512596418266185e-05,0.010052825324237347,2.0532414879426142e-08,2.0640878026764283e-10,,43,3,
resnet50_no_weights,CIFAR10,fp32_fused,layer4.1.conv1,20.823917388916016,9.665569450589828e-06,0.010167928412556648,1.8878065333183258e-08,1.9195081687537474e-10,,44,3,
resnet50_no_weights,CIFAR10,fp32_fused,layer4.1.conv1,20.71533711751302,9.73420810623793e-06,0.010114910701910654,1.9012125207495956e-08,1.9230594872736617e-10,3.098356633030034e-05,aggregate,3,0.1189577265162777
resnet50_no_weights,CIFAR10,fp32_fused,layer4.1.conv2,38.6212158203125,1.6288788174279034e-05,0.008381340238783095,3.5348932669876376e-09,2.962714317840692e-11,,42,3,
resnet50_no_weights,CIFAR10,fp32_fused,layer4.1.conv2,38.80243682861328,1.8359980458626524e-05,0.008420667714542814,3.984370759250548e-09,3.3551062215189526e-11,,43,3,
resnet50_no_weights,CIFAR10,fp32_fused,layer4.1.conv2,38.82565689086914,1.6977801351458766e-05,0.008425706790553199,3.6844186960631e-09,3.1043831626660023e-11,,44,3,
resnet50_no_weights,CIFAR10,fp32_fused,layer4.1.conv2,38.749769846598305,1.7208856661454774e-05,0.008409238247959703,3.734560907433762e-09,3.1404812422127083e-11,4.257743410697138e-05,aggregate,3,0.111934784935294
resnet50_no_weights,CIFAR10,fp32_fused,layer4.1.conv3,2.6419830322265625,4.516484841587953e-05,0.005160123109817505,2.2053148640566178e-08,1.1379696194442603e-10,,42,3,
resnet50_no_weights,CIFAR10,fp32_fused,layer4.1.conv3,2.6773548126220703,5.220609818934463e-05,0.005229208618402481,2.5491258881515932e-08,1.332991106371519e-10,,43,3,
resnet50_no_weights,CIFAR10,fp32_fused,layer4.1.conv3,2.6255042552948,4.901852298644371e-05,0.005127937998622656,2.393482567697447e-08,1.2273630207936661e-10,,44,3,
resnet50_no_weights,CIFAR10,fp32_fused,layer4.1.conv3,2.648280700047811,4.879648986388929e-05,0.005172423242280881,2.3826411066352193e-08,1.2324028237973848e-10,1.9753549373423017e-05,aggregate,3,0.026492745021556973
resnet50_no_weights,CIFAR10,fp32_fused,layer4.2.conv1,41.74680709838867,3.0475669063889654e-06,0.020384183153510094,5.952279114040948e-09,1.2133234764142348e-10,,42,3,
resnet50_no_weights,CIFAR10,fp32_fused,layer4.2.conv1,40.88173294067383,3.67050347449549e-06,0.019961783662438393,7.168952098624004e-09,1.4310507087911607e-10,,43,3,
resnet50_no_weights,CIFAR10,fp32_fused,layer4.2.conv1,41.46064376831055,3.265709665356553e-06,0.020244454964995384,6.378339190149518e-09,1.2912600048644705e-10,,44,3,
resnet50_no_weights,CIFAR10,fp32_fused,layer4.2.conv1,41.36306126912435,3.3279266820803364e-06,0.020196807260314625,6.499856800938157e-09,1.3127635502819317e-10,3.168154436652921e-05,aggregate,3,0.44071542144231785
resnet50_no_weights,CIFAR10,fp32_fused,layer4.2.conv2,27.89103126525879,1.678193598309008e-06,0.006052741159995397,3.641913190774757e-10,2.204355787093254e-12,,42,3,
resnet50_no_weights,CIFAR10,fp32_fused,layer4.2.conv2,27.466772079467773,2.038600314335781e-06,0.005960671024190055,4.4240458210411915e-10,2.6370281735169333e-12,,43,3,
resnet50_no_weights,CIFAR10,fp32_fused,layer4.2.conv2,27.83562660217285,1.7579330915395985e-06,0.006040717578596539,3.8149589660147537e-10,2.30450896876298e-12,,44,3,
resnet50_no_weights,CIFAR10,fp32_fused,layer4.2.conv2,27.731143315633137,1.824909001394796e-06,0.006018043254260664,3.960305992610234e-10,2.38332927636361e-12,4.719649507236177e-06,aggregate,3,0.23062205457548676
resnet50_no_weights,CIFAR10,fp32_fused,layer4.2.conv3,4.254004001617432,4.180282303423155e-06,0.008308601565659046,2.0411534684683375e-09,1.695913090386642e-11,,42,3,
resnet50_no_weights,CIFAR10,fp32_fused,layer4.2.conv3,4.067723274230957,4.671870101446984e-06,0.007944772019982338,2.2811865729721603e-09,1.8123507257308617e-11,,43,3,
resnet50_no_weights,CIFAR10,fp32_fused,layer4.2.conv3,4.200338363647461,4.625366727850633e-06,0.008203785866498947,2.2584798475833168e-09,1.852808505337671e-11,,44,3,
resnet50_no_weights,CIFAR10,fp32_fused,layer4.2.conv3,4.17402187983195,4.492506377573591e-06,0.008152386484046778,2.193606629674605e-09,1.7883129039074652e-11,5.425045592735559e-06,aggregate,3,0.09588819186540937
resnet50_no_weights,CIFAR10,ptq,conv1,42.071197509765625,2.9530012852774234e-06,1.5581925003616899,5.126738342495527e-09,7.98844523659325e-09,,42,3,
resnet50_no_weights,CIFAR10,ptq,conv1,39.1317138671875,1.4450733942794614e-07,1.4493227358217593,2.5088079761796206e-10,3.636072439688099e-10,,43,3,
resnet50_no_weights,CIFAR10,ptq,conv1,38.804786682128906,5.3951159095788626e-09,1.43721432156033,9.366520676352193e-12,1.3461697659244319e-11,,44,3,
resnet50_no_weights,CIFAR10,ptq,conv1,40.00256601969401,1.0343012468716495e-06,1.4815765192479264,1.795661886929947e-09,2.6604104881838346e-09,0.6040581040361253,aggregate,3,1.7989295504186693
resnet50_no_weights,CIFAR10,ptq,fc,96.59322357177734,0.00018078960420098156,0.047164659947156906,1.8078960420098155e-05,8.526880204120384e-07,,42,3,
resnet50_no_weights,CIFAR10,ptq,fc,41.86096954345703,0.00017404920072294772,0.02043992653489113,1.740492007229477e-05,3.557552876233571e-07,,43,3,
resnet50_no_weights,CIFAR10,ptq,fc,46.83659744262695,0.00017968016618397087,0.022869432345032692,1.7968016618397086e-05,4.1091834042885526e-07,,44,3,
resnet50_no_weights,CIFAR10,ptq,fc,61.763596852620445,0.00017817299036930004,0.030158006275693577,1.7817299036930003e-05,5.373342161716442e-07,0.0013334434315408115,aggregate,3,30.26576269144073
resnet50_no_weights,CIFAR10,ptq,layer1.0.conv1,5.33379602432251,5.593813057203079e-07,0.08334056288003922,8.74033290187981e-09,7.2842426380159e-10,,42,3,
resnet50_no_weights,CIFAR10,ptq,layer1.0.conv1,4.7839508056640625,2.5158579219919375e-08,0.07474923133850098,3.9310280031124023e-10,2.938413216027745e-11,,43,3,
resnet50_no_weights,CIFAR10,ptq,layer1.0.conv1,5.005653381347656,1.9695992059531875e-10,0.07821333408355713,3.0774987593018555e-12,2.407014386030086e-13,,44,3,
resnet50_no_weights,CIFAR10,ptq,layer1.0.conv1,5.041133403778076,1.9491228162027419e-07,0.07876770943403244,3.045504400316784e-09,2.3988740568421967e-10,0.0022179027509001137,aggregate,3,0.27663435273685055
resnet50_no_weights,CIFAR10,ptq,layer1.0.conv2,12.993563652038574,1.4474451859314286e-07,0.022558270229233637,2.512925670019841e-10,5.668725633028557e-12,,42,3,
resnet50_no_weights,CIFAR10,ptq,layer1.0.conv2,11.792819023132324,8.25021029271511e-09,0.020473644137382507,1.4323281758185955e-11,2.932497735965617e-13,,43,3,
resnet50_no_weights,CIFAR10,ptq,layer1.0.conv2,12.698795318603516,7.144486668941852e-10,0.022046519650353327,1.2403622689135159e-12,2.7345671135158664e-14,,44,3,
resnet50_no_weights,CIFAR10,ptq,layer1.0.conv2,12.495059331258139,5.123639251758405e-08,0.021692811338989825,8.895207034302786e-11,1.9296204801638554e-12,0.0005980938076975705,aggregate,3,0.6257620796808472
resnet50_no_weights,CIFAR10,ptq,layer1.0.conv3,1.5789545774459839,1.7189583445542667e-07,0.024671165272593498,6.714681033415104e-10,1.6565900552813294e-11,,42,3,
resnet50_no_weights,CIFAR10,ptq,layer1.0.conv3,1.4264674186706543,1.0651834081443212e-08,0.022288553416728973,4.160872688063755e-11,9.273983316811767e-13,,43,3,
resnet50_no_weights,CIFAR10,ptq,layer1.0.conv3,1.5339094400405884,2.1150838858119414e-09,0.023967335000634193,8.262046428952896e-12,1.980192345535075e-13,,44,3,
resnet50_no_weights,CIFAR10,ptq,layer1.0.conv3,1.5131104787190754,6.15542508075606e-08,0.023642351229985554,2.404462922170336e-10,5.6847156925428504e-12,0.0002948316378852433,aggregate,3,0.07834239587786096
resnet50_no_weights,CIFAR10,ptq,layer1.0.downsample.0,5.33379602432251,1.0102702674430475e-07,0.08334056288003922,3.946368232199404e-10,3.2889254980340365e-11,,42,3,
resnet50_no_weights,CIFAR10,ptq,layer1.0.downsample.0,4.7839508056640625,6.53083853663361e-09,0.07474923133850098,2.5511088033725038e-11,1.906934221129777e-12,,43,3,
resnet50_no_weights,CIFAR10,ptq,layer1.0.downsample.0,5.005653381347656,1.5596333113876426e-09,0.07821333408355713,6.092317622607979e-12,4.765004735601804e-13,,44,3,
resnet50_no_weights,CIFAR10,ptq,layer1.0.downsample.0,5.041133403778076,3.6372499530775336e-08,0.07876770943403244,1.4208007629209116e-10,1.1191322165740597e-11,0.00014464386186259357,aggregate,3,0.27663435273685055
resnet50_no_weights,CIFAR10,ptq,layer1.1.conv1,11.654814720153809,1.4813814175340667e-07,0.045526620000600815,2.3146584648969792e-09,1.053785763625388e-10,,42,3,
resnet50_no_weights,CIFAR10,ptq,layer1.1.conv1,11.289057731628418,7.449986849650259e-09,0.04409788176417351,1.1640604452578529e-10,5.1332599881331965e-12,,43,3,
resnet50_no_weights,CIFAR10,ptq,layer1.1.conv1,11.483607292175293,3.614895327519463e-10,0.04485784098505974,5.648273949249161e-12,2.5336937465547423e-13,,44,3,
resnet50_no_weights,CIFAR10,ptq,layer1.1.conv1,11.475826581319174,5.1983206045269625e-08,0.04482744758327802,8.122375944573379e-10,3.6410538190704145e-11,0.0010338836292476965,aggregate,3,0.18300259085559578
resnet50_no_weights,CIFAR10,ptq,layer1.1.conv2,9.341827392578125,4.65333869215101e-08,0.016218450334337022,8.078713007206614e-11,1.3102420567274297e-12,,42,3,
resnet50_no_weights,CIFAR10,ptq,layer1.1.conv2,9.036249160766602,2.9658429046008905e-09,0.01568793257077535,5.149032820487657e-12,8.077767969251957e-14,,43,3,
resnet50_no_weights,CIFAR10,ptq,layer1.1.conv2,9.25517749786377,7.325552942027969e-10,0.01606801648934682,1.2717973857687445e-12,2.0435261365640365e-14,,44,3,
resnet50_no_weights,CIFAR10,ptq,layer1.1.conv2,9.211084683736166,1.6743928373437928e-08,0.01599146646481973,2.906932009277418e-11,4.648610574187087e-13,0.00010645662463102491,aggregate,3,0.1574885587353344
resnet50_no_weights,CIFAR10,ptq,layer1.1.conv3,1.1116892099380493,4.275880982618219e-08,0.01737014390528202,1.6702660088352417e-10,2.90127609335692e-12,,42,3,
resnet50_no_weights,CIFAR10,ptq,layer1.1.conv3,1.0909092426300049,3.904280010402772e-09,0.017045456916093826,1.5251093790635828e-11,2.599618621315891e-13,,43,3,
resnet50_no_weights,CIFAR10,ptq,layer1.1.conv3,1.1325979232788086,1.9941193141193025e-09,0.017696842551231384,7.789528570778526e-12,1.37850060665386e-13,,44,3,
resnet50_no_weights,CIFAR10,ptq,layer1.1.conv3,1.1117321252822876,1.621906971690142e-08,0.017370814457535744,6.335574108164617e-11,1.1005408231489505e-12,6.933273212544343e-05,aggregate,3,0.020844373457951756
resnet50_no_weights,CIFAR10,ptq,layer1.2.conv1,14.220529556274414,7.732811724281419e-08,0.05554894357919693,1.2082518319189717e-09,6.711711284072829e-11,,42,3,
resnet50_no_weights,CIFAR10,ptq,layer1.2.conv1,13.843398094177246,4.601911740564901e-09,0.05407577380537987,7.190487094632658e-11,3.888311536798587e-12,,43,3,
resnet50_no_weights,CIFAR10,ptq,layer1.2.conv1,14.107322692871094,7.232335841322879e-10,0.05510672926902771,1.1300524752066998e-11,6.227349581101026e-13,,44,3,
resnet50_no_weights,CIFAR10,ptq,layer1.2.conv1,14.057083447774252,2.7551087522503792e-08,0.05491048221786817,4.3048574253912175e-10,2.363817971074022e-11,0.0005541156755344647,aggregate,3,0.19352007967343432
resnet50_no_weights,CIFAR10,ptq,layer1.2.conv2,11.0031156539917,1.398899396320985e-08,0.01910263134373559,2.428644785279488e-11,4.639350599807993e-13,,42,3,
resnet50_no_weights,CIFAR10,ptq,layer1.2.conv2,10.755964279174805,1.2641055979756288e-09,0.018673549095789593,2.1946277742632444e-12,4.0981489489688136e-14,,43,3,
resnet50_no_weights,CIFAR10,ptq,layer1.2.conv2,10.962111473083496,5.471712527516104e-10,0.019031443529658847,9.49950091582657e-13,1.8078921523949586e-14,,44,3,
resnet50_no_weights,CIFAR10,ptq,layer1.2.conv2,10.907063802083334,5.2667569379790296e-09,0.018935874656394677,9.143675239546927e-12,1.731434882348402e-13,3.282007506411058e-05,aggregate,3,0.13245238797536604
resnet50_no_weights,CIFAR10,ptq,layer1.2.conv3,1.2041183710098267,2.3656104630731534e-08,0.01881434954702854,9.240665871379505e-11,1.738571177514311e-12,,42,3,
resnet50_no_weights,CIFAR10,ptq,layer1.2.conv3,1.1925410032272339,2.722550851430583e-09,0.01863345317542553,1.0634964263400715e-11,1.9816610862440107e-13,,43,3,
resnet50_no_weights,CIFAR10,ptq,layer1.2.conv3,1.221060037612915,1.6485043330405347e-09,0.019079063087701797,6.4394700509395886e-12,1.2285905535324272e-13,,44,3,
resnet50_no_weights,CIFAR10,ptq,layer1.2.conv3,1.2059064706166585,9.342386605067551e-09,0.01884228860338529,3.649369767604512e-11,6.876247838167331e-13,4.493091759532294e-05,aggregate,3,0.014343354061232686
resnet50_no_weights,CIFAR10,ptq,layer2.0.conv1,19.55980682373047,3.834107431543998e-08,0.07640549540519714,2.9953964308937486e-10,2.2886474823739623e-11,,42,3,
resnet50_no_weights,CIFAR10,ptq,layer2.0.conv1,19.10585594177246,2.347508853972613e-09,0.07463224977254868,1.833991292166104e-11,1.3687489619761996e-12,,43,3,
resnet50_no_weights,CIFAR10,ptq,layer2.0.conv1,19.465497970581055,2.5366050926400874e-10,0.07603710144758224,1.9817227286250683e-12,1.5068445215744381e-13,,44,3,
resnet50_no_weights,CIFAR10,ptq,layer2.0.conv1,19.37705357869466,1.3647414559558868e-08,0.07569161554177602,1.0662042624655366e-10,8.070272312354424e-12,0.00027448283851839853,aggregate,3,0.23955095209522484
resnet50_no_weights,CIFAR10,ptq,layer2.0.conv2,21.13201904296875,1.3448553204398195e-07,0.018343766530354817,1.1674091323262323e-10,2.1414680568796497e-12,,42,3,
resnet50_no_weights,CIFAR10,ptq,layer2.0.conv2,20.633752822875977,1.1665867383214845e-08,0.01791124376985762,1.0126620992373998e-11,1.8138037715936816e-13,,43,3,
resnet50_no_weights,CIFAR10,ptq,layer2.0.conv2,21.202648162841797,3.6824521210121475e-09,0.018405076530244615,3.1965730217119337e-12,5.883317109912342e-14,,44,3,
resnet50_no_weights,CIFAR10,ptq,layer2.0.conv2,20.989473342895508,4.9944617182736316e-08,0.018220028943485685,4.335470241556972e-11,7.899239328478891e-13,1.3981769377836337e-05,aggregate,3,0.3100805289206896
resnet50_no_weights,CIFAR10,ptq,layer2.0.conv3,2.9742820262908936,1.0783292481164608e-07,0.023236578330397606,2.1061118127274625e-10,4.8938832109017376e-12,,42,3,
resnet50_no_weights,CIFAR10,ptq,layer2.0.conv3,2.9031224250793457,1.5929591867802628e-08,0.02268064394593239,3.111248411680201e-11,7.056511745266631e-13,,43,3,
resnet50_no_weights,CIFAR10,ptq,layer2.0.conv3,2.9889307022094727,1.0440657227661632e-08,0.023351021111011505,2.0391908647776624e-11,4.7617188932805e-13,,44,3,
resnet50_no_weights,CIFAR10,ptq,layer2.0.conv3,2.9554450511932373,4.4734391302370113e-08,0.023089414462447166,8.737185801244163e-11,2.01736504200335e-12,7.483542584516978e-06,aggregate,3,0.045900858697114355
resnet50_no_weights,CIFAR10,ptq,layer2.0.downsample.0,19.55047607421875,1.822929895922698e-08,0.07636904716491699,3.5604099529740196e-11,2.719051156251128e-12,,42,3,
resnet50_no_weights,CIFAR10,ptq,layer2.0.downsample.0,19.02555274963379,3.5084000149510075e-09,0.07431856542825699,6.8523437792011865e-12,5.092563594914731e-13,,43,3,
resnet50_no_weights,CIFAR10,ptq,layer2.0.downsample.0,19.401321411132812,2.7746798192396227e-09,0.07578641176223755,5.419296521952388e-12,4.107090376743455e-13,,44,3,
resnet50_no_weights,CIFAR10,ptq,layer2.0.downsample.0,19.325783411661785,8.170792931139204e-09,0.07549134145180385,1.5958579943631257e-11,1.2047346076105759e-12,5.765080256150296e-06,aggregate,3,0.2704914346081885
resnet50_no_weights,CIFAR10,ptq,layer2.1.conv1,24.624448776245117,2.2636017504851225e-08,0.048094626516103745,1.768438867566502e-10,8.505240685217236e-12,,42,3,
resnet50_no_weights,CIFAR10,ptq,layer2.1.conv1,23.54033851623535,1.7242708372222637e-09,0.04597722366452217,1.3470865915798935e-11,6.193530151654759e-13,,43,3,
resnet50_no_weights,CIFAR10,ptq,layer2.1.conv1,24.334548950195312,3.3163477519693174e-10,0.04752841591835022,2.5908966812260292e-12,1.2314121506678396e-13,,44,3,
resnet50_no_weights,CIFAR10,ptq,layer2.1.conv1,24.16644541422526,8.23064103909014e-09,0.047200088699658714,6.430188311789171e-11,3.035054586719576e-12,1.0141626586208446e-05,aggregate,3,0.5612645214770272
resnet50_no_weights,CIFAR10,ptq,layer2.1.conv2,16.9454345703125,4.02169186841661e-09,0.014709578620062934,3.491051969111641e-12,5.13519034063732e-14,,42,3,
resnet50_no_weights,CIFAR10,ptq,layer2.1.conv2,15.108267784118652,9.980393178565805e-10,0.013114815784825219,8.663535745282817e-13,1.136206753446326e-14,,43,3,
resnet50_no_weights,CIFAR10,ptq,layer2.1.conv2,15.660916328430176,7.596944739951539e-10,0.013594545423984528,6.594570086763488e-13,8.965018259615583e-15,,44,3,
resnet50_no_weights,CIFAR10,ptq,layer2.1.conv2,15.90487289428711,1.9264752200894484e-09,0.013806313276290894,1.672287517438757e-12,2.308812535379025e-14,2.076380472943811e-06,aggregate,3,0.9425664722405466
resnet50_no_weights,CIFAR10,ptq,layer2.1.conv3,2.3576579093933105,1.954796857717156e-08,0.01841920241713524,3.81796261272882e-11,7.032382618490666e-13,,42,3,
resnet50_no_weights,CIFAR10,ptq,layer2.1.conv3,1.8570870161056519,9.001029255273352e-09,0.014508492313325405,1.7580135264205765e-11,2.5506125734795023e-13,,43,3,
resnet50_no_weights,CIFAR10,ptq,layer2.1.conv3,2.095139980316162,8.789601046998996e-09,0.016368281096220016,1.7167189544919914e-11,2.8099738410333854e-13,,44,3,
resnet50_no_weights,CIFAR10,ptq,layer2.1.conv3,2.1032949686050415,1.2446199626481302e-08,0.016431991942226887,2.4308983645471294e-11,3.9944502338610947e-13,6.953831596005895e-06,aggregate,3,0.25038506879843087
resnet50_no_weights,CIFAR10,ptq,layer2.2.conv1,33.117061614990234,4.107993500923612e-09,0.0646817609667778,3.209369922596572e-11,2.0758769818735766e-12,,42,3,
resnet50_no_weights,CIFAR10,ptq,layer2.2.conv1,29.97369956970215,6.237962368871308e-10,0.05854238197207451,4.8734081006807095e-12,2.8530091853585224e-13,,43,3,
resnet50_no_weights,CIFAR10,ptq,layer2.2.conv1,31.7561092376709,2.8375976568462136e-10,0.062023650854825974,2.2168731694111043e-12,1.374985674489858e-13,,44,3,
resnet50_no_weights,CIFAR10,ptq,layer2.2.conv1,31.615623474121094,1.671849834498455e-09,0.06174926459789276,1.3061326832019179e-11,8.065273265499087e-13,1.2441804066229219e-05,aggregate,3,1.576383019529059
resnet50_no_weights,CIFAR10,ptq,layer2.2.conv2,16.40127182006836,1.5156516042225121e-09,0.014237215121587118,1.3156697953320418e-12,1.8731473905116775e-14,,42,3,
resnet50_no_weights,CIFAR10,ptq,layer2.2.conv2,13.209996223449707,8.174570464980491e-10,0.011467010610633425,7.095981306406676e-13,8.13696929334218e-15,,43,3,
resnet50_no_weights,CIFAR10,ptq,layer2.2.conv2,14.434491157531738,8.15512934959628e-10,0.012529940240912966,7.079105338191215e-13,8.87007668466639e-15,,44,3,
resnet50_no_weights,CIFAR10,ptq,layer2.2.conv2,14.681919733683268,1.049540528560063e-09,0.012744721991044504,9.11059486597277e-13,1.1611199873986031e-14,1.180086272727e-06,aggregate,3,1.6099613842001659
resnet50_no_weights,CIFAR10,ptq,layer2.2.conv3,3.623100996017456,1.574358776679219e-08,0.028305476531386375,3.0749194857015993e-11,8.703706133842928e-13,,42,3,
resnet50_no_weights,CIFAR10,ptq,layer2.2.conv3,1.8446381092071533,1.225280055194844e-08,0.014411235228180885,2.3931251078024296e-11,3.448788885900655e-13,,43,3,
resnet50_no_weights,CIFAR10,ptq,layer2.2.conv3,2.501149892807007,1.3492038597462397e-08,0.01954023353755474,2.6351637885668744e-11,5.149171583830425e-13,,44,3,
resnet50_no_weights,CIFAR10,ptq,layer2.2.conv3,2.6562963326772056,1.3829475638734342e-08,0.02075231509904067,2.7010694606903012e-11,5.605344455264097e-13,4.0601910218776515e-06,aggregate,3,0.8993249542260611
resnet50_no_weights,CIFAR10,ptq,layer2.3.conv1,44.59833908081055,1.7253670714367786e-09,0.0871061310172081,1.3479430245599833e-11,1.1741410170105366e-12,,42,3,
resnet50_no_weights,CIFAR10,ptq,layer2.3.conv1,34.927528381347656,6.530782581393169e-10,0.06821782886981964,5.102173891713413e-12,3.480592254089673e-13,,43,3,
resnet50_no_weights,CIFAR10,ptq,layer2.3.conv1,39.09382247924805,5.726697449581764e-10,0.07635512202978134,4.473982382485753e-12,3.416114707737915e-13,,44,3,
resnet50_no_weights,CIFAR10,ptq,layer2.3.conv1,39.539896647135414,9.837050248447572e-10,0.07722636063893636,7.685195506599666e-12,5.93499679773399e-13,7.880371273989513e-06,aggregate,3,4.850812459645682
resnet50_no_weights,CIFAR10,ptq,layer2.3.conv2,28.234201431274414,1.3300305301555682e-09,0.024508855409092374,1.1545403907600418e-12,2.8296463501094875e-14,,42,3,
resnet50_no_weights,CIFAR10,ptq,layer2.3.conv2,19.529953002929688,1.0775739189838873e-09,0.01695308420393202,9.353940268957356e-13,1.585781370181846e-14,,43,3,
resnet50_no_weights,CIFAR10,ptq,layer2.3.conv2,23.218231201171875,1.1144545286612129e-09,0.020154714584350586,9.67408445018414e-13,1.949784109583655e-14,,44,3,
resnet50_no_weights,CIFAR10,ptq,layer2.3.conv2,23.660795211791992,1.1740196592668894e-09,0.020538884732458327,1.0191142875580637e-12,2.093147088135646e-14,8.708377817532236e-07,aggregate,3,4.368968110802313
resnet50_no_weights,CIFAR10,ptq,layer2.3.conv3,9.154570579528809,1.6979726069621393e-08,0.07152008265256882,3.316352747972928e-11,2.3718582264009755e-12,,42,3,
resnet50_no_weights,CIFAR10,ptq,layer2.3.conv3,3.120755195617676,1.5094535399384768e-08,0.024380899965763092,2.9481514451923374e-11,7.187858546915427e-13,,43,3,
resnet50_no_weights,CIFAR10,ptq,layer2.3.conv3,5.214613437652588,1.6705740790712298e-08,0.04073916748166084,3.262839998185996e-11,1.3292538515196124e-12,,44,3,
resnet50_no_weights,CIFAR10,ptq,layer2.3.conv3,5.8299797375996905,1.6260000753239485e-08,0.04554671669999758,3.175781397117087e-11,1.4464641559561447e-12,2.554825756239732e-06,aggregate,3,3.0636153126842807
resnet50_no_weights,CIFAR10,ptq,layer3.0.conv1,75.1749038696289,1.6842225392110777e-09,0.14682598412036896,6.578994293793272e-12,9.65967311708489e-13,,42,3,
resnet50_no_weights,CIFAR10,ptq,layer3.0.conv1,44.184017181396484,1.2417729067237815e-09,0.08629690855741501,4.8506754168897714e-12,4.1859829289303753e-13,,43,3,
resnet50_no_weights,CIFAR10,ptq,layer3.0.conv1,55.554237365722656,1.2729147735868196e-09,0.10850436985492706,4.972323334323514e-12,5.395188101057227e-13,,44,3,
resnet50_no_weights,CIFAR10,ptq,layer3.0.conv1,58.304386138916016,1.3996367398405596e-09,0.11387575417757034,5.467331015002186e-12,6.225964426717951e-13,3.895116209610272e-06,aggregate,3,15.677412195153194
resnet50_no_weights,CIFAR10,ptq,layer3.0.conv2,46.84272384643555,2.5441631024136768e-08,0.02033104333612654,1.1042374576448251e-11,2.2450299604751133e-13,,42,3,
resnet50_no_weights,CIFAR10,ptq,layer3.0.conv2,30.17303466796875,2.238116358910247e-08,0.013095935185750326,9.714046696659059e-12,1.272145259307991e-13,,43,3,
resnet50_no_weights,CIFAR10,ptq,layer3.0.conv2,36.07865524291992,2.4045846203080146e-08,0.015659138560295105,1.043656519230909e-11,1.6342762043992098e-13,,44,3,
resnet50_no_weights,CIFAR10,ptq,layer3.0.conv2,37.69813791910807,2.3956213605439796e-08,0.016362039027390658,1.03976621551388e-11,1.701269539760039e-13,6.81715399907115e-07,aggregate,3,8.452022091223402
resnet50_no_weights,CIFAR10,ptq,layer3.0.conv3,9.655235290527344,2.0258003985418327e-07,0.037715762853622437,1.9783207017010085e-10,7.461387443376717e-12,,42,3,
resnet50_no_weights,CIFAR10,ptq,layer3.0.conv3,4.687787055969238,1.8188363526405738e-07,0.018311668187379837,1.7762073756255603e-10,3.2525320094432e-12,,43,3,
resnet50_no_weights,CIFAR10,ptq,layer3.0.conv3,6.306269645690918,2.009525843504889e-07,0.02463386580348015,1.9624275815477432e-10,4.83421776928952e-12,,44,3,
resnet50_no_weights,CIFAR10,ptq,layer3.0.conv3,6.883097330729167,1.9513875315624318e-07,0.02688709894816081,1.9056518862914373e-10,5.123745082746716e-12,2.7744424354190013e-06,aggregate,3,2.5334626747642344
resnet50_no_weights,CIFAR10,ptq,layer3.0.downsample.0,74.56341552734375,3.109257207256633e-08,0.14563167095184326,3.0363839914615554e-11,4.421936743279737e-12,,42,3,
resnet50_no_weights,CIFAR10,ptq,layer3.0.downsample.0,43.650753021240234,2.8272504337678583e-08,0.08525537699460983,2.760986751726424e-11,2.353889663955595e-12,,43,3,
resnet50_no_weights,CIFAR10,ptq,layer3.0.downsample.0,54.694580078125,3.145603955090337e-08,0.10682535171508789,3.071878862392907e-11,3.281545399012664e-12,,44,3,
resnet50_no_weights,CIFAR10,ptq,layer3.0.downsample.0,57.63624954223633,3.027370532038276e-08,0.11257079988718033,2.956416535193629e-11,3.32806174166433e-12,2.6287930530064373e-06,aggregate,3,15.664872812478507
resnet50_no_weights,CIFAR10,ptq,layer3.1.conv1,98.95655059814453,3.307307983035912e-09,0.09663725644350052,1.2919171808734031e-11,1.248473319118273e-12,,42,3,
resnet50_no_weights,CIFAR10,ptq,layer3.1.conv1,47.67196273803711,2.065020821007124e-09,0.046554651111364365,8.066487582059079e-12,3.7553251507691353e-13,,43,3,
resnet50_no_weights,CIFAR10,ptq,layer3.1.conv1,65.1961669921875,2.180873037715969e-09,0.0636681318283081,8.519035303578004e-12,5.423910627582151e-13,,44,3,
resnet50_no_weights,CIFAR10,ptq,layer3.1.conv1,70.60822677612305,2.5177339472530016e-09,0.06895334646105766,9.834898231457038e-12,6.781491451629004e-13,5.109459061533136e-07,aggregate,3,26.06712549024036
resnet50_no_weights,CIFAR10,ptq,layer3.1.conv2,115.46263885498047,1.2879732835813229e-08,0.05011399255858527,5.590161821099492e-12,2.801453279038674e-13,,42,3,
resnet50_no_weights,CIFAR10,ptq,layer3.1.conv2,33.71401596069336,1.1444391212478422e-08,0.01463281942738427,4.967183685971537e-12,7.268390193947052e-14,,43,3,
resnet50_no_weights,CIFAR10,ptq,layer3.1.conv2,58.8488655090332,1.3164674683707744e-08,0.025542042321628995,5.713834498137042e-12,1.459430025702001e-13,,44,3,
resnet50_no_weights,CIFAR10,ptq,layer3.1.conv2,69.34184010823567,1.2496266243999798e-08,0.03009628476919951,5.42372666840269e-12,1.632340223225491e-13,3.244104482158897e-07,aggregate,3,41.872260784828924
resnet50_no_weights,CIFAR10,ptq,layer3.1.conv3,42.13456344604492,3.665689405352168e-07,0.16458813846111298,3.579774809914227e-10,5.891884720737671e-11,,42,3,
resnet50_no_weights,CIFAR10,ptq,layer3.1.conv3,6.77194356918335,3.3299201618319785e-07,0.02645290456712246,3.2518751580390415e-10,8.602154321980303e-12,,43,3,
resnet50_no_weights,CIFAR10,ptq,layer3.1.conv3,16.945096969604492,3.713758758294716e-07,0.06619178503751755,3.626717537397184e-10,2.400589076271894e-11,,44,3,
resnet50_no_weights,CIFAR10,ptq,layer3.1.conv3,21.95053466161092,3.5697894418262877e-07,0.08574427602191766,3.486122501783484e-10,2.989150500391412e-11,2.8269101831611647e-06,aggregate,3,18.20493136502498
resnet50_no_weights,CIFAR10,ptq,layer3.2.conv1,325.8753967285156,2.6935580432763118e-09,0.31823769211769104,1.0521711106548093e-11,3.3484050596769423e-12,,42,3,
resnet50_no_weights,CIFAR10,ptq,layer3.2.conv1,77.14102935791016,2.211798078022298e-09,0.07533303648233414,8.639836242274601e-12,6.508650988406652e-13,,43,3,
resnet50_no_weights,CIFAR10,ptq,layer3.2.conv1,152.1885986328125,2.55773335844367e-09,0.14862167835235596,9.991145931420586e-12,1.4849008769910403e-12,,44,3,
resnet50_no_weights,CIFAR10,ptq,layer3.2.conv1,185.06834157307944,2.4876964932474266e-09,0.1807308023174604,9.71756442674776e-12,1.7562632154177347e-12,4.0440320833542567e-07,aggregate,3,127.58528324096535
resnet50_no_weights,CIFAR10,ptq,layer3.2.conv2,156.77587890625,1.4442595563934901e-08,0.06804508633083767,6.268487657957856e-12,4.2653978384953275e-13,,42,3,
resnet50_no_weights,CIFAR10,ptq,layer3.2.conv2,34.36389923095703,1.3336793891483012e-08,0.014914886818991767,5.788539015400613e-12,8.633540426201818e-14,,43,3,
resnet50_no_weights,CIFAR10,ptq,layer3.2.conv2,68.01827239990234,1.5165831257490936e-08,0.02952181961801317,6.582392038841552e-12,1.9432419042572623e-13,,44,3,
resnet50_no_weights,CIFAR10,ptq,layer3.2.conv2,86.38601684570312,1.4315073570969616e-08,0.0374939309226142,6.21313957073334e-12,2.329550258776367e-13,2.239979571420937e-07,aggregate,3,63.23925773620188
resnet50_no_weights,CIFAR10,ptq,layer3.2.conv3,46.7960319519043,5.847275019732479e-07,0.18279699981212616,5.710229511457499e-10,1.0438128229330936e-10,,42,3,
resnet50_no_weights,CIFAR10,ptq,layer3.2.conv3,6.36983585357666,5.342089366422442e-07,0.02488217130303383,5.216884146896916e-10,1.2980740501117057e-11,,43,3,
resnet50_no_weights,CIFAR10,ptq,layer3.2.conv3,17.426000595092773,5.843702979291265e-07,0.06807031482458115,5.706741190714126e-10,3.8845966947431566e-11,,44,3,
resnet50_no_weights,CIFAR10,ptq,layer3.2.conv3,23.530622800191242,5.677689121815396e-07,0.09191649531324704,5.544618283022847e-10,5.096418804252134e-11,3.0280172904435813e-06,aggregate,3,20.893040514615056
resnet50_no_weights,CIFAR10,ptq,layer3.3.conv1,473.5710144042969,2.730336845502279e-09,0.46247169375419617,1.0665378302743278e-11,4.932435568198938e-12,,42,3,
resnet50_no_weights,CIFAR10,ptq,layer3.3.conv1,94.2453384399414,3.006623172652212e-09,0.09203646332025528,1.1744621768172703e-11,1.0809334505766987e-12,,43,3,
resnet50_no_weights,CIFAR10,ptq,layer3.3.conv1,205.46337890625,3.051521479946473e-09,0.20064783096313477,1.192000578104091e-11,2.3917233050338857e-12,,44,3,
resnet50_no_weights,CIFAR10,ptq,layer3.3.conv1,257.7599105834961,2.9294938327003215e-09,0.2517186626791954,1.144333528398563e-11,2.880501054274514e-12,5.007343606794503e-07,aggregate,3,194.9953525870699
resnet50_no_weights,CIFAR10,ptq,layer3.3.conv2,148.1464385986328,3.153619232421079e-08,0.0642996695306566,1.3687583474049822e-11,8.801070940546803e-13,,42,3,
resnet50_no_weights,CIFAR10,ptq,layer3.3.conv2,30.630355834960938,3.139025395171302e-08,0.013294425275590684,1.362424216654211e-11,1.811264694196458e-13,,43,3,
resnet50_no_weights,CIFAR10,ptq,layer3.3.conv2,61.66347885131836,3.341505916409915e-08,0.026763662695884705,1.4503063873306922e-11,3.881551095620576e-13,,44,3,
resnet50_no_weights,CIFAR10,ptq,layer3.3.conv2,80.14675776163737,3.211383514667432e-08,0.03478591916737733,1.3938296504632951e-11,4.848564555410998e-13,3.822263383789954e-07,aggregate,3,60.89935243076914
resnet50_no_weights,CIFAR10,ptq,layer3.3.conv3,41.26645278930664,7.450520342899836e-07,0.16119708120822906,7.275898772363121e-10,1.1728536452714721e-10,,42,3,
resnet50_no_weights,CIFAR10,ptq,layer3.3.conv3,5.225749969482422,6.809060550949653e-07,0.02041308581829071,6.64947319428677e-10,1.357362669613995e-11,,43,3,
resnet50_no_weights,CIFAR10,ptq,layer3.3.conv3,13.885029792785645,7.432332722601132e-07,0.054238397628068924,7.258137424415168e-10,3.936697436645979e-11,,44,3,
resnet50_no_weights,CIFAR10,ptq,layer3.3.conv3,20.125744183858234,7.230637872150206e-07,0.07861618821819623,7.061169797021686e-10,5.551222538032993e-11,4.316516595219436e-06,aggregate,3,18.813371628177837
resnet50_no_weights,CIFAR10,ptq,layer3.4.conv1,674.6854858398438,8.950326035872536e-10,0.6588725447654724,3.4962211077627092e-12,2.303564098334375e-12,,42,3,
resnet50_no_weights,CIFAR10,ptq,layer3.4.conv1,114.00157928466797,9.449919735615708e-10,0.11132966727018356,3.691374896724886e-12,4.109595390218898e-13,,43,3,
resnet50_no_weights,CIFAR10,ptq,layer3.4.conv1,264.7341003417969,9.10993447345021e-10,0.258529394865036,3.558568153691488e-12,9.199944713598489e-13,,44,3,
resnet50_no_weights,CIFAR10,ptq,layer3.4.conv1,351.14038848876953,9.170060081646151e-10,0.342910535633564,3.5820547193930277e-12,1.2283243024957988e-12,2.342611557231267e-07,aggregate,3,290.1571052740162
resnet50_no_weights,CIFAR10,ptq,layer3.4.conv2,245.49710083007812,1.8608901086736296e-08,0.10655256112416585,8.076779985562629e-12,8.606015930981014e-13,,42,3,
resnet50_no_weights,CIFAR10,ptq,layer3.4.conv2,29.0566463470459,1.9823588104372902e-08,0.012611391643683115,8.60398789252296e-12,1.0850826101011476e-13,,43,3,
resnet50_no_weights,CIFAR10,ptq,layer3.4.conv2,80.62165832519531,2.083609906833317e-08,0.0349920392036438,9.043445776186272e-12,3.1644860913633697e-13,,44,3,
resnet50_no_weights,CIFAR10,ptq,layer3.4.conv2,118.39180183410645,1.9756196086480788e-08,0.05138533065716425,8.574737884757287e-12,4.4061574150676636e-13,1.7524164925453605e-07,aggregate,3,113.05554117210794
resnet50_no_weights,CIFAR10,ptq,layer3.4.conv3,93.37593841552734,9.488341561336711e-07,0.3647497594356537,9.265958555992881e-10,3.3797561542391405e-10,,42,3,
resnet50_no_weights,CIFAR10,ptq,layer3.4.conv3,7.724442958831787,8.729600153856154e-07,0.03017360530793667,8.52500015025015e-10,2.5722998978374884e-11,,43,3,
resnet50_no_weights,CIFAR10,ptq,layer3.4.conv3,26.115833282470703,9.482724863119074e-07,0.10201497375965118,9.260473499139721e-10,9.447069610166838e-11,,44,3,
resnet50_no_weights,CIFAR10,ptq,layer3.4.conv3,42.40540488560995,9.233555526103979e-07,0.16564611283441386,9.017144068460917e-10,1.4936548638084428e-10,4.216680593367857e-06,aggregate,3,45.08943640978932
resnet50_no_weights,CIFAR10,ptq,layer3.5.conv1,1316.785400390625,1.5729675895137518e-10,1.2859232425689697,6.144404646538093e-13,7.901232746732109e-13,,42,3,
resnet50_no_weights,CIFAR10,ptq,layer3.5.conv1,162.1376190185547,1.4410449222790334e-10,0.1583375185728073,5.629081727652474e-13,8.912948326000239e-14,,43,3,
resnet50_no_weights,CIFAR10,ptq,layer3.5.conv1,437.10479736328125,6.230902599435595e-11,0.42686015367507935,2.433946327904529e-13,1.0389547035662224e-13,,44,3,
resnet50_no_weights,CIFAR10,ptq,layer3.5.conv1,638.6759389241537,1.2123675905787815e-10,0.6237069716056188,4.735810900698365e-13,2.9537582749714554e-13,2.630907684492459e-07,aggregate,3,603.1385152595348
resnet50_no_weights,CIFAR10,ptq,layer3.5.conv2,557.3934936523438,1.2199302679150037e-09,0.24192425939771864,5.294836232269981e-13,1.2809493341241222e-13,,42,3,
resnet50_no_weights,CIFAR10,ptq,layer3.5.conv2,45.68019485473633,1.1740335370546973e-09,0.019826473461257085,5.095631671244346e-13,1.0102840609826712e-14,,43,3,
resnet50_no_weights,CIFAR10,ptq,layer3.5.conv2,152.32400512695312,1.1345142603147451e-09,0.06611284944746229,4.924107032616081e-13,3.255467469105373e-14,,44,3,
resnet50_no_weights,CIFAR10,ptq,layer3.5.conv2,251.7992312113444,1.1761593550948153e-09,0.10928786076881267,5.104858312043469e-13,5.578990444511227e-14,4.9118770525339665e-08,aggregate,3,269.97058264742094
resnet50_no_weights,CIFAR10,ptq,layer3.5.conv3,346.01129150390625,6.195623996063659e-07,1.3516066074371338,6.050414058655917e-10,8.177779619409864e-10,,42,3,
resnet50_no_weights,CIFAR10,ptq,layer3.5.conv3,22.204622268676758,5.6450971896993e-07,0.08673680573701859,5.512790224315722e-10,4.781618147554079e-11,,43,3,
resnet50_no_weights,CIFAR10,ptq,layer3.5.conv3,83.39287567138672,6.162164254419622e-07,0.32575342059135437,6.017738529706662e-10,1.9602989102763328e-10,,44,3,
resnet50_no_weights,CIFAR10,ptq,layer3.5.conv3,150.5362631479899,6.000961813394193e-07,0.5880322779218355,5.860314270892767e-10,3.446053950050915e-10,1.0982438479027271e-06,aggregate,3,172.02867674221727
resnet50_no_weights,CIFAR10,ptq,layer4.0.conv1,2850.765380859375,4.030250855269202e-10,2.7839505672454834,7.87158370169766e-13,2.19140999114615e-12,,42,3,
resnet50_no_weights,CIFAR10,ptq,layer4.0.conv1,249.0753936767578,1.1360618001887701e-09,0.2432376891374588,2.2188707034936916e-12,5.397129824126131e-13,,43,3,
resnet50_no_weights,CIFAR10,ptq,layer4.0.conv1,770.0689086914062,3.230677531051995e-11,0.7520204186439514,6.309917052835928e-14,4.745186463682283e-14,,44,3,
resnet50_no_weights,CIFAR10,ptq,layer4.0.conv1,1289.9698944091797,5.237978870087368e-10,1.2597362250089645,1.023042748063939e-12,1.2887640094688636e-12,2.002113832141644e-06,aggregate,3,1376.5611041883706
resnet50_no_weights,CIFAR10,ptq,layer4.0.conv2,2127.099365234375,3.6483733811820684e-09,0.4616101053025987,7.917476955690253e-13,3.6547873712470764e-13,,42,3,
resnet50_no_weights,CIFAR10,ptq,layer4.0.conv2,142.5063934326172,6.691883047693636e-09,0.03092586663034227,1.452231564169626e-12,4.49115196698832e-14,,43,3,
resnet50_no_weights,CIFAR10,ptq,layer4.0.conv2,488.7758483886719,2.595653691983557e-09,0.10607114765379164,5.632929019061539e-13,5.974912457042041e-14,,44,3,
resnet50_no_weights,CIFAR10,ptq,layer4.0.conv2,919.4605356852213,4.311970040286421e-09,0.19953570652891087,9.35757387214935e-13,1.8671701139757969e-13,6.724672205310137e-08,aggregate,3,1060.079851159821
resnet50_no_weights,CIFAR10,ptq,layer4.0.conv3,1351.94921875,4.45920795755228e-06,2.6405258178710938,2.1773476355235744e-09,5.749342646080578e-09,,42,3,
resnet50_no_weights,CIFAR10,ptq,layer4.0.conv3,77.75475311279297,4.252390226611169e-06,0.15186475217342377,2.076362415337485e-09,3.1532626362743873e-10,,43,3,
resnet50_no_weights,CIFAR10,ptq,layer4.0.conv3,290.4516296386719,4.403506864036899e-06,0.567288339138031,2.150149835955517e-09,1.2197549293371151e-09,,44,3,
resnet50_no_weights,CIFAR10,ptq,layer4.0.conv3,573.3852005004883,4.371701682733449e-06,1.1198929697275162,2.134619962272192e-09,2.3905458887886435e-09,8.439389318452899e-07,aggregate,3,682.5917068098511
resnet50_no_weights,CIFAR10,ptq,layer4.0.downsample.0,2753.764404296875,1.6172788264157134e-06,2.689223051071167,7.896869269607976e-10,2.12364428711253e-09,,42,3,
resnet50_no_weights,CIFAR10,ptq,layer4.0.downsample.0,228.0837860107422,1.5145270708671887e-06,0.22273807227611542,7.395151713218695e-10,1.6471818367917444e-10,,43,3,
resnet50_no_weights,CIFAR10,ptq,layer4.0.downsample.0,685.7119140625,1.6191401073228917e-06,0.6696405410766602,7.905957555287557e-10,5.294149695051869e-10,,44,3,
resnet50_no_weights,CIFAR10,ptq,layer4.0.downsample.0,1222.520034790039,1.5836486682019313e-06,1.1938672214746475,7.732659512704743e-10,9.231768727042313e-10,2.4124783403974316e-05,aggregate,3,1345.6923367753232
resnet50_no_weights,CIFAR10,ptq,layer4.1.conv1,1256.8974609375,1.7634842919278526e-08,0.6137194633483887,3.444305257671587e-11,2.11383717434624e-11,,42,3,
resnet50_no_weights,CIFAR10,ptq,layer4.1.conv1,79.78890228271484,1.7203456437187015e-08,0.03895942494273186,3.360050085388089e-11,1.3090561910549701e-12,,43,3,
resnet50_no_weights,CIFAR10,ptq,layer4.1.conv1,255.68618774414062,4.708712530998582e-09,0.12484677135944366,9.196704162106606e-12,1.1481788217869674e-12,,44,3,
resnet50_no_weights,CIFAR10,ptq,layer4.1.conv1,530.7908503214518,1.3182337295821375e-08,0.2591752198835214,2.5746752530901123e-11,6.672920248482909e-12,1.479287654007223e-06,aggregate,3,634.9472980046601
resnet50_no_weights,CIFAR10,ptq,layer4.1.conv2,904.1119384765625,8.494334906572476e-06,0.19620484775967068,1.8433886515999296e-09,3.616817897490688e-10,,42,3,
resnet50_no_weights,CIFAR10,ptq,layer4.1.conv2,46.14309310913086,7.73765077610733e-06,0.010013692080974579,1.679177685787181e-09,1.6814768294716314e-11,,43,3,
resnet50_no_weights,CIFAR10,ptq,layer4.1.conv2,140.07164001464844,8.271762453659903e-06,0.030397491322623357,1.7950873380338332e-09,5.456615178123451e-11,,44,3,
resnet50_no_weights,CIFAR10,ptq,layer4.1.conv2,363.4422238667806,8.16791604544657e-06,0.07887201038775621,1.7725512251403147e-09,1.3980467864209688e-10,9.028410182224179e-07,aggregate,3,470.5830938347794
resnet50_no_weights,CIFAR10,ptq,layer4.1.conv3,64.0853271484375,7.085666584316641e-05,0.125166654586792,3.45979813687336e-08,4.330513583380543e-09,,42,3,
resnet50_no_weights,CIFAR10,ptq,layer4.1.conv3,5.2614593505859375,6.584110087715089e-05,0.01027628779411316,3.2148975037671335e-08,3.303721197728706e-10,,43,3,
resnet50_no_weights,CIFAR10,ptq,layer4.1.conv3,12.919890403747559,7.087802805472165e-05,0.02523416094481945,3.460841213609456e-08,8.733142418868528e-10,,44,3,
resnet50_no_weights,CIFAR10,ptq,layer4.1.conv3,27.422225634257,6.919193159167965e-05,0.0535590344419082,3.378512284749983e-08,1.809498558213343e-09,0.00014037850213652645,aggregate,3,31.981246864816512
resnet50_no_weights,CIFAR10,ptq,layer4.2.conv1,1158.125,2.1796523697048542e-08,0.56549072265625,4.2571335345797934e-11,2.4073695189136832e-11,,42,3,
resnet50_no_weights,CIFAR10,ptq,layer4.2.conv1,97.32689666748047,5.569578132025299e-09,0.0475228987634182,1.0878082289111912e-11,5.169580033655979e-13,,43,3,
resnet50_no_weights,CIFAR10,ptq,layer4.2.conv1,274.085205078125,3.0006813006577815e-11,0.13383066654205322,5.86070566534723e-14,7.843421456002072e-15,,44,3,
resnet50_no_weights,CIFAR10,ptq,layer4.2.conv1,509.84570058186847,9.132036214026806e-09,0.24894809598724046,1.7836008230521106e-11,4.44024028900098e-12,1.0310241137049715e-07,aggregate,3,568.3400500040409
resnet50_no_weights,CIFAR10,ptq,layer4.2.conv2,1352.6436767578125,8.293304176731908e-08,0.29354246457417804,1.7997621911310564e-11,5.283066292320332e-12,,42,3,
resnet50_no_weights,CIFAR10,ptq,layer4.2.conv2,76.78096771240234,3.041213503252038e-08,0.01666253639592065,6.599855692821264e-12,1.099703356894584e-13,,43,3,
resnet50_no_weights,CIFAR10,ptq,layer4.2.conv2,277.1425476074219,9.579919496571776e-11,0.06014378203286065,2.0789755851935278e-14,1.2503745444751847e-15,,44,3,
resnet50_no_weights,CIFAR10,ptq,layer4.2.conv2,568.8557306925455,3.781365866493506e-08,0.12344959433431978,8.206089119994588e-12,1.0130383729346071e-12,1.0368456380579854e-07,aggregate,3,686.1332589026816
resnet50_no_weights,CIFAR10,ptq,layer4.2.conv3,169.46617126464844,3.3891465136548504e-05,0.3309886157512665,1.6548566961205324e-08,5.477387271156493e-09,,42,3,
resnet50_no_weights,CIFAR10,ptq,layer4.2.conv3,9.778986930847168,3.1234852940542623e-05,0.019099583849310875,1.5251393037374328e-08,2.9129526013612704e-10,,43,3,
resnet50_no_weights,CIFAR10,ptq,layer4.2.conv3,36.659149169921875,3.382378417882137e-05,0.07159990072250366,1.6515519618565122e-08,1.1825095650698243e-09,,44,3,
resnet50_no_weights,CIFAR10,ptq,layer4.2.conv3,71.96810245513916,3.29833674186375e-05,0.14056270010769367,1.610515987238159e-08,2.2637847573280357e-09,1.7181046073280262e-07,aggregate,3,85.49877687246526
resnet18_no_weights,CIFAR10,fp32_unfused,conv1,42.071197509765625,1.1372095798378723e-07,1.5581925003616899,1.9743221872185282e-10,3.076374025421599e-10,,42,3,
resnet18_no_weights,CIFAR10,fp32_unfused,conv1,39.1317138671875,3.2657217730047705e-07,1.4493227358217593,5.66965585591106e-10,8.217161136256876e-10,,43,3,
resnet18_no_weights,CIFAR10,fp32_unfused,conv1,38.804786682128906,7.253098743831288e-08,1.43721432156033,1.2592185319151541e-10,1.8097669080426328e-10,,44,3,
resnet18_no_weights,CIFAR10,fp32_unfused,conv1,40.00256601969401,1.7094137424085906e-07,1.4815765192479264,2.967732191681581e-10,4.396922330611617e-10,0.014418340363659661,aggregate,3,1.7989295504186693
resnet18_no_weights,CIFAR10,fp32_unfused,fc,31.342239379882812,3.1387498893309385e-05,0.06121531128883362,3.1387498893309385e-06,1.9213955153318547e-07,,42,3,
resnet18_no_weights,CIFAR10,fp32_unfused,fc,35.74969482421875,5.0417776947142556e-05,0.06982362270355225,5.041777694714256e-06,3.520351835109136e-07,,43,3,
resnet18_no_weights,CIFAR10,fp32_unfused,fc,31.785511016845703,2.8597078198799863e-05,0.062081076204776764,2.8597078198799863e-06,1.7753373908936546e-07,,44,3,
resnet18_no_weights,CIFAR10,fp32_unfused,fc,32.95914840698242,3.68007846797506e-05,0.06437333673238754,3.6800784679750603e-06,2.3689893042056742e-07,0.0008360941691006468,aggregate,3,2.4268259962545358
resnet18_no_weights,CIFAR10,fp32_unfused,layer1.0.conv1,30.20819664001465,9.380520538115888e-08,0.052444785833358765,1.6285625934228973e-10,8.540961642828318e-12,,42,3,
resnet18_no_weights,CIFAR10,fp32_unfused,layer1.0.conv1,29.90313720703125,2.6768231009555166e-07,0.05191516876220703,4.647262328047772e-10,2.412634080428472e-11,,43,3,
resnet18_no_weights,CIFAR10,fp32_unfused,layer1.0.conv1,30.228559494018555,6.292702181553977e-08,0.05248013801044888,1.0924830176308989e-10,5.733365953934123e-12,,44,3,
resnet18_no_weights,CIFAR10,fp32_unfused,layer1.0.conv1,30.113297780354817,1.414715124307501e-07,0.052280030868671556,2.4561026463671896e-10,1.2840512216870258e-11,0.001242785698173942,aggregate,3,0.18228895027007017
resnet18_no_weights,CIFAR10,fp32_unfused,layer1.0.conv2,17.877656936645508,9.195349548463128e-08,0.031037598848342896,1.5964148521637375e-10,4.9548883776994716e-12,,42,3,
resnet18_no_weights,CIFAR10,fp32_unfused,layer1.0.conv2,17.691267013549805,2.310580384801142e-07,0.0307140052318573,4.0114242791686494e-10,1.2320690629758529e-11,,43,3,
resnet18_no_weights,CIFAR10,fp32_unfused,layer1.0.conv2,18.08439826965332,6.396708585043598e-08,0.03139652477370368,1.1105396849034024e-10,3.4867086729250754e-12,,44,3,
resnet18_no_weights,CIFAR10,fp32_unfused,layer1.0.conv2,17.884440739949543,1.2899287327172715e-07,0.031049376284634625,2.2394596054119298e-10,6.953382396267439e-12,0.001646003516298937,aggregate,3,0.19665340353483052
resnet18_no_weights,CIFAR10,fp32_unfused,layer1.1.conv1,60.5643424987793,1.9837674614109346e-08,0.10514642794926961,3.444040731616206e-11,3.621285806412332e-12,,42,3,
resnet18_no_weights,CIFAR10,fp32_unfused,layer1.1.conv1,59.7696647644043,5.0673033769044196e-08,0.10376677910486858,8.797401696014617e-11,9.12878038487145e-12,,43,3,
resnet18_no_weights,CIFAR10,fp32_unfused,layer1.1.conv1,61.92177963256836,1.3849813740307582e-08,0.10750308963987562,2.404481552136733e-11,2.5848919583678247e-12,,44,3,
resnet18_no_weights,CIFAR10,fp32_unfused,layer1.1.conv1,60.75192896525065,2.8120174041153707e-08,0.1054720988980046,4.8819746599225185e-11,5.149121141489003e-12,0.0020570431369466863,aggregate,3,1.0882514016740854
resnet18_no_weights,CIFAR10,fp32_unfused,layer1.1.conv2,11.145085334777832,8.777440285712146e-08,0.01934910648398929,1.523861160713914e-10,2.948535186546904e-12,,42,3,
resnet18_no_weights,CIFAR10,fp32_unfused,layer1.1.conv2,10.946213722229004,2.1140260741958627e-07,0.019003843267758686,3.6701841565900395e-10,6.974760447564821e-12,,43,3,
resnet18_no_weights,CIFAR10,fp32_unfused,layer1.1.conv2,11.402687072753906,6.268244590046379e-08,0.019796331723531086,1.088236907994163e-10,2.1543098824442227e-12,,44,3,
resnet18_no_weights,CIFAR10,fp32_unfused,layer1.1.conv2,11.16466204325358,1.2061981872572383e-07,0.019383093825093022,2.0940940750993723e-10,4.0590021936222525e-12,0.0010381200398076132,aggregate,3,0.22886549668072714
resnet18_no_weights,CIFAR10,fp32_unfused,layer2.0.conv1,71.33148193359375,1.127354138930059e-07,0.1238393783569336,9.786060233767874e-11,1.2118996159133218e-11,,42,3,
resnet18_no_weights,CIFAR10,fp32_unfused,layer2.0.conv1,70.72420501708984,2.6579570544527087e-07,0.12278507815466987,2.307254387545754e-10,2.8329641029751037e-11,,43,3,
resnet18_no_weights,CIFAR10,fp32_unfused,layer2.0.conv1,72.60271453857422,8.134997386832765e-08,0.12604637940724692,7.061629676070108e-11,8.90092853383407e-12,,44,3,
resnet18_no_weights,CIFAR10,fp32_unfused,layer2.0.conv1,71.55280049641927,1.532936977355348e-07,0.12422361197295012,1.3306744595098507e-10,1.6530118772046682e-11,0.0007350414784957172,aggregate,3,0.9586114620977726
resnet18_no_weights,CIFAR10,fp32_unfused,layer2.0.conv2,15.46420955657959,5.375941896090808e-07,0.013423793017864227,4.666616229245493e-10,6.264369035519753e-12,,42,3,
resnet18_no_weights,CIFAR10,fp32_unfused,layer2.0.conv2,15.596850395202637,1.2322498150751926e-06,0.01353893263472451,1.0696612978083269e-09,1.448207225299893e-11,,43,3,
resnet18_no_weights,CIFAR10,fp32_unfused,layer2.0.conv2,16.13185691833496,3.9449409428016224e-07,0.014003348019387987,3.4244279017375195e-10,4.795345567533305e-12,,44,3,
resnet18_no_weights,CIFAR10,fp32_unfused,layer2.0.conv2,15.730972290039062,7.214460329881452e-07,0.013655357890658908,6.26255236968876e-10,8.551739391709404e-12,0.0005089393072377391,aggregate,3,0.35345404499115834
resnet18_no_weights,CIFAR10,fp32_unfused,layer2.0.downsample.0,8.337035179138184,5.271854774946405e-07,0.13026617467403412,4.118636542926879e-09,5.365190273197728e-10,,42,3,
resnet18_no_weights,CIFAR10,fp32_unfused,layer2.0.downsample.0,8.291279792785645,1.1825841284007765e-06,0.1295512467622757,9.238938503131067e-09,1.1969160018406229e-09,,43,3,
resnet18_no_weights,CIFAR10,fp32_unfused,layer2.0.downsample.0,8.505172729492188,3.799229091328016e-07,0.13289332389831543,2.9681477276000123e-09,3.9444701734199735e-10,,44,3,
resnet18_no_weights,CIFAR10,fp32_unfused,layer2.0.downsample.0,8.377829233805338,6.965641716760729e-07,0.1309035817782084,5.441907591219319e-09,7.123651953966313e-10,0.005339393078051811,aggregate,3,0.11263064976007826
resnet18_no_weights,CIFAR10,fp32_unfused,layer2.1.conv1,64.94844055175781,9.877856399498341e-08,0.0563788546456231,8.574528124564533e-11,4.8342207478963105e-12,,42,3,
resnet18_no_weights,CIFAR10,fp32_unfused,layer2.1.conv1,66.26932525634766,2.2503728303036041e-07,0.057525455951690674,1.953448637416323e-10,1.1237302354558285e-11,,43,3,
resnet18_no_weights,CIFAR10,fp32_unfused,layer2.1.conv1,68.1909408569336,7.096263487937904e-08,0.05919352504942152,6.159950944390541e-11,3.646292105299893e-12,,44,3,
resnet18_no_weights,CIFAR10,fp32_unfused,layer2.1.conv1,66.46956888834636,1.315928273015743e-07,0.05769927854891176,1.1422988481039434e-10,6.590981942285048e-12,0.00039560831595905296,aggregate,3,1.6304984487521847
resnet18_no_weights,CIFAR10,fp32_unfused,layer2.1.conv2,11.011092185974121,5.131196303409524e-07,0.009558239744769203,4.454163457820768e-10,4.257396219224108e-12,,42,3,
resnet18_no_weights,CIFAR10,fp32_unfused,layer2.1.conv2,11.166356086730957,1.1328895652695792e-06,0.0096930174363984,9.834110809631764e-10,9.532220754923467e-12,,43,3,
resnet18_no_weights,CIFAR10,fp32_unfused,layer2.1.conv2,11.306193351745605,3.69795287724628e-07,0.00981440395116806,3.2100285392762845e-10,3.1504516779235406e-12,,44,3,
resnet18_no_weights,CIFAR10,fp32_unfused,layer2.1.conv2,11.161213874816895,6.719348277783865e-07,0.009688553710778555,5.832767602242939e-10,5.651108219681975e-12,0.00028933758583284314,aggregate,3,0.1476177708389106
resnet18_no_weights,CIFAR10,fp32_unfused,layer3.0.conv1,84.58573150634766,8.558087074561627e-07,0.07342511415481567,3.714447515000706e-10,2.7273373281099827e-11,,42,3,
resnet18_no_weights,CIFAR10,fp32_unfused,layer3.0.conv1,86.15733337402344,1.9440333289821865e-06,0.07478935188717312,8.43764465704074e-10,6.310459753543461e-11,,43,3,
resnet18_no_weights,CIFAR10,fp32_unfused,layer3.0.conv1,88.48345947265625,6.274871680034266e-07,0.0768085585700141,2.7234686111259837e-10,2.0918569833126508e-11,,44,3,
resnet18_no_weights,CIFAR10,fp32_unfused,layer3.0.conv1,86.40884145100911,1.1424430681472586e-06,0.07500767487066763,4.95852026105581e-10,3.7192707558089216e-11,0.0002665630462283771,aggregate,3,1.960997975375754
resnet18_no_weights,CIFAR10,fp32_unfused,layer3.0.conv2,23.621021270751953,4.013982106698677e-06,0.010252179370986091,1.7421797338101896e-09,1.7861139127518866e-11,,42,3,
resnet18_no_weights,CIFAR10,fp32_unfused,layer3.0.conv2,24.270458221435547,8.746329513087403e-06,0.010534053047498068,3.796149962277519e-09,3.998884507888917e-11,,43,3,
resnet18_no_weights,CIFAR10,fp32_unfused,layer3.0.conv2,24.875364303588867,2.9571626782853855e-06,0.010796599090099335,1.2834907457835874e-09,1.3857335018077996e-11,,44,3,
resnet18_no_weights,CIFAR10,fp32_unfused,layer3.0.conv2,24.25561459859212,5.239158099357155e-06,0.010527610502861164,2.273940147290432e-09,2.3939156177492413e-11,0.00017152435473800063,aggregate,3,0.6273032447397074
resnet18_no_weights,CIFAR10,fp32_unfused,layer3.0.downsample.0,10.3502836227417,2.7094160941487644e-06,0.08086159080266953,1.0583656617768611e-08,8.558113106219708e-10,,42,3,
resnet18_no_weights,CIFAR10,fp32_unfused,layer3.0.downsample.0,10.52818489074707,5.9190056163060945e-06,0.08225144445896149,2.312111568869568e-08,1.901745162897976e-09,,43,3,
resnet18_no_weights,CIFAR10,fp32_unfused,layer3.0.downsample.0,10.868858337402344,1.975085297090118e-06,0.08491295576095581,7.715176941758273e-09,6.551184783434666e-10,,44,3,
resnet18_no_weights,CIFAR10,fp32_unfused,layer3.0.downsample.0,10.582442283630371,3.5345023358483254e-06,0.08267533034086227,1.3806649749407521e-08,1.14146932893285e-09,0.0009890892069663933,aggregate,3,0.26351059216511935
resnet18_no_weights,CIFAR10,fp32_unfused,layer3.1.conv1,47.93566131591797,1.5847372196731158e-06,0.02080540855725606,6.878199738164565e-10,1.4310375569092546e-11,,42,3,
resnet18_no_weights,CIFAR10,fp32_unfused,layer3.1.conv1,49.09238815307617,3.436338374740444e-06,0.021307460135883756,1.4914663084810955e-09,3.177935891197465e-11,,43,3,
resnet18_no_weights,CIFAR10,fp32_unfused,layer3.1.conv1,51.05311965942383,1.1465584748293622e-06,0.022158472074402705,4.976382269224663e-10,1.1026902754416746e-11,,44,3,
resnet18_no_weights,CIFAR10,fp32_unfused,layer3.1.conv1,49.360389709472656,2.055878023080974e-06,0.021423780255847506,8.923081697400061e-10,1.9116614149007367e-11,0.00013831505757457588,aggregate,3,1.575914101893494
resnet18_no_weights,CIFAR10,fp32_unfused,layer3.1.conv2,11.866945266723633,4.2607157411111984e-06,0.0051505838831265765,1.849268984857291e-09,9.524815028971808e-12,,42,3,
resnet18_no_weights,CIFAR10,fp32_unfused,layer3.1.conv2,12.486980438232422,8.471854926028755e-06,0.0054196963707606,3.6770203671999804e-09,1.9928333939326542e-11,,43,3,
resnet18_no_weights,CIFAR10,fp32_unfused,layer3.1.conv2,12.708216667175293,3.1326167118095327e-06,0.00551571903957261,1.3596426700562208e-09,7.499406962244436e-12,,44,3,
resnet18_no_weights,CIFAR10,fp32_unfused,layer3.1.conv2,12.354047457377115,5.288395792983162e-06,0.005361999764486596,2.2953106740378308e-09,1.2307455293614418e-11,9.47271009952839e-05,aggregate,3,0.4361052342655179
resnet18_no_weights,CIFAR10,fp32_unfused,layer4.0.conv1,71.78053283691406,5.234938271314604e-06,0.031154745154910617,1.1360543123512596e-09,3.539348258344072e-11,,42,3,
resnet18_no_weights,CIFAR10,fp32_unfused,layer4.0.conv1,75.27567291259766,1.0151005881198216e-05,0.03267173303498162,2.2029092624128075e-09,7.197286332183953e-11,,43,3,
resnet18_no_weights,CIFAR10,fp32_unfused,layer4.0.conv1,75.56600189208984,3.8517164284712635e-06,0.03279774387677511,8.358759610397707e-10,2.7414845682935646e-11,,44,3,
resnet18_no_weights,CIFAR10,fp32_unfused,layer4.0.conv1,74.20740254720052,6.412553526994695e-06,0.03220807402222245,1.3916131786012794e-09,4.4821180266690276e-11,5.223047465818558e-05,aggregate,3,2.1067380406952956
resnet18_no_weights,CIFAR10,fp32_unfused,layer4.0.conv2,23.11133575439453,1.3756344742432702e-05,0.00501548084947798,2.9853178694515412e-09,1.497280460383861e-11,,42,3,
resnet18_no_weights,CIFAR10,fp32_unfused,layer4.0.conv2,25.057188034057617,2.3079972379491664e-05,0.005437757819890976,5.008674561521628e-09,2.723595926420324e-11,,43,3,
resnet18_no_weights,CIFAR10,fp32_unfused,layer4.0.conv2,24.046985626220703,9.63101501838537e-06,0.005218529866801368,2.090064023087103e-09,1.090706152800707e-11,,44,3,
resnet18_no_weights,CIFAR10,fp32_unfused,layer4.0.conv2,24.071836471557617,1.5489110713436578e-05,0.005223922845390108,3.3613521513534243e-09,1.7559444294856343e-11,2.430243934457465e-05,aggregate,3,0.9731641418347557
resnet18_no_weights,CIFAR10,fp32_unfused,layer4.0.downsample.0,9.50404167175293,1.5152406376728322e-05,0.03712516278028488,2.9594543704547505e-08,1.0987022524395813e-09,,42,3,
resnet18_no_weights,CIFAR10,fp32_unfused,layer4.0.downsample.0,9.885042190551758,2.596578087832313e-05,0.038613446056842804,5.0714415777974864e-08,1.95825835794713e-09,,43,3,
resnet18_no_weights,CIFAR10,fp32_unfused,layer4.0.downsample.0,9.95166015625,1.0668627510312945e-05,0.03887367248535156,2.083716310607997e-08,8.100170541096036e-10,,44,3,
resnet18_no_weights,CIFAR10,fp32_unfused,layer4.0.downsample.0,9.780248006184896,1.7262271588454798e-05,0.03820409377415975,3.371537419620078e-08,1.2880653174225405e-09,0.00022287009542196757,aggregate,3,0.24150971558862883
resnet18_no_weights,CIFAR10,fp32_unfused,layer4.1.conv1,70.649169921875,3.3213425467693014e-06,0.015331851111518012,7.207774624065324e-10,1.1050852738154726e-11,,42,3,
resnet18_no_weights,CIFAR10,fp32_unfused,layer4.1.conv1,79.81245422363281,5.420402885647491e-06,0.01732041107283698,1.1763027095589171e-09,2.037404647565241e-11,,43,3,
resnet18_no_weights,CIFAR10,fp32_unfused,layer4.1.conv1,73.28060150146484,2.3850411707826424e-06,0.015902908311949834,5.175870596316499e-10,8.23113955277384e-12,,44,3,
resnet18_no_weights,CIFAR10,fp32_unfused,layer4.1.conv1,74.58074188232422,3.7089288677331447e-06,0.01618505683210161,8.048890771990331e-10,1.302717545800417e-11,2.1605910189477526e-05,aggregate,3,4.717967629834499
resnet18_no_weights,CIFAR10,fp32_unfused,layer4.1.conv2,25.21058464050293,2.3384468477161136e-06,0.005471047013998032,5.074754443828371e-10,2.776422014668045e-12,,42,3,
resnet18_no_weights,CIFAR10,fp32_unfused,layer4.1.conv2,29.75409507751465,3.8113932987471344e-06,0.0064570518831412,8.271252818461663e-10,5.340790858738484e-12,,43,3,
resnet18_no_weights,CIFAR10,fp32_unfused,layer4.1.conv2,24.895654678344727,1.8879524077419774e-06,0.005402702838182449,4.097118940412277e-10,2.213551612773648e-12,,44,3,
resnet18_no_weights,CIFAR10,fp32_unfused,layer4.1.conv2,26.6201114654541,2.679264184735075e-06,0.005776933911773894,5.814375400900771e-10,3.3589262429247595e-12,8.186129529692247e-06,aggregate,3,2.718673422970162
resnet18_no_weights,CIFAR10,fp32_fused,conv1,42.071197509765625,6.291746217357286e-07,1.5581925003616899,1.0923170516245289e-09,1.7020402378585337e-09,,42,3,
resnet18_no_weights,CIFAR10,fp32_fused,conv1,39.1317138671875,1.830722794693429e-06,1.4493227358217593,3.1783381852316475e-09,4.606437793986697e-09,,43,3,
resnet18_no_weights,CIFAR10,fp32_fused,conv1,38.804786682128906,4.1197964151251654e-07,1.43721432156033,7.152424331814523e-10,1.0279566683560407e-09,,44,3,
resnet18_no_weights,CIFAR10,fp32_fused,conv1,40.00256601969401,9.572923526472248e-07,1.4815765192479264,1.6619658900125428e-09,2.4623296384335653e-09,0.1432384821634376,aggregate,3,1.7989295504186693
resnet18_no_weights,CIFAR10,fp32_fused,fc,31.3419132232666,3.138538886560127e-05,0.06121467426419258,3.138538886560127e-06,1.9212463560627985e-07,,42,3,
resnet18_no_weights,CIFAR10,fp32_fused,fc,35.74983596801758,5.041714757680893e-05,0.06982389837503433,5.041714757680893e-06,3.520321788762215e-07,,43,3,
resnet18_no_weights,CIFAR10,fp32_fused,fc,31.784921646118164,2.8602435122593306e-05,0.06207992509007454,2.8602435122593306e-06,1.7756370298043094e-07,,44,3,
resnet18_no_weights,CIFAR10,fp32_fused,fc,32.95889027913412,3.68016571883345e-05,0.06437283257643382,3.6801657188334502e-06,2.3690269167199693e-07,0.0008765332581093296,aggregate,3,2.4271583167157122
resnet18_no_weights,CIFAR10,fp32_fused,layer1.0.conv1,30.20819664001465,1.8513590305246908e-07,0.052444785833358765,3.2141649835498104e-10,1.685661941953509e-11,,42,3,
resnet18_no_weights,CIFAR10,fp32_fused,layer1.0.conv1,29.903135299682617,5.250868753137183e-07,0.05191516545083788,9.11609158530761e-10,4.732634029162355e-11,,43,3,
resnet18_no_weights,CIFAR10,fp32_fused,layer1.0.conv1,30.228559494018555,1.2456062847832072e-07,0.05248013801044888,2.162510911081957e-10,1.1348887106268265e-11,,44,3,
resnet18_no_weights,CIFAR10,fp32_fused,layer1.0.conv1,30.11329714457194,2.7826113561483606e-07,0.052280029764881844,4.830922493313126e-10,2.5256077174224744e-11,0.0026737004633487008,aggregate,3,0.1822900497593299
resnet18_no_weights,CIFAR10,fp32_fused,layer1.0.conv2,17.879547119140625,9.285485447207975e-08,0.031040880415174697,1.612063445695829e-10,5.00398686395187e-12,,42,3,
resnet18_no_weights,CIFAR10,fp32_fused,layer1.0.conv2,17.693204879760742,2.2935618915198575e-07,0.030717369582917955,3.9818782838886413e-10,1.223128268804025e-11,,43,3,
resnet18_no_weights,CIFAR10,fp32_fused,layer1.0.conv2,18.086278915405273,6.410756725472311e-08,0.03139978978368971,1.1129785981722762e-10,3.494729401635513e-12,,44,3,
resnet18_no_weights,CIFAR10,fp32_fused,layer1.0.conv2,17.886343638102215,1.2877287029292953e-07,0.031052679927260785,2.2356401092522489e-10,6.9422616745156414e-12,0.0017930839300625324,aggregate,3,0.19662513541499718
resnet18_no_weights,CIFAR10,fp32_fused,layer1.1.conv1,60.5637092590332,1.0887615786714377e-07,0.10514532857471043,1.8902110740823572e-10,1.9874686445994576e-11,,42,3,
resnet18_no_weights,CIFAR10,fp32_fused,layer1.1.conv1,59.76864242553711,2.796889475575881e-07,0.10376500421100193,4.855710895097016e-10,5.0385286147714986e-11,,43,3,
resnet18_no_weights,CIFAR10,fp32_fused,layer1.1.conv1,61.92095947265625,7.546807267999611e-08,0.10750166575113933,1.3102095951388215e-10,1.4084971396054917e-11,,44,3,
resnet18_no_weights,CIFAR10,fp32_fused,layer1.1.conv1,60.75110371907552,1.5467772603490934e-07,0.10547066617895057,2.6853771881060647e-10,2.832285209713037e-11,0.011177715449175112,aggregate,3,1.088326550521868
resnet18_no_weights,CIFAR10,fp32_fused,layer1.1.conv2,11.144362449645996,8.281394769937833e-08,0.019347851475079853,1.4377421475586516e-10,2.7817221530427132e-12,,42,3,
resnet18_no_weights,CIFAR10,fp32_fused,layer1.1.conv2,10.945436477661133,1.9109377547010808e-07,0.019002493884828355,3.317600268578265e-10,6.304267881596339e-12,,43,3,
resnet18_no_weights,CIFAR10,fp32_fused,layer1.1.conv2,11.401954650878906,5.82134269677681e-08,0.01979506015777588,1.010649773745974e-10,2.0005873069744134e-12,,44,3,
resnet18_no_weights,CIFAR10,fp32_fused,layer1.1.conv2,11.163917859395346,1.107070500457515e-07,0.019381801839228028,1.92199739662763e-10,3.725177267694889e-12,0.0010352140243678554,aggregate,3,0.22888648094060066
resnet18_no_weights,CIFAR10,fp32_fused,layer2.0.conv1,71.33143615722656,4.567600626614876e-07,0.1238392988840739,3.96493109949208e-10,4.910142874847594e-11,,42,3,
resnet18_no_weights,CIFAR10,fp32_fused,layer2.0.conv1,70.7239990234375,1.0632946896294015e-06,0.12278472052680121,9.229988625255222e-10,1.1333015738175166e-10,,43,3,
resnet18_no_weights,CIFAR10,fp32_fused,layer2.0.conv1,72.6024398803711,3.269569788244553e-07,0.1260459025700887,2.8381682189622853e-10,3.577394748048424e-11,,44,3,
resnet18_no_weights,CIFAR10,fp32_fused,layer2.0.conv1,71.55262502034505,6.156705770384482e-07,0.12422330732698794,5.344362647903196e-10,6.638944036773538e-11,0.003274290346202829,aggregate,3,0.9585553704012569
resnet18_no_weights,CIFAR10,fp32_fused,layer2.0.conv2,15.464550971984863,3.400397190489457e-07,0.013424089385403527,2.951733672299876e-10,3.962433665885894e-12,,42,3,
resnet18_no_weights,CIFAR10,fp32_fused,layer2.0.conv2,15.597174644470215,7.675391202610626e-07,0.013539214101102617,6.662665974488391e-10,9.020726111272983e-12,,43,3,
resnet18_no_weights,CIFAR10,fp32_fused,layer2.0.conv2,16.132232666015625,2.456241361414868e-07,0.014003674189249674,2.1321539595615174e-10,2.9857989371018113e-12,,44,3,
resnet18_no_weights,CIFAR10,fp32_fused,layer2.0.conv2,15.731319427490234,4.5106765848383173e-07,0.01365565922525194,3.9155178687832616e-10,5.3468977706488956e-12,0.0002995474431246927,aggregate,3,0.3534767718599951
resnet18_no_weights,CIFAR10,fp32_fused,layer2.0.downsample.0,8.337027549743652,3.400397190489457e-07,0.13026605546474457,2.6565603050698883e-09,3.460596320456728e-10,,42,3,
resnet18_no_weights,CIFAR10,fp32_fused,layer2.0.downsample.0,8.291272163391113,7.675391202610626e-07,0.12955112755298615,5.996399377039552e-09,7.768403005534976e-10,,43,3,
resnet18_no_weights,CIFAR10,fp32_fused,layer2.0.downsample.0,8.505156517028809,2.456241361414868e-07,0.13289307057857513,1.9189385636053657e-09,2.5501363796915746e-10,,44,3,
resnet18_no_weights,CIFAR10,fp32_fused,layer2.0.downsample.0,8.377818743387857,4.5106765848383173e-07,0.13090341786543527,3.5239660819049354e-09,4.6129920456322245e-10,0.003389679258321765,aggregate,3,0.11262579763066273
resnet18_no_weights,CIFAR10,fp32_fused,layer2.1.conv1,64.94832611083984,2.80954367326558e-07,0.05637875530454847,2.4388399941541494e-10,1.3749876325736321e-11,,42,3,
resnet18_no_weights,CIFAR10,fp32_fused,layer2.1.conv1,66.26950073242188,6.477511647062784e-07,0.05752560827467176,5.622839971408666e-10,3.234572895864215e-11,,43,3,
resnet18_no_weights,CIFAR10,fp32_fused,layer2.1.conv1,68.1911392211914,2.011183113381776e-07,0.05919369724061754,1.7458186748105695e-10,1.0334146207375298e-11,,44,3,
resnet18_no_weights,CIFAR10,fp32_fused,layer2.1.conv1,66.4696553548177,3.7660794779033796e-07,0.057699353606612595,3.269166213457795e-10,1.8862877734909207e-11,0.0009165197212503909,aggregate,3,1.6306457683435749
resnet18_no_weights,CIFAR10,fp32_fused,layer2.1.conv2,11.011232376098633,2.698796777167445e-07,0.009558361437585618,2.342705535735629e-10,2.2392426252393795e-12,,42,3,
resnet18_no_weights,CIFAR10,fp32_fused,layer2.1.conv2,11.16655158996582,5.932063231739448e-07,0.009693187144067552,5.149360444218272e-10,4.991371445806653e-12,,43,3,
resnet18_no_weights,CIFAR10,fp32_fused,layer2.1.conv2,11.306445121765137,1.9373187853943818e-07,0.009814622501532236,1.6817003345437342e-10,1.6505253944247223e-12,,44,3,
resnet18_no_weights,CIFAR10,fp32_fused,layer2.1.conv2,11.161409695943197,3.5227262647670915e-07,0.009688723694395135,3.057922104832545e-10,2.962736235270572e-12,0.0001587620560176279,aggregate,3,0.14767352710148796
resnet18_no_weights,CIFAR10,fp32_fused,layer3.0.conv1,84.5851821899414,3.033490202142275e-06,0.07342463731765747,1.3166190113464735e-09,9.667227339364756e-11,,42,3,
resnet18_no_weights,CIFAR10,fp32_fused,layer3.0.conv1,86.15669250488281,6.851076705061132e-06,0.07478879557715522,2.973557597682783e-09,2.2238879130999441e-10,,43,3,
resnet18_no_weights,CIFAR10,fp32_fused,layer3.0.conv1,88.48298645019531,2.2234851257962873e-06,0.07680814796023899,9.650543080713052e-10,7.412403408400687e-11,,44,3,
resnet18_no_weights,CIFAR10,fp32_fused,layer3.0.conv1,86.40828704833984,4.0360173443332314e-06,0.07500719361835056,1.7517436390335206e-09,1.3139337430270129e-10,0.0010127865592048342,aggregate,3,1.9610442048909529
resnet18_no_weights,CIFAR10,fp32_fused,layer3.0.conv2,23.620203018188477,2.3893132947705453e-06,0.010251824226644304,1.0370283397441602e-09,1.0631432257105901e-11,,42,3,
resnet18_no_weights,CIFAR10,fp32_fused,layer3.0.conv2,24.269657135009766,5.219858849159209e-06,0.010533705353736877,2.26556373661424e-09,2.3864780861605545e-11,,43,3,
resnet18_no_weights,CIFAR10,fp32_fused,layer3.0.conv2,24.874597549438477,1.7603463220439153e-06,0.010796266297499338,7.640392022760049e-10,8.248770689500711e-12,,44,3,
resnet18_no_weights,CIFAR10,fp32_fused,layer3.0.conv2,24.25481923421224,3.1231728219912234e-06,0.01052726529262684,1.3555437595448017e-09,1.4270168772492894e-11,0.00011057895496152138,aggregate,3,0.6273288870142477
resnet18_no_weights,CIFAR10,fp32_fused,layer3.0.downsample.0,10.350224494934082,2.3893132947705453e-06,0.08086112886667252,9.333255057697443e-09,7.546975399659959e-10,,42,3,
resnet18_no_weights,CIFAR10,fp32_fused,layer3.0.downsample.0,10.528155326843262,5.219858849159209e-06,0.08225121349096298,2.039007362952816e-08,1.6771082991987752e-09,,43,3,
resnet18_no_weights,CIFAR10,fp32_fused,layer3.0.downsample.0,10.86883544921875,1.7603463220439153e-06,0.08491277694702148,6.876352820484044e-09,5.838902132547837e-10,,44,3,
resnet18_no_weights,CIFAR10,fp32_fused,layer3.0.downsample.0,10.582405090332031,3.1231728219912234e-06,0.082675039768219,1.2199893835903216e-08,1.0086267080513483e-09,0.0008719168421867791,aggregate,3,0.26352724357256513
resnet18_no_weights,CIFAR10,fp32_fused,layer3.1.conv1,47.93496322631836,2.2392334813048365e-06,0.020805105566978455,9.718895318163352e-10,2.022026430888012e-11,,42,3,
resnet18_no_weights,CIFAR10,fp32_fused,layer3.1.conv1,49.09196853637695,4.907254606223432e-06,0.021307278010580275,2.12988481172892e-09,4.538204781402053e-11,,43,3,
resnet18_no_weights,CIFAR10,fp32_fused,layer3.1.conv1,51.05247116088867,1.6222780914176838e-06,0.022158190608024597,7.041137549555919e-10,1.560188679203793e-11,,44,3,
resnet18_no_weights,CIFAR10,fp32_fused,layer3.1.conv1,49.35980097452799,2.9229220596486507e-06,0.021423524728527776,1.2686293661669491e-09,2.7178512597414154e-11,0.00019580736008366988,aggregate,3,1.5759170637193007
resnet18_no_weights,CIFAR10,fp32_fused,layer3.1.conv2,11.866543769836426,1.475426074648567e-06,0.005150409622324837,6.403759004551072e-10,3.298198199608916e-12,,42,3,
resnet18_no_weights,CIFAR10,fp32_fused,layer3.1.conv2,12.486629486083984,2.9428590551106026e-06,0.005419544047779507,1.2772825760028657e-09,6.922289182108807e-12,,43,3,
resnet18_no_weights,CIFAR10,fp32_fused,layer3.1.conv2,12.70776653289795,1.0926490858764737e-06,0.005515523668792512,4.742400546338862e-10,2.6156822460226536e-12,,44,3,
resnet18_no_weights,CIFAR10,fp32_fused,layer3.1.conv2,12.353646596272787,1.8369780718785478e-06,0.0053618257796322856,7.97299510363953e-10,4.274981068757642e-12,3.399725165186204e-05,aggregate,3,0.4360931907403725
resnet18_no_weights,CIFAR10,fp32_fused,layer4.0.conv1,71.78020477294922,9.00308987183962e-06,0.031154602766036987,1.953795545104084e-09,6.086972409377044e-11,,42,3,
resnet18_no_weights,CIFAR10,fp32_fused,layer4.0.conv1,75.27552795410156,1.7416175978723913e-05,0.03267167011896769,3.779552078716127e-09,1.234842787132719e-10,,43,3,
resnet18_no_weights,CIFAR10,fp32_fused,layer4.0.conv1,75.56512451171875,6.637934802711243e-06,0.03279736306932238,1.4405240457272663e-09,4.7245390137806306e-11,,44,3,
resnet18_no_weights,CIFAR10,fp32_fused,layer4.0.conv1,74.20695241292317,1.1019066884424925e-05,0.032207878651442354,2.391290556515826e-09,7.701839606460177e-11,9.080435429148934e-05,aggregate,3,2.106607372681325
resnet18_no_weights,CIFAR10,fp32_fused,layer4.0.conv2,23.111370086669922,4.971332145942142e-06,0.005015488300058577,1.0788481219492496e-09,5.410950133176631e-12,,42,3,
resnet18_no_weights,CIFAR10,fp32_fused,layer4.0.conv2,25.057666778564453,8.487705599691253e-06,0.005437861714098189,1.8419499999329976e-09,1.0016269383918809e-11,,43,3,
resnet18_no_weights,CIFAR10,fp32_fused,layer4.0.conv2,24.04657554626465,3.48078424394771e-06,0.005218440873755349,7.553785251622634e-10,3.9418981708637885e-12,,44,3,
resnet18_no_weights,CIFAR10,fp32_fused,layer4.0.conv2,24.071870803833008,5.646607329860369e-06,0.005223930295970705,1.2253922156815034e-09,6.401363519945274e-12,9.240052761629065e-06,aggregate,3,0.9733948791531042
resnet18_no_weights,CIFAR10,fp32_fused,layer4.0.downsample.0,9.504015922546387,4.971332145942142e-06,0.03712506219744682,9.709633097543247e-09,3.604707326606813e-10,,42,3,
resnet18_no_weights,CIFAR10,fp32_fused,layer4.0.downsample.0,9.885075569152832,8.487705599691253e-06,0.03861357644200325,1.657754999939698e-08,6.401184941228462e-10,,43,3,
resnet18_no_weights,CIFAR10,fp32_fused,layer4.0.downsample.0,9.951683044433594,3.48078424394771e-06,0.038873761892318726,6.798406726460371e-09,2.6427964433155846e-10,,44,3,
resnet18_no_weights,CIFAR10,fp32_fused,layer4.0.downsample.0,9.780258178710938,5.646607329860369e-06,0.0382041335105896,1.1028529941133533e-08,4.213354302966003e-10,6.793576030175114e-05,aggregate,3,0.24153980419173213
resnet18_no_weights,CIFAR10,fp32_fused,layer4.1.conv1,70.64796447753906,5.7071879382419866e-06,0.01533158951335483,1.2385390490976533e-09,1.8988772297026046e-11,,42,3,
resnet18_no_weights,CIFAR10,fp32_fused,layer4.1.conv1,79.81378936767578,9.491813216300216e-06,0.017320700817637973,2.059855298676262e-09,3.567813735599785e-11,,43,3,
resnet18_no_weights,CIFAR10,fp32_fused,layer4.1.conv1,73.2784423828125,4.286051535018487e-06,0.01590243975321452,9.301327115925536e-10,1.479137940859464e-11,,44,3,
resnet18_no_weights,CIFAR10,fp32_fused,layer4.1.conv1,74.58006540934245,6.495017563186896e-06,0.016184910028069106,1.409509019788823e-09,2.281277666903398e-11,4.2013132764811696e-05,aggregate,3,4.719507745152791
resnet18_no_weights,CIFAR10,fp32_fused,layer4.1.conv2,25.210351943969727,3.9121604800129717e-07,0.0054709965156184304,8.489931597250372e-11,4.64483861863956e-13,,42,3,
resnet18_no_weights,CIFAR10,fp32_fused,layer4.1.conv2,29.754682540893555,6.49538776542613e-07,0.006457179370853636,1.4095893588164346e-10,9.101971329124285e-13,,43,3,
resnet18_no_weights,CIFAR10,fp32_fused,layer4.1.conv2,24.895252227783203,3.1235796882356226e-07,0.005402615500821007,6.778601753983556e-11,3.662217890996403e-13,,44,3,
resnet18_no_weights,CIFAR10,fp32_fused,layer4.1.conv2,26.62009557088216,4.510375977891575e-07,0.0057769304624310245,9.788142313132758e-11,5.65454174993467e-13,1.2617323553511145e-06,aggregate,3,2.7191999856959974
resnet18_no_weights,CIFAR10,ptq,conv1,42.071197509765625,5.151202344677586e-07,1.5581925003616899,8.943059626176364e-10,1.3935008439795428e-09,,42,3,
resnet18_no_weights,CIFAR10,ptq,conv1,39.1317138671875,1.3367395013119676e-06,1.4493227358217593,2.320728300888833e-09,3.363484290143186e-09,,43,3,
resnet18_no_weights,CIFAR10,ptq,conv1,38.804786682128906,4.0675203649698233e-07,1.43721432156033,7.061667300294832e-10,1.0149129378078004e-09,,44,3,
resnet18_no_weights,CIFAR10,ptq,conv1,40.00256601969401,7.528705907589028e-07,1.4815765192479264,1.3070669978453175e-09,1.9365197730915026e-09,0.1055269428123535,aggregate,3,1.7989295504186693
resnet18_no_weights,CIFAR10,ptq,fc,32.03004837036133,3.659832145785913e-05,0.06255868822336197,3.659832145785913e-06,2.2895429815805875e-07,,42,3,
resnet18_no_weights,CIFAR10,ptq,fc,37.27595901489258,5.172864985070191e-05,0.07280460745096207,5.1728649850701915e-06,3.7660840463486206e-07,,43,3,
resnet18_no_weights,CIFAR10,ptq,fc,33.11181640625,3.370148624526337e-05,0.06467151641845703,3.370148624526337e-06,2.1795262210369539e-07,,44,3,
resnet18_no_weights,CIFAR10,ptq,fc,34.13927459716797,4.067615251794147e-05,0.06667827069759369,4.067615251794147e-06,2.7122155085279084e-07,0.000761012997551553,aggregate,3,2.769773884844192
resnet18_no_weights,CIFAR10,ptq,layer1.0.conv1,33.134525299072266,1.577332398028375e-07,0.05752521753311157,2.7384243021325955e-10,1.575284536781368e-11,,42,3,
resnet18_no_weights,CIFAR10,ptq,layer1.0.conv1,33.092254638671875,3.969042268181511e-07,0.05745183096991645,6.890698382259567e-10,3.958832387222534e-11,,43,3,
resnet18_no_weights,CIFAR10,ptq,layer1.0.conv1,33.160274505615234,1.2841314855904784e-07,0.057569921016693115,2.2293949402612473e-10,1.2834609062585528e-11,,44,3,
resnet18_no_weights,CIFAR10,ptq,layer1.0.conv1,33.12901814778646,2.2768353839334546e-07,0.05751565650657371,3.952839208217803e-10,2.2735014212557198e-11,0.0022682191344452593,aggregate,3,0.034342715548011854
resnet18_no_weights,CIFAR10,ptq,layer1.0.conv2,19.21552085876465,9.081576024527749e-08,0.033360279268688627,1.5766625042582896e-10,5.259790145452651e-12,,42,3,
resnet18_no_weights,CIFAR10,ptq,layer1.0.conv2,18.8076229095459,1.943322160968819e-07,0.03265212310685052,3.373823196126422e-10,1.1016249034066782e-11,,43,3,
resnet18_no_weights,CIFAR10,ptq,layer1.0.conv2,19.23799705505371,7.128691237312523e-08,0.03339930044280158,1.2376200064778686e-10,4.133564243037637e-12,,44,3,
resnet18_no_weights,CIFAR10,ptq,layer1.0.conv2,19.087046941121418,1.1881162957176154e-07,0.033137234272780244,2.0627019022875268e-10,6.835223617101124e-12,0.001512842349026328,aggregate,3,0.24224912160076942
resnet18_no_weights,CIFAR10,ptq,layer1.1.conv1,66.64881896972656,9.757210506222691e-08,0.11570975515577528,1.6939601573303284e-10,1.9600771504833085e-11,,42,3,
resnet18_no_weights,CIFAR10,ptq,layer1.1.conv1,65.84449005126953,2.2417917477923766e-07,0.11431335078345405,3.8919995621395426e-10,4.449075111959071e-11,,43,3,
resnet18_no_weights,CIFAR10,ptq,layer1.1.conv1,67.95726776123047,7.933999057740948e-08,0.11798136764102513,1.3774303919689146e-10,1.6251112147480585e-11,,44,3,
resnet18_no_weights,CIFAR10,ptq,layer1.1.conv1,66.81685892740886,1.336970901396247e-07,0.11600149119341815,2.321130037146262e-10,2.6925454556280045e-11,0.010124241006341761,aggregate,3,1.0663655487028572
resnet18_no_weights,CIFAR10,ptq,layer1.1.conv2,12.22379207611084,8.715804966641372e-08,0.021221861243247986,1.5131605844863494e-10,3.2112083962721327e-12,,42,3,
resnet18_no_weights,CIFAR10,ptq,layer1.1.conv2,11.948887825012207,1.705810603880309e-07,0.02074459691842397,2.9614767428477584e-10,6.1434641313663864e-12,,43,3,
resnet18_no_weights,CIFAR10,ptq,layer1.1.conv2,12.543477058410645,6.681877096070821e-08,0.021776869893074036,1.1600481069567398e-10,2.5262216694903756e-12,,44,3,
resnet18_no_weights,CIFAR10,ptq,layer1.1.conv2,12.23871898651123,1.0818596033838428e-07,0.021247776018248662,1.8782284780969492e-10,3.990817801370004e-12,0.0009668642365609899,aggregate,3,0.29757553429156663
resnet18_no_weights,CIFAR10,ptq,layer2.0.conv1,74.86262512207031,4.7584427420588327e-07,0.12996983528137207,4.130592658037181e-10,5.3685244737953724e-11,,42,3,
resnet18_no_weights,CIFAR10,ptq,layer2.0.conv1,74.21696472167969,9.218759373652574e-07,0.12884889708624947,8.002395289628971e-10,1.0310998071168908e-10,,43,3,
resnet18_no_weights,CIFAR10,ptq,layer2.0.conv1,76.05944061279297,3.6641725387198676e-07,0.13204763995276558,3.180705328749885e-10,4.200046320466077e-11,,44,3,
resnet18_no_weights,CIFAR10,ptq,layer2.0.conv1,75.04634348551433,5.880458218143758e-07,0.13028879077346237,5.104564425472012e-10,6.650675264199821e-11,0.002753597688383102,aggregate,3,0.9348762913526736
resnet18_no_weights,CIFAR10,ptq,layer2.0.conv2,16.399892807006836,3.7245408179842343e-07,0.014236018061637878,3.2331083489446477e-10,4.6026588850808225e-12,,42,3,
resnet18_no_weights,CIFAR10,ptq,layer2.0.conv2,16.414138793945312,6.868099262646865e-07,0.014248384369744195,5.961891721047626e-10,8.494732481228231e-12,,43,3,
resnet18_no_weights,CIFAR10,ptq,layer2.0.conv2,17.05244255065918,2.757913932782685e-07,0.014802467491891649,2.394022511096081e-10,3.5437440395356555e-12,,44,3,
resnet18_no_weights,CIFAR10,ptq,layer2.0.conv2,16.62215805053711,4.4501846711379284e-07,0.01442895664109124,3.863007527029452e-10,5.573916811171706e-12,0.0002789602063594844,aggregate,3,0.37270538005231124
resnet18_no_weights,CIFAR10,ptq,layer2.0.downsample.0,8.751049995422363,3.7245408179842343e-07,0.13673515617847443,2.909797514050183e-09,3.978716175313884e-10,,42,3,
resnet18_no_weights,CIFAR10,ptq,layer2.0.downsample.0,8.713915824890137,6.868099262646865e-07,0.1361549347639084,5.365702548942863e-09,7.305668805138525e-10,,43,3,
resnet18_no_weights,CIFAR10,ptq,layer2.0.downsample.0,8.909649848937988,2.757913932782685e-07,0.13921327888965607,2.1546202599864728e-09,2.999517511548001e-10,,44,3,
resnet18_no_weights,CIFAR10,ptq,layer2.0.downsample.0,8.79153855641683,4.4501846711379284e-07,0.13736778994401297,3.4767067743265065e-09,4.775875258726104e-10,0.0030753415679403893,aggregate,3,0.10395886071443447
resnet18_no_weights,CIFAR10,ptq,layer2.1.conv1,68.67833709716797,2.9950442126391863e-07,0.05961661206351386,2.5998647679159603e-10,1.549951292864433e-11,,42,3,
resnet18_no_weights,CIFAR10,ptq,layer2.1.conv1,69.77791595458984,5.550795663111785e-07,0.06057110759947035,4.818399013117869e-10,2.9185576508074414e-11,,43,3,
resnet18_no_weights,CIFAR10,ptq,layer2.1.conv1,72.16751861572266,2.1754335932655522e-07,0.06264541546503703,1.8883972163763474e-10,1.1829942818291571e-11,,44,3,
resnet18_no_weights,CIFAR10,ptq,layer2.1.conv1,70.20792388916016,3.573757823005508e-07,0.06094437837600708,3.1022203324700587e-10,1.8906288974779773e-11,0.0008571400670406938,aggregate,3,1.7838937847307412
resnet18_no_weights,CIFAR10,ptq,layer2.1.conv2,11.732046127319336,3.025948558388336e-07,0.01018406781885359,2.6266914569343197e-10,2.6750403936622457e-12,,42,3,
resnet18_no_weights,CIFAR10,ptq,layer2.1.conv2,11.988504409790039,5.3682879297412e-07,0.01040668785572052,4.659972161233681e-10,4.849487569830625e-12,,43,3,
resnet18_no_weights,CIFAR10,ptq,layer2.1.conv2,12.125821113586426,2.193493884306008e-07,0.01052588638332155,1.9040745523489655e-10,2.004207240339905e-12,,44,3,
resnet18_no_weights,CIFAR10,ptq,layer2.1.conv2,11.948790550231934,3.529243457478515e-07,0.010372214019298553,3.063579390172322e-10,3.177610109997947e-12,0.00015064731235734182,aggregate,3,0.1998689018661042
resnet18_no_weights,CIFAR10,ptq,layer3.0.conv1,90.1390151977539,3.3302947031188523e-06,0.07824567291471693,1.4454404093397797e-09,1.1309945748691495e-10,,42,3,
resnet18_no_weights,CIFAR10,ptq,layer3.0.conv1,91.74012756347656,6.209693765413249e-06,0.07963552739885119,2.6951795856828338e-09,2.1463204774046968e-10,,43,3,
resnet18_no_weights,CIFAR10,ptq,layer3.0.conv1,94.33776092529297,2.4881076114979805e-06,0.08189041746987237,1.0799078174904429e-09,8.84341020032711e-11,,44,3,
resnet18_no_weights,CIFAR10,ptq,layer3.0.conv1,92.07230122884114,4.009365360010027e-06,0.07992387259448017,1.740175937504352e-09,1.3908159992107791e-10,0.0009103430444886789,aggregate,3,2.118990544835722
resnet18_no_weights,CIFAR10,ptq,layer3.0.conv2,25.1910457611084,2.7463006517791655e-06,0.010933613611592187,1.1919707690013739e-09,1.3032547824573427e-11,,42,3,
resnet18_no_weights,CIFAR10,ptq,layer3.0.conv2,26.044721603393555,4.832488230022136e-06,0.011304132640361786,2.0974341276137745e-09,2.3709673582967615e-11,,43,3,
resnet18_no_weights,CIFAR10,ptq,layer3.0.conv2,26.582204818725586,2.0736486021633027e-06,0.011537415285905203,9.000210946889334e-10,1.0383917135501235e-11,,44,3,
resnet18_no_weights,CIFAR10,ptq,layer3.0.conv2,25.939324061075848,3.2174791613215348e-06,0.011258387179286391,1.396475330434694e-09,1.5722059956355684e-11,9.465924626246083e-05,aggregate,3,0.701542844267223
resnet18_no_weights,CIFAR10,ptq,layer3.0.downsample.0,11.0473051071167,2.7463006517791655e-06,0.08630707114934921,1.0727736921012365e-08,9.258795537133147e-10,,42,3,
resnet18_no_weights,CIFAR10,ptq,layer3.0.downsample.0,11.257222175598145,4.832488230022136e-06,0.0879470482468605,1.887690714852397e-08,1.6601682637427435e-09,,43,3,
resnet18_no_weights,CIFAR10,ptq,layer3.0.downsample.0,11.626914024353027,2.0736486021633027e-06,0.09083526581525803,8.100189852200401e-09,7.357828983786791e-10,,44,3,
resnet18_no_weights,CIFAR10,ptq,layer3.0.downsample.0,11.310480435689291,3.2174791613215348e-06,0.08836312840382259,1.2568277973912245e-08,1.110572360423743e-09,0.0008406487666951117,aggregate,3,0.29345179491003165
resnet18_no_weights,CIFAR10,ptq,layer3.1.conv1,51.77510452270508,2.485362301740679e-06,0.022471833560201857,1.0787162767971696e-09,2.4240732630866634e-11,,42,3,
resnet18_no_weights,CIFAR10,ptq,layer3.1.conv1,53.58637237548828,4.391197762743104e-06,0.023257974121305678,1.905901806746139e-09,4.432741489905143e-11,,43,3,
resnet18_no_weights,CIFAR10,ptq,layer3.1.conv1,55.343963623046875,1.8680044604479917e-06,0.024020817544725206,8.107658248472186e-10,1.9475257950153673e-11,,44,3,
resnet18_no_weights,CIFAR10,ptq,layer3.1.conv1,53.56848017374674,2.914854841643925e-06,0.023250208408744248,1.265127969463509e-09,2.941448895375802e-11,0.00017464608291773426,aggregate,3,1.78449682478997
resnet18_no_weights,CIFAR10,ptq,layer3.1.conv2,13.194098472595215,1.687064468569588e-06,0.0057266052398416735,7.322328422611059e-10,4.1932084312766105e-12,,42,3,
resnet18_no_weights,CIFAR10,ptq,layer3.1.conv2,14.030491828918457,2.7455623694550013e-06,0.006089623189634747,1.1916503339648443e-09,7.256701507648307e-12,,43,3,
resnet18_no_weights,CIFAR10,ptq,layer3.1.conv2,14.174333572387695,1.3195457313486258e-06,0.0061520545019043815,5.727195014533967e-10,3.523401587244802e-12,,44,3,
resnet18_no_weights,CIFAR10,ptq,layer3.1.conv2,13.799641291300455,1.9173908564577382e-06,0.0059894276437936,8.322008925597823e-10,4.984407031087268e-12,3.384086589886822e-05,aggregate,3,0.5293242775040492
resnet18_no_weights,CIFAR10,ptq,layer4.0.conv1,77.6153564453125,1.0068577466881834e-05,0.033687220679389104,2.1850211516670646e-09,7.360728972534134e-11,,42,3,
resnet18_no_weights,CIFAR10,ptq,layer4.0.conv1,82.2542953491211,1.6031697668950073e-05,0.03570064902305603,3.47910105662979e-09,1.2420616573848351e-10,,43,3,
resnet18_no_weights,CIFAR10,ptq,layer4.0.conv1,82.0353012084961,7.79423407948343e-06,0.03560559948285421,1.6914570484990084e-09,6.02253422113064e-11,,44,3,
resnet18_no_weights,CIFAR10,ptq,layer4.0.conv1,80.63498433430989,1.1298169738438446e-05,0.03499782306176645,2.4518597522652876e-09,8.580975378204706e-11,9.729595341048925e-05,aggregate,3,2.617365860825569
resnet18_no_weights,CIFAR10,ptq,layer4.0.conv2,25.087270736694336,5.801662609883351e-06,0.0054442861841784585,1.2590413649920467e-09,6.854581508735388e-12,,42,3,
resnet18_no_weights,CIFAR10,ptq,layer4.0.conv2,27.403791427612305,8.24757353257155e-06,0.005947003348006142,1.7898380062004233e-09,1.0644172615262556e-11,,43,3,
resnet18_no_weights,CIFAR10,ptq,layer4.0.conv2,26.0611572265625,4.321612777857808e-06,0.005655633078681098,9.37849995194837e-10,5.304135455664828e-12,,44,3,
resnet18_no_weights,CIFAR10,ptq,layer4.0.conv2,26.184073130289715,6.123616306770903e-06,0.005682307536955233,1.328909788795769e-09,7.551274108807785e-12,1.0126144533327224e-05,aggregate,3,1.1631415508890455
resnet18_no_weights,CIFAR10,ptq,layer4.0.downsample.0,10.221796989440918,5.801662609883351e-06,0.039928894490003586,1.133137228492842e-08,4.5244916839185775e-10,,42,3,
resnet18_no_weights,CIFAR10,ptq,layer4.0.downsample.0,10.755316734313965,8.24757353257155e-06,0.042012955993413925,1.610854205580381e-08,6.767674685085429e-10,,43,3,
resnet18_no_weights,CIFAR10,ptq,layer4.0.downsample.0,10.764277458190918,4.321612777857808e-06,0.04204795882105827,8.440649956753532e-09,3.549121018045398e-10,,44,3,
resnet18_no_weights,CIFAR10,ptq,layer4.0.downsample.0,10.580463727315268,6.123616306770903e-06,0.041329936434825264,1.196018809916192e-08,4.943138138869157e-10,7.264427665593935e-05,aggregate,3,0.31064681760187074
resnet18_no_weights,CIFAR10,ptq,layer4.1.conv1,75.30743408203125,6.274307907006005e-06,0.016342759132385254,1.3616119589856781e-09,2.2252496277478167e-11,,42,3,
resnet18_no_weights,CIFAR10,ptq,layer4.1.conv1,85.64440155029297,8.745766535867006e-06,0.01858602464199066,1.897952807262805e-09,3.527539764512185e-11,,43,3,
resnet18_no_weights,CIFAR10,ptq,layer4.1.conv1,78.09443664550781,5.02627244713949e-06,0.016947577397028606,1.0907709303688131e-09,1.848592476485436e-11,,44,3,
resnet18_no_weights,CIFAR10,ptq,layer4.1.conv1,79.68209075927734,6.682115630004167e-06,0.017292120390468173,1.4501118988724321e-09,2.5075509534952505e-11,3.579395207680746e-05,aggregate,3,5.348243477881524
resnet18_no_weights,CIFAR10,ptq,layer4.1.conv2,26.912256240844727,4.77360686090833e-07,0.005840333385599984,1.0359389889123981e-10,6.05022906238977e-13,,42,3,
resnet18_no_weights,CIFAR10,ptq,layer4.1.conv2,32.20138931274414,6.845446023362456e-07,0.0069881487223837115,1.4855568627088664e-10,1.038129229216732e-12,,43,3,
resnet18_no_weights,CIFAR10,ptq,layer4.1.conv2,26.828725814819336,3.9750781866132456e-07,0.005822206123007668,8.626471759143328e-11,5.022509669603702e-13,,44,3,
resnet18_no_weights,CIFAR10,ptq,layer4.1.conv2,28.647457122802734,5.198043690294677e-07,0.006216896076997121,1.1280476758451991e-10,7.012955170627738e-13,1.207048993904725e-06,aggregate,3,3.078078920535386
cnn,CIFAR10,fp32_unfused,conv1,42.071197509765625,4.8737032187773366e-08,1.5581925003616899,1.692258062075464e-10,2.636863821002595e-10,,42,3,
cnn,CIFAR10,fp32_unfused,conv1,39.1317138671875,7.388191392010413e-08,1.4493227358217593,2.5653442333369486e-10,3.71801172258448e-10,,43,3,
cnn,CIFAR10,fp32_unfused,conv1,38.804786682128906,7.757110864758943e-08,1.43721432156033,2.6934412724857437e-10,3.87105237109819e-10,,44,3,
cnn,CIFAR10,fp32_unfused,conv1,40.00256601969401,6.67300182518223e-08,1.4815765192479264,2.317014522632719e-10,3.4328343114890797e-10,0.06704279019563021,aggregate,3,1.7989295504186693
cnn,CIFAR10,fp32_unfused,conv2,68.43758392333984,3.449407017797057e-07,0.2376304997338189,5.988553850342113e-10,1.4230630441396816e-10,,42,3,
cnn,CIFAR10,fp32_unfused,conv2,67.1470947265625,5.255210453469772e-07,0.23314963446723092,9.123629259496132e-10,2.1271708268660558e-10,,43,3,
cnn,CIFAR10,fp32_unfused,conv2,73.08895111083984,5.350107699086948e-07,0.2537810802459717,9.288381422025951e-10,2.3572154710183605e-10,,44,3,
cnn,CIFAR10,fp32_unfused,conv2,69.55787658691406,4.6849083901179256e-07,0.24152040481567383,8.133521510621399e-10,1.964411407822271e-10,0.00732951668788901,aggregate,3,3.12533295216494
cnn,CIFAR10,fp32_unfused,conv3,40.94734573364258,4.207762231089873e-06,0.07108914189868504,3.652571381154404e-09,2.596581652099614e-10,,42,3,
cnn,CIFAR10,fp32_unfused,conv3,41.047542572021484,6.1627370087080635e-06,0.07126309474309285,5.349598097836861e-09,3.812289160836175e-10,,43,3,
cnn,CIFAR10,fp32_unfused,conv3,44.813899993896484,6.155274149932666e-06,0.07780190971162584,5.34311992181655e-09,4.157049337355606e-10,,44,3,
cnn,CIFAR10,fp32_unfused,conv3,42.269596099853516,5.508591129910201e-06,0.07338471545113458,4.781763133602605e-09,3.5090832691415277e-10,0.002579398104906624,aggregate,3,2.204001266001665
cnn,CIFAR10,fp32_unfused,conv4,26.138986587524414,1.0919865417235997e-05,0.02269009252389272,4.739524920675346e-09,1.075402589694189e-10,,42,3,
cnn,CIFAR10,fp32_unfused,conv4,27.44355583190918,1.8013421140494756e-05,0.02382253110408783,7.818325147784183e-09,1.8625229401496077e-10,,43,3,
cnn,CIFAR10,fp32_unfused,conv4,30.647083282470703,1.5103005353012122e-05,0.026603370904922485,6.555123851133733e-09,1.7438839113941458e-10,,44,3,
cnn,CIFAR10,fp32_unfused,conv4,28.076541900634766,1.4678763970247624e-05,0.024371998177634344,6.370991306531087e-09,1.552737885124999e-10,0.0002162843496468021,aggregate,3,2.3197494423206395
cnn,CIFAR10,fp32_unfused,fc1,19.565595626831055,0.00010783768084365875,0.019107026979327202,1.053102351988855e-07,2.0121655051443983e-09,,42,3,
cnn,CIFAR10,fp32_unfused,fc1,20.538969039916992,0.00018337872461415827,0.020057586953043938,1.7908078575601394e-07,3.591928431920682e-09,,43,3,
cnn,CIFAR10,fp32_unfused,fc1,23.431310653686523,0.00015066810010466725,0.022882139310240746,1.471368165084641e-07,3.366805133012006e-09,,44,3,
cnn,CIFAR10,fp32_unfused,fc1,21.178625106811523,0.00014729483518749475,0.02068225108087063,1.4384261248778785e-07,2.974989027600805e-09,1.1382103915628139e-05,aggregate,3,2.0106735389292516
cnn,CIFAR10,fp32_unfused,fc2,31.89495849609375,3.275663038948551e-05,0.031147420406341553,3.275663038948551e-06,1.0202845378364487e-07,,42,3,
cnn,CIFAR10,fp32_unfused,fc2,32.613216400146484,5.2068855438847095e-05,0.03184884414076805,5.20688554388471e-06,1.658332861460024e-07,,43,3,
cnn,CIFAR10,fp32_unfused,fc2,35.96681213378906,4.949754293193109e-05,0.03512383997440338,4.94975429319311e-06,1.738543777067309e-07,,44,3,
cnn,CIFAR10,fp32_unfused,fc2,33.4916623433431,4.4774342920087897e-05,0.032706701507171,4.47743429200879e-06,1.46442106906703e-07,0.0005319368223234847,aggregate,3,2.1734186131627014
cnn,CIFAR10,fp32_fused,conv1,42.071197509765625,2.694709166917164e-07,1.5581925003616899,9.356629051795708e-10,1.4579429217174383e-09,,42,3,
cnn,CIFAR10,fp32_fused,conv1,39.1317138671875,4.0410395740764216e-07,1.4493227358217593,1.4031387409987575e-09,2.033600878841818e-09,,43,3,
cnn,CIFAR10,fp32_fused,conv1,38.804786682128906,4.2535450006653264e-07,1.43721432156033,1.4769253474532382e-09,2.12265826123526e-09,,44,3,
cnn,CIFAR10,fp32_fused,conv1,40.00256601969401,3.663097913886304e-07,1.4815765192479264,1.271908997877189e-09,1.884430505875004e-09,0.44109039475929196,aggregate,3,1.7989295504186693
cnn,CIFAR10,fp32_fused,conv2,68.43758392333984,2.0865959413640667e-06,0.2376304997338189,3.6225623982015045e-09,8.608313130015649e-10,,42,3,
cnn,CIFAR10,fp32_fused,conv2,67.14710235595703,3.2163807190954685e-06,0.23314966095818412,5.583994303985189e-09,1.301906378766578e-09,,43,3,
cnn,CIFAR10,fp32_fused,conv2,73.08895111083984,3.2822813409438822e-06,0.2537810802459717,5.698405105805351e-09,1.4461474034304425e-09,,44,3,
cnn,CIFAR10,fp32_fused,conv2,69.55787913004558,2.8617526671344726e-06,0.24152041364599156,4.9683206026640144e-09,1.1999508470813148e-09,0.0438923426800304,aggregate,3,3.12533000963122
cnn,CIFAR10,fp32_fused,conv3,40.94612503051758,7.523148269683588e-06,0.07108702262242635,6.5305106507670035e-09,4.6423455836707015e-10,,42,3,
cnn,CIFAR10,fp32_fused,conv3,41.04608917236328,1.0853977073566057e-05,0.07126057147979736,9.421855098581647e-09,6.714067787247707e-10,,43,3,
cnn,CIFAR10,fp32_fused,conv3,44.8127326965332,1.1234811609028839e-05,0.07779988315370348,9.752440632837533e-09,7.587387416981901e-10,,44,3,
cnn,CIFAR10,fp32_fused,conv3,42.26831563313802,9.870645650759494e-06,0.07338249241864239,8.568268794062061e-09,6.287609198211495e-10,0.0045518869729581895,aggregate,3,2.204096606727155
cnn,CIFAR10,fp32_fused,conv4,26.13924217224121,3.3965350212383782e-06,0.02269031438562605,1.4741905474124906e-09,3.3449846985107576e-11,,42,3,
cnn,CIFAR10,fp32_fused,conv4,27.4439640045166,5.632804914057488e-06,0.023822885420587327,2.444793799504118e-09,5.824204256254894e-11,,43,3,
cnn,CIFAR10,fp32_fused,conv4,30.647748947143555,4.719578555523185e-06,0.02660394873883989,2.0484281925013823e-09,5.449627862850123e-11,,44,3,
cnn,CIFAR10,fp32_fused,conv4,28.076985041300457,4.582972830273017e-06,0.02437238284835109,1.9891375131393302e-09,4.848002100824875e-11,7.139886645928512e-05,aggregate,3,2.3199558313884476
cnn,CIFAR10,fp32_fused,fc1,19.565534591674805,0.0001078750574379228,0.019106967374682426,1.0534673577922149e-07,2.012856643562875e-09,,42,3,
cnn,CIFAR10,fp32_fused,fc1,20.53826904296875,0.0001833713467931375,0.02005690336227417,1.7907358085267333e-07,3.591661505898459e-09,,43,3,
cnn,CIFAR10,fp32_fused,fc1,23.431171417236328,0.0001506488333689049,0.02288200333714485,1.4711800133682118e-07,3.366354597543223e-09,,44,3,
cnn,CIFAR10,fp32_fused,fc1,21.178325017293293,0.00014729841253332174,0.02068195802470048,1.43846105989572e-07,2.9750191260929447e-09,1.2293276404315874e-05,aggregate,3,2.0107313978962353
cnn,CIFAR10,fp32_fused,fc2,31.895557403564453,3.2767478842288256e-05,0.03114800527691841,3.2767478842288255e-06,1.0206416038909069e-07,,42,3,
cnn,CIFAR10,fp32_fused,fc2,32.61222457885742,5.20679859619122e-05,0.03184787556529045,5.20679859619122e-06,1.6582547378502697e-07,,43,3,
cnn,CIFAR10,fp32_fused,fc2,35.96660232543945,4.95062158734072e-05,0.035123635083436966,4.95062158734072e-06,1.7388382606994091e-07,,44,3,
cnn,CIFAR10,fp32_fused,fc2,33.491461435953774,4.4780560225869216e-05,0.03270650530854861,4.478056022586921e-06,1.464615630747172e-07,0.0005259923896094709,aggregate,3,2.173279728230713
cnn,CIFAR10,ptq,conv1,42.071197509765625,3.958864169817389e-07,1.5581925003616899,1.3746056145199266e-09,2.1419001595000215e-09,,42,3,
cnn,CIFAR10,ptq,conv1,39.1317138671875,4.270580689080816e-07,1.4493227358217593,1.48284051704195e-09,2.149114474946591e-09,,43,3,
cnn,CIFAR10,ptq,conv1,38.804786682128906,5.698667564502102e-07,1.43721432156033,1.9787040154521187e-09,2.8438217491367174e-09,,44,3,
cnn,CIFAR10,ptq,conv1,40.00256601969401,4.642704141133436e-07,1.4815765192479264,1.6120500490046652e-09,2.388375500457781e-09,0.40548922056077885,aggregate,3,1.7989295504186693
cnn,CIFAR10,ptq,conv2,78.94091796875,3.122193447779864e-06,0.2741004096137153,5.420474735728931e-09,1.4857543453640951e-09,,42,3,
cnn,CIFAR10,ptq,conv2,75.60472869873047,3.533297103786026e-06,0.26251641909281415,6.134196360739629e-09,1.6103272626335397e-09,,43,3,
cnn,CIFAR10,ptq,conv2,81.99788665771484,4.494242602959275e-06,0.28471488422817653,7.80250451902652e-09,2.2214891708244598e-09,,44,3,
cnn,CIFAR10,ptq,conv2,78.84784444173177,3.716577718175055e-06,0.27377723764490197,6.452391871831693e-09,1.7665180228724993e-09,0.04914161334715473,aggregate,3,3.19759506241879
cnn,CIFAR10,ptq,conv3,46.832027435302734,1.2836707355745602e-05,0.08130560318628947,1.1142975135195835e-08,9.059863146569228e-10,,42,3,
cnn,CIFAR10,ptq,conv3,46.389442443847656,1.335770411969861e-05,0.0805372264650133,1.159522927057171e-08,9.338476056777848e-10,,43,3,
cnn,CIFAR10,ptq,conv3,50.37876510620117,1.659354347793851e-05,0.0874631338649326,1.4404117602377179e-08,1.259829266062947e-09,,44,3,
cnn,CIFAR10,ptq,conv3,47.86674499511719,1.4262651651127575e-05,0.08310198783874512,1.2380774002714909e-08,1.028866930607866e-09,0.005980487740685501,aggregate,3,2.186699372921005
cnn,CIFAR10,ptq,conv4,28.223180770874023,6.545496489707148e-06,0.024499288863605924,2.8409272958798386e-09,6.960069846226302e-11,,42,3,
cnn,CIFAR10,ptq,conv4,29.731861114501953,7.295320301636821e-06,0.025808907217449613,3.1663716586965367e-09,8.172059235526095e-11,,43,3,
cnn,CIFAR10,ptq,conv4,32.732357025146484,7.722093869233504e-06,0.028413504362106323,3.3516032418548196e-09,9.523079333249161e-11,,44,3,
cnn,CIFAR10,ptq,conv4,30.229132970174152,7.187636886859157e-06,0.026240566814387287,3.119634065477065e-09,8.186096613158956e-11,7.993997014055157e-05,aggregate,3,2.295349014171137
cnn,CIFAR10,ptq,fc1,19.904109954833984,0.0002229437232017517,0.019437607377767563,2.1771847968921065e-07,4.231926327083338e-09,,42,3,
cnn,CIFAR10,ptq,fc1,21.017841339111328,0.00026239818544127047,0.020525235682725906,2.562482279699907e-07,5.259555272364936e-09,,43,3,
cnn,CIFAR10,ptq,fc1,23.715635299682617,0.0002695026050787419,0.023159800097346306,2.631861377722089e-07,6.095338339197002e-09,,44,3,
cnn,CIFAR10,ptq,fc1,21.545862197875977,0.0002516148379072547,0.02104088105261326,2.457176151438034e-07,5.17011511277257e-09,1.7605206287135575e-05,aggregate,3,1.9598560875926043
cnn,CIFAR10,ptq,fc2,29.29302978515625,6.199630297487602e-05,0.02860647439956665,6.199630297487601e-06,1.7734956539185684e-07,,42,3,
cnn,CIFAR10,ptq,fc2,29.1429500579834,7.736343104625121e-05,0.028459912165999413,7.73634310462512e-06,2.201756452436661e-07,,43,3,
cnn,CIFAR10,ptq,fc2,33.45869445800781,8.410223381360993e-05,0.032674506306648254,8.410223381360993e-06,2.747998969146004e-07,,44,3,
cnn,CIFAR10,ptq,fc2,30.631558100382488,7.448732261157905e-05,0.029913630957404774,7.448732261157905e-06,2.2281862796079278e-07,0.0006043809565799361,aggregate,3,2.449521579733952
