model,dataset,variant,probe_seed,canonical_layer,quantized_layer,weight_shape,hessian_trace,seed,n_seeds,metric_std
resnet50_no_weights,IMAGENET100,fp32_unfused,42,conv1,conv1,"(64, 3, 7, 7)",315.65107896592883,42,3,
resnet50_no_weights,IMAGENET100,fp32_unfused,43,conv1,conv1,"(64, 3, 7, 7)",391.19624989827474,43,3,
resnet50_no_weights,IMAGENET100,fp32_unfused,44,conv1,conv1,"(64, 3, 7, 7)",589.7996434529622,44,3,
resnet50_no_weights,IMAGENET100,fp32_unfused,"42,43,44",conv1,conv1,"(64, 3, 7, 7)",432.21565743905524,aggregate,3,141.60262249980667
resnet50_no_weights,IMAGENET100,fp32_unfused,42,layer1.0.conv1,layer1.0.conv1,"(64, 64, 1, 1)",130.03635270254952,42,3,
resnet50_no_weights,IMAGENET100,fp32_unfused,43,layer1.0.conv1,layer1.0.conv1,"(64, 64, 1, 1)",125.72208508578214,43,3,
resnet50_no_weights,IMAGENET100,fp32_unfused,44,layer1.0.conv1,layer1.0.conv1,"(64, 64, 1, 1)",82.27183405558269,44,3,
resnet50_no_weights,IMAGENET100,fp32_unfused,"42,43,44",layer1.0.conv1,layer1.0.conv1,"(64, 64, 1, 1)",112.67675728130479,aggregate,3,26.419646923053556
resnet50_no_weights,IMAGENET100,fp32_unfused,42,layer1.0.conv2,layer1.0.conv2,"(64, 64, 3, 3)",50.889638900756836,42,3,
resnet50_no_weights,IMAGENET100,fp32_unfused,43,layer1.0.conv2,layer1.0.conv2,"(64, 64, 3, 3)",50.00484677723476,43,3,
resnet50_no_weights,IMAGENET100,fp32_unfused,44,layer1.0.conv2,layer1.0.conv2,"(64, 64, 3, 3)",60.32065322182395,44,3,
resnet50_no_weights,IMAGENET100,fp32_unfused,"42,43,44",layer1.0.conv2,layer1.0.conv2,"(64, 64, 3, 3)",53.73837963327185,aggregate,3,5.717557037002308
resnet50_no_weights,IMAGENET100,fp32_unfused,42,layer1.0.conv3,layer1.0.conv3,"(256, 64, 1, 1)",87.42823905944825,42,3,
resnet50_no_weights,IMAGENET100,fp32_unfused,43,layer1.0.conv3,layer1.0.conv3,"(256, 64, 1, 1)",75.74377377827962,43,3,
resnet50_no_weights,IMAGENET100,fp32_unfused,44,layer1.0.conv3,layer1.0.conv3,"(256, 64, 1, 1)",71.44679908752441,44,3,
resnet50_no_weights,IMAGENET100,fp32_unfused,"42,43,44",layer1.0.conv3,layer1.0.conv3,"(256, 64, 1, 1)",78.20627064175076,aggregate,3,8.270400473737963
resnet50_no_weights,IMAGENET100,fp32_unfused,42,layer1.0.downsample.0,layer1.0.downsample.0,"(256, 64, 1, 1)",229.30793889363608,42,3,
resnet50_no_weights,IMAGENET100,fp32_unfused,43,layer1.0.downsample.0,layer1.0.downsample.0,"(256, 64, 1, 1)",204.73668377216046,43,3,
resnet50_no_weights,IMAGENET100,fp32_unfused,44,layer1.0.downsample.0,layer1.0.downsample.0,"(256, 64, 1, 1)",183.32810923258464,44,3,
resnet50_no_weights,IMAGENET100,fp32_unfused,"42,43,44",layer1.0.downsample.0,layer1.0.downsample.0,"(256, 64, 1, 1)",205.79091063279373,aggregate,3,23.00803619651375
resnet50_no_weights,IMAGENET100,fp32_unfused,42,layer1.1.conv1,layer1.1.conv1,"(64, 256, 1, 1)",14.217686192194622,42,3,
resnet50_no_weights,IMAGENET100,fp32_unfused,43,layer1.1.conv1,layer1.1.conv1,"(64, 256, 1, 1)",12.86948098341624,43,3,
resnet50_no_weights,IMAGENET100,fp32_unfused,44,layer1.1.conv1,layer1.1.conv1,"(64, 256, 1, 1)",12.05287090142568,44,3,
resnet50_no_weights,IMAGENET100,fp32_unfused,"42,43,44",layer1.1.conv1,layer1.1.conv1,"(64, 256, 1, 1)",13.046679359012181,aggregate,3,1.0932317956509199
resnet50_no_weights,IMAGENET100,fp32_unfused,42,layer1.1.conv2,layer1.1.conv2,"(64, 64, 3, 3)",16.56423570315043,42,3,
resnet50_no_weights,IMAGENET100,fp32_unfused,43,layer1.1.conv2,layer1.1.conv2,"(64, 64, 3, 3)",16.520772181059186,43,3,
resnet50_no_weights,IMAGENET100,fp32_unfused,44,layer1.1.conv2,layer1.1.conv2,"(64, 64, 3, 3)",10.752862890561422,44,3,
resnet50_no_weights,IMAGENET100,fp32_unfused,"42,43,44",layer1.1.conv2,layer1.1.conv2,"(64, 64, 3, 3)",14.612623591590346,aggregate,3,3.342721461824723
resnet50_no_weights,IMAGENET100,fp32_unfused,42,layer1.1.conv3,layer1.1.conv3,"(256, 64, 1, 1)",5.343826194604238,42,3,
resnet50_no_weights,IMAGENET100,fp32_unfused,43,layer1.1.conv3,layer1.1.conv3,"(256, 64, 1, 1)",7.802194714546204,43,3,
resnet50_no_weights,IMAGENET100,fp32_unfused,44,layer1.1.conv3,layer1.1.conv3,"(256, 64, 1, 1)",5.474834823608399,44,3,
resnet50_no_weights,IMAGENET100,fp32_unfused,"42,43,44",layer1.1.conv3,layer1.1.conv3,"(256, 64, 1, 1)",6.206951910919614,aggregate,3,1.383072853146285
resnet50_no_weights,IMAGENET100,fp32_unfused,42,layer1.2.conv1,layer1.2.conv1,"(64, 256, 1, 1)",2.7340618441502254,42,3,
resnet50_no_weights,IMAGENET100,fp32_unfused,43,layer1.2.conv1,layer1.2.conv1,"(64, 256, 1, 1)",3.354059014717738,43,3,
resnet50_no_weights,IMAGENET100,fp32_unfused,44,layer1.2.conv1,layer1.2.conv1,"(64, 256, 1, 1)",2.6833504756291706,44,3,
resnet50_no_weights,IMAGENET100,fp32_unfused,"42,43,44",layer1.2.conv1,layer1.2.conv1,"(64, 256, 1, 1)",2.9238237781657115,aggregate,3,0.3734563961194845
resnet50_no_weights,IMAGENET100,fp32_unfused,42,layer1.2.conv2,layer1.2.conv2,"(64, 64, 3, 3)",1.6007415095965067,42,3,
resnet50_no_weights,IMAGENET100,fp32_unfused,43,layer1.2.conv2,layer1.2.conv2,"(64, 64, 3, 3)",2.7129414096474647,43,3,
resnet50_no_weights,IMAGENET100,fp32_unfused,44,layer1.2.conv2,layer1.2.conv2,"(64, 64, 3, 3)",2.663343584537506,44,3,
resnet50_no_weights,IMAGENET100,fp32_unfused,"42,43,44",layer1.2.conv2,layer1.2.conv2,"(64, 64, 3, 3)",2.3256755012604926,aggregate,3,0.6283008477364322
resnet50_no_weights,IMAGENET100,fp32_unfused,42,layer1.2.conv3,layer1.2.conv3,"(256, 64, 1, 1)",2.682791419327259,42,3,
resnet50_no_weights,IMAGENET100,fp32_unfused,43,layer1.2.conv3,layer1.2.conv3,"(256, 64, 1, 1)",2.5109672387441,43,3,
resnet50_no_weights,IMAGENET100,fp32_unfused,44,layer1.2.conv3,layer1.2.conv3,"(256, 64, 1, 1)",2.2717598493282614,44,3,
resnet50_no_weights,IMAGENET100,fp32_unfused,"42,43,44",layer1.2.conv3,layer1.2.conv3,"(256, 64, 1, 1)",2.4885061691332067,aggregate,3,0.2064342816007295
resnet50_no_weights,IMAGENET100,fp32_unfused,42,layer2.0.conv1,layer2.0.conv1,"(128, 256, 1, 1)",24.81591370900472,42,3,
resnet50_no_weights,IMAGENET100,fp32_unfused,43,layer2.0.conv1,layer2.0.conv1,"(128, 256, 1, 1)",29.706575830777485,43,3,
resnet50_no_weights,IMAGENET100,fp32_unfused,44,layer2.0.conv1,layer2.0.conv1,"(128, 256, 1, 1)",22.827251434326172,44,3,
resnet50_no_weights,IMAGENET100,fp32_unfused,"42,43,44",layer2.0.conv1,layer2.0.conv1,"(128, 256, 1, 1)",25.78324699136946,aggregate,3,3.540208510424274
resnet50_no_weights,IMAGENET100,fp32_unfused,42,layer2.0.conv2,layer2.0.conv2,"(128, 128, 3, 3)",64.868448193868,42,3,
resnet50_no_weights,IMAGENET100,fp32_unfused,43,layer2.0.conv2,layer2.0.conv2,"(128, 128, 3, 3)",76.62182565168901,43,3,
resnet50_no_weights,IMAGENET100,fp32_unfused,44,layer2.0.conv2,layer2.0.conv2,"(128, 128, 3, 3)",67.9920472462972,44,3,
resnet50_no_weights,IMAGENET100,fp32_unfused,"42,43,44",layer2.0.conv2,layer2.0.conv2,"(128, 128, 3, 3)",69.82744036395141,aggregate,3,6.087854411757317
resnet50_no_weights,IMAGENET100,fp32_unfused,42,layer2.0.conv3,layer2.0.conv3,"(512, 128, 1, 1)",28.425863281885782,42,3,
resnet50_no_weights,IMAGENET100,fp32_unfused,43,layer2.0.conv3,layer2.0.conv3,"(512, 128, 1, 1)",30.77987314860026,43,3,
resnet50_no_weights,IMAGENET100,fp32_unfused,44,layer2.0.conv3,layer2.0.conv3,"(512, 128, 1, 1)",31.456973934173583,44,3,
resnet50_no_weights,IMAGENET100,fp32_unfused,"42,43,44",layer2.0.conv3,layer2.0.conv3,"(512, 128, 1, 1)",30.220903454886543,aggregate,3,1.590988147495433
resnet50_no_weights,IMAGENET100,fp32_unfused,42,layer2.0.downsample.0,layer2.0.downsample.0,"(512, 256, 1, 1)",112.71168301900228,42,3,
resnet50_no_weights,IMAGENET100,fp32_unfused,43,layer2.0.downsample.0,layer2.0.downsample.0,"(512, 256, 1, 1)",114.8417159370754,43,3,
resnet50_no_weights,IMAGENET100,fp32_unfused,44,layer2.0.downsample.0,layer2.0.downsample.0,"(512, 256, 1, 1)",86.99818112299992,44,3,
resnet50_no_weights,IMAGENET100,fp32_unfused,"42,43,44",layer2.0.downsample.0,layer2.0.downsample.0,"(512, 256, 1, 1)",104.85052669302587,aggregate,3,15.497223681090027
resnet50_no_weights,IMAGENET100,fp32_unfused,42,layer2.1.conv1,layer2.1.conv1,"(128, 512, 1, 1)",11.248485271747295,42,3,
resnet50_no_weights,IMAGENET100,fp32_unfused,43,layer2.1.conv1,layer2.1.conv1,"(128, 512, 1, 1)",12.906289990743002,43,3,
resnet50_no_weights,IMAGENET100,fp32_unfused,44,layer2.1.conv1,layer2.1.conv1,"(128, 512, 1, 1)",16.662466735839843,44,3,
resnet50_no_weights,IMAGENET100,fp32_unfused,"42,43,44",layer2.1.conv1,layer2.1.conv1,"(128, 512, 1, 1)",13.605747332776714,aggregate,3,2.773937499904796
resnet50_no_weights,IMAGENET100,fp32_unfused,42,layer2.1.conv2,layer2.1.conv2,"(128, 128, 3, 3)",41.74274531277743,42,3,
resnet50_no_weights,IMAGENET100,fp32_unfused,43,layer2.1.conv2,layer2.1.conv2,"(128, 128, 3, 3)",32.9075569152832,43,3,
resnet50_no_weights,IMAGENET100,fp32_unfused,44,layer2.1.conv2,layer2.1.conv2,"(128, 128, 3, 3)",32.504292488098145,44,3,
resnet50_no_weights,IMAGENET100,fp32_unfused,"42,43,44",layer2.1.conv2,layer2.1.conv2,"(128, 128, 3, 3)",35.718198238719594,aggregate,3,5.221305501042088
resnet50_no_weights,IMAGENET100,fp32_unfused,42,layer2.1.conv3,layer2.1.conv3,"(512, 128, 1, 1)",21.126904744368332,42,3,
resnet50_no_weights,IMAGENET100,fp32_unfused,43,layer2.1.conv3,layer2.1.conv3,"(512, 128, 1, 1)",22.120723936292862,43,3,
resnet50_no_weights,IMAGENET100,fp32_unfused,44,layer2.1.conv3,layer2.1.conv3,"(512, 128, 1, 1)",19.936802584549476,44,3,
resnet50_no_weights,IMAGENET100,fp32_unfused,"42,43,44",layer2.1.conv3,layer2.1.conv3,"(512, 128, 1, 1)",21.061477088403556,aggregate,3,1.0934297879946149
resnet50_no_weights,IMAGENET100,fp32_unfused,42,layer2.2.conv1,layer2.2.conv1,"(128, 512, 1, 1)",8.85421392917633,42,3,
resnet50_no_weights,IMAGENET100,fp32_unfused,43,layer2.2.conv1,layer2.2.conv1,"(128, 512, 1, 1)",7.228423029184341,43,3,
resnet50_no_weights,IMAGENET100,fp32_unfused,44,layer2.2.conv1,layer2.2.conv1,"(128, 512, 1, 1)",8.524534900983175,44,3,
resnet50_no_weights,IMAGENET100,fp32_unfused,"42,43,44",layer2.2.conv1,layer2.2.conv1,"(128, 512, 1, 1)",8.202390619781282,aggregate,3,0.8594368598434113
resnet50_no_weights,IMAGENET100,fp32_unfused,42,layer2.2.conv2,layer2.2.conv2,"(128, 128, 3, 3)",9.765972946001137,42,3,
resnet50_no_weights,IMAGENET100,fp32_unfused,43,layer2.2.conv2,layer2.2.conv2,"(128, 128, 3, 3)",9.002569230397542,43,3,
resnet50_no_weights,IMAGENET100,fp32_unfused,44,layer2.2.conv2,layer2.2.conv2,"(128, 128, 3, 3)",10.446437573432922,44,3,
resnet50_no_weights,IMAGENET100,fp32_unfused,"42,43,44",layer2.2.conv2,layer2.2.conv2,"(128, 128, 3, 3)",9.7383265832772,aggregate,3,0.7223310799306859
resnet50_no_weights,IMAGENET100,fp32_unfused,42,layer2.2.conv3,layer2.2.conv3,"(512, 128, 1, 1)",16.138415738155967,42,3,
resnet50_no_weights,IMAGENET100,fp32_unfused,43,layer2.2.conv3,layer2.2.conv3,"(512, 128, 1, 1)",20.01139284769694,43,3,
resnet50_no_weights,IMAGENET100,fp32_unfused,44,layer2.2.conv3,layer2.2.conv3,"(512, 128, 1, 1)",18.450458117893763,44,3,
resnet50_no_weights,IMAGENET100,fp32_unfused,"42,43,44",layer2.2.conv3,layer2.2.conv3,"(512, 128, 1, 1)",18.20008890124889,aggregate,3,1.9485896133459226
resnet50_no_weights,IMAGENET100,fp32_unfused,42,layer2.3.conv1,layer2.3.conv1,"(128, 512, 1, 1)",36.7263424873352,42,3,
resnet50_no_weights,IMAGENET100,fp32_unfused,43,layer2.3.conv1,layer2.3.conv1,"(128, 512, 1, 1)",32.40418406895229,43,3,
resnet50_no_weights,IMAGENET100,fp32_unfused,44,layer2.3.conv1,layer2.3.conv1,"(128, 512, 1, 1)",41.518605105082194,44,3,
resnet50_no_weights,IMAGENET100,fp32_unfused,"42,43,44",layer2.3.conv1,layer2.3.conv1,"(128, 512, 1, 1)",36.88304388712323,aggregate,3,4.559230659056797
resnet50_no_weights,IMAGENET100,fp32_unfused,42,layer2.3.conv2,layer2.3.conv2,"(128, 128, 3, 3)",62.322863006591795,42,3,
resnet50_no_weights,IMAGENET100,fp32_unfused,43,layer2.3.conv2,layer2.3.conv2,"(128, 128, 3, 3)",47.73322639465332,43,3,
resnet50_no_weights,IMAGENET100,fp32_unfused,44,layer2.3.conv2,layer2.3.conv2,"(128, 128, 3, 3)",49.88507607777913,44,3,
resnet50_no_weights,IMAGENET100,fp32_unfused,"42,43,44",layer2.3.conv2,layer2.3.conv2,"(128, 128, 3, 3)",53.313721826341414,aggregate,3,7.875981390846131
resnet50_no_weights,IMAGENET100,fp32_unfused,42,layer2.3.conv3,layer2.3.conv3,"(512, 128, 1, 1)",27.212344275580513,42,3,
resnet50_no_weights,IMAGENET100,fp32_unfused,43,layer2.3.conv3,layer2.3.conv3,"(512, 128, 1, 1)",22.502323865890503,43,3,
resnet50_no_weights,IMAGENET100,fp32_unfused,44,layer2.3.conv3,layer2.3.conv3,"(512, 128, 1, 1)",21.655290777033027,44,3,
resnet50_no_weights,IMAGENET100,fp32_unfused,"42,43,44",layer2.3.conv3,layer2.3.conv3,"(512, 128, 1, 1)",23.789986306168014,aggregate,3,2.9939550458391637
resnet50_no_weights,IMAGENET100,fp32_unfused,42,layer3.0.conv1,layer3.0.conv1,"(256, 512, 1, 1)",198.3207021077474,42,3,
resnet50_no_weights,IMAGENET100,fp32_unfused,43,layer3.0.conv1,layer3.0.conv1,"(256, 512, 1, 1)",171.18870326450892,43,3,
resnet50_no_weights,IMAGENET100,fp32_unfused,44,layer3.0.conv1,layer3.0.conv1,"(256, 512, 1, 1)",168.44143785749162,44,3,
resnet50_no_weights,IMAGENET100,fp32_unfused,"42,43,44",layer3.0.conv1,layer3.0.conv1,"(256, 512, 1, 1)",179.3169477432493,aggregate,3,16.51495918141439
resnet50_no_weights,IMAGENET100,fp32_unfused,42,layer3.0.conv2,layer3.0.conv2,"(256, 256, 3, 3)",219.69616088867187,42,3,
resnet50_no_weights,IMAGENET100,fp32_unfused,43,layer3.0.conv2,layer3.0.conv2,"(256, 256, 3, 3)",234.50491231282552,43,3,
resnet50_no_weights,IMAGENET100,fp32_unfused,44,layer3.0.conv2,layer3.0.conv2,"(256, 256, 3, 3)",216.48020884195964,44,3,
resnet50_no_weights,IMAGENET100,fp32_unfused,"42,43,44",layer3.0.conv2,layer3.0.conv2,"(256, 256, 3, 3)",223.560427347819,aggregate,3,9.613630960965185
resnet50_no_weights,IMAGENET100,fp32_unfused,42,layer3.0.conv3,layer3.0.conv3,"(1024, 256, 1, 1)",151.6776272166859,42,3,
resnet50_no_weights,IMAGENET100,fp32_unfused,43,layer3.0.conv3,layer3.0.conv3,"(1024, 256, 1, 1)",143.50854165213448,43,3,
resnet50_no_weights,IMAGENET100,fp32_unfused,44,layer3.0.conv3,layer3.0.conv3,"(1024, 256, 1, 1)",147.00839292086087,44,3,
resnet50_no_weights,IMAGENET100,fp32_unfused,"42,43,44",layer3.0.conv3,layer3.0.conv3,"(1024, 256, 1, 1)",147.39818726322707,aggregate,3,4.09846855084263
resnet50_no_weights,IMAGENET100,fp32_unfused,42,layer3.0.downsample.0,layer3.0.downsample.0,"(1024, 512, 1, 1)",275.55348892211913,42,3,
resnet50_no_weights,IMAGENET100,fp32_unfused,43,layer3.0.downsample.0,layer3.0.downsample.0,"(1024, 512, 1, 1)",269.97208201090496,43,3,
resnet50_no_weights,IMAGENET100,fp32_unfused,44,layer3.0.downsample.0,layer3.0.downsample.0,"(1024, 512, 1, 1)",262.5870011273552,44,3,
resnet50_no_weights,IMAGENET100,fp32_unfused,"42,43,44",layer3.0.downsample.0,layer3.0.downsample.0,"(1024, 512, 1, 1)",269.37085735345977,aggregate,3,6.504118291473518
resnet50_no_weights,IMAGENET100,fp32_unfused,42,layer3.1.conv1,layer3.1.conv1,"(256, 1024, 1, 1)",10.356386633480296,42,3,
resnet50_no_weights,IMAGENET100,fp32_unfused,43,layer3.1.conv1,layer3.1.conv1,"(256, 1024, 1, 1)",11.160774978001912,43,3,
resnet50_no_weights,IMAGENET100,fp32_unfused,44,layer3.1.conv1,layer3.1.conv1,"(256, 1024, 1, 1)",10.720575419339267,44,3,
resnet50_no_weights,IMAGENET100,fp32_unfused,"42,43,44",layer3.1.conv1,layer3.1.conv1,"(256, 1024, 1, 1)",10.74591234360716,aggregate,3,0.4027922814541934
resnet50_no_weights,IMAGENET100,fp32_unfused,42,layer3.1.conv2,layer3.1.conv2,"(256, 256, 3, 3)",42.23743350689228,42,3,
resnet50_no_weights,IMAGENET100,fp32_unfused,43,layer3.1.conv2,layer3.1.conv2,"(256, 256, 3, 3)",55.407797495524086,43,3,
resnet50_no_weights,IMAGENET100,fp32_unfused,44,layer3.1.conv2,layer3.1.conv2,"(256, 256, 3, 3)",52.27701377868652,44,3,
resnet50_no_weights,IMAGENET100,fp32_unfused,"42,43,44",layer3.1.conv2,layer3.1.conv2,"(256, 256, 3, 3)",49.974081593700966,aggregate,3,6.880570062483496
resnet50_no_weights,IMAGENET100,fp32_unfused,42,layer3.1.conv3,layer3.1.conv3,"(1024, 256, 1, 1)",44.10305800261321,42,3,
resnet50_no_weights,IMAGENET100,fp32_unfused,43,layer3.1.conv3,layer3.1.conv3,"(1024, 256, 1, 1)",45.768867874145506,43,3,
resnet50_no_weights,IMAGENET100,fp32_unfused,44,layer3.1.conv3,layer3.1.conv3,"(1024, 256, 1, 1)",50.47826601664225,44,3,
resnet50_no_weights,IMAGENET100,fp32_unfused,"42,43,44",layer3.1.conv3,layer3.1.conv3,"(1024, 256, 1, 1)",46.78339729780032,aggregate,3,3.306474220242925
resnet50_no_weights,IMAGENET100,fp32_unfused,42,layer3.2.conv1,layer3.2.conv1,"(256, 1024, 1, 1)",40.9046329498291,42,3,
resnet50_no_weights,IMAGENET100,fp32_unfused,43,layer3.2.conv1,layer3.2.conv1,"(256, 1024, 1, 1)",40.322249445421946,43,3,
resnet50_no_weights,IMAGENET100,fp32_unfused,44,layer3.2.conv1,layer3.2.conv1,"(256, 1024, 1, 1)",29.634487833295548,44,3,
resnet50_no_weights,IMAGENET100,fp32_unfused,"42,43,44",layer3.2.conv1,layer3.2.conv1,"(256, 1024, 1, 1)",36.9537900761822,aggregate,3,6.345386641379353
resnet50_no_weights,IMAGENET100,fp32_unfused,42,layer3.2.conv2,layer3.2.conv2,"(256, 256, 3, 3)",53.250433228232644,42,3,
resnet50_no_weights,IMAGENET100,fp32_unfused,43,layer3.2.conv2,layer3.2.conv2,"(256, 256, 3, 3)",58.99079208374023,43,3,
resnet50_no_weights,IMAGENET100,fp32_unfused,44,layer3.2.conv2,layer3.2.conv2,"(256, 256, 3, 3)",54.22804912767912,44,3,
resnet50_no_weights,IMAGENET100,fp32_unfused,"42,43,44",layer3.2.conv2,layer3.2.conv2,"(256, 256, 3, 3)",55.48975814655066,aggregate,3,3.071133696817421
resnet50_no_weights,IMAGENET100,fp32_unfused,42,layer3.2.conv3,layer3.2.conv3,"(1024, 256, 1, 1)",53.73756357828776,42,3,
resnet50_no_weights,IMAGENET100,fp32_unfused,43,layer3.2.conv3,layer3.2.conv3,"(1024, 256, 1, 1)",54.03436079479399,43,3,
resnet50_no_weights,IMAGENET100,fp32_unfused,44,layer3.2.conv3,layer3.2.conv3,"(1024, 256, 1, 1)",47.66830177307129,44,3,
resnet50_no_weights,IMAGENET100,fp32_unfused,"42,43,44",layer3.2.conv3,layer3.2.conv3,"(1024, 256, 1, 1)",51.81340871538435,aggregate,3,3.5928339537669123
resnet50_no_weights,IMAGENET100,fp32_unfused,42,layer3.3.conv1,layer3.3.conv1,"(256, 1024, 1, 1)",42.58088779449463,42,3,
resnet50_no_weights,IMAGENET100,fp32_unfused,43,layer3.3.conv1,layer3.3.conv1,"(256, 1024, 1, 1)",40.28096017383394,43,3,
resnet50_no_weights,IMAGENET100,fp32_unfused,44,layer3.3.conv1,layer3.3.conv1,"(256, 1024, 1, 1)",40.505405298868816,44,3,
resnet50_no_weights,IMAGENET100,fp32_unfused,"42,43,44",layer3.3.conv1,layer3.3.conv1,"(256, 1024, 1, 1)",41.122417755732464,aggregate,3,1.2680477293908021
resnet50_no_weights,IMAGENET100,fp32_unfused,42,layer3.3.conv2,layer3.3.conv2,"(256, 256, 3, 3)",81.05091805293642,42,3,
resnet50_no_weights,IMAGENET100,fp32_unfused,43,layer3.3.conv2,layer3.3.conv2,"(256, 256, 3, 3)",97.2552121480306,43,3,
resnet50_no_weights,IMAGENET100,fp32_unfused,44,layer3.3.conv2,layer3.3.conv2,"(256, 256, 3, 3)",98.93391418457031,44,3,
resnet50_no_weights,IMAGENET100,fp32_unfused,"42,43,44",layer3.3.conv2,layer3.3.conv2,"(256, 256, 3, 3)",92.41334812851244,aggregate,3,9.875885937405135
resnet50_no_weights,IMAGENET100,fp32_unfused,42,layer3.3.conv3,layer3.3.conv3,"(1024, 256, 1, 1)",85.66705080668132,42,3,
resnet50_no_weights,IMAGENET100,fp32_unfused,43,layer3.3.conv3,layer3.3.conv3,"(1024, 256, 1, 1)",77.61647567749023,43,3,
resnet50_no_weights,IMAGENET100,fp32_unfused,44,layer3.3.conv3,layer3.3.conv3,"(1024, 256, 1, 1)",71.48922976741085,44,3,
resnet50_no_weights,IMAGENET100,fp32_unfused,"42,43,44",layer3.3.conv3,layer3.3.conv3,"(1024, 256, 1, 1)",78.25758541719414,aggregate,3,7.110620129718117
resnet50_no_weights,IMAGENET100,fp32_unfused,42,layer3.4.conv1,layer3.4.conv1,"(256, 1024, 1, 1)",64.91488885879517,42,3,
resnet50_no_weights,IMAGENET100,fp32_unfused,43,layer3.4.conv1,layer3.4.conv1,"(256, 1024, 1, 1)",73.95726248423259,43,3,
resnet50_no_weights,IMAGENET100,fp32_unfused,44,layer3.4.conv1,layer3.4.conv1,"(256, 1024, 1, 1)",68.66866086324056,44,3,
resnet50_no_weights,IMAGENET100,fp32_unfused,"42,43,44",layer3.4.conv1,layer3.4.conv1,"(256, 1024, 1, 1)",69.18027073542277,aggregate,3,4.542844779594312
resnet50_no_weights,IMAGENET100,fp32_unfused,42,layer3.4.conv2,layer3.4.conv2,"(256, 256, 3, 3)",100.97273674011231,42,3,
resnet50_no_weights,IMAGENET100,fp32_unfused,43,layer3.4.conv2,layer3.4.conv2,"(256, 256, 3, 3)",96.22888628641765,43,3,
resnet50_no_weights,IMAGENET100,fp32_unfused,44,layer3.4.conv2,layer3.4.conv2,"(256, 256, 3, 3)",106.01081374595906,44,3,
resnet50_no_weights,IMAGENET100,fp32_unfused,"42,43,44",layer3.4.conv2,layer3.4.conv2,"(256, 256, 3, 3)",101.07081225749634,aggregate,3,4.891701167412536
resnet50_no_weights,IMAGENET100,fp32_unfused,42,layer3.4.conv3,layer3.4.conv3,"(1024, 256, 1, 1)",65.2452153523763,42,3,
resnet50_no_weights,IMAGENET100,fp32_unfused,43,layer3.4.conv3,layer3.4.conv3,"(1024, 256, 1, 1)",65.27689409255981,43,3,
resnet50_no_weights,IMAGENET100,fp32_unfused,44,layer3.4.conv3,layer3.4.conv3,"(1024, 256, 1, 1)",58.848899841308594,44,3,
resnet50_no_weights,IMAGENET100,fp32_unfused,"42,43,44",layer3.4.conv3,layer3.4.conv3,"(1024, 256, 1, 1)",63.12366976208157,aggregate,3,3.7020932311739476
resnet50_no_weights,IMAGENET100,fp32_unfused,42,layer3.5.conv1,layer3.5.conv1,"(256, 1024, 1, 1)",89.68723932902019,42,3,
resnet50_no_weights,IMAGENET100,fp32_unfused,43,layer3.5.conv1,layer3.5.conv1,"(256, 1024, 1, 1)",90.11735280354817,43,3,
resnet50_no_weights,IMAGENET100,fp32_unfused,44,layer3.5.conv1,layer3.5.conv1,"(256, 1024, 1, 1)",90.79021231333415,44,3,
resnet50_no_weights,IMAGENET100,fp32_unfused,"42,43,44",layer3.5.conv1,layer3.5.conv1,"(256, 1024, 1, 1)",90.19826814863417,aggregate,3,0.5559206965336001
resnet50_no_weights,IMAGENET100,fp32_unfused,42,layer3.5.conv2,layer3.5.conv2,"(256, 256, 3, 3)",98.72141647338867,42,3,
resnet50_no_weights,IMAGENET100,fp32_unfused,43,layer3.5.conv2,layer3.5.conv2,"(256, 256, 3, 3)",132.57516606648764,43,3,
resnet50_no_weights,IMAGENET100,fp32_unfused,44,layer3.5.conv2,layer3.5.conv2,"(256, 256, 3, 3)",123.14085439046224,44,3,
resnet50_no_weights,IMAGENET100,fp32_unfused,"42,43,44",layer3.5.conv2,layer3.5.conv2,"(256, 256, 3, 3)",118.14581231011285,aggregate,3,17.470887911506043
resnet50_no_weights,IMAGENET100,fp32_unfused,42,layer3.5.conv3,layer3.5.conv3,"(1024, 256, 1, 1)",78.31392148335775,42,3,
resnet50_no_weights,IMAGENET100,fp32_unfused,43,layer3.5.conv3,layer3.5.conv3,"(1024, 256, 1, 1)",86.14059715270996,43,3,
resnet50_no_weights,IMAGENET100,fp32_unfused,44,layer3.5.conv3,layer3.5.conv3,"(1024, 256, 1, 1)",77.43862781524658,44,3,
resnet50_no_weights,IMAGENET100,fp32_unfused,"42,43,44",layer3.5.conv3,layer3.5.conv3,"(1024, 256, 1, 1)",80.63104881710476,aggregate,3,4.7914378737636145
resnet50_no_weights,IMAGENET100,fp32_unfused,42,layer4.0.conv1,layer4.0.conv1,"(512, 1024, 1, 1)",482.0192545572917,42,3,
resnet50_no_weights,IMAGENET100,fp32_unfused,43,layer4.0.conv1,layer4.0.conv1,"(512, 1024, 1, 1)",478.19637298583984,43,3,
resnet50_no_weights,IMAGENET100,fp32_unfused,44,layer4.0.conv1,layer4.0.conv1,"(512, 1024, 1, 1)",498.96878342401413,44,3,
resnet50_no_weights,IMAGENET100,fp32_unfused,"42,43,44",layer4.0.conv1,layer4.0.conv1,"(512, 1024, 1, 1)",486.39480365571524,aggregate,3,11.055873158078894
resnet50_no_weights,IMAGENET100,fp32_unfused,42,layer4.0.conv2,layer4.0.conv2,"(512, 512, 3, 3)",477.41760592990454,42,3,
resnet50_no_weights,IMAGENET100,fp32_unfused,43,layer4.0.conv2,layer4.0.conv2,"(512, 512, 3, 3)",434.1475455544212,43,3,
resnet50_no_weights,IMAGENET100,fp32_unfused,44,layer4.0.conv2,layer4.0.conv2,"(512, 512, 3, 3)",514.5154113769531,44,3,
resnet50_no_weights,IMAGENET100,fp32_unfused,"42,43,44",layer4.0.conv2,layer4.0.conv2,"(512, 512, 3, 3)",475.3601876204263,aggregate,3,40.22341596374252
resnet50_no_weights,IMAGENET100,fp32_unfused,42,layer4.0.conv3,layer4.0.conv3,"(2048, 512, 1, 1)",340.9605701153095,42,3,
resnet50_no_weights,IMAGENET100,fp32_unfused,43,layer4.0.conv3,layer4.0.conv3,"(2048, 512, 1, 1)",349.5633061726888,43,3,
resnet50_no_weights,IMAGENET100,fp32_unfused,44,layer4.0.conv3,layer4.0.conv3,"(2048, 512, 1, 1)",391.36743324681333,44,3,
resnet50_no_weights,IMAGENET100,fp32_unfused,"42,43,44",layer4.0.conv3,layer4.0.conv3,"(2048, 512, 1, 1)",360.6304365116039,aggregate,3,26.96430961740799
resnet50_no_weights,IMAGENET100,fp32_unfused,42,layer4.0.downsample.0,layer4.0.downsample.0,"(2048, 1024, 1, 1)",414.332820063052,42,3,
resnet50_no_weights,IMAGENET100,fp32_unfused,43,layer4.0.downsample.0,layer4.0.downsample.0,"(2048, 1024, 1, 1)",400.1441566467285,43,3,
resnet50_no_weights,IMAGENET100,fp32_unfused,44,layer4.0.downsample.0,layer4.0.downsample.0,"(2048, 1024, 1, 1)",399.02450205485025,44,3,
resnet50_no_weights,IMAGENET100,fp32_unfused,"42,43,44",layer4.0.downsample.0,layer4.0.downsample.0,"(2048, 1024, 1, 1)",404.5004929215436,aggregate,3,8.533428347652004
resnet50_no_weights,IMAGENET100,fp32_unfused,42,layer4.1.conv1,layer4.1.conv1,"(512, 2048, 1, 1)",198.61149247487387,42,3,
resnet50_no_weights,IMAGENET100,fp32_unfused,43,layer4.1.conv1,layer4.1.conv1,"(512, 2048, 1, 1)",162.07488071217256,43,3,
resnet50_no_weights,IMAGENET100,fp32_unfused,44,layer4.1.conv1,layer4.1.conv1,"(512, 2048, 1, 1)",175.60856108231977,44,3,
resnet50_no_weights,IMAGENET100,fp32_unfused,"42,43,44",layer4.1.conv1,layer4.1.conv1,"(512, 2048, 1, 1)",178.76497808978874,aggregate,3,18.47168714596397
resnet50_no_weights,IMAGENET100,fp32_unfused,42,layer4.1.conv2,layer4.1.conv2,"(512, 512, 3, 3)",325.9295734606291,42,3,
resnet50_no_weights,IMAGENET100,fp32_unfused,43,layer4.1.conv2,layer4.1.conv2,"(512, 512, 3, 3)",328.8184138706752,43,3,
resnet50_no_weights,IMAGENET100,fp32_unfused,44,layer4.1.conv2,layer4.1.conv2,"(512, 512, 3, 3)",348.84659372965496,44,3,
resnet50_no_weights,IMAGENET100,fp32_unfused,"42,43,44",layer4.1.conv2,layer4.1.conv2,"(512, 512, 3, 3)",334.53152702031974,aggregate,3,12.481073707747118
resnet50_no_weights,IMAGENET100,fp32_unfused,42,layer4.1.conv3,layer4.1.conv3,"(2048, 512, 1, 1)",291.33618436540877,42,3,
resnet50_no_weights,IMAGENET100,fp32_unfused,43,layer4.1.conv3,layer4.1.conv3,"(2048, 512, 1, 1)",293.268315633138,43,3,
resnet50_no_weights,IMAGENET100,fp32_unfused,44,layer4.1.conv3,layer4.1.conv3,"(2048, 512, 1, 1)",329.37444950984076,44,3,
resnet50_no_weights,IMAGENET100,fp32_unfused,"42,43,44",layer4.1.conv3,layer4.1.conv3,"(2048, 512, 1, 1)",304.6596498361292,aggregate,3,21.425435234615534
resnet50_no_weights,IMAGENET100,fp32_unfused,42,layer4.2.conv1,layer4.2.conv1,"(512, 2048, 1, 1)",529.7723966326032,42,3,
resnet50_no_weights,IMAGENET100,fp32_unfused,43,layer4.2.conv1,layer4.2.conv1,"(512, 2048, 1, 1)",568.1234413429543,43,3,
resnet50_no_weights,IMAGENET100,fp32_unfused,44,layer4.2.conv1,layer4.2.conv1,"(512, 2048, 1, 1)",541.9332173665365,44,3,
resnet50_no_weights,IMAGENET100,fp32_unfused,"42,43,44",layer4.2.conv1,layer4.2.conv1,"(512, 2048, 1, 1)",546.6096851140313,aggregate,3,19.598537459179347
resnet50_no_weights,IMAGENET100,fp32_unfused,42,layer4.2.conv2,layer4.2.conv2,"(512, 512, 3, 3)",466.6810944655846,42,3,
resnet50_no_weights,IMAGENET100,fp32_unfused,43,layer4.2.conv2,layer4.2.conv2,"(512, 512, 3, 3)",374.5302734375,43,3,
resnet50_no_weights,IMAGENET100,fp32_unfused,44,layer4.2.conv2,layer4.2.conv2,"(512, 512, 3, 3)",462.68403244018555,44,3,
resnet50_no_weights,IMAGENET100,fp32_unfused,"42,43,44",layer4.2.conv2,layer4.2.conv2,"(512, 512, 3, 3)",434.63180011442336,aggregate,3,52.08780335051019
resnet50_no_weights,IMAGENET100,fp32_unfused,42,layer4.2.conv3,layer4.2.conv3,"(2048, 512, 1, 1)",93.17217313326321,42,3,
resnet50_no_weights,IMAGENET100,fp32_unfused,43,layer4.2.conv3,layer4.2.conv3,"(2048, 512, 1, 1)",84.40787251790364,43,3,
resnet50_no_weights,IMAGENET100,fp32_unfused,44,layer4.2.conv3,layer4.2.conv3,"(2048, 512, 1, 1)",73.0099331855774,44,3,
resnet50_no_weights,IMAGENET100,fp32_unfused,"42,43,44",layer4.2.conv3,layer4.2.conv3,"(2048, 512, 1, 1)",83.52999294558141,aggregate,3,10.1097469965692
resnet50_no_weights,IMAGENET100,fp32_unfused,42,fc,fc,"(100, 2048)",14.501793043954033,42,3,
resnet50_no_weights,IMAGENET100,fp32_unfused,43,fc,fc,"(100, 2048)",12.46811629931132,43,3,
resnet50_no_weights,IMAGENET100,fp32_unfused,44,fc,fc,"(100, 2048)",13.97056634085519,44,3,
resnet50_no_weights,IMAGENET100,fp32_unfused,"42,43,44",fc,fc,"(100, 2048)",13.64682522804018,aggregate,3,1.0547826821294373
resnet50_no_weights,IMAGENET100,ptq,42,conv1,conv1,"(64, 3, 7, 7)",5181.156970214844,42,3,
resnet50_no_weights,IMAGENET100,ptq,43,conv1,conv1,"(64, 3, 7, 7)",4981.2252621858015,43,3,
resnet50_no_weights,IMAGENET100,ptq,44,conv1,conv1,"(64, 3, 7, 7)",4438.18486735026,44,3,
resnet50_no_weights,IMAGENET100,ptq,"42,43,44",conv1,conv1,"(64, 3, 7, 7)",4866.855699916969,aggregate,3,384.4635015042764
resnet50_no_weights,IMAGENET100,ptq,42,layer1.0.conv1,layer1.0.conv1,"(64, 64, 1, 1)",73.26067129770915,42,3,
resnet50_no_weights,IMAGENET100,ptq,43,layer1.0.conv1,layer1.0.conv1,"(64, 64, 1, 1)",77.33436386925834,43,3,
resnet50_no_weights,IMAGENET100,ptq,44,layer1.0.conv1,layer1.0.conv1,"(64, 64, 1, 1)",60.95201873779297,44,3,
resnet50_no_weights,IMAGENET100,ptq,"42,43,44",layer1.0.conv1,layer1.0.conv1,"(64, 64, 1, 1)",70.51568463492015,aggregate,3,8.529157158581315
resnet50_no_weights,IMAGENET100,ptq,42,layer1.0.conv2,layer1.0.conv2,"(64, 64, 3, 3)",83.22318407694499,42,3,
resnet50_no_weights,IMAGENET100,ptq,43,layer1.0.conv2,layer1.0.conv2,"(64, 64, 3, 3)",76.62819931030273,43,3,
resnet50_no_weights,IMAGENET100,ptq,44,layer1.0.conv2,layer1.0.conv2,"(64, 64, 3, 3)",74.3091433207194,44,3,
resnet50_no_weights,IMAGENET100,ptq,"42,43,44",layer1.0.conv2,layer1.0.conv2,"(64, 64, 3, 3)",78.05350890265571,aggregate,3,4.624787695284268
resnet50_no_weights,IMAGENET100,ptq,42,layer1.0.conv3,layer1.0.conv3,"(256, 64, 1, 1)",94.1642349243164,42,3,
resnet50_no_weights,IMAGENET100,ptq,43,layer1.0.conv3,layer1.0.conv3,"(256, 64, 1, 1)",80.04516296386718,43,3,
resnet50_no_weights,IMAGENET100,ptq,44,layer1.0.conv3,layer1.0.conv3,"(256, 64, 1, 1)",85.52715810139973,44,3,
resnet50_no_weights,IMAGENET100,ptq,"42,43,44",layer1.0.conv3,layer1.0.conv3,"(256, 64, 1, 1)",86.57885199652777,aggregate,3,7.118047013954953
resnet50_no_weights,IMAGENET100,ptq,42,layer1.0.downsample.0,layer1.0.downsample.0,"(256, 64, 1, 1)",91.44789187113444,42,3,
resnet50_no_weights,IMAGENET100,ptq,43,layer1.0.downsample.0,layer1.0.downsample.0,"(256, 64, 1, 1)",86.13768183390299,43,3,
resnet50_no_weights,IMAGENET100,ptq,44,layer1.0.downsample.0,layer1.0.downsample.0,"(256, 64, 1, 1)",91.20201765696207,44,3,
resnet50_no_weights,IMAGENET100,ptq,"42,43,44",layer1.0.downsample.0,layer1.0.downsample.0,"(256, 64, 1, 1)",89.59586378733317,aggregate,3,2.9973955944405053
resnet50_no_weights,IMAGENET100,ptq,42,layer1.1.conv1,layer1.1.conv1,"(64, 256, 1, 1)",11.74205876191457,42,3,
resnet50_no_weights,IMAGENET100,ptq,43,layer1.1.conv1,layer1.1.conv1,"(64, 256, 1, 1)",10.988147947523329,43,3,
resnet50_no_weights,IMAGENET100,ptq,44,layer1.1.conv1,layer1.1.conv1,"(64, 256, 1, 1)",16.085745538984025,44,3,
resnet50_no_weights,IMAGENET100,ptq,"42,43,44",layer1.1.conv1,layer1.1.conv1,"(64, 256, 1, 1)",12.938650749473975,aggregate,3,2.751408655513571
resnet50_no_weights,IMAGENET100,ptq,42,layer1.1.conv2,layer1.1.conv2,"(64, 64, 3, 3)",2.764476254582405,42,3,
resnet50_no_weights,IMAGENET100,ptq,43,layer1.1.conv2,layer1.1.conv2,"(64, 64, 3, 3)",4.177614961799822,43,3,
resnet50_no_weights,IMAGENET100,ptq,44,layer1.1.conv2,layer1.1.conv2,"(64, 64, 3, 3)",2.8284721255302427,44,3,
resnet50_no_weights,IMAGENET100,ptq,"42,43,44",layer1.1.conv2,layer1.1.conv2,"(64, 64, 3, 3)",3.2568544473041565,aggregate,3,0.7980437404461832
resnet50_no_weights,IMAGENET100,ptq,42,layer1.1.conv3,layer1.1.conv3,"(256, 64, 1, 1)",7.307732790708542,42,3,
resnet50_no_weights,IMAGENET100,ptq,43,layer1.1.conv3,layer1.1.conv3,"(256, 64, 1, 1)",7.9975877954409675,43,3,
resnet50_no_weights,IMAGENET100,ptq,44,layer1.1.conv3,layer1.1.conv3,"(256, 64, 1, 1)",6.4362443288167315,44,3,
resnet50_no_weights,IMAGENET100,ptq,"42,43,44",layer1.1.conv3,layer1.1.conv3,"(256, 64, 1, 1)",7.247188304988747,aggregate,3,0.7824305600216882
resnet50_no_weights,IMAGENET100,ptq,42,layer1.2.conv1,layer1.2.conv1,"(64, 256, 1, 1)",5.454817391932011,42,3,
resnet50_no_weights,IMAGENET100,ptq,43,layer1.2.conv1,layer1.2.conv1,"(64, 256, 1, 1)",5.766503542661667,43,3,
resnet50_no_weights,IMAGENET100,ptq,44,layer1.2.conv1,layer1.2.conv1,"(64, 256, 1, 1)",5.557465147972107,44,3,
resnet50_no_weights,IMAGENET100,ptq,"42,43,44",layer1.2.conv1,layer1.2.conv1,"(64, 256, 1, 1)",5.592928694188595,aggregate,3,0.15884052213416516
resnet50_no_weights,IMAGENET100,ptq,42,layer1.2.conv2,layer1.2.conv2,"(64, 64, 3, 3)",1.0614173278212546,42,3,
resnet50_no_weights,IMAGENET100,ptq,43,layer1.2.conv2,layer1.2.conv2,"(64, 64, 3, 3)",2.005115632712841,43,3,
resnet50_no_weights,IMAGENET100,ptq,44,layer1.2.conv2,layer1.2.conv2,"(64, 64, 3, 3)",1.4824390053749084,44,3,
resnet50_no_weights,IMAGENET100,ptq,"42,43,44",layer1.2.conv2,layer1.2.conv2,"(64, 64, 3, 3)",1.5163239886363347,aggregate,3,0.47276079229541
resnet50_no_weights,IMAGENET100,ptq,42,layer1.2.conv3,layer1.2.conv3,"(256, 64, 1, 1)",2.7106935322284698,42,3,
resnet50_no_weights,IMAGENET100,ptq,43,layer1.2.conv3,layer1.2.conv3,"(256, 64, 1, 1)",2.469948333501816,43,3,
resnet50_no_weights,IMAGENET100,ptq,44,layer1.2.conv3,layer1.2.conv3,"(256, 64, 1, 1)",2.286413909991582,44,3,
resnet50_no_weights,IMAGENET100,ptq,"42,43,44",layer1.2.conv3,layer1.2.conv3,"(256, 64, 1, 1)",2.489018591907289,aggregate,3,0.2127817086314227
resnet50_no_weights,IMAGENET100,ptq,42,layer2.0.conv1,layer2.0.conv1,"(128, 256, 1, 1)",17.120428865606133,42,3,
resnet50_no_weights,IMAGENET100,ptq,43,layer2.0.conv1,layer2.0.conv1,"(128, 256, 1, 1)",14.691629107793172,43,3,
resnet50_no_weights,IMAGENET100,ptq,44,layer2.0.conv1,layer2.0.conv1,"(128, 256, 1, 1)",13.950448147455852,44,3,
resnet50_no_weights,IMAGENET100,ptq,"42,43,44",layer2.0.conv1,layer2.0.conv1,"(128, 256, 1, 1)",15.254168706951718,aggregate,3,1.6581714443407947
resnet50_no_weights,IMAGENET100,ptq,42,layer2.0.conv2,layer2.0.conv2,"(128, 128, 3, 3)",18.005359138761246,42,3,
resnet50_no_weights,IMAGENET100,ptq,43,layer2.0.conv2,layer2.0.conv2,"(128, 128, 3, 3)",17.8522714332298,43,3,
resnet50_no_weights,IMAGENET100,ptq,44,layer2.0.conv2,layer2.0.conv2,"(128, 128, 3, 3)",18.368884118398032,44,3,
resnet50_no_weights,IMAGENET100,ptq,"42,43,44",layer2.0.conv2,layer2.0.conv2,"(128, 128, 3, 3)",18.07550489679636,aggregate,3,0.26535351353792835
resnet50_no_weights,IMAGENET100,ptq,42,layer2.0.conv3,layer2.0.conv3,"(512, 128, 1, 1)",37.50164794921875,42,3,
resnet50_no_weights,IMAGENET100,ptq,43,layer2.0.conv3,layer2.0.conv3,"(512, 128, 1, 1)",31.289451694488527,43,3,
resnet50_no_weights,IMAGENET100,ptq,44,layer2.0.conv3,layer2.0.conv3,"(512, 128, 1, 1)",34.82791493733724,44,3,
resnet50_no_weights,IMAGENET100,ptq,"42,43,44",layer2.0.conv3,layer2.0.conv3,"(512, 128, 1, 1)",34.53967152701484,aggregate,3,3.1161127666560415
resnet50_no_weights,IMAGENET100,ptq,42,layer2.0.downsample.0,layer2.0.downsample.0,"(512, 256, 1, 1)",74.29218813578288,42,3,
resnet50_no_weights,IMAGENET100,ptq,43,layer2.0.downsample.0,layer2.0.downsample.0,"(512, 256, 1, 1)",75.3794054667155,43,3,
resnet50_no_weights,IMAGENET100,ptq,44,layer2.0.downsample.0,layer2.0.downsample.0,"(512, 256, 1, 1)",59.62656123821552,44,3,
resnet50_no_weights,IMAGENET100,ptq,"42,43,44",layer2.0.downsample.0,layer2.0.downsample.0,"(512, 256, 1, 1)",69.7660516135713,aggregate,3,8.797866740586572
resnet50_no_weights,IMAGENET100,ptq,42,layer2.1.conv1,layer2.1.conv1,"(128, 512, 1, 1)",18.885720380147298,42,3,
resnet50_no_weights,IMAGENET100,ptq,43,layer2.1.conv1,layer2.1.conv1,"(128, 512, 1, 1)",20.71523734728495,43,3,
resnet50_no_weights,IMAGENET100,ptq,44,layer2.1.conv1,layer2.1.conv1,"(128, 512, 1, 1)",22.50314953213646,44,3,
resnet50_no_weights,IMAGENET100,ptq,"42,43,44",layer2.1.conv1,layer2.1.conv1,"(128, 512, 1, 1)",20.701369086522902,aggregate,3,1.8087544509710773
resnet50_no_weights,IMAGENET100,ptq,42,layer2.1.conv2,layer2.1.conv2,"(128, 128, 3, 3)",13.679838992931225,42,3,
resnet50_no_weights,IMAGENET100,ptq,43,layer2.1.conv2,layer2.1.conv2,"(128, 128, 3, 3)",13.247792402903238,43,3,
resnet50_no_weights,IMAGENET100,ptq,44,layer2.1.conv2,layer2.1.conv2,"(128, 128, 3, 3)",14.422058169047038,44,3,
resnet50_no_weights,IMAGENET100,ptq,"42,43,44",layer2.1.conv2,layer2.1.conv2,"(128, 128, 3, 3)",13.783229854960501,aggregate,3,0.5939211017868353
resnet50_no_weights,IMAGENET100,ptq,42,layer2.1.conv3,layer2.1.conv3,"(512, 128, 1, 1)",23.792007414499917,42,3,
resnet50_no_weights,IMAGENET100,ptq,43,layer2.1.conv3,layer2.1.conv3,"(512, 128, 1, 1)",19.08244489034017,43,3,
resnet50_no_weights,IMAGENET100,ptq,44,layer2.1.conv3,layer2.1.conv3,"(512, 128, 1, 1)",22.43302348564411,44,3,
resnet50_no_weights,IMAGENET100,ptq,"42,43,44",layer2.1.conv3,layer2.1.conv3,"(512, 128, 1, 1)",21.769158596828067,aggregate,3,2.42394971795921
resnet50_no_weights,IMAGENET100,ptq,42,layer2.2.conv1,layer2.2.conv1,"(128, 512, 1, 1)",8.9425537109375,42,3,
resnet50_no_weights,IMAGENET100,ptq,43,layer2.2.conv1,layer2.2.conv1,"(128, 512, 1, 1)",8.04335036277771,43,3,
resnet50_no_weights,IMAGENET100,ptq,44,layer2.2.conv1,layer2.2.conv1,"(128, 512, 1, 1)",9.829327011108399,44,3,
resnet50_no_weights,IMAGENET100,ptq,"42,43,44",layer2.2.conv1,layer2.2.conv1,"(128, 512, 1, 1)",8.93841036160787,aggregate,3,0.8929955333613827
resnet50_no_weights,IMAGENET100,ptq,42,layer2.2.conv2,layer2.2.conv2,"(128, 128, 3, 3)",9.182487336794535,42,3,
resnet50_no_weights,IMAGENET100,ptq,43,layer2.2.conv2,layer2.2.conv2,"(128, 128, 3, 3)",8.71170214653015,43,3,
resnet50_no_weights,IMAGENET100,ptq,44,layer2.2.conv2,layer2.2.conv2,"(128, 128, 3, 3)",9.046707518895467,44,3,
resnet50_no_weights,IMAGENET100,ptq,"42,43,44",layer2.2.conv2,layer2.2.conv2,"(128, 128, 3, 3)",8.98029900074005,aggregate,3,0.24231640948513355
resnet50_no_weights,IMAGENET100,ptq,42,layer2.2.conv3,layer2.2.conv3,"(512, 128, 1, 1)",22.183139483133953,42,3,
resnet50_no_weights,IMAGENET100,ptq,43,layer2.2.conv3,layer2.2.conv3,"(512, 128, 1, 1)",26.964421136038645,43,3,
resnet50_no_weights,IMAGENET100,ptq,44,layer2.2.conv3,layer2.2.conv3,"(512, 128, 1, 1)",21.296228726704914,44,3,
resnet50_no_weights,IMAGENET100,ptq,"42,43,44",layer2.2.conv3,layer2.2.conv3,"(512, 128, 1, 1)",23.481263115292503,aggregate,3,3.048925223842578
resnet50_no_weights,IMAGENET100,ptq,42,layer2.3.conv1,layer2.3.conv1,"(128, 512, 1, 1)",21.209510453542073,42,3,
resnet50_no_weights,IMAGENET100,ptq,43,layer2.3.conv1,layer2.3.conv1,"(128, 512, 1, 1)",23.822534879048664,43,3,
resnet50_no_weights,IMAGENET100,ptq,44,layer2.3.conv1,layer2.3.conv1,"(128, 512, 1, 1)",25.438649654388428,44,3,
resnet50_no_weights,IMAGENET100,ptq,"42,43,44",layer2.3.conv1,layer2.3.conv1,"(128, 512, 1, 1)",23.490231662326387,aggregate,3,2.1340627136794303
resnet50_no_weights,IMAGENET100,ptq,42,layer2.3.conv2,layer2.3.conv2,"(128, 128, 3, 3)",15.61159107208252,42,3,
resnet50_no_weights,IMAGENET100,ptq,43,layer2.3.conv2,layer2.3.conv2,"(128, 128, 3, 3)",18.00949498585292,43,3,
resnet50_no_weights,IMAGENET100,ptq,44,layer2.3.conv2,layer2.3.conv2,"(128, 128, 3, 3)",17.117198884487152,44,3,
resnet50_no_weights,IMAGENET100,ptq,"42,43,44",layer2.3.conv2,layer2.3.conv2,"(128, 128, 3, 3)",16.9127616474742,aggregate,3,1.2119536842746796
resnet50_no_weights,IMAGENET100,ptq,42,layer2.3.conv3,layer2.3.conv3,"(512, 128, 1, 1)",23.899763043721517,42,3,
resnet50_no_weights,IMAGENET100,ptq,43,layer2.3.conv3,layer2.3.conv3,"(512, 128, 1, 1)",22.34082185305082,43,3,
resnet50_no_weights,IMAGENET100,ptq,44,layer2.3.conv3,layer2.3.conv3,"(512, 128, 1, 1)",23.98726774851481,44,3,
resnet50_no_weights,IMAGENET100,ptq,"42,43,44",layer2.3.conv3,layer2.3.conv3,"(512, 128, 1, 1)",23.409284215095717,aggregate,3,0.9263493577857975
resnet50_no_weights,IMAGENET100,ptq,42,layer3.0.conv1,layer3.0.conv1,"(256, 512, 1, 1)",106.6767542608853,42,3,
resnet50_no_weights,IMAGENET100,ptq,43,layer3.0.conv1,layer3.0.conv1,"(256, 512, 1, 1)",96.2778153737386,43,3,
resnet50_no_weights,IMAGENET100,ptq,44,layer3.0.conv1,layer3.0.conv1,"(256, 512, 1, 1)",93.3279295834628,44,3,
resnet50_no_weights,IMAGENET100,ptq,"42,43,44",layer3.0.conv1,layer3.0.conv1,"(256, 512, 1, 1)",98.76083307269558,aggregate,3,7.012261599308823
resnet50_no_weights,IMAGENET100,ptq,42,layer3.0.conv2,layer3.0.conv2,"(256, 256, 3, 3)",80.22178649902344,42,3,
resnet50_no_weights,IMAGENET100,ptq,43,layer3.0.conv2,layer3.0.conv2,"(256, 256, 3, 3)",79.5939926147461,43,3,
resnet50_no_weights,IMAGENET100,ptq,44,layer3.0.conv2,layer3.0.conv2,"(256, 256, 3, 3)",79.43832893371582,44,3,
resnet50_no_weights,IMAGENET100,ptq,"42,43,44",layer3.0.conv2,layer3.0.conv2,"(256, 256, 3, 3)",79.75136934916179,aggregate,3,0.4147613971441207
resnet50_no_weights,IMAGENET100,ptq,42,layer3.0.conv3,layer3.0.conv3,"(1024, 256, 1, 1)",145.62104034423828,42,3,
resnet50_no_weights,IMAGENET100,ptq,43,layer3.0.conv3,layer3.0.conv3,"(1024, 256, 1, 1)",149.98211110432942,43,3,
resnet50_no_weights,IMAGENET100,ptq,44,layer3.0.conv3,layer3.0.conv3,"(1024, 256, 1, 1)",141.93482123480902,44,3,
resnet50_no_weights,IMAGENET100,ptq,"42,43,44",layer3.0.conv3,layer3.0.conv3,"(1024, 256, 1, 1)",145.8459908944589,aggregate,3,4.028358303770263
resnet50_no_weights,IMAGENET100,ptq,42,layer3.0.downsample.0,layer3.0.downsample.0,"(1024, 512, 1, 1)",209.32677993774413,42,3,
resnet50_no_weights,IMAGENET100,ptq,43,layer3.0.downsample.0,layer3.0.downsample.0,"(1024, 512, 1, 1)",226.11697082519532,43,3,
resnet50_no_weights,IMAGENET100,ptq,44,layer3.0.downsample.0,layer3.0.downsample.0,"(1024, 512, 1, 1)",194.07278577019187,44,3,
resnet50_no_weights,IMAGENET100,ptq,"42,43,44",layer3.0.downsample.0,layer3.0.downsample.0,"(1024, 512, 1, 1)",209.8388455110438,aggregate,3,16.028228452431843
resnet50_no_weights,IMAGENET100,ptq,42,layer3.1.conv1,layer3.1.conv1,"(256, 1024, 1, 1)",23.983859062194824,42,3,
resnet50_no_weights,IMAGENET100,ptq,43,layer3.1.conv1,layer3.1.conv1,"(256, 1024, 1, 1)",19.154290462362354,43,3,
resnet50_no_weights,IMAGENET100,ptq,44,layer3.1.conv1,layer3.1.conv1,"(256, 1024, 1, 1)",18.30958523069109,44,3,
resnet50_no_weights,IMAGENET100,ptq,"42,43,44",layer3.1.conv1,layer3.1.conv1,"(256, 1024, 1, 1)",20.482578251749423,aggregate,3,3.0614714137646466
resnet50_no_weights,IMAGENET100,ptq,42,layer3.1.conv2,layer3.1.conv2,"(256, 256, 3, 3)",17.011486053466797,42,3,
resnet50_no_weights,IMAGENET100,ptq,43,layer3.1.conv2,layer3.1.conv2,"(256, 256, 3, 3)",12.31932817186628,43,3,
resnet50_no_weights,IMAGENET100,ptq,44,layer3.1.conv2,layer3.1.conv2,"(256, 256, 3, 3)",16.816900152909128,44,3,
resnet50_no_weights,IMAGENET100,ptq,"42,43,44",layer3.1.conv2,layer3.1.conv2,"(256, 256, 3, 3)",15.382571459414068,aggregate,3,2.6546300113582486
resnet50_no_weights,IMAGENET100,ptq,42,layer3.1.conv3,layer3.1.conv3,"(1024, 256, 1, 1)",91.85736131668091,42,3,
resnet50_no_weights,IMAGENET100,ptq,43,layer3.1.conv3,layer3.1.conv3,"(1024, 256, 1, 1)",81.49953179610402,43,3,
resnet50_no_weights,IMAGENET100,ptq,44,layer3.1.conv3,layer3.1.conv3,"(1024, 256, 1, 1)",77.82062381246816,44,3,
resnet50_no_weights,IMAGENET100,ptq,"42,43,44",layer3.1.conv3,layer3.1.conv3,"(1024, 256, 1, 1)",83.72583897508436,aggregate,3,7.278381185533481
resnet50_no_weights,IMAGENET100,ptq,42,layer3.2.conv1,layer3.2.conv1,"(256, 1024, 1, 1)",21.75609407424927,42,3,
resnet50_no_weights,IMAGENET100,ptq,43,layer3.2.conv1,layer3.2.conv1,"(256, 1024, 1, 1)",21.721088314056395,43,3,
resnet50_no_weights,IMAGENET100,ptq,44,layer3.2.conv1,layer3.2.conv1,"(256, 1024, 1, 1)",21.19946729219877,44,3,
resnet50_no_weights,IMAGENET100,ptq,"42,43,44",layer3.2.conv1,layer3.2.conv1,"(256, 1024, 1, 1)",21.558883226834812,aggregate,3,0.3117550502628548
resnet50_no_weights,IMAGENET100,ptq,42,layer3.2.conv2,layer3.2.conv2,"(256, 256, 3, 3)",17.926687457344748,42,3,
resnet50_no_weights,IMAGENET100,ptq,43,layer3.2.conv2,layer3.2.conv2,"(256, 256, 3, 3)",21.222866344451905,43,3,
resnet50_no_weights,IMAGENET100,ptq,44,layer3.2.conv2,layer3.2.conv2,"(256, 256, 3, 3)",20.509585730234782,44,3,
resnet50_no_weights,IMAGENET100,ptq,"42,43,44",layer3.2.conv2,layer3.2.conv2,"(256, 256, 3, 3)",19.886379844010477,aggregate,3,1.7342110587876
resnet50_no_weights,IMAGENET100,ptq,42,layer3.2.conv3,layer3.2.conv3,"(1024, 256, 1, 1)",68.64048851860895,42,3,
resnet50_no_weights,IMAGENET100,ptq,43,layer3.2.conv3,layer3.2.conv3,"(1024, 256, 1, 1)",81.02728608938364,43,3,
resnet50_no_weights,IMAGENET100,ptq,44,layer3.2.conv3,layer3.2.conv3,"(1024, 256, 1, 1)",70.74410540262858,44,3,
resnet50_no_weights,IMAGENET100,ptq,"42,43,44",layer3.2.conv3,layer3.2.conv3,"(1024, 256, 1, 1)",73.47062667020705,aggregate,3,6.628244653130702
resnet50_no_weights,IMAGENET100,ptq,42,layer3.3.conv1,layer3.3.conv1,"(256, 1024, 1, 1)",18.70561408996582,42,3,
resnet50_no_weights,IMAGENET100,ptq,43,layer3.3.conv1,layer3.3.conv1,"(256, 1024, 1, 1)",18.60788345336914,43,3,
resnet50_no_weights,IMAGENET100,ptq,44,layer3.3.conv1,layer3.3.conv1,"(256, 1024, 1, 1)",19.850539485613506,44,3,
resnet50_no_weights,IMAGENET100,ptq,"42,43,44",layer3.3.conv1,layer3.3.conv1,"(256, 1024, 1, 1)",19.05467900964949,aggregate,3,0.690965442141394
resnet50_no_weights,IMAGENET100,ptq,42,layer3.3.conv2,layer3.3.conv2,"(256, 256, 3, 3)",32.46408396500807,42,3,
resnet50_no_weights,IMAGENET100,ptq,43,layer3.3.conv2,layer3.3.conv2,"(256, 256, 3, 3)",30.69732492620295,43,3,
resnet50_no_weights,IMAGENET100,ptq,44,layer3.3.conv2,layer3.3.conv2,"(256, 256, 3, 3)",28.31625461578369,44,3,
resnet50_no_weights,IMAGENET100,ptq,"42,43,44",layer3.3.conv2,layer3.3.conv2,"(256, 256, 3, 3)",30.492554502331572,aggregate,3,2.0814827100990136
resnet50_no_weights,IMAGENET100,ptq,42,layer3.3.conv3,layer3.3.conv3,"(1024, 256, 1, 1)",137.5972036743164,42,3,
resnet50_no_weights,IMAGENET100,ptq,43,layer3.3.conv3,layer3.3.conv3,"(1024, 256, 1, 1)",98.9164697152597,43,3,
resnet50_no_weights,IMAGENET100,ptq,44,layer3.3.conv3,layer3.3.conv3,"(1024, 256, 1, 1)",116.78419596354166,44,3,
resnet50_no_weights,IMAGENET100,ptq,"42,43,44",layer3.3.conv3,layer3.3.conv3,"(1024, 256, 1, 1)",117.76595645103926,aggregate,3,19.359046596977326
resnet50_no_weights,IMAGENET100,ptq,42,layer3.4.conv1,layer3.4.conv1,"(256, 1024, 1, 1)",16.00692855834961,42,3,
resnet50_no_weights,IMAGENET100,ptq,43,layer3.4.conv1,layer3.4.conv1,"(256, 1024, 1, 1)",17.81132362628805,43,3,
resnet50_no_weights,IMAGENET100,ptq,44,layer3.4.conv1,layer3.4.conv1,"(256, 1024, 1, 1)",17.3924613793691,44,3,
resnet50_no_weights,IMAGENET100,ptq,"42,43,44",layer3.4.conv1,layer3.4.conv1,"(256, 1024, 1, 1)",17.07023785466892,aggregate,3,0.944368249255976
resnet50_no_weights,IMAGENET100,ptq,42,layer3.4.conv2,layer3.4.conv2,"(256, 256, 3, 3)",18.1537692957911,42,3,
resnet50_no_weights,IMAGENET100,ptq,43,layer3.4.conv2,layer3.4.conv2,"(256, 256, 3, 3)",19.372820790608724,43,3,
resnet50_no_weights,IMAGENET100,ptq,44,layer3.4.conv2,layer3.4.conv2,"(256, 256, 3, 3)",17.794172890981038,44,3,
resnet50_no_weights,IMAGENET100,ptq,"42,43,44",layer3.4.conv2,layer3.4.conv2,"(256, 256, 3, 3)",18.44025432579362,aggregate,3,0.8273980614319718
resnet50_no_weights,IMAGENET100,ptq,42,layer3.4.conv3,layer3.4.conv3,"(1024, 256, 1, 1)",90.33985557556153,42,3,
resnet50_no_weights,IMAGENET100,ptq,43,layer3.4.conv3,layer3.4.conv3,"(1024, 256, 1, 1)",96.10573431161734,43,3,
resnet50_no_weights,IMAGENET100,ptq,44,layer3.4.conv3,layer3.4.conv3,"(1024, 256, 1, 1)",88.75849227905273,44,3,
resnet50_no_weights,IMAGENET100,ptq,"42,43,44",layer3.4.conv3,layer3.4.conv3,"(1024, 256, 1, 1)",91.73469405541053,aggregate,3,3.867127119700313
resnet50_no_weights,IMAGENET100,ptq,42,layer3.5.conv1,layer3.5.conv1,"(256, 1024, 1, 1)",21.682356092664932,42,3,
resnet50_no_weights,IMAGENET100,ptq,43,layer3.5.conv1,layer3.5.conv1,"(256, 1024, 1, 1)",23.4352668762207,43,3,
resnet50_no_weights,IMAGENET100,ptq,44,layer3.5.conv1,layer3.5.conv1,"(256, 1024, 1, 1)",23.246281450445,44,3,
resnet50_no_weights,IMAGENET100,ptq,"42,43,44",layer3.5.conv1,layer3.5.conv1,"(256, 1024, 1, 1)",22.78796813977688,aggregate,3,0.9621394762861601
resnet50_no_weights,IMAGENET100,ptq,42,layer3.5.conv2,layer3.5.conv2,"(256, 256, 3, 3)",25.4339515209198,42,3,
resnet50_no_weights,IMAGENET100,ptq,43,layer3.5.conv2,layer3.5.conv2,"(256, 256, 3, 3)",28.505459104265487,43,3,
resnet50_no_weights,IMAGENET100,ptq,44,layer3.5.conv2,layer3.5.conv2,"(256, 256, 3, 3)",28.566014766693115,44,3,
resnet50_no_weights,IMAGENET100,ptq,"42,43,44",layer3.5.conv2,layer3.5.conv2,"(256, 256, 3, 3)",27.501808463959467,aggregate,3,1.7910725835992896
resnet50_no_weights,IMAGENET100,ptq,42,layer3.5.conv3,layer3.5.conv3,"(1024, 256, 1, 1)",116.52598210384971,42,3,
resnet50_no_weights,IMAGENET100,ptq,43,layer3.5.conv3,layer3.5.conv3,"(1024, 256, 1, 1)",129.6280731201172,43,3,
resnet50_no_weights,IMAGENET100,ptq,44,layer3.5.conv3,layer3.5.conv3,"(1024, 256, 1, 1)",124.66464812180092,44,3,
resnet50_no_weights,IMAGENET100,ptq,"42,43,44",layer3.5.conv3,layer3.5.conv3,"(1024, 256, 1, 1)",123.60623444858928,aggregate,3,6.614860306716255
resnet50_no_weights,IMAGENET100,ptq,42,layer4.0.conv1,layer4.0.conv1,"(512, 1024, 1, 1)",142.17953770955404,42,3,
resnet50_no_weights,IMAGENET100,ptq,43,layer4.0.conv1,layer4.0.conv1,"(512, 1024, 1, 1)",138.41603291829426,43,3,
resnet50_no_weights,IMAGENET100,ptq,44,layer4.0.conv1,layer4.0.conv1,"(512, 1024, 1, 1)",145.08430201212565,44,3,
resnet50_no_weights,IMAGENET100,ptq,"42,43,44",layer4.0.conv1,layer4.0.conv1,"(512, 1024, 1, 1)",141.89329087999133,aggregate,3,3.3433375708283988
resnet50_no_weights,IMAGENET100,ptq,42,layer4.0.conv2,layer4.0.conv2,"(512, 512, 3, 3)",164.18123575846354,42,3,
resnet50_no_weights,IMAGENET100,ptq,43,layer4.0.conv2,layer4.0.conv2,"(512, 512, 3, 3)",150.7776539142315,43,3,
resnet50_no_weights,IMAGENET100,ptq,44,layer4.0.conv2,layer4.0.conv2,"(512, 512, 3, 3)",150.95052159627278,44,3,
resnet50_no_weights,IMAGENET100,ptq,"42,43,44",layer4.0.conv2,layer4.0.conv2,"(512, 512, 3, 3)",155.30313708965593,aggregate,3,7.689144802166626
resnet50_no_weights,IMAGENET100,ptq,42,layer4.0.conv3,layer4.0.conv3,"(2048, 512, 1, 1)",652.6736089533025,42,3,
resnet50_no_weights,IMAGENET100,ptq,43,layer4.0.conv3,layer4.0.conv3,"(2048, 512, 1, 1)",621.1333536783854,43,3,
resnet50_no_weights,IMAGENET100,ptq,44,layer4.0.conv3,layer4.0.conv3,"(2048, 512, 1, 1)",602.7118072509766,44,3,
resnet50_no_weights,IMAGENET100,ptq,"42,43,44",layer4.0.conv3,layer4.0.conv3,"(2048, 512, 1, 1)",625.5062566275549,aggregate,3,25.26632378261182
resnet50_no_weights,IMAGENET100,ptq,42,layer4.0.downsample.0,layer4.0.downsample.0,"(2048, 1024, 1, 1)",149.4401340484619,42,3,
resnet50_no_weights,IMAGENET100,ptq,43,layer4.0.downsample.0,layer4.0.downsample.0,"(2048, 1024, 1, 1)",154.8464382396025,43,3,
resnet50_no_weights,IMAGENET100,ptq,44,layer4.0.downsample.0,layer4.0.downsample.0,"(2048, 1024, 1, 1)",148.85648574829102,44,3,
resnet50_no_weights,IMAGENET100,ptq,"42,43,44",layer4.0.downsample.0,layer4.0.downsample.0,"(2048, 1024, 1, 1)",151.04768601211848,aggregate,3,3.302733746297781
resnet50_no_weights,IMAGENET100,ptq,42,layer4.1.conv1,layer4.1.conv1,"(512, 2048, 1, 1)",50.83473283594305,42,3,
resnet50_no_weights,IMAGENET100,ptq,43,layer4.1.conv1,layer4.1.conv1,"(512, 2048, 1, 1)",43.95067477226257,43,3,
resnet50_no_weights,IMAGENET100,ptq,44,layer4.1.conv1,layer4.1.conv1,"(512, 2048, 1, 1)",48.48818639119466,44,3,
resnet50_no_weights,IMAGENET100,ptq,"42,43,44",layer4.1.conv1,layer4.1.conv1,"(512, 2048, 1, 1)",47.75786466646676,aggregate,3,3.499655871973443
resnet50_no_weights,IMAGENET100,ptq,42,layer4.1.conv2,layer4.1.conv2,"(512, 512, 3, 3)",133.97200876871744,42,3,
resnet50_no_weights,IMAGENET100,ptq,43,layer4.1.conv2,layer4.1.conv2,"(512, 512, 3, 3)",130.78978729248047,43,3,
resnet50_no_weights,IMAGENET100,ptq,44,layer4.1.conv2,layer4.1.conv2,"(512, 512, 3, 3)",116.73840866088867,44,3,
resnet50_no_weights,IMAGENET100,ptq,"42,43,44",layer4.1.conv2,layer4.1.conv2,"(512, 512, 3, 3)",127.1667349073622,aggregate,3,9.170284870609116
resnet50_no_weights,IMAGENET100,ptq,42,layer4.1.conv3,layer4.1.conv3,"(2048, 512, 1, 1)",414.9113551548549,42,3,
resnet50_no_weights,IMAGENET100,ptq,43,layer4.1.conv3,layer4.1.conv3,"(2048, 512, 1, 1)",431.0752868652344,43,3,
resnet50_no_weights,IMAGENET100,ptq,44,layer4.1.conv3,layer4.1.conv3,"(2048, 512, 1, 1)",385.1615676879883,44,3,
resnet50_no_weights,IMAGENET100,ptq,"42,43,44",layer4.1.conv3,layer4.1.conv3,"(2048, 512, 1, 1)",410.38273656935917,aggregate,3,23.289454521122362
resnet50_no_weights,IMAGENET100,ptq,42,layer4.2.conv1,layer4.2.conv1,"(512, 2048, 1, 1)",63.20435069157527,42,3,
resnet50_no_weights,IMAGENET100,ptq,43,layer4.2.conv1,layer4.2.conv1,"(512, 2048, 1, 1)",65.16547756195068,43,3,
resnet50_no_weights,IMAGENET100,ptq,44,layer4.2.conv1,layer4.2.conv1,"(512, 2048, 1, 1)",65.64101168314616,44,3,
resnet50_no_weights,IMAGENET100,ptq,"42,43,44",layer4.2.conv1,layer4.2.conv1,"(512, 2048, 1, 1)",64.6702799788907,aggregate,3,1.291605466720445
resnet50_no_weights,IMAGENET100,ptq,42,layer4.2.conv2,layer4.2.conv2,"(512, 512, 3, 3)",105.24957809448242,42,3,
resnet50_no_weights,IMAGENET100,ptq,43,layer4.2.conv2,layer4.2.conv2,"(512, 512, 3, 3)",94.34595200111126,43,3,
resnet50_no_weights,IMAGENET100,ptq,44,layer4.2.conv2,layer4.2.conv2,"(512, 512, 3, 3)",101.4158545407382,44,3,
resnet50_no_weights,IMAGENET100,ptq,"42,43,44",layer4.2.conv2,layer4.2.conv2,"(512, 512, 3, 3)",100.33712821211063,aggregate,3,5.531275021644363
resnet50_no_weights,IMAGENET100,ptq,42,layer4.2.conv3,layer4.2.conv3,"(2048, 512, 1, 1)",92.63682665143695,42,3,
resnet50_no_weights,IMAGENET100,ptq,43,layer4.2.conv3,layer4.2.conv3,"(2048, 512, 1, 1)",121.01412773132324,43,3,
resnet50_no_weights,IMAGENET100,ptq,44,layer4.2.conv3,layer4.2.conv3,"(2048, 512, 1, 1)",126.25209939890894,44,3,
resnet50_no_weights,IMAGENET100,ptq,"42,43,44",layer4.2.conv3,layer4.2.conv3,"(2048, 512, 1, 1)",113.30101792722304,aggregate,3,18.086339806862892
resnet50_no_weights,IMAGENET100,ptq,42,fc,fc,"(100, 2048)",21.700861899058022,42,3,
resnet50_no_weights,IMAGENET100,ptq,43,fc,fc,"(100, 2048)",21.614394220812567,43,3,
resnet50_no_weights,IMAGENET100,ptq,44,fc,fc,"(100, 2048)",18.429964701334637,44,3,
resnet50_no_weights,IMAGENET100,ptq,"42,43,44",fc,fc,"(100, 2048)",20.581740273735075,aggregate,3,1.8639937634900277
resnet50_no_weights,IMAGENET100,fp32_fused,42,conv1,conv1,"(64, 3, 7, 7)",8120.6689860026045,42,3,
resnet50_no_weights,IMAGENET100,fp32_fused,43,conv1,conv1,"(64, 3, 7, 7)",7720.1530650745735,43,3,
resnet50_no_weights,IMAGENET100,fp32_fused,44,conv1,conv1,"(64, 3, 7, 7)",9803.65185546875,44,3,
resnet50_no_weights,IMAGENET100,fp32_fused,"42,43,44",conv1,conv1,"(64, 3, 7, 7)",8548.157968848642,aggregate,3,1105.5776432411042
resnet50_no_weights,IMAGENET100,fp32_fused,42,layer1.0.conv1,layer1.0.conv1,"(64, 64, 1, 1)",63.55901972452799,42,3,
resnet50_no_weights,IMAGENET100,fp32_fused,43,layer1.0.conv1,layer1.0.conv1,"(64, 64, 1, 1)",79.5488185176143,43,3,
resnet50_no_weights,IMAGENET100,fp32_fused,44,layer1.0.conv1,layer1.0.conv1,"(64, 64, 1, 1)",76.95667544278231,44,3,
resnet50_no_weights,IMAGENET100,fp32_fused,"42,43,44",layer1.0.conv1,layer1.0.conv1,"(64, 64, 1, 1)",73.35483789497486,aggregate,3,8.581861199730668
resnet50_no_weights,IMAGENET100,fp32_fused,42,layer1.0.conv2,layer1.0.conv2,"(64, 64, 3, 3)",79.97530899047851,42,3,
resnet50_no_weights,IMAGENET100,fp32_fused,43,layer1.0.conv2,layer1.0.conv2,"(64, 64, 3, 3)",87.98596363067627,43,3,
resnet50_no_weights,IMAGENET100,fp32_fused,44,layer1.0.conv2,layer1.0.conv2,"(64, 64, 3, 3)",97.39501177469889,44,3,
resnet50_no_weights,IMAGENET100,fp32_fused,"42,43,44",layer1.0.conv2,layer1.0.conv2,"(64, 64, 3, 3)",88.45209479861789,aggregate,3,8.719201223273767
resnet50_no_weights,IMAGENET100,fp32_fused,42,layer1.0.conv3,layer1.0.conv3,"(256, 64, 1, 1)",109.78917795069077,42,3,
resnet50_no_weights,IMAGENET100,fp32_fused,43,layer1.0.conv3,layer1.0.conv3,"(256, 64, 1, 1)",76.23247286478679,43,3,
resnet50_no_weights,IMAGENET100,fp32_fused,44,layer1.0.conv3,layer1.0.conv3,"(256, 64, 1, 1)",75.12574005126953,44,3,
resnet50_no_weights,IMAGENET100,fp32_fused,"42,43,44",layer1.0.conv3,layer1.0.conv3,"(256, 64, 1, 1)",87.04913028891569,aggregate,3,19.701231944347555
resnet50_no_weights,IMAGENET100,fp32_fused,42,layer1.0.downsample.0,layer1.0.downsample.0,"(256, 64, 1, 1)",89.19994552612305,42,3,
resnet50_no_weights,IMAGENET100,fp32_fused,43,layer1.0.downsample.0,layer1.0.downsample.0,"(256, 64, 1, 1)",93.12876052856446,43,3,
resnet50_no_weights,IMAGENET100,fp32_fused,44,layer1.0.downsample.0,layer1.0.downsample.0,"(256, 64, 1, 1)",87.73998069763184,44,3,
resnet50_no_weights,IMAGENET100,fp32_fused,"42,43,44",layer1.0.downsample.0,layer1.0.downsample.0,"(256, 64, 1, 1)",90.02289558410645,aggregate,3,2.7870543796305287
resnet50_no_weights,IMAGENET100,fp32_fused,42,layer1.1.conv1,layer1.1.conv1,"(64, 256, 1, 1)",11.583497007687887,42,3,
resnet50_no_weights,IMAGENET100,fp32_fused,43,layer1.1.conv1,layer1.1.conv1,"(64, 256, 1, 1)",14.847634156545004,43,3,
resnet50_no_weights,IMAGENET100,fp32_fused,44,layer1.1.conv1,layer1.1.conv1,"(64, 256, 1, 1)",12.262854746409825,44,3,
resnet50_no_weights,IMAGENET100,fp32_fused,"42,43,44",layer1.1.conv1,layer1.1.conv1,"(64, 256, 1, 1)",12.897995303547573,aggregate,3,1.7222660877832445
resnet50_no_weights,IMAGENET100,fp32_fused,42,layer1.1.conv2,layer1.1.conv2,"(64, 64, 3, 3)",3.9704656490573176,42,3,
resnet50_no_weights,IMAGENET100,fp32_fused,43,layer1.1.conv2,layer1.1.conv2,"(64, 64, 3, 3)",3.187700618306796,43,3,
resnet50_no_weights,IMAGENET100,fp32_fused,44,layer1.1.conv2,layer1.1.conv2,"(64, 64, 3, 3)",2.693922611146138,44,3,
resnet50_no_weights,IMAGENET100,fp32_fused,"42,43,44",layer1.1.conv2,layer1.1.conv2,"(64, 64, 3, 3)",3.2840296261700836,aggregate,3,0.6437002332039502
resnet50_no_weights,IMAGENET100,fp32_fused,42,layer1.1.conv3,layer1.1.conv3,"(256, 64, 1, 1)",6.645375339190165,42,3,
resnet50_no_weights,IMAGENET100,fp32_fused,43,layer1.1.conv3,layer1.1.conv3,"(256, 64, 1, 1)",7.6331432898839315,43,3,
resnet50_no_weights,IMAGENET100,fp32_fused,44,layer1.1.conv3,layer1.1.conv3,"(256, 64, 1, 1)",5.171885299682617,44,3,
resnet50_no_weights,IMAGENET100,fp32_fused,"42,43,44",layer1.1.conv3,layer1.1.conv3,"(256, 64, 1, 1)",6.483467976252238,aggregate,3,1.2385912236135814
resnet50_no_weights,IMAGENET100,fp32_fused,42,layer1.2.conv1,layer1.2.conv1,"(64, 256, 1, 1)",2.0820460627476374,42,3,
resnet50_no_weights,IMAGENET100,fp32_fused,43,layer1.2.conv1,layer1.2.conv1,"(64, 256, 1, 1)",2.907739855845769,43,3,
resnet50_no_weights,IMAGENET100,fp32_fused,44,layer1.2.conv1,layer1.2.conv1,"(64, 256, 1, 1)",2.4007421175638837,44,3,
resnet50_no_weights,IMAGENET100,fp32_fused,"42,43,44",layer1.2.conv1,layer1.2.conv1,"(64, 256, 1, 1)",2.4635093453857633,aggregate,3,0.41641007871631536
resnet50_no_weights,IMAGENET100,fp32_fused,42,layer1.2.conv2,layer1.2.conv2,"(64, 64, 3, 3)",0.7336633995175361,42,3,
resnet50_no_weights,IMAGENET100,fp32_fused,43,layer1.2.conv2,layer1.2.conv2,"(64, 64, 3, 3)",0.9026637931956965,43,3,
resnet50_no_weights,IMAGENET100,fp32_fused,44,layer1.2.conv2,layer1.2.conv2,"(64, 64, 3, 3)",0.8406881123781205,44,3,
resnet50_no_weights,IMAGENET100,fp32_fused,"42,43,44",layer1.2.conv2,layer1.2.conv2,"(64, 64, 3, 3)",0.8256717683637843,aggregate,3,0.08549503615129336
resnet50_no_weights,IMAGENET100,fp32_fused,42,layer1.2.conv3,layer1.2.conv3,"(256, 64, 1, 1)",2.741781458258629,42,3,
resnet50_no_weights,IMAGENET100,fp32_fused,43,layer1.2.conv3,layer1.2.conv3,"(256, 64, 1, 1)",2.749291330575943,43,3,
resnet50_no_weights,IMAGENET100,fp32_fused,44,layer1.2.conv3,layer1.2.conv3,"(256, 64, 1, 1)",2.7137895047664644,44,3,
resnet50_no_weights,IMAGENET100,fp32_fused,"42,43,44",layer1.2.conv3,layer1.2.conv3,"(256, 64, 1, 1)",2.734954097867012,aggregate,3,0.018709744690652595
resnet50_no_weights,IMAGENET100,fp32_fused,42,layer2.0.conv1,layer2.0.conv1,"(128, 256, 1, 1)",17.569921906789144,42,3,
resnet50_no_weights,IMAGENET100,fp32_fused,43,layer2.0.conv1,layer2.0.conv1,"(128, 256, 1, 1)",16.68362855911255,43,3,
resnet50_no_weights,IMAGENET100,fp32_fused,44,layer2.0.conv1,layer2.0.conv1,"(128, 256, 1, 1)",15.048487091064453,44,3,
resnet50_no_weights,IMAGENET100,fp32_fused,"42,43,44",layer2.0.conv1,layer2.0.conv1,"(128, 256, 1, 1)",16.434012518988716,aggregate,3,1.2791166905730214
resnet50_no_weights,IMAGENET100,fp32_fused,42,layer2.0.conv2,layer2.0.conv2,"(128, 128, 3, 3)",18.90127534866333,42,3,
resnet50_no_weights,IMAGENET100,fp32_fused,43,layer2.0.conv2,layer2.0.conv2,"(128, 128, 3, 3)",20.701915995279947,43,3,
resnet50_no_weights,IMAGENET100,fp32_fused,44,layer2.0.conv2,layer2.0.conv2,"(128, 128, 3, 3)",30.66855239868164,44,3,
resnet50_no_weights,IMAGENET100,fp32_fused,"42,43,44",layer2.0.conv2,layer2.0.conv2,"(128, 128, 3, 3)",23.42391458087497,aggregate,3,6.338308884707174
resnet50_no_weights,IMAGENET100,fp32_fused,42,layer2.0.conv3,layer2.0.conv3,"(512, 128, 1, 1)",30.369065920511883,42,3,
resnet50_no_weights,IMAGENET100,fp32_fused,43,layer2.0.conv3,layer2.0.conv3,"(512, 128, 1, 1)",32.58815221786499,43,3,
resnet50_no_weights,IMAGENET100,fp32_fused,44,layer2.0.conv3,layer2.0.conv3,"(512, 128, 1, 1)",29.051949854250307,44,3,
resnet50_no_weights,IMAGENET100,fp32_fused,"42,43,44",layer2.0.conv3,layer2.0.conv3,"(512, 128, 1, 1)",30.669722664209058,aggregate,3,1.787170290502966
resnet50_no_weights,IMAGENET100,fp32_fused,42,layer2.0.downsample.0,layer2.0.downsample.0,"(512, 256, 1, 1)",71.05979392642067,42,3,
resnet50_no_weights,IMAGENET100,fp32_fused,43,layer2.0.downsample.0,layer2.0.downsample.0,"(512, 256, 1, 1)",70.64816106160482,43,3,
resnet50_no_weights,IMAGENET100,fp32_fused,44,layer2.0.downsample.0,layer2.0.downsample.0,"(512, 256, 1, 1)",70.78747126261393,44,3,
resnet50_no_weights,IMAGENET100,fp32_fused,"42,43,44",layer2.0.downsample.0,layer2.0.downsample.0,"(512, 256, 1, 1)",70.83180875021314,aggregate,3,0.2093675319959662
resnet50_no_weights,IMAGENET100,fp32_fused,42,layer2.1.conv1,layer2.1.conv1,"(128, 512, 1, 1)",21.82484941482544,42,3,
resnet50_no_weights,IMAGENET100,fp32_fused,43,layer2.1.conv1,layer2.1.conv1,"(128, 512, 1, 1)",20.088168919086456,43,3,
resnet50_no_weights,IMAGENET100,fp32_fused,44,layer2.1.conv1,layer2.1.conv1,"(128, 512, 1, 1)",21.587441126505535,44,3,
resnet50_no_weights,IMAGENET100,fp32_fused,"42,43,44",layer2.1.conv1,layer2.1.conv1,"(128, 512, 1, 1)",21.166819820139143,aggregate,3,0.9416509430766147
resnet50_no_weights,IMAGENET100,fp32_fused,42,layer2.1.conv2,layer2.1.conv2,"(128, 128, 3, 3)",15.520528256893158,42,3,
resnet50_no_weights,IMAGENET100,fp32_fused,43,layer2.1.conv2,layer2.1.conv2,"(128, 128, 3, 3)",15.66406284059797,43,3,
resnet50_no_weights,IMAGENET100,fp32_fused,44,layer2.1.conv2,layer2.1.conv2,"(128, 128, 3, 3)",12.554424635569255,44,3,
resnet50_no_weights,IMAGENET100,fp32_fused,"42,43,44",layer2.1.conv2,layer2.1.conv2,"(128, 128, 3, 3)",14.579671911020128,aggregate,3,1.7553832741657063
resnet50_no_weights,IMAGENET100,fp32_fused,42,layer2.1.conv3,layer2.1.conv3,"(512, 128, 1, 1)",21.4159201780955,42,3,
resnet50_no_weights,IMAGENET100,fp32_fused,43,layer2.1.conv3,layer2.1.conv3,"(512, 128, 1, 1)",24.394505801953766,43,3,
resnet50_no_weights,IMAGENET100,fp32_fused,44,layer2.1.conv3,layer2.1.conv3,"(512, 128, 1, 1)",17.6619917233785,44,3,
resnet50_no_weights,IMAGENET100,fp32_fused,"42,43,44",layer2.1.conv3,layer2.1.conv3,"(512, 128, 1, 1)",21.157472567809254,aggregate,3,3.3736897945721904
resnet50_no_weights,IMAGENET100,fp32_fused,42,layer2.2.conv1,layer2.2.conv1,"(128, 512, 1, 1)",8.474458074569702,42,3,
resnet50_no_weights,IMAGENET100,fp32_fused,43,layer2.2.conv1,layer2.2.conv1,"(128, 512, 1, 1)",7.022981107234955,43,3,
resnet50_no_weights,IMAGENET100,fp32_fused,44,layer2.2.conv1,layer2.2.conv1,"(128, 512, 1, 1)",8.107366291681926,44,3,
resnet50_no_weights,IMAGENET100,fp32_fused,"42,43,44",layer2.2.conv1,layer2.2.conv1,"(128, 512, 1, 1)",7.868268491162194,aggregate,3,0.7547000499111209
resnet50_no_weights,IMAGENET100,fp32_fused,42,layer2.2.conv2,layer2.2.conv2,"(128, 128, 3, 3)",7.7097922500811125,42,3,
resnet50_no_weights,IMAGENET100,fp32_fused,43,layer2.2.conv2,layer2.2.conv2,"(128, 128, 3, 3)",6.884088142712911,43,3,
resnet50_no_weights,IMAGENET100,fp32_fused,44,layer2.2.conv2,layer2.2.conv2,"(128, 128, 3, 3)",7.559972969690959,44,3,
resnet50_no_weights,IMAGENET100,fp32_fused,"42,43,44",layer2.2.conv2,layer2.2.conv2,"(128, 128, 3, 3)",7.384617787494994,aggregate,3,0.4398964630153493
resnet50_no_weights,IMAGENET100,fp32_fused,42,layer2.2.conv3,layer2.2.conv3,"(512, 128, 1, 1)",16.426765513420104,42,3,
resnet50_no_weights,IMAGENET100,fp32_fused,43,layer2.2.conv3,layer2.2.conv3,"(512, 128, 1, 1)",19.924904362908727,43,3,
resnet50_no_weights,IMAGENET100,fp32_fused,44,layer2.2.conv3,layer2.2.conv3,"(512, 128, 1, 1)",16.4323309730081,44,3,
resnet50_no_weights,IMAGENET100,fp32_fused,"42,43,44",layer2.2.conv3,layer2.2.conv3,"(512, 128, 1, 1)",17.594666949778976,aggregate,3,2.018046715204415
resnet50_no_weights,IMAGENET100,fp32_fused,42,layer2.3.conv1,layer2.3.conv1,"(128, 512, 1, 1)",20.915565045674644,42,3,
resnet50_no_weights,IMAGENET100,fp32_fused,43,layer2.3.conv1,layer2.3.conv1,"(128, 512, 1, 1)",22.010134110083946,43,3,
resnet50_no_weights,IMAGENET100,fp32_fused,44,layer2.3.conv1,layer2.3.conv1,"(128, 512, 1, 1)",24.748183409372967,44,3,
resnet50_no_weights,IMAGENET100,fp32_fused,"42,43,44",layer2.3.conv1,layer2.3.conv1,"(128, 512, 1, 1)",22.557960855043852,aggregate,3,1.9741647568805971
resnet50_no_weights,IMAGENET100,fp32_fused,42,layer2.3.conv2,layer2.3.conv2,"(128, 128, 3, 3)",16.128880055745444,42,3,
resnet50_no_weights,IMAGENET100,fp32_fused,43,layer2.3.conv2,layer2.3.conv2,"(128, 128, 3, 3)",14.250586668650309,43,3,
resnet50_no_weights,IMAGENET100,fp32_fused,44,layer2.3.conv2,layer2.3.conv2,"(128, 128, 3, 3)",16.311804866790773,44,3,
resnet50_no_weights,IMAGENET100,fp32_fused,"42,43,44",layer2.3.conv2,layer2.3.conv2,"(128, 128, 3, 3)",15.563757197062175,aggregate,3,1.140911039100384
resnet50_no_weights,IMAGENET100,fp32_fused,42,layer2.3.conv3,layer2.3.conv3,"(512, 128, 1, 1)",22.593930417841133,42,3,
resnet50_no_weights,IMAGENET100,fp32_fused,43,layer2.3.conv3,layer2.3.conv3,"(512, 128, 1, 1)",24.373687002393936,43,3,
resnet50_no_weights,IMAGENET100,fp32_fused,44,layer2.3.conv3,layer2.3.conv3,"(512, 128, 1, 1)",21.696153259277345,44,3,
resnet50_no_weights,IMAGENET100,fp32_fused,"42,43,44",layer2.3.conv3,layer2.3.conv3,"(512, 128, 1, 1)",22.88792355983747,aggregate,3,1.362762162681972
resnet50_no_weights,IMAGENET100,fp32_fused,42,layer3.0.conv1,layer3.0.conv1,"(256, 512, 1, 1)",90.92942797342936,42,3,
resnet50_no_weights,IMAGENET100,fp32_fused,43,layer3.0.conv1,layer3.0.conv1,"(256, 512, 1, 1)",102.24784342447917,43,3,
resnet50_no_weights,IMAGENET100,fp32_fused,44,layer3.0.conv1,layer3.0.conv1,"(256, 512, 1, 1)",84.18416947584886,44,3,
resnet50_no_weights,IMAGENET100,fp32_fused,"42,43,44",layer3.0.conv1,layer3.0.conv1,"(256, 512, 1, 1)",92.45381362458579,aggregate,3,9.127808764467794
resnet50_no_weights,IMAGENET100,fp32_fused,42,layer3.0.conv2,layer3.0.conv2,"(256, 256, 3, 3)",91.84213574727376,42,3,
resnet50_no_weights,IMAGENET100,fp32_fused,43,layer3.0.conv2,layer3.0.conv2,"(256, 256, 3, 3)",67.72069485982259,43,3,
resnet50_no_weights,IMAGENET100,fp32_fused,44,layer3.0.conv2,layer3.0.conv2,"(256, 256, 3, 3)",70.49713668823242,44,3,
resnet50_no_weights,IMAGENET100,fp32_fused,"42,43,44",layer3.0.conv2,layer3.0.conv2,"(256, 256, 3, 3)",76.68665576510959,aggregate,3,13.1982418307883
resnet50_no_weights,IMAGENET100,fp32_fused,42,layer3.0.conv3,layer3.0.conv3,"(1024, 256, 1, 1)",150.63849482043037,42,3,
resnet50_no_weights,IMAGENET100,fp32_fused,43,layer3.0.conv3,layer3.0.conv3,"(1024, 256, 1, 1)",174.4224796295166,43,3,
resnet50_no_weights,IMAGENET100,fp32_fused,44,layer3.0.conv3,layer3.0.conv3,"(1024, 256, 1, 1)",160.0070317586263,44,3,
resnet50_no_weights,IMAGENET100,fp32_fused,"42,43,44",layer3.0.conv3,layer3.0.conv3,"(1024, 256, 1, 1)",161.68933540285775,aggregate,3,11.980905329450566
resnet50_no_weights,IMAGENET100,fp32_fused,42,layer3.0.downsample.0,layer3.0.downsample.0,"(1024, 512, 1, 1)",156.02278568433678,42,3,
resnet50_no_weights,IMAGENET100,fp32_fused,43,layer3.0.downsample.0,layer3.0.downsample.0,"(1024, 512, 1, 1)",135.48807017008463,43,3,
resnet50_no_weights,IMAGENET100,fp32_fused,44,layer3.0.downsample.0,layer3.0.downsample.0,"(1024, 512, 1, 1)",153.0219310760498,44,3,
resnet50_no_weights,IMAGENET100,fp32_fused,"42,43,44",layer3.0.downsample.0,layer3.0.downsample.0,"(1024, 512, 1, 1)",148.1775956434904,aggregate,3,11.09140769470584
resnet50_no_weights,IMAGENET100,fp32_fused,42,layer3.1.conv1,layer3.1.conv1,"(256, 1024, 1, 1)",27.236549344556085,42,3,
resnet50_no_weights,IMAGENET100,fp32_fused,43,layer3.1.conv1,layer3.1.conv1,"(256, 1024, 1, 1)",25.617507870992025,43,3,
resnet50_no_weights,IMAGENET100,fp32_fused,44,layer3.1.conv1,layer3.1.conv1,"(256, 1024, 1, 1)",26.262120280947006,44,3,
resnet50_no_weights,IMAGENET100,fp32_fused,"42,43,44",layer3.1.conv1,layer3.1.conv1,"(256, 1024, 1, 1)",26.37205916549837,aggregate,3,0.8151004490444229
resnet50_no_weights,IMAGENET100,fp32_fused,42,layer3.1.conv2,layer3.1.conv2,"(256, 256, 3, 3)",17.75812474419089,42,3,
resnet50_no_weights,IMAGENET100,fp32_fused,43,layer3.1.conv2,layer3.1.conv2,"(256, 256, 3, 3)",25.733769607543945,43,3,
resnet50_no_weights,IMAGENET100,fp32_fused,44,layer3.1.conv2,layer3.1.conv2,"(256, 256, 3, 3)",22.25678589469508,44,3,
resnet50_no_weights,IMAGENET100,fp32_fused,"42,43,44",layer3.1.conv2,layer3.1.conv2,"(256, 256, 3, 3)",21.916226748809972,aggregate,3,3.9987139364384374
resnet50_no_weights,IMAGENET100,fp32_fused,42,layer3.1.conv3,layer3.1.conv3,"(1024, 256, 1, 1)",44.36929588317871,42,3,
resnet50_no_weights,IMAGENET100,fp32_fused,43,layer3.1.conv3,layer3.1.conv3,"(1024, 256, 1, 1)",44.42239112854004,43,3,
resnet50_no_weights,IMAGENET100,fp32_fused,44,layer3.1.conv3,layer3.1.conv3,"(1024, 256, 1, 1)",50.59352615901402,44,3,
resnet50_no_weights,IMAGENET100,fp32_fused,"42,43,44",layer3.1.conv3,layer3.1.conv3,"(1024, 256, 1, 1)",46.46173772357759,aggregate,3,3.5783322278227123
resnet50_no_weights,IMAGENET100,fp32_fused,42,layer3.2.conv1,layer3.2.conv1,"(256, 1024, 1, 1)",29.442909940083823,42,3,
resnet50_no_weights,IMAGENET100,fp32_fused,43,layer3.2.conv1,layer3.2.conv1,"(256, 1024, 1, 1)",35.061601638793945,43,3,
resnet50_no_weights,IMAGENET100,fp32_fused,44,layer3.2.conv1,layer3.2.conv1,"(256, 1024, 1, 1)",24.36426970163981,44,3,
resnet50_no_weights,IMAGENET100,fp32_fused,"42,43,44",layer3.2.conv1,layer3.2.conv1,"(256, 1024, 1, 1)",29.622927093505858,aggregate,3,5.350937513656751
resnet50_no_weights,IMAGENET100,fp32_fused,42,layer3.2.conv2,layer3.2.conv2,"(256, 256, 3, 3)",21.193900108337402,42,3,
resnet50_no_weights,IMAGENET100,fp32_fused,43,layer3.2.conv2,layer3.2.conv2,"(256, 256, 3, 3)",21.330642636617025,43,3,
resnet50_no_weights,IMAGENET100,fp32_fused,44,layer3.2.conv2,layer3.2.conv2,"(256, 256, 3, 3)",20.201797008514404,44,3,
resnet50_no_weights,IMAGENET100,fp32_fused,"42,43,44",layer3.2.conv2,layer3.2.conv2,"(256, 256, 3, 3)",20.908779917822944,aggregate,3,0.6160708200368289
resnet50_no_weights,IMAGENET100,fp32_fused,42,layer3.2.conv3,layer3.2.conv3,"(1024, 256, 1, 1)",56.68920351664225,42,3,
resnet50_no_weights,IMAGENET100,fp32_fused,43,layer3.2.conv3,layer3.2.conv3,"(1024, 256, 1, 1)",49.81186180114746,43,3,
resnet50_no_weights,IMAGENET100,fp32_fused,44,layer3.2.conv3,layer3.2.conv3,"(1024, 256, 1, 1)",47.93217658996582,44,3,
resnet50_no_weights,IMAGENET100,fp32_fused,"42,43,44",layer3.2.conv3,layer3.2.conv3,"(1024, 256, 1, 1)",51.47774730258518,aggregate,3,4.610071694297098
resnet50_no_weights,IMAGENET100,fp32_fused,42,layer3.3.conv1,layer3.3.conv1,"(256, 1024, 1, 1)",21.559922218322754,42,3,
resnet50_no_weights,IMAGENET100,fp32_fused,43,layer3.3.conv1,layer3.3.conv1,"(256, 1024, 1, 1)",22.833707292874653,43,3,
resnet50_no_weights,IMAGENET100,fp32_fused,44,layer3.3.conv1,layer3.3.conv1,"(256, 1024, 1, 1)",20.794040234883628,44,3,
resnet50_no_weights,IMAGENET100,fp32_fused,"42,43,44",layer3.3.conv1,layer3.3.conv1,"(256, 1024, 1, 1)",21.72922324869368,aggregate,3,1.0303191525090336
resnet50_no_weights,IMAGENET100,fp32_fused,42,layer3.3.conv2,layer3.3.conv2,"(256, 256, 3, 3)",28.021711826324463,42,3,
resnet50_no_weights,IMAGENET100,fp32_fused,43,layer3.3.conv2,layer3.3.conv2,"(256, 256, 3, 3)",27.433683649698892,43,3,
resnet50_no_weights,IMAGENET100,fp32_fused,44,layer3.3.conv2,layer3.3.conv2,"(256, 256, 3, 3)",35.38247375488281,44,3,
resnet50_no_weights,IMAGENET100,fp32_fused,"42,43,44",layer3.3.conv2,layer3.3.conv2,"(256, 256, 3, 3)",30.27928974363539,aggregate,3,4.429256097090672
resnet50_no_weights,IMAGENET100,fp32_fused,42,layer3.3.conv3,layer3.3.conv3,"(1024, 256, 1, 1)",86.80780410766602,42,3,
resnet50_no_weights,IMAGENET100,fp32_fused,43,layer3.3.conv3,layer3.3.conv3,"(1024, 256, 1, 1)",69.99663817882538,43,3,
resnet50_no_weights,IMAGENET100,fp32_fused,44,layer3.3.conv3,layer3.3.conv3,"(1024, 256, 1, 1)",73.66053482055663,44,3,
resnet50_no_weights,IMAGENET100,fp32_fused,"42,43,44",layer3.3.conv3,layer3.3.conv3,"(1024, 256, 1, 1)",76.82165903568267,aggregate,3,8.840155807413423
resnet50_no_weights,IMAGENET100,fp32_fused,42,layer3.4.conv1,layer3.4.conv1,"(256, 1024, 1, 1)",23.393502267201743,42,3,
resnet50_no_weights,IMAGENET100,fp32_fused,43,layer3.4.conv1,layer3.4.conv1,"(256, 1024, 1, 1)",22.35767979092068,43,3,
resnet50_no_weights,IMAGENET100,fp32_fused,44,layer3.4.conv1,layer3.4.conv1,"(256, 1024, 1, 1)",26.36475216547648,44,3,
resnet50_no_weights,IMAGENET100,fp32_fused,"42,43,44",layer3.4.conv1,layer3.4.conv1,"(256, 1024, 1, 1)",24.038644741199636,aggregate,3,2.0799792937789445
resnet50_no_weights,IMAGENET100,fp32_fused,42,layer3.4.conv2,layer3.4.conv2,"(256, 256, 3, 3)",19.84635434831892,42,3,
resnet50_no_weights,IMAGENET100,fp32_fused,43,layer3.4.conv2,layer3.4.conv2,"(256, 256, 3, 3)",21.48305695851644,43,3,
resnet50_no_weights,IMAGENET100,fp32_fused,44,layer3.4.conv2,layer3.4.conv2,"(256, 256, 3, 3)",23.734865188598633,44,3,
resnet50_no_weights,IMAGENET100,fp32_fused,"42,43,44",layer3.4.conv2,layer3.4.conv2,"(256, 256, 3, 3)",21.688092165144663,aggregate,3,1.9523469762598609
resnet50_no_weights,IMAGENET100,fp32_fused,42,layer3.4.conv3,layer3.4.conv3,"(1024, 256, 1, 1)",70.40666491190592,42,3,
resnet50_no_weights,IMAGENET100,fp32_fused,43,layer3.4.conv3,layer3.4.conv3,"(1024, 256, 1, 1)",69.79728126525879,43,3,
resnet50_no_weights,IMAGENET100,fp32_fused,44,layer3.4.conv3,layer3.4.conv3,"(1024, 256, 1, 1)",70.83530044555664,44,3,
resnet50_no_weights,IMAGENET100,fp32_fused,"42,43,44",layer3.4.conv3,layer3.4.conv3,"(1024, 256, 1, 1)",70.34641554090712,aggregate,3,0.5216257707359458
resnet50_no_weights,IMAGENET100,fp32_fused,42,layer3.5.conv1,layer3.5.conv1,"(256, 1024, 1, 1)",28.414032502607867,42,3,
resnet50_no_weights,IMAGENET100,fp32_fused,43,layer3.5.conv1,layer3.5.conv1,"(256, 1024, 1, 1)",21.55879921383328,43,3,
resnet50_no_weights,IMAGENET100,fp32_fused,44,layer3.5.conv1,layer3.5.conv1,"(256, 1024, 1, 1)",24.528248053330643,44,3,
resnet50_no_weights,IMAGENET100,fp32_fused,"42,43,44",layer3.5.conv1,layer3.5.conv1,"(256, 1024, 1, 1)",24.833693256590596,aggregate,3,3.4378086683273548
resnet50_no_weights,IMAGENET100,fp32_fused,42,layer3.5.conv2,layer3.5.conv2,"(256, 256, 3, 3)",24.658086473291572,42,3,
resnet50_no_weights,IMAGENET100,fp32_fused,43,layer3.5.conv2,layer3.5.conv2,"(256, 256, 3, 3)",24.39729705810547,43,3,
resnet50_no_weights,IMAGENET100,fp32_fused,44,layer3.5.conv2,layer3.5.conv2,"(256, 256, 3, 3)",26.52358788710374,44,3,
resnet50_no_weights,IMAGENET100,fp32_fused,"42,43,44",layer3.5.conv2,layer3.5.conv2,"(256, 256, 3, 3)",25.192990472833593,aggregate,3,1.1596852542457707
resnet50_no_weights,IMAGENET100,fp32_fused,42,layer3.5.conv3,layer3.5.conv3,"(1024, 256, 1, 1)",90.5895263671875,42,3,
resnet50_no_weights,IMAGENET100,fp32_fused,43,layer3.5.conv3,layer3.5.conv3,"(1024, 256, 1, 1)",83.636960710798,43,3,
resnet50_no_weights,IMAGENET100,fp32_fused,44,layer3.5.conv3,layer3.5.conv3,"(1024, 256, 1, 1)",81.81478052553923,44,3,
resnet50_no_weights,IMAGENET100,fp32_fused,"42,43,44",layer3.5.conv3,layer3.5.conv3,"(1024, 256, 1, 1)",85.34708920117491,aggregate,3,4.63059885291093
resnet50_no_weights,IMAGENET100,fp32_fused,42,layer4.0.conv1,layer4.0.conv1,"(512, 1024, 1, 1)",101.38991730301468,42,3,
resnet50_no_weights,IMAGENET100,fp32_fused,43,layer4.0.conv1,layer4.0.conv1,"(512, 1024, 1, 1)",99.52124539543601,43,3,
resnet50_no_weights,IMAGENET100,fp32_fused,44,layer4.0.conv1,layer4.0.conv1,"(512, 1024, 1, 1)",92.34579649425689,44,3,
resnet50_no_weights,IMAGENET100,fp32_fused,"42,43,44",layer4.0.conv1,layer4.0.conv1,"(512, 1024, 1, 1)",97.75231973090253,aggregate,3,4.7745003723777595
resnet50_no_weights,IMAGENET100,fp32_fused,42,layer4.0.conv2,layer4.0.conv2,"(512, 512, 3, 3)",106.27971267700195,42,3,
resnet50_no_weights,IMAGENET100,fp32_fused,43,layer4.0.conv2,layer4.0.conv2,"(512, 512, 3, 3)",107.94766401207966,43,3,
resnet50_no_weights,IMAGENET100,fp32_fused,44,layer4.0.conv2,layer4.0.conv2,"(512, 512, 3, 3)",101.59252611796062,44,3,
resnet50_no_weights,IMAGENET100,fp32_fused,"42,43,44",layer4.0.conv2,layer4.0.conv2,"(512, 512, 3, 3)",105.27330093568074,aggregate,3,3.2949344239481975
resnet50_no_weights,IMAGENET100,fp32_fused,42,layer4.0.conv3,layer4.0.conv3,"(2048, 512, 1, 1)",385.05545110287875,42,3,
resnet50_no_weights,IMAGENET100,fp32_fused,43,layer4.0.conv3,layer4.0.conv3,"(2048, 512, 1, 1)",389.3116068522135,43,3,
resnet50_no_weights,IMAGENET100,fp32_fused,44,layer4.0.conv3,layer4.0.conv3,"(2048, 512, 1, 1)",356.63840535481773,44,3,
resnet50_no_weights,IMAGENET100,fp32_fused,"42,43,44",layer4.0.conv3,layer4.0.conv3,"(2048, 512, 1, 1)",377.0018211033033,aggregate,3,17.763170920472007
resnet50_no_weights,IMAGENET100,fp32_fused,42,layer4.0.downsample.0,layer4.0.downsample.0,"(2048, 1024, 1, 1)",76.16196060180664,42,3,
resnet50_no_weights,IMAGENET100,fp32_fused,43,layer4.0.downsample.0,layer4.0.downsample.0,"(2048, 1024, 1, 1)",72.63769340515137,43,3,
resnet50_no_weights,IMAGENET100,fp32_fused,44,layer4.0.downsample.0,layer4.0.downsample.0,"(2048, 1024, 1, 1)",67.42579402923585,44,3,
resnet50_no_weights,IMAGENET100,fp32_fused,"42,43,44",layer4.0.downsample.0,layer4.0.downsample.0,"(2048, 1024, 1, 1)",72.07514934539795,aggregate,3,4.395167057154794
resnet50_no_weights,IMAGENET100,fp32_fused,42,layer4.1.conv1,layer4.1.conv1,"(512, 2048, 1, 1)",31.142194430033367,42,3,
resnet50_no_weights,IMAGENET100,fp32_fused,43,layer4.1.conv1,layer4.1.conv1,"(512, 2048, 1, 1)",31.0372470406925,43,3,
resnet50_no_weights,IMAGENET100,fp32_fused,44,layer4.1.conv1,layer4.1.conv1,"(512, 2048, 1, 1)",33.86423216925727,44,3,
resnet50_no_weights,IMAGENET100,fp32_fused,"42,43,44",layer4.1.conv1,layer4.1.conv1,"(512, 2048, 1, 1)",32.01455787999438,aggregate,3,1.6027241562110754
resnet50_no_weights,IMAGENET100,fp32_fused,42,layer4.1.conv2,layer4.1.conv2,"(512, 512, 3, 3)",83.91318422953287,42,3,
resnet50_no_weights,IMAGENET100,fp32_fused,43,layer4.1.conv2,layer4.1.conv2,"(512, 512, 3, 3)",86.12698421478271,43,3,
resnet50_no_weights,IMAGENET100,fp32_fused,44,layer4.1.conv2,layer4.1.conv2,"(512, 512, 3, 3)",95.59098688761394,44,3,
resnet50_no_weights,IMAGENET100,fp32_fused,"42,43,44",layer4.1.conv2,layer4.1.conv2,"(512, 512, 3, 3)",88.5437184439765,aggregate,3,6.2026786134047756
resnet50_no_weights,IMAGENET100,fp32_fused,42,layer4.1.conv3,layer4.1.conv3,"(2048, 512, 1, 1)",279.7550572713216,42,3,
resnet50_no_weights,IMAGENET100,fp32_fused,43,layer4.1.conv3,layer4.1.conv3,"(2048, 512, 1, 1)",312.900222269694,43,3,
resnet50_no_weights,IMAGENET100,fp32_fused,44,layer4.1.conv3,layer4.1.conv3,"(2048, 512, 1, 1)",272.39951680501304,44,3,
resnet50_no_weights,IMAGENET100,fp32_fused,"42,43,44",layer4.1.conv3,layer4.1.conv3,"(2048, 512, 1, 1)",288.35159878200955,aggregate,3,21.575499536347817
resnet50_no_weights,IMAGENET100,fp32_fused,42,layer4.2.conv1,layer4.2.conv1,"(512, 2048, 1, 1)",42.736399459838864,42,3,
resnet50_no_weights,IMAGENET100,fp32_fused,43,layer4.2.conv1,layer4.2.conv1,"(512, 2048, 1, 1)",37.36228150587816,43,3,
resnet50_no_weights,IMAGENET100,fp32_fused,44,layer4.2.conv1,layer4.2.conv1,"(512, 2048, 1, 1)",42.62513787405832,44,3,
resnet50_no_weights,IMAGENET100,fp32_fused,"42,43,44",layer4.2.conv1,layer4.2.conv1,"(512, 2048, 1, 1)",40.90793961325845,aggregate,3,3.0711338860331825
resnet50_no_weights,IMAGENET100,fp32_fused,42,layer4.2.conv2,layer4.2.conv2,"(512, 512, 3, 3)",51.51595237038352,42,3,
resnet50_no_weights,IMAGENET100,fp32_fused,43,layer4.2.conv2,layer4.2.conv2,"(512, 512, 3, 3)",58.94036356608073,43,3,
resnet50_no_weights,IMAGENET100,fp32_fused,44,layer4.2.conv2,layer4.2.conv2,"(512, 512, 3, 3)",60.79874877929687,44,3,
resnet50_no_weights,IMAGENET100,fp32_fused,"42,43,44",layer4.2.conv2,layer4.2.conv2,"(512, 512, 3, 3)",57.08502157192037,aggregate,3,4.91164918625148
resnet50_no_weights,IMAGENET100,fp32_fused,42,layer4.2.conv3,layer4.2.conv3,"(2048, 512, 1, 1)",97.42753195762634,42,3,
resnet50_no_weights,IMAGENET100,fp32_fused,43,layer4.2.conv3,layer4.2.conv3,"(2048, 512, 1, 1)",69.67289513035824,43,3,
resnet50_no_weights,IMAGENET100,fp32_fused,44,layer4.2.conv3,layer4.2.conv3,"(2048, 512, 1, 1)",68.43978678385416,44,3,
resnet50_no_weights,IMAGENET100,fp32_fused,"42,43,44",layer4.2.conv3,layer4.2.conv3,"(2048, 512, 1, 1)",78.51340462394624,aggregate,3,16.391714329030776
resnet50_no_weights,IMAGENET100,fp32_fused,42,fc,fc,"(100, 2048)",12.988139986991882,42,3,
resnet50_no_weights,IMAGENET100,fp32_fused,43,fc,fc,"(100, 2048)",13.723957061767578,43,3,
resnet50_no_weights,IMAGENET100,fp32_fused,44,fc,fc,"(100, 2048)",13.074218809604645,44,3,
resnet50_no_weights,IMAGENET100,fp32_fused,"42,43,44",fc,fc,"(100, 2048)",13.262105286121368,aggregate,3,0.4022843371624944
resnet50_no_weights,IMAGENET100,qat,42,conv1,conv1,"(64, 3, 7, 7)",2113.889060465495,42,3,
resnet50_no_weights,IMAGENET100,qat,43,conv1,conv1,"(64, 3, 7, 7)",2240.6912516276043,43,3,
resnet50_no_weights,IMAGENET100,qat,44,conv1,conv1,"(64, 3, 7, 7)",2510.299462890625,44,3,
resnet50_no_weights,IMAGENET100,qat,"42,43,44",conv1,conv1,"(64, 3, 7, 7)",2288.293258327908,aggregate,3,202.4469438374786
resnet50_no_weights,IMAGENET100,qat,42,layer1.0.conv1,layer1.0.conv1,"(64, 64, 1, 1)",43.58410816192627,42,3,
resnet50_no_weights,IMAGENET100,qat,43,layer1.0.conv1,layer1.0.conv1,"(64, 64, 1, 1)",47.78629287083944,43,3,
resnet50_no_weights,IMAGENET100,qat,44,layer1.0.conv1,layer1.0.conv1,"(64, 64, 1, 1)",36.04099520514993,44,3,
resnet50_no_weights,IMAGENET100,qat,"42,43,44",layer1.0.conv1,layer1.0.conv1,"(64, 64, 1, 1)",42.470465412638546,aggregate,3,5.951315354078766
resnet50_no_weights,IMAGENET100,qat,42,layer1.0.conv2,layer1.0.conv2,"(64, 64, 3, 3)",42.412441889444985,42,3,
resnet50_no_weights,IMAGENET100,qat,43,layer1.0.conv2,layer1.0.conv2,"(64, 64, 3, 3)",61.944058077675955,43,3,
resnet50_no_weights,IMAGENET100,qat,44,layer1.0.conv2,layer1.0.conv2,"(64, 64, 3, 3)",82.977210521698,44,3,
resnet50_no_weights,IMAGENET100,qat,"42,43,44",layer1.0.conv2,layer1.0.conv2,"(64, 64, 3, 3)",62.44457016293965,aggregate,3,20.287015497792567
resnet50_no_weights,IMAGENET100,qat,42,layer1.0.conv3,layer1.0.conv3,"(256, 64, 1, 1)",80.50944881439209,42,3,
resnet50_no_weights,IMAGENET100,qat,43,layer1.0.conv3,layer1.0.conv3,"(256, 64, 1, 1)",53.32491782506307,43,3,
resnet50_no_weights,IMAGENET100,qat,44,layer1.0.conv3,layer1.0.conv3,"(256, 64, 1, 1)",41.843902826309204,44,3,
resnet50_no_weights,IMAGENET100,qat,"42,43,44",layer1.0.conv3,layer1.0.conv3,"(256, 64, 1, 1)",58.559423155254784,aggregate,3,19.85714345463597
resnet50_no_weights,IMAGENET100,qat,42,layer1.0.downsample.0,layer1.0.downsample.0,"(256, 64, 1, 1)",76.02584893362862,42,3,
resnet50_no_weights,IMAGENET100,qat,43,layer1.0.downsample.0,layer1.0.downsample.0,"(256, 64, 1, 1)",63.25809853871663,43,3,
resnet50_no_weights,IMAGENET100,qat,44,layer1.0.downsample.0,layer1.0.downsample.0,"(256, 64, 1, 1)",66.14612890879313,44,3,
resnet50_no_weights,IMAGENET100,qat,"42,43,44",layer1.0.downsample.0,layer1.0.downsample.0,"(256, 64, 1, 1)",68.47669212704614,aggregate,3,6.695334660970963
resnet50_no_weights,IMAGENET100,qat,42,layer1.1.conv1,layer1.1.conv1,"(64, 256, 1, 1)",13.454613208770752,42,3,
resnet50_no_weights,IMAGENET100,qat,43,layer1.1.conv1,layer1.1.conv1,"(64, 256, 1, 1)",9.556622123718261,43,3,
resnet50_no_weights,IMAGENET100,qat,44,layer1.1.conv1,layer1.1.conv1,"(64, 256, 1, 1)",12.827774818738302,44,3,
resnet50_no_weights,IMAGENET100,qat,"42,43,44",layer1.1.conv1,layer1.1.conv1,"(64, 256, 1, 1)",11.946336717075772,aggregate,3,2.093151564049772
resnet50_no_weights,IMAGENET100,qat,42,layer1.1.conv2,layer1.1.conv2,"(64, 64, 3, 3)",5.190944651762645,42,3,
resnet50_no_weights,IMAGENET100,qat,43,layer1.1.conv2,layer1.1.conv2,"(64, 64, 3, 3)",5.011161580167967,43,3,
resnet50_no_weights,IMAGENET100,qat,44,layer1.1.conv2,layer1.1.conv2,"(64, 64, 3, 3)",4.83674401586706,44,3,
resnet50_no_weights,IMAGENET100,qat,"42,43,44",layer1.1.conv2,layer1.1.conv2,"(64, 64, 3, 3)",5.012950082599224,aggregate,3,0.1771070909730017
resnet50_no_weights,IMAGENET100,qat,42,layer1.1.conv3,layer1.1.conv3,"(256, 64, 1, 1)",5.180662145217259,42,3,
resnet50_no_weights,IMAGENET100,qat,43,layer1.1.conv3,layer1.1.conv3,"(256, 64, 1, 1)",4.860969956715902,43,3,
resnet50_no_weights,IMAGENET100,qat,44,layer1.1.conv3,layer1.1.conv3,"(256, 64, 1, 1)",4.630148451903771,44,3,
resnet50_no_weights,IMAGENET100,qat,"42,43,44",layer1.1.conv3,layer1.1.conv3,"(256, 64, 1, 1)",4.890593517945644,aggregate,3,0.27644981129739216
resnet50_no_weights,IMAGENET100,qat,42,layer1.2.conv1,layer1.2.conv1,"(64, 256, 1, 1)",2.353374196092288,42,3,
resnet50_no_weights,IMAGENET100,qat,43,layer1.2.conv1,layer1.2.conv1,"(64, 256, 1, 1)",2.758479726314545,43,3,
resnet50_no_weights,IMAGENET100,qat,44,layer1.2.conv1,layer1.2.conv1,"(64, 256, 1, 1)",1.9997164100408553,44,3,
resnet50_no_weights,IMAGENET100,qat,"42,43,44",layer1.2.conv1,layer1.2.conv1,"(64, 256, 1, 1)",2.3705234441492293,aggregate,3,0.3796722468950695
resnet50_no_weights,IMAGENET100,qat,42,layer1.2.conv2,layer1.2.conv2,"(64, 64, 3, 3)",0.662122728228569,42,3,
resnet50_no_weights,IMAGENET100,qat,43,layer1.2.conv2,layer1.2.conv2,"(64, 64, 3, 3)",0.719057523459196,43,3,
resnet50_no_weights,IMAGENET100,qat,44,layer1.2.conv2,layer1.2.conv2,"(64, 64, 3, 3)",0.6976505998108122,44,3,
resnet50_no_weights,IMAGENET100,qat,"42,43,44",layer1.2.conv2,layer1.2.conv2,"(64, 64, 3, 3)",0.6929436171661925,aggregate,3,0.02875777270932021
resnet50_no_weights,IMAGENET100,qat,42,layer1.2.conv3,layer1.2.conv3,"(256, 64, 1, 1)",2.125307007630666,42,3,
resnet50_no_weights,IMAGENET100,qat,43,layer1.2.conv3,layer1.2.conv3,"(256, 64, 1, 1)",1.6081981579462687,43,3,
resnet50_no_weights,IMAGENET100,qat,44,layer1.2.conv3,layer1.2.conv3,"(256, 64, 1, 1)",1.4881406820246152,44,3,
resnet50_no_weights,IMAGENET100,qat,"42,43,44",layer1.2.conv3,layer1.2.conv3,"(256, 64, 1, 1)",1.7405486158671835,aggregate,3,0.3385745330137603
resnet50_no_weights,IMAGENET100,qat,42,layer2.0.conv1,layer2.0.conv1,"(128, 256, 1, 1)",8.095178826649983,42,3,
resnet50_no_weights,IMAGENET100,qat,43,layer2.0.conv1,layer2.0.conv1,"(128, 256, 1, 1)",7.781738726298014,43,3,
resnet50_no_weights,IMAGENET100,qat,44,layer2.0.conv1,layer2.0.conv1,"(128, 256, 1, 1)",7.533188619111714,44,3,
resnet50_no_weights,IMAGENET100,qat,"42,43,44",layer2.0.conv1,layer2.0.conv1,"(128, 256, 1, 1)",7.8033687240199034,aggregate,3,0.281618786559621
resnet50_no_weights,IMAGENET100,qat,42,layer2.0.conv2,layer2.0.conv2,"(128, 128, 3, 3)",14.064309159914652,42,3,
resnet50_no_weights,IMAGENET100,qat,43,layer2.0.conv2,layer2.0.conv2,"(128, 128, 3, 3)",17.593554258346558,43,3,
resnet50_no_weights,IMAGENET100,qat,44,layer2.0.conv2,layer2.0.conv2,"(128, 128, 3, 3)",15.739546616872152,44,3,
resnet50_no_weights,IMAGENET100,qat,"42,43,44",layer2.0.conv2,layer2.0.conv2,"(128, 128, 3, 3)",15.799136678377787,aggregate,3,1.765377005847219
resnet50_no_weights,IMAGENET100,qat,42,layer2.0.conv3,layer2.0.conv3,"(512, 128, 1, 1)",21.792119877679006,42,3,
resnet50_no_weights,IMAGENET100,qat,43,layer2.0.conv3,layer2.0.conv3,"(512, 128, 1, 1)",19.647663684118363,43,3,
resnet50_no_weights,IMAGENET100,qat,44,layer2.0.conv3,layer2.0.conv3,"(512, 128, 1, 1)",16.209623273213705,44,3,
resnet50_no_weights,IMAGENET100,qat,"42,43,44",layer2.0.conv3,layer2.0.conv3,"(512, 128, 1, 1)",19.21646894500369,aggregate,3,2.816116787705507
resnet50_no_weights,IMAGENET100,qat,42,layer2.0.downsample.0,layer2.0.downsample.0,"(512, 256, 1, 1)",35.42315832773844,42,3,
resnet50_no_weights,IMAGENET100,qat,43,layer2.0.downsample.0,layer2.0.downsample.0,"(512, 256, 1, 1)",35.14459489186605,43,3,
resnet50_no_weights,IMAGENET100,qat,44,layer2.0.downsample.0,layer2.0.downsample.0,"(512, 256, 1, 1)",45.149716801113556,44,3,
resnet50_no_weights,IMAGENET100,qat,"42,43,44",layer2.0.downsample.0,layer2.0.downsample.0,"(512, 256, 1, 1)",38.572490006906015,aggregate,3,5.6977481186678
resnet50_no_weights,IMAGENET100,qat,42,layer2.1.conv1,layer2.1.conv1,"(128, 512, 1, 1)",7.8156740488829435,42,3,
resnet50_no_weights,IMAGENET100,qat,43,layer2.1.conv1,layer2.1.conv1,"(128, 512, 1, 1)",8.051014309837704,43,3,
resnet50_no_weights,IMAGENET100,qat,44,layer2.1.conv1,layer2.1.conv1,"(128, 512, 1, 1)",8.644062280654907,44,3,
resnet50_no_weights,IMAGENET100,qat,"42,43,44",layer2.1.conv1,layer2.1.conv1,"(128, 512, 1, 1)",8.170250213125184,aggregate,3,0.42687195516824045
resnet50_no_weights,IMAGENET100,qat,42,layer2.1.conv2,layer2.1.conv2,"(128, 128, 3, 3)",6.164281129837036,42,3,
resnet50_no_weights,IMAGENET100,qat,43,layer2.1.conv2,layer2.1.conv2,"(128, 128, 3, 3)",6.534216245015462,43,3,
resnet50_no_weights,IMAGENET100,qat,44,layer2.1.conv2,layer2.1.conv2,"(128, 128, 3, 3)",6.08910874525706,44,3,
resnet50_no_weights,IMAGENET100,qat,"42,43,44",layer2.1.conv2,layer2.1.conv2,"(128, 128, 3, 3)",6.262535373369853,aggregate,3,0.23826580506746758
resnet50_no_weights,IMAGENET100,qat,42,layer2.1.conv3,layer2.1.conv3,"(512, 128, 1, 1)",15.136299073696136,42,3,
resnet50_no_weights,IMAGENET100,qat,43,layer2.1.conv3,layer2.1.conv3,"(512, 128, 1, 1)",13.27091317706638,43,3,
resnet50_no_weights,IMAGENET100,qat,44,layer2.1.conv3,layer2.1.conv3,"(512, 128, 1, 1)",13.147547006607056,44,3,
resnet50_no_weights,IMAGENET100,qat,"42,43,44",layer2.1.conv3,layer2.1.conv3,"(512, 128, 1, 1)",13.85158641912319,aggregate,3,1.1143023631933788
resnet50_no_weights,IMAGENET100,qat,42,layer2.2.conv1,layer2.2.conv1,"(128, 512, 1, 1)",4.703621637821198,42,3,
resnet50_no_weights,IMAGENET100,qat,43,layer2.2.conv1,layer2.2.conv1,"(128, 512, 1, 1)",5.404961625734965,43,3,
resnet50_no_weights,IMAGENET100,qat,44,layer2.2.conv1,layer2.2.conv1,"(128, 512, 1, 1)",5.45434402624766,44,3,
resnet50_no_weights,IMAGENET100,qat,"42,43,44",layer2.2.conv1,layer2.2.conv1,"(128, 512, 1, 1)",5.187642429934607,aggregate,3,0.4199008820765546
resnet50_no_weights,IMAGENET100,qat,42,layer2.2.conv2,layer2.2.conv2,"(128, 128, 3, 3)",7.485103130340576,42,3,
resnet50_no_weights,IMAGENET100,qat,43,layer2.2.conv2,layer2.2.conv2,"(128, 128, 3, 3)",6.157135367393494,43,3,
resnet50_no_weights,IMAGENET100,qat,44,layer2.2.conv2,layer2.2.conv2,"(128, 128, 3, 3)",7.605106512705485,44,3,
resnet50_no_weights,IMAGENET100,qat,"42,43,44",layer2.2.conv2,layer2.2.conv2,"(128, 128, 3, 3)",7.082448336813185,aggregate,3,0.8035877497056372
resnet50_no_weights,IMAGENET100,qat,42,layer2.2.conv3,layer2.2.conv3,"(512, 128, 1, 1)",19.28867031733195,42,3,
resnet50_no_weights,IMAGENET100,qat,43,layer2.2.conv3,layer2.2.conv3,"(512, 128, 1, 1)",23.5417462348938,43,3,
resnet50_no_weights,IMAGENET100,qat,44,layer2.2.conv3,layer2.2.conv3,"(512, 128, 1, 1)",18.33883810043335,44,3,
resnet50_no_weights,IMAGENET100,qat,"42,43,44",layer2.2.conv3,layer2.2.conv3,"(512, 128, 1, 1)",20.389751550886366,aggregate,3,2.7707125755070607
resnet50_no_weights,IMAGENET100,qat,42,layer2.3.conv1,layer2.3.conv1,"(128, 512, 1, 1)",11.373128636678059,42,3,
resnet50_no_weights,IMAGENET100,qat,43,layer2.3.conv1,layer2.3.conv1,"(128, 512, 1, 1)",11.639708336194357,43,3,
resnet50_no_weights,IMAGENET100,qat,44,layer2.3.conv1,layer2.3.conv1,"(128, 512, 1, 1)",11.30285512606303,44,3,
resnet50_no_weights,IMAGENET100,qat,"42,43,44",layer2.3.conv1,layer2.3.conv1,"(128, 512, 1, 1)",11.438564032978482,aggregate,3,0.1777044304756919
resnet50_no_weights,IMAGENET100,qat,42,layer2.3.conv2,layer2.3.conv2,"(128, 128, 3, 3)",8.611822962760925,42,3,
resnet50_no_weights,IMAGENET100,qat,43,layer2.3.conv2,layer2.3.conv2,"(128, 128, 3, 3)",9.912780276934306,43,3,
resnet50_no_weights,IMAGENET100,qat,44,layer2.3.conv2,layer2.3.conv2,"(128, 128, 3, 3)",10.417846838633219,44,3,
resnet50_no_weights,IMAGENET100,qat,"42,43,44",layer2.3.conv2,layer2.3.conv2,"(128, 128, 3, 3)",9.647483359442816,aggregate,3,0.9317818418911479
resnet50_no_weights,IMAGENET100,qat,42,layer2.3.conv3,layer2.3.conv3,"(512, 128, 1, 1)",14.44090757369995,42,3,
resnet50_no_weights,IMAGENET100,qat,43,layer2.3.conv3,layer2.3.conv3,"(512, 128, 1, 1)",15.466946570078532,43,3,
resnet50_no_weights,IMAGENET100,qat,44,layer2.3.conv3,layer2.3.conv3,"(512, 128, 1, 1)",15.827665328979492,44,3,
resnet50_no_weights,IMAGENET100,qat,"42,43,44",layer2.3.conv3,layer2.3.conv3,"(512, 128, 1, 1)",15.245173157585992,aggregate,3,0.7194872151910887
resnet50_no_weights,IMAGENET100,qat,42,layer3.0.conv1,layer3.0.conv1,"(256, 512, 1, 1)",55.53326528212603,42,3,
resnet50_no_weights,IMAGENET100,qat,43,layer3.0.conv1,layer3.0.conv1,"(256, 512, 1, 1)",50.56470966339111,43,3,
resnet50_no_weights,IMAGENET100,qat,44,layer3.0.conv1,layer3.0.conv1,"(256, 512, 1, 1)",54.95351632436117,44,3,
resnet50_no_weights,IMAGENET100,qat,"42,43,44",layer3.0.conv1,layer3.0.conv1,"(256, 512, 1, 1)",53.68383042329277,aggregate,3,2.7167467584676497
resnet50_no_weights,IMAGENET100,qat,42,layer3.0.conv2,layer3.0.conv2,"(256, 256, 3, 3)",43.23537149429321,42,3,
resnet50_no_weights,IMAGENET100,qat,43,layer3.0.conv2,layer3.0.conv2,"(256, 256, 3, 3)",42.8353879292806,43,3,
resnet50_no_weights,IMAGENET100,qat,44,layer3.0.conv2,layer3.0.conv2,"(256, 256, 3, 3)",34.86330836159842,44,3,
resnet50_no_weights,IMAGENET100,qat,"42,43,44",layer3.0.conv2,layer3.0.conv2,"(256, 256, 3, 3)",40.311355928390746,aggregate,3,4.722384295098596
resnet50_no_weights,IMAGENET100,qat,42,layer3.0.conv3,layer3.0.conv3,"(1024, 256, 1, 1)",95.1004130045573,42,3,
resnet50_no_weights,IMAGENET100,qat,43,layer3.0.conv3,layer3.0.conv3,"(1024, 256, 1, 1)",84.25665594030309,43,3,
resnet50_no_weights,IMAGENET100,qat,44,layer3.0.conv3,layer3.0.conv3,"(1024, 256, 1, 1)",80.60626983642578,44,3,
resnet50_no_weights,IMAGENET100,qat,"42,43,44",layer3.0.conv3,layer3.0.conv3,"(1024, 256, 1, 1)",86.65444626042873,aggregate,3,7.538706477840844
resnet50_no_weights,IMAGENET100,qat,42,layer3.0.downsample.0,layer3.0.downsample.0,"(1024, 512, 1, 1)",108.42111272397248,42,3,
resnet50_no_weights,IMAGENET100,qat,43,layer3.0.downsample.0,layer3.0.downsample.0,"(1024, 512, 1, 1)",111.36228884183444,43,3,
resnet50_no_weights,IMAGENET100,qat,44,layer3.0.downsample.0,layer3.0.downsample.0,"(1024, 512, 1, 1)",84.37197136878967,44,3,
resnet50_no_weights,IMAGENET100,qat,"42,43,44",layer3.0.downsample.0,layer3.0.downsample.0,"(1024, 512, 1, 1)",101.3851243115322,aggregate,3,14.807030729654475
resnet50_no_weights,IMAGENET100,qat,42,layer3.1.conv1,layer3.1.conv1,"(256, 1024, 1, 1)",10.161953301265322,42,3,
resnet50_no_weights,IMAGENET100,qat,43,layer3.1.conv1,layer3.1.conv1,"(256, 1024, 1, 1)",12.360827797337583,43,3,
resnet50_no_weights,IMAGENET100,qat,44,layer3.1.conv1,layer3.1.conv1,"(256, 1024, 1, 1)",11.25930643081665,44,3,
resnet50_no_weights,IMAGENET100,qat,"42,43,44",layer3.1.conv1,layer3.1.conv1,"(256, 1024, 1, 1)",11.260695843139851,aggregate,3,1.0994379064864066
resnet50_no_weights,IMAGENET100,qat,42,layer3.1.conv2,layer3.1.conv2,"(256, 256, 3, 3)",10.796406428019205,42,3,
resnet50_no_weights,IMAGENET100,qat,43,layer3.1.conv2,layer3.1.conv2,"(256, 256, 3, 3)",12.778226359685261,43,3,
resnet50_no_weights,IMAGENET100,qat,44,layer3.1.conv2,layer3.1.conv2,"(256, 256, 3, 3)",12.479964212937789,44,3,
resnet50_no_weights,IMAGENET100,qat,"42,43,44",layer3.1.conv2,layer3.1.conv2,"(256, 256, 3, 3)",12.018199000214086,aggregate,3,1.0685611326211235
resnet50_no_weights,IMAGENET100,qat,42,layer3.1.conv3,layer3.1.conv3,"(1024, 256, 1, 1)",29.69968147277832,42,3,
resnet50_no_weights,IMAGENET100,qat,43,layer3.1.conv3,layer3.1.conv3,"(1024, 256, 1, 1)",28.610178756713868,43,3,
resnet50_no_weights,IMAGENET100,qat,44,layer3.1.conv3,layer3.1.conv3,"(1024, 256, 1, 1)",35.386534976959226,44,3,
resnet50_no_weights,IMAGENET100,qat,"42,43,44",layer3.1.conv3,layer3.1.conv3,"(1024, 256, 1, 1)",31.232131735483804,aggregate,3,3.6388258767992827
resnet50_no_weights,IMAGENET100,qat,42,layer3.2.conv1,layer3.2.conv1,"(256, 1024, 1, 1)",10.827936124801635,42,3,
resnet50_no_weights,IMAGENET100,qat,43,layer3.2.conv1,layer3.2.conv1,"(256, 1024, 1, 1)",12.381099303563436,43,3,
resnet50_no_weights,IMAGENET100,qat,44,layer3.2.conv1,layer3.2.conv1,"(256, 1024, 1, 1)",11.64446943146842,44,3,
resnet50_no_weights,IMAGENET100,qat,"42,43,44",layer3.2.conv1,layer3.2.conv1,"(256, 1024, 1, 1)",11.61783495327783,aggregate,3,0.7769240706380062
resnet50_no_weights,IMAGENET100,qat,42,layer3.2.conv2,layer3.2.conv2,"(256, 256, 3, 3)",13.607463121414185,42,3,
resnet50_no_weights,IMAGENET100,qat,43,layer3.2.conv2,layer3.2.conv2,"(256, 256, 3, 3)",12.212330603599549,43,3,
resnet50_no_weights,IMAGENET100,qat,44,layer3.2.conv2,layer3.2.conv2,"(256, 256, 3, 3)",8.709192276000977,44,3,
resnet50_no_weights,IMAGENET100,qat,"42,43,44",layer3.2.conv2,layer3.2.conv2,"(256, 256, 3, 3)",11.509662000338237,aggregate,3,2.5236029190946736
resnet50_no_weights,IMAGENET100,qat,42,layer3.2.conv3,layer3.2.conv3,"(1024, 256, 1, 1)",30.622378945350647,42,3,
resnet50_no_weights,IMAGENET100,qat,43,layer3.2.conv3,layer3.2.conv3,"(1024, 256, 1, 1)",31.9060183933803,43,3,
resnet50_no_weights,IMAGENET100,qat,44,layer3.2.conv3,layer3.2.conv3,"(1024, 256, 1, 1)",31.974860032399494,44,3,
resnet50_no_weights,IMAGENET100,qat,"42,43,44",layer3.2.conv3,layer3.2.conv3,"(1024, 256, 1, 1)",31.501085790376813,aggregate,3,0.7617605151473738
resnet50_no_weights,IMAGENET100,qat,42,layer3.3.conv1,layer3.3.conv1,"(256, 1024, 1, 1)",8.58099789846511,42,3,
resnet50_no_weights,IMAGENET100,qat,43,layer3.3.conv1,layer3.3.conv1,"(256, 1024, 1, 1)",9.215795516967773,43,3,
resnet50_no_weights,IMAGENET100,qat,44,layer3.3.conv1,layer3.3.conv1,"(256, 1024, 1, 1)",8.067008598645527,44,3,
resnet50_no_weights,IMAGENET100,qat,"42,43,44",layer3.3.conv1,layer3.3.conv1,"(256, 1024, 1, 1)",8.621267338026136,aggregate,3,0.5754511853745721
resnet50_no_weights,IMAGENET100,qat,42,layer3.3.conv2,layer3.3.conv2,"(256, 256, 3, 3)",11.789608851723049,42,3,
resnet50_no_weights,IMAGENET100,qat,43,layer3.3.conv2,layer3.3.conv2,"(256, 256, 3, 3)",12.167988459269205,43,3,
resnet50_no_weights,IMAGENET100,qat,44,layer3.3.conv2,layer3.3.conv2,"(256, 256, 3, 3)",11.058445477485657,44,3,
resnet50_no_weights,IMAGENET100,qat,"42,43,44",layer3.3.conv2,layer3.3.conv2,"(256, 256, 3, 3)",11.67201426282597,aggregate,3,0.5640414635553723
resnet50_no_weights,IMAGENET100,qat,42,layer3.3.conv3,layer3.3.conv3,"(1024, 256, 1, 1)",34.871388816833495,42,3,
resnet50_no_weights,IMAGENET100,qat,43,layer3.3.conv3,layer3.3.conv3,"(1024, 256, 1, 1)",43.45077381134033,43,3,
resnet50_no_weights,IMAGENET100,qat,44,layer3.3.conv3,layer3.3.conv3,"(1024, 256, 1, 1)",41.62398409843445,44,3,
resnet50_no_weights,IMAGENET100,qat,"42,43,44",layer3.3.conv3,layer3.3.conv3,"(1024, 256, 1, 1)",39.98204890886942,aggregate,3,4.519228373963991
resnet50_no_weights,IMAGENET100,qat,42,layer3.4.conv1,layer3.4.conv1,"(256, 1024, 1, 1)",10.879694037967258,42,3,
resnet50_no_weights,IMAGENET100,qat,43,layer3.4.conv1,layer3.4.conv1,"(256, 1024, 1, 1)",9.58073886235555,43,3,
resnet50_no_weights,IMAGENET100,qat,44,layer3.4.conv1,layer3.4.conv1,"(256, 1024, 1, 1)",9.540266545613607,44,3,
resnet50_no_weights,IMAGENET100,qat,"42,43,44",layer3.4.conv1,layer3.4.conv1,"(256, 1024, 1, 1)",10.000233148645473,aggregate,3,0.761904255133554
resnet50_no_weights,IMAGENET100,qat,42,layer3.4.conv2,layer3.4.conv2,"(256, 256, 3, 3)",8.456092357635498,42,3,
resnet50_no_weights,IMAGENET100,qat,43,layer3.4.conv2,layer3.4.conv2,"(256, 256, 3, 3)",9.748086849848429,43,3,
resnet50_no_weights,IMAGENET100,qat,44,layer3.4.conv2,layer3.4.conv2,"(256, 256, 3, 3)",9.376844227313995,44,3,
resnet50_no_weights,IMAGENET100,qat,"42,43,44",layer3.4.conv2,layer3.4.conv2,"(256, 256, 3, 3)",9.193674478265974,aggregate,3,0.6651885519924959
resnet50_no_weights,IMAGENET100,qat,42,layer3.4.conv3,layer3.4.conv3,"(1024, 256, 1, 1)",40.51991036732991,42,3,
resnet50_no_weights,IMAGENET100,qat,43,layer3.4.conv3,layer3.4.conv3,"(1024, 256, 1, 1)",38.22661387125651,43,3,
resnet50_no_weights,IMAGENET100,qat,44,layer3.4.conv3,layer3.4.conv3,"(1024, 256, 1, 1)",37.09327672322591,44,3,
resnet50_no_weights,IMAGENET100,qat,"42,43,44",layer3.4.conv3,layer3.4.conv3,"(1024, 256, 1, 1)",38.61326698727078,aggregate,3,1.7457319401382974
resnet50_no_weights,IMAGENET100,qat,42,layer3.5.conv1,layer3.5.conv1,"(256, 1024, 1, 1)",10.61070649440472,42,3,
resnet50_no_weights,IMAGENET100,qat,43,layer3.5.conv1,layer3.5.conv1,"(256, 1024, 1, 1)",10.402864138285318,43,3,
resnet50_no_weights,IMAGENET100,qat,44,layer3.5.conv1,layer3.5.conv1,"(256, 1024, 1, 1)",9.53083672730819,44,3,
resnet50_no_weights,IMAGENET100,qat,"42,43,44",layer3.5.conv1,layer3.5.conv1,"(256, 1024, 1, 1)",10.18146911999941,aggregate,3,0.572967271372146
resnet50_no_weights,IMAGENET100,qat,42,layer3.5.conv2,layer3.5.conv2,"(256, 256, 3, 3)",10.368320862452189,42,3,
resnet50_no_weights,IMAGENET100,qat,43,layer3.5.conv2,layer3.5.conv2,"(256, 256, 3, 3)",9.676304587611446,43,3,
resnet50_no_weights,IMAGENET100,qat,44,layer3.5.conv2,layer3.5.conv2,"(256, 256, 3, 3)",11.29548454284668,44,3,
resnet50_no_weights,IMAGENET100,qat,"42,43,44",layer3.5.conv2,layer3.5.conv2,"(256, 256, 3, 3)",10.446703330970104,aggregate,3,0.8124307911367682
resnet50_no_weights,IMAGENET100,qat,42,layer3.5.conv3,layer3.5.conv3,"(1024, 256, 1, 1)",56.37550760904948,42,3,
resnet50_no_weights,IMAGENET100,qat,43,layer3.5.conv3,layer3.5.conv3,"(1024, 256, 1, 1)",50.97983151390439,43,3,
resnet50_no_weights,IMAGENET100,qat,44,layer3.5.conv3,layer3.5.conv3,"(1024, 256, 1, 1)",46.20703023274739,44,3,
resnet50_no_weights,IMAGENET100,qat,"42,43,44",layer3.5.conv3,layer3.5.conv3,"(1024, 256, 1, 1)",51.18745645190042,aggregate,3,5.0874172351253275
resnet50_no_weights,IMAGENET100,qat,42,layer4.0.conv1,layer4.0.conv1,"(512, 1024, 1, 1)",54.32740770975749,42,3,
resnet50_no_weights,IMAGENET100,qat,43,layer4.0.conv1,layer4.0.conv1,"(512, 1024, 1, 1)",54.853726863861084,43,3,
resnet50_no_weights,IMAGENET100,qat,44,layer4.0.conv1,layer4.0.conv1,"(512, 1024, 1, 1)",58.99374985694885,44,3,
resnet50_no_weights,IMAGENET100,qat,"42,43,44",layer4.0.conv1,layer4.0.conv1,"(512, 1024, 1, 1)",56.05829481018914,aggregate,3,2.5557631368447224
resnet50_no_weights,IMAGENET100,qat,42,layer4.0.conv2,layer4.0.conv2,"(512, 512, 3, 3)",67.3498872756958,42,3,
resnet50_no_weights,IMAGENET100,qat,43,layer4.0.conv2,layer4.0.conv2,"(512, 512, 3, 3)",77.95812973609337,43,3,
resnet50_no_weights,IMAGENET100,qat,44,layer4.0.conv2,layer4.0.conv2,"(512, 512, 3, 3)",73.38760566711426,44,3,
resnet50_no_weights,IMAGENET100,qat,"42,43,44",layer4.0.conv2,layer4.0.conv2,"(512, 512, 3, 3)",72.89854089296782,aggregate,3,5.321004631611273
resnet50_no_weights,IMAGENET100,qat,42,layer4.0.conv3,layer4.0.conv3,"(2048, 512, 1, 1)",264.9807983398438,42,3,
resnet50_no_weights,IMAGENET100,qat,43,layer4.0.conv3,layer4.0.conv3,"(2048, 512, 1, 1)",282.10883612381787,43,3,
resnet50_no_weights,IMAGENET100,qat,44,layer4.0.conv3,layer4.0.conv3,"(2048, 512, 1, 1)",270.94364776611326,44,3,
resnet50_no_weights,IMAGENET100,qat,"42,43,44",layer4.0.conv3,layer4.0.conv3,"(2048, 512, 1, 1)",272.6777607432583,aggregate,3,8.694698410263474
resnet50_no_weights,IMAGENET100,qat,42,layer4.0.downsample.0,layer4.0.downsample.0,"(2048, 1024, 1, 1)",55.73923583257766,42,3,
resnet50_no_weights,IMAGENET100,qat,43,layer4.0.downsample.0,layer4.0.downsample.0,"(2048, 1024, 1, 1)",59.6866870880127,43,3,
resnet50_no_weights,IMAGENET100,qat,44,layer4.0.downsample.0,layer4.0.downsample.0,"(2048, 1024, 1, 1)",62.33160273234049,44,3,
resnet50_no_weights,IMAGENET100,qat,"42,43,44",layer4.0.downsample.0,layer4.0.downsample.0,"(2048, 1024, 1, 1)",59.25250855097695,aggregate,3,3.3175606379972953
resnet50_no_weights,IMAGENET100,qat,42,layer4.1.conv1,layer4.1.conv1,"(512, 2048, 1, 1)",26.167540232340496,42,3,
resnet50_no_weights,IMAGENET100,qat,43,layer4.1.conv1,layer4.1.conv1,"(512, 2048, 1, 1)",26.51743195851644,43,3,
resnet50_no_weights,IMAGENET100,qat,44,layer4.1.conv1,layer4.1.conv1,"(512, 2048, 1, 1)",25.72424535751343,44,3,
resnet50_no_weights,IMAGENET100,qat,"42,43,44",layer4.1.conv1,layer4.1.conv1,"(512, 2048, 1, 1)",26.13640584945679,aggregate,3,0.39750881543789635
resnet50_no_weights,IMAGENET100,qat,42,layer4.1.conv2,layer4.1.conv2,"(512, 512, 3, 3)",70.16026153564454,42,3,
resnet50_no_weights,IMAGENET100,qat,43,layer4.1.conv2,layer4.1.conv2,"(512, 512, 3, 3)",72.49102661826394,43,3,
resnet50_no_weights,IMAGENET100,qat,44,layer4.1.conv2,layer4.1.conv2,"(512, 512, 3, 3)",64.04217154891403,44,3,
resnet50_no_weights,IMAGENET100,qat,"42,43,44",layer4.1.conv2,layer4.1.conv2,"(512, 512, 3, 3)",68.89781990094083,aggregate,3,4.36361171009692
resnet50_no_weights,IMAGENET100,qat,42,layer4.1.conv3,layer4.1.conv3,"(2048, 512, 1, 1)",313.7810000715585,42,3,
resnet50_no_weights,IMAGENET100,qat,43,layer4.1.conv3,layer4.1.conv3,"(2048, 512, 1, 1)",332.6364120483398,43,3,
resnet50_no_weights,IMAGENET100,qat,44,layer4.1.conv3,layer4.1.conv3,"(2048, 512, 1, 1)",349.4843938191732,44,3,
resnet50_no_weights,IMAGENET100,qat,"42,43,44",layer4.1.conv3,layer4.1.conv3,"(2048, 512, 1, 1)",331.9672686463572,aggregate,3,17.86110007652429
resnet50_no_weights,IMAGENET100,qat,42,layer4.2.conv1,layer4.2.conv1,"(512, 2048, 1, 1)",43.78518816630046,42,3,
resnet50_no_weights,IMAGENET100,qat,43,layer4.2.conv1,layer4.2.conv1,"(512, 2048, 1, 1)",35.387551593780515,43,3,
resnet50_no_weights,IMAGENET100,qat,44,layer4.2.conv1,layer4.2.conv1,"(512, 2048, 1, 1)",34.126623034477234,44,3,
resnet50_no_weights,IMAGENET100,qat,"42,43,44",layer4.2.conv1,layer4.2.conv1,"(512, 2048, 1, 1)",37.76645426485273,aggregate,3,5.250366991005843
resnet50_no_weights,IMAGENET100,qat,42,layer4.2.conv2,layer4.2.conv2,"(512, 512, 3, 3)",60.87751388549805,42,3,
resnet50_no_weights,IMAGENET100,qat,43,layer4.2.conv2,layer4.2.conv2,"(512, 512, 3, 3)",48.56279585096571,43,3,
resnet50_no_weights,IMAGENET100,qat,44,layer4.2.conv2,layer4.2.conv2,"(512, 512, 3, 3)",47.159706624348956,44,3,
resnet50_no_weights,IMAGENET100,qat,"42,43,44",layer4.2.conv2,layer4.2.conv2,"(512, 512, 3, 3)",52.20000545360424,aggregate,3,7.547617457426754
resnet50_no_weights,IMAGENET100,qat,42,layer4.2.conv3,layer4.2.conv3,"(2048, 512, 1, 1)",65.86543373439623,42,3,
resnet50_no_weights,IMAGENET100,qat,43,layer4.2.conv3,layer4.2.conv3,"(2048, 512, 1, 1)",65.14405314127605,43,3,
resnet50_no_weights,IMAGENET100,qat,44,layer4.2.conv3,layer4.2.conv3,"(2048, 512, 1, 1)",67.03224400111607,44,3,
resnet50_no_weights,IMAGENET100,qat,"42,43,44",layer4.2.conv3,layer4.2.conv3,"(2048, 512, 1, 1)",66.01391029226278,aggregate,3,0.9528117059381541
resnet50_no_weights,IMAGENET100,qat,42,fc,fc,"(100, 2048)",11.10615721615878,42,3,
resnet50_no_weights,IMAGENET100,qat,43,fc,fc,"(100, 2048)",11.900824522972107,43,3,
resnet50_no_weights,IMAGENET100,qat,44,fc,fc,"(100, 2048)",11.963677008946737,44,3,
resnet50_no_weights,IMAGENET100,qat,"42,43,44",fc,fc,"(100, 2048)",11.656886249359207,aggregate,3,0.4779795599768955
resnet50_no_weights,IMAGENET100,fp32_fused_qat,42,conv1,conv1,"(64, 3, 7, 7)",14437.624267578125,42,3,
resnet50_no_weights,IMAGENET100,fp32_fused_qat,43,conv1,conv1,"(64, 3, 7, 7)",12153.796232096354,43,3,
resnet50_no_weights,IMAGENET100,fp32_fused_qat,44,conv1,conv1,"(64, 3, 7, 7)",12819.770489032451,44,3,
resnet50_no_weights,IMAGENET100,fp32_fused_qat,"42,43,44",conv1,conv1,"(64, 3, 7, 7)",13137.06366290231,aggregate,3,1174.5100436145437
resnet50_no_weights,IMAGENET100,fp32_fused_qat,42,layer1.0.conv1,layer1.0.conv1,"(64, 64, 1, 1)",90.09769179026286,42,3,
resnet50_no_weights,IMAGENET100,fp32_fused_qat,43,layer1.0.conv1,layer1.0.conv1,"(64, 64, 1, 1)",100.89590899149577,43,3,
resnet50_no_weights,IMAGENET100,fp32_fused_qat,44,layer1.0.conv1,layer1.0.conv1,"(64, 64, 1, 1)",106.4274798075358,44,3,
resnet50_no_weights,IMAGENET100,fp32_fused_qat,"42,43,44",layer1.0.conv1,layer1.0.conv1,"(64, 64, 1, 1)",99.14036019643147,aggregate,3,8.305236772733005
resnet50_no_weights,IMAGENET100,fp32_fused_qat,42,layer1.0.conv2,layer1.0.conv2,"(64, 64, 3, 3)",112.18503697713216,42,3,
resnet50_no_weights,IMAGENET100,fp32_fused_qat,43,layer1.0.conv2,layer1.0.conv2,"(64, 64, 3, 3)",104.86933364868165,43,3,
resnet50_no_weights,IMAGENET100,fp32_fused_qat,44,layer1.0.conv2,layer1.0.conv2,"(64, 64, 3, 3)",121.6541978587275,44,3,
resnet50_no_weights,IMAGENET100,fp32_fused_qat,"42,43,44",layer1.0.conv2,layer1.0.conv2,"(64, 64, 3, 3)",112.90285616151377,aggregate,3,8.415424227186605
resnet50_no_weights,IMAGENET100,fp32_fused_qat,42,layer1.0.conv3,layer1.0.conv3,"(256, 64, 1, 1)",137.32649866739908,42,3,
resnet50_no_weights,IMAGENET100,fp32_fused_qat,43,layer1.0.conv3,layer1.0.conv3,"(256, 64, 1, 1)",120.13164469401042,43,3,
resnet50_no_weights,IMAGENET100,fp32_fused_qat,44,layer1.0.conv3,layer1.0.conv3,"(256, 64, 1, 1)",118.45804566603441,44,3,
resnet50_no_weights,IMAGENET100,fp32_fused_qat,"42,43,44",layer1.0.conv3,layer1.0.conv3,"(256, 64, 1, 1)",125.3053963424813,aggregate,3,10.444156703928673
resnet50_no_weights,IMAGENET100,fp32_fused_qat,42,layer1.0.downsample.0,layer1.0.downsample.0,"(256, 64, 1, 1)",149.52263476053875,42,3,
resnet50_no_weights,IMAGENET100,fp32_fused_qat,43,layer1.0.downsample.0,layer1.0.downsample.0,"(256, 64, 1, 1)",139.39655723571778,43,3,
resnet50_no_weights,IMAGENET100,fp32_fused_qat,44,layer1.0.downsample.0,layer1.0.downsample.0,"(256, 64, 1, 1)",131.16985613505045,44,3,
resnet50_no_weights,IMAGENET100,fp32_fused_qat,"42,43,44",layer1.0.downsample.0,layer1.0.downsample.0,"(256, 64, 1, 1)",140.02968271043565,aggregate,3,9.19275566514729
resnet50_no_weights,IMAGENET100,fp32_fused_qat,42,layer1.1.conv1,layer1.1.conv1,"(64, 256, 1, 1)",15.208776814596993,42,3,
resnet50_no_weights,IMAGENET100,fp32_fused_qat,43,layer1.1.conv1,layer1.1.conv1,"(64, 256, 1, 1)",18.645840304238455,43,3,
resnet50_no_weights,IMAGENET100,fp32_fused_qat,44,layer1.1.conv1,layer1.1.conv1,"(64, 256, 1, 1)",17.951034867763518,44,3,
resnet50_no_weights,IMAGENET100,fp32_fused_qat,"42,43,44",layer1.1.conv1,layer1.1.conv1,"(64, 256, 1, 1)",17.268550662199655,aggregate,3,1.817330425676544
resnet50_no_weights,IMAGENET100,fp32_fused_qat,42,layer1.1.conv2,layer1.1.conv2,"(64, 64, 3, 3)",6.643838246663411,42,3,
resnet50_no_weights,IMAGENET100,fp32_fused_qat,43,layer1.1.conv2,layer1.1.conv2,"(64, 64, 3, 3)",4.946651295820872,43,3,
resnet50_no_weights,IMAGENET100,fp32_fused_qat,44,layer1.1.conv2,layer1.1.conv2,"(64, 64, 3, 3)",4.945482309659322,44,3,
resnet50_no_weights,IMAGENET100,fp32_fused_qat,"42,43,44",layer1.1.conv2,layer1.1.conv2,"(64, 64, 3, 3)",5.511990617381202,aggregate,3,0.9802089744365635
resnet50_no_weights,IMAGENET100,fp32_fused_qat,42,layer1.1.conv3,layer1.1.conv3,"(256, 64, 1, 1)",7.862693111101787,42,3,
resnet50_no_weights,IMAGENET100,fp32_fused_qat,43,layer1.1.conv3,layer1.1.conv3,"(256, 64, 1, 1)",7.611377946535746,43,3,
resnet50_no_weights,IMAGENET100,fp32_fused_qat,44,layer1.1.conv3,layer1.1.conv3,"(256, 64, 1, 1)",7.156988263130188,44,3,
resnet50_no_weights,IMAGENET100,fp32_fused_qat,"42,43,44",layer1.1.conv3,layer1.1.conv3,"(256, 64, 1, 1)",7.5436864402559065,aggregate,3,0.35768902433465777
resnet50_no_weights,IMAGENET100,fp32_fused_qat,42,layer1.2.conv1,layer1.2.conv1,"(64, 256, 1, 1)",2.0367004464070004,42,3,
resnet50_no_weights,IMAGENET100,fp32_fused_qat,43,layer1.2.conv1,layer1.2.conv1,"(64, 256, 1, 1)",2.4902418479323387,43,3,
resnet50_no_weights,IMAGENET100,fp32_fused_qat,44,layer1.2.conv1,layer1.2.conv1,"(64, 256, 1, 1)",2.5901231090227763,44,3,
resnet50_no_weights,IMAGENET100,fp32_fused_qat,"42,43,44",layer1.2.conv1,layer1.2.conv1,"(64, 256, 1, 1)",2.3723551344540383,aggregate,3,0.2949442638622082
resnet50_no_weights,IMAGENET100,fp32_fused_qat,42,layer1.2.conv2,layer1.2.conv2,"(64, 64, 3, 3)",0.6773366227746009,42,3,
resnet50_no_weights,IMAGENET100,fp32_fused_qat,43,layer1.2.conv2,layer1.2.conv2,"(64, 64, 3, 3)",0.7146045518418153,43,3,
resnet50_no_weights,IMAGENET100,fp32_fused_qat,44,layer1.2.conv2,layer1.2.conv2,"(64, 64, 3, 3)",0.6925467227896055,44,3,
resnet50_no_weights,IMAGENET100,fp32_fused_qat,"42,43,44",layer1.2.conv2,layer1.2.conv2,"(64, 64, 3, 3)",0.6948292991353405,aggregate,3,0.01873852316273381
resnet50_no_weights,IMAGENET100,fp32_fused_qat,42,layer1.2.conv3,layer1.2.conv3,"(256, 64, 1, 1)",2.144676834344864,42,3,
resnet50_no_weights,IMAGENET100,fp32_fused_qat,43,layer1.2.conv3,layer1.2.conv3,"(256, 64, 1, 1)",1.9817114803526137,43,3,
resnet50_no_weights,IMAGENET100,fp32_fused_qat,44,layer1.2.conv3,layer1.2.conv3,"(256, 64, 1, 1)",1.6403094096617266,44,3,
resnet50_no_weights,IMAGENET100,fp32_fused_qat,"42,43,44",layer1.2.conv3,layer1.2.conv3,"(256, 64, 1, 1)",1.9222325747864013,aggregate,3,0.25739061740065594
resnet50_no_weights,IMAGENET100,fp32_fused_qat,42,layer2.0.conv1,layer2.0.conv1,"(128, 256, 1, 1)",25.170464754104614,42,3,
resnet50_no_weights,IMAGENET100,fp32_fused_qat,43,layer2.0.conv1,layer2.0.conv1,"(128, 256, 1, 1)",20.382125809079124,43,3,
resnet50_no_weights,IMAGENET100,fp32_fused_qat,44,layer2.0.conv1,layer2.0.conv1,"(128, 256, 1, 1)",21.186558961868286,44,3,
resnet50_no_weights,IMAGENET100,fp32_fused_qat,"42,43,44",layer2.0.conv1,layer2.0.conv1,"(128, 256, 1, 1)",22.246383175017343,aggregate,3,2.5640725389884578
resnet50_no_weights,IMAGENET100,fp32_fused_qat,42,layer2.0.conv2,layer2.0.conv2,"(128, 128, 3, 3)",37.21516418457031,42,3,
resnet50_no_weights,IMAGENET100,fp32_fused_qat,43,layer2.0.conv2,layer2.0.conv2,"(128, 128, 3, 3)",25.72745498858,43,3,
resnet50_no_weights,IMAGENET100,fp32_fused_qat,44,layer2.0.conv2,layer2.0.conv2,"(128, 128, 3, 3)",34.285860575162445,44,3,
resnet50_no_weights,IMAGENET100,fp32_fused_qat,"42,43,44",layer2.0.conv2,layer2.0.conv2,"(128, 128, 3, 3)",32.40949324943759,aggregate,3,5.969290694772369
resnet50_no_weights,IMAGENET100,fp32_fused_qat,42,layer2.0.conv3,layer2.0.conv3,"(512, 128, 1, 1)",36.118147468566896,42,3,
resnet50_no_weights,IMAGENET100,fp32_fused_qat,43,layer2.0.conv3,layer2.0.conv3,"(512, 128, 1, 1)",47.16582088470459,43,3,
resnet50_no_weights,IMAGENET100,fp32_fused_qat,44,layer2.0.conv3,layer2.0.conv3,"(512, 128, 1, 1)",41.3479559971736,44,3,
resnet50_no_weights,IMAGENET100,fp32_fused_qat,"42,43,44",layer2.0.conv3,layer2.0.conv3,"(512, 128, 1, 1)",41.543974783481694,aggregate,3,5.526444562360879
resnet50_no_weights,IMAGENET100,fp32_fused_qat,42,layer2.0.downsample.0,layer2.0.downsample.0,"(512, 256, 1, 1)",143.10545141046697,42,3,
resnet50_no_weights,IMAGENET100,fp32_fused_qat,43,layer2.0.downsample.0,layer2.0.downsample.0,"(512, 256, 1, 1)",117.81430040995279,43,3,
resnet50_no_weights,IMAGENET100,fp32_fused_qat,44,layer2.0.downsample.0,layer2.0.downsample.0,"(512, 256, 1, 1)",112.33615582784017,44,3,
resnet50_no_weights,IMAGENET100,fp32_fused_qat,"42,43,44",layer2.0.downsample.0,layer2.0.downsample.0,"(512, 256, 1, 1)",124.4186358827533,aggregate,3,16.413418989982944
resnet50_no_weights,IMAGENET100,fp32_fused_qat,42,layer2.1.conv1,layer2.1.conv1,"(128, 512, 1, 1)",24.95009250640869,42,3,
resnet50_no_weights,IMAGENET100,fp32_fused_qat,43,layer2.1.conv1,layer2.1.conv1,"(128, 512, 1, 1)",26.56364933649699,43,3,
resnet50_no_weights,IMAGENET100,fp32_fused_qat,44,layer2.1.conv1,layer2.1.conv1,"(128, 512, 1, 1)",27.778771718343098,44,3,
resnet50_no_weights,IMAGENET100,fp32_fused_qat,"42,43,44",layer2.1.conv1,layer2.1.conv1,"(128, 512, 1, 1)",26.430837853749594,aggregate,3,1.4190086992226778
resnet50_no_weights,IMAGENET100,fp32_fused_qat,42,layer2.1.conv2,layer2.1.conv2,"(128, 128, 3, 3)",19.92542381286621,42,3,
resnet50_no_weights,IMAGENET100,fp32_fused_qat,43,layer2.1.conv2,layer2.1.conv2,"(128, 128, 3, 3)",17.429891506830852,43,3,
resnet50_no_weights,IMAGENET100,fp32_fused_qat,44,layer2.1.conv2,layer2.1.conv2,"(128, 128, 3, 3)",18.492455530166627,44,3,
resnet50_no_weights,IMAGENET100,fp32_fused_qat,"42,43,44",layer2.1.conv2,layer2.1.conv2,"(128, 128, 3, 3)",18.61592361662123,aggregate,3,1.2523392706835113
resnet50_no_weights,IMAGENET100,fp32_fused_qat,42,layer2.1.conv3,layer2.1.conv3,"(512, 128, 1, 1)",25.562803195073055,42,3,
resnet50_no_weights,IMAGENET100,fp32_fused_qat,43,layer2.1.conv3,layer2.1.conv3,"(512, 128, 1, 1)",30.971075439453124,43,3,
resnet50_no_weights,IMAGENET100,fp32_fused_qat,44,layer2.1.conv3,layer2.1.conv3,"(512, 128, 1, 1)",21.527968168258667,44,3,
resnet50_no_weights,IMAGENET100,fp32_fused_qat,"42,43,44",layer2.1.conv3,layer2.1.conv3,"(512, 128, 1, 1)",26.02061560092828,aggregate,3,4.738170837257519
resnet50_no_weights,IMAGENET100,fp32_fused_qat,42,layer2.2.conv1,layer2.2.conv1,"(128, 512, 1, 1)",12.13638141155243,42,3,
resnet50_no_weights,IMAGENET100,fp32_fused_qat,43,layer2.2.conv1,layer2.2.conv1,"(128, 512, 1, 1)",14.723590321011013,43,3,
resnet50_no_weights,IMAGENET100,fp32_fused_qat,44,layer2.2.conv1,layer2.2.conv1,"(128, 512, 1, 1)",13.76903813680013,44,3,
resnet50_no_weights,IMAGENET100,fp32_fused_qat,"42,43,44",layer2.2.conv1,layer2.2.conv1,"(128, 512, 1, 1)",13.543003289787858,aggregate,3,1.3083314944399085
resnet50_no_weights,IMAGENET100,fp32_fused_qat,42,layer2.2.conv2,layer2.2.conv2,"(128, 128, 3, 3)",10.899606402715047,42,3,
resnet50_no_weights,IMAGENET100,fp32_fused_qat,43,layer2.2.conv2,layer2.2.conv2,"(128, 128, 3, 3)",10.421383881568909,43,3,
resnet50_no_weights,IMAGENET100,fp32_fused_qat,44,layer2.2.conv2,layer2.2.conv2,"(128, 128, 3, 3)",11.038783232371012,44,3,
resnet50_no_weights,IMAGENET100,fp32_fused_qat,"42,43,44",layer2.2.conv2,layer2.2.conv2,"(128, 128, 3, 3)",10.786591172218323,aggregate,3,0.3238438224451492
resnet50_no_weights,IMAGENET100,fp32_fused_qat,42,layer2.2.conv3,layer2.2.conv3,"(512, 128, 1, 1)",25.91496925354004,42,3,
resnet50_no_weights,IMAGENET100,fp32_fused_qat,43,layer2.2.conv3,layer2.2.conv3,"(512, 128, 1, 1)",25.21379788716634,43,3,
resnet50_no_weights,IMAGENET100,fp32_fused_qat,44,layer2.2.conv3,layer2.2.conv3,"(512, 128, 1, 1)",24.292104601860046,44,3,
resnet50_no_weights,IMAGENET100,fp32_fused_qat,"42,43,44",layer2.2.conv3,layer2.2.conv3,"(512, 128, 1, 1)",25.140290580855474,aggregate,3,0.8139256185173901
resnet50_no_weights,IMAGENET100,fp32_fused_qat,42,layer2.3.conv1,layer2.3.conv1,"(128, 512, 1, 1)",32.681829865773516,42,3,
resnet50_no_weights,IMAGENET100,fp32_fused_qat,43,layer2.3.conv1,layer2.3.conv1,"(128, 512, 1, 1)",38.22993857065837,43,3,
resnet50_no_weights,IMAGENET100,fp32_fused_qat,44,layer2.3.conv1,layer2.3.conv1,"(128, 512, 1, 1)",36.27547365824382,44,3,
resnet50_no_weights,IMAGENET100,fp32_fused_qat,"42,43,44",layer2.3.conv1,layer2.3.conv1,"(128, 512, 1, 1)",35.72908069822523,aggregate,3,2.814122687512606
resnet50_no_weights,IMAGENET100,fp32_fused_qat,42,layer2.3.conv2,layer2.3.conv2,"(128, 128, 3, 3)",25.208233026357796,42,3,
resnet50_no_weights,IMAGENET100,fp32_fused_qat,43,layer2.3.conv2,layer2.3.conv2,"(128, 128, 3, 3)",19.871671026403252,43,3,
resnet50_no_weights,IMAGENET100,fp32_fused_qat,44,layer2.3.conv2,layer2.3.conv2,"(128, 128, 3, 3)",22.964036252763535,44,3,
resnet50_no_weights,IMAGENET100,fp32_fused_qat,"42,43,44",layer2.3.conv2,layer2.3.conv2,"(128, 128, 3, 3)",22.68131343517486,aggregate,3,2.679491115590546
resnet50_no_weights,IMAGENET100,fp32_fused_qat,42,layer2.3.conv3,layer2.3.conv3,"(512, 128, 1, 1)",42.126526069641116,42,3,
resnet50_no_weights,IMAGENET100,fp32_fused_qat,43,layer2.3.conv3,layer2.3.conv3,"(512, 128, 1, 1)",37.37581743512835,43,3,
resnet50_no_weights,IMAGENET100,fp32_fused_qat,44,layer2.3.conv3,layer2.3.conv3,"(512, 128, 1, 1)",38.08719851175944,44,3,
resnet50_no_weights,IMAGENET100,fp32_fused_qat,"42,43,44",layer2.3.conv3,layer2.3.conv3,"(512, 128, 1, 1)",39.196514005509634,aggregate,3,2.56227316674359
resnet50_no_weights,IMAGENET100,fp32_fused_qat,42,layer3.0.conv1,layer3.0.conv1,"(256, 512, 1, 1)",144.22166549682618,42,3,
resnet50_no_weights,IMAGENET100,fp32_fused_qat,43,layer3.0.conv1,layer3.0.conv1,"(256, 512, 1, 1)",132.96852640005258,43,3,
resnet50_no_weights,IMAGENET100,fp32_fused_qat,44,layer3.0.conv1,layer3.0.conv1,"(256, 512, 1, 1)",157.46772232055665,44,3,
resnet50_no_weights,IMAGENET100,fp32_fused_qat,"42,43,44",layer3.0.conv1,layer3.0.conv1,"(256, 512, 1, 1)",144.8859714058118,aggregate,3,12.263100217455031
resnet50_no_weights,IMAGENET100,fp32_fused_qat,42,layer3.0.conv2,layer3.0.conv2,"(256, 256, 3, 3)",83.6745070139567,42,3,
resnet50_no_weights,IMAGENET100,fp32_fused_qat,43,layer3.0.conv2,layer3.0.conv2,"(256, 256, 3, 3)",96.8271380106608,43,3,
resnet50_no_weights,IMAGENET100,fp32_fused_qat,44,layer3.0.conv2,layer3.0.conv2,"(256, 256, 3, 3)",98.69759287152972,44,3,
resnet50_no_weights,IMAGENET100,fp32_fused_qat,"42,43,44",layer3.0.conv2,layer3.0.conv2,"(256, 256, 3, 3)",93.06641263204908,aggregate,3,8.18721983954281
resnet50_no_weights,IMAGENET100,fp32_fused_qat,42,layer3.0.conv3,layer3.0.conv3,"(1024, 256, 1, 1)",213.828610933744,42,3,
resnet50_no_weights,IMAGENET100,fp32_fused_qat,43,layer3.0.conv3,layer3.0.conv3,"(1024, 256, 1, 1)",203.0152687072754,43,3,
resnet50_no_weights,IMAGENET100,fp32_fused_qat,44,layer3.0.conv3,layer3.0.conv3,"(1024, 256, 1, 1)",193.52918446858723,44,3,
resnet50_no_weights,IMAGENET100,fp32_fused_qat,"42,43,44",layer3.0.conv3,layer3.0.conv3,"(1024, 256, 1, 1)",203.45768803653553,aggregate,3,10.156942445970337
resnet50_no_weights,IMAGENET100,fp32_fused_qat,42,layer3.0.downsample.0,layer3.0.downsample.0,"(1024, 512, 1, 1)",258.38065846761066,42,3,
resnet50_no_weights,IMAGENET100,fp32_fused_qat,43,layer3.0.downsample.0,layer3.0.downsample.0,"(1024, 512, 1, 1)",273.692458597819,43,3,
resnet50_no_weights,IMAGENET100,fp32_fused_qat,44,layer3.0.downsample.0,layer3.0.downsample.0,"(1024, 512, 1, 1)",250.77484944661458,44,3,
resnet50_no_weights,IMAGENET100,fp32_fused_qat,"42,43,44",layer3.0.downsample.0,layer3.0.downsample.0,"(1024, 512, 1, 1)",260.9493221706814,aggregate,3,11.672734350461626
resnet50_no_weights,IMAGENET100,fp32_fused_qat,42,layer3.1.conv1,layer3.1.conv1,"(256, 1024, 1, 1)",34.923425833384194,42,3,
resnet50_no_weights,IMAGENET100,fp32_fused_qat,43,layer3.1.conv1,layer3.1.conv1,"(256, 1024, 1, 1)",40.13810979402982,43,3,
resnet50_no_weights,IMAGENET100,fp32_fused_qat,44,layer3.1.conv1,layer3.1.conv1,"(256, 1024, 1, 1)",44.5398609161377,44,3,
resnet50_no_weights,IMAGENET100,fp32_fused_qat,"42,43,44",layer3.1.conv1,layer3.1.conv1,"(256, 1024, 1, 1)",39.867132181183905,aggregate,3,4.8139409609176615
resnet50_no_weights,IMAGENET100,fp32_fused_qat,42,layer3.1.conv2,layer3.1.conv2,"(256, 256, 3, 3)",34.64179561756276,42,3,
resnet50_no_weights,IMAGENET100,fp32_fused_qat,43,layer3.1.conv2,layer3.1.conv2,"(256, 256, 3, 3)",36.6538470586141,43,3,
resnet50_no_weights,IMAGENET100,fp32_fused_qat,44,layer3.1.conv2,layer3.1.conv2,"(256, 256, 3, 3)",48.13472938537598,44,3,
resnet50_no_weights,IMAGENET100,fp32_fused_qat,"42,43,44",layer3.1.conv2,layer3.1.conv2,"(256, 256, 3, 3)",39.81012402051761,aggregate,3,7.279174308314833
resnet50_no_weights,IMAGENET100,fp32_fused_qat,42,layer3.1.conv3,layer3.1.conv3,"(1024, 256, 1, 1)",59.07985496520996,42,3,
resnet50_no_weights,IMAGENET100,fp32_fused_qat,43,layer3.1.conv3,layer3.1.conv3,"(1024, 256, 1, 1)",60.700929348285385,43,3,
resnet50_no_weights,IMAGENET100,fp32_fused_qat,44,layer3.1.conv3,layer3.1.conv3,"(1024, 256, 1, 1)",56.339786641737994,44,3,
resnet50_no_weights,IMAGENET100,fp32_fused_qat,"42,43,44",layer3.1.conv3,layer3.1.conv3,"(1024, 256, 1, 1)",58.70685698507778,aggregate,3,2.2043677203690155
resnet50_no_weights,IMAGENET100,fp32_fused_qat,42,layer3.2.conv1,layer3.2.conv1,"(256, 1024, 1, 1)",41.43180783589681,42,3,
resnet50_no_weights,IMAGENET100,fp32_fused_qat,43,layer3.2.conv1,layer3.2.conv1,"(256, 1024, 1, 1)",39.941812960306805,43,3,
resnet50_no_weights,IMAGENET100,fp32_fused_qat,44,layer3.2.conv1,layer3.2.conv1,"(256, 1024, 1, 1)",39.32847395810214,44,3,
resnet50_no_weights,IMAGENET100,fp32_fused_qat,"42,43,44",layer3.2.conv1,layer3.2.conv1,"(256, 1024, 1, 1)",40.23403158476859,aggregate,3,1.0816871746172492
resnet50_no_weights,IMAGENET100,fp32_fused_qat,42,layer3.2.conv2,layer3.2.conv2,"(256, 256, 3, 3)",38.62718933105469,42,3,
resnet50_no_weights,IMAGENET100,fp32_fused_qat,43,layer3.2.conv2,layer3.2.conv2,"(256, 256, 3, 3)",35.27452405293783,43,3,
resnet50_no_weights,IMAGENET100,fp32_fused_qat,44,layer3.2.conv2,layer3.2.conv2,"(256, 256, 3, 3)",37.030937321980794,44,3,
resnet50_no_weights,IMAGENET100,fp32_fused_qat,"42,43,44",layer3.2.conv2,layer3.2.conv2,"(256, 256, 3, 3)",36.977550235324436,aggregate,3,1.6769701108066415
resnet50_no_weights,IMAGENET100,fp32_fused_qat,42,layer3.2.conv3,layer3.2.conv3,"(1024, 256, 1, 1)",107.66658566792806,42,3,
resnet50_no_weights,IMAGENET100,fp32_fused_qat,43,layer3.2.conv3,layer3.2.conv3,"(1024, 256, 1, 1)",93.3789010365804,43,3,
resnet50_no_weights,IMAGENET100,fp32_fused_qat,44,layer3.2.conv3,layer3.2.conv3,"(1024, 256, 1, 1)",74.9408049583435,44,3,
resnet50_no_weights,IMAGENET100,fp32_fused_qat,"42,43,44",layer3.2.conv3,layer3.2.conv3,"(1024, 256, 1, 1)",91.99543055428398,aggregate,3,16.406696001769927
resnet50_no_weights,IMAGENET100,fp32_fused_qat,42,layer3.3.conv1,layer3.3.conv1,"(256, 1024, 1, 1)",35.632056130303276,42,3,
resnet50_no_weights,IMAGENET100,fp32_fused_qat,43,layer3.3.conv1,layer3.3.conv1,"(256, 1024, 1, 1)",31.31592337290446,43,3,
resnet50_no_weights,IMAGENET100,fp32_fused_qat,44,layer3.3.conv1,layer3.3.conv1,"(256, 1024, 1, 1)",38.90862274169922,44,3,
resnet50_no_weights,IMAGENET100,fp32_fused_qat,"42,43,44",layer3.3.conv1,layer3.3.conv1,"(256, 1024, 1, 1)",35.28553408163565,aggregate,3,3.8081923630357335
resnet50_no_weights,IMAGENET100,fp32_fused_qat,42,layer3.3.conv2,layer3.3.conv2,"(256, 256, 3, 3)",38.735923647880554,42,3,
resnet50_no_weights,IMAGENET100,fp32_fused_qat,43,layer3.3.conv2,layer3.3.conv2,"(256, 256, 3, 3)",37.06792348225911,43,3,
resnet50_no_weights,IMAGENET100,fp32_fused_qat,44,layer3.3.conv2,layer3.3.conv2,"(256, 256, 3, 3)",41.75791516797296,44,3,
resnet50_no_weights,IMAGENET100,fp32_fused_qat,"42,43,44",layer3.3.conv2,layer3.3.conv2,"(256, 256, 3, 3)",39.187254099370875,aggregate,3,2.3773472370161035
resnet50_no_weights,IMAGENET100,fp32_fused_qat,42,layer3.3.conv3,layer3.3.conv3,"(1024, 256, 1, 1)",122.22606495448521,42,3,
resnet50_no_weights,IMAGENET100,fp32_fused_qat,43,layer3.3.conv3,layer3.3.conv3,"(1024, 256, 1, 1)",107.22219734191894,43,3,
resnet50_no_weights,IMAGENET100,fp32_fused_qat,44,layer3.3.conv3,layer3.3.conv3,"(1024, 256, 1, 1)",99.7343931759105,44,3,
resnet50_no_weights,IMAGENET100,fp32_fused_qat,"42,43,44",layer3.3.conv3,layer3.3.conv3,"(1024, 256, 1, 1)",109.72755182410488,aggregate,3,11.453227739805074
resnet50_no_weights,IMAGENET100,fp32_fused_qat,42,layer3.4.conv1,layer3.4.conv1,"(256, 1024, 1, 1)",35.261030197143555,42,3,
resnet50_no_weights,IMAGENET100,fp32_fused_qat,43,layer3.4.conv1,layer3.4.conv1,"(256, 1024, 1, 1)",31.933674176534016,43,3,
resnet50_no_weights,IMAGENET100,fp32_fused_qat,44,layer3.4.conv1,layer3.4.conv1,"(256, 1024, 1, 1)",33.93438555399577,44,3,
resnet50_no_weights,IMAGENET100,fp32_fused_qat,"42,43,44",layer3.4.conv1,layer3.4.conv1,"(256, 1024, 1, 1)",33.70969664255778,aggregate,3,1.6750189109869857
resnet50_no_weights,IMAGENET100,fp32_fused_qat,42,layer3.4.conv2,layer3.4.conv2,"(256, 256, 3, 3)",29.652794710795085,42,3,
resnet50_no_weights,IMAGENET100,fp32_fused_qat,43,layer3.4.conv2,layer3.4.conv2,"(256, 256, 3, 3)",25.061555099487304,43,3,
resnet50_no_weights,IMAGENET100,fp32_fused_qat,44,layer3.4.conv2,layer3.4.conv2,"(256, 256, 3, 3)",26.26107606433687,44,3,
resnet50_no_weights,IMAGENET100,fp32_fused_qat,"42,43,44",layer3.4.conv2,layer3.4.conv2,"(256, 256, 3, 3)",26.991808624873087,aggregate,3,2.381249220132422
resnet50_no_weights,IMAGENET100,fp32_fused_qat,42,layer3.4.conv3,layer3.4.conv3,"(1024, 256, 1, 1)",91.43030535380045,42,3,
resnet50_no_weights,IMAGENET100,fp32_fused_qat,43,layer3.4.conv3,layer3.4.conv3,"(1024, 256, 1, 1)",84.59394296010335,43,3,
resnet50_no_weights,IMAGENET100,fp32_fused_qat,44,layer3.4.conv3,layer3.4.conv3,"(1024, 256, 1, 1)",78.57598559061687,44,3,
resnet50_no_weights,IMAGENET100,fp32_fused_qat,"42,43,44",layer3.4.conv3,layer3.4.conv3,"(1024, 256, 1, 1)",84.86674463484022,aggregate,3,6.43150057986839
resnet50_no_weights,IMAGENET100,fp32_fused_qat,42,layer3.5.conv1,layer3.5.conv1,"(256, 1024, 1, 1)",40.31112289428711,42,3,
resnet50_no_weights,IMAGENET100,fp32_fused_qat,43,layer3.5.conv1,layer3.5.conv1,"(256, 1024, 1, 1)",40.46318899790446,43,3,
resnet50_no_weights,IMAGENET100,fp32_fused_qat,44,layer3.5.conv1,layer3.5.conv1,"(256, 1024, 1, 1)",39.3122132619222,44,3,
resnet50_no_weights,IMAGENET100,fp32_fused_qat,"42,43,44",layer3.5.conv1,layer3.5.conv1,"(256, 1024, 1, 1)",40.028841718037924,aggregate,3,0.6252585729547755
resnet50_no_weights,IMAGENET100,fp32_fused_qat,42,layer3.5.conv2,layer3.5.conv2,"(256, 256, 3, 3)",25.978912925720216,42,3,
resnet50_no_weights,IMAGENET100,fp32_fused_qat,43,layer3.5.conv2,layer3.5.conv2,"(256, 256, 3, 3)",29.376150385538736,43,3,
resnet50_no_weights,IMAGENET100,fp32_fused_qat,44,layer3.5.conv2,layer3.5.conv2,"(256, 256, 3, 3)",32.26476287841797,44,3,
resnet50_no_weights,IMAGENET100,fp32_fused_qat,"42,43,44",layer3.5.conv2,layer3.5.conv2,"(256, 256, 3, 3)",29.206608729892306,aggregate,3,3.146352759419561
resnet50_no_weights,IMAGENET100,fp32_fused_qat,42,layer3.5.conv3,layer3.5.conv3,"(1024, 256, 1, 1)",95.69721712384906,42,3,
resnet50_no_weights,IMAGENET100,fp32_fused_qat,43,layer3.5.conv3,layer3.5.conv3,"(1024, 256, 1, 1)",88.73531087239583,43,3,
resnet50_no_weights,IMAGENET100,fp32_fused_qat,44,layer3.5.conv3,layer3.5.conv3,"(1024, 256, 1, 1)",97.2343256632487,44,3,
resnet50_no_weights,IMAGENET100,fp32_fused_qat,"42,43,44",layer3.5.conv3,layer3.5.conv3,"(1024, 256, 1, 1)",93.8889512198312,aggregate,3,4.528872076854138
resnet50_no_weights,IMAGENET100,fp32_fused_qat,42,layer4.0.conv1,layer4.0.conv1,"(512, 1024, 1, 1)",133.97743007114954,42,3,
resnet50_no_weights,IMAGENET100,fp32_fused_qat,43,layer4.0.conv1,layer4.0.conv1,"(512, 1024, 1, 1)",158.51792625144677,43,3,
resnet50_no_weights,IMAGENET100,fp32_fused_qat,44,layer4.0.conv1,layer4.0.conv1,"(512, 1024, 1, 1)",139.9200002034505,44,3,
resnet50_no_weights,IMAGENET100,fp32_fused_qat,"42,43,44",layer4.0.conv1,layer4.0.conv1,"(512, 1024, 1, 1)",144.13845217534893,aggregate,3,12.802557985543592
resnet50_no_weights,IMAGENET100,fp32_fused_qat,42,layer4.0.conv2,layer4.0.conv2,"(512, 512, 3, 3)",127.45677705244584,42,3,
resnet50_no_weights,IMAGENET100,fp32_fused_qat,43,layer4.0.conv2,layer4.0.conv2,"(512, 512, 3, 3)",133.04102394797584,43,3,
resnet50_no_weights,IMAGENET100,fp32_fused_qat,44,layer4.0.conv2,layer4.0.conv2,"(512, 512, 3, 3)",140.08035098805146,44,3,
resnet50_no_weights,IMAGENET100,fp32_fused_qat,"42,43,44",layer4.0.conv2,layer4.0.conv2,"(512, 512, 3, 3)",133.5260506628244,aggregate,3,6.325748407304306
resnet50_no_weights,IMAGENET100,fp32_fused_qat,42,layer4.0.conv3,layer4.0.conv3,"(2048, 512, 1, 1)",501.13038752629205,42,3,
resnet50_no_weights,IMAGENET100,fp32_fused_qat,43,layer4.0.conv3,layer4.0.conv3,"(2048, 512, 1, 1)",476.32415669759115,43,3,
resnet50_no_weights,IMAGENET100,fp32_fused_qat,44,layer4.0.conv3,layer4.0.conv3,"(2048, 512, 1, 1)",463.9824547400841,44,3,
resnet50_no_weights,IMAGENET100,fp32_fused_qat,"42,43,44",layer4.0.conv3,layer4.0.conv3,"(2048, 512, 1, 1)",480.47899965465575,aggregate,3,18.919282956036096
resnet50_no_weights,IMAGENET100,fp32_fused_qat,42,layer4.0.downsample.0,layer4.0.downsample.0,"(2048, 1024, 1, 1)",119.39933353000217,42,3,
resnet50_no_weights,IMAGENET100,fp32_fused_qat,43,layer4.0.downsample.0,layer4.0.downsample.0,"(2048, 1024, 1, 1)",124.67279205322265,43,3,
resnet50_no_weights,IMAGENET100,fp32_fused_qat,44,layer4.0.downsample.0,layer4.0.downsample.0,"(2048, 1024, 1, 1)",112.68406143188477,44,3,
resnet50_no_weights,IMAGENET100,fp32_fused_qat,"42,43,44",layer4.0.downsample.0,layer4.0.downsample.0,"(2048, 1024, 1, 1)",118.91872900503652,aggregate,3,6.008797800709741
resnet50_no_weights,IMAGENET100,fp32_fused_qat,42,layer4.1.conv1,layer4.1.conv1,"(512, 2048, 1, 1)",42.77544898986817,42,3,
resnet50_no_weights,IMAGENET100,fp32_fused_qat,43,layer4.1.conv1,layer4.1.conv1,"(512, 2048, 1, 1)",39.46458279645002,43,3,
resnet50_no_weights,IMAGENET100,fp32_fused_qat,44,layer4.1.conv1,layer4.1.conv1,"(512, 2048, 1, 1)",42.24068546295166,44,3,
resnet50_no_weights,IMAGENET100,fp32_fused_qat,"42,43,44",layer4.1.conv1,layer4.1.conv1,"(512, 2048, 1, 1)",41.493572416423284,aggregate,3,1.7773835168301422
resnet50_no_weights,IMAGENET100,fp32_fused_qat,42,layer4.1.conv2,layer4.1.conv2,"(512, 512, 3, 3)",82.20321219308036,42,3,
resnet50_no_weights,IMAGENET100,fp32_fused_qat,43,layer4.1.conv2,layer4.1.conv2,"(512, 512, 3, 3)",96.5229721069336,43,3,
resnet50_no_weights,IMAGENET100,fp32_fused_qat,44,layer4.1.conv2,layer4.1.conv2,"(512, 512, 3, 3)",78.36578542535955,44,3,
resnet50_no_weights,IMAGENET100,fp32_fused_qat,"42,43,44",layer4.1.conv2,layer4.1.conv2,"(512, 512, 3, 3)",85.69732324179117,aggregate,3,9.569611594151807
resnet50_no_weights,IMAGENET100,fp32_fused_qat,42,layer4.1.conv3,layer4.1.conv3,"(2048, 512, 1, 1)",259.55072820754276,42,3,
resnet50_no_weights,IMAGENET100,fp32_fused_qat,43,layer4.1.conv3,layer4.1.conv3,"(2048, 512, 1, 1)",302.6399897257487,43,3,
resnet50_no_weights,IMAGENET100,fp32_fused_qat,44,layer4.1.conv3,layer4.1.conv3,"(2048, 512, 1, 1)",275.41955486096833,44,3,
resnet50_no_weights,IMAGENET100,fp32_fused_qat,"42,43,44",layer4.1.conv3,layer4.1.conv3,"(2048, 512, 1, 1)",279.20342426475327,aggregate,3,21.79241531576435
resnet50_no_weights,IMAGENET100,fp32_fused_qat,42,layer4.2.conv1,layer4.2.conv1,"(512, 2048, 1, 1)",51.65084177652995,42,3,
resnet50_no_weights,IMAGENET100,fp32_fused_qat,43,layer4.2.conv1,layer4.2.conv1,"(512, 2048, 1, 1)",54.47857003462942,43,3,
resnet50_no_weights,IMAGENET100,fp32_fused_qat,44,layer4.2.conv1,layer4.2.conv1,"(512, 2048, 1, 1)",51.51371643066406,44,3,
resnet50_no_weights,IMAGENET100,fp32_fused_qat,"42,43,44",layer4.2.conv1,layer4.2.conv1,"(512, 2048, 1, 1)",52.54770941394114,aggregate,3,1.6735793654659006
resnet50_no_weights,IMAGENET100,fp32_fused_qat,42,layer4.2.conv2,layer4.2.conv2,"(512, 512, 3, 3)",76.08708715438843,42,3,
resnet50_no_weights,IMAGENET100,fp32_fused_qat,43,layer4.2.conv2,layer4.2.conv2,"(512, 512, 3, 3)",91.63201268513997,43,3,
resnet50_no_weights,IMAGENET100,fp32_fused_qat,44,layer4.2.conv2,layer4.2.conv2,"(512, 512, 3, 3)",77.72074957454906,44,3,
resnet50_no_weights,IMAGENET100,fp32_fused_qat,"42,43,44",layer4.2.conv2,layer4.2.conv2,"(512, 512, 3, 3)",81.81328313802582,aggregate,3,8.54241187635498
resnet50_no_weights,IMAGENET100,fp32_fused_qat,42,layer4.2.conv3,layer4.2.conv3,"(2048, 512, 1, 1)",111.01036405563354,42,3,
resnet50_no_weights,IMAGENET100,fp32_fused_qat,43,layer4.2.conv3,layer4.2.conv3,"(2048, 512, 1, 1)",114.44862937927246,43,3,
resnet50_no_weights,IMAGENET100,fp32_fused_qat,44,layer4.2.conv3,layer4.2.conv3,"(2048, 512, 1, 1)",97.86335972377232,44,3,
resnet50_no_weights,IMAGENET100,fp32_fused_qat,"42,43,44",layer4.2.conv3,layer4.2.conv3,"(2048, 512, 1, 1)",107.77411771955944,aggregate,3,8.753442759693367
resnet50_no_weights,IMAGENET100,fp32_fused_qat,42,fc,fc,"(100, 2048)",20.23189910252889,42,3,
resnet50_no_weights,IMAGENET100,fp32_fused_qat,43,fc,fc,"(100, 2048)",21.13711949757167,43,3,
resnet50_no_weights,IMAGENET100,fp32_fused_qat,44,fc,fc,"(100, 2048)",21.63094975153605,44,3,
resnet50_no_weights,IMAGENET100,fp32_fused_qat,"42,43,44",fc,fc,"(100, 2048)",20.999989450545538,aggregate,3,0.7095344720095581
resnet18_no_weights,IMAGENET100,fp32_unfused,42,conv1,conv1,"(64, 3, 7, 7)",77.05099590008075,42,3,
resnet18_no_weights,IMAGENET100,fp32_unfused,43,conv1,conv1,"(64, 3, 7, 7)",65.49200846354167,43,3,
resnet18_no_weights,IMAGENET100,fp32_unfused,44,conv1,conv1,"(64, 3, 7, 7)",58.84524239434136,44,3,
resnet18_no_weights,IMAGENET100,fp32_unfused,"42,43,44",conv1,conv1,"(64, 3, 7, 7)",67.12941558598793,aggregate,3,9.212664747043268
resnet18_no_weights,IMAGENET100,fp32_unfused,42,layer1.0.conv1,layer1.0.conv1,"(64, 64, 3, 3)",123.79029744466146,42,3,
resnet18_no_weights,IMAGENET100,fp32_unfused,43,layer1.0.conv1,layer1.0.conv1,"(64, 64, 3, 3)",107.66716028849284,43,3,
resnet18_no_weights,IMAGENET100,fp32_unfused,44,layer1.0.conv1,layer1.0.conv1,"(64, 64, 3, 3)",115.17629814147949,44,3,
resnet18_no_weights,IMAGENET100,fp32_unfused,"42,43,44",layer1.0.conv1,layer1.0.conv1,"(64, 64, 3, 3)",115.54458529154459,aggregate,3,8.067875464323532
resnet18_no_weights,IMAGENET100,fp32_unfused,42,layer1.0.conv2,layer1.0.conv2,"(64, 64, 3, 3)",68.91241919199625,42,3,
resnet18_no_weights,IMAGENET100,fp32_unfused,43,layer1.0.conv2,layer1.0.conv2,"(64, 64, 3, 3)",55.40907707214355,43,3,
resnet18_no_weights,IMAGENET100,fp32_unfused,44,layer1.0.conv2,layer1.0.conv2,"(64, 64, 3, 3)",51.12831974029541,44,3,
resnet18_no_weights,IMAGENET100,fp32_unfused,"42,43,44",layer1.0.conv2,layer1.0.conv2,"(64, 64, 3, 3)",58.483272001478404,aggregate,3,9.282055492974473
resnet18_no_weights,IMAGENET100,fp32_unfused,42,layer1.1.conv1,layer1.1.conv1,"(64, 64, 3, 3)",62.682434527079266,42,3,
resnet18_no_weights,IMAGENET100,fp32_unfused,43,layer1.1.conv1,layer1.1.conv1,"(64, 64, 3, 3)",64.84622745513916,43,3,
resnet18_no_weights,IMAGENET100,fp32_unfused,44,layer1.1.conv1,layer1.1.conv1,"(64, 64, 3, 3)",64.70878744125366,44,3,
resnet18_no_weights,IMAGENET100,fp32_unfused,"42,43,44",layer1.1.conv1,layer1.1.conv1,"(64, 64, 3, 3)",64.07914980782402,aggregate,3,1.2115414235401327
resnet18_no_weights,IMAGENET100,fp32_unfused,42,layer1.1.conv2,layer1.1.conv2,"(64, 64, 3, 3)",55.13275909423828,42,3,
resnet18_no_weights,IMAGENET100,fp32_unfused,43,layer1.1.conv2,layer1.1.conv2,"(64, 64, 3, 3)",42.48849951426188,43,3,
resnet18_no_weights,IMAGENET100,fp32_unfused,44,layer1.1.conv2,layer1.1.conv2,"(64, 64, 3, 3)",43.70026868184407,44,3,
resnet18_no_weights,IMAGENET100,fp32_unfused,"42,43,44",layer1.1.conv2,layer1.1.conv2,"(64, 64, 3, 3)",47.107175763448076,aggregate,3,6.976717493095795
resnet18_no_weights,IMAGENET100,fp32_unfused,42,layer2.0.conv1,layer2.0.conv1,"(128, 64, 3, 3)",178.37264905657088,42,3,
resnet18_no_weights,IMAGENET100,fp32_unfused,43,layer2.0.conv1,layer2.0.conv1,"(128, 64, 3, 3)",205.03604195334694,43,3,
resnet18_no_weights,IMAGENET100,fp32_unfused,44,layer2.0.conv1,layer2.0.conv1,"(128, 64, 3, 3)",190.41607182820638,44,3,
resnet18_no_weights,IMAGENET100,fp32_unfused,"42,43,44",layer2.0.conv1,layer2.0.conv1,"(128, 64, 3, 3)",191.2749209460414,aggregate,3,13.352428488756885
resnet18_no_weights,IMAGENET100,fp32_unfused,42,layer2.0.conv2,layer2.0.conv2,"(128, 128, 3, 3)",144.91067199707032,42,3,
resnet18_no_weights,IMAGENET100,fp32_unfused,43,layer2.0.conv2,layer2.0.conv2,"(128, 128, 3, 3)",151.4405006126121,43,3,
resnet18_no_weights,IMAGENET100,fp32_unfused,44,layer2.0.conv2,layer2.0.conv2,"(128, 128, 3, 3)",173.01838210533404,44,3,
resnet18_no_weights,IMAGENET100,fp32_unfused,"42,43,44",layer2.0.conv2,layer2.0.conv2,"(128, 128, 3, 3)",156.45651823833882,aggregate,3,14.709900288538613
resnet18_no_weights,IMAGENET100,fp32_unfused,42,layer2.0.downsample.0,layer2.0.downsample.0,"(128, 64, 1, 1)",104.38183455033736,42,3,
resnet18_no_weights,IMAGENET100,fp32_unfused,43,layer2.0.downsample.0,layer2.0.downsample.0,"(128, 64, 1, 1)",149.70818823355216,43,3,
resnet18_no_weights,IMAGENET100,fp32_unfused,44,layer2.0.downsample.0,layer2.0.downsample.0,"(128, 64, 1, 1)",127.8007305585421,44,3,
resnet18_no_weights,IMAGENET100,fp32_unfused,"42,43,44",layer2.0.downsample.0,layer2.0.downsample.0,"(128, 64, 1, 1)",127.29691778081055,aggregate,3,22.667376448107625
resnet18_no_weights,IMAGENET100,fp32_unfused,42,layer2.1.conv1,layer2.1.conv1,"(128, 128, 3, 3)",97.57981872558594,42,3,
resnet18_no_weights,IMAGENET100,fp32_unfused,43,layer2.1.conv1,layer2.1.conv1,"(128, 128, 3, 3)",90.30231018066407,43,3,
resnet18_no_weights,IMAGENET100,fp32_unfused,44,layer2.1.conv1,layer2.1.conv1,"(128, 128, 3, 3)",95.76361071268717,44,3,
resnet18_no_weights,IMAGENET100,fp32_unfused,"42,43,44",layer2.1.conv1,layer2.1.conv1,"(128, 128, 3, 3)",94.54857987297906,aggregate,3,3.7878433984833726
resnet18_no_weights,IMAGENET100,fp32_unfused,42,layer2.1.conv2,layer2.1.conv2,"(128, 128, 3, 3)",80.0441722869873,42,3,
resnet18_no_weights,IMAGENET100,fp32_unfused,43,layer2.1.conv2,layer2.1.conv2,"(128, 128, 3, 3)",81.66118774414062,43,3,
resnet18_no_weights,IMAGENET100,fp32_unfused,44,layer2.1.conv2,layer2.1.conv2,"(128, 128, 3, 3)",74.34187736511231,44,3,
resnet18_no_weights,IMAGENET100,fp32_unfused,"42,43,44",layer2.1.conv2,layer2.1.conv2,"(128, 128, 3, 3)",78.6824124654134,aggregate,3,3.8449796442735042
resnet18_no_weights,IMAGENET100,fp32_unfused,42,layer3.0.conv1,layer3.0.conv1,"(256, 128, 3, 3)",179.54231135050455,42,3,
resnet18_no_weights,IMAGENET100,fp32_unfused,43,layer3.0.conv1,layer3.0.conv1,"(256, 128, 3, 3)",221.1862454621688,43,3,
resnet18_no_weights,IMAGENET100,fp32_unfused,44,layer3.0.conv1,layer3.0.conv1,"(256, 128, 3, 3)",190.36042594909668,44,3,
resnet18_no_weights,IMAGENET100,fp32_unfused,"42,43,44",layer3.0.conv1,layer3.0.conv1,"(256, 128, 3, 3)",197.02966092059,aggregate,3,21.60817746601737
resnet18_no_weights,IMAGENET100,fp32_unfused,42,layer3.0.conv2,layer3.0.conv2,"(256, 256, 3, 3)",231.35772323608398,42,3,
resnet18_no_weights,IMAGENET100,fp32_unfused,43,layer3.0.conv2,layer3.0.conv2,"(256, 256, 3, 3)",263.1771499633789,43,3,
resnet18_no_weights,IMAGENET100,fp32_unfused,44,layer3.0.conv2,layer3.0.conv2,"(256, 256, 3, 3)",259.89461415608724,44,3,
resnet18_no_weights,IMAGENET100,fp32_unfused,"42,43,44",layer3.0.conv2,layer3.0.conv2,"(256, 256, 3, 3)",251.47649578518337,aggregate,3,17.500500478367307
resnet18_no_weights,IMAGENET100,fp32_unfused,42,layer3.0.downsample.0,layer3.0.downsample.0,"(256, 128, 1, 1)",32.88360942204793,42,3,
resnet18_no_weights,IMAGENET100,fp32_unfused,43,layer3.0.downsample.0,layer3.0.downsample.0,"(256, 128, 1, 1)",30.718745930989584,43,3,
resnet18_no_weights,IMAGENET100,fp32_unfused,44,layer3.0.downsample.0,layer3.0.downsample.0,"(256, 128, 1, 1)",36.85416277972135,44,3,
resnet18_no_weights,IMAGENET100,fp32_unfused,"42,43,44",layer3.0.downsample.0,layer3.0.downsample.0,"(256, 128, 1, 1)",33.48550604425296,aggregate,3,3.1116787486486723
resnet18_no_weights,IMAGENET100,fp32_unfused,42,layer3.1.conv1,layer3.1.conv1,"(256, 256, 3, 3)",134.5622696509728,42,3,
resnet18_no_weights,IMAGENET100,fp32_unfused,43,layer3.1.conv1,layer3.1.conv1,"(256, 256, 3, 3)",127.86935355446555,43,3,
resnet18_no_weights,IMAGENET100,fp32_unfused,44,layer3.1.conv1,layer3.1.conv1,"(256, 256, 3, 3)",121.35538482666016,44,3,
resnet18_no_weights,IMAGENET100,fp32_unfused,"42,43,44",layer3.1.conv1,layer3.1.conv1,"(256, 256, 3, 3)",127.92900267736617,aggregate,3,6.603644463783772
resnet18_no_weights,IMAGENET100,fp32_unfused,42,layer3.1.conv2,layer3.1.conv2,"(256, 256, 3, 3)",156.26429530552454,42,3,
resnet18_no_weights,IMAGENET100,fp32_unfused,43,layer3.1.conv2,layer3.1.conv2,"(256, 256, 3, 3)",146.87879071916853,43,3,
resnet18_no_weights,IMAGENET100,fp32_unfused,44,layer3.1.conv2,layer3.1.conv2,"(256, 256, 3, 3)",138.46650085449218,44,3,
resnet18_no_weights,IMAGENET100,fp32_unfused,"42,43,44",layer3.1.conv2,layer3.1.conv2,"(256, 256, 3, 3)",147.2031956263951,aggregate,3,8.90333087884383
resnet18_no_weights,IMAGENET100,fp32_unfused,42,layer4.0.conv1,layer4.0.conv1,"(512, 256, 3, 3)",306.3883295694987,42,3,
resnet18_no_weights,IMAGENET100,fp32_unfused,43,layer4.0.conv1,layer4.0.conv1,"(512, 256, 3, 3)",337.8343287150065,43,3,
resnet18_no_weights,IMAGENET100,fp32_unfused,44,layer4.0.conv1,layer4.0.conv1,"(512, 256, 3, 3)",328.21256583077565,44,3,
resnet18_no_weights,IMAGENET100,fp32_unfused,"42,43,44",layer4.0.conv1,layer4.0.conv1,"(512, 256, 3, 3)",324.14507470509363,aggregate,3,16.11276135887161
resnet18_no_weights,IMAGENET100,fp32_unfused,42,layer4.0.conv2,layer4.0.conv2,"(512, 512, 3, 3)",408.03842900594077,42,3,
resnet18_no_weights,IMAGENET100,fp32_unfused,43,layer4.0.conv2,layer4.0.conv2,"(512, 512, 3, 3)",419.2850348431131,43,3,
resnet18_no_weights,IMAGENET100,fp32_unfused,44,layer4.0.conv2,layer4.0.conv2,"(512, 512, 3, 3)",336.14501299176897,44,3,
resnet18_no_weights,IMAGENET100,fp32_unfused,"42,43,44",layer4.0.conv2,layer4.0.conv2,"(512, 512, 3, 3)",387.8228256136076,aggregate,3,45.10619440550909
resnet18_no_weights,IMAGENET100,fp32_unfused,42,layer4.0.downsample.0,layer4.0.downsample.0,"(512, 256, 1, 1)",84.10492305755615,42,3,
resnet18_no_weights,IMAGENET100,fp32_unfused,43,layer4.0.downsample.0,layer4.0.downsample.0,"(512, 256, 1, 1)",71.7283695765904,43,3,
resnet18_no_weights,IMAGENET100,fp32_unfused,44,layer4.0.downsample.0,layer4.0.downsample.0,"(512, 256, 1, 1)",74.16678860982259,44,3,
resnet18_no_weights,IMAGENET100,fp32_unfused,"42,43,44",layer4.0.downsample.0,layer4.0.downsample.0,"(512, 256, 1, 1)",76.66669374798971,aggregate,3,6.556059280671367
resnet18_no_weights,IMAGENET100,fp32_unfused,42,layer4.1.conv1,layer4.1.conv1,"(512, 512, 3, 3)",275.64598795572914,42,3,
resnet18_no_weights,IMAGENET100,fp32_unfused,43,layer4.1.conv1,layer4.1.conv1,"(512, 512, 3, 3)",235.94585177772925,43,3,
resnet18_no_weights,IMAGENET100,fp32_unfused,44,layer4.1.conv1,layer4.1.conv1,"(512, 512, 3, 3)",315.7454488653886,44,3,
resnet18_no_weights,IMAGENET100,fp32_unfused,"42,43,44",layer4.1.conv1,layer4.1.conv1,"(512, 512, 3, 3)",275.77909619961565,aggregate,3,39.8999650650428
resnet18_no_weights,IMAGENET100,fp32_unfused,42,layer4.1.conv2,layer4.1.conv2,"(512, 512, 3, 3)",72.89614741007487,42,3,
resnet18_no_weights,IMAGENET100,fp32_unfused,43,layer4.1.conv2,layer4.1.conv2,"(512, 512, 3, 3)",72.66175020658054,43,3,
resnet18_no_weights,IMAGENET100,fp32_unfused,44,layer4.1.conv2,layer4.1.conv2,"(512, 512, 3, 3)",70.93404846191406,44,3,
resnet18_no_weights,IMAGENET100,fp32_unfused,"42,43,44",layer4.1.conv2,layer4.1.conv2,"(512, 512, 3, 3)",72.16398202618983,aggregate,3,1.0715819808351363
resnet18_no_weights,IMAGENET100,fp32_unfused,42,fc,fc,"(100, 512)",8.82913706920765,42,3,
resnet18_no_weights,IMAGENET100,fp32_unfused,43,fc,fc,"(100, 512)",8.82739299138387,43,3,
resnet18_no_weights,IMAGENET100,fp32_unfused,44,fc,fc,"(100, 512)",8.011479695638021,44,3,
resnet18_no_weights,IMAGENET100,fp32_unfused,"42,43,44",fc,fc,"(100, 512)",8.556003252076515,aggregate,3,0.47157203912995327
resnet18_no_weights,IMAGENET100,ptq,42,conv1,conv1,"(64, 3, 7, 7)",1001.882566179548,42,3,
resnet18_no_weights,IMAGENET100,ptq,43,conv1,conv1,"(64, 3, 7, 7)",1315.6256195068358,43,3,
resnet18_no_weights,IMAGENET100,ptq,44,conv1,conv1,"(64, 3, 7, 7)",1040.2034128824869,44,3,
resnet18_no_weights,IMAGENET100,ptq,"42,43,44",conv1,conv1,"(64, 3, 7, 7)",1119.2371995229569,aggregate,3,171.15323675242269
resnet18_no_weights,IMAGENET100,ptq,42,layer1.0.conv1,layer1.0.conv1,"(64, 64, 3, 3)",210.48208770751953,42,3,
resnet18_no_weights,IMAGENET100,ptq,43,layer1.0.conv1,layer1.0.conv1,"(64, 64, 3, 3)",249.06696294148762,43,3,
resnet18_no_weights,IMAGENET100,ptq,44,layer1.0.conv1,layer1.0.conv1,"(64, 64, 3, 3)",239.6329847063337,44,3,
resnet18_no_weights,IMAGENET100,ptq,"42,43,44",layer1.0.conv1,layer1.0.conv1,"(64, 64, 3, 3)",233.0606784517803,aggregate,3,20.114535946249234
resnet18_no_weights,IMAGENET100,ptq,42,layer1.0.conv2,layer1.0.conv2,"(64, 64, 3, 3)",32.69215666453044,42,3,
resnet18_no_weights,IMAGENET100,ptq,43,layer1.0.conv2,layer1.0.conv2,"(64, 64, 3, 3)",30.97764765697977,43,3,
resnet18_no_weights,IMAGENET100,ptq,44,layer1.0.conv2,layer1.0.conv2,"(64, 64, 3, 3)",25.928230571746827,44,3,
resnet18_no_weights,IMAGENET100,ptq,"42,43,44",layer1.0.conv2,layer1.0.conv2,"(64, 64, 3, 3)",29.866011631085676,aggregate,3,3.5163155486544357
resnet18_no_weights,IMAGENET100,ptq,42,layer1.1.conv1,layer1.1.conv1,"(64, 64, 3, 3)",110.70312814151539,42,3,
resnet18_no_weights,IMAGENET100,ptq,43,layer1.1.conv1,layer1.1.conv1,"(64, 64, 3, 3)",144.55470037460327,43,3,
resnet18_no_weights,IMAGENET100,ptq,44,layer1.1.conv1,layer1.1.conv1,"(64, 64, 3, 3)",125.66881561279297,44,3,
resnet18_no_weights,IMAGENET100,ptq,"42,43,44",layer1.1.conv1,layer1.1.conv1,"(64, 64, 3, 3)",126.97554804297054,aggregate,3,16.96357562237543
resnet18_no_weights,IMAGENET100,ptq,42,layer1.1.conv2,layer1.1.conv2,"(64, 64, 3, 3)",10.517379299799602,42,3,
resnet18_no_weights,IMAGENET100,ptq,43,layer1.1.conv2,layer1.1.conv2,"(64, 64, 3, 3)",10.151868176460265,43,3,
resnet18_no_weights,IMAGENET100,ptq,44,layer1.1.conv2,layer1.1.conv2,"(64, 64, 3, 3)",11.113572345839607,44,3,
resnet18_no_weights,IMAGENET100,ptq,"42,43,44",layer1.1.conv2,layer1.1.conv2,"(64, 64, 3, 3)",10.594273274033158,aggregate,3,0.48544128358172783
resnet18_no_weights,IMAGENET100,ptq,42,layer2.0.conv1,layer2.0.conv1,"(128, 64, 3, 3)",510.878363510658,42,3,
resnet18_no_weights,IMAGENET100,ptq,43,layer2.0.conv1,layer2.0.conv1,"(128, 64, 3, 3)",625.6507456461588,43,3,
resnet18_no_weights,IMAGENET100,ptq,44,layer2.0.conv1,layer2.0.conv1,"(128, 64, 3, 3)",622.4730039324079,44,3,
resnet18_no_weights,IMAGENET100,ptq,"42,43,44",layer2.0.conv1,layer2.0.conv1,"(128, 64, 3, 3)",586.3340376964082,aggregate,3,65.36584418271823
resnet18_no_weights,IMAGENET100,ptq,42,layer2.0.conv2,layer2.0.conv2,"(128, 128, 3, 3)",29.47608232498169,42,3,
resnet18_no_weights,IMAGENET100,ptq,43,layer2.0.conv2,layer2.0.conv2,"(128, 128, 3, 3)",25.8643867288317,43,3,
resnet18_no_weights,IMAGENET100,ptq,44,layer2.0.conv2,layer2.0.conv2,"(128, 128, 3, 3)",30.51550569032368,44,3,
resnet18_no_weights,IMAGENET100,ptq,"42,43,44",layer2.0.conv2,layer2.0.conv2,"(128, 128, 3, 3)",28.61865824804569,aggregate,3,2.4412310284505474
resnet18_no_weights,IMAGENET100,ptq,42,layer2.0.downsample.0,layer2.0.downsample.0,"(128, 64, 1, 1)",69.21273002624511,42,3,
resnet18_no_weights,IMAGENET100,ptq,43,layer2.0.downsample.0,layer2.0.downsample.0,"(128, 64, 1, 1)",67.7601416905721,43,3,
resnet18_no_weights,IMAGENET100,ptq,44,layer2.0.downsample.0,layer2.0.downsample.0,"(128, 64, 1, 1)",65.01087201436361,44,3,
resnet18_no_weights,IMAGENET100,ptq,"42,43,44",layer2.0.downsample.0,layer2.0.downsample.0,"(128, 64, 1, 1)",67.32791457706027,aggregate,3,2.1340145023509693
resnet18_no_weights,IMAGENET100,ptq,42,layer2.1.conv1,layer2.1.conv1,"(128, 128, 3, 3)",81.92107823689778,42,3,
resnet18_no_weights,IMAGENET100,ptq,43,layer2.1.conv1,layer2.1.conv1,"(128, 128, 3, 3)",72.83526802062988,43,3,
resnet18_no_weights,IMAGENET100,ptq,44,layer2.1.conv1,layer2.1.conv1,"(128, 128, 3, 3)",93.63286635080973,44,3,
resnet18_no_weights,IMAGENET100,ptq,"42,43,44",layer2.1.conv1,layer2.1.conv1,"(128, 128, 3, 3)",82.79640420277913,aggregate,3,10.426392987787509
resnet18_no_weights,IMAGENET100,ptq,42,layer2.1.conv2,layer2.1.conv2,"(128, 128, 3, 3)",15.549366144033579,42,3,
resnet18_no_weights,IMAGENET100,ptq,43,layer2.1.conv2,layer2.1.conv2,"(128, 128, 3, 3)",17.435404777526855,43,3,
resnet18_no_weights,IMAGENET100,ptq,44,layer2.1.conv2,layer2.1.conv2,"(128, 128, 3, 3)",14.771786419550578,44,3,
resnet18_no_weights,IMAGENET100,ptq,"42,43,44",layer2.1.conv2,layer2.1.conv2,"(128, 128, 3, 3)",15.918852447037004,aggregate,3,1.369710109956634
resnet18_no_weights,IMAGENET100,ptq,42,layer3.0.conv1,layer3.0.conv1,"(256, 128, 3, 3)",134.56081733703613,42,3,
resnet18_no_weights,IMAGENET100,ptq,43,layer3.0.conv1,layer3.0.conv1,"(256, 128, 3, 3)",172.90975977579754,43,3,
resnet18_no_weights,IMAGENET100,ptq,44,layer3.0.conv1,layer3.0.conv1,"(256, 128, 3, 3)",169.4803024291992,44,3,
resnet18_no_weights,IMAGENET100,ptq,"42,43,44",layer3.0.conv1,layer3.0.conv1,"(256, 128, 3, 3)",158.98362651401095,aggregate,3,21.22016730599052
resnet18_no_weights,IMAGENET100,ptq,42,layer3.0.conv2,layer3.0.conv2,"(256, 256, 3, 3)",48.42615954081217,42,3,
resnet18_no_weights,IMAGENET100,ptq,43,layer3.0.conv2,layer3.0.conv2,"(256, 256, 3, 3)",51.73697020212809,43,3,
resnet18_no_weights,IMAGENET100,ptq,44,layer3.0.conv2,layer3.0.conv2,"(256, 256, 3, 3)",43.59415105183919,44,3,
resnet18_no_weights,IMAGENET100,ptq,"42,43,44",layer3.0.conv2,layer3.0.conv2,"(256, 256, 3, 3)",47.91909359825982,aggregate,3,4.095022934142164
resnet18_no_weights,IMAGENET100,ptq,42,layer3.0.downsample.0,layer3.0.downsample.0,"(256, 128, 1, 1)",13.05276005268097,42,3,
resnet18_no_weights,IMAGENET100,ptq,43,layer3.0.downsample.0,layer3.0.downsample.0,"(256, 128, 1, 1)",11.271719841730027,43,3,
resnet18_no_weights,IMAGENET100,ptq,44,layer3.0.downsample.0,layer3.0.downsample.0,"(256, 128, 1, 1)",11.932916943232218,44,3,
resnet18_no_weights,IMAGENET100,ptq,"42,43,44",layer3.0.downsample.0,layer3.0.downsample.0,"(256, 128, 1, 1)",12.085798945881072,aggregate,3,0.9003086905647906
resnet18_no_weights,IMAGENET100,ptq,42,layer3.1.conv1,layer3.1.conv1,"(256, 256, 3, 3)",114.00285008748372,42,3,
resnet18_no_weights,IMAGENET100,ptq,43,layer3.1.conv1,layer3.1.conv1,"(256, 256, 3, 3)",89.393139109892,43,3,
resnet18_no_weights,IMAGENET100,ptq,44,layer3.1.conv1,layer3.1.conv1,"(256, 256, 3, 3)",91.27130059634938,44,3,
resnet18_no_weights,IMAGENET100,ptq,"42,43,44",layer3.1.conv1,layer3.1.conv1,"(256, 256, 3, 3)",98.2224299312417,aggregate,3,13.698471369935772
resnet18_no_weights,IMAGENET100,ptq,42,layer3.1.conv2,layer3.1.conv2,"(256, 256, 3, 3)",28.3005952835083,42,3,
resnet18_no_weights,IMAGENET100,ptq,43,layer3.1.conv2,layer3.1.conv2,"(256, 256, 3, 3)",26.04690933227539,43,3,
resnet18_no_weights,IMAGENET100,ptq,44,layer3.1.conv2,layer3.1.conv2,"(256, 256, 3, 3)",18.841209888458252,44,3,
resnet18_no_weights,IMAGENET100,ptq,"42,43,44",layer3.1.conv2,layer3.1.conv2,"(256, 256, 3, 3)",24.396238168080647,aggregate,3,4.941004906114703
resnet18_no_weights,IMAGENET100,ptq,42,layer4.0.conv1,layer4.0.conv1,"(512, 256, 3, 3)",125.67243472012606,42,3,
resnet18_no_weights,IMAGENET100,ptq,43,layer4.0.conv1,layer4.0.conv1,"(512, 256, 3, 3)",161.54061235700334,43,3,
resnet18_no_weights,IMAGENET100,ptq,44,layer4.0.conv1,layer4.0.conv1,"(512, 256, 3, 3)",133.01221911112467,44,3,
resnet18_no_weights,IMAGENET100,ptq,"42,43,44",layer4.0.conv1,layer4.0.conv1,"(512, 256, 3, 3)",140.075088729418,aggregate,3,18.948473215048338
resnet18_no_weights,IMAGENET100,ptq,42,layer4.0.conv2,layer4.0.conv2,"(512, 512, 3, 3)",21.01737944285075,42,3,
resnet18_no_weights,IMAGENET100,ptq,43,layer4.0.conv2,layer4.0.conv2,"(512, 512, 3, 3)",19.67208210627238,43,3,
resnet18_no_weights,IMAGENET100,ptq,44,layer4.0.conv2,layer4.0.conv2,"(512, 512, 3, 3)",23.34691702524821,44,3,
resnet18_no_weights,IMAGENET100,ptq,"42,43,44",layer4.0.conv2,layer4.0.conv2,"(512, 512, 3, 3)",21.345459524790446,aggregate,3,1.8592553147847102
resnet18_no_weights,IMAGENET100,ptq,42,layer4.0.downsample.0,layer4.0.downsample.0,"(512, 256, 1, 1)",12.075491013734236,42,3,
resnet18_no_weights,IMAGENET100,ptq,43,layer4.0.downsample.0,layer4.0.downsample.0,"(512, 256, 1, 1)",10.13549256324768,43,3,
resnet18_no_weights,IMAGENET100,ptq,44,layer4.0.downsample.0,layer4.0.downsample.0,"(512, 256, 1, 1)",9.70796073001364,44,3,
resnet18_no_weights,IMAGENET100,ptq,"42,43,44",layer4.0.downsample.0,layer4.0.downsample.0,"(512, 256, 1, 1)",10.639648102331853,aggregate,3,1.2617168924824103
resnet18_no_weights,IMAGENET100,ptq,42,layer4.1.conv1,layer4.1.conv1,"(512, 512, 3, 3)",50.500328826904294,42,3,
resnet18_no_weights,IMAGENET100,ptq,43,layer4.1.conv1,layer4.1.conv1,"(512, 512, 3, 3)",55.14542427062988,43,3,
resnet18_no_weights,IMAGENET100,ptq,44,layer4.1.conv1,layer4.1.conv1,"(512, 512, 3, 3)",63.46550301944508,44,3,
resnet18_no_weights,IMAGENET100,ptq,"42,43,44",layer4.1.conv1,layer4.1.conv1,"(512, 512, 3, 3)",56.37041870565975,aggregate,3,6.5688198319882405
resnet18_no_weights,IMAGENET100,ptq,42,layer4.1.conv2,layer4.1.conv2,"(512, 512, 3, 3)",0.16698747761547567,42,3,
resnet18_no_weights,IMAGENET100,ptq,43,layer4.1.conv2,layer4.1.conv2,"(512, 512, 3, 3)",0.14678735584020614,43,3,
resnet18_no_weights,IMAGENET100,ptq,44,layer4.1.conv2,layer4.1.conv2,"(512, 512, 3, 3)",0.15446899754220042,44,3,
resnet18_no_weights,IMAGENET100,ptq,"42,43,44",layer4.1.conv2,layer4.1.conv2,"(512, 512, 3, 3)",0.15608127699929408,aggregate,3,0.010196117580714446
resnet18_no_weights,IMAGENET100,ptq,42,fc,fc,"(100, 512)",6.4250754594802855,42,3,
resnet18_no_weights,IMAGENET100,ptq,43,fc,fc,"(100, 512)",4.739750055472056,43,3,
resnet18_no_weights,IMAGENET100,ptq,44,fc,fc,"(100, 512)",5.411098425204937,44,3,
resnet18_no_weights,IMAGENET100,ptq,"42,43,44",fc,fc,"(100, 512)",5.5253079800524265,aggregate,3,0.8484475800912639
resnet18_no_weights,IMAGENET100,fp32_fused,42,conv1,conv1,"(64, 3, 7, 7)",1870.6669227337015,42,3,
resnet18_no_weights,IMAGENET100,fp32_fused,43,conv1,conv1,"(64, 3, 7, 7)",2142.2317227450285,43,3,
resnet18_no_weights,IMAGENET100,fp32_fused,44,conv1,conv1,"(64, 3, 7, 7)",1415.7039446149554,44,3,
resnet18_no_weights,IMAGENET100,fp32_fused,"42,43,44",conv1,conv1,"(64, 3, 7, 7)",1809.5341966978951,aggregate,3,367.1015673394516
resnet18_no_weights,IMAGENET100,fp32_fused,42,layer1.0.conv1,layer1.0.conv1,"(64, 64, 3, 3)",355.95342944917223,42,3,
resnet18_no_weights,IMAGENET100,fp32_fused,43,layer1.0.conv1,layer1.0.conv1,"(64, 64, 3, 3)",270.948991394043,43,3,
resnet18_no_weights,IMAGENET100,fp32_fused,44,layer1.0.conv1,layer1.0.conv1,"(64, 64, 3, 3)",308.56189219156903,44,3,
resnet18_no_weights,IMAGENET100,fp32_fused,"42,43,44",layer1.0.conv1,layer1.0.conv1,"(64, 64, 3, 3)",311.8214376782614,aggregate,3,42.595857778097844
resnet18_no_weights,IMAGENET100,fp32_fused,42,layer1.0.conv2,layer1.0.conv2,"(64, 64, 3, 3)",48.05917472839356,42,3,
resnet18_no_weights,IMAGENET100,fp32_fused,43,layer1.0.conv2,layer1.0.conv2,"(64, 64, 3, 3)",47.41353956858317,43,3,
resnet18_no_weights,IMAGENET100,fp32_fused,44,layer1.0.conv2,layer1.0.conv2,"(64, 64, 3, 3)",36.03455384572347,44,3,
resnet18_no_weights,IMAGENET100,fp32_fused,"42,43,44",layer1.0.conv2,layer1.0.conv2,"(64, 64, 3, 3)",43.83575604756673,aggregate,3,6.763747336752678
resnet18_no_weights,IMAGENET100,fp32_fused,42,layer1.1.conv1,layer1.1.conv1,"(64, 64, 3, 3)",138.39910395940146,42,3,
resnet18_no_weights,IMAGENET100,fp32_fused,43,layer1.1.conv1,layer1.1.conv1,"(64, 64, 3, 3)",155.27154380396792,43,3,
resnet18_no_weights,IMAGENET100,fp32_fused,44,layer1.1.conv1,layer1.1.conv1,"(64, 64, 3, 3)",156.8249486287435,44,3,
resnet18_no_weights,IMAGENET100,fp32_fused,"42,43,44",layer1.1.conv1,layer1.1.conv1,"(64, 64, 3, 3)",150.16519879737095,aggregate,3,10.219295838729712
resnet18_no_weights,IMAGENET100,fp32_fused,42,layer1.1.conv2,layer1.1.conv2,"(64, 64, 3, 3)",17.335976441701252,42,3,
resnet18_no_weights,IMAGENET100,fp32_fused,43,layer1.1.conv2,layer1.1.conv2,"(64, 64, 3, 3)",14.000292233058385,43,3,
resnet18_no_weights,IMAGENET100,fp32_fused,44,layer1.1.conv2,layer1.1.conv2,"(64, 64, 3, 3)",17.242901435265175,44,3,
resnet18_no_weights,IMAGENET100,fp32_fused,"42,43,44",layer1.1.conv2,layer1.1.conv2,"(64, 64, 3, 3)",16.193056703341604,aggregate,3,1.8995598847649167
resnet18_no_weights,IMAGENET100,fp32_fused,42,layer2.0.conv1,layer2.0.conv1,"(128, 64, 3, 3)",791.2011845906576,42,3,
resnet18_no_weights,IMAGENET100,fp32_fused,43,layer2.0.conv1,layer2.0.conv1,"(128, 64, 3, 3)",883.7595733642578,43,3,
resnet18_no_weights,IMAGENET100,fp32_fused,44,layer2.0.conv1,layer2.0.conv1,"(128, 64, 3, 3)",793.0140767415364,44,3,
resnet18_no_weights,IMAGENET100,fp32_fused,"42,43,44",layer2.0.conv1,layer2.0.conv1,"(128, 64, 3, 3)",822.6582782321506,aggregate,3,52.92303699338624
resnet18_no_weights,IMAGENET100,fp32_fused,42,layer2.0.conv2,layer2.0.conv2,"(128, 128, 3, 3)",40.572372627258304,42,3,
resnet18_no_weights,IMAGENET100,fp32_fused,43,layer2.0.conv2,layer2.0.conv2,"(128, 128, 3, 3)",39.461668150765554,43,3,
resnet18_no_weights,IMAGENET100,fp32_fused,44,layer2.0.conv2,layer2.0.conv2,"(128, 128, 3, 3)",46.926506996154785,44,3,
resnet18_no_weights,IMAGENET100,fp32_fused,"42,43,44",layer2.0.conv2,layer2.0.conv2,"(128, 128, 3, 3)",42.32018259139288,aggregate,3,4.027664894197889
resnet18_no_weights,IMAGENET100,fp32_fused,42,layer2.0.downsample.0,layer2.0.downsample.0,"(128, 64, 1, 1)",93.9709986368815,42,3,
resnet18_no_weights,IMAGENET100,fp32_fused,43,layer2.0.downsample.0,layer2.0.downsample.0,"(128, 64, 1, 1)",106.42184575398763,43,3,
resnet18_no_weights,IMAGENET100,fp32_fused,44,layer2.0.downsample.0,layer2.0.downsample.0,"(128, 64, 1, 1)",77.87409369150798,44,3,
resnet18_no_weights,IMAGENET100,fp32_fused,"42,43,44",layer2.0.downsample.0,layer2.0.downsample.0,"(128, 64, 1, 1)",92.75564602745904,aggregate,3,14.312628983842389
resnet18_no_weights,IMAGENET100,fp32_fused,42,layer2.1.conv1,layer2.1.conv1,"(128, 128, 3, 3)",127.99824803670248,42,3,
resnet18_no_weights,IMAGENET100,fp32_fused,43,layer2.1.conv1,layer2.1.conv1,"(128, 128, 3, 3)",105.72951278686523,43,3,
resnet18_no_weights,IMAGENET100,fp32_fused,44,layer2.1.conv1,layer2.1.conv1,"(128, 128, 3, 3)",128.61825312738833,44,3,
resnet18_no_weights,IMAGENET100,fp32_fused,"42,43,44",layer2.1.conv1,layer2.1.conv1,"(128, 128, 3, 3)",120.78200465031868,aggregate,3,13.039525875300004
resnet18_no_weights,IMAGENET100,fp32_fused,42,layer2.1.conv2,layer2.1.conv2,"(128, 128, 3, 3)",22.914985275268556,42,3,
resnet18_no_weights,IMAGENET100,fp32_fused,43,layer2.1.conv2,layer2.1.conv2,"(128, 128, 3, 3)",24.891276359558105,43,3,
resnet18_no_weights,IMAGENET100,fp32_fused,44,layer2.1.conv2,layer2.1.conv2,"(128, 128, 3, 3)",25.472186613082886,44,3,
resnet18_no_weights,IMAGENET100,fp32_fused,"42,43,44",layer2.1.conv2,layer2.1.conv2,"(128, 128, 3, 3)",24.42614941596985,aggregate,3,1.3405509970786882
resnet18_no_weights,IMAGENET100,fp32_fused,42,layer3.0.conv1,layer3.0.conv1,"(256, 128, 3, 3)",200.1304373059954,42,3,
resnet18_no_weights,IMAGENET100,fp32_fused,43,layer3.0.conv1,layer3.0.conv1,"(256, 128, 3, 3)",220.2516960144043,43,3,
resnet18_no_weights,IMAGENET100,fp32_fused,44,layer3.0.conv1,layer3.0.conv1,"(256, 128, 3, 3)",240.6902608235677,44,3,
resnet18_no_weights,IMAGENET100,fp32_fused,"42,43,44",layer3.0.conv1,layer3.0.conv1,"(256, 128, 3, 3)",220.3574647146558,aggregate,3,20.280118619170295
resnet18_no_weights,IMAGENET100,fp32_fused,42,layer3.0.conv2,layer3.0.conv2,"(256, 256, 3, 3)",58.78661998949553,42,3,
resnet18_no_weights,IMAGENET100,fp32_fused,43,layer3.0.conv2,layer3.0.conv2,"(256, 256, 3, 3)",70.92991689046224,43,3,
resnet18_no_weights,IMAGENET100,fp32_fused,44,layer3.0.conv2,layer3.0.conv2,"(256, 256, 3, 3)",71.7381591796875,44,3,
resnet18_no_weights,IMAGENET100,fp32_fused,"42,43,44",layer3.0.conv2,layer3.0.conv2,"(256, 256, 3, 3)",67.15156535321509,aggregate,3,7.255518389683335
resnet18_no_weights,IMAGENET100,fp32_fused,42,layer3.0.downsample.0,layer3.0.downsample.0,"(256, 128, 1, 1)",13.199263461430867,42,3,
resnet18_no_weights,IMAGENET100,fp32_fused,43,layer3.0.downsample.0,layer3.0.downsample.0,"(256, 128, 1, 1)",14.335489400227864,43,3,
resnet18_no_weights,IMAGENET100,fp32_fused,44,layer3.0.downsample.0,layer3.0.downsample.0,"(256, 128, 1, 1)",18.345007207658554,44,3,
resnet18_no_weights,IMAGENET100,fp32_fused,"42,43,44",layer3.0.downsample.0,layer3.0.downsample.0,"(256, 128, 1, 1)",15.293253356439095,aggregate,3,2.7032671940308415
resnet18_no_weights,IMAGENET100,fp32_fused,42,layer3.1.conv1,layer3.1.conv1,"(256, 256, 3, 3)",152.4526992210975,42,3,
resnet18_no_weights,IMAGENET100,fp32_fused,43,layer3.1.conv1,layer3.1.conv1,"(256, 256, 3, 3)",151.7102128346761,43,3,
resnet18_no_weights,IMAGENET100,fp32_fused,44,layer3.1.conv1,layer3.1.conv1,"(256, 256, 3, 3)",145.86541748046875,44,3,
resnet18_no_weights,IMAGENET100,fp32_fused,"42,43,44",layer3.1.conv1,layer3.1.conv1,"(256, 256, 3, 3)",150.00944317874746,aggregate,3,3.607981880428585
resnet18_no_weights,IMAGENET100,fp32_fused,42,layer3.1.conv2,layer3.1.conv2,"(256, 256, 3, 3)",33.81713024775187,42,3,
resnet18_no_weights,IMAGENET100,fp32_fused,43,layer3.1.conv2,layer3.1.conv2,"(256, 256, 3, 3)",32.24271125793457,43,3,
resnet18_no_weights,IMAGENET100,fp32_fused,44,layer3.1.conv2,layer3.1.conv2,"(256, 256, 3, 3)",30.50166823647239,44,3,
resnet18_no_weights,IMAGENET100,fp32_fused,"42,43,44",layer3.1.conv2,layer3.1.conv2,"(256, 256, 3, 3)",32.187169914052944,aggregate,3,1.6584286893681848
resnet18_no_weights,IMAGENET100,fp32_fused,42,layer4.0.conv1,layer4.0.conv1,"(512, 256, 3, 3)",209.7908477783203,42,3,
resnet18_no_weights,IMAGENET100,fp32_fused,43,layer4.0.conv1,layer4.0.conv1,"(512, 256, 3, 3)",239.57200404575892,43,3,
resnet18_no_weights,IMAGENET100,fp32_fused,44,layer4.0.conv1,layer4.0.conv1,"(512, 256, 3, 3)",272.5259239196777,44,3,
resnet18_no_weights,IMAGENET100,fp32_fused,"42,43,44",layer4.0.conv1,layer4.0.conv1,"(512, 256, 3, 3)",240.62959191458566,aggregate,3,31.38090683346635
resnet18_no_weights,IMAGENET100,fp32_fused,42,layer4.0.conv2,layer4.0.conv2,"(512, 512, 3, 3)",37.28042329152425,42,3,
resnet18_no_weights,IMAGENET100,fp32_fused,43,layer4.0.conv2,layer4.0.conv2,"(512, 512, 3, 3)",39.68955957889557,43,3,
resnet18_no_weights,IMAGENET100,fp32_fused,44,layer4.0.conv2,layer4.0.conv2,"(512, 512, 3, 3)",35.220591926574706,44,3,
resnet18_no_weights,IMAGENET100,fp32_fused,"42,43,44",layer4.0.conv2,layer4.0.conv2,"(512, 512, 3, 3)",37.39685826566484,aggregate,3,2.2367578762071907
resnet18_no_weights,IMAGENET100,fp32_fused,42,layer4.0.downsample.0,layer4.0.downsample.0,"(512, 256, 1, 1)",17.538544686635337,42,3,
resnet18_no_weights,IMAGENET100,fp32_fused,43,layer4.0.downsample.0,layer4.0.downsample.0,"(512, 256, 1, 1)",16.41358602841695,43,3,
resnet18_no_weights,IMAGENET100,fp32_fused,44,layer4.0.downsample.0,layer4.0.downsample.0,"(512, 256, 1, 1)",15.055146598815918,44,3,
resnet18_no_weights,IMAGENET100,fp32_fused,"42,43,44",layer4.0.downsample.0,layer4.0.downsample.0,"(512, 256, 1, 1)",16.335759104622735,aggregate,3,1.2435269551548689
resnet18_no_weights,IMAGENET100,fp32_fused,42,layer4.1.conv1,layer4.1.conv1,"(512, 512, 3, 3)",89.83153765542167,42,3,
resnet18_no_weights,IMAGENET100,fp32_fused,43,layer4.1.conv1,layer4.1.conv1,"(512, 512, 3, 3)",99.75177032470702,43,3,
resnet18_no_weights,IMAGENET100,fp32_fused,44,layer4.1.conv1,layer4.1.conv1,"(512, 512, 3, 3)",92.00268236796062,44,3,
resnet18_no_weights,IMAGENET100,fp32_fused,"42,43,44",layer4.1.conv1,layer4.1.conv1,"(512, 512, 3, 3)",93.86199678269644,aggregate,3,5.214934479245392
resnet18_no_weights,IMAGENET100,fp32_fused,42,layer4.1.conv2,layer4.1.conv2,"(512, 512, 3, 3)",0.21134650431297444,42,3,
resnet18_no_weights,IMAGENET100,fp32_fused,43,layer4.1.conv2,layer4.1.conv2,"(512, 512, 3, 3)",0.20136533429225287,43,3,
resnet18_no_weights,IMAGENET100,fp32_fused,44,layer4.1.conv2,layer4.1.conv2,"(512, 512, 3, 3)",0.19143459896246592,44,3,
resnet18_no_weights,IMAGENET100,fp32_fused,"42,43,44",layer4.1.conv2,layer4.1.conv2,"(512, 512, 3, 3)",0.20138214585589775,aggregate,3,0.009955963320714203
resnet18_no_weights,IMAGENET100,fp32_fused,42,fc,fc,"(100, 512)",8.183479140202204,42,3,
resnet18_no_weights,IMAGENET100,fp32_fused,43,fc,fc,"(100, 512)",9.034803088506063,43,3,
resnet18_no_weights,IMAGENET100,fp32_fused,44,fc,fc,"(100, 512)",8.796118307113648,44,3,
resnet18_no_weights,IMAGENET100,fp32_fused,"42,43,44",fc,fc,"(100, 512)",8.671466845273972,aggregate,3,0.4391373434849219
resnet18_no_weights,IMAGENET100,qat,42,conv1,conv1,"(64, 3, 7, 7)",868.9133143107097,42,3,
resnet18_no_weights,IMAGENET100,qat,43,conv1,conv1,"(64, 3, 7, 7)",747.2260882059733,43,3,
resnet18_no_weights,IMAGENET100,qat,44,conv1,conv1,"(64, 3, 7, 7)",824.7115804036458,44,3,
resnet18_no_weights,IMAGENET100,qat,"42,43,44",conv1,conv1,"(64, 3, 7, 7)",813.6169943067763,aggregate,3,61.597586233244144
resnet18_no_weights,IMAGENET100,qat,42,layer1.0.conv1,layer1.0.conv1,"(64, 64, 3, 3)",221.44956891290073,42,3,
resnet18_no_weights,IMAGENET100,qat,43,layer1.0.conv1,layer1.0.conv1,"(64, 64, 3, 3)",157.93188565572103,43,3,
resnet18_no_weights,IMAGENET100,qat,44,layer1.0.conv1,layer1.0.conv1,"(64, 64, 3, 3)",215.16785844167075,44,3,
resnet18_no_weights,IMAGENET100,qat,"42,43,44",layer1.0.conv1,layer1.0.conv1,"(64, 64, 3, 3)",198.18310433676416,aggregate,3,34.99979179356582
resnet18_no_weights,IMAGENET100,qat,42,layer1.0.conv2,layer1.0.conv2,"(64, 64, 3, 3)",30.19697756767273,42,3,
resnet18_no_weights,IMAGENET100,qat,43,layer1.0.conv2,layer1.0.conv2,"(64, 64, 3, 3)",27.04175969759623,43,3,
resnet18_no_weights,IMAGENET100,qat,44,layer1.0.conv2,layer1.0.conv2,"(64, 64, 3, 3)",20.860959833318535,44,3,
resnet18_no_weights,IMAGENET100,qat,"42,43,44",layer1.0.conv2,layer1.0.conv2,"(64, 64, 3, 3)",26.033232366195833,aggregate,3,4.749015931504148
resnet18_no_weights,IMAGENET100,qat,42,layer1.1.conv1,layer1.1.conv1,"(64, 64, 3, 3)",76.55324306488038,42,3,
resnet18_no_weights,IMAGENET100,qat,43,layer1.1.conv1,layer1.1.conv1,"(64, 64, 3, 3)",76.95780060508035,43,3,
resnet18_no_weights,IMAGENET100,qat,44,layer1.1.conv1,layer1.1.conv1,"(64, 64, 3, 3)",95.4029422428297,44,3,
resnet18_no_weights,IMAGENET100,qat,"42,43,44",layer1.1.conv1,layer1.1.conv1,"(64, 64, 3, 3)",82.97132863759681,aggregate,3,10.767993282092618
resnet18_no_weights,IMAGENET100,qat,42,layer1.1.conv2,layer1.1.conv2,"(64, 64, 3, 3)",10.398364384969076,42,3,
resnet18_no_weights,IMAGENET100,qat,43,layer1.1.conv2,layer1.1.conv2,"(64, 64, 3, 3)",10.809709598620733,43,3,
resnet18_no_weights,IMAGENET100,qat,44,layer1.1.conv2,layer1.1.conv2,"(64, 64, 3, 3)",11.932813674211502,44,3,
resnet18_no_weights,IMAGENET100,qat,"42,43,44",layer1.1.conv2,layer1.1.conv2,"(64, 64, 3, 3)",11.046962552600437,aggregate,3,0.7942609007393088
resnet18_no_weights,IMAGENET100,qat,42,layer2.0.conv1,layer2.0.conv1,"(128, 64, 3, 3)",457.83347676595054,42,3,
resnet18_no_weights,IMAGENET100,qat,43,layer2.0.conv1,layer2.0.conv1,"(128, 64, 3, 3)",506.3418635050456,43,3,
resnet18_no_weights,IMAGENET100,qat,44,layer2.0.conv1,layer2.0.conv1,"(128, 64, 3, 3)",480.1240001005285,44,3,
resnet18_no_weights,IMAGENET100,qat,"42,43,44",layer2.0.conv1,layer2.0.conv1,"(128, 64, 3, 3)",481.4331134571749,aggregate,3,24.280676047894865
resnet18_no_weights,IMAGENET100,qat,42,layer2.0.conv2,layer2.0.conv2,"(128, 128, 3, 3)",22.821042098999023,42,3,
resnet18_no_weights,IMAGENET100,qat,43,layer2.0.conv2,layer2.0.conv2,"(128, 128, 3, 3)",26.997649390121985,43,3,
resnet18_no_weights,IMAGENET100,qat,44,layer2.0.conv2,layer2.0.conv2,"(128, 128, 3, 3)",22.570673815409343,44,3,
resnet18_no_weights,IMAGENET100,qat,"42,43,44",layer2.0.conv2,layer2.0.conv2,"(128, 128, 3, 3)",24.12978843484345,aggregate,3,2.4867932993043964
resnet18_no_weights,IMAGENET100,qat,42,layer2.0.downsample.0,layer2.0.downsample.0,"(128, 64, 1, 1)",54.330153427124024,42,3,
resnet18_no_weights,IMAGENET100,qat,43,layer2.0.downsample.0,layer2.0.downsample.0,"(128, 64, 1, 1)",60.78268152872722,43,3,
resnet18_no_weights,IMAGENET100,qat,44,layer2.0.downsample.0,layer2.0.downsample.0,"(128, 64, 1, 1)",45.26849700664652,44,3,
resnet18_no_weights,IMAGENET100,qat,"42,43,44",layer2.0.downsample.0,layer2.0.downsample.0,"(128, 64, 1, 1)",53.460443987499254,aggregate,3,7.7935727512047634
resnet18_no_weights,IMAGENET100,qat,42,layer2.1.conv1,layer2.1.conv1,"(128, 128, 3, 3)",64.81417229970296,42,3,
resnet18_no_weights,IMAGENET100,qat,43,layer2.1.conv1,layer2.1.conv1,"(128, 128, 3, 3)",72.6445364634196,43,3,
resnet18_no_weights,IMAGENET100,qat,44,layer2.1.conv1,layer2.1.conv1,"(128, 128, 3, 3)",66.04524586995443,44,3,
resnet18_no_weights,IMAGENET100,qat,"42,43,44",layer2.1.conv1,layer2.1.conv1,"(128, 128, 3, 3)",67.83465154435899,aggregate,3,4.210716118998986
resnet18_no_weights,IMAGENET100,qat,42,layer2.1.conv2,layer2.1.conv2,"(128, 128, 3, 3)",13.099958276748657,42,3,
resnet18_no_weights,IMAGENET100,qat,43,layer2.1.conv2,layer2.1.conv2,"(128, 128, 3, 3)",11.857274500528971,43,3,
resnet18_no_weights,IMAGENET100,qat,44,layer2.1.conv2,layer2.1.conv2,"(128, 128, 3, 3)",12.733201972643535,44,3,
resnet18_no_weights,IMAGENET100,qat,"42,43,44",layer2.1.conv2,layer2.1.conv2,"(128, 128, 3, 3)",12.563478249973722,aggregate,3,0.6384906800005613
resnet18_no_weights,IMAGENET100,qat,42,layer3.0.conv1,layer3.0.conv1,"(256, 128, 3, 3)",174.13908996582032,42,3,
resnet18_no_weights,IMAGENET100,qat,43,layer3.0.conv1,layer3.0.conv1,"(256, 128, 3, 3)",165.55945930480956,43,3,
resnet18_no_weights,IMAGENET100,qat,44,layer3.0.conv1,layer3.0.conv1,"(256, 128, 3, 3)",198.0091702779134,44,3,
resnet18_no_weights,IMAGENET100,qat,"42,43,44",layer3.0.conv1,layer3.0.conv1,"(256, 128, 3, 3)",179.2359065161811,aggregate,3,16.814549942550276
resnet18_no_weights,IMAGENET100,qat,42,layer3.0.conv2,layer3.0.conv2,"(256, 256, 3, 3)",42.45801099141439,42,3,
resnet18_no_weights,IMAGENET100,qat,43,layer3.0.conv2,layer3.0.conv2,"(256, 256, 3, 3)",55.52519257863363,43,3,
resnet18_no_weights,IMAGENET100,qat,44,layer3.0.conv2,layer3.0.conv2,"(256, 256, 3, 3)",44.75246671040853,44,3,
resnet18_no_weights,IMAGENET100,qat,"42,43,44",layer3.0.conv2,layer3.0.conv2,"(256, 256, 3, 3)",47.57855676015218,aggregate,3,6.976954735791644
resnet18_no_weights,IMAGENET100,qat,42,layer3.0.downsample.0,layer3.0.downsample.0,"(256, 128, 1, 1)",11.046529761950175,42,3,
resnet18_no_weights,IMAGENET100,qat,43,layer3.0.downsample.0,layer3.0.downsample.0,"(256, 128, 1, 1)",10.496926029523214,43,3,
resnet18_no_weights,IMAGENET100,qat,44,layer3.0.downsample.0,layer3.0.downsample.0,"(256, 128, 1, 1)",11.293201063360486,44,3,
resnet18_no_weights,IMAGENET100,qat,"42,43,44",layer3.0.downsample.0,layer3.0.downsample.0,"(256, 128, 1, 1)",10.945552284944625,aggregate,3,0.4076282871991859
resnet18_no_weights,IMAGENET100,qat,42,layer3.1.conv1,layer3.1.conv1,"(256, 256, 3, 3)",93.131037012736,42,3,
resnet18_no_weights,IMAGENET100,qat,43,layer3.1.conv1,layer3.1.conv1,"(256, 256, 3, 3)",98.85289001464844,43,3,
resnet18_no_weights,IMAGENET100,qat,44,layer3.1.conv1,layer3.1.conv1,"(256, 256, 3, 3)",84.9564879099528,44,3,
resnet18_no_weights,IMAGENET100,qat,"42,43,44",layer3.1.conv1,layer3.1.conv1,"(256, 256, 3, 3)",92.31347164577907,aggregate,3,6.984182680227007
resnet18_no_weights,IMAGENET100,qat,42,layer3.1.conv2,layer3.1.conv2,"(256, 256, 3, 3)",21.377184772491454,42,3,
resnet18_no_weights,IMAGENET100,qat,43,layer3.1.conv2,layer3.1.conv2,"(256, 256, 3, 3)",17.911398522059123,43,3,
resnet18_no_weights,IMAGENET100,qat,44,layer3.1.conv2,layer3.1.conv2,"(256, 256, 3, 3)",18.785697412490844,44,3,
resnet18_no_weights,IMAGENET100,qat,"42,43,44",layer3.1.conv2,layer3.1.conv2,"(256, 256, 3, 3)",19.358093569013807,aggregate,3,1.8024002339722283
resnet18_no_weights,IMAGENET100,qat,42,layer4.0.conv1,layer4.0.conv1,"(512, 256, 3, 3)",152.08338724772136,42,3,
resnet18_no_weights,IMAGENET100,qat,43,layer4.0.conv1,layer4.0.conv1,"(512, 256, 3, 3)",183.09536985917524,43,3,
resnet18_no_weights,IMAGENET100,qat,44,layer4.0.conv1,layer4.0.conv1,"(512, 256, 3, 3)",196.88905652364096,44,3,
resnet18_no_weights,IMAGENET100,qat,"42,43,44",layer4.0.conv1,layer4.0.conv1,"(512, 256, 3, 3)",177.35593787684584,aggregate,3,22.947610102701553
resnet18_no_weights,IMAGENET100,qat,42,layer4.0.conv2,layer4.0.conv2,"(512, 512, 3, 3)",25.473528321584066,42,3,
resnet18_no_weights,IMAGENET100,qat,43,layer4.0.conv2,layer4.0.conv2,"(512, 512, 3, 3)",26.36854257583618,43,3,
resnet18_no_weights,IMAGENET100,qat,44,layer4.0.conv2,layer4.0.conv2,"(512, 512, 3, 3)",26.784747314453124,44,3,
resnet18_no_weights,IMAGENET100,qat,"42,43,44",layer4.0.conv2,layer4.0.conv2,"(512, 512, 3, 3)",26.20893940395779,aggregate,3,0.670021410979059
resnet18_no_weights,IMAGENET100,qat,42,layer4.0.downsample.0,layer4.0.downsample.0,"(512, 256, 1, 1)",11.297065925598144,42,3,
resnet18_no_weights,IMAGENET100,qat,43,layer4.0.downsample.0,layer4.0.downsample.0,"(512, 256, 1, 1)",9.640386478106182,43,3,
resnet18_no_weights,IMAGENET100,qat,44,layer4.0.downsample.0,layer4.0.downsample.0,"(512, 256, 1, 1)",11.826363303444602,44,3,
resnet18_no_weights,IMAGENET100,qat,"42,43,44",layer4.0.downsample.0,layer4.0.downsample.0,"(512, 256, 1, 1)",10.921271902382976,aggregate,3,1.1404120006130858
resnet18_no_weights,IMAGENET100,qat,42,layer4.1.conv1,layer4.1.conv1,"(512, 512, 3, 3)",86.75826975504557,42,3,
resnet18_no_weights,IMAGENET100,qat,43,layer4.1.conv1,layer4.1.conv1,"(512, 512, 3, 3)",93.47888367970785,43,3,
resnet18_no_weights,IMAGENET100,qat,44,layer4.1.conv1,layer4.1.conv1,"(512, 512, 3, 3)",79.14425036112468,44,3,
resnet18_no_weights,IMAGENET100,qat,"42,43,44",layer4.1.conv1,layer4.1.conv1,"(512, 512, 3, 3)",86.46046793195937,aggregate,3,7.1719552800428
resnet18_no_weights,IMAGENET100,qat,42,layer4.1.conv2,layer4.1.conv2,"(512, 512, 3, 3)",0.19425541535019875,42,3,
resnet18_no_weights,IMAGENET100,qat,43,layer4.1.conv2,layer4.1.conv2,"(512, 512, 3, 3)",0.2178288014686626,43,3,
resnet18_no_weights,IMAGENET100,qat,44,layer4.1.conv2,layer4.1.conv2,"(512, 512, 3, 3)",0.16012671689192454,44,3,
resnet18_no_weights,IMAGENET100,qat,"42,43,44",layer4.1.conv2,layer4.1.conv2,"(512, 512, 3, 3)",0.19073697790359528,aggregate,3,0.02901150104138881
resnet18_no_weights,IMAGENET100,qat,42,fc,fc,"(100, 512)",7.036497783660889,42,3,
resnet18_no_weights,IMAGENET100,qat,43,fc,fc,"(100, 512)",8.2039165019989,43,3,
resnet18_no_weights,IMAGENET100,qat,44,fc,fc,"(100, 512)",7.839109412829081,44,3,
resnet18_no_weights,IMAGENET100,qat,"42,43,44",fc,fc,"(100, 512)",7.6931745661629565,aggregate,3,0.5972347533299535
resnet18_no_weights,IMAGENET100,fp32_fused_qat,42,conv1,conv1,"(64, 3, 7, 7)",3334.8304036458335,42,3,
resnet18_no_weights,IMAGENET100,fp32_fused_qat,43,conv1,conv1,"(64, 3, 7, 7)",3527.3490071614583,43,3,
resnet18_no_weights,IMAGENET100,fp32_fused_qat,44,conv1,conv1,"(64, 3, 7, 7)",3722.107979910714,44,3,
resnet18_no_weights,IMAGENET100,fp32_fused_qat,"42,43,44",conv1,conv1,"(64, 3, 7, 7)",3528.095796906002,aggregate,3,193.63986815888933
resnet18_no_weights,IMAGENET100,fp32_fused_qat,42,layer1.0.conv1,layer1.0.conv1,"(64, 64, 3, 3)",620.4846707857572,42,3,
resnet18_no_weights,IMAGENET100,fp32_fused_qat,43,layer1.0.conv1,layer1.0.conv1,"(64, 64, 3, 3)",679.4120442708333,43,3,
resnet18_no_weights,IMAGENET100,fp32_fused_qat,44,layer1.0.conv1,layer1.0.conv1,"(64, 64, 3, 3)",648.6990295410156,44,3,
resnet18_no_weights,IMAGENET100,fp32_fused_qat,"42,43,44",layer1.0.conv1,layer1.0.conv1,"(64, 64, 3, 3)",649.5319148658688,aggregate,3,29.47251448274613
resnet18_no_weights,IMAGENET100,fp32_fused_qat,42,layer1.0.conv2,layer1.0.conv2,"(64, 64, 3, 3)",87.61058502197265,42,3,
resnet18_no_weights,IMAGENET100,fp32_fused_qat,43,layer1.0.conv2,layer1.0.conv2,"(64, 64, 3, 3)",110.6607073465983,43,3,
resnet18_no_weights,IMAGENET100,fp32_fused_qat,44,layer1.0.conv2,layer1.0.conv2,"(64, 64, 3, 3)",94.22864061991373,44,3,
resnet18_no_weights,IMAGENET100,fp32_fused_qat,"42,43,44",layer1.0.conv2,layer1.0.conv2,"(64, 64, 3, 3)",97.49997766282823,aggregate,3,11.868162003078229
resnet18_no_weights,IMAGENET100,fp32_fused_qat,42,layer1.1.conv1,layer1.1.conv1,"(64, 64, 3, 3)",305.67291355133057,42,3,
resnet18_no_weights,IMAGENET100,fp32_fused_qat,43,layer1.1.conv1,layer1.1.conv1,"(64, 64, 3, 3)",343.35539076063367,43,3,
resnet18_no_weights,IMAGENET100,fp32_fused_qat,44,layer1.1.conv1,layer1.1.conv1,"(64, 64, 3, 3)",285.4569899460365,44,3,
resnet18_no_weights,IMAGENET100,fp32_fused_qat,"42,43,44",layer1.1.conv1,layer1.1.conv1,"(64, 64, 3, 3)",311.49509808600027,aggregate,3,29.385023035361844
resnet18_no_weights,IMAGENET100,fp32_fused_qat,42,layer1.1.conv2,layer1.1.conv2,"(64, 64, 3, 3)",46.386793518066405,42,3,
resnet18_no_weights,IMAGENET100,fp32_fused_qat,43,layer1.1.conv2,layer1.1.conv2,"(64, 64, 3, 3)",41.45545323689779,43,3,
resnet18_no_weights,IMAGENET100,fp32_fused_qat,44,layer1.1.conv2,layer1.1.conv2,"(64, 64, 3, 3)",39.883885542551674,44,3,
resnet18_no_weights,IMAGENET100,fp32_fused_qat,"42,43,44",layer1.1.conv2,layer1.1.conv2,"(64, 64, 3, 3)",42.57537743250529,aggregate,3,3.393026036951913
resnet18_no_weights,IMAGENET100,fp32_fused_qat,42,layer2.0.conv1,layer2.0.conv1,"(128, 64, 3, 3)",1531.8246815999348,42,3,
resnet18_no_weights,IMAGENET100,fp32_fused_qat,43,layer2.0.conv1,layer2.0.conv1,"(128, 64, 3, 3)",1760.5197428385416,43,3,
resnet18_no_weights,IMAGENET100,fp32_fused_qat,44,layer2.0.conv1,layer2.0.conv1,"(128, 64, 3, 3)",1547.7040934244792,44,3,
resnet18_no_weights,IMAGENET100,fp32_fused_qat,"42,43,44",layer2.0.conv1,layer2.0.conv1,"(128, 64, 3, 3)",1613.3495059543186,aggregate,3,127.70022669671386
resnet18_no_weights,IMAGENET100,fp32_fused_qat,42,layer2.0.conv2,layer2.0.conv2,"(128, 128, 3, 3)",73.47887744903565,42,3,
resnet18_no_weights,IMAGENET100,fp32_fused_qat,43,layer2.0.conv2,layer2.0.conv2,"(128, 128, 3, 3)",68.48283650324895,43,3,
resnet18_no_weights,IMAGENET100,fp32_fused_qat,44,layer2.0.conv2,layer2.0.conv2,"(128, 128, 3, 3)",85.5711129506429,44,3,
resnet18_no_weights,IMAGENET100,fp32_fused_qat,"42,43,44",layer2.0.conv2,layer2.0.conv2,"(128, 128, 3, 3)",75.84427563430917,aggregate,3,8.786275059250714
resnet18_no_weights,IMAGENET100,fp32_fused_qat,42,layer2.0.downsample.0,layer2.0.downsample.0,"(128, 64, 1, 1)",128.1725254058838,42,3,
resnet18_no_weights,IMAGENET100,fp32_fused_qat,43,layer2.0.downsample.0,layer2.0.downsample.0,"(128, 64, 1, 1)",179.42378997802734,43,3,
resnet18_no_weights,IMAGENET100,fp32_fused_qat,44,layer2.0.downsample.0,layer2.0.downsample.0,"(128, 64, 1, 1)",176.49463812510172,44,3,
resnet18_no_weights,IMAGENET100,fp32_fused_qat,"42,43,44",layer2.0.downsample.0,layer2.0.downsample.0,"(128, 64, 1, 1)",161.36365116967096,aggregate,3,28.781645275158024
resnet18_no_weights,IMAGENET100,fp32_fused_qat,42,layer2.1.conv1,layer2.1.conv1,"(128, 128, 3, 3)",234.398559933617,42,3,
resnet18_no_weights,IMAGENET100,fp32_fused_qat,43,layer2.1.conv1,layer2.1.conv1,"(128, 128, 3, 3)",221.4009231567383,43,3,
resnet18_no_weights,IMAGENET100,fp32_fused_qat,44,layer2.1.conv1,layer2.1.conv1,"(128, 128, 3, 3)",253.12403945922853,44,3,
resnet18_no_weights,IMAGENET100,fp32_fused_qat,"42,43,44",layer2.1.conv1,layer2.1.conv1,"(128, 128, 3, 3)",236.30784084986126,aggregate,3,15.947508965295533
resnet18_no_weights,IMAGENET100,fp32_fused_qat,42,layer2.1.conv2,layer2.1.conv2,"(128, 128, 3, 3)",46.05470436497738,42,3,
resnet18_no_weights,IMAGENET100,fp32_fused_qat,43,layer2.1.conv2,layer2.1.conv2,"(128, 128, 3, 3)",49.24062728881836,43,3,
resnet18_no_weights,IMAGENET100,fp32_fused_qat,44,layer2.1.conv2,layer2.1.conv2,"(128, 128, 3, 3)",41.27236675080799,44,3,
resnet18_no_weights,IMAGENET100,fp32_fused_qat,"42,43,44",layer2.1.conv2,layer2.1.conv2,"(128, 128, 3, 3)",45.52256613486791,aggregate,3,4.010694743103913
resnet18_no_weights,IMAGENET100,fp32_fused_qat,42,layer3.0.conv1,layer3.0.conv1,"(256, 128, 3, 3)",448.0138108102899,42,3,
resnet18_no_weights,IMAGENET100,fp32_fused_qat,43,layer3.0.conv1,layer3.0.conv1,"(256, 128, 3, 3)",370.8091532389323,43,3,
resnet18_no_weights,IMAGENET100,fp32_fused_qat,44,layer3.0.conv1,layer3.0.conv1,"(256, 128, 3, 3)",418.0348358154297,44,3,
resnet18_no_weights,IMAGENET100,fp32_fused_qat,"42,43,44",layer3.0.conv1,layer3.0.conv1,"(256, 128, 3, 3)",412.2859332882173,aggregate,3,38.92206569387328
resnet18_no_weights,IMAGENET100,fp32_fused_qat,42,layer3.0.conv2,layer3.0.conv2,"(256, 256, 3, 3)",115.5508827633328,42,3,
resnet18_no_weights,IMAGENET100,fp32_fused_qat,43,layer3.0.conv2,layer3.0.conv2,"(256, 256, 3, 3)",135.89490280151367,43,3,
resnet18_no_weights,IMAGENET100,fp32_fused_qat,44,layer3.0.conv2,layer3.0.conv2,"(256, 256, 3, 3)",135.90281786237443,44,3,
resnet18_no_weights,IMAGENET100,fp32_fused_qat,"42,43,44",layer3.0.conv2,layer3.0.conv2,"(256, 256, 3, 3)",129.11620114240696,aggregate,3,11.747910993290795
resnet18_no_weights,IMAGENET100,fp32_fused_qat,42,layer3.0.downsample.0,layer3.0.downsample.0,"(256, 128, 1, 1)",28.45296247381913,42,3,
resnet18_no_weights,IMAGENET100,fp32_fused_qat,43,layer3.0.downsample.0,layer3.0.downsample.0,"(256, 128, 1, 1)",22.677817662556965,43,3,
resnet18_no_weights,IMAGENET100,fp32_fused_qat,44,layer3.0.downsample.0,layer3.0.downsample.0,"(256, 128, 1, 1)",31.847752189636232,44,3,
resnet18_no_weights,IMAGENET100,fp32_fused_qat,"42,43,44",layer3.0.downsample.0,layer3.0.downsample.0,"(256, 128, 1, 1)",27.65951077533744,aggregate,3,4.636172883542818
resnet18_no_weights,IMAGENET100,fp32_fused_qat,42,layer3.1.conv1,layer3.1.conv1,"(256, 256, 3, 3)",243.4401621500651,42,3,
resnet18_no_weights,IMAGENET100,fp32_fused_qat,43,layer3.1.conv1,layer3.1.conv1,"(256, 256, 3, 3)",249.24471486409504,43,3,
resnet18_no_weights,IMAGENET100,fp32_fused_qat,44,layer3.1.conv1,layer3.1.conv1,"(256, 256, 3, 3)",246.4632792154948,44,3,
resnet18_no_weights,IMAGENET100,fp32_fused_qat,"42,43,44",layer3.1.conv1,layer3.1.conv1,"(256, 256, 3, 3)",246.3827187432183,aggregate,3,2.9031148004786407
resnet18_no_weights,IMAGENET100,fp32_fused_qat,42,layer3.1.conv2,layer3.1.conv2,"(256, 256, 3, 3)",43.881916236877444,42,3,
resnet18_no_weights,IMAGENET100,fp32_fused_qat,43,layer3.1.conv2,layer3.1.conv2,"(256, 256, 3, 3)",62.297689819335936,43,3,
resnet18_no_weights,IMAGENET100,fp32_fused_qat,44,layer3.1.conv2,layer3.1.conv2,"(256, 256, 3, 3)",41.90210445110615,44,3,
resnet18_no_weights,IMAGENET100,fp32_fused_qat,"42,43,44",layer3.1.conv2,layer3.1.conv2,"(256, 256, 3, 3)",49.36057016910651,aggregate,3,11.24752027382187
resnet18_no_weights,IMAGENET100,fp32_fused_qat,42,layer4.0.conv1,layer4.0.conv1,"(512, 256, 3, 3)",445.19530080159507,42,3,
resnet18_no_weights,IMAGENET100,fp32_fused_qat,43,layer4.0.conv1,layer4.0.conv1,"(512, 256, 3, 3)",493.57988891601565,43,3,
resnet18_no_weights,IMAGENET100,fp32_fused_qat,44,layer4.0.conv1,layer4.0.conv1,"(512, 256, 3, 3)",478.23536173502606,44,3,
resnet18_no_weights,IMAGENET100,fp32_fused_qat,"42,43,44",layer4.0.conv1,layer4.0.conv1,"(512, 256, 3, 3)",472.3368504842123,aggregate,3,24.725723811094287
resnet18_no_weights,IMAGENET100,fp32_fused_qat,42,layer4.0.conv2,layer4.0.conv2,"(512, 512, 3, 3)",64.6019184589386,42,3,
resnet18_no_weights,IMAGENET100,fp32_fused_qat,43,layer4.0.conv2,layer4.0.conv2,"(512, 512, 3, 3)",67.4259661356608,43,3,
resnet18_no_weights,IMAGENET100,fp32_fused_qat,44,layer4.0.conv2,layer4.0.conv2,"(512, 512, 3, 3)",74.3866526058742,44,3,
resnet18_no_weights,IMAGENET100,fp32_fused_qat,"42,43,44",layer4.0.conv2,layer4.0.conv2,"(512, 512, 3, 3)",68.8048457334912,aggregate,3,5.035994171018927
resnet18_no_weights,IMAGENET100,fp32_fused_qat,42,layer4.0.downsample.0,layer4.0.downsample.0,"(512, 256, 1, 1)",28.954982904287483,42,3,
resnet18_no_weights,IMAGENET100,fp32_fused_qat,43,layer4.0.downsample.0,layer4.0.downsample.0,"(512, 256, 1, 1)",30.656572784696305,43,3,
resnet18_no_weights,IMAGENET100,fp32_fused_qat,44,layer4.0.downsample.0,layer4.0.downsample.0,"(512, 256, 1, 1)",26.26086676120758,44,3,
resnet18_no_weights,IMAGENET100,fp32_fused_qat,"42,43,44",layer4.0.downsample.0,layer4.0.downsample.0,"(512, 256, 1, 1)",28.624140816730456,aggregate,3,2.2164499151589423
resnet18_no_weights,IMAGENET100,fp32_fused_qat,42,layer4.1.conv1,layer4.1.conv1,"(512, 512, 3, 3)",184.46361342720363,42,3,
resnet18_no_weights,IMAGENET100,fp32_fused_qat,43,layer4.1.conv1,layer4.1.conv1,"(512, 512, 3, 3)",219.53420384724936,43,3,
resnet18_no_weights,IMAGENET100,fp32_fused_qat,44,layer4.1.conv1,layer4.1.conv1,"(512, 512, 3, 3)",196.59749908447264,44,3,
resnet18_no_weights,IMAGENET100,fp32_fused_qat,"42,43,44",layer4.1.conv1,layer4.1.conv1,"(512, 512, 3, 3)",200.19843878630854,aggregate,3,17.81043663571571
resnet18_no_weights,IMAGENET100,fp32_fused_qat,42,layer4.1.conv2,layer4.1.conv2,"(512, 512, 3, 3)",0.5280988921721776,42,3,
resnet18_no_weights,IMAGENET100,fp32_fused_qat,43,layer4.1.conv2,layer4.1.conv2,"(512, 512, 3, 3)",0.4071646615862846,43,3,
resnet18_no_weights,IMAGENET100,fp32_fused_qat,44,layer4.1.conv2,layer4.1.conv2,"(512, 512, 3, 3)",0.3751931597789129,44,3,
resnet18_no_weights,IMAGENET100,fp32_fused_qat,"42,43,44",layer4.1.conv2,layer4.1.conv2,"(512, 512, 3, 3)",0.43681890451245836,aggregate,3,0.0806509227617612
resnet18_no_weights,IMAGENET100,fp32_fused_qat,42,fc,fc,"(100, 512)",16.428708203633626,42,3,
resnet18_no_weights,IMAGENET100,fp32_fused_qat,43,fc,fc,"(100, 512)",16.474751917521157,43,3,
resnet18_no_weights,IMAGENET100,fp32_fused_qat,44,fc,fc,"(100, 512)",16.56344362894694,44,3,
resnet18_no_weights,IMAGENET100,fp32_fused_qat,"42,43,44",fc,fc,"(100, 512)",16.488967916700574,aggregate,3,0.06848342633872587
cnn,IMAGENET100,fp32_unfused,42,conv1,conv1,"(32, 3, 3, 3)",133.12904624938966,42,3,
cnn,IMAGENET100,fp32_unfused,43,conv1,conv1,"(32, 3, 3, 3)",155.46344407399496,43,3,
cnn,IMAGENET100,fp32_unfused,44,conv1,conv1,"(32, 3, 3, 3)",94.51451206207275,44,3,
cnn,IMAGENET100,fp32_unfused,"42,43,44",conv1,conv1,"(32, 3, 3, 3)",127.70233412848579,aggregate,3,30.834720392454553
cnn,IMAGENET100,fp32_unfused,42,conv2,conv2,"(64, 32, 3, 3)",311.7918243408203,42,3,
cnn,IMAGENET100,fp32_unfused,43,conv2,conv2,"(64, 32, 3, 3)",356.3440785725912,43,3,
cnn,IMAGENET100,fp32_unfused,44,conv2,conv2,"(64, 32, 3, 3)",334.5691441853841,44,3,
cnn,IMAGENET100,fp32_unfused,"42,43,44",conv2,conv2,"(64, 32, 3, 3)",334.23501569959853,aggregate,3,22.278006433854134
cnn,IMAGENET100,fp32_unfused,42,conv3,conv3,"(128, 64, 3, 3)",606.2569071451823,42,3,
cnn,IMAGENET100,fp32_unfused,43,conv3,conv3,"(128, 64, 3, 3)",615.618007405599,43,3,
cnn,IMAGENET100,fp32_unfused,44,conv3,conv3,"(128, 64, 3, 3)",684.1189448915679,44,3,
cnn,IMAGENET100,fp32_unfused,"42,43,44",conv3,conv3,"(128, 64, 3, 3)",635.3312864807831,aggregate,3,42.50981368374796
cnn,IMAGENET100,fp32_unfused,42,conv4,conv4,"(256, 128, 3, 3)",96.41744473775228,42,3,
cnn,IMAGENET100,fp32_unfused,43,conv4,conv4,"(256, 128, 3, 3)",93.75659688313802,43,3,
cnn,IMAGENET100,fp32_unfused,44,conv4,conv4,"(256, 128, 3, 3)",100.40172131856282,44,3,
cnn,IMAGENET100,fp32_unfused,"42,43,44",conv4,conv4,"(256, 128, 3, 3)",96.85858764648437,aggregate,3,3.344454363571645
cnn,IMAGENET100,fp32_unfused,42,fc1,fc1,"(1024, 1024)",71.3720240873449,42,3,
cnn,IMAGENET100,fp32_unfused,43,fc1,fc1,"(1024, 1024)",76.4858824412028,43,3,
cnn,IMAGENET100,fp32_unfused,44,fc1,fc1,"(1024, 1024)",66.86720530192058,44,3,
cnn,IMAGENET100,fp32_unfused,"42,43,44",fc1,fc1,"(1024, 1024)",71.57503727682275,aggregate,3,4.812551115963768
cnn,IMAGENET100,fp32_unfused,42,fc2,fc2,"(100, 1024)",53.973462018099696,42,3,
cnn,IMAGENET100,fp32_unfused,43,fc2,fc2,"(100, 1024)",57.18005813598633,43,3,
cnn,IMAGENET100,fp32_unfused,44,fc2,fc2,"(100, 1024)",52.38816743738511,44,3,
cnn,IMAGENET100,fp32_unfused,"42,43,44",fc2,fc2,"(100, 1024)",54.51389586382371,aggregate,3,2.441230360502315
cnn,IMAGENET100,ptq,42,conv1,conv1,"(32, 3, 3, 3)",775.9920532226563,42,3,
cnn,IMAGENET100,ptq,43,conv1,conv1,"(32, 3, 3, 3)",879.41715037028,43,3,
cnn,IMAGENET100,ptq,44,conv1,conv1,"(32, 3, 3, 3)",640.5362316894531,44,3,
cnn,IMAGENET100,ptq,"42,43,44",conv1,conv1,"(32, 3, 3, 3)",765.3151450941298,aggregate,3,119.79783221259767
cnn,IMAGENET100,ptq,42,conv2,conv2,"(64, 32, 3, 3)",3369.9026611328127,42,3,
cnn,IMAGENET100,ptq,43,conv2,conv2,"(64, 32, 3, 3)",3483.4188639322915,43,3,
cnn,IMAGENET100,ptq,44,conv2,conv2,"(64, 32, 3, 3)",3736.398399939904,44,3,
cnn,IMAGENET100,ptq,"42,43,44",conv2,conv2,"(64, 32, 3, 3)",3529.906641668336,aggregate,3,187.61827403018555
cnn,IMAGENET100,ptq,42,conv3,conv3,"(128, 64, 3, 3)",1453.961129760742,42,3,
cnn,IMAGENET100,ptq,43,conv3,conv3,"(128, 64, 3, 3)",1294.5584869384766,43,3,
cnn,IMAGENET100,ptq,44,conv3,conv3,"(128, 64, 3, 3)",1100.4496154785156,44,3,
cnn,IMAGENET100,ptq,"42,43,44",conv3,conv3,"(128, 64, 3, 3)",1282.9897440592447,aggregate,3,177.0394717044268
cnn,IMAGENET100,ptq,42,conv4,conv4,"(256, 128, 3, 3)",16.375673421223958,42,3,
cnn,IMAGENET100,ptq,43,conv4,conv4,"(256, 128, 3, 3)",19.343090806688583,43,3,
cnn,IMAGENET100,ptq,44,conv4,conv4,"(256, 128, 3, 3)",19.77999823888143,44,3,
cnn,IMAGENET100,ptq,"42,43,44",conv4,conv4,"(256, 128, 3, 3)",18.499587488931322,aggregate,3,1.8522905418238986
cnn,IMAGENET100,ptq,42,fc1,fc1,"(1024, 1024)",302.3883631388346,42,3,
cnn,IMAGENET100,ptq,43,fc1,fc1,"(1024, 1024)",368.1772228422619,43,3,
cnn,IMAGENET100,ptq,44,fc1,fc1,"(1024, 1024)",292.2300720214844,44,3,
cnn,IMAGENET100,ptq,"42,43,44",fc1,fc1,"(1024, 1024)",320.9318860008603,aggregate,3,41.229711490008455
cnn,IMAGENET100,ptq,42,fc2,fc2,"(100, 1024)",273.8171761252663,42,3,
cnn,IMAGENET100,ptq,43,fc2,fc2,"(100, 1024)",236.69836832682293,43,3,
cnn,IMAGENET100,ptq,44,fc2,fc2,"(100, 1024)",261.57781301225936,44,3,
cnn,IMAGENET100,ptq,"42,43,44",fc2,fc2,"(100, 1024)",257.36445248811617,aggregate,3,18.914697414292707
cnn,IMAGENET100,fp32_fused,42,conv1,conv1,"(32, 3, 3, 3)",530.0872589111328,42,3,
cnn,IMAGENET100,fp32_fused,43,conv1,conv1,"(32, 3, 3, 3)",718.6691589355469,43,3,
cnn,IMAGENET100,fp32_fused,44,conv1,conv1,"(32, 3, 3, 3)",392.67841084798175,44,3,
cnn,IMAGENET100,fp32_fused,"42,43,44",conv1,conv1,"(32, 3, 3, 3)",547.1449428982205,aggregate,3,163.66342107179935
cnn,IMAGENET100,fp32_fused,42,conv2,conv2,"(64, 32, 3, 3)",2094.636442638579,42,3,
cnn,IMAGENET100,fp32_fused,43,conv2,conv2,"(64, 32, 3, 3)",2111.052945963542,43,3,
cnn,IMAGENET100,fp32_fused,44,conv2,conv2,"(64, 32, 3, 3)",2015.8761755901835,44,3,
cnn,IMAGENET100,fp32_fused,"42,43,44",conv2,conv2,"(64, 32, 3, 3)",2073.8551880641016,aggregate,3,50.877792905575966
cnn,IMAGENET100,fp32_fused,42,conv3,conv3,"(128, 64, 3, 3)",1230.1354418945311,42,3,
cnn,IMAGENET100,fp32_fused,43,conv3,conv3,"(128, 64, 3, 3)",972.3013480050223,43,3,
cnn,IMAGENET100,fp32_fused,44,conv3,conv3,"(128, 64, 3, 3)",990.4324998121995,44,3,
cnn,IMAGENET100,fp32_fused,"42,43,44",conv3,conv3,"(128, 64, 3, 3)",1064.289763237251,aggregate,3,143.91239179943506
cnn,IMAGENET100,fp32_fused,42,conv4,conv4,"(256, 128, 3, 3)",5.767564805348714,42,3,
cnn,IMAGENET100,fp32_fused,43,conv4,conv4,"(256, 128, 3, 3)",5.3540459156036375,43,3,
cnn,IMAGENET100,fp32_fused,44,conv4,conv4,"(256, 128, 3, 3)",7.6718348662058515,44,3,
cnn,IMAGENET100,fp32_fused,"42,43,44",conv4,conv4,"(256, 128, 3, 3)",6.264481862386067,aggregate,3,1.236216536883578
cnn,IMAGENET100,fp32_fused,42,fc1,fc1,"(1024, 1024)",71.58138898213704,42,3,
cnn,IMAGENET100,fp32_fused,43,fc1,fc1,"(1024, 1024)",81.33100461959839,43,3,
cnn,IMAGENET100,fp32_fused,44,fc1,fc1,"(1024, 1024)",77.85716705322265,44,3,
cnn,IMAGENET100,fp32_fused,"42,43,44",fc1,fc1,"(1024, 1024)",76.92318688498602,aggregate,3,4.941456312217299
cnn,IMAGENET100,fp32_fused,42,fc2,fc2,"(100, 1024)",61.179623013450986,42,3,
cnn,IMAGENET100,fp32_fused,43,fc2,fc2,"(100, 1024)",56.07034200032552,43,3,
cnn,IMAGENET100,fp32_fused,44,fc2,fc2,"(100, 1024)",59.18608529227121,44,3,
cnn,IMAGENET100,fp32_fused,"42,43,44",fc2,fc2,"(100, 1024)",58.81201676868257,aggregate,3,2.575098748208686
cnn,IMAGENET100,qat,42,conv1,conv1,"(32, 3, 3, 3)",97.41208839416504,42,3,
cnn,IMAGENET100,qat,43,conv1,conv1,"(32, 3, 3, 3)",106.15453211466472,43,3,
cnn,IMAGENET100,qat,44,conv1,conv1,"(32, 3, 3, 3)",93.89149340461282,44,3,
cnn,IMAGENET100,qat,"42,43,44",conv1,conv1,"(32, 3, 3, 3)",99.1527046378142,aggregate,3,6.314098374415726
cnn,IMAGENET100,qat,42,conv2,conv2,"(64, 32, 3, 3)",1116.6562441871279,42,3,
cnn,IMAGENET100,qat,43,conv2,conv2,"(64, 32, 3, 3)",1148.7122395833333,43,3,
cnn,IMAGENET100,qat,44,conv2,conv2,"(64, 32, 3, 3)",1160.5649271647135,44,3,
cnn,IMAGENET100,qat,"42,43,44",conv2,conv2,"(64, 32, 3, 3)",1141.9778036450582,aggregate,3,22.71580024479827
cnn,IMAGENET100,qat,42,conv3,conv3,"(128, 64, 3, 3)",894.8812109375,42,3,
cnn,IMAGENET100,qat,43,conv3,conv3,"(128, 64, 3, 3)",709.8524578857422,43,3,
cnn,IMAGENET100,qat,44,conv3,conv3,"(128, 64, 3, 3)",662.4868764241536,44,3,
cnn,IMAGENET100,qat,"42,43,44",conv3,conv3,"(128, 64, 3, 3)",755.7401817491319,aggregate,3,122.80490250595584
cnn,IMAGENET100,qat,42,conv4,conv4,"(256, 128, 3, 3)",5.477133830388387,42,3,
cnn,IMAGENET100,qat,43,conv4,conv4,"(256, 128, 3, 3)",5.411376591386466,43,3,
cnn,IMAGENET100,qat,44,conv4,conv4,"(256, 128, 3, 3)",5.803736716508865,44,3,
cnn,IMAGENET100,qat,"42,43,44",conv4,conv4,"(256, 128, 3, 3)",5.564082379427906,aggregate,3,0.21013484856533085
cnn,IMAGENET100,qat,42,fc1,fc1,"(1024, 1024)",67.05093383789062,42,3,
cnn,IMAGENET100,qat,43,fc1,fc1,"(1024, 1024)",65.93988691057477,43,3,
cnn,IMAGENET100,qat,44,fc1,fc1,"(1024, 1024)",79.30176544189453,44,3,
cnn,IMAGENET100,qat,"42,43,44",fc1,fc1,"(1024, 1024)",70.76419539678665,aggregate,3,7.414592573096457
cnn,IMAGENET100,qat,42,fc2,fc2,"(100, 1024)",63.785012817382814,42,3,
cnn,IMAGENET100,qat,43,fc2,fc2,"(100, 1024)",62.792961756388344,43,3,
cnn,IMAGENET100,qat,44,fc2,fc2,"(100, 1024)",59.696449025472006,44,3,
cnn,IMAGENET100,qat,"42,43,44",fc2,fc2,"(100, 1024)",62.091474533081055,aggregate,3,2.132639611720309
cnn,IMAGENET100,fp32_fused_qat,42,conv1,conv1,"(32, 3, 3, 3)",95.42048937479655,42,3,
cnn,IMAGENET100,fp32_fused_qat,43,conv1,conv1,"(32, 3, 3, 3)",131.0410659313202,43,3,
cnn,IMAGENET100,fp32_fused_qat,44,conv1,conv1,"(32, 3, 3, 3)",89.04494027530446,44,3,
cnn,IMAGENET100,fp32_fused_qat,"42,43,44",conv1,conv1,"(32, 3, 3, 3)",105.16883186047373,aggregate,3,22.631643299648168
cnn,IMAGENET100,fp32_fused_qat,42,conv2,conv2,"(64, 32, 3, 3)",1174.5075215657553,42,3,
cnn,IMAGENET100,fp32_fused_qat,43,conv2,conv2,"(64, 32, 3, 3)",1449.389892578125,43,3,
cnn,IMAGENET100,fp32_fused_qat,44,conv2,conv2,"(64, 32, 3, 3)",1079.8286623273577,44,3,
cnn,IMAGENET100,fp32_fused_qat,"42,43,44",conv2,conv2,"(64, 32, 3, 3)",1234.575358823746,aggregate,3,191.96349791237526
cnn,IMAGENET100,fp32_fused_qat,42,conv3,conv3,"(128, 64, 3, 3)",784.1208628336589,42,3,
cnn,IMAGENET100,fp32_fused_qat,43,conv3,conv3,"(128, 64, 3, 3)",702.6709940592448,43,3,
cnn,IMAGENET100,fp32_fused_qat,44,conv3,conv3,"(128, 64, 3, 3)",600.2733154296875,44,3,
cnn,IMAGENET100,fp32_fused_qat,"42,43,44",conv3,conv3,"(128, 64, 3, 3)",695.688390774197,aggregate,3,92.12246052451674
cnn,IMAGENET100,fp32_fused_qat,42,conv4,conv4,"(256, 128, 3, 3)",4.27528977394104,42,3,
cnn,IMAGENET100,fp32_fused_qat,43,conv4,conv4,"(256, 128, 3, 3)",3.7603692611058555,43,3,
cnn,IMAGENET100,fp32_fused_qat,44,conv4,conv4,"(256, 128, 3, 3)",4.697838628292084,44,3,
cnn,IMAGENET100,fp32_fused_qat,"42,43,44",conv4,conv4,"(256, 128, 3, 3)",4.244499221112993,aggregate,3,0.4694925422312154
cnn,IMAGENET100,fp32_fused_qat,42,fc1,fc1,"(1024, 1024)",46.67784411112468,42,3,
cnn,IMAGENET100,fp32_fused_qat,43,fc1,fc1,"(1024, 1024)",47.666448805067276,43,3,
cnn,IMAGENET100,fp32_fused_qat,44,fc1,fc1,"(1024, 1024)",43.19416069030762,44,3,
cnn,IMAGENET100,fp32_fused_qat,"42,43,44",fc1,fc1,"(1024, 1024)",45.846151202166524,aggregate,3,2.349281819293628
cnn,IMAGENET100,fp32_fused_qat,42,fc2,fc2,"(100, 1024)",34.68156096140544,42,3,
cnn,IMAGENET100,fp32_fused_qat,43,fc2,fc2,"(100, 1024)",31.4044828414917,43,3,
cnn,IMAGENET100,fp32_fused_qat,44,fc2,fc2,"(100, 1024)",35.1226146697998,44,3,
cnn,IMAGENET100,fp32_fused_qat,"42,43,44",fc2,fc2,"(100, 1024)",33.73621949089898,aggregate,3,2.031349045600958
