model,dataset,variant,layer,layer_type,numel,trace_raw,trace_per_param,elev_raw,elev_per_param,raw_vs_numel_slope,raw_vs_numel_r2,seed,n_seeds,metric_std
resnet50_no_weights,IMAGENET100,fp32_unfused,conv1,conv,9408,400.0261708577474,0.042519788569063285,,,,,42,3,
resnet50_no_weights,IMAGENET100,fp32_unfused,conv1,conv,9408,322.42297643025717,0.03427114970559706,,,,,43,3,
resnet50_no_weights,IMAGENET100,fp32_unfused,conv1,conv,9408,522.4025395711263,0.05552748082176088,,,,,44,3,
resnet50_no_weights,IMAGENET100,fp32_unfused,conv1,conv,9408,414.95056228637696,0.04410613969880708,6.011390570980791,149.600182739468,0.5469747469839409,0.35579511544192644,aggregate,3,100.82167184261246
resnet50_no_weights,IMAGENET100,fp32_unfused,layer1.0.conv1,conv,4096,147.49502929051718,0.03600952863538017,,,,,42,3,
resnet50_no_weights,IMAGENET100,fp32_unfused,layer1.0.conv1,conv,4096,112.76623916625977,0.027530820108950138,,,,,43,3,
resnet50_no_weights,IMAGENET100,fp32_unfused,layer1.0.conv1,conv,4096,92.08465817769368,0.022481606000413497,,,,,44,3,
resnet50_no_weights,IMAGENET100,fp32_unfused,layer1.0.conv1,conv,4096,117.44864221149021,0.028673984914914602,1.7014789821573597,97.25705791604324,0.5469747469839409,0.35579511544192644,aggregate,3,28.000374647916654
resnet50_no_weights,IMAGENET100,fp32_unfused,layer1.0.conv2,conv,36864,43.74467290242513,0.0011866501980909595,,,,,42,3,
resnet50_no_weights,IMAGENET100,fp32_unfused,layer1.0.conv2,conv,36864,40.15987283212167,0.001089406272572745,,,,,43,3,
resnet50_no_weights,IMAGENET100,fp32_unfused,layer1.0.conv2,conv,36864,48.52824192047119,0.0013164128125127818,,,,,44,3,
resnet50_no_weights,IMAGENET100,fp32_unfused,layer1.0.conv2,conv,36864,44.14426255167266,0.0011974897610588287,0.6395181204330607,4.061672327399079,0.5469747469839409,0.35579511544192644,aggregate,3,4.198470461435957
resnet50_no_weights,IMAGENET100,fp32_unfused,layer1.0.conv3,conv,16384,89.13029492696127,0.005440081477475663,,,,,42,3,
resnet50_no_weights,IMAGENET100,fp32_unfused,layer1.0.conv3,conv,16384,73.37904989308325,0.004478701775700882,,,,,43,3,
resnet50_no_weights,IMAGENET100,fp32_unfused,layer1.0.conv3,conv,16384,82.03447730724628,0.005006987140334856,,,,,44,3,
resnet50_no_weights,IMAGENET100,fp32_unfused,layer1.0.conv3,conv,16384,81.5146073757636,0.004975256797837134,1.180902465768159,16.875186339473423,0.5469747469839409,0.35579511544192644,aggregate,3,7.888480752880215
resnet50_no_weights,IMAGENET100,fp32_unfused,layer1.0.downsample.0,conv,16384,226.41164086081764,0.01381906987675889,,,,,42,3,
resnet50_no_weights,IMAGENET100,fp32_unfused,layer1.0.downsample.0,conv,16384,220.99921199253626,0.013488721435091324,,,,,43,3,
resnet50_no_weights,IMAGENET100,fp32_unfused,layer1.0.downsample.0,conv,16384,197.9843660990397,0.012084006719912091,,,,,44,3,
resnet50_no_weights,IMAGENET100,fp32_unfused,layer1.0.downsample.0,conv,16384,215.13173965079787,0.013130599343920768,3.1166144326440848,44.536658042245634,0.5469747469839409,0.35579511544192644,aggregate,3,15.09463187216578
resnet50_no_weights,IMAGENET100,fp32_unfused,layer1.1.conv1,conv,16384,12.403108263015747,0.0007570256508188322,,,,,42,3,
resnet50_no_weights,IMAGENET100,fp32_unfused,layer1.1.conv1,conv,16384,12.448064393010633,0.0007597695552374654,,,,,43,3,
resnet50_no_weights,IMAGENET100,fp32_unfused,layer1.1.conv1,conv,16384,12.885305280685424,0.000786456621135585,,,,,44,3,
resnet50_no_weights,IMAGENET100,fp32_unfused,layer1.1.conv1,conv,16384,12.578825978903934,0.0007677506090639608,0.1822295057679787,2.60407354165735,0.5469747469839409,0.35579511544192644,aggregate,3,0.26636898321948294
resnet50_no_weights,IMAGENET100,fp32_unfused,layer1.1.conv2,conv,36864,15.664749312400819,0.00042493352084420626,,,,,42,3,
resnet50_no_weights,IMAGENET100,fp32_unfused,layer1.1.conv2,conv,36864,13.763247092564901,0.0003733519719120253,,,,,43,3,
resnet50_no_weights,IMAGENET100,fp32_unfused,layer1.1.conv2,conv,36864,13.806277219454447,0.00037451923880898563,,,,,44,3,
resnet50_no_weights,IMAGENET100,fp32_unfused,layer1.1.conv2,conv,36864,14.411424541473389,0.00039093491052173907,0.20877836898368868,1.3259816989803697,0.5469747469839409,0.35579511544192644,aggregate,3,1.0856243061115816
resnet50_no_weights,IMAGENET100,fp32_unfused,layer1.1.conv3,conv,16384,6.1916408985853195,0.0003779077696890454,,,,,42,3,
resnet50_no_weights,IMAGENET100,fp32_unfused,layer1.1.conv3,conv,16384,5.8781357407569885,0.0003587729333958123,,,,,43,3,
resnet50_no_weights,IMAGENET100,fp32_unfused,layer1.1.conv3,conv,16384,5.806281010309855,0.0003543872686956699,,,,,44,3,
resnet50_no_weights,IMAGENET100,fp32_unfused,layer1.1.conv3,conv,16384,5.958685883217388,0.00036368932392684254,0.08632350788113474,1.2335695141626908,0.5469747469839409,0.35579511544192644,aggregate,3,0.20491902049520075
resnet50_no_weights,IMAGENET100,fp32_unfused,layer1.2.conv1,conv,16384,2.650821993748347,0.00016179333457936687,,,,,42,3,
resnet50_no_weights,IMAGENET100,fp32_unfused,layer1.2.conv1,conv,16384,2.639805179834366,0.00016112092162074988,,,,,43,3,
resnet50_no_weights,IMAGENET100,fp32_unfused,layer1.2.conv1,conv,16384,2.6234318256378173,0.00016012157138902693,,,,,44,3,
resnet50_no_weights,IMAGENET100,fp32_unfused,layer1.2.conv1,conv,16384,2.6380196664068434,0.00016101194252971456,0.038217002192554014,0.5461238773143754,0.5469747469839409,0.35579511544192644,aggregate,3,0.013782103283993515
resnet50_no_weights,IMAGENET100,fp32_unfused,layer1.2.conv2,conv,36864,1.8207893351713815,4.939207180911951e-05,,,,,42,3,
resnet50_no_weights,IMAGENET100,fp32_unfused,layer1.2.conv2,conv,36864,2.5321468234062197,6.86888786731288e-05,,,,,43,3,
resnet50_no_weights,IMAGENET100,fp32_unfused,layer1.2.conv2,conv,36864,2.6736824035644533,7.25282770064142e-05,,,,,44,3,
resnet50_no_weights,IMAGENET100,fp32_unfused,layer1.2.conv2,conv,36864,2.3422061873806848,6.35364091628875e-05,0.033931551056426576,0.21550420159836975,0.5469747469839409,0.35579511544192644,aggregate,3,0.4570719094831532
resnet50_no_weights,IMAGENET100,fp32_unfused,layer1.2.conv3,conv,16384,2.4517285863558453,0.00014964163735082064,,,,,42,3,
resnet50_no_weights,IMAGENET100,fp32_unfused,layer1.2.conv3,conv,16384,2.5585177103678385,0.00015615952822069327,,,,,43,3,
resnet50_no_weights,IMAGENET100,fp32_unfused,layer1.2.conv3,conv,16384,2.451803127924601,0.00014964618700711677,,,,,44,3,
resnet50_no_weights,IMAGENET100,fp32_unfused,layer1.2.conv3,conv,16384,2.487349808216095,0.0001518157841928769,0.03603424731238642,0.514932143531126,0.5469747469839409,0.35579511544192644,aggregate,3,0.06163322246663298
resnet50_no_weights,IMAGENET100,fp32_unfused,layer2.0.conv1,conv,32768,25.084124342600504,0.0007655067243225251,,,,,42,3,
resnet50_no_weights,IMAGENET100,fp32_unfused,layer2.0.conv1,conv,32768,22.798022667566936,0.0006957404378529949,,,,,43,3,
resnet50_no_weights,IMAGENET100,fp32_unfused,layer2.0.conv1,conv,32768,18.85257455577021,0.0005753349168631046,,,,,44,3,
resnet50_no_weights,IMAGENET100,fp32_unfused,layer2.0.conv1,conv,32768,22.244907188645882,0.0006788606930128748,0.32226206560452914,2.3025747531497243,0.5469747469839409,0.35579511544192644,aggregate,3,3.1523809630504234
resnet50_no_weights,IMAGENET100,fp32_unfused,layer2.0.conv2,conv,147456,62.68584340413411,0.0004251155829815953,,,,,42,3,
resnet50_no_weights,IMAGENET100,fp32_unfused,layer2.0.conv2,conv,147456,76.61094781626825,0.0005195512411585033,,,,,43,3,
resnet50_no_weights,IMAGENET100,fp32_unfused,layer2.0.conv2,conv,147456,63.16921043395996,0.0004283936254473196,,,,,44,3,
resnet50_no_weights,IMAGENET100,fp32_unfused,layer2.0.conv2,conv,147456,67.48866721812078,0.0004576868165291394,0.9777086107021069,1.5523922940836399,0.5469747469839409,0.35579511544192644,aggregate,3,7.903822708340824
resnet50_no_weights,IMAGENET100,fp32_unfused,layer2.0.conv3,conv,65536,35.96156727826154,0.0005487299694558951,,,,,42,3,
resnet50_no_weights,IMAGENET100,fp32_unfused,layer2.0.conv3,conv,65536,37.43205040379574,0.0005711677612883872,,,,,43,3,
resnet50_no_weights,IMAGENET100,fp32_unfused,layer2.0.conv3,conv,65536,37.34076019695827,0.0005697747832787822,,,,,44,3,
resnet50_no_weights,IMAGENET100,fp32_unfused,layer2.0.conv3,conv,65536,36.91145929300519,0.0005632241713410215,0.5347364686831693,1.9103562345580012,0.5469747469839409,0.35579511544192644,aggregate,3,0.8238959917498152
resnet50_no_weights,IMAGENET100,fp32_unfused,layer2.0.downsample.0,conv,131072,120.93564705226733,0.0009226657642537485,,,,,42,3,
resnet50_no_weights,IMAGENET100,fp32_unfused,layer2.0.downsample.0,conv,131072,122.81596506053003,0.0009370114521829989,,,,,43,3,
resnet50_no_weights,IMAGENET100,fp32_unfused,layer2.0.downsample.0,conv,131072,87.43358635902405,0.0006670653256151127,,,,,44,3,
resnet50_no_weights,IMAGENET100,fp32_unfused,layer2.0.downsample.0,conv,131072,110.3950661572738,0.0008422475140172867,1.5992937956850761,2.8567537959404916,0.5469747469839409,0.35579511544192644,aggregate,3,19.907437425422764
resnet50_no_weights,IMAGENET100,fp32_unfused,layer2.1.conv1,conv,65536,11.541091918945312,0.00017610308714210987,,,,,42,3,
resnet50_no_weights,IMAGENET100,fp32_unfused,layer2.1.conv1,conv,65536,13.104821883715116,0.00019996371282524287,,,,,43,3,
resnet50_no_weights,IMAGENET100,fp32_unfused,layer2.1.conv1,conv,65536,17.39017573269931,0.00026535302326506513,,,,,44,3,
resnet50_no_weights,IMAGENET100,fp32_unfused,layer2.1.conv1,conv,65536,14.012029845119912,0.00021380660774413928,0.20299233630902505,0.7251939935766832,0.5469747469839409,0.35579511544192644,aggregate,3,3.0282362984098405
resnet50_no_weights,IMAGENET100,fp32_unfused,layer2.1.conv2,conv,147456,40.62499335833958,0.00027550586858682985,,,,,42,3,
resnet50_no_weights,IMAGENET100,fp32_unfused,layer2.1.conv2,conv,147456,32.307617060343425,0.00021910005059369185,,,,,43,3,
resnet50_no_weights,IMAGENET100,fp32_unfused,layer2.1.conv2,conv,147456,37.113847970962524,0.0002516943899940492,,,,,44,3,
resnet50_no_weights,IMAGENET100,fp32_unfused,layer2.1.conv2,conv,147456,36.68215279654851,0.00024876676972485697,0.5314145044880394,0.8437726462683905,0.5469747469839409,0.35579511544192644,aggregate,3,4.175458976367307
resnet50_no_weights,IMAGENET100,fp32_unfused,layer2.1.conv3,conv,65536,18.381136894226074,0.00028047389059793204,,,,,42,3,
resnet50_no_weights,IMAGENET100,fp32_unfused,layer2.1.conv3,conv,65536,21.60100655806692,0.0003296052026072223,,,,,43,3,
resnet50_no_weights,IMAGENET100,fp32_unfused,layer2.1.conv3,conv,65536,27.907300186157226,0.0004258316068444401,,,,,44,3,
resnet50_no_weights,IMAGENET100,fp32_unfused,layer2.1.conv3,conv,65536,22.629814546150072,0.0003453035666831981,0.3278382201393071,1.1712082950164346,0.5469747469839409,0.35579511544192644,aggregate,3,4.845697181355013
resnet50_no_weights,IMAGENET100,fp32_unfused,layer2.2.conv1,conv,65536,10.15640590108674,0.00015497445527781282,,,,,42,3,
resnet50_no_weights,IMAGENET100,fp32_unfused,layer2.2.conv1,conv,65536,8.343964131673177,0.00012731878863026698,,,,,43,3,
resnet50_no_weights,IMAGENET100,fp32_unfused,layer2.2.conv1,conv,65536,8.943703428904216,0.0001364700840592074,,,,,44,3,
resnet50_no_weights,IMAGENET100,fp32_unfused,layer2.2.conv1,conv,65536,9.148024487221377,0.00013958777598909572,0.13252746988117384,0.47345691413409824,0.5469747469839409,0.35579511544192644,aggregate,3,0.9233345076583167
resnet50_no_weights,IMAGENET100,fp32_unfused,layer2.2.conv2,conv,147456,11.839774042367935,8.029360651562456e-05,,,,,42,3,
resnet50_no_weights,IMAGENET100,fp32_unfused,layer2.2.conv2,conv,147456,8.329751077451204,5.648973983731557e-05,,,,,43,3,
resnet50_no_weights,IMAGENET100,fp32_unfused,layer2.2.conv2,conv,147456,9.132174762812527,6.193152372784103e-05,,,,,44,3,
resnet50_no_weights,IMAGENET100,fp32_unfused,layer2.2.conv2,conv,147456,9.767233294210556,6.623829002692705e-05,0.1414979505169708,0.22466850103062136,0.5469747469839409,0.35579511544192644,aggregate,3,1.8391682378963528
resnet50_no_weights,IMAGENET100,fp32_unfused,layer2.2.conv3,conv,65536,16.819442385718936,0.000256644323512557,,,,,42,3,
resnet50_no_weights,IMAGENET100,fp32_unfused,layer2.2.conv3,conv,65536,20.436957772572836,0.00031184322773090875,,,,,43,3,
resnet50_no_weights,IMAGENET100,fp32_unfused,layer2.2.conv3,conv,65536,15.180080890655518,0.00023162965226219967,,,,,44,3,
resnet50_no_weights,IMAGENET100,fp32_unfused,layer2.2.conv3,conv,65536,17.478827016315762,0.00026670573450188846,0.2532158417589267,0.9046184248182049,0.5469747469839409,0.35579511544192644,aggregate,3,2.6897545810370267
resnet50_no_weights,IMAGENET100,fp32_unfused,layer2.3.conv1,conv,65536,38.94496878262224,0.0005942530636996802,,,,,42,3,
resnet50_no_weights,IMAGENET100,fp32_unfused,layer2.3.conv1,conv,65536,41.33029153611925,0.0006306502004412727,,,,,43,3,
resnet50_no_weights,IMAGENET100,fp32_unfused,layer2.3.conv1,conv,65536,48.407090950012204,0.000738633589935489,,,,,44,3,
resnet50_no_weights,IMAGENET100,fp32_unfused,layer2.3.conv1,conv,65536,42.89411708958456,0.0006545122846921472,0.6214072577757297,2.2199892818509395,0.5469747469839409,0.35579511544192644,aggregate,3,4.921087455929478
resnet50_no_weights,IMAGENET100,fp32_unfused,layer2.3.conv2,conv,147456,57.004122797648115,0.0003865839490942933,,,,,42,3,
resnet50_no_weights,IMAGENET100,fp32_unfused,layer2.3.conv2,conv,147456,49.02061389287313,0.00033244231426915916,,,,,43,3,
resnet50_no_weights,IMAGENET100,fp32_unfused,layer2.3.conv2,conv,147456,62.65420254071554,0.00042490100464352443,,,,,44,3,
resnet50_no_weights,IMAGENET100,fp32_unfused,layer2.3.conv2,conv,147456,56.22631307707893,0.00038130908933565896,0.8145508380810378,1.2933326252167463,0.5469747469839409,0.35579511544192644,aggregate,3,6.849994585815619
resnet50_no_weights,IMAGENET100,fp32_unfused,layer2.3.conv3,conv,65536,28.71615940729777,0.0004381738190810817,,,,,42,3,
resnet50_no_weights,IMAGENET100,fp32_unfused,layer2.3.conv3,conv,65536,30.478629366556802,0.00046506697641840824,,,,,43,3,
resnet50_no_weights,IMAGENET100,fp32_unfused,layer2.3.conv3,conv,65536,27.357551850770648,0.0004174431129573158,,,,,44,3,
resnet50_no_weights,IMAGENET100,fp32_unfused,layer2.3.conv3,conv,65536,28.850780208208405,0.0004402279694856019,0.41796137629853053,1.4931749895095043,0.5469747469839409,0.35579511544192644,aggregate,3,1.5648876269287948
resnet50_no_weights,IMAGENET100,fp32_unfused,layer3.0.conv1,conv,131072,230.10000276565552,0.001755523702740902,,,,,42,3,
resnet50_no_weights,IMAGENET100,fp32_unfused,layer3.0.conv1,conv,131072,188.05294108390808,0.0014347300802910468,,,,,43,3,
resnet50_no_weights,IMAGENET100,fp32_unfused,layer3.0.conv1,conv,131072,194.8630381266276,0.0014866869974260529,,,,,44,3,
resnet50_no_weights,IMAGENET100,fp32_unfused,layer3.0.conv1,conv,131072,204.3386606587304,0.0015589802601526672,2.9602550511137435,5.287783818731484,0.5469747469839409,0.35579511544192644,aggregate,3,22.56832771375272
resnet50_no_weights,IMAGENET100,fp32_unfused,layer3.0.conv2,conv,589824,329.6756523980035,0.0005589390265536897,,,,,42,3,
resnet50_no_weights,IMAGENET100,fp32_unfused,layer3.0.conv2,conv,589824,287.66408486201846,0.0004877117324185154,,,,,43,3,
resnet50_no_weights,IMAGENET100,fp32_unfused,layer3.0.conv2,conv,589824,288.25271745161575,0.0004887097124762908,,,,,44,3,
resnet50_no_weights,IMAGENET100,fp32_unfused,layer3.0.conv2,conv,589824,301.8641515705459,0.0005117868238161653,4.373107255162457,1.7358898985353968,0.5469747469839409,0.35579511544192644,aggregate,3,24.087264389883284
resnet50_no_weights,IMAGENET100,fp32_unfused,layer3.0.conv3,conv,262144,187.8347256978353,0.0007165326145089542,,,,,42,3,
resnet50_no_weights,IMAGENET100,fp32_unfused,layer3.0.conv3,conv,262144,163.43166828155518,0.0006234423381101806,,,,,43,3,
resnet50_no_weights,IMAGENET100,fp32_unfused,layer3.0.conv3,conv,262144,163.77108312536168,0.0006247371029867618,,,,,44,3,
resnet50_no_weights,IMAGENET100,fp32_unfused,layer3.0.conv3,conv,262144,171.67915903491738,0.0006549040185352988,2.4871167113738264,2.221317973387331,0.5469747469839409,0.35579511544192644,aggregate,3,13.992160349961598
resnet50_no_weights,IMAGENET100,fp32_unfused,layer3.0.downsample.0,conv,524288,302.01808954874673,0.0005760537901854453,,,,,42,3,
resnet50_no_weights,IMAGENET100,fp32_unfused,layer3.0.downsample.0,conv,524288,286.39681427001955,0.0005462585721397773,,,,,43,3,
resnet50_no_weights,IMAGENET100,fp32_unfused,layer3.0.downsample.0,conv,524288,251.9966350737072,0.00048064543738118593,,,,,44,3,
resnet50_no_weights,IMAGENET100,fp32_unfused,layer3.0.downsample.0,conv,524288,280.1371796308245,0.0005343192665688028,4.058348519724798,1.812315937549016,0.5469747469839409,0.35579511544192644,aggregate,3,25.591478001705386
resnet50_no_weights,IMAGENET100,fp32_unfused,layer3.1.conv1,conv,262144,12.925479084253311,4.9306789719594235e-05,,,,,42,3,
resnet50_no_weights,IMAGENET100,fp32_unfused,layer3.1.conv1,conv,262144,10.893251061439514,4.1554455037839944e-05,,,,,43,3,
resnet50_no_weights,IMAGENET100,fp32_unfused,layer3.1.conv1,conv,262144,11.70934460957845,4.4667604864419745e-05,,,,,44,3,
resnet50_no_weights,IMAGENET100,fp32_unfused,layer3.1.conv1,conv,262144,11.842691585090424,4.517628320728464e-05,0.17156512365565574,0.15322991922329882,0.5469747469839409,0.35579511544192644,aggregate,3,1.0226552430247753
resnet50_no_weights,IMAGENET100,fp32_unfused,layer3.1.conv2,conv,589824,69.12342027028402,0.00011719329879808895,,,,,42,3,
resnet50_no_weights,IMAGENET100,fp32_unfused,layer3.1.conv2,conv,589824,69.7203966140747,0.00011820542503200056,,,,,43,3,
resnet50_no_weights,IMAGENET100,fp32_unfused,layer3.1.conv2,conv,589824,70.162751243228,0.00011895540236278618,,,,,44,3,
resnet50_no_weights,IMAGENET100,fp32_unfused,layer3.1.conv2,conv,589824,69.6688560425289,0.00011811804206429189,1.0092930155280475,0.4006353944896285,0.5469747469839409,0.35579511544192644,aggregate,3,0.5215788921310215
resnet50_no_weights,IMAGENET100,fp32_unfused,layer3.1.conv3,conv,262144,49.6696925844465,0.0001894748404863224,,,,,42,3,
resnet50_no_weights,IMAGENET100,fp32_unfused,layer3.1.conv3,conv,262144,51.9299950281779,0.00019809721003791008,,,,,43,3,
resnet50_no_weights,IMAGENET100,fp32_unfused,layer3.1.conv3,conv,262144,57.86392962137858,0.00022073337410499032,,,,,44,3,
resnet50_no_weights,IMAGENET100,fp32_unfused,layer3.1.conv3,conv,262144,53.154539078000994,0.0002027684748764076,0.7700500350154981,0.6877546097314484,0.5469747469839409,0.35579511544192644,aggregate,3,4.232140268448721
resnet50_no_weights,IMAGENET100,fp32_unfused,layer3.2.conv1,conv,262144,35.927053451538086,0.00013705083256354555,,,,,42,3,
resnet50_no_weights,IMAGENET100,fp32_unfused,layer3.2.conv1,conv,262144,37.49661931991577,0.00014303825118986425,,,,,43,3,
resnet50_no_weights,IMAGENET100,fp32_unfused,layer3.2.conv1,conv,262144,29.774846889354563,0.00011358202701322389,,,,,44,3,
resnet50_no_weights,IMAGENET100,fp32_unfused,layer3.2.conv1,conv,262144,34.399506553602805,0.0001312237035888779,0.49834579860143696,0.44508746788322695,0.5469747469839409,0.35579511544192644,aggregate,3,4.081236578708414
resnet50_no_weights,IMAGENET100,fp32_unfused,layer3.2.conv2,conv,589824,57.39393615722656,9.730688503219021e-05,,,,,42,3,
resnet50_no_weights,IMAGENET100,fp32_unfused,layer3.2.conv2,conv,589824,60.67948939005534,0.00010287728100256235,,,,,43,3,
resnet50_no_weights,IMAGENET100,fp32_unfused,layer3.2.conv2,conv,589824,58.83543580373128,9.975083381437731e-05,,,,,44,3,
resnet50_no_weights,IMAGENET100,fp32_unfused,layer3.2.conv2,conv,589824,58.96962045033773,9.997833328304329e-05,0.8542931437331717,0.33910872797456004,0.5469747469839409,0.35579511544192644,aggregate,3,1.6468816444956136
resnet50_no_weights,IMAGENET100,fp32_unfused,layer3.2.conv3,conv,262144,56.82002283732096,0.00021675118575027833,,,,,42,3,
resnet50_no_weights,IMAGENET100,fp32_unfused,layer3.2.conv3,conv,262144,59.38724668820699,0.00022654436755450055,,,,,43,3,
resnet50_no_weights,IMAGENET100,fp32_unfused,layer3.2.conv3,conv,262144,47.94376595815023,0.00018289095290432064,,,,,44,3,
resnet50_no_weights,IMAGENET100,fp32_unfused,layer3.2.conv3,conv,262144,54.717011827892726,0.00020872883540303317,0.7926855844273609,0.707971092744139,0.5469747469839409,0.35579511544192644,aggregate,3,6.004606921699986
resnet50_no_weights,IMAGENET100,fp32_unfused,layer3.3.conv1,conv,262144,45.00326833724976,0.0001716738446702948,,,,,42,3,
resnet50_no_weights,IMAGENET100,fp32_unfused,layer3.3.conv1,conv,262144,41.340526485443114,0.00015770159334351774,,,,,43,3,
resnet50_no_weights,IMAGENET100,fp32_unfused,layer3.3.conv1,conv,262144,53.15577821170582,0.00020277320179636315,,,,,44,3,
resnet50_no_weights,IMAGENET100,fp32_unfused,layer3.3.conv1,conv,262144,46.4998576781329,0.00017738287993672523,0.67364363710721,0.6016511858575765,0.5469747469839409,0.35579511544192644,aggregate,3,6.048130130889402
resnet50_no_weights,IMAGENET100,fp32_unfused,layer3.3.conv2,conv,589824,94.56703464801495,0.0001603309371066877,,,,,42,3,
resnet50_no_weights,IMAGENET100,fp32_unfused,layer3.3.conv2,conv,589824,106.15238690376282,0.0001799729866939338,,,,,43,3,
resnet50_no_weights,IMAGENET100,fp32_unfused,layer3.3.conv2,conv,589824,118.48126284281413,0.00020087562195301333,,,,,44,3,
resnet50_no_weights,IMAGENET100,fp32_unfused,layer3.3.conv2,conv,589824,106.40022813153064,0.00018039318191787827,1.5414205601164148,0.6118615948744793,0.5469747469839409,0.35579511544192644,aggregate,3,11.95904036676305
resnet50_no_weights,IMAGENET100,fp32_unfused,layer3.3.conv3,conv,262144,105.20427182515462,0.00040132244806348656,,,,,42,3,
resnet50_no_weights,IMAGENET100,fp32_unfused,layer3.3.conv3,conv,262144,79.82055155436198,0.000304491239755104,,,,,43,3,
resnet50_no_weights,IMAGENET100,fp32_unfused,layer3.3.conv3,conv,262144,82.53517799377441,0.0003148467178107239,,,,,44,3,
resnet50_no_weights,IMAGENET100,fp32_unfused,layer3.3.conv3,conv,262144,89.18666712443034,0.0003402201352097715,1.2920476281677873,1.1539661994133874,0.5469747469839409,0.35579511544192644,aggregate,3,13.937899570519502
resnet50_no_weights,IMAGENET100,fp32_unfused,layer3.4.conv1,conv,262144,66.59658018747966,0.0002540457923411547,,,,,42,3,
resnet50_no_weights,IMAGENET100,fp32_unfused,layer3.4.conv1,conv,262144,84.18717309702997,0.0003211485790139388,,,,,43,3,
resnet50_no_weights,IMAGENET100,fp32_unfused,layer3.4.conv1,conv,262144,79.06079978942871,0.0003015930167748593,,,,,44,3,
resnet50_no_weights,IMAGENET100,fp32_unfused,layer3.4.conv1,conv,262144,76.61485102464611,0.00029226246270998426,1.1099196745486037,0.9913023023069767,0.5469747469839409,0.35579511544192644,aggregate,3,9.046780573625988
resnet50_no_weights,IMAGENET100,fp32_unfused,layer3.4.conv2,conv,589824,118.92922439575196,0.00020163510538016757,,,,,42,3,
resnet50_no_weights,IMAGENET100,fp32_unfused,layer3.4.conv2,conv,589824,136.42938206990559,0.00023130524032576765,,,,,43,3,
resnet50_no_weights,IMAGENET100,fp32_unfused,layer3.4.conv2,conv,589824,113.70097618103027,0.00019277102352740865,,,,,44,3,
resnet50_no_weights,IMAGENET100,fp32_unfused,layer3.4.conv2,conv,589824,123.01986088222927,0.00020857045641111462,1.7821892508737553,0.7074338993670967,0.5469747469839409,0.35579511544192644,aggregate,3,11.903574619026847
resnet50_no_weights,IMAGENET100,fp32_unfused,layer3.4.conv3,conv,262144,73.01305721117103,0.0002785227096983758,,,,,42,3,
resnet50_no_weights,IMAGENET100,fp32_unfused,layer3.4.conv3,conv,262144,63.00564988454183,0.00024034748033348782,,,,,43,3,
resnet50_no_weights,IMAGENET100,fp32_unfused,layer3.4.conv3,conv,262144,69.13902575174967,0.00026374445248317593,,,,,44,3,
resnet50_no_weights,IMAGENET100,fp32_unfused,layer3.4.conv3,conv,262144,68.38591094915418,0.0002608715475050132,0.9907069844719522,0.8848298999817777,0.5469747469839409,0.35579511544192644,aggregate,3,5.046031785441336
resnet50_no_weights,IMAGENET100,fp32_unfused,layer3.5.conv1,conv,262144,107.6371063232422,0.0004106029751710594,,,,,42,3,
resnet50_no_weights,IMAGENET100,fp32_unfused,layer3.5.conv1,conv,262144,102.00382436116537,0.0003891137098738303,,,,,43,3,
resnet50_no_weights,IMAGENET100,fp32_unfused,layer3.5.conv1,conv,262144,98.70174725850423,0.0003765172853794259,,,,,44,3,
resnet50_no_weights,IMAGENET100,fp32_unfused,layer3.5.conv1,conv,262144,102.78089264763726,0.0003920779901414385,1.4889872314779125,1.3298588217836929,0.5469747469839409,0.35579511544192644,aggregate,3,4.518078877723253
resnet50_no_weights,IMAGENET100,fp32_unfused,layer3.5.conv2,conv,589824,118.3816363470895,0.00020070671309931352,,,,,42,3,
resnet50_no_weights,IMAGENET100,fp32_unfused,layer3.5.conv2,conv,589824,139.48699391682942,0.00023648917968212453,,,,,43,3,
resnet50_no_weights,IMAGENET100,fp32_unfused,layer3.5.conv2,conv,589824,133.23676884969075,0.00022589241680516688,,,,,44,3,
resnet50_no_weights,IMAGENET100,fp32_unfused,layer3.5.conv2,conv,589824,130.36846637120323,0.0002210294365288683,1.888648530029493,0.7496925444240288,0.5469747469839409,0.35579511544192644,aggregate,3,10.841097678174375
resnet50_no_weights,IMAGENET100,fp32_unfused,layer3.5.conv3,conv,262144,98.6298885345459,0.0003762431661016308,,,,,42,3,
resnet50_no_weights,IMAGENET100,fp32_unfused,layer3.5.conv3,conv,262144,132.7728271484375,0.0005064881406724453,,,,,43,3,
resnet50_no_weights,IMAGENET100,fp32_unfused,layer3.5.conv3,conv,262144,100.47906265258788,0.00038329720555339006,,,,,44,3,
resnet50_no_weights,IMAGENET100,fp32_unfused,layer3.5.conv3,conv,262144,110.62725944519043,0.0004220095041091554,1.6026575808404357,1.4313811946283173,0.5469747469839409,0.35579511544192644,aggregate,3,19.200898101496033
resnet50_no_weights,IMAGENET100,fp32_unfused,layer4.0.conv1,conv,524288,565.3470815022787,0.0010783139829679083,,,,,42,3,
resnet50_no_weights,IMAGENET100,fp32_unfused,layer4.0.conv1,conv,524288,550.9991703033447,0.0010509475141589064,,,,,43,3,
resnet50_no_weights,IMAGENET100,fp32_unfused,layer4.0.conv1,conv,524288,570.5210693359375,0.0010881825815886258,,,,,44,3,
resnet50_no_weights,IMAGENET100,fp32_unfused,layer4.0.conv1,conv,524288,562.2891070471869,0.0010724813595718134,8.145884699237676,3.6376660590170813,0.5469747469839409,0.35579511544192644,aggregate,3,10.113829209833504
resnet50_no_weights,IMAGENET100,fp32_unfused,layer4.0.conv2,conv,2359296,447.8802370343889,0.00018983639061584002,,,,,42,3,
resnet50_no_weights,IMAGENET100,fp32_unfused,layer4.0.conv2,conv,2359296,467.4108486175537,0.00019811454290498255,,,,,43,3,
resnet50_no_weights,IMAGENET100,fp32_unfused,layer4.0.conv2,conv,2359296,489.0309495192308,0.000207278336215223,,,,,44,3,
resnet50_no_weights,IMAGENET100,fp32_unfused,layer4.0.conv2,conv,2359296,468.1073450570578,0.00019840975657868184,6.78147311038174,0.6729706123491684,0.5469747469839409,0.35579511544192644,aggregate,3,20.584195757187384
resnet50_no_weights,IMAGENET100,fp32_unfused,layer4.0.conv3,conv,1048576,356.73150838216145,0.00034020567739692826,,,,,42,3,
resnet50_no_weights,IMAGENET100,fp32_unfused,layer4.0.conv3,conv,1048576,380.6927480061849,0.0003630568962156152,,,,,43,3,
resnet50_no_weights,IMAGENET100,fp32_unfused,layer4.0.conv3,conv,1048576,424.0791236029731,0.00040443336830422696,,,,,44,3,
resnet50_no_weights,IMAGENET100,fp32_unfused,layer4.0.conv3,conv,1048576,387.1677933304398,0.00036923198063892345,5.608901478262814,1.2523692201141021,0.5469747469839409,0.35579511544192644,aggregate,3,34.13751569675203
resnet50_no_weights,IMAGENET100,fp32_unfused,layer4.0.downsample.0,conv,2097152,375.29073418511285,0.0001789525671887936,,,,,42,3,
resnet50_no_weights,IMAGENET100,fp32_unfused,layer4.0.downsample.0,conv,2097152,451.3512986501058,0.0002152210705996064,,,,,43,3,
resnet50_no_weights,IMAGENET100,fp32_unfused,layer4.0.downsample.0,conv,2097152,496.0115458170573,0.00023651673594334474,,,,,44,3,
resnet50_no_weights,IMAGENET100,fp32_unfused,layer4.0.downsample.0,conv,2097152,440.88452621742533,0.00021023012457724825,6.387096017394108,0.7130631986582152,0.5469747469839409,0.35579511544192644,aggregate,3,61.03723113098262
resnet50_no_weights,IMAGENET100,fp32_unfused,layer4.1.conv1,conv,1048576,168.56267242431642,0.0001607538913958706,,,,,42,3,
resnet50_no_weights,IMAGENET100,fp32_unfused,layer4.1.conv1,conv,1048576,203.60545466496393,0.0001941732927941932,,,,,43,3,
resnet50_no_weights,IMAGENET100,fp32_unfused,layer4.1.conv1,conv,1048576,221.1241174062093,0.00021088039150830203,,,,,44,3,
resnet50_no_weights,IMAGENET100,fp32_unfused,layer4.1.conv1,conv,1048576,197.76408149849655,0.0001886025252327886,2.8650090946937103,0.6397062275824928,0.5469747469839409,0.35579511544192644,aggregate,3,26.763176287551936
resnet50_no_weights,IMAGENET100,fp32_unfused,layer4.1.conv2,conv,2359296,418.2700531005859,0.00017728595865062542,,,,,42,3,
resnet50_no_weights,IMAGENET100,fp32_unfused,layer4.1.conv2,conv,2359296,389.57814229329426,0.00016512474157261075,,,,,43,3,
resnet50_no_weights,IMAGENET100,fp32_unfused,layer4.1.conv2,conv,2359296,318.14652361188615,0.0001348480748544846,,,,,44,3,
resnet50_no_weights,IMAGENET100,fp32_unfused,layer4.1.conv2,conv,2359296,375.3315730019221,0.00015908625835924027,5.43743010372881,0.5395922990404951,0.5469747469839409,0.35579511544192644,aggregate,3,51.559711420342865
resnet50_no_weights,IMAGENET100,fp32_unfused,layer4.1.conv3,conv,1048576,307.63104146321615,0.0002933798231727754,,,,,42,3,
resnet50_no_weights,IMAGENET100,fp32_unfused,layer4.1.conv3,conv,1048576,337.9573557535807,0.00032230125022275993,,,,,43,3,
resnet50_no_weights,IMAGENET100,fp32_unfused,layer4.1.conv3,conv,1048576,289.9230848948161,0.00027649219979745493,,,,,44,3,
resnet50_no_weights,IMAGENET100,fp32_unfused,layer4.1.conv3,conv,1048576,311.837160703871,0.0002973910910643301,4.517586281140979,1.0086976976930233,0.5469747469839409,0.35579511544192644,aggregate,3,24.29179642458017
resnet50_no_weights,IMAGENET100,fp32_unfused,layer4.2.conv1,conv,1048576,564.3604877178485,0.000538216102331017,,,,,42,3,
resnet50_no_weights,IMAGENET100,fp32_unfused,layer4.2.conv1,conv,1048576,529.1497197644464,0.0005046364972729172,,,,,43,3,
resnet50_no_weights,IMAGENET100,fp32_unfused,layer4.2.conv1,conv,1048576,643.8155662135074,0.0006139903700003694,,,,,44,3,
resnet50_no_weights,IMAGENET100,fp32_unfused,layer4.2.conv1,conv,1048576,579.1085912319342,0.0005522809898681013,8.389548638575032,1.8732389089593542,0.5469747469839409,0.35579511544192644,aggregate,3,58.73835206589085
resnet50_no_weights,IMAGENET100,fp32_unfused,layer4.2.conv2,conv,2359296,447.5525395711263,0.00018969749432505556,,,,,42,3,
resnet50_no_weights,IMAGENET100,fp32_unfused,layer4.2.conv2,conv,2359296,501.1254403250558,0.00021240464966034605,,,,,43,3,
resnet50_no_weights,IMAGENET100,fp32_unfused,layer4.2.conv2,conv,2359296,384.32473805745445,0.00016289805859775731,,,,,44,3,
resnet50_no_weights,IMAGENET100,fp32_unfused,layer4.2.conv2,conv,2359296,444.3342393178789,0.00018833340086105298,6.437072025838082,0.6387934055702689,0.5469747469839409,0.35579511544192644,aggregate,3,58.46682054756573
resnet50_no_weights,IMAGENET100,fp32_unfused,layer4.2.conv3,conv,1048576,82.98806844438825,7.914358944357705e-05,,,,,42,3,
resnet50_no_weights,IMAGENET100,fp32_unfused,layer4.2.conv3,conv,1048576,80.59468536376953,7.686108147026971e-05,,,,,43,3,
resnet50_no_weights,IMAGENET100,fp32_unfused,layer4.2.conv3,conv,1048576,82.47590217590331,7.865514962759334e-05,,,,,44,3,
resnet50_no_weights,IMAGENET100,fp32_unfused,layer4.2.conv3,conv,1048576,82.01955199468703,7.821994018048004e-05,1.1882176006226308,0.26530812772958595,0.5469747469839409,0.35579511544192644,aggregate,3,1.260262773619093
resnet50_no_weights,IMAGENET100,fp32_unfused,fc,linear,204800,16.19904260635376,7.909688772633672e-05,,,,,42,3,
resnet50_no_weights,IMAGENET100,fp32_unfused,fc,linear,204800,14.37038833216617,7.016791177815513e-05,,,,,43,3,
resnet50_no_weights,IMAGENET100,fp32_unfused,fc,linear,204800,14.201897939046225,6.934520478049914e-05,,,,,44,3,
resnet50_no_weights,IMAGENET100,fp32_unfused,fc,linear,204800,14.923776292522051,7.287000142833033e-05,0.2162008109929462,0.2471620868284321,0.5469747469839409,0.35579511544192644,aggregate,3,1.107621497416362
resnet50_no_weights,IMAGENET100,fp32_fused,conv1,conv,9408,8240.120458984375,0.8758631440246997,,,,,42,3,
resnet50_no_weights,IMAGENET100,fp32_fused,conv1,conv,9408,6626.057796223959,0.7043003609931929,,,,,43,3,
resnet50_no_weights,IMAGENET100,fp32_fused,conv1,conv,9408,8784.576814778646,0.9337347804824241,,,,,44,3,
resnet50_no_weights,IMAGENET100,fp32_fused,conv1,conv,9408,7883.585023328993,0.8379660951667722,235.16921235973695,5561.3119060948675,0.26523127422708104,0.08345335710189183,aggregate,3,1122.5592305192863
resnet50_no_weights,IMAGENET100,fp32_fused,layer1.0.conv1,conv,4096,65.2887424186424,0.015939634379551367,,,,,42,3,
resnet50_no_weights,IMAGENET100,fp32_fused,layer1.0.conv1,conv,4096,78.74350611368816,0.019224488797287147,,,,,43,3,
resnet50_no_weights,IMAGENET100,fp32_fused,layer1.0.conv1,conv,4096,62.91281827290853,0.01535957477365931,,,,,44,3,
resnet50_no_weights,IMAGENET100,fp32_fused,layer1.0.conv1,conv,4096,68.98168893507969,0.01684123265016594,2.057740153255412,111.76985344740153,0.26523127422708104,0.08345335710189183,aggregate,3,8.537040462478886
resnet50_no_weights,IMAGENET100,fp32_fused,layer1.0.conv2,conv,36864,53.41189087761773,0.001448890269032599,,,,,42,3,
resnet50_no_weights,IMAGENET100,fp32_fused,layer1.0.conv2,conv,36864,66.64254584135833,0.0018077947548111525,,,,,43,3,
resnet50_no_weights,IMAGENET100,fp32_fused,layer1.0.conv2,conv,36864,80.5074851989746,0.002183905305961768,,,,,44,3,
resnet50_no_weights,IMAGENET100,fp32_fused,layer1.0.conv2,conv,36864,66.85397397265022,0.0018135301099351732,1.994269910927858,12.035817022449784,0.26523127422708104,0.08345335710189183,aggregate,3,13.549034441535417
resnet50_no_weights,IMAGENET100,fp32_fused,layer1.0.conv3,conv,16384,99.07983595530192,0.0060473532687562205,,,,,42,3,
resnet50_no_weights,IMAGENET100,fp32_fused,layer1.0.conv3,conv,16384,74.12377206210432,0.004524156009649922,,,,,43,3,
resnet50_no_weights,IMAGENET100,fp32_fused,layer1.0.conv3,conv,16384,83.10719886192909,0.005072460868037664,,,,,44,3,
resnet50_no_weights,IMAGENET100,fp32_fused,layer1.0.conv3,conv,16384,85.4369356264451,0.005214656715481269,2.5486040675966937,34.60800221544988,0.26523127422708104,0.08345335710189183,aggregate,3,12.640096372429023
resnet50_no_weights,IMAGENET100,fp32_fused,layer1.0.downsample.0,conv,16384,102.13698488871256,0.00623394683158646,,,,,42,3,
resnet50_no_weights,IMAGENET100,fp32_fused,layer1.0.downsample.0,conv,16384,103.9039945602417,0.006341796542983502,,,,,43,3,
resnet50_no_weights,IMAGENET100,fp32_fused,layer1.0.downsample.0,conv,16384,100.55027300516764,0.006137101623850564,,,,,44,3,
resnet50_no_weights,IMAGENET100,fp32_fused,layer1.0.downsample.0,conv,16384,102.19708415137397,0.006237614999473509,3.0485632759994927,41.39704787853508,0.26523127422708104,0.08345335710189183,aggregate,3,1.6776683248697957
resnet50_no_weights,IMAGENET100,fp32_fused,layer1.1.conv1,conv,16384,11.086990388234456,0.0006766961906881382,,,,,42,3,
resnet50_no_weights,IMAGENET100,fp32_fused,layer1.1.conv1,conv,16384,10.938452155501754,0.0006676301364441988,,,,,43,3,
resnet50_no_weights,IMAGENET100,fp32_fused,layer1.1.conv1,conv,16384,11.361346873370083,0.000693441581626592,,,,,44,3,
resnet50_no_weights,IMAGENET100,fp32_fused,layer1.1.conv1,conv,16384,11.128929805702098,0.0006792559695863097,0.33197861747783985,4.508003763797326,0.26523127422708104,0.08345335710189183,aggregate,3,0.2145441018843849
resnet50_no_weights,IMAGENET100,fp32_fused,layer1.1.conv2,conv,36864,3.747073173522949,0.0001016458651671807,,,,,42,3,
resnet50_no_weights,IMAGENET100,fp32_fused,layer1.1.conv2,conv,36864,3.1397098501523337,8.517008057053856e-05,,,,,43,3,
resnet50_no_weights,IMAGENET100,fp32_fused,layer1.1.conv2,conv,36864,2.0906311029737648,5.6711998236050474e-05,,,,,44,3,
resnet50_no_weights,IMAGENET100,fp32_fused,layer1.1.conv2,conv,36864,2.9924713755496826,8.117598132458991e-05,0.08926613137482357,0.538738922771726,0.26523127422708104,0.08345335710189183,aggregate,3,0.8379793909003992
resnet50_no_weights,IMAGENET100,fp32_fused,layer1.1.conv3,conv,16384,5.915912564595541,0.00036107864774142704,,,,,42,3,
resnet50_no_weights,IMAGENET100,fp32_fused,layer1.1.conv3,conv,16384,5.8602758049964905,0.0003576828494260553,,,,,43,3,
resnet50_no_weights,IMAGENET100,fp32_fused,layer1.1.conv3,conv,16384,5.736739589617803,0.00035014279721788346,,,,,44,3,
resnet50_no_weights,IMAGENET100,fp32_fused,layer1.1.conv3,conv,16384,5.837642653069945,0.0003563014314617886,0.17413826586478026,2.364658193662036,0.26523127422708104,0.08345335710189183,aggregate,3,0.09170568911027746
resnet50_no_weights,IMAGENET100,fp32_fused,layer1.2.conv1,conv,16384,2.22649926999036,0.00013589473083437255,,,,,42,3,
resnet50_no_weights,IMAGENET100,fp32_fused,layer1.2.conv1,conv,16384,2.540517979198032,0.00015506091181628613,,,,,43,3,
resnet50_no_weights,IMAGENET100,fp32_fused,layer1.2.conv1,conv,16384,1.9691773692766825,0.00012018904841776627,,,,,44,3,
resnet50_no_weights,IMAGENET100,fp32_fused,layer1.2.conv1,conv,16384,2.245398206155025,0.00013704823035614165,0.066980761419183,0.9095450992407464,0.26523127422708104,0.08345335710189183,aggregate,3,0.2861387783531654
resnet50_no_weights,IMAGENET100,fp32_fused,layer1.2.conv2,conv,36864,0.7697364921371143,2.088043869729585e-05,,,,,42,3,
resnet50_no_weights,IMAGENET100,fp32_fused,layer1.2.conv2,conv,36864,0.6051300438741843,1.6415203013080086e-05,,,,,43,3,
resnet50_no_weights,IMAGENET100,fp32_fused,layer1.2.conv2,conv,36864,0.7760489404201507,2.105167481608482e-05,,,,,44,3,
resnet50_no_weights,IMAGENET100,fp32_fused,layer1.2.conv2,conv,36864,0.7169718254771498,1.944910550882025e-05,0.02138743972223762,0.12907746823285352,0.26523127422708104,0.08345335710189183,aggregate,3,0.09690923503426062
resnet50_no_weights,IMAGENET100,fp32_fused,layer1.2.conv3,conv,16384,2.3236806844842843,0.00014182621365260524,,,,,42,3,
resnet50_no_weights,IMAGENET100,fp32_fused,layer1.2.conv3,conv,16384,2.264024223600115,0.00013818507224121795,,,,,43,3,
resnet50_no_weights,IMAGENET100,fp32_fused,layer1.2.conv3,conv,16384,2.3526239097118378,0.0001435927679267479,,,,,44,3,
resnet50_no_weights,IMAGENET100,fp32_fused,layer1.2.conv3,conv,16384,2.3134429392654123,0.0001412013512735237,0.06901055195780792,0.937108029219067,0.26523127422708104,0.08345335710189183,aggregate,3,0.04517836501190428
resnet50_no_weights,IMAGENET100,fp32_fused,layer2.0.conv1,conv,32768,16.136429639963005,0.0004924447521961366,,,,,42,3,
resnet50_no_weights,IMAGENET100,fp32_fused,layer2.0.conv1,conv,32768,14.429608678817749,0.0004403567101689987,,,,,43,3,
resnet50_no_weights,IMAGENET100,fp32_fused,layer2.0.conv1,conv,32768,20.22924349524758,0.0006173475187758661,,,,,44,3,
resnet50_no_weights,IMAGENET100,fp32_fused,layer2.0.conv1,conv,32768,16.93176060467611,0.0005167163270470004,0.5050784374725881,3.429280347086339,0.26523127422708104,0.08345335710189183,aggregate,3,2.9804956816878434
resnet50_no_weights,IMAGENET100,fp32_fused,layer2.0.conv2,conv,147456,20.576929251352947,0.00013954623244461363,,,,,42,3,
resnet50_no_weights,IMAGENET100,fp32_fused,layer2.0.conv2,conv,147456,26.028552560245288,0.00017651741916398984,,,,,43,3,
resnet50_no_weights,IMAGENET100,fp32_fused,layer2.0.conv2,conv,147456,24.24160935084025,0.00016439893494222174,,,,,44,3,
resnet50_no_weights,IMAGENET100,fp32_fused,layer2.0.conv2,conv,147456,23.61569705414616,0.00016015419551694175,0.7044618481459041,1.062891970780933,0.26523127422708104,0.08345335710189183,aggregate,3,2.7791858210416986
resnet50_no_weights,IMAGENET100,fp32_fused,layer2.0.conv3,conv,65536,39.960417815617156,0.0006097475862978692,,,,,42,3,
resnet50_no_weights,IMAGENET100,fp32_fused,layer2.0.conv3,conv,65536,29.716443252563476,0.0004534369392786175,,,,,43,3,
resnet50_no_weights,IMAGENET100,fp32_fused,layer2.0.conv3,conv,65536,33.725900967915855,0.0005146164088121926,,,,,44,3,
resnet50_no_weights,IMAGENET100,fp32_fused,layer2.0.conv3,conv,65536,34.467587345365494,0.0005259336447962264,1.0281763111533297,3.4904527253444693,0.26523127422708104,0.08345335710189183,aggregate,3,5.162104970261016
resnet50_no_weights,IMAGENET100,fp32_fused,layer2.0.downsample.0,conv,131072,66.8455836613973,0.0005099913304244789,,,,,42,3,
resnet50_no_weights,IMAGENET100,fp32_fused,layer2.0.downsample.0,conv,131072,58.31411018371582,0.0004449013533303514,,,,,43,3,
resnet50_no_weights,IMAGENET100,fp32_fused,layer2.0.downsample.0,conv,131072,66.8560073852539,0.0005100708571262657,,,,,44,3,
resnet50_no_weights,IMAGENET100,fp32_fused,layer2.0.downsample.0,conv,131072,64.00523374345568,0.0004883211802936987,1.909291313762392,3.240830875651555,0.26523127422708104,0.08345335710189183,aggregate,3,4.928660334479775
resnet50_no_weights,IMAGENET100,fp32_fused,layer2.1.conv1,conv,65536,26.65705639521281,0.0004067544005617189,,,,,42,3,
resnet50_no_weights,IMAGENET100,fp32_fused,layer2.1.conv1,conv,65536,22.235426966349284,0.000339285689794148,,,,,43,3,
resnet50_no_weights,IMAGENET100,fp32_fused,layer2.1.conv1,conv,65536,31.15470380783081,0.00047538305370835586,,,,,44,3,
resnet50_no_weights,IMAGENET100,fp32_fused,layer2.1.conv1,conv,65536,26.682395723130966,0.00040714104802140757,0.795942197301227,2.702064404372789,0.26523127422708104,0.08345335710189183,aggregate,3,4.459692411467597
resnet50_no_weights,IMAGENET100,fp32_fused,layer2.1.conv2,conv,147456,14.42851613915485,9.784963744544034e-05,,,,,42,3,
resnet50_no_weights,IMAGENET100,fp32_fused,layer2.1.conv2,conv,147456,17.32097571829091,0.00011746538437426019,,,,,43,3,
resnet50_no_weights,IMAGENET100,fp32_fused,layer2.1.conv2,conv,147456,14.295292872648973,9.694615934684905e-05,,,,,44,3,
resnet50_no_weights,IMAGENET100,fp32_fused,layer2.1.conv2,conv,147456,15.348261576698244,0.00010408706038884985,0.45784228563557583,0.6907923978663136,0.26523127422708104,0.08345335710189183,aggregate,3,1.709718667797246
resnet50_no_weights,IMAGENET100,fp32_fused,layer2.1.conv3,conv,65536,21.593334674835205,0.0003294881389592774,,,,,42,3,
resnet50_no_weights,IMAGENET100,fp32_fused,layer2.1.conv3,conv,65536,23.29825809266832,0.00035550320575970947,,,,,43,3,
resnet50_no_weights,IMAGENET100,fp32_fused,layer2.1.conv3,conv,65536,21.96094012260437,0.00033509735294501297,,,,,44,3,
resnet50_no_weights,IMAGENET100,fp32_fused,layer2.1.conv3,conv,65536,22.284177630035966,0.00034002956588799997,0.6647423076978632,2.256667046679083,0.26523127422708104,0.08345335710189183,aggregate,3,0.8972473626747978
resnet50_no_weights,IMAGENET100,fp32_fused,layer2.2.conv1,conv,65536,7.074449320634206,0.00010794752991690378,,,,,42,3,
resnet50_no_weights,IMAGENET100,fp32_fused,layer2.2.conv1,conv,65536,5.470097621281941,8.346706575442416e-05,,,,,43,3,
resnet50_no_weights,IMAGENET100,fp32_fused,layer2.2.conv1,conv,65536,6.17258087793986,9.418610958770539e-05,,,,,44,3,
resnet50_no_weights,IMAGENET100,fp32_fused,layer2.2.conv1,conv,65536,6.2390426066186695,9.520023508634444e-05,0.18611212174861363,0.6318133918572789,0.26523127422708104,0.08345335710189183,aggregate,3,0.8042381269486397
resnet50_no_weights,IMAGENET100,fp32_fused,layer2.2.conv2,conv,147456,8.48895943959554,5.7569440643958466e-05,,,,,42,3,
resnet50_no_weights,IMAGENET100,fp32_fused,layer2.2.conv2,conv,147456,6.858896464109421,4.6514868598832334e-05,,,,,43,3,
resnet50_no_weights,IMAGENET100,fp32_fused,layer2.2.conv2,conv,147456,8.003437701861063,5.4276785630025655e-05,,,,,44,3,
resnet50_no_weights,IMAGENET100,fp32_fused,layer2.2.conv2,conv,147456,7.783764535188674,5.278703162427215e-05,0.2321915435068157,0.3503305791877482,0.26523127422708104,0.08345335710189183,aggregate,3,0.8369399925499864
resnet50_no_weights,IMAGENET100,fp32_fused,layer2.2.conv3,conv,65536,21.902216570717947,0.00033420130265377726,,,,,42,3,
resnet50_no_weights,IMAGENET100,fp32_fused,layer2.2.conv3,conv,65536,19.387939643859863,0.000295836481382139,,,,,43,3,
resnet50_no_weights,IMAGENET100,fp32_fused,layer2.2.conv3,conv,65536,15.123377208709718,0.00023076442274032162,,,,,44,3,
resnet50_no_weights,IMAGENET100,fp32_fused,layer2.2.conv3,conv,65536,18.804511141095844,0.00028693406892541266,0.5609430304582461,1.904289282087911,0.26523127422708104,0.08345335710189183,aggregate,3,3.426872829177665
resnet50_no_weights,IMAGENET100,fp32_fused,layer2.3.conv1,conv,65536,35.94493584010912,0.0005484761938493213,,,,,42,3,
resnet50_no_weights,IMAGENET100,fp32_fused,layer2.3.conv1,conv,65536,24.128558731079103,0.0003681725880596787,,,,,43,3,
resnet50_no_weights,IMAGENET100,fp32_fused,layer2.3.conv1,conv,65536,30.01307264963786,0.00045796314467831206,,,,,44,3,
resnet50_no_weights,IMAGENET100,fp32_fused,layer2.3.conv1,conv,65536,30.02885574027536,0.000458203975529104,0.8957678938715521,3.040952658141689,0.26523127422708104,0.08345335710189183,aggregate,3,5.908204365555129
resnet50_no_weights,IMAGENET100,fp32_fused,layer2.3.conv2,conv,147456,15.656243133544923,0.00010617569399376711,,,,,42,3,
resnet50_no_weights,IMAGENET100,fp32_fused,layer2.3.conv2,conv,147456,17.04357012835416,0.00011558410731576985,,,,,43,3,
resnet50_no_weights,IMAGENET100,fp32_fused,layer2.3.conv2,conv,147456,20.904521795419548,0.00014176786156832919,,,,,44,3,
resnet50_no_weights,IMAGENET100,fp32_fused,layer2.3.conv2,conv,147456,17.868111685772877,0.00012117588762595538,0.5330100124580927,0.8042054570856119,0.26523127422708104,0.08345335710189183,aggregate,3,2.7195604080632205
resnet50_no_weights,IMAGENET100,fp32_fused,layer2.3.conv3,conv,65536,26.433035628000894,0.00040333611492921286,,,,,42,3,
resnet50_no_weights,IMAGENET100,fp32_fused,layer2.3.conv3,conv,65536,32.3774175008138,0.0004940401840334137,,,,,43,3,
resnet50_no_weights,IMAGENET100,fp32_fused,layer2.3.conv3,conv,65536,28.299863036473592,0.0004318216405711913,,,,,44,3,
resnet50_no_weights,IMAGENET100,fp32_fused,layer2.3.conv3,conv,65536,29.036772055096094,0.0004430659798446059,0.8661738020785222,2.940486641532918,0.26523127422708104,0.08345335710189183,aggregate,3,3.039933410249647
resnet50_no_weights,IMAGENET100,fp32_fused,layer3.0.conv1,conv,131072,99.97370698716905,0.0007627388533566975,,,,,42,3,
resnet50_no_weights,IMAGENET100,fp32_fused,layer3.0.conv1,conv,131072,98.71492729187011,0.0007531351264333352,,,,,43,3,
resnet50_no_weights,IMAGENET100,fp32_fused,layer3.0.conv1,conv,131072,83.83794860839843,0.0006396327866241336,,,,,44,3,
resnet50_no_weights,IMAGENET100,fp32_fused,layer3.0.conv1,conv,131072,94.17552762914586,0.0007185022554713887,2.809278341081024,4.768468761392789,0.26523127422708104,0.08345335710189183,aggregate,3,8.9747025905025
resnet50_no_weights,IMAGENET100,fp32_fused,layer3.0.conv2,conv,589824,82.70830154418945,0.00014022539188671444,,,,,42,3,
resnet50_no_weights,IMAGENET100,fp32_fused,layer3.0.conv2,conv,589824,71.7188217163086,0.00012159359693113301,,,,,43,3,
resnet50_no_weights,IMAGENET100,fp32_fused,layer3.0.conv2,conv,589824,74.89851109186809,0.00012698450909401463,,,,,44,3,
resnet50_no_weights,IMAGENET100,fp32_fused,layer3.0.conv2,conv,589824,76.44187811745537,0.00012960116597062068,2.2802793671894666,0.8601213241363249,0.26523127422708104,0.08345335710189183,aggregate,3,5.654967113397096
resnet50_no_weights,IMAGENET100,fp32_fused,layer3.0.conv3,conv,262144,186.320640818278,0.0007107568390589829,,,,,42,3,
resnet50_no_weights,IMAGENET100,fp32_fused,layer3.0.conv3,conv,262144,192.36598895844958,0.0007338180120790465,,,,,43,3,
resnet50_no_weights,IMAGENET100,fp32_fused,layer3.0.conv3,conv,262144,207.67478942871094,0.0007922164513729513,,,,,44,3,
resnet50_no_weights,IMAGENET100,fp32_fused,layer3.0.conv3,conv,262144,195.45380640181284,0.0007455971008369936,5.830433434561649,4.948288550038949,0.26523127422708104,0.08345335710189183,aggregate,3,11.00685596079859
resnet50_no_weights,IMAGENET100,fp32_fused,layer3.0.downsample.0,conv,524288,199.4817123413086,0.00038048117130529135,,,,,42,3,
resnet50_no_weights,IMAGENET100,fp32_fused,layer3.0.downsample.0,conv,524288,150.18220977783204,0.000286449832492508,,,,,43,3,
resnet50_no_weights,IMAGENET100,fp32_fused,layer3.0.downsample.0,conv,524288,139.5647027151925,0.00026619854491270544,,,,,44,3,
resnet50_no_weights,IMAGENET100,fp32_fused,layer3.0.downsample.0,conv,524288,163.07620827811104,0.0003110431829035016,4.864601997934889,2.064293730221412,0.26523127422708104,0.08345335710189183,aggregate,3,31.971915936144956
resnet50_no_weights,IMAGENET100,fp32_fused,layer3.1.conv1,conv,262144,29.355750033729954,0.00011198329938404066,,,,,42,3,
resnet50_no_weights,IMAGENET100,fp32_fused,layer3.1.conv1,conv,262144,29.636182880401613,0.00011305306579743047,,,,,43,3,
resnet50_no_weights,IMAGENET100,fp32_fused,layer3.1.conv1,conv,262144,29.558482450597428,0.00011275666218031856,,,,,44,3,
resnet50_no_weights,IMAGENET100,fp32_fused,layer3.1.conv1,conv,262144,29.516805121576333,0.00011259767578726323,0.8804933023841227,0.7472746195413695,0.26523127422708104,0.08345335710189183,aggregate,3,0.14478741377910573
resnet50_no_weights,IMAGENET100,fp32_fused,layer3.1.conv2,conv,589824,33.33461167017619,5.651620088395214e-05,,,,,42,3,
resnet50_no_weights,IMAGENET100,fp32_fused,layer3.1.conv2,conv,589824,31.33455073038737,5.312525555146513e-05,,,,,43,3,
resnet50_no_weights,IMAGENET100,fp32_fused,layer3.1.conv2,conv,589824,34.95948556264241,5.927104621487497e-05,,,,,44,3,
resnet50_no_weights,IMAGENET100,fp32_fused,layer3.1.conv2,conv,589824,33.20954932106866,5.6304167550097415e-05,0.9906487383020182,0.37367268098931716,0.26523127422708104,0.08345335710189183,aggregate,3,1.8157005749564532
resnet50_no_weights,IMAGENET100,fp32_fused,layer3.1.conv3,conv,262144,53.314860564011795,0.00020338005281071394,,,,,42,3,
resnet50_no_weights,IMAGENET100,fp32_fused,layer3.1.conv3,conv,262144,50.35995231628418,0.00019210797239793464,,,,,43,3,
resnet50_no_weights,IMAGENET100,fp32_fused,layer3.1.conv3,conv,262144,57.51466833750407,0.00021940104804040554,,,,,44,3,
resnet50_no_weights,IMAGENET100,fp32_fused,layer3.1.conv3,conv,262144,53.72982707260002,0.00020496302441635138,1.6027734939747749,1.3602737802524243,0.26523127422708104,0.08345335710189183,aggregate,3,3.595363436220679
resnet50_no_weights,IMAGENET100,fp32_fused,layer3.2.conv1,conv,262144,28.861083380381267,0.00011009629585411555,,,,,42,3,
resnet50_no_weights,IMAGENET100,fp32_fused,layer3.2.conv1,conv,262144,34.32029395103454,0.0001309215314904577,,,,,43,3,
resnet50_no_weights,IMAGENET100,fp32_fused,layer3.2.conv1,conv,262144,26.47891461054484,0.00010100904316156327,,,,,44,3,
resnet50_no_weights,IMAGENET100,fp32_fused,layer3.2.conv1,conv,262144,29.88676398065355,0.00011400895683537884,0.891529262957547,0.7566408387010712,0.26523127422708104,0.08345335710189183,aggregate,3,4.020052612926336
resnet50_no_weights,IMAGENET100,fp32_fused,layer3.2.conv2,conv,589824,18.85913247328538,3.197416936795617e-05,,,,,42,3,
resnet50_no_weights,IMAGENET100,fp32_fused,layer3.2.conv2,conv,589824,21.432418575993292,3.633697268336536e-05,,,,,43,3,
resnet50_no_weights,IMAGENET100,fp32_fused,layer3.2.conv2,conv,589824,21.447004922231038,3.6361702681191404e-05,,,,,44,3,
resnet50_no_weights,IMAGENET100,fp32_fused,layer3.2.conv2,conv,589824,20.579518657169903,3.4890948244170975e-05,0.6138919259483696,0.2315600201540733,0.26523127422708104,0.08345335710189183,aggregate,3,1.4899159897959697
resnet50_no_weights,IMAGENET100,fp32_fused,layer3.2.conv3,conv,262144,66.26884651184082,0.000252795587584842,,,,,42,3,
resnet50_no_weights,IMAGENET100,fp32_fused,layer3.2.conv3,conv,262144,45.16181509835379,0.00017227865256635205,,,,,43,3,
resnet50_no_weights,IMAGENET100,fp32_fused,layer3.2.conv3,conv,262144,49.4788621266683,0.00018874688006083792,,,,,44,3,
resnet50_no_weights,IMAGENET100,fp32_fused,layer3.2.conv3,conv,262144,53.636507912287634,0.00020460704007067731,1.5999897612740057,1.3579112264553204,0.26523127422708104,0.08345335710189183,aggregate,3,11.150838875685126
resnet50_no_weights,IMAGENET100,fp32_fused,layer3.3.conv1,conv,262144,22.15391976038615,8.45104971328207e-05,,,,,42,3,
resnet50_no_weights,IMAGENET100,fp32_fused,layer3.3.conv1,conv,262144,23.09280446370443,8.809205804330608e-05,,,,,43,3,
resnet50_no_weights,IMAGENET100,fp32_fused,layer3.3.conv1,conv,262144,26.0361392611549,9.931998924695931e-05,,,,,44,3,
resnet50_no_weights,IMAGENET100,fp32_fused,layer3.3.conv1,conv,262144,23.760954495081826,9.06408481410287e-05,0.7087949120848539,0.6015542047019422,0.26523127422708104,0.08345335710189183,aggregate,3,2.0255185536942157
resnet50_no_weights,IMAGENET100,fp32_fused,layer3.3.conv2,conv,589824,32.07523822784424,5.4381032694234615e-05,,,,,42,3,
resnet50_no_weights,IMAGENET100,fp32_fused,layer3.3.conv2,conv,589824,30.773343404134113,5.217377286128424e-05,,,,,43,3,
resnet50_no_weights,IMAGENET100,fp32_fused,layer3.3.conv2,conv,589824,36.156167316436765,6.129992559888504e-05,,,,,44,3,
resnet50_no_weights,IMAGENET100,fp32_fused,layer3.3.conv2,conv,589824,33.00158298280504,5.595157705146796e-05,0.9844450530722568,0.3713326510652978,0.26523127422708104,0.08345335710189183,aggregate,3,2.808430926958476
resnet50_no_weights,IMAGENET100,fp32_fused,layer3.3.conv3,conv,262144,86.71709887186687,0.0003307994799494433,,,,,42,3,
resnet50_no_weights,IMAGENET100,fp32_fused,layer3.3.conv3,conv,262144,85.4768278187719,0.0003260682213545681,,,,,43,3,
resnet50_no_weights,IMAGENET100,fp32_fused,layer3.3.conv3,conv,262144,81.68782501220703,0.00031161432270891963,,,,,44,3,
resnet50_no_weights,IMAGENET100,fp32_fused,layer3.3.conv3,conv,262144,84.62725056761526,0.0003228273413376437,2.5244509701187066,2.142501405903159,0.26523127422708104,0.08345335710189183,aggregate,3,2.6200639339769145
resnet50_no_weights,IMAGENET100,fp32_fused,layer3.4.conv1,conv,262144,26.977769374847412,0.00010291202306689229,,,,,42,3,
resnet50_no_weights,IMAGENET100,fp32_fused,layer3.4.conv1,conv,262144,44.77900409698486,0.00017081834448617883,,,,,43,3,
resnet50_no_weights,IMAGENET100,fp32_fused,layer3.4.conv1,conv,262144,29.752770360310873,0.00011349781173824643,,,,,44,3,
resnet50_no_weights,IMAGENET100,fp32_fused,layer3.4.conv1,conv,262144,33.83651461071438,0.0001290760597637725,1.0093512616979818,0.8566363628509547,0.26523127422708104,0.08345335710189183,aggregate,3,9.577510884106882
resnet50_no_weights,IMAGENET100,fp32_fused,layer3.4.conv2,conv,589824,23.72316919962565,4.0220759412342755e-05,,,,,42,3,
resnet50_no_weights,IMAGENET100,fp32_fused,layer3.4.conv2,conv,589824,20.640372641881306,3.4994121368206965e-05,,,,,43,3,
resnet50_no_weights,IMAGENET100,fp32_fused,layer3.4.conv2,conv,589824,23.69628651936849,4.017518195151179e-05,,,,,44,3,
resnet50_no_weights,IMAGENET100,fp32_fused,layer3.4.conv2,conv,589824,22.68660945362515,3.8463354244020505e-05,0.6767469445099107,0.25526893168994386,0.26523127422708104,0.08345335710189183,aggregate,3,1.772144036732386
resnet50_no_weights,IMAGENET100,fp32_fused,layer3.4.conv3,conv,262144,81.99991594042096,0.0003128048551194037,,,,,42,3,
resnet50_no_weights,IMAGENET100,fp32_fused,layer3.4.conv3,conv,262144,68.91978492736817,0.00026290811510989445,,,,,43,3,
resnet50_no_weights,IMAGENET100,fp32_fused,layer3.4.conv3,conv,262144,70.8049186706543,0.0002700993296457455,,,,,44,3,
resnet50_no_weights,IMAGENET100,fp32_fused,layer3.4.conv3,conv,262144,73.90820651281447,0.0002819374332916812,2.2046993418737726,1.8711282157863462,0.26523127422708104,0.08345335710189183,aggregate,3,7.070732168816093
resnet50_no_weights,IMAGENET100,fp32_fused,layer3.5.conv1,conv,262144,35.35186109542847,0.0001348566478554858,,,,,42,3,
resnet50_no_weights,IMAGENET100,fp32_fused,layer3.5.conv1,conv,262144,33.685892486572264,0.00012850148195866495,,,,,43,3,
resnet50_no_weights,IMAGENET100,fp32_fused,layer3.5.conv1,conv,262144,30.252241452534992,0.00011540314274801251,,,,,44,3,
resnet50_no_weights,IMAGENET100,fp32_fused,layer3.5.conv1,conv,262144,33.09666501151191,0.0001262537575207211,0.9872813725556381,0.8379056490936679,0.26523127422708104,0.08345335710189183,aggregate,3,2.600369567690475
resnet50_no_weights,IMAGENET100,fp32_fused,layer3.5.conv2,conv,589824,33.825055344899496,5.7347709392801064e-05,,,,,42,3,
resnet50_no_weights,IMAGENET100,fp32_fused,layer3.5.conv2,conv,589824,28.465178762163436,4.826046203980075e-05,,,,,43,3,
resnet50_no_weights,IMAGENET100,fp32_fused,layer3.5.conv2,conv,589824,22.401857376098633,3.7980579590010973e-05,,,,,44,3,
resnet50_no_weights,IMAGENET100,fp32_fused,layer3.5.conv2,conv,589824,28.230697161053854,4.7862917007537596e-05,0.8421283966729971,0.31765081158978636,0.26523127422708104,0.08345335710189183,aggregate,3,5.715207710534083
resnet50_no_weights,IMAGENET100,fp32_fused,layer3.5.conv3,conv,262144,111.6311694874483,0.00042583911700229,,,,,42,3,
resnet50_no_weights,IMAGENET100,fp32_fused,layer3.5.conv3,conv,262144,96.08282108306885,0.00036652687485911884,,,,,43,3,
resnet50_no_weights,IMAGENET100,fp32_fused,layer3.5.conv3,conv,262144,78.92555164155506,0.0003010770860349848,,,,,44,3,
resnet50_no_weights,IMAGENET100,fp32_fused,layer3.5.conv3,conv,262144,95.54651407069073,0.00036448102596546453,2.850175192026362,2.4189435359481912,0.26523127422708104,0.08345335710189183,aggregate,3,16.359403368675984
resnet50_no_weights,IMAGENET100,fp32_fused,layer4.0.conv1,conv,524288,100.26220194498698,0.0001912349738025417,,,,,42,3,
resnet50_no_weights,IMAGENET100,fp32_fused,layer4.0.conv1,conv,524288,110.39328358968099,0.00021055847852646063,,,,,43,3,
resnet50_no_weights,IMAGENET100,fp32_fused,layer4.0.conv1,conv,524288,119.76642209007626,0.00022843632143035176,,,,,44,3,
resnet50_no_weights,IMAGENET100,fp32_fused,layer4.0.conv1,conv,524288,110.14063587491475,0.00021007659125311804,3.285521309259225,1.3942108814023968,0.26523127422708104,0.08345335710189183,aggregate,3,9.754564265914652
resnet50_no_weights,IMAGENET100,fp32_fused,layer4.0.conv2,conv,2359296,116.99611829121908,4.95894191704725e-05,,,,,42,3,
resnet50_no_weights,IMAGENET100,fp32_fused,layer4.0.conv2,conv,2359296,111.14450759887696,4.7109183247408105e-05,,,,,43,3,
resnet50_no_weights,IMAGENET100,fp32_fused,layer4.0.conv2,conv,2359296,129.37114028930665,5.483463723471182e-05,,,,,44,3,
resnet50_no_weights,IMAGENET100,fp32_fused,layer4.0.conv2,conv,2359296,119.17058872646756,5.0511079884197474e-05,3.554886946017274,0.3352258182877793,0.26523127422708104,0.08345335710189183,aggregate,3,9.305846337829108
resnet50_no_weights,IMAGENET100,fp32_fused,layer4.0.conv3,conv,1048576,414.1696497599284,0.0003949829576110157,,,,,42,3,
resnet50_no_weights,IMAGENET100,fp32_fused,layer4.0.conv3,conv,1048576,417.41920674641926,0.00039808197664873053,,,,,43,3,
resnet50_no_weights,IMAGENET100,fp32_fused,layer4.0.conv3,conv,1048576,420.4219093322754,0.00040094557698466815,,,,,44,3,
resnet50_no_weights,IMAGENET100,fp32_fused,layer4.0.conv3,conv,1048576,417.33692194620767,0.0003980035037481381,12.449259433658417,2.6414214570596415,0.26523127422708104,0.08345335710189183,aggregate,3,3.1269418816569847
resnet50_no_weights,IMAGENET100,fp32_fused,layer4.0.downsample.0,conv,2097152,81.44542172749837,3.8836203445195375e-05,,,,,42,3,
resnet50_no_weights,IMAGENET100,fp32_fused,layer4.0.downsample.0,conv,2097152,81.1302885055542,3.8685936215188124e-05,,,,,43,3,
resnet50_no_weights,IMAGENET100,fp32_fused,layer4.0.downsample.0,conv,2097152,83.6774996707314,3.9900541148534485e-05,,,,,44,3,
resnet50_no_weights,IMAGENET100,fp32_fused,layer4.0.downsample.0,conv,2097152,82.08440330126132,3.914089360297266e-05,2.448597232636333,0.25976554286015907,0.26523127422708104,0.08345335710189183,aggregate,3,1.3886303571171368
resnet50_no_weights,IMAGENET100,fp32_fused,layer4.1.conv1,conv,1048576,37.936238288879395,3.6178816117171664e-05,,,,,42,3,
resnet50_no_weights,IMAGENET100,fp32_fused,layer4.1.conv1,conv,1048576,36.92860967462713,3.521786658728326e-05,,,,,43,3,
resnet50_no_weights,IMAGENET100,fp32_fused,layer4.1.conv1,conv,1048576,40.76034037272135,3.887208974144111e-05,,,,,44,3,
resnet50_no_weights,IMAGENET100,fp32_fused,layer4.1.conv1,conv,1048576,38.541729445409295,3.675625748196535e-05,1.149708936966803,0.24393947862205584,0.26523127422708104,0.08345335710189183,aggregate,3,1.98632945181718
resnet50_no_weights,IMAGENET100,fp32_fused,layer4.1.conv2,conv,2359296,94.38403828938802,4.000517030901931e-05,,,,,42,3,
resnet50_no_weights,IMAGENET100,fp32_fused,layer4.1.conv2,conv,2359296,95.74591651329628,4.0582409546447874e-05,,,,,43,3,
resnet50_no_weights,IMAGENET100,fp32_fused,layer4.1.conv2,conv,2359296,98.92509536743164,4.1929921199981535e-05,,,,,44,3,
resnet50_no_weights,IMAGENET100,fp32_fused,layer4.1.conv2,conv,2359296,96.35168339003864,4.0839167018482906e-05,2.8741935839238235,0.27103643821016943,0.26523127422708104,0.08345335710189183,aggregate,3,2.3303465360823847
resnet50_no_weights,IMAGENET100,fp32_fused,layer4.1.conv3,conv,1048576,336.2744598388672,0.00032069631561171263,,,,,42,3,
resnet50_no_weights,IMAGENET100,fp32_fused,layer4.1.conv3,conv,1048576,334.24451649983723,0.0003187604107855198,,,,,43,3,
resnet50_no_weights,IMAGENET100,fp32_fused,layer4.1.conv3,conv,1048576,319.6672063191732,0.0003048584044639332,,,,,44,3,
resnet50_no_weights,IMAGENET100,fp32_fused,layer4.1.conv3,conv,1048576,330.0620608859592,0.00031477171028705523,9.845829614152608,2.0890387692509815,0.26523127422708104,0.08345335710189183,aggregate,3,9.059244923744577
resnet50_no_weights,IMAGENET100,fp32_fused,layer4.2.conv1,conv,1048576,39.235120646158855,3.741752686134229e-05,,,,,42,3,
resnet50_no_weights,IMAGENET100,fp32_fused,layer4.2.conv1,conv,1048576,44.14715805053711,4.210201077512465e-05,,,,,43,3,
resnet50_no_weights,IMAGENET100,fp32_fused,layer4.2.conv1,conv,1048576,38.52702723609077,3.674223636254384e-05,,,,,44,3,
resnet50_no_weights,IMAGENET100,fp32_fused,layer4.2.conv1,conv,1048576,40.63643531092891,3.875392466633693e-05,1.2121945100990574,0.2571973542818695,0.26523127422708104,0.08345335710189183,aggregate,3,3.060919744969971
resnet50_no_weights,IMAGENET100,fp32_fused,layer4.2.conv2,conv,2359296,55.67919202951285,2.359991795413244e-05,,,,,42,3,
resnet50_no_weights,IMAGENET100,fp32_fused,layer4.2.conv2,conv,2359296,57.798316383361815,2.449811994059322e-05,,,,,43,3,
resnet50_no_weights,IMAGENET100,fp32_fused,layer4.2.conv2,conv,2359296,58.24400122960409,2.4687025803292204e-05,,,,,44,3,
resnet50_no_weights,IMAGENET100,fp32_fused,layer4.2.conv2,conv,2359296,57.24050321415958,2.4261687899339288e-05,1.7074977965119544,0.16101703225797004,0.26523127422708104,0.08345335710189183,aggregate,3,1.3703752066568282
resnet50_no_weights,IMAGENET100,fp32_fused,layer4.2.conv3,conv,1048576,78.31768582661947,7.468956549322077e-05,,,,,42,3,
resnet50_no_weights,IMAGENET100,fp32_fused,layer4.2.conv3,conv,1048576,73.60798835754395,7.019804797891993e-05,,,,,43,3,
resnet50_no_weights,IMAGENET100,fp32_fused,layer4.2.conv3,conv,1048576,99.15360553448016,9.456024697731034e-05,,,,,44,3,
resnet50_no_weights,IMAGENET100,fp32_fused,layer4.2.conv3,conv,1048576,83.69309323954786,7.981595348315035e-05,2.49658483530674,0.5297128546875357,0.26523127422708104,0.08345335710189183,aggregate,3,13.59470091171074
resnet50_no_weights,IMAGENET100,fp32_fused,fc,linear,204800,14.538624869452583,7.098937924537394e-05,,,,,42,3,
resnet50_no_weights,IMAGENET100,fp32_fused,fc,linear,204800,14.052239672342937,6.8614451525112e-05,,,,,43,3,
resnet50_no_weights,IMAGENET100,fp32_fused,fc,linear,204800,14.105992107391357,6.887691458687186e-05,,,,,44,3,
resnet50_no_weights,IMAGENET100,fp32_fused,fc,linear,204800,14.232285549728958,6.949358178578594e-05,0.4245524558819679,0.4612065882039682,0.26523127422708104,0.08345335710189183,aggregate,3,0.266655517803323
resnet50_no_weights,IMAGENET100,ptq,conv1,conv,9408,6390.076635742187,0.6792173294793992,,,,,42,3,
resnet50_no_weights,IMAGENET100,ptq,conv1,conv,9408,6888.059483119419,0.7321491797533396,,,,,43,3,
resnet50_no_weights,IMAGENET100,ptq,conv1,conv,9408,5877.138362630209,0.6246958293612042,,,,,44,3,
resnet50_no_weights,IMAGENET100,ptq,conv1,conv,9408,6385.091493830605,0.6786874461979809,185.38809134747316,2716.0447938497678,0.2756419376049173,0.096475918982697,aggregate,3,505.4789972814888
resnet50_no_weights,IMAGENET100,ptq,layer1.0.conv1,conv,4096,87.71552884137189,0.02141492403353806,,,,,42,3,
resnet50_no_weights,IMAGENET100,ptq,layer1.0.conv1,conv,4096,93.82134501139323,0.022905601809422176,,,,,43,3,
resnet50_no_weights,IMAGENET100,ptq,layer1.0.conv1,conv,4096,76.79330342610677,0.01874836509426435,,,,,44,3,
resnet50_no_weights,IMAGENET100,ptq,layer1.0.conv1,conv,4096,86.1100590929573,0.02102296364574153,2.5001645656113123,84.13196867155943,0.2756419376049173,0.096475918982697,aggregate,3,8.626801254947692
resnet50_no_weights,IMAGENET100,ptq,layer1.0.conv2,conv,36864,92.82306429545085,0.002517986770167395,,,,,42,3,
resnet50_no_weights,IMAGENET100,ptq,layer1.0.conv2,conv,36864,91.49906692504882,0.002482071042888694,,,,,43,3,
resnet50_no_weights,IMAGENET100,ptq,layer1.0.conv2,conv,36864,97.4815180460612,0.0026443554157460176,,,,,44,3,
resnet50_no_weights,IMAGENET100,ptq,layer1.0.conv2,conv,36864,93.9345497555203,0.0025481377429340357,2.727344926472272,10.197413094169995,0.2756419376049173,0.096475918982697,aggregate,3,3.1422890223187436
resnet50_no_weights,IMAGENET100,ptq,layer1.0.conv3,conv,16384,137.34206771850586,0.008382694562897086,,,,,42,3,
resnet50_no_weights,IMAGENET100,ptq,layer1.0.conv3,conv,16384,100.68375232301909,0.006145248554871771,,,,,43,3,
resnet50_no_weights,IMAGENET100,ptq,layer1.0.conv3,conv,16384,83.69125620524089,0.00510810889924566,,,,,44,3,
resnet50_no_weights,IMAGENET100,ptq,layer1.0.conv3,conv,16384,107.23902541558861,0.006545350672338172,3.11363404251425,26.193891926415976,0.2756419376049173,0.096475918982697,aggregate,3,27.4195386175004
resnet50_no_weights,IMAGENET100,ptq,layer1.0.downsample.0,conv,16384,119.56022453308105,0.0072973769856616855,,,,,42,3,
resnet50_no_weights,IMAGENET100,ptq,layer1.0.downsample.0,conv,16384,100.16255739000108,0.006113437340698308,,,,,43,3,
resnet50_no_weights,IMAGENET100,ptq,layer1.0.downsample.0,conv,16384,98.31141461824116,0.006000452552382883,,,,,44,3,
resnet50_no_weights,IMAGENET100,ptq,layer1.0.downsample.0,conv,16384,106.01139884710777,0.006470422292914293,3.077990489616377,25.89403543726786,0.2756419376049173,0.096475918982697,aggregate,3,11.77007606143762
resnet50_no_weights,IMAGENET100,ptq,layer1.1.conv1,conv,16384,15.469284439086914,0.0009441701928153634,,,,,42,3,
resnet50_no_weights,IMAGENET100,ptq,layer1.1.conv1,conv,16384,10.80908134153911,0.0006597339685997992,,,,,43,3,
resnet50_no_weights,IMAGENET100,ptq,layer1.1.conv1,conv,16384,16.41786738236745,0.0010020671009745759,,,,,44,3,
resnet50_no_weights,IMAGENET100,ptq,layer1.1.conv1,conv,16384,14.232077720997825,0.0008686570874632462,0.41322160021575416,3.476285841534505,0.2756419376049173,0.096475918982697,aggregate,3,3.0021043553499758
resnet50_no_weights,IMAGENET100,ptq,layer1.1.conv2,conv,36864,5.025032244126002,0.0001363127236362305,,,,,42,3,
resnet50_no_weights,IMAGENET100,ptq,layer1.1.conv2,conv,36864,5.92092878818512,0.00016061547276977864,,,,,43,3,
resnet50_no_weights,IMAGENET100,ptq,layer1.1.conv2,conv,36864,3.5756872395674386,9.699672416361325e-05,,,,,44,3,
resnet50_no_weights,IMAGENET100,ptq,layer1.1.conv2,conv,36864,4.84054942395952,0.0001313083068565408,0.14054304776181073,0.5254837778786609,0.2756419376049173,0.096475918982697,aggregate,3,1.1834546520856213
resnet50_no_weights,IMAGENET100,ptq,layer1.1.conv3,conv,16384,9.648819569746653,0.0005889172100675447,,,,,42,3,
resnet50_no_weights,IMAGENET100,ptq,layer1.1.conv3,conv,16384,7.717201169331869,0.0004710205791828533,,,,,43,3,
resnet50_no_weights,IMAGENET100,ptq,layer1.1.conv3,conv,16384,7.998452488581339,0.0004881867973987634,,,,,44,3,
resnet50_no_weights,IMAGENET100,ptq,layer1.1.conv3,conv,16384,8.454824409219954,0.0005160415288830538,0.24548180107016304,2.065150778587162,0.2756419376049173,0.096475918982697,aggregate,3,1.043548709292372
resnet50_no_weights,IMAGENET100,ptq,layer1.2.conv1,conv,16384,9.17261405189832,0.0005598519318785596,,,,,42,3,
resnet50_no_weights,IMAGENET100,ptq,layer1.2.conv1,conv,16384,8.09770857660394,0.0004942449082399866,,,,,43,3,
resnet50_no_weights,IMAGENET100,ptq,layer1.2.conv1,conv,16384,8.727781279881794,0.0005327014941334103,,,,,44,3,
resnet50_no_weights,IMAGENET100,ptq,layer1.2.conv1,conv,16384,8.666034636128018,0.0005289327780839854,0.2516141894435146,2.116740373288751,0.2756419376049173,0.096475918982697,aggregate,3,0.5401064073084123
resnet50_no_weights,IMAGENET100,ptq,layer1.2.conv2,conv,36864,1.7442542384068171,4.7315924435948814e-05,,,,,42,3,
resnet50_no_weights,IMAGENET100,ptq,layer1.2.conv2,conv,36864,1.9529824028412501,5.2978038271518285e-05,,,,,43,3,
resnet50_no_weights,IMAGENET100,ptq,layer1.2.conv2,conv,36864,2.6338746547698975,7.144842270968689e-05,,,,,44,3,
resnet50_no_weights,IMAGENET100,ptq,layer1.2.conv2,conv,36864,2.1103704320059884,5.7247461805718004e-05,0.06127360066864408,0.22909908157219186,0.2756419376049173,0.096475918982697,aggregate,3,0.46522506928988194
resnet50_no_weights,IMAGENET100,ptq,layer1.2.conv3,conv,16384,3.1073835442463555,0.0001896596401517551,,,,,42,3,
resnet50_no_weights,IMAGENET100,ptq,layer1.2.conv3,conv,16384,2.033272842566172,0.00012410112564490797,,,,,43,3,
resnet50_no_weights,IMAGENET100,ptq,layer1.2.conv3,conv,16384,3.1123845557371776,0.00018996487766950547,,,,,44,3,
resnet50_no_weights,IMAGENET100,ptq,layer1.2.conv3,conv,16384,2.7510136475165683,0.00016790854782205617,0.07987437139729689,0.6719545789593642,0.2756419376049173,0.096475918982697,aggregate,3,0.6215867999299173
resnet50_no_weights,IMAGENET100,ptq,layer2.0.conv1,conv,32768,17.814504432678223,0.0005436555307824165,,,,,42,3,
resnet50_no_weights,IMAGENET100,ptq,layer2.0.conv1,conv,32768,14.333104912439982,0.00043741164893920843,,,,,43,3,
resnet50_no_weights,IMAGENET100,ptq,layer2.0.conv1,conv,32768,17.601767762502035,0.0005371633228302623,,,,,44,3,
resnet50_no_weights,IMAGENET100,ptq,layer2.0.conv1,conv,32768,16.58312570254008,0.0005060768341839624,0.48148315893978816,2.0252729860754752,0.2756419376049173,0.096475918982697,aggregate,3,1.9514762078030612
resnet50_no_weights,IMAGENET100,ptq,layer2.0.conv2,conv,147456,21.36502197810582,0.0001448908283020414,,,,,42,3,
resnet50_no_weights,IMAGENET100,ptq,layer2.0.conv2,conv,147456,23.324682744344077,0.00015818062842030218,,,,,43,3,
resnet50_no_weights,IMAGENET100,ptq,layer2.0.conv2,conv,147456,21.816602500279746,0.0001479533047165239,,,,,44,3,
resnet50_no_weights,IMAGENET100,ptq,layer2.0.conv2,conv,147456,22.168769074243215,0.00015034158714628918,0.643659654707819,0.6016532165951896,0.2756419376049173,0.096475918982697,aggregate,3,1.026198592644842
resnet50_no_weights,IMAGENET100,ptq,layer2.0.conv3,conv,65536,40.16709613800049,0.0006129012472229078,,,,,42,3,
resnet50_no_weights,IMAGENET100,ptq,layer2.0.conv3,conv,65536,37.1552414894104,0.0005669439924531616,,,,,43,3,
resnet50_no_weights,IMAGENET100,ptq,layer2.0.conv3,conv,65536,34.80608510971069,0.0005310987107804976,,,,,44,3,
resnet50_no_weights,IMAGENET100,ptq,layer2.0.conv3,conv,65536,37.37614091237386,0.0005703146501521891,1.0851984552412777,2.2823468226495582,0.2756419376049173,0.096475918982697,aggregate,3,2.687323431904019
resnet50_no_weights,IMAGENET100,ptq,layer2.0.downsample.0,conv,131072,65.30031219482422,0.0004982018447481096,,,,,42,3,
resnet50_no_weights,IMAGENET100,ptq,layer2.0.downsample.0,conv,131072,91.02499516805013,0.0006944656003421793,,,,,43,3,
resnet50_no_weights,IMAGENET100,ptq,layer2.0.downsample.0,conv,131072,65.84918874104818,0.0005023894404682021,,,,,44,3,
resnet50_no_weights,IMAGENET100,ptq,layer2.0.downsample.0,conv,131072,74.05816536797417,0.0005650189618528303,2.1502435696544007,2.2611539647060375,0.2756419376049173,0.096475918982697,aggregate,3,14.696268283625871
resnet50_no_weights,IMAGENET100,ptq,layer2.1.conv1,conv,65536,22.61897271020072,0.0003451381333953967,,,,,42,3,
resnet50_no_weights,IMAGENET100,ptq,layer2.1.conv1,conv,65536,21.84353804588318,0.00033330593942082487,,,,,43,3,
resnet50_no_weights,IMAGENET100,ptq,layer2.1.conv1,conv,65536,27.179602654774985,0.0004147278237117765,,,,,44,3,
resnet50_no_weights,IMAGENET100,ptq,layer2.1.conv1,conv,65536,23.880704470286293,0.00036439063217599935,0.6933648838167923,1.4582578254446472,0.2756419376049173,0.096475918982697,aggregate,3,2.883118390453885
resnet50_no_weights,IMAGENET100,ptq,layer2.1.conv2,conv,147456,17.038694286346434,0.0001155510408959041,,,,,42,3,
resnet50_no_weights,IMAGENET100,ptq,layer2.1.conv2,conv,147456,16.96244180202484,0.00011503392064090197,,,,,43,3,
resnet50_no_weights,IMAGENET100,ptq,layer2.1.conv2,conv,147456,17.09377772467477,0.00011592459936981045,,,,,44,3,
resnet50_no_weights,IMAGENET100,ptq,layer2.1.conv2,conv,147456,17.031637937682014,0.00011550318696887217,0.4945054981340334,0.46223314044967356,0.2756419376049173,0.096475918982697,aggregate,3,0.06595168827962143
resnet50_no_weights,IMAGENET100,ptq,layer2.1.conv3,conv,65536,28.901227315266926,0.0004409977312510212,,,,,42,3,
resnet50_no_weights,IMAGENET100,ptq,layer2.1.conv3,conv,65536,25.285450055049015,0.00038582534874037193,,,,,43,3,
resnet50_no_weights,IMAGENET100,ptq,layer2.1.conv3,conv,65536,25.037557895366962,0.0003820428145655359,,,,,44,3,
resnet50_no_weights,IMAGENET100,ptq,layer2.1.conv3,conv,65536,26.408078421894302,0.00040295529818564304,0.7667459831264336,1.612590075037331,0.2756419376049173,0.096475918982697,aggregate,3,2.1626849479528487
resnet50_no_weights,IMAGENET100,ptq,layer2.2.conv1,conv,65536,10.883912404378256,0.000166075323553135,,,,,42,3,
resnet50_no_weights,IMAGENET100,ptq,layer2.2.conv1,conv,65536,12.232969117164611,0.00018666029536689165,,,,,43,3,
resnet50_no_weights,IMAGENET100,ptq,layer2.2.conv1,conv,65536,10.346066856384278,0.00015786845178809017,,,,,44,3,
resnet50_no_weights,IMAGENET100,ptq,layer2.2.conv1,conv,65536,11.154316125975715,0.0001702013569027056,0.323860257739298,0.6811301902096905,0.2756419376049173,0.096475918982697,aggregate,3,0.9720795568906901
resnet50_no_weights,IMAGENET100,ptq,layer2.2.conv2,conv,147456,10.657118214501274,7.227320837742292e-05,,,,,42,3,
resnet50_no_weights,IMAGENET100,ptq,layer2.2.conv2,conv,147456,8.80528883934021,5.971468668172344e-05,,,,,43,3,
resnet50_no_weights,IMAGENET100,ptq,layer2.2.conv2,conv,147456,9.99037090142568,6.775153877377441e-05,,,,,44,3,
resnet50_no_weights,IMAGENET100,ptq,layer2.2.conv2,conv,147456,9.81759265175572,6.657981127764026e-05,0.28504912812832073,0.2664462865921106,0.2756419376049173,0.096475918982697,aggregate,3,0.9379271034289469
resnet50_no_weights,IMAGENET100,ptq,layer2.2.conv3,conv,65536,29.905444367726645,0.00045632086742746956,,,,,42,3,
resnet50_no_weights,IMAGENET100,ptq,layer2.2.conv3,conv,65536,25.41765480041504,0.00038784263306297363,,,,,43,3,
resnet50_no_weights,IMAGENET100,ptq,layer2.2.conv3,conv,65536,26.034805615743,0.00039725960717381287,,,,,44,3,
resnet50_no_weights,IMAGENET100,ptq,layer2.2.conv3,conv,65536,27.11930159462823,0.00041380770255475204,0.7873960093073639,1.6560204000751577,0.2756419376049173,0.096475918982697,aggregate,3,2.4325218285313275
resnet50_no_weights,IMAGENET100,ptq,layer2.3.conv1,conv,65536,28.03170518875122,0.00042772987653734164,,,,,42,3,
resnet50_no_weights,IMAGENET100,ptq,layer2.3.conv1,conv,65536,23.608046274918777,0.0003602301982867245,,,,,43,3,
resnet50_no_weights,IMAGENET100,ptq,layer2.3.conv1,conv,65536,29.89875726699829,0.0004562188303680159,,,,,44,3,
resnet50_no_weights,IMAGENET100,ptq,layer2.3.conv1,conv,65536,27.179502910222762,0.000414726301730694,0.7891439258416001,1.659696549565514,0.2756419376049173,0.096475918982697,aggregate,3,3.2307812892726626
resnet50_no_weights,IMAGENET100,ptq,layer2.3.conv2,conv,147456,19.935217293826017,0.00013519434471181925,,,,,42,3,
resnet50_no_weights,IMAGENET100,ptq,layer2.3.conv2,conv,147456,20.402019717476584,0.00013836005125241824,,,,,43,3,
resnet50_no_weights,IMAGENET100,ptq,layer2.3.conv2,conv,147456,19.472176933288573,0.00013205415129454598,,,,,44,3,
resnet50_no_weights,IMAGENET100,ptq,layer2.3.conv2,conv,147456,19.936471314863724,0.00013520284908626114,0.5788459521429511,0.5410693780053712,0.2756419376049173,0.096475918982697,aggregate,3,0.46492266050731534
resnet50_no_weights,IMAGENET100,ptq,layer2.3.conv3,conv,65536,30.886831029256186,0.0004712956394844999,,,,,42,3,
resnet50_no_weights,IMAGENET100,ptq,layer2.3.conv3,conv,65536,35.9550859451294,0.0005486310721607879,,,,,43,3,
resnet50_no_weights,IMAGENET100,ptq,layer2.3.conv3,conv,65536,27.680199082692464,0.0004223663190108103,,,,,44,3,
resnet50_no_weights,IMAGENET100,ptq,layer2.3.conv3,conv,65536,31.507372019026015,0.0004807643435520327,0.9148015447587222,1.923974724577695,0.2756419376049173,0.096475918982697,aggregate,3,4.172198639389216
resnet50_no_weights,IMAGENET100,ptq,layer3.0.conv1,conv,131072,135.5283639272054,0.0010339993585754806,,,,,42,3,
resnet50_no_weights,IMAGENET100,ptq,layer3.0.conv1,conv,131072,113.55190413338798,0.0008663322764082945,,,,,43,3,
resnet50_no_weights,IMAGENET100,ptq,layer3.0.conv1,conv,131072,119.18483339945475,0.0009093081161457424,,,,,44,3,
resnet50_no_weights,IMAGENET100,ptq,layer3.0.conv1,conv,131072,122.75503382001604,0.0009365465837098392,3.5641339587969636,3.7479733670230098,0.2756419376049173,0.096475918982697,aggregate,3,11.414943913552547
resnet50_no_weights,IMAGENET100,ptq,layer3.0.conv2,conv,589824,79.28455963134766,0.0001344207079253263,,,,,42,3,
resnet50_no_weights,IMAGENET100,ptq,layer3.0.conv2,conv,589824,85.60464337666829,0.00014513591067279101,,,,,43,3,
resnet50_no_weights,IMAGENET100,ptq,layer3.0.conv2,conv,589824,83.62138951619467,0.00014177346041564039,,,,,44,3,
resnet50_no_weights,IMAGENET100,ptq,layer3.0.conv2,conv,589824,82.83686417473687,0.00014044335967125258,2.405128909648756,0.5620414198063751,0.2756419376049173,0.096475918982697,aggregate,3,3.2322553496759214
resnet50_no_weights,IMAGENET100,ptq,layer3.0.conv3,conv,262144,196.8367774963379,0.0007508727168897167,,,,,42,3,
resnet50_no_weights,IMAGENET100,ptq,layer3.0.conv3,conv,262144,199.29397481282552,0.0007602461807740231,,,,,43,3,
resnet50_no_weights,IMAGENET100,ptq,layer3.0.conv3,conv,262144,170.47048459734236,0.0006502932914632506,,,,,44,3,
resnet50_no_weights,IMAGENET100,ptq,layer3.0.conv3,conv,262144,188.86707896883527,0.0007204707297089969,5.483665711327044,2.883257654918276,0.2756419376049173,0.096475918982697,aggregate,3,15.979219881301205
resnet50_no_weights,IMAGENET100,ptq,layer3.0.downsample.0,conv,524288,255.1411102294922,0.0004866430477704853,,,,,42,3,
resnet50_no_weights,IMAGENET100,ptq,layer3.0.downsample.0,conv,524288,265.08653691609703,0.000505612443763918,,,,,43,3,
resnet50_no_weights,IMAGENET100,ptq,layer3.0.downsample.0,conv,524288,280.4867304021662,0.00053498598175462,,,,,44,3,
resnet50_no_weights,IMAGENET100,ptq,layer3.0.downsample.0,conv,524288,266.9047925159185,0.0005090804910963411,7.749453567553246,2.0372933450272703,0.2756419376049173,0.096475918982697,aggregate,3,12.770264506034172
resnet50_no_weights,IMAGENET100,ptq,layer3.1.conv1,conv,262144,23.974300861358643,9.14546999410959e-05,,,,,42,3,
resnet50_no_weights,IMAGENET100,ptq,layer3.1.conv1,conv,262144,20.615461237290326,7.864174361148959e-05,,,,,43,3,
resnet50_no_weights,IMAGENET100,ptq,layer3.1.conv1,conv,262144,22.821776653158253,8.705816899550725e-05,,,,,44,3,
resnet50_no_weights,IMAGENET100,ptq,layer3.1.conv1,conv,262144,22.470512917269073,8.571820418269757e-05,0.6524206435187805,0.3430363763361146,0.2756419376049173,0.096475918982697,aggregate,3,1.7067485357151957
resnet50_no_weights,IMAGENET100,ptq,layer3.1.conv2,conv,589824,18.62174554304643,3.1571698579655e-05,,,,,42,3,
resnet50_no_weights,IMAGENET100,ptq,layer3.1.conv2,conv,589824,19.1100461324056,3.239957365655789e-05,,,,,43,3,
resnet50_no_weights,IMAGENET100,ptq,layer3.1.conv2,conv,589824,19.904045486450194,3.374573684090541e-05,,,,,44,3,
resnet50_no_weights,IMAGENET100,ptq,layer3.1.conv2,conv,589824,19.211945720634073,3.257233635903943e-05,0.5578096964876625,0.13035149697713053,0.2756419376049173,0.096475918982697,aggregate,3,0.6471946621953658
resnet50_no_weights,IMAGENET100,ptq,layer3.1.conv3,conv,262144,96.14206047058106,0.00036675285518867896,,,,,42,3,
resnet50_no_weights,IMAGENET100,ptq,layer3.1.conv3,conv,262144,106.33295288085938,0.00040562802460044625,,,,,43,3,
resnet50_no_weights,IMAGENET100,ptq,layer3.1.conv3,conv,262144,95.56312726338705,0.00036454440026621645,,,,,44,3,
resnet50_no_weights,IMAGENET100,ptq,layer3.1.conv3,conv,262144,99.34604687160916,0.00037897509335178055,2.8844651686259524,1.5166234988772296,0.2756419376049173,0.096475918982697,aggregate,3,6.057758050728884
resnet50_no_weights,IMAGENET100,ptq,layer3.2.conv1,conv,262144,26.08904587427775,9.952181195937252e-05,,,,,42,3,
resnet50_no_weights,IMAGENET100,ptq,layer3.2.conv1,conv,262144,26.767752766609192,0.00010211087328571011,,,,,43,3,
resnet50_no_weights,IMAGENET100,ptq,layer3.2.conv1,conv,262144,25.388279088338216,9.684859881720816e-05,,,,,44,3,
resnet50_no_weights,IMAGENET100,ptq,layer3.2.conv1,conv,262144,26.081692576408386,9.949376135409693e-05,0.7572695255070042,0.3981648902748337,0.2756419376049173,0.096475918982697,aggregate,3,0.6897662361284299
resnet50_no_weights,IMAGENET100,ptq,layer3.2.conv2,conv,589824,24.103309377034506,4.086525705470531e-05,,,,,42,3,
resnet50_no_weights,IMAGENET100,ptq,layer3.2.conv2,conv,589824,23.5848237991333,3.998620571413388e-05,,,,,43,3,
resnet50_no_weights,IMAGENET100,ptq,layer3.2.conv2,conv,589824,25.2319837808609,4.277883534895308e-05,,,,,44,3,
resnet50_no_weights,IMAGENET100,ptq,layer3.2.conv2,conv,589824,24.306705652342902,4.1210099372597424e-05,0.705733625303042,0.16491903081749945,0.2756419376049173,0.096475918982697,aggregate,3,0.842206349393196
resnet50_no_weights,IMAGENET100,ptq,layer3.2.conv3,conv,262144,90.88112685259651,0.00034668398610151867,,,,,42,3,
resnet50_no_weights,IMAGENET100,ptq,layer3.2.conv3,conv,262144,87.31726150512695,0.00033308891870547085,,,,,43,3,
resnet50_no_weights,IMAGENET100,ptq,layer3.2.conv3,conv,262144,80.97833290100098,0.0003089078250923194,,,,,44,3,
resnet50_no_weights,IMAGENET100,ptq,layer3.2.conv3,conv,262144,86.39224041957482,0.00032956024329976966,2.5083575660727884,1.3188698097903098,0.2756419376049173,0.096475918982697,aggregate,3,5.015783091250685
resnet50_no_weights,IMAGENET100,ptq,layer3.3.conv1,conv,262144,25.370318539937337,9.67800847623342e-05,,,,,42,3,
resnet50_no_weights,IMAGENET100,ptq,layer3.3.conv1,conv,262144,23.80538898706436,9.081035227609391e-05,,,,,43,3,
resnet50_no_weights,IMAGENET100,ptq,layer3.3.conv1,conv,262144,24.26743195851644,9.25729063358934e-05,,,,,44,3,
resnet50_no_weights,IMAGENET100,ptq,layer3.3.conv1,conv,262144,24.481046495172713,9.338778112477384e-05,0.7107955286645454,0.373729318486808,0.2756419376049173,0.096475918982697,aggregate,3,0.8040363823030386
resnet50_no_weights,IMAGENET100,ptq,layer3.3.conv2,conv,589824,36.5857120513916,6.202818476594985e-05,,,,,42,3,
resnet50_no_weights,IMAGENET100,ptq,layer3.3.conv2,conv,589824,42.87715095943875,7.26948224545606e-05,,,,,43,3,
resnet50_no_weights,IMAGENET100,ptq,layer3.3.conv2,conv,589824,40.82470836639404,6.921506816676507e-05,,,,,44,3,
resnet50_no_weights,IMAGENET100,ptq,layer3.3.conv2,conv,589824,40.09585712574147,6.797935846242518e-05,1.164164120539914,0.27204714581866146,0.2756419376049173,0.096475918982697,aggregate,3,3.208421571688012
resnet50_no_weights,IMAGENET100,ptq,layer3.3.conv3,conv,262144,125.8192813873291,0.00047996246867114677,,,,,42,3,
resnet50_no_weights,IMAGENET100,ptq,layer3.3.conv3,conv,262144,141.33496183507583,0.0005391500924494775,,,,,43,3,
resnet50_no_weights,IMAGENET100,ptq,layer3.3.conv3,conv,262144,133.96946029663087,0.0005110529338708148,,,,,44,3,
resnet50_no_weights,IMAGENET100,ptq,layer3.3.conv3,conv,262144,133.70790117301192,0.0005100551649971463,3.8821452473299303,2.0411939004137203,0.2756419376049173,0.096475918982697,aggregate,3,7.761146488793314
resnet50_no_weights,IMAGENET100,ptq,layer3.4.conv1,conv,262144,19.875326288157495,7.581835284483908e-05,,,,,42,3,
resnet50_no_weights,IMAGENET100,ptq,layer3.4.conv1,conv,262144,20.182763700132018,7.699113349964912e-05,,,,,43,3,
resnet50_no_weights,IMAGENET100,ptq,layer3.4.conv1,conv,262144,17.920966339111327,6.836306129116565e-05,,,,,44,3,
resnet50_no_weights,IMAGENET100,ptq,layer3.4.conv1,conv,262144,19.326352109133612,7.372418254521794e-05,0.5611314315046753,0.29503740389557365,0.2756419376049173,0.096475918982697,aggregate,3,1.226768646691889
resnet50_no_weights,IMAGENET100,ptq,layer3.4.conv2,conv,589824,22.80776375134786,3.8668761785461185e-05,,,,,42,3,
resnet50_no_weights,IMAGENET100,ptq,layer3.4.conv2,conv,589824,22.104852744511195,3.747703169845784e-05,,,,,43,3,
resnet50_no_weights,IMAGENET100,ptq,layer3.4.conv2,conv,589824,22.328192949295044,3.785568737334365e-05,,,,,44,3,
resnet50_no_weights,IMAGENET100,ptq,layer3.4.conv2,conv,589824,22.4136031483847,3.8000493619087556e-05,0.6507682954760479,0.152074483528514,0.2756419376049173,0.096475918982697,aggregate,3,0.35915476812153624
resnet50_no_weights,IMAGENET100,ptq,layer3.4.conv3,conv,262144,118.64284553527833,0.00045258653844939547,,,,,42,3,
resnet50_no_weights,IMAGENET100,ptq,layer3.4.conv3,conv,262144,122.5293197631836,0.00046741226105950773,,,,,43,3,
resnet50_no_weights,IMAGENET100,ptq,layer3.4.conv3,conv,262144,112.2168643951416,0.0004280733657651581,,,,,44,3,
resnet50_no_weights,IMAGENET100,ptq,layer3.4.conv3,conv,262144,117.79634323120118,0.0004493573884246871,3.4201607385649133,1.7982869762007838,0.2756419376049173,0.096475918982697,aggregate,3,5.208081080644817
resnet50_no_weights,IMAGENET100,ptq,layer3.5.conv1,conv,262144,30.929541226091057,0.00011798683634220527,,,,,42,3,
resnet50_no_weights,IMAGENET100,ptq,layer3.5.conv1,conv,262144,30.867002611574918,0.00011774827046041457,,,,,43,3,
resnet50_no_weights,IMAGENET100,ptq,layer3.5.conv1,conv,262144,28.669560945951023,0.00010936569574718866,,,,,44,3,
resnet50_no_weights,IMAGENET100,ptq,layer3.5.conv1,conv,262144,30.155368261205666,0.00011503360084993617,0.8755467593889114,0.46035389995282167,0.2756419376049173,0.096475918982697,aggregate,3,1.2871267626479366
resnet50_no_weights,IMAGENET100,ptq,layer3.5.conv2,conv,589824,27.163821744918824,4.605411401522967e-05,,,,,42,3,
resnet50_no_weights,IMAGENET100,ptq,layer3.5.conv2,conv,589824,32.41099770863851,5.495028637125399e-05,,,,,43,3,
resnet50_no_weights,IMAGENET100,ptq,layer3.5.conv2,conv,589824,34.25028610229492,5.806865455168817e-05,,,,,44,3,
resnet50_no_weights,IMAGENET100,ptq,layer3.5.conv2,conv,589824,31.275035185284086,5.3024351646057277e-05,0.9080557554151006,0.21219858278256992,0.2756419376049173,0.096475918982697,aggregate,3,3.6772683357269123
resnet50_no_weights,IMAGENET100,ptq,layer3.5.conv3,conv,262144,150.34661712646485,0.0005735268292482943,,,,,42,3,
resnet50_no_weights,IMAGENET100,ptq,layer3.5.conv3,conv,262144,132.86769144158615,0.0005068500192321249,,,,,43,3,
resnet50_no_weights,IMAGENET100,ptq,layer3.5.conv3,conv,262144,143.43504455566406,0.0005471612722612917,,,,,44,3,
resnet50_no_weights,IMAGENET100,ptq,layer3.5.conv3,conv,262144,142.21645104123834,0.0005425127069139036,4.129186941521688,2.1710860005815094,0.2756419376049173,0.096475918982697,aggregate,3,8.802950550209198
resnet50_no_weights,IMAGENET100,ptq,layer4.0.conv1,conv,524288,156.61661605834962,0.0002987224885146134,,,,,42,3,
resnet50_no_weights,IMAGENET100,ptq,layer4.0.conv1,conv,524288,239.7386271158854,0.00045726514266182977,,,,,43,3,
resnet50_no_weights,IMAGENET100,ptq,layer4.0.conv1,conv,524288,195.72968622843425,0.00037332474942862367,,,,,44,3,
resnet50_no_weights,IMAGENET100,ptq,layer4.0.conv1,conv,524288,197.3616431342231,0.00037643746020168896,5.730301337295988,1.5064681241983287,0.2756419376049173,0.096475918982697,aggregate,3,41.585029073802986
resnet50_no_weights,IMAGENET100,ptq,layer4.0.conv2,conv,2359296,178.22613355848523,7.554208270538551e-05,,,,,42,3,
resnet50_no_weights,IMAGENET100,ptq,layer4.0.conv2,conv,2359296,171.4310099283854,7.266193386857156e-05,,,,,43,3,
resnet50_no_weights,IMAGENET100,ptq,layer4.0.conv2,conv,2359296,171.2996686299642,7.260626416946589e-05,,,,,44,3,
resnet50_no_weights,IMAGENET100,ptq,layer4.0.conv2,conv,2359296,173.6522707056116,7.360342691447432e-05,5.041910997731764,0.29455415095779414,0.2756419376049173,0.096475918982697,aggregate,3,3.961625762466797
resnet50_no_weights,IMAGENET100,ptq,layer4.0.conv3,conv,1048576,715.6542938232421,0.000682501119445078,,,,,42,3,
resnet50_no_weights,IMAGENET100,ptq,layer4.0.conv3,conv,1048576,655.1898956298828,0.0006248377758311108,,,,,43,3,
resnet50_no_weights,IMAGENET100,ptq,layer4.0.conv3,conv,1048576,694.5318745930989,0.000662357210724925,,,,,44,3,
resnet50_no_weights,IMAGENET100,ptq,layer4.0.conv3,conv,1048576,688.4586880154079,0.0006565653686670379,19.989070206132904,2.6275142724092233,0.2756419376049173,0.096475918982697,aggregate,3,30.686292683002012
resnet50_no_weights,IMAGENET100,ptq,layer4.0.downsample.0,conv,2097152,169.1091491035793,8.06375260846993e-05,,,,,42,3,
resnet50_no_weights,IMAGENET100,ptq,layer4.0.downsample.0,conv,2097152,168.51256900363498,8.035305452520131e-05,,,,,43,3,
resnet50_no_weights,IMAGENET100,ptq,layer4.0.downsample.0,conv,2097152,168.2696746826172,8.023723348742351e-05,,,,,44,3,
resnet50_no_weights,IMAGENET100,ptq,layer4.0.downsample.0,conv,2097152,168.63046426327716,8.040927136577471e-05,4.896105238744542,0.32179051505036566,0.2756419376049173,0.096475918982697,aggregate,3,0.4319766140047336
resnet50_no_weights,IMAGENET100,ptq,layer4.1.conv1,conv,1048576,55.79984025394215,5.321487450975623e-05,,,,,42,3,
resnet50_no_weights,IMAGENET100,ptq,layer4.1.conv1,conv,1048576,52.99351565043131,5.053855481188899e-05,,,,,43,3,
resnet50_no_weights,IMAGENET100,ptq,layer4.1.conv1,conv,1048576,56.72391916910807,5.409614483748252e-05,,,,,44,3,
resnet50_no_weights,IMAGENET100,ptq,layer4.1.conv1,conv,1048576,55.17242502449385,5.261652471970925e-05,1.6019050909740706,0.21056649689928958,0.2756419376049173,0.096475918982697,aggregate,3,1.9427338998552373
resnet50_no_weights,IMAGENET100,ptq,layer4.1.conv2,conv,2359296,136.7415295555478,5.795861543254759e-05,,,,,42,3,
resnet50_no_weights,IMAGENET100,ptq,layer4.1.conv2,conv,2359296,130.1783790588379,5.517678962658263e-05,,,,,43,3,
resnet50_no_weights,IMAGENET100,ptq,layer4.1.conv2,conv,2359296,154.18871411410245,6.535369623570016e-05,,,,,44,3,
resnet50_no_weights,IMAGENET100,ptq,layer4.1.conv2,conv,2359296,140.36954090949604,5.949636709827679e-05,4.075562785228102,0.23809899389697894,0.2756419376049173,0.096475918982697,aggregate,3,12.409508336545796
resnet50_no_weights,IMAGENET100,ptq,layer4.1.conv3,conv,1048576,378.02625732421876,0.0003605139325372875,,,,,42,3,
resnet50_no_weights,IMAGENET100,ptq,layer4.1.conv3,conv,1048576,402.7962588355655,0.00038413644679600285,,,,,43,3,
resnet50_no_weights,IMAGENET100,ptq,layer4.1.conv3,conv,1048576,346.8518913269043,0.0003307837403554004,,,,,44,3,
resnet50_no_weights,IMAGENET100,ptq,layer4.1.conv3,conv,1048576,375.8914691622295,0.0003584780398962302,10.913829831430768,1.4345961744599631,0.2756419376049173,0.096475918982697,aggregate,3,28.033213414777535
resnet50_no_weights,IMAGENET100,ptq,layer4.2.conv1,conv,1048576,70.02394220103388,6.678003521064174e-05,,,,,42,3,
resnet50_no_weights,IMAGENET100,ptq,layer4.2.conv1,conv,1048576,70.15793952941894,6.690782502118963e-05,,,,,43,3,
resnet50_no_weights,IMAGENET100,ptq,layer4.2.conv1,conv,1048576,71.78403902053833,6.845859434179147e-05,,,,,44,3,
resnet50_no_weights,IMAGENET100,ptq,layer4.2.conv1,conv,1048576,70.65530691699705,6.738215152454095e-05,2.0514431947558096,0.2696571785316899,0.2756419376049173,0.096475918982697,aggregate,3,0.979804032537695
resnet50_no_weights,IMAGENET100,ptq,layer4.2.conv2,conv,2359296,95.55264197455512,4.0500489118175556e-05,,,,,42,3,
resnet50_no_weights,IMAGENET100,ptq,layer4.2.conv2,conv,2359296,116.6414395650228,4.943908672969513e-05,,,,,43,3,
resnet50_no_weights,IMAGENET100,ptq,layer4.2.conv2,conv,2359296,117.64191020618786,4.986314146516073e-05,,,,,44,3,
resnet50_no_weights,IMAGENET100,ptq,layer4.2.conv2,conv,2359296,109.94533058192192,4.660090577101047e-05,3.1922103244477364,0.18649254265285853,0.2756419376049173,0.096475918982697,aggregate,3,12.474467899971847
resnet50_no_weights,IMAGENET100,ptq,layer4.2.conv3,conv,1048576,131.2004508972168,0.000125122500321595,,,,,42,3,
resnet50_no_weights,IMAGENET100,ptq,layer4.2.conv3,conv,1048576,145.39015096028646,0.00013865485282925268,,,,,43,3,
resnet50_no_weights,IMAGENET100,ptq,layer4.2.conv3,conv,1048576,146.26657104492188,0.00013949067215435207,,,,,44,3,
resnet50_no_weights,IMAGENET100,ptq,layer4.2.conv3,conv,1048576,140.95239096747505,0.00013442267510173326,4.092485559145265,0.5379471934109094,0.2756419376049173,0.096475918982697,aggregate,3,8.456788952765667
resnet50_no_weights,IMAGENET100,ptq,fc,linear,204800,22.04721556769477,0.00010765241976413462,,,,,42,3,
resnet50_no_weights,IMAGENET100,ptq,fc,linear,204800,24.36067492167155,0.00011894860801597436,,,,,43,3,
resnet50_no_weights,IMAGENET100,ptq,fc,linear,204800,19.141604741414387,9.346486690143743e-05,,,,,44,3,
resnet50_no_weights,IMAGENET100,ptq,fc,linear,204800,21.84983174359357,0.00010668863156051548,0.6343994611701499,0.42695809969109777,0.2756419376049173,0.096475918982697,aggregate,3,2.615127849097438
resnet18_no_weights,IMAGENET100,fp32_unfused,conv1,conv,9408,47.04971867341261,0.0050010330222589935,,,,,42,3,
resnet18_no_weights,IMAGENET100,fp32_unfused,conv1,conv,9408,38.34013090133667,0.004075269015873371,,,,,43,3,
resnet18_no_weights,IMAGENET100,fp32_unfused,conv1,conv,9408,42.729137643178305,0.004541787589623545,,,,,44,3,
resnet18_no_weights,IMAGENET100,fp32_unfused,conv1,conv,9408,42.70632907264253,0.00453936320925197,0.5143552555820025,9.111729860481466,0.28800718042697715,0.31018540119771254,aggregate,3,4.354838683928614
resnet18_no_weights,IMAGENET100,fp32_unfused,layer1.0.conv1,conv,36864,97.64626731872559,0.002648824525790082,,,,,42,3,
resnet18_no_weights,IMAGENET100,fp32_unfused,layer1.0.conv1,conv,36864,72.27452869415283,0.0019605720674412117,,,,,43,3,
resnet18_no_weights,IMAGENET100,fp32_unfused,layer1.0.conv1,conv,36864,93.54715274175008,0.002537628926371259,,,,,44,3,
resnet18_no_weights,IMAGENET100,fp32_unfused,layer1.0.conv1,conv,36864,87.82264958487617,0.0023823418398675176,1.0577364609419126,4.782004497007918,0.28800718042697715,0.31018540119771254,aggregate,3,13.62015904838133
resnet18_no_weights,IMAGENET100,fp32_unfused,layer1.0.conv2,conv,36864,28.78753252029419,0.0007809117979680498,,,,,42,3,
resnet18_no_weights,IMAGENET100,fp32_unfused,layer1.0.conv2,conv,36864,31.12391750017802,0.0008442902967713222,,,,,43,3,
resnet18_no_weights,IMAGENET100,fp32_unfused,layer1.0.conv2,conv,36864,31.32842019025017,0.0008498377872789217,,,,,44,3,
resnet18_no_weights,IMAGENET100,fp32_unfused,layer1.0.conv2,conv,36864,30.413290070240794,0.000825013294006098,0.3662978281406365,1.6560248474869879,0.28800718042697715,0.31018540119771254,aggregate,3,1.4116554274921258
resnet18_no_weights,IMAGENET100,fp32_unfused,layer1.1.conv1,conv,36864,43.30686388015747,0.001174773868276841,,,,,42,3,
resnet18_no_weights,IMAGENET100,fp32_unfused,layer1.1.conv1,conv,36864,44.277016480763756,0.001201090941860996,,,,,43,3,
resnet18_no_weights,IMAGENET100,fp32_unfused,layer1.1.conv1,conv,36864,45.4444700717926,0.0012327601473468045,,,,,44,3,
resnet18_no_weights,IMAGENET100,fp32_unfused,layer1.1.conv1,conv,36864,44.342783477571274,0.0012028749858282138,0.5340647211805013,2.4144954747085046,0.28800718042697715,0.31018540119771254,aggregate,3,1.0703195929398939
resnet18_no_weights,IMAGENET100,fp32_unfused,layer1.1.conv2,conv,36864,27.648074245452882,0.0007500020140368078,,,,,42,3,
resnet18_no_weights,IMAGENET100,fp32_unfused,layer1.1.conv2,conv,36864,26.812178579966226,0.0007273268929027297,,,,,43,3,
resnet18_no_weights,IMAGENET100,fp32_unfused,layer1.1.conv2,conv,36864,35.390833918253584,0.0009600378124526254,,,,,44,3,
resnet18_no_weights,IMAGENET100,fp32_unfused,layer1.1.conv2,conv,36864,29.950362247890897,0.000812455573130721,0.3607223229742762,1.6308181048217276,0.28800718042697715,0.31018540119771254,aggregate,3,4.730087672327974
resnet18_no_weights,IMAGENET100,fp32_unfused,layer2.0.conv1,conv,73728,114.24693622589112,0.0015495732452513445,,,,,42,3,
resnet18_no_weights,IMAGENET100,fp32_unfused,layer2.0.conv1,conv,73728,147.13437366485596,0.001995637663640082,,,,,43,3,
resnet18_no_weights,IMAGENET100,fp32_unfused,layer2.0.conv1,conv,73728,151.78724670410156,0.0020587462931871414,,,,,44,3,
resnet18_no_weights,IMAGENET100,fp32_unfused,layer2.0.conv1,conv,73728,137.72285219828288,0.0018679857340261892,1.6587347678943665,3.749552659057788,0.28800718042697715,0.31018540119771254,aggregate,3,20.463413203494024
resnet18_no_weights,IMAGENET100,fp32_unfused,layer2.0.conv2,conv,147456,95.47253920237223,0.0006474645942001155,,,,,42,3,
resnet18_no_weights,IMAGENET100,fp32_unfused,layer2.0.conv2,conv,147456,111.62441775004069,0.0007570015309654452,,,,,43,3,
resnet18_no_weights,IMAGENET100,fp32_unfused,layer2.0.conv2,conv,147456,132.1276196161906,0.0008960477675794176,,,,,44,3,
resnet18_no_weights,IMAGENET100,fp32_unfused,layer2.0.conv2,conv,147456,113.07485885620117,0.0007668379642483261,1.3618742043585677,1.5392512242138248,0.28800718042697715,0.31018540119771254,aggregate,3,18.370535228667205
resnet18_no_weights,IMAGENET100,fp32_unfused,layer2.0.downsample.0,conv,8192,67.22979996999105,0.008206762691649298,,,,,42,3,
resnet18_no_weights,IMAGENET100,fp32_unfused,layer2.0.downsample.0,conv,8192,96.7276871363322,0.011807578996134301,,,,,43,3,
resnet18_no_weights,IMAGENET100,fp32_unfused,layer2.0.downsample.0,conv,8192,105.80823567708333,0.012916044394175211,,,,,44,3,
resnet18_no_weights,IMAGENET100,fp32_unfused,layer2.0.downsample.0,conv,8192,89.92190759446886,0.010976795360652937,1.0830199356282983,22.033397516242687,0.28800718042697715,0.31018540119771254,aggregate,3,20.169603411591844
resnet18_no_weights,IMAGENET100,fp32_unfused,layer2.1.conv1,conv,147456,81.28804829915364,0.0005512698587995988,,,,,42,3,
resnet18_no_weights,IMAGENET100,fp32_unfused,layer2.1.conv1,conv,147456,71.46298020680746,0.0004846393514459056,,,,,43,3,
resnet18_no_weights,IMAGENET100,fp32_unfused,layer2.1.conv1,conv,147456,85.27305812835694,0.0005782949363088443,,,,,44,3,
resnet18_no_weights,IMAGENET100,fp32_unfused,layer2.1.conv1,conv,147456,79.34136221143935,0.0005380680488514495,0.9555877904905571,1.0800481216612454,0.28800718042697715,0.31018540119771254,aggregate,3,7.107865579264453
resnet18_no_weights,IMAGENET100,fp32_unfused,layer2.1.conv2,conv,147456,60.037564729389395,0.0004071557937919745,,,,,42,3,
resnet18_no_weights,IMAGENET100,fp32_unfused,layer2.1.conv2,conv,147456,61.569068336486815,0.00041754196734271115,,,,,43,3,
resnet18_no_weights,IMAGENET100,fp32_unfused,layer2.1.conv2,conv,147456,70.86771348317464,0.00048060244061397733,,,,,44,3,
resnet18_no_weights,IMAGENET100,fp32_unfused,layer2.1.conv2,conv,147456,64.15811551635028,0.0004351000672495543,0.7727206861526216,0.8733635297071899,0.28800718042697715,0.31018540119771254,aggregate,3,5.860921811622149
resnet18_no_weights,IMAGENET100,fp32_unfused,layer3.0.conv1,conv,294912,158.76904411315917,0.0005383607452838784,,,,,42,3,
resnet18_no_weights,IMAGENET100,fp32_unfused,layer3.0.conv1,conv,294912,127.64445406595866,0.000432822177686763,,,,,43,3,
resnet18_no_weights,IMAGENET100,fp32_unfused,layer3.0.conv1,conv,294912,154.3522082010905,0.0005233839525047827,,,,,44,3,
resnet18_no_weights,IMAGENET100,fp32_unfused,layer3.0.conv1,conv,294912,146.92190212673611,0.0004981889584918082,1.769528174394205,1.0,0.28800718042697715,0.31018540119771254,aggregate,3,16.840193367966833
resnet18_no_weights,IMAGENET100,fp32_unfused,layer3.0.conv2,conv,589824,145.6466749827067,0.00024693243235729087,,,,,42,3,
resnet18_no_weights,IMAGENET100,fp32_unfused,layer3.0.conv2,conv,589824,193.52932929992676,0.0003281136903549648,,,,,43,3,
resnet18_no_weights,IMAGENET100,fp32_unfused,layer3.0.conv2,conv,589824,168.3602258046468,0.0002854414635631083,,,,,44,3,
resnet18_no_weights,IMAGENET100,fp32_unfused,layer3.0.conv2,conv,589824,169.17874336242676,0.00028682919542512134,2.037589689181839,0.5757437826270847,0.28800718042697715,0.31018540119771254,aggregate,3,23.951818811102704
resnet18_no_weights,IMAGENET100,fp32_unfused,layer3.0.downsample.0,conv,32768,25.415321509043377,0.0007756140597242241,,,,,42,3,
resnet18_no_weights,IMAGENET100,fp32_unfused,layer3.0.downsample.0,conv,32768,14.5858473777771,0.000445124736870639,,,,,43,3,
resnet18_no_weights,IMAGENET100,fp32_unfused,layer3.0.downsample.0,conv,32768,30.012275099754333,0.000915901950065745,,,,,44,3,
resnet18_no_weights,IMAGENET100,fp32_unfused,layer3.0.downsample.0,conv,32768,23.337814662191604,0.0007122135822202028,0.2810807645133476,1.4296053135668076,0.28800718042697715,0.31018540119771254,aggregate,3,7.920271086862111
resnet18_no_weights,IMAGENET100,fp32_unfused,layer3.1.conv1,conv,589824,92.58416105906169,0.00015696913156986098,,,,,42,3,
resnet18_no_weights,IMAGENET100,fp32_unfused,layer3.1.conv1,conv,589824,98.35961278279622,0.00016676095374687402,,,,,43,3,
resnet18_no_weights,IMAGENET100,fp32_unfused,layer3.1.conv1,conv,589824,89.19489400527057,0.00015122289700871883,,,,,44,3,
resnet18_no_weights,IMAGENET100,fp32_unfused,layer3.1.conv1,conv,589824,93.37955594904282,0.00015831766077515128,1.124663870889146,0.31778637016451367,0.28800718042697715,0.31018540119771254,aggregate,3,4.633843689750323
resnet18_no_weights,IMAGENET100,fp32_unfused,layer3.1.conv2,conv,589824,69.12200248241425,0.00011719089505075115,,,,,42,3,
resnet18_no_weights,IMAGENET100,fp32_unfused,layer3.1.conv2,conv,589824,97.36666488647461,0.00016507748902464905,,,,,43,3,
resnet18_no_weights,IMAGENET100,fp32_unfused,layer3.1.conv2,conv,589824,82.59790427109291,0.00014003822203079717,,,,,44,3,
resnet18_no_weights,IMAGENET100,fp32_unfused,layer3.1.conv2,conv,589824,83.02885721332726,0.00014076886870206578,1.0,0.2825611975187533,0.28800718042697715,0.31018540119771254,aggregate,3,14.127261904157173
resnet18_no_weights,IMAGENET100,fp32_unfused,layer4.0.conv1,conv,1179648,248.77606430053712,0.00021089008272004623,,,,,42,3,
resnet18_no_weights,IMAGENET100,fp32_unfused,layer4.0.conv1,conv,1179648,293.8643216451009,0.00024911187205429157,,,,,43,3,
resnet18_no_weights,IMAGENET100,fp32_unfused,layer4.0.conv1,conv,1179648,284.30375582377116,0.00024100727998841278,,,,,44,3,
resnet18_no_weights,IMAGENET100,fp32_unfused,layer4.0.conv1,conv,1179648,275.64804725646974,0.00023366974492091688,3.3199065542747768,0.46903838581311946,0.28800718042697715,0.31018540119771254,aggregate,3,23.75770834263996
resnet18_no_weights,IMAGENET100,fp32_unfused,layer4.0.conv2,conv,2359296,297.2202608744303,0.00012597836849400428,,,,,42,3,
resnet18_no_weights,IMAGENET100,fp32_unfused,layer4.0.conv2,conv,2359296,315.0322255452474,0.00013352806326346817,,,,,43,3,
resnet18_no_weights,IMAGENET100,fp32_unfused,layer4.0.conv2,conv,2359296,217.864613087972,9.234306042479282e-05,,,,,44,3,
resnet18_no_weights,IMAGENET100,fp32_unfused,layer4.0.conv2,conv,2359296,276.70569983588325,0.00011728316406075509,3.3326449275935386,0.23541903541140727,0.28800718042697715,0.31018540119771254,aggregate,3,51.7302777743849
resnet18_no_weights,IMAGENET100,fp32_unfused,layer4.0.downsample.0,conv,131072,44.905020745595294,0.00034259811970211254,,,,,42,3,
resnet18_no_weights,IMAGENET100,fp32_unfused,layer4.0.downsample.0,conv,131072,53.83798236846924,0.00041075120825553315,,,,,43,3,
resnet18_no_weights,IMAGENET100,fp32_unfused,layer4.0.downsample.0,conv,131072,64.2392588297526,0.0004901066500072678,,,,,44,3,
resnet18_no_weights,IMAGENET100,fp32_unfused,layer4.0.downsample.0,conv,131072,54.32742064793904,0.00041448532598830447,0.6543197446202927,0.8319841677003365,0.28800718042697715,0.31018540119771254,aggregate,3,9.676407026669427
resnet18_no_weights,IMAGENET100,fp32_unfused,layer4.1.conv1,conv,2359296,178.0900675455729,7.548441041122983e-05,,,,,42,3,
resnet18_no_weights,IMAGENET100,fp32_unfused,layer4.1.conv1,conv,2359296,152.35869824444805,6.457803439858671e-05,,,,,43,3,
resnet18_no_weights,IMAGENET100,fp32_unfused,layer4.1.conv1,conv,2359296,159.3490822890709,6.754094538755243e-05,,,,,44,3,
resnet18_no_weights,IMAGENET100,fp32_unfused,layer4.1.conv1,conv,2359296,163.2659493596973,6.920113006578966e-05,1.9663759666138207,0.13890538697462432,0.28800718042697715,0.31018540119771254,aggregate,3,13.305345815289268
resnet18_no_weights,IMAGENET100,fp32_unfused,layer4.1.conv2,conv,2359296,48.308393414815264,2.0475766251803615e-05,,,,,42,3,
resnet18_no_weights,IMAGENET100,fp32_unfused,layer4.1.conv2,conv,2359296,55.09141216278076,2.3350784370753293e-05,,,,,43,3,
resnet18_no_weights,IMAGENET100,fp32_unfused,layer4.1.conv2,conv,2359296,46.558314895629884,1.9733986280496336e-05,,,,,44,3,
resnet18_no_weights,IMAGENET100,fp32_unfused,layer4.1.conv2,conv,2359296,49.98604015774197,2.118684563435108e-05,0.6020321347951605,0.042527730238123014,0.28800718042697715,0.31018540119771254,aggregate,3,4.507140023141492
resnet18_no_weights,IMAGENET100,fp32_unfused,fc,linear,51200,5.2623346935619,0.00010277997448363087,,,,,42,3,
resnet18_no_weights,IMAGENET100,fp32_unfused,fc,linear,51200,5.530127688248952,0.00010801030641111235,,,,,43,3,
resnet18_no_weights,IMAGENET100,fp32_unfused,fc,linear,51200,6.1134156862894695,0.0001194026501228412,,,,,44,3,
resnet18_no_weights,IMAGENET100,fp32_unfused,fc,linear,51200,5.635292689366774,0.00011006431033919481,0.06787149526685564,0.2209288432894978,0.28800718042697715,0.31018540119771254,aggregate,3,0.43517751796320975
resnet18_no_weights,IMAGENET100,fp32_fused,conv1,conv,9408,1046.8736948649089,0.11127484001540273,,,,,42,3,
resnet18_no_weights,IMAGENET100,fp32_fused,conv1,conv,9408,920.9002105712891,0.09788480129371696,,,,,43,3,
resnet18_no_weights,IMAGENET100,fp32_fused,conv1,conv,9408,873.787430826823,0.09287706535149054,,,,,44,3,
resnet18_no_weights,IMAGENET100,fp32_fused,conv1,conv,9408,947.1871120876737,0.10067890222020341,19.29798556061053,485.91929836867706,-0.3278952153627833,0.09510425588051462,aggregate,3,89.48723145323345
resnet18_no_weights,IMAGENET100,fp32_fused,layer1.0.conv1,conv,36864,230.35633047695816,0.006248815388372346,,,,,42,3,
resnet18_no_weights,IMAGENET100,fp32_fused,layer1.0.conv1,conv,36864,193.85852081298827,0.005258748936984274,,,,,43,3,
resnet18_no_weights,IMAGENET100,fp32_fused,layer1.0.conv1,conv,36864,231.625275293986,0.006283237719563422,,,,,44,3,
resnet18_no_weights,IMAGENET100,fp32_fused,layer1.0.conv1,conv,36864,218.61337552797747,0.005930267348306681,4.454027837220758,28.62199810964561,-0.3278952153627833,0.09510425588051462,aggregate,3,21.447719673833227
resnet18_no_weights,IMAGENET100,fp32_fused,layer1.0.conv2,conv,36864,28.491719841957092,0.0007728873655044785,,,,,42,3,
resnet18_no_weights,IMAGENET100,fp32_fused,layer1.0.conv2,conv,36864,25.358689522743227,0.0006878984788070536,,,,,43,3,
resnet18_no_weights,IMAGENET100,fp32_fused,layer1.0.conv2,conv,36864,21.155997886657715,0.0005738931718385882,,,,,44,3,
resnet18_no_weights,IMAGENET100,fp32_fused,layer1.0.conv2,conv,36864,25.002135750452677,0.0006782263387167067,0.5093933907453755,3.2734094172338404,-0.3278952153627833,0.09510425588051462,aggregate,3,3.680835787666477
resnet18_no_weights,IMAGENET100,fp32_fused,layer1.1.conv1,conv,36864,105.42873547871908,0.00285993748585935,,,,,42,3,
resnet18_no_weights,IMAGENET100,fp32_fused,layer1.1.conv1,conv,36864,118.68564198811849,0.003219554090389499,,,,,43,3,
resnet18_no_weights,IMAGENET100,fp32_fused,layer1.1.conv1,conv,36864,105.96375382741293,0.0028744507874189705,,,,,44,3,
resnet18_no_weights,IMAGENET100,fp32_fused,layer1.1.conv1,conv,36864,110.02604376475017,0.0029846474545559398,2.241670074229975,14.405180877157463,-0.3278952153627833,0.09510425588051462,aggregate,3,7.504201636482236
resnet18_no_weights,IMAGENET100,fp32_fused,layer1.1.conv2,conv,36864,8.33206138939693,0.00022602163057174832,,,,,42,3,
resnet18_no_weights,IMAGENET100,fp32_fused,layer1.1.conv2,conv,36864,10.657056872049967,0.0002890911694892027,,,,,43,3,
resnet18_no_weights,IMAGENET100,fp32_fused,layer1.1.conv2,conv,36864,11.97297112941742,0.0003247876282936583,,,,,44,3,
resnet18_no_weights,IMAGENET100,fp32_fused,layer1.1.conv2,conv,36864,10.32069646362144,0.00027996680945153643,0.21027381896215583,1.3512391634710141,-0.3278952153627833,0.09510425588051462,aggregate,3,1.8436132124208355
resnet18_no_weights,IMAGENET100,fp32_fused,layer2.0.conv1,conv,73728,468.5879229227702,0.00635563046498983,,,,,42,3,
resnet18_no_weights,IMAGENET100,fp32_fused,layer2.0.conv1,conv,73728,578.5799591064454,0.007847492934929,,,,,43,3,
resnet18_no_weights,IMAGENET100,fp32_fused,layer2.0.conv1,conv,73728,444.90638224283856,0.006034429012625306,,,,,44,3,
resnet18_no_weights,IMAGENET100,fp32_fused,layer2.0.conv1,conv,73728,497.3580880906847,0.006745850804181379,10.133171239283586,32.558351525308964,-0.3278952153627833,0.09510425588051462,aggregate,3,71.32985413359164
resnet18_no_weights,IMAGENET100,fp32_fused,layer2.0.conv2,conv,147456,25.250949557622274,0.00017124396130114932,,,,,42,3,
resnet18_no_weights,IMAGENET100,fp32_fused,layer2.0.conv2,conv,147456,23.077860832214355,0.00015650676020110646,,,,,43,3,
resnet18_no_weights,IMAGENET100,fp32_fused,layer2.0.conv2,conv,147456,38.366036860148114,0.0002601863393835999,,,,,44,3,
resnet18_no_weights,IMAGENET100,fp32_fused,layer2.0.conv2,conv,147456,28.89828241666158,0.00019597902029528524,0.5887734637499591,0.9458782916462488,-0.3278952153627833,0.09510425588051462,aggregate,3,8.270995061281502
resnet18_no_weights,IMAGENET100,fp32_fused,layer2.0.downsample.0,conv,8192,51.581544939676924,0.006296575310019156,,,,,42,3,
resnet18_no_weights,IMAGENET100,fp32_fused,layer2.0.downsample.0,conv,8192,73.91516923904419,0.009022847807500511,,,,,43,3,
resnet18_no_weights,IMAGENET100,fp32_fused,layer2.0.downsample.0,conv,8192,78.80994109312694,0.009620354137344597,,,,,44,3,
resnet18_no_weights,IMAGENET100,fp32_fused,layer2.0.downsample.0,conv,8192,68.10221842394935,0.008313259084954755,1.3875142630416941,40.123332025243485,-0.3278952153627833,0.09510425588051462,aggregate,3,14.515136484247632
resnet18_no_weights,IMAGENET100,fp32_fused,layer2.1.conv1,conv,147456,80.92236804962158,0.0005487899308920734,,,,,42,3,
resnet18_no_weights,IMAGENET100,fp32_fused,layer2.1.conv1,conv,147456,88.49857934315999,0.0006001694020125324,,,,,43,3,
resnet18_no_weights,IMAGENET100,fp32_fused,layer2.1.conv1,conv,147456,105.65449466705323,0.0007165153989464873,,,,,44,3,
resnet18_no_weights,IMAGENET100,fp32_fused,layer2.1.conv1,conv,147456,91.69181401994493,0.000621824910617031,1.868128567631205,3.0011920830674166,-0.3278952153627833,0.09510425588051462,aggregate,3,12.67150671905019
resnet18_no_weights,IMAGENET100,fp32_fused,layer2.1.conv2,conv,147456,17.83750125567118,0.00012096829736105131,,,,,42,3,
resnet18_no_weights,IMAGENET100,fp32_fused,layer2.1.conv2,conv,147456,17.288091389338174,0.00011724237324583722,,,,,43,3,
resnet18_no_weights,IMAGENET100,fp32_fused,layer2.1.conv2,conv,147456,21.560838635762533,0.00014621879500164477,,,,,44,3,
resnet18_no_weights,IMAGENET100,fp32_fused,layer2.1.conv2,conv,147456,18.895477093590628,0.00012814315520284444,0.38497635732105134,0.6184734904113742,-0.3278952153627833,0.09510425588051462,aggregate,3,2.3245595094926594
resnet18_no_weights,IMAGENET100,fp32_fused,layer3.0.conv1,conv,294912,143.32505857027493,0.00048599263024317403,,,,,42,3,
resnet18_no_weights,IMAGENET100,fp32_fused,layer3.0.conv1,conv,294912,124.84985796610515,0.0004233461438195297,,,,,43,3,
resnet18_no_weights,IMAGENET100,fp32_fused,layer3.0.conv1,conv,294912,131.21422358921595,0.00044492670216612397,,,,,44,3,
resnet18_no_weights,IMAGENET100,fp32_fused,layer3.0.conv1,conv,294912,133.12971337519866,0.0004514218254096092,2.7123841251811687,2.1787541563730564,-0.3278952153627833,0.09510425588051462,aggregate,3,9.385365479363712
resnet18_no_weights,IMAGENET100,fp32_fused,layer3.0.conv2,conv,589824,47.69570582253592,8.086430159256985e-05,,,,,42,3,
resnet18_no_weights,IMAGENET100,fp32_fused,layer3.0.conv2,conv,589824,49.00631554921468,8.308633685508675e-05,,,,,43,3,
resnet18_no_weights,IMAGENET100,fp32_fused,layer3.0.conv2,conv,589824,50.54450481816342,8.569421525431895e-05,,,,,44,3,
resnet18_no_weights,IMAGENET100,fp32_fused,layer3.0.conv2,conv,589824,49.08217539663801,8.321495123399185e-05,1.0,0.4016308265754082,-0.3278952153627833,0.09510425588051462,aggregate,3,1.4259137304586056
resnet18_no_weights,IMAGENET100,fp32_fused,layer3.0.downsample.0,conv,32768,11.458776693344117,0.00034969411295605825,,,,,42,3,
resnet18_no_weights,IMAGENET100,fp32_fused,layer3.0.downsample.0,conv,32768,10.813407437006633,0.00032999900625630595,,,,,43,3,
resnet18_no_weights,IMAGENET100,fp32_fused,layer3.0.downsample.0,conv,32768,12.23241661276136,0.0003733037296374927,,,,,44,3,
resnet18_no_weights,IMAGENET100,fp32_fused,layer3.0.downsample.0,conv,32768,11.50153358103737,0.00035099894961661894,0.23433218858154345,1.694070550678135,-0.3278952153627833,0.09510425588051462,aggregate,3,0.7104701779828184
resnet18_no_weights,IMAGENET100,fp32_fused,layer3.1.conv1,conv,589824,106.86890398661295,0.00018118778480803247,,,,,42,3,
resnet18_no_weights,IMAGENET100,fp32_fused,layer3.1.conv1,conv,589824,148.4479570388794,0.00025168178480170254,,,,,43,3,
resnet18_no_weights,IMAGENET100,fp32_fused,layer3.1.conv1,conv,589824,111.30471393040249,0.00018870835016954632,,,,,44,3,
resnet18_no_weights,IMAGENET100,fp32_fused,layer3.1.conv1,conv,589824,122.20719165196495,0.00020719263992642712,2.4898487213412266,1.0,-0.3278952153627833,0.09510425588051462,aggregate,3,22.83314320308685
resnet18_no_weights,IMAGENET100,fp32_fused,layer3.1.conv2,conv,589824,20.487259356180825,3.4734529887188086e-05,,,,,42,3,
resnet18_no_weights,IMAGENET100,fp32_fused,layer3.1.conv2,conv,589824,21.573225927352905,3.657570042479266e-05,,,,,43,3,
resnet18_no_weights,IMAGENET100,fp32_fused,layer3.1.conv2,conv,589824,20.125446073214214,3.412110404665496e-05,,,,,44,3,
resnet18_no_weights,IMAGENET100,fp32_fused,layer3.1.conv2,conv,589824,20.728643785582648,3.5143778119545236e-05,0.4223252864827687,0.16961885389377046,-0.3278952153627833,0.09510425588051462,aggregate,3,0.7534696135748906
resnet18_no_weights,IMAGENET100,fp32_fused,layer4.0.conv1,conv,1179648,178.13639399210612,0.0001510080922377744,,,,,42,3,
resnet18_no_weights,IMAGENET100,fp32_fused,layer4.0.conv1,conv,1179648,214.8735824584961,0.00018215059276877177,,,,,43,3,
resnet18_no_weights,IMAGENET100,fp32_fused,layer4.0.conv1,conv,1179648,180.87154439290364,0.00015332670796110675,,,,,44,3,
resnet18_no_weights,IMAGENET100,fp32_fused,layer4.0.conv1,conv,1179648,191.29384028116863,0.00016216179765588432,3.897419760540437,0.7826619599685926,-0.3278952153627833,0.09510425588051462,aggregate,3,20.466397894858606
resnet18_no_weights,IMAGENET100,fp32_fused,layer4.0.conv2,conv,2359296,26.34647846221924,1.1167093260963964e-05,,,,,42,3,
resnet18_no_weights,IMAGENET100,fp32_fused,layer4.0.conv2,conv,2359296,27.166056712468464,1.1514475806540793e-05,,,,,43,3,
resnet18_no_weights,IMAGENET100,fp32_fused,layer4.0.conv2,conv,2359296,26.354009543146407,1.1170285349166194e-05,,,,,44,3,
resnet18_no_weights,IMAGENET100,fp32_fused,layer4.0.conv2,conv,2359296,26.62218157261137,1.1283951472223651e-05,0.5424001963538665,0.05446115979906678,-0.3278952153627833,0.09510425588051462,aggregate,3,0.4710247393830956
resnet18_no_weights,IMAGENET100,fp32_fused,layer4.0.downsample.0,conv,131072,10.421581953763962,7.951036036502046e-05,,,,,42,3,
resnet18_no_weights,IMAGENET100,fp32_fused,layer4.0.downsample.0,conv,131072,11.314537111081576,8.632306755891095e-05,,,,,43,3,
resnet18_no_weights,IMAGENET100,fp32_fused,layer4.0.downsample.0,conv,131072,13.328803022702536,0.0001016906968895152,,,,,44,3,
resnet18_no_weights,IMAGENET100,fp32_fused,layer4.0.downsample.0,conv,131072,11.688307362516024,8.917470827114887e-05,0.23813751668628447,0.4303951544939737,-0.3278952153627833,0.09510425588051462,aggregate,3,1.4892151411274042
resnet18_no_weights,IMAGENET100,fp32_fused,layer4.1.conv1,conv,2359296,65.62478078644851,2.781540798036724e-05,,,,,42,3,
resnet18_no_weights,IMAGENET100,fp32_fused,layer4.1.conv1,conv,2359296,57.34530806541443,2.4306109985951076e-05,,,,,43,3,
resnet18_no_weights,IMAGENET100,fp32_fused,layer4.1.conv1,conv,2359296,45.05098982418285,1.9095098632890002e-05,,,,,44,3,
resnet18_no_weights,IMAGENET100,fp32_fused,layer4.1.conv1,conv,2359296,56.007026225348596,2.3738872199736106e-05,1.1410868767072806,0.114573916371574,-0.3278952153627833,0.09510425588051462,aggregate,3,10.351978909963957
resnet18_no_weights,IMAGENET100,fp32_fused,layer4.1.conv2,conv,2359296,0.1402976875503858,5.946591167466303e-08,,,,,42,3,
resnet18_no_weights,IMAGENET100,fp32_fused,layer4.1.conv2,conv,2359296,0.142744609216849,6.050305227358034e-08,,,,,43,3,
resnet18_no_weights,IMAGENET100,fp32_fused,layer4.1.conv2,conv,2359296,0.12824464216828346,5.435716509004528e-08,,,,,44,3,
resnet18_no_weights,IMAGENET100,fp32_fused,layer4.1.conv2,conv,2359296,0.13709564631183943,5.8108709679429556e-08,0.002793186023316116,0.0002804574028308323,-0.3278952153627833,0.09510425588051462,aggregate,3,0.007762220183194067
resnet18_no_weights,IMAGENET100,fp32_fused,fc,linear,51200,5.664728995164236,0.00011063923818680148,,,,,42,3,
resnet18_no_weights,IMAGENET100,fp32_fused,fc,linear,51200,5.031654135386149,9.827449483176072e-05,,,,,43,3,
resnet18_no_weights,IMAGENET100,fp32_fused,fc,linear,51200,5.861283549240658,0.0001144781943211066,,,,,44,3,
resnet18_no_weights,IMAGENET100,fp32_fused,fc,linear,51200,5.519222226597014,0.00010779730911322293,0.11244860648485164,0.5202757643876786,-0.3278952153627833,0.09510425588051462,aggregate,3,0.43353247382093546
resnet18_no_weights,IMAGENET100,ptq,conv1,conv,9408,1117.5085978190104,0.11878280163892543,,,,,42,3,
resnet18_no_weights,IMAGENET100,ptq,conv1,conv,9408,1146.638265991211,0.12187906738852158,,,,,43,3,
resnet18_no_weights,IMAGENET100,ptq,conv1,conv,9408,1093.2607365926108,0.11620543543713975,,,,,44,3,
resnet18_no_weights,IMAGENET100,ptq,conv1,conv,9408,1119.135866800944,0.11895576815486225,24.547598631004046,669.9109880727253,-0.3684862457509769,0.11974852360887912,aggregate,3,26.725945529190934
resnet18_no_weights,IMAGENET100,ptq,layer1.0.conv1,conv,36864,207.98114980061848,0.005641849766726847,,,,,42,3,
resnet18_no_weights,IMAGENET100,ptq,layer1.0.conv1,conv,36864,209.5509994506836,0.0056844346639182836,,,,,43,3,
resnet18_no_weights,IMAGENET100,ptq,layer1.0.conv1,conv,36864,218.84682337443033,0.005936600026433115,,,,,44,3,
resnet18_no_weights,IMAGENET100,ptq,layer1.0.conv1,conv,36864,212.12632420857747,0.005754294819026081,4.652868360503165,32.40587142320901,-0.3684862457509769,0.11974852360887912,aggregate,3,5.872813530125413
resnet18_no_weights,IMAGENET100,ptq,layer1.0.conv2,conv,36864,24.927012761433918,0.000676188497217717,,,,,42,3,
resnet18_no_weights,IMAGENET100,ptq,layer1.0.conv2,conv,36864,22.917799758911134,0.0006216851063072682,,,,,43,3,
resnet18_no_weights,IMAGENET100,ptq,layer1.0.conv2,conv,36864,18.81041847864787,0.0005102652582098489,,,,,44,3,
resnet18_no_weights,IMAGENET100,ptq,layer1.0.conv2,conv,36864,22.21841033299764,0.0006027129539116113,0.48734799344107566,3.3942366708398652,-0.3684862457509769,0.11974852360887912,aggregate,3,3.117697961936411
resnet18_no_weights,IMAGENET100,ptq,layer1.1.conv1,conv,36864,107.76299317677815,0.0029232582784499282,,,,,42,3,
resnet18_no_weights,IMAGENET100,ptq,layer1.1.conv1,conv,36864,134.79410400390626,0.0036565240886476304,,,,,43,3,
resnet18_no_weights,IMAGENET100,ptq,layer1.1.conv1,conv,36864,87.16855875651042,0.002364598490573742,,,,,44,3,
resnet18_no_weights,IMAGENET100,ptq,layer1.1.conv1,conv,36864,109.90855197906494,0.0029814602858904333,2.4107805853896487,16.79038382922511,-0.3684862457509769,0.11974852360887912,aggregate,3,23.88515662411469
resnet18_no_weights,IMAGENET100,ptq,layer1.1.conv2,conv,36864,10.54015900293986,0.0002859201118419016,,,,,42,3,
resnet18_no_weights,IMAGENET100,ptq,layer1.1.conv2,conv,36864,9.238374243179956,0.0002506069401904285,,,,,43,3,
resnet18_no_weights,IMAGENET100,ptq,layer1.1.conv2,conv,36864,12.894193410873413,0.0003497773820223908,,,,,44,3,
resnet18_no_weights,IMAGENET100,ptq,layer1.1.conv2,conv,36864,10.89090888566441,0.0002954348113515736,0.23888579392628576,1.6637698991271843,-0.3684862457509769,0.11974852360887912,aggregate,3,1.8529766746756915
resnet18_no_weights,IMAGENET100,ptq,layer2.0.conv1,conv,73728,488.74729512532554,0.006629059449942024,,,,,42,3,
resnet18_no_weights,IMAGENET100,ptq,layer2.0.conv1,conv,73728,535.9272684733073,0.007268978793312003,,,,,43,3,
resnet18_no_weights,IMAGENET100,ptq,layer2.0.conv1,conv,73728,538.0493316650391,0.007297761117418607,,,,,44,3,
resnet18_no_weights,IMAGENET100,ptq,layer2.0.conv1,conv,73728,520.9079650878906,0.007065266453557544,11.425815247278624,39.7887357991589,-0.3684862457509769,0.11974852360887912,aggregate,3,27.872160077364
resnet18_no_weights,IMAGENET100,ptq,layer2.0.conv2,conv,147456,27.00513256297392,0.0001831402761703418,,,,,42,3,
resnet18_no_weights,IMAGENET100,ptq,layer2.0.conv2,conv,147456,24.619423371094925,0.00016696115024885337,,,,,43,3,
resnet18_no_weights,IMAGENET100,ptq,layer2.0.conv2,conv,147456,26.926514557429723,0.00018260711369784698,,,,,44,3,
resnet18_no_weights,IMAGENET100,ptq,layer2.0.conv2,conv,147456,26.183690163832857,0.00017756951337234738,0.5743241154960322,1.0,-0.3684862457509769,0.11974852360887912,aggregate,3,1.3552649729281343
resnet18_no_weights,IMAGENET100,ptq,layer2.0.downsample.0,conv,8192,59.76895968119303,0.007296015586083134,,,,,42,3,
resnet18_no_weights,IMAGENET100,ptq,layer2.0.downsample.0,conv,8192,62.329182688395186,0.00760854280864199,,,,,43,3,
resnet18_no_weights,IMAGENET100,ptq,layer2.0.downsample.0,conv,8192,62.98603202678539,0.007688724612644701,,,,,44,3,
resnet18_no_weights,IMAGENET100,ptq,layer2.0.downsample.0,conv,8192,61.6947247987912,0.007531094335789941,1.3532381428718416,42.41209086380673,-0.3684862457509769,0.11974852360887912,aggregate,3,1.6997915252919495
resnet18_no_weights,IMAGENET100,ptq,layer2.1.conv1,conv,147456,93.02246658325195,0.0006308489758521319,,,,,42,3,
resnet18_no_weights,IMAGENET100,ptq,layer2.1.conv1,conv,147456,77.23363018035889,0.0005237740762014356,,,,,43,3,
resnet18_no_weights,IMAGENET100,ptq,layer2.1.conv1,conv,147456,97.14066797892252,0.0006587773164803231,,,,,44,3,
resnet18_no_weights,IMAGENET100,ptq,layer2.1.conv1,conv,147456,89.13225491417779,0.0006044667895112968,1.9550645132694524,3.404113566746022,-0.3684862457509769,0.11974852360887912,aggregate,3,10.508227662218351
resnet18_no_weights,IMAGENET100,ptq,layer2.1.conv2,conv,147456,17.161379384994508,0.00011638305246985207,,,,,42,3,
resnet18_no_weights,IMAGENET100,ptq,layer2.1.conv2,conv,147456,15.369536320368448,0.00010423133897819314,,,,,43,3,
resnet18_no_weights,IMAGENET100,ptq,layer2.1.conv2,conv,147456,17.070760440826415,0.00011576850342357323,,,,,44,3,
resnet18_no_weights,IMAGENET100,ptq,layer2.1.conv2,conv,147456,16.53389204872979,0.00011212763162387281,0.362661369240843,0.6314576725158401,-0.3684862457509769,0.11974852360887912,aggregate,3,1.0093790887899543
resnet18_no_weights,IMAGENET100,ptq,layer3.0.conv1,conv,294912,157.5880116780599,0.0005343560508831784,,,,,42,3,
resnet18_no_weights,IMAGENET100,ptq,layer3.0.conv1,conv,294912,152.45238927205403,0.0005169419666614246,,,,,43,3,
resnet18_no_weights,IMAGENET100,ptq,layer3.0.conv1,conv,294912,155.55175120035807,0.0005274514133041656,,,,,44,3,
resnet18_no_weights,IMAGENET100,ptq,layer3.0.conv1,conv,294912,155.19738405015732,0.0005262498102829228,3.4041649501728197,2.9636270342163074,-0.3684862457509769,0.11974852360887912,aggregate,3,2.586085155621023
resnet18_no_weights,IMAGENET100,ptq,layer3.0.conv2,conv,589824,44.273894758785474,7.506289123329243e-05,,,,,42,3,
resnet18_no_weights,IMAGENET100,ptq,layer3.0.conv2,conv,589824,47.315770285470144,8.022015090174382e-05,,,,,43,3,
resnet18_no_weights,IMAGENET100,ptq,layer3.0.conv2,conv,589824,45.18166036605835,7.660193611324455e-05,,,,,44,3,
resnet18_no_weights,IMAGENET100,ptq,layer3.0.conv2,conv,589824,45.59044180343799,7.729499274942693e-05,1.0,0.43529427592306486,-0.3684862457509769,0.11974852360887912,aggregate,3,1.561594818645479
resnet18_no_weights,IMAGENET100,ptq,layer3.0.downsample.0,conv,32768,12.452807950973511,0.0003800295395194553,,,,,42,3,
resnet18_no_weights,IMAGENET100,ptq,layer3.0.downsample.0,conv,32768,10.8982040087382,0.0003325867922588562,,,,,43,3,
resnet18_no_weights,IMAGENET100,ptq,layer3.0.downsample.0,conv,32768,11.046865971883138,0.0003371235953333477,,,,,44,3,
resnet18_no_weights,IMAGENET100,ptq,layer3.0.downsample.0,conv,32768,11.465959310531616,0.00034991330903721973,0.25149919274673416,1.9705708620346492,-0.3684862457509769,0.11974852360887912,aggregate,3,0.8578623282194174
resnet18_no_weights,IMAGENET100,ptq,layer3.1.conv1,conv,589824,90.56706068250868,0.00015354929721833748,,,,,42,3,
resnet18_no_weights,IMAGENET100,ptq,layer3.1.conv1,conv,589824,96.02782389322917,0.00016280758987974238,,,,,43,3,
resnet18_no_weights,IMAGENET100,ptq,layer3.1.conv1,conv,589824,95.78063157399495,0.00016238849482895737,,,,,44,3,
resnet18_no_weights,IMAGENET100,ptq,layer3.1.conv1,conv,589824,94.12517204991093,0.00015958179397567907,2.064581265865533,0.8987004072092619,-0.3684862457509769,0.11974852360887912,aggregate,3,3.0838925707293927
resnet18_no_weights,IMAGENET100,ptq,layer3.1.conv2,conv,589824,17.808259709676108,3.0192497608907247e-05,,,,,42,3,
resnet18_no_weights,IMAGENET100,ptq,layer3.1.conv2,conv,589824,18.33776330947876,3.109022913526537e-05,,,,,43,3,
resnet18_no_weights,IMAGENET100,ptq,layer3.1.conv2,conv,589824,17.37660298849407,2.946065773602646e-05,,,,,44,3,
resnet18_no_weights,IMAGENET100,ptq,layer3.1.conv2,conv,589824,17.84087533588298,3.0247794826733026e-05,0.3913292925039738,0.17034340102800252,-0.3684862457509769,0.11974852360887912,aggregate,3,0.4814095189789016
resnet18_no_weights,IMAGENET100,ptq,layer4.0.conv1,conv,1179648,142.83789761861166,0.00012108518610518703,,,,,42,3,
resnet18_no_weights,IMAGENET100,ptq,layer4.0.conv1,conv,1179648,148.7222531636556,0.0001260734161068858,,,,,43,3,
resnet18_no_weights,IMAGENET100,ptq,layer4.0.conv1,conv,1179648,150.1330073038737,0.0001272693272093656,,,,,44,3,
resnet18_no_weights,IMAGENET100,ptq,layer4.0.conv1,conv,1179648,147.23105269538033,0.00012480930980714614,3.229428074642558,0.7028757776985748,-0.3684862457509769,0.11974852360887912,aggregate,3,3.869420558357459
resnet18_no_weights,IMAGENET100,ptq,layer4.0.conv2,conv,2359296,17.905926005045572,7.589520774436769e-06,,,,,42,3,
resnet18_no_weights,IMAGENET100,ptq,layer4.0.conv2,conv,2359296,19.48205951054891,8.257573238181606e-06,,,,,43,3,
resnet18_no_weights,IMAGENET100,ptq,layer4.0.conv2,conv,2359296,20.489585205360694,8.684618295186655e-06,,,,,44,3,
resnet18_no_weights,IMAGENET100,ptq,layer4.0.conv2,conv,2359296,19.292523573651724,8.17723743593501e-06,0.4231703578752525,0.04605090863085306,-0.3684862457509769,0.11974852360887912,aggregate,3,1.30221604174379
resnet18_no_weights,IMAGENET100,ptq,layer4.0.downsample.0,conv,131072,12.731832898181418,9.713617628617415e-05,,,,,42,3,
resnet18_no_weights,IMAGENET100,ptq,layer4.0.downsample.0,conv,131072,10.716140739123027,8.175766555117056e-05,,,,,43,3,
resnet18_no_weights,IMAGENET100,ptq,layer4.0.downsample.0,conv,131072,11.311461653028216,8.629960367605756e-05,,,,,44,3,
resnet18_no_weights,IMAGENET100,ptq,layer4.0.downsample.0,conv,131072,11.586478430110887,8.839781517113409e-05,0.25414271000192734,0.49782090119136485,-0.3684862457509769,0.11974852360887912,aggregate,3,1.0356058085874538
resnet18_no_weights,IMAGENET100,ptq,layer4.1.conv1,conv,2359296,44.73624922434489,1.8961694176714107e-05,,,,,42,3,
resnet18_no_weights,IMAGENET100,ptq,layer4.1.conv1,conv,2359296,49.23675568898519,2.086925747722422e-05,,,,,43,3,
resnet18_no_weights,IMAGENET100,ptq,layer4.1.conv1,conv,2359296,46.34937655131022,1.96454266659674e-05,,,,,44,3,
resnet18_no_weights,IMAGENET100,ptq,layer4.1.conv1,conv,2359296,46.7741271548801,1.9825459439968574e-05,1.0259634542816132,0.1116490047387603,-0.3684862457509769,0.11974852360887912,aggregate,3,2.2801204827798074
resnet18_no_weights,IMAGENET100,ptq,layer4.1.conv2,conv,2359296,0.14898711939652762,6.314897299725326e-08,,,,,42,3,
resnet18_no_weights,IMAGENET100,ptq,layer4.1.conv2,conv,2359296,0.1451166182756424,6.150844077031555e-08,,,,,43,3,
resnet18_no_weights,IMAGENET100,ptq,layer4.1.conv2,conv,2359296,0.13445478333876684,5.69893660391773e-08,,,,,44,3,
resnet18_no_weights,IMAGENET100,ptq,layer4.1.conv2,conv,2359296,0.14285284033697895,6.05489266022487e-08,0.0031333945161769934,0.0003409871742751416,-0.3684862457509769,0.11974852360887912,aggregate,3,0.0075260026402206364
resnet18_no_weights,IMAGENET100,ptq,fc,linear,51200,5.9306146740913395,0.00011583231785334648,,,,,42,3,
resnet18_no_weights,IMAGENET100,ptq,fc,linear,51200,5.656601683298747,0.00011048050162692865,,,,,43,3,
resnet18_no_weights,IMAGENET100,ptq,fc,linear,51200,6.017466481526693,0.00011752864221731822,,,,,44,3,
resnet18_no_weights,IMAGENET100,ptq,fc,linear,51200,5.86822761297226,0.00011461382056586445,0.12871618218294464,0.6454588875598793,-0.3684862457509769,0.11974852360887912,aggregate,3,0.18834797502583067
cnn,IMAGENET100,fp32_unfused,conv1,conv,864,142.31678295135498,0.1647184987862905,,,,,42,3,
cnn,IMAGENET100,fp32_unfused,conv1,conv,864,163.72503166198732,0.18949656442359644,,,,,43,3,
cnn,IMAGENET100,fp32_unfused,conv1,conv,864,113.79069299697876,0.13170219096872543,,,,,44,3,
cnn,IMAGENET100,fp32_unfused,conv1,conv,864,139.94416920344037,0.16197241805953747,1.1224706560448066,30.438121903587216,-0.10816873205299656,0.07720948364153819,aggregate,3,25.05157712551322
cnn,IMAGENET100,fp32_unfused,conv2,conv,18432,341.50442770253056,0.01852780098212514,,,,,42,3,
cnn,IMAGENET100,fp32_unfused,conv2,conv,18432,385.1721138000488,0.020896924576825564,,,,,43,3,
cnn,IMAGENET100,fp32_unfused,conv2,conv,18432,369.30215581258136,0.020035924251984666,,,,,44,3,
cnn,IMAGENET100,fp32_unfused,conv2,conv,18432,365.3262324383869,0.01982021660364512,2.93022551871645,3.724647544099129,-0.10816873205299656,0.07720948364153819,aggregate,3,22.103680175164186
cnn,IMAGENET100,fp32_unfused,conv3,conv,73728,721.4703287760417,0.009785567610352128,,,,,42,3,
cnn,IMAGENET100,fp32_unfused,conv3,conv,73728,806.237451171875,0.010935295290417141,,,,,43,3,
cnn,IMAGENET100,fp32_unfused,conv3,conv,73728,691.6331773237748,0.009380875343475679,,,,,44,3,
cnn,IMAGENET100,fp32_unfused,conv3,conv,73728,739.7803190905638,0.01003391274808165,5.933664152105364,1.885589306222519,-0.10816873205299656,0.07720948364153819,aggregate,3,59.45567008327303
cnn,IMAGENET100,fp32_unfused,conv4,conv,294912,105.71070833559389,0.0003584483111422861,,,,,42,3,
cnn,IMAGENET100,fp32_unfused,conv4,conv,294912,105.43292617797852,0.0003575063957315352,,,,,43,3,
cnn,IMAGENET100,fp32_unfused,conv4,conv,294912,117.07460708618164,0.00039698149646735857,,,,,44,3,
cnn,IMAGENET100,fp32_unfused,conv4,conv,294912,109.40608053325136,0.00037097873444705997,0.8775293439551933,0.06971493096181025,-0.10816873205299656,0.07720948364153819,aggregate,3,6.6425910119109455
cnn,IMAGENET100,fp32_unfused,fc1,linear,1048576,74.97535921732585,7.150207444889626e-05,,,,,42,3,
cnn,IMAGENET100,fp32_unfused,fc1,linear,1048576,75.80156618754069,7.229000681642598e-05,,,,,43,3,
cnn,IMAGENET100,fp32_unfused,fc1,linear,1048576,79.91455123003792,7.621245501521865e-05,,,,,44,3,
cnn,IMAGENET100,fp32_unfused,fc1,linear,1048576,76.89715887830148,7.333484542684696e-05,0.6167802836331879,0.013781204180470996,-0.10816873205299656,0.07720948364153819,aggregate,3,2.6455900934661134
cnn,IMAGENET100,fp32_unfused,fc2,linear,102400,62.9309834752764,0.0006145603855007461,,,,,42,3,
cnn,IMAGENET100,fp32_unfused,fc2,linear,102400,65.61732646397182,0.0006407942037497249,,,,,43,3,
cnn,IMAGENET100,fp32_unfused,fc2,linear,102400,58.48159116109212,0.0005711092886825402,,,,,44,3,
cnn,IMAGENET100,fp32_unfused,fc2,linear,102400,62.34330036678011,0.000608821292644337,0.5000460230748776,0.11441069377748102,-0.10816873205299656,0.07720948364153819,aggregate,3,3.6039850381487173
cnn,IMAGENET100,fp32_fused,conv1,conv,864,562.386442565918,0.6509102344512939,,,,,42,3,
cnn,IMAGENET100,fp32_fused,conv1,conv,864,1005.754280090332,1.1640674538082547,,,,,43,3,
cnn,IMAGENET100,fp32_fused,conv1,conv,864,430.72089462280275,0.49851955396157727,,,,,44,3,
cnn,IMAGENET100,fp32_fused,conv1,conv,864,666.2872057596842,0.7711657474070419,1.7669446723382793,89.73038618072825,-0.5352393536823088,0.3418765394710673,aggregate,3,301.2679455978471
cnn,IMAGENET100,fp32_fused,conv2,conv,18432,2375.8361725983796,0.12889736179461694,,,,,42,3,
cnn,IMAGENET100,fp32_fused,conv2,conv,18432,2867.3857421875,0.15556563271416557,,,,,43,3,
cnn,IMAGENET100,fp32_fused,conv2,conv,18432,2416.1422587076822,0.1310841069177345,,,,,44,3,
cnn,IMAGENET100,fp32_fused,conv2,conv,18432,2553.1213911645204,0.13851570047550565,6.77069017828049,16.117245011921945,-0.5352393536823088,0.3418765394710673,aggregate,3,272.90604040087396
cnn,IMAGENET100,fp32_fused,conv3,conv,73728,1215.825456407335,0.0164906881565665,,,,,42,3,
cnn,IMAGENET100,fp32_fused,conv3,conv,73728,1300.762621427837,0.01764272218733503,,,,,43,3,
cnn,IMAGENET100,fp32_fused,conv3,conv,73728,1155.4634094238281,0.01567197549674246,,,,,44,3,
cnn,IMAGENET100,fp32_fused,conv3,conv,73728,1224.0171624196666,0.016601795280214663,3.2460035031321226,1.9317319354444271,-0.5352393536823088,0.3418765394710673,aggregate,3,72.99515934492395
cnn,IMAGENET100,fp32_fused,conv4,conv,294912,6.282363494237264,2.130250208278152e-05,,,,,42,3,
cnn,IMAGENET100,fp32_fused,conv4,conv,294912,5.35022038883633,1.8141752078031177e-05,,,,,43,3,
cnn,IMAGENET100,fp32_fused,conv4,conv,294912,6.751447107110705,2.2893090505339577e-05,,,,,44,3,
cnn,IMAGENET100,fp32_fused,conv4,conv,294912,6.128010330061433,2.0779114888717425e-05,0.01625103275454665,0.002417791518525773,-0.5352393536823088,0.3418765394710673,aggregate,3,0.7132515359042779
cnn,IMAGENET100,fp32_fused,fc1,linear,1048576,89.85141122752222,8.568898318054411e-05,,,,,42,3,
cnn,IMAGENET100,fp32_fused,fc1,linear,1048576,87.53333346048991,8.347829195069305e-05,,,,,43,3,
cnn,IMAGENET100,fp32_fused,fc1,linear,1048576,86.259814453125,8.226376958191395e-05,,,,,44,3,
cnn,IMAGENET100,fp32_fused,fc1,linear,1048576,87.88151971371238,8.381034823771704e-05,0.23305532766172077,0.009751904747582406,-0.5352393536823088,0.3418765394710673,aggregate,3,1.8209385211107343
cnn,IMAGENET100,fp32_fused,fc2,linear,102400,65.81152483622233,0.0006426906722287337,,,,,42,3,
cnn,IMAGENET100,fp32_fused,fc2,linear,102400,52.807806714375815,0.0005157012374450763,,,,,43,3,
cnn,IMAGENET100,fp32_fused,fc2,linear,102400,61.61893272399902,0.0006017473898828029,,,,,44,3,
cnn,IMAGENET100,fp32_fused,fc2,linear,102400,60.07942142486572,0.0005867130998522043,0.15932620750655893,0.06826806455557277,-0.5352393536823088,0.3418765394710673,aggregate,3,6.637148674561178
cnn,IMAGENET100,ptq,conv1,conv,864,887.9968713124593,1.0277741566116427,,,,,42,3,
cnn,IMAGENET100,ptq,conv1,conv,864,948.6462600708007,1.0979702084152787,,,,,43,3,
cnn,IMAGENET100,ptq,conv1,conv,864,714.1581604003907,0.8265719449078596,,,,,44,3,
cnn,IMAGENET100,ptq,conv1,conv,864,850.2670972612169,0.984105436644927,1.4275665933606068,83.2399163762848,-0.34953855479767965,0.24451551162058674,aggregate,3,121.7120335432302
cnn,IMAGENET100,ptq,conv2,conv,18432,3260.6498901367186,0.1769015782409244,,,,,42,3,
cnn,IMAGENET100,ptq,conv2,conv,18432,3495.065665409483,0.18961944799313601,,,,,43,3,
cnn,IMAGENET100,ptq,conv2,conv,18432,3693.586417643229,0.20038988810998423,,,,,44,3,
cnn,IMAGENET100,ptq,conv2,conv,18432,3483.1006577298103,0.18897030478134821,5.847995478484144,15.983929954932194,-0.34953855479767965,0.24451551162058674,aggregate,3,216.7161283082777
cnn,IMAGENET100,ptq,conv3,conv,73728,1694.0115923200335,0.022976502717014343,,,,,42,3,
cnn,IMAGENET100,ptq,conv3,conv,73728,1662.2368713378905,0.022545530481470955,,,,,43,3,
cnn,IMAGENET100,ptq,conv3,conv,73728,1302.0870288085937,0.017660685612095727,,,,,44,3,
cnn,IMAGENET100,ptq,conv3,conv,73728,1552.7784974888393,0.021060906270193677,2.6070569084043207,1.7814230177576276,-0.34953855479767965,0.24451551162058674,aggregate,3,217.68570824738853
cnn,IMAGENET100,ptq,conv4,conv,294912,25.987828390938894,8.812062035773009e-05,,,,,42,3,
cnn,IMAGENET100,ptq,conv4,conv,294912,23.310072798477975,7.904077419188767e-05,,,,,43,3,
cnn,IMAGENET100,ptq,conv4,conv,294912,21.20096463423509,7.188912161673681e-05,,,,,44,3,
cnn,IMAGENET100,ptq,conv4,conv,294912,23.49962194121732,7.968350538878486e-05,0.0394549846135931,0.006739977321682935,-0.34953855479767965,0.24451551162058674,aggregate,3,2.3990545667921004
cnn,IMAGENET100,ptq,fc1,linear,1048576,318.0827163696289,0.00030334731709444893,,,,,42,3,
cnn,IMAGENET100,ptq,fc1,linear,1048576,352.6008837890625,0.00033626640681177377,,,,,43,3,
cnn,IMAGENET100,ptq,fc1,linear,1048576,352.15055686549135,0.00033583694159077773,,,,,44,3,
cnn,IMAGENET100,ptq,fc1,linear,1048576,340.94471900806093,0.0003251502218323335,0.5724334066393935,0.027502619401562484,-0.34953855479767965,0.24451551162058674,aggregate,3,19.80035535196977
cnn,IMAGENET100,ptq,fc2,linear,102400,271.11464436848956,0.002647603948911031,,,,,42,3,
cnn,IMAGENET100,ptq,fc2,linear,102400,256.47134450276695,0.0025046029736598336,,,,,43,3,
cnn,IMAGENET100,ptq,fc2,linear,102400,266.2588631766183,0.0026001842107091634,,,,,44,3,
cnn,IMAGENET100,ptq,fc2,linear,102400,264.61495068262496,0.0025841303777600095,0.444278586005577,0.2185769822423725,-0.34953855479767965,0.24451551162058674,aggregate,3,7.458779655902069
