model,dataset,variant,layer,tr_A,tr_G,A_per_infan,G_per_outfan,predicted_per_param,measured_per_param,seed,n_seeds,metric_std
resnet50_no_weights,IMAGENET100,fp32_unfused,conv1,199.3906707763672,1.6877395125902694e-07,1.356399120927668,5.3818224253516244e-11,7.299899206735753e-11,,42,3,
resnet50_no_weights,IMAGENET100,fp32_unfused,conv1,197.70016479492188,2.6182988221989945e-07,1.3448990802375638,8.349167162624345e-11,1.1228787237763152e-10,,43,3,
resnet50_no_weights,IMAGENET100,fp32_unfused,conv1,178.06353759765625,1.4270807469074498e-07,1.2113165822969814,4.550640136822225e-11,5.512265857798965e-11,,44,3,
resnet50_no_weights,IMAGENET100,fp32_unfused,conv1,191.71812438964844,1.9110396938989047e-07,1.3042049278207377,6.093876574932732e-11,7.947663858558629e-11,0.04410613969880708,aggregate,3,11.855389405808703
resnet50_no_weights,IMAGENET100,fp32_unfused,fc,135.61477661132812,0.0006514841224998236,0.06621815264225006,6.5148412249982354e-06,4.3140075067695655e-07,,42,3,
resnet50_no_weights,IMAGENET100,fp32_unfused,fc,130.6566162109375,0.0008313024300150573,0.06379717588424683,8.313024300150574e-06,5.30347473406724e-07,,43,3,
resnet50_no_weights,IMAGENET100,fp32_unfused,fc,145.4570770263672,0.0005185859045013785,0.07102396339178085,5.185859045013786e-06,3.683202629679947e-07,,44,3,
resnet50_no_weights,IMAGENET100,fp32_unfused,fc,137.2428232828776,0.0006671241523387531,0.06701309730609258,6.671241523387532e-06,4.470605573592139e-07,7.287000142833033e-05,aggregate,3,7.533346670691912
resnet50_no_weights,IMAGENET100,fp32_unfused,layer1.0.conv1,8.543363571166992,5.1725182856898755e-06,0.13349005579948425,8.08205982139043e-08,1.0788746165321783e-08,,42,3,
resnet50_no_weights,IMAGENET100,fp32_unfused,layer1.0.conv1,7.924522399902344,5.8445707509235945e-06,0.12382066249847412,9.132141798318116e-08,1.130747847497756e-08,,43,3,
resnet50_no_weights,IMAGENET100,fp32_unfused,layer1.0.conv1,9.102096557617188,3.2801299312268384e-06,0.14222025871276855,5.125203017541935e-08,7.289076991102761e-09,,44,3,
resnet50_no_weights,IMAGENET100,fp32_unfused,layer1.0.conv1,8.523327509562174,4.76573965594677e-06,0.13317699233690897,7.446468212416828e-08,9.916982400620721e-09,0.028673984914914602,aggregate,3,0.5890427039298
resnet50_no_weights,IMAGENET100,fp32_unfused,layer1.0.conv2,7.796012878417969,4.178692051937105e-06,0.013534744580586752,7.254673701279696e-09,9.81901555623206e-11,,42,3,
resnet50_no_weights,IMAGENET100,fp32_unfused,layer1.0.conv2,8.303511619567871,6.652894171566004e-06,0.014415818783971999,1.155016349230209e-08,1.665050638302761e-10,,43,3,
resnet50_no_weights,IMAGENET100,fp32_unfused,layer1.0.conv2,7.214147567749023,3.0908290682418738e-06,0.012524561749564277,5.366022687919919e-09,6.720708250441592e-11,,44,3,
resnet50_no_weights,IMAGENET100,fp32_unfused,layer1.0.conv2,7.771224021911621,4.640805097248328e-06,0.013491708371374343,8.056953293833902e-09,1.0870206420219094e-10,0.0011974897610588287,aggregate,3,0.5451049210050882
resnet50_no_weights,IMAGENET100,fp32_unfused,layer1.0.conv3,1.7218782901763916,2.4891100110835396e-05,0.02690434828400612,9.723085980795076e-08,2.6159329162264797e-09,,42,3,
resnet50_no_weights,IMAGENET100,fp32_unfused,layer1.0.conv3,1.8110343217849731,4.3782951252069324e-05,0.028297411277890205,1.710271533283958e-07,4.839625697420405e-09,,43,3,
resnet50_no_weights,IMAGENET100,fp32_unfused,layer1.0.conv3,1.6090080738067627,2.0792467694263905e-05,0.025140751153230667,8.122057693071838e-08,2.0419463131370182e-09,,44,3,
resnet50_no_weights,IMAGENET100,fp32_unfused,layer1.0.conv3,1.7139735619227092,2.982217301905621e-05,0.02678083690504233,1.1649286335568831e-07,3.119776374130071e-09,0.004975256797837134,aggregate,3,0.10124482586587706
resnet50_no_weights,IMAGENET100,fp32_unfused,layer1.0.downsample.0,8.543363571166992,1.1178482054674532e-05,0.13349005579948425,4.366594552607239e-08,5.828969504812643e-09,,42,3,
resnet50_no_weights,IMAGENET100,fp32_unfused,layer1.0.downsample.0,7.924522399902344,2.2266534870141186e-05,0.12382066249847412,8.697865183648901e-08,1.0769754293618192e-08,,43,3,
resnet50_no_weights,IMAGENET100,fp32_unfused,layer1.0.downsample.0,9.102096557617188,1.1227046343265101e-05,0.14222025871276855,4.38556497783793e-08,6.237161857497675e-09,,44,3,
resnet50_no_weights,IMAGENET100,fp32_unfused,layer1.0.downsample.0,8.523327509562174,1.489068775602694e-05,0.13317699233690897,5.8166749046980236e-08,7.746472692092594e-09,0.013130599343920768,aggregate,3,0.5890427039298
resnet50_no_weights,IMAGENET100,fp32_unfused,layer1.1.conv1,6.457703590393066,4.870300358561508e-07,0.025225404649972916,7.609844310252356e-09,1.9196140204940972e-10,,42,3,
resnet50_no_weights,IMAGENET100,fp32_unfused,layer1.1.conv1,6.277341842651367,1.2200565606690361e-06,0.024520866572856903,1.906338376045369e-08,4.67450689617252e-10,,43,3,
resnet50_no_weights,IMAGENET100,fp32_unfused,layer1.1.conv1,6.208057403564453,5.018566753278719e-07,0.024250224232673645,7.841510551997999e-09,1.9015838920882796e-10,,44,3,
resnet50_no_weights,IMAGENET100,fp32_unfused,layer1.1.conv1,6.314367612202962,7.363144239510196e-07,0.02466549848516782,1.1504912874234682e-08,2.837744110714233e-10,0.0007677506090639608,aggregate,3,0.1288758525003136
resnet50_no_weights,IMAGENET100,fp32_unfused,layer1.1.conv2,1.6589082479476929,2.821180032697157e-06,0.0028800490415758556,4.897882001210342e-09,1.410614036333748e-11,,42,3,
resnet50_no_weights,IMAGENET100,fp32_unfused,layer1.1.conv2,1.6404495239257812,6.735611350450199e-06,0.0028480026457044813,1.1693769705642707e-08,3.3303887059929344e-11,,43,3,
resnet50_no_weights,IMAGENET100,fp32_unfused,layer1.1.conv2,1.6961655616760254,2.5782476313906955e-06,0.0029447318779097665,4.476124360053291e-09,1.3180986092537379e-11,,44,3,
resnet50_no_weights,IMAGENET100,fp32_unfused,layer1.1.conv2,1.6651744445164998,4.045013004846017e-06,0.002890927855063368,7.022592022302113e-09,2.0301806892018967e-11,0.00039093491052173907,aggregate,3,0.028381651294909774
resnet50_no_weights,IMAGENET100,fp32_unfused,layer1.1.conv3,0.13392770290374756,2.3098215024219826e-05,0.0020926203578710556,9.02274024383587e-08,1.8881169918033393e-10,,42,3,
resnet50_no_weights,IMAGENET100,fp32_unfused,layer1.1.conv3,0.1389901489019394,5.198879080126062e-05,0.002171721076592803,2.030812140674243e-07,4.410357528502802e-10,,43,3,
resnet50_no_weights,IMAGENET100,fp32_unfused,layer1.1.conv3,0.1398695558309555,2.264631439174991e-05,0.0021854618098586798,8.846216559277309e-08,1.933306845204001e-10,,44,3,
resnet50_no_weights,IMAGENET100,fp32_unfused,layer1.1.conv3,0.13759580254554749,3.257777340574345e-05,0.0021499344147741795,1.2725692736618535e-07,2.7359404766298e-10,0.00036368932392684254,aggregate,3,0.0032069542206476774
resnet50_no_weights,IMAGENET100,fp32_unfused,layer1.2.conv1,6.709184646606445,5.148494324203057e-07,0.026207752525806427,8.044522381567276e-09,2.1082885176442612e-10,,42,3,
resnet50_no_weights,IMAGENET100,fp32_unfused,layer1.2.conv1,6.498149394989014,1.1650490705505945e-06,0.025383396074175835,1.820389172735304e-08,4.620765938068151e-10,,43,3,
resnet50_no_weights,IMAGENET100,fp32_unfused,layer1.2.conv1,6.4919586181640625,6.066048854336259e-07,0.02535921335220337,9.478201334900405e-09,2.4035972984687814e-10,,44,3,
resnet50_no_weights,IMAGENET100,fp32_unfused,layer1.2.conv1,6.566430886586507,7.62167796134842e-07,0.025650120650728542,1.1908871814606906e-08,3.0546399885872767e-10,0.00016101194252971456,aggregate,3,0.12366712752100559
resnet50_no_weights,IMAGENET100,fp32_unfused,layer1.2.conv2,0.7012057900428772,2.3687368866376346e-06,0.001217371163268884,4.112390428190338e-09,5.006305519381896e-12,,42,3,
resnet50_no_weights,IMAGENET100,fp32_unfused,layer1.2.conv2,0.7050171494483948,4.930178420181619e-06,0.001223988106681241,8.559337535037534e-09,1.047652734395627e-11,,43,3,
resnet50_no_weights,IMAGENET100,fp32_unfused,layer1.2.conv2,0.7844421863555908,2.634818429214647e-06,0.001361878795756234,4.574337550719873e-09,6.229693314956902e-12,,44,3,
resnet50_no_weights,IMAGENET100,fp32_unfused,layer1.2.conv2,0.730221708615621,3.3112445786779667e-06,0.0012677460219021196,5.748688504649248e-09,7.287876982923529e-12,6.35364091628875e-05,aggregate,3,0.046994965367499045
resnet50_no_weights,IMAGENET100,fp32_unfused,layer1.2.conv3,0.02773972786962986,5.1648075896082446e-05,0.00043343324796296656,2.0175029646907205e-07,8.744528627608132e-11,,42,3,
resnet50_no_weights,IMAGENET100,fp32_unfused,layer1.2.conv3,0.02746722102165222,0.00011234074190724641,0.00042917532846331596,4.388310230751813e-07,1.8833544846818392e-10,,43,3,
resnet50_no_weights,IMAGENET100,fp32_unfused,layer1.2.conv3,0.03676543012261391,5.462676926981658e-05,0.0005744598456658423,2.13385817460221e-07,1.2258158376547815e-10,,44,3,
resnet50_no_weights,IMAGENET100,fp32_unfused,layer1.2.conv3,0.030657459671298664,7.287186235771514e-05,0.0004790228073640416,2.846557123348248e-07,1.3635657845483881e-10,0.0001518157841928769,aggregate,3,0.005291412124485654
resnet50_no_weights,IMAGENET100,fp32_unfused,layer2.0.conv1,6.803012847900391,1.8867648350351374e-06,0.0265742689371109,1.474035027371201e-08,3.9171403240083925e-10,,42,3,
resnet50_no_weights,IMAGENET100,fp32_unfused,layer2.0.conv1,6.594277381896973,3.336815098009538e-06,0.02575889602303505,2.6068867953199515e-08,6.715052590446968e-10,,43,3,
resnet50_no_weights,IMAGENET100,fp32_unfused,layer2.0.conv1,6.606371879577637,1.581958485985524e-06,0.025806140154600143,1.2359050671761906e-08,3.189393938132928e-10,,44,3,
resnet50_no_weights,IMAGENET100,fp32_unfused,layer2.0.conv1,6.667887369791667,2.2685128063434e-06,0.0260464350382487,1.7722756299557812e-08,4.616146206551454e-10,0.0006788606930128748,aggregate,3,0.11717824176919675
resnet50_no_weights,IMAGENET100,fp32_unfused,layer2.0.conv2,5.514649868011475,1.9562630768632516e-05,0.0047870224548710715,1.6981450319993503e-08,8.129058399808645e-11,,42,3,
resnet50_no_weights,IMAGENET100,fp32_unfused,layer2.0.conv2,5.513608455657959,3.616327012423426e-05,0.004786118451091979,3.1391727538397795e-08,1.5024452638317788e-10,,43,3,
resnet50_no_weights,IMAGENET100,fp32_unfused,layer2.0.conv2,5.2960405349731445,1.6469157344545238e-05,0.004597257408830855,1.4296143528251074e-08,6.572305175296153e-11,,44,3,
resnet50_no_weights,IMAGENET100,fp32_unfused,layer2.0.conv2,5.441432952880859,2.4065019412470672e-05,0.0047234661049313014,2.0889773795547457e-08,9.867213846295051e-11,0.0004576868165291394,aggregate,3,0.12591460409226252
resnet50_no_weights,IMAGENET100,fp32_unfused,layer2.0.conv3,0.6393776535987854,8.247380901593715e-05,0.004995137918740511,1.6108165823425225e-07,8.04625099059513e-10,,42,3,
resnet50_no_weights,IMAGENET100,fp32_unfused,layer2.0.conv3,0.7083486914634705,0.00016773055540397763,0.005533974152058363,3.275987410233938e-07,1.812922965070323e-09,,43,3,
resnet50_no_weights,IMAGENET100,fp32_unfused,layer2.0.conv3,0.6381576061248779,6.983939238125458e-05,0.004985606297850609,1.3640506324463786e-07,6.800619423711771e-10,,44,3,
resnet50_no_weights,IMAGENET100,fp32_unfused,layer2.0.conv3,0.6619613170623779,0.00010668125226705645,0.005171572789549828,2.0836182083409463e-07,1.0775583230066602e-09,0.0005632241713410215,aggregate,3,0.04017727600062002
resnet50_no_weights,IMAGENET100,fp32_unfused,layer2.0.downsample.0,6.783737659454346,4.7512698074569926e-05,0.026498975232243538,9.279823842689439e-08,2.459058221670105e-09,,42,3,
resnet50_no_weights,IMAGENET100,fp32_unfused,layer2.0.downsample.0,6.583102226257324,9.630833665141836e-05,0.025715243071317673,1.8810222002230148e-07,4.8370943101279606e-09,,43,3,
resnet50_no_weights,IMAGENET100,fp32_unfused,layer2.0.downsample.0,6.5908284187316895,4.099736179341562e-05,0.025745423510670662,8.007297225276488e-08,2.0615125824056126e-09,,44,3,
resnet50_no_weights,IMAGENET100,fp32_unfused,layer2.0.downsample.0,6.65255610148112,6.160613217313464e-05,0.025986547271410625,1.203244769006536e-07,3.1268177068865903e-09,0.0008422475140172867,aggregate,3,0.11367222341781592
resnet50_no_weights,IMAGENET100,fp32_unfused,layer2.1.conv1,8.649293899536133,9.296608368458692e-06,0.01689315214753151,7.262975287858353e-08,1.2269454658155262e-09,,42,3,
resnet50_no_weights,IMAGENET100,fp32_unfused,layer2.1.conv1,8.377068519592285,1.793029878172092e-05,0.016361461952328682,1.400804592321947e-07,2.2919211039922826e-09,,43,3,
resnet50_no_weights,IMAGENET100,fp32_unfused,layer2.1.conv1,8.367836952209473,9.219008461514022e-06,0.016343431547284126,7.20235036055783e-08,1.1771112009733404e-09,,44,3,
resnet50_no_weights,IMAGENET100,fp32_unfused,layer2.1.conv1,8.464733123779297,1.2148638537231212e-05,0.01653268188238144,9.491123857211885e-08,1.5691373143756517e-09,0.00021380660774413928,aggregate,3,0.15990095503173102
resnet50_no_weights,IMAGENET100,fp32_unfused,layer2.1.conv2,6.337650299072266,3.426049806876108e-05,0.005501432551278008,2.9740015684688437e-08,1.6361269036326348e-10,,42,3,
resnet50_no_weights,IMAGENET100,fp32_unfused,layer2.1.conv2,5.872339248657227,6.920150190126151e-05,0.005097516708903843,6.007074817817839e-08,3.062116425546194e-10,,43,3,
resnet50_no_weights,IMAGENET100,fp32_unfused,layer2.1.conv2,5.687269687652588,3.3122760214610025e-05,0.0049368660483095385,2.8752396019626758e-08,1.4194672771684567e-10,,44,3,
resnet50_no_weights,IMAGENET100,fp32_unfused,layer2.1.conv2,5.965753078460693,4.552825339487754e-05,0.005178605102830463,3.952105329416453e-08,2.0466392825839513e-10,0.00024876676972485697,aggregate,3,0.33510198839543126
resnet50_no_weights,IMAGENET100,fp32_unfused,layer2.1.conv3,0.6287708878517151,0.00011011752940248698,0.004912272561341524,2.1507329961423238e-07,1.0564986683721783e-09,,42,3,
resnet50_no_weights,IMAGENET100,fp32_unfused,layer2.1.conv3,0.6246507167816162,0.0002291858836542815,0.004880083724856377,4.4762867901226855e-07,2.184465431226731e-09,,43,3,
resnet50_no_weights,IMAGENET100,fp32_unfused,layer2.1.conv3,0.6428415179252625,9.443284216104075e-05,0.005022199358791113,1.8443914484578272e-07,9.262901549804712e-10,,44,3,
resnet50_no_weights,IMAGENET100,fp32_unfused,layer2.1.conv3,0.6320877075195312,0.00014457875173926973,0.004938185214996338,2.823803744907612e-07,1.394446590315406e-09,0.0003453035666831981,aggregate,3,0.009538201145579257
resnet50_no_weights,IMAGENET100,fp32_unfused,layer2.2.conv1,9.046557426452637,4.515315595199354e-06,0.017669057473540306,3.527590308749495e-08,6.232919590839863e-10,,42,3,
resnet50_no_weights,IMAGENET100,fp32_unfused,layer2.2.conv1,8.917128562927246,7.456421826645965e-06,0.017416266724467278,5.82532955206716e-08,1.0145549323672315e-09,,43,3,
resnet50_no_weights,IMAGENET100,fp32_unfused,layer2.2.conv1,8.97336483001709,3.992241545347497e-06,0.01752610318362713,3.118938707302732e-08,5.466284160759629e-10,,44,3,
resnet50_no_weights,IMAGENET100,fp32_unfused,layer2.2.conv1,8.97901693979899,5.3213263223976055e-06,0.017537142460544903,4.157286189373129e-08,7.290692015229242e-10,0.00013958777598909572,aggregate,3,0.06489928687673344
resnet50_no_weights,IMAGENET100,fp32_unfused,layer2.2.conv2,2.978714942932129,1.3053882867097855e-05,0.002585690054628584,1.1331495544355777e-08,2.9299735333108845e-11,,42,3,
resnet50_no_weights,IMAGENET100,fp32_unfused,layer2.2.conv2,3.085292100906372,2.5279648980358616e-05,0.002678204948703448,2.194413973989463e-08,5.87709036464258e-11,,43,3,
resnet50_no_weights,IMAGENET100,fp32_unfused,layer2.2.conv2,3.0476040840148926,1.089404304366326e-05,0.0026454896562629277,9.456634586513246e-09,2.5017428981679042e-11,,44,3,
resnet50_no_weights,IMAGENET100,fp32_unfused,layer2.2.conv2,3.0372037092844644,1.6409191630373243e-05,0.0026364615531983197,1.4244089956921218e-08,3.75539955317211e-11,6.623829002692705e-05,aggregate,3,0.05404441225849987
resnet50_no_weights,IMAGENET100,fp32_unfused,layer2.2.conv3,0.25160127878189087,0.00015406115562655032,0.0019656349904835224,3.009006945831061e-07,5.91460933933349e-10,,42,3,
resnet50_no_weights,IMAGENET100,fp32_unfused,layer2.2.conv3,0.23680783808231354,0.0003193154698237777,0.0018500612350180745,6.236630269995658e-07,1.1538147899659274e-09,,43,3,
resnet50_no_weights,IMAGENET100,fp32_unfused,layer2.2.conv3,0.2757471799850464,0.00012824664008803666,0.002154274843633175,2.504817189219466e-07,5.396064658635454e-10,,44,3,
resnet50_no_weights,IMAGENET100,fp32_unfused,layer2.2.conv3,0.25471876561641693,0.0002005410885127882,0.0019899903563782573,3.9168181350153947e-07,7.794430316368106e-10,0.00026670573450188846,aggregate,3,0.019655969324280705
resnet50_no_weights,IMAGENET100,fp32_unfused,layer2.3.conv1,9.796154975891113,1.0045810995507054e-05,0.01913311518728733,7.848289840239886e-08,1.5016223353652662e-09,,42,3,
resnet50_no_weights,IMAGENET100,fp32_unfused,layer2.3.conv1,9.707175254821777,1.8870312487706542e-05,0.018959326669573784,1.4742431631020736e-07,2.7950657719637958e-09,,43,3,
resnet50_no_weights,IMAGENET100,fp32_unfused,layer2.3.conv1,9.672422409057617,7.531447863584617e-06,0.01889145001769066,5.883943643425482e-08,1.1115622724668116e-09,,44,3,
resnet50_no_weights,IMAGENET100,fp32_unfused,layer2.3.conv1,9.725250879923502,1.2149190448932737e-05,0.01899463062485059,9.491555038228701e-08,1.802885820065938e-09,0.0006545122846921472,aggregate,3,0.06381601045909235
resnet50_no_weights,IMAGENET100,fp32_unfused,layer2.3.conv2,5.547364711761475,2.389332075836137e-05,0.0048154207567373914,2.0740729824966465e-08,9.98753409090258e-11,,42,3,
resnet50_no_weights,IMAGENET100,fp32_unfused,layer2.3.conv2,5.68881368637085,4.5704033254878595e-05,0.004938206324974696,3.967363997819322e-08,1.9591661987508275e-10,,43,3,
resnet50_no_weights,IMAGENET100,fp32_unfused,layer2.3.conv2,5.559380531311035,1.735752994136419e-05,0.00482585115565194,1.5067300296323083e-08,7.271254854756557e-11,,44,3,
resnet50_no_weights,IMAGENET100,fp32_unfused,layer2.3.conv2,5.598519643147786,2.8984961318201385e-05,0.0048598260791213425,2.516055669982759e-08,1.2227592961503335e-10,0.00038130908933565896,aggregate,3,0.07842739101256778
resnet50_no_weights,IMAGENET100,fp32_unfused,layer2.3.conv3,0.6281434297561646,8.363342203665525e-05,0.0049073705449700356,1.6334652741534228e-07,8.016019372611911e-10,,42,3,
resnet50_no_weights,IMAGENET100,fp32_unfused,layer2.3.conv3,0.6755502820014954,0.00017452359315939248,0.0052777365781366825,3.4086639288943843e-07,1.7990030300100988e-09,,43,3,
resnet50_no_weights,IMAGENET100,fp32_unfused,layer2.3.conv3,0.6389599442481995,6.458532880060375e-05,0.004991874564439058,1.261432203136792e-07,6.296911329602875e-10,,44,3,
resnet50_no_weights,IMAGENET100,fp32_unfused,layer2.3.conv3,0.6475512186686198,0.00010758078133221716,0.005058993895848592,2.1011871353948663e-07,1.0629892891998217e-09,0.0004402279694856019,aggregate,3,0.024843709607823932
resnet50_no_weights,IMAGENET100,fp32_unfused,layer3.0.conv1,10.831563949584961,1.739034451020416e-05,0.021155398339033127,6.7931033242985e-08,1.4371080678374489e-09,,42,3,
resnet50_no_weights,IMAGENET100,fp32_unfused,layer3.0.conv1,10.771739959716797,3.516228753142059e-05,0.02103855460882187,1.3735268566961167e-07,2.88970197812847e-09,,43,3,
resnet50_no_weights,IMAGENET100,fp32_unfused,layer3.0.conv1,10.668278694152832,1.3338382814254146e-05,0.02083648182451725,5.210305786818026e-08,1.0856444182721084e-09,,44,3,
resnet50_no_weights,IMAGENET100,fp32_unfused,layer3.0.conv1,10.75719420115153,2.1963671618626297e-05,0.02101014492412408,8.579559226025897e-08,1.8025778272390993e-09,0.0015589802601526672,aggregate,3,0.08260873428132871
resnet50_no_weights,IMAGENET100,fp32_unfused,layer3.0.conv2,8.497078895568848,0.00022211695613805205,0.0036879682706462014,9.640492887936287e-08,3.5553831884099393e-10,,42,3,
resnet50_no_weights,IMAGENET100,fp32_unfused,layer3.0.conv2,8.051228523254395,0.00041265689651481807,0.0034944568243291643,1.791045557790009e-07,6.258731372103731e-10,,43,3,
resnet50_no_weights,IMAGENET100,fp32_unfused,layer3.0.conv2,8.538305282592773,0.00015425375022459775,0.003705861667792002,6.695041242387055e-08,2.481089670444873e-10,,44,3,
resnet50_no_weights,IMAGENET100,fp32_unfused,layer3.0.conv2,8.362204233805338,0.000263009200959156,0.003629428920922456,1.1415329902741143e-07,4.1431128490879633e-10,0.0005117868238161653,aggregate,3,0.27010057971292845
resnet50_no_weights,IMAGENET100,fp32_unfused,layer3.0.conv3,2.0013551712036133,0.0005482405540533364,0.007817793637514114,5.353911660677113e-07,4.185577651665416e-09,,42,3,
resnet50_no_weights,IMAGENET100,fp32_unfused,layer3.0.conv3,1.8539236783981323,0.0010094610042870045,0.007241889368742704,9.858017619990278e-07,7.139067299908585e-09,,43,3,
resnet50_no_weights,IMAGENET100,fp32_unfused,layer3.0.conv3,2.018702983856201,0.00036539233406074345,0.007885558530688286,3.568284512311948e-07,2.813791637598437e-09,,44,3,
resnet50_no_weights,IMAGENET100,fp32_unfused,layer3.0.conv3,1.9579939444859822,0.0006410312974670281,0.007648413845648368,6.260071264326447e-07,4.787961573281988e-09,0.0006549040185352988,aggregate,3,0.09054392228998166
resnet50_no_weights,IMAGENET100,fp32_unfused,layer3.0.downsample.0,10.729952812194824,0.00016365581541322172,0.020956939086318016,1.5982013223947433e-07,3.3493407761099537e-09,,42,3,
resnet50_no_weights,IMAGENET100,fp32_unfused,layer3.0.downsample.0,10.708439826965332,0.0003537441371008754,0.020914921537041664,3.454532588875736e-07,7.225127804348943e-09,,43,3,
resnet50_no_weights,IMAGENET100,fp32_unfused,layer3.0.downsample.0,10.570128440856934,0.00011931625340366736,0.0206447821110487,1.1651977871451891e-07,2.405525443188853e-09,,44,3,
resnet50_no_weights,IMAGENET100,fp32_unfused,layer3.0.downsample.0,10.669507026672363,0.0002122387353059215,0.02083888091146946,2.0726438994718896e-07,4.319157939297838e-09,0.0005343192665688028,aggregate,3,0.08673395887642353
resnet50_no_weights,IMAGENET100,fp32_unfused,layer3.1.conv1,10.474780082702637,1.879014598671347e-05,0.010229277424514294,7.339900776059949e-08,7.508188130672498e-10,,42,3,
resnet50_no_weights,IMAGENET100,fp32_unfused,layer3.1.conv1,10.373960494995117,2.509980731701944e-05,0.010130820795893669,9.804612233210719e-08,9.932876950788462e-10,,43,3,
resnet50_no_weights,IMAGENET100,fp32_unfused,layer3.1.conv1,10.217700004577637,1.2888960554846562e-05,0.009978222660720348,5.0347502167369385e-08,5.02378587037112e-10,,44,3,
resnet50_no_weights,IMAGENET100,fp32_unfused,layer3.1.conv1,10.355480194091797,1.892630461952649e-05,0.01011277362704277,7.393087742002535e-08,7.476462273973643e-10,4.517628320728464e-05,aggregate,3,0.12953255491688942
resnet50_no_weights,IMAGENET100,fp32_unfused,layer3.1.conv2,6.851978302001953,5.84034132771194e-05,0.002973948915799459,2.5348703679305295e-08,7.538574982399173e-11,,42,3,
resnet50_no_weights,IMAGENET100,fp32_unfused,layer3.1.conv2,6.803351879119873,8.604890899732709e-05,0.0029528436975346673,3.7347616752312106e-08,1.1028167474500496e-10,,43,3,
resnet50_no_weights,IMAGENET100,fp32_unfused,layer3.1.conv2,6.664871692657471,4.1832296119537205e-05,0.0028927394499381385,1.815637852410469e-08,5.252167242468723e-11,,44,3,
resnet50_no_weights,IMAGENET100,fp32_unfused,layer3.1.conv2,6.773400624593099,6.209487279799457e-05,0.002939844021090755,2.6950899651907362e-08,7.923144120467677e-11,0.00011811804206429189,aggregate,3,0.0970825888143332
resnet50_no_weights,IMAGENET100,fp32_unfused,layer3.1.conv3,0.7132216095924377,0.0003599210176616907,0.00278602191247046,3.5148536881024484e-07,9.792459394181033e-10,,42,3,
resnet50_no_weights,IMAGENET100,fp32_unfused,layer3.1.conv3,0.757541298866272,0.000618858088273555,0.002959145698696375,6.043536018296436e-07,1.7883703613458514e-09,,43,3,
resnet50_no_weights,IMAGENET100,fp32_unfused,layer3.1.conv3,0.76598060131073,0.00023355042503681034,0.002992111723870039,2.280765869500101e-07,6.824306297533895e-10,,44,3,
resnet50_no_weights,IMAGENET100,fp32_unfused,layer3.1.conv3,0.7455811699231466,0.00040410984365735203,0.0029124264450122914,3.9463851919663284e-07,1.1493556595287643e-09,0.0002027684748764076,aggregate,3,0.028340100829652083
resnet50_no_weights,IMAGENET100,fp32_unfused,layer3.2.conv1,10.427456855773926,2.902094456658233e-05,0.010183063335716724,1.1336306471321222e-07,1.1543832679055938e-09,,42,3,
resnet50_no_weights,IMAGENET100,fp32_unfused,layer3.2.conv1,10.473092079162598,7.468619151040912e-05,0.010227628983557224,2.917429355875356e-07,2.9838385037631476e-09,,43,3,
resnet50_no_weights,IMAGENET100,fp32_unfused,layer3.2.conv1,10.268950462341309,2.166918056900613e-05,0.010028271935880184,8.46452365976802e-08,8.488454506784546e-10,,44,3,
resnet50_no_weights,IMAGENET100,fp32_unfused,layer3.2.conv1,10.389833132425943,4.179210554866586e-05,0.01014632141838471,1.63250412299476e-07,1.6563911548743082e-09,0.0001312237035888779,aggregate,3,0.1071452675041068
resnet50_no_weights,IMAGENET100,fp32_unfused,layer3.2.conv2,6.508885860443115,7.040026684990153e-05,0.002825037265817324,3.055567137582531e-08,8.632091031877421e-11,,42,3,
resnet50_no_weights,IMAGENET100,fp32_unfused,layer3.2.conv2,6.5344343185424805,0.00015628666733391583,0.0028361260063118404,6.78327549192343e-08,1.9238224030621783e-10,,43,3,
resnet50_no_weights,IMAGENET100,fp32_unfused,layer3.2.conv2,6.403332233428955,4.793454354512505e-05,0.002779224059647984,2.0804923413682747e-08,5.7821543710440754e-11,,44,3,
resnet50_no_weights,IMAGENET100,fp32_unfused,layer3.2.conv2,6.482217470804851,9.154049257631414e-05,0.002813462443925716,3.973111656958079e-08,1.1178200432375029e-10,9.997833328304329e-05,aggregate,3,0.06950065780050037
resnet50_no_weights,IMAGENET100,fp32_unfused,layer3.2.conv3,0.6622856259346008,0.0004965643747709692,0.0025870532263070345,4.849261472372746e-07,1.2545297537308312e-09,,42,3,
resnet50_no_weights,IMAGENET100,fp32_unfused,layer3.2.conv3,0.6532209515571594,0.001020565046928823,0.002551644342020154,9.966455536414287e-07,2.5430849879486954e-09,,43,3,
resnet50_no_weights,IMAGENET100,fp32_unfused,layer3.2.conv3,0.7287561893463135,0.0003228542336728424,0.002846703864634037,3.1528733757113514e-07,8.975296823339266e-10,,44,3,
resnet50_no_weights,IMAGENET100,fp32_unfused,layer3.2.conv3,0.6814209222793579,0.0006133278851242115,0.002661800477653742,5.989530128166128e-07,1.5942934156074077e-09,0.00020872883540303317,aggregate,3,0.041243335359998065
resnet50_no_weights,IMAGENET100,fp32_unfused,layer3.3.conv1,9.465703964233398,4.6525739890057594e-05,0.009243851527571678,1.8174117144553747e-07,1.6799884052894978e-09,,42,3,
resnet50_no_weights,IMAGENET100,fp32_unfused,layer3.3.conv1,9.594015121459961,7.910103886388242e-05,0.009369155392050743,3.089884330620407e-07,2.894960643704529e-09,,43,3,
resnet50_no_weights,IMAGENET100,fp32_unfused,layer3.3.conv1,9.488591194152832,3.259203367633745e-05,0.009266202338039875,1.2731263154819317e-07,1.1797046041138767e-09,,44,3,
resnet50_no_weights,IMAGENET100,fp32_unfused,layer3.3.conv1,9.516103426615397,5.273960414342582e-05,0.009293069752554098,2.0601407868525712e-07,1.914503203230263e-09,0.00017738287993672523,aggregate,3,0.06843705479132321
resnet50_no_weights,IMAGENET100,fp32_unfused,layer3.3.conv2,7.321803569793701,0.00011745915981009603,0.0031778661327229608,5.0980538112020845e-08,1.620093254941832e-10,,42,3,
resnet50_no_weights,IMAGENET100,fp32_unfused,layer3.3.conv2,7.510011196136475,0.0001974789338419214,0.003259553470545345,8.571134281333394e-08,2.793807049323045e-10,,43,3,
resnet50_no_weights,IMAGENET100,fp32_unfused,layer3.3.conv2,7.266526699066162,7.955903856782243e-05,0.0031538744353585774,3.4530832711728486e-08,1.0890591052116417e-10,,44,3,
resnet50_no_weights,IMAGENET100,fp32_unfused,layer3.3.conv2,7.366113821665446,0.00013149904407327995,0.003197098012875628,5.7074237879027756e-08,1.8247193250943052e-10,0.00018039318191787827,aggregate,3,0.12764687185395046
resnet50_no_weights,IMAGENET100,fp32_unfused,layer3.3.conv3,0.8401185870170593,0.0006981265032663941,0.003281713230535388,6.81764163346088e-07,2.2373544749577465e-09,,42,3,
resnet50_no_weights,IMAGENET100,fp32_unfused,layer3.3.conv3,0.8229873776435852,0.0012156275333836675,0.0032147944439202547,1.1871362630699878e-06,3.8163990626936505e-09,,43,3,
resnet50_no_weights,IMAGENET100,fp32_unfused,layer3.3.conv3,0.8462569117546082,0.0004501889634411782,0.003305691061541438,4.396376596105256e-07,1.4533062816915118e-09,,44,3,
resnet50_no_weights,IMAGENET100,fp32_unfused,layer3.3.conv3,0.8364542921384176,0.0007879810000304133,0.0032673995786656937,7.695126953422005e-07,2.5143054565390083e-09,0.0003402201352097715,aggregate,3,0.01205977185332481
resnet50_no_weights,IMAGENET100,fp32_unfused,layer3.4.conv1,9.177781105041504,6.629241397604346e-05,0.008962676860392094,2.589547420939198e-07,2.3209276748539772e-09,,42,3,
resnet50_no_weights,IMAGENET100,fp32_unfused,layer3.4.conv1,9.153389930725098,0.00014025141717866063,0.008938857354223728,5.478570983541431e-07,4.897216452686604e-09,,43,3,
resnet50_no_weights,IMAGENET100,fp32_unfused,layer3.4.conv1,9.066664695739746,4.319011350162327e-05,0.008854164741933346,1.687113808657159e-07,1.49379836002411e-09,,44,3,
resnet50_no_weights,IMAGENET100,fp32_unfused,layer3.4.conv1,9.132611910502115,8.32446482187758e-05,0.008918566318849722,3.2517440710459294e-07,2.90008951495495e-09,0.00029226246270998426,aggregate,3,0.05839956076306501
resnet50_no_weights,IMAGENET100,fp32_unfused,layer3.4.conv2,5.798006534576416,0.0001606037258170545,0.002516495891743236,6.970647821920768e-08,1.754160660665255e-10,,42,3,
resnet50_no_weights,IMAGENET100,fp32_unfused,layer3.4.conv2,5.827513694763184,0.0003056006971746683,0.0025293028189076316,1.326391914820609e-07,3.3548468091320577e-10,,43,3,
resnet50_no_weights,IMAGENET100,fp32_unfused,layer3.4.conv2,5.803154468536377,0.00010540291259530932,0.0025187302380800247,4.5747791925047444e-08,1.1522634684701018e-10,,44,3,
resnet50_no_weights,IMAGENET100,fp32_unfused,layer3.4.conv2,5.809558232625325,0.0001905357785290107,0.002521509649576964,8.269782054210535e-08,2.0852335249590273e-10,0.00020857045641111462,aggregate,3,0.01576148062372539
resnet50_no_weights,IMAGENET100,fp32_unfused,layer3.4.conv3,0.6218836903572083,0.0008728278917260468,0.0024292331654578447,8.523709880137176e-07,2.0706078733569938e-09,,42,3,
resnet50_no_weights,IMAGENET100,fp32_unfused,layer3.4.conv3,0.6512739658355713,0.001558884629048407,0.0025440389290452003,1.522348270555085e-06,3.8729132638567714e-09,,43,3,
resnet50_no_weights,IMAGENET100,fp32_unfused,layer3.4.conv3,0.6603436470031738,0.000562360801268369,0.0025794673711061478,5.491804699886416e-07,1.41659310318444e-09,,44,3,
resnet50_no_weights,IMAGENET100,fp32_unfused,layer3.4.conv3,0.6445004343986511,0.0009980244406809409,0.002517579821869731,9.746332428524813e-07,2.453716985928868e-09,0.0002608715475050132,aggregate,3,0.020104790782238875
resnet50_no_weights,IMAGENET100,fp32_unfused,layer3.5.conv1,8.67335319519043,8.478048403048888e-05,0.008470071479678154,3.311737657440972e-07,2.8050654680466916e-09,,42,3,
resnet50_no_weights,IMAGENET100,fp32_unfused,layer3.5.conv1,8.573335647583008,0.00013272436626721174,0.008372398093342781,5.184545557312958e-07,4.34070793388958e-09,,43,3,
resnet50_no_weights,IMAGENET100,fp32_unfused,layer3.5.conv1,8.492761611938477,5.119911293149926e-05,0.008293712511658669,1.9999653488866898e-07,1.6587137636945333e-09,,44,3,
resnet50_no_weights,IMAGENET100,fp32_unfused,layer3.5.conv1,8.579816818237305,8.956798774306662e-05,0.008378727361559868,3.49874952121354e-07,2.9315068344636375e-09,0.0003920779901414385,aggregate,3,0.0904700733123908
resnet50_no_weights,IMAGENET100,fp32_unfused,layer3.5.conv2,6.69777250289917,0.0001619296526769176,0.002907019315494431,7.028196730768994e-08,2.043110364944028e-10,,42,3,
resnet50_no_weights,IMAGENET100,fp32_unfused,layer3.5.conv2,6.61726188659668,0.00023820210481062531,0.002872075471613142,1.0338633021294501e-07,2.969333431046961e-10,,43,3,
resnet50_no_weights,IMAGENET100,fp32_unfused,layer3.5.conv2,6.589964866638184,9.991732804337516e-05,0.0028602278067006003,4.336689585215936e-08,1.2403920140663513e-10,,44,3,
resnet50_no_weights,IMAGENET100,fp32_unfused,layer3.5.conv2,6.634999752044678,0.00016668302851030603,0.002879774197936058,7.23450644575981e-08,2.0833744997301198e-10,0.0002210294365288683,aggregate,3,0.056049937663067435
resnet50_no_weights,IMAGENET100,fp32_unfused,layer3.5.conv3,0.9004256725311279,0.0005813097814098,0.0035172877833247185,5.676853334080079e-07,1.9967126879686057e-09,,42,3,
resnet50_no_weights,IMAGENET100,fp32_unfused,layer3.5.conv3,0.9161502122879028,0.0009224431705661118,0.0035787117667496204,9.008234087559686e-07,3.2237873326784877e-09,,43,3,
resnet50_no_weights,IMAGENET100,fp32_unfused,layer3.5.conv3,0.9375052452087402,0.000374440016457811,0.0036621298640966415,3.6566407857208105e-07,1.3391093423661988e-09,,44,3,
resnet50_no_weights,IMAGENET100,fp32_unfused,layer3.5.conv3,0.9180270433425903,0.0006260643228112409,0.0035860431380569935,6.113909402453525e-07,2.1924742859370595e-09,0.0004220095041091554,aggregate,3,0.018610898650910514
resnet50_no_weights,IMAGENET100,fp32_unfused,layer4.0.conv1,7.874521732330322,0.0002681806799955666,0.00768996262922883,5.23790390616341e-07,4.027928529388834e-09,,42,3,
resnet50_no_weights,IMAGENET100,fp32_unfused,layer4.0.conv1,7.657165050506592,0.0005079366965219378,0.0074777002446353436,9.920638603944099e-07,7.418356171565162e-09,,43,3,
resnet50_no_weights,IMAGENET100,fp32_unfused,layer4.0.conv1,7.661293983459473,0.00018287212878931314,0.007481732405722141,3.571721265416272e-07,2.6722662735671817e-09,,44,3,
resnet50_no_weights,IMAGENET100,fp32_unfused,layer4.0.conv1,7.730993588765462,0.0003196631684356059,0.007549798426528771,6.243421258507927e-07,4.7136571993639436e-09,0.0010724813595718134,aggregate,3,0.12431616153265693
resnet50_no_weights,IMAGENET100,fp32_unfused,layer4.0.conv2,11.694964408874512,0.0014317010063678026,0.0025379697067870032,3.1069900311801274e-07,7.88544657842437e-10,,42,3,
resnet50_no_weights,IMAGENET100,fp32_unfused,layer4.0.conv2,10.880501747131348,0.0023656764533370733,0.0023612199972073236,5.133846469915524e-07,1.2122140947356761e-09,,43,3,
resnet50_no_weights,IMAGENET100,fp32_unfused,layer4.0.conv2,11.263422012329102,0.0008341226493939757,0.002444319013092253,1.8101619995528986e-07,4.4246133922842403e-10,,44,3,
resnet50_no_weights,IMAGENET100,fp32_unfused,layer4.0.conv2,11.279629389444986,0.0015438333696996172,0.0024478362390288597,3.3503328335495165e-07,8.201066122770751e-10,0.00019840975657868184,aggregate,3,0.4074731477633493
resnet50_no_weights,IMAGENET100,fp32_unfused,layer4.0.conv3,2.3706412315368652,0.005649098195135593,0.00463015865534544,2.7583487280935515e-06,1.2771592237843443e-08,,42,3,
resnet50_no_weights,IMAGENET100,fp32_unfused,layer4.0.conv3,2.2664003372192383,0.007715446408838034,0.004426563158631325,3.767307816815446e-06,1.667622598913906e-08,,43,3,
resnet50_no_weights,IMAGENET100,fp32_unfused,layer4.0.conv3,2.366482734680176,0.0027524100150913,0.004622036591172218,1.3439502026812988e-06,6.211787013506282e-09,,44,3,
resnet50_no_weights,IMAGENET100,fp32_unfused,layer4.0.conv3,2.3345081011454263,0.005372318206354976,0.004559586135049661,2.6232022491967655e-06,1.1960716604868657e-08,0.00036923198063892345,aggregate,3,0.059019690818368456
resnet50_no_weights,IMAGENET100,fp32_unfused,layer4.0.downsample.0,7.694016933441162,0.0019290682394057512,0.007513688411563635,9.419278512723395e-07,7.077352380634012e-09,,42,3,
resnet50_no_weights,IMAGENET100,fp32_unfused,layer4.0.downsample.0,7.454314231872559,0.002560282824561,0.0072796037420630455,1.2501380979301757e-06,9.100509975788085e-09,,43,3,
resnet50_no_weights,IMAGENET100,fp32_unfused,layer4.0.downsample.0,7.496940612792969,0.0009609755361452699,0.0073212310671806335,4.6922633600843255e-07,3.435314428724275e-09,,44,3,
resnet50_no_weights,IMAGENET100,fp32_unfused,layer4.0.downsample.0,7.5484239260355634,0.0018167755333706737,0.007371507740269105,8.870974284036492e-07,6.5392455598503186e-09,0.00021023012457724825,aggregate,3,0.12787589664064167
resnet50_no_weights,IMAGENET100,fp32_unfused,layer4.1.conv1,6.56471061706543,0.0007692268118262291,0.0032054251059889793,1.5023961168481037e-06,4.815818232085264e-09,,42,3,
resnet50_no_weights,IMAGENET100,fp32_unfused,layer4.1.conv1,6.261322498321533,0.0011924951104447246,0.003057286376133561,2.3290920125873527e-06,7.12070127884481e-09,,43,3,
resnet50_no_weights,IMAGENET100,fp32_unfused,layer4.1.conv1,6.5337982177734375,0.00043833706877194345,0.0031903311610221863,8.56127087445202e-07,2.7313289248715943e-09,,44,3,
resnet50_no_weights,IMAGENET100,fp32_unfused,layer4.1.conv1,6.453277111053467,0.0008000196636809657,0.0031510142143815756,1.562538405626886e-06,4.923580726647442e-09,0.0001886025252327886,aggregate,3,0.16695455704860782
resnet50_no_weights,IMAGENET100,fp32_unfused,layer4.1.conv2,11.073331832885742,0.0009731091558933258,0.002403066804011663,2.1117820223379465e-07,5.074753275188935e-10,,42,3,
resnet50_no_weights,IMAGENET100,fp32_unfused,layer4.1.conv2,10.768343925476074,0.001394652179442346,0.0023368801921606064,3.0265889310814805e-07,7.072775722856854e-10,,43,3,
resnet50_no_weights,IMAGENET100,fp32_unfused,layer4.1.conv2,11.20288372039795,0.0005417150678113103,0.0024311813629335826,1.175596935354406e-07,2.8580893595554677e-10,,44,3,
resnet50_no_weights,IMAGENET100,fp32_unfused,layer4.1.conv2,11.014853159586588,0.0009698254677156607,0.0023903761197019507,2.104655962924611e-07,5.030919353963304e-10,0.00015908625835924027,aggregate,3,0.2230942060337026
resnet50_no_weights,IMAGENET100,fp32_unfused,layer4.1.conv3,1.0741510391235352,0.007865319959819317,0.0020979512482881546,3.840488261630526e-06,8.057157142523767e-09,,42,3,
resnet50_no_weights,IMAGENET100,fp32_unfused,layer4.1.conv3,1.0345648527145386,0.010440099984407425,0.002020634477958083,5.097705070511438e-06,1.0300598623937153e-08,,43,3,
resnet50_no_weights,IMAGENET100,fp32_unfused,layer4.1.conv3,1.1506565809249878,0.00388720678165555,0.0022473761346191168,1.898050186355249e-06,4.265632691124154e-09,,44,3,
resnet50_no_weights,IMAGENET100,fp32_unfused,layer4.1.conv3,1.0864574909210205,0.007397542241960764,0.002121987286955118,3.6120811728324043e-06,7.664790328200295e-09,0.0002973910910643301,aggregate,3,0.05901617495742227
resnet50_no_weights,IMAGENET100,fp32_unfused,layer4.2.conv1,3.914341449737549,0.0037847382482141256,0.0019112995360046625,7.392066891043214e-06,1.4128454018966323e-08,,42,3,
resnet50_no_weights,IMAGENET100,fp32_unfused,layer4.2.conv1,3.813138484954834,0.004280109889805317,0.0018618840258568525,8.35958962852601e-06,1.5564586392071197e-08,,43,3,
resnet50_no_weights,IMAGENET100,fp32_unfused,layer4.2.conv1,3.9781203269958496,0.0017256118590012193,0.0019424415659159422,3.3703356621117564e-06,6.546680081174704e-09,,44,3,
resnet50_no_weights,IMAGENET100,fp32_unfused,layer4.2.conv1,3.9018667538960776,0.003263486665673554,0.0019052083759258192,6.37399739389366e-06,1.2143793222975543e-08,0.0005522809898681013,aggregate,3,0.08319534589185007
resnet50_no_weights,IMAGENET100,fp32_unfused,layer4.2.conv2,15.775574684143066,0.0004978686920367181,0.003423518811662992,1.0804442101491279e-07,3.698921078397902e-10,,42,3,
resnet50_no_weights,IMAGENET100,fp32_unfused,layer4.2.conv2,16.17314338684082,0.0006308640586212277,0.003509796741935942,1.369062627216206e-07,4.805131548509701e-10,,43,3,
resnet50_no_weights,IMAGENET100,fp32_unfused,layer4.2.conv2,15.795831680297852,0.00023717115982435644,0.003427914861175749,5.1469435725771795e-08,1.7643284362070315e-10,,44,3,
resnet50_no_weights,IMAGENET100,fp32_unfused,layer4.2.conv2,15.914849917093912,0.00045530130349410075,0.003453743471591561,9.880670648743506e-08,3.412530174804424e-10,0.00018833340086105298,aggregate,3,0.2239178953516807
resnet50_no_weights,IMAGENET100,fp32_unfused,layer4.2.conv3,1.5207102298736572,0.00036668471875600517,0.0029701371677219868,1.7904527283008065e-07,5.317890195375461e-10,,42,3,
resnet50_no_weights,IMAGENET100,fp32_unfused,layer4.2.conv3,1.5093662738800049,0.00055120192700997,0.0029479810036718845,2.691415659228369e-07,7.934242236390274e-10,,43,3,
resnet50_no_weights,IMAGENET100,fp32_unfused,layer4.2.conv3,1.519422173500061,0.0002156738337362185,0.0029676214326173067,1.0530948912901295e-07,3.125186969972381e-10,,44,3,
resnet50_no_weights,IMAGENET100,fp32_unfused,layer4.2.conv3,1.5164995590845745,0.00037785349316739786,0.0029619132013370595,1.8449877596064349e-07,5.464693601483585e-10,7.821994018048004e-05,aggregate,3,0.00621108610974667
resnet50_no_weights,IMAGENET100,fp32_fused,conv1,199.3906707763672,4.753227131004678e-06,1.356399120927668,1.5156974269785325e-09,2.05589065754601e-09,,42,3,
resnet50_no_weights,IMAGENET100,fp32_fused,conv1,197.70016479492188,8.623630492365919e-06,1.3448990802375638,2.749882172310561e-09,3.6983140043021476e-09,,43,3,
resnet50_no_weights,IMAGENET100,fp32_fused,conv1,178.06353759765625,4.648045432986692e-06,1.2113165822969814,1.482157344702389e-09,1.7953617692112667e-09,,44,3,
resnet50_no_weights,IMAGENET100,fp32_fused,conv1,191.71812438964844,6.008301018785763e-06,1.3042049278207377,1.9159123146638275e-09,2.498742282057e-09,0.8379660951667722,aggregate,3,11.855389405808703
resnet50_no_weights,IMAGENET100,fp32_fused,fc,135.60580444335938,0.0006511692772619426,0.06621377170085907,6.511692772619426e-06,4.311637386323567e-07,,42,3,
resnet50_no_weights,IMAGENET100,fp32_fused,fc,130.66622924804688,0.0008311573183164,0.06380186975002289,8.311573183164e-06,5.302939096500126e-07,,43,3,
resnet50_no_weights,IMAGENET100,fp32_fused,fc,145.4590301513672,0.0005185434129089117,0.07102491706609726,5.185434129089117e-06,3.682950289702648e-07,,44,3,
resnet50_no_weights,IMAGENET100,fp32_fused,fc,137.24368794759116,0.0006669566694957515,0.06701351950565974,6.669566694957514e-06,4.4695113780683394e-07,6.949358178578594e-05,aggregate,3,7.531184264204035
resnet50_no_weights,IMAGENET100,fp32_fused,layer1.0.conv1,8.543346405029297,2.9662687666132115e-06,0.13348978757858276,4.634794947833143e-08,6.186977930565348e-09,,42,3,
resnet50_no_weights,IMAGENET100,fp32_fused,layer1.0.conv1,7.924509048461914,3.5576078971644165e-06,0.12382045388221741,5.558762339319401e-08,6.882884758779048e-09,,43,3,
resnet50_no_weights,IMAGENET100,fp32_fused,layer1.0.conv1,9.102109909057617,1.953147830136004e-06,0.14222046732902527,3.051793484587506e-08,4.340274955697096e-09,,44,3,
resnet50_no_weights,IMAGENET100,fp32_fused,layer1.0.conv1,8.523321787516275,2.825674831304544e-06,0.1331769029299418,4.41511692391335e-08,5.879915980003515e-09,0.01684123265016594,aggregate,3,0.5890557577164001
resnet50_no_weights,IMAGENET100,fp32_fused,layer1.0.conv2,7.795040607452393,6.773462246201234e-06,0.013533056610160403,1.1759483066321586e-08,1.5914175004275267e-10,,42,3,
resnet50_no_weights,IMAGENET100,fp32_fused,layer1.0.conv2,8.302360534667969,1.0906769603025168e-05,0.014413820372687446,1.8935363894140917e-08,2.729309338616186e-10,,43,3,
resnet50_no_weights,IMAGENET100,fp32_fused,layer1.0.conv2,7.213327407836914,5.300356860971078e-06,0.012523137860827975,9.2020084391859e-09,1.1523802028042748e-10,,44,3,
resnet50_no_weights,IMAGENET100,fp32_fused,layer1.0.conv2,7.770242849985759,7.660196236732494e-06,0.013490004947891942,1.32989517998828e-08,1.7940292558219543e-10,0.0018135301099351732,aggregate,3,0.5449398906442677
resnet50_no_weights,IMAGENET100,fp32_fused,layer1.0.conv3,1.7218472957611084,2.4900014977902174e-05,0.02690386399626732,9.726568350743037e-08,2.6168227205878878e-09,,42,3,
resnet50_no_weights,IMAGENET100,fp32_fused,layer1.0.conv3,1.8109853267669678,4.3742522393586114e-05,0.02829664573073387,1.7086922809994576e-07,4.835026013828122e-09,,43,3,
resnet50_no_weights,IMAGENET100,fp32_fused,layer1.0.conv3,1.6089916229248047,2.0715626305900514e-05,0.025140494108200073,8.092041525742388e-08,2.0343792230123685e-09,,44,3,
resnet50_no_weights,IMAGENET100,fp32_fused,layer1.0.conv3,1.7139414151509602,2.97860545591296e-05,0.026780334611733753,1.163517756216e-07,3.115939483815814e-09,0.005214656715481269,aggregate,3,0.10122865853667778
resnet50_no_weights,IMAGENET100,fp32_fused,layer1.0.downsample.0,8.543346405029297,7.386250217678025e-06,0.13348978757858276,2.8852539912804787e-08,3.851519424062892e-09,,42,3,
resnet50_no_weights,IMAGENET100,fp32_fused,layer1.0.downsample.0,7.924509048461914,1.4630977602791972e-05,0.12382045388221741,5.715225626090614e-08,7.0766183106182e-09,,43,3,
resnet50_no_weights,IMAGENET100,fp32_fused,layer1.0.downsample.0,9.102109909057617,7.403090876323404e-06,0.14222046732902527,2.8918323735638296e-08,4.112777516054522e-09,,44,3,
resnet50_no_weights,IMAGENET100,fp32_fused,layer1.0.downsample.0,8.523321787516275,9.806772898931134e-06,0.1331769029299418,3.8307706636449744e-08,5.101701728191155e-09,0.006237614999473509,aggregate,3,0.5890557577164001
resnet50_no_weights,IMAGENET100,fp32_fused,layer1.1.conv1,6.4579901695251465,4.0202982631853956e-07,0.025226524099707603,6.281716036227181e-09,1.584658609754047e-10,,42,3,
resnet50_no_weights,IMAGENET100,fp32_fused,layer1.1.conv1,6.277643203735352,9.836763865678222e-07,0.024522043764591217,1.5369943540122222e-08,3.769024281501732e-10,,43,3,
resnet50_no_weights,IMAGENET100,fp32_fused,layer1.1.conv1,6.208368301391602,4.105402808818326e-07,0.024251438677310944,6.414691888778634e-09,1.5556550697455896e-10,,44,3,
resnet50_no_weights,IMAGENET100,fp32_fused,layer1.1.conv1,6.314667224884033,5.987488312560648e-07,0.024666668847203255,9.355450488376013e-09,2.3076779911317707e-10,0.0006792559695863097,aggregate,3,0.12886369880278054
resnet50_no_weights,IMAGENET100,fp32_fused,layer1.1.conv2,1.6588289737701416,5.716387931897771e-07,0.002879911412795385,9.924284603989184e-10,2.8581060494857978e-12,,42,3,
resnet50_no_weights,IMAGENET100,fp32_fused,layer1.1.conv2,1.6403048038482666,1.4525613778459956e-06,0.0028477513955699075,2.521807947649298e-09,7.181482102277573e-12,,43,3,
resnet50_no_weights,IMAGENET100,fp32_fused,layer1.1.conv2,1.696152925491333,5.889855287932733e-07,0.0029447099400891196,1.022544320821655e-09,3.011096425705205e-12,,44,3,
resnet50_no_weights,IMAGENET100,fp32_fused,layer1.1.conv2,1.665095567703247,8.710618999430153e-07,0.0028907909161514705,1.5122602429566239e-09,4.371628173196024e-12,8.117598132458991e-05,aggregate,3,0.028446543241780912
resnet50_no_weights,IMAGENET100,fp32_fused,layer1.1.conv3,0.13389086723327637,2.309527189936489e-05,0.0020920448005199432,9.02159058568941e-08,1.88735716772112e-10,,42,3,
resnet50_no_weights,IMAGENET100,fp32_fused,layer1.1.conv3,0.13894304633140564,5.193503602640703e-05,0.002170985098928213,2.0287123447815247e-07,4.4043042705324057e-10,,43,3,
resnet50_no_weights,IMAGENET100,fp32_fused,layer1.1.conv3,0.1398339718580246,2.2599740987061523e-05,0.0021849058102816343,8.828023823070907e-08,1.9288400544332312e-10,,44,3,
resnet50_no_weights,IMAGENET100,fp32_fused,layer1.1.conv3,0.13755596180756888,3.254334963761115e-05,0.0021493119032432637,1.2712245952191856e-07,2.7322581542001953e-10,0.0003563014314617886,aggregate,3,0.0032051717196394584
resnet50_no_weights,IMAGENET100,fp32_fused,layer1.2.conv1,6.709447383880615,4.353288147740386e-07,0.026208778843283653,6.8020127308443534e-09,1.7827244735189956e-10,,42,3,
resnet50_no_weights,IMAGENET100,fp32_fused,layer1.2.conv1,6.498416900634766,9.588374041413772e-07,0.025384441018104553,1.498183443970902e-08,3.8030549267780106e-10,,43,3,
resnet50_no_weights,IMAGENET100,fp32_fused,layer1.2.conv1,6.492230415344238,5.069674102742283e-07,0.02536027505993843,7.921365785534817e-09,2.0088801517154823e-10,,44,3,
resnet50_no_weights,IMAGENET100,fp32_fused,layer1.2.conv1,6.56669823328654,6.337112097298814e-07,0.025651164973775547,9.901737652029396e-09,2.53991106039251e-10,0.00013704823035614165,aggregate,3,0.12366308320012087
resnet50_no_weights,IMAGENET100,fp32_fused,layer1.2.conv2,0.7012282013893127,6.995184094193974e-07,0.0012174100718564456,1.214441683019787e-09,1.4784735365905816e-12,,42,3,
resnet50_no_weights,IMAGENET100,fp32_fused,layer1.2.conv2,0.7050270438194275,1.4477619743047399e-06,0.0012240052844087284,2.513475649834618e-09,3.0765074776302348e-12,,43,3,
resnet50_no_weights,IMAGENET100,fp32_fused,layer1.2.conv2,0.7844903469085693,7.735753229098918e-07,0.0013619624078273773,1.343012713385229e-09,1.829132828864926e-12,,44,3,
resnet50_no_weights,IMAGENET100,fp32_fused,layer1.2.conv2,0.7302485307057699,9.736185688780097e-07,0.0012677925880308504,1.6903100154132113e-09,2.1429625090151816e-12,1.944910550882025e-05,aggregate,3,0.047013176553876046
resnet50_no_weights,IMAGENET100,fp32_fused,layer1.2.conv3,0.02774256095290184,5.1721330237342045e-05,0.00043347751488909125,2.0203644623961736e-07,8.757825663297282e-11,,42,3,
resnet50_no_weights,IMAGENET100,fp32_fused,layer1.2.conv3,0.027468621730804443,0.00011202508903807029,0.00042919721454381943,4.375980040549621e-07,1.8781584443032472e-10,,43,3,
resnet50_no_weights,IMAGENET100,fp32_fused,layer1.2.conv3,0.03677138313651085,5.443991540232673e-05,0.000574552861507982,2.126559195403388e-07,1.2218206708851285e-10,,44,3,
resnet50_no_weights,IMAGENET100,fp32_fused,layer1.2.conv3,0.030660855273405712,7.272877822591302e-05,0.00047907586364696425,2.8409678994497273e-07,1.36103915002218e-10,0.0001412013512735237,aggregate,3,0.00529364465644314
resnet50_no_weights,IMAGENET100,fp32_fused,layer2.0.conv1,6.803307056427002,1.492049250373384e-06,0.026575418189167976,1.1656634768542062e-08,3.0977994365240057e-10,,42,3,
resnet50_no_weights,IMAGENET100,fp32_fused,layer2.0.conv1,6.5945820808410645,2.654635636645253e-06,0.025760086253285408,2.0739340911291038e-08,5.342472107111479e-10,,43,3,
resnet50_no_weights,IMAGENET100,fp32_fused,layer2.0.conv1,6.6066789627075195,1.2860309652751312e-06,0.025807339698076248,1.0047116916211962e-08,2.592893592429704e-10,,44,3,
resnet50_no_weights,IMAGENET100,fp32_fused,layer2.0.conv1,6.668189366658528,1.8109052840979227e-06,0.026047614713509876,1.4147697532015021e-08,3.685137743972018e-10,0.0005167163270470004,aggregate,3,0.11717156738731367
resnet50_no_weights,IMAGENET100,fp32_fused,layer2.0.conv2,5.5148515701293945,6.579318778676679e-06,0.004787197543515099,5.7112142176012845e-09,2.734071067298938e-11,,42,3,
resnet50_no_weights,IMAGENET100,fp32_fused,layer2.0.conv2,5.513697624206543,1.2418891856214032e-05,0.004786195854345958,1.0780288069630236e-08,5.1596570067519424e-11,,43,3,
resnet50_no_weights,IMAGENET100,fp32_fused,layer2.0.conv2,5.2962870597839355,5.660027909470955e-06,0.004597471406062444,4.913218671415759e-09,2.258838235356606e-11,,44,3,
resnet50_no_weights,IMAGENET100,fp32_fused,layer2.0.conv2,5.441612084706624,8.219412848120555e-06,0.004723621601307833,7.13490698621576e-09,3.370260076341093e-11,0.00016015419551694175,aggregate,3,0.1258564859249745
resnet50_no_weights,IMAGENET100,fp32_fused,layer2.0.conv3,0.6393378973007202,8.25040478957817e-05,0.004994827322661877,1.6114071854644862e-07,8.04870063789169e-10,,42,3,
resnet50_no_weights,IMAGENET100,fp32_fused,layer2.0.conv3,0.7082927823066711,0.0001674153027124703,0.005533537361770868,3.2698301311029354e-07,1.809372719710223e-09,,43,3,
resnet50_no_weights,IMAGENET100,fp32_fused,layer2.0.conv3,0.6381474733352661,6.952623516554013e-05,0.0049855271354317665,1.3579342805769556e-07,6.770018203949426e-10,,44,3,
resnet50_no_weights,IMAGENET100,fp32_fused,layer2.0.conv3,0.6619260509808859,0.00010648186192459737,0.005171297273288171,2.0797238657147923e-07,1.075487035596324e-09,0.0005259336447962264,aggregate,3,0.04015917837409716
resnet50_no_weights,IMAGENET100,fp32_fused,layer2.0.downsample.0,6.784028053283691,2.8765576644218527e-05,0.02650010958313942,5.618276688323931e-08,1.488849479089818e-09,,42,3,
resnet50_no_weights,IMAGENET100,fp32_fused,layer2.0.downsample.0,6.583390712738037,5.7440185628365725e-05,0.025716369971632957,1.1218786255540181e-07,2.8850645798014205e-09,,43,3,
resnet50_no_weights,IMAGENET100,fp32_fused,layer2.0.downsample.0,6.591132164001465,2.519865483918693e-05,0.025746610015630722,4.921612273278697e-08,1.2671483184824839e-09,,44,3,
resnet50_no_weights,IMAGENET100,fp32_fused,layer2.0.downsample.0,6.652850310007731,3.7134805703923725e-05,0.0259876965234677,7.252891739047603e-08,1.88485949431935e-09,0.0004883211802936987,aggregate,3,0.11366918124604539
resnet50_no_weights,IMAGENET100,fp32_fused,layer2.1.conv1,8.649550437927246,1.957527274498716e-05,0.016893653199076653,1.529318183202122e-07,2.583577101805862e-09,,42,3,
resnet50_no_weights,IMAGENET100,fp32_fused,layer2.1.conv1,8.377280235290527,4.013346915598959e-05,0.01636187545955181,3.1354272778116865e-07,5.130147063203637e-09,,43,3,
resnet50_no_weights,IMAGENET100,fp32_fused,layer2.1.conv1,8.36819076538086,2.0982139176339842e-05,0.01634412258863449,1.6392296231515502e-07,2.6791769911710056e-09,,44,3,
resnet50_no_weights,IMAGENET100,fp32_fused,layer2.1.conv1,8.465007146199545,2.689696035910553e-05,0.016533217082420986,2.1013250280551196e-07,3.474166284955966e-09,0.00040714104802140757,aggregate,3,0.15988378437815837
resnet50_no_weights,IMAGENET100,fp32_fused,layer2.1.conv2,6.337751865386963,1.567290564707946e-05,0.005501520716481739,1.3604952818645366e-08,7.48479297785341e-11,,42,3,
resnet50_no_weights,IMAGENET100,fp32_fused,layer2.1.conv2,5.872501373291016,3.187569382134825e-05,0.0050976574420928955,2.7669873108809245e-08,1.4105153457488754e-10,,43,3,
resnet50_no_weights,IMAGENET100,fp32_fused,layer2.1.conv2,5.687384128570557,1.515470830781851e-05,0.0049369653893841636,1.315512873942579e-08,6.494641527943805e-11,,44,3,
resnet50_no_weights,IMAGENET100,fp32_fused,layer2.1.conv2,5.965879122416179,2.0901102592082072e-05,0.005178714515986266,1.814331822229347e-08,9.395906544594932e-11,0.00010408706038884985,aggregate,3,0.33508819927995814
resnet50_no_weights,IMAGENET100,fp32_fused,layer2.1.conv3,0.6287627816200256,0.00011019532394129783,0.00491220923140645,2.1522524207284732e-07,1.0572314209419286e-09,,42,3,
resnet50_no_weights,IMAGENET100,fp32_fused,layer2.1.conv3,0.6246386766433716,0.00022867326333653182,0.0048799896612763405,4.466274674541637e-07,2.179537423618354e-09,,43,3,
resnet50_no_weights,IMAGENET100,fp32_fused,layer2.1.conv3,0.6428226828575134,9.435375250177458e-05,0.005022052209824324,1.8428467285502848e-07,9.254872485483483e-10,,44,3,
resnet50_no_weights,IMAGENET100,fp32_fused,layer2.1.conv3,0.6320747137069702,0.0001444074465932014,0.004938083700835705,2.820457941273465e-07,1.3927657388695125e-09,0.00034002956588799997,aggregate,3,0.009533687172882648
resnet50_no_weights,IMAGENET100,fp32_fused,layer2.2.conv1,9.046905517578125,4.870750217378372e-06,0.017669737339019775,3.8052736073268534e-08,6.723818514456978e-10,,42,3,
resnet50_no_weights,IMAGENET100,fp32_fused,layer2.2.conv1,8.917474746704102,8.010096280486323e-06,0.01741694286465645,6.25788771912994e-08,1.0899327285752142e-09,,43,3,
resnet50_no_weights,IMAGENET100,fp32_fused,layer2.2.conv1,8.973796844482422,4.373209776531439e-06,0.01752694696187973,3.416570137915187e-08,5.98820435987816e-10,,44,3,
resnet50_no_weights,IMAGENET100,fp32_fused,layer2.2.conv1,8.979392369588217,5.751352091465378e-06,0.017537875721851986,4.493243821457327e-08,7.880195172869789e-10,9.520023508634444e-05,aggregate,3,0.06489656029535132
resnet50_no_weights,IMAGENET100,fp32_fused,layer2.2.conv2,2.978694438934326,1.1424548574723303e-05,0.0025856722560193804,9.917142860002867e-09,2.5642481152090105e-11,,42,3,
resnet50_no_weights,IMAGENET100,fp32_fused,layer2.2.conv2,3.085212469100952,2.221224713139236e-05,0.0026781358238723543,1.928146452377809e-08,5.163838087785401e-11,,43,3,
resnet50_no_weights,IMAGENET100,fp32_fused,layer2.2.conv2,3.0475552082061768,1.0286489668942522e-05,0.0026454472293456397,8.929244504290384e-09,2.3621845134024776e-11,,44,3,
resnet50_no_weights,IMAGENET100,fp32_fused,layer2.2.conv2,3.037154038747152,1.4641095125019396e-05,0.002636418436412458,1.2709283962690448e-08,3.350699055283828e-11,5.278703162427215e-05,aggregate,3,0.05401537681282134
resnet50_no_weights,IMAGENET100,fp32_fused,layer2.2.conv3,0.25157180428504944,0.00015414947120007128,0.0019654047209769487,3.010731859376392e-07,5.917306610014068e-10,,42,3,
resnet50_no_weights,IMAGENET100,fp32_fused,layer2.2.conv3,0.2367781549692154,0.00031878866138868034,0.0018498293356969953,6.226341042747663e-07,1.1517668314928846e-09,,43,3,
resnet50_no_weights,IMAGENET100,fp32_fused,layer2.2.conv3,0.27571144700050354,0.00012799752585124224,0.002153995679691434,2.499951676782075e-07,5.384885111225946e-10,,44,3,
resnet50_no_weights,IMAGENET100,fp32_fused,layer2.2.conv3,0.2546871354182561,0.00020031188614666462,0.001989743245455126,3.9123415263020433e-07,7.784555125873088e-10,0.00028693406892541266,aggregate,3,0.019652716686263415
resnet50_no_weights,IMAGENET100,fp32_fused,layer2.3.conv1,9.7965669631958,6.688386292807991e-06,0.0191339198499918,5.225301791256243e-08,9.998050566591552e-10,,42,3,
resnet50_no_weights,IMAGENET100,fp32_fused,layer2.3.conv1,9.707587242126465,1.2618054824997671e-05,0.01896013133227825,9.85785533202943e-08,1.8690623174987743e-09,,43,3,
resnet50_no_weights,IMAGENET100,fp32_fused,layer2.3.conv1,9.672914505004883,5.2069640332774725e-06,0.018892411142587662,4.0679406509980254e-08,7.68532072823004e-10,,44,3,
resnet50_no_weights,IMAGENET100,fp32_fused,layer2.3.conv1,9.725689570109049,8.171135050361045e-06,0.018995487441619236,6.383699258094566e-08,1.2126147908820937e-09,0.000458203975529104,aggregate,3,0.06378286065202766
resnet50_no_weights,IMAGENET100,fp32_fused,layer2.3.conv2,5.5474934577941895,7.826484761608299e-06,0.004815532515446345,6.793823577784981e-09,3.27158783430296e-11,,42,3,
resnet50_no_weights,IMAGENET100,fp32_fused,layer2.3.conv2,5.688956260681152,1.5108376828720793e-05,0.004938330087396834,1.311491044159791e-08,6.476575682725786e-11,,43,3,
resnet50_no_weights,IMAGENET100,fp32_fused,layer2.3.conv2,5.559629917144775,5.973526640445925e-06,0.004826067636410396,5.185352986498199e-09,2.502486423150295e-11,,44,3,
resnet50_no_weights,IMAGENET100,fp32_fused,layer2.3.conv2,5.598693211873372,9.63612941025834e-06,0.004859976746417858,8.364695668627031e-09,4.065222644038955e-11,0.00012117588762595538,aggregate,3,0.07840527339693967
resnet50_no_weights,IMAGENET100,fp32_fused,layer2.3.conv3,0.6281349062919617,8.364493260160089e-05,0.0049073039554059505,1.6336900898750173e-07,8.017013839951175e-10,,42,3,
resnet50_no_weights,IMAGENET100,fp32_fused,layer2.3.conv3,0.6755375266075134,0.00017413597379345447,0.005277636926621199,3.4010932381534076e-07,1.794973526456009e-09,,43,3,
resnet50_no_weights,IMAGENET100,fp32_fused,layer2.3.conv3,0.6389679908752441,6.44102183287032e-05,0.004991937428712845,1.2580120767324843e-07,6.279917571613664e-10,,44,3,
resnet50_no_weights,IMAGENET100,fp32_fused,layer2.3.conv3,0.6475468079249064,0.00010739704157458618,0.005058959436913331,2.0975984682536364e-07,1.0611665565826683e-09,0.0004430659798446059,aggregate,3,0.024838461701034792
resnet50_no_weights,IMAGENET100,fp32_fused,layer3.0.conv1,10.831850051879883,9.905846127367113e-06,0.021155957132577896,3.8694711435027784e-08,8.186236563769195e-10,,42,3,
resnet50_no_weights,IMAGENET100,fp32_fused,layer3.0.conv1,10.77197265625,1.938518471433781e-05,0.02103900909423828,7.572337779038207e-08,1.5931448339782895e-09,,43,3,
resnet50_no_weights,IMAGENET100,fp32_fused,layer3.0.conv1,10.668604850769043,7.508522230637027e-06,0.020837118849158287,2.9330164963425887e-08,6.111561332083235e-10,,44,3,
resnet50_no_weights,IMAGENET100,fp32_fused,layer3.0.conv1,10.757475852966309,1.226651769078065e-05,0.02101069502532482,4.791608472961192e-08,1.0067502430614998e-09,0.0007185022554713887,aggregate,3,0.08258248543434722
resnet50_no_weights,IMAGENET100,fp32_fused,layer3.0.conv2,8.497079849243164,6.688387657050043e-05,0.0036879686845673453,2.902946031705748e-08,1.0705974057919843e-10,,42,3,
resnet50_no_weights,IMAGENET100,fp32_fused,layer3.0.conv2,8.051037788391113,0.00012503651669248939,0.0034943740401003095,5.4269321481115185e-08,1.89637308157467e-10,,43,3,
resnet50_no_weights,IMAGENET100,fp32_fused,layer3.0.conv2,8.538097381591797,4.6510500396834686e-05,0.003705771432982551,2.018684913057061e-08,7.480784882999721e-11,,44,3,
resnet50_no_weights,IMAGENET100,fp32_fused,layer3.0.conv2,8.362071673075357,7.947696455327484e-05,0.0036293713858834018,3.449521030958109e-08,1.2519592924762374e-10,0.00012960116597062068,aggregate,3,0.27014286508498025
resnet50_no_weights,IMAGENET100,fp32_fused,layer3.0.conv3,2.0013434886932373,0.0005485958536155522,0.007817748002707958,5.357381382964377e-07,4.188265760641456e-09,,42,3,
resnet50_no_weights,IMAGENET100,fp32_fused,layer3.0.conv3,1.8538556098937988,0.0010084394598379731,0.007241623476147652,9.848041599980206e-07,7.131580924449534e-09,,43,3,
resnet50_no_weights,IMAGENET100,fp32_fused,layer3.0.conv3,2.0186288356781006,0.0003647671837825328,0.00788526888936758,3.562179529126297e-07,2.8088743419361646e-09,,44,3,
resnet50_no_weights,IMAGENET100,fp32_fused,layer3.0.conv3,1.9579426447550456,0.0006406008324120194,0.007648213456074397,6.255867504023627e-07,4.784621002369205e-09,0.0007455971008369936,aggregate,3,0.09055539147257648
resnet50_no_weights,IMAGENET100,fp32_fused,layer3.0.downsample.0,10.730256080627441,7.696714601479471e-05,0.02095753140747547,7.516322853007296e-08,1.5752357226062604e-09,,42,3,
resnet50_no_weights,IMAGENET100,fp32_fused,layer3.0.downsample.0,10.70870304107666,0.00015292131865862757,0.020915435627102852,1.4933722525256599e-07,3.1234531215002023e-09,,43,3,
resnet50_no_weights,IMAGENET100,fp32_fused,layer3.0.downsample.0,10.570460319519043,5.46750525245443e-05,0.02064543031156063,5.339360598100029e-08,1.1023339713636684e-09,,44,3,
resnet50_no_weights,IMAGENET100,fp32_fused,layer3.0.downsample.0,10.669806480407715,9.485450573265553e-05,0.020839465782046318,9.263135325454641e-08,1.9303879164927648e-09,0.0003110431829035016,aggregate,3,0.08670858170306901
resnet50_no_weights,IMAGENET100,fp32_fused,layer3.1.conv1,10.474989891052246,5.935897206654772e-05,0.010229482315480709,2.3187098463495204e-07,2.371920136796341e-09,,42,3,
resnet50_no_weights,IMAGENET100,fp32_fused,layer3.1.conv1,10.374112129211426,7.812870171619579e-05,0.010130968876183033,3.051902410788898e-07,3.0918728336850292e-09,,43,3,
resnet50_no_weights,IMAGENET100,fp32_fused,layer3.1.conv1,10.217785835266113,4.336612983024679e-05,0.009978306479752064,1.6939894464940153e-07,1.6903145870582845e-09,,44,3,
resnet50_no_weights,IMAGENET100,fp32_fused,layer3.1.conv1,10.355629285176596,6.02846012043301e-05,0.01011291922380527,2.3548672345441446e-07,2.381458212573063e-09,0.00011259767578726323,aggregate,3,0.12959434100654604
resnet50_no_weights,IMAGENET100,fp32_fused,layer3.1.conv2,6.852157115936279,2.613687320263125e-05,0.00297402652601401,1.1344128994197591e-08,3.373774054326827e-11,,42,3,
resnet50_no_weights,IMAGENET100,fp32_fused,layer3.1.conv2,6.803409099578857,3.8459689676528797e-05,0.0029528685328033236,1.6692573644326735e-08,4.9290975445834517e-11,,43,3,
resnet50_no_weights,IMAGENET100,fp32_fused,layer3.1.conv2,6.665097236633301,1.8677297703106888e-05,0.002892837342288759,8.106466016973476e-09,2.3450687607895694e-11,,44,3,
resnet50_no_weights,IMAGENET100,fp32_fused,layer3.1.conv2,6.7735544840494795,2.7757953527422313e-05,0.0029399108003686975,1.2047722885165934e-08,3.5419230629948456e-11,5.6304167550097415e-05,aggregate,3,0.09703774091824514
resnet50_no_weights,IMAGENET100,fp32_fused,layer3.1.conv3,0.7132172584533691,0.0003604494850151241,0.002786004915833473,3.520014502100821e-07,9.806777706658003e-10,,42,3,
resnet50_no_weights,IMAGENET100,fp32_fused,layer3.1.conv3,0.7575041055679321,0.0006166964303702116,0.002959000412374735,6.022426077834098e-07,1.7820361247807452e-09,,43,3,
resnet50_no_weights,IMAGENET100,fp32_fused,layer3.1.conv3,0.7659907937049866,0.00023294515267480165,0.002992151537910104,2.2748550065898598e-07,6.806710906490348e-10,,44,3,
resnet50_no_weights,IMAGENET100,fp32_fused,layer3.1.conv3,0.745570719242096,0.00040336368935337913,0.0029123856220394373,3.939098528841593e-07,1.1472173919194956e-09,0.00020496302441635138,aggregate,3,0.028338415404529367
resnet50_no_weights,IMAGENET100,fp32_fused,layer3.2.conv1,10.427587509155273,2.9969585739308968e-05,0.010183190926909447,1.1706869429417566e-07,1.1921328655615853e-09,,42,3,
resnet50_no_weights,IMAGENET100,fp32_fused,layer3.2.conv1,10.473126411437988,8.2122023741249e-05,0.01022766251116991,3.207891552392539e-07,3.2809232170303816e-09,,43,3,
resnet50_no_weights,IMAGENET100,fp32_fused,layer3.2.conv1,10.269007682800293,2.5399402147741057e-05,0.010028327815234661,9.92164146396135e-08,9.949747306582915e-10,,44,3,
resnet50_no_weights,IMAGENET100,fp32_fused,layer3.2.conv1,10.389907201131185,4.5830337209433004e-05,0.010146393751104673,1.7902475472434767e-07,1.816455652628168e-09,0.00011400895683537884,aggregate,3,0.10714927930116898
resnet50_no_weights,IMAGENET100,fp32_fused,layer3.2.conv2,6.509172439575195,2.6701727620093152e-05,0.0028251616491211783,1.1589291501776541e-08,3.274162189130507e-11,,42,3,
resnet50_no_weights,IMAGENET100,fp32_fused,layer3.2.conv2,6.534794807434082,6.016436964273453e-05,0.002836282468504376,2.611300765743686e-08,7.406386581870868e-11,,43,3,
resnet50_no_weights,IMAGENET100,fp32_fused,layer3.2.conv2,6.40373420715332,1.895777677418664e-05,0.0027793985274102953,8.228201724907397e-09,2.286945175744247e-11,,44,3,
resnet50_no_weights,IMAGENET100,fp32_fused,layer3.2.conv2,6.482567151387532,3.5274624679004773e-05,0.00281361421501195,1.53101669613736e-08,4.307690339672707e-11,3.4890948244170975e-05,aggregate,3,0.06946294880114032
resnet50_no_weights,IMAGENET100,fp32_fused,layer3.2.conv3,0.6622788906097412,0.0004966765991412103,0.0025870269164443016,4.850357413488382e-07,1.2548005183069607e-09,,42,3,
resnet50_no_weights,IMAGENET100,fp32_fused,layer3.2.conv3,0.6532445549964905,0.0010176339419558644,0.002551736542955041,9.937831464412739e-07,2.5358727705470393e-09,,43,3,
resnet50_no_weights,IMAGENET100,fp32_fused,layer3.2.conv3,0.7287635803222656,0.0003222258819732815,0.00284673273563385,3.146737128645327e-07,8.957919594549119e-10,,44,3,
resnet50_no_weights,IMAGENET100,fp32_fused,layer3.2.conv3,0.6814290086428324,0.0006121788076901188,0.002661832065011064,5.978308668848816e-07,1.5913253709275391e-09,0.00020460704007067731,aggregate,3,0.04124107251333022
resnet50_no_weights,IMAGENET100,fp32_fused,layer3.3.conv1,9.466033935546875,2.723799116211012e-05,0.009244173765182495,1.0639840297699266e-07,9.835653254572306e-10,,42,3,
resnet50_no_weights,IMAGENET100,fp32_fused,layer3.3.conv1,9.594298362731934,4.588297815644182e-05,0.009369431994855404,1.7923038342360087e-07,1.6792868888992876e-09,,43,3,
resnet50_no_weights,IMAGENET100,fp32_fused,layer3.3.conv1,9.48879623413086,1.9734421584871598e-05,0.009266402572393417,7.708758431590468e-08,7.143245896044936e-10,,44,3,
resnet50_no_weights,IMAGENET100,fp32_fused,layer3.3.conv1,9.516376177469889,3.0951796967807845e-05,0.009293336110810438,1.209054569054994e-07,1.1236150486539128e-09,9.06408481410287e-05,aggregate,3,0.06843559582714157
resnet50_no_weights,IMAGENET100,fp32_fused,layer3.3.conv2,7.3220744132995605,3.6539433494908735e-05,0.0031779836863279343,1.585912912105414e-08,5.040005362607832e-11,,42,3,
resnet50_no_weights,IMAGENET100,fp32_fused,layer3.3.conv2,7.510356903076172,6.139673496363685e-05,0.003259703516960144,2.6647888439078493e-08,8.686421566442573e-11,,43,3,
resnet50_no_weights,IMAGENET100,fp32_fused,layer3.3.conv2,7.266627311706543,2.5438148441025987e-05,0.0031539181040392984,1.1040863038639751e-08,3.482197782178425e-11,,44,3,
resnet50_no_weights,IMAGENET100,fp32_fused,layer3.3.conv2,7.366352876027425,4.112477229985719e-05,0.0031972017691091256,1.7849293532924127e-08,5.706779286081309e-11,5.595157705146796e-05,aggregate,3,0.127755489602047
resnet50_no_weights,IMAGENET100,fp32_fused,layer3.3.conv3,0.8401466012001038,0.00069908716250211,0.0032818226609379053,6.827023071309668e-07,2.2405079022169966e-09,,42,3,
resnet50_no_weights,IMAGENET100,fp32_fused,layer3.3.conv3,0.8230195045471191,0.001213724142871797,0.003214919939637184,1.1852774832732393e-06,3.810572214978116e-09,,43,3,
resnet50_no_weights,IMAGENET100,fp32_fused,layer3.3.conv3,0.8462749719619751,0.00044949250877834857,0.0033057616092264652,4.38957528103856e-07,1.4510889444866744e-09,,44,3,
resnet50_no_weights,IMAGENET100,fp32_fused,layer3.3.conv3,0.8364803592363993,0.0007874346047174186,0.0032675014032671847,7.689791061693541e-07,2.5126403084915097e-09,0.0003228273413376437,aggregate,3,0.012053430581090898
resnet50_no_weights,IMAGENET100,fp32_fused,layer3.4.conv1,9.178094863891602,2.501707240298856e-05,0.008962983265519142,9.772293907417406e-08,8.758890675791688e-10,,42,3,
resnet50_no_weights,IMAGENET100,fp32_fused,layer3.4.conv1,9.153592109680176,5.074639557278715e-05,0.008939054794609547,1.982281077061998e-07,1.771971916617483e-09,,43,3,
resnet50_no_weights,IMAGENET100,fp32_fused,layer3.4.conv1,9.066841125488281,1.6184754713322036e-05,0.00885433703660965,6.32216980989142e-08,5.597862229945699e-10,,44,3,
resnet50_no_weights,IMAGENET100,fp32_fused,layer3.4.conv1,9.132842699686686,3.064940756303258e-05,0.008918791698912779,1.1972424829309603e-07,1.0677956318350373e-09,0.0001290760597637725,aggregate,3,0.058457267199955996
resnet50_no_weights,IMAGENET100,fp32_fused,layer3.4.conv2,5.798231601715088,3.107490192633122e-05,0.002516593577133285,1.3487370627747927e-08,3.3942230294206556e-11,,42,3,
resnet50_no_weights,IMAGENET100,fp32_fused,layer3.4.conv2,5.827688217163086,5.79682455281727e-05,0.0025293785664770338,2.51598287882694e-08,6.363873167328046e-11,,43,3,
resnet50_no_weights,IMAGENET100,fp32_fused,layer3.4.conv2,5.803320407867432,2.0835946997976862e-05,0.0025188022603591285,9.043379773427457e-09,2.27784854145951e-11,,44,3,
resnet50_no_weights,IMAGENET100,fp32_fused,layer3.4.conv2,5.809746742248535,3.6626364817493595e-05,0.002521591467989816,1.5896859729814928e-08,4.008538586253221e-11,3.8463354244020505e-05,aggregate,3,0.015744725421426825
resnet50_no_weights,IMAGENET100,fp32_fused,layer3.4.conv3,0.6219056844711304,0.0008736388408578932,0.002429319079965353,8.531629305252864e-07,2.072604985444233e-09,,42,3,
resnet50_no_weights,IMAGENET100,fp32_fused,layer3.4.conv3,0.6512962579727173,0.0015578774036839604,0.002544126007705927,1.5213646520351176e-06,3.8705433784470204e-09,,43,3,
resnet50_no_weights,IMAGENET100,fp32_fused,layer3.4.conv3,0.6603413224220276,0.000561121734790504,0.0025794582907110453,5.479704441313515e-07,1.4134669051792284e-09,,44,3,
resnet50_no_weights,IMAGENET100,fp32_fused,layer3.4.conv3,0.6445144216219584,0.000997545993110786,0.002517634459460775,9.74166008897252e-07,2.4525939132350934e-09,0.0002819374332916812,aggregate,3,0.020095261739760156
resnet50_no_weights,IMAGENET100,fp32_fused,layer3.5.conv1,8.67367935180664,2.6303516278858297e-05,0.008470389991998672,1.0274811046429022e-07,8.70316566573498e-10,,42,3,
resnet50_no_weights,IMAGENET100,fp32_fused,layer3.5.conv1,8.573577880859375,3.982366979471408e-05,0.008372634649276733,1.5556121013560187e-07,1.3024571780647592e-09,,43,3,
resnet50_no_weights,IMAGENET100,fp32_fused,layer3.5.conv1,8.492916107177734,1.5750574675621465e-05,0.008293863385915756,6.152568232664635e-08,5.102856039424563e-10,,44,3,
resnet50_no_weights,IMAGENET100,fp32_fused,layer3.5.conv1,8.580057779947916,2.7292586916397948e-05,0.008378962675730387,1.0661166764217948e-07,8.932951839711949e-10,0.0001262537575207211,aggregate,3,0.09055567056424856
resnet50_no_weights,IMAGENET100,fp32_fused,layer3.5.conv2,6.697693824768066,3.278925578342751e-05,0.0029069851670000288,1.4231447822668189e-08,4.137060772543128e-11,,42,3,
resnet50_no_weights,IMAGENET100,fp32_fused,layer3.5.conv2,6.617065906524658,4.7619712859159335e-05,0.002871990410817994,2.0668278150676795e-08,5.935909665686282e-11,,43,3,
resnet50_no_weights,IMAGENET100,fp32_fused,layer3.5.conv2,6.589788913726807,2.0654786567320116e-05,0.002860151438249482,8.964751114288244e-09,2.564054579308017e-11,,44,3,
resnet50_no_weights,IMAGENET100,fp32_fused,layer3.5.conv2,6.634849548339844,3.368791840330232e-05,0.002879709005355835,1.4621492362544409e-08,4.2105643228160694e-11,4.7862917007537596e-05,aggregate,3,0.05610758321175185
resnet50_no_weights,IMAGENET100,fp32_fused,layer3.5.conv3,0.9003868699073792,0.0005816760240122676,0.0035171362105757,5.680429921994801e-07,1.997884577028561e-09,,42,3,
resnet50_no_weights,IMAGENET100,fp32_fused,layer3.5.conv3,0.9160899519920349,0.000921891420148313,0.0035784763749688864,9.00284589988587e-07,3.221647136022709e-09,,43,3,
resnet50_no_weights,IMAGENET100,fp32_fused,layer3.5.conv3,0.9374462366104126,0.00037353800144046545,0.003661899361759424,3.6478320453170454e-07,1.3357993838552064e-09,,44,3,
resnet50_no_weights,IMAGENET100,fp32_fused,layer3.5.conv3,0.9179743528366089,0.0006257018152003487,0.0035858373157680035,6.110369289065906e-07,2.191079020985533e-09,0.00036448102596546453,aggregate,3,0.01860140828041655
resnet50_no_weights,IMAGENET100,fp32_fused,layer4.0.conv1,7.874810695648193,5.673116538673639e-05,0.007690244819968939,1.1080305739596952e-07,8.521026381760756e-10,,42,3,
resnet50_no_weights,IMAGENET100,fp32_fused,layer4.0.conv1,7.657364368438721,0.0001049864586093463,0.007477894891053438,2.050516769713795e-07,1.5333548876262187e-09,,43,3,
resnet50_no_weights,IMAGENET100,fp32_fused,layer4.0.conv1,7.661448955535889,3.9412963815266266e-05,0.007481883745640516,7.697844495169193e-08,5.759437760487471e-10,,44,3,
resnet50_no_weights,IMAGENET100,fp32_fused,layer4.0.conv1,7.7312080065409345,6.704352927044965e-05,0.007550007818887631,1.3094439310634698e-07,9.886311917924155e-10,0.00021007659125311804,aggregate,3,0.12438034491858299
resnet50_no_weights,IMAGENET100,fp32_fused,layer4.0.conv2,11.695300102233887,0.00033130301744677126,0.0025380425569083956,7.189735621674724e-08,1.824785498073069e-10,,42,3,
resnet50_no_weights,IMAGENET100,fp32_fused,layer4.0.conv2,10.880711555480957,0.0005436246865428984,0.0023612655285331938,1.1797410732267761e-07,2.7856819288051406e-10,,43,3,
resnet50_no_weights,IMAGENET100,fp32_fused,layer4.0.conv2,11.263533592224121,0.0001956609048647806,0.002444343227479193,4.2461133868224955e-08,1.0378958500188305e-10,,44,3,
resnet50_no_weights,IMAGENET100,fp32_fused,layer4.0.conv2,11.279848416646322,0.0003568628696181501,0.002447883770973594,7.744419913588327e-08,1.895743982207759e-10,5.0511079884197474e-05,aggregate,3,0.4075392683499443
resnet50_no_weights,IMAGENET100,fp32_fused,layer4.0.conv3,2.3705623149871826,0.00564995501190424,0.004630004521459341,2.758767095656367e-06,1.2773104126542234e-08,,42,3,
resnet50_no_weights,IMAGENET100,fp32_fused,layer4.0.conv3,2.266329050064087,0.007718878332525492,0.00442642392590642,3.7689835608034628e-06,1.668311900988842e-08,,43,3,
resnet50_no_weights,IMAGENET100,fp32_fused,layer4.0.conv3,2.366382122039795,0.002750718966126442,0.0046218400821089745,1.3431244951789267e-06,6.207706627080346e-09,,44,3,
resnet50_no_weights,IMAGENET100,fp32_fused,layer4.0.conv3,2.3344244956970215,0.0053731841035187244,0.004559422843158245,2.623625050546252e-06,1.1962215987342788e-08,0.0003980035037481381,aggregate,3,0.05900941272568562
resnet50_no_weights,IMAGENET100,fp32_fused,layer4.0.downsample.0,7.694305896759033,0.0003590000269468874,0.007513970602303743,1.7529298190765985e-07,1.317146312844318e-09,,42,3,
resnet50_no_weights,IMAGENET100,fp32_fused,layer4.0.downsample.0,7.454494953155518,0.00048622183385305107,0.007279780227690935,2.374130048110601e-07,1.7283144982202481e-09,,43,3,
resnet50_no_weights,IMAGENET100,fp32_fused,layer4.0.downsample.0,7.497100830078125,0.0001784973865142092,0.007321387529373169,8.715692700889122e-08,6.381096385013837e-10,,44,3,
resnet50_no_weights,IMAGENET100,fp32_fused,layer4.0.downsample.0,7.548633893330892,0.0003412397491047159,0.007371712786455949,1.6662097124253705e-07,1.2282819442003193e-09,3.914089360297266e-05,aggregate,3,0.12794164538633382
resnet50_no_weights,IMAGENET100,fp32_fused,layer4.1.conv1,6.564637184143066,0.00015373487258329988,0.0032053892500698566,3.0026342301425757e-07,9.624611483190792e-10,,42,3,
resnet50_no_weights,IMAGENET100,fp32_fused,layer4.1.conv1,6.261102676391602,0.00022734356753062457,0.0030571790412068367,4.440304053332511e-07,1.3574804488433917e-09,,43,3,
resnet50_no_weights,IMAGENET100,fp32_fused,layer4.1.conv1,6.5336995124816895,8.492488268529996e-05,0.00319028296507895,1.658689114947265e-07,5.291687627778139e-10,,44,3,
resnet50_no_weights,IMAGENET100,fp32_fused,layer4.1.conv1,6.453146457672119,0.0001553344409330748,0.0031509504187852144,3.033875799474117e-07,9.559592220895297e-10,3.675625748196535e-05,aggregate,3,0.16703261755820703
resnet50_no_weights,IMAGENET100,fp32_fused,layer4.1.conv2,11.072763442993164,0.00023850762227084488,0.0024029434555106694,5.175946663863821e-08,1.243750716200385e-10,,42,3,
resnet50_no_weights,IMAGENET100,fp32_fused,layer4.1.conv2,10.767372131347656,0.0003357937966939062,0.002336669299337599,7.28719176853095e-08,1.7027757283911934e-10,,43,3,
resnet50_no_weights,IMAGENET100,fp32_fused,layer4.1.conv2,11.202339172363281,0.00012929497461300343,0.0024310631884468924,2.8058805254558038e-08,6.821272856615629e-11,,44,3,
resnet50_no_weights,IMAGENET100,fp32_fused,layer4.1.conv2,11.014158248901367,0.00023453213119258484,0.0023902253144317204,5.089672985950191e-08,1.216546521319743e-10,4.0839167018482906e-05,aggregate,3,0.22332713286426928
resnet50_no_weights,IMAGENET100,fp32_fused,layer4.1.conv3,1.0740575790405273,0.007864182814955711,0.00209776870906353,3.8399330151150934e-06,8.055291324008418e-09,,42,3,
resnet50_no_weights,IMAGENET100,fp32_fused,layer4.1.conv3,1.0344144105911255,0.010448219254612923,0.002020340645685792,5.101669557916466e-06,1.0307110368716502e-08,,43,3,
resnet50_no_weights,IMAGENET100,fp32_fused,layer4.1.conv3,1.1505666971206665,0.0038856323808431625,0.0022472005803138018,1.8972814359585755e-06,4.263571943904714e-09,,44,3,
resnet50_no_weights,IMAGENET100,fp32_fused,layer4.1.conv3,1.0863462289174397,0.007399344816803932,0.0021217699783543744,3.612961336330045e-06,7.665872896380191e-09,0.00031477171028705523,aggregate,3,0.05904317575603597
resnet50_no_weights,IMAGENET100,fp32_fused,layer4.2.conv1,3.9142906665802,0.0002767345285974443,0.0019112747395411134,5.404971261668834e-07,1.0330385040373303e-09,,42,3,
resnet50_no_weights,IMAGENET100,fp32_fused,layer4.2.conv1,3.813080310821533,0.00031707814196124673,0.0018618556205183268,6.1929324601806e-07,1.153034610847764e-09,,43,3,
resnet50_no_weights,IMAGENET100,fp32_fused,layer4.2.conv1,3.978119373321533,0.0001286872720811516,0.0019424411002546549,2.5134232828349923e-07,4.882176686915669e-10,,44,3,
resnet50_no_weights,IMAGENET100,fp32_fused,layer4.2.conv1,3.9018301169077554,0.00024083331421328089,0.001905190486771365,4.7037756682281423e-07,8.961588655014877e-10,3.875392466633693e-05,aggregate,3,0.08322212453022526
resnet50_no_weights,IMAGENET100,fp32_fused,layer4.2.conv2,15.775672912597656,7.117545465007424e-05,0.0034235401286019217,1.5446062207047362e-08,5.2880213794708206e-11,,42,3,
resnet50_no_weights,IMAGENET100,fp32_fused,layer4.2.conv2,16.173721313476562,8.045096910791472e-05,0.0035099221600426566,1.7458977670988436e-08,6.127965261909224e-11,,43,3,
resnet50_no_weights,IMAGENET100,fp32_fused,layer4.2.conv2,15.796675682067871,3.4648044675122947e-05,0.00342809802128209,7.51910691734439e-09,2.5776235545156777e-11,,44,3,
resnet50_no_weights,IMAGENET100,fp32_fused,layer4.2.conv2,15.915356636047363,6.209148947770397e-05,0.0034538534366422226,1.3474715598460063e-08,4.653969277751785e-11,2.4261687899339288e-05,aggregate,3,0.2239966718249969
resnet50_no_weights,IMAGENET100,fp32_fused,layer4.2.conv3,1.5206414461135864,0.0003665184776764363,0.0029700028244405985,1.7896410042794741e-07,5.315238837444747e-10,,42,3,
resnet50_no_weights,IMAGENET100,fp32_fused,layer4.2.conv3,1.509439468383789,0.0005511292838491499,0.002948123961687088,2.6910609562946775e-07,7.933581287612908e-10,,43,3,
resnet50_no_weights,IMAGENET100,fp32_fused,layer4.2.conv3,1.519547462463379,0.00021569592354353517,0.002967866137623787,1.0532027516774178e-07,3.1257647827556025e-10,,44,3,
resnet50_no_weights,IMAGENET100,fp32_fused,layer4.2.conv3,1.5165427923202515,0.0003777812283563738,0.002961997641250491,1.8446349040838564e-07,5.463804234864709e-10,7.981595348315035e-05,aggregate,3,0.006175929749152765
resnet50_no_weights,IMAGENET100,ptq,conv1,199.3906707763672,3.2792563615657855e-06,1.356399120927668,1.0456812377441918e-09,1.4183611116467777e-09,,42,3,
resnet50_no_weights,IMAGENET100,ptq,conv1,197.70016479492188,3.2923780963756144e-06,1.3448990802375638,1.0498654644054893e-09,1.4119630974521254e-09,,43,3,
resnet50_no_weights,IMAGENET100,ptq,conv1,178.06353759765625,2.565049271652242e-06,1.2113165822969814,8.179366299911486e-10,9.907802031763887e-10,,44,3,
resnet50_no_weights,IMAGENET100,ptq,conv1,191.71812438964844,3.0455612431978807e-06,1.3042049278207377,9.7116111071361e-10,1.266593106300551e-09,0.6786874461979809,aggregate,3,11.855389405808703
resnet50_no_weights,IMAGENET100,ptq,fc,105.6346664428711,0.0008124347659759223,0.05157942697405815,8.124347659759224e-06,4.190491968284111e-07,,42,3,
resnet50_no_weights,IMAGENET100,ptq,fc,108.23925018310547,0.0009851385839283466,0.05285119637846947,9.851385839283466e-06,5.206575275920437e-07,,43,3,
resnet50_no_weights,IMAGENET100,ptq,fc,119.59184265136719,0.0007607584120705724,0.058394454419612885,7.607584120705724e-06,4.4424072417992117e-07,,44,3,
resnet50_no_weights,IMAGENET100,ptq,fc,111.15525309244792,0.0008527772539916137,0.05427502592404684,8.527772539916138e-06,4.628450756783231e-07,0.00010668863156051548,aggregate,3,7.421455157462218
resnet50_no_weights,IMAGENET100,ptq,layer1.0.conv1,11.55514907836914,1.7992759921980905e-06,0.18054920434951782,2.8113687378095165e-08,5.075903887446164e-09,,42,3,
resnet50_no_weights,IMAGENET100,ptq,layer1.0.conv1,10.941350936889648,1.7321767700195778e-06,0.17095860838890076,2.7065262031555903e-08,4.62703953259575e-09,,43,3,
resnet50_no_weights,IMAGENET100,ptq,layer1.0.conv1,11.815404891967773,1.4546305919793667e-06,0.18461570143699646,2.2728602999677605e-08,4.196056985468503e-09,,44,3,
resnet50_no_weights,IMAGENET100,ptq,layer1.0.conv1,11.437301635742188,1.662027784732345e-06,0.17870783805847168,2.596918413644289e-08,4.640896753166068e-09,0.02102296364574153,aggregate,3,0.4487856881599646
resnet50_no_weights,IMAGENET100,ptq,layer1.0.conv2,10.353525161743164,5.064712695457274e-06,0.01797487007247077,8.792903985168879e-09,1.5805130669312103e-10,,42,3,
resnet50_no_weights,IMAGENET100,ptq,layer1.0.conv2,10.68188190460205,4.92789604322752e-06,0.01854493386215634,8.555375075047778e-09,1.5865886493270186e-10,,43,3,
resnet50_no_weights,IMAGENET100,ptq,layer1.0.conv2,9.723113059997559,3.764919711102266e-06,0.016880404618051317,6.536318942885878e-09,1.1033570846854708e-10,,44,3,
resnet50_no_weights,IMAGENET100,ptq,layer1.0.conv2,10.252840042114258,4.585842816595687e-06,0.017800069517559476,7.961532667700844e-09,1.4171583495139578e-10,0.0025481377429340357,aggregate,3,0.4872499813566683
resnet50_no_weights,IMAGENET100,ptq,layer1.0.conv3,2.1264243125915527,2.0724803107441403e-05,0.03322537988424301,8.095626213844298e-08,2.6898025635581275e-09,,42,3,
resnet50_no_weights,IMAGENET100,ptq,layer1.0.conv3,2.2181191444396973,2.036773548752535e-05,0.03465811163187027,7.95614667481459e-08,2.7574501961525752e-09,,43,3,
resnet50_no_weights,IMAGENET100,ptq,layer1.0.conv3,1.9679560661315918,1.5381139746750705e-05,0.030749313533306122,6.008257713574494e-08,1.8474980022360709e-09,,44,3,
resnet50_no_weights,IMAGENET100,ptq,layer1.0.conv3,2.1041665077209473,1.8824559447239153e-05,0.0328776016831398,7.353343534077794e-08,2.4176029975270126e-09,0.006545350672338172,aggregate,3,0.1265580848677408
resnet50_no_weights,IMAGENET100,ptq,layer1.0.downsample.0,11.55514907836914,6.382153969752835e-06,0.18054920434951782,2.4930288944347012e-08,4.501143833105434e-09,,42,3,
resnet50_no_weights,IMAGENET100,ptq,layer1.0.downsample.0,10.941350936889648,6.1540454225905705e-06,0.17095860838890076,2.4039239931994416e-08,4.109715005500659e-09,,43,3,
resnet50_no_weights,IMAGENET100,ptq,layer1.0.downsample.0,11.815404891967773,4.704405000666156e-06,0.18461570143699646,1.8376582033852173e-08,3.392605582194126e-09,,44,3,
resnet50_no_weights,IMAGENET100,ptq,layer1.0.downsample.0,11.437301635742188,5.746868131003187e-06,0.17870783805847168,2.24487036367312e-08,4.011759294135583e-09,0.006470422292914293,aggregate,3,0.4487856881599646
resnet50_no_weights,IMAGENET100,ptq,layer1.1.conv1,7.566195011138916,5.163011564945919e-07,0.02955544926226139,8.067205570227998e-09,2.3842988491910606e-10,,42,3,
resnet50_no_weights,IMAGENET100,ptq,layer1.1.conv1,7.422935962677002,6.136290835456748e-07,0.02899584360420704,9.587954430401169e-09,2.7801082714817627e-10,,43,3,
resnet50_no_weights,IMAGENET100,ptq,layer1.1.conv1,7.097278118133545,4.7276537884499703e-07,0.02772374264895916,7.386959044453079e-09,2.0479415150681842e-10,,44,3,
resnet50_no_weights,IMAGENET100,ptq,layer1.1.conv1,7.362136363983154,5.342318729617546e-07,0.028758345171809196,8.347373015027415e-09,2.4005663444400404e-10,0.0008686570874632462,aggregate,3,0.240298161743806
resnet50_no_weights,IMAGENET100,ptq,layer1.1.conv2,1.8304266929626465,6.32296121239051e-07,0.0031778241197268167,1.0977363215955747e-09,3.488412959866611e-12,,42,3,
resnet50_no_weights,IMAGENET100,ptq,layer1.1.conv2,1.7781805992126465,7.56699307657982e-07,0.003087119095855289,1.3137140757951076e-09,4.055591809880959e-12,,43,3,
resnet50_no_weights,IMAGENET100,ptq,layer1.1.conv2,1.8312352895736694,5.356205861062335e-07,0.0031792279332876205,9.298968508788776e-10,2.9563540433903208e-12,,44,3,
resnet50_no_weights,IMAGENET100,ptq,layer1.1.conv2,1.8132808605829875,6.415386716677555e-07,0.0031480570496232423,1.1137824160898532e-09,3.50625058671807e-12,0.0001313083068565408,aggregate,3,0.030400406548589578
resnet50_no_weights,IMAGENET100,ptq,layer1.1.conv3,0.14017775654792786,2.3290416720556095e-05,0.0021902774460613728,9.097819031467225e-08,1.9926747832970585e-10,,42,3,
resnet50_no_weights,IMAGENET100,ptq,layer1.1.conv3,0.14208385348320007,2.4470775315421633e-05,0.002220060210675001,9.558896607586576e-08,2.1221326016459207e-10,,43,3,
resnet50_no_weights,IMAGENET100,ptq,layer1.1.conv3,0.14394481480121613,1.8112546968040988e-05,0.002249137731269002,7.075213659391011e-08,1.5913129998126151e-10,,44,3,
resnet50_no_weights,IMAGENET100,ptq,layer1.1.conv3,0.14206880827744803,2.1957913001339573e-05,0.0022198251293351254,8.577309766148271e-08,1.904012776098752e-10,0.0005160415288830538,aggregate,3,0.001883574192746043
resnet50_no_weights,IMAGENET100,ptq,layer1.2.conv1,7.872468948364258,6.367149580910336e-07,0.030751831829547882,9.9486712201724e-09,3.059398642902046e-10,,42,3,
resnet50_no_weights,IMAGENET100,ptq,layer1.2.conv1,7.69188117980957,7.066530542942928e-07,0.030046410858631134,1.1041453973348325e-08,3.31756062559889e-10,,43,3,
resnet50_no_weights,IMAGENET100,ptq,layer1.2.conv1,7.436398506164551,5.193883225729223e-07,0.029048431664705276,8.115442540201911e-09,2.3574087805789743e-10,,44,3,
resnet50_no_weights,IMAGENET100,ptq,layer1.2.conv1,7.666916211446126,6.209187783194162e-07,0.02994889145096143,9.701855911240878e-09,2.9055982955862154e-10,0.0005289327780839854,aggregate,3,0.21910452956089893
resnet50_no_weights,IMAGENET100,ptq,layer1.2.conv2,0.8706222772598267,1.0058505495180725e-06,0.0015114970091316435,1.7462683151355425e-09,2.6394793354687267e-12,,42,3,
resnet50_no_weights,IMAGENET100,ptq,layer1.2.conv2,0.8670071363449097,1.0707179853852722e-06,0.0015052207228210238,1.8588853912938754e-09,2.798032812324809e-12,,43,3,
resnet50_no_weights,IMAGENET100,ptq,layer1.2.conv2,0.9446697235107422,7.875618734942691e-07,0.0016400516033172607,1.3672949192608839e-09,2.2424342245413572e-12,,44,3,
resnet50_no_weights,IMAGENET100,ptq,layer1.2.conv2,0.8940997123718262,9.547101361325379e-07,0.001552256445089976,1.6574828752301006e-09,2.5728384757021884e-12,5.7247461805718004e-05,aggregate,3,0.043832200844826905
resnet50_no_weights,IMAGENET100,ptq,layer1.2.conv3,0.03809494152665138,5.009023516322486e-05,0.0005952334613539279,1.9566498110634711e-07,1.164663439696819e-10,,42,3,
resnet50_no_weights,IMAGENET100,ptq,layer1.2.conv3,0.03692421317100525,5.339398921933025e-05,0.000576940830796957,2.085702703880088e-07,1.2033270507720376e-10,,43,3,
resnet50_no_weights,IMAGENET100,ptq,layer1.2.conv3,0.04958058148622513,3.8912956370040774e-05,0.0007746965857222676,1.5200373582047177e-07,1.1775677515714903e-10,,44,3,
resnet50_no_weights,IMAGENET100,ptq,layer1.2.conv3,0.04153324539462725,4.746572691753196e-05,0.0006489569592910508,1.8541299577160922e-07,1.2032505394898797e-10,0.00016790854782205617,aggregate,3,0.006993737545049056
resnet50_no_weights,IMAGENET100,ptq,layer2.0.conv1,8.032390594482422,1.1461563644843409e-06,0.03137652575969696,8.954346597533913e-09,2.8095628667877766e-10,,42,3,
resnet50_no_weights,IMAGENET100,ptq,layer2.0.conv1,7.861303806304932,1.235583226844028e-06,0.03070821799337864,9.65299395971897e-09,2.964262428038174e-10,,43,3,
resnet50_no_weights,IMAGENET100,ptq,layer2.0.conv1,7.6499834060668945,9.045157298714912e-07,0.029882747679948807,7.066529139621025e-09,2.1116730725230082e-10,,44,3,
resnet50_no_weights,IMAGENET100,ptq,layer2.0.conv1,7.847892602284749,1.0954184403999534e-06,0.0306558304776748,8.557956565624636e-09,2.623512657110929e-10,0.0005060768341839624,aggregate,3,0.191556022439704
resnet50_no_weights,IMAGENET100,ptq,layer2.0.conv2,6.8514509201049805,5.37833238922758e-06,0.005947440034813351,4.6686913100933856e-09,2.7766761607834596e-11,,42,3,
resnet50_no_weights,IMAGENET100,ptq,layer2.0.conv2,7.0685038566589355,5.621500804409152e-06,0.006135854042238659,4.879775003827389e-09,2.994158718244945e-11,,43,3,
resnet50_no_weights,IMAGENET100,ptq,layer2.0.conv2,6.295224189758301,4.052069016324822e-06,0.005464604331387414,3.5174210211152968e-09,1.922131414729979e-11,,44,3,
resnet50_no_weights,IMAGENET100,ptq,layer2.0.conv2,6.738392988840739,5.017300736653851e-06,0.005849299469479808,4.355295778345357e-09,2.5475429285703143e-11,0.00015034158714628918,aggregate,3,0.39884449686162354
resnet50_no_weights,IMAGENET100,ptq,layer2.0.conv3,0.9876036047935486,7.240588456625119e-05,0.007715653162449598,1.4141774329345935e-07,1.0911302582686651e-09,,42,3,
resnet50_no_weights,IMAGENET100,ptq,layer2.0.conv3,1.2085093259811401,7.50677427276969e-05,0.009441479109227657,1.46616685015033e-07,1.3842783686336458e-09,,43,3,
resnet50_no_weights,IMAGENET100,ptq,layer2.0.conv3,0.8562543988227844,5.378446803661063e-05,0.006689487490803003,1.0504778913400514e-07,7.027158713484391e-10,,44,3,
resnet50_no_weights,IMAGENET100,ptq,layer2.0.conv3,1.017455776532491,6.70860317768529e-05,0.007948873254160086,1.3102740581416583e-07,1.0415202416382024e-09,0.0005703146501521891,aggregate,3,0.17801473968462025
resnet50_no_weights,IMAGENET100,ptq,layer2.0.downsample.0,8.016373634338379,2.4674074666108936e-05,0.03131395950913429,4.8191552082244016e-08,1.5090683105857255e-09,,42,3,
resnet50_no_weights,IMAGENET100,ptq,layer2.0.downsample.0,7.849056243896484,2.3534283172921278e-05,0.030660375952720642,4.596539682211187e-08,1.4093163473819406e-09,,43,3,
resnet50_no_weights,IMAGENET100,ptq,layer2.0.downsample.0,7.640657901763916,1.7538966858410276e-05,0.029846319928765297,3.425579464533257e-08,1.022409406398681e-09,,44,3,
resnet50_no_weights,IMAGENET100,ptq,layer2.0.downsample.0,7.835362593332927,2.191577489914683e-05,0.030606885130206745,4.280424784989615e-08,1.3101046970266704e-09,0.0005650189618528303,aggregate,3,0.1882318118047769
resnet50_no_weights,IMAGENET100,ptq,layer2.1.conv1,11.252735137939453,1.7260781532968394e-05,0.021977998316287994,1.3484985572631558e-07,2.963729902104643e-09,,42,3,
resnet50_no_weights,IMAGENET100,ptq,layer2.1.conv1,11.389997482299805,1.5169937796599697e-05,0.022246088832616806,1.1851513903593514e-07,2.6364983110033447e-09,,43,3,
resnet50_no_weights,IMAGENET100,ptq,layer2.1.conv1,10.347298622131348,1.2484958460845519e-05,0.02020956762135029,9.753873797535562e-08,1.9712157208141166e-09,,44,3,
resnet50_no_weights,IMAGENET100,ptq,layer2.1.conv1,10.996677080790201,1.4971892596804537e-05,0.021477884923418362,1.1696791091253544e-07,2.512223330312087e-09,0.00036439063217599935,aggregate,3,0.5665505491325878
resnet50_no_weights,IMAGENET100,ptq,layer2.1.conv2,8.604072570800781,1.531278576294426e-05,0.007468812995486789,1.329234875255578e-08,9.927806710363122e-11,,42,3,
resnet50_no_weights,IMAGENET100,ptq,layer2.1.conv2,8.5687894821167,1.3308292182045989e-05,0.007438185314337413,1.1552336963581588e-08,8.592842314878983e-11,,43,3,
resnet50_no_weights,IMAGENET100,ptq,layer2.1.conv2,7.172588348388672,1.0009704055846669e-05,0.006226205163531833,8.688979215144677e-09,5.4099367255154564e-11,,44,3,
resnet50_no_weights,IMAGENET100,ptq,layer2.1.conv2,8.115150133768717,1.2876927333612306e-05,0.007044401157785345,1.1177888310427348e-08,7.874152935556969e-11,0.00011550318696887217,aggregate,3,0.8164730635672475
resnet50_no_weights,IMAGENET100,ptq,layer2.1.conv3,0.9441476464271545,0.00010728472261689603,0.007376153487712145,2.0954047386112507e-07,1.5456026970875932e-09,,42,3,
resnet50_no_weights,IMAGENET100,ptq,layer2.1.conv3,1.2384861707687378,0.0001000166084850207,0.009675673209130764,1.9534493844730605e-07,1.8900937874738973e-09,,43,3,
resnet50_no_weights,IMAGENET100,ptq,layer2.1.conv3,0.8138378858566284,7.177921361289918e-05,0.0063581084832549095,1.4019377658769372e-07,8.91367240221759e-10,,44,3,
resnet50_no_weights,IMAGENET100,ptq,layer2.1.conv3,0.998823901017507,9.302684823827197e-05,0.007803311726699273,1.8169306296537494e-07,1.4178076088976197e-09,0.00040295529818564304,aggregate,3,0.21754002179305024
resnet50_no_weights,IMAGENET100,ptq,layer2.2.conv1,11.702654838562012,4.388891738926759e-06,0.02285674773156643,3.4288216710365305e-08,7.837171195141003e-10,,42,3,
resnet50_no_weights,IMAGENET100,ptq,layer2.2.conv1,12.092437744140625,3.996678060502745e-06,0.023618042469024658,3.12240473476777e-08,7.374508763122886e-10,,43,3,
resnet50_no_weights,IMAGENET100,ptq,layer2.2.conv1,11.019245147705078,3.5535958886612207e-06,0.02152196317911148,2.7762467880165786e-08,5.975028114781932e-10,,44,3,
resnet50_no_weights,IMAGENET100,ptq,layer2.2.conv1,11.604779243469238,3.979721896030242e-06,0.022665584459900856,3.109157731273626e-08,7.047087715733611e-10,0.0001702013569027056,aggregate,3,0.5432497688421883
resnet50_no_weights,IMAGENET100,ptq,layer2.2.conv2,4.052248001098633,1.2000356036878657e-05,0.0035175763898425633,1.0416975726457167e-08,3.6642507868948815e-11,,42,3,
resnet50_no_weights,IMAGENET100,ptq,layer2.2.conv2,4.28958797454834,1.0856158041860908e-05,0.0037236006723509896,9.423748300226483e-09,3.509027550678983e-11,,43,3,
resnet50_no_weights,IMAGENET100,ptq,layer2.2.conv2,3.957472085952759,8.673522643221077e-06,0.0034353056301673255,7.529099516684962e-09,2.586475795975794e-11,,44,3,
resnet50_no_weights,IMAGENET100,ptq,layer2.2.conv2,4.099769353866577,1.0510012240653547e-05,0.0035588275641202927,9.123274514456204e-09,3.246816081708292e-11,6.657981127764026e-05,aggregate,3,0.171081705892476
resnet50_no_weights,IMAGENET100,ptq,layer2.2.conv3,0.357622355222702,0.0001449504925403744,0.0027939246501773596,2.8310643074291875e-07,7.909780354763701e-10,,42,3,
resnet50_no_weights,IMAGENET100,ptq,layer2.2.conv3,0.3844113349914551,0.000138431103550829,0.003003213554620743,2.703732491227129e-07,8.119886065721822e-10,,43,3,
resnet50_no_weights,IMAGENET100,ptq,layer2.2.conv3,0.3695887327194214,9.931333624990657e-05,0.0028874119743704796,1.9397135986309877e-07,5.600752271536368e-10,,44,3,
resnet50_no_weights,IMAGENET100,ptq,layer2.2.conv3,0.3705408076445262,0.00012756497744703665,0.002894850059722861,2.4915034657624346e-07,7.212528956662099e-10,0.00041380770255475204,aggregate,3,0.01341984330236106
resnet50_no_weights,IMAGENET100,ptq,layer2.3.conv1,12.584244728088379,6.101983217376983e-06,0.024578602984547615,4.767174388575768e-08,1.1717048665490732e-09,,42,3,
resnet50_no_weights,IMAGENET100,ptq,layer2.3.conv1,13.015578269958496,5.7725751503312495e-06,0.025421051308512688,4.5098243361962886e-08,1.1464447584282503e-09,,43,3,
resnet50_no_weights,IMAGENET100,ptq,layer2.3.conv1,11.847658157348633,4.270756107871421e-06,0.02313995733857155,3.3365282092745474e-08,7.720712042155355e-10,,44,3,
resnet50_no_weights,IMAGENET100,ptq,layer2.3.conv1,12.48249371846517,5.381771491859884e-06,0.024379870543877285,4.2045089780155344e-08,1.0250538458458852e-09,0.000414726301730694,aggregate,3,0.5905711627984944
resnet50_no_weights,IMAGENET100,ptq,layer2.3.conv2,7.39321231842041,7.352919965342153e-06,0.006417719026406606,6.382743025470619e-09,4.096265135522685e-11,,42,3,
resnet50_no_weights,IMAGENET100,ptq,layer2.3.conv2,7.855716228485107,6.999112429184606e-06,0.006819198115004433,6.075618428111637e-09,4.1430845732465074e-11,,43,3,
resnet50_no_weights,IMAGENET100,ptq,layer2.3.conv2,7.157758712768555,5.199483894102741e-06,0.006213332215944926,4.5134408802975185e-09,2.80435076263154e-11,,44,3,
resnet50_no_weights,IMAGENET100,ptq,layer2.3.conv2,7.4688957532246905,6.517172096209833e-06,0.006483416452451989,5.6572674446265916e-09,3.667842082641306e-11,0.00013520284908626114,aggregate,3,0.3550804981467383
resnet50_no_weights,IMAGENET100,ptq,layer2.3.conv3,0.785679817199707,8.018378139240667e-05,0.006138123571872711,1.5660894803204428e-07,9.612850754816794e-10,,42,3,
resnet50_no_weights,IMAGENET100,ptq,layer2.3.conv3,0.8670623898506165,7.820557220838964e-05,0.006773924920707941,1.5274525821951102e-07,1.0346849111731151e-09,,43,3,
resnet50_no_weights,IMAGENET100,ptq,layer2.3.conv3,0.7808087468147278,5.609002982964739e-05,0.006100068334490061,1.0955083951103006e-07,6.682676071180371e-10,,44,3,
resnet50_no_weights,IMAGENET100,ptq,layer2.3.conv3,0.8111836512883505,7.14931278101479e-05,0.006337372275690238,1.396350152541951e-07,8.849190743875196e-10,0.0004807643435520327,aggregate,3,0.048453657232002754
resnet50_no_weights,IMAGENET100,ptq,layer3.0.conv1,13.960797309875488,9.509136361884885e-06,0.027267182245850563,3.714506391361283e-08,1.0128412272662482e-09,,42,3,
resnet50_no_weights,IMAGENET100,ptq,layer3.0.conv1,14.45492172241211,9.640832104196306e-06,0.02823226898908615,3.765950040701682e-08,1.0632131454854983e-09,,43,3,
resnet50_no_weights,IMAGENET100,ptq,layer3.0.conv1,13.141923904418945,7.264777650561882e-06,0.025667820125818253,2.8378037697507352e-08,7.284023671433083e-10,,44,3,
resnet50_no_weights,IMAGENET100,ptq,layer3.0.conv1,13.852547645568848,8.804915372214358e-06,0.027055757120251656,3.439420067271234e-08,9.305611397461011e-10,0.0009365465837098392,aggregate,3,0.6631585857700839
resnet50_no_weights,IMAGENET100,ptq,layer3.0.conv2,9.741968154907227,6.828711775597185e-05,0.004228284789456261,2.9638505970473894e-08,1.2532004397716334e-10,,42,3,
resnet50_no_weights,IMAGENET100,ptq,layer3.0.conv2,9.586162567138672,6.853497325209901e-05,0.004160660836431716,2.9746082140667973e-08,1.2376335899995813e-10,,43,3,
resnet50_no_weights,IMAGENET100,ptq,layer3.0.conv2,9.614134788513184,5.137870175531134e-05,0.004172801557514403,2.229978374796499e-08,9.305257235574269e-11,,44,3,
resnet50_no_weights,IMAGENET100,ptq,layer3.0.conv2,9.647421836853027,6.273359758779407e-05,0.004187249061134127,2.722812395303562e-08,1.1401093645879203e-10,0.00014044335967125258,aggregate,3,0.08306543195192884
resnet50_no_weights,IMAGENET100,ptq,layer3.0.conv3,2.1850321292877197,0.0005776818725280464,0.008535281755030155,5.641424536406703e-07,4.815114791797158e-09,,42,3,
resnet50_no_weights,IMAGENET100,ptq,layer3.0.conv3,2.0946149826049805,0.0005744083318859339,0.008182089775800705,5.609456366073573e-07,4.589707558065076e-09,,43,3,
resnet50_no_weights,IMAGENET100,ptq,layer3.0.conv3,2.1921021938323975,0.00044655779493041337,0.008562899194657803,4.360915966117318e-07,3.7342083814236336e-09,,44,3,
resnet50_no_weights,IMAGENET100,ptq,layer3.0.conv3,2.1572497685750327,0.0005328826664481312,0.008426756908496221,5.203932289532531e-07,4.385227237216482e-09,0.0007204707297089969,aggregate,3,0.05435838264060247
resnet50_no_weights,IMAGENET100,ptq,layer3.0.downsample.0,13.826991081237793,8.929493924370036e-05,0.027005841955542564,8.720208910517613e-08,2.3549658365675266e-09,,42,3,
resnet50_no_weights,IMAGENET100,ptq,layer3.0.downsample.0,14.364041328430176,8.851365419104695e-05,0.028054768219590187,8.643911542094429e-08,2.425029348240996e-09,,43,3,
resnet50_no_weights,IMAGENET100,ptq,layer3.0.downsample.0,13.025198936462402,6.560519977938384e-05,0.02543984167277813,6.406757790955453e-08,1.6298690383774448e-09,,44,3,
resnet50_no_weights,IMAGENET100,ptq,layer3.0.downsample.0,13.738743782043457,8.113793107137705e-05,0.026833483949303627,7.923626081189165e-08,2.1261849326987305e-09,0.0005090804910963411,aggregate,3,0.6737695652029841
resnet50_no_weights,IMAGENET100,ptq,layer3.1.conv1,13.532734870910645,2.2579310098080896e-05,0.013215561397373676,8.82004300706285e-08,1.1656181988731544e-09,,42,3,
resnet50_no_weights,IMAGENET100,ptq,layer3.1.conv1,13.950831413269043,1.6869262253749184e-05,0.01362385880202055,6.589555567870775e-08,8.977517462473978e-10,,43,3,
resnet50_no_weights,IMAGENET100,ptq,layer3.1.conv1,12.56905460357666,1.5405903468490578e-05,0.012274467386305332,6.017931042379132e-08,7.386689831271711e-10,,44,3,
resnet50_no_weights,IMAGENET100,ptq,layer3.1.conv1,13.350873629252115,1.828482527344022e-05,0.013037962528566519,7.142509872437586e-08,9.312377607675767e-10,8.571820418269757e-05,aggregate,3,0.7086126737252878
resnet50_no_weights,IMAGENET100,ptq,layer3.1.conv2,9.354233741760254,1.4240576092561241e-05,0.00405999728375011,6.180805595729705e-09,2.5094053930050084e-11,,42,3,
resnet50_no_weights,IMAGENET100,ptq,layer3.1.conv2,9.581756591796875,1.2999777936784085e-05,0.004158748520745171,5.642264729506981e-09,2.346476009748981e-11,,43,3,
resnet50_no_weights,IMAGENET100,ptq,layer3.1.conv2,8.650458335876465,1.0831841791514307e-05,0.003754539208279716,4.701320222011418e-09,1.7651291104220166e-11,,44,3,
resnet50_no_weights,IMAGENET100,ptq,layer3.1.conv2,9.195482889811197,1.2690731940286545e-05,0.0039910950042583325,5.508130182416035e-09,2.1983470853845175e-11,3.257233635903943e-05,aggregate,3,0.48552083901312904
resnet50_no_weights,IMAGENET100,ptq,layer3.1.conv3,1.6569963693618774,0.0003264629340264946,0.006472642067819834,3.1881145901024865e-07,2.063552461292754e-09,,42,3,
resnet50_no_weights,IMAGENET100,ptq,layer3.1.conv3,1.9227240085601807,0.0003089668171014637,0.007510640658438206,3.017254073256481e-07,2.2661511119438416e-09,,43,3,
resnet50_no_weights,IMAGENET100,ptq,layer3.1.conv3,1.5584689378738403,0.00025200529489666224,0.006087769288569689,2.460989207975217e-07,1.498193451981297e-09,,44,3,
resnet50_no_weights,IMAGENET100,ptq,layer3.1.conv3,1.712729771931966,0.00029581168200820684,0.0066903506716092425,2.888785957111395e-07,1.932699106829557e-09,0.00037897509335178055,aggregate,3,0.18841469754694662
resnet50_no_weights,IMAGENET100,ptq,layer3.2.conv1,12.653790473937988,2.4742990717641078e-05,0.012357217259705067,9.665230749078546e-08,1.1943535623154554e-09,,42,3,
resnet50_no_weights,IMAGENET100,ptq,layer3.2.conv1,13.224793434143066,2.200117705797311e-05,0.012914837338030338,8.594209788270746e-08,1.1099282146442484e-09,,43,3,
resnet50_no_weights,IMAGENET100,ptq,layer3.2.conv1,11.904962539672852,1.1999909474980086e-05,0.011625939980149269,4.687464638664096e-08,5.449618254818086e-10,,44,3,
resnet50_no_weights,IMAGENET100,ptq,layer3.2.conv1,12.594515482584635,1.9581359083531424e-05,0.012299331525961557,7.648968392004463e-08,9.407719808486397e-10,9.949376135409693e-05,aggregate,3,0.6619090125912072
resnet50_no_weights,IMAGENET100,ptq,layer3.2.conv2,7.951701641082764,2.6876616175286472e-05,0.0034512593928310606,1.1665197992745865e-08,4.02596241416982e-11,,42,3,
resnet50_no_weights,IMAGENET100,ptq,layer3.2.conv2,8.525813102722168,2.5814963009906933e-05,0.0037004397147231633,1.120441102860544e-08,4.1461247550333777e-11,,43,3,
resnet50_no_weights,IMAGENET100,ptq,layer3.2.conv2,7.321732521057129,1.5623567378497683e-05,0.003177835295597712,6.78106223025073e-09,2.1549098896935308e-11,,44,3,
resnet50_no_weights,IMAGENET100,ptq,layer3.2.conv2,7.9330824216206866,2.2771715521230362e-05,0.0034431781343839786,9.883557083867345e-09,3.403084764110792e-11,4.1210099372597424e-05,aggregate,3,0.602256189910687
resnet50_no_weights,IMAGENET100,ptq,layer3.2.conv3,0.9746209979057312,0.0006085908971726894,0.0038071132730692625,5.943270480202045e-07,2.2626703930617936e-09,,42,3,
resnet50_no_weights,IMAGENET100,ptq,layer3.2.conv3,1.1714541912078857,0.0006245416007004678,0.004575992934405804,6.099039069340506e-07,2.7909159687967104e-09,,43,3,
resnet50_no_weights,IMAGENET100,ptq,layer3.2.conv3,0.9605855941772461,0.0004231873608659953,0.0037522874772548676,4.132689070956985e-07,1.5507037448339948e-09,,44,3,
resnet50_no_weights,IMAGENET100,ptq,layer3.2.conv3,1.0355535944302876,0.0005521066195797175,0.004045131228243311,5.391666206833179e-07,2.180999734552505e-09,0.00032956024329976966,aggregate,3,0.11790240579748942
resnet50_no_weights,IMAGENET100,ptq,layer3.3.conv1,11.531450271606445,2.0257879441487603e-05,0.01126118190586567,7.913234156831095e-08,8.91123693037845e-10,,42,3,
resnet50_no_weights,IMAGENET100,ptq,layer3.3.conv1,12.103144645690918,1.843521931732539e-05,0.011819477193057537,7.201257545830231e-08,8.51150993242739e-10,,43,3,
resnet50_no_weights,IMAGENET100,ptq,layer3.3.conv1,11.062189102172852,1.4094749531068373e-05,0.010802919045090675,5.5057615355735834e-08,5.947829615037555e-10,,44,3,
resnet50_no_weights,IMAGENET100,ptq,layer3.3.conv1,11.565594673156738,1.7595949429960456e-05,0.011294526048004627,6.873417746078303e-08,7.763199577189865e-10,9.338778112477384e-05,aggregate,3,0.5213170733950395
resnet50_no_weights,IMAGENET100,ptq,layer3.3.conv2,8.209015846252441,3.5674936953000724e-05,0.003562940905491511,1.548391360807323e-08,5.516826917130076e-11,,42,3,
resnet50_no_weights,IMAGENET100,ptq,layer3.3.conv2,8.690630912780762,3.2499097869731486e-05,0.0037719752225610944,1.4105511228182069e-08,5.3205638854260075e-11,,43,3,
resnet50_no_weights,IMAGENET100,ptq,layer3.3.conv2,7.963496685028076,2.5106679458986036e-05,0.003456378769543436,1.089699629296269e-08,3.766414663878977e-11,,44,3,
resnet50_no_weights,IMAGENET100,ptq,layer3.3.conv2,8.28771448135376,3.109357142723942e-05,0.0035970982991986806,1.349547370973933e-08,4.854454552818385e-11,6.797935846242518e-05,aggregate,3,0.3699001928459641
resnet50_no_weights,IMAGENET100,ptq,layer3.3.conv3,1.0430712699890137,0.000884036417119205,0.004074497148394585,8.633168135929736e-07,3.5175818951456703e-09,,42,3,
resnet50_no_weights,IMAGENET100,ptq,layer3.3.conv3,1.223836898803711,0.0008160611614584923,0.004780612885951996,7.969347279868089e-07,3.809836429876387e-09,,43,3,
resnet50_no_weights,IMAGENET100,ptq,layer3.3.conv3,1.0106005668640137,0.0006169337430037558,0.003947658464312553,6.024743584021053e-07,2.378363000477346e-09,,44,3,
resnet50_no_weights,IMAGENET100,ptq,layer3.3.conv3,1.0925029118855794,0.0007723437738604844,0.004267589499553044,7.542419666606293e-07,3.218795097043139e-09,0.0005100551649971463,aggregate,3,0.11489146500161326
resnet50_no_weights,IMAGENET100,ptq,layer3.4.conv1,11.544480323791504,1.7768699763109908e-05,0.01127390656620264,6.940898344964808e-08,7.825103942664379e-10,,42,3,
resnet50_no_weights,IMAGENET100,ptq,layer3.4.conv1,11.991122245788574,1.5861314750509337e-05,0.011710080318152905,6.19582607441771e-08,7.255362096873739e-10,,43,3,
resnet50_no_weights,IMAGENET100,ptq,layer3.4.conv1,10.80510425567627,1.0371662938268855e-05,0.010551859624683857,4.0514308352612716e-08,4.2750129452792606e-10,,44,3,
resnet50_no_weights,IMAGENET100,ptq,layer3.4.conv1,11.44690227508545,1.4667225817296034e-05,0.011178615503013134,5.729385084881263e-08,6.404659293258591e-10,7.372418254521794e-05,aggregate,3,0.5989998121113801
resnet50_no_weights,IMAGENET100,ptq,layer3.4.conv2,6.91372537612915,3.0141743991407566e-05,0.003000748861167166,1.3082354162937312e-08,3.9256859355819674e-11,,42,3,
resnet50_no_weights,IMAGENET100,ptq,layer3.4.conv2,7.159616470336914,2.60200395132415e-05,0.0031074724263615077,1.1293419927622178e-08,3.509399102440749e-11,,43,3,
resnet50_no_weights,IMAGENET100,ptq,layer3.4.conv2,6.608168125152588,1.9025745132239535e-05,0.0028681285265419218,8.257701880312299e-09,2.368415032660257e-11,,44,3,
resnet50_no_weights,IMAGENET100,ptq,layer3.4.conv2,6.893836657206218,2.5062509545629535e-05,0.0029921166046901985,1.087782532362393e-08,3.254772177373469e-11,3.8000493619087556e-05,aggregate,3,0.2762616336137349
resnet50_no_weights,IMAGENET100,ptq,layer3.4.conv3,0.7300962805747986,0.0012228142004460096,0.002851938595995307,1.1941544926230563e-06,3.4056552870928873e-09,,42,3,
resnet50_no_weights,IMAGENET100,ptq,layer3.4.conv3,0.917436420917511,0.0011128985788673162,0.0035837360192090273,1.0868150184251135e-06,3.894858127747402e-09,,43,3,
resnet50_no_weights,IMAGENET100,ptq,layer3.4.conv3,0.7864300608634949,0.0008496843511238694,0.003071992425248027,8.297698741444037e-07,2.549046768070617e-09,,44,3,
resnet50_no_weights,IMAGENET100,ptq,layer3.4.conv3,0.8113209207852682,0.0010617990434790652,0.003169222346817454,1.0369131283975246e-06,3.286208258225831e-09,0.0004493573884246871,aggregate,3,0.09611840732472006
resnet50_no_weights,IMAGENET100,ptq,layer3.5.conv1,11.001256942749023,2.4586219296907075e-05,0.010743414983153343,9.603991912854326e-08,1.031796706146427e-09,,42,3,
resnet50_no_weights,IMAGENET100,ptq,layer3.5.conv1,11.298880577087402,1.916584005812183e-05,0.011034063063561916,7.48665627270384e-08,8.260823744822557e-10,,43,3,
resnet50_no_weights,IMAGENET100,ptq,layer3.5.conv1,10.273289680480957,1.515129679319216e-05,0.010032509453594685,5.918475309840687e-08,5.937715949684342e-10,,44,3,
resnet50_no_weights,IMAGENET100,ptq,layer3.5.conv1,10.857809066772461,1.963445204940702e-05,0.010603329166769981,7.669707831799617e-08,8.132443675352503e-10,0.00011503360084993617,aggregate,3,0.5276287915212204
resnet50_no_weights,IMAGENET100,ptq,layer3.5.conv2,7.810061931610107,3.598981493269093e-05,0.0033897838244835534,1.5620579397869328e-08,5.295038737195849e-11,,42,3,
resnet50_no_weights,IMAGENET100,ptq,layer3.5.conv2,7.779512405395508,2.93154880637303e-05,0.003376524481508467,1.2723736138771832e-08,4.29620065688171e-11,,43,3,
resnet50_no_weights,IMAGENET100,ptq,layer3.5.conv2,7.515721797943115,2.3270124074770138e-05,0.0032620320303572547,1.009988024078565e-08,3.2946132848215134e-11,,44,3,
resnet50_no_weights,IMAGENET100,ptq,layer3.5.conv2,7.701765378316243,2.952514235706379e-05,0.003342780112116425,1.2814731925808937e-08,4.283683102369753e-11,5.3024351646057277e-05,aggregate,3,0.161840905634279
resnet50_no_weights,IMAGENET100,ptq,layer3.5.conv3,1.108038067817688,0.0008937513339333236,0.004328273702412844,8.728040370442613e-07,3.777734760898442e-09,,42,3,
resnet50_no_weights,IMAGENET100,ptq,layer3.5.conv3,1.3507152795791626,0.0007995206979103386,0.005276231560856104,7.807819315530651e-07,4.119586269406472e-09,,43,3,
resnet50_no_weights,IMAGENET100,ptq,layer3.5.conv3,1.2114440202713013,0.0006315902573987842,0.004732203204184771,6.167873607410002e-07,2.918763124799229e-09,,44,3,
resnet50_no_weights,IMAGENET100,ptq,layer3.5.conv3,1.2233991225560505,0.0007749540964141488,0.0047789028224845724,7.567911097794422e-07,3.616631170556208e-09,0.0005425127069139036,aggregate,3,0.12177951646340206
resnet50_no_weights,IMAGENET100,ptq,layer4.0.conv1,10.191240310668945,7.546380948042497e-05,0.009952383115887642,1.4739025289145502e-07,1.4668842643233266e-09,,42,3,
resnet50_no_weights,IMAGENET100,ptq,layer4.0.conv1,10.342852592468262,7.578402437502518e-05,0.010100441984832287,1.4801567260747106e-07,1.495023714017691e-09,,43,3,
resnet50_no_weights,IMAGENET100,ptq,layer4.0.conv1,9.44870376586914,6.141219637356699e-05,0.009227249771356583,1.1994569604212302e-07,1.1067688963798858e-09,,44,3,
resnet50_no_weights,IMAGENET100,ptq,layer4.0.conv1,9.99426555633545,7.088667674300571e-05,0.009760024957358837,1.3845054051368302e-07,1.3512807307733672e-09,0.00037643746020168896,aggregate,3,0.47851313609001594
resnet50_no_weights,IMAGENET100,ptq,layer4.0.conv2,13.837586402893066,0.00045775037142448127,0.0030029484381278357,9.933818824316e-08,2.9830745723124625e-10,,42,3,
resnet50_no_weights,IMAGENET100,ptq,layer4.0.conv2,12.792536735534668,0.00047033841838128865,0.0027761581457323497,1.0206996926677272e-07,2.833623766146017e-10,,43,3,
resnet50_no_weights,IMAGENET100,ptq,layer4.0.conv2,13.008260726928711,0.00036247490788809955,0.0028229732480314043,7.866208938543826e-08,2.220609739693473e-10,,44,3,
resnet50_no_weights,IMAGENET100,ptq,layer4.0.conv2,13.212794621785482,0.0004301878992312898,0.002867359943963863,9.335674896512367e-08,2.6768740248128544e-10,7.360342691447432e-05,aggregate,3,0.5517316262644686
resnet50_no_weights,IMAGENET100,ptq,layer4.0.conv3,2.6094799041748047,0.007605197373777628,0.005096640437841415,3.7134752801648574e-06,1.892624827781269e-08,,42,3,
resnet50_no_weights,IMAGENET100,ptq,layer4.0.conv3,2.476064920425415,0.007844512350857258,0.004836064297705889,3.8303282963170204e-06,1.8523713922311365e-08,,43,3,
resnet50_no_weights,IMAGENET100,ptq,layer4.0.conv3,2.4820668697357178,0.005788008216768503,0.004847786854952574,2.8261758870939957e-06,1.3700698315238202e-08,,44,3,
resnet50_no_weights,IMAGENET100,ptq,layer4.0.conv3,2.5225372314453125,0.007079239313801129,0.004926830530166626,3.4566598211919577e-06,1.7030377139448846e-08,0.0006565653686670379,aggregate,3,0.07535434363652535
resnet50_no_weights,IMAGENET100,ptq,layer4.0.downsample.0,9.963282585144043,0.0004979702644050121,0.00972976814955473,2.4314954316650983e-07,2.36578868068029e-09,,42,3,
resnet50_no_weights,IMAGENET100,ptq,layer4.0.downsample.0,10.013782501220703,0.0005159565480425954,0.009779084473848343,2.5193190822392353e-07,2.4636634121795562e-09,,43,3,
resnet50_no_weights,IMAGENET100,ptq,layer4.0.downsample.0,9.181197166442871,0.00037477948353625834,0.008966012857854366,1.8299779469543864e-07,1.6407605801982964e-09,,44,3,
resnet50_no_weights,IMAGENET100,ptq,layer4.0.downsample.0,9.719420750935873,0.0004629020986612886,0.009491621827085813,2.2602641536195733e-07,2.1453572575475186e-09,8.040927136577471e-05,aggregate,3,0.4667987045390214
resnet50_no_weights,IMAGENET100,ptq,layer4.1.conv1,7.569674491882324,0.00022136079496704042,0.003696130122989416,4.323453026700008e-07,1.5980044967315665e-09,,42,3,
resnet50_no_weights,IMAGENET100,ptq,layer4.1.conv1,7.221591472625732,0.00026082288241013885,0.0035261677112430334,5.094196922073024e-07,1.7962992701327542e-09,,43,3,
resnet50_no_weights,IMAGENET100,ptq,layer4.1.conv1,7.109139919281006,0.00014361778448801488,0.0034712597262114286,2.8050348532815406e-07,9.737004516815595e-10,,44,3,
resnet50_no_weights,IMAGENET100,ptq,layer4.1.conv1,7.3001352945963545,0.00020860048728839806,0.003564519186814626,4.0742282673515245e-07,1.4522664830437019e-09,5.261652471970925e-05,aggregate,3,0.24010387776457148
resnet50_no_weights,IMAGENET100,ptq,layer4.1.conv2,11.364946365356445,0.0003649649443104863,0.0024663512077596453,7.92024618729354e-08,1.9534108749785148e-10,,42,3,
resnet50_no_weights,IMAGENET100,ptq,layer4.1.conv2,10.800756454467773,0.0004036623577121645,0.0023439141611258187,8.76003380451746e-08,2.0532767286349356e-10,,43,3,
resnet50_no_weights,IMAGENET100,ptq,layer4.1.conv2,11.319215774536133,0.0002562912995927036,0.0024564270344045428,5.561877161299991e-08,1.3662345421054492e-10,,44,3,
resnet50_no_weights,IMAGENET100,ptq,layer4.1.conv2,11.161639531453451,0.0003416395338717848,0.002422230801096669,7.41405238437033e-08,1.7958546046366016e-10,5.949636709827679e-05,aggregate,3,0.3133692202102518
resnet50_no_weights,IMAGENET100,ptq,layer4.1.conv3,1.0342603921890259,0.011073225177824497,0.002020039828494191,5.406848231359618e-06,1.0922048773969803e-08,,42,3,
resnet50_no_weights,IMAGENET100,ptq,layer4.1.conv3,0.9651834964752197,0.011699722148478031,0.0018851240165531635,5.712754955311539e-06,1.0769251566940876e-08,,43,3,
resnet50_no_weights,IMAGENET100,ptq,layer4.1.conv3,1.1184020042419434,0.008577900938689709,0.0021843789145350456,4.188428192719584e-06,9.149114229220789e-09,,44,3,
resnet50_no_weights,IMAGENET100,ptq,layer4.1.conv3,1.039281964302063,0.010450282754997412,0.0020298475865274668,5.10267712646358e-06,1.0357656849981008e-08,0.0003584780398962302,aggregate,3,0.0767325870828699
resnet50_no_weights,IMAGENET100,ptq,layer4.2.conv1,4.512435436248779,0.0003432160592637956,0.0022033376153558493,6.703438657496008e-07,1.476993854629147e-09,,42,3,
resnet50_no_weights,IMAGENET100,ptq,layer4.2.conv1,4.443134307861328,0.0003476961865089834,0.002169499173760414,6.790941142753582e-07,1.4732941198259498e-09,,43,3,
resnet50_no_weights,IMAGENET100,ptq,layer4.2.conv1,4.335091590881348,0.0002710583503358066,0.002116743940860033,5.294108404996223e-07,1.1206271888531928e-09,,44,3,
resnet50_no_weights,IMAGENET100,ptq,layer4.2.conv1,4.430220444997151,0.00032065686536952853,0.0021631935766587653,6.262829401748604e-07,1.354771233357224e-09,6.738215152454095e-05,aggregate,3,0.08937441335741982
resnet50_no_weights,IMAGENET100,ptq,layer4.2.conv2,16.87302017211914,9.97972529148683e-05,0.003661679724852244,2.165738995548357e-08,7.930242569321283e-11,,42,3,
resnet50_no_weights,IMAGENET100,ptq,layer4.2.conv2,17.48332977294922,9.418989793630317e-05,0.0037941253847546047,2.044051604520468e-08,7.755388080459488e-11,,43,3,
resnet50_no_weights,IMAGENET100,ptq,layer4.2.conv2,17.176982879638672,7.549356087110937e-05,0.0037276438540882533,1.6383151230709498e-08,6.107055299575266e-11,,44,3,
resnet50_no_weights,IMAGENET100,ptq,layer4.2.conv2,17.177777608235676,8.982690390742694e-05,0.0037278163212317006,1.949368574379925e-08,7.266887987669657e-11,4.660090577101047e-05,aggregate,3,0.3051555765695582
resnet50_no_weights,IMAGENET100,ptq,layer4.2.conv3,1.3515732288360596,0.0005569151253439486,0.002639791462570429,2.719312135468499e-07,7.178416959273905e-10,,42,3,
resnet50_no_weights,IMAGENET100,ptq,layer4.2.conv3,1.4645847082138062,0.0006686049746349454,0.00286051700823009,3.2646727277096943e-07,9.338651863918502e-10,,43,3,
resnet50_no_weights,IMAGENET100,ptq,layer4.2.conv3,1.441258430480957,0.00043152726721018553,0.002814957872033119,2.107066734424734e-07,5.931304090968023e-10,,44,3,
resnet50_no_weights,IMAGENET100,ptq,layer4.2.conv3,1.419138789176941,0.0005523491223963598,0.0027717554476112127,2.6970171992009756e-07,7.47547211418644e-10,0.00013442267510173326,aggregate,3,0.059664541533061846
resnet18_no_weights,IMAGENET100,fp32_unfused,conv1,199.3906707763672,1.6035328087582457e-07,1.356399120927668,5.113306150377059e-11,6.935683967405481e-11,,42,3,
resnet18_no_weights,IMAGENET100,fp32_unfused,conv1,197.70016479492188,1.927563459958037e-07,1.3448990802375638,6.146567155478435e-11,8.266512514021366e-11,,43,3,
resnet18_no_weights,IMAGENET100,fp32_unfused,conv1,178.06353759765625,4.7202984632122025e-08,1.2113165822969814,1.5051972140345033e-11,1.8232703449872126e-11,,44,3,
resnet18_no_weights,IMAGENET100,fp32_unfused,conv1,191.71812438964844,1.3343753716791676e-07,1.3042049278207377,4.255023506629999e-11,5.5494226253399204e-11,0.00453936320925197,aggregate,3,11.855389405808703
resnet18_no_weights,IMAGENET100,fp32_unfused,fc,155.5860595703125,0.0005270186811685562,0.3038790225982666,5.270186811685562e-06,1.6014992172452834e-06,,42,3,
resnet18_no_weights,IMAGENET100,fp32_unfused,fc,147.44403076171875,0.0007189813768491149,0.28797662258148193,7.189813768491149e-06,2.070498286039918e-06,,43,3,
resnet18_no_weights,IMAGENET100,fp32_unfused,fc,176.36459350585938,0.000381166348233819,0.3444620966911316,3.81166348233819e-06,1.312973595007233e-06,,44,3,
resnet18_no_weights,IMAGENET100,fp32_unfused,fc,159.79822794596353,0.00054238880208383,0.31210591395696,5.4238880208383e-06,1.6928275279439447e-06,0.00011006431033919481,aggregate,3,14.913299741441186
resnet18_no_weights,IMAGENET100,fp32_unfused,layer1.0.conv1,59.50835037231445,1.973059170268243e-06,0.10331310828526814,3.425449948382367e-09,3.5389388144299365e-10,,42,3,
resnet18_no_weights,IMAGENET100,fp32_unfused,layer1.0.conv1,53.11697769165039,2.4294729428220307e-06,0.09221697515911526,4.217834970177137e-09,3.8895598267007264e-10,,43,3,
resnet18_no_weights,IMAGENET100,fp32_unfused,layer1.0.conv1,62.96286392211914,5.879131776964641e-07,0.10931052764256795,1.0206826001674725e-09,1.1157135357989463e-10,,44,3,
resnet18_no_weights,IMAGENET100,fp32_unfused,layer1.0.conv1,58.529397328694664,1.6634817635955794e-06,0.10161353702898378,2.887989172908992e-09,2.934587947606921e-10,0.0023823418398675176,aggregate,3,4.995410965280321
resnet18_no_weights,IMAGENET100,fp32_unfused,layer1.0.conv2,11.372621536254883,4.5916672206658404e-06,0.019744134611553617,7.97164448032264e-09,1.5739322169493858e-10,,42,3,
resnet18_no_weights,IMAGENET100,fp32_unfused,layer1.0.conv2,11.304689407348633,5.441773282655049e-06,0.019626196887758043,9.447523060165016e-09,1.85418947680433e-10,,43,3,
resnet18_no_weights,IMAGENET100,fp32_unfused,layer1.0.conv2,10.561994552612305,1.3218294725447777e-06,0.01833679609828525,2.294842834279128e-09,4.208006512978738e-11,,44,3,
resnet18_no_weights,IMAGENET100,fp32_unfused,layer1.0.conv2,11.079768498738607,3.7850899919552225e-06,0.01923570919919897,6.571336791588928e-09,1.2640432357300178e-10,0.000825013294006098,aggregate,3,0.4496899909936132
resnet18_no_weights,IMAGENET100,fp32_unfused,layer1.1.conv1,74.79019165039062,7.278949851752259e-07,0.1298440827263726,1.263706571484767e-09,1.640848206097288e-10,,42,3,
resnet18_no_weights,IMAGENET100,fp32_unfused,layer1.1.conv1,71.91300964355469,8.308520023092569e-07,0.12484897507561578,1.4424513928980156e-09,1.8008857799971161e-10,,43,3,
resnet18_no_weights,IMAGENET100,fp32_unfused,layer1.1.conv1,77.97904968261719,2.0672185030434775e-07,0.13538029458787706,3.5889210122282594e-10,4.858691838880837e-11,,44,3,
resnet18_no_weights,IMAGENET100,fp32_unfused,layer1.1.conv1,74.89408365885417,5.884896125962769e-07,0.1300244507966218,1.0216833552018696e-09,1.3284381714817297e-10,0.0012028749858282138,aggregate,3,3.034354231289466
resnet18_no_weights,IMAGENET100,fp32_unfused,layer1.1.conv2,7.293059349060059,4.118793640373042e-06,0.012661561369895935,7.15068340342542e-09,9.053881674916729e-11,,42,3,
resnet18_no_weights,IMAGENET100,fp32_unfused,layer1.1.conv2,7.442742347717285,4.887778686679667e-06,0.012921427687009176,8.485726886596645e-09,1.0964770633686806e-10,,43,3,
resnet18_no_weights,IMAGENET100,fp32_unfused,layer1.1.conv2,7.137588024139404,1.1403975577195524e-06,0.012391645875242021,1.9798568710408895e-09,2.453368522960341e-11,,44,3,
resnet18_no_weights,IMAGENET100,fp32_unfused,layer1.1.conv2,7.291129906972249,3.382323294924087e-06,0.012658211644049044,5.872089053687651e-09,7.433014603428195e-11,0.000812455573130721,aggregate,3,0.15258631118041407
resnet18_no_weights,IMAGENET100,fp32_unfused,layer2.0.conv1,107.26221466064453,4.379890469863312e-06,0.1862191226747301,3.801988255089681e-09,7.080029172824283e-10,,42,3,
resnet18_no_weights,IMAGENET100,fp32_unfused,layer2.0.conv1,103.24220275878906,5.215877536102198e-06,0.1792399353451199,4.527671472310936e-09,8.115395419609559e-10,,43,3,
resnet18_no_weights,IMAGENET100,fp32_unfused,layer2.0.conv1,110.02536010742188,1.1858847983603482e-06,0.19101625018649632,1.02941388746558e-09,1.96634780673579e-10,,44,3,
resnet18_no_weights,IMAGENET100,fp32_unfused,layer2.0.conv1,106.84325917561848,3.5938842681086194e-06,0.18549176940211543,3.1196912049553987e-09,5.786770415953945e-10,0.0018679857340261892,aggregate,3,3.4109307641614315
resnet18_no_weights,IMAGENET100,fp32_unfused,layer2.0.conv2,10.670137405395508,3.6642206396209076e-05,0.009262272053294711,3.1807470830042604e-08,2.9460944815509034e-10,,42,3,
resnet18_no_weights,IMAGENET100,fp32_unfused,layer2.0.conv2,9.778241157531738,4.4519831135403365e-05,0.008488056560357412,3.864568674948209e-08,3.2802677494345896e-10,,43,3,
resnet18_no_weights,IMAGENET100,fp32_unfused,layer2.0.conv2,11.162581443786621,1.0298540473741014e-05,0.00968974083662033,8.93970527234463e-09,8.662342724478784e-11,,44,3,
resnet18_no_weights,IMAGENET100,fp32_unfused,layer2.0.conv2,10.536986668904623,3.0486859335117817e-05,0.009146689816757484,2.6464287617289772e-08,2.4206063005680555e-10,0.0007668379642483261,aggregate,3,0.7017095880833549
resnet18_no_weights,IMAGENET100,fp32_unfused,layer2.0.downsample.0,12.193214416503906,1.1225292837480083e-05,0.19051897525787354,8.769760029281315e-08,1.670805694036135e-08,,42,3,
resnet18_no_weights,IMAGENET100,fp32_unfused,layer2.0.downsample.0,11.754197120666504,1.449944556952687e-05,0.18365933001041412,1.1327691851192867e-07,2.0804362959545096e-08,,43,3,
resnet18_no_weights,IMAGENET100,fp32_unfused,layer2.0.downsample.0,12.53116512298584,3.195699264324503e-06,0.19579945504665375,2.496640050253518e-08,4.8884076128728905e-09,,44,3,
resnet18_no_weights,IMAGENET100,fp32_unfused,layer2.0.downsample.0,12.159525553385416,9.640145890443819e-06,0.18999258677164713,7.531363976909233e-08,1.4309033238917849e-08,0.010976795360652937,aggregate,3,0.3895780073113563
resnet18_no_weights,IMAGENET100,fp32_unfused,layer2.1.conv1,45.00504684448242,5.288336978992447e-06,0.03906688094139099,4.590570294264277e-09,1.7933926313910874e-10,,42,3,
resnet18_no_weights,IMAGENET100,fp32_unfused,layer2.1.conv1,43.36170196533203,6.814461812609807e-06,0.03764036628935072,5.915331434557124e-09,2.2265524191964058e-10,,43,3,
resnet18_no_weights,IMAGENET100,fp32_unfused,layer2.1.conv1,45.440555572509766,1.4012500741955591e-06,0.03944492671224806,1.2163629116280896e-09,4.7979345904666655e-11,,44,3,
resnet18_no_weights,IMAGENET100,fp32_unfused,layer2.1.conv1,44.60243479410807,4.501349621932604e-06,0.03871739131432992,3.907421546816497e-09,1.5128516905813862e-10,0.0005380680488514495,aggregate,3,1.0963486796402628
resnet18_no_weights,IMAGENET100,fp32_unfused,layer2.1.conv2,5.748196601867676,3.1661445973441005e-05,0.004989753994676802,2.7483894074167537e-08,1.3713787024585157e-10,,42,3,
resnet18_no_weights,IMAGENET100,fp32_unfused,layer2.1.conv2,5.76017427444458,3.7451565731316805e-05,0.0050001512798998095,3.251003969732361e-08,1.6255511660216627e-10,,43,3,
resnet18_no_weights,IMAGENET100,fp32_unfused,layer2.1.conv2,5.563602924346924,8.777218681643717e-06,0.004829516427384483,7.619113438926838e-09,3.6796633515403043e-11,,44,3,
resnet18_no_weights,IMAGENET100,fp32_unfused,layer2.1.conv2,5.69065793355306,2.5963410128800508e-05,0.004939807233987031,2.2537682403472664e-08,1.1133180657397649e-10,0.0004351000672495543,aggregate,3,0.1101957244332482
resnet18_no_weights,IMAGENET100,fp32_unfused,layer3.0.conv1,40.99448776245117,7.113622996257618e-05,0.035585492849349976,3.087509981014591e-08,1.0987056435169141e-09,,42,3,
resnet18_no_weights,IMAGENET100,fp32_unfused,layer3.0.conv1,38.5965461730957,8.686466753715649e-05,0.033503946330812245,3.770167861855751e-08,1.2631550170176824e-09,,43,3,
resnet18_no_weights,IMAGENET100,fp32_unfused,layer3.0.conv1,40.826229095458984,2.1651840143022127e-05,0.03543943497869703,9.397500062075576e-09,3.330420924122287e-10,,44,3,
resnet18_no_weights,IMAGENET100,fp32_unfused,layer3.0.conv1,40.13908767700195,5.9884245880918265e-05,0.03484295805295309,2.5991426163593e-08,9.056181715544982e-10,0.0004981889584918082,aggregate,3,1.3385266016069735
resnet18_no_weights,IMAGENET100,fp32_unfused,layer3.0.conv2,20.762149810791016,0.00013560877414420247,0.009011349744266935,5.885797488897677e-08,5.303897969638505e-10,,42,3,
resnet18_no_weights,IMAGENET100,fp32_unfused,layer3.0.conv2,19.40907859802246,0.00017401234072167426,0.008424079252613915,7.552618954933779e-08,6.362386064115624e-10,,43,3,
resnet18_no_weights,IMAGENET100,fp32_unfused,layer3.0.conv2,19.965999603271484,4.689977504312992e-05,0.008665798438919915,2.0355805140247362e-08,1.7639930440731357e-10,,44,3,
resnet18_no_weights,IMAGENET100,fp32_unfused,layer3.0.conv2,20.045742670694988,0.00011884029663633555,0.008700409145266921,5.157998985952064e-08,4.487670154865484e-10,0.00028682919542512134,aggregate,3,0.6800512071214372
resnet18_no_weights,IMAGENET100,fp32_unfused,layer3.0.downsample.0,4.71131706237793,7.749065844109282e-05,0.036807164549827576,3.026978845355188e-07,1.114145084498355e-08,,42,3,
resnet18_no_weights,IMAGENET100,fp32_unfused,layer3.0.downsample.0,4.516083240509033,9.963265620172024e-05,0.03528190031647682,3.891900632879697e-07,1.3731365017089452e-08,,43,3,
resnet18_no_weights,IMAGENET100,fp32_unfused,layer3.0.downsample.0,4.779611587524414,2.7366406357032247e-05,0.037340715527534485,1.0690002483215721e-07,3.991723417143955e-09,,44,3,
resnet18_no_weights,IMAGENET100,fp32_unfused,layer3.0.downsample.0,4.669003963470459,6.816324033328176e-05,0.03647659346461296,2.662626575518819e-07,9.712354714327453e-09,0.0007122135822202028,aggregate,3,0.13676474755773066
resnet18_no_weights,IMAGENET100,fp32_unfused,layer3.1.conv1,52.434783935546875,2.1252577425912023e-05,0.02275815274980333,9.22420895221876e-09,2.0992595633069788e-10,,42,3,
resnet18_no_weights,IMAGENET100,fp32_unfused,layer3.1.conv1,51.52681350708008,3.10722243739292e-05,0.02236406836244795,1.3486208495628993e-08,3.0160648874647316e-10,,43,3,
resnet18_no_weights,IMAGENET100,fp32_unfused,layer3.1.conv1,50.95903778076172,6.692854640277801e-06,0.02211763792567783,2.9048848265094622e-09,6.424919080853174e-11,,44,3,
resnet18_no_weights,IMAGENET100,fp32_unfused,layer3.1.conv1,51.640211741129555,1.967255214670634e-05,0.02241328634597637,8.538434091452405e-09,1.9137436823796934e-10,0.00015831766077515128,aggregate,3,0.7443796396698051
resnet18_no_weights,IMAGENET100,fp32_unfused,layer3.1.conv2,5.3199357986450195,0.00017437445058021694,0.0023089999126063455,7.56833552865525e-08,1.7475286074240472e-10,,42,3,
resnet18_no_weights,IMAGENET100,fp32_unfused,layer3.1.conv2,5.814460277557373,0.0002051885676337406,0.0025236372732453877,8.905753803547769e-08,2.2474892244980033e-10,,43,3,
resnet18_no_weights,IMAGENET100,fp32_unfused,layer3.1.conv2,5.370354175567627,6.240469519980252e-05,0.002330882888701227,2.7085371180469842e-08,6.31328282186785e-11,,44,3,
resnet18_no_weights,IMAGENET100,fp32_unfused,layer3.1.conv2,5.501583417256673,0.00014732257113792002,0.0023878400248509867,6.39420881675e-08,1.526834773989072e-10,0.00014076886870206578,aggregate,3,0.27212947371902824
resnet18_no_weights,IMAGENET100,fp32_unfused,layer4.0.conv1,37.71553039550781,0.0005285029183141887,0.01636958784527249,1.1469247359248887e-07,1.8774685216638417e-09,,42,3,
resnet18_no_weights,IMAGENET100,fp32_unfused,layer4.0.conv1,35.55494689941406,0.0006860895082354546,0.015431834591759576,1.4889095230804136e-07,2.297660548227258e-09,,43,3,
resnet18_no_weights,IMAGENET100,fp32_unfused,layer4.0.conv1,36.5459098815918,0.00021855291561223567,0.015861940052774217,4.742901814501642e-08,7.523162425781911e-10,,44,3,
resnet18_no_weights,IMAGENET100,fp32_unfused,layer4.0.conv1,36.605462392171226,0.00047771511405395967,0.015887787496602093,1.0367081468184889e-07,1.6470998732648315e-09,0.00023366974492091688,aggregate,3,1.081522138948347
resnet18_no_weights,IMAGENET100,fp32_unfused,layer4.0.conv2,12.473520278930664,0.001613440690562129,0.0027069271438651616,3.50139038750462e-07,9.478008681204814e-10,,42,3,
resnet18_no_weights,IMAGENET100,fp32_unfused,layer4.0.conv2,12.106071472167969,0.001959138782694936,0.002627185649342007,4.2516032610567185e-07,1.116975107414389e-09,,43,3,
resnet18_no_weights,IMAGENET100,fp32_unfused,layer4.0.conv2,12.599932670593262,0.0005953083164058626,0.002734360388583607,1.2919017283113337e-07,3.532524911837212e-10,,44,3,
resnet18_no_weights,IMAGENET100,fp32_unfused,layer4.0.conv2,12.393174807230631,0.0013892959298876424,0.002689491060596925,3.014965125624224e-07,8.108721753377835e-10,0.00011728316406075509,aggregate,3,0.2565468123842941
resnet18_no_weights,IMAGENET100,fp32_unfused,layer4.0.downsample.0,5.026272773742676,0.0007111874874681234,0.019633878022432327,1.3890380614611786e-06,2.727220386724464e-08,,42,3,
resnet18_no_weights,IMAGENET100,fp32_unfused,layer4.0.downsample.0,4.7190680503845215,0.000770330720115453,0.018433859571814537,1.5045521877254942e-06,2.7734703746998103e-08,,43,3,
resnet18_no_weights,IMAGENET100,fp32_unfused,layer4.0.downsample.0,4.859560012817383,0.00024264563398901373,0.0189826563000679,4.7391725388479244e-07,8.996208345167035e-09,,44,3,
resnet18_no_weights,IMAGENET100,fp32_unfused,layer4.0.downsample.0,4.868300278981526,0.0005747212805241967,0.019016797964771587,1.1225025010238217e-06,2.134640327692083e-08,0.00041448532598830447,aggregate,3,0.15378875024804345
resnet18_no_weights,IMAGENET100,fp32_unfused,layer4.1.conv1,29.929988861083984,0.00034344955929555,0.006495223277144962,7.453332449990234e-08,4.841105842147645e-10,,42,3,
resnet18_no_weights,IMAGENET100,fp32_unfused,layer4.1.conv1,29.468236923217773,0.0004361093451734632,0.006395016693406635,9.464178497688005e-08,6.052357948209492e-10,,43,3,
resnet18_no_weights,IMAGENET100,fp32_unfused,layer4.1.conv1,32.69795227050781,0.00012887082993984222,0.0070959097809261745,2.7966759969583816e-08,1.984496056089844e-10,,44,3,
resnet18_no_weights,IMAGENET100,fp32_unfused,layer4.1.conv1,30.698726018269856,0.0003028099114696185,0.006662049917159257,6.571395648212206e-08,4.377896583379283e-10,6.920113006578966e-05,aggregate,3,1.7467063058107013
resnet18_no_weights,IMAGENET100,fp32_unfused,layer4.1.conv2,8.446166038513184,0.0001371871621813625,0.0018329353382190068,2.9771519570608184e-08,5.4569270293446494e-11,,42,3,
resnet18_no_weights,IMAGENET100,fp32_unfused,layer4.1.conv2,7.498514175415039,0.0002106798638124019,0.0016272817220952776,4.5720456556510826e-08,7.440006328026126e-11,,43,3,
resnet18_no_weights,IMAGENET100,fp32_unfused,layer4.1.conv2,8.593451499938965,5.912582855671644e-05,0.00186489832897981,1.2831125988870756e-08,2.3928745415574484e-11,,44,3,
resnet18_no_weights,IMAGENET100,fp32_unfused,layer4.1.conv2,8.179377237955729,0.00013566428485016027,0.0017750384630980315,2.9441034038663255e-08,5.2258967812005655e-11,2.118684563435108e-05,aggregate,3,0.5942256593551536
resnet18_no_weights,IMAGENET100,fp32_fused,conv1,199.3906707763672,3.769162276512361e-06,1.356399120927668,1.2019012361327682e-09,1.6302577801323644e-09,,42,3,
resnet18_no_weights,IMAGENET100,fp32_fused,conv1,197.70016479492188,4.733855348604266e-06,1.3448990802375638,1.5095202004477887e-09,2.0301523291822537e-09,,43,3,
resnet18_no_weights,IMAGENET100,fp32_fused,conv1,178.06353759765625,1.1560995289983111e-06,1.2113165822969814,3.686541865428288e-10,4.465569292925332e-10,,44,3,
resnet18_no_weights,IMAGENET100,fp32_fused,conv1,191.71812438964844,3.2197057180383126e-06,1.3042049278207377,1.026691874374462e-09,1.339016601912683e-09,0.10067890222020341,aggregate,3,11.855389405808703
resnet18_no_weights,IMAGENET100,fp32_fused,fc,155.5987548828125,0.0005270830588415265,0.30390381813049316,5.270830588415265e-06,1.601825540538393e-06,,42,3,
resnet18_no_weights,IMAGENET100,fp32_fused,fc,147.45010375976562,0.0007191537879407406,0.28798848390579224,7.1915378794074054e-06,2.071080090841615e-06,,43,3,
resnet18_no_weights,IMAGENET100,fp32_fused,fc,176.37158203125,0.00038122732075862586,0.34447574615478516,3.812273207586259e-06,1.3132356577291726e-06,,44,3,
resnet18_no_weights,IMAGENET100,fp32_fused,fc,159.80681355794272,0.0005424880558469644,0.31212268273035687,5.424880558469643e-06,1.6932282734013015e-06,0.00010779730911322293,aggregate,3,14.912873455910153
resnet18_no_weights,IMAGENET100,fp32_fused,layer1.0.conv1,59.508941650390625,4.514148713496979e-06,0.10331413480970594,7.837063738710034e-09,8.096794596133465e-10,,42,3,
resnet18_no_weights,IMAGENET100,fp32_fused,layer1.0.conv1,53.11837387084961,5.500600764207775e-06,0.09221939908133613,9.549654104527386e-09,8.806633629541306e-10,,43,3,
resnet18_no_weights,IMAGENET100,fp32_fused,layer1.0.conv1,62.963069915771484,1.3528110685001593e-06,0.1093108852704366,2.348630327257221e-09,2.5673086024548204e-10,,44,3,
resnet18_no_weights,IMAGENET100,fp32_fused,layer1.0.conv1,58.530128479003906,3.789186848734971e-06,0.10161480638715956,6.578449390164881e-09,6.684678611093322e-10,0.005930267348306681,aggregate,3,4.994803947362218
resnet18_no_weights,IMAGENET100,fp32_fused,layer1.0.conv2,11.372206687927246,2.3302673071157187e-06,0.01974341438876258,4.045602963742567e-09,7.987401576557554e-11,,42,3,
resnet18_no_weights,IMAGENET100,fp32_fused,layer1.0.conv2,11.304040908813477,2.793440671666758e-06,0.01962507102224562,4.849723388310344e-09,9.517616593383617e-11,,43,3,
resnet18_no_weights,IMAGENET100,fp32_fused,layer1.0.conv2,10.561737060546875,6.675323902527452e-07,0.018336349063449435,1.1589103997443493e-09,2.125018562297411e-11,,44,3,
resnet18_no_weights,IMAGENET100,fp32_fused,layer1.0.conv2,11.079328219095865,1.930413456345074e-06,0.01923494482481921,3.351412250599087e-09,6.44642297254966e-11,0.0006782263387167067,aggregate,3,0.44954098691511074
resnet18_no_weights,IMAGENET100,fp32_fused,layer1.1.conv1,74.79122924804688,1.76885669134208e-06,0.1298458841111925,3.0709317558022224e-09,3.9874784887727626e-10,,42,3,
resnet18_no_weights,IMAGENET100,fp32_fused,layer1.1.conv1,71.91436004638672,1.9603644432208966e-06,0.12485131952497694,3.4034104917029455e-09,4.2492029077426335e-10,,43,3,
resnet18_no_weights,IMAGENET100,fp32_fused,layer1.1.conv1,77.97940063476562,4.976876653017825e-07,0.13538090387980142,8.640410855933725e-10,1.1697466315691564e-10,,44,3,
resnet18_no_weights,IMAGENET100,fp32_fused,layer1.1.conv1,74.8949966430664,1.4089695999549197e-06,0.13002603583865696,2.4461277776995137e-09,3.1806029808909127e-10,0.0029846474545559398,aggregate,3,3.0338515271635726
resnet18_no_weights,IMAGENET100,fp32_fused,layer1.1.conv2,7.2925333976745605,1.0570918220764725e-06,0.012660648259851668,1.8352288577716536e-09,2.323518704457625e-11,,42,3,
resnet18_no_weights,IMAGENET100,fp32_fused,layer1.1.conv2,7.44187593460083,1.376987370349525e-06,0.012919923497570885,2.390603073523481e-09,3.08864088229812e-11,,43,3,
resnet18_no_weights,IMAGENET100,fp32_fused,layer1.1.conv2,7.137198448181152,2.962185874366696e-07,0.012390969528092278,5.142683809664403e-10,6.372283837816513e-12,,44,3,
resnet18_no_weights,IMAGENET100,fp32_fused,layer1.1.conv2,7.290535926818848,9.100992599542224e-07,0.012657180428504944,1.580033437420525e-09,1.999876830050246e-11,0.00027996680945153643,aggregate,3,0.1523485644832855
resnet18_no_weights,IMAGENET100,fp32_fused,layer2.0.conv1,107.26496887207031,1.8435503079672344e-05,0.18622390429178873,1.6003040867771133e-08,2.9801487509373953e-09,,42,3,
resnet18_no_weights,IMAGENET100,fp32_fused,layer2.0.conv1,103.24493408203125,2.1597939849016257e-05,0.1792446772257487,1.8748211674493277e-08,3.3605171501545606e-09,,43,3,
resnet18_no_weights,IMAGENET100,fp32_fused,layer2.0.conv1,110.0276107788086,4.992856702301651e-06,0.19102015760209826,4.334076998525739e-09,8.278960713180156e-10,,44,3,
resnet18_no_weights,IMAGENET100,fp32_fused,layer2.0.conv1,106.84583791097005,1.5008766543663418e-05,0.18549624637321188,1.3028443180263383e-08,2.4167273060255287e-09,0.006745850804181379,aggregate,3,3.4107079712526294
resnet18_no_weights,IMAGENET100,fp32_fused,layer2.0.conv2,10.66970443725586,8.728974535188172e-06,0.009261896212895712,7.577234839573066e-09,7.017956266486322e-11,,42,3,
resnet18_no_weights,IMAGENET100,fp32_fused,layer2.0.conv2,9.777984619140625,1.0996364835591521e-05,0.008487833870781792,9.545455586450974e-09,8.102024123872185e-11,,43,3,
resnet18_no_weights,IMAGENET100,fp32_fused,layer2.0.conv2,11.162109375,2.5015322080435e-06,0.0096893310546875,2.1714689305933157e-09,2.104008134348687e-11,,44,3,
resnet18_no_weights,IMAGENET100,fp32_fused,layer2.0.conv2,10.536599477132162,7.408957192941064e-06,0.009146353712788335,6.431386452205785e-09,5.882373535550898e-11,0.00019597902029528524,aggregate,3,0.7015967736191794
resnet18_no_weights,IMAGENET100,fp32_fused,layer2.0.downsample.0,12.193568229675293,8.728974535188172e-06,0.19052450358867645,6.81951135561576e-08,1.2992840157460346e-08,,42,3,
resnet18_no_weights,IMAGENET100,fp32_fused,layer2.0.downsample.0,11.754535675048828,1.0996364835591521e-05,0.18366461992263794,8.590910027805876e-08,1.577846225046545e-08,,43,3,
resnet18_no_weights,IMAGENET100,fp32_fused,layer2.0.downsample.0,12.531452178955078,2.5015322080435e-06,0.1958039402961731,1.9543220375339843e-08,3.826639555567996e-09,,44,3,
resnet18_no_weights,IMAGENET100,fp32_fused,layer2.0.downsample.0,12.159852027893066,7.408957192941064e-06,0.18999768793582916,5.788247806985206e-08,1.0997537005268227e-08,0.008313259084954755,aggregate,3,0.38955410433910515
resnet18_no_weights,IMAGENET100,fp32_fused,layer2.1.conv1,45.006988525390625,6.733889676979743e-06,0.03906856642829047,5.845390344600471e-09,2.2837102097731123e-10,,42,3,
resnet18_no_weights,IMAGENET100,fp32_fused,layer2.1.conv1,43.3638801574707,8.153851013048552e-06,0.03764225708113776,7.0779956710490905e-09,2.6643173266881003e-10,,43,3,
resnet18_no_weights,IMAGENET100,fp32_fused,layer2.1.conv1,45.44199752807617,1.7348884284729138e-06,0.03944617840978834,1.50597953860496e-09,5.940513756130197e-11,,44,3,
resnet18_no_weights,IMAGENET100,fp32_fused,layer2.1.conv1,44.604288736979164,5.540876372833736e-06,0.038719000639738856,4.80978851808484e-09,1.8623020470873554e-10,0.000621824910617031,aggregate,3,1.0960238552116564
resnet18_no_weights,IMAGENET100,fp32_fused,layer2.1.conv2,5.749079704284668,7.910506610642187e-06,0.004990520576635997,6.866759210626899e-09,3.42687031354383e-11,,42,3,
resnet18_no_weights,IMAGENET100,fp32_fused,layer2.1.conv2,5.761092662811279,9.948188562702853e-06,0.00500094849202368,8.63558034956845e-09,4.318609252692367e-11,,43,3,
resnet18_no_weights,IMAGENET100,fp32_fused,layer2.1.conv2,5.564214706420898,2.287572897330392e-06,0.0048300474882125854,1.9857403622659655e-09,9.591220249005076e-12,,44,3,
resnet18_no_weights,IMAGENET100,fp32_fused,layer2.1.conv2,5.691462357838948,6.715422690225144e-06,0.004940505518957421,5.829359974153772e-09,2.87999851242962e-11,0.00012814315520284444,aggregate,3,0.11036327009788047
resnet18_no_weights,IMAGENET100,fp32_fused,layer3.0.conv1,40.99567794799805,7.147374708438292e-05,0.035586525996526085,3.1021591616485644e-08,1.1039506765136821e-09,,42,3,
resnet18_no_weights,IMAGENET100,fp32_fused,layer3.0.conv1,38.59748458862305,8.753737347433344e-05,0.03350476092762417,3.799365168156833e-08,1.272968216358373e-09,,43,3,
resnet18_no_weights,IMAGENET100,fp32_fused,layer3.0.conv1,40.82737350463867,2.1754689441877417e-05,0.03544042838944329,9.44213951470374e-09,3.3463346931399075e-10,,44,3,
resnet18_no_weights,IMAGENET100,fp32_fused,layer3.0.conv1,40.14017868041992,6.0255270000197925e-05,0.034843905104531184,2.6152460937585904e-08,9.112538671592018e-10,0.0004514218254096092,aggregate,3,1.3386599239770967
resnet18_no_weights,IMAGENET100,fp32_fused,layer3.0.conv2,20.761810302734375,3.7588128179777414e-05,0.009011202388339572,1.631429174469506e-08,1.4701138473386468e-10,,42,3,
resnet18_no_weights,IMAGENET100,fp32_fused,layer3.0.conv2,19.408653259277344,4.6496516006300226e-05,0.00842389464378357,2.018077951662336e-08,1.700007604774607e-10,,43,3,
resnet18_no_weights,IMAGENET100,fp32_fused,layer3.0.conv2,19.96578025817871,1.2741184946207795e-05,0.008665703237056732,5.530028188458244e-09,4.792158317373758e-11,,44,3,
resnet18_no_weights,IMAGENET100,fp32_fused,layer3.0.conv2,20.045414606730144,3.2275276377428476e-05,0.008700266756393292,1.4008366483258888e-08,1.218765252256713e-10,8.321495123399185e-05,aggregate,3,0.6800843463617228
resnet18_no_weights,IMAGENET100,fp32_fused,layer3.0.downsample.0,4.711459636688232,3.7588128179777414e-05,0.036808278411626816,1.4682862570225552e-07,5.404508933645166e-09,,42,3,
resnet18_no_weights,IMAGENET100,fp32_fused,layer3.0.downsample.0,4.516231060028076,4.6496516006300226e-05,0.035283055156469345,1.8162701564961026e-07,6.40835601107012e-09,,43,3,
resnet18_no_weights,IMAGENET100,fp32_fused,layer3.0.downsample.0,4.779733657836914,1.2741184946207795e-05,0.03734166920185089,4.97702536961242e-08,1.8585043496128665e-09,,44,3,
resnet18_no_weights,IMAGENET100,fp32_fused,layer3.0.downsample.0,4.669141451517741,3.2275276377428476e-05,0.03647766758998235,1.2607529834932998e-07,4.59893282449471e-09,0.00035099894961661894,aggregate,3,0.13675352412312655
resnet18_no_weights,IMAGENET100,fp32_fused,layer3.1.conv1,52.432594299316406,2.5562152586644515e-05,0.02275720238685608,1.1094684282397793e-08,2.524839756327977e-10,,42,3,
resnet18_no_weights,IMAGENET100,fp32_fused,layer3.1.conv1,51.52425765991211,3.646063123596832e-05,0.022362959053781297,1.5824926751722362e-08,3.5389218897785544e-10,,43,3,
resnet18_no_weights,IMAGENET100,fp32_fused,layer3.1.conv1,50.956546783447266,8.187944331439212e-06,0.022116556763648987,3.5537952827427137e-09,7.859771509716722e-11,,44,3,
resnet18_no_weights,IMAGENET100,fp32_fused,layer3.1.conv1,51.63779958089193,2.3403576051350683e-05,0.022412239401428787,1.0157802105620956e-08,2.2765909258351428e-10,0.00020719263992642712,aggregate,3,0.7445454271840676
resnet18_no_weights,IMAGENET100,fp32_fused,layer3.1.conv2,5.319752216339111,4.060058927279897e-05,0.0023089202327860724,1.762178353854122e-08,4.0687292549914374e-11,,42,3,
resnet18_no_weights,IMAGENET100,fp32_fused,layer3.1.conv2,5.814120769500732,4.672433715313673e-05,0.002523489917318026,2.0279660222715595e-08,5.117551809865824e-11,,43,3,
resnet18_no_weights,IMAGENET100,fp32_fused,layer3.1.conv2,5.370021343231201,1.4568086044164374e-05,0.0023307384302218757,6.322954012224121e-09,1.473715190881636e-11,,44,3,
resnet18_no_weights,IMAGENET100,fp32_fused,layer3.1.conv2,5.501298109690349,3.396433749003336e-05,0.0023877161934419914,1.4741465924493646e-08,3.519843690298679e-11,3.5143778119545236e-05,aggregate,3,0.2720758325315862
resnet18_no_weights,IMAGENET100,fp32_fused,layer4.0.conv1,37.71482849121094,0.00039491162169724703,0.016369283199310303,8.570130679193728e-08,1.4028689614281969e-09,,42,3,
resnet18_no_weights,IMAGENET100,fp32_fused,layer4.0.conv1,35.553924560546875,0.0005209397058933973,0.015431390868292915,1.1305115145256019e-07,1.7445365061750366e-09,,43,3,
resnet18_no_weights,IMAGENET100,fp32_fused,layer4.0.conv1,36.544822692871094,0.0001639039983274415,0.015861468182669744,3.556944408147602e-08,5.641836055735826e-10,,44,3,
resnet18_no_weights,IMAGENET100,fp32_fused,layer4.0.conv1,36.60452524820963,0.0003599184419726953,0.01588738075009099,7.81073007753245e-08,1.2409204267794574e-09,0.00016216179765588432,aggregate,3,1.0816883773644388
resnet18_no_weights,IMAGENET100,fp32_fused,layer4.0.conv2,12.473010063171387,0.00015808703028596938,0.0027068164199590683,3.430708122525377e-08,9.286297078138637e-11,,42,3,
resnet18_no_weights,IMAGENET100,fp32_fused,layer4.0.conv2,12.105546951293945,0.0001821813202695921,0.002627071821027332,3.953587679461634e-08,1.03863587846745e-10,,43,3,
resnet18_no_weights,IMAGENET100,fp32_fused,layer4.0.conv2,12.599345207214355,5.567809785134159e-05,0.0027342329008711707,1.2082920540655728e-08,3.303751888087296e-11,,44,3,
resnet18_no_weights,IMAGENET100,fp32_fused,layer4.0.conv2,12.392634073893229,0.0001319821494689677,0.0026893737139525235,2.864195952017528e-08,7.702893304965163e-11,1.1283951472223651e-05,aggregate,3,0.25652369116095614
resnet18_no_weights,IMAGENET100,fp32_fused,layer4.0.downsample.0,5.026158809661865,0.00015808703028596938,0.01963343285024166,3.0876373102728394e-07,6.062091979714257e-09,,42,3,
resnet18_no_weights,IMAGENET100,fp32_fused,layer4.0.downsample.0,4.718979835510254,0.0001821813202695921,0.01843351498246193,3.558228911515471e-07,6.559066595144963e-09,,43,3,
resnet18_no_weights,IMAGENET100,fp32_fused,layer4.0.downsample.0,4.859412670135498,5.567809785134159e-05,0.01898208074271679,1.0874628486590154e-07,2.064230759795024e-09,,44,3,
resnet18_no_weights,IMAGENET100,fp32_fused,layer4.0.downsample.0,4.868183771769206,0.0001319821494689677,0.01901634285847346,2.577776356815775e-07,4.9019879013675406e-09,8.917470827114887e-05,aggregate,3,0.15377720802547656
resnet18_no_weights,IMAGENET100,fp32_fused,layer4.1.conv1,29.92923927307129,0.00011934714711969718,0.006495060606135262,2.589998852423984e-08,1.6822199516314557e-10,,42,3,
resnet18_no_weights,IMAGENET100,fp32_fused,layer4.1.conv1,29.466026306152344,0.00013307495100889355,0.006394536958800422,2.887911263213836e-08,1.8466855306356886e-10,,43,3,
resnet18_no_weights,IMAGENET100,fp32_fused,layer4.1.conv1,32.696529388427734,3.939814996556379e-05,0.007095600995752547,8.549945739054642e-09,6.066700349966636e-11,,44,3,
resnet18_no_weights,IMAGENET100,fp32_fused,layer4.1.conv1,30.69726498921712,9.727341603138484e-05,0.006661732853562744,2.1109682298477615e-08,1.4062706409604024e-10,2.3738872199736106e-05,aggregate,3,1.746835758348131
resnet18_no_weights,IMAGENET100,fp32_fused,layer4.1.conv2,8.446673393249512,4.0819631408339774e-07,0.0018330454412433836,8.858426954934846e-11,1.6237899146330828e-13,,42,3,
resnet18_no_weights,IMAGENET100,fp32_fused,layer4.1.conv2,7.498576641082764,5.697125970982597e-07,0.0016272952780127525,1.2363554624528206e-10,2.011915405994748e-13,,43,3,
resnet18_no_weights,IMAGENET100,fp32_fused,layer4.1.conv2,8.59334945678711,1.7388248352290248e-07,0.0018648761841985914,3.773491395896321e-11,7.037094235485347e-14,,44,3,
resnet18_no_weights,IMAGENET100,fp32_fused,layer4.1.conv2,8.179533163706461,3.8393046490152e-07,0.0017750723011515758,8.331824325119791e-11,1.4789590577581063e-13,5.8108709679429556e-08,aggregate,3,0.5942682947806828
resnet18_no_weights,IMAGENET100,ptq,conv1,199.3906707763672,2.391571797488723e-06,1.356399120927668,7.626185578726795e-10,1.0344151415016284e-09,,42,3,
resnet18_no_weights,IMAGENET100,ptq,conv1,197.70016479492188,2.7962180411122972e-06,1.3448990802375638,8.916511610689723e-10,1.1991808264144166e-09,,43,3,
resnet18_no_weights,IMAGENET100,ptq,conv1,178.06353759765625,1.2908461712868302e-06,1.2113165822969814,4.1162186584401473e-10,4.986043917328785e-10,,44,3,
resnet18_no_weights,IMAGENET100,ptq,conv1,191.71812438964844,2.1595453366292836e-06,1.3042049278207377,6.886305282618888e-10,8.981153284069532e-10,0.11895576815486225,aggregate,3,11.855389405808703
resnet18_no_weights,IMAGENET100,ptq,fc,151.64720153808594,0.000642096740193665,0.2961859405040741,6.4209674019366505e-06,1.901800268888608e-06,,42,3,
resnet18_no_weights,IMAGENET100,ptq,fc,131.71923828125,0.0007490880670957267,0.2572641372680664,7.490880670957268e-06,1.9271349531918557e-06,,43,3,
resnet18_no_weights,IMAGENET100,ptq,fc,170.17808532714844,0.0005043980199843645,0.3323790729045868,5.043980199843645e-06,1.6765134625731231e-06,,44,3,
resnet18_no_weights,IMAGENET100,ptq,fc,151.18150838216147,0.0006318609424245855,0.2952763835589091,6.318609424245854e-06,1.8657361399125568e-06,0.00011461382056586445,aggregate,3,19.233652321167682
resnet18_no_weights,IMAGENET100,ptq,layer1.0.conv1,73.88941955566406,3.051682369914488e-06,0.128280242284139,5.2980596699904305e-09,6.79636378102198e-10,,42,3,
resnet18_no_weights,IMAGENET100,ptq,layer1.0.conv1,66.81547546386719,3.5068835586571367e-06,0.11599908934699164,6.088339511557529e-09,7.062418389759813e-10,,43,3,
resnet18_no_weights,IMAGENET100,ptq,layer1.0.conv1,76.25437927246094,1.63717982104572e-06,0.13238607512580025,2.842326078204375e-09,3.762843937211856e-10,,44,3,
resnet18_no_weights,IMAGENET100,ptq,layer1.0.conv1,72.31975809733073,2.7319152498724484e-06,0.12555513558564363,4.742908419917445e-09,5.954965097330256e-10,0.005754294819026081,aggregate,3,4.911324067632297
resnet18_no_weights,IMAGENET100,ptq,layer1.0.conv2,11.999371528625488,1.8125651877198834e-06,0.020832242237197027,3.1468145620136863e-09,6.555520323140818e-11,,42,3,
resnet18_no_weights,IMAGENET100,ptq,layer1.0.conv2,11.72541332244873,1.8743711507340777e-06,0.02035662035147349,3.2541165811355515e-09,6.624281582161131e-11,,43,3,
resnet18_no_weights,IMAGENET100,ptq,layer1.0.conv2,11.088946342468262,1.0493620266061043e-06,0.019251642955674067,1.8218090739689312e-09,3.507281782545707e-11,,44,3,
resnet18_no_weights,IMAGENET100,ptq,layer1.0.conv2,11.60457706451416,1.5787661216866884e-06,0.020146835181448195,2.7409134057060565e-09,5.522073063138177e-11,0.0006027129539116113,aggregate,3,0.4670862402395062
resnet18_no_weights,IMAGENET100,ptq,layer1.1.conv1,90.41368865966797,1.3165970358386403e-06,0.15696820947859022,2.285758742775417e-09,3.587914571534907e-10,,42,3,
resnet18_no_weights,IMAGENET100,ptq,layer1.1.conv1,87.12586975097656,1.3400638181337854e-06,0.15126019053988987,2.3264996842600443e-09,3.519067855321679e-10,,43,3,
resnet18_no_weights,IMAGENET100,ptq,layer1.1.conv1,93.22197723388672,7.70855422160821e-07,0.16184371047549778,1.3382906634736476e-09,2.1659392667129086e-10,,44,3,
resnet18_no_weights,IMAGENET100,ptq,layer1.1.conv1,90.25384521484375,1.142505425377749e-06,0.15669070349799263,1.9835163635030364e-09,3.1079857439707086e-10,0.0029814602858904333,aggregate,3,3.051195512571794
resnet18_no_weights,IMAGENET100,ptq,layer1.1.conv2,7.852667808532715,9.561387059875415e-07,0.013633103834258186,1.6599630312283706e-09,2.263044836576634e-11,,42,3,
resnet18_no_weights,IMAGENET100,ptq,layer1.1.conv2,8.202696800231934,9.68021140579367e-07,0.014240793055958219,1.68059225795029e-09,2.3932966556915634e-11,,43,3,
resnet18_no_weights,IMAGENET100,ptq,layer1.1.conv2,7.415771961212158,5.524192374650738e-07,0.012874604099326663,9.590611761546421e-10,1.2347532950025606e-11,,44,3,
resnet18_no_weights,IMAGENET100,ptq,layer1.1.conv2,7.823712189992269,8.255263613439942e-07,0.013582833663181023,1.4332054884444344e-09,1.9466991754698863e-11,0.0002954348113515736,aggregate,3,0.39426069605068387
resnet18_no_weights,IMAGENET100,ptq,layer2.0.conv1,120.04945373535156,1.4726427252753638e-05,0.20841919051276314,1.2783356990237532e-08,2.6642969159409787e-09,,42,3,
resnet18_no_weights,IMAGENET100,ptq,layer2.0.conv1,116.04166412353516,1.5070454537635669e-05,0.20146122243669298,1.3081991786142074e-08,2.635514057142959e-09,,43,3,
resnet18_no_weights,IMAGENET100,ptq,layer2.0.conv1,124.11176300048828,8.808818165562116e-06,0.2154718107647366,7.646543546494891e-09,1.647614584054665e-09,,44,3,
resnet18_no_weights,IMAGENET100,ptq,layer2.0.conv1,120.067626953125,1.2868566651983807e-05,0.20845074123806423,1.1170630774291499e-08,2.328526264997794e-09,0.007065266453557544,aggregate,3,4.035080131835452
resnet18_no_weights,IMAGENET100,ptq,layer2.0.conv2,10.380765914916992,8.04445971880341e-06,0.009011081523365445,6.983037950350182e-09,6.292472425136023e-11,,42,3,
resnet18_no_weights,IMAGENET100,ptq,layer2.0.conv2,9.7753324508667,8.10145320429001e-06,0.008485531641377343,7.0325114620573e-09,5.967459852963606e-11,,43,3,
resnet18_no_weights,IMAGENET100,ptq,layer2.0.conv2,11.043203353881836,4.798392183147371e-06,0.009586114022466872,4.165270992315426e-09,3.992876266680941e-11,,44,3,
resnet18_no_weights,IMAGENET100,ptq,layer2.0.conv2,10.39976723988851,6.981435035413597e-06,0.009027575729069887,6.060273468240969e-09,5.470957767341836e-11,0.00017756951337234738,aggregate,3,0.6341489923047339
resnet18_no_weights,IMAGENET100,ptq,layer2.0.downsample.0,13.66965389251709,8.04445971880341e-06,0.21358834207057953,6.284734155315164e-08,1.3423459485881099e-08,,42,3,
resnet18_no_weights,IMAGENET100,ptq,layer2.0.downsample.0,13.236613273620605,8.10145320429001e-06,0.20682208240032196,6.32926031585157e-08,1.3090307985781413e-08,,43,3,
resnet18_no_weights,IMAGENET100,ptq,layer2.0.downsample.0,14.149271011352539,4.798392183147371e-06,0.22108235955238342,3.7487438930838834e-08,8.287811452405727e-09,,44,3,
resnet18_no_weights,IMAGENET100,ptq,layer2.0.downsample.0,13.685179392496744,6.981435035413597e-06,0.21383092800776163,5.4542461214168725e-08,1.1662865097253044e-08,0.007531094335789941,aggregate,3,0.4565269076655903
resnet18_no_weights,IMAGENET100,ptq,layer2.1.conv1,47.355899810791016,5.6776129895297345e-06,0.04110755191908942,4.928483497855672e-09,2.025978912704775e-10,,42,3,
resnet18_no_weights,IMAGENET100,ptq,layer2.1.conv1,46.15047073364258,5.475940724863904e-06,0.04006117251184252,4.7534207681110274e-09,1.9042760941267083e-10,,43,3,
resnet18_no_weights,IMAGENET100,ptq,layer2.1.conv1,49.166770935058594,3.242601451347582e-06,0.04267948865890503,2.814758204294776e-09,1.2013244085775878e-10,,44,3,
resnet18_no_weights,IMAGENET100,ptq,layer2.1.conv1,47.5577138264974,4.798718388580407e-06,0.04128273769661232,4.1655541567538255e-09,1.7196547961430132e-10,0.0006044667895112968,aggregate,3,1.5182435242632275
resnet18_no_weights,IMAGENET100,ptq,layer2.1.conv2,5.223499298095703,7.157193067541812e-06,0.00453428758515252,6.212841204463378e-09,2.8170808741922324e-11,,42,3,
resnet18_no_weights,IMAGENET100,ptq,layer2.1.conv2,5.311821937561035,7.1703871071804315e-06,0.004610956543021732,6.224294363871902e-09,2.8699950822788434e-11,,43,3,
resnet18_no_weights,IMAGENET100,ptq,layer2.1.conv2,5.337129592895508,4.310334134061122e-06,0.004632924993832906,3.741609491372502e-09,1.733459612974209e-11,,44,3,
resnet18_no_weights,IMAGENET100,ptq,layer2.1.conv2,5.290816942850749,6.212638102927788e-06,0.004592723040669052,5.392915019902594e-09,2.4768165068276844e-11,0.00011212763162387281,aggregate,3,0.05965625135857098
resnet18_no_weights,IMAGENET100,ptq,layer3.0.conv1,42.70627975463867,6.691477756248787e-05,0.037071423398123846,2.9042872205940917e-08,1.0766606122440388e-09,,42,3,
resnet18_no_weights,IMAGENET100,ptq,layer3.0.conv1,41.01004409790039,6.542123446706682e-05,0.03559899661276075,2.8394633015219977e-08,1.0108204445294007e-09,,43,3,
resnet18_no_weights,IMAGENET100,ptq,layer3.0.conv1,43.70587921142578,4.0409795474261045e-05,0.03793913125991821,1.7538973730148022e-08,6.654134265123431e-10,,44,3,
resnet18_no_weights,IMAGENET100,ptq,layer3.0.conv1,42.47406768798828,5.758193583460525e-05,0.036869850423600935,2.4992159650436306e-08,9.214571880743413e-10,0.0005262498102829228,aggregate,3,1.362836590627302
resnet18_no_weights,IMAGENET100,ptq,layer3.0.conv2,22.06260871887207,4.035431265947409e-05,0.009575785034232669,1.7514892647341185e-08,1.6771884688860152e-10,,42,3,
resnet18_no_weights,IMAGENET100,ptq,layer3.0.conv2,20.93471336364746,3.8585018046433106e-05,0.009086247119638655,1.6746969638208814e-08,1.5216710463785085e-10,,43,3,
resnet18_no_weights,IMAGENET100,ptq,layer3.0.conv2,22.04595184326172,2.5032499252120033e-05,0.009568555487526787,1.0864800022621543e-08,1.0396044187733653e-10,,44,3,
resnet18_no_weights,IMAGENET100,ptq,layer3.0.conv2,21.68109130859375,3.465727665267574e-05,0.009410195880466037,1.5042220769390513e-08,1.4155024391717927e-10,7.729499274942693e-05,aggregate,3,0.6464359136085795
resnet18_no_weights,IMAGENET100,ptq,layer3.0.downsample.0,4.977706432342529,4.035431265947409e-05,0.03888833150267601,1.5763403382607066e-07,6.1301245635322796e-09,,42,3,
resnet18_no_weights,IMAGENET100,ptq,layer3.0.downsample.0,4.83854341506958,3.8585018046433106e-05,0.037801120430231094,1.5072272674387932e-07,5.697487945218195e-09,,43,3,
resnet18_no_weights,IMAGENET100,ptq,layer3.0.downsample.0,5.169554233551025,2.5032499252120033e-05,0.040387142449617386,9.778320020359388e-08,3.949184035802002e-09,,44,3,
resnet18_no_weights,IMAGENET100,ptq,layer3.0.downsample.0,4.995268026987712,3.465727665267574e-05,0.0390255314608415,1.353799869245146e-07,5.283275938890956e-09,0.00034991330903721973,aggregate,3,0.16620273070199645
resnet18_no_weights,IMAGENET100,ptq,layer3.1.conv1,57.38425827026367,2.5914392608683556e-05,0.02490636209646861,1.1247566236407794e-08,2.8013595738798714e-10,,42,3,
resnet18_no_weights,IMAGENET100,ptq,layer3.1.conv1,57.28641891479492,2.6574934963718988e-05,0.024863897098435297,1.1534259966891922e-08,2.8678665292340245e-10,,43,3,
resnet18_no_weights,IMAGENET100,ptq,layer3.1.conv1,57.48919677734375,1.6077325199148618e-05,0.024951908323499892,6.978005728797143e-09,1.7411455922580336e-10,,44,3,
resnet18_no_weights,IMAGENET100,ptq,layer3.1.conv1,57.38662465413412,2.2855550923850387e-05,0.024907389172801265,9.91994397736562e-09,2.4707990521663155e-10,0.00015958179397567907,aggregate,3,0.10140964063852399
resnet18_no_weights,IMAGENET100,ptq,layer3.1.conv2,6.092652797698975,4.357335274107754e-05,0.0026443805545568466,1.891204546053713e-08,5.0010645262739466e-11,,42,3,
resnet18_no_weights,IMAGENET100,ptq,layer3.1.conv2,6.863819122314453,3.9540795114589855e-05,0.002979088160726759,1.7161803435151846e-08,5.112652543038069e-11,,43,3,
resnet18_no_weights,IMAGENET100,ptq,layer3.1.conv2,6.0946760177612305,2.6725054340204224e-05,0.002645258688264423,1.1599415946269195e-08,3.068345581066148e-11,,44,3,
resnet18_no_weights,IMAGENET100,ptq,layer3.1.conv2,6.350382645924886,3.6613067398623876e-05,0.002756242467849343,1.5891088280652722e-08,4.379969237947803e-11,3.0247794826733026e-05,aggregate,3,0.4446501825259447
resnet18_no_weights,IMAGENET100,ptq,layer4.0.conv1,38.18507385253906,0.00044640107080340385,0.01657338274849786,9.68752323792109e-08,1.605550305070335e-09,,42,3,
resnet18_no_weights,IMAGENET100,ptq,layer4.0.conv1,36.26517105102539,0.0004587705188896507,0.01574009160200755,9.955957441181656e-08,1.5670768210988795e-09,,43,3,
resnet18_no_weights,IMAGENET100,ptq,layer4.0.conv1,38.653053283691406,0.00030493485974147916,0.016776498821046617,6.617509977028628e-08,1.11018648327885e-09,,44,3,
resnet18_no_weights,IMAGENET100,ptq,layer4.0.conv1,37.70109939575195,0.0004033688164781779,0.016363324390517343,8.753663552043791e-08,1.4323903630754085e-09,0.00012480930980714614,aggregate,3,1.265373006424308
resnet18_no_weights,IMAGENET100,ptq,layer4.0.conv2,11.820975303649902,0.00019551445438992232,0.0025653158211045796,4.2429352081146334e-08,1.0884468817298121e-10,,42,3,
resnet18_no_weights,IMAGENET100,ptq,layer4.0.conv2,11.545517921447754,0.00018817218369804323,0.002505537743369738,4.083597736502674e-08,1.0231608257546681e-10,,43,3,
resnet18_no_weights,IMAGENET100,ptq,layer4.0.conv2,12.842691421508789,0.00011170479410793632,0.002787042409181595,2.4241491776895902e-08,6.756206564403577e-11,,44,3,
resnet18_no_weights,IMAGENET100,ptq,layer4.0.conv2,12.069728215535482,0.00016513047739863396,0.0026192986578853043,3.5835607074356325e-08,9.386415751436664e-11,8.17723743593501e-06,aggregate,3,0.6834275972579796
resnet18_no_weights,IMAGENET100,ptq,layer4.0.downsample.0,5.197391033172607,0.00019551445438992232,0.020302308723330498,3.8186416873031703e-07,7.752724243940865e-09,,42,3,
resnet18_no_weights,IMAGENET100,ptq,layer4.0.downsample.0,4.8904829025268555,0.00018817218369804323,0.01910344883799553,3.675237962852407e-07,7.020972039080987e-09,,43,3,
resnet18_no_weights,IMAGENET100,ptq,layer4.0.downsample.0,5.27459192276001,0.00011170479410793632,0.020603874698281288,2.1817342599206313e-07,4.495217931635215e-09,,44,3,
resnet18_no_weights,IMAGENET100,ptq,layer4.0.downsample.0,5.120821952819824,0.00016513047739863396,0.02000321075320244,3.2252046366920695e-07,6.451444806995717e-09,8.839781517113409e-05,aggregate,3,0.20317985359201257
resnet18_no_weights,IMAGENET100,ptq,layer4.1.conv1,27.852737426757812,0.00015059496217872947,0.006044430865181817,3.2681198389481224e-08,1.975392442565106e-10,,42,3,
resnet18_no_weights,IMAGENET100,ptq,layer4.1.conv1,27.25885772705078,0.0001467722759116441,0.005915550722016228,3.1851622376658874e-08,1.8841988774763267e-10,,43,3,
resnet18_no_weights,IMAGENET100,ptq,layer4.1.conv1,32.35416030883789,7.797415310051292e-05,0.007021302150355445,1.6921474197159924e-08,1.1881078316770316e-10,,44,3,
resnet18_no_weights,IMAGENET100,ptq,layer4.1.conv1,29.15525182088216,0.00012511379706362882,0.0063270945791844965,2.715143165443334e-08,1.7178967603786352e-10,1.9825459439968574e-05,aggregate,3,2.7862043913122085
resnet18_no_weights,IMAGENET100,ptq,layer4.1.conv2,8.47126579284668,5.30879901816661e-07,0.0018383823335170746,1.1520831202618512e-10,2.1179692550326143e-13,,42,3,
resnet18_no_weights,IMAGENET100,ptq,layer4.1.conv2,7.163381576538086,6.272842369980935e-07,0.00155455329351955,1.361293917096557e-10,2.116203942270582e-13,,43,3,
resnet18_no_weights,IMAGENET100,ptq,layer4.1.conv2,8.419564247131348,3.0917860271983955e-07,0.0018271623800198238,6.709605093746518e-11,1.2259538012083022e-13,,44,3,
resnet18_no_weights,IMAGENET100,ptq,layer4.1.conv2,8.018070538838705,4.891142471781981e-07,0.0017400326690188161,1.0614458489110201e-10,1.8469504534995853e-13,6.05489266022487e-08,aggregate,3,0.7406336335640042
cnn,IMAGENET100,fp32_unfused,conv1,36.9676513671875,2.8345392699691274e-09,1.3691722728587963,9.842150242948359e-12,1.3475599217955358e-11,,42,3,
cnn,IMAGENET100,fp32_unfused,conv1,36.68487548828125,3.609056609121808e-09,1.3586990921585649,1.2531446559450722e-11,1.7026465063759266e-11,,43,3,
cnn,IMAGENET100,fp32_unfused,conv1,33.02717971801758,2.6773570027671667e-09,1.2232288784450955,9.29637848183044e-12,1.1371598623930568e-11,,44,3,
cnn,IMAGENET100,fp32_unfused,conv1,35.55990219116211,3.040317627286034e-09,1.3170334144874856,1.0556658428076507e-11,1.3903471895107695e-11,0.16197241805953747,aggregate,3,2.1979542520037385
cnn,IMAGENET100,fp32_unfused,conv2,107.41637420654297,1.3564129375254197e-08,0.3729735215504964,2.3548835720927426e-11,8.783092187248425e-12,,42,3,
cnn,IMAGENET100,fp32_unfused,conv2,91.76420593261719,1.7169313082376902e-08,0.31862571504380965,2.98078352124599e-11,9.497542808478084e-12,,43,3,
cnn,IMAGENET100,fp32_unfused,conv2,113.93546295166016,1.2287700634772136e-08,0.3956092463599311,2.133281360203496e-11,8.439458311837938e-12,,44,3,
cnn,IMAGENET100,fp32_unfused,conv2,104.37201436360677,1.4340381030801078e-08,0.3624028276514124,2.4896494845140763e-11,9.022560130487825e-12,0.01982021660364512,aggregate,3,11.394834557424579
cnn,IMAGENET100,fp32_unfused,conv3,68.78131103515625,1.2332968424288993e-07,0.11941199832492405,1.0705701757195306e-10,1.2783892402973423e-11,,42,3,
cnn,IMAGENET100,fp32_unfused,conv3,65.61188507080078,1.5713558809693495e-07,0.11390952269236247,1.364024202230338e-10,1.5537534581688833e-11,,43,3,
cnn,IMAGENET100,fp32_unfused,conv3,71.76300048828125,1.1123656662448411e-07,0.12458854251437718,9.655951963930913e-11,1.2030209817749903e-11,,44,3,
cnn,IMAGENET100,fp32_unfused,conv3,68.71873219807942,1.3056727965476966e-07,0.11930335451055457,1.1333965247809867e-10,1.352180073969766e-11,0.01003391274808165,aggregate,3,3.076035159572936
cnn,IMAGENET100,fp32_unfused,conv4,25.631309509277344,2.3478797572806798e-07,0.02224940061569214,1.0190450335419617e-10,2.2673141196706538e-12,,42,3,
cnn,IMAGENET100,fp32_unfused,conv4,26.732446670532227,2.7984071948594647e-07,0.023205248845948115,1.2145864561021982e-10,2.8184780958769744e-12,,43,3,
cnn,IMAGENET100,fp32_unfused,conv4,26.557519912719727,2.036666728599812e-07,0.023053402702013653,8.839699342881128e-11,2.037851487161641e-12,,44,3,
cnn,IMAGENET100,fp32_unfused,conv4,26.307092030843098,2.3943178935799853e-07,0.022836017387884634,1.0392004746440909e-10,2.3731200108470422e-12,0.00037097873444705997,aggregate,3,0.5917443324528137
cnn,IMAGENET100,fp32_unfused,fc1,77.482177734375,0.002092569600790739,0.07566618919372559,2.043525000772206e-06,1.5462574933053797e-07,,42,3,
cnn,IMAGENET100,fp32_unfused,fc1,75.9735336303711,0.002774285851046443,0.07419290393590927,2.709263526412542e-06,2.0100812855218852e-07,,43,3,
cnn,IMAGENET100,fp32_unfused,fc1,71.03938293457031,0.0018304900731891394,0.06937439739704132,1.787587962098769e-06,1.2401283766480723e-07,,44,3,
cnn,IMAGENET100,fp32_unfused,fc1,74.83169809977214,0.0022324485083421073,0.07307783017555873,2.180125496427839e-06,1.593188407893593e-07,7.333484542684696e-05,aggregate,3,3.3697540700029185
cnn,IMAGENET100,fp32_unfused,fc2,118.34452819824219,0.0012203879887238145,0.11557082831859589,1.2203879887238145e-05,1.4104125072687649e-06,,42,3,
cnn,IMAGENET100,fp32_unfused,fc2,114.77474212646484,0.0014391662552952766,0.11208470910787582,1.4391662552952767e-05,1.6130853108264203e-06,,43,3,
cnn,IMAGENET100,fp32_unfused,fc2,120.91978454589844,0.0011152515653520823,0.11808572709560394,1.1152515653520823e-05,1.316952919891111e-06,,44,3,
cnn,IMAGENET100,fp32_unfused,fc2,118.01301829020183,0.0012582686031237245,0.11524708817402522,1.2582686031237244e-05,1.4501179265080742e-06,0.000608821292644337,aggregate,3,3.0859051668037805
cnn,IMAGENET100,fp32_fused,conv1,36.9676513671875,1.545457095630809e-08,1.3691722728587963,5.366170470940309e-11,7.3472118202451e-11,,42,3,
cnn,IMAGENET100,fp32_fused,conv1,36.68487548828125,1.9319207567036756e-08,1.3586990921585649,6.708058182998873e-11,9.114232563387401e-11,,43,3,
cnn,IMAGENET100,fp32_fused,conv1,33.02717971801758,1.4469704545660989e-08,1.2232288784450955,5.024202967243399e-11,6.145750160701664e-11,,44,3,
cnn,IMAGENET100,fp32_fused,conv1,35.55990219116211,1.641449435633528e-08,1.3170334144874856,5.6994772070608606e-11,7.506401926808963e-11,0.7711657474070419,aggregate,3,2.1979542520037385
cnn,IMAGENET100,fp32_fused,conv2,107.41637420654297,6.64509229864052e-08,0.3729735215504964,1.1536618574028681e-10,4.3028532563403434e-11,,42,3,
cnn,IMAGENET100,fp32_fused,conv2,91.76420593261719,8.565235987134656e-08,0.31862571504380965,1.4870201366553223e-10,4.738028543263456e-11,,43,3,
cnn,IMAGENET100,fp32_fused,conv2,113.93546295166016,6.142327180214124e-08,0.3956092463599311,1.0663762465649522e-10,4.2186830323969285e-11,,44,3,
cnn,IMAGENET100,fp32_fused,conv2,104.37201436360677,7.117551821996433e-08,0.3624028276514124,1.2356860802077143e-10,4.478161295567657e-11,0.13851570047550565,aggregate,3,11.394834557424579
cnn,IMAGENET100,fp32_fused,conv3,68.7789535522461,1.8508799826122413e-07,0.11940790547264947,1.6066666515731262e-10,1.918486996571021e-11,,42,3,
cnn,IMAGENET100,fp32_fused,conv3,65.60969543457031,2.3992055275812163e-07,0.11390572124057347,2.0826436871364726e-10,2.3722503127040716e-11,,43,3,
cnn,IMAGENET100,fp32_fused,conv3,71.76078796386719,1.7590967615888076e-07,0.12458470132615831,1.526993716656951e-10,1.9024005611662666e-11,,44,3,
cnn,IMAGENET100,fp32_fused,conv3,68.7164789835612,2.003060757260755e-07,0.11929944267979375,1.7387680184555165e-10,2.0743405555119247e-11,0.016601795280214663,aggregate,3,3.076022127649967
cnn,IMAGENET100,fp32_fused,conv4,25.626462936401367,1.4381630997206685e-08,0.022245193521181744,6.242027342537624e-12,1.3885510619925724e-13,,42,3,
cnn,IMAGENET100,fp32_fused,conv4,26.72848892211914,1.6961712034913035e-08,0.023201813300450642,7.361854181819893e-12,1.7080836627172697e-13,,43,3,
cnn,IMAGENET100,fp32_fused,conv4,26.552106857299805,1.2587372921757378e-08,0.023048703869183857,5.463269497290529e-12,1.2592128080059436e-13,,44,3,
cnn,IMAGENET100,fp32_fused,conv4,26.302352905273438,1.46435719846257e-08,0.022831903563605413,6.355717007216016e-12,1.4511311778632288e-13,2.0779114888717425e-05,aggregate,3,0.5919443349791425
cnn,IMAGENET100,fp32_fused,fc1,77.44792938232422,0.00209241546690464,0.075632743537426,2.0433744793990627e-06,1.5454601795131067e-07,,42,3,
cnn,IMAGENET100,fp32_fused,fc1,75.94823455810547,0.0027714003808796406,0.07416819781064987,2.706445684452774e-06,2.0073219888827303e-07,,43,3,
cnn,IMAGENET100,fp32_fused,fc1,70.99876403808594,0.0018303812248632312,0.0693347305059433,1.7874816649054992e-06,1.2393455952053763e-07,,44,3,
cnn,IMAGENET100,fp32_fused,fc1,74.79830932617188,0.0022313990242158375,0.07304522395133972,2.1791006095857788e-06,1.591728920396941e-07,8.381034823771704e-05,aggregate,3,3.374859913923712
cnn,IMAGENET100,fp32_fused,fc2,118.29204559326172,0.0012201580684632063,0.11551957577466965,1.2201580684632063e-05,1.4095214244690991e-06,,42,3,
cnn,IMAGENET100,fp32_fused,fc2,114.74837493896484,0.0014389464631676674,0.11205895990133286,1.4389464631676674e-05,1.6124684401627037e-06,,43,3,
cnn,IMAGENET100,fp32_fused,fc2,120.85506439208984,0.0011151554062962532,0.11802252382040024,1.1151554062962532e-05,1.3161345550304763e-06,,44,3,
cnn,IMAGENET100,fp32_fused,fc2,117.9651616414388,0.001258086645975709,0.11520035316546758,1.2580866459757089e-05,1.4493202592916025e-06,0.0005867130998522043,aggregate,3,3.0664399321846423
cnn,IMAGENET100,ptq,conv1,36.9676513671875,4.273350029393441e-08,1.3691722728587963,1.4838020935393892e-10,2.031580684883966e-10,,42,3,
cnn,IMAGENET100,ptq,conv1,36.68487548828125,4.8450090162077686e-08,1.3586990921585649,1.6822947972943641e-10,2.2857324138269296e-10,,43,3,
cnn,IMAGENET100,ptq,conv1,33.02717971801758,4.015191379380667e-08,1.2232288784450955,1.394163673396065e-10,1.705381266577163e-10,,44,3,
cnn,IMAGENET100,ptq,conv1,35.55990219116211,4.3778501416606254e-08,1.3170334144874856,1.5200868547432727e-10,2.002005180620075e-10,0.984105436644927,aggregate,3,2.1979542520037385
cnn,IMAGENET100,ptq,conv2,124.69815063476562,2.052179013389832e-07,0.4329796897040473,3.562810787135125e-10,1.542624709087999e-10,,42,3,
cnn,IMAGENET100,ptq,conv2,112.66211700439453,2.361340278866919e-07,0.3911879062652588,4.099549095255068e-10,1.603694027204466e-10,,43,3,
cnn,IMAGENET100,ptq,conv2,127.96239471435547,1.9610229173849802e-07,0.4443138705359565,3.404553676015591e-10,1.512690421237906e-10,,44,3,
cnn,IMAGENET100,ptq,conv2,121.7742207845052,2.1248474032139106e-07,0.4228271555017542,3.688971186135261e-10,1.5597971933615047e-10,0.18897030478134821,aggregate,3,8.058327917590274
cnn,IMAGENET100,ptq,conv3,79.94918823242188,5.606146942227497e-07,0.13880067401462132,4.866446998461369e-10,6.754661234428689e-11,,42,3,
cnn,IMAGENET100,ptq,conv3,76.27381134033203,6.680674005110632e-07,0.13241981135474312,5.799196184991868e-10,7.679284648257691e-11,,43,3,
cnn,IMAGENET100,ptq,conv3,83.12378692626953,5.538148002415255e-07,0.14431213008032906,4.807420140985464e-10,6.937690407366882e-11,,44,3,
cnn,IMAGENET100,ptq,conv3,79.78226216634114,5.941656316584462e-07,0.1385108718165645,5.157687774812901e-10,7.143958302469714e-11,0.021060906270193677,aggregate,3,3.4280372832916854
cnn,IMAGENET100,ptq,conv4,39.96491622924805,3.9099919746377054e-08,0.03469176756011115,1.6970451278809487e-11,5.887349511546497e-13,,42,3,
cnn,IMAGENET100,ptq,conv4,42.50766372680664,4.6730395553140625e-08,0.03689901365174188,2.0282289736606174e-11,7.483964858796154e-13,,43,3,
cnn,IMAGENET100,ptq,conv4,36.58378601074219,4.0820502533733816e-08,0.03175675868988037,1.7717232002488634e-11,5.626418613556575e-13,,44,3,
cnn,IMAGENET100,ptq,conv4,39.685455322265625,4.22169392777505e-08,0.03444917996724447,1.8323324339301433e-11,6.312234977627859e-13,7.968350538878486e-05,aggregate,3,2.9718101550435265
cnn,IMAGENET100,ptq,fc1,512.0096435546875,0.004498537629842758,0.5000094175338745,4.3931031541433185e-06,2.1965929492694276e-06,,42,3,
cnn,IMAGENET100,ptq,fc1,569.164306640625,0.005217405967414379,0.5558245182037354,5.095123015053105e-06,2.8319942950306553e-06,,43,3,
cnn,IMAGENET100,ptq,fc1,376.4583435058594,0.004853356163948774,0.3676351010799408,4.739605628856225e-06,1.7424453944436146e-06,,44,3,
cnn,IMAGENET100,ptq,fc1,485.87743123372394,0.004856433253735304,0.47448967893918353,4.742610599350883e-06,2.250319780619569e-06,0.0003251502218323335,aggregate,3,98.97507993184624
cnn,IMAGENET100,ptq,fc2,814.2913818359375,0.002350008813664317,0.7952064275741577,2.350008813664317e-05,1.868742113481786e-05,,42,3,
cnn,IMAGENET100,ptq,fc2,857.3349609375,0.0024546661879867315,0.8372411727905273,2.4546661879867315e-05,2.0551475980392643e-05,,43,3,
cnn,IMAGENET100,ptq,fc2,553.3801879882812,0.0024356993380934,0.5404103398323059,2.4356993380934e-05,1.316277107028377e-05,,44,3,
cnn,IMAGENET100,ptq,fc2,741.6688435872396,0.0024134581132481494,0.7242859800656637,2.4134581132481495e-05,1.7480338749013634e-05,0.0025841303777600095,aggregate,3,164.476900493399
