2026-08-08 20:06:42 [INFO] __main__: === Pipeline start: 3 models - 2 datasets = 6 runs ===
2026-08-08 20:06:42 [INFO] __main__: 
============================================================
2026-08-08 20:06:42 [INFO] __main__: Loading dataset: CIFAR10
2026-08-08 20:06:44 [INFO] src.utility.utils: CIFAR-10: 50000 train / 10000 test
2026-08-08 20:06:45 [INFO] src.utility.utils: CIFAR-10: 50000 train / 10000 test
2026-08-08 20:06:45 [INFO] __main__: 
--- Run 1/6: cnn on CIFAR10 ---
2026-08-08 20:06:45 [INFO] src.model_cnn.train: Model: cnn | Dataset: CIFAR10 | Size: 5.53 MB | Params: 1,449,226
2026-08-08 20:06:49 [INFO] src.model_cnn.train: Epoch   1/200 | LR 0.09999 | Train L 1.5576 A 42.05% | Val L 1.3395 A 51.28%
2026-08-08 20:06:53 [INFO] src.model_cnn.train: Epoch   2/200 | LR 0.09998 | Train L 1.1995 A 56.51% | Val L 1.1342 A 59.20%
2026-08-08 20:06:57 [INFO] src.model_cnn.train: Epoch   3/200 | LR 0.09994 | Train L 1.0179 A 63.86% | Val L 1.2664 A 58.98%
2026-08-08 20:07:00 [INFO] src.model_cnn.train: Epoch   4/200 | LR 0.09990 | Train L 0.8927 A 68.72% | Val L 0.8934 A 68.92%
2026-08-08 20:07:04 [INFO] src.model_cnn.train: Epoch   5/200 | LR 0.09985 | Train L 0.8266 A 71.07% | Val L 0.9459 A 67.81%
2026-08-08 20:07:08 [INFO] src.model_cnn.train: Epoch   6/200 | LR 0.09978 | Train L 0.7758 A 72.83% | Val L 0.9651 A 67.72%
2026-08-08 20:07:12 [INFO] src.model_cnn.train: Epoch   7/200 | LR 0.09970 | Train L 0.7375 A 74.21% | Val L 0.9343 A 68.14%
2026-08-08 20:07:15 [INFO] src.model_cnn.train: Epoch   8/200 | LR 0.09961 | Train L 0.7150 A 75.01% | Val L 0.7455 A 74.58%
2026-08-08 20:07:19 [INFO] src.model_cnn.train: Epoch   9/200 | LR 0.09950 | Train L 0.6797 A 76.40% | Val L 0.7978 A 72.76%
2026-08-08 20:07:23 [INFO] src.model_cnn.train: Epoch  10/200 | LR 0.09938 | Train L 0.6728 A 76.63% | Val L 0.7920 A 73.32%
2026-08-08 20:07:27 [INFO] src.model_cnn.train: Epoch  11/200 | LR 0.09926 | Train L 0.6521 A 77.22% | Val L 0.7851 A 73.92%
2026-08-08 20:07:30 [INFO] src.model_cnn.train: Epoch  12/200 | LR 0.09911 | Train L 0.6363 A 77.96% | Val L 0.6804 A 76.45%
2026-08-08 20:07:34 [INFO] src.model_cnn.train: Epoch  13/200 | LR 0.09896 | Train L 0.6224 A 78.48% | Val L 0.7578 A 74.75%
2026-08-08 20:07:38 [INFO] src.model_cnn.train: Epoch  14/200 | LR 0.09880 | Train L 0.6147 A 78.60% | Val L 0.6335 A 77.88%
2026-08-08 20:07:42 [INFO] src.model_cnn.train: Epoch  15/200 | LR 0.09862 | Train L 0.6050 A 78.99% | Val L 0.7191 A 75.49%
2026-08-08 20:07:45 [INFO] src.model_cnn.train: Epoch  16/200 | LR 0.09843 | Train L 0.5916 A 79.46% | Val L 0.6833 A 76.75%
2026-08-08 20:07:49 [INFO] src.model_cnn.train: Epoch  17/200 | LR 0.09823 | Train L 0.5816 A 79.69% | Val L 0.6963 A 75.98%
2026-08-08 20:07:53 [INFO] src.model_cnn.train: Epoch  18/200 | LR 0.09801 | Train L 0.5862 A 79.78% | Val L 0.7799 A 73.99%
2026-08-08 20:07:56 [INFO] src.model_cnn.train: Epoch  19/200 | LR 0.09779 | Train L 0.5773 A 79.87% | Val L 0.6509 A 77.71%
2026-08-08 20:08:00 [INFO] src.model_cnn.train: Epoch  20/200 | LR 0.09755 | Train L 0.5669 A 80.45% | Val L 0.6174 A 78.72%
2026-08-08 20:08:04 [INFO] src.model_cnn.train: Epoch  21/200 | LR 0.09730 | Train L 0.5627 A 80.64% | Val L 0.7690 A 75.18%
2026-08-08 20:08:08 [INFO] src.model_cnn.train: Epoch  22/200 | LR 0.09704 | Train L 0.5655 A 80.41% | Val L 0.8386 A 72.96%
2026-08-08 20:08:11 [INFO] src.model_cnn.train: Epoch  23/200 | LR 0.09677 | Train L 0.5497 A 81.06% | Val L 0.6478 A 77.87%
2026-08-08 20:08:15 [INFO] src.model_cnn.train: Epoch  24/200 | LR 0.09649 | Train L 0.5418 A 81.32% | Val L 0.6447 A 77.92%
2026-08-08 20:08:19 [INFO] src.model_cnn.train: Epoch  25/200 | LR 0.09619 | Train L 0.5424 A 81.21% | Val L 0.6598 A 77.51%
2026-08-08 20:08:23 [INFO] src.model_cnn.train: Epoch  26/200 | LR 0.09589 | Train L 0.5426 A 81.39% | Val L 0.6244 A 78.77%
2026-08-08 20:08:27 [INFO] src.model_cnn.train: Epoch  27/200 | LR 0.09557 | Train L 0.5315 A 81.57% | Val L 0.7243 A 76.31%
2026-08-08 20:08:30 [INFO] src.model_cnn.train: Epoch  28/200 | LR 0.09524 | Train L 0.5338 A 81.51% | Val L 0.6780 A 77.16%
2026-08-08 20:08:34 [INFO] src.model_cnn.train: Epoch  29/200 | LR 0.09490 | Train L 0.5378 A 81.41% | Val L 0.6462 A 78.65%
2026-08-08 20:08:38 [INFO] src.model_cnn.train: Epoch  30/200 | LR 0.09455 | Train L 0.5312 A 81.69% | Val L 0.6389 A 78.77%
2026-08-08 20:08:41 [INFO] src.model_cnn.train: Epoch  31/200 | LR 0.09419 | Train L 0.5237 A 81.81% | Val L 0.5485 A 81.26%
2026-08-08 20:08:41 [INFO] src.model_cnn.train: Target validation accuracy reached (81.26% >= 80.0%). Stopping early.
2026-08-08 20:08:41 [INFO] src.model_cnn.train: Model saved -> /scratch/dominic/Forschungsprojekt/results/20260808_200632_27831/models/baseline_cnn_CIFAR10_float32.pt
2026-08-08 20:08:41 [INFO] src.utility.utils: -------------------------------------------------
2026-08-08 20:08:41 [INFO] src.utility.utils:      epoch |    total_s |    train_s |      val_s
2026-08-08 20:08:41 [INFO] src.utility.utils: -------------------------------------------------
2026-08-08 20:08:41 [INFO] src.utility.utils:          1 |      3.985 |       3.18 |      0.806
2026-08-08 20:08:41 [INFO] src.utility.utils:          2 |      3.672 |      2.894 |      0.778
2026-08-08 20:08:41 [INFO] src.utility.utils:          3 |      3.722 |      2.948 |      0.774
2026-08-08 20:08:41 [INFO] src.utility.utils:          4 |      3.817 |      3.015 |      0.803
2026-08-08 20:08:41 [INFO] src.utility.utils:          5 |       3.67 |      2.881 |      0.789
2026-08-08 20:08:41 [INFO] src.utility.utils:          6 |      3.747 |      2.909 |      0.838
2026-08-08 20:08:41 [INFO] src.utility.utils:          7 |      3.729 |      2.962 |      0.768
2026-08-08 20:08:41 [INFO] src.utility.utils:          8 |      3.766 |      2.964 |      0.802
2026-08-08 20:08:41 [INFO] src.utility.utils:          9 |      3.784 |      2.966 |      0.818
2026-08-08 20:08:41 [INFO] src.utility.utils:         10 |      3.658 |      2.861 |      0.797
2026-08-08 20:08:41 [INFO] src.utility.utils:         11 |      3.742 |      2.945 |      0.797
2026-08-08 20:08:41 [INFO] src.utility.utils:         12 |      3.609 |      2.829 |       0.78
2026-08-08 20:08:41 [INFO] src.utility.utils:         13 |      3.734 |      2.948 |      0.786
2026-08-08 20:08:41 [INFO] src.utility.utils:         14 |      3.843 |      3.006 |      0.837
2026-08-08 20:08:41 [INFO] src.utility.utils:         15 |      3.789 |      3.016 |      0.773
2026-08-08 20:08:41 [INFO] src.utility.utils:         16 |      3.705 |      2.922 |      0.783
2026-08-08 20:08:41 [INFO] src.utility.utils:         17 |       3.74 |      2.936 |      0.803
2026-08-08 20:08:41 [INFO] src.utility.utils:         18 |      3.759 |       2.96 |      0.799
2026-08-08 20:08:41 [INFO] src.utility.utils:         19 |      3.695 |      2.897 |      0.798
2026-08-08 20:08:41 [INFO] src.utility.utils:         20 |      3.791 |      2.992 |        0.8
2026-08-08 20:08:41 [INFO] src.utility.utils:         21 |      3.742 |      2.956 |      0.786
2026-08-08 20:08:41 [INFO] src.utility.utils:         22 |       3.73 |      2.952 |      0.778
2026-08-08 20:08:41 [INFO] src.utility.utils:         23 |      3.766 |      2.983 |      0.783
2026-08-08 20:08:41 [INFO] src.utility.utils:         24 |      3.778 |      2.971 |      0.807
2026-08-08 20:08:41 [INFO] src.utility.utils:         25 |      3.851 |      3.004 |      0.847
2026-08-08 20:08:41 [INFO] src.utility.utils:         26 |      3.745 |      2.928 |      0.818
2026-08-08 20:08:41 [INFO] src.utility.utils:         27 |      3.741 |      2.904 |      0.837
2026-08-08 20:08:41 [INFO] src.utility.utils:         28 |       3.65 |      2.842 |      0.808
2026-08-08 20:08:41 [INFO] src.utility.utils:         29 |      3.696 |      2.911 |      0.785
2026-08-08 20:08:41 [INFO] src.utility.utils:         30 |      3.748 |      2.948 |        0.8
2026-08-08 20:08:41 [INFO] src.utility.utils:         31 |      3.672 |      2.899 |      0.773
2026-08-08 20:08:41 [INFO] src.utility.utils: 
Total wall-clock time: 116.1s  (1.93 min)
2026-08-08 20:08:41 [INFO] src.utility.utils: Timing data saved → /scratch/dominic/Forschungsprojekt/results/20260808_200632_27831/csv/timing_cnn_CIFAR10.csv
2026-08-08 20:08:42 [INFO] src.utility.utils: Training curves saved → /scratch/dominic/Forschungsprojekt/results/20260808_200632_27831/logs/training_curves_cnn_CIFAR10.png
2026-08-08 20:08:43 [INFO] __main__: Computing Hessian Trace for FP32...
[torch.Size([32, 3, 3, 3]), torch.Size([32]), torch.Size([32]), torch.Size([32]), torch.Size([64, 32, 3, 3]), torch.Size([64]), torch.Size([64]), torch.Size([64]), torch.Size([128, 64, 3, 3]), torch.Size([128]), torch.Size([128]), torch.Size([128]), torch.Size([256, 128, 3, 3]), torch.Size([256]), torch.Size([256]), torch.Size([256]), torch.Size([1024, 1024]), torch.Size([1024]), torch.Size([10, 1024]), torch.Size([10])]
2026-08-08 20:08:44 [INFO] src.analysis.pyhessian: [PyHessian] conv1.weight: trace=57.2376 (22 iters)
[torch.Size([32, 3, 3, 3]), torch.Size([32]), torch.Size([32]), torch.Size([32]), torch.Size([64, 32, 3, 3]), torch.Size([64]), torch.Size([64]), torch.Size([64]), torch.Size([128, 64, 3, 3]), torch.Size([128]), torch.Size([128]), torch.Size([128]), torch.Size([256, 128, 3, 3]), torch.Size([256]), torch.Size([256]), torch.Size([256]), torch.Size([1024, 1024]), torch.Size([1024]), torch.Size([10, 1024]), torch.Size([10])]
2026-08-08 20:08:44 [INFO] src.analysis.pyhessian: [PyHessian] conv2.weight: trace=126.6029 (28 iters)
[torch.Size([32, 3, 3, 3]), torch.Size([32]), torch.Size([32]), torch.Size([32]), torch.Size([64, 32, 3, 3]), torch.Size([64]), torch.Size([64]), torch.Size([64]), torch.Size([128, 64, 3, 3]), torch.Size([128]), torch.Size([128]), torch.Size([128]), torch.Size([256, 128, 3, 3]), torch.Size([256]), torch.Size([256]), torch.Size([256]), torch.Size([1024, 1024]), torch.Size([1024]), torch.Size([10, 1024]), torch.Size([10])]
2026-08-08 20:08:44 [INFO] src.analysis.pyhessian: [PyHessian] conv3.weight: trace=162.1349 (9 iters)
[torch.Size([32, 3, 3, 3]), torch.Size([32]), torch.Size([32]), torch.Size([32]), torch.Size([64, 32, 3, 3]), torch.Size([64]), torch.Size([64]), torch.Size([64]), torch.Size([128, 64, 3, 3]), torch.Size([128]), torch.Size([128]), torch.Size([128]), torch.Size([256, 128, 3, 3]), torch.Size([256]), torch.Size([256]), torch.Size([256]), torch.Size([1024, 1024]), torch.Size([1024]), torch.Size([10, 1024]), torch.Size([10])]
2026-08-08 20:08:44 [INFO] src.analysis.pyhessian: [PyHessian] conv4.weight: trace=61.6200 (17 iters)
[torch.Size([32, 3, 3, 3]), torch.Size([32]), torch.Size([32]), torch.Size([32]), torch.Size([64, 32, 3, 3]), torch.Size([64]), torch.Size([64]), torch.Size([64]), torch.Size([128, 64, 3, 3]), torch.Size([128]), torch.Size([128]), torch.Size([128]), torch.Size([256, 128, 3, 3]), torch.Size([256]), torch.Size([256]), torch.Size([256]), torch.Size([1024, 1024]), torch.Size([1024]), torch.Size([10, 1024]), torch.Size([10])]
2026-08-08 20:08:44 [INFO] src.analysis.pyhessian: [PyHessian] fc1.weight: trace=10.8583 (44 iters)
[torch.Size([32, 3, 3, 3]), torch.Size([32]), torch.Size([32]), torch.Size([32]), torch.Size([64, 32, 3, 3]), torch.Size([64]), torch.Size([64]), torch.Size([64]), torch.Size([128, 64, 3, 3]), torch.Size([128]), torch.Size([128]), torch.Size([128]), torch.Size([256, 128, 3, 3]), torch.Size([256]), torch.Size([256]), torch.Size([256]), torch.Size([1024, 1024]), torch.Size([1024]), torch.Size([10, 1024]), torch.Size([10])]
2026-08-08 20:08:44 [INFO] src.analysis.pyhessian: [PyHessian] fc2.weight: trace=4.6527 (27 iters)
2026-08-08 20:08:45 [INFO] src.analysis.top_eigenvalue: [PyHessian] conv1.weight: lambda_max=7.3759
2026-08-08 20:08:45 [INFO] src.analysis.top_eigenvalue: [PyHessian] conv2.weight: lambda_max=13.3094
2026-08-08 20:08:45 [INFO] src.analysis.top_eigenvalue: [PyHessian] conv3.weight: lambda_max=14.0395
2026-08-08 20:08:45 [INFO] src.analysis.top_eigenvalue: [PyHessian] conv4.weight: lambda_max=3.5301
2026-08-08 20:08:45 [INFO] src.analysis.top_eigenvalue: [PyHessian] fc1.weight: lambda_max=0.6283
2026-08-08 20:08:45 [INFO] src.analysis.top_eigenvalue: [PyHessian] fc2.weight: lambda_max=0.6336
2026-08-08 20:08:45 [INFO] __main__: [FP32] Best Val Acc: 81.26% | Latency: 0.97ms
2026-08-08 20:08:45 [INFO] __main__: Starting PTQ Calibration...
2026-08-08 20:08:48 [INFO] __main__: Saved uncompiled PTQ state_dict -> /scratch/dominic/Forschungsprojekt/results/20260808_200632_27831/quantized_models/ptq_po2_cnn_CIFAR10.pt
2026-08-08 20:08:48 [INFO] __main__: Computing Hessian Trace for PTQ...
[torch.Size([32, 3, 3, 3]), torch.Size([32]), torch.Size([64, 32, 3, 3]), torch.Size([64]), torch.Size([128, 64, 3, 3]), torch.Size([128]), torch.Size([256, 128, 3, 3]), torch.Size([256]), torch.Size([1024, 1024]), torch.Size([1024]), torch.Size([10, 1024]), torch.Size([10])]
2026-08-08 20:08:48 [INFO] src.analysis.pyhessian: [PyHessian] conv1.weight: trace=333.2481 (17 iters)
[torch.Size([32, 3, 3, 3]), torch.Size([32]), torch.Size([64, 32, 3, 3]), torch.Size([64]), torch.Size([128, 64, 3, 3]), torch.Size([128]), torch.Size([256, 128, 3, 3]), torch.Size([256]), torch.Size([1024, 1024]), torch.Size([1024]), torch.Size([10, 1024]), torch.Size([10])]
2026-08-08 20:08:48 [INFO] src.analysis.pyhessian: [PyHessian] conv2.weight: trace=663.7125 (28 iters)
[torch.Size([32, 3, 3, 3]), torch.Size([32]), torch.Size([64, 32, 3, 3]), torch.Size([64]), torch.Size([128, 64, 3, 3]), torch.Size([128]), torch.Size([256, 128, 3, 3]), torch.Size([256]), torch.Size([1024, 1024]), torch.Size([1024]), torch.Size([10, 1024]), torch.Size([10])]
2026-08-08 20:08:49 [INFO] src.analysis.pyhessian: [PyHessian] conv3.weight: trace=394.2280 (35 iters)
[torch.Size([32, 3, 3, 3]), torch.Size([32]), torch.Size([64, 32, 3, 3]), torch.Size([64]), torch.Size([128, 64, 3, 3]), torch.Size([128]), torch.Size([256, 128, 3, 3]), torch.Size([256]), torch.Size([1024, 1024]), torch.Size([1024]), torch.Size([10, 1024]), torch.Size([10])]
2026-08-08 20:08:49 [INFO] src.analysis.pyhessian: [PyHessian] conv4.weight: trace=27.7099 (28 iters)
[torch.Size([32, 3, 3, 3]), torch.Size([32]), torch.Size([64, 32, 3, 3]), torch.Size([64]), torch.Size([128, 64, 3, 3]), torch.Size([128]), torch.Size([256, 128, 3, 3]), torch.Size([256]), torch.Size([1024, 1024]), torch.Size([1024]), torch.Size([10, 1024]), torch.Size([10])]
2026-08-08 20:08:49 [INFO] src.analysis.pyhessian: [PyHessian] fc1.weight: trace=15.2405 (18 iters)
[torch.Size([32, 3, 3, 3]), torch.Size([32]), torch.Size([64, 32, 3, 3]), torch.Size([64]), torch.Size([128, 64, 3, 3]), torch.Size([128]), torch.Size([256, 128, 3, 3]), torch.Size([256]), torch.Size([1024, 1024]), torch.Size([1024]), torch.Size([10, 1024]), torch.Size([10])]
2026-08-08 20:08:49 [INFO] src.analysis.pyhessian: [PyHessian] fc2.weight: trace=7.5337 (29 iters)
2026-08-08 20:08:49 [INFO] src.analysis.top_eigenvalue: [PyHessian] conv1.weight: lambda_max=50.0996
2026-08-08 20:08:49 [INFO] src.analysis.top_eigenvalue: [PyHessian] conv2.weight: lambda_max=62.2637
2026-08-08 20:08:49 [INFO] src.analysis.top_eigenvalue: [PyHessian] conv3.weight: lambda_max=26.6204
2026-08-08 20:08:49 [INFO] src.analysis.top_eigenvalue: [PyHessian] conv4.weight: lambda_max=1.4571
2026-08-08 20:08:49 [INFO] src.analysis.top_eigenvalue: [PyHessian] fc1.weight: lambda_max=1.0310
2026-08-08 20:08:49 [INFO] src.analysis.top_eigenvalue: [PyHessian] fc2.weight: lambda_max=0.6551
2026-08-08 20:08:49 [INFO] __main__: Compiling PTQ model for throughput benchmarking...
2026-08-08 20:10:30 [INFO] __main__: [PTQ]  Val Acc: 73.90% | Latency: 2.49ms
2026-08-08 20:10:30 [INFO] __main__: Starting Quantization-Aware Training (QAT)...
2026-08-08 20:12:06 [INFO] __main__: Computing Hessian Trace for QAT...
[torch.Size([32, 3, 3, 3]), torch.Size([32]), torch.Size([64, 32, 3, 3]), torch.Size([64]), torch.Size([128, 64, 3, 3]), torch.Size([128]), torch.Size([256, 128, 3, 3]), torch.Size([256]), torch.Size([1024, 1024]), torch.Size([1024]), torch.Size([10, 1024]), torch.Size([10])]
2026-08-08 20:12:07 [INFO] src.analysis.pyhessian: [PyHessian] conv1.weight: trace=217.4095 (42 iters)
[torch.Size([32, 3, 3, 3]), torch.Size([32]), torch.Size([64, 32, 3, 3]), torch.Size([64]), torch.Size([128, 64, 3, 3]), torch.Size([128]), torch.Size([256, 128, 3, 3]), torch.Size([256]), torch.Size([1024, 1024]), torch.Size([1024]), torch.Size([10, 1024]), torch.Size([10])]
2026-08-08 20:12:07 [INFO] src.analysis.pyhessian: [PyHessian] conv2.weight: trace=444.4522 (17 iters)
[torch.Size([32, 3, 3, 3]), torch.Size([32]), torch.Size([64, 32, 3, 3]), torch.Size([64]), torch.Size([128, 64, 3, 3]), torch.Size([128]), torch.Size([256, 128, 3, 3]), torch.Size([256]), torch.Size([1024, 1024]), torch.Size([1024]), torch.Size([10, 1024]), torch.Size([10])]
2026-08-08 20:12:07 [INFO] src.analysis.pyhessian: [PyHessian] conv3.weight: trace=236.0735 (22 iters)
[torch.Size([32, 3, 3, 3]), torch.Size([32]), torch.Size([64, 32, 3, 3]), torch.Size([64]), torch.Size([128, 64, 3, 3]), torch.Size([128]), torch.Size([256, 128, 3, 3]), torch.Size([256]), torch.Size([1024, 1024]), torch.Size([1024]), torch.Size([10, 1024]), torch.Size([10])]
2026-08-08 20:12:07 [INFO] src.analysis.pyhessian: [PyHessian] conv4.weight: trace=14.2796 (18 iters)
[torch.Size([32, 3, 3, 3]), torch.Size([32]), torch.Size([64, 32, 3, 3]), torch.Size([64]), torch.Size([128, 64, 3, 3]), torch.Size([128]), torch.Size([256, 128, 3, 3]), torch.Size([256]), torch.Size([1024, 1024]), torch.Size([1024]), torch.Size([10, 1024]), torch.Size([10])]
2026-08-08 20:12:07 [INFO] src.analysis.pyhessian: [PyHessian] fc1.weight: trace=9.7231 (27 iters)
[torch.Size([32, 3, 3, 3]), torch.Size([32]), torch.Size([64, 32, 3, 3]), torch.Size([64]), torch.Size([128, 64, 3, 3]), torch.Size([128]), torch.Size([256, 128, 3, 3]), torch.Size([256]), torch.Size([1024, 1024]), torch.Size([1024]), torch.Size([10, 1024]), torch.Size([10])]
2026-08-08 20:12:07 [INFO] src.analysis.pyhessian: [PyHessian] fc2.weight: trace=4.6756 (18 iters)
2026-08-08 20:12:08 [INFO] src.analysis.top_eigenvalue: [PyHessian] conv1.weight: lambda_max=44.4123
2026-08-08 20:12:08 [INFO] src.analysis.top_eigenvalue: [PyHessian] conv2.weight: lambda_max=48.5182
2026-08-08 20:12:08 [INFO] src.analysis.top_eigenvalue: [PyHessian] conv3.weight: lambda_max=21.1396
2026-08-08 20:12:08 [INFO] src.analysis.top_eigenvalue: [PyHessian] conv4.weight: lambda_max=0.9677
2026-08-08 20:12:08 [INFO] src.analysis.top_eigenvalue: [PyHessian] fc1.weight: lambda_max=0.5641
2026-08-08 20:12:08 [INFO] src.analysis.top_eigenvalue: [PyHessian] fc2.weight: lambda_max=0.4907
2026-08-08 20:12:09 [INFO] __main__: [QAT]  Val Acc: 84.89% | Latency: 2.53ms
2026-08-08 20:12:09 [INFO] __main__: 
--- Run 2/6: resnet18_no_weights on CIFAR10 ---
2026-08-08 20:12:09 [INFO] src.model_cnn.train: Model: resnet18_no_weights | Dataset: CIFAR10 | Size: 42.66 MB | Params: 11,173,962
2026-08-08 20:12:19 [INFO] src.model_cnn.train: Epoch   1/200 | LR 0.09999 | Train L 2.3420 A 21.02% | Val L 1.8320 A 32.80%
2026-08-08 20:12:29 [INFO] src.model_cnn.train: Epoch   2/200 | LR 0.09998 | Train L 1.6781 A 37.44% | Val L 1.5674 A 41.96%
2026-08-08 20:12:39 [INFO] src.model_cnn.train: Epoch   3/200 | LR 0.09994 | Train L 1.4485 A 46.33% | Val L 1.4047 A 48.17%
2026-08-08 20:12:48 [INFO] src.model_cnn.train: Epoch   4/200 | LR 0.09990 | Train L 1.2397 A 54.83% | Val L 1.2652 A 54.81%
2026-08-08 20:12:58 [INFO] src.model_cnn.train: Epoch   5/200 | LR 0.09985 | Train L 1.0617 A 61.96% | Val L 1.0397 A 63.65%
2026-08-08 20:13:08 [INFO] src.model_cnn.train: Epoch   6/200 | LR 0.09978 | Train L 0.9184 A 67.31% | Val L 1.0000 A 65.61%
2026-08-08 20:13:18 [INFO] src.model_cnn.train: Epoch   7/200 | LR 0.09970 | Train L 0.7953 A 71.89% | Val L 0.8993 A 68.63%
2026-08-08 20:13:28 [INFO] src.model_cnn.train: Epoch   8/200 | LR 0.09961 | Train L 0.6866 A 75.94% | Val L 0.8610 A 71.79%
2026-08-08 20:13:38 [INFO] src.model_cnn.train: Epoch   9/200 | LR 0.09950 | Train L 0.6069 A 78.85% | Val L 0.7696 A 74.25%
2026-08-08 20:13:48 [INFO] src.model_cnn.train: Epoch  10/200 | LR 0.09938 | Train L 0.5481 A 81.00% | Val L 0.7324 A 75.02%
2026-08-08 20:13:57 [INFO] src.model_cnn.train: Epoch  11/200 | LR 0.09926 | Train L 0.5073 A 82.54% | Val L 0.7671 A 74.29%
2026-08-08 20:14:07 [INFO] src.model_cnn.train: Epoch  12/200 | LR 0.09911 | Train L 0.4729 A 83.50% | Val L 0.6099 A 79.45%
2026-08-08 20:14:17 [INFO] src.model_cnn.train: Epoch  13/200 | LR 0.09896 | Train L 0.4384 A 84.97% | Val L 0.5129 A 82.79%
2026-08-08 20:14:27 [INFO] src.model_cnn.train: Epoch  14/200 | LR 0.09880 | Train L 0.4165 A 85.54% | Val L 0.6178 A 79.69%
2026-08-08 20:14:36 [INFO] src.model_cnn.train: Epoch  15/200 | LR 0.09862 | Train L 0.3982 A 86.38% | Val L 0.5053 A 83.12%
2026-08-08 20:14:46 [INFO] src.model_cnn.train: Epoch  16/200 | LR 0.09843 | Train L 0.3789 A 86.91% | Val L 0.4626 A 84.75%
2026-08-08 20:14:56 [INFO] src.model_cnn.train: Epoch  17/200 | LR 0.09823 | Train L 0.3638 A 87.42% | Val L 0.5068 A 83.13%
2026-08-08 20:15:06 [INFO] src.model_cnn.train: Epoch  18/200 | LR 0.09801 | Train L 0.3517 A 87.88% | Val L 0.5229 A 82.33%
2026-08-08 20:15:16 [INFO] src.model_cnn.train: Epoch  19/200 | LR 0.09779 | Train L 0.3393 A 88.15% | Val L 0.6033 A 80.03%
2026-08-08 20:15:26 [INFO] src.model_cnn.train: Epoch  20/200 | LR 0.09755 | Train L 0.3292 A 88.73% | Val L 0.5064 A 83.16%
2026-08-08 20:15:26 [INFO] src.model_cnn.train: Target validation accuracy reached (83.16% >= 80.0%). Stopping early.
2026-08-08 20:15:26 [INFO] src.model_cnn.train: Model saved -> /scratch/dominic/Forschungsprojekt/results/20260808_200632_27831/models/baseline_resnet18_no_weights_CIFAR10_float32.pt
2026-08-08 20:15:26 [INFO] src.utility.utils: -------------------------------------------------
2026-08-08 20:15:26 [INFO] src.utility.utils:      epoch |    total_s |    train_s |      val_s
2026-08-08 20:15:26 [INFO] src.utility.utils: -------------------------------------------------
2026-08-08 20:15:26 [INFO] src.utility.utils:          1 |      9.996 |      8.764 |      1.232
2026-08-08 20:15:26 [INFO] src.utility.utils:          2 |      9.672 |      8.554 |      1.118
2026-08-08 20:15:26 [INFO] src.utility.utils:          3 |      9.969 |      8.847 |      1.122
2026-08-08 20:15:26 [INFO] src.utility.utils:          4 |      9.828 |      8.692 |      1.136
2026-08-08 20:15:26 [INFO] src.utility.utils:          5 |      9.812 |      8.682 |       1.13
2026-08-08 20:15:26 [INFO] src.utility.utils:          6 |      9.849 |      8.702 |      1.146
2026-08-08 20:15:26 [INFO] src.utility.utils:          7 |      9.791 |      8.652 |      1.138
2026-08-08 20:15:26 [INFO] src.utility.utils:          8 |      9.783 |      8.652 |      1.131
2026-08-08 20:15:26 [INFO] src.utility.utils:          9 |      9.837 |      8.698 |       1.14
2026-08-08 20:15:26 [INFO] src.utility.utils:         10 |      9.821 |      8.678 |      1.142
2026-08-08 20:15:26 [INFO] src.utility.utils:         11 |      9.814 |       8.66 |      1.154
2026-08-08 20:15:26 [INFO] src.utility.utils:         12 |      9.634 |      8.501 |      1.133
2026-08-08 20:15:26 [INFO] src.utility.utils:         13 |      9.874 |       8.71 |      1.164
2026-08-08 20:15:26 [INFO] src.utility.utils:         14 |      9.761 |      8.627 |      1.134
2026-08-08 20:15:26 [INFO] src.utility.utils:         15 |      9.736 |      8.604 |      1.132
2026-08-08 20:15:26 [INFO] src.utility.utils:         16 |      9.802 |      8.659 |      1.143
2026-08-08 20:15:26 [INFO] src.utility.utils:         17 |      9.943 |      8.801 |      1.141
2026-08-08 20:15:26 [INFO] src.utility.utils:         18 |      9.778 |      8.638 |      1.139
2026-08-08 20:15:26 [INFO] src.utility.utils:         19 |      9.679 |      8.533 |      1.146
2026-08-08 20:15:26 [INFO] src.utility.utils:         20 |     10.088 |      8.954 |      1.134
2026-08-08 20:15:26 [INFO] src.utility.utils: 
Total wall-clock time: 196.5s  (3.27 min)
2026-08-08 20:15:26 [INFO] src.utility.utils: Timing data saved → /scratch/dominic/Forschungsprojekt/results/20260808_200632_27831/csv/timing_resnet18_no_weights_CIFAR10.csv
2026-08-08 20:15:26 [INFO] src.utility.utils: Training curves saved → /scratch/dominic/Forschungsprojekt/results/20260808_200632_27831/logs/training_curves_resnet18_no_weights_CIFAR10.png
2026-08-08 20:15:28 [INFO] __main__: Computing Hessian Trace for FP32...
[torch.Size([64, 3, 3, 3]), torch.Size([64]), torch.Size([64]), torch.Size([64, 64, 3, 3]), torch.Size([64]), torch.Size([64]), torch.Size([64, 64, 3, 3]), torch.Size([64]), torch.Size([64]), torch.Size([64, 64, 3, 3]), torch.Size([64]), torch.Size([64]), torch.Size([64, 64, 3, 3]), torch.Size([64]), torch.Size([64]), torch.Size([128, 64, 3, 3]), torch.Size([128]), torch.Size([128]), torch.Size([128, 128, 3, 3]), torch.Size([128]), torch.Size([128]), torch.Size([128, 64, 1, 1]), torch.Size([128]), torch.Size([128]), torch.Size([128, 128, 3, 3]), torch.Size([128]), torch.Size([128]), torch.Size([128, 128, 3, 3]), torch.Size([128]), torch.Size([128]), torch.Size([256, 128, 3, 3]), torch.Size([256]), torch.Size([256]), torch.Size([256, 256, 3, 3]), torch.Size([256]), torch.Size([256]), torch.Size([256, 128, 1, 1]), torch.Size([256]), torch.Size([256]), torch.Size([256, 256, 3, 3]), torch.Size([256]), torch.Size([256]), torch.Size([256, 256, 3, 3]), torch.Size([256]), torch.Size([256]), torch.Size([512, 256, 3, 3]), torch.Size([512]), torch.Size([512]), torch.Size([512, 512, 3, 3]), torch.Size([512]), torch.Size([512]), torch.Size([512, 256, 1, 1]), torch.Size([512]), torch.Size([512]), torch.Size([512, 512, 3, 3]), torch.Size([512]), torch.Size([512]), torch.Size([512, 512, 3, 3]), torch.Size([512]), torch.Size([512]), torch.Size([10, 512]), torch.Size([10])]
2026-08-08 20:15:32 [INFO] src.analysis.pyhessian: [PyHessian] conv1.weight: trace=18.6700 (73 iters)
[torch.Size([64, 3, 3, 3]), torch.Size([64]), torch.Size([64]), torch.Size([64, 64, 3, 3]), torch.Size([64]), torch.Size([64]), torch.Size([64, 64, 3, 3]), torch.Size([64]), torch.Size([64]), torch.Size([64, 64, 3, 3]), torch.Size([64]), torch.Size([64]), torch.Size([64, 64, 3, 3]), torch.Size([64]), torch.Size([64]), torch.Size([128, 64, 3, 3]), torch.Size([128]), torch.Size([128]), torch.Size([128, 128, 3, 3]), torch.Size([128]), torch.Size([128]), torch.Size([128, 64, 1, 1]), torch.Size([128]), torch.Size([128]), torch.Size([128, 128, 3, 3]), torch.Size([128]), torch.Size([128]), torch.Size([128, 128, 3, 3]), torch.Size([128]), torch.Size([128]), torch.Size([256, 128, 3, 3]), torch.Size([256]), torch.Size([256]), torch.Size([256, 256, 3, 3]), torch.Size([256]), torch.Size([256]), torch.Size([256, 128, 1, 1]), torch.Size([256]), torch.Size([256]), torch.Size([256, 256, 3, 3]), torch.Size([256]), torch.Size([256]), torch.Size([256, 256, 3, 3]), torch.Size([256]), torch.Size([256]), torch.Size([512, 256, 3, 3]), torch.Size([512]), torch.Size([512]), torch.Size([512, 512, 3, 3]), torch.Size([512]), torch.Size([512]), torch.Size([512, 256, 1, 1]), torch.Size([512]), torch.Size([512]), torch.Size([512, 512, 3, 3]), torch.Size([512]), torch.Size([512]), torch.Size([512, 512, 3, 3]), torch.Size([512]), torch.Size([512]), torch.Size([10, 512]), torch.Size([10])]
2026-08-08 20:15:33 [INFO] src.analysis.pyhessian: [PyHessian] layer1.0.conv1.weight: trace=33.3484 (18 iters)
[torch.Size([64, 3, 3, 3]), torch.Size([64]), torch.Size([64]), torch.Size([64, 64, 3, 3]), torch.Size([64]), torch.Size([64]), torch.Size([64, 64, 3, 3]), torch.Size([64]), torch.Size([64]), torch.Size([64, 64, 3, 3]), torch.Size([64]), torch.Size([64]), torch.Size([64, 64, 3, 3]), torch.Size([64]), torch.Size([64]), torch.Size([128, 64, 3, 3]), torch.Size([128]), torch.Size([128]), torch.Size([128, 128, 3, 3]), torch.Size([128]), torch.Size([128]), torch.Size([128, 64, 1, 1]), torch.Size([128]), torch.Size([128]), torch.Size([128, 128, 3, 3]), torch.Size([128]), torch.Size([128]), torch.Size([128, 128, 3, 3]), torch.Size([128]), torch.Size([128]), torch.Size([256, 128, 3, 3]), torch.Size([256]), torch.Size([256]), torch.Size([256, 256, 3, 3]), torch.Size([256]), torch.Size([256]), torch.Size([256, 128, 1, 1]), torch.Size([256]), torch.Size([256]), torch.Size([256, 256, 3, 3]), torch.Size([256]), torch.Size([256]), torch.Size([256, 256, 3, 3]), torch.Size([256]), torch.Size([256]), torch.Size([512, 256, 3, 3]), torch.Size([512]), torch.Size([512]), torch.Size([512, 512, 3, 3]), torch.Size([512]), torch.Size([512]), torch.Size([512, 256, 1, 1]), torch.Size([512]), torch.Size([512]), torch.Size([512, 512, 3, 3]), torch.Size([512]), torch.Size([512]), torch.Size([512, 512, 3, 3]), torch.Size([512]), torch.Size([512]), torch.Size([10, 512]), torch.Size([10])]
2026-08-08 20:15:33 [INFO] src.analysis.pyhessian: [PyHessian] layer1.0.conv2.weight: trace=41.9970 (13 iters)
[torch.Size([64, 3, 3, 3]), torch.Size([64]), torch.Size([64]), torch.Size([64, 64, 3, 3]), torch.Size([64]), torch.Size([64]), torch.Size([64, 64, 3, 3]), torch.Size([64]), torch.Size([64]), torch.Size([64, 64, 3, 3]), torch.Size([64]), torch.Size([64]), torch.Size([64, 64, 3, 3]), torch.Size([64]), torch.Size([64]), torch.Size([128, 64, 3, 3]), torch.Size([128]), torch.Size([128]), torch.Size([128, 128, 3, 3]), torch.Size([128]), torch.Size([128]), torch.Size([128, 64, 1, 1]), torch.Size([128]), torch.Size([128]), torch.Size([128, 128, 3, 3]), torch.Size([128]), torch.Size([128]), torch.Size([128, 128, 3, 3]), torch.Size([128]), torch.Size([128]), torch.Size([256, 128, 3, 3]), torch.Size([256]), torch.Size([256]), torch.Size([256, 256, 3, 3]), torch.Size([256]), torch.Size([256]), torch.Size([256, 128, 1, 1]), torch.Size([256]), torch.Size([256]), torch.Size([256, 256, 3, 3]), torch.Size([256]), torch.Size([256]), torch.Size([256, 256, 3, 3]), torch.Size([256]), torch.Size([256]), torch.Size([512, 256, 3, 3]), torch.Size([512]), torch.Size([512]), torch.Size([512, 512, 3, 3]), torch.Size([512]), torch.Size([512]), torch.Size([512, 256, 1, 1]), torch.Size([512]), torch.Size([512]), torch.Size([512, 512, 3, 3]), torch.Size([512]), torch.Size([512]), torch.Size([512, 512, 3, 3]), torch.Size([512]), torch.Size([512]), torch.Size([10, 512]), torch.Size([10])]
2026-08-08 20:15:35 [INFO] src.analysis.pyhessian: [PyHessian] layer1.1.conv1.weight: trace=39.5520 (49 iters)
[torch.Size([64, 3, 3, 3]), torch.Size([64]), torch.Size([64]), torch.Size([64, 64, 3, 3]), torch.Size([64]), torch.Size([64]), torch.Size([64, 64, 3, 3]), torch.Size([64]), torch.Size([64]), torch.Size([64, 64, 3, 3]), torch.Size([64]), torch.Size([64]), torch.Size([64, 64, 3, 3]), torch.Size([64]), torch.Size([64]), torch.Size([128, 64, 3, 3]), torch.Size([128]), torch.Size([128]), torch.Size([128, 128, 3, 3]), torch.Size([128]), torch.Size([128]), torch.Size([128, 64, 1, 1]), torch.Size([128]), torch.Size([128]), torch.Size([128, 128, 3, 3]), torch.Size([128]), torch.Size([128]), torch.Size([128, 128, 3, 3]), torch.Size([128]), torch.Size([128]), torch.Size([256, 128, 3, 3]), torch.Size([256]), torch.Size([256]), torch.Size([256, 256, 3, 3]), torch.Size([256]), torch.Size([256]), torch.Size([256, 128, 1, 1]), torch.Size([256]), torch.Size([256]), torch.Size([256, 256, 3, 3]), torch.Size([256]), torch.Size([256]), torch.Size([256, 256, 3, 3]), torch.Size([256]), torch.Size([256]), torch.Size([512, 256, 3, 3]), torch.Size([512]), torch.Size([512]), torch.Size([512, 512, 3, 3]), torch.Size([512]), torch.Size([512]), torch.Size([512, 256, 1, 1]), torch.Size([512]), torch.Size([512]), torch.Size([512, 512, 3, 3]), torch.Size([512]), torch.Size([512]), torch.Size([512, 512, 3, 3]), torch.Size([512]), torch.Size([512]), torch.Size([10, 512]), torch.Size([10])]
2026-08-08 20:15:36 [INFO] src.analysis.pyhessian: [PyHessian] layer1.1.conv2.weight: trace=22.5192 (30 iters)
[torch.Size([64, 3, 3, 3]), torch.Size([64]), torch.Size([64]), torch.Size([64, 64, 3, 3]), torch.Size([64]), torch.Size([64]), torch.Size([64, 64, 3, 3]), torch.Size([64]), torch.Size([64]), torch.Size([64, 64, 3, 3]), torch.Size([64]), torch.Size([64]), torch.Size([64, 64, 3, 3]), torch.Size([64]), torch.Size([64]), torch.Size([128, 64, 3, 3]), torch.Size([128]), torch.Size([128]), torch.Size([128, 128, 3, 3]), torch.Size([128]), torch.Size([128]), torch.Size([128, 64, 1, 1]), torch.Size([128]), torch.Size([128]), torch.Size([128, 128, 3, 3]), torch.Size([128]), torch.Size([128]), torch.Size([128, 128, 3, 3]), torch.Size([128]), torch.Size([128]), torch.Size([256, 128, 3, 3]), torch.Size([256]), torch.Size([256]), torch.Size([256, 256, 3, 3]), torch.Size([256]), torch.Size([256]), torch.Size([256, 128, 1, 1]), torch.Size([256]), torch.Size([256]), torch.Size([256, 256, 3, 3]), torch.Size([256]), torch.Size([256]), torch.Size([256, 256, 3, 3]), torch.Size([256]), torch.Size([256]), torch.Size([512, 256, 3, 3]), torch.Size([512]), torch.Size([512]), torch.Size([512, 512, 3, 3]), torch.Size([512]), torch.Size([512]), torch.Size([512, 256, 1, 1]), torch.Size([512]), torch.Size([512]), torch.Size([512, 512, 3, 3]), torch.Size([512]), torch.Size([512]), torch.Size([512, 512, 3, 3]), torch.Size([512]), torch.Size([512]), torch.Size([10, 512]), torch.Size([10])]
2026-08-08 20:15:37 [INFO] src.analysis.pyhessian: [PyHessian] layer2.0.conv1.weight: trace=45.7346 (20 iters)
[torch.Size([64, 3, 3, 3]), torch.Size([64]), torch.Size([64]), torch.Size([64, 64, 3, 3]), torch.Size([64]), torch.Size([64]), torch.Size([64, 64, 3, 3]), torch.Size([64]), torch.Size([64]), torch.Size([64, 64, 3, 3]), torch.Size([64]), torch.Size([64]), torch.Size([64, 64, 3, 3]), torch.Size([64]), torch.Size([64]), torch.Size([128, 64, 3, 3]), torch.Size([128]), torch.Size([128]), torch.Size([128, 128, 3, 3]), torch.Size([128]), torch.Size([128]), torch.Size([128, 64, 1, 1]), torch.Size([128]), torch.Size([128]), torch.Size([128, 128, 3, 3]), torch.Size([128]), torch.Size([128]), torch.Size([128, 128, 3, 3]), torch.Size([128]), torch.Size([128]), torch.Size([256, 128, 3, 3]), torch.Size([256]), torch.Size([256]), torch.Size([256, 256, 3, 3]), torch.Size([256]), torch.Size([256]), torch.Size([256, 128, 1, 1]), torch.Size([256]), torch.Size([256]), torch.Size([256, 256, 3, 3]), torch.Size([256]), torch.Size([256]), torch.Size([256, 256, 3, 3]), torch.Size([256]), torch.Size([256]), torch.Size([512, 256, 3, 3]), torch.Size([512]), torch.Size([512]), torch.Size([512, 512, 3, 3]), torch.Size([512]), torch.Size([512]), torch.Size([512, 256, 1, 1]), torch.Size([512]), torch.Size([512]), torch.Size([512, 512, 3, 3]), torch.Size([512]), torch.Size([512]), torch.Size([512, 512, 3, 3]), torch.Size([512]), torch.Size([512]), torch.Size([10, 512]), torch.Size([10])]
2026-08-08 20:15:37 [INFO] src.analysis.pyhessian: [PyHessian] layer2.0.conv2.weight: trace=52.6196 (24 iters)
[torch.Size([64, 3, 3, 3]), torch.Size([64]), torch.Size([64]), torch.Size([64, 64, 3, 3]), torch.Size([64]), torch.Size([64]), torch.Size([64, 64, 3, 3]), torch.Size([64]), torch.Size([64]), torch.Size([64, 64, 3, 3]), torch.Size([64]), torch.Size([64]), torch.Size([64, 64, 3, 3]), torch.Size([64]), torch.Size([64]), torch.Size([128, 64, 3, 3]), torch.Size([128]), torch.Size([128]), torch.Size([128, 128, 3, 3]), torch.Size([128]), torch.Size([128]), torch.Size([128, 64, 1, 1]), torch.Size([128]), torch.Size([128]), torch.Size([128, 128, 3, 3]), torch.Size([128]), torch.Size([128]), torch.Size([128, 128, 3, 3]), torch.Size([128]), torch.Size([128]), torch.Size([256, 128, 3, 3]), torch.Size([256]), torch.Size([256]), torch.Size([256, 256, 3, 3]), torch.Size([256]), torch.Size([256]), torch.Size([256, 128, 1, 1]), torch.Size([256]), torch.Size([256]), torch.Size([256, 256, 3, 3]), torch.Size([256]), torch.Size([256]), torch.Size([256, 256, 3, 3]), torch.Size([256]), torch.Size([256]), torch.Size([512, 256, 3, 3]), torch.Size([512]), torch.Size([512]), torch.Size([512, 512, 3, 3]), torch.Size([512]), torch.Size([512]), torch.Size([512, 256, 1, 1]), torch.Size([512]), torch.Size([512]), torch.Size([512, 512, 3, 3]), torch.Size([512]), torch.Size([512]), torch.Size([512, 512, 3, 3]), torch.Size([512]), torch.Size([512]), torch.Size([10, 512]), torch.Size([10])]
2026-08-08 20:15:39 [INFO] src.analysis.pyhessian: [PyHessian] layer2.0.downsample.0.weight: trace=30.7999 (51 iters)
[torch.Size([64, 3, 3, 3]), torch.Size([64]), torch.Size([64]), torch.Size([64, 64, 3, 3]), torch.Size([64]), torch.Size([64]), torch.Size([64, 64, 3, 3]), torch.Size([64]), torch.Size([64]), torch.Size([64, 64, 3, 3]), torch.Size([64]), torch.Size([64]), torch.Size([64, 64, 3, 3]), torch.Size([64]), torch.Size([64]), torch.Size([128, 64, 3, 3]), torch.Size([128]), torch.Size([128]), torch.Size([128, 128, 3, 3]), torch.Size([128]), torch.Size([128]), torch.Size([128, 64, 1, 1]), torch.Size([128]), torch.Size([128]), torch.Size([128, 128, 3, 3]), torch.Size([128]), torch.Size([128]), torch.Size([128, 128, 3, 3]), torch.Size([128]), torch.Size([128]), torch.Size([256, 128, 3, 3]), torch.Size([256]), torch.Size([256]), torch.Size([256, 256, 3, 3]), torch.Size([256]), torch.Size([256]), torch.Size([256, 128, 1, 1]), torch.Size([256]), torch.Size([256]), torch.Size([256, 256, 3, 3]), torch.Size([256]), torch.Size([256]), torch.Size([256, 256, 3, 3]), torch.Size([256]), torch.Size([256]), torch.Size([512, 256, 3, 3]), torch.Size([512]), torch.Size([512]), torch.Size([512, 512, 3, 3]), torch.Size([512]), torch.Size([512]), torch.Size([512, 256, 1, 1]), torch.Size([512]), torch.Size([512]), torch.Size([512, 512, 3, 3]), torch.Size([512]), torch.Size([512]), torch.Size([512, 512, 3, 3]), torch.Size([512]), torch.Size([512]), torch.Size([10, 512]), torch.Size([10])]
2026-08-08 20:15:39 [INFO] src.analysis.pyhessian: [PyHessian] layer2.1.conv1.weight: trace=38.2794 (19 iters)
[torch.Size([64, 3, 3, 3]), torch.Size([64]), torch.Size([64]), torch.Size([64, 64, 3, 3]), torch.Size([64]), torch.Size([64]), torch.Size([64, 64, 3, 3]), torch.Size([64]), torch.Size([64]), torch.Size([64, 64, 3, 3]), torch.Size([64]), torch.Size([64]), torch.Size([64, 64, 3, 3]), torch.Size([64]), torch.Size([64]), torch.Size([128, 64, 3, 3]), torch.Size([128]), torch.Size([128]), torch.Size([128, 128, 3, 3]), torch.Size([128]), torch.Size([128]), torch.Size([128, 64, 1, 1]), torch.Size([128]), torch.Size([128]), torch.Size([128, 128, 3, 3]), torch.Size([128]), torch.Size([128]), torch.Size([128, 128, 3, 3]), torch.Size([128]), torch.Size([128]), torch.Size([256, 128, 3, 3]), torch.Size([256]), torch.Size([256]), torch.Size([256, 256, 3, 3]), torch.Size([256]), torch.Size([256]), torch.Size([256, 128, 1, 1]), torch.Size([256]), torch.Size([256]), torch.Size([256, 256, 3, 3]), torch.Size([256]), torch.Size([256]), torch.Size([256, 256, 3, 3]), torch.Size([256]), torch.Size([256]), torch.Size([512, 256, 3, 3]), torch.Size([512]), torch.Size([512]), torch.Size([512, 512, 3, 3]), torch.Size([512]), torch.Size([512]), torch.Size([512, 256, 1, 1]), torch.Size([512]), torch.Size([512]), torch.Size([512, 512, 3, 3]), torch.Size([512]), torch.Size([512]), torch.Size([512, 512, 3, 3]), torch.Size([512]), torch.Size([512]), torch.Size([10, 512]), torch.Size([10])]
2026-08-08 20:15:40 [INFO] src.analysis.pyhessian: [PyHessian] layer2.1.conv2.weight: trace=26.8725 (36 iters)
[torch.Size([64, 3, 3, 3]), torch.Size([64]), torch.Size([64]), torch.Size([64, 64, 3, 3]), torch.Size([64]), torch.Size([64]), torch.Size([64, 64, 3, 3]), torch.Size([64]), torch.Size([64]), torch.Size([64, 64, 3, 3]), torch.Size([64]), torch.Size([64]), torch.Size([64, 64, 3, 3]), torch.Size([64]), torch.Size([64]), torch.Size([128, 64, 3, 3]), torch.Size([128]), torch.Size([128]), torch.Size([128, 128, 3, 3]), torch.Size([128]), torch.Size([128]), torch.Size([128, 64, 1, 1]), torch.Size([128]), torch.Size([128]), torch.Size([128, 128, 3, 3]), torch.Size([128]), torch.Size([128]), torch.Size([128, 128, 3, 3]), torch.Size([128]), torch.Size([128]), torch.Size([256, 128, 3, 3]), torch.Size([256]), torch.Size([256]), torch.Size([256, 256, 3, 3]), torch.Size([256]), torch.Size([256]), torch.Size([256, 128, 1, 1]), torch.Size([256]), torch.Size([256]), torch.Size([256, 256, 3, 3]), torch.Size([256]), torch.Size([256]), torch.Size([256, 256, 3, 3]), torch.Size([256]), torch.Size([256]), torch.Size([512, 256, 3, 3]), torch.Size([512]), torch.Size([512]), torch.Size([512, 512, 3, 3]), torch.Size([512]), torch.Size([512]), torch.Size([512, 256, 1, 1]), torch.Size([512]), torch.Size([512]), torch.Size([512, 512, 3, 3]), torch.Size([512]), torch.Size([512]), torch.Size([512, 512, 3, 3]), torch.Size([512]), torch.Size([512]), torch.Size([10, 512]), torch.Size([10])]
2026-08-08 20:15:40 [INFO] src.analysis.pyhessian: [PyHessian] layer3.0.conv1.weight: trace=68.1243 (14 iters)
[torch.Size([64, 3, 3, 3]), torch.Size([64]), torch.Size([64]), torch.Size([64, 64, 3, 3]), torch.Size([64]), torch.Size([64]), torch.Size([64, 64, 3, 3]), torch.Size([64]), torch.Size([64]), torch.Size([64, 64, 3, 3]), torch.Size([64]), torch.Size([64]), torch.Size([64, 64, 3, 3]), torch.Size([64]), torch.Size([64]), torch.Size([128, 64, 3, 3]), torch.Size([128]), torch.Size([128]), torch.Size([128, 128, 3, 3]), torch.Size([128]), torch.Size([128]), torch.Size([128, 64, 1, 1]), torch.Size([128]), torch.Size([128]), torch.Size([128, 128, 3, 3]), torch.Size([128]), torch.Size([128]), torch.Size([128, 128, 3, 3]), torch.Size([128]), torch.Size([128]), torch.Size([256, 128, 3, 3]), torch.Size([256]), torch.Size([256]), torch.Size([256, 256, 3, 3]), torch.Size([256]), torch.Size([256]), torch.Size([256, 128, 1, 1]), torch.Size([256]), torch.Size([256]), torch.Size([256, 256, 3, 3]), torch.Size([256]), torch.Size([256]), torch.Size([256, 256, 3, 3]), torch.Size([256]), torch.Size([256]), torch.Size([512, 256, 3, 3]), torch.Size([512]), torch.Size([512]), torch.Size([512, 512, 3, 3]), torch.Size([512]), torch.Size([512]), torch.Size([512, 256, 1, 1]), torch.Size([512]), torch.Size([512]), torch.Size([512, 512, 3, 3]), torch.Size([512]), torch.Size([512]), torch.Size([512, 512, 3, 3]), torch.Size([512]), torch.Size([512]), torch.Size([10, 512]), torch.Size([10])]
2026-08-08 20:15:41 [INFO] src.analysis.pyhessian: [PyHessian] layer3.0.conv2.weight: trace=62.7330 (38 iters)
[torch.Size([64, 3, 3, 3]), torch.Size([64]), torch.Size([64]), torch.Size([64, 64, 3, 3]), torch.Size([64]), torch.Size([64]), torch.Size([64, 64, 3, 3]), torch.Size([64]), torch.Size([64]), torch.Size([64, 64, 3, 3]), torch.Size([64]), torch.Size([64]), torch.Size([64, 64, 3, 3]), torch.Size([64]), torch.Size([64]), torch.Size([128, 64, 3, 3]), torch.Size([128]), torch.Size([128]), torch.Size([128, 128, 3, 3]), torch.Size([128]), torch.Size([128]), torch.Size([128, 64, 1, 1]), torch.Size([128]), torch.Size([128]), torch.Size([128, 128, 3, 3]), torch.Size([128]), torch.Size([128]), torch.Size([128, 128, 3, 3]), torch.Size([128]), torch.Size([128]), torch.Size([256, 128, 3, 3]), torch.Size([256]), torch.Size([256]), torch.Size([256, 256, 3, 3]), torch.Size([256]), torch.Size([256]), torch.Size([256, 128, 1, 1]), torch.Size([256]), torch.Size([256]), torch.Size([256, 256, 3, 3]), torch.Size([256]), torch.Size([256]), torch.Size([256, 256, 3, 3]), torch.Size([256]), torch.Size([256]), torch.Size([512, 256, 3, 3]), torch.Size([512]), torch.Size([512]), torch.Size([512, 512, 3, 3]), torch.Size([512]), torch.Size([512]), torch.Size([512, 256, 1, 1]), torch.Size([512]), torch.Size([512]), torch.Size([512, 512, 3, 3]), torch.Size([512]), torch.Size([512]), torch.Size([512, 512, 3, 3]), torch.Size([512]), torch.Size([512]), torch.Size([10, 512]), torch.Size([10])]
2026-08-08 20:15:42 [INFO] src.analysis.pyhessian: [PyHessian] layer3.0.downsample.0.weight: trace=18.6225 (29 iters)
[torch.Size([64, 3, 3, 3]), torch.Size([64]), torch.Size([64]), torch.Size([64, 64, 3, 3]), torch.Size([64]), torch.Size([64]), torch.Size([64, 64, 3, 3]), torch.Size([64]), torch.Size([64]), torch.Size([64, 64, 3, 3]), torch.Size([64]), torch.Size([64]), torch.Size([64, 64, 3, 3]), torch.Size([64]), torch.Size([64]), torch.Size([128, 64, 3, 3]), torch.Size([128]), torch.Size([128]), torch.Size([128, 128, 3, 3]), torch.Size([128]), torch.Size([128]), torch.Size([128, 64, 1, 1]), torch.Size([128]), torch.Size([128]), torch.Size([128, 128, 3, 3]), torch.Size([128]), torch.Size([128]), torch.Size([128, 128, 3, 3]), torch.Size([128]), torch.Size([128]), torch.Size([256, 128, 3, 3]), torch.Size([256]), torch.Size([256]), torch.Size([256, 256, 3, 3]), torch.Size([256]), torch.Size([256]), torch.Size([256, 128, 1, 1]), torch.Size([256]), torch.Size([256]), torch.Size([256, 256, 3, 3]), torch.Size([256]), torch.Size([256]), torch.Size([256, 256, 3, 3]), torch.Size([256]), torch.Size([256]), torch.Size([512, 256, 3, 3]), torch.Size([512]), torch.Size([512]), torch.Size([512, 512, 3, 3]), torch.Size([512]), torch.Size([512]), torch.Size([512, 256, 1, 1]), torch.Size([512]), torch.Size([512]), torch.Size([512, 512, 3, 3]), torch.Size([512]), torch.Size([512]), torch.Size([512, 512, 3, 3]), torch.Size([512]), torch.Size([512]), torch.Size([10, 512]), torch.Size([10])]
2026-08-08 20:15:42 [INFO] src.analysis.pyhessian: [PyHessian] layer3.1.conv1.weight: trace=41.0986 (8 iters)
[torch.Size([64, 3, 3, 3]), torch.Size([64]), torch.Size([64]), torch.Size([64, 64, 3, 3]), torch.Size([64]), torch.Size([64]), torch.Size([64, 64, 3, 3]), torch.Size([64]), torch.Size([64]), torch.Size([64, 64, 3, 3]), torch.Size([64]), torch.Size([64]), torch.Size([64, 64, 3, 3]), torch.Size([64]), torch.Size([64]), torch.Size([128, 64, 3, 3]), torch.Size([128]), torch.Size([128]), torch.Size([128, 128, 3, 3]), torch.Size([128]), torch.Size([128]), torch.Size([128, 64, 1, 1]), torch.Size([128]), torch.Size([128]), torch.Size([128, 128, 3, 3]), torch.Size([128]), torch.Size([128]), torch.Size([128, 128, 3, 3]), torch.Size([128]), torch.Size([128]), torch.Size([256, 128, 3, 3]), torch.Size([256]), torch.Size([256]), torch.Size([256, 256, 3, 3]), torch.Size([256]), torch.Size([256]), torch.Size([256, 128, 1, 1]), torch.Size([256]), torch.Size([256]), torch.Size([256, 256, 3, 3]), torch.Size([256]), torch.Size([256]), torch.Size([256, 256, 3, 3]), torch.Size([256]), torch.Size([256]), torch.Size([512, 256, 3, 3]), torch.Size([512]), torch.Size([512]), torch.Size([512, 512, 3, 3]), torch.Size([512]), torch.Size([512]), torch.Size([512, 256, 1, 1]), torch.Size([512]), torch.Size([512]), torch.Size([512, 512, 3, 3]), torch.Size([512]), torch.Size([512]), torch.Size([512, 512, 3, 3]), torch.Size([512]), torch.Size([512]), torch.Size([10, 512]), torch.Size([10])]
2026-08-08 20:15:42 [INFO] src.analysis.pyhessian: [PyHessian] layer3.1.conv2.weight: trace=30.3747 (42 iters)
[torch.Size([64, 3, 3, 3]), torch.Size([64]), torch.Size([64]), torch.Size([64, 64, 3, 3]), torch.Size([64]), torch.Size([64]), torch.Size([64, 64, 3, 3]), torch.Size([64]), torch.Size([64]), torch.Size([64, 64, 3, 3]), torch.Size([64]), torch.Size([64]), torch.Size([64, 64, 3, 3]), torch.Size([64]), torch.Size([64]), torch.Size([128, 64, 3, 3]), torch.Size([128]), torch.Size([128]), torch.Size([128, 128, 3, 3]), torch.Size([128]), torch.Size([128]), torch.Size([128, 64, 1, 1]), torch.Size([128]), torch.Size([128]), torch.Size([128, 128, 3, 3]), torch.Size([128]), torch.Size([128]), torch.Size([128, 128, 3, 3]), torch.Size([128]), torch.Size([128]), torch.Size([256, 128, 3, 3]), torch.Size([256]), torch.Size([256]), torch.Size([256, 256, 3, 3]), torch.Size([256]), torch.Size([256]), torch.Size([256, 128, 1, 1]), torch.Size([256]), torch.Size([256]), torch.Size([256, 256, 3, 3]), torch.Size([256]), torch.Size([256]), torch.Size([256, 256, 3, 3]), torch.Size([256]), torch.Size([256]), torch.Size([512, 256, 3, 3]), torch.Size([512]), torch.Size([512]), torch.Size([512, 512, 3, 3]), torch.Size([512]), torch.Size([512]), torch.Size([512, 256, 1, 1]), torch.Size([512]), torch.Size([512]), torch.Size([512, 512, 3, 3]), torch.Size([512]), torch.Size([512]), torch.Size([512, 512, 3, 3]), torch.Size([512]), torch.Size([512]), torch.Size([10, 512]), torch.Size([10])]
2026-08-08 20:15:43 [INFO] src.analysis.pyhessian: [PyHessian] layer4.0.conv1.weight: trace=38.7692 (43 iters)
[torch.Size([64, 3, 3, 3]), torch.Size([64]), torch.Size([64]), torch.Size([64, 64, 3, 3]), torch.Size([64]), torch.Size([64]), torch.Size([64, 64, 3, 3]), torch.Size([64]), torch.Size([64]), torch.Size([64, 64, 3, 3]), torch.Size([64]), torch.Size([64]), torch.Size([64, 64, 3, 3]), torch.Size([64]), torch.Size([64]), torch.Size([128, 64, 3, 3]), torch.Size([128]), torch.Size([128]), torch.Size([128, 128, 3, 3]), torch.Size([128]), torch.Size([128]), torch.Size([128, 64, 1, 1]), torch.Size([128]), torch.Size([128]), torch.Size([128, 128, 3, 3]), torch.Size([128]), torch.Size([128]), torch.Size([128, 128, 3, 3]), torch.Size([128]), torch.Size([128]), torch.Size([256, 128, 3, 3]), torch.Size([256]), torch.Size([256]), torch.Size([256, 256, 3, 3]), torch.Size([256]), torch.Size([256]), torch.Size([256, 128, 1, 1]), torch.Size([256]), torch.Size([256]), torch.Size([256, 256, 3, 3]), torch.Size([256]), torch.Size([256]), torch.Size([256, 256, 3, 3]), torch.Size([256]), torch.Size([256]), torch.Size([512, 256, 3, 3]), torch.Size([512]), torch.Size([512]), torch.Size([512, 512, 3, 3]), torch.Size([512]), torch.Size([512]), torch.Size([512, 256, 1, 1]), torch.Size([512]), torch.Size([512]), torch.Size([512, 512, 3, 3]), torch.Size([512]), torch.Size([512]), torch.Size([512, 512, 3, 3]), torch.Size([512]), torch.Size([512]), torch.Size([10, 512]), torch.Size([10])]
2026-08-08 20:15:43 [INFO] src.analysis.pyhessian: [PyHessian] layer4.0.conv2.weight: trace=45.2753 (36 iters)
[torch.Size([64, 3, 3, 3]), torch.Size([64]), torch.Size([64]), torch.Size([64, 64, 3, 3]), torch.Size([64]), torch.Size([64]), torch.Size([64, 64, 3, 3]), torch.Size([64]), torch.Size([64]), torch.Size([64, 64, 3, 3]), torch.Size([64]), torch.Size([64]), torch.Size([64, 64, 3, 3]), torch.Size([64]), torch.Size([64]), torch.Size([128, 64, 3, 3]), torch.Size([128]), torch.Size([128]), torch.Size([128, 128, 3, 3]), torch.Size([128]), torch.Size([128]), torch.Size([128, 64, 1, 1]), torch.Size([128]), torch.Size([128]), torch.Size([128, 128, 3, 3]), torch.Size([128]), torch.Size([128]), torch.Size([128, 128, 3, 3]), torch.Size([128]), torch.Size([128]), torch.Size([256, 128, 3, 3]), torch.Size([256]), torch.Size([256]), torch.Size([256, 256, 3, 3]), torch.Size([256]), torch.Size([256]), torch.Size([256, 128, 1, 1]), torch.Size([256]), torch.Size([256]), torch.Size([256, 256, 3, 3]), torch.Size([256]), torch.Size([256]), torch.Size([256, 256, 3, 3]), torch.Size([256]), torch.Size([256]), torch.Size([512, 256, 3, 3]), torch.Size([512]), torch.Size([512]), torch.Size([512, 512, 3, 3]), torch.Size([512]), torch.Size([512]), torch.Size([512, 256, 1, 1]), torch.Size([512]), torch.Size([512]), torch.Size([512, 512, 3, 3]), torch.Size([512]), torch.Size([512]), torch.Size([512, 512, 3, 3]), torch.Size([512]), torch.Size([512]), torch.Size([10, 512]), torch.Size([10])]
2026-08-08 20:15:43 [INFO] src.analysis.pyhessian: [PyHessian] layer4.0.downsample.0.weight: trace=30.1754 (17 iters)
[torch.Size([64, 3, 3, 3]), torch.Size([64]), torch.Size([64]), torch.Size([64, 64, 3, 3]), torch.Size([64]), torch.Size([64]), torch.Size([64, 64, 3, 3]), torch.Size([64]), torch.Size([64]), torch.Size([64, 64, 3, 3]), torch.Size([64]), torch.Size([64]), torch.Size([64, 64, 3, 3]), torch.Size([64]), torch.Size([64]), torch.Size([128, 64, 3, 3]), torch.Size([128]), torch.Size([128]), torch.Size([128, 128, 3, 3]), torch.Size([128]), torch.Size([128]), torch.Size([128, 64, 1, 1]), torch.Size([128]), torch.Size([128]), torch.Size([128, 128, 3, 3]), torch.Size([128]), torch.Size([128]), torch.Size([128, 128, 3, 3]), torch.Size([128]), torch.Size([128]), torch.Size([256, 128, 3, 3]), torch.Size([256]), torch.Size([256]), torch.Size([256, 256, 3, 3]), torch.Size([256]), torch.Size([256]), torch.Size([256, 128, 1, 1]), torch.Size([256]), torch.Size([256]), torch.Size([256, 256, 3, 3]), torch.Size([256]), torch.Size([256]), torch.Size([256, 256, 3, 3]), torch.Size([256]), torch.Size([256]), torch.Size([512, 256, 3, 3]), torch.Size([512]), torch.Size([512]), torch.Size([512, 512, 3, 3]), torch.Size([512]), torch.Size([512]), torch.Size([512, 256, 1, 1]), torch.Size([512]), torch.Size([512]), torch.Size([512, 512, 3, 3]), torch.Size([512]), torch.Size([512]), torch.Size([512, 512, 3, 3]), torch.Size([512]), torch.Size([512]), torch.Size([10, 512]), torch.Size([10])]
2026-08-08 20:15:43 [INFO] src.analysis.pyhessian: [PyHessian] layer4.1.conv1.weight: trace=62.8974 (40 iters)
[torch.Size([64, 3, 3, 3]), torch.Size([64]), torch.Size([64]), torch.Size([64, 64, 3, 3]), torch.Size([64]), torch.Size([64]), torch.Size([64, 64, 3, 3]), torch.Size([64]), torch.Size([64]), torch.Size([64, 64, 3, 3]), torch.Size([64]), torch.Size([64]), torch.Size([64, 64, 3, 3]), torch.Size([64]), torch.Size([64]), torch.Size([128, 64, 3, 3]), torch.Size([128]), torch.Size([128]), torch.Size([128, 128, 3, 3]), torch.Size([128]), torch.Size([128]), torch.Size([128, 64, 1, 1]), torch.Size([128]), torch.Size([128]), torch.Size([128, 128, 3, 3]), torch.Size([128]), torch.Size([128]), torch.Size([128, 128, 3, 3]), torch.Size([128]), torch.Size([128]), torch.Size([256, 128, 3, 3]), torch.Size([256]), torch.Size([256]), torch.Size([256, 256, 3, 3]), torch.Size([256]), torch.Size([256]), torch.Size([256, 128, 1, 1]), torch.Size([256]), torch.Size([256]), torch.Size([256, 256, 3, 3]), torch.Size([256]), torch.Size([256]), torch.Size([256, 256, 3, 3]), torch.Size([256]), torch.Size([256]), torch.Size([512, 256, 3, 3]), torch.Size([512]), torch.Size([512]), torch.Size([512, 512, 3, 3]), torch.Size([512]), torch.Size([512]), torch.Size([512, 256, 1, 1]), torch.Size([512]), torch.Size([512]), torch.Size([512, 512, 3, 3]), torch.Size([512]), torch.Size([512]), torch.Size([512, 512, 3, 3]), torch.Size([512]), torch.Size([512]), torch.Size([10, 512]), torch.Size([10])]
2026-08-08 20:15:44 [INFO] src.analysis.pyhessian: [PyHessian] layer4.1.conv2.weight: trace=21.2423 (21 iters)
[torch.Size([64, 3, 3, 3]), torch.Size([64]), torch.Size([64]), torch.Size([64, 64, 3, 3]), torch.Size([64]), torch.Size([64]), torch.Size([64, 64, 3, 3]), torch.Size([64]), torch.Size([64]), torch.Size([64, 64, 3, 3]), torch.Size([64]), torch.Size([64]), torch.Size([64, 64, 3, 3]), torch.Size([64]), torch.Size([64]), torch.Size([128, 64, 3, 3]), torch.Size([128]), torch.Size([128]), torch.Size([128, 128, 3, 3]), torch.Size([128]), torch.Size([128]), torch.Size([128, 64, 1, 1]), torch.Size([128]), torch.Size([128]), torch.Size([128, 128, 3, 3]), torch.Size([128]), torch.Size([128]), torch.Size([128, 128, 3, 3]), torch.Size([128]), torch.Size([128]), torch.Size([256, 128, 3, 3]), torch.Size([256]), torch.Size([256]), torch.Size([256, 256, 3, 3]), torch.Size([256]), torch.Size([256]), torch.Size([256, 128, 1, 1]), torch.Size([256]), torch.Size([256]), torch.Size([256, 256, 3, 3]), torch.Size([256]), torch.Size([256]), torch.Size([256, 256, 3, 3]), torch.Size([256]), torch.Size([256]), torch.Size([512, 256, 3, 3]), torch.Size([512]), torch.Size([512]), torch.Size([512, 512, 3, 3]), torch.Size([512]), torch.Size([512]), torch.Size([512, 256, 1, 1]), torch.Size([512]), torch.Size([512]), torch.Size([512, 512, 3, 3]), torch.Size([512]), torch.Size([512]), torch.Size([512, 512, 3, 3]), torch.Size([512]), torch.Size([512]), torch.Size([10, 512]), torch.Size([10])]
2026-08-08 20:15:44 [INFO] src.analysis.pyhessian: [PyHessian] fc.weight: trace=3.9984 (18 iters)
2026-08-08 20:15:45 [INFO] src.analysis.top_eigenvalue: [PyHessian] conv1.weight: lambda_max=2.2350
2026-08-08 20:15:45 [INFO] src.analysis.top_eigenvalue: [PyHessian] layer1.0.conv1.weight: lambda_max=7.3917
2026-08-08 20:15:45 [INFO] src.analysis.top_eigenvalue: [PyHessian] layer1.0.conv2.weight: lambda_max=7.4915
2026-08-08 20:15:45 [INFO] src.analysis.top_eigenvalue: [PyHessian] layer1.1.conv1.weight: lambda_max=10.5327
2026-08-08 20:15:46 [INFO] src.analysis.top_eigenvalue: [PyHessian] layer1.1.conv2.weight: lambda_max=5.8943
2026-08-08 20:15:46 [INFO] src.analysis.top_eigenvalue: [PyHessian] layer2.0.conv1.weight: lambda_max=7.9604
2026-08-08 20:15:46 [INFO] src.analysis.top_eigenvalue: [PyHessian] layer2.0.conv2.weight: lambda_max=8.0599
2026-08-08 20:15:46 [INFO] src.analysis.top_eigenvalue: [PyHessian] layer2.0.downsample.0.weight: lambda_max=4.5803
2026-08-08 20:15:46 [INFO] src.analysis.top_eigenvalue: [PyHessian] layer2.1.conv1.weight: lambda_max=6.9591
2026-08-08 20:15:47 [INFO] src.analysis.top_eigenvalue: [PyHessian] layer2.1.conv2.weight: lambda_max=3.8116
2026-08-08 20:15:47 [INFO] src.analysis.top_eigenvalue: [PyHessian] layer3.0.conv1.weight: lambda_max=7.0612
2026-08-08 20:15:47 [INFO] src.analysis.top_eigenvalue: [PyHessian] layer3.0.conv2.weight: lambda_max=6.1680
2026-08-08 20:15:47 [INFO] src.analysis.top_eigenvalue: [PyHessian] layer3.0.downsample.0.weight: lambda_max=1.8840
2026-08-08 20:15:47 [INFO] src.analysis.top_eigenvalue: [PyHessian] layer3.1.conv1.weight: lambda_max=3.2019
2026-08-08 20:15:47 [INFO] src.analysis.top_eigenvalue: [PyHessian] layer3.1.conv2.weight: lambda_max=3.2908
2026-08-08 20:15:47 [INFO] src.analysis.top_eigenvalue: [PyHessian] layer4.0.conv1.weight: lambda_max=3.3728
2026-08-08 20:15:48 [INFO] src.analysis.top_eigenvalue: [PyHessian] layer4.0.conv2.weight: lambda_max=4.2887
2026-08-08 20:15:48 [INFO] src.analysis.top_eigenvalue: [PyHessian] layer4.0.downsample.0.weight: lambda_max=2.6425
2026-08-08 20:15:48 [INFO] src.analysis.top_eigenvalue: [PyHessian] layer4.1.conv1.weight: lambda_max=5.4513
2026-08-08 20:15:48 [INFO] src.analysis.top_eigenvalue: [PyHessian] layer4.1.conv2.weight: lambda_max=2.2845
2026-08-08 20:15:48 [INFO] src.analysis.top_eigenvalue: [PyHessian] fc.weight: lambda_max=0.6302
2026-08-08 20:15:48 [INFO] __main__: [FP32] Best Val Acc: 84.75% | Latency: 3.25ms
2026-08-08 20:15:48 [INFO] __main__: Starting PTQ Calibration...
2026-08-08 20:15:52 [INFO] __main__: Saved uncompiled PTQ state_dict -> /scratch/dominic/Forschungsprojekt/results/20260808_200632_27831/quantized_models/ptq_po2_resnet18_no_weights_CIFAR10.pt
2026-08-08 20:15:52 [INFO] __main__: Computing Hessian Trace for PTQ...
[torch.Size([64, 3, 3, 3]), torch.Size([64]), torch.Size([64, 64, 3, 3]), torch.Size([64]), torch.Size([64, 64, 3, 3]), torch.Size([64]), torch.Size([64, 64, 3, 3]), torch.Size([64]), torch.Size([64, 64, 3, 3]), torch.Size([64]), torch.Size([128, 64, 3, 3]), torch.Size([128]), torch.Size([128, 128, 3, 3]), torch.Size([128]), torch.Size([128, 64, 1, 1]), torch.Size([128]), torch.Size([128, 128, 3, 3]), torch.Size([128]), torch.Size([128, 128, 3, 3]), torch.Size([128]), torch.Size([256, 128, 3, 3]), torch.Size([256]), torch.Size([256, 256, 3, 3]), torch.Size([256]), torch.Size([256, 128, 1, 1]), torch.Size([256]), torch.Size([256, 256, 3, 3]), torch.Size([256]), torch.Size([256, 256, 3, 3]), torch.Size([256]), torch.Size([512, 256, 3, 3]), torch.Size([512]), torch.Size([512, 512, 3, 3]), torch.Size([512]), torch.Size([512, 256, 1, 1]), torch.Size([512]), torch.Size([512, 512, 3, 3]), torch.Size([512]), torch.Size([512, 512, 3, 3]), torch.Size([512]), torch.Size([10, 512]), torch.Size([10])]
2026-08-08 20:15:54 [INFO] src.analysis.pyhessian: [PyHessian] conv1.weight: trace=139.3588 (21 iters)
[torch.Size([64, 3, 3, 3]), torch.Size([64]), torch.Size([64, 64, 3, 3]), torch.Size([64]), torch.Size([64, 64, 3, 3]), torch.Size([64]), torch.Size([64, 64, 3, 3]), torch.Size([64]), torch.Size([64, 64, 3, 3]), torch.Size([64]), torch.Size([128, 64, 3, 3]), torch.Size([128]), torch.Size([128, 128, 3, 3]), torch.Size([128]), torch.Size([128, 64, 1, 1]), torch.Size([128]), torch.Size([128, 128, 3, 3]), torch.Size([128]), torch.Size([128, 128, 3, 3]), torch.Size([128]), torch.Size([256, 128, 3, 3]), torch.Size([256]), torch.Size([256, 256, 3, 3]), torch.Size([256]), torch.Size([256, 128, 1, 1]), torch.Size([256]), torch.Size([256, 256, 3, 3]), torch.Size([256]), torch.Size([256, 256, 3, 3]), torch.Size([256]), torch.Size([512, 256, 3, 3]), torch.Size([512]), torch.Size([512, 512, 3, 3]), torch.Size([512]), torch.Size([512, 256, 1, 1]), torch.Size([512]), torch.Size([512, 512, 3, 3]), torch.Size([512]), torch.Size([512, 512, 3, 3]), torch.Size([512]), torch.Size([10, 512]), torch.Size([10])]
2026-08-08 20:15:54 [INFO] src.analysis.pyhessian: [PyHessian] layer1.0.conv1.weight: trace=83.6318 (7 iters)
[torch.Size([64, 3, 3, 3]), torch.Size([64]), torch.Size([64, 64, 3, 3]), torch.Size([64]), torch.Size([64, 64, 3, 3]), torch.Size([64]), torch.Size([64, 64, 3, 3]), torch.Size([64]), torch.Size([64, 64, 3, 3]), torch.Size([64]), torch.Size([128, 64, 3, 3]), torch.Size([128]), torch.Size([128, 128, 3, 3]), torch.Size([128]), torch.Size([128, 64, 1, 1]), torch.Size([128]), torch.Size([128, 128, 3, 3]), torch.Size([128]), torch.Size([128, 128, 3, 3]), torch.Size([128]), torch.Size([256, 128, 3, 3]), torch.Size([256]), torch.Size([256, 256, 3, 3]), torch.Size([256]), torch.Size([256, 128, 1, 1]), torch.Size([256]), torch.Size([256, 256, 3, 3]), torch.Size([256]), torch.Size([256, 256, 3, 3]), torch.Size([256]), torch.Size([512, 256, 3, 3]), torch.Size([512]), torch.Size([512, 512, 3, 3]), torch.Size([512]), torch.Size([512, 256, 1, 1]), torch.Size([512]), torch.Size([512, 512, 3, 3]), torch.Size([512]), torch.Size([512, 512, 3, 3]), torch.Size([512]), torch.Size([10, 512]), torch.Size([10])]
2026-08-08 20:15:54 [INFO] src.analysis.pyhessian: [PyHessian] layer1.0.conv2.weight: trace=39.2972 (23 iters)
[torch.Size([64, 3, 3, 3]), torch.Size([64]), torch.Size([64, 64, 3, 3]), torch.Size([64]), torch.Size([64, 64, 3, 3]), torch.Size([64]), torch.Size([64, 64, 3, 3]), torch.Size([64]), torch.Size([64, 64, 3, 3]), torch.Size([64]), torch.Size([128, 64, 3, 3]), torch.Size([128]), torch.Size([128, 128, 3, 3]), torch.Size([128]), torch.Size([128, 64, 1, 1]), torch.Size([128]), torch.Size([128, 128, 3, 3]), torch.Size([128]), torch.Size([128, 128, 3, 3]), torch.Size([128]), torch.Size([256, 128, 3, 3]), torch.Size([256]), torch.Size([256, 256, 3, 3]), torch.Size([256]), torch.Size([256, 128, 1, 1]), torch.Size([256]), torch.Size([256, 256, 3, 3]), torch.Size([256]), torch.Size([256, 256, 3, 3]), torch.Size([256]), torch.Size([512, 256, 3, 3]), torch.Size([512]), torch.Size([512, 512, 3, 3]), torch.Size([512]), torch.Size([512, 256, 1, 1]), torch.Size([512]), torch.Size([512, 512, 3, 3]), torch.Size([512]), torch.Size([512, 512, 3, 3]), torch.Size([512]), torch.Size([10, 512]), torch.Size([10])]
2026-08-08 20:15:55 [INFO] src.analysis.pyhessian: [PyHessian] layer1.1.conv1.weight: trace=178.5453 (30 iters)
[torch.Size([64, 3, 3, 3]), torch.Size([64]), torch.Size([64, 64, 3, 3]), torch.Size([64]), torch.Size([64, 64, 3, 3]), torch.Size([64]), torch.Size([64, 64, 3, 3]), torch.Size([64]), torch.Size([64, 64, 3, 3]), torch.Size([64]), torch.Size([128, 64, 3, 3]), torch.Size([128]), torch.Size([128, 128, 3, 3]), torch.Size([128]), torch.Size([128, 64, 1, 1]), torch.Size([128]), torch.Size([128, 128, 3, 3]), torch.Size([128]), torch.Size([128, 128, 3, 3]), torch.Size([128]), torch.Size([256, 128, 3, 3]), torch.Size([256]), torch.Size([256, 256, 3, 3]), torch.Size([256]), torch.Size([256, 128, 1, 1]), torch.Size([256]), torch.Size([256, 256, 3, 3]), torch.Size([256]), torch.Size([256, 256, 3, 3]), torch.Size([256]), torch.Size([512, 256, 3, 3]), torch.Size([512]), torch.Size([512, 512, 3, 3]), torch.Size([512]), torch.Size([512, 256, 1, 1]), torch.Size([512]), torch.Size([512, 512, 3, 3]), torch.Size([512]), torch.Size([512, 512, 3, 3]), torch.Size([512]), torch.Size([10, 512]), torch.Size([10])]
2026-08-08 20:15:55 [INFO] src.analysis.pyhessian: [PyHessian] layer1.1.conv2.weight: trace=21.8652 (32 iters)
[torch.Size([64, 3, 3, 3]), torch.Size([64]), torch.Size([64, 64, 3, 3]), torch.Size([64]), torch.Size([64, 64, 3, 3]), torch.Size([64]), torch.Size([64, 64, 3, 3]), torch.Size([64]), torch.Size([64, 64, 3, 3]), torch.Size([64]), torch.Size([128, 64, 3, 3]), torch.Size([128]), torch.Size([128, 128, 3, 3]), torch.Size([128]), torch.Size([128, 64, 1, 1]), torch.Size([128]), torch.Size([128, 128, 3, 3]), torch.Size([128]), torch.Size([128, 128, 3, 3]), torch.Size([128]), torch.Size([256, 128, 3, 3]), torch.Size([256]), torch.Size([256, 256, 3, 3]), torch.Size([256]), torch.Size([256, 128, 1, 1]), torch.Size([256]), torch.Size([256, 256, 3, 3]), torch.Size([256]), torch.Size([256, 256, 3, 3]), torch.Size([256]), torch.Size([512, 256, 3, 3]), torch.Size([512]), torch.Size([512, 512, 3, 3]), torch.Size([512]), torch.Size([512, 256, 1, 1]), torch.Size([512]), torch.Size([512, 512, 3, 3]), torch.Size([512]), torch.Size([512, 512, 3, 3]), torch.Size([512]), torch.Size([10, 512]), torch.Size([10])]
2026-08-08 20:15:56 [INFO] src.analysis.pyhessian: [PyHessian] layer2.0.conv1.weight: trace=109.8437 (11 iters)
[torch.Size([64, 3, 3, 3]), torch.Size([64]), torch.Size([64, 64, 3, 3]), torch.Size([64]), torch.Size([64, 64, 3, 3]), torch.Size([64]), torch.Size([64, 64, 3, 3]), torch.Size([64]), torch.Size([64, 64, 3, 3]), torch.Size([64]), torch.Size([128, 64, 3, 3]), torch.Size([128]), torch.Size([128, 128, 3, 3]), torch.Size([128]), torch.Size([128, 64, 1, 1]), torch.Size([128]), torch.Size([128, 128, 3, 3]), torch.Size([128]), torch.Size([128, 128, 3, 3]), torch.Size([128]), torch.Size([256, 128, 3, 3]), torch.Size([256]), torch.Size([256, 256, 3, 3]), torch.Size([256]), torch.Size([256, 128, 1, 1]), torch.Size([256]), torch.Size([256, 256, 3, 3]), torch.Size([256]), torch.Size([256, 256, 3, 3]), torch.Size([256]), torch.Size([512, 256, 3, 3]), torch.Size([512]), torch.Size([512, 512, 3, 3]), torch.Size([512]), torch.Size([512, 256, 1, 1]), torch.Size([512]), torch.Size([512, 512, 3, 3]), torch.Size([512]), torch.Size([512, 512, 3, 3]), torch.Size([512]), torch.Size([10, 512]), torch.Size([10])]
2026-08-08 20:15:56 [INFO] src.analysis.pyhessian: [PyHessian] layer2.0.conv2.weight: trace=36.3263 (15 iters)
[torch.Size([64, 3, 3, 3]), torch.Size([64]), torch.Size([64, 64, 3, 3]), torch.Size([64]), torch.Size([64, 64, 3, 3]), torch.Size([64]), torch.Size([64, 64, 3, 3]), torch.Size([64]), torch.Size([64, 64, 3, 3]), torch.Size([64]), torch.Size([128, 64, 3, 3]), torch.Size([128]), torch.Size([128, 128, 3, 3]), torch.Size([128]), torch.Size([128, 64, 1, 1]), torch.Size([128]), torch.Size([128, 128, 3, 3]), torch.Size([128]), torch.Size([128, 128, 3, 3]), torch.Size([128]), torch.Size([256, 128, 3, 3]), torch.Size([256]), torch.Size([256, 256, 3, 3]), torch.Size([256]), torch.Size([256, 128, 1, 1]), torch.Size([256]), torch.Size([256, 256, 3, 3]), torch.Size([256]), torch.Size([256, 256, 3, 3]), torch.Size([256]), torch.Size([512, 256, 3, 3]), torch.Size([512]), torch.Size([512, 512, 3, 3]), torch.Size([512]), torch.Size([512, 256, 1, 1]), torch.Size([512]), torch.Size([512, 512, 3, 3]), torch.Size([512]), torch.Size([512, 512, 3, 3]), torch.Size([512]), torch.Size([10, 512]), torch.Size([10])]
2026-08-08 20:15:56 [INFO] src.analysis.pyhessian: [PyHessian] layer2.0.downsample.0.weight: trace=15.5061 (25 iters)
[torch.Size([64, 3, 3, 3]), torch.Size([64]), torch.Size([64, 64, 3, 3]), torch.Size([64]), torch.Size([64, 64, 3, 3]), torch.Size([64]), torch.Size([64, 64, 3, 3]), torch.Size([64]), torch.Size([64, 64, 3, 3]), torch.Size([64]), torch.Size([128, 64, 3, 3]), torch.Size([128]), torch.Size([128, 128, 3, 3]), torch.Size([128]), torch.Size([128, 64, 1, 1]), torch.Size([128]), torch.Size([128, 128, 3, 3]), torch.Size([128]), torch.Size([128, 128, 3, 3]), torch.Size([128]), torch.Size([256, 128, 3, 3]), torch.Size([256]), torch.Size([256, 256, 3, 3]), torch.Size([256]), torch.Size([256, 128, 1, 1]), torch.Size([256]), torch.Size([256, 256, 3, 3]), torch.Size([256]), torch.Size([256, 256, 3, 3]), torch.Size([256]), torch.Size([512, 256, 3, 3]), torch.Size([512]), torch.Size([512, 512, 3, 3]), torch.Size([512]), torch.Size([512, 256, 1, 1]), torch.Size([512]), torch.Size([512, 512, 3, 3]), torch.Size([512]), torch.Size([512, 512, 3, 3]), torch.Size([512]), torch.Size([10, 512]), torch.Size([10])]
2026-08-08 20:15:56 [INFO] src.analysis.pyhessian: [PyHessian] layer2.1.conv1.weight: trace=102.5010 (30 iters)
[torch.Size([64, 3, 3, 3]), torch.Size([64]), torch.Size([64, 64, 3, 3]), torch.Size([64]), torch.Size([64, 64, 3, 3]), torch.Size([64]), torch.Size([64, 64, 3, 3]), torch.Size([64]), torch.Size([64, 64, 3, 3]), torch.Size([64]), torch.Size([128, 64, 3, 3]), torch.Size([128]), torch.Size([128, 128, 3, 3]), torch.Size([128]), torch.Size([128, 64, 1, 1]), torch.Size([128]), torch.Size([128, 128, 3, 3]), torch.Size([128]), torch.Size([128, 128, 3, 3]), torch.Size([128]), torch.Size([256, 128, 3, 3]), torch.Size([256]), torch.Size([256, 256, 3, 3]), torch.Size([256]), torch.Size([256, 128, 1, 1]), torch.Size([256]), torch.Size([256, 256, 3, 3]), torch.Size([256]), torch.Size([256, 256, 3, 3]), torch.Size([256]), torch.Size([512, 256, 3, 3]), torch.Size([512]), torch.Size([512, 512, 3, 3]), torch.Size([512]), torch.Size([512, 256, 1, 1]), torch.Size([512]), torch.Size([512, 512, 3, 3]), torch.Size([512]), torch.Size([512, 512, 3, 3]), torch.Size([512]), torch.Size([10, 512]), torch.Size([10])]
2026-08-08 20:15:57 [INFO] src.analysis.pyhessian: [PyHessian] layer2.1.conv2.weight: trace=18.2404 (37 iters)
[torch.Size([64, 3, 3, 3]), torch.Size([64]), torch.Size([64, 64, 3, 3]), torch.Size([64]), torch.Size([64, 64, 3, 3]), torch.Size([64]), torch.Size([64, 64, 3, 3]), torch.Size([64]), torch.Size([64, 64, 3, 3]), torch.Size([64]), torch.Size([128, 64, 3, 3]), torch.Size([128]), torch.Size([128, 128, 3, 3]), torch.Size([128]), torch.Size([128, 64, 1, 1]), torch.Size([128]), torch.Size([128, 128, 3, 3]), torch.Size([128]), torch.Size([128, 128, 3, 3]), torch.Size([128]), torch.Size([256, 128, 3, 3]), torch.Size([256]), torch.Size([256, 256, 3, 3]), torch.Size([256]), torch.Size([256, 128, 1, 1]), torch.Size([256]), torch.Size([256, 256, 3, 3]), torch.Size([256]), torch.Size([256, 256, 3, 3]), torch.Size([256]), torch.Size([512, 256, 3, 3]), torch.Size([512]), torch.Size([512, 512, 3, 3]), torch.Size([512]), torch.Size([512, 256, 1, 1]), torch.Size([512]), torch.Size([512, 512, 3, 3]), torch.Size([512]), torch.Size([512, 512, 3, 3]), torch.Size([512]), torch.Size([10, 512]), torch.Size([10])]
2026-08-08 20:15:57 [INFO] src.analysis.pyhessian: [PyHessian] layer3.0.conv1.weight: trace=146.4803 (18 iters)
[torch.Size([64, 3, 3, 3]), torch.Size([64]), torch.Size([64, 64, 3, 3]), torch.Size([64]), torch.Size([64, 64, 3, 3]), torch.Size([64]), torch.Size([64, 64, 3, 3]), torch.Size([64]), torch.Size([64, 64, 3, 3]), torch.Size([64]), torch.Size([128, 64, 3, 3]), torch.Size([128]), torch.Size([128, 128, 3, 3]), torch.Size([128]), torch.Size([128, 64, 1, 1]), torch.Size([128]), torch.Size([128, 128, 3, 3]), torch.Size([128]), torch.Size([128, 128, 3, 3]), torch.Size([128]), torch.Size([256, 128, 3, 3]), torch.Size([256]), torch.Size([256, 256, 3, 3]), torch.Size([256]), torch.Size([256, 128, 1, 1]), torch.Size([256]), torch.Size([256, 256, 3, 3]), torch.Size([256]), torch.Size([256, 256, 3, 3]), torch.Size([256]), torch.Size([512, 256, 3, 3]), torch.Size([512]), torch.Size([512, 512, 3, 3]), torch.Size([512]), torch.Size([512, 256, 1, 1]), torch.Size([512]), torch.Size([512, 512, 3, 3]), torch.Size([512]), torch.Size([512, 512, 3, 3]), torch.Size([512]), torch.Size([10, 512]), torch.Size([10])]
2026-08-08 20:15:57 [INFO] src.analysis.pyhessian: [PyHessian] layer3.0.conv2.weight: trace=40.2050 (21 iters)
[torch.Size([64, 3, 3, 3]), torch.Size([64]), torch.Size([64, 64, 3, 3]), torch.Size([64]), torch.Size([64, 64, 3, 3]), torch.Size([64]), torch.Size([64, 64, 3, 3]), torch.Size([64]), torch.Size([64, 64, 3, 3]), torch.Size([64]), torch.Size([128, 64, 3, 3]), torch.Size([128]), torch.Size([128, 128, 3, 3]), torch.Size([128]), torch.Size([128, 64, 1, 1]), torch.Size([128]), torch.Size([128, 128, 3, 3]), torch.Size([128]), torch.Size([128, 128, 3, 3]), torch.Size([128]), torch.Size([256, 128, 3, 3]), torch.Size([256]), torch.Size([256, 256, 3, 3]), torch.Size([256]), torch.Size([256, 128, 1, 1]), torch.Size([256]), torch.Size([256, 256, 3, 3]), torch.Size([256]), torch.Size([256, 256, 3, 3]), torch.Size([256]), torch.Size([512, 256, 3, 3]), torch.Size([512]), torch.Size([512, 512, 3, 3]), torch.Size([512]), torch.Size([512, 256, 1, 1]), torch.Size([512]), torch.Size([512, 512, 3, 3]), torch.Size([512]), torch.Size([512, 512, 3, 3]), torch.Size([512]), torch.Size([10, 512]), torch.Size([10])]
2026-08-08 20:15:57 [INFO] src.analysis.pyhessian: [PyHessian] layer3.0.downsample.0.weight: trace=12.0812 (33 iters)
[torch.Size([64, 3, 3, 3]), torch.Size([64]), torch.Size([64, 64, 3, 3]), torch.Size([64]), torch.Size([64, 64, 3, 3]), torch.Size([64]), torch.Size([64, 64, 3, 3]), torch.Size([64]), torch.Size([64, 64, 3, 3]), torch.Size([64]), torch.Size([128, 64, 3, 3]), torch.Size([128]), torch.Size([128, 128, 3, 3]), torch.Size([128]), torch.Size([128, 64, 1, 1]), torch.Size([128]), torch.Size([128, 128, 3, 3]), torch.Size([128]), torch.Size([128, 128, 3, 3]), torch.Size([128]), torch.Size([256, 128, 3, 3]), torch.Size([256]), torch.Size([256, 256, 3, 3]), torch.Size([256]), torch.Size([256, 128, 1, 1]), torch.Size([256]), torch.Size([256, 256, 3, 3]), torch.Size([256]), torch.Size([256, 256, 3, 3]), torch.Size([256]), torch.Size([512, 256, 3, 3]), torch.Size([512]), torch.Size([512, 512, 3, 3]), torch.Size([512]), torch.Size([512, 256, 1, 1]), torch.Size([512]), torch.Size([512, 512, 3, 3]), torch.Size([512]), torch.Size([512, 512, 3, 3]), torch.Size([512]), torch.Size([10, 512]), torch.Size([10])]
2026-08-08 20:15:58 [INFO] src.analysis.pyhessian: [PyHessian] layer3.1.conv1.weight: trace=77.1717 (27 iters)
[torch.Size([64, 3, 3, 3]), torch.Size([64]), torch.Size([64, 64, 3, 3]), torch.Size([64]), torch.Size([64, 64, 3, 3]), torch.Size([64]), torch.Size([64, 64, 3, 3]), torch.Size([64]), torch.Size([64, 64, 3, 3]), torch.Size([64]), torch.Size([128, 64, 3, 3]), torch.Size([128]), torch.Size([128, 128, 3, 3]), torch.Size([128]), torch.Size([128, 64, 1, 1]), torch.Size([128]), torch.Size([128, 128, 3, 3]), torch.Size([128]), torch.Size([128, 128, 3, 3]), torch.Size([128]), torch.Size([256, 128, 3, 3]), torch.Size([256]), torch.Size([256, 256, 3, 3]), torch.Size([256]), torch.Size([256, 128, 1, 1]), torch.Size([256]), torch.Size([256, 256, 3, 3]), torch.Size([256]), torch.Size([256, 256, 3, 3]), torch.Size([256]), torch.Size([512, 256, 3, 3]), torch.Size([512]), torch.Size([512, 512, 3, 3]), torch.Size([512]), torch.Size([512, 256, 1, 1]), torch.Size([512]), torch.Size([512, 512, 3, 3]), torch.Size([512]), torch.Size([512, 512, 3, 3]), torch.Size([512]), torch.Size([10, 512]), torch.Size([10])]
2026-08-08 20:15:58 [INFO] src.analysis.pyhessian: [PyHessian] layer3.1.conv2.weight: trace=14.1498 (33 iters)
[torch.Size([64, 3, 3, 3]), torch.Size([64]), torch.Size([64, 64, 3, 3]), torch.Size([64]), torch.Size([64, 64, 3, 3]), torch.Size([64]), torch.Size([64, 64, 3, 3]), torch.Size([64]), torch.Size([64, 64, 3, 3]), torch.Size([64]), torch.Size([128, 64, 3, 3]), torch.Size([128]), torch.Size([128, 128, 3, 3]), torch.Size([128]), torch.Size([128, 64, 1, 1]), torch.Size([128]), torch.Size([128, 128, 3, 3]), torch.Size([128]), torch.Size([128, 128, 3, 3]), torch.Size([128]), torch.Size([256, 128, 3, 3]), torch.Size([256]), torch.Size([256, 256, 3, 3]), torch.Size([256]), torch.Size([256, 128, 1, 1]), torch.Size([256]), torch.Size([256, 256, 3, 3]), torch.Size([256]), torch.Size([256, 256, 3, 3]), torch.Size([256]), torch.Size([512, 256, 3, 3]), torch.Size([512]), torch.Size([512, 512, 3, 3]), torch.Size([512]), torch.Size([512, 256, 1, 1]), torch.Size([512]), torch.Size([512, 512, 3, 3]), torch.Size([512]), torch.Size([512, 512, 3, 3]), torch.Size([512]), torch.Size([10, 512]), torch.Size([10])]
2026-08-08 20:15:58 [INFO] src.analysis.pyhessian: [PyHessian] layer4.0.conv1.weight: trace=48.2321 (12 iters)
[torch.Size([64, 3, 3, 3]), torch.Size([64]), torch.Size([64, 64, 3, 3]), torch.Size([64]), torch.Size([64, 64, 3, 3]), torch.Size([64]), torch.Size([64, 64, 3, 3]), torch.Size([64]), torch.Size([64, 64, 3, 3]), torch.Size([64]), torch.Size([128, 64, 3, 3]), torch.Size([128]), torch.Size([128, 128, 3, 3]), torch.Size([128]), torch.Size([128, 64, 1, 1]), torch.Size([128]), torch.Size([128, 128, 3, 3]), torch.Size([128]), torch.Size([128, 128, 3, 3]), torch.Size([128]), torch.Size([256, 128, 3, 3]), torch.Size([256]), torch.Size([256, 256, 3, 3]), torch.Size([256]), torch.Size([256, 128, 1, 1]), torch.Size([256]), torch.Size([256, 256, 3, 3]), torch.Size([256]), torch.Size([256, 256, 3, 3]), torch.Size([256]), torch.Size([512, 256, 3, 3]), torch.Size([512]), torch.Size([512, 512, 3, 3]), torch.Size([512]), torch.Size([512, 256, 1, 1]), torch.Size([512]), torch.Size([512, 512, 3, 3]), torch.Size([512]), torch.Size([512, 512, 3, 3]), torch.Size([512]), torch.Size([10, 512]), torch.Size([10])]
2026-08-08 20:15:58 [INFO] src.analysis.pyhessian: [PyHessian] layer4.0.conv2.weight: trace=45.3530 (32 iters)
[torch.Size([64, 3, 3, 3]), torch.Size([64]), torch.Size([64, 64, 3, 3]), torch.Size([64]), torch.Size([64, 64, 3, 3]), torch.Size([64]), torch.Size([64, 64, 3, 3]), torch.Size([64]), torch.Size([64, 64, 3, 3]), torch.Size([64]), torch.Size([128, 64, 3, 3]), torch.Size([128]), torch.Size([128, 128, 3, 3]), torch.Size([128]), torch.Size([128, 64, 1, 1]), torch.Size([128]), torch.Size([128, 128, 3, 3]), torch.Size([128]), torch.Size([128, 128, 3, 3]), torch.Size([128]), torch.Size([256, 128, 3, 3]), torch.Size([256]), torch.Size([256, 256, 3, 3]), torch.Size([256]), torch.Size([256, 128, 1, 1]), torch.Size([256]), torch.Size([256, 256, 3, 3]), torch.Size([256]), torch.Size([256, 256, 3, 3]), torch.Size([256]), torch.Size([512, 256, 3, 3]), torch.Size([512]), torch.Size([512, 512, 3, 3]), torch.Size([512]), torch.Size([512, 256, 1, 1]), torch.Size([512]), torch.Size([512, 512, 3, 3]), torch.Size([512]), torch.Size([512, 512, 3, 3]), torch.Size([512]), torch.Size([10, 512]), torch.Size([10])]
2026-08-08 20:15:58 [INFO] src.analysis.pyhessian: [PyHessian] layer4.0.downsample.0.weight: trace=13.7090 (8 iters)
[torch.Size([64, 3, 3, 3]), torch.Size([64]), torch.Size([64, 64, 3, 3]), torch.Size([64]), torch.Size([64, 64, 3, 3]), torch.Size([64]), torch.Size([64, 64, 3, 3]), torch.Size([64]), torch.Size([64, 64, 3, 3]), torch.Size([64]), torch.Size([128, 64, 3, 3]), torch.Size([128]), torch.Size([128, 128, 3, 3]), torch.Size([128]), torch.Size([128, 64, 1, 1]), torch.Size([128]), torch.Size([128, 128, 3, 3]), torch.Size([128]), torch.Size([128, 128, 3, 3]), torch.Size([128]), torch.Size([256, 128, 3, 3]), torch.Size([256]), torch.Size([256, 256, 3, 3]), torch.Size([256]), torch.Size([256, 128, 1, 1]), torch.Size([256]), torch.Size([256, 256, 3, 3]), torch.Size([256]), torch.Size([256, 256, 3, 3]), torch.Size([256]), torch.Size([512, 256, 3, 3]), torch.Size([512]), torch.Size([512, 512, 3, 3]), torch.Size([512]), torch.Size([512, 256, 1, 1]), torch.Size([512]), torch.Size([512, 512, 3, 3]), torch.Size([512]), torch.Size([512, 512, 3, 3]), torch.Size([512]), torch.Size([10, 512]), torch.Size([10])]
2026-08-08 20:15:58 [INFO] src.analysis.pyhessian: [PyHessian] layer4.1.conv1.weight: trace=66.1232 (13 iters)
[torch.Size([64, 3, 3, 3]), torch.Size([64]), torch.Size([64, 64, 3, 3]), torch.Size([64]), torch.Size([64, 64, 3, 3]), torch.Size([64]), torch.Size([64, 64, 3, 3]), torch.Size([64]), torch.Size([64, 64, 3, 3]), torch.Size([64]), torch.Size([128, 64, 3, 3]), torch.Size([128]), torch.Size([128, 128, 3, 3]), torch.Size([128]), torch.Size([128, 64, 1, 1]), torch.Size([128]), torch.Size([128, 128, 3, 3]), torch.Size([128]), torch.Size([128, 128, 3, 3]), torch.Size([128]), torch.Size([256, 128, 3, 3]), torch.Size([256]), torch.Size([256, 256, 3, 3]), torch.Size([256]), torch.Size([256, 128, 1, 1]), torch.Size([256]), torch.Size([256, 256, 3, 3]), torch.Size([256]), torch.Size([256, 256, 3, 3]), torch.Size([256]), torch.Size([512, 256, 3, 3]), torch.Size([512]), torch.Size([512, 512, 3, 3]), torch.Size([512]), torch.Size([512, 256, 1, 1]), torch.Size([512]), torch.Size([512, 512, 3, 3]), torch.Size([512]), torch.Size([512, 512, 3, 3]), torch.Size([512]), torch.Size([10, 512]), torch.Size([10])]
2026-08-08 20:15:58 [INFO] src.analysis.pyhessian: [PyHessian] layer4.1.conv2.weight: trace=3.3320 (16 iters)
[torch.Size([64, 3, 3, 3]), torch.Size([64]), torch.Size([64, 64, 3, 3]), torch.Size([64]), torch.Size([64, 64, 3, 3]), torch.Size([64]), torch.Size([64, 64, 3, 3]), torch.Size([64]), torch.Size([64, 64, 3, 3]), torch.Size([64]), torch.Size([128, 64, 3, 3]), torch.Size([128]), torch.Size([128, 128, 3, 3]), torch.Size([128]), torch.Size([128, 64, 1, 1]), torch.Size([128]), torch.Size([128, 128, 3, 3]), torch.Size([128]), torch.Size([128, 128, 3, 3]), torch.Size([128]), torch.Size([256, 128, 3, 3]), torch.Size([256]), torch.Size([256, 256, 3, 3]), torch.Size([256]), torch.Size([256, 128, 1, 1]), torch.Size([256]), torch.Size([256, 256, 3, 3]), torch.Size([256]), torch.Size([256, 256, 3, 3]), torch.Size([256]), torch.Size([512, 256, 3, 3]), torch.Size([512]), torch.Size([512, 512, 3, 3]), torch.Size([512]), torch.Size([512, 256, 1, 1]), torch.Size([512]), torch.Size([512, 512, 3, 3]), torch.Size([512]), torch.Size([512, 512, 3, 3]), torch.Size([512]), torch.Size([10, 512]), torch.Size([10])]
2026-08-08 20:15:58 [INFO] src.analysis.pyhessian: [PyHessian] fc.weight: trace=3.9243 (15 iters)
2026-08-08 20:15:59 [INFO] src.analysis.top_eigenvalue: [PyHessian] conv1.weight: lambda_max=32.8123
2026-08-08 20:15:59 [INFO] src.analysis.top_eigenvalue: [PyHessian] layer1.0.conv1.weight: lambda_max=16.9819
2026-08-08 20:15:59 [INFO] src.analysis.top_eigenvalue: [PyHessian] layer1.0.conv2.weight: lambda_max=10.9156
2026-08-08 20:16:00 [INFO] src.analysis.top_eigenvalue: [PyHessian] layer1.1.conv1.weight: lambda_max=48.4898
2026-08-08 20:16:00 [INFO] src.analysis.top_eigenvalue: [PyHessian] layer1.1.conv2.weight: lambda_max=5.6385
2026-08-08 20:16:00 [INFO] src.analysis.top_eigenvalue: [PyHessian] layer2.0.conv1.weight: lambda_max=35.7539
2026-08-08 20:16:00 [INFO] src.analysis.top_eigenvalue: [PyHessian] layer2.0.conv2.weight: lambda_max=9.5876
2026-08-08 20:16:00 [INFO] src.analysis.top_eigenvalue: [PyHessian] layer2.0.downsample.0.weight: lambda_max=4.0574
2026-08-08 20:16:00 [INFO] src.analysis.top_eigenvalue: [PyHessian] layer2.1.conv1.weight: lambda_max=22.3586
2026-08-08 20:16:01 [INFO] src.analysis.top_eigenvalue: [PyHessian] layer2.1.conv2.weight: lambda_max=2.9809
2026-08-08 20:16:01 [INFO] src.analysis.top_eigenvalue: [PyHessian] layer3.0.conv1.weight: lambda_max=33.9672
2026-08-08 20:16:01 [INFO] src.analysis.top_eigenvalue: [PyHessian] layer3.0.conv2.weight: lambda_max=5.3650
2026-08-08 20:16:01 [INFO] src.analysis.top_eigenvalue: [PyHessian] layer3.0.downsample.0.weight: lambda_max=1.8502
2026-08-08 20:16:01 [INFO] src.analysis.top_eigenvalue: [PyHessian] layer3.1.conv1.weight: lambda_max=8.3655
2026-08-08 20:16:01 [INFO] src.analysis.top_eigenvalue: [PyHessian] layer3.1.conv2.weight: lambda_max=2.3502
2026-08-08 20:16:01 [INFO] src.analysis.top_eigenvalue: [PyHessian] layer4.0.conv1.weight: lambda_max=5.7772
2026-08-08 20:16:01 [INFO] src.analysis.top_eigenvalue: [PyHessian] layer4.0.conv2.weight: lambda_max=6.7912
2026-08-08 20:16:01 [INFO] src.analysis.top_eigenvalue: [PyHessian] layer4.0.downsample.0.weight: lambda_max=2.3632
2026-08-08 20:16:02 [INFO] src.analysis.top_eigenvalue: [PyHessian] layer4.1.conv1.weight: lambda_max=10.5418
2026-08-08 20:16:02 [INFO] src.analysis.top_eigenvalue: [PyHessian] layer4.1.conv2.weight: lambda_max=0.4547
2026-08-08 20:16:02 [INFO] src.analysis.top_eigenvalue: [PyHessian] fc.weight: lambda_max=0.6472
2026-08-08 20:16:02 [INFO] __main__: Compiling PTQ model for throughput benchmarking...
2026-08-08 20:19:59 [INFO] __main__: [PTQ]  Val Acc: 82.64% | Latency: 12.85ms
2026-08-08 20:19:59 [INFO] __main__: Starting Quantization-Aware Training (QAT)...
2026-08-08 20:24:20 [INFO] __main__: Computing Hessian Trace for QAT...
[torch.Size([64, 3, 3, 3]), torch.Size([64]), torch.Size([64, 64, 3, 3]), torch.Size([64]), torch.Size([64, 64, 3, 3]), torch.Size([64]), torch.Size([64, 64, 3, 3]), torch.Size([64]), torch.Size([64, 64, 3, 3]), torch.Size([64]), torch.Size([128, 64, 3, 3]), torch.Size([128]), torch.Size([128, 128, 3, 3]), torch.Size([128]), torch.Size([128, 64, 1, 1]), torch.Size([128]), torch.Size([128, 128, 3, 3]), torch.Size([128]), torch.Size([128, 128, 3, 3]), torch.Size([128]), torch.Size([256, 128, 3, 3]), torch.Size([256]), torch.Size([256, 256, 3, 3]), torch.Size([256]), torch.Size([256, 128, 1, 1]), torch.Size([256]), torch.Size([256, 256, 3, 3]), torch.Size([256]), torch.Size([256, 256, 3, 3]), torch.Size([256]), torch.Size([512, 256, 3, 3]), torch.Size([512]), torch.Size([512, 512, 3, 3]), torch.Size([512]), torch.Size([512, 256, 1, 1]), torch.Size([512]), torch.Size([512, 512, 3, 3]), torch.Size([512]), torch.Size([512, 512, 3, 3]), torch.Size([512]), torch.Size([10, 512]), torch.Size([10])]
2026-08-08 20:24:23 [INFO] src.analysis.pyhessian: [PyHessian] conv1.weight: trace=69.7178 (78 iters)
[torch.Size([64, 3, 3, 3]), torch.Size([64]), torch.Size([64, 64, 3, 3]), torch.Size([64]), torch.Size([64, 64, 3, 3]), torch.Size([64]), torch.Size([64, 64, 3, 3]), torch.Size([64]), torch.Size([64, 64, 3, 3]), torch.Size([64]), torch.Size([128, 64, 3, 3]), torch.Size([128]), torch.Size([128, 128, 3, 3]), torch.Size([128]), torch.Size([128, 64, 1, 1]), torch.Size([128]), torch.Size([128, 128, 3, 3]), torch.Size([128]), torch.Size([128, 128, 3, 3]), torch.Size([128]), torch.Size([256, 128, 3, 3]), torch.Size([256]), torch.Size([256, 256, 3, 3]), torch.Size([256]), torch.Size([256, 128, 1, 1]), torch.Size([256]), torch.Size([256, 256, 3, 3]), torch.Size([256]), torch.Size([256, 256, 3, 3]), torch.Size([256]), torch.Size([512, 256, 3, 3]), torch.Size([512]), torch.Size([512, 512, 3, 3]), torch.Size([512]), torch.Size([512, 256, 1, 1]), torch.Size([512]), torch.Size([512, 512, 3, 3]), torch.Size([512]), torch.Size([512, 512, 3, 3]), torch.Size([512]), torch.Size([10, 512]), torch.Size([10])]
2026-08-08 20:24:23 [INFO] src.analysis.pyhessian: [PyHessian] layer1.0.conv1.weight: trace=42.0877 (21 iters)
[torch.Size([64, 3, 3, 3]), torch.Size([64]), torch.Size([64, 64, 3, 3]), torch.Size([64]), torch.Size([64, 64, 3, 3]), torch.Size([64]), torch.Size([64, 64, 3, 3]), torch.Size([64]), torch.Size([64, 64, 3, 3]), torch.Size([64]), torch.Size([128, 64, 3, 3]), torch.Size([128]), torch.Size([128, 128, 3, 3]), torch.Size([128]), torch.Size([128, 64, 1, 1]), torch.Size([128]), torch.Size([128, 128, 3, 3]), torch.Size([128]), torch.Size([128, 128, 3, 3]), torch.Size([128]), torch.Size([256, 128, 3, 3]), torch.Size([256]), torch.Size([256, 256, 3, 3]), torch.Size([256]), torch.Size([256, 128, 1, 1]), torch.Size([256]), torch.Size([256, 256, 3, 3]), torch.Size([256]), torch.Size([256, 256, 3, 3]), torch.Size([256]), torch.Size([512, 256, 3, 3]), torch.Size([512]), torch.Size([512, 512, 3, 3]), torch.Size([512]), torch.Size([512, 256, 1, 1]), torch.Size([512]), torch.Size([512, 512, 3, 3]), torch.Size([512]), torch.Size([512, 512, 3, 3]), torch.Size([512]), torch.Size([10, 512]), torch.Size([10])]
2026-08-08 20:24:24 [INFO] src.analysis.pyhessian: [PyHessian] layer1.0.conv2.weight: trace=18.0860 (32 iters)
[torch.Size([64, 3, 3, 3]), torch.Size([64]), torch.Size([64, 64, 3, 3]), torch.Size([64]), torch.Size([64, 64, 3, 3]), torch.Size([64]), torch.Size([64, 64, 3, 3]), torch.Size([64]), torch.Size([64, 64, 3, 3]), torch.Size([64]), torch.Size([128, 64, 3, 3]), torch.Size([128]), torch.Size([128, 128, 3, 3]), torch.Size([128]), torch.Size([128, 64, 1, 1]), torch.Size([128]), torch.Size([128, 128, 3, 3]), torch.Size([128]), torch.Size([128, 128, 3, 3]), torch.Size([128]), torch.Size([256, 128, 3, 3]), torch.Size([256]), torch.Size([256, 256, 3, 3]), torch.Size([256]), torch.Size([256, 128, 1, 1]), torch.Size([256]), torch.Size([256, 256, 3, 3]), torch.Size([256]), torch.Size([256, 256, 3, 3]), torch.Size([256]), torch.Size([512, 256, 3, 3]), torch.Size([512]), torch.Size([512, 512, 3, 3]), torch.Size([512]), torch.Size([512, 256, 1, 1]), torch.Size([512]), torch.Size([512, 512, 3, 3]), torch.Size([512]), torch.Size([512, 512, 3, 3]), torch.Size([512]), torch.Size([10, 512]), torch.Size([10])]
2026-08-08 20:24:25 [INFO] src.analysis.pyhessian: [PyHessian] layer1.1.conv1.weight: trace=89.9606 (30 iters)
[torch.Size([64, 3, 3, 3]), torch.Size([64]), torch.Size([64, 64, 3, 3]), torch.Size([64]), torch.Size([64, 64, 3, 3]), torch.Size([64]), torch.Size([64, 64, 3, 3]), torch.Size([64]), torch.Size([64, 64, 3, 3]), torch.Size([64]), torch.Size([128, 64, 3, 3]), torch.Size([128]), torch.Size([128, 128, 3, 3]), torch.Size([128]), torch.Size([128, 64, 1, 1]), torch.Size([128]), torch.Size([128, 128, 3, 3]), torch.Size([128]), torch.Size([128, 128, 3, 3]), torch.Size([128]), torch.Size([256, 128, 3, 3]), torch.Size([256]), torch.Size([256, 256, 3, 3]), torch.Size([256]), torch.Size([256, 128, 1, 1]), torch.Size([256]), torch.Size([256, 256, 3, 3]), torch.Size([256]), torch.Size([256, 256, 3, 3]), torch.Size([256]), torch.Size([512, 256, 3, 3]), torch.Size([512]), torch.Size([512, 512, 3, 3]), torch.Size([512]), torch.Size([512, 256, 1, 1]), torch.Size([512]), torch.Size([512, 512, 3, 3]), torch.Size([512]), torch.Size([512, 512, 3, 3]), torch.Size([512]), torch.Size([10, 512]), torch.Size([10])]
2026-08-08 20:24:25 [INFO] src.analysis.pyhessian: [PyHessian] layer1.1.conv2.weight: trace=9.2324 (25 iters)
[torch.Size([64, 3, 3, 3]), torch.Size([64]), torch.Size([64, 64, 3, 3]), torch.Size([64]), torch.Size([64, 64, 3, 3]), torch.Size([64]), torch.Size([64, 64, 3, 3]), torch.Size([64]), torch.Size([64, 64, 3, 3]), torch.Size([64]), torch.Size([128, 64, 3, 3]), torch.Size([128]), torch.Size([128, 128, 3, 3]), torch.Size([128]), torch.Size([128, 64, 1, 1]), torch.Size([128]), torch.Size([128, 128, 3, 3]), torch.Size([128]), torch.Size([128, 128, 3, 3]), torch.Size([128]), torch.Size([256, 128, 3, 3]), torch.Size([256]), torch.Size([256, 256, 3, 3]), torch.Size([256]), torch.Size([256, 128, 1, 1]), torch.Size([256]), torch.Size([256, 256, 3, 3]), torch.Size([256]), torch.Size([256, 256, 3, 3]), torch.Size([256]), torch.Size([512, 256, 3, 3]), torch.Size([512]), torch.Size([512, 512, 3, 3]), torch.Size([512]), torch.Size([512, 256, 1, 1]), torch.Size([512]), torch.Size([512, 512, 3, 3]), torch.Size([512]), torch.Size([512, 512, 3, 3]), torch.Size([512]), torch.Size([10, 512]), torch.Size([10])]
2026-08-08 20:24:25 [INFO] src.analysis.pyhessian: [PyHessian] layer2.0.conv1.weight: trace=83.1977 (21 iters)
[torch.Size([64, 3, 3, 3]), torch.Size([64]), torch.Size([64, 64, 3, 3]), torch.Size([64]), torch.Size([64, 64, 3, 3]), torch.Size([64]), torch.Size([64, 64, 3, 3]), torch.Size([64]), torch.Size([64, 64, 3, 3]), torch.Size([64]), torch.Size([128, 64, 3, 3]), torch.Size([128]), torch.Size([128, 128, 3, 3]), torch.Size([128]), torch.Size([128, 64, 1, 1]), torch.Size([128]), torch.Size([128, 128, 3, 3]), torch.Size([128]), torch.Size([128, 128, 3, 3]), torch.Size([128]), torch.Size([256, 128, 3, 3]), torch.Size([256]), torch.Size([256, 256, 3, 3]), torch.Size([256]), torch.Size([256, 128, 1, 1]), torch.Size([256]), torch.Size([256, 256, 3, 3]), torch.Size([256]), torch.Size([256, 256, 3, 3]), torch.Size([256]), torch.Size([512, 256, 3, 3]), torch.Size([512]), torch.Size([512, 512, 3, 3]), torch.Size([512]), torch.Size([512, 256, 1, 1]), torch.Size([512]), torch.Size([512, 512, 3, 3]), torch.Size([512]), torch.Size([512, 512, 3, 3]), torch.Size([512]), torch.Size([10, 512]), torch.Size([10])]
2026-08-08 20:24:26 [INFO] src.analysis.pyhessian: [PyHessian] layer2.0.conv2.weight: trace=20.8214 (28 iters)
[torch.Size([64, 3, 3, 3]), torch.Size([64]), torch.Size([64, 64, 3, 3]), torch.Size([64]), torch.Size([64, 64, 3, 3]), torch.Size([64]), torch.Size([64, 64, 3, 3]), torch.Size([64]), torch.Size([64, 64, 3, 3]), torch.Size([64]), torch.Size([128, 64, 3, 3]), torch.Size([128]), torch.Size([128, 128, 3, 3]), torch.Size([128]), torch.Size([128, 64, 1, 1]), torch.Size([128]), torch.Size([128, 128, 3, 3]), torch.Size([128]), torch.Size([128, 128, 3, 3]), torch.Size([128]), torch.Size([256, 128, 3, 3]), torch.Size([256]), torch.Size([256, 256, 3, 3]), torch.Size([256]), torch.Size([256, 128, 1, 1]), torch.Size([256]), torch.Size([256, 256, 3, 3]), torch.Size([256]), torch.Size([256, 256, 3, 3]), torch.Size([256]), torch.Size([512, 256, 3, 3]), torch.Size([512]), torch.Size([512, 512, 3, 3]), torch.Size([512]), torch.Size([512, 256, 1, 1]), torch.Size([512]), torch.Size([512, 512, 3, 3]), torch.Size([512]), torch.Size([512, 512, 3, 3]), torch.Size([512]), torch.Size([10, 512]), torch.Size([10])]
2026-08-08 20:24:26 [INFO] src.analysis.pyhessian: [PyHessian] layer2.0.downsample.0.weight: trace=8.4169 (26 iters)
[torch.Size([64, 3, 3, 3]), torch.Size([64]), torch.Size([64, 64, 3, 3]), torch.Size([64]), torch.Size([64, 64, 3, 3]), torch.Size([64]), torch.Size([64, 64, 3, 3]), torch.Size([64]), torch.Size([64, 64, 3, 3]), torch.Size([64]), torch.Size([128, 64, 3, 3]), torch.Size([128]), torch.Size([128, 128, 3, 3]), torch.Size([128]), torch.Size([128, 64, 1, 1]), torch.Size([128]), torch.Size([128, 128, 3, 3]), torch.Size([128]), torch.Size([128, 128, 3, 3]), torch.Size([128]), torch.Size([256, 128, 3, 3]), torch.Size([256]), torch.Size([256, 256, 3, 3]), torch.Size([256]), torch.Size([256, 128, 1, 1]), torch.Size([256]), torch.Size([256, 256, 3, 3]), torch.Size([256]), torch.Size([256, 256, 3, 3]), torch.Size([256]), torch.Size([512, 256, 3, 3]), torch.Size([512]), torch.Size([512, 512, 3, 3]), torch.Size([512]), torch.Size([512, 256, 1, 1]), torch.Size([512]), torch.Size([512, 512, 3, 3]), torch.Size([512]), torch.Size([512, 512, 3, 3]), torch.Size([512]), torch.Size([10, 512]), torch.Size([10])]
2026-08-08 20:24:26 [INFO] src.analysis.pyhessian: [PyHessian] layer2.1.conv1.weight: trace=69.7236 (19 iters)
[torch.Size([64, 3, 3, 3]), torch.Size([64]), torch.Size([64, 64, 3, 3]), torch.Size([64]), torch.Size([64, 64, 3, 3]), torch.Size([64]), torch.Size([64, 64, 3, 3]), torch.Size([64]), torch.Size([64, 64, 3, 3]), torch.Size([64]), torch.Size([128, 64, 3, 3]), torch.Size([128]), torch.Size([128, 128, 3, 3]), torch.Size([128]), torch.Size([128, 64, 1, 1]), torch.Size([128]), torch.Size([128, 128, 3, 3]), torch.Size([128]), torch.Size([128, 128, 3, 3]), torch.Size([128]), torch.Size([256, 128, 3, 3]), torch.Size([256]), torch.Size([256, 256, 3, 3]), torch.Size([256]), torch.Size([256, 128, 1, 1]), torch.Size([256]), torch.Size([256, 256, 3, 3]), torch.Size([256]), torch.Size([256, 256, 3, 3]), torch.Size([256]), torch.Size([512, 256, 3, 3]), torch.Size([512]), torch.Size([512, 512, 3, 3]), torch.Size([512]), torch.Size([512, 256, 1, 1]), torch.Size([512]), torch.Size([512, 512, 3, 3]), torch.Size([512]), torch.Size([512, 512, 3, 3]), torch.Size([512]), torch.Size([10, 512]), torch.Size([10])]
2026-08-08 20:24:27 [INFO] src.analysis.pyhessian: [PyHessian] layer2.1.conv2.weight: trace=8.6170 (30 iters)
[torch.Size([64, 3, 3, 3]), torch.Size([64]), torch.Size([64, 64, 3, 3]), torch.Size([64]), torch.Size([64, 64, 3, 3]), torch.Size([64]), torch.Size([64, 64, 3, 3]), torch.Size([64]), torch.Size([64, 64, 3, 3]), torch.Size([64]), torch.Size([128, 64, 3, 3]), torch.Size([128]), torch.Size([128, 128, 3, 3]), torch.Size([128]), torch.Size([128, 64, 1, 1]), torch.Size([128]), torch.Size([128, 128, 3, 3]), torch.Size([128]), torch.Size([128, 128, 3, 3]), torch.Size([128]), torch.Size([256, 128, 3, 3]), torch.Size([256]), torch.Size([256, 256, 3, 3]), torch.Size([256]), torch.Size([256, 128, 1, 1]), torch.Size([256]), torch.Size([256, 256, 3, 3]), torch.Size([256]), torch.Size([256, 256, 3, 3]), torch.Size([256]), torch.Size([512, 256, 3, 3]), torch.Size([512]), torch.Size([512, 512, 3, 3]), torch.Size([512]), torch.Size([512, 256, 1, 1]), torch.Size([512]), torch.Size([512, 512, 3, 3]), torch.Size([512]), torch.Size([512, 512, 3, 3]), torch.Size([512]), torch.Size([10, 512]), torch.Size([10])]
2026-08-08 20:24:27 [INFO] src.analysis.pyhessian: [PyHessian] layer3.0.conv1.weight: trace=103.8500 (34 iters)
[torch.Size([64, 3, 3, 3]), torch.Size([64]), torch.Size([64, 64, 3, 3]), torch.Size([64]), torch.Size([64, 64, 3, 3]), torch.Size([64]), torch.Size([64, 64, 3, 3]), torch.Size([64]), torch.Size([64, 64, 3, 3]), torch.Size([64]), torch.Size([128, 64, 3, 3]), torch.Size([128]), torch.Size([128, 128, 3, 3]), torch.Size([128]), torch.Size([128, 64, 1, 1]), torch.Size([128]), torch.Size([128, 128, 3, 3]), torch.Size([128]), torch.Size([128, 128, 3, 3]), torch.Size([128]), torch.Size([256, 128, 3, 3]), torch.Size([256]), torch.Size([256, 256, 3, 3]), torch.Size([256]), torch.Size([256, 128, 1, 1]), torch.Size([256]), torch.Size([256, 256, 3, 3]), torch.Size([256]), torch.Size([256, 256, 3, 3]), torch.Size([256]), torch.Size([512, 256, 3, 3]), torch.Size([512]), torch.Size([512, 512, 3, 3]), torch.Size([512]), torch.Size([512, 256, 1, 1]), torch.Size([512]), torch.Size([512, 512, 3, 3]), torch.Size([512]), torch.Size([512, 512, 3, 3]), torch.Size([512]), torch.Size([10, 512]), torch.Size([10])]
2026-08-08 20:24:27 [INFO] src.analysis.pyhessian: [PyHessian] layer3.0.conv2.weight: trace=19.9778 (29 iters)
[torch.Size([64, 3, 3, 3]), torch.Size([64]), torch.Size([64, 64, 3, 3]), torch.Size([64]), torch.Size([64, 64, 3, 3]), torch.Size([64]), torch.Size([64, 64, 3, 3]), torch.Size([64]), torch.Size([64, 64, 3, 3]), torch.Size([64]), torch.Size([128, 64, 3, 3]), torch.Size([128]), torch.Size([128, 128, 3, 3]), torch.Size([128]), torch.Size([128, 64, 1, 1]), torch.Size([128]), torch.Size([128, 128, 3, 3]), torch.Size([128]), torch.Size([128, 128, 3, 3]), torch.Size([128]), torch.Size([256, 128, 3, 3]), torch.Size([256]), torch.Size([256, 256, 3, 3]), torch.Size([256]), torch.Size([256, 128, 1, 1]), torch.Size([256]), torch.Size([256, 256, 3, 3]), torch.Size([256]), torch.Size([256, 256, 3, 3]), torch.Size([256]), torch.Size([512, 256, 3, 3]), torch.Size([512]), torch.Size([512, 512, 3, 3]), torch.Size([512]), torch.Size([512, 256, 1, 1]), torch.Size([512]), torch.Size([512, 512, 3, 3]), torch.Size([512]), torch.Size([512, 512, 3, 3]), torch.Size([512]), torch.Size([10, 512]), torch.Size([10])]
2026-08-08 20:24:27 [INFO] src.analysis.pyhessian: [PyHessian] layer3.0.downsample.0.weight: trace=6.6850 (38 iters)
[torch.Size([64, 3, 3, 3]), torch.Size([64]), torch.Size([64, 64, 3, 3]), torch.Size([64]), torch.Size([64, 64, 3, 3]), torch.Size([64]), torch.Size([64, 64, 3, 3]), torch.Size([64]), torch.Size([64, 64, 3, 3]), torch.Size([64]), torch.Size([128, 64, 3, 3]), torch.Size([128]), torch.Size([128, 128, 3, 3]), torch.Size([128]), torch.Size([128, 64, 1, 1]), torch.Size([128]), torch.Size([128, 128, 3, 3]), torch.Size([128]), torch.Size([128, 128, 3, 3]), torch.Size([128]), torch.Size([256, 128, 3, 3]), torch.Size([256]), torch.Size([256, 256, 3, 3]), torch.Size([256]), torch.Size([256, 128, 1, 1]), torch.Size([256]), torch.Size([256, 256, 3, 3]), torch.Size([256]), torch.Size([256, 256, 3, 3]), torch.Size([256]), torch.Size([512, 256, 3, 3]), torch.Size([512]), torch.Size([512, 512, 3, 3]), torch.Size([512]), torch.Size([512, 256, 1, 1]), torch.Size([512]), torch.Size([512, 512, 3, 3]), torch.Size([512]), torch.Size([512, 512, 3, 3]), torch.Size([512]), torch.Size([10, 512]), torch.Size([10])]
2026-08-08 20:24:28 [INFO] src.analysis.pyhessian: [PyHessian] layer3.1.conv1.weight: trace=46.1935 (35 iters)
[torch.Size([64, 3, 3, 3]), torch.Size([64]), torch.Size([64, 64, 3, 3]), torch.Size([64]), torch.Size([64, 64, 3, 3]), torch.Size([64]), torch.Size([64, 64, 3, 3]), torch.Size([64]), torch.Size([64, 64, 3, 3]), torch.Size([64]), torch.Size([128, 64, 3, 3]), torch.Size([128]), torch.Size([128, 128, 3, 3]), torch.Size([128]), torch.Size([128, 64, 1, 1]), torch.Size([128]), torch.Size([128, 128, 3, 3]), torch.Size([128]), torch.Size([128, 128, 3, 3]), torch.Size([128]), torch.Size([256, 128, 3, 3]), torch.Size([256]), torch.Size([256, 256, 3, 3]), torch.Size([256]), torch.Size([256, 128, 1, 1]), torch.Size([256]), torch.Size([256, 256, 3, 3]), torch.Size([256]), torch.Size([256, 256, 3, 3]), torch.Size([256]), torch.Size([512, 256, 3, 3]), torch.Size([512]), torch.Size([512, 512, 3, 3]), torch.Size([512]), torch.Size([512, 256, 1, 1]), torch.Size([512]), torch.Size([512, 512, 3, 3]), torch.Size([512]), torch.Size([512, 512, 3, 3]), torch.Size([512]), torch.Size([10, 512]), torch.Size([10])]
2026-08-08 20:24:28 [INFO] src.analysis.pyhessian: [PyHessian] layer3.1.conv2.weight: trace=9.3955 (20 iters)
[torch.Size([64, 3, 3, 3]), torch.Size([64]), torch.Size([64, 64, 3, 3]), torch.Size([64]), torch.Size([64, 64, 3, 3]), torch.Size([64]), torch.Size([64, 64, 3, 3]), torch.Size([64]), torch.Size([64, 64, 3, 3]), torch.Size([64]), torch.Size([128, 64, 3, 3]), torch.Size([128]), torch.Size([128, 128, 3, 3]), torch.Size([128]), torch.Size([128, 64, 1, 1]), torch.Size([128]), torch.Size([128, 128, 3, 3]), torch.Size([128]), torch.Size([128, 128, 3, 3]), torch.Size([128]), torch.Size([256, 128, 3, 3]), torch.Size([256]), torch.Size([256, 256, 3, 3]), torch.Size([256]), torch.Size([256, 128, 1, 1]), torch.Size([256]), torch.Size([256, 256, 3, 3]), torch.Size([256]), torch.Size([256, 256, 3, 3]), torch.Size([256]), torch.Size([512, 256, 3, 3]), torch.Size([512]), torch.Size([512, 512, 3, 3]), torch.Size([512]), torch.Size([512, 256, 1, 1]), torch.Size([512]), torch.Size([512, 512, 3, 3]), torch.Size([512]), torch.Size([512, 512, 3, 3]), torch.Size([512]), torch.Size([10, 512]), torch.Size([10])]
2026-08-08 20:24:28 [INFO] src.analysis.pyhessian: [PyHessian] layer4.0.conv1.weight: trace=29.5445 (22 iters)
[torch.Size([64, 3, 3, 3]), torch.Size([64]), torch.Size([64, 64, 3, 3]), torch.Size([64]), torch.Size([64, 64, 3, 3]), torch.Size([64]), torch.Size([64, 64, 3, 3]), torch.Size([64]), torch.Size([64, 64, 3, 3]), torch.Size([64]), torch.Size([128, 64, 3, 3]), torch.Size([128]), torch.Size([128, 128, 3, 3]), torch.Size([128]), torch.Size([128, 64, 1, 1]), torch.Size([128]), torch.Size([128, 128, 3, 3]), torch.Size([128]), torch.Size([128, 128, 3, 3]), torch.Size([128]), torch.Size([256, 128, 3, 3]), torch.Size([256]), torch.Size([256, 256, 3, 3]), torch.Size([256]), torch.Size([256, 128, 1, 1]), torch.Size([256]), torch.Size([256, 256, 3, 3]), torch.Size([256]), torch.Size([256, 256, 3, 3]), torch.Size([256]), torch.Size([512, 256, 3, 3]), torch.Size([512]), torch.Size([512, 512, 3, 3]), torch.Size([512]), torch.Size([512, 256, 1, 1]), torch.Size([512]), torch.Size([512, 512, 3, 3]), torch.Size([512]), torch.Size([512, 512, 3, 3]), torch.Size([512]), torch.Size([10, 512]), torch.Size([10])]
2026-08-08 20:24:28 [INFO] src.analysis.pyhessian: [PyHessian] layer4.0.conv2.weight: trace=23.7693 (38 iters)
[torch.Size([64, 3, 3, 3]), torch.Size([64]), torch.Size([64, 64, 3, 3]), torch.Size([64]), torch.Size([64, 64, 3, 3]), torch.Size([64]), torch.Size([64, 64, 3, 3]), torch.Size([64]), torch.Size([64, 64, 3, 3]), torch.Size([64]), torch.Size([128, 64, 3, 3]), torch.Size([128]), torch.Size([128, 128, 3, 3]), torch.Size([128]), torch.Size([128, 64, 1, 1]), torch.Size([128]), torch.Size([128, 128, 3, 3]), torch.Size([128]), torch.Size([128, 128, 3, 3]), torch.Size([128]), torch.Size([256, 128, 3, 3]), torch.Size([256]), torch.Size([256, 256, 3, 3]), torch.Size([256]), torch.Size([256, 128, 1, 1]), torch.Size([256]), torch.Size([256, 256, 3, 3]), torch.Size([256]), torch.Size([256, 256, 3, 3]), torch.Size([256]), torch.Size([512, 256, 3, 3]), torch.Size([512]), torch.Size([512, 512, 3, 3]), torch.Size([512]), torch.Size([512, 256, 1, 1]), torch.Size([512]), torch.Size([512, 512, 3, 3]), torch.Size([512]), torch.Size([512, 512, 3, 3]), torch.Size([512]), torch.Size([10, 512]), torch.Size([10])]
2026-08-08 20:24:28 [INFO] src.analysis.pyhessian: [PyHessian] layer4.0.downsample.0.weight: trace=6.4230 (24 iters)
[torch.Size([64, 3, 3, 3]), torch.Size([64]), torch.Size([64, 64, 3, 3]), torch.Size([64]), torch.Size([64, 64, 3, 3]), torch.Size([64]), torch.Size([64, 64, 3, 3]), torch.Size([64]), torch.Size([64, 64, 3, 3]), torch.Size([64]), torch.Size([128, 64, 3, 3]), torch.Size([128]), torch.Size([128, 128, 3, 3]), torch.Size([128]), torch.Size([128, 64, 1, 1]), torch.Size([128]), torch.Size([128, 128, 3, 3]), torch.Size([128]), torch.Size([128, 128, 3, 3]), torch.Size([128]), torch.Size([256, 128, 3, 3]), torch.Size([256]), torch.Size([256, 256, 3, 3]), torch.Size([256]), torch.Size([256, 128, 1, 1]), torch.Size([256]), torch.Size([256, 256, 3, 3]), torch.Size([256]), torch.Size([256, 256, 3, 3]), torch.Size([256]), torch.Size([512, 256, 3, 3]), torch.Size([512]), torch.Size([512, 512, 3, 3]), torch.Size([512]), torch.Size([512, 256, 1, 1]), torch.Size([512]), torch.Size([512, 512, 3, 3]), torch.Size([512]), torch.Size([512, 512, 3, 3]), torch.Size([512]), torch.Size([10, 512]), torch.Size([10])]
2026-08-08 20:24:28 [INFO] src.analysis.pyhessian: [PyHessian] layer4.1.conv1.weight: trace=45.7641 (20 iters)
[torch.Size([64, 3, 3, 3]), torch.Size([64]), torch.Size([64, 64, 3, 3]), torch.Size([64]), torch.Size([64, 64, 3, 3]), torch.Size([64]), torch.Size([64, 64, 3, 3]), torch.Size([64]), torch.Size([64, 64, 3, 3]), torch.Size([64]), torch.Size([128, 64, 3, 3]), torch.Size([128]), torch.Size([128, 128, 3, 3]), torch.Size([128]), torch.Size([128, 64, 1, 1]), torch.Size([128]), torch.Size([128, 128, 3, 3]), torch.Size([128]), torch.Size([128, 128, 3, 3]), torch.Size([128]), torch.Size([256, 128, 3, 3]), torch.Size([256]), torch.Size([256, 256, 3, 3]), torch.Size([256]), torch.Size([256, 128, 1, 1]), torch.Size([256]), torch.Size([256, 256, 3, 3]), torch.Size([256]), torch.Size([256, 256, 3, 3]), torch.Size([256]), torch.Size([512, 256, 3, 3]), torch.Size([512]), torch.Size([512, 512, 3, 3]), torch.Size([512]), torch.Size([512, 256, 1, 1]), torch.Size([512]), torch.Size([512, 512, 3, 3]), torch.Size([512]), torch.Size([512, 512, 3, 3]), torch.Size([512]), torch.Size([10, 512]), torch.Size([10])]
2026-08-08 20:24:28 [INFO] src.analysis.pyhessian: [PyHessian] layer4.1.conv2.weight: trace=2.2751 (14 iters)
[torch.Size([64, 3, 3, 3]), torch.Size([64]), torch.Size([64, 64, 3, 3]), torch.Size([64]), torch.Size([64, 64, 3, 3]), torch.Size([64]), torch.Size([64, 64, 3, 3]), torch.Size([64]), torch.Size([64, 64, 3, 3]), torch.Size([64]), torch.Size([128, 64, 3, 3]), torch.Size([128]), torch.Size([128, 128, 3, 3]), torch.Size([128]), torch.Size([128, 64, 1, 1]), torch.Size([128]), torch.Size([128, 128, 3, 3]), torch.Size([128]), torch.Size([128, 128, 3, 3]), torch.Size([128]), torch.Size([256, 128, 3, 3]), torch.Size([256]), torch.Size([256, 256, 3, 3]), torch.Size([256]), torch.Size([256, 128, 1, 1]), torch.Size([256]), torch.Size([256, 256, 3, 3]), torch.Size([256]), torch.Size([256, 256, 3, 3]), torch.Size([256]), torch.Size([512, 256, 3, 3]), torch.Size([512]), torch.Size([512, 512, 3, 3]), torch.Size([512]), torch.Size([512, 256, 1, 1]), torch.Size([512]), torch.Size([512, 512, 3, 3]), torch.Size([512]), torch.Size([512, 512, 3, 3]), torch.Size([512]), torch.Size([10, 512]), torch.Size([10])]
2026-08-08 20:24:28 [INFO] src.analysis.pyhessian: [PyHessian] fc.weight: trace=2.0998 (28 iters)
2026-08-08 20:24:29 [INFO] src.analysis.top_eigenvalue: [PyHessian] conv1.weight: lambda_max=19.6127
2026-08-08 20:24:30 [INFO] src.analysis.top_eigenvalue: [PyHessian] layer1.0.conv1.weight: lambda_max=13.0420
2026-08-08 20:24:30 [INFO] src.analysis.top_eigenvalue: [PyHessian] layer1.0.conv2.weight: lambda_max=5.1997
2026-08-08 20:24:30 [INFO] src.analysis.top_eigenvalue: [PyHessian] layer1.1.conv1.weight: lambda_max=40.0895
2026-08-08 20:24:30 [INFO] src.analysis.top_eigenvalue: [PyHessian] layer1.1.conv2.weight: lambda_max=2.7574
2026-08-08 20:24:30 [INFO] src.analysis.top_eigenvalue: [PyHessian] layer2.0.conv1.weight: lambda_max=19.2232
2026-08-08 20:24:30 [INFO] src.analysis.top_eigenvalue: [PyHessian] layer2.0.conv2.weight: lambda_max=4.2181
2026-08-08 20:24:31 [INFO] src.analysis.top_eigenvalue: [PyHessian] layer2.0.downsample.0.weight: lambda_max=1.9320
2026-08-08 20:24:31 [INFO] src.analysis.top_eigenvalue: [PyHessian] layer2.1.conv1.weight: lambda_max=14.6138
2026-08-08 20:24:31 [INFO] src.analysis.top_eigenvalue: [PyHessian] layer2.1.conv2.weight: lambda_max=2.0157
2026-08-08 20:24:31 [INFO] src.analysis.top_eigenvalue: [PyHessian] layer3.0.conv1.weight: lambda_max=18.2637
2026-08-08 20:24:31 [INFO] src.analysis.top_eigenvalue: [PyHessian] layer3.0.conv2.weight: lambda_max=3.4757
2026-08-08 20:24:31 [INFO] src.analysis.top_eigenvalue: [PyHessian] layer3.0.downsample.0.weight: lambda_max=1.0755
2026-08-08 20:24:31 [INFO] src.analysis.top_eigenvalue: [PyHessian] layer3.1.conv1.weight: lambda_max=7.9090
2026-08-08 20:24:31 [INFO] src.analysis.top_eigenvalue: [PyHessian] layer3.1.conv2.weight: lambda_max=1.6669
2026-08-08 20:24:32 [INFO] src.analysis.top_eigenvalue: [PyHessian] layer4.0.conv1.weight: lambda_max=4.1255
2026-08-08 20:24:32 [INFO] src.analysis.top_eigenvalue: [PyHessian] layer4.0.conv2.weight: lambda_max=4.4389
2026-08-08 20:24:32 [INFO] src.analysis.top_eigenvalue: [PyHessian] layer4.0.downsample.0.weight: lambda_max=1.2483
2026-08-08 20:24:32 [INFO] src.analysis.top_eigenvalue: [PyHessian] layer4.1.conv1.weight: lambda_max=6.3392
2026-08-08 20:24:32 [INFO] src.analysis.top_eigenvalue: [PyHessian] layer4.1.conv2.weight: lambda_max=0.3655
2026-08-08 20:24:32 [INFO] src.analysis.top_eigenvalue: [PyHessian] fc.weight: lambda_max=0.5869
2026-08-08 20:24:34 [INFO] __main__: [QAT]  Val Acc: 89.03% | Latency: 12.68ms
2026-08-08 20:24:34 [INFO] __main__: 
--- Run 3/6: resnet50_no_weights on CIFAR10 ---
2026-08-08 20:24:34 [INFO] src.model_cnn.train: Model: resnet50_no_weights | Dataset: CIFAR10 | Size: 89.93 MB | Params: 23,520,842
2026-08-08 20:25:01 [INFO] src.model_cnn.train: Epoch   1/200 | LR 0.09999 | Train L 3.6267 A 13.61% | Val L 2.1333 A 19.23%
2026-08-08 20:25:27 [INFO] src.model_cnn.train: Epoch   2/200 | LR 0.09998 | Train L 2.0714 A 21.26% | Val L 2.0525 A 19.87%
2026-08-08 20:25:53 [INFO] src.model_cnn.train: Epoch   3/200 | LR 0.09994 | Train L 1.9048 A 27.20% | Val L 1.9949 A 27.05%
2026-08-08 20:26:19 [INFO] src.model_cnn.train: Epoch   4/200 | LR 0.09990 | Train L 1.7778 A 32.74% | Val L 1.6876 A 36.38%
2026-08-08 20:26:46 [INFO] src.model_cnn.train: Epoch   5/200 | LR 0.09985 | Train L 1.6495 A 38.11% | Val L 1.8284 A 35.60%
2026-08-08 20:27:12 [INFO] src.model_cnn.train: Epoch   6/200 | LR 0.09978 | Train L 1.5425 A 42.80% | Val L 1.4472 A 45.86%
2026-08-08 20:27:38 [INFO] src.model_cnn.train: Epoch   7/200 | LR 0.09970 | Train L 1.4135 A 48.17% | Val L 1.3363 A 50.91%
2026-08-08 20:28:04 [INFO] src.model_cnn.train: Epoch   8/200 | LR 0.09961 | Train L 1.2773 A 53.79% | Val L 1.2277 A 55.74%
2026-08-08 20:28:30 [INFO] src.model_cnn.train: Epoch   9/200 | LR 0.09950 | Train L 1.1683 A 58.05% | Val L 1.1953 A 57.71%
2026-08-08 20:28:57 [INFO] src.model_cnn.train: Epoch  10/200 | LR 0.09938 | Train L 1.0774 A 61.59% | Val L 1.2137 A 58.46%
2026-08-08 20:29:23 [INFO] src.model_cnn.train: Epoch  11/200 | LR 0.09926 | Train L 1.0056 A 64.09% | Val L 0.9462 A 66.90%
2026-08-08 20:29:49 [INFO] src.model_cnn.train: Epoch  12/200 | LR 0.09911 | Train L 0.9354 A 66.74% | Val L 0.9271 A 67.75%
2026-08-08 20:30:15 [INFO] src.model_cnn.train: Epoch  13/200 | LR 0.09896 | Train L 0.8800 A 68.89% | Val L 1.0057 A 65.67%
2026-08-08 20:30:41 [INFO] src.model_cnn.train: Epoch  14/200 | LR 0.09880 | Train L 0.8003 A 71.73% | Val L 0.8434 A 70.47%
2026-08-08 20:31:07 [INFO] src.model_cnn.train: Epoch  15/200 | LR 0.09862 | Train L 0.7479 A 73.93% | Val L 0.7550 A 73.71%
2026-08-08 20:31:34 [INFO] src.model_cnn.train: Epoch  16/200 | LR 0.09843 | Train L 0.6874 A 75.63% | Val L 0.7381 A 74.67%
2026-08-08 20:32:00 [INFO] src.model_cnn.train: Epoch  17/200 | LR 0.09823 | Train L 0.6315 A 77.97% | Val L 0.7120 A 75.08%
2026-08-08 20:32:26 [INFO] src.model_cnn.train: Epoch  18/200 | LR 0.09801 | Train L 0.5873 A 79.67% | Val L 0.6889 A 76.59%
2026-08-08 20:32:52 [INFO] src.model_cnn.train: Epoch  19/200 | LR 0.09779 | Train L 0.5482 A 80.89% | Val L 0.7501 A 75.45%
2026-08-08 20:33:18 [INFO] src.model_cnn.train: Epoch  20/200 | LR 0.09755 | Train L 0.5237 A 81.75% | Val L 0.7828 A 74.04%
2026-08-08 20:33:44 [INFO] src.model_cnn.train: Epoch  21/200 | LR 0.09730 | Train L 0.4980 A 82.75% | Val L 0.7506 A 75.43%
2026-08-08 20:34:10 [INFO] src.model_cnn.train: Epoch  22/200 | LR 0.09704 | Train L 0.4751 A 83.46% | Val L 0.5378 A 81.74%
2026-08-08 20:34:10 [INFO] src.model_cnn.train: Target validation accuracy reached (81.74% >= 80.0%). Stopping early.
2026-08-08 20:34:11 [INFO] src.model_cnn.train: Model saved -> /scratch/dominic/Forschungsprojekt/results/20260808_200632_27831/models/baseline_resnet50_no_weights_CIFAR10_float32.pt
2026-08-08 20:34:11 [INFO] src.utility.utils: -------------------------------------------------
2026-08-08 20:34:11 [INFO] src.utility.utils:      epoch |    total_s |    train_s |      val_s
2026-08-08 20:34:11 [INFO] src.utility.utils: -------------------------------------------------
2026-08-08 20:34:11 [INFO] src.utility.utils:          1 |     26.493 |     24.265 |      2.228
2026-08-08 20:34:11 [INFO] src.utility.utils:          2 |     26.034 |     23.946 |      2.088
2026-08-08 20:34:11 [INFO] src.utility.utils:          3 |     26.144 |     24.002 |      2.143
2026-08-08 20:34:11 [INFO] src.utility.utils:          4 |     26.056 |     23.945 |       2.11
2026-08-08 20:34:11 [INFO] src.utility.utils:          5 |     26.207 |     24.079 |      2.128
2026-08-08 20:34:11 [INFO] src.utility.utils:          6 |     26.119 |     23.976 |      2.143
2026-08-08 20:34:11 [INFO] src.utility.utils:          7 |     26.121 |     24.012 |      2.109
2026-08-08 20:34:11 [INFO] src.utility.utils:          8 |     26.138 |      24.03 |      2.108
2026-08-08 20:34:11 [INFO] src.utility.utils:          9 |      26.24 |     24.108 |      2.132
2026-08-08 20:34:11 [INFO] src.utility.utils:         10 |     26.206 |     24.095 |      2.111
2026-08-08 20:34:11 [INFO] src.utility.utils:         11 |     26.226 |     24.133 |      2.093
2026-08-08 20:34:11 [INFO] src.utility.utils:         12 |     26.174 |     24.083 |      2.091
2026-08-08 20:34:11 [INFO] src.utility.utils:         13 |     26.132 |     24.031 |      2.101
2026-08-08 20:34:11 [INFO] src.utility.utils:         14 |     25.988 |     23.899 |      2.089
2026-08-08 20:34:11 [INFO] src.utility.utils:         15 |     25.981 |     23.905 |      2.075
2026-08-08 20:34:11 [INFO] src.utility.utils:         16 |     26.182 |     24.092 |       2.09
2026-08-08 20:34:11 [INFO] src.utility.utils:         17 |     26.008 |     23.894 |      2.114
2026-08-08 20:34:11 [INFO] src.utility.utils:         18 |     26.027 |     23.922 |      2.105
2026-08-08 20:34:11 [INFO] src.utility.utils:         19 |     26.116 |     24.014 |      2.103
2026-08-08 20:34:11 [INFO] src.utility.utils:         20 |     26.075 |     23.981 |      2.094
2026-08-08 20:34:11 [INFO] src.utility.utils:         21 |     26.136 |     24.046 |       2.09
2026-08-08 20:34:11 [INFO] src.utility.utils:         22 |     26.107 |     23.999 |      2.108
2026-08-08 20:34:11 [INFO] src.utility.utils: 
Total wall-clock time: 574.9s  (9.58 min)
2026-08-08 20:34:11 [INFO] src.utility.utils: Timing data saved → /scratch/dominic/Forschungsprojekt/results/20260808_200632_27831/csv/timing_resnet50_no_weights_CIFAR10.csv
2026-08-08 20:34:11 [INFO] src.utility.utils: Training curves saved → /scratch/dominic/Forschungsprojekt/results/20260808_200632_27831/logs/training_curves_resnet50_no_weights_CIFAR10.png
2026-08-08 20:34:14 [INFO] __main__: Computing Hessian Trace for FP32...
[torch.Size([64, 3, 3, 3]), torch.Size([64]), torch.Size([64]), torch.Size([64, 64, 1, 1]), torch.Size([64]), torch.Size([64]), torch.Size([64, 64, 3, 3]), torch.Size([64]), torch.Size([64]), torch.Size([256, 64, 1, 1]), torch.Size([256]), torch.Size([256]), torch.Size([256, 64, 1, 1]), torch.Size([256]), torch.Size([256]), torch.Size([64, 256, 1, 1]), torch.Size([64]), torch.Size([64]), torch.Size([64, 64, 3, 3]), torch.Size([64]), torch.Size([64]), torch.Size([256, 64, 1, 1]), torch.Size([256]), torch.Size([256]), torch.Size([64, 256, 1, 1]), torch.Size([64]), torch.Size([64]), torch.Size([64, 64, 3, 3]), torch.Size([64]), torch.Size([64]), torch.Size([256, 64, 1, 1]), torch.Size([256]), torch.Size([256]), torch.Size([128, 256, 1, 1]), torch.Size([128]), torch.Size([128]), torch.Size([128, 128, 3, 3]), torch.Size([128]), torch.Size([128]), torch.Size([512, 128, 1, 1]), torch.Size([512]), torch.Size([512]), torch.Size([512, 256, 1, 1]), torch.Size([512]), torch.Size([512]), torch.Size([128, 512, 1, 1]), torch.Size([128]), torch.Size([128]), torch.Size([128, 128, 3, 3]), torch.Size([128]), torch.Size([128]), torch.Size([512, 128, 1, 1]), torch.Size([512]), torch.Size([512]), torch.Size([128, 512, 1, 1]), torch.Size([128]), torch.Size([128]), torch.Size([128, 128, 3, 3]), torch.Size([128]), torch.Size([128]), torch.Size([512, 128, 1, 1]), torch.Size([512]), torch.Size([512]), torch.Size([128, 512, 1, 1]), torch.Size([128]), torch.Size([128]), torch.Size([128, 128, 3, 3]), torch.Size([128]), torch.Size([128]), torch.Size([512, 128, 1, 1]), torch.Size([512]), torch.Size([512]), torch.Size([256, 512, 1, 1]), torch.Size([256]), torch.Size([256]), torch.Size([256, 256, 3, 3]), torch.Size([256]), torch.Size([256]), torch.Size([1024, 256, 1, 1]), torch.Size([1024]), torch.Size([1024]), torch.Size([1024, 512, 1, 1]), torch.Size([1024]), torch.Size([1024]), torch.Size([256, 1024, 1, 1]), torch.Size([256]), torch.Size([256]), torch.Size([256, 256, 3, 3]), torch.Size([256]), torch.Size([256]), torch.Size([1024, 256, 1, 1]), torch.Size([1024]), torch.Size([1024]), torch.Size([256, 1024, 1, 1]), torch.Size([256]), torch.Size([256]), torch.Size([256, 256, 3, 3]), torch.Size([256]), torch.Size([256]), torch.Size([1024, 256, 1, 1]), torch.Size([1024]), torch.Size([1024]), torch.Size([256, 1024, 1, 1]), torch.Size([256]), torch.Size([256]), torch.Size([256, 256, 3, 3]), torch.Size([256]), torch.Size([256]), torch.Size([1024, 256, 1, 1]), torch.Size([1024]), torch.Size([1024]), torch.Size([256, 1024, 1, 1]), torch.Size([256]), torch.Size([256]), torch.Size([256, 256, 3, 3]), torch.Size([256]), torch.Size([256]), torch.Size([1024, 256, 1, 1]), torch.Size([1024]), torch.Size([1024]), torch.Size([256, 1024, 1, 1]), torch.Size([256]), torch.Size([256]), torch.Size([256, 256, 3, 3]), torch.Size([256]), torch.Size([256]), torch.Size([1024, 256, 1, 1]), torch.Size([1024]), torch.Size([1024]), torch.Size([512, 1024, 1, 1]), torch.Size([512]), torch.Size([512]), torch.Size([512, 512, 3, 3]), torch.Size([512]), torch.Size([512]), torch.Size([2048, 512, 1, 1]), torch.Size([2048]), torch.Size([2048]), torch.Size([2048, 1024, 1, 1]), torch.Size([2048]), torch.Size([2048]), torch.Size([512, 2048, 1, 1]), torch.Size([512]), torch.Size([512]), torch.Size([512, 512, 3, 3]), torch.Size([512]), torch.Size([512]), torch.Size([2048, 512, 1, 1]), torch.Size([2048]), torch.Size([2048]), torch.Size([512, 2048, 1, 1]), torch.Size([512]), torch.Size([512]), torch.Size([512, 512, 3, 3]), torch.Size([512]), torch.Size([512]), torch.Size([2048, 512, 1, 1]), torch.Size([2048]), torch.Size([2048]), torch.Size([10, 2048]), torch.Size([10])]
2026-08-08 20:34:19 [INFO] src.analysis.pyhessian: [PyHessian] conv1.weight: trace=9.8003 (30 iters)
[torch.Size([64, 3, 3, 3]), torch.Size([64]), torch.Size([64]), torch.Size([64, 64, 1, 1]), torch.Size([64]), torch.Size([64]), torch.Size([64, 64, 3, 3]), torch.Size([64]), torch.Size([64]), torch.Size([256, 64, 1, 1]), torch.Size([256]), torch.Size([256]), torch.Size([256, 64, 1, 1]), torch.Size([256]), torch.Size([256]), torch.Size([64, 256, 1, 1]), torch.Size([64]), torch.Size([64]), torch.Size([64, 64, 3, 3]), torch.Size([64]), torch.Size([64]), torch.Size([256, 64, 1, 1]), torch.Size([256]), torch.Size([256]), torch.Size([64, 256, 1, 1]), torch.Size([64]), torch.Size([64]), torch.Size([64, 64, 3, 3]), torch.Size([64]), torch.Size([64]), torch.Size([256, 64, 1, 1]), torch.Size([256]), torch.Size([256]), torch.Size([128, 256, 1, 1]), torch.Size([128]), torch.Size([128]), torch.Size([128, 128, 3, 3]), torch.Size([128]), torch.Size([128]), torch.Size([512, 128, 1, 1]), torch.Size([512]), torch.Size([512]), torch.Size([512, 256, 1, 1]), torch.Size([512]), torch.Size([512]), torch.Size([128, 512, 1, 1]), torch.Size([128]), torch.Size([128]), torch.Size([128, 128, 3, 3]), torch.Size([128]), torch.Size([128]), torch.Size([512, 128, 1, 1]), torch.Size([512]), torch.Size([512]), torch.Size([128, 512, 1, 1]), torch.Size([128]), torch.Size([128]), torch.Size([128, 128, 3, 3]), torch.Size([128]), torch.Size([128]), torch.Size([512, 128, 1, 1]), torch.Size([512]), torch.Size([512]), torch.Size([128, 512, 1, 1]), torch.Size([128]), torch.Size([128]), torch.Size([128, 128, 3, 3]), torch.Size([128]), torch.Size([128]), torch.Size([512, 128, 1, 1]), torch.Size([512]), torch.Size([512]), torch.Size([256, 512, 1, 1]), torch.Size([256]), torch.Size([256]), torch.Size([256, 256, 3, 3]), torch.Size([256]), torch.Size([256]), torch.Size([1024, 256, 1, 1]), torch.Size([1024]), torch.Size([1024]), torch.Size([1024, 512, 1, 1]), torch.Size([1024]), torch.Size([1024]), torch.Size([256, 1024, 1, 1]), torch.Size([256]), torch.Size([256]), torch.Size([256, 256, 3, 3]), torch.Size([256]), torch.Size([256]), torch.Size([1024, 256, 1, 1]), torch.Size([1024]), torch.Size([1024]), torch.Size([256, 1024, 1, 1]), torch.Size([256]), torch.Size([256]), torch.Size([256, 256, 3, 3]), torch.Size([256]), torch.Size([256]), torch.Size([1024, 256, 1, 1]), torch.Size([1024]), torch.Size([1024]), torch.Size([256, 1024, 1, 1]), torch.Size([256]), torch.Size([256]), torch.Size([256, 256, 3, 3]), torch.Size([256]), torch.Size([256]), torch.Size([1024, 256, 1, 1]), torch.Size([1024]), torch.Size([1024]), torch.Size([256, 1024, 1, 1]), torch.Size([256]), torch.Size([256]), torch.Size([256, 256, 3, 3]), torch.Size([256]), torch.Size([256]), torch.Size([1024, 256, 1, 1]), torch.Size([1024]), torch.Size([1024]), torch.Size([256, 1024, 1, 1]), torch.Size([256]), torch.Size([256]), torch.Size([256, 256, 3, 3]), torch.Size([256]), torch.Size([256]), torch.Size([1024, 256, 1, 1]), torch.Size([1024]), torch.Size([1024]), torch.Size([512, 1024, 1, 1]), torch.Size([512]), torch.Size([512]), torch.Size([512, 512, 3, 3]), torch.Size([512]), torch.Size([512]), torch.Size([2048, 512, 1, 1]), torch.Size([2048]), torch.Size([2048]), torch.Size([2048, 1024, 1, 1]), torch.Size([2048]), torch.Size([2048]), torch.Size([512, 2048, 1, 1]), torch.Size([512]), torch.Size([512]), torch.Size([512, 512, 3, 3]), torch.Size([512]), torch.Size([512]), torch.Size([2048, 512, 1, 1]), torch.Size([2048]), torch.Size([2048]), torch.Size([512, 2048, 1, 1]), torch.Size([512]), torch.Size([512]), torch.Size([512, 512, 3, 3]), torch.Size([512]), torch.Size([512]), torch.Size([2048, 512, 1, 1]), torch.Size([2048]), torch.Size([2048]), torch.Size([10, 2048]), torch.Size([10])]
2026-08-08 20:34:27 [INFO] src.analysis.pyhessian: [PyHessian] layer1.0.conv1.weight: trace=2.9027 (56 iters)
[torch.Size([64, 3, 3, 3]), torch.Size([64]), torch.Size([64]), torch.Size([64, 64, 1, 1]), torch.Size([64]), torch.Size([64]), torch.Size([64, 64, 3, 3]), torch.Size([64]), torch.Size([64]), torch.Size([256, 64, 1, 1]), torch.Size([256]), torch.Size([256]), torch.Size([256, 64, 1, 1]), torch.Size([256]), torch.Size([256]), torch.Size([64, 256, 1, 1]), torch.Size([64]), torch.Size([64]), torch.Size([64, 64, 3, 3]), torch.Size([64]), torch.Size([64]), torch.Size([256, 64, 1, 1]), torch.Size([256]), torch.Size([256]), torch.Size([64, 256, 1, 1]), torch.Size([64]), torch.Size([64]), torch.Size([64, 64, 3, 3]), torch.Size([64]), torch.Size([64]), torch.Size([256, 64, 1, 1]), torch.Size([256]), torch.Size([256]), torch.Size([128, 256, 1, 1]), torch.Size([128]), torch.Size([128]), torch.Size([128, 128, 3, 3]), torch.Size([128]), torch.Size([128]), torch.Size([512, 128, 1, 1]), torch.Size([512]), torch.Size([512]), torch.Size([512, 256, 1, 1]), torch.Size([512]), torch.Size([512]), torch.Size([128, 512, 1, 1]), torch.Size([128]), torch.Size([128]), torch.Size([128, 128, 3, 3]), torch.Size([128]), torch.Size([128]), torch.Size([512, 128, 1, 1]), torch.Size([512]), torch.Size([512]), torch.Size([128, 512, 1, 1]), torch.Size([128]), torch.Size([128]), torch.Size([128, 128, 3, 3]), torch.Size([128]), torch.Size([128]), torch.Size([512, 128, 1, 1]), torch.Size([512]), torch.Size([512]), torch.Size([128, 512, 1, 1]), torch.Size([128]), torch.Size([128]), torch.Size([128, 128, 3, 3]), torch.Size([128]), torch.Size([128]), torch.Size([512, 128, 1, 1]), torch.Size([512]), torch.Size([512]), torch.Size([256, 512, 1, 1]), torch.Size([256]), torch.Size([256]), torch.Size([256, 256, 3, 3]), torch.Size([256]), torch.Size([256]), torch.Size([1024, 256, 1, 1]), torch.Size([1024]), torch.Size([1024]), torch.Size([1024, 512, 1, 1]), torch.Size([1024]), torch.Size([1024]), torch.Size([256, 1024, 1, 1]), torch.Size([256]), torch.Size([256]), torch.Size([256, 256, 3, 3]), torch.Size([256]), torch.Size([256]), torch.Size([1024, 256, 1, 1]), torch.Size([1024]), torch.Size([1024]), torch.Size([256, 1024, 1, 1]), torch.Size([256]), torch.Size([256]), torch.Size([256, 256, 3, 3]), torch.Size([256]), torch.Size([256]), torch.Size([1024, 256, 1, 1]), torch.Size([1024]), torch.Size([1024]), torch.Size([256, 1024, 1, 1]), torch.Size([256]), torch.Size([256]), torch.Size([256, 256, 3, 3]), torch.Size([256]), torch.Size([256]), torch.Size([1024, 256, 1, 1]), torch.Size([1024]), torch.Size([1024]), torch.Size([256, 1024, 1, 1]), torch.Size([256]), torch.Size([256]), torch.Size([256, 256, 3, 3]), torch.Size([256]), torch.Size([256]), torch.Size([1024, 256, 1, 1]), torch.Size([1024]), torch.Size([1024]), torch.Size([256, 1024, 1, 1]), torch.Size([256]), torch.Size([256]), torch.Size([256, 256, 3, 3]), torch.Size([256]), torch.Size([256]), torch.Size([1024, 256, 1, 1]), torch.Size([1024]), torch.Size([1024]), torch.Size([512, 1024, 1, 1]), torch.Size([512]), torch.Size([512]), torch.Size([512, 512, 3, 3]), torch.Size([512]), torch.Size([512]), torch.Size([2048, 512, 1, 1]), torch.Size([2048]), torch.Size([2048]), torch.Size([2048, 1024, 1, 1]), torch.Size([2048]), torch.Size([2048]), torch.Size([512, 2048, 1, 1]), torch.Size([512]), torch.Size([512]), torch.Size([512, 512, 3, 3]), torch.Size([512]), torch.Size([512]), torch.Size([2048, 512, 1, 1]), torch.Size([2048]), torch.Size([2048]), torch.Size([512, 2048, 1, 1]), torch.Size([512]), torch.Size([512]), torch.Size([512, 512, 3, 3]), torch.Size([512]), torch.Size([512]), torch.Size([2048, 512, 1, 1]), torch.Size([2048]), torch.Size([2048]), torch.Size([10, 2048]), torch.Size([10])]
2026-08-08 20:34:31 [INFO] src.analysis.pyhessian: [PyHessian] layer1.0.conv2.weight: trace=1.3076 (32 iters)
[torch.Size([64, 3, 3, 3]), torch.Size([64]), torch.Size([64]), torch.Size([64, 64, 1, 1]), torch.Size([64]), torch.Size([64]), torch.Size([64, 64, 3, 3]), torch.Size([64]), torch.Size([64]), torch.Size([256, 64, 1, 1]), torch.Size([256]), torch.Size([256]), torch.Size([256, 64, 1, 1]), torch.Size([256]), torch.Size([256]), torch.Size([64, 256, 1, 1]), torch.Size([64]), torch.Size([64]), torch.Size([64, 64, 3, 3]), torch.Size([64]), torch.Size([64]), torch.Size([256, 64, 1, 1]), torch.Size([256]), torch.Size([256]), torch.Size([64, 256, 1, 1]), torch.Size([64]), torch.Size([64]), torch.Size([64, 64, 3, 3]), torch.Size([64]), torch.Size([64]), torch.Size([256, 64, 1, 1]), torch.Size([256]), torch.Size([256]), torch.Size([128, 256, 1, 1]), torch.Size([128]), torch.Size([128]), torch.Size([128, 128, 3, 3]), torch.Size([128]), torch.Size([128]), torch.Size([512, 128, 1, 1]), torch.Size([512]), torch.Size([512]), torch.Size([512, 256, 1, 1]), torch.Size([512]), torch.Size([512]), torch.Size([128, 512, 1, 1]), torch.Size([128]), torch.Size([128]), torch.Size([128, 128, 3, 3]), torch.Size([128]), torch.Size([128]), torch.Size([512, 128, 1, 1]), torch.Size([512]), torch.Size([512]), torch.Size([128, 512, 1, 1]), torch.Size([128]), torch.Size([128]), torch.Size([128, 128, 3, 3]), torch.Size([128]), torch.Size([128]), torch.Size([512, 128, 1, 1]), torch.Size([512]), torch.Size([512]), torch.Size([128, 512, 1, 1]), torch.Size([128]), torch.Size([128]), torch.Size([128, 128, 3, 3]), torch.Size([128]), torch.Size([128]), torch.Size([512, 128, 1, 1]), torch.Size([512]), torch.Size([512]), torch.Size([256, 512, 1, 1]), torch.Size([256]), torch.Size([256]), torch.Size([256, 256, 3, 3]), torch.Size([256]), torch.Size([256]), torch.Size([1024, 256, 1, 1]), torch.Size([1024]), torch.Size([1024]), torch.Size([1024, 512, 1, 1]), torch.Size([1024]), torch.Size([1024]), torch.Size([256, 1024, 1, 1]), torch.Size([256]), torch.Size([256]), torch.Size([256, 256, 3, 3]), torch.Size([256]), torch.Size([256]), torch.Size([1024, 256, 1, 1]), torch.Size([1024]), torch.Size([1024]), torch.Size([256, 1024, 1, 1]), torch.Size([256]), torch.Size([256]), torch.Size([256, 256, 3, 3]), torch.Size([256]), torch.Size([256]), torch.Size([1024, 256, 1, 1]), torch.Size([1024]), torch.Size([1024]), torch.Size([256, 1024, 1, 1]), torch.Size([256]), torch.Size([256]), torch.Size([256, 256, 3, 3]), torch.Size([256]), torch.Size([256]), torch.Size([1024, 256, 1, 1]), torch.Size([1024]), torch.Size([1024]), torch.Size([256, 1024, 1, 1]), torch.Size([256]), torch.Size([256]), torch.Size([256, 256, 3, 3]), torch.Size([256]), torch.Size([256]), torch.Size([1024, 256, 1, 1]), torch.Size([1024]), torch.Size([1024]), torch.Size([256, 1024, 1, 1]), torch.Size([256]), torch.Size([256]), torch.Size([256, 256, 3, 3]), torch.Size([256]), torch.Size([256]), torch.Size([1024, 256, 1, 1]), torch.Size([1024]), torch.Size([1024]), torch.Size([512, 1024, 1, 1]), torch.Size([512]), torch.Size([512]), torch.Size([512, 512, 3, 3]), torch.Size([512]), torch.Size([512]), torch.Size([2048, 512, 1, 1]), torch.Size([2048]), torch.Size([2048]), torch.Size([2048, 1024, 1, 1]), torch.Size([2048]), torch.Size([2048]), torch.Size([512, 2048, 1, 1]), torch.Size([512]), torch.Size([512]), torch.Size([512, 512, 3, 3]), torch.Size([512]), torch.Size([512]), torch.Size([2048, 512, 1, 1]), torch.Size([2048]), torch.Size([2048]), torch.Size([512, 2048, 1, 1]), torch.Size([512]), torch.Size([512]), torch.Size([512, 512, 3, 3]), torch.Size([512]), torch.Size([512]), torch.Size([2048, 512, 1, 1]), torch.Size([2048]), torch.Size([2048]), torch.Size([10, 2048]), torch.Size([10])]
2026-08-08 20:34:33 [INFO] src.analysis.pyhessian: [PyHessian] layer1.0.conv3.weight: trace=1.4561 (18 iters)
[torch.Size([64, 3, 3, 3]), torch.Size([64]), torch.Size([64]), torch.Size([64, 64, 1, 1]), torch.Size([64]), torch.Size([64]), torch.Size([64, 64, 3, 3]), torch.Size([64]), torch.Size([64]), torch.Size([256, 64, 1, 1]), torch.Size([256]), torch.Size([256]), torch.Size([256, 64, 1, 1]), torch.Size([256]), torch.Size([256]), torch.Size([64, 256, 1, 1]), torch.Size([64]), torch.Size([64]), torch.Size([64, 64, 3, 3]), torch.Size([64]), torch.Size([64]), torch.Size([256, 64, 1, 1]), torch.Size([256]), torch.Size([256]), torch.Size([64, 256, 1, 1]), torch.Size([64]), torch.Size([64]), torch.Size([64, 64, 3, 3]), torch.Size([64]), torch.Size([64]), torch.Size([256, 64, 1, 1]), torch.Size([256]), torch.Size([256]), torch.Size([128, 256, 1, 1]), torch.Size([128]), torch.Size([128]), torch.Size([128, 128, 3, 3]), torch.Size([128]), torch.Size([128]), torch.Size([512, 128, 1, 1]), torch.Size([512]), torch.Size([512]), torch.Size([512, 256, 1, 1]), torch.Size([512]), torch.Size([512]), torch.Size([128, 512, 1, 1]), torch.Size([128]), torch.Size([128]), torch.Size([128, 128, 3, 3]), torch.Size([128]), torch.Size([128]), torch.Size([512, 128, 1, 1]), torch.Size([512]), torch.Size([512]), torch.Size([128, 512, 1, 1]), torch.Size([128]), torch.Size([128]), torch.Size([128, 128, 3, 3]), torch.Size([128]), torch.Size([128]), torch.Size([512, 128, 1, 1]), torch.Size([512]), torch.Size([512]), torch.Size([128, 512, 1, 1]), torch.Size([128]), torch.Size([128]), torch.Size([128, 128, 3, 3]), torch.Size([128]), torch.Size([128]), torch.Size([512, 128, 1, 1]), torch.Size([512]), torch.Size([512]), torch.Size([256, 512, 1, 1]), torch.Size([256]), torch.Size([256]), torch.Size([256, 256, 3, 3]), torch.Size([256]), torch.Size([256]), torch.Size([1024, 256, 1, 1]), torch.Size([1024]), torch.Size([1024]), torch.Size([1024, 512, 1, 1]), torch.Size([1024]), torch.Size([1024]), torch.Size([256, 1024, 1, 1]), torch.Size([256]), torch.Size([256]), torch.Size([256, 256, 3, 3]), torch.Size([256]), torch.Size([256]), torch.Size([1024, 256, 1, 1]), torch.Size([1024]), torch.Size([1024]), torch.Size([256, 1024, 1, 1]), torch.Size([256]), torch.Size([256]), torch.Size([256, 256, 3, 3]), torch.Size([256]), torch.Size([256]), torch.Size([1024, 256, 1, 1]), torch.Size([1024]), torch.Size([1024]), torch.Size([256, 1024, 1, 1]), torch.Size([256]), torch.Size([256]), torch.Size([256, 256, 3, 3]), torch.Size([256]), torch.Size([256]), torch.Size([1024, 256, 1, 1]), torch.Size([1024]), torch.Size([1024]), torch.Size([256, 1024, 1, 1]), torch.Size([256]), torch.Size([256]), torch.Size([256, 256, 3, 3]), torch.Size([256]), torch.Size([256]), torch.Size([1024, 256, 1, 1]), torch.Size([1024]), torch.Size([1024]), torch.Size([256, 1024, 1, 1]), torch.Size([256]), torch.Size([256]), torch.Size([256, 256, 3, 3]), torch.Size([256]), torch.Size([256]), torch.Size([1024, 256, 1, 1]), torch.Size([1024]), torch.Size([1024]), torch.Size([512, 1024, 1, 1]), torch.Size([512]), torch.Size([512]), torch.Size([512, 512, 3, 3]), torch.Size([512]), torch.Size([512]), torch.Size([2048, 512, 1, 1]), torch.Size([2048]), torch.Size([2048]), torch.Size([2048, 1024, 1, 1]), torch.Size([2048]), torch.Size([2048]), torch.Size([512, 2048, 1, 1]), torch.Size([512]), torch.Size([512]), torch.Size([512, 512, 3, 3]), torch.Size([512]), torch.Size([512]), torch.Size([2048, 512, 1, 1]), torch.Size([2048]), torch.Size([2048]), torch.Size([512, 2048, 1, 1]), torch.Size([512]), torch.Size([512]), torch.Size([512, 512, 3, 3]), torch.Size([512]), torch.Size([512]), torch.Size([2048, 512, 1, 1]), torch.Size([2048]), torch.Size([2048]), torch.Size([10, 2048]), torch.Size([10])]
2026-08-08 20:34:39 [INFO] src.analysis.pyhessian: [PyHessian] layer1.0.downsample.0.weight: trace=14.7723 (42 iters)
[torch.Size([64, 3, 3, 3]), torch.Size([64]), torch.Size([64]), torch.Size([64, 64, 1, 1]), torch.Size([64]), torch.Size([64]), torch.Size([64, 64, 3, 3]), torch.Size([64]), torch.Size([64]), torch.Size([256, 64, 1, 1]), torch.Size([256]), torch.Size([256]), torch.Size([256, 64, 1, 1]), torch.Size([256]), torch.Size([256]), torch.Size([64, 256, 1, 1]), torch.Size([64]), torch.Size([64]), torch.Size([64, 64, 3, 3]), torch.Size([64]), torch.Size([64]), torch.Size([256, 64, 1, 1]), torch.Size([256]), torch.Size([256]), torch.Size([64, 256, 1, 1]), torch.Size([64]), torch.Size([64]), torch.Size([64, 64, 3, 3]), torch.Size([64]), torch.Size([64]), torch.Size([256, 64, 1, 1]), torch.Size([256]), torch.Size([256]), torch.Size([128, 256, 1, 1]), torch.Size([128]), torch.Size([128]), torch.Size([128, 128, 3, 3]), torch.Size([128]), torch.Size([128]), torch.Size([512, 128, 1, 1]), torch.Size([512]), torch.Size([512]), torch.Size([512, 256, 1, 1]), torch.Size([512]), torch.Size([512]), torch.Size([128, 512, 1, 1]), torch.Size([128]), torch.Size([128]), torch.Size([128, 128, 3, 3]), torch.Size([128]), torch.Size([128]), torch.Size([512, 128, 1, 1]), torch.Size([512]), torch.Size([512]), torch.Size([128, 512, 1, 1]), torch.Size([128]), torch.Size([128]), torch.Size([128, 128, 3, 3]), torch.Size([128]), torch.Size([128]), torch.Size([512, 128, 1, 1]), torch.Size([512]), torch.Size([512]), torch.Size([128, 512, 1, 1]), torch.Size([128]), torch.Size([128]), torch.Size([128, 128, 3, 3]), torch.Size([128]), torch.Size([128]), torch.Size([512, 128, 1, 1]), torch.Size([512]), torch.Size([512]), torch.Size([256, 512, 1, 1]), torch.Size([256]), torch.Size([256]), torch.Size([256, 256, 3, 3]), torch.Size([256]), torch.Size([256]), torch.Size([1024, 256, 1, 1]), torch.Size([1024]), torch.Size([1024]), torch.Size([1024, 512, 1, 1]), torch.Size([1024]), torch.Size([1024]), torch.Size([256, 1024, 1, 1]), torch.Size([256]), torch.Size([256]), torch.Size([256, 256, 3, 3]), torch.Size([256]), torch.Size([256]), torch.Size([1024, 256, 1, 1]), torch.Size([1024]), torch.Size([1024]), torch.Size([256, 1024, 1, 1]), torch.Size([256]), torch.Size([256]), torch.Size([256, 256, 3, 3]), torch.Size([256]), torch.Size([256]), torch.Size([1024, 256, 1, 1]), torch.Size([1024]), torch.Size([1024]), torch.Size([256, 1024, 1, 1]), torch.Size([256]), torch.Size([256]), torch.Size([256, 256, 3, 3]), torch.Size([256]), torch.Size([256]), torch.Size([1024, 256, 1, 1]), torch.Size([1024]), torch.Size([1024]), torch.Size([256, 1024, 1, 1]), torch.Size([256]), torch.Size([256]), torch.Size([256, 256, 3, 3]), torch.Size([256]), torch.Size([256]), torch.Size([1024, 256, 1, 1]), torch.Size([1024]), torch.Size([1024]), torch.Size([256, 1024, 1, 1]), torch.Size([256]), torch.Size([256]), torch.Size([256, 256, 3, 3]), torch.Size([256]), torch.Size([256]), torch.Size([1024, 256, 1, 1]), torch.Size([1024]), torch.Size([1024]), torch.Size([512, 1024, 1, 1]), torch.Size([512]), torch.Size([512]), torch.Size([512, 512, 3, 3]), torch.Size([512]), torch.Size([512]), torch.Size([2048, 512, 1, 1]), torch.Size([2048]), torch.Size([2048]), torch.Size([2048, 1024, 1, 1]), torch.Size([2048]), torch.Size([2048]), torch.Size([512, 2048, 1, 1]), torch.Size([512]), torch.Size([512]), torch.Size([512, 512, 3, 3]), torch.Size([512]), torch.Size([512]), torch.Size([2048, 512, 1, 1]), torch.Size([2048]), torch.Size([2048]), torch.Size([512, 2048, 1, 1]), torch.Size([512]), torch.Size([512]), torch.Size([512, 512, 3, 3]), torch.Size([512]), torch.Size([512]), torch.Size([2048, 512, 1, 1]), torch.Size([2048]), torch.Size([2048]), torch.Size([10, 2048]), torch.Size([10])]
2026-08-08 20:34:42 [INFO] src.analysis.pyhessian: [PyHessian] layer1.1.conv1.weight: trace=3.7675 (30 iters)
[torch.Size([64, 3, 3, 3]), torch.Size([64]), torch.Size([64]), torch.Size([64, 64, 1, 1]), torch.Size([64]), torch.Size([64]), torch.Size([64, 64, 3, 3]), torch.Size([64]), torch.Size([64]), torch.Size([256, 64, 1, 1]), torch.Size([256]), torch.Size([256]), torch.Size([256, 64, 1, 1]), torch.Size([256]), torch.Size([256]), torch.Size([64, 256, 1, 1]), torch.Size([64]), torch.Size([64]), torch.Size([64, 64, 3, 3]), torch.Size([64]), torch.Size([64]), torch.Size([256, 64, 1, 1]), torch.Size([256]), torch.Size([256]), torch.Size([64, 256, 1, 1]), torch.Size([64]), torch.Size([64]), torch.Size([64, 64, 3, 3]), torch.Size([64]), torch.Size([64]), torch.Size([256, 64, 1, 1]), torch.Size([256]), torch.Size([256]), torch.Size([128, 256, 1, 1]), torch.Size([128]), torch.Size([128]), torch.Size([128, 128, 3, 3]), torch.Size([128]), torch.Size([128]), torch.Size([512, 128, 1, 1]), torch.Size([512]), torch.Size([512]), torch.Size([512, 256, 1, 1]), torch.Size([512]), torch.Size([512]), torch.Size([128, 512, 1, 1]), torch.Size([128]), torch.Size([128]), torch.Size([128, 128, 3, 3]), torch.Size([128]), torch.Size([128]), torch.Size([512, 128, 1, 1]), torch.Size([512]), torch.Size([512]), torch.Size([128, 512, 1, 1]), torch.Size([128]), torch.Size([128]), torch.Size([128, 128, 3, 3]), torch.Size([128]), torch.Size([128]), torch.Size([512, 128, 1, 1]), torch.Size([512]), torch.Size([512]), torch.Size([128, 512, 1, 1]), torch.Size([128]), torch.Size([128]), torch.Size([128, 128, 3, 3]), torch.Size([128]), torch.Size([128]), torch.Size([512, 128, 1, 1]), torch.Size([512]), torch.Size([512]), torch.Size([256, 512, 1, 1]), torch.Size([256]), torch.Size([256]), torch.Size([256, 256, 3, 3]), torch.Size([256]), torch.Size([256]), torch.Size([1024, 256, 1, 1]), torch.Size([1024]), torch.Size([1024]), torch.Size([1024, 512, 1, 1]), torch.Size([1024]), torch.Size([1024]), torch.Size([256, 1024, 1, 1]), torch.Size([256]), torch.Size([256]), torch.Size([256, 256, 3, 3]), torch.Size([256]), torch.Size([256]), torch.Size([1024, 256, 1, 1]), torch.Size([1024]), torch.Size([1024]), torch.Size([256, 1024, 1, 1]), torch.Size([256]), torch.Size([256]), torch.Size([256, 256, 3, 3]), torch.Size([256]), torch.Size([256]), torch.Size([1024, 256, 1, 1]), torch.Size([1024]), torch.Size([1024]), torch.Size([256, 1024, 1, 1]), torch.Size([256]), torch.Size([256]), torch.Size([256, 256, 3, 3]), torch.Size([256]), torch.Size([256]), torch.Size([1024, 256, 1, 1]), torch.Size([1024]), torch.Size([1024]), torch.Size([256, 1024, 1, 1]), torch.Size([256]), torch.Size([256]), torch.Size([256, 256, 3, 3]), torch.Size([256]), torch.Size([256]), torch.Size([1024, 256, 1, 1]), torch.Size([1024]), torch.Size([1024]), torch.Size([256, 1024, 1, 1]), torch.Size([256]), torch.Size([256]), torch.Size([256, 256, 3, 3]), torch.Size([256]), torch.Size([256]), torch.Size([1024, 256, 1, 1]), torch.Size([1024]), torch.Size([1024]), torch.Size([512, 1024, 1, 1]), torch.Size([512]), torch.Size([512]), torch.Size([512, 512, 3, 3]), torch.Size([512]), torch.Size([512]), torch.Size([2048, 512, 1, 1]), torch.Size([2048]), torch.Size([2048]), torch.Size([2048, 1024, 1, 1]), torch.Size([2048]), torch.Size([2048]), torch.Size([512, 2048, 1, 1]), torch.Size([512]), torch.Size([512]), torch.Size([512, 512, 3, 3]), torch.Size([512]), torch.Size([512]), torch.Size([2048, 512, 1, 1]), torch.Size([2048]), torch.Size([2048]), torch.Size([512, 2048, 1, 1]), torch.Size([512]), torch.Size([512]), torch.Size([512, 512, 3, 3]), torch.Size([512]), torch.Size([512]), torch.Size([2048, 512, 1, 1]), torch.Size([2048]), torch.Size([2048]), torch.Size([10, 2048]), torch.Size([10])]
2026-08-08 20:34:49 [INFO] src.analysis.pyhessian: [PyHessian] layer1.1.conv2.weight: trace=6.5474 (57 iters)
[torch.Size([64, 3, 3, 3]), torch.Size([64]), torch.Size([64]), torch.Size([64, 64, 1, 1]), torch.Size([64]), torch.Size([64]), torch.Size([64, 64, 3, 3]), torch.Size([64]), torch.Size([64]), torch.Size([256, 64, 1, 1]), torch.Size([256]), torch.Size([256]), torch.Size([256, 64, 1, 1]), torch.Size([256]), torch.Size([256]), torch.Size([64, 256, 1, 1]), torch.Size([64]), torch.Size([64]), torch.Size([64, 64, 3, 3]), torch.Size([64]), torch.Size([64]), torch.Size([256, 64, 1, 1]), torch.Size([256]), torch.Size([256]), torch.Size([64, 256, 1, 1]), torch.Size([64]), torch.Size([64]), torch.Size([64, 64, 3, 3]), torch.Size([64]), torch.Size([64]), torch.Size([256, 64, 1, 1]), torch.Size([256]), torch.Size([256]), torch.Size([128, 256, 1, 1]), torch.Size([128]), torch.Size([128]), torch.Size([128, 128, 3, 3]), torch.Size([128]), torch.Size([128]), torch.Size([512, 128, 1, 1]), torch.Size([512]), torch.Size([512]), torch.Size([512, 256, 1, 1]), torch.Size([512]), torch.Size([512]), torch.Size([128, 512, 1, 1]), torch.Size([128]), torch.Size([128]), torch.Size([128, 128, 3, 3]), torch.Size([128]), torch.Size([128]), torch.Size([512, 128, 1, 1]), torch.Size([512]), torch.Size([512]), torch.Size([128, 512, 1, 1]), torch.Size([128]), torch.Size([128]), torch.Size([128, 128, 3, 3]), torch.Size([128]), torch.Size([128]), torch.Size([512, 128, 1, 1]), torch.Size([512]), torch.Size([512]), torch.Size([128, 512, 1, 1]), torch.Size([128]), torch.Size([128]), torch.Size([128, 128, 3, 3]), torch.Size([128]), torch.Size([128]), torch.Size([512, 128, 1, 1]), torch.Size([512]), torch.Size([512]), torch.Size([256, 512, 1, 1]), torch.Size([256]), torch.Size([256]), torch.Size([256, 256, 3, 3]), torch.Size([256]), torch.Size([256]), torch.Size([1024, 256, 1, 1]), torch.Size([1024]), torch.Size([1024]), torch.Size([1024, 512, 1, 1]), torch.Size([1024]), torch.Size([1024]), torch.Size([256, 1024, 1, 1]), torch.Size([256]), torch.Size([256]), torch.Size([256, 256, 3, 3]), torch.Size([256]), torch.Size([256]), torch.Size([1024, 256, 1, 1]), torch.Size([1024]), torch.Size([1024]), torch.Size([256, 1024, 1, 1]), torch.Size([256]), torch.Size([256]), torch.Size([256, 256, 3, 3]), torch.Size([256]), torch.Size([256]), torch.Size([1024, 256, 1, 1]), torch.Size([1024]), torch.Size([1024]), torch.Size([256, 1024, 1, 1]), torch.Size([256]), torch.Size([256]), torch.Size([256, 256, 3, 3]), torch.Size([256]), torch.Size([256]), torch.Size([1024, 256, 1, 1]), torch.Size([1024]), torch.Size([1024]), torch.Size([256, 1024, 1, 1]), torch.Size([256]), torch.Size([256]), torch.Size([256, 256, 3, 3]), torch.Size([256]), torch.Size([256]), torch.Size([1024, 256, 1, 1]), torch.Size([1024]), torch.Size([1024]), torch.Size([256, 1024, 1, 1]), torch.Size([256]), torch.Size([256]), torch.Size([256, 256, 3, 3]), torch.Size([256]), torch.Size([256]), torch.Size([1024, 256, 1, 1]), torch.Size([1024]), torch.Size([1024]), torch.Size([512, 1024, 1, 1]), torch.Size([512]), torch.Size([512]), torch.Size([512, 512, 3, 3]), torch.Size([512]), torch.Size([512]), torch.Size([2048, 512, 1, 1]), torch.Size([2048]), torch.Size([2048]), torch.Size([2048, 1024, 1, 1]), torch.Size([2048]), torch.Size([2048]), torch.Size([512, 2048, 1, 1]), torch.Size([512]), torch.Size([512]), torch.Size([512, 512, 3, 3]), torch.Size([512]), torch.Size([512]), torch.Size([2048, 512, 1, 1]), torch.Size([2048]), torch.Size([2048]), torch.Size([512, 2048, 1, 1]), torch.Size([512]), torch.Size([512]), torch.Size([512, 512, 3, 3]), torch.Size([512]), torch.Size([512]), torch.Size([2048, 512, 1, 1]), torch.Size([2048]), torch.Size([2048]), torch.Size([10, 2048]), torch.Size([10])]
2026-08-08 20:34:51 [INFO] src.analysis.pyhessian: [PyHessian] layer1.1.conv3.weight: trace=5.0385 (11 iters)
[torch.Size([64, 3, 3, 3]), torch.Size([64]), torch.Size([64]), torch.Size([64, 64, 1, 1]), torch.Size([64]), torch.Size([64]), torch.Size([64, 64, 3, 3]), torch.Size([64]), torch.Size([64]), torch.Size([256, 64, 1, 1]), torch.Size([256]), torch.Size([256]), torch.Size([256, 64, 1, 1]), torch.Size([256]), torch.Size([256]), torch.Size([64, 256, 1, 1]), torch.Size([64]), torch.Size([64]), torch.Size([64, 64, 3, 3]), torch.Size([64]), torch.Size([64]), torch.Size([256, 64, 1, 1]), torch.Size([256]), torch.Size([256]), torch.Size([64, 256, 1, 1]), torch.Size([64]), torch.Size([64]), torch.Size([64, 64, 3, 3]), torch.Size([64]), torch.Size([64]), torch.Size([256, 64, 1, 1]), torch.Size([256]), torch.Size([256]), torch.Size([128, 256, 1, 1]), torch.Size([128]), torch.Size([128]), torch.Size([128, 128, 3, 3]), torch.Size([128]), torch.Size([128]), torch.Size([512, 128, 1, 1]), torch.Size([512]), torch.Size([512]), torch.Size([512, 256, 1, 1]), torch.Size([512]), torch.Size([512]), torch.Size([128, 512, 1, 1]), torch.Size([128]), torch.Size([128]), torch.Size([128, 128, 3, 3]), torch.Size([128]), torch.Size([128]), torch.Size([512, 128, 1, 1]), torch.Size([512]), torch.Size([512]), torch.Size([128, 512, 1, 1]), torch.Size([128]), torch.Size([128]), torch.Size([128, 128, 3, 3]), torch.Size([128]), torch.Size([128]), torch.Size([512, 128, 1, 1]), torch.Size([512]), torch.Size([512]), torch.Size([128, 512, 1, 1]), torch.Size([128]), torch.Size([128]), torch.Size([128, 128, 3, 3]), torch.Size([128]), torch.Size([128]), torch.Size([512, 128, 1, 1]), torch.Size([512]), torch.Size([512]), torch.Size([256, 512, 1, 1]), torch.Size([256]), torch.Size([256]), torch.Size([256, 256, 3, 3]), torch.Size([256]), torch.Size([256]), torch.Size([1024, 256, 1, 1]), torch.Size([1024]), torch.Size([1024]), torch.Size([1024, 512, 1, 1]), torch.Size([1024]), torch.Size([1024]), torch.Size([256, 1024, 1, 1]), torch.Size([256]), torch.Size([256]), torch.Size([256, 256, 3, 3]), torch.Size([256]), torch.Size([256]), torch.Size([1024, 256, 1, 1]), torch.Size([1024]), torch.Size([1024]), torch.Size([256, 1024, 1, 1]), torch.Size([256]), torch.Size([256]), torch.Size([256, 256, 3, 3]), torch.Size([256]), torch.Size([256]), torch.Size([1024, 256, 1, 1]), torch.Size([1024]), torch.Size([1024]), torch.Size([256, 1024, 1, 1]), torch.Size([256]), torch.Size([256]), torch.Size([256, 256, 3, 3]), torch.Size([256]), torch.Size([256]), torch.Size([1024, 256, 1, 1]), torch.Size([1024]), torch.Size([1024]), torch.Size([256, 1024, 1, 1]), torch.Size([256]), torch.Size([256]), torch.Size([256, 256, 3, 3]), torch.Size([256]), torch.Size([256]), torch.Size([1024, 256, 1, 1]), torch.Size([1024]), torch.Size([1024]), torch.Size([256, 1024, 1, 1]), torch.Size([256]), torch.Size([256]), torch.Size([256, 256, 3, 3]), torch.Size([256]), torch.Size([256]), torch.Size([1024, 256, 1, 1]), torch.Size([1024]), torch.Size([1024]), torch.Size([512, 1024, 1, 1]), torch.Size([512]), torch.Size([512]), torch.Size([512, 512, 3, 3]), torch.Size([512]), torch.Size([512]), torch.Size([2048, 512, 1, 1]), torch.Size([2048]), torch.Size([2048]), torch.Size([2048, 1024, 1, 1]), torch.Size([2048]), torch.Size([2048]), torch.Size([512, 2048, 1, 1]), torch.Size([512]), torch.Size([512]), torch.Size([512, 512, 3, 3]), torch.Size([512]), torch.Size([512]), torch.Size([2048, 512, 1, 1]), torch.Size([2048]), torch.Size([2048]), torch.Size([512, 2048, 1, 1]), torch.Size([512]), torch.Size([512]), torch.Size([512, 512, 3, 3]), torch.Size([512]), torch.Size([512]), torch.Size([2048, 512, 1, 1]), torch.Size([2048]), torch.Size([2048]), torch.Size([10, 2048]), torch.Size([10])]
2026-08-08 20:34:54 [INFO] src.analysis.pyhessian: [PyHessian] layer1.2.conv1.weight: trace=2.1599 (32 iters)
[torch.Size([64, 3, 3, 3]), torch.Size([64]), torch.Size([64]), torch.Size([64, 64, 1, 1]), torch.Size([64]), torch.Size([64]), torch.Size([64, 64, 3, 3]), torch.Size([64]), torch.Size([64]), torch.Size([256, 64, 1, 1]), torch.Size([256]), torch.Size([256]), torch.Size([256, 64, 1, 1]), torch.Size([256]), torch.Size([256]), torch.Size([64, 256, 1, 1]), torch.Size([64]), torch.Size([64]), torch.Size([64, 64, 3, 3]), torch.Size([64]), torch.Size([64]), torch.Size([256, 64, 1, 1]), torch.Size([256]), torch.Size([256]), torch.Size([64, 256, 1, 1]), torch.Size([64]), torch.Size([64]), torch.Size([64, 64, 3, 3]), torch.Size([64]), torch.Size([64]), torch.Size([256, 64, 1, 1]), torch.Size([256]), torch.Size([256]), torch.Size([128, 256, 1, 1]), torch.Size([128]), torch.Size([128]), torch.Size([128, 128, 3, 3]), torch.Size([128]), torch.Size([128]), torch.Size([512, 128, 1, 1]), torch.Size([512]), torch.Size([512]), torch.Size([512, 256, 1, 1]), torch.Size([512]), torch.Size([512]), torch.Size([128, 512, 1, 1]), torch.Size([128]), torch.Size([128]), torch.Size([128, 128, 3, 3]), torch.Size([128]), torch.Size([128]), torch.Size([512, 128, 1, 1]), torch.Size([512]), torch.Size([512]), torch.Size([128, 512, 1, 1]), torch.Size([128]), torch.Size([128]), torch.Size([128, 128, 3, 3]), torch.Size([128]), torch.Size([128]), torch.Size([512, 128, 1, 1]), torch.Size([512]), torch.Size([512]), torch.Size([128, 512, 1, 1]), torch.Size([128]), torch.Size([128]), torch.Size([128, 128, 3, 3]), torch.Size([128]), torch.Size([128]), torch.Size([512, 128, 1, 1]), torch.Size([512]), torch.Size([512]), torch.Size([256, 512, 1, 1]), torch.Size([256]), torch.Size([256]), torch.Size([256, 256, 3, 3]), torch.Size([256]), torch.Size([256]), torch.Size([1024, 256, 1, 1]), torch.Size([1024]), torch.Size([1024]), torch.Size([1024, 512, 1, 1]), torch.Size([1024]), torch.Size([1024]), torch.Size([256, 1024, 1, 1]), torch.Size([256]), torch.Size([256]), torch.Size([256, 256, 3, 3]), torch.Size([256]), torch.Size([256]), torch.Size([1024, 256, 1, 1]), torch.Size([1024]), torch.Size([1024]), torch.Size([256, 1024, 1, 1]), torch.Size([256]), torch.Size([256]), torch.Size([256, 256, 3, 3]), torch.Size([256]), torch.Size([256]), torch.Size([1024, 256, 1, 1]), torch.Size([1024]), torch.Size([1024]), torch.Size([256, 1024, 1, 1]), torch.Size([256]), torch.Size([256]), torch.Size([256, 256, 3, 3]), torch.Size([256]), torch.Size([256]), torch.Size([1024, 256, 1, 1]), torch.Size([1024]), torch.Size([1024]), torch.Size([256, 1024, 1, 1]), torch.Size([256]), torch.Size([256]), torch.Size([256, 256, 3, 3]), torch.Size([256]), torch.Size([256]), torch.Size([1024, 256, 1, 1]), torch.Size([1024]), torch.Size([1024]), torch.Size([256, 1024, 1, 1]), torch.Size([256]), torch.Size([256]), torch.Size([256, 256, 3, 3]), torch.Size([256]), torch.Size([256]), torch.Size([1024, 256, 1, 1]), torch.Size([1024]), torch.Size([1024]), torch.Size([512, 1024, 1, 1]), torch.Size([512]), torch.Size([512]), torch.Size([512, 512, 3, 3]), torch.Size([512]), torch.Size([512]), torch.Size([2048, 512, 1, 1]), torch.Size([2048]), torch.Size([2048]), torch.Size([2048, 1024, 1, 1]), torch.Size([2048]), torch.Size([2048]), torch.Size([512, 2048, 1, 1]), torch.Size([512]), torch.Size([512]), torch.Size([512, 512, 3, 3]), torch.Size([512]), torch.Size([512]), torch.Size([2048, 512, 1, 1]), torch.Size([2048]), torch.Size([2048]), torch.Size([512, 2048, 1, 1]), torch.Size([512]), torch.Size([512]), torch.Size([512, 512, 3, 3]), torch.Size([512]), torch.Size([512]), torch.Size([2048, 512, 1, 1]), torch.Size([2048]), torch.Size([2048]), torch.Size([10, 2048]), torch.Size([10])]
2026-08-08 20:35:00 [INFO] src.analysis.pyhessian: [PyHessian] layer1.2.conv2.weight: trace=4.1675 (52 iters)
[torch.Size([64, 3, 3, 3]), torch.Size([64]), torch.Size([64]), torch.Size([64, 64, 1, 1]), torch.Size([64]), torch.Size([64]), torch.Size([64, 64, 3, 3]), torch.Size([64]), torch.Size([64]), torch.Size([256, 64, 1, 1]), torch.Size([256]), torch.Size([256]), torch.Size([256, 64, 1, 1]), torch.Size([256]), torch.Size([256]), torch.Size([64, 256, 1, 1]), torch.Size([64]), torch.Size([64]), torch.Size([64, 64, 3, 3]), torch.Size([64]), torch.Size([64]), torch.Size([256, 64, 1, 1]), torch.Size([256]), torch.Size([256]), torch.Size([64, 256, 1, 1]), torch.Size([64]), torch.Size([64]), torch.Size([64, 64, 3, 3]), torch.Size([64]), torch.Size([64]), torch.Size([256, 64, 1, 1]), torch.Size([256]), torch.Size([256]), torch.Size([128, 256, 1, 1]), torch.Size([128]), torch.Size([128]), torch.Size([128, 128, 3, 3]), torch.Size([128]), torch.Size([128]), torch.Size([512, 128, 1, 1]), torch.Size([512]), torch.Size([512]), torch.Size([512, 256, 1, 1]), torch.Size([512]), torch.Size([512]), torch.Size([128, 512, 1, 1]), torch.Size([128]), torch.Size([128]), torch.Size([128, 128, 3, 3]), torch.Size([128]), torch.Size([128]), torch.Size([512, 128, 1, 1]), torch.Size([512]), torch.Size([512]), torch.Size([128, 512, 1, 1]), torch.Size([128]), torch.Size([128]), torch.Size([128, 128, 3, 3]), torch.Size([128]), torch.Size([128]), torch.Size([512, 128, 1, 1]), torch.Size([512]), torch.Size([512]), torch.Size([128, 512, 1, 1]), torch.Size([128]), torch.Size([128]), torch.Size([128, 128, 3, 3]), torch.Size([128]), torch.Size([128]), torch.Size([512, 128, 1, 1]), torch.Size([512]), torch.Size([512]), torch.Size([256, 512, 1, 1]), torch.Size([256]), torch.Size([256]), torch.Size([256, 256, 3, 3]), torch.Size([256]), torch.Size([256]), torch.Size([1024, 256, 1, 1]), torch.Size([1024]), torch.Size([1024]), torch.Size([1024, 512, 1, 1]), torch.Size([1024]), torch.Size([1024]), torch.Size([256, 1024, 1, 1]), torch.Size([256]), torch.Size([256]), torch.Size([256, 256, 3, 3]), torch.Size([256]), torch.Size([256]), torch.Size([1024, 256, 1, 1]), torch.Size([1024]), torch.Size([1024]), torch.Size([256, 1024, 1, 1]), torch.Size([256]), torch.Size([256]), torch.Size([256, 256, 3, 3]), torch.Size([256]), torch.Size([256]), torch.Size([1024, 256, 1, 1]), torch.Size([1024]), torch.Size([1024]), torch.Size([256, 1024, 1, 1]), torch.Size([256]), torch.Size([256]), torch.Size([256, 256, 3, 3]), torch.Size([256]), torch.Size([256]), torch.Size([1024, 256, 1, 1]), torch.Size([1024]), torch.Size([1024]), torch.Size([256, 1024, 1, 1]), torch.Size([256]), torch.Size([256]), torch.Size([256, 256, 3, 3]), torch.Size([256]), torch.Size([256]), torch.Size([1024, 256, 1, 1]), torch.Size([1024]), torch.Size([1024]), torch.Size([256, 1024, 1, 1]), torch.Size([256]), torch.Size([256]), torch.Size([256, 256, 3, 3]), torch.Size([256]), torch.Size([256]), torch.Size([1024, 256, 1, 1]), torch.Size([1024]), torch.Size([1024]), torch.Size([512, 1024, 1, 1]), torch.Size([512]), torch.Size([512]), torch.Size([512, 512, 3, 3]), torch.Size([512]), torch.Size([512]), torch.Size([2048, 512, 1, 1]), torch.Size([2048]), torch.Size([2048]), torch.Size([2048, 1024, 1, 1]), torch.Size([2048]), torch.Size([2048]), torch.Size([512, 2048, 1, 1]), torch.Size([512]), torch.Size([512]), torch.Size([512, 512, 3, 3]), torch.Size([512]), torch.Size([512]), torch.Size([2048, 512, 1, 1]), torch.Size([2048]), torch.Size([2048]), torch.Size([512, 2048, 1, 1]), torch.Size([512]), torch.Size([512]), torch.Size([512, 512, 3, 3]), torch.Size([512]), torch.Size([512]), torch.Size([2048, 512, 1, 1]), torch.Size([2048]), torch.Size([2048]), torch.Size([10, 2048]), torch.Size([10])]
2026-08-08 20:35:03 [INFO] src.analysis.pyhessian: [PyHessian] layer1.2.conv3.weight: trace=3.0268 (32 iters)
[torch.Size([64, 3, 3, 3]), torch.Size([64]), torch.Size([64]), torch.Size([64, 64, 1, 1]), torch.Size([64]), torch.Size([64]), torch.Size([64, 64, 3, 3]), torch.Size([64]), torch.Size([64]), torch.Size([256, 64, 1, 1]), torch.Size([256]), torch.Size([256]), torch.Size([256, 64, 1, 1]), torch.Size([256]), torch.Size([256]), torch.Size([64, 256, 1, 1]), torch.Size([64]), torch.Size([64]), torch.Size([64, 64, 3, 3]), torch.Size([64]), torch.Size([64]), torch.Size([256, 64, 1, 1]), torch.Size([256]), torch.Size([256]), torch.Size([64, 256, 1, 1]), torch.Size([64]), torch.Size([64]), torch.Size([64, 64, 3, 3]), torch.Size([64]), torch.Size([64]), torch.Size([256, 64, 1, 1]), torch.Size([256]), torch.Size([256]), torch.Size([128, 256, 1, 1]), torch.Size([128]), torch.Size([128]), torch.Size([128, 128, 3, 3]), torch.Size([128]), torch.Size([128]), torch.Size([512, 128, 1, 1]), torch.Size([512]), torch.Size([512]), torch.Size([512, 256, 1, 1]), torch.Size([512]), torch.Size([512]), torch.Size([128, 512, 1, 1]), torch.Size([128]), torch.Size([128]), torch.Size([128, 128, 3, 3]), torch.Size([128]), torch.Size([128]), torch.Size([512, 128, 1, 1]), torch.Size([512]), torch.Size([512]), torch.Size([128, 512, 1, 1]), torch.Size([128]), torch.Size([128]), torch.Size([128, 128, 3, 3]), torch.Size([128]), torch.Size([128]), torch.Size([512, 128, 1, 1]), torch.Size([512]), torch.Size([512]), torch.Size([128, 512, 1, 1]), torch.Size([128]), torch.Size([128]), torch.Size([128, 128, 3, 3]), torch.Size([128]), torch.Size([128]), torch.Size([512, 128, 1, 1]), torch.Size([512]), torch.Size([512]), torch.Size([256, 512, 1, 1]), torch.Size([256]), torch.Size([256]), torch.Size([256, 256, 3, 3]), torch.Size([256]), torch.Size([256]), torch.Size([1024, 256, 1, 1]), torch.Size([1024]), torch.Size([1024]), torch.Size([1024, 512, 1, 1]), torch.Size([1024]), torch.Size([1024]), torch.Size([256, 1024, 1, 1]), torch.Size([256]), torch.Size([256]), torch.Size([256, 256, 3, 3]), torch.Size([256]), torch.Size([256]), torch.Size([1024, 256, 1, 1]), torch.Size([1024]), torch.Size([1024]), torch.Size([256, 1024, 1, 1]), torch.Size([256]), torch.Size([256]), torch.Size([256, 256, 3, 3]), torch.Size([256]), torch.Size([256]), torch.Size([1024, 256, 1, 1]), torch.Size([1024]), torch.Size([1024]), torch.Size([256, 1024, 1, 1]), torch.Size([256]), torch.Size([256]), torch.Size([256, 256, 3, 3]), torch.Size([256]), torch.Size([256]), torch.Size([1024, 256, 1, 1]), torch.Size([1024]), torch.Size([1024]), torch.Size([256, 1024, 1, 1]), torch.Size([256]), torch.Size([256]), torch.Size([256, 256, 3, 3]), torch.Size([256]), torch.Size([256]), torch.Size([1024, 256, 1, 1]), torch.Size([1024]), torch.Size([1024]), torch.Size([256, 1024, 1, 1]), torch.Size([256]), torch.Size([256]), torch.Size([256, 256, 3, 3]), torch.Size([256]), torch.Size([256]), torch.Size([1024, 256, 1, 1]), torch.Size([1024]), torch.Size([1024]), torch.Size([512, 1024, 1, 1]), torch.Size([512]), torch.Size([512]), torch.Size([512, 512, 3, 3]), torch.Size([512]), torch.Size([512]), torch.Size([2048, 512, 1, 1]), torch.Size([2048]), torch.Size([2048]), torch.Size([2048, 1024, 1, 1]), torch.Size([2048]), torch.Size([2048]), torch.Size([512, 2048, 1, 1]), torch.Size([512]), torch.Size([512]), torch.Size([512, 512, 3, 3]), torch.Size([512]), torch.Size([512]), torch.Size([2048, 512, 1, 1]), torch.Size([2048]), torch.Size([2048]), torch.Size([512, 2048, 1, 1]), torch.Size([512]), torch.Size([512]), torch.Size([512, 512, 3, 3]), torch.Size([512]), torch.Size([512]), torch.Size([2048, 512, 1, 1]), torch.Size([2048]), torch.Size([2048]), torch.Size([10, 2048]), torch.Size([10])]
2026-08-08 20:35:06 [INFO] src.analysis.pyhessian: [PyHessian] layer2.0.conv1.weight: trace=12.9940 (33 iters)
[torch.Size([64, 3, 3, 3]), torch.Size([64]), torch.Size([64]), torch.Size([64, 64, 1, 1]), torch.Size([64]), torch.Size([64]), torch.Size([64, 64, 3, 3]), torch.Size([64]), torch.Size([64]), torch.Size([256, 64, 1, 1]), torch.Size([256]), torch.Size([256]), torch.Size([256, 64, 1, 1]), torch.Size([256]), torch.Size([256]), torch.Size([64, 256, 1, 1]), torch.Size([64]), torch.Size([64]), torch.Size([64, 64, 3, 3]), torch.Size([64]), torch.Size([64]), torch.Size([256, 64, 1, 1]), torch.Size([256]), torch.Size([256]), torch.Size([64, 256, 1, 1]), torch.Size([64]), torch.Size([64]), torch.Size([64, 64, 3, 3]), torch.Size([64]), torch.Size([64]), torch.Size([256, 64, 1, 1]), torch.Size([256]), torch.Size([256]), torch.Size([128, 256, 1, 1]), torch.Size([128]), torch.Size([128]), torch.Size([128, 128, 3, 3]), torch.Size([128]), torch.Size([128]), torch.Size([512, 128, 1, 1]), torch.Size([512]), torch.Size([512]), torch.Size([512, 256, 1, 1]), torch.Size([512]), torch.Size([512]), torch.Size([128, 512, 1, 1]), torch.Size([128]), torch.Size([128]), torch.Size([128, 128, 3, 3]), torch.Size([128]), torch.Size([128]), torch.Size([512, 128, 1, 1]), torch.Size([512]), torch.Size([512]), torch.Size([128, 512, 1, 1]), torch.Size([128]), torch.Size([128]), torch.Size([128, 128, 3, 3]), torch.Size([128]), torch.Size([128]), torch.Size([512, 128, 1, 1]), torch.Size([512]), torch.Size([512]), torch.Size([128, 512, 1, 1]), torch.Size([128]), torch.Size([128]), torch.Size([128, 128, 3, 3]), torch.Size([128]), torch.Size([128]), torch.Size([512, 128, 1, 1]), torch.Size([512]), torch.Size([512]), torch.Size([256, 512, 1, 1]), torch.Size([256]), torch.Size([256]), torch.Size([256, 256, 3, 3]), torch.Size([256]), torch.Size([256]), torch.Size([1024, 256, 1, 1]), torch.Size([1024]), torch.Size([1024]), torch.Size([1024, 512, 1, 1]), torch.Size([1024]), torch.Size([1024]), torch.Size([256, 1024, 1, 1]), torch.Size([256]), torch.Size([256]), torch.Size([256, 256, 3, 3]), torch.Size([256]), torch.Size([256]), torch.Size([1024, 256, 1, 1]), torch.Size([1024]), torch.Size([1024]), torch.Size([256, 1024, 1, 1]), torch.Size([256]), torch.Size([256]), torch.Size([256, 256, 3, 3]), torch.Size([256]), torch.Size([256]), torch.Size([1024, 256, 1, 1]), torch.Size([1024]), torch.Size([1024]), torch.Size([256, 1024, 1, 1]), torch.Size([256]), torch.Size([256]), torch.Size([256, 256, 3, 3]), torch.Size([256]), torch.Size([256]), torch.Size([1024, 256, 1, 1]), torch.Size([1024]), torch.Size([1024]), torch.Size([256, 1024, 1, 1]), torch.Size([256]), torch.Size([256]), torch.Size([256, 256, 3, 3]), torch.Size([256]), torch.Size([256]), torch.Size([1024, 256, 1, 1]), torch.Size([1024]), torch.Size([1024]), torch.Size([256, 1024, 1, 1]), torch.Size([256]), torch.Size([256]), torch.Size([256, 256, 3, 3]), torch.Size([256]), torch.Size([256]), torch.Size([1024, 256, 1, 1]), torch.Size([1024]), torch.Size([1024]), torch.Size([512, 1024, 1, 1]), torch.Size([512]), torch.Size([512]), torch.Size([512, 512, 3, 3]), torch.Size([512]), torch.Size([512]), torch.Size([2048, 512, 1, 1]), torch.Size([2048]), torch.Size([2048]), torch.Size([2048, 1024, 1, 1]), torch.Size([2048]), torch.Size([2048]), torch.Size([512, 2048, 1, 1]), torch.Size([512]), torch.Size([512]), torch.Size([512, 512, 3, 3]), torch.Size([512]), torch.Size([512]), torch.Size([2048, 512, 1, 1]), torch.Size([2048]), torch.Size([2048]), torch.Size([512, 2048, 1, 1]), torch.Size([512]), torch.Size([512]), torch.Size([512, 512, 3, 3]), torch.Size([512]), torch.Size([512]), torch.Size([2048, 512, 1, 1]), torch.Size([2048]), torch.Size([2048]), torch.Size([10, 2048]), torch.Size([10])]
2026-08-08 20:35:08 [INFO] src.analysis.pyhessian: [PyHessian] layer2.0.conv2.weight: trace=15.8011 (24 iters)
[torch.Size([64, 3, 3, 3]), torch.Size([64]), torch.Size([64]), torch.Size([64, 64, 1, 1]), torch.Size([64]), torch.Size([64]), torch.Size([64, 64, 3, 3]), torch.Size([64]), torch.Size([64]), torch.Size([256, 64, 1, 1]), torch.Size([256]), torch.Size([256]), torch.Size([256, 64, 1, 1]), torch.Size([256]), torch.Size([256]), torch.Size([64, 256, 1, 1]), torch.Size([64]), torch.Size([64]), torch.Size([64, 64, 3, 3]), torch.Size([64]), torch.Size([64]), torch.Size([256, 64, 1, 1]), torch.Size([256]), torch.Size([256]), torch.Size([64, 256, 1, 1]), torch.Size([64]), torch.Size([64]), torch.Size([64, 64, 3, 3]), torch.Size([64]), torch.Size([64]), torch.Size([256, 64, 1, 1]), torch.Size([256]), torch.Size([256]), torch.Size([128, 256, 1, 1]), torch.Size([128]), torch.Size([128]), torch.Size([128, 128, 3, 3]), torch.Size([128]), torch.Size([128]), torch.Size([512, 128, 1, 1]), torch.Size([512]), torch.Size([512]), torch.Size([512, 256, 1, 1]), torch.Size([512]), torch.Size([512]), torch.Size([128, 512, 1, 1]), torch.Size([128]), torch.Size([128]), torch.Size([128, 128, 3, 3]), torch.Size([128]), torch.Size([128]), torch.Size([512, 128, 1, 1]), torch.Size([512]), torch.Size([512]), torch.Size([128, 512, 1, 1]), torch.Size([128]), torch.Size([128]), torch.Size([128, 128, 3, 3]), torch.Size([128]), torch.Size([128]), torch.Size([512, 128, 1, 1]), torch.Size([512]), torch.Size([512]), torch.Size([128, 512, 1, 1]), torch.Size([128]), torch.Size([128]), torch.Size([128, 128, 3, 3]), torch.Size([128]), torch.Size([128]), torch.Size([512, 128, 1, 1]), torch.Size([512]), torch.Size([512]), torch.Size([256, 512, 1, 1]), torch.Size([256]), torch.Size([256]), torch.Size([256, 256, 3, 3]), torch.Size([256]), torch.Size([256]), torch.Size([1024, 256, 1, 1]), torch.Size([1024]), torch.Size([1024]), torch.Size([1024, 512, 1, 1]), torch.Size([1024]), torch.Size([1024]), torch.Size([256, 1024, 1, 1]), torch.Size([256]), torch.Size([256]), torch.Size([256, 256, 3, 3]), torch.Size([256]), torch.Size([256]), torch.Size([1024, 256, 1, 1]), torch.Size([1024]), torch.Size([1024]), torch.Size([256, 1024, 1, 1]), torch.Size([256]), torch.Size([256]), torch.Size([256, 256, 3, 3]), torch.Size([256]), torch.Size([256]), torch.Size([1024, 256, 1, 1]), torch.Size([1024]), torch.Size([1024]), torch.Size([256, 1024, 1, 1]), torch.Size([256]), torch.Size([256]), torch.Size([256, 256, 3, 3]), torch.Size([256]), torch.Size([256]), torch.Size([1024, 256, 1, 1]), torch.Size([1024]), torch.Size([1024]), torch.Size([256, 1024, 1, 1]), torch.Size([256]), torch.Size([256]), torch.Size([256, 256, 3, 3]), torch.Size([256]), torch.Size([256]), torch.Size([1024, 256, 1, 1]), torch.Size([1024]), torch.Size([1024]), torch.Size([256, 1024, 1, 1]), torch.Size([256]), torch.Size([256]), torch.Size([256, 256, 3, 3]), torch.Size([256]), torch.Size([256]), torch.Size([1024, 256, 1, 1]), torch.Size([1024]), torch.Size([1024]), torch.Size([512, 1024, 1, 1]), torch.Size([512]), torch.Size([512]), torch.Size([512, 512, 3, 3]), torch.Size([512]), torch.Size([512]), torch.Size([2048, 512, 1, 1]), torch.Size([2048]), torch.Size([2048]), torch.Size([2048, 1024, 1, 1]), torch.Size([2048]), torch.Size([2048]), torch.Size([512, 2048, 1, 1]), torch.Size([512]), torch.Size([512]), torch.Size([512, 512, 3, 3]), torch.Size([512]), torch.Size([512]), torch.Size([2048, 512, 1, 1]), torch.Size([2048]), torch.Size([2048]), torch.Size([512, 2048, 1, 1]), torch.Size([512]), torch.Size([512]), torch.Size([512, 512, 3, 3]), torch.Size([512]), torch.Size([512]), torch.Size([2048, 512, 1, 1]), torch.Size([2048]), torch.Size([2048]), torch.Size([10, 2048]), torch.Size([10])]
2026-08-08 20:35:10 [INFO] src.analysis.pyhessian: [PyHessian] layer2.0.conv3.weight: trace=12.8965 (16 iters)
[torch.Size([64, 3, 3, 3]), torch.Size([64]), torch.Size([64]), torch.Size([64, 64, 1, 1]), torch.Size([64]), torch.Size([64]), torch.Size([64, 64, 3, 3]), torch.Size([64]), torch.Size([64]), torch.Size([256, 64, 1, 1]), torch.Size([256]), torch.Size([256]), torch.Size([256, 64, 1, 1]), torch.Size([256]), torch.Size([256]), torch.Size([64, 256, 1, 1]), torch.Size([64]), torch.Size([64]), torch.Size([64, 64, 3, 3]), torch.Size([64]), torch.Size([64]), torch.Size([256, 64, 1, 1]), torch.Size([256]), torch.Size([256]), torch.Size([64, 256, 1, 1]), torch.Size([64]), torch.Size([64]), torch.Size([64, 64, 3, 3]), torch.Size([64]), torch.Size([64]), torch.Size([256, 64, 1, 1]), torch.Size([256]), torch.Size([256]), torch.Size([128, 256, 1, 1]), torch.Size([128]), torch.Size([128]), torch.Size([128, 128, 3, 3]), torch.Size([128]), torch.Size([128]), torch.Size([512, 128, 1, 1]), torch.Size([512]), torch.Size([512]), torch.Size([512, 256, 1, 1]), torch.Size([512]), torch.Size([512]), torch.Size([128, 512, 1, 1]), torch.Size([128]), torch.Size([128]), torch.Size([128, 128, 3, 3]), torch.Size([128]), torch.Size([128]), torch.Size([512, 128, 1, 1]), torch.Size([512]), torch.Size([512]), torch.Size([128, 512, 1, 1]), torch.Size([128]), torch.Size([128]), torch.Size([128, 128, 3, 3]), torch.Size([128]), torch.Size([128]), torch.Size([512, 128, 1, 1]), torch.Size([512]), torch.Size([512]), torch.Size([128, 512, 1, 1]), torch.Size([128]), torch.Size([128]), torch.Size([128, 128, 3, 3]), torch.Size([128]), torch.Size([128]), torch.Size([512, 128, 1, 1]), torch.Size([512]), torch.Size([512]), torch.Size([256, 512, 1, 1]), torch.Size([256]), torch.Size([256]), torch.Size([256, 256, 3, 3]), torch.Size([256]), torch.Size([256]), torch.Size([1024, 256, 1, 1]), torch.Size([1024]), torch.Size([1024]), torch.Size([1024, 512, 1, 1]), torch.Size([1024]), torch.Size([1024]), torch.Size([256, 1024, 1, 1]), torch.Size([256]), torch.Size([256]), torch.Size([256, 256, 3, 3]), torch.Size([256]), torch.Size([256]), torch.Size([1024, 256, 1, 1]), torch.Size([1024]), torch.Size([1024]), torch.Size([256, 1024, 1, 1]), torch.Size([256]), torch.Size([256]), torch.Size([256, 256, 3, 3]), torch.Size([256]), torch.Size([256]), torch.Size([1024, 256, 1, 1]), torch.Size([1024]), torch.Size([1024]), torch.Size([256, 1024, 1, 1]), torch.Size([256]), torch.Size([256]), torch.Size([256, 256, 3, 3]), torch.Size([256]), torch.Size([256]), torch.Size([1024, 256, 1, 1]), torch.Size([1024]), torch.Size([1024]), torch.Size([256, 1024, 1, 1]), torch.Size([256]), torch.Size([256]), torch.Size([256, 256, 3, 3]), torch.Size([256]), torch.Size([256]), torch.Size([1024, 256, 1, 1]), torch.Size([1024]), torch.Size([1024]), torch.Size([256, 1024, 1, 1]), torch.Size([256]), torch.Size([256]), torch.Size([256, 256, 3, 3]), torch.Size([256]), torch.Size([256]), torch.Size([1024, 256, 1, 1]), torch.Size([1024]), torch.Size([1024]), torch.Size([512, 1024, 1, 1]), torch.Size([512]), torch.Size([512]), torch.Size([512, 512, 3, 3]), torch.Size([512]), torch.Size([512]), torch.Size([2048, 512, 1, 1]), torch.Size([2048]), torch.Size([2048]), torch.Size([2048, 1024, 1, 1]), torch.Size([2048]), torch.Size([2048]), torch.Size([512, 2048, 1, 1]), torch.Size([512]), torch.Size([512]), torch.Size([512, 512, 3, 3]), torch.Size([512]), torch.Size([512]), torch.Size([2048, 512, 1, 1]), torch.Size([2048]), torch.Size([2048]), torch.Size([512, 2048, 1, 1]), torch.Size([512]), torch.Size([512]), torch.Size([512, 512, 3, 3]), torch.Size([512]), torch.Size([512]), torch.Size([2048, 512, 1, 1]), torch.Size([2048]), torch.Size([2048]), torch.Size([10, 2048]), torch.Size([10])]
2026-08-08 20:35:11 [INFO] src.analysis.pyhessian: [PyHessian] layer2.0.downsample.0.weight: trace=24.3175 (13 iters)
[torch.Size([64, 3, 3, 3]), torch.Size([64]), torch.Size([64]), torch.Size([64, 64, 1, 1]), torch.Size([64]), torch.Size([64]), torch.Size([64, 64, 3, 3]), torch.Size([64]), torch.Size([64]), torch.Size([256, 64, 1, 1]), torch.Size([256]), torch.Size([256]), torch.Size([256, 64, 1, 1]), torch.Size([256]), torch.Size([256]), torch.Size([64, 256, 1, 1]), torch.Size([64]), torch.Size([64]), torch.Size([64, 64, 3, 3]), torch.Size([64]), torch.Size([64]), torch.Size([256, 64, 1, 1]), torch.Size([256]), torch.Size([256]), torch.Size([64, 256, 1, 1]), torch.Size([64]), torch.Size([64]), torch.Size([64, 64, 3, 3]), torch.Size([64]), torch.Size([64]), torch.Size([256, 64, 1, 1]), torch.Size([256]), torch.Size([256]), torch.Size([128, 256, 1, 1]), torch.Size([128]), torch.Size([128]), torch.Size([128, 128, 3, 3]), torch.Size([128]), torch.Size([128]), torch.Size([512, 128, 1, 1]), torch.Size([512]), torch.Size([512]), torch.Size([512, 256, 1, 1]), torch.Size([512]), torch.Size([512]), torch.Size([128, 512, 1, 1]), torch.Size([128]), torch.Size([128]), torch.Size([128, 128, 3, 3]), torch.Size([128]), torch.Size([128]), torch.Size([512, 128, 1, 1]), torch.Size([512]), torch.Size([512]), torch.Size([128, 512, 1, 1]), torch.Size([128]), torch.Size([128]), torch.Size([128, 128, 3, 3]), torch.Size([128]), torch.Size([128]), torch.Size([512, 128, 1, 1]), torch.Size([512]), torch.Size([512]), torch.Size([128, 512, 1, 1]), torch.Size([128]), torch.Size([128]), torch.Size([128, 128, 3, 3]), torch.Size([128]), torch.Size([128]), torch.Size([512, 128, 1, 1]), torch.Size([512]), torch.Size([512]), torch.Size([256, 512, 1, 1]), torch.Size([256]), torch.Size([256]), torch.Size([256, 256, 3, 3]), torch.Size([256]), torch.Size([256]), torch.Size([1024, 256, 1, 1]), torch.Size([1024]), torch.Size([1024]), torch.Size([1024, 512, 1, 1]), torch.Size([1024]), torch.Size([1024]), torch.Size([256, 1024, 1, 1]), torch.Size([256]), torch.Size([256]), torch.Size([256, 256, 3, 3]), torch.Size([256]), torch.Size([256]), torch.Size([1024, 256, 1, 1]), torch.Size([1024]), torch.Size([1024]), torch.Size([256, 1024, 1, 1]), torch.Size([256]), torch.Size([256]), torch.Size([256, 256, 3, 3]), torch.Size([256]), torch.Size([256]), torch.Size([1024, 256, 1, 1]), torch.Size([1024]), torch.Size([1024]), torch.Size([256, 1024, 1, 1]), torch.Size([256]), torch.Size([256]), torch.Size([256, 256, 3, 3]), torch.Size([256]), torch.Size([256]), torch.Size([1024, 256, 1, 1]), torch.Size([1024]), torch.Size([1024]), torch.Size([256, 1024, 1, 1]), torch.Size([256]), torch.Size([256]), torch.Size([256, 256, 3, 3]), torch.Size([256]), torch.Size([256]), torch.Size([1024, 256, 1, 1]), torch.Size([1024]), torch.Size([1024]), torch.Size([256, 1024, 1, 1]), torch.Size([256]), torch.Size([256]), torch.Size([256, 256, 3, 3]), torch.Size([256]), torch.Size([256]), torch.Size([1024, 256, 1, 1]), torch.Size([1024]), torch.Size([1024]), torch.Size([512, 1024, 1, 1]), torch.Size([512]), torch.Size([512]), torch.Size([512, 512, 3, 3]), torch.Size([512]), torch.Size([512]), torch.Size([2048, 512, 1, 1]), torch.Size([2048]), torch.Size([2048]), torch.Size([2048, 1024, 1, 1]), torch.Size([2048]), torch.Size([2048]), torch.Size([512, 2048, 1, 1]), torch.Size([512]), torch.Size([512]), torch.Size([512, 512, 3, 3]), torch.Size([512]), torch.Size([512]), torch.Size([2048, 512, 1, 1]), torch.Size([2048]), torch.Size([2048]), torch.Size([512, 2048, 1, 1]), torch.Size([512]), torch.Size([512]), torch.Size([512, 512, 3, 3]), torch.Size([512]), torch.Size([512]), torch.Size([2048, 512, 1, 1]), torch.Size([2048]), torch.Size([2048]), torch.Size([10, 2048]), torch.Size([10])]
2026-08-08 20:35:14 [INFO] src.analysis.pyhessian: [PyHessian] layer2.1.conv1.weight: trace=3.1422 (28 iters)
[torch.Size([64, 3, 3, 3]), torch.Size([64]), torch.Size([64]), torch.Size([64, 64, 1, 1]), torch.Size([64]), torch.Size([64]), torch.Size([64, 64, 3, 3]), torch.Size([64]), torch.Size([64]), torch.Size([256, 64, 1, 1]), torch.Size([256]), torch.Size([256]), torch.Size([256, 64, 1, 1]), torch.Size([256]), torch.Size([256]), torch.Size([64, 256, 1, 1]), torch.Size([64]), torch.Size([64]), torch.Size([64, 64, 3, 3]), torch.Size([64]), torch.Size([64]), torch.Size([256, 64, 1, 1]), torch.Size([256]), torch.Size([256]), torch.Size([64, 256, 1, 1]), torch.Size([64]), torch.Size([64]), torch.Size([64, 64, 3, 3]), torch.Size([64]), torch.Size([64]), torch.Size([256, 64, 1, 1]), torch.Size([256]), torch.Size([256]), torch.Size([128, 256, 1, 1]), torch.Size([128]), torch.Size([128]), torch.Size([128, 128, 3, 3]), torch.Size([128]), torch.Size([128]), torch.Size([512, 128, 1, 1]), torch.Size([512]), torch.Size([512]), torch.Size([512, 256, 1, 1]), torch.Size([512]), torch.Size([512]), torch.Size([128, 512, 1, 1]), torch.Size([128]), torch.Size([128]), torch.Size([128, 128, 3, 3]), torch.Size([128]), torch.Size([128]), torch.Size([512, 128, 1, 1]), torch.Size([512]), torch.Size([512]), torch.Size([128, 512, 1, 1]), torch.Size([128]), torch.Size([128]), torch.Size([128, 128, 3, 3]), torch.Size([128]), torch.Size([128]), torch.Size([512, 128, 1, 1]), torch.Size([512]), torch.Size([512]), torch.Size([128, 512, 1, 1]), torch.Size([128]), torch.Size([128]), torch.Size([128, 128, 3, 3]), torch.Size([128]), torch.Size([128]), torch.Size([512, 128, 1, 1]), torch.Size([512]), torch.Size([512]), torch.Size([256, 512, 1, 1]), torch.Size([256]), torch.Size([256]), torch.Size([256, 256, 3, 3]), torch.Size([256]), torch.Size([256]), torch.Size([1024, 256, 1, 1]), torch.Size([1024]), torch.Size([1024]), torch.Size([1024, 512, 1, 1]), torch.Size([1024]), torch.Size([1024]), torch.Size([256, 1024, 1, 1]), torch.Size([256]), torch.Size([256]), torch.Size([256, 256, 3, 3]), torch.Size([256]), torch.Size([256]), torch.Size([1024, 256, 1, 1]), torch.Size([1024]), torch.Size([1024]), torch.Size([256, 1024, 1, 1]), torch.Size([256]), torch.Size([256]), torch.Size([256, 256, 3, 3]), torch.Size([256]), torch.Size([256]), torch.Size([1024, 256, 1, 1]), torch.Size([1024]), torch.Size([1024]), torch.Size([256, 1024, 1, 1]), torch.Size([256]), torch.Size([256]), torch.Size([256, 256, 3, 3]), torch.Size([256]), torch.Size([256]), torch.Size([1024, 256, 1, 1]), torch.Size([1024]), torch.Size([1024]), torch.Size([256, 1024, 1, 1]), torch.Size([256]), torch.Size([256]), torch.Size([256, 256, 3, 3]), torch.Size([256]), torch.Size([256]), torch.Size([1024, 256, 1, 1]), torch.Size([1024]), torch.Size([1024]), torch.Size([256, 1024, 1, 1]), torch.Size([256]), torch.Size([256]), torch.Size([256, 256, 3, 3]), torch.Size([256]), torch.Size([256]), torch.Size([1024, 256, 1, 1]), torch.Size([1024]), torch.Size([1024]), torch.Size([512, 1024, 1, 1]), torch.Size([512]), torch.Size([512]), torch.Size([512, 512, 3, 3]), torch.Size([512]), torch.Size([512]), torch.Size([2048, 512, 1, 1]), torch.Size([2048]), torch.Size([2048]), torch.Size([2048, 1024, 1, 1]), torch.Size([2048]), torch.Size([2048]), torch.Size([512, 2048, 1, 1]), torch.Size([512]), torch.Size([512]), torch.Size([512, 512, 3, 3]), torch.Size([512]), torch.Size([512]), torch.Size([2048, 512, 1, 1]), torch.Size([2048]), torch.Size([2048]), torch.Size([512, 2048, 1, 1]), torch.Size([512]), torch.Size([512]), torch.Size([512, 512, 3, 3]), torch.Size([512]), torch.Size([512]), torch.Size([2048, 512, 1, 1]), torch.Size([2048]), torch.Size([2048]), torch.Size([10, 2048]), torch.Size([10])]
2026-08-08 20:35:16 [INFO] src.analysis.pyhessian: [PyHessian] layer2.1.conv2.weight: trace=8.1185 (34 iters)
[torch.Size([64, 3, 3, 3]), torch.Size([64]), torch.Size([64]), torch.Size([64, 64, 1, 1]), torch.Size([64]), torch.Size([64]), torch.Size([64, 64, 3, 3]), torch.Size([64]), torch.Size([64]), torch.Size([256, 64, 1, 1]), torch.Size([256]), torch.Size([256]), torch.Size([256, 64, 1, 1]), torch.Size([256]), torch.Size([256]), torch.Size([64, 256, 1, 1]), torch.Size([64]), torch.Size([64]), torch.Size([64, 64, 3, 3]), torch.Size([64]), torch.Size([64]), torch.Size([256, 64, 1, 1]), torch.Size([256]), torch.Size([256]), torch.Size([64, 256, 1, 1]), torch.Size([64]), torch.Size([64]), torch.Size([64, 64, 3, 3]), torch.Size([64]), torch.Size([64]), torch.Size([256, 64, 1, 1]), torch.Size([256]), torch.Size([256]), torch.Size([128, 256, 1, 1]), torch.Size([128]), torch.Size([128]), torch.Size([128, 128, 3, 3]), torch.Size([128]), torch.Size([128]), torch.Size([512, 128, 1, 1]), torch.Size([512]), torch.Size([512]), torch.Size([512, 256, 1, 1]), torch.Size([512]), torch.Size([512]), torch.Size([128, 512, 1, 1]), torch.Size([128]), torch.Size([128]), torch.Size([128, 128, 3, 3]), torch.Size([128]), torch.Size([128]), torch.Size([512, 128, 1, 1]), torch.Size([512]), torch.Size([512]), torch.Size([128, 512, 1, 1]), torch.Size([128]), torch.Size([128]), torch.Size([128, 128, 3, 3]), torch.Size([128]), torch.Size([128]), torch.Size([512, 128, 1, 1]), torch.Size([512]), torch.Size([512]), torch.Size([128, 512, 1, 1]), torch.Size([128]), torch.Size([128]), torch.Size([128, 128, 3, 3]), torch.Size([128]), torch.Size([128]), torch.Size([512, 128, 1, 1]), torch.Size([512]), torch.Size([512]), torch.Size([256, 512, 1, 1]), torch.Size([256]), torch.Size([256]), torch.Size([256, 256, 3, 3]), torch.Size([256]), torch.Size([256]), torch.Size([1024, 256, 1, 1]), torch.Size([1024]), torch.Size([1024]), torch.Size([1024, 512, 1, 1]), torch.Size([1024]), torch.Size([1024]), torch.Size([256, 1024, 1, 1]), torch.Size([256]), torch.Size([256]), torch.Size([256, 256, 3, 3]), torch.Size([256]), torch.Size([256]), torch.Size([1024, 256, 1, 1]), torch.Size([1024]), torch.Size([1024]), torch.Size([256, 1024, 1, 1]), torch.Size([256]), torch.Size([256]), torch.Size([256, 256, 3, 3]), torch.Size([256]), torch.Size([256]), torch.Size([1024, 256, 1, 1]), torch.Size([1024]), torch.Size([1024]), torch.Size([256, 1024, 1, 1]), torch.Size([256]), torch.Size([256]), torch.Size([256, 256, 3, 3]), torch.Size([256]), torch.Size([256]), torch.Size([1024, 256, 1, 1]), torch.Size([1024]), torch.Size([1024]), torch.Size([256, 1024, 1, 1]), torch.Size([256]), torch.Size([256]), torch.Size([256, 256, 3, 3]), torch.Size([256]), torch.Size([256]), torch.Size([1024, 256, 1, 1]), torch.Size([1024]), torch.Size([1024]), torch.Size([256, 1024, 1, 1]), torch.Size([256]), torch.Size([256]), torch.Size([256, 256, 3, 3]), torch.Size([256]), torch.Size([256]), torch.Size([1024, 256, 1, 1]), torch.Size([1024]), torch.Size([1024]), torch.Size([512, 1024, 1, 1]), torch.Size([512]), torch.Size([512]), torch.Size([512, 512, 3, 3]), torch.Size([512]), torch.Size([512]), torch.Size([2048, 512, 1, 1]), torch.Size([2048]), torch.Size([2048]), torch.Size([2048, 1024, 1, 1]), torch.Size([2048]), torch.Size([2048]), torch.Size([512, 2048, 1, 1]), torch.Size([512]), torch.Size([512]), torch.Size([512, 512, 3, 3]), torch.Size([512]), torch.Size([512]), torch.Size([2048, 512, 1, 1]), torch.Size([2048]), torch.Size([2048]), torch.Size([512, 2048, 1, 1]), torch.Size([512]), torch.Size([512]), torch.Size([512, 512, 3, 3]), torch.Size([512]), torch.Size([512]), torch.Size([2048, 512, 1, 1]), torch.Size([2048]), torch.Size([2048]), torch.Size([10, 2048]), torch.Size([10])]
2026-08-08 20:35:18 [INFO] src.analysis.pyhessian: [PyHessian] layer2.1.conv3.weight: trace=8.8488 (13 iters)
[torch.Size([64, 3, 3, 3]), torch.Size([64]), torch.Size([64]), torch.Size([64, 64, 1, 1]), torch.Size([64]), torch.Size([64]), torch.Size([64, 64, 3, 3]), torch.Size([64]), torch.Size([64]), torch.Size([256, 64, 1, 1]), torch.Size([256]), torch.Size([256]), torch.Size([256, 64, 1, 1]), torch.Size([256]), torch.Size([256]), torch.Size([64, 256, 1, 1]), torch.Size([64]), torch.Size([64]), torch.Size([64, 64, 3, 3]), torch.Size([64]), torch.Size([64]), torch.Size([256, 64, 1, 1]), torch.Size([256]), torch.Size([256]), torch.Size([64, 256, 1, 1]), torch.Size([64]), torch.Size([64]), torch.Size([64, 64, 3, 3]), torch.Size([64]), torch.Size([64]), torch.Size([256, 64, 1, 1]), torch.Size([256]), torch.Size([256]), torch.Size([128, 256, 1, 1]), torch.Size([128]), torch.Size([128]), torch.Size([128, 128, 3, 3]), torch.Size([128]), torch.Size([128]), torch.Size([512, 128, 1, 1]), torch.Size([512]), torch.Size([512]), torch.Size([512, 256, 1, 1]), torch.Size([512]), torch.Size([512]), torch.Size([128, 512, 1, 1]), torch.Size([128]), torch.Size([128]), torch.Size([128, 128, 3, 3]), torch.Size([128]), torch.Size([128]), torch.Size([512, 128, 1, 1]), torch.Size([512]), torch.Size([512]), torch.Size([128, 512, 1, 1]), torch.Size([128]), torch.Size([128]), torch.Size([128, 128, 3, 3]), torch.Size([128]), torch.Size([128]), torch.Size([512, 128, 1, 1]), torch.Size([512]), torch.Size([512]), torch.Size([128, 512, 1, 1]), torch.Size([128]), torch.Size([128]), torch.Size([128, 128, 3, 3]), torch.Size([128]), torch.Size([128]), torch.Size([512, 128, 1, 1]), torch.Size([512]), torch.Size([512]), torch.Size([256, 512, 1, 1]), torch.Size([256]), torch.Size([256]), torch.Size([256, 256, 3, 3]), torch.Size([256]), torch.Size([256]), torch.Size([1024, 256, 1, 1]), torch.Size([1024]), torch.Size([1024]), torch.Size([1024, 512, 1, 1]), torch.Size([1024]), torch.Size([1024]), torch.Size([256, 1024, 1, 1]), torch.Size([256]), torch.Size([256]), torch.Size([256, 256, 3, 3]), torch.Size([256]), torch.Size([256]), torch.Size([1024, 256, 1, 1]), torch.Size([1024]), torch.Size([1024]), torch.Size([256, 1024, 1, 1]), torch.Size([256]), torch.Size([256]), torch.Size([256, 256, 3, 3]), torch.Size([256]), torch.Size([256]), torch.Size([1024, 256, 1, 1]), torch.Size([1024]), torch.Size([1024]), torch.Size([256, 1024, 1, 1]), torch.Size([256]), torch.Size([256]), torch.Size([256, 256, 3, 3]), torch.Size([256]), torch.Size([256]), torch.Size([1024, 256, 1, 1]), torch.Size([1024]), torch.Size([1024]), torch.Size([256, 1024, 1, 1]), torch.Size([256]), torch.Size([256]), torch.Size([256, 256, 3, 3]), torch.Size([256]), torch.Size([256]), torch.Size([1024, 256, 1, 1]), torch.Size([1024]), torch.Size([1024]), torch.Size([256, 1024, 1, 1]), torch.Size([256]), torch.Size([256]), torch.Size([256, 256, 3, 3]), torch.Size([256]), torch.Size([256]), torch.Size([1024, 256, 1, 1]), torch.Size([1024]), torch.Size([1024]), torch.Size([512, 1024, 1, 1]), torch.Size([512]), torch.Size([512]), torch.Size([512, 512, 3, 3]), torch.Size([512]), torch.Size([512]), torch.Size([2048, 512, 1, 1]), torch.Size([2048]), torch.Size([2048]), torch.Size([2048, 1024, 1, 1]), torch.Size([2048]), torch.Size([2048]), torch.Size([512, 2048, 1, 1]), torch.Size([512]), torch.Size([512]), torch.Size([512, 512, 3, 3]), torch.Size([512]), torch.Size([512]), torch.Size([2048, 512, 1, 1]), torch.Size([2048]), torch.Size([2048]), torch.Size([512, 2048, 1, 1]), torch.Size([512]), torch.Size([512]), torch.Size([512, 512, 3, 3]), torch.Size([512]), torch.Size([512]), torch.Size([2048, 512, 1, 1]), torch.Size([2048]), torch.Size([2048]), torch.Size([10, 2048]), torch.Size([10])]
2026-08-08 20:35:21 [INFO] src.analysis.pyhessian: [PyHessian] layer2.2.conv1.weight: trace=2.3777 (47 iters)
[torch.Size([64, 3, 3, 3]), torch.Size([64]), torch.Size([64]), torch.Size([64, 64, 1, 1]), torch.Size([64]), torch.Size([64]), torch.Size([64, 64, 3, 3]), torch.Size([64]), torch.Size([64]), torch.Size([256, 64, 1, 1]), torch.Size([256]), torch.Size([256]), torch.Size([256, 64, 1, 1]), torch.Size([256]), torch.Size([256]), torch.Size([64, 256, 1, 1]), torch.Size([64]), torch.Size([64]), torch.Size([64, 64, 3, 3]), torch.Size([64]), torch.Size([64]), torch.Size([256, 64, 1, 1]), torch.Size([256]), torch.Size([256]), torch.Size([64, 256, 1, 1]), torch.Size([64]), torch.Size([64]), torch.Size([64, 64, 3, 3]), torch.Size([64]), torch.Size([64]), torch.Size([256, 64, 1, 1]), torch.Size([256]), torch.Size([256]), torch.Size([128, 256, 1, 1]), torch.Size([128]), torch.Size([128]), torch.Size([128, 128, 3, 3]), torch.Size([128]), torch.Size([128]), torch.Size([512, 128, 1, 1]), torch.Size([512]), torch.Size([512]), torch.Size([512, 256, 1, 1]), torch.Size([512]), torch.Size([512]), torch.Size([128, 512, 1, 1]), torch.Size([128]), torch.Size([128]), torch.Size([128, 128, 3, 3]), torch.Size([128]), torch.Size([128]), torch.Size([512, 128, 1, 1]), torch.Size([512]), torch.Size([512]), torch.Size([128, 512, 1, 1]), torch.Size([128]), torch.Size([128]), torch.Size([128, 128, 3, 3]), torch.Size([128]), torch.Size([128]), torch.Size([512, 128, 1, 1]), torch.Size([512]), torch.Size([512]), torch.Size([128, 512, 1, 1]), torch.Size([128]), torch.Size([128]), torch.Size([128, 128, 3, 3]), torch.Size([128]), torch.Size([128]), torch.Size([512, 128, 1, 1]), torch.Size([512]), torch.Size([512]), torch.Size([256, 512, 1, 1]), torch.Size([256]), torch.Size([256]), torch.Size([256, 256, 3, 3]), torch.Size([256]), torch.Size([256]), torch.Size([1024, 256, 1, 1]), torch.Size([1024]), torch.Size([1024]), torch.Size([1024, 512, 1, 1]), torch.Size([1024]), torch.Size([1024]), torch.Size([256, 1024, 1, 1]), torch.Size([256]), torch.Size([256]), torch.Size([256, 256, 3, 3]), torch.Size([256]), torch.Size([256]), torch.Size([1024, 256, 1, 1]), torch.Size([1024]), torch.Size([1024]), torch.Size([256, 1024, 1, 1]), torch.Size([256]), torch.Size([256]), torch.Size([256, 256, 3, 3]), torch.Size([256]), torch.Size([256]), torch.Size([1024, 256, 1, 1]), torch.Size([1024]), torch.Size([1024]), torch.Size([256, 1024, 1, 1]), torch.Size([256]), torch.Size([256]), torch.Size([256, 256, 3, 3]), torch.Size([256]), torch.Size([256]), torch.Size([1024, 256, 1, 1]), torch.Size([1024]), torch.Size([1024]), torch.Size([256, 1024, 1, 1]), torch.Size([256]), torch.Size([256]), torch.Size([256, 256, 3, 3]), torch.Size([256]), torch.Size([256]), torch.Size([1024, 256, 1, 1]), torch.Size([1024]), torch.Size([1024]), torch.Size([256, 1024, 1, 1]), torch.Size([256]), torch.Size([256]), torch.Size([256, 256, 3, 3]), torch.Size([256]), torch.Size([256]), torch.Size([1024, 256, 1, 1]), torch.Size([1024]), torch.Size([1024]), torch.Size([512, 1024, 1, 1]), torch.Size([512]), torch.Size([512]), torch.Size([512, 512, 3, 3]), torch.Size([512]), torch.Size([512]), torch.Size([2048, 512, 1, 1]), torch.Size([2048]), torch.Size([2048]), torch.Size([2048, 1024, 1, 1]), torch.Size([2048]), torch.Size([2048]), torch.Size([512, 2048, 1, 1]), torch.Size([512]), torch.Size([512]), torch.Size([512, 512, 3, 3]), torch.Size([512]), torch.Size([512]), torch.Size([2048, 512, 1, 1]), torch.Size([2048]), torch.Size([2048]), torch.Size([512, 2048, 1, 1]), torch.Size([512]), torch.Size([512]), torch.Size([512, 512, 3, 3]), torch.Size([512]), torch.Size([512]), torch.Size([2048, 512, 1, 1]), torch.Size([2048]), torch.Size([2048]), torch.Size([10, 2048]), torch.Size([10])]
2026-08-08 20:35:24 [INFO] src.analysis.pyhessian: [PyHessian] layer2.2.conv2.weight: trace=5.9748 (40 iters)
[torch.Size([64, 3, 3, 3]), torch.Size([64]), torch.Size([64]), torch.Size([64, 64, 1, 1]), torch.Size([64]), torch.Size([64]), torch.Size([64, 64, 3, 3]), torch.Size([64]), torch.Size([64]), torch.Size([256, 64, 1, 1]), torch.Size([256]), torch.Size([256]), torch.Size([256, 64, 1, 1]), torch.Size([256]), torch.Size([256]), torch.Size([64, 256, 1, 1]), torch.Size([64]), torch.Size([64]), torch.Size([64, 64, 3, 3]), torch.Size([64]), torch.Size([64]), torch.Size([256, 64, 1, 1]), torch.Size([256]), torch.Size([256]), torch.Size([64, 256, 1, 1]), torch.Size([64]), torch.Size([64]), torch.Size([64, 64, 3, 3]), torch.Size([64]), torch.Size([64]), torch.Size([256, 64, 1, 1]), torch.Size([256]), torch.Size([256]), torch.Size([128, 256, 1, 1]), torch.Size([128]), torch.Size([128]), torch.Size([128, 128, 3, 3]), torch.Size([128]), torch.Size([128]), torch.Size([512, 128, 1, 1]), torch.Size([512]), torch.Size([512]), torch.Size([512, 256, 1, 1]), torch.Size([512]), torch.Size([512]), torch.Size([128, 512, 1, 1]), torch.Size([128]), torch.Size([128]), torch.Size([128, 128, 3, 3]), torch.Size([128]), torch.Size([128]), torch.Size([512, 128, 1, 1]), torch.Size([512]), torch.Size([512]), torch.Size([128, 512, 1, 1]), torch.Size([128]), torch.Size([128]), torch.Size([128, 128, 3, 3]), torch.Size([128]), torch.Size([128]), torch.Size([512, 128, 1, 1]), torch.Size([512]), torch.Size([512]), torch.Size([128, 512, 1, 1]), torch.Size([128]), torch.Size([128]), torch.Size([128, 128, 3, 3]), torch.Size([128]), torch.Size([128]), torch.Size([512, 128, 1, 1]), torch.Size([512]), torch.Size([512]), torch.Size([256, 512, 1, 1]), torch.Size([256]), torch.Size([256]), torch.Size([256, 256, 3, 3]), torch.Size([256]), torch.Size([256]), torch.Size([1024, 256, 1, 1]), torch.Size([1024]), torch.Size([1024]), torch.Size([1024, 512, 1, 1]), torch.Size([1024]), torch.Size([1024]), torch.Size([256, 1024, 1, 1]), torch.Size([256]), torch.Size([256]), torch.Size([256, 256, 3, 3]), torch.Size([256]), torch.Size([256]), torch.Size([1024, 256, 1, 1]), torch.Size([1024]), torch.Size([1024]), torch.Size([256, 1024, 1, 1]), torch.Size([256]), torch.Size([256]), torch.Size([256, 256, 3, 3]), torch.Size([256]), torch.Size([256]), torch.Size([1024, 256, 1, 1]), torch.Size([1024]), torch.Size([1024]), torch.Size([256, 1024, 1, 1]), torch.Size([256]), torch.Size([256]), torch.Size([256, 256, 3, 3]), torch.Size([256]), torch.Size([256]), torch.Size([1024, 256, 1, 1]), torch.Size([1024]), torch.Size([1024]), torch.Size([256, 1024, 1, 1]), torch.Size([256]), torch.Size([256]), torch.Size([256, 256, 3, 3]), torch.Size([256]), torch.Size([256]), torch.Size([1024, 256, 1, 1]), torch.Size([1024]), torch.Size([1024]), torch.Size([256, 1024, 1, 1]), torch.Size([256]), torch.Size([256]), torch.Size([256, 256, 3, 3]), torch.Size([256]), torch.Size([256]), torch.Size([1024, 256, 1, 1]), torch.Size([1024]), torch.Size([1024]), torch.Size([512, 1024, 1, 1]), torch.Size([512]), torch.Size([512]), torch.Size([512, 512, 3, 3]), torch.Size([512]), torch.Size([512]), torch.Size([2048, 512, 1, 1]), torch.Size([2048]), torch.Size([2048]), torch.Size([2048, 1024, 1, 1]), torch.Size([2048]), torch.Size([2048]), torch.Size([512, 2048, 1, 1]), torch.Size([512]), torch.Size([512]), torch.Size([512, 512, 3, 3]), torch.Size([512]), torch.Size([512]), torch.Size([2048, 512, 1, 1]), torch.Size([2048]), torch.Size([2048]), torch.Size([512, 2048, 1, 1]), torch.Size([512]), torch.Size([512]), torch.Size([512, 512, 3, 3]), torch.Size([512]), torch.Size([512]), torch.Size([2048, 512, 1, 1]), torch.Size([2048]), torch.Size([2048]), torch.Size([10, 2048]), torch.Size([10])]
2026-08-08 20:35:26 [INFO] src.analysis.pyhessian: [PyHessian] layer2.2.conv3.weight: trace=4.5056 (18 iters)
[torch.Size([64, 3, 3, 3]), torch.Size([64]), torch.Size([64]), torch.Size([64, 64, 1, 1]), torch.Size([64]), torch.Size([64]), torch.Size([64, 64, 3, 3]), torch.Size([64]), torch.Size([64]), torch.Size([256, 64, 1, 1]), torch.Size([256]), torch.Size([256]), torch.Size([256, 64, 1, 1]), torch.Size([256]), torch.Size([256]), torch.Size([64, 256, 1, 1]), torch.Size([64]), torch.Size([64]), torch.Size([64, 64, 3, 3]), torch.Size([64]), torch.Size([64]), torch.Size([256, 64, 1, 1]), torch.Size([256]), torch.Size([256]), torch.Size([64, 256, 1, 1]), torch.Size([64]), torch.Size([64]), torch.Size([64, 64, 3, 3]), torch.Size([64]), torch.Size([64]), torch.Size([256, 64, 1, 1]), torch.Size([256]), torch.Size([256]), torch.Size([128, 256, 1, 1]), torch.Size([128]), torch.Size([128]), torch.Size([128, 128, 3, 3]), torch.Size([128]), torch.Size([128]), torch.Size([512, 128, 1, 1]), torch.Size([512]), torch.Size([512]), torch.Size([512, 256, 1, 1]), torch.Size([512]), torch.Size([512]), torch.Size([128, 512, 1, 1]), torch.Size([128]), torch.Size([128]), torch.Size([128, 128, 3, 3]), torch.Size([128]), torch.Size([128]), torch.Size([512, 128, 1, 1]), torch.Size([512]), torch.Size([512]), torch.Size([128, 512, 1, 1]), torch.Size([128]), torch.Size([128]), torch.Size([128, 128, 3, 3]), torch.Size([128]), torch.Size([128]), torch.Size([512, 128, 1, 1]), torch.Size([512]), torch.Size([512]), torch.Size([128, 512, 1, 1]), torch.Size([128]), torch.Size([128]), torch.Size([128, 128, 3, 3]), torch.Size([128]), torch.Size([128]), torch.Size([512, 128, 1, 1]), torch.Size([512]), torch.Size([512]), torch.Size([256, 512, 1, 1]), torch.Size([256]), torch.Size([256]), torch.Size([256, 256, 3, 3]), torch.Size([256]), torch.Size([256]), torch.Size([1024, 256, 1, 1]), torch.Size([1024]), torch.Size([1024]), torch.Size([1024, 512, 1, 1]), torch.Size([1024]), torch.Size([1024]), torch.Size([256, 1024, 1, 1]), torch.Size([256]), torch.Size([256]), torch.Size([256, 256, 3, 3]), torch.Size([256]), torch.Size([256]), torch.Size([1024, 256, 1, 1]), torch.Size([1024]), torch.Size([1024]), torch.Size([256, 1024, 1, 1]), torch.Size([256]), torch.Size([256]), torch.Size([256, 256, 3, 3]), torch.Size([256]), torch.Size([256]), torch.Size([1024, 256, 1, 1]), torch.Size([1024]), torch.Size([1024]), torch.Size([256, 1024, 1, 1]), torch.Size([256]), torch.Size([256]), torch.Size([256, 256, 3, 3]), torch.Size([256]), torch.Size([256]), torch.Size([1024, 256, 1, 1]), torch.Size([1024]), torch.Size([1024]), torch.Size([256, 1024, 1, 1]), torch.Size([256]), torch.Size([256]), torch.Size([256, 256, 3, 3]), torch.Size([256]), torch.Size([256]), torch.Size([1024, 256, 1, 1]), torch.Size([1024]), torch.Size([1024]), torch.Size([256, 1024, 1, 1]), torch.Size([256]), torch.Size([256]), torch.Size([256, 256, 3, 3]), torch.Size([256]), torch.Size([256]), torch.Size([1024, 256, 1, 1]), torch.Size([1024]), torch.Size([1024]), torch.Size([512, 1024, 1, 1]), torch.Size([512]), torch.Size([512]), torch.Size([512, 512, 3, 3]), torch.Size([512]), torch.Size([512]), torch.Size([2048, 512, 1, 1]), torch.Size([2048]), torch.Size([2048]), torch.Size([2048, 1024, 1, 1]), torch.Size([2048]), torch.Size([2048]), torch.Size([512, 2048, 1, 1]), torch.Size([512]), torch.Size([512]), torch.Size([512, 512, 3, 3]), torch.Size([512]), torch.Size([512]), torch.Size([2048, 512, 1, 1]), torch.Size([2048]), torch.Size([2048]), torch.Size([512, 2048, 1, 1]), torch.Size([512]), torch.Size([512]), torch.Size([512, 512, 3, 3]), torch.Size([512]), torch.Size([512]), torch.Size([2048, 512, 1, 1]), torch.Size([2048]), torch.Size([2048]), torch.Size([10, 2048]), torch.Size([10])]
2026-08-08 20:35:27 [INFO] src.analysis.pyhessian: [PyHessian] layer2.3.conv1.weight: trace=6.6596 (25 iters)
[torch.Size([64, 3, 3, 3]), torch.Size([64]), torch.Size([64]), torch.Size([64, 64, 1, 1]), torch.Size([64]), torch.Size([64]), torch.Size([64, 64, 3, 3]), torch.Size([64]), torch.Size([64]), torch.Size([256, 64, 1, 1]), torch.Size([256]), torch.Size([256]), torch.Size([256, 64, 1, 1]), torch.Size([256]), torch.Size([256]), torch.Size([64, 256, 1, 1]), torch.Size([64]), torch.Size([64]), torch.Size([64, 64, 3, 3]), torch.Size([64]), torch.Size([64]), torch.Size([256, 64, 1, 1]), torch.Size([256]), torch.Size([256]), torch.Size([64, 256, 1, 1]), torch.Size([64]), torch.Size([64]), torch.Size([64, 64, 3, 3]), torch.Size([64]), torch.Size([64]), torch.Size([256, 64, 1, 1]), torch.Size([256]), torch.Size([256]), torch.Size([128, 256, 1, 1]), torch.Size([128]), torch.Size([128]), torch.Size([128, 128, 3, 3]), torch.Size([128]), torch.Size([128]), torch.Size([512, 128, 1, 1]), torch.Size([512]), torch.Size([512]), torch.Size([512, 256, 1, 1]), torch.Size([512]), torch.Size([512]), torch.Size([128, 512, 1, 1]), torch.Size([128]), torch.Size([128]), torch.Size([128, 128, 3, 3]), torch.Size([128]), torch.Size([128]), torch.Size([512, 128, 1, 1]), torch.Size([512]), torch.Size([512]), torch.Size([128, 512, 1, 1]), torch.Size([128]), torch.Size([128]), torch.Size([128, 128, 3, 3]), torch.Size([128]), torch.Size([128]), torch.Size([512, 128, 1, 1]), torch.Size([512]), torch.Size([512]), torch.Size([128, 512, 1, 1]), torch.Size([128]), torch.Size([128]), torch.Size([128, 128, 3, 3]), torch.Size([128]), torch.Size([128]), torch.Size([512, 128, 1, 1]), torch.Size([512]), torch.Size([512]), torch.Size([256, 512, 1, 1]), torch.Size([256]), torch.Size([256]), torch.Size([256, 256, 3, 3]), torch.Size([256]), torch.Size([256]), torch.Size([1024, 256, 1, 1]), torch.Size([1024]), torch.Size([1024]), torch.Size([1024, 512, 1, 1]), torch.Size([1024]), torch.Size([1024]), torch.Size([256, 1024, 1, 1]), torch.Size([256]), torch.Size([256]), torch.Size([256, 256, 3, 3]), torch.Size([256]), torch.Size([256]), torch.Size([1024, 256, 1, 1]), torch.Size([1024]), torch.Size([1024]), torch.Size([256, 1024, 1, 1]), torch.Size([256]), torch.Size([256]), torch.Size([256, 256, 3, 3]), torch.Size([256]), torch.Size([256]), torch.Size([1024, 256, 1, 1]), torch.Size([1024]), torch.Size([1024]), torch.Size([256, 1024, 1, 1]), torch.Size([256]), torch.Size([256]), torch.Size([256, 256, 3, 3]), torch.Size([256]), torch.Size([256]), torch.Size([1024, 256, 1, 1]), torch.Size([1024]), torch.Size([1024]), torch.Size([256, 1024, 1, 1]), torch.Size([256]), torch.Size([256]), torch.Size([256, 256, 3, 3]), torch.Size([256]), torch.Size([256]), torch.Size([1024, 256, 1, 1]), torch.Size([1024]), torch.Size([1024]), torch.Size([256, 1024, 1, 1]), torch.Size([256]), torch.Size([256]), torch.Size([256, 256, 3, 3]), torch.Size([256]), torch.Size([256]), torch.Size([1024, 256, 1, 1]), torch.Size([1024]), torch.Size([1024]), torch.Size([512, 1024, 1, 1]), torch.Size([512]), torch.Size([512]), torch.Size([512, 512, 3, 3]), torch.Size([512]), torch.Size([512]), torch.Size([2048, 512, 1, 1]), torch.Size([2048]), torch.Size([2048]), torch.Size([2048, 1024, 1, 1]), torch.Size([2048]), torch.Size([2048]), torch.Size([512, 2048, 1, 1]), torch.Size([512]), torch.Size([512]), torch.Size([512, 512, 3, 3]), torch.Size([512]), torch.Size([512]), torch.Size([2048, 512, 1, 1]), torch.Size([2048]), torch.Size([2048]), torch.Size([512, 2048, 1, 1]), torch.Size([512]), torch.Size([512]), torch.Size([512, 512, 3, 3]), torch.Size([512]), torch.Size([512]), torch.Size([2048, 512, 1, 1]), torch.Size([2048]), torch.Size([2048]), torch.Size([10, 2048]), torch.Size([10])]
2026-08-08 20:35:29 [INFO] src.analysis.pyhessian: [PyHessian] layer2.3.conv2.weight: trace=16.9159 (30 iters)
[torch.Size([64, 3, 3, 3]), torch.Size([64]), torch.Size([64]), torch.Size([64, 64, 1, 1]), torch.Size([64]), torch.Size([64]), torch.Size([64, 64, 3, 3]), torch.Size([64]), torch.Size([64]), torch.Size([256, 64, 1, 1]), torch.Size([256]), torch.Size([256]), torch.Size([256, 64, 1, 1]), torch.Size([256]), torch.Size([256]), torch.Size([64, 256, 1, 1]), torch.Size([64]), torch.Size([64]), torch.Size([64, 64, 3, 3]), torch.Size([64]), torch.Size([64]), torch.Size([256, 64, 1, 1]), torch.Size([256]), torch.Size([256]), torch.Size([64, 256, 1, 1]), torch.Size([64]), torch.Size([64]), torch.Size([64, 64, 3, 3]), torch.Size([64]), torch.Size([64]), torch.Size([256, 64, 1, 1]), torch.Size([256]), torch.Size([256]), torch.Size([128, 256, 1, 1]), torch.Size([128]), torch.Size([128]), torch.Size([128, 128, 3, 3]), torch.Size([128]), torch.Size([128]), torch.Size([512, 128, 1, 1]), torch.Size([512]), torch.Size([512]), torch.Size([512, 256, 1, 1]), torch.Size([512]), torch.Size([512]), torch.Size([128, 512, 1, 1]), torch.Size([128]), torch.Size([128]), torch.Size([128, 128, 3, 3]), torch.Size([128]), torch.Size([128]), torch.Size([512, 128, 1, 1]), torch.Size([512]), torch.Size([512]), torch.Size([128, 512, 1, 1]), torch.Size([128]), torch.Size([128]), torch.Size([128, 128, 3, 3]), torch.Size([128]), torch.Size([128]), torch.Size([512, 128, 1, 1]), torch.Size([512]), torch.Size([512]), torch.Size([128, 512, 1, 1]), torch.Size([128]), torch.Size([128]), torch.Size([128, 128, 3, 3]), torch.Size([128]), torch.Size([128]), torch.Size([512, 128, 1, 1]), torch.Size([512]), torch.Size([512]), torch.Size([256, 512, 1, 1]), torch.Size([256]), torch.Size([256]), torch.Size([256, 256, 3, 3]), torch.Size([256]), torch.Size([256]), torch.Size([1024, 256, 1, 1]), torch.Size([1024]), torch.Size([1024]), torch.Size([1024, 512, 1, 1]), torch.Size([1024]), torch.Size([1024]), torch.Size([256, 1024, 1, 1]), torch.Size([256]), torch.Size([256]), torch.Size([256, 256, 3, 3]), torch.Size([256]), torch.Size([256]), torch.Size([1024, 256, 1, 1]), torch.Size([1024]), torch.Size([1024]), torch.Size([256, 1024, 1, 1]), torch.Size([256]), torch.Size([256]), torch.Size([256, 256, 3, 3]), torch.Size([256]), torch.Size([256]), torch.Size([1024, 256, 1, 1]), torch.Size([1024]), torch.Size([1024]), torch.Size([256, 1024, 1, 1]), torch.Size([256]), torch.Size([256]), torch.Size([256, 256, 3, 3]), torch.Size([256]), torch.Size([256]), torch.Size([1024, 256, 1, 1]), torch.Size([1024]), torch.Size([1024]), torch.Size([256, 1024, 1, 1]), torch.Size([256]), torch.Size([256]), torch.Size([256, 256, 3, 3]), torch.Size([256]), torch.Size([256]), torch.Size([1024, 256, 1, 1]), torch.Size([1024]), torch.Size([1024]), torch.Size([256, 1024, 1, 1]), torch.Size([256]), torch.Size([256]), torch.Size([256, 256, 3, 3]), torch.Size([256]), torch.Size([256]), torch.Size([1024, 256, 1, 1]), torch.Size([1024]), torch.Size([1024]), torch.Size([512, 1024, 1, 1]), torch.Size([512]), torch.Size([512]), torch.Size([512, 512, 3, 3]), torch.Size([512]), torch.Size([512]), torch.Size([2048, 512, 1, 1]), torch.Size([2048]), torch.Size([2048]), torch.Size([2048, 1024, 1, 1]), torch.Size([2048]), torch.Size([2048]), torch.Size([512, 2048, 1, 1]), torch.Size([512]), torch.Size([512]), torch.Size([512, 512, 3, 3]), torch.Size([512]), torch.Size([512]), torch.Size([2048, 512, 1, 1]), torch.Size([2048]), torch.Size([2048]), torch.Size([512, 2048, 1, 1]), torch.Size([512]), torch.Size([512]), torch.Size([512, 512, 3, 3]), torch.Size([512]), torch.Size([512]), torch.Size([2048, 512, 1, 1]), torch.Size([2048]), torch.Size([2048]), torch.Size([10, 2048]), torch.Size([10])]
2026-08-08 20:35:31 [INFO] src.analysis.pyhessian: [PyHessian] layer2.3.conv3.weight: trace=6.7315 (19 iters)
[torch.Size([64, 3, 3, 3]), torch.Size([64]), torch.Size([64]), torch.Size([64, 64, 1, 1]), torch.Size([64]), torch.Size([64]), torch.Size([64, 64, 3, 3]), torch.Size([64]), torch.Size([64]), torch.Size([256, 64, 1, 1]), torch.Size([256]), torch.Size([256]), torch.Size([256, 64, 1, 1]), torch.Size([256]), torch.Size([256]), torch.Size([64, 256, 1, 1]), torch.Size([64]), torch.Size([64]), torch.Size([64, 64, 3, 3]), torch.Size([64]), torch.Size([64]), torch.Size([256, 64, 1, 1]), torch.Size([256]), torch.Size([256]), torch.Size([64, 256, 1, 1]), torch.Size([64]), torch.Size([64]), torch.Size([64, 64, 3, 3]), torch.Size([64]), torch.Size([64]), torch.Size([256, 64, 1, 1]), torch.Size([256]), torch.Size([256]), torch.Size([128, 256, 1, 1]), torch.Size([128]), torch.Size([128]), torch.Size([128, 128, 3, 3]), torch.Size([128]), torch.Size([128]), torch.Size([512, 128, 1, 1]), torch.Size([512]), torch.Size([512]), torch.Size([512, 256, 1, 1]), torch.Size([512]), torch.Size([512]), torch.Size([128, 512, 1, 1]), torch.Size([128]), torch.Size([128]), torch.Size([128, 128, 3, 3]), torch.Size([128]), torch.Size([128]), torch.Size([512, 128, 1, 1]), torch.Size([512]), torch.Size([512]), torch.Size([128, 512, 1, 1]), torch.Size([128]), torch.Size([128]), torch.Size([128, 128, 3, 3]), torch.Size([128]), torch.Size([128]), torch.Size([512, 128, 1, 1]), torch.Size([512]), torch.Size([512]), torch.Size([128, 512, 1, 1]), torch.Size([128]), torch.Size([128]), torch.Size([128, 128, 3, 3]), torch.Size([128]), torch.Size([128]), torch.Size([512, 128, 1, 1]), torch.Size([512]), torch.Size([512]), torch.Size([256, 512, 1, 1]), torch.Size([256]), torch.Size([256]), torch.Size([256, 256, 3, 3]), torch.Size([256]), torch.Size([256]), torch.Size([1024, 256, 1, 1]), torch.Size([1024]), torch.Size([1024]), torch.Size([1024, 512, 1, 1]), torch.Size([1024]), torch.Size([1024]), torch.Size([256, 1024, 1, 1]), torch.Size([256]), torch.Size([256]), torch.Size([256, 256, 3, 3]), torch.Size([256]), torch.Size([256]), torch.Size([1024, 256, 1, 1]), torch.Size([1024]), torch.Size([1024]), torch.Size([256, 1024, 1, 1]), torch.Size([256]), torch.Size([256]), torch.Size([256, 256, 3, 3]), torch.Size([256]), torch.Size([256]), torch.Size([1024, 256, 1, 1]), torch.Size([1024]), torch.Size([1024]), torch.Size([256, 1024, 1, 1]), torch.Size([256]), torch.Size([256]), torch.Size([256, 256, 3, 3]), torch.Size([256]), torch.Size([256]), torch.Size([1024, 256, 1, 1]), torch.Size([1024]), torch.Size([1024]), torch.Size([256, 1024, 1, 1]), torch.Size([256]), torch.Size([256]), torch.Size([256, 256, 3, 3]), torch.Size([256]), torch.Size([256]), torch.Size([1024, 256, 1, 1]), torch.Size([1024]), torch.Size([1024]), torch.Size([256, 1024, 1, 1]), torch.Size([256]), torch.Size([256]), torch.Size([256, 256, 3, 3]), torch.Size([256]), torch.Size([256]), torch.Size([1024, 256, 1, 1]), torch.Size([1024]), torch.Size([1024]), torch.Size([512, 1024, 1, 1]), torch.Size([512]), torch.Size([512]), torch.Size([512, 512, 3, 3]), torch.Size([512]), torch.Size([512]), torch.Size([2048, 512, 1, 1]), torch.Size([2048]), torch.Size([2048]), torch.Size([2048, 1024, 1, 1]), torch.Size([2048]), torch.Size([2048]), torch.Size([512, 2048, 1, 1]), torch.Size([512]), torch.Size([512]), torch.Size([512, 512, 3, 3]), torch.Size([512]), torch.Size([512]), torch.Size([2048, 512, 1, 1]), torch.Size([2048]), torch.Size([2048]), torch.Size([512, 2048, 1, 1]), torch.Size([512]), torch.Size([512]), torch.Size([512, 512, 3, 3]), torch.Size([512]), torch.Size([512]), torch.Size([2048, 512, 1, 1]), torch.Size([2048]), torch.Size([2048]), torch.Size([10, 2048]), torch.Size([10])]
2026-08-08 20:35:32 [INFO] src.analysis.pyhessian: [PyHessian] layer3.0.conv1.weight: trace=27.1210 (26 iters)
[torch.Size([64, 3, 3, 3]), torch.Size([64]), torch.Size([64]), torch.Size([64, 64, 1, 1]), torch.Size([64]), torch.Size([64]), torch.Size([64, 64, 3, 3]), torch.Size([64]), torch.Size([64]), torch.Size([256, 64, 1, 1]), torch.Size([256]), torch.Size([256]), torch.Size([256, 64, 1, 1]), torch.Size([256]), torch.Size([256]), torch.Size([64, 256, 1, 1]), torch.Size([64]), torch.Size([64]), torch.Size([64, 64, 3, 3]), torch.Size([64]), torch.Size([64]), torch.Size([256, 64, 1, 1]), torch.Size([256]), torch.Size([256]), torch.Size([64, 256, 1, 1]), torch.Size([64]), torch.Size([64]), torch.Size([64, 64, 3, 3]), torch.Size([64]), torch.Size([64]), torch.Size([256, 64, 1, 1]), torch.Size([256]), torch.Size([256]), torch.Size([128, 256, 1, 1]), torch.Size([128]), torch.Size([128]), torch.Size([128, 128, 3, 3]), torch.Size([128]), torch.Size([128]), torch.Size([512, 128, 1, 1]), torch.Size([512]), torch.Size([512]), torch.Size([512, 256, 1, 1]), torch.Size([512]), torch.Size([512]), torch.Size([128, 512, 1, 1]), torch.Size([128]), torch.Size([128]), torch.Size([128, 128, 3, 3]), torch.Size([128]), torch.Size([128]), torch.Size([512, 128, 1, 1]), torch.Size([512]), torch.Size([512]), torch.Size([128, 512, 1, 1]), torch.Size([128]), torch.Size([128]), torch.Size([128, 128, 3, 3]), torch.Size([128]), torch.Size([128]), torch.Size([512, 128, 1, 1]), torch.Size([512]), torch.Size([512]), torch.Size([128, 512, 1, 1]), torch.Size([128]), torch.Size([128]), torch.Size([128, 128, 3, 3]), torch.Size([128]), torch.Size([128]), torch.Size([512, 128, 1, 1]), torch.Size([512]), torch.Size([512]), torch.Size([256, 512, 1, 1]), torch.Size([256]), torch.Size([256]), torch.Size([256, 256, 3, 3]), torch.Size([256]), torch.Size([256]), torch.Size([1024, 256, 1, 1]), torch.Size([1024]), torch.Size([1024]), torch.Size([1024, 512, 1, 1]), torch.Size([1024]), torch.Size([1024]), torch.Size([256, 1024, 1, 1]), torch.Size([256]), torch.Size([256]), torch.Size([256, 256, 3, 3]), torch.Size([256]), torch.Size([256]), torch.Size([1024, 256, 1, 1]), torch.Size([1024]), torch.Size([1024]), torch.Size([256, 1024, 1, 1]), torch.Size([256]), torch.Size([256]), torch.Size([256, 256, 3, 3]), torch.Size([256]), torch.Size([256]), torch.Size([1024, 256, 1, 1]), torch.Size([1024]), torch.Size([1024]), torch.Size([256, 1024, 1, 1]), torch.Size([256]), torch.Size([256]), torch.Size([256, 256, 3, 3]), torch.Size([256]), torch.Size([256]), torch.Size([1024, 256, 1, 1]), torch.Size([1024]), torch.Size([1024]), torch.Size([256, 1024, 1, 1]), torch.Size([256]), torch.Size([256]), torch.Size([256, 256, 3, 3]), torch.Size([256]), torch.Size([256]), torch.Size([1024, 256, 1, 1]), torch.Size([1024]), torch.Size([1024]), torch.Size([256, 1024, 1, 1]), torch.Size([256]), torch.Size([256]), torch.Size([256, 256, 3, 3]), torch.Size([256]), torch.Size([256]), torch.Size([1024, 256, 1, 1]), torch.Size([1024]), torch.Size([1024]), torch.Size([512, 1024, 1, 1]), torch.Size([512]), torch.Size([512]), torch.Size([512, 512, 3, 3]), torch.Size([512]), torch.Size([512]), torch.Size([2048, 512, 1, 1]), torch.Size([2048]), torch.Size([2048]), torch.Size([2048, 1024, 1, 1]), torch.Size([2048]), torch.Size([2048]), torch.Size([512, 2048, 1, 1]), torch.Size([512]), torch.Size([512]), torch.Size([512, 512, 3, 3]), torch.Size([512]), torch.Size([512]), torch.Size([2048, 512, 1, 1]), torch.Size([2048]), torch.Size([2048]), torch.Size([512, 2048, 1, 1]), torch.Size([512]), torch.Size([512]), torch.Size([512, 512, 3, 3]), torch.Size([512]), torch.Size([512]), torch.Size([2048, 512, 1, 1]), torch.Size([2048]), torch.Size([2048]), torch.Size([10, 2048]), torch.Size([10])]
2026-08-08 20:35:35 [INFO] src.analysis.pyhessian: [PyHessian] layer3.0.conv2.weight: trace=25.8828 (41 iters)
[torch.Size([64, 3, 3, 3]), torch.Size([64]), torch.Size([64]), torch.Size([64, 64, 1, 1]), torch.Size([64]), torch.Size([64]), torch.Size([64, 64, 3, 3]), torch.Size([64]), torch.Size([64]), torch.Size([256, 64, 1, 1]), torch.Size([256]), torch.Size([256]), torch.Size([256, 64, 1, 1]), torch.Size([256]), torch.Size([256]), torch.Size([64, 256, 1, 1]), torch.Size([64]), torch.Size([64]), torch.Size([64, 64, 3, 3]), torch.Size([64]), torch.Size([64]), torch.Size([256, 64, 1, 1]), torch.Size([256]), torch.Size([256]), torch.Size([64, 256, 1, 1]), torch.Size([64]), torch.Size([64]), torch.Size([64, 64, 3, 3]), torch.Size([64]), torch.Size([64]), torch.Size([256, 64, 1, 1]), torch.Size([256]), torch.Size([256]), torch.Size([128, 256, 1, 1]), torch.Size([128]), torch.Size([128]), torch.Size([128, 128, 3, 3]), torch.Size([128]), torch.Size([128]), torch.Size([512, 128, 1, 1]), torch.Size([512]), torch.Size([512]), torch.Size([512, 256, 1, 1]), torch.Size([512]), torch.Size([512]), torch.Size([128, 512, 1, 1]), torch.Size([128]), torch.Size([128]), torch.Size([128, 128, 3, 3]), torch.Size([128]), torch.Size([128]), torch.Size([512, 128, 1, 1]), torch.Size([512]), torch.Size([512]), torch.Size([128, 512, 1, 1]), torch.Size([128]), torch.Size([128]), torch.Size([128, 128, 3, 3]), torch.Size([128]), torch.Size([128]), torch.Size([512, 128, 1, 1]), torch.Size([512]), torch.Size([512]), torch.Size([128, 512, 1, 1]), torch.Size([128]), torch.Size([128]), torch.Size([128, 128, 3, 3]), torch.Size([128]), torch.Size([128]), torch.Size([512, 128, 1, 1]), torch.Size([512]), torch.Size([512]), torch.Size([256, 512, 1, 1]), torch.Size([256]), torch.Size([256]), torch.Size([256, 256, 3, 3]), torch.Size([256]), torch.Size([256]), torch.Size([1024, 256, 1, 1]), torch.Size([1024]), torch.Size([1024]), torch.Size([1024, 512, 1, 1]), torch.Size([1024]), torch.Size([1024]), torch.Size([256, 1024, 1, 1]), torch.Size([256]), torch.Size([256]), torch.Size([256, 256, 3, 3]), torch.Size([256]), torch.Size([256]), torch.Size([1024, 256, 1, 1]), torch.Size([1024]), torch.Size([1024]), torch.Size([256, 1024, 1, 1]), torch.Size([256]), torch.Size([256]), torch.Size([256, 256, 3, 3]), torch.Size([256]), torch.Size([256]), torch.Size([1024, 256, 1, 1]), torch.Size([1024]), torch.Size([1024]), torch.Size([256, 1024, 1, 1]), torch.Size([256]), torch.Size([256]), torch.Size([256, 256, 3, 3]), torch.Size([256]), torch.Size([256]), torch.Size([1024, 256, 1, 1]), torch.Size([1024]), torch.Size([1024]), torch.Size([256, 1024, 1, 1]), torch.Size([256]), torch.Size([256]), torch.Size([256, 256, 3, 3]), torch.Size([256]), torch.Size([256]), torch.Size([1024, 256, 1, 1]), torch.Size([1024]), torch.Size([1024]), torch.Size([256, 1024, 1, 1]), torch.Size([256]), torch.Size([256]), torch.Size([256, 256, 3, 3]), torch.Size([256]), torch.Size([256]), torch.Size([1024, 256, 1, 1]), torch.Size([1024]), torch.Size([1024]), torch.Size([512, 1024, 1, 1]), torch.Size([512]), torch.Size([512]), torch.Size([512, 512, 3, 3]), torch.Size([512]), torch.Size([512]), torch.Size([2048, 512, 1, 1]), torch.Size([2048]), torch.Size([2048]), torch.Size([2048, 1024, 1, 1]), torch.Size([2048]), torch.Size([2048]), torch.Size([512, 2048, 1, 1]), torch.Size([512]), torch.Size([512]), torch.Size([512, 512, 3, 3]), torch.Size([512]), torch.Size([512]), torch.Size([2048, 512, 1, 1]), torch.Size([2048]), torch.Size([2048]), torch.Size([512, 2048, 1, 1]), torch.Size([512]), torch.Size([512]), torch.Size([512, 512, 3, 3]), torch.Size([512]), torch.Size([512]), torch.Size([2048, 512, 1, 1]), torch.Size([2048]), torch.Size([2048]), torch.Size([10, 2048]), torch.Size([10])]
2026-08-08 20:35:37 [INFO] src.analysis.pyhessian: [PyHessian] layer3.0.conv3.weight: trace=18.2538 (34 iters)
[torch.Size([64, 3, 3, 3]), torch.Size([64]), torch.Size([64]), torch.Size([64, 64, 1, 1]), torch.Size([64]), torch.Size([64]), torch.Size([64, 64, 3, 3]), torch.Size([64]), torch.Size([64]), torch.Size([256, 64, 1, 1]), torch.Size([256]), torch.Size([256]), torch.Size([256, 64, 1, 1]), torch.Size([256]), torch.Size([256]), torch.Size([64, 256, 1, 1]), torch.Size([64]), torch.Size([64]), torch.Size([64, 64, 3, 3]), torch.Size([64]), torch.Size([64]), torch.Size([256, 64, 1, 1]), torch.Size([256]), torch.Size([256]), torch.Size([64, 256, 1, 1]), torch.Size([64]), torch.Size([64]), torch.Size([64, 64, 3, 3]), torch.Size([64]), torch.Size([64]), torch.Size([256, 64, 1, 1]), torch.Size([256]), torch.Size([256]), torch.Size([128, 256, 1, 1]), torch.Size([128]), torch.Size([128]), torch.Size([128, 128, 3, 3]), torch.Size([128]), torch.Size([128]), torch.Size([512, 128, 1, 1]), torch.Size([512]), torch.Size([512]), torch.Size([512, 256, 1, 1]), torch.Size([512]), torch.Size([512]), torch.Size([128, 512, 1, 1]), torch.Size([128]), torch.Size([128]), torch.Size([128, 128, 3, 3]), torch.Size([128]), torch.Size([128]), torch.Size([512, 128, 1, 1]), torch.Size([512]), torch.Size([512]), torch.Size([128, 512, 1, 1]), torch.Size([128]), torch.Size([128]), torch.Size([128, 128, 3, 3]), torch.Size([128]), torch.Size([128]), torch.Size([512, 128, 1, 1]), torch.Size([512]), torch.Size([512]), torch.Size([128, 512, 1, 1]), torch.Size([128]), torch.Size([128]), torch.Size([128, 128, 3, 3]), torch.Size([128]), torch.Size([128]), torch.Size([512, 128, 1, 1]), torch.Size([512]), torch.Size([512]), torch.Size([256, 512, 1, 1]), torch.Size([256]), torch.Size([256]), torch.Size([256, 256, 3, 3]), torch.Size([256]), torch.Size([256]), torch.Size([1024, 256, 1, 1]), torch.Size([1024]), torch.Size([1024]), torch.Size([1024, 512, 1, 1]), torch.Size([1024]), torch.Size([1024]), torch.Size([256, 1024, 1, 1]), torch.Size([256]), torch.Size([256]), torch.Size([256, 256, 3, 3]), torch.Size([256]), torch.Size([256]), torch.Size([1024, 256, 1, 1]), torch.Size([1024]), torch.Size([1024]), torch.Size([256, 1024, 1, 1]), torch.Size([256]), torch.Size([256]), torch.Size([256, 256, 3, 3]), torch.Size([256]), torch.Size([256]), torch.Size([1024, 256, 1, 1]), torch.Size([1024]), torch.Size([1024]), torch.Size([256, 1024, 1, 1]), torch.Size([256]), torch.Size([256]), torch.Size([256, 256, 3, 3]), torch.Size([256]), torch.Size([256]), torch.Size([1024, 256, 1, 1]), torch.Size([1024]), torch.Size([1024]), torch.Size([256, 1024, 1, 1]), torch.Size([256]), torch.Size([256]), torch.Size([256, 256, 3, 3]), torch.Size([256]), torch.Size([256]), torch.Size([1024, 256, 1, 1]), torch.Size([1024]), torch.Size([1024]), torch.Size([256, 1024, 1, 1]), torch.Size([256]), torch.Size([256]), torch.Size([256, 256, 3, 3]), torch.Size([256]), torch.Size([256]), torch.Size([1024, 256, 1, 1]), torch.Size([1024]), torch.Size([1024]), torch.Size([512, 1024, 1, 1]), torch.Size([512]), torch.Size([512]), torch.Size([512, 512, 3, 3]), torch.Size([512]), torch.Size([512]), torch.Size([2048, 512, 1, 1]), torch.Size([2048]), torch.Size([2048]), torch.Size([2048, 1024, 1, 1]), torch.Size([2048]), torch.Size([2048]), torch.Size([512, 2048, 1, 1]), torch.Size([512]), torch.Size([512]), torch.Size([512, 512, 3, 3]), torch.Size([512]), torch.Size([512]), torch.Size([2048, 512, 1, 1]), torch.Size([2048]), torch.Size([2048]), torch.Size([512, 2048, 1, 1]), torch.Size([512]), torch.Size([512]), torch.Size([512, 512, 3, 3]), torch.Size([512]), torch.Size([512]), torch.Size([2048, 512, 1, 1]), torch.Size([2048]), torch.Size([2048]), torch.Size([10, 2048]), torch.Size([10])]
2026-08-08 20:35:38 [INFO] src.analysis.pyhessian: [PyHessian] layer3.0.downsample.0.weight: trace=25.0825 (19 iters)
[torch.Size([64, 3, 3, 3]), torch.Size([64]), torch.Size([64]), torch.Size([64, 64, 1, 1]), torch.Size([64]), torch.Size([64]), torch.Size([64, 64, 3, 3]), torch.Size([64]), torch.Size([64]), torch.Size([256, 64, 1, 1]), torch.Size([256]), torch.Size([256]), torch.Size([256, 64, 1, 1]), torch.Size([256]), torch.Size([256]), torch.Size([64, 256, 1, 1]), torch.Size([64]), torch.Size([64]), torch.Size([64, 64, 3, 3]), torch.Size([64]), torch.Size([64]), torch.Size([256, 64, 1, 1]), torch.Size([256]), torch.Size([256]), torch.Size([64, 256, 1, 1]), torch.Size([64]), torch.Size([64]), torch.Size([64, 64, 3, 3]), torch.Size([64]), torch.Size([64]), torch.Size([256, 64, 1, 1]), torch.Size([256]), torch.Size([256]), torch.Size([128, 256, 1, 1]), torch.Size([128]), torch.Size([128]), torch.Size([128, 128, 3, 3]), torch.Size([128]), torch.Size([128]), torch.Size([512, 128, 1, 1]), torch.Size([512]), torch.Size([512]), torch.Size([512, 256, 1, 1]), torch.Size([512]), torch.Size([512]), torch.Size([128, 512, 1, 1]), torch.Size([128]), torch.Size([128]), torch.Size([128, 128, 3, 3]), torch.Size([128]), torch.Size([128]), torch.Size([512, 128, 1, 1]), torch.Size([512]), torch.Size([512]), torch.Size([128, 512, 1, 1]), torch.Size([128]), torch.Size([128]), torch.Size([128, 128, 3, 3]), torch.Size([128]), torch.Size([128]), torch.Size([512, 128, 1, 1]), torch.Size([512]), torch.Size([512]), torch.Size([128, 512, 1, 1]), torch.Size([128]), torch.Size([128]), torch.Size([128, 128, 3, 3]), torch.Size([128]), torch.Size([128]), torch.Size([512, 128, 1, 1]), torch.Size([512]), torch.Size([512]), torch.Size([256, 512, 1, 1]), torch.Size([256]), torch.Size([256]), torch.Size([256, 256, 3, 3]), torch.Size([256]), torch.Size([256]), torch.Size([1024, 256, 1, 1]), torch.Size([1024]), torch.Size([1024]), torch.Size([1024, 512, 1, 1]), torch.Size([1024]), torch.Size([1024]), torch.Size([256, 1024, 1, 1]), torch.Size([256]), torch.Size([256]), torch.Size([256, 256, 3, 3]), torch.Size([256]), torch.Size([256]), torch.Size([1024, 256, 1, 1]), torch.Size([1024]), torch.Size([1024]), torch.Size([256, 1024, 1, 1]), torch.Size([256]), torch.Size([256]), torch.Size([256, 256, 3, 3]), torch.Size([256]), torch.Size([256]), torch.Size([1024, 256, 1, 1]), torch.Size([1024]), torch.Size([1024]), torch.Size([256, 1024, 1, 1]), torch.Size([256]), torch.Size([256]), torch.Size([256, 256, 3, 3]), torch.Size([256]), torch.Size([256]), torch.Size([1024, 256, 1, 1]), torch.Size([1024]), torch.Size([1024]), torch.Size([256, 1024, 1, 1]), torch.Size([256]), torch.Size([256]), torch.Size([256, 256, 3, 3]), torch.Size([256]), torch.Size([256]), torch.Size([1024, 256, 1, 1]), torch.Size([1024]), torch.Size([1024]), torch.Size([256, 1024, 1, 1]), torch.Size([256]), torch.Size([256]), torch.Size([256, 256, 3, 3]), torch.Size([256]), torch.Size([256]), torch.Size([1024, 256, 1, 1]), torch.Size([1024]), torch.Size([1024]), torch.Size([512, 1024, 1, 1]), torch.Size([512]), torch.Size([512]), torch.Size([512, 512, 3, 3]), torch.Size([512]), torch.Size([512]), torch.Size([2048, 512, 1, 1]), torch.Size([2048]), torch.Size([2048]), torch.Size([2048, 1024, 1, 1]), torch.Size([2048]), torch.Size([2048]), torch.Size([512, 2048, 1, 1]), torch.Size([512]), torch.Size([512]), torch.Size([512, 512, 3, 3]), torch.Size([512]), torch.Size([512]), torch.Size([2048, 512, 1, 1]), torch.Size([2048]), torch.Size([2048]), torch.Size([512, 2048, 1, 1]), torch.Size([512]), torch.Size([512]), torch.Size([512, 512, 3, 3]), torch.Size([512]), torch.Size([512]), torch.Size([2048, 512, 1, 1]), torch.Size([2048]), torch.Size([2048]), torch.Size([10, 2048]), torch.Size([10])]
2026-08-08 20:35:40 [INFO] src.analysis.pyhessian: [PyHessian] layer3.1.conv1.weight: trace=4.4991 (47 iters)
[torch.Size([64, 3, 3, 3]), torch.Size([64]), torch.Size([64]), torch.Size([64, 64, 1, 1]), torch.Size([64]), torch.Size([64]), torch.Size([64, 64, 3, 3]), torch.Size([64]), torch.Size([64]), torch.Size([256, 64, 1, 1]), torch.Size([256]), torch.Size([256]), torch.Size([256, 64, 1, 1]), torch.Size([256]), torch.Size([256]), torch.Size([64, 256, 1, 1]), torch.Size([64]), torch.Size([64]), torch.Size([64, 64, 3, 3]), torch.Size([64]), torch.Size([64]), torch.Size([256, 64, 1, 1]), torch.Size([256]), torch.Size([256]), torch.Size([64, 256, 1, 1]), torch.Size([64]), torch.Size([64]), torch.Size([64, 64, 3, 3]), torch.Size([64]), torch.Size([64]), torch.Size([256, 64, 1, 1]), torch.Size([256]), torch.Size([256]), torch.Size([128, 256, 1, 1]), torch.Size([128]), torch.Size([128]), torch.Size([128, 128, 3, 3]), torch.Size([128]), torch.Size([128]), torch.Size([512, 128, 1, 1]), torch.Size([512]), torch.Size([512]), torch.Size([512, 256, 1, 1]), torch.Size([512]), torch.Size([512]), torch.Size([128, 512, 1, 1]), torch.Size([128]), torch.Size([128]), torch.Size([128, 128, 3, 3]), torch.Size([128]), torch.Size([128]), torch.Size([512, 128, 1, 1]), torch.Size([512]), torch.Size([512]), torch.Size([128, 512, 1, 1]), torch.Size([128]), torch.Size([128]), torch.Size([128, 128, 3, 3]), torch.Size([128]), torch.Size([128]), torch.Size([512, 128, 1, 1]), torch.Size([512]), torch.Size([512]), torch.Size([128, 512, 1, 1]), torch.Size([128]), torch.Size([128]), torch.Size([128, 128, 3, 3]), torch.Size([128]), torch.Size([128]), torch.Size([512, 128, 1, 1]), torch.Size([512]), torch.Size([512]), torch.Size([256, 512, 1, 1]), torch.Size([256]), torch.Size([256]), torch.Size([256, 256, 3, 3]), torch.Size([256]), torch.Size([256]), torch.Size([1024, 256, 1, 1]), torch.Size([1024]), torch.Size([1024]), torch.Size([1024, 512, 1, 1]), torch.Size([1024]), torch.Size([1024]), torch.Size([256, 1024, 1, 1]), torch.Size([256]), torch.Size([256]), torch.Size([256, 256, 3, 3]), torch.Size([256]), torch.Size([256]), torch.Size([1024, 256, 1, 1]), torch.Size([1024]), torch.Size([1024]), torch.Size([256, 1024, 1, 1]), torch.Size([256]), torch.Size([256]), torch.Size([256, 256, 3, 3]), torch.Size([256]), torch.Size([256]), torch.Size([1024, 256, 1, 1]), torch.Size([1024]), torch.Size([1024]), torch.Size([256, 1024, 1, 1]), torch.Size([256]), torch.Size([256]), torch.Size([256, 256, 3, 3]), torch.Size([256]), torch.Size([256]), torch.Size([1024, 256, 1, 1]), torch.Size([1024]), torch.Size([1024]), torch.Size([256, 1024, 1, 1]), torch.Size([256]), torch.Size([256]), torch.Size([256, 256, 3, 3]), torch.Size([256]), torch.Size([256]), torch.Size([1024, 256, 1, 1]), torch.Size([1024]), torch.Size([1024]), torch.Size([256, 1024, 1, 1]), torch.Size([256]), torch.Size([256]), torch.Size([256, 256, 3, 3]), torch.Size([256]), torch.Size([256]), torch.Size([1024, 256, 1, 1]), torch.Size([1024]), torch.Size([1024]), torch.Size([512, 1024, 1, 1]), torch.Size([512]), torch.Size([512]), torch.Size([512, 512, 3, 3]), torch.Size([512]), torch.Size([512]), torch.Size([2048, 512, 1, 1]), torch.Size([2048]), torch.Size([2048]), torch.Size([2048, 1024, 1, 1]), torch.Size([2048]), torch.Size([2048]), torch.Size([512, 2048, 1, 1]), torch.Size([512]), torch.Size([512]), torch.Size([512, 512, 3, 3]), torch.Size([512]), torch.Size([512]), torch.Size([2048, 512, 1, 1]), torch.Size([2048]), torch.Size([2048]), torch.Size([512, 2048, 1, 1]), torch.Size([512]), torch.Size([512]), torch.Size([512, 512, 3, 3]), torch.Size([512]), torch.Size([512]), torch.Size([2048, 512, 1, 1]), torch.Size([2048]), torch.Size([2048]), torch.Size([10, 2048]), torch.Size([10])]
2026-08-08 20:35:42 [INFO] src.analysis.pyhessian: [PyHessian] layer3.1.conv2.weight: trace=11.5140 (34 iters)
[torch.Size([64, 3, 3, 3]), torch.Size([64]), torch.Size([64]), torch.Size([64, 64, 1, 1]), torch.Size([64]), torch.Size([64]), torch.Size([64, 64, 3, 3]), torch.Size([64]), torch.Size([64]), torch.Size([256, 64, 1, 1]), torch.Size([256]), torch.Size([256]), torch.Size([256, 64, 1, 1]), torch.Size([256]), torch.Size([256]), torch.Size([64, 256, 1, 1]), torch.Size([64]), torch.Size([64]), torch.Size([64, 64, 3, 3]), torch.Size([64]), torch.Size([64]), torch.Size([256, 64, 1, 1]), torch.Size([256]), torch.Size([256]), torch.Size([64, 256, 1, 1]), torch.Size([64]), torch.Size([64]), torch.Size([64, 64, 3, 3]), torch.Size([64]), torch.Size([64]), torch.Size([256, 64, 1, 1]), torch.Size([256]), torch.Size([256]), torch.Size([128, 256, 1, 1]), torch.Size([128]), torch.Size([128]), torch.Size([128, 128, 3, 3]), torch.Size([128]), torch.Size([128]), torch.Size([512, 128, 1, 1]), torch.Size([512]), torch.Size([512]), torch.Size([512, 256, 1, 1]), torch.Size([512]), torch.Size([512]), torch.Size([128, 512, 1, 1]), torch.Size([128]), torch.Size([128]), torch.Size([128, 128, 3, 3]), torch.Size([128]), torch.Size([128]), torch.Size([512, 128, 1, 1]), torch.Size([512]), torch.Size([512]), torch.Size([128, 512, 1, 1]), torch.Size([128]), torch.Size([128]), torch.Size([128, 128, 3, 3]), torch.Size([128]), torch.Size([128]), torch.Size([512, 128, 1, 1]), torch.Size([512]), torch.Size([512]), torch.Size([128, 512, 1, 1]), torch.Size([128]), torch.Size([128]), torch.Size([128, 128, 3, 3]), torch.Size([128]), torch.Size([128]), torch.Size([512, 128, 1, 1]), torch.Size([512]), torch.Size([512]), torch.Size([256, 512, 1, 1]), torch.Size([256]), torch.Size([256]), torch.Size([256, 256, 3, 3]), torch.Size([256]), torch.Size([256]), torch.Size([1024, 256, 1, 1]), torch.Size([1024]), torch.Size([1024]), torch.Size([1024, 512, 1, 1]), torch.Size([1024]), torch.Size([1024]), torch.Size([256, 1024, 1, 1]), torch.Size([256]), torch.Size([256]), torch.Size([256, 256, 3, 3]), torch.Size([256]), torch.Size([256]), torch.Size([1024, 256, 1, 1]), torch.Size([1024]), torch.Size([1024]), torch.Size([256, 1024, 1, 1]), torch.Size([256]), torch.Size([256]), torch.Size([256, 256, 3, 3]), torch.Size([256]), torch.Size([256]), torch.Size([1024, 256, 1, 1]), torch.Size([1024]), torch.Size([1024]), torch.Size([256, 1024, 1, 1]), torch.Size([256]), torch.Size([256]), torch.Size([256, 256, 3, 3]), torch.Size([256]), torch.Size([256]), torch.Size([1024, 256, 1, 1]), torch.Size([1024]), torch.Size([1024]), torch.Size([256, 1024, 1, 1]), torch.Size([256]), torch.Size([256]), torch.Size([256, 256, 3, 3]), torch.Size([256]), torch.Size([256]), torch.Size([1024, 256, 1, 1]), torch.Size([1024]), torch.Size([1024]), torch.Size([256, 1024, 1, 1]), torch.Size([256]), torch.Size([256]), torch.Size([256, 256, 3, 3]), torch.Size([256]), torch.Size([256]), torch.Size([1024, 256, 1, 1]), torch.Size([1024]), torch.Size([1024]), torch.Size([512, 1024, 1, 1]), torch.Size([512]), torch.Size([512]), torch.Size([512, 512, 3, 3]), torch.Size([512]), torch.Size([512]), torch.Size([2048, 512, 1, 1]), torch.Size([2048]), torch.Size([2048]), torch.Size([2048, 1024, 1, 1]), torch.Size([2048]), torch.Size([2048]), torch.Size([512, 2048, 1, 1]), torch.Size([512]), torch.Size([512]), torch.Size([512, 512, 3, 3]), torch.Size([512]), torch.Size([512]), torch.Size([2048, 512, 1, 1]), torch.Size([2048]), torch.Size([2048]), torch.Size([512, 2048, 1, 1]), torch.Size([512]), torch.Size([512]), torch.Size([512, 512, 3, 3]), torch.Size([512]), torch.Size([512]), torch.Size([2048, 512, 1, 1]), torch.Size([2048]), torch.Size([2048]), torch.Size([10, 2048]), torch.Size([10])]
2026-08-08 20:35:43 [INFO] src.analysis.pyhessian: [PyHessian] layer3.1.conv3.weight: trace=6.8253 (17 iters)
[torch.Size([64, 3, 3, 3]), torch.Size([64]), torch.Size([64]), torch.Size([64, 64, 1, 1]), torch.Size([64]), torch.Size([64]), torch.Size([64, 64, 3, 3]), torch.Size([64]), torch.Size([64]), torch.Size([256, 64, 1, 1]), torch.Size([256]), torch.Size([256]), torch.Size([256, 64, 1, 1]), torch.Size([256]), torch.Size([256]), torch.Size([64, 256, 1, 1]), torch.Size([64]), torch.Size([64]), torch.Size([64, 64, 3, 3]), torch.Size([64]), torch.Size([64]), torch.Size([256, 64, 1, 1]), torch.Size([256]), torch.Size([256]), torch.Size([64, 256, 1, 1]), torch.Size([64]), torch.Size([64]), torch.Size([64, 64, 3, 3]), torch.Size([64]), torch.Size([64]), torch.Size([256, 64, 1, 1]), torch.Size([256]), torch.Size([256]), torch.Size([128, 256, 1, 1]), torch.Size([128]), torch.Size([128]), torch.Size([128, 128, 3, 3]), torch.Size([128]), torch.Size([128]), torch.Size([512, 128, 1, 1]), torch.Size([512]), torch.Size([512]), torch.Size([512, 256, 1, 1]), torch.Size([512]), torch.Size([512]), torch.Size([128, 512, 1, 1]), torch.Size([128]), torch.Size([128]), torch.Size([128, 128, 3, 3]), torch.Size([128]), torch.Size([128]), torch.Size([512, 128, 1, 1]), torch.Size([512]), torch.Size([512]), torch.Size([128, 512, 1, 1]), torch.Size([128]), torch.Size([128]), torch.Size([128, 128, 3, 3]), torch.Size([128]), torch.Size([128]), torch.Size([512, 128, 1, 1]), torch.Size([512]), torch.Size([512]), torch.Size([128, 512, 1, 1]), torch.Size([128]), torch.Size([128]), torch.Size([128, 128, 3, 3]), torch.Size([128]), torch.Size([128]), torch.Size([512, 128, 1, 1]), torch.Size([512]), torch.Size([512]), torch.Size([256, 512, 1, 1]), torch.Size([256]), torch.Size([256]), torch.Size([256, 256, 3, 3]), torch.Size([256]), torch.Size([256]), torch.Size([1024, 256, 1, 1]), torch.Size([1024]), torch.Size([1024]), torch.Size([1024, 512, 1, 1]), torch.Size([1024]), torch.Size([1024]), torch.Size([256, 1024, 1, 1]), torch.Size([256]), torch.Size([256]), torch.Size([256, 256, 3, 3]), torch.Size([256]), torch.Size([256]), torch.Size([1024, 256, 1, 1]), torch.Size([1024]), torch.Size([1024]), torch.Size([256, 1024, 1, 1]), torch.Size([256]), torch.Size([256]), torch.Size([256, 256, 3, 3]), torch.Size([256]), torch.Size([256]), torch.Size([1024, 256, 1, 1]), torch.Size([1024]), torch.Size([1024]), torch.Size([256, 1024, 1, 1]), torch.Size([256]), torch.Size([256]), torch.Size([256, 256, 3, 3]), torch.Size([256]), torch.Size([256]), torch.Size([1024, 256, 1, 1]), torch.Size([1024]), torch.Size([1024]), torch.Size([256, 1024, 1, 1]), torch.Size([256]), torch.Size([256]), torch.Size([256, 256, 3, 3]), torch.Size([256]), torch.Size([256]), torch.Size([1024, 256, 1, 1]), torch.Size([1024]), torch.Size([1024]), torch.Size([256, 1024, 1, 1]), torch.Size([256]), torch.Size([256]), torch.Size([256, 256, 3, 3]), torch.Size([256]), torch.Size([256]), torch.Size([1024, 256, 1, 1]), torch.Size([1024]), torch.Size([1024]), torch.Size([512, 1024, 1, 1]), torch.Size([512]), torch.Size([512]), torch.Size([512, 512, 3, 3]), torch.Size([512]), torch.Size([512]), torch.Size([2048, 512, 1, 1]), torch.Size([2048]), torch.Size([2048]), torch.Size([2048, 1024, 1, 1]), torch.Size([2048]), torch.Size([2048]), torch.Size([512, 2048, 1, 1]), torch.Size([512]), torch.Size([512]), torch.Size([512, 512, 3, 3]), torch.Size([512]), torch.Size([512]), torch.Size([2048, 512, 1, 1]), torch.Size([2048]), torch.Size([2048]), torch.Size([512, 2048, 1, 1]), torch.Size([512]), torch.Size([512]), torch.Size([512, 512, 3, 3]), torch.Size([512]), torch.Size([512]), torch.Size([2048, 512, 1, 1]), torch.Size([2048]), torch.Size([2048]), torch.Size([10, 2048]), torch.Size([10])]
2026-08-08 20:35:43 [INFO] src.analysis.pyhessian: [PyHessian] layer3.2.conv1.weight: trace=3.8193 (5 iters)
[torch.Size([64, 3, 3, 3]), torch.Size([64]), torch.Size([64]), torch.Size([64, 64, 1, 1]), torch.Size([64]), torch.Size([64]), torch.Size([64, 64, 3, 3]), torch.Size([64]), torch.Size([64]), torch.Size([256, 64, 1, 1]), torch.Size([256]), torch.Size([256]), torch.Size([256, 64, 1, 1]), torch.Size([256]), torch.Size([256]), torch.Size([64, 256, 1, 1]), torch.Size([64]), torch.Size([64]), torch.Size([64, 64, 3, 3]), torch.Size([64]), torch.Size([64]), torch.Size([256, 64, 1, 1]), torch.Size([256]), torch.Size([256]), torch.Size([64, 256, 1, 1]), torch.Size([64]), torch.Size([64]), torch.Size([64, 64, 3, 3]), torch.Size([64]), torch.Size([64]), torch.Size([256, 64, 1, 1]), torch.Size([256]), torch.Size([256]), torch.Size([128, 256, 1, 1]), torch.Size([128]), torch.Size([128]), torch.Size([128, 128, 3, 3]), torch.Size([128]), torch.Size([128]), torch.Size([512, 128, 1, 1]), torch.Size([512]), torch.Size([512]), torch.Size([512, 256, 1, 1]), torch.Size([512]), torch.Size([512]), torch.Size([128, 512, 1, 1]), torch.Size([128]), torch.Size([128]), torch.Size([128, 128, 3, 3]), torch.Size([128]), torch.Size([128]), torch.Size([512, 128, 1, 1]), torch.Size([512]), torch.Size([512]), torch.Size([128, 512, 1, 1]), torch.Size([128]), torch.Size([128]), torch.Size([128, 128, 3, 3]), torch.Size([128]), torch.Size([128]), torch.Size([512, 128, 1, 1]), torch.Size([512]), torch.Size([512]), torch.Size([128, 512, 1, 1]), torch.Size([128]), torch.Size([128]), torch.Size([128, 128, 3, 3]), torch.Size([128]), torch.Size([128]), torch.Size([512, 128, 1, 1]), torch.Size([512]), torch.Size([512]), torch.Size([256, 512, 1, 1]), torch.Size([256]), torch.Size([256]), torch.Size([256, 256, 3, 3]), torch.Size([256]), torch.Size([256]), torch.Size([1024, 256, 1, 1]), torch.Size([1024]), torch.Size([1024]), torch.Size([1024, 512, 1, 1]), torch.Size([1024]), torch.Size([1024]), torch.Size([256, 1024, 1, 1]), torch.Size([256]), torch.Size([256]), torch.Size([256, 256, 3, 3]), torch.Size([256]), torch.Size([256]), torch.Size([1024, 256, 1, 1]), torch.Size([1024]), torch.Size([1024]), torch.Size([256, 1024, 1, 1]), torch.Size([256]), torch.Size([256]), torch.Size([256, 256, 3, 3]), torch.Size([256]), torch.Size([256]), torch.Size([1024, 256, 1, 1]), torch.Size([1024]), torch.Size([1024]), torch.Size([256, 1024, 1, 1]), torch.Size([256]), torch.Size([256]), torch.Size([256, 256, 3, 3]), torch.Size([256]), torch.Size([256]), torch.Size([1024, 256, 1, 1]), torch.Size([1024]), torch.Size([1024]), torch.Size([256, 1024, 1, 1]), torch.Size([256]), torch.Size([256]), torch.Size([256, 256, 3, 3]), torch.Size([256]), torch.Size([256]), torch.Size([1024, 256, 1, 1]), torch.Size([1024]), torch.Size([1024]), torch.Size([256, 1024, 1, 1]), torch.Size([256]), torch.Size([256]), torch.Size([256, 256, 3, 3]), torch.Size([256]), torch.Size([256]), torch.Size([1024, 256, 1, 1]), torch.Size([1024]), torch.Size([1024]), torch.Size([512, 1024, 1, 1]), torch.Size([512]), torch.Size([512]), torch.Size([512, 512, 3, 3]), torch.Size([512]), torch.Size([512]), torch.Size([2048, 512, 1, 1]), torch.Size([2048]), torch.Size([2048]), torch.Size([2048, 1024, 1, 1]), torch.Size([2048]), torch.Size([2048]), torch.Size([512, 2048, 1, 1]), torch.Size([512]), torch.Size([512]), torch.Size([512, 512, 3, 3]), torch.Size([512]), torch.Size([512]), torch.Size([2048, 512, 1, 1]), torch.Size([2048]), torch.Size([2048]), torch.Size([512, 2048, 1, 1]), torch.Size([512]), torch.Size([512]), torch.Size([512, 512, 3, 3]), torch.Size([512]), torch.Size([512]), torch.Size([2048, 512, 1, 1]), torch.Size([2048]), torch.Size([2048]), torch.Size([10, 2048]), torch.Size([10])]
2026-08-08 20:35:44 [INFO] src.analysis.pyhessian: [PyHessian] layer3.2.conv2.weight: trace=9.2264 (14 iters)
[torch.Size([64, 3, 3, 3]), torch.Size([64]), torch.Size([64]), torch.Size([64, 64, 1, 1]), torch.Size([64]), torch.Size([64]), torch.Size([64, 64, 3, 3]), torch.Size([64]), torch.Size([64]), torch.Size([256, 64, 1, 1]), torch.Size([256]), torch.Size([256]), torch.Size([256, 64, 1, 1]), torch.Size([256]), torch.Size([256]), torch.Size([64, 256, 1, 1]), torch.Size([64]), torch.Size([64]), torch.Size([64, 64, 3, 3]), torch.Size([64]), torch.Size([64]), torch.Size([256, 64, 1, 1]), torch.Size([256]), torch.Size([256]), torch.Size([64, 256, 1, 1]), torch.Size([64]), torch.Size([64]), torch.Size([64, 64, 3, 3]), torch.Size([64]), torch.Size([64]), torch.Size([256, 64, 1, 1]), torch.Size([256]), torch.Size([256]), torch.Size([128, 256, 1, 1]), torch.Size([128]), torch.Size([128]), torch.Size([128, 128, 3, 3]), torch.Size([128]), torch.Size([128]), torch.Size([512, 128, 1, 1]), torch.Size([512]), torch.Size([512]), torch.Size([512, 256, 1, 1]), torch.Size([512]), torch.Size([512]), torch.Size([128, 512, 1, 1]), torch.Size([128]), torch.Size([128]), torch.Size([128, 128, 3, 3]), torch.Size([128]), torch.Size([128]), torch.Size([512, 128, 1, 1]), torch.Size([512]), torch.Size([512]), torch.Size([128, 512, 1, 1]), torch.Size([128]), torch.Size([128]), torch.Size([128, 128, 3, 3]), torch.Size([128]), torch.Size([128]), torch.Size([512, 128, 1, 1]), torch.Size([512]), torch.Size([512]), torch.Size([128, 512, 1, 1]), torch.Size([128]), torch.Size([128]), torch.Size([128, 128, 3, 3]), torch.Size([128]), torch.Size([128]), torch.Size([512, 128, 1, 1]), torch.Size([512]), torch.Size([512]), torch.Size([256, 512, 1, 1]), torch.Size([256]), torch.Size([256]), torch.Size([256, 256, 3, 3]), torch.Size([256]), torch.Size([256]), torch.Size([1024, 256, 1, 1]), torch.Size([1024]), torch.Size([1024]), torch.Size([1024, 512, 1, 1]), torch.Size([1024]), torch.Size([1024]), torch.Size([256, 1024, 1, 1]), torch.Size([256]), torch.Size([256]), torch.Size([256, 256, 3, 3]), torch.Size([256]), torch.Size([256]), torch.Size([1024, 256, 1, 1]), torch.Size([1024]), torch.Size([1024]), torch.Size([256, 1024, 1, 1]), torch.Size([256]), torch.Size([256]), torch.Size([256, 256, 3, 3]), torch.Size([256]), torch.Size([256]), torch.Size([1024, 256, 1, 1]), torch.Size([1024]), torch.Size([1024]), torch.Size([256, 1024, 1, 1]), torch.Size([256]), torch.Size([256]), torch.Size([256, 256, 3, 3]), torch.Size([256]), torch.Size([256]), torch.Size([1024, 256, 1, 1]), torch.Size([1024]), torch.Size([1024]), torch.Size([256, 1024, 1, 1]), torch.Size([256]), torch.Size([256]), torch.Size([256, 256, 3, 3]), torch.Size([256]), torch.Size([256]), torch.Size([1024, 256, 1, 1]), torch.Size([1024]), torch.Size([1024]), torch.Size([256, 1024, 1, 1]), torch.Size([256]), torch.Size([256]), torch.Size([256, 256, 3, 3]), torch.Size([256]), torch.Size([256]), torch.Size([1024, 256, 1, 1]), torch.Size([1024]), torch.Size([1024]), torch.Size([512, 1024, 1, 1]), torch.Size([512]), torch.Size([512]), torch.Size([512, 512, 3, 3]), torch.Size([512]), torch.Size([512]), torch.Size([2048, 512, 1, 1]), torch.Size([2048]), torch.Size([2048]), torch.Size([2048, 1024, 1, 1]), torch.Size([2048]), torch.Size([2048]), torch.Size([512, 2048, 1, 1]), torch.Size([512]), torch.Size([512]), torch.Size([512, 512, 3, 3]), torch.Size([512]), torch.Size([512]), torch.Size([2048, 512, 1, 1]), torch.Size([2048]), torch.Size([2048]), torch.Size([512, 2048, 1, 1]), torch.Size([512]), torch.Size([512]), torch.Size([512, 512, 3, 3]), torch.Size([512]), torch.Size([512]), torch.Size([2048, 512, 1, 1]), torch.Size([2048]), torch.Size([2048]), torch.Size([10, 2048]), torch.Size([10])]
2026-08-08 20:35:45 [INFO] src.analysis.pyhessian: [PyHessian] layer3.2.conv3.weight: trace=5.9194 (27 iters)
[torch.Size([64, 3, 3, 3]), torch.Size([64]), torch.Size([64]), torch.Size([64, 64, 1, 1]), torch.Size([64]), torch.Size([64]), torch.Size([64, 64, 3, 3]), torch.Size([64]), torch.Size([64]), torch.Size([256, 64, 1, 1]), torch.Size([256]), torch.Size([256]), torch.Size([256, 64, 1, 1]), torch.Size([256]), torch.Size([256]), torch.Size([64, 256, 1, 1]), torch.Size([64]), torch.Size([64]), torch.Size([64, 64, 3, 3]), torch.Size([64]), torch.Size([64]), torch.Size([256, 64, 1, 1]), torch.Size([256]), torch.Size([256]), torch.Size([64, 256, 1, 1]), torch.Size([64]), torch.Size([64]), torch.Size([64, 64, 3, 3]), torch.Size([64]), torch.Size([64]), torch.Size([256, 64, 1, 1]), torch.Size([256]), torch.Size([256]), torch.Size([128, 256, 1, 1]), torch.Size([128]), torch.Size([128]), torch.Size([128, 128, 3, 3]), torch.Size([128]), torch.Size([128]), torch.Size([512, 128, 1, 1]), torch.Size([512]), torch.Size([512]), torch.Size([512, 256, 1, 1]), torch.Size([512]), torch.Size([512]), torch.Size([128, 512, 1, 1]), torch.Size([128]), torch.Size([128]), torch.Size([128, 128, 3, 3]), torch.Size([128]), torch.Size([128]), torch.Size([512, 128, 1, 1]), torch.Size([512]), torch.Size([512]), torch.Size([128, 512, 1, 1]), torch.Size([128]), torch.Size([128]), torch.Size([128, 128, 3, 3]), torch.Size([128]), torch.Size([128]), torch.Size([512, 128, 1, 1]), torch.Size([512]), torch.Size([512]), torch.Size([128, 512, 1, 1]), torch.Size([128]), torch.Size([128]), torch.Size([128, 128, 3, 3]), torch.Size([128]), torch.Size([128]), torch.Size([512, 128, 1, 1]), torch.Size([512]), torch.Size([512]), torch.Size([256, 512, 1, 1]), torch.Size([256]), torch.Size([256]), torch.Size([256, 256, 3, 3]), torch.Size([256]), torch.Size([256]), torch.Size([1024, 256, 1, 1]), torch.Size([1024]), torch.Size([1024]), torch.Size([1024, 512, 1, 1]), torch.Size([1024]), torch.Size([1024]), torch.Size([256, 1024, 1, 1]), torch.Size([256]), torch.Size([256]), torch.Size([256, 256, 3, 3]), torch.Size([256]), torch.Size([256]), torch.Size([1024, 256, 1, 1]), torch.Size([1024]), torch.Size([1024]), torch.Size([256, 1024, 1, 1]), torch.Size([256]), torch.Size([256]), torch.Size([256, 256, 3, 3]), torch.Size([256]), torch.Size([256]), torch.Size([1024, 256, 1, 1]), torch.Size([1024]), torch.Size([1024]), torch.Size([256, 1024, 1, 1]), torch.Size([256]), torch.Size([256]), torch.Size([256, 256, 3, 3]), torch.Size([256]), torch.Size([256]), torch.Size([1024, 256, 1, 1]), torch.Size([1024]), torch.Size([1024]), torch.Size([256, 1024, 1, 1]), torch.Size([256]), torch.Size([256]), torch.Size([256, 256, 3, 3]), torch.Size([256]), torch.Size([256]), torch.Size([1024, 256, 1, 1]), torch.Size([1024]), torch.Size([1024]), torch.Size([256, 1024, 1, 1]), torch.Size([256]), torch.Size([256]), torch.Size([256, 256, 3, 3]), torch.Size([256]), torch.Size([256]), torch.Size([1024, 256, 1, 1]), torch.Size([1024]), torch.Size([1024]), torch.Size([512, 1024, 1, 1]), torch.Size([512]), torch.Size([512]), torch.Size([512, 512, 3, 3]), torch.Size([512]), torch.Size([512]), torch.Size([2048, 512, 1, 1]), torch.Size([2048]), torch.Size([2048]), torch.Size([2048, 1024, 1, 1]), torch.Size([2048]), torch.Size([2048]), torch.Size([512, 2048, 1, 1]), torch.Size([512]), torch.Size([512]), torch.Size([512, 512, 3, 3]), torch.Size([512]), torch.Size([512]), torch.Size([2048, 512, 1, 1]), torch.Size([2048]), torch.Size([2048]), torch.Size([512, 2048, 1, 1]), torch.Size([512]), torch.Size([512]), torch.Size([512, 512, 3, 3]), torch.Size([512]), torch.Size([512]), torch.Size([2048, 512, 1, 1]), torch.Size([2048]), torch.Size([2048]), torch.Size([10, 2048]), torch.Size([10])]
2026-08-08 20:35:46 [INFO] src.analysis.pyhessian: [PyHessian] layer3.3.conv1.weight: trace=4.9240 (18 iters)
[torch.Size([64, 3, 3, 3]), torch.Size([64]), torch.Size([64]), torch.Size([64, 64, 1, 1]), torch.Size([64]), torch.Size([64]), torch.Size([64, 64, 3, 3]), torch.Size([64]), torch.Size([64]), torch.Size([256, 64, 1, 1]), torch.Size([256]), torch.Size([256]), torch.Size([256, 64, 1, 1]), torch.Size([256]), torch.Size([256]), torch.Size([64, 256, 1, 1]), torch.Size([64]), torch.Size([64]), torch.Size([64, 64, 3, 3]), torch.Size([64]), torch.Size([64]), torch.Size([256, 64, 1, 1]), torch.Size([256]), torch.Size([256]), torch.Size([64, 256, 1, 1]), torch.Size([64]), torch.Size([64]), torch.Size([64, 64, 3, 3]), torch.Size([64]), torch.Size([64]), torch.Size([256, 64, 1, 1]), torch.Size([256]), torch.Size([256]), torch.Size([128, 256, 1, 1]), torch.Size([128]), torch.Size([128]), torch.Size([128, 128, 3, 3]), torch.Size([128]), torch.Size([128]), torch.Size([512, 128, 1, 1]), torch.Size([512]), torch.Size([512]), torch.Size([512, 256, 1, 1]), torch.Size([512]), torch.Size([512]), torch.Size([128, 512, 1, 1]), torch.Size([128]), torch.Size([128]), torch.Size([128, 128, 3, 3]), torch.Size([128]), torch.Size([128]), torch.Size([512, 128, 1, 1]), torch.Size([512]), torch.Size([512]), torch.Size([128, 512, 1, 1]), torch.Size([128]), torch.Size([128]), torch.Size([128, 128, 3, 3]), torch.Size([128]), torch.Size([128]), torch.Size([512, 128, 1, 1]), torch.Size([512]), torch.Size([512]), torch.Size([128, 512, 1, 1]), torch.Size([128]), torch.Size([128]), torch.Size([128, 128, 3, 3]), torch.Size([128]), torch.Size([128]), torch.Size([512, 128, 1, 1]), torch.Size([512]), torch.Size([512]), torch.Size([256, 512, 1, 1]), torch.Size([256]), torch.Size([256]), torch.Size([256, 256, 3, 3]), torch.Size([256]), torch.Size([256]), torch.Size([1024, 256, 1, 1]), torch.Size([1024]), torch.Size([1024]), torch.Size([1024, 512, 1, 1]), torch.Size([1024]), torch.Size([1024]), torch.Size([256, 1024, 1, 1]), torch.Size([256]), torch.Size([256]), torch.Size([256, 256, 3, 3]), torch.Size([256]), torch.Size([256]), torch.Size([1024, 256, 1, 1]), torch.Size([1024]), torch.Size([1024]), torch.Size([256, 1024, 1, 1]), torch.Size([256]), torch.Size([256]), torch.Size([256, 256, 3, 3]), torch.Size([256]), torch.Size([256]), torch.Size([1024, 256, 1, 1]), torch.Size([1024]), torch.Size([1024]), torch.Size([256, 1024, 1, 1]), torch.Size([256]), torch.Size([256]), torch.Size([256, 256, 3, 3]), torch.Size([256]), torch.Size([256]), torch.Size([1024, 256, 1, 1]), torch.Size([1024]), torch.Size([1024]), torch.Size([256, 1024, 1, 1]), torch.Size([256]), torch.Size([256]), torch.Size([256, 256, 3, 3]), torch.Size([256]), torch.Size([256]), torch.Size([1024, 256, 1, 1]), torch.Size([1024]), torch.Size([1024]), torch.Size([256, 1024, 1, 1]), torch.Size([256]), torch.Size([256]), torch.Size([256, 256, 3, 3]), torch.Size([256]), torch.Size([256]), torch.Size([1024, 256, 1, 1]), torch.Size([1024]), torch.Size([1024]), torch.Size([512, 1024, 1, 1]), torch.Size([512]), torch.Size([512]), torch.Size([512, 512, 3, 3]), torch.Size([512]), torch.Size([512]), torch.Size([2048, 512, 1, 1]), torch.Size([2048]), torch.Size([2048]), torch.Size([2048, 1024, 1, 1]), torch.Size([2048]), torch.Size([2048]), torch.Size([512, 2048, 1, 1]), torch.Size([512]), torch.Size([512]), torch.Size([512, 512, 3, 3]), torch.Size([512]), torch.Size([512]), torch.Size([2048, 512, 1, 1]), torch.Size([2048]), torch.Size([2048]), torch.Size([512, 2048, 1, 1]), torch.Size([512]), torch.Size([512]), torch.Size([512, 512, 3, 3]), torch.Size([512]), torch.Size([512]), torch.Size([2048, 512, 1, 1]), torch.Size([2048]), torch.Size([2048]), torch.Size([10, 2048]), torch.Size([10])]
2026-08-08 20:35:47 [INFO] src.analysis.pyhessian: [PyHessian] layer3.3.conv2.weight: trace=9.8591 (12 iters)
[torch.Size([64, 3, 3, 3]), torch.Size([64]), torch.Size([64]), torch.Size([64, 64, 1, 1]), torch.Size([64]), torch.Size([64]), torch.Size([64, 64, 3, 3]), torch.Size([64]), torch.Size([64]), torch.Size([256, 64, 1, 1]), torch.Size([256]), torch.Size([256]), torch.Size([256, 64, 1, 1]), torch.Size([256]), torch.Size([256]), torch.Size([64, 256, 1, 1]), torch.Size([64]), torch.Size([64]), torch.Size([64, 64, 3, 3]), torch.Size([64]), torch.Size([64]), torch.Size([256, 64, 1, 1]), torch.Size([256]), torch.Size([256]), torch.Size([64, 256, 1, 1]), torch.Size([64]), torch.Size([64]), torch.Size([64, 64, 3, 3]), torch.Size([64]), torch.Size([64]), torch.Size([256, 64, 1, 1]), torch.Size([256]), torch.Size([256]), torch.Size([128, 256, 1, 1]), torch.Size([128]), torch.Size([128]), torch.Size([128, 128, 3, 3]), torch.Size([128]), torch.Size([128]), torch.Size([512, 128, 1, 1]), torch.Size([512]), torch.Size([512]), torch.Size([512, 256, 1, 1]), torch.Size([512]), torch.Size([512]), torch.Size([128, 512, 1, 1]), torch.Size([128]), torch.Size([128]), torch.Size([128, 128, 3, 3]), torch.Size([128]), torch.Size([128]), torch.Size([512, 128, 1, 1]), torch.Size([512]), torch.Size([512]), torch.Size([128, 512, 1, 1]), torch.Size([128]), torch.Size([128]), torch.Size([128, 128, 3, 3]), torch.Size([128]), torch.Size([128]), torch.Size([512, 128, 1, 1]), torch.Size([512]), torch.Size([512]), torch.Size([128, 512, 1, 1]), torch.Size([128]), torch.Size([128]), torch.Size([128, 128, 3, 3]), torch.Size([128]), torch.Size([128]), torch.Size([512, 128, 1, 1]), torch.Size([512]), torch.Size([512]), torch.Size([256, 512, 1, 1]), torch.Size([256]), torch.Size([256]), torch.Size([256, 256, 3, 3]), torch.Size([256]), torch.Size([256]), torch.Size([1024, 256, 1, 1]), torch.Size([1024]), torch.Size([1024]), torch.Size([1024, 512, 1, 1]), torch.Size([1024]), torch.Size([1024]), torch.Size([256, 1024, 1, 1]), torch.Size([256]), torch.Size([256]), torch.Size([256, 256, 3, 3]), torch.Size([256]), torch.Size([256]), torch.Size([1024, 256, 1, 1]), torch.Size([1024]), torch.Size([1024]), torch.Size([256, 1024, 1, 1]), torch.Size([256]), torch.Size([256]), torch.Size([256, 256, 3, 3]), torch.Size([256]), torch.Size([256]), torch.Size([1024, 256, 1, 1]), torch.Size([1024]), torch.Size([1024]), torch.Size([256, 1024, 1, 1]), torch.Size([256]), torch.Size([256]), torch.Size([256, 256, 3, 3]), torch.Size([256]), torch.Size([256]), torch.Size([1024, 256, 1, 1]), torch.Size([1024]), torch.Size([1024]), torch.Size([256, 1024, 1, 1]), torch.Size([256]), torch.Size([256]), torch.Size([256, 256, 3, 3]), torch.Size([256]), torch.Size([256]), torch.Size([1024, 256, 1, 1]), torch.Size([1024]), torch.Size([1024]), torch.Size([256, 1024, 1, 1]), torch.Size([256]), torch.Size([256]), torch.Size([256, 256, 3, 3]), torch.Size([256]), torch.Size([256]), torch.Size([1024, 256, 1, 1]), torch.Size([1024]), torch.Size([1024]), torch.Size([512, 1024, 1, 1]), torch.Size([512]), torch.Size([512]), torch.Size([512, 512, 3, 3]), torch.Size([512]), torch.Size([512]), torch.Size([2048, 512, 1, 1]), torch.Size([2048]), torch.Size([2048]), torch.Size([2048, 1024, 1, 1]), torch.Size([2048]), torch.Size([2048]), torch.Size([512, 2048, 1, 1]), torch.Size([512]), torch.Size([512]), torch.Size([512, 512, 3, 3]), torch.Size([512]), torch.Size([512]), torch.Size([2048, 512, 1, 1]), torch.Size([2048]), torch.Size([2048]), torch.Size([512, 2048, 1, 1]), torch.Size([512]), torch.Size([512]), torch.Size([512, 512, 3, 3]), torch.Size([512]), torch.Size([512]), torch.Size([2048, 512, 1, 1]), torch.Size([2048]), torch.Size([2048]), torch.Size([10, 2048]), torch.Size([10])]
2026-08-08 20:35:47 [INFO] src.analysis.pyhessian: [PyHessian] layer3.3.conv3.weight: trace=5.2808 (6 iters)
[torch.Size([64, 3, 3, 3]), torch.Size([64]), torch.Size([64]), torch.Size([64, 64, 1, 1]), torch.Size([64]), torch.Size([64]), torch.Size([64, 64, 3, 3]), torch.Size([64]), torch.Size([64]), torch.Size([256, 64, 1, 1]), torch.Size([256]), torch.Size([256]), torch.Size([256, 64, 1, 1]), torch.Size([256]), torch.Size([256]), torch.Size([64, 256, 1, 1]), torch.Size([64]), torch.Size([64]), torch.Size([64, 64, 3, 3]), torch.Size([64]), torch.Size([64]), torch.Size([256, 64, 1, 1]), torch.Size([256]), torch.Size([256]), torch.Size([64, 256, 1, 1]), torch.Size([64]), torch.Size([64]), torch.Size([64, 64, 3, 3]), torch.Size([64]), torch.Size([64]), torch.Size([256, 64, 1, 1]), torch.Size([256]), torch.Size([256]), torch.Size([128, 256, 1, 1]), torch.Size([128]), torch.Size([128]), torch.Size([128, 128, 3, 3]), torch.Size([128]), torch.Size([128]), torch.Size([512, 128, 1, 1]), torch.Size([512]), torch.Size([512]), torch.Size([512, 256, 1, 1]), torch.Size([512]), torch.Size([512]), torch.Size([128, 512, 1, 1]), torch.Size([128]), torch.Size([128]), torch.Size([128, 128, 3, 3]), torch.Size([128]), torch.Size([128]), torch.Size([512, 128, 1, 1]), torch.Size([512]), torch.Size([512]), torch.Size([128, 512, 1, 1]), torch.Size([128]), torch.Size([128]), torch.Size([128, 128, 3, 3]), torch.Size([128]), torch.Size([128]), torch.Size([512, 128, 1, 1]), torch.Size([512]), torch.Size([512]), torch.Size([128, 512, 1, 1]), torch.Size([128]), torch.Size([128]), torch.Size([128, 128, 3, 3]), torch.Size([128]), torch.Size([128]), torch.Size([512, 128, 1, 1]), torch.Size([512]), torch.Size([512]), torch.Size([256, 512, 1, 1]), torch.Size([256]), torch.Size([256]), torch.Size([256, 256, 3, 3]), torch.Size([256]), torch.Size([256]), torch.Size([1024, 256, 1, 1]), torch.Size([1024]), torch.Size([1024]), torch.Size([1024, 512, 1, 1]), torch.Size([1024]), torch.Size([1024]), torch.Size([256, 1024, 1, 1]), torch.Size([256]), torch.Size([256]), torch.Size([256, 256, 3, 3]), torch.Size([256]), torch.Size([256]), torch.Size([1024, 256, 1, 1]), torch.Size([1024]), torch.Size([1024]), torch.Size([256, 1024, 1, 1]), torch.Size([256]), torch.Size([256]), torch.Size([256, 256, 3, 3]), torch.Size([256]), torch.Size([256]), torch.Size([1024, 256, 1, 1]), torch.Size([1024]), torch.Size([1024]), torch.Size([256, 1024, 1, 1]), torch.Size([256]), torch.Size([256]), torch.Size([256, 256, 3, 3]), torch.Size([256]), torch.Size([256]), torch.Size([1024, 256, 1, 1]), torch.Size([1024]), torch.Size([1024]), torch.Size([256, 1024, 1, 1]), torch.Size([256]), torch.Size([256]), torch.Size([256, 256, 3, 3]), torch.Size([256]), torch.Size([256]), torch.Size([1024, 256, 1, 1]), torch.Size([1024]), torch.Size([1024]), torch.Size([256, 1024, 1, 1]), torch.Size([256]), torch.Size([256]), torch.Size([256, 256, 3, 3]), torch.Size([256]), torch.Size([256]), torch.Size([1024, 256, 1, 1]), torch.Size([1024]), torch.Size([1024]), torch.Size([512, 1024, 1, 1]), torch.Size([512]), torch.Size([512]), torch.Size([512, 512, 3, 3]), torch.Size([512]), torch.Size([512]), torch.Size([2048, 512, 1, 1]), torch.Size([2048]), torch.Size([2048]), torch.Size([2048, 1024, 1, 1]), torch.Size([2048]), torch.Size([2048]), torch.Size([512, 2048, 1, 1]), torch.Size([512]), torch.Size([512]), torch.Size([512, 512, 3, 3]), torch.Size([512]), torch.Size([512]), torch.Size([2048, 512, 1, 1]), torch.Size([2048]), torch.Size([2048]), torch.Size([512, 2048, 1, 1]), torch.Size([512]), torch.Size([512]), torch.Size([512, 512, 3, 3]), torch.Size([512]), torch.Size([512]), torch.Size([2048, 512, 1, 1]), torch.Size([2048]), torch.Size([2048]), torch.Size([10, 2048]), torch.Size([10])]
2026-08-08 20:35:48 [INFO] src.analysis.pyhessian: [PyHessian] layer3.4.conv1.weight: trace=9.7979 (29 iters)
[torch.Size([64, 3, 3, 3]), torch.Size([64]), torch.Size([64]), torch.Size([64, 64, 1, 1]), torch.Size([64]), torch.Size([64]), torch.Size([64, 64, 3, 3]), torch.Size([64]), torch.Size([64]), torch.Size([256, 64, 1, 1]), torch.Size([256]), torch.Size([256]), torch.Size([256, 64, 1, 1]), torch.Size([256]), torch.Size([256]), torch.Size([64, 256, 1, 1]), torch.Size([64]), torch.Size([64]), torch.Size([64, 64, 3, 3]), torch.Size([64]), torch.Size([64]), torch.Size([256, 64, 1, 1]), torch.Size([256]), torch.Size([256]), torch.Size([64, 256, 1, 1]), torch.Size([64]), torch.Size([64]), torch.Size([64, 64, 3, 3]), torch.Size([64]), torch.Size([64]), torch.Size([256, 64, 1, 1]), torch.Size([256]), torch.Size([256]), torch.Size([128, 256, 1, 1]), torch.Size([128]), torch.Size([128]), torch.Size([128, 128, 3, 3]), torch.Size([128]), torch.Size([128]), torch.Size([512, 128, 1, 1]), torch.Size([512]), torch.Size([512]), torch.Size([512, 256, 1, 1]), torch.Size([512]), torch.Size([512]), torch.Size([128, 512, 1, 1]), torch.Size([128]), torch.Size([128]), torch.Size([128, 128, 3, 3]), torch.Size([128]), torch.Size([128]), torch.Size([512, 128, 1, 1]), torch.Size([512]), torch.Size([512]), torch.Size([128, 512, 1, 1]), torch.Size([128]), torch.Size([128]), torch.Size([128, 128, 3, 3]), torch.Size([128]), torch.Size([128]), torch.Size([512, 128, 1, 1]), torch.Size([512]), torch.Size([512]), torch.Size([128, 512, 1, 1]), torch.Size([128]), torch.Size([128]), torch.Size([128, 128, 3, 3]), torch.Size([128]), torch.Size([128]), torch.Size([512, 128, 1, 1]), torch.Size([512]), torch.Size([512]), torch.Size([256, 512, 1, 1]), torch.Size([256]), torch.Size([256]), torch.Size([256, 256, 3, 3]), torch.Size([256]), torch.Size([256]), torch.Size([1024, 256, 1, 1]), torch.Size([1024]), torch.Size([1024]), torch.Size([1024, 512, 1, 1]), torch.Size([1024]), torch.Size([1024]), torch.Size([256, 1024, 1, 1]), torch.Size([256]), torch.Size([256]), torch.Size([256, 256, 3, 3]), torch.Size([256]), torch.Size([256]), torch.Size([1024, 256, 1, 1]), torch.Size([1024]), torch.Size([1024]), torch.Size([256, 1024, 1, 1]), torch.Size([256]), torch.Size([256]), torch.Size([256, 256, 3, 3]), torch.Size([256]), torch.Size([256]), torch.Size([1024, 256, 1, 1]), torch.Size([1024]), torch.Size([1024]), torch.Size([256, 1024, 1, 1]), torch.Size([256]), torch.Size([256]), torch.Size([256, 256, 3, 3]), torch.Size([256]), torch.Size([256]), torch.Size([1024, 256, 1, 1]), torch.Size([1024]), torch.Size([1024]), torch.Size([256, 1024, 1, 1]), torch.Size([256]), torch.Size([256]), torch.Size([256, 256, 3, 3]), torch.Size([256]), torch.Size([256]), torch.Size([1024, 256, 1, 1]), torch.Size([1024]), torch.Size([1024]), torch.Size([256, 1024, 1, 1]), torch.Size([256]), torch.Size([256]), torch.Size([256, 256, 3, 3]), torch.Size([256]), torch.Size([256]), torch.Size([1024, 256, 1, 1]), torch.Size([1024]), torch.Size([1024]), torch.Size([512, 1024, 1, 1]), torch.Size([512]), torch.Size([512]), torch.Size([512, 512, 3, 3]), torch.Size([512]), torch.Size([512]), torch.Size([2048, 512, 1, 1]), torch.Size([2048]), torch.Size([2048]), torch.Size([2048, 1024, 1, 1]), torch.Size([2048]), torch.Size([2048]), torch.Size([512, 2048, 1, 1]), torch.Size([512]), torch.Size([512]), torch.Size([512, 512, 3, 3]), torch.Size([512]), torch.Size([512]), torch.Size([2048, 512, 1, 1]), torch.Size([2048]), torch.Size([2048]), torch.Size([512, 2048, 1, 1]), torch.Size([512]), torch.Size([512]), torch.Size([512, 512, 3, 3]), torch.Size([512]), torch.Size([512]), torch.Size([2048, 512, 1, 1]), torch.Size([2048]), torch.Size([2048]), torch.Size([10, 2048]), torch.Size([10])]
2026-08-08 20:35:49 [INFO] src.analysis.pyhessian: [PyHessian] layer3.4.conv2.weight: trace=21.1486 (29 iters)
[torch.Size([64, 3, 3, 3]), torch.Size([64]), torch.Size([64]), torch.Size([64, 64, 1, 1]), torch.Size([64]), torch.Size([64]), torch.Size([64, 64, 3, 3]), torch.Size([64]), torch.Size([64]), torch.Size([256, 64, 1, 1]), torch.Size([256]), torch.Size([256]), torch.Size([256, 64, 1, 1]), torch.Size([256]), torch.Size([256]), torch.Size([64, 256, 1, 1]), torch.Size([64]), torch.Size([64]), torch.Size([64, 64, 3, 3]), torch.Size([64]), torch.Size([64]), torch.Size([256, 64, 1, 1]), torch.Size([256]), torch.Size([256]), torch.Size([64, 256, 1, 1]), torch.Size([64]), torch.Size([64]), torch.Size([64, 64, 3, 3]), torch.Size([64]), torch.Size([64]), torch.Size([256, 64, 1, 1]), torch.Size([256]), torch.Size([256]), torch.Size([128, 256, 1, 1]), torch.Size([128]), torch.Size([128]), torch.Size([128, 128, 3, 3]), torch.Size([128]), torch.Size([128]), torch.Size([512, 128, 1, 1]), torch.Size([512]), torch.Size([512]), torch.Size([512, 256, 1, 1]), torch.Size([512]), torch.Size([512]), torch.Size([128, 512, 1, 1]), torch.Size([128]), torch.Size([128]), torch.Size([128, 128, 3, 3]), torch.Size([128]), torch.Size([128]), torch.Size([512, 128, 1, 1]), torch.Size([512]), torch.Size([512]), torch.Size([128, 512, 1, 1]), torch.Size([128]), torch.Size([128]), torch.Size([128, 128, 3, 3]), torch.Size([128]), torch.Size([128]), torch.Size([512, 128, 1, 1]), torch.Size([512]), torch.Size([512]), torch.Size([128, 512, 1, 1]), torch.Size([128]), torch.Size([128]), torch.Size([128, 128, 3, 3]), torch.Size([128]), torch.Size([128]), torch.Size([512, 128, 1, 1]), torch.Size([512]), torch.Size([512]), torch.Size([256, 512, 1, 1]), torch.Size([256]), torch.Size([256]), torch.Size([256, 256, 3, 3]), torch.Size([256]), torch.Size([256]), torch.Size([1024, 256, 1, 1]), torch.Size([1024]), torch.Size([1024]), torch.Size([1024, 512, 1, 1]), torch.Size([1024]), torch.Size([1024]), torch.Size([256, 1024, 1, 1]), torch.Size([256]), torch.Size([256]), torch.Size([256, 256, 3, 3]), torch.Size([256]), torch.Size([256]), torch.Size([1024, 256, 1, 1]), torch.Size([1024]), torch.Size([1024]), torch.Size([256, 1024, 1, 1]), torch.Size([256]), torch.Size([256]), torch.Size([256, 256, 3, 3]), torch.Size([256]), torch.Size([256]), torch.Size([1024, 256, 1, 1]), torch.Size([1024]), torch.Size([1024]), torch.Size([256, 1024, 1, 1]), torch.Size([256]), torch.Size([256]), torch.Size([256, 256, 3, 3]), torch.Size([256]), torch.Size([256]), torch.Size([1024, 256, 1, 1]), torch.Size([1024]), torch.Size([1024]), torch.Size([256, 1024, 1, 1]), torch.Size([256]), torch.Size([256]), torch.Size([256, 256, 3, 3]), torch.Size([256]), torch.Size([256]), torch.Size([1024, 256, 1, 1]), torch.Size([1024]), torch.Size([1024]), torch.Size([256, 1024, 1, 1]), torch.Size([256]), torch.Size([256]), torch.Size([256, 256, 3, 3]), torch.Size([256]), torch.Size([256]), torch.Size([1024, 256, 1, 1]), torch.Size([1024]), torch.Size([1024]), torch.Size([512, 1024, 1, 1]), torch.Size([512]), torch.Size([512]), torch.Size([512, 512, 3, 3]), torch.Size([512]), torch.Size([512]), torch.Size([2048, 512, 1, 1]), torch.Size([2048]), torch.Size([2048]), torch.Size([2048, 1024, 1, 1]), torch.Size([2048]), torch.Size([2048]), torch.Size([512, 2048, 1, 1]), torch.Size([512]), torch.Size([512]), torch.Size([512, 512, 3, 3]), torch.Size([512]), torch.Size([512]), torch.Size([2048, 512, 1, 1]), torch.Size([2048]), torch.Size([2048]), torch.Size([512, 2048, 1, 1]), torch.Size([512]), torch.Size([512]), torch.Size([512, 512, 3, 3]), torch.Size([512]), torch.Size([512]), torch.Size([2048, 512, 1, 1]), torch.Size([2048]), torch.Size([2048]), torch.Size([10, 2048]), torch.Size([10])]
2026-08-08 20:35:51 [INFO] src.analysis.pyhessian: [PyHessian] layer3.4.conv3.weight: trace=11.2223 (45 iters)
[torch.Size([64, 3, 3, 3]), torch.Size([64]), torch.Size([64]), torch.Size([64, 64, 1, 1]), torch.Size([64]), torch.Size([64]), torch.Size([64, 64, 3, 3]), torch.Size([64]), torch.Size([64]), torch.Size([256, 64, 1, 1]), torch.Size([256]), torch.Size([256]), torch.Size([256, 64, 1, 1]), torch.Size([256]), torch.Size([256]), torch.Size([64, 256, 1, 1]), torch.Size([64]), torch.Size([64]), torch.Size([64, 64, 3, 3]), torch.Size([64]), torch.Size([64]), torch.Size([256, 64, 1, 1]), torch.Size([256]), torch.Size([256]), torch.Size([64, 256, 1, 1]), torch.Size([64]), torch.Size([64]), torch.Size([64, 64, 3, 3]), torch.Size([64]), torch.Size([64]), torch.Size([256, 64, 1, 1]), torch.Size([256]), torch.Size([256]), torch.Size([128, 256, 1, 1]), torch.Size([128]), torch.Size([128]), torch.Size([128, 128, 3, 3]), torch.Size([128]), torch.Size([128]), torch.Size([512, 128, 1, 1]), torch.Size([512]), torch.Size([512]), torch.Size([512, 256, 1, 1]), torch.Size([512]), torch.Size([512]), torch.Size([128, 512, 1, 1]), torch.Size([128]), torch.Size([128]), torch.Size([128, 128, 3, 3]), torch.Size([128]), torch.Size([128]), torch.Size([512, 128, 1, 1]), torch.Size([512]), torch.Size([512]), torch.Size([128, 512, 1, 1]), torch.Size([128]), torch.Size([128]), torch.Size([128, 128, 3, 3]), torch.Size([128]), torch.Size([128]), torch.Size([512, 128, 1, 1]), torch.Size([512]), torch.Size([512]), torch.Size([128, 512, 1, 1]), torch.Size([128]), torch.Size([128]), torch.Size([128, 128, 3, 3]), torch.Size([128]), torch.Size([128]), torch.Size([512, 128, 1, 1]), torch.Size([512]), torch.Size([512]), torch.Size([256, 512, 1, 1]), torch.Size([256]), torch.Size([256]), torch.Size([256, 256, 3, 3]), torch.Size([256]), torch.Size([256]), torch.Size([1024, 256, 1, 1]), torch.Size([1024]), torch.Size([1024]), torch.Size([1024, 512, 1, 1]), torch.Size([1024]), torch.Size([1024]), torch.Size([256, 1024, 1, 1]), torch.Size([256]), torch.Size([256]), torch.Size([256, 256, 3, 3]), torch.Size([256]), torch.Size([256]), torch.Size([1024, 256, 1, 1]), torch.Size([1024]), torch.Size([1024]), torch.Size([256, 1024, 1, 1]), torch.Size([256]), torch.Size([256]), torch.Size([256, 256, 3, 3]), torch.Size([256]), torch.Size([256]), torch.Size([1024, 256, 1, 1]), torch.Size([1024]), torch.Size([1024]), torch.Size([256, 1024, 1, 1]), torch.Size([256]), torch.Size([256]), torch.Size([256, 256, 3, 3]), torch.Size([256]), torch.Size([256]), torch.Size([1024, 256, 1, 1]), torch.Size([1024]), torch.Size([1024]), torch.Size([256, 1024, 1, 1]), torch.Size([256]), torch.Size([256]), torch.Size([256, 256, 3, 3]), torch.Size([256]), torch.Size([256]), torch.Size([1024, 256, 1, 1]), torch.Size([1024]), torch.Size([1024]), torch.Size([256, 1024, 1, 1]), torch.Size([256]), torch.Size([256]), torch.Size([256, 256, 3, 3]), torch.Size([256]), torch.Size([256]), torch.Size([1024, 256, 1, 1]), torch.Size([1024]), torch.Size([1024]), torch.Size([512, 1024, 1, 1]), torch.Size([512]), torch.Size([512]), torch.Size([512, 512, 3, 3]), torch.Size([512]), torch.Size([512]), torch.Size([2048, 512, 1, 1]), torch.Size([2048]), torch.Size([2048]), torch.Size([2048, 1024, 1, 1]), torch.Size([2048]), torch.Size([2048]), torch.Size([512, 2048, 1, 1]), torch.Size([512]), torch.Size([512]), torch.Size([512, 512, 3, 3]), torch.Size([512]), torch.Size([512]), torch.Size([2048, 512, 1, 1]), torch.Size([2048]), torch.Size([2048]), torch.Size([512, 2048, 1, 1]), torch.Size([512]), torch.Size([512]), torch.Size([512, 512, 3, 3]), torch.Size([512]), torch.Size([512]), torch.Size([2048, 512, 1, 1]), torch.Size([2048]), torch.Size([2048]), torch.Size([10, 2048]), torch.Size([10])]
2026-08-08 20:35:51 [INFO] src.analysis.pyhessian: [PyHessian] layer3.5.conv1.weight: trace=15.2943 (10 iters)
[torch.Size([64, 3, 3, 3]), torch.Size([64]), torch.Size([64]), torch.Size([64, 64, 1, 1]), torch.Size([64]), torch.Size([64]), torch.Size([64, 64, 3, 3]), torch.Size([64]), torch.Size([64]), torch.Size([256, 64, 1, 1]), torch.Size([256]), torch.Size([256]), torch.Size([256, 64, 1, 1]), torch.Size([256]), torch.Size([256]), torch.Size([64, 256, 1, 1]), torch.Size([64]), torch.Size([64]), torch.Size([64, 64, 3, 3]), torch.Size([64]), torch.Size([64]), torch.Size([256, 64, 1, 1]), torch.Size([256]), torch.Size([256]), torch.Size([64, 256, 1, 1]), torch.Size([64]), torch.Size([64]), torch.Size([64, 64, 3, 3]), torch.Size([64]), torch.Size([64]), torch.Size([256, 64, 1, 1]), torch.Size([256]), torch.Size([256]), torch.Size([128, 256, 1, 1]), torch.Size([128]), torch.Size([128]), torch.Size([128, 128, 3, 3]), torch.Size([128]), torch.Size([128]), torch.Size([512, 128, 1, 1]), torch.Size([512]), torch.Size([512]), torch.Size([512, 256, 1, 1]), torch.Size([512]), torch.Size([512]), torch.Size([128, 512, 1, 1]), torch.Size([128]), torch.Size([128]), torch.Size([128, 128, 3, 3]), torch.Size([128]), torch.Size([128]), torch.Size([512, 128, 1, 1]), torch.Size([512]), torch.Size([512]), torch.Size([128, 512, 1, 1]), torch.Size([128]), torch.Size([128]), torch.Size([128, 128, 3, 3]), torch.Size([128]), torch.Size([128]), torch.Size([512, 128, 1, 1]), torch.Size([512]), torch.Size([512]), torch.Size([128, 512, 1, 1]), torch.Size([128]), torch.Size([128]), torch.Size([128, 128, 3, 3]), torch.Size([128]), torch.Size([128]), torch.Size([512, 128, 1, 1]), torch.Size([512]), torch.Size([512]), torch.Size([256, 512, 1, 1]), torch.Size([256]), torch.Size([256]), torch.Size([256, 256, 3, 3]), torch.Size([256]), torch.Size([256]), torch.Size([1024, 256, 1, 1]), torch.Size([1024]), torch.Size([1024]), torch.Size([1024, 512, 1, 1]), torch.Size([1024]), torch.Size([1024]), torch.Size([256, 1024, 1, 1]), torch.Size([256]), torch.Size([256]), torch.Size([256, 256, 3, 3]), torch.Size([256]), torch.Size([256]), torch.Size([1024, 256, 1, 1]), torch.Size([1024]), torch.Size([1024]), torch.Size([256, 1024, 1, 1]), torch.Size([256]), torch.Size([256]), torch.Size([256, 256, 3, 3]), torch.Size([256]), torch.Size([256]), torch.Size([1024, 256, 1, 1]), torch.Size([1024]), torch.Size([1024]), torch.Size([256, 1024, 1, 1]), torch.Size([256]), torch.Size([256]), torch.Size([256, 256, 3, 3]), torch.Size([256]), torch.Size([256]), torch.Size([1024, 256, 1, 1]), torch.Size([1024]), torch.Size([1024]), torch.Size([256, 1024, 1, 1]), torch.Size([256]), torch.Size([256]), torch.Size([256, 256, 3, 3]), torch.Size([256]), torch.Size([256]), torch.Size([1024, 256, 1, 1]), torch.Size([1024]), torch.Size([1024]), torch.Size([256, 1024, 1, 1]), torch.Size([256]), torch.Size([256]), torch.Size([256, 256, 3, 3]), torch.Size([256]), torch.Size([256]), torch.Size([1024, 256, 1, 1]), torch.Size([1024]), torch.Size([1024]), torch.Size([512, 1024, 1, 1]), torch.Size([512]), torch.Size([512]), torch.Size([512, 512, 3, 3]), torch.Size([512]), torch.Size([512]), torch.Size([2048, 512, 1, 1]), torch.Size([2048]), torch.Size([2048]), torch.Size([2048, 1024, 1, 1]), torch.Size([2048]), torch.Size([2048]), torch.Size([512, 2048, 1, 1]), torch.Size([512]), torch.Size([512]), torch.Size([512, 512, 3, 3]), torch.Size([512]), torch.Size([512]), torch.Size([2048, 512, 1, 1]), torch.Size([2048]), torch.Size([2048]), torch.Size([512, 2048, 1, 1]), torch.Size([512]), torch.Size([512]), torch.Size([512, 512, 3, 3]), torch.Size([512]), torch.Size([512]), torch.Size([2048, 512, 1, 1]), torch.Size([2048]), torch.Size([2048]), torch.Size([10, 2048]), torch.Size([10])]
2026-08-08 20:35:53 [INFO] src.analysis.pyhessian: [PyHessian] layer3.5.conv2.weight: trace=25.9280 (43 iters)
[torch.Size([64, 3, 3, 3]), torch.Size([64]), torch.Size([64]), torch.Size([64, 64, 1, 1]), torch.Size([64]), torch.Size([64]), torch.Size([64, 64, 3, 3]), torch.Size([64]), torch.Size([64]), torch.Size([256, 64, 1, 1]), torch.Size([256]), torch.Size([256]), torch.Size([256, 64, 1, 1]), torch.Size([256]), torch.Size([256]), torch.Size([64, 256, 1, 1]), torch.Size([64]), torch.Size([64]), torch.Size([64, 64, 3, 3]), torch.Size([64]), torch.Size([64]), torch.Size([256, 64, 1, 1]), torch.Size([256]), torch.Size([256]), torch.Size([64, 256, 1, 1]), torch.Size([64]), torch.Size([64]), torch.Size([64, 64, 3, 3]), torch.Size([64]), torch.Size([64]), torch.Size([256, 64, 1, 1]), torch.Size([256]), torch.Size([256]), torch.Size([128, 256, 1, 1]), torch.Size([128]), torch.Size([128]), torch.Size([128, 128, 3, 3]), torch.Size([128]), torch.Size([128]), torch.Size([512, 128, 1, 1]), torch.Size([512]), torch.Size([512]), torch.Size([512, 256, 1, 1]), torch.Size([512]), torch.Size([512]), torch.Size([128, 512, 1, 1]), torch.Size([128]), torch.Size([128]), torch.Size([128, 128, 3, 3]), torch.Size([128]), torch.Size([128]), torch.Size([512, 128, 1, 1]), torch.Size([512]), torch.Size([512]), torch.Size([128, 512, 1, 1]), torch.Size([128]), torch.Size([128]), torch.Size([128, 128, 3, 3]), torch.Size([128]), torch.Size([128]), torch.Size([512, 128, 1, 1]), torch.Size([512]), torch.Size([512]), torch.Size([128, 512, 1, 1]), torch.Size([128]), torch.Size([128]), torch.Size([128, 128, 3, 3]), torch.Size([128]), torch.Size([128]), torch.Size([512, 128, 1, 1]), torch.Size([512]), torch.Size([512]), torch.Size([256, 512, 1, 1]), torch.Size([256]), torch.Size([256]), torch.Size([256, 256, 3, 3]), torch.Size([256]), torch.Size([256]), torch.Size([1024, 256, 1, 1]), torch.Size([1024]), torch.Size([1024]), torch.Size([1024, 512, 1, 1]), torch.Size([1024]), torch.Size([1024]), torch.Size([256, 1024, 1, 1]), torch.Size([256]), torch.Size([256]), torch.Size([256, 256, 3, 3]), torch.Size([256]), torch.Size([256]), torch.Size([1024, 256, 1, 1]), torch.Size([1024]), torch.Size([1024]), torch.Size([256, 1024, 1, 1]), torch.Size([256]), torch.Size([256]), torch.Size([256, 256, 3, 3]), torch.Size([256]), torch.Size([256]), torch.Size([1024, 256, 1, 1]), torch.Size([1024]), torch.Size([1024]), torch.Size([256, 1024, 1, 1]), torch.Size([256]), torch.Size([256]), torch.Size([256, 256, 3, 3]), torch.Size([256]), torch.Size([256]), torch.Size([1024, 256, 1, 1]), torch.Size([1024]), torch.Size([1024]), torch.Size([256, 1024, 1, 1]), torch.Size([256]), torch.Size([256]), torch.Size([256, 256, 3, 3]), torch.Size([256]), torch.Size([256]), torch.Size([1024, 256, 1, 1]), torch.Size([1024]), torch.Size([1024]), torch.Size([256, 1024, 1, 1]), torch.Size([256]), torch.Size([256]), torch.Size([256, 256, 3, 3]), torch.Size([256]), torch.Size([256]), torch.Size([1024, 256, 1, 1]), torch.Size([1024]), torch.Size([1024]), torch.Size([512, 1024, 1, 1]), torch.Size([512]), torch.Size([512]), torch.Size([512, 512, 3, 3]), torch.Size([512]), torch.Size([512]), torch.Size([2048, 512, 1, 1]), torch.Size([2048]), torch.Size([2048]), torch.Size([2048, 1024, 1, 1]), torch.Size([2048]), torch.Size([2048]), torch.Size([512, 2048, 1, 1]), torch.Size([512]), torch.Size([512]), torch.Size([512, 512, 3, 3]), torch.Size([512]), torch.Size([512]), torch.Size([2048, 512, 1, 1]), torch.Size([2048]), torch.Size([2048]), torch.Size([512, 2048, 1, 1]), torch.Size([512]), torch.Size([512]), torch.Size([512, 512, 3, 3]), torch.Size([512]), torch.Size([512]), torch.Size([2048, 512, 1, 1]), torch.Size([2048]), torch.Size([2048]), torch.Size([10, 2048]), torch.Size([10])]
2026-08-08 20:35:53 [INFO] src.analysis.pyhessian: [PyHessian] layer3.5.conv3.weight: trace=10.6233 (28 iters)
[torch.Size([64, 3, 3, 3]), torch.Size([64]), torch.Size([64]), torch.Size([64, 64, 1, 1]), torch.Size([64]), torch.Size([64]), torch.Size([64, 64, 3, 3]), torch.Size([64]), torch.Size([64]), torch.Size([256, 64, 1, 1]), torch.Size([256]), torch.Size([256]), torch.Size([256, 64, 1, 1]), torch.Size([256]), torch.Size([256]), torch.Size([64, 256, 1, 1]), torch.Size([64]), torch.Size([64]), torch.Size([64, 64, 3, 3]), torch.Size([64]), torch.Size([64]), torch.Size([256, 64, 1, 1]), torch.Size([256]), torch.Size([256]), torch.Size([64, 256, 1, 1]), torch.Size([64]), torch.Size([64]), torch.Size([64, 64, 3, 3]), torch.Size([64]), torch.Size([64]), torch.Size([256, 64, 1, 1]), torch.Size([256]), torch.Size([256]), torch.Size([128, 256, 1, 1]), torch.Size([128]), torch.Size([128]), torch.Size([128, 128, 3, 3]), torch.Size([128]), torch.Size([128]), torch.Size([512, 128, 1, 1]), torch.Size([512]), torch.Size([512]), torch.Size([512, 256, 1, 1]), torch.Size([512]), torch.Size([512]), torch.Size([128, 512, 1, 1]), torch.Size([128]), torch.Size([128]), torch.Size([128, 128, 3, 3]), torch.Size([128]), torch.Size([128]), torch.Size([512, 128, 1, 1]), torch.Size([512]), torch.Size([512]), torch.Size([128, 512, 1, 1]), torch.Size([128]), torch.Size([128]), torch.Size([128, 128, 3, 3]), torch.Size([128]), torch.Size([128]), torch.Size([512, 128, 1, 1]), torch.Size([512]), torch.Size([512]), torch.Size([128, 512, 1, 1]), torch.Size([128]), torch.Size([128]), torch.Size([128, 128, 3, 3]), torch.Size([128]), torch.Size([128]), torch.Size([512, 128, 1, 1]), torch.Size([512]), torch.Size([512]), torch.Size([256, 512, 1, 1]), torch.Size([256]), torch.Size([256]), torch.Size([256, 256, 3, 3]), torch.Size([256]), torch.Size([256]), torch.Size([1024, 256, 1, 1]), torch.Size([1024]), torch.Size([1024]), torch.Size([1024, 512, 1, 1]), torch.Size([1024]), torch.Size([1024]), torch.Size([256, 1024, 1, 1]), torch.Size([256]), torch.Size([256]), torch.Size([256, 256, 3, 3]), torch.Size([256]), torch.Size([256]), torch.Size([1024, 256, 1, 1]), torch.Size([1024]), torch.Size([1024]), torch.Size([256, 1024, 1, 1]), torch.Size([256]), torch.Size([256]), torch.Size([256, 256, 3, 3]), torch.Size([256]), torch.Size([256]), torch.Size([1024, 256, 1, 1]), torch.Size([1024]), torch.Size([1024]), torch.Size([256, 1024, 1, 1]), torch.Size([256]), torch.Size([256]), torch.Size([256, 256, 3, 3]), torch.Size([256]), torch.Size([256]), torch.Size([1024, 256, 1, 1]), torch.Size([1024]), torch.Size([1024]), torch.Size([256, 1024, 1, 1]), torch.Size([256]), torch.Size([256]), torch.Size([256, 256, 3, 3]), torch.Size([256]), torch.Size([256]), torch.Size([1024, 256, 1, 1]), torch.Size([1024]), torch.Size([1024]), torch.Size([256, 1024, 1, 1]), torch.Size([256]), torch.Size([256]), torch.Size([256, 256, 3, 3]), torch.Size([256]), torch.Size([256]), torch.Size([1024, 256, 1, 1]), torch.Size([1024]), torch.Size([1024]), torch.Size([512, 1024, 1, 1]), torch.Size([512]), torch.Size([512]), torch.Size([512, 512, 3, 3]), torch.Size([512]), torch.Size([512]), torch.Size([2048, 512, 1, 1]), torch.Size([2048]), torch.Size([2048]), torch.Size([2048, 1024, 1, 1]), torch.Size([2048]), torch.Size([2048]), torch.Size([512, 2048, 1, 1]), torch.Size([512]), torch.Size([512]), torch.Size([512, 512, 3, 3]), torch.Size([512]), torch.Size([512]), torch.Size([2048, 512, 1, 1]), torch.Size([2048]), torch.Size([2048]), torch.Size([512, 2048, 1, 1]), torch.Size([512]), torch.Size([512]), torch.Size([512, 512, 3, 3]), torch.Size([512]), torch.Size([512]), torch.Size([2048, 512, 1, 1]), torch.Size([2048]), torch.Size([2048]), torch.Size([10, 2048]), torch.Size([10])]
2026-08-08 20:35:54 [INFO] src.analysis.pyhessian: [PyHessian] layer4.0.conv1.weight: trace=29.4437 (16 iters)
[torch.Size([64, 3, 3, 3]), torch.Size([64]), torch.Size([64]), torch.Size([64, 64, 1, 1]), torch.Size([64]), torch.Size([64]), torch.Size([64, 64, 3, 3]), torch.Size([64]), torch.Size([64]), torch.Size([256, 64, 1, 1]), torch.Size([256]), torch.Size([256]), torch.Size([256, 64, 1, 1]), torch.Size([256]), torch.Size([256]), torch.Size([64, 256, 1, 1]), torch.Size([64]), torch.Size([64]), torch.Size([64, 64, 3, 3]), torch.Size([64]), torch.Size([64]), torch.Size([256, 64, 1, 1]), torch.Size([256]), torch.Size([256]), torch.Size([64, 256, 1, 1]), torch.Size([64]), torch.Size([64]), torch.Size([64, 64, 3, 3]), torch.Size([64]), torch.Size([64]), torch.Size([256, 64, 1, 1]), torch.Size([256]), torch.Size([256]), torch.Size([128, 256, 1, 1]), torch.Size([128]), torch.Size([128]), torch.Size([128, 128, 3, 3]), torch.Size([128]), torch.Size([128]), torch.Size([512, 128, 1, 1]), torch.Size([512]), torch.Size([512]), torch.Size([512, 256, 1, 1]), torch.Size([512]), torch.Size([512]), torch.Size([128, 512, 1, 1]), torch.Size([128]), torch.Size([128]), torch.Size([128, 128, 3, 3]), torch.Size([128]), torch.Size([128]), torch.Size([512, 128, 1, 1]), torch.Size([512]), torch.Size([512]), torch.Size([128, 512, 1, 1]), torch.Size([128]), torch.Size([128]), torch.Size([128, 128, 3, 3]), torch.Size([128]), torch.Size([128]), torch.Size([512, 128, 1, 1]), torch.Size([512]), torch.Size([512]), torch.Size([128, 512, 1, 1]), torch.Size([128]), torch.Size([128]), torch.Size([128, 128, 3, 3]), torch.Size([128]), torch.Size([128]), torch.Size([512, 128, 1, 1]), torch.Size([512]), torch.Size([512]), torch.Size([256, 512, 1, 1]), torch.Size([256]), torch.Size([256]), torch.Size([256, 256, 3, 3]), torch.Size([256]), torch.Size([256]), torch.Size([1024, 256, 1, 1]), torch.Size([1024]), torch.Size([1024]), torch.Size([1024, 512, 1, 1]), torch.Size([1024]), torch.Size([1024]), torch.Size([256, 1024, 1, 1]), torch.Size([256]), torch.Size([256]), torch.Size([256, 256, 3, 3]), torch.Size([256]), torch.Size([256]), torch.Size([1024, 256, 1, 1]), torch.Size([1024]), torch.Size([1024]), torch.Size([256, 1024, 1, 1]), torch.Size([256]), torch.Size([256]), torch.Size([256, 256, 3, 3]), torch.Size([256]), torch.Size([256]), torch.Size([1024, 256, 1, 1]), torch.Size([1024]), torch.Size([1024]), torch.Size([256, 1024, 1, 1]), torch.Size([256]), torch.Size([256]), torch.Size([256, 256, 3, 3]), torch.Size([256]), torch.Size([256]), torch.Size([1024, 256, 1, 1]), torch.Size([1024]), torch.Size([1024]), torch.Size([256, 1024, 1, 1]), torch.Size([256]), torch.Size([256]), torch.Size([256, 256, 3, 3]), torch.Size([256]), torch.Size([256]), torch.Size([1024, 256, 1, 1]), torch.Size([1024]), torch.Size([1024]), torch.Size([256, 1024, 1, 1]), torch.Size([256]), torch.Size([256]), torch.Size([256, 256, 3, 3]), torch.Size([256]), torch.Size([256]), torch.Size([1024, 256, 1, 1]), torch.Size([1024]), torch.Size([1024]), torch.Size([512, 1024, 1, 1]), torch.Size([512]), torch.Size([512]), torch.Size([512, 512, 3, 3]), torch.Size([512]), torch.Size([512]), torch.Size([2048, 512, 1, 1]), torch.Size([2048]), torch.Size([2048]), torch.Size([2048, 1024, 1, 1]), torch.Size([2048]), torch.Size([2048]), torch.Size([512, 2048, 1, 1]), torch.Size([512]), torch.Size([512]), torch.Size([512, 512, 3, 3]), torch.Size([512]), torch.Size([512]), torch.Size([2048, 512, 1, 1]), torch.Size([2048]), torch.Size([2048]), torch.Size([512, 2048, 1, 1]), torch.Size([512]), torch.Size([512]), torch.Size([512, 512, 3, 3]), torch.Size([512]), torch.Size([512]), torch.Size([2048, 512, 1, 1]), torch.Size([2048]), torch.Size([2048]), torch.Size([10, 2048]), torch.Size([10])]
2026-08-08 20:35:54 [INFO] src.analysis.pyhessian: [PyHessian] layer4.0.conv2.weight: trace=18.7993 (23 iters)
[torch.Size([64, 3, 3, 3]), torch.Size([64]), torch.Size([64]), torch.Size([64, 64, 1, 1]), torch.Size([64]), torch.Size([64]), torch.Size([64, 64, 3, 3]), torch.Size([64]), torch.Size([64]), torch.Size([256, 64, 1, 1]), torch.Size([256]), torch.Size([256]), torch.Size([256, 64, 1, 1]), torch.Size([256]), torch.Size([256]), torch.Size([64, 256, 1, 1]), torch.Size([64]), torch.Size([64]), torch.Size([64, 64, 3, 3]), torch.Size([64]), torch.Size([64]), torch.Size([256, 64, 1, 1]), torch.Size([256]), torch.Size([256]), torch.Size([64, 256, 1, 1]), torch.Size([64]), torch.Size([64]), torch.Size([64, 64, 3, 3]), torch.Size([64]), torch.Size([64]), torch.Size([256, 64, 1, 1]), torch.Size([256]), torch.Size([256]), torch.Size([128, 256, 1, 1]), torch.Size([128]), torch.Size([128]), torch.Size([128, 128, 3, 3]), torch.Size([128]), torch.Size([128]), torch.Size([512, 128, 1, 1]), torch.Size([512]), torch.Size([512]), torch.Size([512, 256, 1, 1]), torch.Size([512]), torch.Size([512]), torch.Size([128, 512, 1, 1]), torch.Size([128]), torch.Size([128]), torch.Size([128, 128, 3, 3]), torch.Size([128]), torch.Size([128]), torch.Size([512, 128, 1, 1]), torch.Size([512]), torch.Size([512]), torch.Size([128, 512, 1, 1]), torch.Size([128]), torch.Size([128]), torch.Size([128, 128, 3, 3]), torch.Size([128]), torch.Size([128]), torch.Size([512, 128, 1, 1]), torch.Size([512]), torch.Size([512]), torch.Size([128, 512, 1, 1]), torch.Size([128]), torch.Size([128]), torch.Size([128, 128, 3, 3]), torch.Size([128]), torch.Size([128]), torch.Size([512, 128, 1, 1]), torch.Size([512]), torch.Size([512]), torch.Size([256, 512, 1, 1]), torch.Size([256]), torch.Size([256]), torch.Size([256, 256, 3, 3]), torch.Size([256]), torch.Size([256]), torch.Size([1024, 256, 1, 1]), torch.Size([1024]), torch.Size([1024]), torch.Size([1024, 512, 1, 1]), torch.Size([1024]), torch.Size([1024]), torch.Size([256, 1024, 1, 1]), torch.Size([256]), torch.Size([256]), torch.Size([256, 256, 3, 3]), torch.Size([256]), torch.Size([256]), torch.Size([1024, 256, 1, 1]), torch.Size([1024]), torch.Size([1024]), torch.Size([256, 1024, 1, 1]), torch.Size([256]), torch.Size([256]), torch.Size([256, 256, 3, 3]), torch.Size([256]), torch.Size([256]), torch.Size([1024, 256, 1, 1]), torch.Size([1024]), torch.Size([1024]), torch.Size([256, 1024, 1, 1]), torch.Size([256]), torch.Size([256]), torch.Size([256, 256, 3, 3]), torch.Size([256]), torch.Size([256]), torch.Size([1024, 256, 1, 1]), torch.Size([1024]), torch.Size([1024]), torch.Size([256, 1024, 1, 1]), torch.Size([256]), torch.Size([256]), torch.Size([256, 256, 3, 3]), torch.Size([256]), torch.Size([256]), torch.Size([1024, 256, 1, 1]), torch.Size([1024]), torch.Size([1024]), torch.Size([256, 1024, 1, 1]), torch.Size([256]), torch.Size([256]), torch.Size([256, 256, 3, 3]), torch.Size([256]), torch.Size([256]), torch.Size([1024, 256, 1, 1]), torch.Size([1024]), torch.Size([1024]), torch.Size([512, 1024, 1, 1]), torch.Size([512]), torch.Size([512]), torch.Size([512, 512, 3, 3]), torch.Size([512]), torch.Size([512]), torch.Size([2048, 512, 1, 1]), torch.Size([2048]), torch.Size([2048]), torch.Size([2048, 1024, 1, 1]), torch.Size([2048]), torch.Size([2048]), torch.Size([512, 2048, 1, 1]), torch.Size([512]), torch.Size([512]), torch.Size([512, 512, 3, 3]), torch.Size([512]), torch.Size([512]), torch.Size([2048, 512, 1, 1]), torch.Size([2048]), torch.Size([2048]), torch.Size([512, 2048, 1, 1]), torch.Size([512]), torch.Size([512]), torch.Size([512, 512, 3, 3]), torch.Size([512]), torch.Size([512]), torch.Size([2048, 512, 1, 1]), torch.Size([2048]), torch.Size([2048]), torch.Size([10, 2048]), torch.Size([10])]
2026-08-08 20:35:55 [INFO] src.analysis.pyhessian: [PyHessian] layer4.0.conv3.weight: trace=11.4962 (17 iters)
[torch.Size([64, 3, 3, 3]), torch.Size([64]), torch.Size([64]), torch.Size([64, 64, 1, 1]), torch.Size([64]), torch.Size([64]), torch.Size([64, 64, 3, 3]), torch.Size([64]), torch.Size([64]), torch.Size([256, 64, 1, 1]), torch.Size([256]), torch.Size([256]), torch.Size([256, 64, 1, 1]), torch.Size([256]), torch.Size([256]), torch.Size([64, 256, 1, 1]), torch.Size([64]), torch.Size([64]), torch.Size([64, 64, 3, 3]), torch.Size([64]), torch.Size([64]), torch.Size([256, 64, 1, 1]), torch.Size([256]), torch.Size([256]), torch.Size([64, 256, 1, 1]), torch.Size([64]), torch.Size([64]), torch.Size([64, 64, 3, 3]), torch.Size([64]), torch.Size([64]), torch.Size([256, 64, 1, 1]), torch.Size([256]), torch.Size([256]), torch.Size([128, 256, 1, 1]), torch.Size([128]), torch.Size([128]), torch.Size([128, 128, 3, 3]), torch.Size([128]), torch.Size([128]), torch.Size([512, 128, 1, 1]), torch.Size([512]), torch.Size([512]), torch.Size([512, 256, 1, 1]), torch.Size([512]), torch.Size([512]), torch.Size([128, 512, 1, 1]), torch.Size([128]), torch.Size([128]), torch.Size([128, 128, 3, 3]), torch.Size([128]), torch.Size([128]), torch.Size([512, 128, 1, 1]), torch.Size([512]), torch.Size([512]), torch.Size([128, 512, 1, 1]), torch.Size([128]), torch.Size([128]), torch.Size([128, 128, 3, 3]), torch.Size([128]), torch.Size([128]), torch.Size([512, 128, 1, 1]), torch.Size([512]), torch.Size([512]), torch.Size([128, 512, 1, 1]), torch.Size([128]), torch.Size([128]), torch.Size([128, 128, 3, 3]), torch.Size([128]), torch.Size([128]), torch.Size([512, 128, 1, 1]), torch.Size([512]), torch.Size([512]), torch.Size([256, 512, 1, 1]), torch.Size([256]), torch.Size([256]), torch.Size([256, 256, 3, 3]), torch.Size([256]), torch.Size([256]), torch.Size([1024, 256, 1, 1]), torch.Size([1024]), torch.Size([1024]), torch.Size([1024, 512, 1, 1]), torch.Size([1024]), torch.Size([1024]), torch.Size([256, 1024, 1, 1]), torch.Size([256]), torch.Size([256]), torch.Size([256, 256, 3, 3]), torch.Size([256]), torch.Size([256]), torch.Size([1024, 256, 1, 1]), torch.Size([1024]), torch.Size([1024]), torch.Size([256, 1024, 1, 1]), torch.Size([256]), torch.Size([256]), torch.Size([256, 256, 3, 3]), torch.Size([256]), torch.Size([256]), torch.Size([1024, 256, 1, 1]), torch.Size([1024]), torch.Size([1024]), torch.Size([256, 1024, 1, 1]), torch.Size([256]), torch.Size([256]), torch.Size([256, 256, 3, 3]), torch.Size([256]), torch.Size([256]), torch.Size([1024, 256, 1, 1]), torch.Size([1024]), torch.Size([1024]), torch.Size([256, 1024, 1, 1]), torch.Size([256]), torch.Size([256]), torch.Size([256, 256, 3, 3]), torch.Size([256]), torch.Size([256]), torch.Size([1024, 256, 1, 1]), torch.Size([1024]), torch.Size([1024]), torch.Size([256, 1024, 1, 1]), torch.Size([256]), torch.Size([256]), torch.Size([256, 256, 3, 3]), torch.Size([256]), torch.Size([256]), torch.Size([1024, 256, 1, 1]), torch.Size([1024]), torch.Size([1024]), torch.Size([512, 1024, 1, 1]), torch.Size([512]), torch.Size([512]), torch.Size([512, 512, 3, 3]), torch.Size([512]), torch.Size([512]), torch.Size([2048, 512, 1, 1]), torch.Size([2048]), torch.Size([2048]), torch.Size([2048, 1024, 1, 1]), torch.Size([2048]), torch.Size([2048]), torch.Size([512, 2048, 1, 1]), torch.Size([512]), torch.Size([512]), torch.Size([512, 512, 3, 3]), torch.Size([512]), torch.Size([512]), torch.Size([2048, 512, 1, 1]), torch.Size([2048]), torch.Size([2048]), torch.Size([512, 2048, 1, 1]), torch.Size([512]), torch.Size([512]), torch.Size([512, 512, 3, 3]), torch.Size([512]), torch.Size([512]), torch.Size([2048, 512, 1, 1]), torch.Size([2048]), torch.Size([2048]), torch.Size([10, 2048]), torch.Size([10])]
2026-08-08 20:35:55 [INFO] src.analysis.pyhessian: [PyHessian] layer4.0.downsample.0.weight: trace=24.0343 (17 iters)
[torch.Size([64, 3, 3, 3]), torch.Size([64]), torch.Size([64]), torch.Size([64, 64, 1, 1]), torch.Size([64]), torch.Size([64]), torch.Size([64, 64, 3, 3]), torch.Size([64]), torch.Size([64]), torch.Size([256, 64, 1, 1]), torch.Size([256]), torch.Size([256]), torch.Size([256, 64, 1, 1]), torch.Size([256]), torch.Size([256]), torch.Size([64, 256, 1, 1]), torch.Size([64]), torch.Size([64]), torch.Size([64, 64, 3, 3]), torch.Size([64]), torch.Size([64]), torch.Size([256, 64, 1, 1]), torch.Size([256]), torch.Size([256]), torch.Size([64, 256, 1, 1]), torch.Size([64]), torch.Size([64]), torch.Size([64, 64, 3, 3]), torch.Size([64]), torch.Size([64]), torch.Size([256, 64, 1, 1]), torch.Size([256]), torch.Size([256]), torch.Size([128, 256, 1, 1]), torch.Size([128]), torch.Size([128]), torch.Size([128, 128, 3, 3]), torch.Size([128]), torch.Size([128]), torch.Size([512, 128, 1, 1]), torch.Size([512]), torch.Size([512]), torch.Size([512, 256, 1, 1]), torch.Size([512]), torch.Size([512]), torch.Size([128, 512, 1, 1]), torch.Size([128]), torch.Size([128]), torch.Size([128, 128, 3, 3]), torch.Size([128]), torch.Size([128]), torch.Size([512, 128, 1, 1]), torch.Size([512]), torch.Size([512]), torch.Size([128, 512, 1, 1]), torch.Size([128]), torch.Size([128]), torch.Size([128, 128, 3, 3]), torch.Size([128]), torch.Size([128]), torch.Size([512, 128, 1, 1]), torch.Size([512]), torch.Size([512]), torch.Size([128, 512, 1, 1]), torch.Size([128]), torch.Size([128]), torch.Size([128, 128, 3, 3]), torch.Size([128]), torch.Size([128]), torch.Size([512, 128, 1, 1]), torch.Size([512]), torch.Size([512]), torch.Size([256, 512, 1, 1]), torch.Size([256]), torch.Size([256]), torch.Size([256, 256, 3, 3]), torch.Size([256]), torch.Size([256]), torch.Size([1024, 256, 1, 1]), torch.Size([1024]), torch.Size([1024]), torch.Size([1024, 512, 1, 1]), torch.Size([1024]), torch.Size([1024]), torch.Size([256, 1024, 1, 1]), torch.Size([256]), torch.Size([256]), torch.Size([256, 256, 3, 3]), torch.Size([256]), torch.Size([256]), torch.Size([1024, 256, 1, 1]), torch.Size([1024]), torch.Size([1024]), torch.Size([256, 1024, 1, 1]), torch.Size([256]), torch.Size([256]), torch.Size([256, 256, 3, 3]), torch.Size([256]), torch.Size([256]), torch.Size([1024, 256, 1, 1]), torch.Size([1024]), torch.Size([1024]), torch.Size([256, 1024, 1, 1]), torch.Size([256]), torch.Size([256]), torch.Size([256, 256, 3, 3]), torch.Size([256]), torch.Size([256]), torch.Size([1024, 256, 1, 1]), torch.Size([1024]), torch.Size([1024]), torch.Size([256, 1024, 1, 1]), torch.Size([256]), torch.Size([256]), torch.Size([256, 256, 3, 3]), torch.Size([256]), torch.Size([256]), torch.Size([1024, 256, 1, 1]), torch.Size([1024]), torch.Size([1024]), torch.Size([256, 1024, 1, 1]), torch.Size([256]), torch.Size([256]), torch.Size([256, 256, 3, 3]), torch.Size([256]), torch.Size([256]), torch.Size([1024, 256, 1, 1]), torch.Size([1024]), torch.Size([1024]), torch.Size([512, 1024, 1, 1]), torch.Size([512]), torch.Size([512]), torch.Size([512, 512, 3, 3]), torch.Size([512]), torch.Size([512]), torch.Size([2048, 512, 1, 1]), torch.Size([2048]), torch.Size([2048]), torch.Size([2048, 1024, 1, 1]), torch.Size([2048]), torch.Size([2048]), torch.Size([512, 2048, 1, 1]), torch.Size([512]), torch.Size([512]), torch.Size([512, 512, 3, 3]), torch.Size([512]), torch.Size([512]), torch.Size([2048, 512, 1, 1]), torch.Size([2048]), torch.Size([2048]), torch.Size([512, 2048, 1, 1]), torch.Size([512]), torch.Size([512]), torch.Size([512, 512, 3, 3]), torch.Size([512]), torch.Size([512]), torch.Size([2048, 512, 1, 1]), torch.Size([2048]), torch.Size([2048]), torch.Size([10, 2048]), torch.Size([10])]
2026-08-08 20:35:56 [INFO] src.analysis.pyhessian: [PyHessian] layer4.1.conv1.weight: trace=27.3283 (25 iters)
[torch.Size([64, 3, 3, 3]), torch.Size([64]), torch.Size([64]), torch.Size([64, 64, 1, 1]), torch.Size([64]), torch.Size([64]), torch.Size([64, 64, 3, 3]), torch.Size([64]), torch.Size([64]), torch.Size([256, 64, 1, 1]), torch.Size([256]), torch.Size([256]), torch.Size([256, 64, 1, 1]), torch.Size([256]), torch.Size([256]), torch.Size([64, 256, 1, 1]), torch.Size([64]), torch.Size([64]), torch.Size([64, 64, 3, 3]), torch.Size([64]), torch.Size([64]), torch.Size([256, 64, 1, 1]), torch.Size([256]), torch.Size([256]), torch.Size([64, 256, 1, 1]), torch.Size([64]), torch.Size([64]), torch.Size([64, 64, 3, 3]), torch.Size([64]), torch.Size([64]), torch.Size([256, 64, 1, 1]), torch.Size([256]), torch.Size([256]), torch.Size([128, 256, 1, 1]), torch.Size([128]), torch.Size([128]), torch.Size([128, 128, 3, 3]), torch.Size([128]), torch.Size([128]), torch.Size([512, 128, 1, 1]), torch.Size([512]), torch.Size([512]), torch.Size([512, 256, 1, 1]), torch.Size([512]), torch.Size([512]), torch.Size([128, 512, 1, 1]), torch.Size([128]), torch.Size([128]), torch.Size([128, 128, 3, 3]), torch.Size([128]), torch.Size([128]), torch.Size([512, 128, 1, 1]), torch.Size([512]), torch.Size([512]), torch.Size([128, 512, 1, 1]), torch.Size([128]), torch.Size([128]), torch.Size([128, 128, 3, 3]), torch.Size([128]), torch.Size([128]), torch.Size([512, 128, 1, 1]), torch.Size([512]), torch.Size([512]), torch.Size([128, 512, 1, 1]), torch.Size([128]), torch.Size([128]), torch.Size([128, 128, 3, 3]), torch.Size([128]), torch.Size([128]), torch.Size([512, 128, 1, 1]), torch.Size([512]), torch.Size([512]), torch.Size([256, 512, 1, 1]), torch.Size([256]), torch.Size([256]), torch.Size([256, 256, 3, 3]), torch.Size([256]), torch.Size([256]), torch.Size([1024, 256, 1, 1]), torch.Size([1024]), torch.Size([1024]), torch.Size([1024, 512, 1, 1]), torch.Size([1024]), torch.Size([1024]), torch.Size([256, 1024, 1, 1]), torch.Size([256]), torch.Size([256]), torch.Size([256, 256, 3, 3]), torch.Size([256]), torch.Size([256]), torch.Size([1024, 256, 1, 1]), torch.Size([1024]), torch.Size([1024]), torch.Size([256, 1024, 1, 1]), torch.Size([256]), torch.Size([256]), torch.Size([256, 256, 3, 3]), torch.Size([256]), torch.Size([256]), torch.Size([1024, 256, 1, 1]), torch.Size([1024]), torch.Size([1024]), torch.Size([256, 1024, 1, 1]), torch.Size([256]), torch.Size([256]), torch.Size([256, 256, 3, 3]), torch.Size([256]), torch.Size([256]), torch.Size([1024, 256, 1, 1]), torch.Size([1024]), torch.Size([1024]), torch.Size([256, 1024, 1, 1]), torch.Size([256]), torch.Size([256]), torch.Size([256, 256, 3, 3]), torch.Size([256]), torch.Size([256]), torch.Size([1024, 256, 1, 1]), torch.Size([1024]), torch.Size([1024]), torch.Size([256, 1024, 1, 1]), torch.Size([256]), torch.Size([256]), torch.Size([256, 256, 3, 3]), torch.Size([256]), torch.Size([256]), torch.Size([1024, 256, 1, 1]), torch.Size([1024]), torch.Size([1024]), torch.Size([512, 1024, 1, 1]), torch.Size([512]), torch.Size([512]), torch.Size([512, 512, 3, 3]), torch.Size([512]), torch.Size([512]), torch.Size([2048, 512, 1, 1]), torch.Size([2048]), torch.Size([2048]), torch.Size([2048, 1024, 1, 1]), torch.Size([2048]), torch.Size([2048]), torch.Size([512, 2048, 1, 1]), torch.Size([512]), torch.Size([512]), torch.Size([512, 512, 3, 3]), torch.Size([512]), torch.Size([512]), torch.Size([2048, 512, 1, 1]), torch.Size([2048]), torch.Size([2048]), torch.Size([512, 2048, 1, 1]), torch.Size([512]), torch.Size([512]), torch.Size([512, 512, 3, 3]), torch.Size([512]), torch.Size([512]), torch.Size([2048, 512, 1, 1]), torch.Size([2048]), torch.Size([2048]), torch.Size([10, 2048]), torch.Size([10])]
2026-08-08 20:35:56 [INFO] src.analysis.pyhessian: [PyHessian] layer4.1.conv2.weight: trace=53.0446 (17 iters)
[torch.Size([64, 3, 3, 3]), torch.Size([64]), torch.Size([64]), torch.Size([64, 64, 1, 1]), torch.Size([64]), torch.Size([64]), torch.Size([64, 64, 3, 3]), torch.Size([64]), torch.Size([64]), torch.Size([256, 64, 1, 1]), torch.Size([256]), torch.Size([256]), torch.Size([256, 64, 1, 1]), torch.Size([256]), torch.Size([256]), torch.Size([64, 256, 1, 1]), torch.Size([64]), torch.Size([64]), torch.Size([64, 64, 3, 3]), torch.Size([64]), torch.Size([64]), torch.Size([256, 64, 1, 1]), torch.Size([256]), torch.Size([256]), torch.Size([64, 256, 1, 1]), torch.Size([64]), torch.Size([64]), torch.Size([64, 64, 3, 3]), torch.Size([64]), torch.Size([64]), torch.Size([256, 64, 1, 1]), torch.Size([256]), torch.Size([256]), torch.Size([128, 256, 1, 1]), torch.Size([128]), torch.Size([128]), torch.Size([128, 128, 3, 3]), torch.Size([128]), torch.Size([128]), torch.Size([512, 128, 1, 1]), torch.Size([512]), torch.Size([512]), torch.Size([512, 256, 1, 1]), torch.Size([512]), torch.Size([512]), torch.Size([128, 512, 1, 1]), torch.Size([128]), torch.Size([128]), torch.Size([128, 128, 3, 3]), torch.Size([128]), torch.Size([128]), torch.Size([512, 128, 1, 1]), torch.Size([512]), torch.Size([512]), torch.Size([128, 512, 1, 1]), torch.Size([128]), torch.Size([128]), torch.Size([128, 128, 3, 3]), torch.Size([128]), torch.Size([128]), torch.Size([512, 128, 1, 1]), torch.Size([512]), torch.Size([512]), torch.Size([128, 512, 1, 1]), torch.Size([128]), torch.Size([128]), torch.Size([128, 128, 3, 3]), torch.Size([128]), torch.Size([128]), torch.Size([512, 128, 1, 1]), torch.Size([512]), torch.Size([512]), torch.Size([256, 512, 1, 1]), torch.Size([256]), torch.Size([256]), torch.Size([256, 256, 3, 3]), torch.Size([256]), torch.Size([256]), torch.Size([1024, 256, 1, 1]), torch.Size([1024]), torch.Size([1024]), torch.Size([1024, 512, 1, 1]), torch.Size([1024]), torch.Size([1024]), torch.Size([256, 1024, 1, 1]), torch.Size([256]), torch.Size([256]), torch.Size([256, 256, 3, 3]), torch.Size([256]), torch.Size([256]), torch.Size([1024, 256, 1, 1]), torch.Size([1024]), torch.Size([1024]), torch.Size([256, 1024, 1, 1]), torch.Size([256]), torch.Size([256]), torch.Size([256, 256, 3, 3]), torch.Size([256]), torch.Size([256]), torch.Size([1024, 256, 1, 1]), torch.Size([1024]), torch.Size([1024]), torch.Size([256, 1024, 1, 1]), torch.Size([256]), torch.Size([256]), torch.Size([256, 256, 3, 3]), torch.Size([256]), torch.Size([256]), torch.Size([1024, 256, 1, 1]), torch.Size([1024]), torch.Size([1024]), torch.Size([256, 1024, 1, 1]), torch.Size([256]), torch.Size([256]), torch.Size([256, 256, 3, 3]), torch.Size([256]), torch.Size([256]), torch.Size([1024, 256, 1, 1]), torch.Size([1024]), torch.Size([1024]), torch.Size([256, 1024, 1, 1]), torch.Size([256]), torch.Size([256]), torch.Size([256, 256, 3, 3]), torch.Size([256]), torch.Size([256]), torch.Size([1024, 256, 1, 1]), torch.Size([1024]), torch.Size([1024]), torch.Size([512, 1024, 1, 1]), torch.Size([512]), torch.Size([512]), torch.Size([512, 512, 3, 3]), torch.Size([512]), torch.Size([512]), torch.Size([2048, 512, 1, 1]), torch.Size([2048]), torch.Size([2048]), torch.Size([2048, 1024, 1, 1]), torch.Size([2048]), torch.Size([2048]), torch.Size([512, 2048, 1, 1]), torch.Size([512]), torch.Size([512]), torch.Size([512, 512, 3, 3]), torch.Size([512]), torch.Size([512]), torch.Size([2048, 512, 1, 1]), torch.Size([2048]), torch.Size([2048]), torch.Size([512, 2048, 1, 1]), torch.Size([512]), torch.Size([512]), torch.Size([512, 512, 3, 3]), torch.Size([512]), torch.Size([512]), torch.Size([2048, 512, 1, 1]), torch.Size([2048]), torch.Size([2048]), torch.Size([10, 2048]), torch.Size([10])]
2026-08-08 20:35:57 [INFO] src.analysis.pyhessian: [PyHessian] layer4.1.conv3.weight: trace=16.9197 (12 iters)
[torch.Size([64, 3, 3, 3]), torch.Size([64]), torch.Size([64]), torch.Size([64, 64, 1, 1]), torch.Size([64]), torch.Size([64]), torch.Size([64, 64, 3, 3]), torch.Size([64]), torch.Size([64]), torch.Size([256, 64, 1, 1]), torch.Size([256]), torch.Size([256]), torch.Size([256, 64, 1, 1]), torch.Size([256]), torch.Size([256]), torch.Size([64, 256, 1, 1]), torch.Size([64]), torch.Size([64]), torch.Size([64, 64, 3, 3]), torch.Size([64]), torch.Size([64]), torch.Size([256, 64, 1, 1]), torch.Size([256]), torch.Size([256]), torch.Size([64, 256, 1, 1]), torch.Size([64]), torch.Size([64]), torch.Size([64, 64, 3, 3]), torch.Size([64]), torch.Size([64]), torch.Size([256, 64, 1, 1]), torch.Size([256]), torch.Size([256]), torch.Size([128, 256, 1, 1]), torch.Size([128]), torch.Size([128]), torch.Size([128, 128, 3, 3]), torch.Size([128]), torch.Size([128]), torch.Size([512, 128, 1, 1]), torch.Size([512]), torch.Size([512]), torch.Size([512, 256, 1, 1]), torch.Size([512]), torch.Size([512]), torch.Size([128, 512, 1, 1]), torch.Size([128]), torch.Size([128]), torch.Size([128, 128, 3, 3]), torch.Size([128]), torch.Size([128]), torch.Size([512, 128, 1, 1]), torch.Size([512]), torch.Size([512]), torch.Size([128, 512, 1, 1]), torch.Size([128]), torch.Size([128]), torch.Size([128, 128, 3, 3]), torch.Size([128]), torch.Size([128]), torch.Size([512, 128, 1, 1]), torch.Size([512]), torch.Size([512]), torch.Size([128, 512, 1, 1]), torch.Size([128]), torch.Size([128]), torch.Size([128, 128, 3, 3]), torch.Size([128]), torch.Size([128]), torch.Size([512, 128, 1, 1]), torch.Size([512]), torch.Size([512]), torch.Size([256, 512, 1, 1]), torch.Size([256]), torch.Size([256]), torch.Size([256, 256, 3, 3]), torch.Size([256]), torch.Size([256]), torch.Size([1024, 256, 1, 1]), torch.Size([1024]), torch.Size([1024]), torch.Size([1024, 512, 1, 1]), torch.Size([1024]), torch.Size([1024]), torch.Size([256, 1024, 1, 1]), torch.Size([256]), torch.Size([256]), torch.Size([256, 256, 3, 3]), torch.Size([256]), torch.Size([256]), torch.Size([1024, 256, 1, 1]), torch.Size([1024]), torch.Size([1024]), torch.Size([256, 1024, 1, 1]), torch.Size([256]), torch.Size([256]), torch.Size([256, 256, 3, 3]), torch.Size([256]), torch.Size([256]), torch.Size([1024, 256, 1, 1]), torch.Size([1024]), torch.Size([1024]), torch.Size([256, 1024, 1, 1]), torch.Size([256]), torch.Size([256]), torch.Size([256, 256, 3, 3]), torch.Size([256]), torch.Size([256]), torch.Size([1024, 256, 1, 1]), torch.Size([1024]), torch.Size([1024]), torch.Size([256, 1024, 1, 1]), torch.Size([256]), torch.Size([256]), torch.Size([256, 256, 3, 3]), torch.Size([256]), torch.Size([256]), torch.Size([1024, 256, 1, 1]), torch.Size([1024]), torch.Size([1024]), torch.Size([256, 1024, 1, 1]), torch.Size([256]), torch.Size([256]), torch.Size([256, 256, 3, 3]), torch.Size([256]), torch.Size([256]), torch.Size([1024, 256, 1, 1]), torch.Size([1024]), torch.Size([1024]), torch.Size([512, 1024, 1, 1]), torch.Size([512]), torch.Size([512]), torch.Size([512, 512, 3, 3]), torch.Size([512]), torch.Size([512]), torch.Size([2048, 512, 1, 1]), torch.Size([2048]), torch.Size([2048]), torch.Size([2048, 1024, 1, 1]), torch.Size([2048]), torch.Size([2048]), torch.Size([512, 2048, 1, 1]), torch.Size([512]), torch.Size([512]), torch.Size([512, 512, 3, 3]), torch.Size([512]), torch.Size([512]), torch.Size([2048, 512, 1, 1]), torch.Size([2048]), torch.Size([2048]), torch.Size([512, 2048, 1, 1]), torch.Size([512]), torch.Size([512]), torch.Size([512, 512, 3, 3]), torch.Size([512]), torch.Size([512]), torch.Size([2048, 512, 1, 1]), torch.Size([2048]), torch.Size([2048]), torch.Size([10, 2048]), torch.Size([10])]
2026-08-08 20:35:57 [INFO] src.analysis.pyhessian: [PyHessian] layer4.2.conv1.weight: trace=6.1276 (32 iters)
[torch.Size([64, 3, 3, 3]), torch.Size([64]), torch.Size([64]), torch.Size([64, 64, 1, 1]), torch.Size([64]), torch.Size([64]), torch.Size([64, 64, 3, 3]), torch.Size([64]), torch.Size([64]), torch.Size([256, 64, 1, 1]), torch.Size([256]), torch.Size([256]), torch.Size([256, 64, 1, 1]), torch.Size([256]), torch.Size([256]), torch.Size([64, 256, 1, 1]), torch.Size([64]), torch.Size([64]), torch.Size([64, 64, 3, 3]), torch.Size([64]), torch.Size([64]), torch.Size([256, 64, 1, 1]), torch.Size([256]), torch.Size([256]), torch.Size([64, 256, 1, 1]), torch.Size([64]), torch.Size([64]), torch.Size([64, 64, 3, 3]), torch.Size([64]), torch.Size([64]), torch.Size([256, 64, 1, 1]), torch.Size([256]), torch.Size([256]), torch.Size([128, 256, 1, 1]), torch.Size([128]), torch.Size([128]), torch.Size([128, 128, 3, 3]), torch.Size([128]), torch.Size([128]), torch.Size([512, 128, 1, 1]), torch.Size([512]), torch.Size([512]), torch.Size([512, 256, 1, 1]), torch.Size([512]), torch.Size([512]), torch.Size([128, 512, 1, 1]), torch.Size([128]), torch.Size([128]), torch.Size([128, 128, 3, 3]), torch.Size([128]), torch.Size([128]), torch.Size([512, 128, 1, 1]), torch.Size([512]), torch.Size([512]), torch.Size([128, 512, 1, 1]), torch.Size([128]), torch.Size([128]), torch.Size([128, 128, 3, 3]), torch.Size([128]), torch.Size([128]), torch.Size([512, 128, 1, 1]), torch.Size([512]), torch.Size([512]), torch.Size([128, 512, 1, 1]), torch.Size([128]), torch.Size([128]), torch.Size([128, 128, 3, 3]), torch.Size([128]), torch.Size([128]), torch.Size([512, 128, 1, 1]), torch.Size([512]), torch.Size([512]), torch.Size([256, 512, 1, 1]), torch.Size([256]), torch.Size([256]), torch.Size([256, 256, 3, 3]), torch.Size([256]), torch.Size([256]), torch.Size([1024, 256, 1, 1]), torch.Size([1024]), torch.Size([1024]), torch.Size([1024, 512, 1, 1]), torch.Size([1024]), torch.Size([1024]), torch.Size([256, 1024, 1, 1]), torch.Size([256]), torch.Size([256]), torch.Size([256, 256, 3, 3]), torch.Size([256]), torch.Size([256]), torch.Size([1024, 256, 1, 1]), torch.Size([1024]), torch.Size([1024]), torch.Size([256, 1024, 1, 1]), torch.Size([256]), torch.Size([256]), torch.Size([256, 256, 3, 3]), torch.Size([256]), torch.Size([256]), torch.Size([1024, 256, 1, 1]), torch.Size([1024]), torch.Size([1024]), torch.Size([256, 1024, 1, 1]), torch.Size([256]), torch.Size([256]), torch.Size([256, 256, 3, 3]), torch.Size([256]), torch.Size([256]), torch.Size([1024, 256, 1, 1]), torch.Size([1024]), torch.Size([1024]), torch.Size([256, 1024, 1, 1]), torch.Size([256]), torch.Size([256]), torch.Size([256, 256, 3, 3]), torch.Size([256]), torch.Size([256]), torch.Size([1024, 256, 1, 1]), torch.Size([1024]), torch.Size([1024]), torch.Size([256, 1024, 1, 1]), torch.Size([256]), torch.Size([256]), torch.Size([256, 256, 3, 3]), torch.Size([256]), torch.Size([256]), torch.Size([1024, 256, 1, 1]), torch.Size([1024]), torch.Size([1024]), torch.Size([512, 1024, 1, 1]), torch.Size([512]), torch.Size([512]), torch.Size([512, 512, 3, 3]), torch.Size([512]), torch.Size([512]), torch.Size([2048, 512, 1, 1]), torch.Size([2048]), torch.Size([2048]), torch.Size([2048, 1024, 1, 1]), torch.Size([2048]), torch.Size([2048]), torch.Size([512, 2048, 1, 1]), torch.Size([512]), torch.Size([512]), torch.Size([512, 512, 3, 3]), torch.Size([512]), torch.Size([512]), torch.Size([2048, 512, 1, 1]), torch.Size([2048]), torch.Size([2048]), torch.Size([512, 2048, 1, 1]), torch.Size([512]), torch.Size([512]), torch.Size([512, 512, 3, 3]), torch.Size([512]), torch.Size([512]), torch.Size([2048, 512, 1, 1]), torch.Size([2048]), torch.Size([2048]), torch.Size([10, 2048]), torch.Size([10])]
2026-08-08 20:35:57 [INFO] src.analysis.pyhessian: [PyHessian] layer4.2.conv2.weight: trace=4.1224 (8 iters)
[torch.Size([64, 3, 3, 3]), torch.Size([64]), torch.Size([64]), torch.Size([64, 64, 1, 1]), torch.Size([64]), torch.Size([64]), torch.Size([64, 64, 3, 3]), torch.Size([64]), torch.Size([64]), torch.Size([256, 64, 1, 1]), torch.Size([256]), torch.Size([256]), torch.Size([256, 64, 1, 1]), torch.Size([256]), torch.Size([256]), torch.Size([64, 256, 1, 1]), torch.Size([64]), torch.Size([64]), torch.Size([64, 64, 3, 3]), torch.Size([64]), torch.Size([64]), torch.Size([256, 64, 1, 1]), torch.Size([256]), torch.Size([256]), torch.Size([64, 256, 1, 1]), torch.Size([64]), torch.Size([64]), torch.Size([64, 64, 3, 3]), torch.Size([64]), torch.Size([64]), torch.Size([256, 64, 1, 1]), torch.Size([256]), torch.Size([256]), torch.Size([128, 256, 1, 1]), torch.Size([128]), torch.Size([128]), torch.Size([128, 128, 3, 3]), torch.Size([128]), torch.Size([128]), torch.Size([512, 128, 1, 1]), torch.Size([512]), torch.Size([512]), torch.Size([512, 256, 1, 1]), torch.Size([512]), torch.Size([512]), torch.Size([128, 512, 1, 1]), torch.Size([128]), torch.Size([128]), torch.Size([128, 128, 3, 3]), torch.Size([128]), torch.Size([128]), torch.Size([512, 128, 1, 1]), torch.Size([512]), torch.Size([512]), torch.Size([128, 512, 1, 1]), torch.Size([128]), torch.Size([128]), torch.Size([128, 128, 3, 3]), torch.Size([128]), torch.Size([128]), torch.Size([512, 128, 1, 1]), torch.Size([512]), torch.Size([512]), torch.Size([128, 512, 1, 1]), torch.Size([128]), torch.Size([128]), torch.Size([128, 128, 3, 3]), torch.Size([128]), torch.Size([128]), torch.Size([512, 128, 1, 1]), torch.Size([512]), torch.Size([512]), torch.Size([256, 512, 1, 1]), torch.Size([256]), torch.Size([256]), torch.Size([256, 256, 3, 3]), torch.Size([256]), torch.Size([256]), torch.Size([1024, 256, 1, 1]), torch.Size([1024]), torch.Size([1024]), torch.Size([1024, 512, 1, 1]), torch.Size([1024]), torch.Size([1024]), torch.Size([256, 1024, 1, 1]), torch.Size([256]), torch.Size([256]), torch.Size([256, 256, 3, 3]), torch.Size([256]), torch.Size([256]), torch.Size([1024, 256, 1, 1]), torch.Size([1024]), torch.Size([1024]), torch.Size([256, 1024, 1, 1]), torch.Size([256]), torch.Size([256]), torch.Size([256, 256, 3, 3]), torch.Size([256]), torch.Size([256]), torch.Size([1024, 256, 1, 1]), torch.Size([1024]), torch.Size([1024]), torch.Size([256, 1024, 1, 1]), torch.Size([256]), torch.Size([256]), torch.Size([256, 256, 3, 3]), torch.Size([256]), torch.Size([256]), torch.Size([1024, 256, 1, 1]), torch.Size([1024]), torch.Size([1024]), torch.Size([256, 1024, 1, 1]), torch.Size([256]), torch.Size([256]), torch.Size([256, 256, 3, 3]), torch.Size([256]), torch.Size([256]), torch.Size([1024, 256, 1, 1]), torch.Size([1024]), torch.Size([1024]), torch.Size([256, 1024, 1, 1]), torch.Size([256]), torch.Size([256]), torch.Size([256, 256, 3, 3]), torch.Size([256]), torch.Size([256]), torch.Size([1024, 256, 1, 1]), torch.Size([1024]), torch.Size([1024]), torch.Size([512, 1024, 1, 1]), torch.Size([512]), torch.Size([512]), torch.Size([512, 512, 3, 3]), torch.Size([512]), torch.Size([512]), torch.Size([2048, 512, 1, 1]), torch.Size([2048]), torch.Size([2048]), torch.Size([2048, 1024, 1, 1]), torch.Size([2048]), torch.Size([2048]), torch.Size([512, 2048, 1, 1]), torch.Size([512]), torch.Size([512]), torch.Size([512, 512, 3, 3]), torch.Size([512]), torch.Size([512]), torch.Size([2048, 512, 1, 1]), torch.Size([2048]), torch.Size([2048]), torch.Size([512, 2048, 1, 1]), torch.Size([512]), torch.Size([512]), torch.Size([512, 512, 3, 3]), torch.Size([512]), torch.Size([512]), torch.Size([2048, 512, 1, 1]), torch.Size([2048]), torch.Size([2048]), torch.Size([10, 2048]), torch.Size([10])]
2026-08-08 20:35:57 [INFO] src.analysis.pyhessian: [PyHessian] layer4.2.conv3.weight: trace=2.3873 (33 iters)
[torch.Size([64, 3, 3, 3]), torch.Size([64]), torch.Size([64]), torch.Size([64, 64, 1, 1]), torch.Size([64]), torch.Size([64]), torch.Size([64, 64, 3, 3]), torch.Size([64]), torch.Size([64]), torch.Size([256, 64, 1, 1]), torch.Size([256]), torch.Size([256]), torch.Size([256, 64, 1, 1]), torch.Size([256]), torch.Size([256]), torch.Size([64, 256, 1, 1]), torch.Size([64]), torch.Size([64]), torch.Size([64, 64, 3, 3]), torch.Size([64]), torch.Size([64]), torch.Size([256, 64, 1, 1]), torch.Size([256]), torch.Size([256]), torch.Size([64, 256, 1, 1]), torch.Size([64]), torch.Size([64]), torch.Size([64, 64, 3, 3]), torch.Size([64]), torch.Size([64]), torch.Size([256, 64, 1, 1]), torch.Size([256]), torch.Size([256]), torch.Size([128, 256, 1, 1]), torch.Size([128]), torch.Size([128]), torch.Size([128, 128, 3, 3]), torch.Size([128]), torch.Size([128]), torch.Size([512, 128, 1, 1]), torch.Size([512]), torch.Size([512]), torch.Size([512, 256, 1, 1]), torch.Size([512]), torch.Size([512]), torch.Size([128, 512, 1, 1]), torch.Size([128]), torch.Size([128]), torch.Size([128, 128, 3, 3]), torch.Size([128]), torch.Size([128]), torch.Size([512, 128, 1, 1]), torch.Size([512]), torch.Size([512]), torch.Size([128, 512, 1, 1]), torch.Size([128]), torch.Size([128]), torch.Size([128, 128, 3, 3]), torch.Size([128]), torch.Size([128]), torch.Size([512, 128, 1, 1]), torch.Size([512]), torch.Size([512]), torch.Size([128, 512, 1, 1]), torch.Size([128]), torch.Size([128]), torch.Size([128, 128, 3, 3]), torch.Size([128]), torch.Size([128]), torch.Size([512, 128, 1, 1]), torch.Size([512]), torch.Size([512]), torch.Size([256, 512, 1, 1]), torch.Size([256]), torch.Size([256]), torch.Size([256, 256, 3, 3]), torch.Size([256]), torch.Size([256]), torch.Size([1024, 256, 1, 1]), torch.Size([1024]), torch.Size([1024]), torch.Size([1024, 512, 1, 1]), torch.Size([1024]), torch.Size([1024]), torch.Size([256, 1024, 1, 1]), torch.Size([256]), torch.Size([256]), torch.Size([256, 256, 3, 3]), torch.Size([256]), torch.Size([256]), torch.Size([1024, 256, 1, 1]), torch.Size([1024]), torch.Size([1024]), torch.Size([256, 1024, 1, 1]), torch.Size([256]), torch.Size([256]), torch.Size([256, 256, 3, 3]), torch.Size([256]), torch.Size([256]), torch.Size([1024, 256, 1, 1]), torch.Size([1024]), torch.Size([1024]), torch.Size([256, 1024, 1, 1]), torch.Size([256]), torch.Size([256]), torch.Size([256, 256, 3, 3]), torch.Size([256]), torch.Size([256]), torch.Size([1024, 256, 1, 1]), torch.Size([1024]), torch.Size([1024]), torch.Size([256, 1024, 1, 1]), torch.Size([256]), torch.Size([256]), torch.Size([256, 256, 3, 3]), torch.Size([256]), torch.Size([256]), torch.Size([1024, 256, 1, 1]), torch.Size([1024]), torch.Size([1024]), torch.Size([256, 1024, 1, 1]), torch.Size([256]), torch.Size([256]), torch.Size([256, 256, 3, 3]), torch.Size([256]), torch.Size([256]), torch.Size([1024, 256, 1, 1]), torch.Size([1024]), torch.Size([1024]), torch.Size([512, 1024, 1, 1]), torch.Size([512]), torch.Size([512]), torch.Size([512, 512, 3, 3]), torch.Size([512]), torch.Size([512]), torch.Size([2048, 512, 1, 1]), torch.Size([2048]), torch.Size([2048]), torch.Size([2048, 1024, 1, 1]), torch.Size([2048]), torch.Size([2048]), torch.Size([512, 2048, 1, 1]), torch.Size([512]), torch.Size([512]), torch.Size([512, 512, 3, 3]), torch.Size([512]), torch.Size([512]), torch.Size([2048, 512, 1, 1]), torch.Size([2048]), torch.Size([2048]), torch.Size([512, 2048, 1, 1]), torch.Size([512]), torch.Size([512]), torch.Size([512, 512, 3, 3]), torch.Size([512]), torch.Size([512]), torch.Size([2048, 512, 1, 1]), torch.Size([2048]), torch.Size([2048]), torch.Size([10, 2048]), torch.Size([10])]
2026-08-08 20:35:58 [INFO] src.analysis.pyhessian: [PyHessian] fc.weight: trace=3.7513 (13 iters)
2026-08-08 20:35:59 [INFO] src.analysis.top_eigenvalue: [PyHessian] conv1.weight: lambda_max=2.9521
2026-08-08 20:36:00 [INFO] src.analysis.top_eigenvalue: [PyHessian] layer1.0.conv1.weight: lambda_max=1.3449
2026-08-08 20:36:01 [INFO] src.analysis.top_eigenvalue: [PyHessian] layer1.0.conv2.weight: lambda_max=0.2740
2026-08-08 20:36:02 [INFO] src.analysis.top_eigenvalue: [PyHessian] layer1.0.conv3.weight: lambda_max=0.2972
2026-08-08 20:36:02 [INFO] src.analysis.top_eigenvalue: [PyHessian] layer1.0.downsample.0.weight: lambda_max=2.7655
2026-08-08 20:36:03 [INFO] src.analysis.top_eigenvalue: [PyHessian] layer1.1.conv1.weight: lambda_max=0.8313
2026-08-08 20:36:04 [INFO] src.analysis.top_eigenvalue: [PyHessian] layer1.1.conv2.weight: lambda_max=3.1037
2026-08-08 20:36:05 [INFO] src.analysis.top_eigenvalue: [PyHessian] layer1.1.conv3.weight: lambda_max=1.5067
2026-08-08 20:36:05 [INFO] src.analysis.top_eigenvalue: [PyHessian] layer1.2.conv1.weight: lambda_max=0.9030
2026-08-08 20:36:06 [INFO] src.analysis.top_eigenvalue: [PyHessian] layer1.2.conv2.weight: lambda_max=2.1829
2026-08-08 20:36:06 [INFO] src.analysis.top_eigenvalue: [PyHessian] layer1.2.conv3.weight: lambda_max=1.5695
2026-08-08 20:36:07 [INFO] src.analysis.top_eigenvalue: [PyHessian] layer2.0.conv1.weight: lambda_max=6.6895
2026-08-08 20:36:08 [INFO] src.analysis.top_eigenvalue: [PyHessian] layer2.0.conv2.weight: lambda_max=7.5019
2026-08-08 20:36:08 [INFO] src.analysis.top_eigenvalue: [PyHessian] layer2.0.conv3.weight: lambda_max=4.8405
2026-08-08 20:36:09 [INFO] src.analysis.top_eigenvalue: [PyHessian] layer2.0.downsample.0.weight: lambda_max=5.0444
2026-08-08 20:36:09 [INFO] src.analysis.top_eigenvalue: [PyHessian] layer2.1.conv1.weight: lambda_max=0.7707
2026-08-08 20:36:10 [INFO] src.analysis.top_eigenvalue: [PyHessian] layer2.1.conv2.weight: lambda_max=2.0496
2026-08-08 20:36:11 [INFO] src.analysis.top_eigenvalue: [PyHessian] layer2.1.conv3.weight: lambda_max=1.5603
2026-08-08 20:36:11 [INFO] src.analysis.top_eigenvalue: [PyHessian] layer2.2.conv1.weight: lambda_max=0.5646
2026-08-08 20:36:12 [INFO] src.analysis.top_eigenvalue: [PyHessian] layer2.2.conv2.weight: lambda_max=1.7117
2026-08-08 20:36:12 [INFO] src.analysis.top_eigenvalue: [PyHessian] layer2.2.conv3.weight: lambda_max=1.1674
2026-08-08 20:36:13 [INFO] src.analysis.top_eigenvalue: [PyHessian] layer2.3.conv1.weight: lambda_max=1.9104
2026-08-08 20:36:13 [INFO] src.analysis.top_eigenvalue: [PyHessian] layer2.3.conv2.weight: lambda_max=6.7470
2026-08-08 20:36:14 [INFO] src.analysis.top_eigenvalue: [PyHessian] layer2.3.conv3.weight: lambda_max=1.8944
2026-08-08 20:36:14 [INFO] src.analysis.top_eigenvalue: [PyHessian] layer3.0.conv1.weight: lambda_max=8.9789
2026-08-08 20:36:15 [INFO] src.analysis.top_eigenvalue: [PyHessian] layer3.0.conv2.weight: lambda_max=5.4264
2026-08-08 20:36:15 [INFO] src.analysis.top_eigenvalue: [PyHessian] layer3.0.conv3.weight: lambda_max=2.8958
2026-08-08 20:36:15 [INFO] src.analysis.top_eigenvalue: [PyHessian] layer3.0.downsample.0.weight: lambda_max=4.0681
2026-08-08 20:36:16 [INFO] src.analysis.top_eigenvalue: [PyHessian] layer3.1.conv1.weight: lambda_max=0.8033
2026-08-08 20:36:16 [INFO] src.analysis.top_eigenvalue: [PyHessian] layer3.1.conv2.weight: lambda_max=1.4734
2026-08-08 20:36:17 [INFO] src.analysis.top_eigenvalue: [PyHessian] layer3.1.conv3.weight: lambda_max=0.9112
2026-08-08 20:36:17 [INFO] src.analysis.top_eigenvalue: [PyHessian] layer3.2.conv1.weight: lambda_max=1.4786
2026-08-08 20:36:17 [INFO] src.analysis.top_eigenvalue: [PyHessian] layer3.2.conv2.weight: lambda_max=1.5456
2026-08-08 20:36:18 [INFO] src.analysis.top_eigenvalue: [PyHessian] layer3.2.conv3.weight: lambda_max=0.7228
2026-08-08 20:36:18 [INFO] src.analysis.top_eigenvalue: [PyHessian] layer3.3.conv1.weight: lambda_max=1.1324
2026-08-08 20:36:18 [INFO] src.analysis.top_eigenvalue: [PyHessian] layer3.3.conv2.weight: lambda_max=1.4235
2026-08-08 20:36:19 [INFO] src.analysis.top_eigenvalue: [PyHessian] layer3.3.conv3.weight: lambda_max=0.7799
2026-08-08 20:36:20 [INFO] src.analysis.top_eigenvalue: [PyHessian] layer3.4.conv1.weight: lambda_max=1.2738
2026-08-08 20:36:20 [INFO] src.analysis.top_eigenvalue: [PyHessian] layer3.4.conv2.weight: lambda_max=3.2492
2026-08-08 20:36:20 [INFO] src.analysis.top_eigenvalue: [PyHessian] layer3.4.conv3.weight: lambda_max=1.5151
2026-08-08 20:36:20 [INFO] src.analysis.top_eigenvalue: [PyHessian] layer3.5.conv1.weight: lambda_max=3.2467
2026-08-08 20:36:21 [INFO] src.analysis.top_eigenvalue: [PyHessian] layer3.5.conv2.weight: lambda_max=3.9236
2026-08-08 20:36:21 [INFO] src.analysis.top_eigenvalue: [PyHessian] layer3.5.conv3.weight: lambda_max=1.6762
2026-08-08 20:36:21 [INFO] src.analysis.top_eigenvalue: [PyHessian] layer4.0.conv1.weight: lambda_max=4.9288
2026-08-08 20:36:21 [INFO] src.analysis.top_eigenvalue: [PyHessian] layer4.0.conv2.weight: lambda_max=2.1450
2026-08-08 20:36:22 [INFO] src.analysis.top_eigenvalue: [PyHessian] layer4.0.conv3.weight: lambda_max=1.2328
2026-08-08 20:36:22 [INFO] src.analysis.top_eigenvalue: [PyHessian] layer4.0.downsample.0.weight: lambda_max=3.2518
2026-08-08 20:36:22 [INFO] src.analysis.top_eigenvalue: [PyHessian] layer4.1.conv1.weight: lambda_max=3.1160
2026-08-08 20:36:23 [INFO] src.analysis.top_eigenvalue: [PyHessian] layer4.1.conv2.weight: lambda_max=5.1244
2026-08-08 20:36:23 [INFO] src.analysis.top_eigenvalue: [PyHessian] layer4.1.conv3.weight: lambda_max=1.8076
2026-08-08 20:36:23 [INFO] src.analysis.top_eigenvalue: [PyHessian] layer4.2.conv1.weight: lambda_max=1.1937
2026-08-08 20:36:23 [INFO] src.analysis.top_eigenvalue: [PyHessian] layer4.2.conv2.weight: lambda_max=0.7341
2026-08-08 20:36:23 [INFO] src.analysis.top_eigenvalue: [PyHessian] layer4.2.conv3.weight: lambda_max=0.5878
2026-08-08 20:36:24 [INFO] src.analysis.top_eigenvalue: [PyHessian] fc.weight: lambda_max=0.9218
2026-08-08 20:36:24 [INFO] __main__: [FP32] Best Val Acc: 81.74% | Latency: 7.55ms
2026-08-08 20:36:24 [INFO] __main__: Starting PTQ Calibration...
2026-08-08 20:36:32 [INFO] __main__: Saved uncompiled PTQ state_dict -> /scratch/dominic/Forschungsprojekt/results/20260808_200632_27831/quantized_models/ptq_po2_resnet50_no_weights_CIFAR10.pt
2026-08-08 20:36:32 [INFO] __main__: Computing Hessian Trace for PTQ...
[torch.Size([64, 3, 3, 3]), torch.Size([64]), torch.Size([64, 64, 1, 1]), torch.Size([64]), torch.Size([64, 64, 3, 3]), torch.Size([64]), torch.Size([256, 64, 1, 1]), torch.Size([256]), torch.Size([256]), torch.Size([256, 64, 1, 1]), torch.Size([256]), torch.Size([64, 256, 1, 1]), torch.Size([64]), torch.Size([64, 64, 3, 3]), torch.Size([64]), torch.Size([256, 64, 1, 1]), torch.Size([256]), torch.Size([256]), torch.Size([64, 256, 1, 1]), torch.Size([64]), torch.Size([64, 64, 3, 3]), torch.Size([64]), torch.Size([256, 64, 1, 1]), torch.Size([256]), torch.Size([256]), torch.Size([128, 256, 1, 1]), torch.Size([128]), torch.Size([128, 128, 3, 3]), torch.Size([128]), torch.Size([512, 128, 1, 1]), torch.Size([512]), torch.Size([512]), torch.Size([512, 256, 1, 1]), torch.Size([512]), torch.Size([128, 512, 1, 1]), torch.Size([128]), torch.Size([128, 128, 3, 3]), torch.Size([128]), torch.Size([512, 128, 1, 1]), torch.Size([512]), torch.Size([512]), torch.Size([128, 512, 1, 1]), torch.Size([128]), torch.Size([128, 128, 3, 3]), torch.Size([128]), torch.Size([512, 128, 1, 1]), torch.Size([512]), torch.Size([512]), torch.Size([128, 512, 1, 1]), torch.Size([128]), torch.Size([128, 128, 3, 3]), torch.Size([128]), torch.Size([512, 128, 1, 1]), torch.Size([512]), torch.Size([512]), torch.Size([256, 512, 1, 1]), torch.Size([256]), torch.Size([256, 256, 3, 3]), torch.Size([256]), torch.Size([1024, 256, 1, 1]), torch.Size([1024]), torch.Size([1024]), torch.Size([1024, 512, 1, 1]), torch.Size([1024]), torch.Size([256, 1024, 1, 1]), torch.Size([256]), torch.Size([256, 256, 3, 3]), torch.Size([256]), torch.Size([1024, 256, 1, 1]), torch.Size([1024]), torch.Size([1024]), torch.Size([256, 1024, 1, 1]), torch.Size([256]), torch.Size([256, 256, 3, 3]), torch.Size([256]), torch.Size([1024, 256, 1, 1]), torch.Size([1024]), torch.Size([1024]), torch.Size([256, 1024, 1, 1]), torch.Size([256]), torch.Size([256, 256, 3, 3]), torch.Size([256]), torch.Size([1024, 256, 1, 1]), torch.Size([1024]), torch.Size([1024]), torch.Size([256, 1024, 1, 1]), torch.Size([256]), torch.Size([256, 256, 3, 3]), torch.Size([256]), torch.Size([1024, 256, 1, 1]), torch.Size([1024]), torch.Size([1024]), torch.Size([256, 1024, 1, 1]), torch.Size([256]), torch.Size([256, 256, 3, 3]), torch.Size([256]), torch.Size([1024, 256, 1, 1]), torch.Size([1024]), torch.Size([1024]), torch.Size([512, 1024, 1, 1]), torch.Size([512]), torch.Size([512, 512, 3, 3]), torch.Size([512]), torch.Size([2048, 512, 1, 1]), torch.Size([2048]), torch.Size([2048]), torch.Size([2048, 1024, 1, 1]), torch.Size([2048]), torch.Size([512, 2048, 1, 1]), torch.Size([512]), torch.Size([512, 512, 3, 3]), torch.Size([512]), torch.Size([2048, 512, 1, 1]), torch.Size([2048]), torch.Size([2048]), torch.Size([512, 2048, 1, 1]), torch.Size([512]), torch.Size([512, 512, 3, 3]), torch.Size([512]), torch.Size([2048, 512, 1, 1]), torch.Size([2048]), torch.Size([2048]), torch.Size([10, 2048]), torch.Size([10])]
2026-08-08 20:36:38 [INFO] src.analysis.pyhessian: [PyHessian] conv1.weight: trace=324.3537 (56 iters)
[torch.Size([64, 3, 3, 3]), torch.Size([64]), torch.Size([64, 64, 1, 1]), torch.Size([64]), torch.Size([64, 64, 3, 3]), torch.Size([64]), torch.Size([256, 64, 1, 1]), torch.Size([256]), torch.Size([256]), torch.Size([256, 64, 1, 1]), torch.Size([256]), torch.Size([64, 256, 1, 1]), torch.Size([64]), torch.Size([64, 64, 3, 3]), torch.Size([64]), torch.Size([256, 64, 1, 1]), torch.Size([256]), torch.Size([256]), torch.Size([64, 256, 1, 1]), torch.Size([64]), torch.Size([64, 64, 3, 3]), torch.Size([64]), torch.Size([256, 64, 1, 1]), torch.Size([256]), torch.Size([256]), torch.Size([128, 256, 1, 1]), torch.Size([128]), torch.Size([128, 128, 3, 3]), torch.Size([128]), torch.Size([512, 128, 1, 1]), torch.Size([512]), torch.Size([512]), torch.Size([512, 256, 1, 1]), torch.Size([512]), torch.Size([128, 512, 1, 1]), torch.Size([128]), torch.Size([128, 128, 3, 3]), torch.Size([128]), torch.Size([512, 128, 1, 1]), torch.Size([512]), torch.Size([512]), torch.Size([128, 512, 1, 1]), torch.Size([128]), torch.Size([128, 128, 3, 3]), torch.Size([128]), torch.Size([512, 128, 1, 1]), torch.Size([512]), torch.Size([512]), torch.Size([128, 512, 1, 1]), torch.Size([128]), torch.Size([128, 128, 3, 3]), torch.Size([128]), torch.Size([512, 128, 1, 1]), torch.Size([512]), torch.Size([512]), torch.Size([256, 512, 1, 1]), torch.Size([256]), torch.Size([256, 256, 3, 3]), torch.Size([256]), torch.Size([1024, 256, 1, 1]), torch.Size([1024]), torch.Size([1024]), torch.Size([1024, 512, 1, 1]), torch.Size([1024]), torch.Size([256, 1024, 1, 1]), torch.Size([256]), torch.Size([256, 256, 3, 3]), torch.Size([256]), torch.Size([1024, 256, 1, 1]), torch.Size([1024]), torch.Size([1024]), torch.Size([256, 1024, 1, 1]), torch.Size([256]), torch.Size([256, 256, 3, 3]), torch.Size([256]), torch.Size([1024, 256, 1, 1]), torch.Size([1024]), torch.Size([1024]), torch.Size([256, 1024, 1, 1]), torch.Size([256]), torch.Size([256, 256, 3, 3]), torch.Size([256]), torch.Size([1024, 256, 1, 1]), torch.Size([1024]), torch.Size([1024]), torch.Size([256, 1024, 1, 1]), torch.Size([256]), torch.Size([256, 256, 3, 3]), torch.Size([256]), torch.Size([1024, 256, 1, 1]), torch.Size([1024]), torch.Size([1024]), torch.Size([256, 1024, 1, 1]), torch.Size([256]), torch.Size([256, 256, 3, 3]), torch.Size([256]), torch.Size([1024, 256, 1, 1]), torch.Size([1024]), torch.Size([1024]), torch.Size([512, 1024, 1, 1]), torch.Size([512]), torch.Size([512, 512, 3, 3]), torch.Size([512]), torch.Size([2048, 512, 1, 1]), torch.Size([2048]), torch.Size([2048]), torch.Size([2048, 1024, 1, 1]), torch.Size([2048]), torch.Size([512, 2048, 1, 1]), torch.Size([512]), torch.Size([512, 512, 3, 3]), torch.Size([512]), torch.Size([2048, 512, 1, 1]), torch.Size([2048]), torch.Size([2048]), torch.Size([512, 2048, 1, 1]), torch.Size([512]), torch.Size([512, 512, 3, 3]), torch.Size([512]), torch.Size([2048, 512, 1, 1]), torch.Size([2048]), torch.Size([2048]), torch.Size([10, 2048]), torch.Size([10])]
2026-08-08 20:36:44 [INFO] src.analysis.pyhessian: [PyHessian] layer1.0.conv1.weight: trace=29.4981 (65 iters)
[torch.Size([64, 3, 3, 3]), torch.Size([64]), torch.Size([64, 64, 1, 1]), torch.Size([64]), torch.Size([64, 64, 3, 3]), torch.Size([64]), torch.Size([256, 64, 1, 1]), torch.Size([256]), torch.Size([256]), torch.Size([256, 64, 1, 1]), torch.Size([256]), torch.Size([64, 256, 1, 1]), torch.Size([64]), torch.Size([64, 64, 3, 3]), torch.Size([64]), torch.Size([256, 64, 1, 1]), torch.Size([256]), torch.Size([256]), torch.Size([64, 256, 1, 1]), torch.Size([64]), torch.Size([64, 64, 3, 3]), torch.Size([64]), torch.Size([256, 64, 1, 1]), torch.Size([256]), torch.Size([256]), torch.Size([128, 256, 1, 1]), torch.Size([128]), torch.Size([128, 128, 3, 3]), torch.Size([128]), torch.Size([512, 128, 1, 1]), torch.Size([512]), torch.Size([512]), torch.Size([512, 256, 1, 1]), torch.Size([512]), torch.Size([128, 512, 1, 1]), torch.Size([128]), torch.Size([128, 128, 3, 3]), torch.Size([128]), torch.Size([512, 128, 1, 1]), torch.Size([512]), torch.Size([512]), torch.Size([128, 512, 1, 1]), torch.Size([128]), torch.Size([128, 128, 3, 3]), torch.Size([128]), torch.Size([512, 128, 1, 1]), torch.Size([512]), torch.Size([512]), torch.Size([128, 512, 1, 1]), torch.Size([128]), torch.Size([128, 128, 3, 3]), torch.Size([128]), torch.Size([512, 128, 1, 1]), torch.Size([512]), torch.Size([512]), torch.Size([256, 512, 1, 1]), torch.Size([256]), torch.Size([256, 256, 3, 3]), torch.Size([256]), torch.Size([1024, 256, 1, 1]), torch.Size([1024]), torch.Size([1024]), torch.Size([1024, 512, 1, 1]), torch.Size([1024]), torch.Size([256, 1024, 1, 1]), torch.Size([256]), torch.Size([256, 256, 3, 3]), torch.Size([256]), torch.Size([1024, 256, 1, 1]), torch.Size([1024]), torch.Size([1024]), torch.Size([256, 1024, 1, 1]), torch.Size([256]), torch.Size([256, 256, 3, 3]), torch.Size([256]), torch.Size([1024, 256, 1, 1]), torch.Size([1024]), torch.Size([1024]), torch.Size([256, 1024, 1, 1]), torch.Size([256]), torch.Size([256, 256, 3, 3]), torch.Size([256]), torch.Size([1024, 256, 1, 1]), torch.Size([1024]), torch.Size([1024]), torch.Size([256, 1024, 1, 1]), torch.Size([256]), torch.Size([256, 256, 3, 3]), torch.Size([256]), torch.Size([1024, 256, 1, 1]), torch.Size([1024]), torch.Size([1024]), torch.Size([256, 1024, 1, 1]), torch.Size([256]), torch.Size([256, 256, 3, 3]), torch.Size([256]), torch.Size([1024, 256, 1, 1]), torch.Size([1024]), torch.Size([1024]), torch.Size([512, 1024, 1, 1]), torch.Size([512]), torch.Size([512, 512, 3, 3]), torch.Size([512]), torch.Size([2048, 512, 1, 1]), torch.Size([2048]), torch.Size([2048]), torch.Size([2048, 1024, 1, 1]), torch.Size([2048]), torch.Size([512, 2048, 1, 1]), torch.Size([512]), torch.Size([512, 512, 3, 3]), torch.Size([512]), torch.Size([2048, 512, 1, 1]), torch.Size([2048]), torch.Size([2048]), torch.Size([512, 2048, 1, 1]), torch.Size([512]), torch.Size([512, 512, 3, 3]), torch.Size([512]), torch.Size([2048, 512, 1, 1]), torch.Size([2048]), torch.Size([2048]), torch.Size([10, 2048]), torch.Size([10])]
2026-08-08 20:36:49 [INFO] src.analysis.pyhessian: [PyHessian] layer1.0.conv2.weight: trace=76.8935 (64 iters)
[torch.Size([64, 3, 3, 3]), torch.Size([64]), torch.Size([64, 64, 1, 1]), torch.Size([64]), torch.Size([64, 64, 3, 3]), torch.Size([64]), torch.Size([256, 64, 1, 1]), torch.Size([256]), torch.Size([256]), torch.Size([256, 64, 1, 1]), torch.Size([256]), torch.Size([64, 256, 1, 1]), torch.Size([64]), torch.Size([64, 64, 3, 3]), torch.Size([64]), torch.Size([256, 64, 1, 1]), torch.Size([256]), torch.Size([256]), torch.Size([64, 256, 1, 1]), torch.Size([64]), torch.Size([64, 64, 3, 3]), torch.Size([64]), torch.Size([256, 64, 1, 1]), torch.Size([256]), torch.Size([256]), torch.Size([128, 256, 1, 1]), torch.Size([128]), torch.Size([128, 128, 3, 3]), torch.Size([128]), torch.Size([512, 128, 1, 1]), torch.Size([512]), torch.Size([512]), torch.Size([512, 256, 1, 1]), torch.Size([512]), torch.Size([128, 512, 1, 1]), torch.Size([128]), torch.Size([128, 128, 3, 3]), torch.Size([128]), torch.Size([512, 128, 1, 1]), torch.Size([512]), torch.Size([512]), torch.Size([128, 512, 1, 1]), torch.Size([128]), torch.Size([128, 128, 3, 3]), torch.Size([128]), torch.Size([512, 128, 1, 1]), torch.Size([512]), torch.Size([512]), torch.Size([128, 512, 1, 1]), torch.Size([128]), torch.Size([128, 128, 3, 3]), torch.Size([128]), torch.Size([512, 128, 1, 1]), torch.Size([512]), torch.Size([512]), torch.Size([256, 512, 1, 1]), torch.Size([256]), torch.Size([256, 256, 3, 3]), torch.Size([256]), torch.Size([1024, 256, 1, 1]), torch.Size([1024]), torch.Size([1024]), torch.Size([1024, 512, 1, 1]), torch.Size([1024]), torch.Size([256, 1024, 1, 1]), torch.Size([256]), torch.Size([256, 256, 3, 3]), torch.Size([256]), torch.Size([1024, 256, 1, 1]), torch.Size([1024]), torch.Size([1024]), torch.Size([256, 1024, 1, 1]), torch.Size([256]), torch.Size([256, 256, 3, 3]), torch.Size([256]), torch.Size([1024, 256, 1, 1]), torch.Size([1024]), torch.Size([1024]), torch.Size([256, 1024, 1, 1]), torch.Size([256]), torch.Size([256, 256, 3, 3]), torch.Size([256]), torch.Size([1024, 256, 1, 1]), torch.Size([1024]), torch.Size([1024]), torch.Size([256, 1024, 1, 1]), torch.Size([256]), torch.Size([256, 256, 3, 3]), torch.Size([256]), torch.Size([1024, 256, 1, 1]), torch.Size([1024]), torch.Size([1024]), torch.Size([256, 1024, 1, 1]), torch.Size([256]), torch.Size([256, 256, 3, 3]), torch.Size([256]), torch.Size([1024, 256, 1, 1]), torch.Size([1024]), torch.Size([1024]), torch.Size([512, 1024, 1, 1]), torch.Size([512]), torch.Size([512, 512, 3, 3]), torch.Size([512]), torch.Size([2048, 512, 1, 1]), torch.Size([2048]), torch.Size([2048]), torch.Size([2048, 1024, 1, 1]), torch.Size([2048]), torch.Size([512, 2048, 1, 1]), torch.Size([512]), torch.Size([512, 512, 3, 3]), torch.Size([512]), torch.Size([2048, 512, 1, 1]), torch.Size([2048]), torch.Size([2048]), torch.Size([512, 2048, 1, 1]), torch.Size([512]), torch.Size([512, 512, 3, 3]), torch.Size([512]), torch.Size([2048, 512, 1, 1]), torch.Size([2048]), torch.Size([2048]), torch.Size([10, 2048]), torch.Size([10])]
2026-08-08 20:36:55 [INFO] src.analysis.pyhessian: [PyHessian] layer1.0.conv3.weight: trace=13.4477 (73 iters)
[torch.Size([64, 3, 3, 3]), torch.Size([64]), torch.Size([64, 64, 1, 1]), torch.Size([64]), torch.Size([64, 64, 3, 3]), torch.Size([64]), torch.Size([256, 64, 1, 1]), torch.Size([256]), torch.Size([256]), torch.Size([256, 64, 1, 1]), torch.Size([256]), torch.Size([64, 256, 1, 1]), torch.Size([64]), torch.Size([64, 64, 3, 3]), torch.Size([64]), torch.Size([256, 64, 1, 1]), torch.Size([256]), torch.Size([256]), torch.Size([64, 256, 1, 1]), torch.Size([64]), torch.Size([64, 64, 3, 3]), torch.Size([64]), torch.Size([256, 64, 1, 1]), torch.Size([256]), torch.Size([256]), torch.Size([128, 256, 1, 1]), torch.Size([128]), torch.Size([128, 128, 3, 3]), torch.Size([128]), torch.Size([512, 128, 1, 1]), torch.Size([512]), torch.Size([512]), torch.Size([512, 256, 1, 1]), torch.Size([512]), torch.Size([128, 512, 1, 1]), torch.Size([128]), torch.Size([128, 128, 3, 3]), torch.Size([128]), torch.Size([512, 128, 1, 1]), torch.Size([512]), torch.Size([512]), torch.Size([128, 512, 1, 1]), torch.Size([128]), torch.Size([128, 128, 3, 3]), torch.Size([128]), torch.Size([512, 128, 1, 1]), torch.Size([512]), torch.Size([512]), torch.Size([128, 512, 1, 1]), torch.Size([128]), torch.Size([128, 128, 3, 3]), torch.Size([128]), torch.Size([512, 128, 1, 1]), torch.Size([512]), torch.Size([512]), torch.Size([256, 512, 1, 1]), torch.Size([256]), torch.Size([256, 256, 3, 3]), torch.Size([256]), torch.Size([1024, 256, 1, 1]), torch.Size([1024]), torch.Size([1024]), torch.Size([1024, 512, 1, 1]), torch.Size([1024]), torch.Size([256, 1024, 1, 1]), torch.Size([256]), torch.Size([256, 256, 3, 3]), torch.Size([256]), torch.Size([1024, 256, 1, 1]), torch.Size([1024]), torch.Size([1024]), torch.Size([256, 1024, 1, 1]), torch.Size([256]), torch.Size([256, 256, 3, 3]), torch.Size([256]), torch.Size([1024, 256, 1, 1]), torch.Size([1024]), torch.Size([1024]), torch.Size([256, 1024, 1, 1]), torch.Size([256]), torch.Size([256, 256, 3, 3]), torch.Size([256]), torch.Size([1024, 256, 1, 1]), torch.Size([1024]), torch.Size([1024]), torch.Size([256, 1024, 1, 1]), torch.Size([256]), torch.Size([256, 256, 3, 3]), torch.Size([256]), torch.Size([1024, 256, 1, 1]), torch.Size([1024]), torch.Size([1024]), torch.Size([256, 1024, 1, 1]), torch.Size([256]), torch.Size([256, 256, 3, 3]), torch.Size([256]), torch.Size([1024, 256, 1, 1]), torch.Size([1024]), torch.Size([1024]), torch.Size([512, 1024, 1, 1]), torch.Size([512]), torch.Size([512, 512, 3, 3]), torch.Size([512]), torch.Size([2048, 512, 1, 1]), torch.Size([2048]), torch.Size([2048]), torch.Size([2048, 1024, 1, 1]), torch.Size([2048]), torch.Size([512, 2048, 1, 1]), torch.Size([512]), torch.Size([512, 512, 3, 3]), torch.Size([512]), torch.Size([2048, 512, 1, 1]), torch.Size([2048]), torch.Size([2048]), torch.Size([512, 2048, 1, 1]), torch.Size([512]), torch.Size([512, 512, 3, 3]), torch.Size([512]), torch.Size([2048, 512, 1, 1]), torch.Size([2048]), torch.Size([2048]), torch.Size([10, 2048]), torch.Size([10])]
2026-08-08 20:36:59 [INFO] src.analysis.pyhessian: [PyHessian] layer1.0.downsample.0.weight: trace=8.9282 (52 iters)
[torch.Size([64, 3, 3, 3]), torch.Size([64]), torch.Size([64, 64, 1, 1]), torch.Size([64]), torch.Size([64, 64, 3, 3]), torch.Size([64]), torch.Size([256, 64, 1, 1]), torch.Size([256]), torch.Size([256]), torch.Size([256, 64, 1, 1]), torch.Size([256]), torch.Size([64, 256, 1, 1]), torch.Size([64]), torch.Size([64, 64, 3, 3]), torch.Size([64]), torch.Size([256, 64, 1, 1]), torch.Size([256]), torch.Size([256]), torch.Size([64, 256, 1, 1]), torch.Size([64]), torch.Size([64, 64, 3, 3]), torch.Size([64]), torch.Size([256, 64, 1, 1]), torch.Size([256]), torch.Size([256]), torch.Size([128, 256, 1, 1]), torch.Size([128]), torch.Size([128, 128, 3, 3]), torch.Size([128]), torch.Size([512, 128, 1, 1]), torch.Size([512]), torch.Size([512]), torch.Size([512, 256, 1, 1]), torch.Size([512]), torch.Size([128, 512, 1, 1]), torch.Size([128]), torch.Size([128, 128, 3, 3]), torch.Size([128]), torch.Size([512, 128, 1, 1]), torch.Size([512]), torch.Size([512]), torch.Size([128, 512, 1, 1]), torch.Size([128]), torch.Size([128, 128, 3, 3]), torch.Size([128]), torch.Size([512, 128, 1, 1]), torch.Size([512]), torch.Size([512]), torch.Size([128, 512, 1, 1]), torch.Size([128]), torch.Size([128, 128, 3, 3]), torch.Size([128]), torch.Size([512, 128, 1, 1]), torch.Size([512]), torch.Size([512]), torch.Size([256, 512, 1, 1]), torch.Size([256]), torch.Size([256, 256, 3, 3]), torch.Size([256]), torch.Size([1024, 256, 1, 1]), torch.Size([1024]), torch.Size([1024]), torch.Size([1024, 512, 1, 1]), torch.Size([1024]), torch.Size([256, 1024, 1, 1]), torch.Size([256]), torch.Size([256, 256, 3, 3]), torch.Size([256]), torch.Size([1024, 256, 1, 1]), torch.Size([1024]), torch.Size([1024]), torch.Size([256, 1024, 1, 1]), torch.Size([256]), torch.Size([256, 256, 3, 3]), torch.Size([256]), torch.Size([1024, 256, 1, 1]), torch.Size([1024]), torch.Size([1024]), torch.Size([256, 1024, 1, 1]), torch.Size([256]), torch.Size([256, 256, 3, 3]), torch.Size([256]), torch.Size([1024, 256, 1, 1]), torch.Size([1024]), torch.Size([1024]), torch.Size([256, 1024, 1, 1]), torch.Size([256]), torch.Size([256, 256, 3, 3]), torch.Size([256]), torch.Size([1024, 256, 1, 1]), torch.Size([1024]), torch.Size([1024]), torch.Size([256, 1024, 1, 1]), torch.Size([256]), torch.Size([256, 256, 3, 3]), torch.Size([256]), torch.Size([1024, 256, 1, 1]), torch.Size([1024]), torch.Size([1024]), torch.Size([512, 1024, 1, 1]), torch.Size([512]), torch.Size([512, 512, 3, 3]), torch.Size([512]), torch.Size([2048, 512, 1, 1]), torch.Size([2048]), torch.Size([2048]), torch.Size([2048, 1024, 1, 1]), torch.Size([2048]), torch.Size([512, 2048, 1, 1]), torch.Size([512]), torch.Size([512, 512, 3, 3]), torch.Size([512]), torch.Size([2048, 512, 1, 1]), torch.Size([2048]), torch.Size([2048]), torch.Size([512, 2048, 1, 1]), torch.Size([512]), torch.Size([512, 512, 3, 3]), torch.Size([512]), torch.Size([2048, 512, 1, 1]), torch.Size([2048]), torch.Size([2048]), torch.Size([10, 2048]), torch.Size([10])]
2026-08-08 20:37:04 [INFO] src.analysis.pyhessian: [PyHessian] layer1.1.conv1.weight: trace=27.7873 (76 iters)
[torch.Size([64, 3, 3, 3]), torch.Size([64]), torch.Size([64, 64, 1, 1]), torch.Size([64]), torch.Size([64, 64, 3, 3]), torch.Size([64]), torch.Size([256, 64, 1, 1]), torch.Size([256]), torch.Size([256]), torch.Size([256, 64, 1, 1]), torch.Size([256]), torch.Size([64, 256, 1, 1]), torch.Size([64]), torch.Size([64, 64, 3, 3]), torch.Size([64]), torch.Size([256, 64, 1, 1]), torch.Size([256]), torch.Size([256]), torch.Size([64, 256, 1, 1]), torch.Size([64]), torch.Size([64, 64, 3, 3]), torch.Size([64]), torch.Size([256, 64, 1, 1]), torch.Size([256]), torch.Size([256]), torch.Size([128, 256, 1, 1]), torch.Size([128]), torch.Size([128, 128, 3, 3]), torch.Size([128]), torch.Size([512, 128, 1, 1]), torch.Size([512]), torch.Size([512]), torch.Size([512, 256, 1, 1]), torch.Size([512]), torch.Size([128, 512, 1, 1]), torch.Size([128]), torch.Size([128, 128, 3, 3]), torch.Size([128]), torch.Size([512, 128, 1, 1]), torch.Size([512]), torch.Size([512]), torch.Size([128, 512, 1, 1]), torch.Size([128]), torch.Size([128, 128, 3, 3]), torch.Size([128]), torch.Size([512, 128, 1, 1]), torch.Size([512]), torch.Size([512]), torch.Size([128, 512, 1, 1]), torch.Size([128]), torch.Size([128, 128, 3, 3]), torch.Size([128]), torch.Size([512, 128, 1, 1]), torch.Size([512]), torch.Size([512]), torch.Size([256, 512, 1, 1]), torch.Size([256]), torch.Size([256, 256, 3, 3]), torch.Size([256]), torch.Size([1024, 256, 1, 1]), torch.Size([1024]), torch.Size([1024]), torch.Size([1024, 512, 1, 1]), torch.Size([1024]), torch.Size([256, 1024, 1, 1]), torch.Size([256]), torch.Size([256, 256, 3, 3]), torch.Size([256]), torch.Size([1024, 256, 1, 1]), torch.Size([1024]), torch.Size([1024]), torch.Size([256, 1024, 1, 1]), torch.Size([256]), torch.Size([256, 256, 3, 3]), torch.Size([256]), torch.Size([1024, 256, 1, 1]), torch.Size([1024]), torch.Size([1024]), torch.Size([256, 1024, 1, 1]), torch.Size([256]), torch.Size([256, 256, 3, 3]), torch.Size([256]), torch.Size([1024, 256, 1, 1]), torch.Size([1024]), torch.Size([1024]), torch.Size([256, 1024, 1, 1]), torch.Size([256]), torch.Size([256, 256, 3, 3]), torch.Size([256]), torch.Size([1024, 256, 1, 1]), torch.Size([1024]), torch.Size([1024]), torch.Size([256, 1024, 1, 1]), torch.Size([256]), torch.Size([256, 256, 3, 3]), torch.Size([256]), torch.Size([1024, 256, 1, 1]), torch.Size([1024]), torch.Size([1024]), torch.Size([512, 1024, 1, 1]), torch.Size([512]), torch.Size([512, 512, 3, 3]), torch.Size([512]), torch.Size([2048, 512, 1, 1]), torch.Size([2048]), torch.Size([2048]), torch.Size([2048, 1024, 1, 1]), torch.Size([2048]), torch.Size([512, 2048, 1, 1]), torch.Size([512]), torch.Size([512, 512, 3, 3]), torch.Size([512]), torch.Size([2048, 512, 1, 1]), torch.Size([2048]), torch.Size([2048]), torch.Size([512, 2048, 1, 1]), torch.Size([512]), torch.Size([512, 512, 3, 3]), torch.Size([512]), torch.Size([2048, 512, 1, 1]), torch.Size([2048]), torch.Size([2048]), torch.Size([10, 2048]), torch.Size([10])]
2026-08-08 20:37:09 [INFO] src.analysis.pyhessian: [PyHessian] layer1.1.conv2.weight: trace=18.9875 (68 iters)
[torch.Size([64, 3, 3, 3]), torch.Size([64]), torch.Size([64, 64, 1, 1]), torch.Size([64]), torch.Size([64, 64, 3, 3]), torch.Size([64]), torch.Size([256, 64, 1, 1]), torch.Size([256]), torch.Size([256]), torch.Size([256, 64, 1, 1]), torch.Size([256]), torch.Size([64, 256, 1, 1]), torch.Size([64]), torch.Size([64, 64, 3, 3]), torch.Size([64]), torch.Size([256, 64, 1, 1]), torch.Size([256]), torch.Size([256]), torch.Size([64, 256, 1, 1]), torch.Size([64]), torch.Size([64, 64, 3, 3]), torch.Size([64]), torch.Size([256, 64, 1, 1]), torch.Size([256]), torch.Size([256]), torch.Size([128, 256, 1, 1]), torch.Size([128]), torch.Size([128, 128, 3, 3]), torch.Size([128]), torch.Size([512, 128, 1, 1]), torch.Size([512]), torch.Size([512]), torch.Size([512, 256, 1, 1]), torch.Size([512]), torch.Size([128, 512, 1, 1]), torch.Size([128]), torch.Size([128, 128, 3, 3]), torch.Size([128]), torch.Size([512, 128, 1, 1]), torch.Size([512]), torch.Size([512]), torch.Size([128, 512, 1, 1]), torch.Size([128]), torch.Size([128, 128, 3, 3]), torch.Size([128]), torch.Size([512, 128, 1, 1]), torch.Size([512]), torch.Size([512]), torch.Size([128, 512, 1, 1]), torch.Size([128]), torch.Size([128, 128, 3, 3]), torch.Size([128]), torch.Size([512, 128, 1, 1]), torch.Size([512]), torch.Size([512]), torch.Size([256, 512, 1, 1]), torch.Size([256]), torch.Size([256, 256, 3, 3]), torch.Size([256]), torch.Size([1024, 256, 1, 1]), torch.Size([1024]), torch.Size([1024]), torch.Size([1024, 512, 1, 1]), torch.Size([1024]), torch.Size([256, 1024, 1, 1]), torch.Size([256]), torch.Size([256, 256, 3, 3]), torch.Size([256]), torch.Size([1024, 256, 1, 1]), torch.Size([1024]), torch.Size([1024]), torch.Size([256, 1024, 1, 1]), torch.Size([256]), torch.Size([256, 256, 3, 3]), torch.Size([256]), torch.Size([1024, 256, 1, 1]), torch.Size([1024]), torch.Size([1024]), torch.Size([256, 1024, 1, 1]), torch.Size([256]), torch.Size([256, 256, 3, 3]), torch.Size([256]), torch.Size([1024, 256, 1, 1]), torch.Size([1024]), torch.Size([1024]), torch.Size([256, 1024, 1, 1]), torch.Size([256]), torch.Size([256, 256, 3, 3]), torch.Size([256]), torch.Size([1024, 256, 1, 1]), torch.Size([1024]), torch.Size([1024]), torch.Size([256, 1024, 1, 1]), torch.Size([256]), torch.Size([256, 256, 3, 3]), torch.Size([256]), torch.Size([1024, 256, 1, 1]), torch.Size([1024]), torch.Size([1024]), torch.Size([512, 1024, 1, 1]), torch.Size([512]), torch.Size([512, 512, 3, 3]), torch.Size([512]), torch.Size([2048, 512, 1, 1]), torch.Size([2048]), torch.Size([2048]), torch.Size([2048, 1024, 1, 1]), torch.Size([2048]), torch.Size([512, 2048, 1, 1]), torch.Size([512]), torch.Size([512, 512, 3, 3]), torch.Size([512]), torch.Size([2048, 512, 1, 1]), torch.Size([2048]), torch.Size([2048]), torch.Size([512, 2048, 1, 1]), torch.Size([512]), torch.Size([512, 512, 3, 3]), torch.Size([512]), torch.Size([2048, 512, 1, 1]), torch.Size([2048]), torch.Size([2048]), torch.Size([10, 2048]), torch.Size([10])]
2026-08-08 20:37:15 [INFO] src.analysis.pyhessian: [PyHessian] layer1.1.conv3.weight: trace=7.3736 (80 iters)
[torch.Size([64, 3, 3, 3]), torch.Size([64]), torch.Size([64, 64, 1, 1]), torch.Size([64]), torch.Size([64, 64, 3, 3]), torch.Size([64]), torch.Size([256, 64, 1, 1]), torch.Size([256]), torch.Size([256]), torch.Size([256, 64, 1, 1]), torch.Size([256]), torch.Size([64, 256, 1, 1]), torch.Size([64]), torch.Size([64, 64, 3, 3]), torch.Size([64]), torch.Size([256, 64, 1, 1]), torch.Size([256]), torch.Size([256]), torch.Size([64, 256, 1, 1]), torch.Size([64]), torch.Size([64, 64, 3, 3]), torch.Size([64]), torch.Size([256, 64, 1, 1]), torch.Size([256]), torch.Size([256]), torch.Size([128, 256, 1, 1]), torch.Size([128]), torch.Size([128, 128, 3, 3]), torch.Size([128]), torch.Size([512, 128, 1, 1]), torch.Size([512]), torch.Size([512]), torch.Size([512, 256, 1, 1]), torch.Size([512]), torch.Size([128, 512, 1, 1]), torch.Size([128]), torch.Size([128, 128, 3, 3]), torch.Size([128]), torch.Size([512, 128, 1, 1]), torch.Size([512]), torch.Size([512]), torch.Size([128, 512, 1, 1]), torch.Size([128]), torch.Size([128, 128, 3, 3]), torch.Size([128]), torch.Size([512, 128, 1, 1]), torch.Size([512]), torch.Size([512]), torch.Size([128, 512, 1, 1]), torch.Size([128]), torch.Size([128, 128, 3, 3]), torch.Size([128]), torch.Size([512, 128, 1, 1]), torch.Size([512]), torch.Size([512]), torch.Size([256, 512, 1, 1]), torch.Size([256]), torch.Size([256, 256, 3, 3]), torch.Size([256]), torch.Size([1024, 256, 1, 1]), torch.Size([1024]), torch.Size([1024]), torch.Size([1024, 512, 1, 1]), torch.Size([1024]), torch.Size([256, 1024, 1, 1]), torch.Size([256]), torch.Size([256, 256, 3, 3]), torch.Size([256]), torch.Size([1024, 256, 1, 1]), torch.Size([1024]), torch.Size([1024]), torch.Size([256, 1024, 1, 1]), torch.Size([256]), torch.Size([256, 256, 3, 3]), torch.Size([256]), torch.Size([1024, 256, 1, 1]), torch.Size([1024]), torch.Size([1024]), torch.Size([256, 1024, 1, 1]), torch.Size([256]), torch.Size([256, 256, 3, 3]), torch.Size([256]), torch.Size([1024, 256, 1, 1]), torch.Size([1024]), torch.Size([1024]), torch.Size([256, 1024, 1, 1]), torch.Size([256]), torch.Size([256, 256, 3, 3]), torch.Size([256]), torch.Size([1024, 256, 1, 1]), torch.Size([1024]), torch.Size([1024]), torch.Size([256, 1024, 1, 1]), torch.Size([256]), torch.Size([256, 256, 3, 3]), torch.Size([256]), torch.Size([1024, 256, 1, 1]), torch.Size([1024]), torch.Size([1024]), torch.Size([512, 1024, 1, 1]), torch.Size([512]), torch.Size([512, 512, 3, 3]), torch.Size([512]), torch.Size([2048, 512, 1, 1]), torch.Size([2048]), torch.Size([2048]), torch.Size([2048, 1024, 1, 1]), torch.Size([2048]), torch.Size([512, 2048, 1, 1]), torch.Size([512]), torch.Size([512, 512, 3, 3]), torch.Size([512]), torch.Size([2048, 512, 1, 1]), torch.Size([2048]), torch.Size([2048]), torch.Size([512, 2048, 1, 1]), torch.Size([512]), torch.Size([512, 512, 3, 3]), torch.Size([512]), torch.Size([2048, 512, 1, 1]), torch.Size([2048]), torch.Size([2048]), torch.Size([10, 2048]), torch.Size([10])]
2026-08-08 20:37:16 [INFO] src.analysis.pyhessian: [PyHessian] layer1.2.conv1.weight: trace=3.4497 (16 iters)
[torch.Size([64, 3, 3, 3]), torch.Size([64]), torch.Size([64, 64, 1, 1]), torch.Size([64]), torch.Size([64, 64, 3, 3]), torch.Size([64]), torch.Size([256, 64, 1, 1]), torch.Size([256]), torch.Size([256]), torch.Size([256, 64, 1, 1]), torch.Size([256]), torch.Size([64, 256, 1, 1]), torch.Size([64]), torch.Size([64, 64, 3, 3]), torch.Size([64]), torch.Size([256, 64, 1, 1]), torch.Size([256]), torch.Size([256]), torch.Size([64, 256, 1, 1]), torch.Size([64]), torch.Size([64, 64, 3, 3]), torch.Size([64]), torch.Size([256, 64, 1, 1]), torch.Size([256]), torch.Size([256]), torch.Size([128, 256, 1, 1]), torch.Size([128]), torch.Size([128, 128, 3, 3]), torch.Size([128]), torch.Size([512, 128, 1, 1]), torch.Size([512]), torch.Size([512]), torch.Size([512, 256, 1, 1]), torch.Size([512]), torch.Size([128, 512, 1, 1]), torch.Size([128]), torch.Size([128, 128, 3, 3]), torch.Size([128]), torch.Size([512, 128, 1, 1]), torch.Size([512]), torch.Size([512]), torch.Size([128, 512, 1, 1]), torch.Size([128]), torch.Size([128, 128, 3, 3]), torch.Size([128]), torch.Size([512, 128, 1, 1]), torch.Size([512]), torch.Size([512]), torch.Size([128, 512, 1, 1]), torch.Size([128]), torch.Size([128, 128, 3, 3]), torch.Size([128]), torch.Size([512, 128, 1, 1]), torch.Size([512]), torch.Size([512]), torch.Size([256, 512, 1, 1]), torch.Size([256]), torch.Size([256, 256, 3, 3]), torch.Size([256]), torch.Size([1024, 256, 1, 1]), torch.Size([1024]), torch.Size([1024]), torch.Size([1024, 512, 1, 1]), torch.Size([1024]), torch.Size([256, 1024, 1, 1]), torch.Size([256]), torch.Size([256, 256, 3, 3]), torch.Size([256]), torch.Size([1024, 256, 1, 1]), torch.Size([1024]), torch.Size([1024]), torch.Size([256, 1024, 1, 1]), torch.Size([256]), torch.Size([256, 256, 3, 3]), torch.Size([256]), torch.Size([1024, 256, 1, 1]), torch.Size([1024]), torch.Size([1024]), torch.Size([256, 1024, 1, 1]), torch.Size([256]), torch.Size([256, 256, 3, 3]), torch.Size([256]), torch.Size([1024, 256, 1, 1]), torch.Size([1024]), torch.Size([1024]), torch.Size([256, 1024, 1, 1]), torch.Size([256]), torch.Size([256, 256, 3, 3]), torch.Size([256]), torch.Size([1024, 256, 1, 1]), torch.Size([1024]), torch.Size([1024]), torch.Size([256, 1024, 1, 1]), torch.Size([256]), torch.Size([256, 256, 3, 3]), torch.Size([256]), torch.Size([1024, 256, 1, 1]), torch.Size([1024]), torch.Size([1024]), torch.Size([512, 1024, 1, 1]), torch.Size([512]), torch.Size([512, 512, 3, 3]), torch.Size([512]), torch.Size([2048, 512, 1, 1]), torch.Size([2048]), torch.Size([2048]), torch.Size([2048, 1024, 1, 1]), torch.Size([2048]), torch.Size([512, 2048, 1, 1]), torch.Size([512]), torch.Size([512, 512, 3, 3]), torch.Size([512]), torch.Size([2048, 512, 1, 1]), torch.Size([2048]), torch.Size([2048]), torch.Size([512, 2048, 1, 1]), torch.Size([512]), torch.Size([512, 512, 3, 3]), torch.Size([512]), torch.Size([2048, 512, 1, 1]), torch.Size([2048]), torch.Size([2048]), torch.Size([10, 2048]), torch.Size([10])]
2026-08-08 20:37:17 [INFO] src.analysis.pyhessian: [PyHessian] layer1.2.conv2.weight: trace=4.6473 (9 iters)
[torch.Size([64, 3, 3, 3]), torch.Size([64]), torch.Size([64, 64, 1, 1]), torch.Size([64]), torch.Size([64, 64, 3, 3]), torch.Size([64]), torch.Size([256, 64, 1, 1]), torch.Size([256]), torch.Size([256]), torch.Size([256, 64, 1, 1]), torch.Size([256]), torch.Size([64, 256, 1, 1]), torch.Size([64]), torch.Size([64, 64, 3, 3]), torch.Size([64]), torch.Size([256, 64, 1, 1]), torch.Size([256]), torch.Size([256]), torch.Size([64, 256, 1, 1]), torch.Size([64]), torch.Size([64, 64, 3, 3]), torch.Size([64]), torch.Size([256, 64, 1, 1]), torch.Size([256]), torch.Size([256]), torch.Size([128, 256, 1, 1]), torch.Size([128]), torch.Size([128, 128, 3, 3]), torch.Size([128]), torch.Size([512, 128, 1, 1]), torch.Size([512]), torch.Size([512]), torch.Size([512, 256, 1, 1]), torch.Size([512]), torch.Size([128, 512, 1, 1]), torch.Size([128]), torch.Size([128, 128, 3, 3]), torch.Size([128]), torch.Size([512, 128, 1, 1]), torch.Size([512]), torch.Size([512]), torch.Size([128, 512, 1, 1]), torch.Size([128]), torch.Size([128, 128, 3, 3]), torch.Size([128]), torch.Size([512, 128, 1, 1]), torch.Size([512]), torch.Size([512]), torch.Size([128, 512, 1, 1]), torch.Size([128]), torch.Size([128, 128, 3, 3]), torch.Size([128]), torch.Size([512, 128, 1, 1]), torch.Size([512]), torch.Size([512]), torch.Size([256, 512, 1, 1]), torch.Size([256]), torch.Size([256, 256, 3, 3]), torch.Size([256]), torch.Size([1024, 256, 1, 1]), torch.Size([1024]), torch.Size([1024]), torch.Size([1024, 512, 1, 1]), torch.Size([1024]), torch.Size([256, 1024, 1, 1]), torch.Size([256]), torch.Size([256, 256, 3, 3]), torch.Size([256]), torch.Size([1024, 256, 1, 1]), torch.Size([1024]), torch.Size([1024]), torch.Size([256, 1024, 1, 1]), torch.Size([256]), torch.Size([256, 256, 3, 3]), torch.Size([256]), torch.Size([1024, 256, 1, 1]), torch.Size([1024]), torch.Size([1024]), torch.Size([256, 1024, 1, 1]), torch.Size([256]), torch.Size([256, 256, 3, 3]), torch.Size([256]), torch.Size([1024, 256, 1, 1]), torch.Size([1024]), torch.Size([1024]), torch.Size([256, 1024, 1, 1]), torch.Size([256]), torch.Size([256, 256, 3, 3]), torch.Size([256]), torch.Size([1024, 256, 1, 1]), torch.Size([1024]), torch.Size([1024]), torch.Size([256, 1024, 1, 1]), torch.Size([256]), torch.Size([256, 256, 3, 3]), torch.Size([256]), torch.Size([1024, 256, 1, 1]), torch.Size([1024]), torch.Size([1024]), torch.Size([512, 1024, 1, 1]), torch.Size([512]), torch.Size([512, 512, 3, 3]), torch.Size([512]), torch.Size([2048, 512, 1, 1]), torch.Size([2048]), torch.Size([2048]), torch.Size([2048, 1024, 1, 1]), torch.Size([2048]), torch.Size([512, 2048, 1, 1]), torch.Size([512]), torch.Size([512, 512, 3, 3]), torch.Size([512]), torch.Size([2048, 512, 1, 1]), torch.Size([2048]), torch.Size([2048]), torch.Size([512, 2048, 1, 1]), torch.Size([512]), torch.Size([512, 512, 3, 3]), torch.Size([512]), torch.Size([2048, 512, 1, 1]), torch.Size([2048]), torch.Size([2048]), torch.Size([10, 2048]), torch.Size([10])]
2026-08-08 20:37:20 [INFO] src.analysis.pyhessian: [PyHessian] layer1.2.conv3.weight: trace=9.8286 (52 iters)
[torch.Size([64, 3, 3, 3]), torch.Size([64]), torch.Size([64, 64, 1, 1]), torch.Size([64]), torch.Size([64, 64, 3, 3]), torch.Size([64]), torch.Size([256, 64, 1, 1]), torch.Size([256]), torch.Size([256]), torch.Size([256, 64, 1, 1]), torch.Size([256]), torch.Size([64, 256, 1, 1]), torch.Size([64]), torch.Size([64, 64, 3, 3]), torch.Size([64]), torch.Size([256, 64, 1, 1]), torch.Size([256]), torch.Size([256]), torch.Size([64, 256, 1, 1]), torch.Size([64]), torch.Size([64, 64, 3, 3]), torch.Size([64]), torch.Size([256, 64, 1, 1]), torch.Size([256]), torch.Size([256]), torch.Size([128, 256, 1, 1]), torch.Size([128]), torch.Size([128, 128, 3, 3]), torch.Size([128]), torch.Size([512, 128, 1, 1]), torch.Size([512]), torch.Size([512]), torch.Size([512, 256, 1, 1]), torch.Size([512]), torch.Size([128, 512, 1, 1]), torch.Size([128]), torch.Size([128, 128, 3, 3]), torch.Size([128]), torch.Size([512, 128, 1, 1]), torch.Size([512]), torch.Size([512]), torch.Size([128, 512, 1, 1]), torch.Size([128]), torch.Size([128, 128, 3, 3]), torch.Size([128]), torch.Size([512, 128, 1, 1]), torch.Size([512]), torch.Size([512]), torch.Size([128, 512, 1, 1]), torch.Size([128]), torch.Size([128, 128, 3, 3]), torch.Size([128]), torch.Size([512, 128, 1, 1]), torch.Size([512]), torch.Size([512]), torch.Size([256, 512, 1, 1]), torch.Size([256]), torch.Size([256, 256, 3, 3]), torch.Size([256]), torch.Size([1024, 256, 1, 1]), torch.Size([1024]), torch.Size([1024]), torch.Size([1024, 512, 1, 1]), torch.Size([1024]), torch.Size([256, 1024, 1, 1]), torch.Size([256]), torch.Size([256, 256, 3, 3]), torch.Size([256]), torch.Size([1024, 256, 1, 1]), torch.Size([1024]), torch.Size([1024]), torch.Size([256, 1024, 1, 1]), torch.Size([256]), torch.Size([256, 256, 3, 3]), torch.Size([256]), torch.Size([1024, 256, 1, 1]), torch.Size([1024]), torch.Size([1024]), torch.Size([256, 1024, 1, 1]), torch.Size([256]), torch.Size([256, 256, 3, 3]), torch.Size([256]), torch.Size([1024, 256, 1, 1]), torch.Size([1024]), torch.Size([1024]), torch.Size([256, 1024, 1, 1]), torch.Size([256]), torch.Size([256, 256, 3, 3]), torch.Size([256]), torch.Size([1024, 256, 1, 1]), torch.Size([1024]), torch.Size([1024]), torch.Size([256, 1024, 1, 1]), torch.Size([256]), torch.Size([256, 256, 3, 3]), torch.Size([256]), torch.Size([1024, 256, 1, 1]), torch.Size([1024]), torch.Size([1024]), torch.Size([512, 1024, 1, 1]), torch.Size([512]), torch.Size([512, 512, 3, 3]), torch.Size([512]), torch.Size([2048, 512, 1, 1]), torch.Size([2048]), torch.Size([2048]), torch.Size([2048, 1024, 1, 1]), torch.Size([2048]), torch.Size([512, 2048, 1, 1]), torch.Size([512]), torch.Size([512, 512, 3, 3]), torch.Size([512]), torch.Size([2048, 512, 1, 1]), torch.Size([2048]), torch.Size([2048]), torch.Size([512, 2048, 1, 1]), torch.Size([512]), torch.Size([512, 512, 3, 3]), torch.Size([512]), torch.Size([2048, 512, 1, 1]), torch.Size([2048]), torch.Size([2048]), torch.Size([10, 2048]), torch.Size([10])]
2026-08-08 20:37:25 [INFO] src.analysis.pyhessian: [PyHessian] layer2.0.conv1.weight: trace=24.6566 (100 iters)
[torch.Size([64, 3, 3, 3]), torch.Size([64]), torch.Size([64, 64, 1, 1]), torch.Size([64]), torch.Size([64, 64, 3, 3]), torch.Size([64]), torch.Size([256, 64, 1, 1]), torch.Size([256]), torch.Size([256]), torch.Size([256, 64, 1, 1]), torch.Size([256]), torch.Size([64, 256, 1, 1]), torch.Size([64]), torch.Size([64, 64, 3, 3]), torch.Size([64]), torch.Size([256, 64, 1, 1]), torch.Size([256]), torch.Size([256]), torch.Size([64, 256, 1, 1]), torch.Size([64]), torch.Size([64, 64, 3, 3]), torch.Size([64]), torch.Size([256, 64, 1, 1]), torch.Size([256]), torch.Size([256]), torch.Size([128, 256, 1, 1]), torch.Size([128]), torch.Size([128, 128, 3, 3]), torch.Size([128]), torch.Size([512, 128, 1, 1]), torch.Size([512]), torch.Size([512]), torch.Size([512, 256, 1, 1]), torch.Size([512]), torch.Size([128, 512, 1, 1]), torch.Size([128]), torch.Size([128, 128, 3, 3]), torch.Size([128]), torch.Size([512, 128, 1, 1]), torch.Size([512]), torch.Size([512]), torch.Size([128, 512, 1, 1]), torch.Size([128]), torch.Size([128, 128, 3, 3]), torch.Size([128]), torch.Size([512, 128, 1, 1]), torch.Size([512]), torch.Size([512]), torch.Size([128, 512, 1, 1]), torch.Size([128]), torch.Size([128, 128, 3, 3]), torch.Size([128]), torch.Size([512, 128, 1, 1]), torch.Size([512]), torch.Size([512]), torch.Size([256, 512, 1, 1]), torch.Size([256]), torch.Size([256, 256, 3, 3]), torch.Size([256]), torch.Size([1024, 256, 1, 1]), torch.Size([1024]), torch.Size([1024]), torch.Size([1024, 512, 1, 1]), torch.Size([1024]), torch.Size([256, 1024, 1, 1]), torch.Size([256]), torch.Size([256, 256, 3, 3]), torch.Size([256]), torch.Size([1024, 256, 1, 1]), torch.Size([1024]), torch.Size([1024]), torch.Size([256, 1024, 1, 1]), torch.Size([256]), torch.Size([256, 256, 3, 3]), torch.Size([256]), torch.Size([1024, 256, 1, 1]), torch.Size([1024]), torch.Size([1024]), torch.Size([256, 1024, 1, 1]), torch.Size([256]), torch.Size([256, 256, 3, 3]), torch.Size([256]), torch.Size([1024, 256, 1, 1]), torch.Size([1024]), torch.Size([1024]), torch.Size([256, 1024, 1, 1]), torch.Size([256]), torch.Size([256, 256, 3, 3]), torch.Size([256]), torch.Size([1024, 256, 1, 1]), torch.Size([1024]), torch.Size([1024]), torch.Size([256, 1024, 1, 1]), torch.Size([256]), torch.Size([256, 256, 3, 3]), torch.Size([256]), torch.Size([1024, 256, 1, 1]), torch.Size([1024]), torch.Size([1024]), torch.Size([512, 1024, 1, 1]), torch.Size([512]), torch.Size([512, 512, 3, 3]), torch.Size([512]), torch.Size([2048, 512, 1, 1]), torch.Size([2048]), torch.Size([2048]), torch.Size([2048, 1024, 1, 1]), torch.Size([2048]), torch.Size([512, 2048, 1, 1]), torch.Size([512]), torch.Size([512, 512, 3, 3]), torch.Size([512]), torch.Size([2048, 512, 1, 1]), torch.Size([2048]), torch.Size([2048]), torch.Size([512, 2048, 1, 1]), torch.Size([512]), torch.Size([512, 512, 3, 3]), torch.Size([512]), torch.Size([2048, 512, 1, 1]), torch.Size([2048]), torch.Size([2048]), torch.Size([10, 2048]), torch.Size([10])]
2026-08-08 20:37:27 [INFO] src.analysis.pyhessian: [PyHessian] layer2.0.conv2.weight: trace=6.0336 (45 iters)
[torch.Size([64, 3, 3, 3]), torch.Size([64]), torch.Size([64, 64, 1, 1]), torch.Size([64]), torch.Size([64, 64, 3, 3]), torch.Size([64]), torch.Size([256, 64, 1, 1]), torch.Size([256]), torch.Size([256]), torch.Size([256, 64, 1, 1]), torch.Size([256]), torch.Size([64, 256, 1, 1]), torch.Size([64]), torch.Size([64, 64, 3, 3]), torch.Size([64]), torch.Size([256, 64, 1, 1]), torch.Size([256]), torch.Size([256]), torch.Size([64, 256, 1, 1]), torch.Size([64]), torch.Size([64, 64, 3, 3]), torch.Size([64]), torch.Size([256, 64, 1, 1]), torch.Size([256]), torch.Size([256]), torch.Size([128, 256, 1, 1]), torch.Size([128]), torch.Size([128, 128, 3, 3]), torch.Size([128]), torch.Size([512, 128, 1, 1]), torch.Size([512]), torch.Size([512]), torch.Size([512, 256, 1, 1]), torch.Size([512]), torch.Size([128, 512, 1, 1]), torch.Size([128]), torch.Size([128, 128, 3, 3]), torch.Size([128]), torch.Size([512, 128, 1, 1]), torch.Size([512]), torch.Size([512]), torch.Size([128, 512, 1, 1]), torch.Size([128]), torch.Size([128, 128, 3, 3]), torch.Size([128]), torch.Size([512, 128, 1, 1]), torch.Size([512]), torch.Size([512]), torch.Size([128, 512, 1, 1]), torch.Size([128]), torch.Size([128, 128, 3, 3]), torch.Size([128]), torch.Size([512, 128, 1, 1]), torch.Size([512]), torch.Size([512]), torch.Size([256, 512, 1, 1]), torch.Size([256]), torch.Size([256, 256, 3, 3]), torch.Size([256]), torch.Size([1024, 256, 1, 1]), torch.Size([1024]), torch.Size([1024]), torch.Size([1024, 512, 1, 1]), torch.Size([1024]), torch.Size([256, 1024, 1, 1]), torch.Size([256]), torch.Size([256, 256, 3, 3]), torch.Size([256]), torch.Size([1024, 256, 1, 1]), torch.Size([1024]), torch.Size([1024]), torch.Size([256, 1024, 1, 1]), torch.Size([256]), torch.Size([256, 256, 3, 3]), torch.Size([256]), torch.Size([1024, 256, 1, 1]), torch.Size([1024]), torch.Size([1024]), torch.Size([256, 1024, 1, 1]), torch.Size([256]), torch.Size([256, 256, 3, 3]), torch.Size([256]), torch.Size([1024, 256, 1, 1]), torch.Size([1024]), torch.Size([1024]), torch.Size([256, 1024, 1, 1]), torch.Size([256]), torch.Size([256, 256, 3, 3]), torch.Size([256]), torch.Size([1024, 256, 1, 1]), torch.Size([1024]), torch.Size([1024]), torch.Size([256, 1024, 1, 1]), torch.Size([256]), torch.Size([256, 256, 3, 3]), torch.Size([256]), torch.Size([1024, 256, 1, 1]), torch.Size([1024]), torch.Size([1024]), torch.Size([512, 1024, 1, 1]), torch.Size([512]), torch.Size([512, 512, 3, 3]), torch.Size([512]), torch.Size([2048, 512, 1, 1]), torch.Size([2048]), torch.Size([2048]), torch.Size([2048, 1024, 1, 1]), torch.Size([2048]), torch.Size([512, 2048, 1, 1]), torch.Size([512]), torch.Size([512, 512, 3, 3]), torch.Size([512]), torch.Size([2048, 512, 1, 1]), torch.Size([2048]), torch.Size([2048]), torch.Size([512, 2048, 1, 1]), torch.Size([512]), torch.Size([512, 512, 3, 3]), torch.Size([512]), torch.Size([2048, 512, 1, 1]), torch.Size([2048]), torch.Size([2048]), torch.Size([10, 2048]), torch.Size([10])]
2026-08-08 20:37:28 [INFO] src.analysis.pyhessian: [PyHessian] layer2.0.conv3.weight: trace=4.7045 (16 iters)
[torch.Size([64, 3, 3, 3]), torch.Size([64]), torch.Size([64, 64, 1, 1]), torch.Size([64]), torch.Size([64, 64, 3, 3]), torch.Size([64]), torch.Size([256, 64, 1, 1]), torch.Size([256]), torch.Size([256]), torch.Size([256, 64, 1, 1]), torch.Size([256]), torch.Size([64, 256, 1, 1]), torch.Size([64]), torch.Size([64, 64, 3, 3]), torch.Size([64]), torch.Size([256, 64, 1, 1]), torch.Size([256]), torch.Size([256]), torch.Size([64, 256, 1, 1]), torch.Size([64]), torch.Size([64, 64, 3, 3]), torch.Size([64]), torch.Size([256, 64, 1, 1]), torch.Size([256]), torch.Size([256]), torch.Size([128, 256, 1, 1]), torch.Size([128]), torch.Size([128, 128, 3, 3]), torch.Size([128]), torch.Size([512, 128, 1, 1]), torch.Size([512]), torch.Size([512]), torch.Size([512, 256, 1, 1]), torch.Size([512]), torch.Size([128, 512, 1, 1]), torch.Size([128]), torch.Size([128, 128, 3, 3]), torch.Size([128]), torch.Size([512, 128, 1, 1]), torch.Size([512]), torch.Size([512]), torch.Size([128, 512, 1, 1]), torch.Size([128]), torch.Size([128, 128, 3, 3]), torch.Size([128]), torch.Size([512, 128, 1, 1]), torch.Size([512]), torch.Size([512]), torch.Size([128, 512, 1, 1]), torch.Size([128]), torch.Size([128, 128, 3, 3]), torch.Size([128]), torch.Size([512, 128, 1, 1]), torch.Size([512]), torch.Size([512]), torch.Size([256, 512, 1, 1]), torch.Size([256]), torch.Size([256, 256, 3, 3]), torch.Size([256]), torch.Size([1024, 256, 1, 1]), torch.Size([1024]), torch.Size([1024]), torch.Size([1024, 512, 1, 1]), torch.Size([1024]), torch.Size([256, 1024, 1, 1]), torch.Size([256]), torch.Size([256, 256, 3, 3]), torch.Size([256]), torch.Size([1024, 256, 1, 1]), torch.Size([1024]), torch.Size([1024]), torch.Size([256, 1024, 1, 1]), torch.Size([256]), torch.Size([256, 256, 3, 3]), torch.Size([256]), torch.Size([1024, 256, 1, 1]), torch.Size([1024]), torch.Size([1024]), torch.Size([256, 1024, 1, 1]), torch.Size([256]), torch.Size([256, 256, 3, 3]), torch.Size([256]), torch.Size([1024, 256, 1, 1]), torch.Size([1024]), torch.Size([1024]), torch.Size([256, 1024, 1, 1]), torch.Size([256]), torch.Size([256, 256, 3, 3]), torch.Size([256]), torch.Size([1024, 256, 1, 1]), torch.Size([1024]), torch.Size([1024]), torch.Size([256, 1024, 1, 1]), torch.Size([256]), torch.Size([256, 256, 3, 3]), torch.Size([256]), torch.Size([1024, 256, 1, 1]), torch.Size([1024]), torch.Size([1024]), torch.Size([512, 1024, 1, 1]), torch.Size([512]), torch.Size([512, 512, 3, 3]), torch.Size([512]), torch.Size([2048, 512, 1, 1]), torch.Size([2048]), torch.Size([2048]), torch.Size([2048, 1024, 1, 1]), torch.Size([2048]), torch.Size([512, 2048, 1, 1]), torch.Size([512]), torch.Size([512, 512, 3, 3]), torch.Size([512]), torch.Size([2048, 512, 1, 1]), torch.Size([2048]), torch.Size([2048]), torch.Size([512, 2048, 1, 1]), torch.Size([512]), torch.Size([512, 512, 3, 3]), torch.Size([512]), torch.Size([2048, 512, 1, 1]), torch.Size([2048]), torch.Size([2048]), torch.Size([10, 2048]), torch.Size([10])]
2026-08-08 20:37:29 [INFO] src.analysis.pyhessian: [PyHessian] layer2.0.downsample.0.weight: trace=4.9001 (18 iters)
[torch.Size([64, 3, 3, 3]), torch.Size([64]), torch.Size([64, 64, 1, 1]), torch.Size([64]), torch.Size([64, 64, 3, 3]), torch.Size([64]), torch.Size([256, 64, 1, 1]), torch.Size([256]), torch.Size([256]), torch.Size([256, 64, 1, 1]), torch.Size([256]), torch.Size([64, 256, 1, 1]), torch.Size([64]), torch.Size([64, 64, 3, 3]), torch.Size([64]), torch.Size([256, 64, 1, 1]), torch.Size([256]), torch.Size([256]), torch.Size([64, 256, 1, 1]), torch.Size([64]), torch.Size([64, 64, 3, 3]), torch.Size([64]), torch.Size([256, 64, 1, 1]), torch.Size([256]), torch.Size([256]), torch.Size([128, 256, 1, 1]), torch.Size([128]), torch.Size([128, 128, 3, 3]), torch.Size([128]), torch.Size([512, 128, 1, 1]), torch.Size([512]), torch.Size([512]), torch.Size([512, 256, 1, 1]), torch.Size([512]), torch.Size([128, 512, 1, 1]), torch.Size([128]), torch.Size([128, 128, 3, 3]), torch.Size([128]), torch.Size([512, 128, 1, 1]), torch.Size([512]), torch.Size([512]), torch.Size([128, 512, 1, 1]), torch.Size([128]), torch.Size([128, 128, 3, 3]), torch.Size([128]), torch.Size([512, 128, 1, 1]), torch.Size([512]), torch.Size([512]), torch.Size([128, 512, 1, 1]), torch.Size([128]), torch.Size([128, 128, 3, 3]), torch.Size([128]), torch.Size([512, 128, 1, 1]), torch.Size([512]), torch.Size([512]), torch.Size([256, 512, 1, 1]), torch.Size([256]), torch.Size([256, 256, 3, 3]), torch.Size([256]), torch.Size([1024, 256, 1, 1]), torch.Size([1024]), torch.Size([1024]), torch.Size([1024, 512, 1, 1]), torch.Size([1024]), torch.Size([256, 1024, 1, 1]), torch.Size([256]), torch.Size([256, 256, 3, 3]), torch.Size([256]), torch.Size([1024, 256, 1, 1]), torch.Size([1024]), torch.Size([1024]), torch.Size([256, 1024, 1, 1]), torch.Size([256]), torch.Size([256, 256, 3, 3]), torch.Size([256]), torch.Size([1024, 256, 1, 1]), torch.Size([1024]), torch.Size([1024]), torch.Size([256, 1024, 1, 1]), torch.Size([256]), torch.Size([256, 256, 3, 3]), torch.Size([256]), torch.Size([1024, 256, 1, 1]), torch.Size([1024]), torch.Size([1024]), torch.Size([256, 1024, 1, 1]), torch.Size([256]), torch.Size([256, 256, 3, 3]), torch.Size([256]), torch.Size([1024, 256, 1, 1]), torch.Size([1024]), torch.Size([1024]), torch.Size([256, 1024, 1, 1]), torch.Size([256]), torch.Size([256, 256, 3, 3]), torch.Size([256]), torch.Size([1024, 256, 1, 1]), torch.Size([1024]), torch.Size([1024]), torch.Size([512, 1024, 1, 1]), torch.Size([512]), torch.Size([512, 512, 3, 3]), torch.Size([512]), torch.Size([2048, 512, 1, 1]), torch.Size([2048]), torch.Size([2048]), torch.Size([2048, 1024, 1, 1]), torch.Size([2048]), torch.Size([512, 2048, 1, 1]), torch.Size([512]), torch.Size([512, 512, 3, 3]), torch.Size([512]), torch.Size([2048, 512, 1, 1]), torch.Size([2048]), torch.Size([2048]), torch.Size([512, 2048, 1, 1]), torch.Size([512]), torch.Size([512, 512, 3, 3]), torch.Size([512]), torch.Size([2048, 512, 1, 1]), torch.Size([2048]), torch.Size([2048]), torch.Size([10, 2048]), torch.Size([10])]
2026-08-08 20:37:34 [INFO] src.analysis.pyhessian: [PyHessian] layer2.1.conv1.weight: trace=6.1752 (96 iters)
[torch.Size([64, 3, 3, 3]), torch.Size([64]), torch.Size([64, 64, 1, 1]), torch.Size([64]), torch.Size([64, 64, 3, 3]), torch.Size([64]), torch.Size([256, 64, 1, 1]), torch.Size([256]), torch.Size([256]), torch.Size([256, 64, 1, 1]), torch.Size([256]), torch.Size([64, 256, 1, 1]), torch.Size([64]), torch.Size([64, 64, 3, 3]), torch.Size([64]), torch.Size([256, 64, 1, 1]), torch.Size([256]), torch.Size([256]), torch.Size([64, 256, 1, 1]), torch.Size([64]), torch.Size([64, 64, 3, 3]), torch.Size([64]), torch.Size([256, 64, 1, 1]), torch.Size([256]), torch.Size([256]), torch.Size([128, 256, 1, 1]), torch.Size([128]), torch.Size([128, 128, 3, 3]), torch.Size([128]), torch.Size([512, 128, 1, 1]), torch.Size([512]), torch.Size([512]), torch.Size([512, 256, 1, 1]), torch.Size([512]), torch.Size([128, 512, 1, 1]), torch.Size([128]), torch.Size([128, 128, 3, 3]), torch.Size([128]), torch.Size([512, 128, 1, 1]), torch.Size([512]), torch.Size([512]), torch.Size([128, 512, 1, 1]), torch.Size([128]), torch.Size([128, 128, 3, 3]), torch.Size([128]), torch.Size([512, 128, 1, 1]), torch.Size([512]), torch.Size([512]), torch.Size([128, 512, 1, 1]), torch.Size([128]), torch.Size([128, 128, 3, 3]), torch.Size([128]), torch.Size([512, 128, 1, 1]), torch.Size([512]), torch.Size([512]), torch.Size([256, 512, 1, 1]), torch.Size([256]), torch.Size([256, 256, 3, 3]), torch.Size([256]), torch.Size([1024, 256, 1, 1]), torch.Size([1024]), torch.Size([1024]), torch.Size([1024, 512, 1, 1]), torch.Size([1024]), torch.Size([256, 1024, 1, 1]), torch.Size([256]), torch.Size([256, 256, 3, 3]), torch.Size([256]), torch.Size([1024, 256, 1, 1]), torch.Size([1024]), torch.Size([1024]), torch.Size([256, 1024, 1, 1]), torch.Size([256]), torch.Size([256, 256, 3, 3]), torch.Size([256]), torch.Size([1024, 256, 1, 1]), torch.Size([1024]), torch.Size([1024]), torch.Size([256, 1024, 1, 1]), torch.Size([256]), torch.Size([256, 256, 3, 3]), torch.Size([256]), torch.Size([1024, 256, 1, 1]), torch.Size([1024]), torch.Size([1024]), torch.Size([256, 1024, 1, 1]), torch.Size([256]), torch.Size([256, 256, 3, 3]), torch.Size([256]), torch.Size([1024, 256, 1, 1]), torch.Size([1024]), torch.Size([1024]), torch.Size([256, 1024, 1, 1]), torch.Size([256]), torch.Size([256, 256, 3, 3]), torch.Size([256]), torch.Size([1024, 256, 1, 1]), torch.Size([1024]), torch.Size([1024]), torch.Size([512, 1024, 1, 1]), torch.Size([512]), torch.Size([512, 512, 3, 3]), torch.Size([512]), torch.Size([2048, 512, 1, 1]), torch.Size([2048]), torch.Size([2048]), torch.Size([2048, 1024, 1, 1]), torch.Size([2048]), torch.Size([512, 2048, 1, 1]), torch.Size([512]), torch.Size([512, 512, 3, 3]), torch.Size([512]), torch.Size([2048, 512, 1, 1]), torch.Size([2048]), torch.Size([2048]), torch.Size([512, 2048, 1, 1]), torch.Size([512]), torch.Size([512, 512, 3, 3]), torch.Size([512]), torch.Size([2048, 512, 1, 1]), torch.Size([2048]), torch.Size([2048]), torch.Size([10, 2048]), torch.Size([10])]
2026-08-08 20:37:37 [INFO] src.analysis.pyhessian: [PyHessian] layer2.1.conv2.weight: trace=2.4740 (51 iters)
[torch.Size([64, 3, 3, 3]), torch.Size([64]), torch.Size([64, 64, 1, 1]), torch.Size([64]), torch.Size([64, 64, 3, 3]), torch.Size([64]), torch.Size([256, 64, 1, 1]), torch.Size([256]), torch.Size([256]), torch.Size([256, 64, 1, 1]), torch.Size([256]), torch.Size([64, 256, 1, 1]), torch.Size([64]), torch.Size([64, 64, 3, 3]), torch.Size([64]), torch.Size([256, 64, 1, 1]), torch.Size([256]), torch.Size([256]), torch.Size([64, 256, 1, 1]), torch.Size([64]), torch.Size([64, 64, 3, 3]), torch.Size([64]), torch.Size([256, 64, 1, 1]), torch.Size([256]), torch.Size([256]), torch.Size([128, 256, 1, 1]), torch.Size([128]), torch.Size([128, 128, 3, 3]), torch.Size([128]), torch.Size([512, 128, 1, 1]), torch.Size([512]), torch.Size([512]), torch.Size([512, 256, 1, 1]), torch.Size([512]), torch.Size([128, 512, 1, 1]), torch.Size([128]), torch.Size([128, 128, 3, 3]), torch.Size([128]), torch.Size([512, 128, 1, 1]), torch.Size([512]), torch.Size([512]), torch.Size([128, 512, 1, 1]), torch.Size([128]), torch.Size([128, 128, 3, 3]), torch.Size([128]), torch.Size([512, 128, 1, 1]), torch.Size([512]), torch.Size([512]), torch.Size([128, 512, 1, 1]), torch.Size([128]), torch.Size([128, 128, 3, 3]), torch.Size([128]), torch.Size([512, 128, 1, 1]), torch.Size([512]), torch.Size([512]), torch.Size([256, 512, 1, 1]), torch.Size([256]), torch.Size([256, 256, 3, 3]), torch.Size([256]), torch.Size([1024, 256, 1, 1]), torch.Size([1024]), torch.Size([1024]), torch.Size([1024, 512, 1, 1]), torch.Size([1024]), torch.Size([256, 1024, 1, 1]), torch.Size([256]), torch.Size([256, 256, 3, 3]), torch.Size([256]), torch.Size([1024, 256, 1, 1]), torch.Size([1024]), torch.Size([1024]), torch.Size([256, 1024, 1, 1]), torch.Size([256]), torch.Size([256, 256, 3, 3]), torch.Size([256]), torch.Size([1024, 256, 1, 1]), torch.Size([1024]), torch.Size([1024]), torch.Size([256, 1024, 1, 1]), torch.Size([256]), torch.Size([256, 256, 3, 3]), torch.Size([256]), torch.Size([1024, 256, 1, 1]), torch.Size([1024]), torch.Size([1024]), torch.Size([256, 1024, 1, 1]), torch.Size([256]), torch.Size([256, 256, 3, 3]), torch.Size([256]), torch.Size([1024, 256, 1, 1]), torch.Size([1024]), torch.Size([1024]), torch.Size([256, 1024, 1, 1]), torch.Size([256]), torch.Size([256, 256, 3, 3]), torch.Size([256]), torch.Size([1024, 256, 1, 1]), torch.Size([1024]), torch.Size([1024]), torch.Size([512, 1024, 1, 1]), torch.Size([512]), torch.Size([512, 512, 3, 3]), torch.Size([512]), torch.Size([2048, 512, 1, 1]), torch.Size([2048]), torch.Size([2048]), torch.Size([2048, 1024, 1, 1]), torch.Size([2048]), torch.Size([512, 2048, 1, 1]), torch.Size([512]), torch.Size([512, 512, 3, 3]), torch.Size([512]), torch.Size([2048, 512, 1, 1]), torch.Size([2048]), torch.Size([2048]), torch.Size([512, 2048, 1, 1]), torch.Size([512]), torch.Size([512, 512, 3, 3]), torch.Size([512]), torch.Size([2048, 512, 1, 1]), torch.Size([2048]), torch.Size([2048]), torch.Size([10, 2048]), torch.Size([10])]
2026-08-08 20:37:39 [INFO] src.analysis.pyhessian: [PyHessian] layer2.1.conv3.weight: trace=3.4311 (53 iters)
[torch.Size([64, 3, 3, 3]), torch.Size([64]), torch.Size([64, 64, 1, 1]), torch.Size([64]), torch.Size([64, 64, 3, 3]), torch.Size([64]), torch.Size([256, 64, 1, 1]), torch.Size([256]), torch.Size([256]), torch.Size([256, 64, 1, 1]), torch.Size([256]), torch.Size([64, 256, 1, 1]), torch.Size([64]), torch.Size([64, 64, 3, 3]), torch.Size([64]), torch.Size([256, 64, 1, 1]), torch.Size([256]), torch.Size([256]), torch.Size([64, 256, 1, 1]), torch.Size([64]), torch.Size([64, 64, 3, 3]), torch.Size([64]), torch.Size([256, 64, 1, 1]), torch.Size([256]), torch.Size([256]), torch.Size([128, 256, 1, 1]), torch.Size([128]), torch.Size([128, 128, 3, 3]), torch.Size([128]), torch.Size([512, 128, 1, 1]), torch.Size([512]), torch.Size([512]), torch.Size([512, 256, 1, 1]), torch.Size([512]), torch.Size([128, 512, 1, 1]), torch.Size([128]), torch.Size([128, 128, 3, 3]), torch.Size([128]), torch.Size([512, 128, 1, 1]), torch.Size([512]), torch.Size([512]), torch.Size([128, 512, 1, 1]), torch.Size([128]), torch.Size([128, 128, 3, 3]), torch.Size([128]), torch.Size([512, 128, 1, 1]), torch.Size([512]), torch.Size([512]), torch.Size([128, 512, 1, 1]), torch.Size([128]), torch.Size([128, 128, 3, 3]), torch.Size([128]), torch.Size([512, 128, 1, 1]), torch.Size([512]), torch.Size([512]), torch.Size([256, 512, 1, 1]), torch.Size([256]), torch.Size([256, 256, 3, 3]), torch.Size([256]), torch.Size([1024, 256, 1, 1]), torch.Size([1024]), torch.Size([1024]), torch.Size([1024, 512, 1, 1]), torch.Size([1024]), torch.Size([256, 1024, 1, 1]), torch.Size([256]), torch.Size([256, 256, 3, 3]), torch.Size([256]), torch.Size([1024, 256, 1, 1]), torch.Size([1024]), torch.Size([1024]), torch.Size([256, 1024, 1, 1]), torch.Size([256]), torch.Size([256, 256, 3, 3]), torch.Size([256]), torch.Size([1024, 256, 1, 1]), torch.Size([1024]), torch.Size([1024]), torch.Size([256, 1024, 1, 1]), torch.Size([256]), torch.Size([256, 256, 3, 3]), torch.Size([256]), torch.Size([1024, 256, 1, 1]), torch.Size([1024]), torch.Size([1024]), torch.Size([256, 1024, 1, 1]), torch.Size([256]), torch.Size([256, 256, 3, 3]), torch.Size([256]), torch.Size([1024, 256, 1, 1]), torch.Size([1024]), torch.Size([1024]), torch.Size([256, 1024, 1, 1]), torch.Size([256]), torch.Size([256, 256, 3, 3]), torch.Size([256]), torch.Size([1024, 256, 1, 1]), torch.Size([1024]), torch.Size([1024]), torch.Size([512, 1024, 1, 1]), torch.Size([512]), torch.Size([512, 512, 3, 3]), torch.Size([512]), torch.Size([2048, 512, 1, 1]), torch.Size([2048]), torch.Size([2048]), torch.Size([2048, 1024, 1, 1]), torch.Size([2048]), torch.Size([512, 2048, 1, 1]), torch.Size([512]), torch.Size([512, 512, 3, 3]), torch.Size([512]), torch.Size([2048, 512, 1, 1]), torch.Size([2048]), torch.Size([2048]), torch.Size([512, 2048, 1, 1]), torch.Size([512]), torch.Size([512, 512, 3, 3]), torch.Size([512]), torch.Size([2048, 512, 1, 1]), torch.Size([2048]), torch.Size([2048]), torch.Size([10, 2048]), torch.Size([10])]
2026-08-08 20:37:43 [INFO] src.analysis.pyhessian: [PyHessian] layer2.2.conv1.weight: trace=6.3256 (100 iters)
[torch.Size([64, 3, 3, 3]), torch.Size([64]), torch.Size([64, 64, 1, 1]), torch.Size([64]), torch.Size([64, 64, 3, 3]), torch.Size([64]), torch.Size([256, 64, 1, 1]), torch.Size([256]), torch.Size([256]), torch.Size([256, 64, 1, 1]), torch.Size([256]), torch.Size([64, 256, 1, 1]), torch.Size([64]), torch.Size([64, 64, 3, 3]), torch.Size([64]), torch.Size([256, 64, 1, 1]), torch.Size([256]), torch.Size([256]), torch.Size([64, 256, 1, 1]), torch.Size([64]), torch.Size([64, 64, 3, 3]), torch.Size([64]), torch.Size([256, 64, 1, 1]), torch.Size([256]), torch.Size([256]), torch.Size([128, 256, 1, 1]), torch.Size([128]), torch.Size([128, 128, 3, 3]), torch.Size([128]), torch.Size([512, 128, 1, 1]), torch.Size([512]), torch.Size([512]), torch.Size([512, 256, 1, 1]), torch.Size([512]), torch.Size([128, 512, 1, 1]), torch.Size([128]), torch.Size([128, 128, 3, 3]), torch.Size([128]), torch.Size([512, 128, 1, 1]), torch.Size([512]), torch.Size([512]), torch.Size([128, 512, 1, 1]), torch.Size([128]), torch.Size([128, 128, 3, 3]), torch.Size([128]), torch.Size([512, 128, 1, 1]), torch.Size([512]), torch.Size([512]), torch.Size([128, 512, 1, 1]), torch.Size([128]), torch.Size([128, 128, 3, 3]), torch.Size([128]), torch.Size([512, 128, 1, 1]), torch.Size([512]), torch.Size([512]), torch.Size([256, 512, 1, 1]), torch.Size([256]), torch.Size([256, 256, 3, 3]), torch.Size([256]), torch.Size([1024, 256, 1, 1]), torch.Size([1024]), torch.Size([1024]), torch.Size([1024, 512, 1, 1]), torch.Size([1024]), torch.Size([256, 1024, 1, 1]), torch.Size([256]), torch.Size([256, 256, 3, 3]), torch.Size([256]), torch.Size([1024, 256, 1, 1]), torch.Size([1024]), torch.Size([1024]), torch.Size([256, 1024, 1, 1]), torch.Size([256]), torch.Size([256, 256, 3, 3]), torch.Size([256]), torch.Size([1024, 256, 1, 1]), torch.Size([1024]), torch.Size([1024]), torch.Size([256, 1024, 1, 1]), torch.Size([256]), torch.Size([256, 256, 3, 3]), torch.Size([256]), torch.Size([1024, 256, 1, 1]), torch.Size([1024]), torch.Size([1024]), torch.Size([256, 1024, 1, 1]), torch.Size([256]), torch.Size([256, 256, 3, 3]), torch.Size([256]), torch.Size([1024, 256, 1, 1]), torch.Size([1024]), torch.Size([1024]), torch.Size([256, 1024, 1, 1]), torch.Size([256]), torch.Size([256, 256, 3, 3]), torch.Size([256]), torch.Size([1024, 256, 1, 1]), torch.Size([1024]), torch.Size([1024]), torch.Size([512, 1024, 1, 1]), torch.Size([512]), torch.Size([512, 512, 3, 3]), torch.Size([512]), torch.Size([2048, 512, 1, 1]), torch.Size([2048]), torch.Size([2048]), torch.Size([2048, 1024, 1, 1]), torch.Size([2048]), torch.Size([512, 2048, 1, 1]), torch.Size([512]), torch.Size([512, 512, 3, 3]), torch.Size([512]), torch.Size([2048, 512, 1, 1]), torch.Size([2048]), torch.Size([2048]), torch.Size([512, 2048, 1, 1]), torch.Size([512]), torch.Size([512, 512, 3, 3]), torch.Size([512]), torch.Size([2048, 512, 1, 1]), torch.Size([2048]), torch.Size([2048]), torch.Size([10, 2048]), torch.Size([10])]
2026-08-08 20:37:44 [INFO] src.analysis.pyhessian: [PyHessian] layer2.2.conv2.weight: trace=1.3744 (12 iters)
[torch.Size([64, 3, 3, 3]), torch.Size([64]), torch.Size([64, 64, 1, 1]), torch.Size([64]), torch.Size([64, 64, 3, 3]), torch.Size([64]), torch.Size([256, 64, 1, 1]), torch.Size([256]), torch.Size([256]), torch.Size([256, 64, 1, 1]), torch.Size([256]), torch.Size([64, 256, 1, 1]), torch.Size([64]), torch.Size([64, 64, 3, 3]), torch.Size([64]), torch.Size([256, 64, 1, 1]), torch.Size([256]), torch.Size([256]), torch.Size([64, 256, 1, 1]), torch.Size([64]), torch.Size([64, 64, 3, 3]), torch.Size([64]), torch.Size([256, 64, 1, 1]), torch.Size([256]), torch.Size([256]), torch.Size([128, 256, 1, 1]), torch.Size([128]), torch.Size([128, 128, 3, 3]), torch.Size([128]), torch.Size([512, 128, 1, 1]), torch.Size([512]), torch.Size([512]), torch.Size([512, 256, 1, 1]), torch.Size([512]), torch.Size([128, 512, 1, 1]), torch.Size([128]), torch.Size([128, 128, 3, 3]), torch.Size([128]), torch.Size([512, 128, 1, 1]), torch.Size([512]), torch.Size([512]), torch.Size([128, 512, 1, 1]), torch.Size([128]), torch.Size([128, 128, 3, 3]), torch.Size([128]), torch.Size([512, 128, 1, 1]), torch.Size([512]), torch.Size([512]), torch.Size([128, 512, 1, 1]), torch.Size([128]), torch.Size([128, 128, 3, 3]), torch.Size([128]), torch.Size([512, 128, 1, 1]), torch.Size([512]), torch.Size([512]), torch.Size([256, 512, 1, 1]), torch.Size([256]), torch.Size([256, 256, 3, 3]), torch.Size([256]), torch.Size([1024, 256, 1, 1]), torch.Size([1024]), torch.Size([1024]), torch.Size([1024, 512, 1, 1]), torch.Size([1024]), torch.Size([256, 1024, 1, 1]), torch.Size([256]), torch.Size([256, 256, 3, 3]), torch.Size([256]), torch.Size([1024, 256, 1, 1]), torch.Size([1024]), torch.Size([1024]), torch.Size([256, 1024, 1, 1]), torch.Size([256]), torch.Size([256, 256, 3, 3]), torch.Size([256]), torch.Size([1024, 256, 1, 1]), torch.Size([1024]), torch.Size([1024]), torch.Size([256, 1024, 1, 1]), torch.Size([256]), torch.Size([256, 256, 3, 3]), torch.Size([256]), torch.Size([1024, 256, 1, 1]), torch.Size([1024]), torch.Size([1024]), torch.Size([256, 1024, 1, 1]), torch.Size([256]), torch.Size([256, 256, 3, 3]), torch.Size([256]), torch.Size([1024, 256, 1, 1]), torch.Size([1024]), torch.Size([1024]), torch.Size([256, 1024, 1, 1]), torch.Size([256]), torch.Size([256, 256, 3, 3]), torch.Size([256]), torch.Size([1024, 256, 1, 1]), torch.Size([1024]), torch.Size([1024]), torch.Size([512, 1024, 1, 1]), torch.Size([512]), torch.Size([512, 512, 3, 3]), torch.Size([512]), torch.Size([2048, 512, 1, 1]), torch.Size([2048]), torch.Size([2048]), torch.Size([2048, 1024, 1, 1]), torch.Size([2048]), torch.Size([512, 2048, 1, 1]), torch.Size([512]), torch.Size([512, 512, 3, 3]), torch.Size([512]), torch.Size([2048, 512, 1, 1]), torch.Size([2048]), torch.Size([2048]), torch.Size([512, 2048, 1, 1]), torch.Size([512]), torch.Size([512, 512, 3, 3]), torch.Size([512]), torch.Size([2048, 512, 1, 1]), torch.Size([2048]), torch.Size([2048]), torch.Size([10, 2048]), torch.Size([10])]
2026-08-08 20:37:46 [INFO] src.analysis.pyhessian: [PyHessian] layer2.2.conv3.weight: trace=2.1509 (52 iters)
[torch.Size([64, 3, 3, 3]), torch.Size([64]), torch.Size([64, 64, 1, 1]), torch.Size([64]), torch.Size([64, 64, 3, 3]), torch.Size([64]), torch.Size([256, 64, 1, 1]), torch.Size([256]), torch.Size([256]), torch.Size([256, 64, 1, 1]), torch.Size([256]), torch.Size([64, 256, 1, 1]), torch.Size([64]), torch.Size([64, 64, 3, 3]), torch.Size([64]), torch.Size([256, 64, 1, 1]), torch.Size([256]), torch.Size([256]), torch.Size([64, 256, 1, 1]), torch.Size([64]), torch.Size([64, 64, 3, 3]), torch.Size([64]), torch.Size([256, 64, 1, 1]), torch.Size([256]), torch.Size([256]), torch.Size([128, 256, 1, 1]), torch.Size([128]), torch.Size([128, 128, 3, 3]), torch.Size([128]), torch.Size([512, 128, 1, 1]), torch.Size([512]), torch.Size([512]), torch.Size([512, 256, 1, 1]), torch.Size([512]), torch.Size([128, 512, 1, 1]), torch.Size([128]), torch.Size([128, 128, 3, 3]), torch.Size([128]), torch.Size([512, 128, 1, 1]), torch.Size([512]), torch.Size([512]), torch.Size([128, 512, 1, 1]), torch.Size([128]), torch.Size([128, 128, 3, 3]), torch.Size([128]), torch.Size([512, 128, 1, 1]), torch.Size([512]), torch.Size([512]), torch.Size([128, 512, 1, 1]), torch.Size([128]), torch.Size([128, 128, 3, 3]), torch.Size([128]), torch.Size([512, 128, 1, 1]), torch.Size([512]), torch.Size([512]), torch.Size([256, 512, 1, 1]), torch.Size([256]), torch.Size([256, 256, 3, 3]), torch.Size([256]), torch.Size([1024, 256, 1, 1]), torch.Size([1024]), torch.Size([1024]), torch.Size([1024, 512, 1, 1]), torch.Size([1024]), torch.Size([256, 1024, 1, 1]), torch.Size([256]), torch.Size([256, 256, 3, 3]), torch.Size([256]), torch.Size([1024, 256, 1, 1]), torch.Size([1024]), torch.Size([1024]), torch.Size([256, 1024, 1, 1]), torch.Size([256]), torch.Size([256, 256, 3, 3]), torch.Size([256]), torch.Size([1024, 256, 1, 1]), torch.Size([1024]), torch.Size([1024]), torch.Size([256, 1024, 1, 1]), torch.Size([256]), torch.Size([256, 256, 3, 3]), torch.Size([256]), torch.Size([1024, 256, 1, 1]), torch.Size([1024]), torch.Size([1024]), torch.Size([256, 1024, 1, 1]), torch.Size([256]), torch.Size([256, 256, 3, 3]), torch.Size([256]), torch.Size([1024, 256, 1, 1]), torch.Size([1024]), torch.Size([1024]), torch.Size([256, 1024, 1, 1]), torch.Size([256]), torch.Size([256, 256, 3, 3]), torch.Size([256]), torch.Size([1024, 256, 1, 1]), torch.Size([1024]), torch.Size([1024]), torch.Size([512, 1024, 1, 1]), torch.Size([512]), torch.Size([512, 512, 3, 3]), torch.Size([512]), torch.Size([2048, 512, 1, 1]), torch.Size([2048]), torch.Size([2048]), torch.Size([2048, 1024, 1, 1]), torch.Size([2048]), torch.Size([512, 2048, 1, 1]), torch.Size([512]), torch.Size([512, 512, 3, 3]), torch.Size([512]), torch.Size([2048, 512, 1, 1]), torch.Size([2048]), torch.Size([2048]), torch.Size([512, 2048, 1, 1]), torch.Size([512]), torch.Size([512, 512, 3, 3]), torch.Size([512]), torch.Size([2048, 512, 1, 1]), torch.Size([2048]), torch.Size([2048]), torch.Size([10, 2048]), torch.Size([10])]
2026-08-08 20:37:47 [INFO] src.analysis.pyhessian: [PyHessian] layer2.3.conv1.weight: trace=6.1137 (31 iters)
[torch.Size([64, 3, 3, 3]), torch.Size([64]), torch.Size([64, 64, 1, 1]), torch.Size([64]), torch.Size([64, 64, 3, 3]), torch.Size([64]), torch.Size([256, 64, 1, 1]), torch.Size([256]), torch.Size([256]), torch.Size([256, 64, 1, 1]), torch.Size([256]), torch.Size([64, 256, 1, 1]), torch.Size([64]), torch.Size([64, 64, 3, 3]), torch.Size([64]), torch.Size([256, 64, 1, 1]), torch.Size([256]), torch.Size([256]), torch.Size([64, 256, 1, 1]), torch.Size([64]), torch.Size([64, 64, 3, 3]), torch.Size([64]), torch.Size([256, 64, 1, 1]), torch.Size([256]), torch.Size([256]), torch.Size([128, 256, 1, 1]), torch.Size([128]), torch.Size([128, 128, 3, 3]), torch.Size([128]), torch.Size([512, 128, 1, 1]), torch.Size([512]), torch.Size([512]), torch.Size([512, 256, 1, 1]), torch.Size([512]), torch.Size([128, 512, 1, 1]), torch.Size([128]), torch.Size([128, 128, 3, 3]), torch.Size([128]), torch.Size([512, 128, 1, 1]), torch.Size([512]), torch.Size([512]), torch.Size([128, 512, 1, 1]), torch.Size([128]), torch.Size([128, 128, 3, 3]), torch.Size([128]), torch.Size([512, 128, 1, 1]), torch.Size([512]), torch.Size([512]), torch.Size([128, 512, 1, 1]), torch.Size([128]), torch.Size([128, 128, 3, 3]), torch.Size([128]), torch.Size([512, 128, 1, 1]), torch.Size([512]), torch.Size([512]), torch.Size([256, 512, 1, 1]), torch.Size([256]), torch.Size([256, 256, 3, 3]), torch.Size([256]), torch.Size([1024, 256, 1, 1]), torch.Size([1024]), torch.Size([1024]), torch.Size([1024, 512, 1, 1]), torch.Size([1024]), torch.Size([256, 1024, 1, 1]), torch.Size([256]), torch.Size([256, 256, 3, 3]), torch.Size([256]), torch.Size([1024, 256, 1, 1]), torch.Size([1024]), torch.Size([1024]), torch.Size([256, 1024, 1, 1]), torch.Size([256]), torch.Size([256, 256, 3, 3]), torch.Size([256]), torch.Size([1024, 256, 1, 1]), torch.Size([1024]), torch.Size([1024]), torch.Size([256, 1024, 1, 1]), torch.Size([256]), torch.Size([256, 256, 3, 3]), torch.Size([256]), torch.Size([1024, 256, 1, 1]), torch.Size([1024]), torch.Size([1024]), torch.Size([256, 1024, 1, 1]), torch.Size([256]), torch.Size([256, 256, 3, 3]), torch.Size([256]), torch.Size([1024, 256, 1, 1]), torch.Size([1024]), torch.Size([1024]), torch.Size([256, 1024, 1, 1]), torch.Size([256]), torch.Size([256, 256, 3, 3]), torch.Size([256]), torch.Size([1024, 256, 1, 1]), torch.Size([1024]), torch.Size([1024]), torch.Size([512, 1024, 1, 1]), torch.Size([512]), torch.Size([512, 512, 3, 3]), torch.Size([512]), torch.Size([2048, 512, 1, 1]), torch.Size([2048]), torch.Size([2048]), torch.Size([2048, 1024, 1, 1]), torch.Size([2048]), torch.Size([512, 2048, 1, 1]), torch.Size([512]), torch.Size([512, 512, 3, 3]), torch.Size([512]), torch.Size([2048, 512, 1, 1]), torch.Size([2048]), torch.Size([2048]), torch.Size([512, 2048, 1, 1]), torch.Size([512]), torch.Size([512, 512, 3, 3]), torch.Size([512]), torch.Size([2048, 512, 1, 1]), torch.Size([2048]), torch.Size([2048]), torch.Size([10, 2048]), torch.Size([10])]
2026-08-08 20:37:51 [INFO] src.analysis.pyhessian: [PyHessian] layer2.3.conv2.weight: trace=1.1939 (92 iters)
[torch.Size([64, 3, 3, 3]), torch.Size([64]), torch.Size([64, 64, 1, 1]), torch.Size([64]), torch.Size([64, 64, 3, 3]), torch.Size([64]), torch.Size([256, 64, 1, 1]), torch.Size([256]), torch.Size([256]), torch.Size([256, 64, 1, 1]), torch.Size([256]), torch.Size([64, 256, 1, 1]), torch.Size([64]), torch.Size([64, 64, 3, 3]), torch.Size([64]), torch.Size([256, 64, 1, 1]), torch.Size([256]), torch.Size([256]), torch.Size([64, 256, 1, 1]), torch.Size([64]), torch.Size([64, 64, 3, 3]), torch.Size([64]), torch.Size([256, 64, 1, 1]), torch.Size([256]), torch.Size([256]), torch.Size([128, 256, 1, 1]), torch.Size([128]), torch.Size([128, 128, 3, 3]), torch.Size([128]), torch.Size([512, 128, 1, 1]), torch.Size([512]), torch.Size([512]), torch.Size([512, 256, 1, 1]), torch.Size([512]), torch.Size([128, 512, 1, 1]), torch.Size([128]), torch.Size([128, 128, 3, 3]), torch.Size([128]), torch.Size([512, 128, 1, 1]), torch.Size([512]), torch.Size([512]), torch.Size([128, 512, 1, 1]), torch.Size([128]), torch.Size([128, 128, 3, 3]), torch.Size([128]), torch.Size([512, 128, 1, 1]), torch.Size([512]), torch.Size([512]), torch.Size([128, 512, 1, 1]), torch.Size([128]), torch.Size([128, 128, 3, 3]), torch.Size([128]), torch.Size([512, 128, 1, 1]), torch.Size([512]), torch.Size([512]), torch.Size([256, 512, 1, 1]), torch.Size([256]), torch.Size([256, 256, 3, 3]), torch.Size([256]), torch.Size([1024, 256, 1, 1]), torch.Size([1024]), torch.Size([1024]), torch.Size([1024, 512, 1, 1]), torch.Size([1024]), torch.Size([256, 1024, 1, 1]), torch.Size([256]), torch.Size([256, 256, 3, 3]), torch.Size([256]), torch.Size([1024, 256, 1, 1]), torch.Size([1024]), torch.Size([1024]), torch.Size([256, 1024, 1, 1]), torch.Size([256]), torch.Size([256, 256, 3, 3]), torch.Size([256]), torch.Size([1024, 256, 1, 1]), torch.Size([1024]), torch.Size([1024]), torch.Size([256, 1024, 1, 1]), torch.Size([256]), torch.Size([256, 256, 3, 3]), torch.Size([256]), torch.Size([1024, 256, 1, 1]), torch.Size([1024]), torch.Size([1024]), torch.Size([256, 1024, 1, 1]), torch.Size([256]), torch.Size([256, 256, 3, 3]), torch.Size([256]), torch.Size([1024, 256, 1, 1]), torch.Size([1024]), torch.Size([1024]), torch.Size([256, 1024, 1, 1]), torch.Size([256]), torch.Size([256, 256, 3, 3]), torch.Size([256]), torch.Size([1024, 256, 1, 1]), torch.Size([1024]), torch.Size([1024]), torch.Size([512, 1024, 1, 1]), torch.Size([512]), torch.Size([512, 512, 3, 3]), torch.Size([512]), torch.Size([2048, 512, 1, 1]), torch.Size([2048]), torch.Size([2048]), torch.Size([2048, 1024, 1, 1]), torch.Size([2048]), torch.Size([512, 2048, 1, 1]), torch.Size([512]), torch.Size([512, 512, 3, 3]), torch.Size([512]), torch.Size([2048, 512, 1, 1]), torch.Size([2048]), torch.Size([2048]), torch.Size([512, 2048, 1, 1]), torch.Size([512]), torch.Size([512, 512, 3, 3]), torch.Size([512]), torch.Size([2048, 512, 1, 1]), torch.Size([2048]), torch.Size([2048]), torch.Size([10, 2048]), torch.Size([10])]
2026-08-08 20:37:52 [INFO] src.analysis.pyhessian: [PyHessian] layer2.3.conv3.weight: trace=1.6810 (32 iters)
[torch.Size([64, 3, 3, 3]), torch.Size([64]), torch.Size([64, 64, 1, 1]), torch.Size([64]), torch.Size([64, 64, 3, 3]), torch.Size([64]), torch.Size([256, 64, 1, 1]), torch.Size([256]), torch.Size([256]), torch.Size([256, 64, 1, 1]), torch.Size([256]), torch.Size([64, 256, 1, 1]), torch.Size([64]), torch.Size([64, 64, 3, 3]), torch.Size([64]), torch.Size([256, 64, 1, 1]), torch.Size([256]), torch.Size([256]), torch.Size([64, 256, 1, 1]), torch.Size([64]), torch.Size([64, 64, 3, 3]), torch.Size([64]), torch.Size([256, 64, 1, 1]), torch.Size([256]), torch.Size([256]), torch.Size([128, 256, 1, 1]), torch.Size([128]), torch.Size([128, 128, 3, 3]), torch.Size([128]), torch.Size([512, 128, 1, 1]), torch.Size([512]), torch.Size([512]), torch.Size([512, 256, 1, 1]), torch.Size([512]), torch.Size([128, 512, 1, 1]), torch.Size([128]), torch.Size([128, 128, 3, 3]), torch.Size([128]), torch.Size([512, 128, 1, 1]), torch.Size([512]), torch.Size([512]), torch.Size([128, 512, 1, 1]), torch.Size([128]), torch.Size([128, 128, 3, 3]), torch.Size([128]), torch.Size([512, 128, 1, 1]), torch.Size([512]), torch.Size([512]), torch.Size([128, 512, 1, 1]), torch.Size([128]), torch.Size([128, 128, 3, 3]), torch.Size([128]), torch.Size([512, 128, 1, 1]), torch.Size([512]), torch.Size([512]), torch.Size([256, 512, 1, 1]), torch.Size([256]), torch.Size([256, 256, 3, 3]), torch.Size([256]), torch.Size([1024, 256, 1, 1]), torch.Size([1024]), torch.Size([1024]), torch.Size([1024, 512, 1, 1]), torch.Size([1024]), torch.Size([256, 1024, 1, 1]), torch.Size([256]), torch.Size([256, 256, 3, 3]), torch.Size([256]), torch.Size([1024, 256, 1, 1]), torch.Size([1024]), torch.Size([1024]), torch.Size([256, 1024, 1, 1]), torch.Size([256]), torch.Size([256, 256, 3, 3]), torch.Size([256]), torch.Size([1024, 256, 1, 1]), torch.Size([1024]), torch.Size([1024]), torch.Size([256, 1024, 1, 1]), torch.Size([256]), torch.Size([256, 256, 3, 3]), torch.Size([256]), torch.Size([1024, 256, 1, 1]), torch.Size([1024]), torch.Size([1024]), torch.Size([256, 1024, 1, 1]), torch.Size([256]), torch.Size([256, 256, 3, 3]), torch.Size([256]), torch.Size([1024, 256, 1, 1]), torch.Size([1024]), torch.Size([1024]), torch.Size([256, 1024, 1, 1]), torch.Size([256]), torch.Size([256, 256, 3, 3]), torch.Size([256]), torch.Size([1024, 256, 1, 1]), torch.Size([1024]), torch.Size([1024]), torch.Size([512, 1024, 1, 1]), torch.Size([512]), torch.Size([512, 512, 3, 3]), torch.Size([512]), torch.Size([2048, 512, 1, 1]), torch.Size([2048]), torch.Size([2048]), torch.Size([2048, 1024, 1, 1]), torch.Size([2048]), torch.Size([512, 2048, 1, 1]), torch.Size([512]), torch.Size([512, 512, 3, 3]), torch.Size([512]), torch.Size([2048, 512, 1, 1]), torch.Size([2048]), torch.Size([2048]), torch.Size([512, 2048, 1, 1]), torch.Size([512]), torch.Size([512, 512, 3, 3]), torch.Size([512]), torch.Size([2048, 512, 1, 1]), torch.Size([2048]), torch.Size([2048]), torch.Size([10, 2048]), torch.Size([10])]
2026-08-08 20:37:53 [INFO] src.analysis.pyhessian: [PyHessian] layer3.0.conv1.weight: trace=5.6125 (33 iters)
[torch.Size([64, 3, 3, 3]), torch.Size([64]), torch.Size([64, 64, 1, 1]), torch.Size([64]), torch.Size([64, 64, 3, 3]), torch.Size([64]), torch.Size([256, 64, 1, 1]), torch.Size([256]), torch.Size([256]), torch.Size([256, 64, 1, 1]), torch.Size([256]), torch.Size([64, 256, 1, 1]), torch.Size([64]), torch.Size([64, 64, 3, 3]), torch.Size([64]), torch.Size([256, 64, 1, 1]), torch.Size([256]), torch.Size([256]), torch.Size([64, 256, 1, 1]), torch.Size([64]), torch.Size([64, 64, 3, 3]), torch.Size([64]), torch.Size([256, 64, 1, 1]), torch.Size([256]), torch.Size([256]), torch.Size([128, 256, 1, 1]), torch.Size([128]), torch.Size([128, 128, 3, 3]), torch.Size([128]), torch.Size([512, 128, 1, 1]), torch.Size([512]), torch.Size([512]), torch.Size([512, 256, 1, 1]), torch.Size([512]), torch.Size([128, 512, 1, 1]), torch.Size([128]), torch.Size([128, 128, 3, 3]), torch.Size([128]), torch.Size([512, 128, 1, 1]), torch.Size([512]), torch.Size([512]), torch.Size([128, 512, 1, 1]), torch.Size([128]), torch.Size([128, 128, 3, 3]), torch.Size([128]), torch.Size([512, 128, 1, 1]), torch.Size([512]), torch.Size([512]), torch.Size([128, 512, 1, 1]), torch.Size([128]), torch.Size([128, 128, 3, 3]), torch.Size([128]), torch.Size([512, 128, 1, 1]), torch.Size([512]), torch.Size([512]), torch.Size([256, 512, 1, 1]), torch.Size([256]), torch.Size([256, 256, 3, 3]), torch.Size([256]), torch.Size([1024, 256, 1, 1]), torch.Size([1024]), torch.Size([1024]), torch.Size([1024, 512, 1, 1]), torch.Size([1024]), torch.Size([256, 1024, 1, 1]), torch.Size([256]), torch.Size([256, 256, 3, 3]), torch.Size([256]), torch.Size([1024, 256, 1, 1]), torch.Size([1024]), torch.Size([1024]), torch.Size([256, 1024, 1, 1]), torch.Size([256]), torch.Size([256, 256, 3, 3]), torch.Size([256]), torch.Size([1024, 256, 1, 1]), torch.Size([1024]), torch.Size([1024]), torch.Size([256, 1024, 1, 1]), torch.Size([256]), torch.Size([256, 256, 3, 3]), torch.Size([256]), torch.Size([1024, 256, 1, 1]), torch.Size([1024]), torch.Size([1024]), torch.Size([256, 1024, 1, 1]), torch.Size([256]), torch.Size([256, 256, 3, 3]), torch.Size([256]), torch.Size([1024, 256, 1, 1]), torch.Size([1024]), torch.Size([1024]), torch.Size([256, 1024, 1, 1]), torch.Size([256]), torch.Size([256, 256, 3, 3]), torch.Size([256]), torch.Size([1024, 256, 1, 1]), torch.Size([1024]), torch.Size([1024]), torch.Size([512, 1024, 1, 1]), torch.Size([512]), torch.Size([512, 512, 3, 3]), torch.Size([512]), torch.Size([2048, 512, 1, 1]), torch.Size([2048]), torch.Size([2048]), torch.Size([2048, 1024, 1, 1]), torch.Size([2048]), torch.Size([512, 2048, 1, 1]), torch.Size([512]), torch.Size([512, 512, 3, 3]), torch.Size([512]), torch.Size([2048, 512, 1, 1]), torch.Size([2048]), torch.Size([2048]), torch.Size([512, 2048, 1, 1]), torch.Size([512]), torch.Size([512, 512, 3, 3]), torch.Size([512]), torch.Size([2048, 512, 1, 1]), torch.Size([2048]), torch.Size([2048]), torch.Size([10, 2048]), torch.Size([10])]
2026-08-08 20:37:54 [INFO] src.analysis.pyhessian: [PyHessian] layer3.0.conv2.weight: trace=3.3104 (36 iters)
[torch.Size([64, 3, 3, 3]), torch.Size([64]), torch.Size([64, 64, 1, 1]), torch.Size([64]), torch.Size([64, 64, 3, 3]), torch.Size([64]), torch.Size([256, 64, 1, 1]), torch.Size([256]), torch.Size([256]), torch.Size([256, 64, 1, 1]), torch.Size([256]), torch.Size([64, 256, 1, 1]), torch.Size([64]), torch.Size([64, 64, 3, 3]), torch.Size([64]), torch.Size([256, 64, 1, 1]), torch.Size([256]), torch.Size([256]), torch.Size([64, 256, 1, 1]), torch.Size([64]), torch.Size([64, 64, 3, 3]), torch.Size([64]), torch.Size([256, 64, 1, 1]), torch.Size([256]), torch.Size([256]), torch.Size([128, 256, 1, 1]), torch.Size([128]), torch.Size([128, 128, 3, 3]), torch.Size([128]), torch.Size([512, 128, 1, 1]), torch.Size([512]), torch.Size([512]), torch.Size([512, 256, 1, 1]), torch.Size([512]), torch.Size([128, 512, 1, 1]), torch.Size([128]), torch.Size([128, 128, 3, 3]), torch.Size([128]), torch.Size([512, 128, 1, 1]), torch.Size([512]), torch.Size([512]), torch.Size([128, 512, 1, 1]), torch.Size([128]), torch.Size([128, 128, 3, 3]), torch.Size([128]), torch.Size([512, 128, 1, 1]), torch.Size([512]), torch.Size([512]), torch.Size([128, 512, 1, 1]), torch.Size([128]), torch.Size([128, 128, 3, 3]), torch.Size([128]), torch.Size([512, 128, 1, 1]), torch.Size([512]), torch.Size([512]), torch.Size([256, 512, 1, 1]), torch.Size([256]), torch.Size([256, 256, 3, 3]), torch.Size([256]), torch.Size([1024, 256, 1, 1]), torch.Size([1024]), torch.Size([1024]), torch.Size([1024, 512, 1, 1]), torch.Size([1024]), torch.Size([256, 1024, 1, 1]), torch.Size([256]), torch.Size([256, 256, 3, 3]), torch.Size([256]), torch.Size([1024, 256, 1, 1]), torch.Size([1024]), torch.Size([1024]), torch.Size([256, 1024, 1, 1]), torch.Size([256]), torch.Size([256, 256, 3, 3]), torch.Size([256]), torch.Size([1024, 256, 1, 1]), torch.Size([1024]), torch.Size([1024]), torch.Size([256, 1024, 1, 1]), torch.Size([256]), torch.Size([256, 256, 3, 3]), torch.Size([256]), torch.Size([1024, 256, 1, 1]), torch.Size([1024]), torch.Size([1024]), torch.Size([256, 1024, 1, 1]), torch.Size([256]), torch.Size([256, 256, 3, 3]), torch.Size([256]), torch.Size([1024, 256, 1, 1]), torch.Size([1024]), torch.Size([1024]), torch.Size([256, 1024, 1, 1]), torch.Size([256]), torch.Size([256, 256, 3, 3]), torch.Size([256]), torch.Size([1024, 256, 1, 1]), torch.Size([1024]), torch.Size([1024]), torch.Size([512, 1024, 1, 1]), torch.Size([512]), torch.Size([512, 512, 3, 3]), torch.Size([512]), torch.Size([2048, 512, 1, 1]), torch.Size([2048]), torch.Size([2048]), torch.Size([2048, 1024, 1, 1]), torch.Size([2048]), torch.Size([512, 2048, 1, 1]), torch.Size([512]), torch.Size([512, 512, 3, 3]), torch.Size([512]), torch.Size([2048, 512, 1, 1]), torch.Size([2048]), torch.Size([2048]), torch.Size([512, 2048, 1, 1]), torch.Size([512]), torch.Size([512, 512, 3, 3]), torch.Size([512]), torch.Size([2048, 512, 1, 1]), torch.Size([2048]), torch.Size([2048]), torch.Size([10, 2048]), torch.Size([10])]
2026-08-08 20:37:56 [INFO] src.analysis.pyhessian: [PyHessian] layer3.0.conv3.weight: trace=2.6650 (51 iters)
[torch.Size([64, 3, 3, 3]), torch.Size([64]), torch.Size([64, 64, 1, 1]), torch.Size([64]), torch.Size([64, 64, 3, 3]), torch.Size([64]), torch.Size([256, 64, 1, 1]), torch.Size([256]), torch.Size([256]), torch.Size([256, 64, 1, 1]), torch.Size([256]), torch.Size([64, 256, 1, 1]), torch.Size([64]), torch.Size([64, 64, 3, 3]), torch.Size([64]), torch.Size([256, 64, 1, 1]), torch.Size([256]), torch.Size([256]), torch.Size([64, 256, 1, 1]), torch.Size([64]), torch.Size([64, 64, 3, 3]), torch.Size([64]), torch.Size([256, 64, 1, 1]), torch.Size([256]), torch.Size([256]), torch.Size([128, 256, 1, 1]), torch.Size([128]), torch.Size([128, 128, 3, 3]), torch.Size([128]), torch.Size([512, 128, 1, 1]), torch.Size([512]), torch.Size([512]), torch.Size([512, 256, 1, 1]), torch.Size([512]), torch.Size([128, 512, 1, 1]), torch.Size([128]), torch.Size([128, 128, 3, 3]), torch.Size([128]), torch.Size([512, 128, 1, 1]), torch.Size([512]), torch.Size([512]), torch.Size([128, 512, 1, 1]), torch.Size([128]), torch.Size([128, 128, 3, 3]), torch.Size([128]), torch.Size([512, 128, 1, 1]), torch.Size([512]), torch.Size([512]), torch.Size([128, 512, 1, 1]), torch.Size([128]), torch.Size([128, 128, 3, 3]), torch.Size([128]), torch.Size([512, 128, 1, 1]), torch.Size([512]), torch.Size([512]), torch.Size([256, 512, 1, 1]), torch.Size([256]), torch.Size([256, 256, 3, 3]), torch.Size([256]), torch.Size([1024, 256, 1, 1]), torch.Size([1024]), torch.Size([1024]), torch.Size([1024, 512, 1, 1]), torch.Size([1024]), torch.Size([256, 1024, 1, 1]), torch.Size([256]), torch.Size([256, 256, 3, 3]), torch.Size([256]), torch.Size([1024, 256, 1, 1]), torch.Size([1024]), torch.Size([1024]), torch.Size([256, 1024, 1, 1]), torch.Size([256]), torch.Size([256, 256, 3, 3]), torch.Size([256]), torch.Size([1024, 256, 1, 1]), torch.Size([1024]), torch.Size([1024]), torch.Size([256, 1024, 1, 1]), torch.Size([256]), torch.Size([256, 256, 3, 3]), torch.Size([256]), torch.Size([1024, 256, 1, 1]), torch.Size([1024]), torch.Size([1024]), torch.Size([256, 1024, 1, 1]), torch.Size([256]), torch.Size([256, 256, 3, 3]), torch.Size([256]), torch.Size([1024, 256, 1, 1]), torch.Size([1024]), torch.Size([1024]), torch.Size([256, 1024, 1, 1]), torch.Size([256]), torch.Size([256, 256, 3, 3]), torch.Size([256]), torch.Size([1024, 256, 1, 1]), torch.Size([1024]), torch.Size([1024]), torch.Size([512, 1024, 1, 1]), torch.Size([512]), torch.Size([512, 512, 3, 3]), torch.Size([512]), torch.Size([2048, 512, 1, 1]), torch.Size([2048]), torch.Size([2048]), torch.Size([2048, 1024, 1, 1]), torch.Size([2048]), torch.Size([512, 2048, 1, 1]), torch.Size([512]), torch.Size([512, 512, 3, 3]), torch.Size([512]), torch.Size([2048, 512, 1, 1]), torch.Size([2048]), torch.Size([2048]), torch.Size([512, 2048, 1, 1]), torch.Size([512]), torch.Size([512, 512, 3, 3]), torch.Size([512]), torch.Size([2048, 512, 1, 1]), torch.Size([2048]), torch.Size([2048]), torch.Size([10, 2048]), torch.Size([10])]
2026-08-08 20:37:58 [INFO] src.analysis.pyhessian: [PyHessian] layer3.0.downsample.0.weight: trace=2.9321 (49 iters)
[torch.Size([64, 3, 3, 3]), torch.Size([64]), torch.Size([64, 64, 1, 1]), torch.Size([64]), torch.Size([64, 64, 3, 3]), torch.Size([64]), torch.Size([256, 64, 1, 1]), torch.Size([256]), torch.Size([256]), torch.Size([256, 64, 1, 1]), torch.Size([256]), torch.Size([64, 256, 1, 1]), torch.Size([64]), torch.Size([64, 64, 3, 3]), torch.Size([64]), torch.Size([256, 64, 1, 1]), torch.Size([256]), torch.Size([256]), torch.Size([64, 256, 1, 1]), torch.Size([64]), torch.Size([64, 64, 3, 3]), torch.Size([64]), torch.Size([256, 64, 1, 1]), torch.Size([256]), torch.Size([256]), torch.Size([128, 256, 1, 1]), torch.Size([128]), torch.Size([128, 128, 3, 3]), torch.Size([128]), torch.Size([512, 128, 1, 1]), torch.Size([512]), torch.Size([512]), torch.Size([512, 256, 1, 1]), torch.Size([512]), torch.Size([128, 512, 1, 1]), torch.Size([128]), torch.Size([128, 128, 3, 3]), torch.Size([128]), torch.Size([512, 128, 1, 1]), torch.Size([512]), torch.Size([512]), torch.Size([128, 512, 1, 1]), torch.Size([128]), torch.Size([128, 128, 3, 3]), torch.Size([128]), torch.Size([512, 128, 1, 1]), torch.Size([512]), torch.Size([512]), torch.Size([128, 512, 1, 1]), torch.Size([128]), torch.Size([128, 128, 3, 3]), torch.Size([128]), torch.Size([512, 128, 1, 1]), torch.Size([512]), torch.Size([512]), torch.Size([256, 512, 1, 1]), torch.Size([256]), torch.Size([256, 256, 3, 3]), torch.Size([256]), torch.Size([1024, 256, 1, 1]), torch.Size([1024]), torch.Size([1024]), torch.Size([1024, 512, 1, 1]), torch.Size([1024]), torch.Size([256, 1024, 1, 1]), torch.Size([256]), torch.Size([256, 256, 3, 3]), torch.Size([256]), torch.Size([1024, 256, 1, 1]), torch.Size([1024]), torch.Size([1024]), torch.Size([256, 1024, 1, 1]), torch.Size([256]), torch.Size([256, 256, 3, 3]), torch.Size([256]), torch.Size([1024, 256, 1, 1]), torch.Size([1024]), torch.Size([1024]), torch.Size([256, 1024, 1, 1]), torch.Size([256]), torch.Size([256, 256, 3, 3]), torch.Size([256]), torch.Size([1024, 256, 1, 1]), torch.Size([1024]), torch.Size([1024]), torch.Size([256, 1024, 1, 1]), torch.Size([256]), torch.Size([256, 256, 3, 3]), torch.Size([256]), torch.Size([1024, 256, 1, 1]), torch.Size([1024]), torch.Size([1024]), torch.Size([256, 1024, 1, 1]), torch.Size([256]), torch.Size([256, 256, 3, 3]), torch.Size([256]), torch.Size([1024, 256, 1, 1]), torch.Size([1024]), torch.Size([1024]), torch.Size([512, 1024, 1, 1]), torch.Size([512]), torch.Size([512, 512, 3, 3]), torch.Size([512]), torch.Size([2048, 512, 1, 1]), torch.Size([2048]), torch.Size([2048]), torch.Size([2048, 1024, 1, 1]), torch.Size([2048]), torch.Size([512, 2048, 1, 1]), torch.Size([512]), torch.Size([512, 512, 3, 3]), torch.Size([512]), torch.Size([2048, 512, 1, 1]), torch.Size([2048]), torch.Size([2048]), torch.Size([512, 2048, 1, 1]), torch.Size([512]), torch.Size([512, 512, 3, 3]), torch.Size([512]), torch.Size([2048, 512, 1, 1]), torch.Size([2048]), torch.Size([2048]), torch.Size([10, 2048]), torch.Size([10])]
2026-08-08 20:37:59 [INFO] src.analysis.pyhessian: [PyHessian] layer3.1.conv1.weight: trace=1.8894 (36 iters)
[torch.Size([64, 3, 3, 3]), torch.Size([64]), torch.Size([64, 64, 1, 1]), torch.Size([64]), torch.Size([64, 64, 3, 3]), torch.Size([64]), torch.Size([256, 64, 1, 1]), torch.Size([256]), torch.Size([256]), torch.Size([256, 64, 1, 1]), torch.Size([256]), torch.Size([64, 256, 1, 1]), torch.Size([64]), torch.Size([64, 64, 3, 3]), torch.Size([64]), torch.Size([256, 64, 1, 1]), torch.Size([256]), torch.Size([256]), torch.Size([64, 256, 1, 1]), torch.Size([64]), torch.Size([64, 64, 3, 3]), torch.Size([64]), torch.Size([256, 64, 1, 1]), torch.Size([256]), torch.Size([256]), torch.Size([128, 256, 1, 1]), torch.Size([128]), torch.Size([128, 128, 3, 3]), torch.Size([128]), torch.Size([512, 128, 1, 1]), torch.Size([512]), torch.Size([512]), torch.Size([512, 256, 1, 1]), torch.Size([512]), torch.Size([128, 512, 1, 1]), torch.Size([128]), torch.Size([128, 128, 3, 3]), torch.Size([128]), torch.Size([512, 128, 1, 1]), torch.Size([512]), torch.Size([512]), torch.Size([128, 512, 1, 1]), torch.Size([128]), torch.Size([128, 128, 3, 3]), torch.Size([128]), torch.Size([512, 128, 1, 1]), torch.Size([512]), torch.Size([512]), torch.Size([128, 512, 1, 1]), torch.Size([128]), torch.Size([128, 128, 3, 3]), torch.Size([128]), torch.Size([512, 128, 1, 1]), torch.Size([512]), torch.Size([512]), torch.Size([256, 512, 1, 1]), torch.Size([256]), torch.Size([256, 256, 3, 3]), torch.Size([256]), torch.Size([1024, 256, 1, 1]), torch.Size([1024]), torch.Size([1024]), torch.Size([1024, 512, 1, 1]), torch.Size([1024]), torch.Size([256, 1024, 1, 1]), torch.Size([256]), torch.Size([256, 256, 3, 3]), torch.Size([256]), torch.Size([1024, 256, 1, 1]), torch.Size([1024]), torch.Size([1024]), torch.Size([256, 1024, 1, 1]), torch.Size([256]), torch.Size([256, 256, 3, 3]), torch.Size([256]), torch.Size([1024, 256, 1, 1]), torch.Size([1024]), torch.Size([1024]), torch.Size([256, 1024, 1, 1]), torch.Size([256]), torch.Size([256, 256, 3, 3]), torch.Size([256]), torch.Size([1024, 256, 1, 1]), torch.Size([1024]), torch.Size([1024]), torch.Size([256, 1024, 1, 1]), torch.Size([256]), torch.Size([256, 256, 3, 3]), torch.Size([256]), torch.Size([1024, 256, 1, 1]), torch.Size([1024]), torch.Size([1024]), torch.Size([256, 1024, 1, 1]), torch.Size([256]), torch.Size([256, 256, 3, 3]), torch.Size([256]), torch.Size([1024, 256, 1, 1]), torch.Size([1024]), torch.Size([1024]), torch.Size([512, 1024, 1, 1]), torch.Size([512]), torch.Size([512, 512, 3, 3]), torch.Size([512]), torch.Size([2048, 512, 1, 1]), torch.Size([2048]), torch.Size([2048]), torch.Size([2048, 1024, 1, 1]), torch.Size([2048]), torch.Size([512, 2048, 1, 1]), torch.Size([512]), torch.Size([512, 512, 3, 3]), torch.Size([512]), torch.Size([2048, 512, 1, 1]), torch.Size([2048]), torch.Size([2048]), torch.Size([512, 2048, 1, 1]), torch.Size([512]), torch.Size([512, 512, 3, 3]), torch.Size([512]), torch.Size([2048, 512, 1, 1]), torch.Size([2048]), torch.Size([2048]), torch.Size([10, 2048]), torch.Size([10])]
2026-08-08 20:38:00 [INFO] src.analysis.pyhessian: [PyHessian] layer3.1.conv2.weight: trace=1.3973 (56 iters)
[torch.Size([64, 3, 3, 3]), torch.Size([64]), torch.Size([64, 64, 1, 1]), torch.Size([64]), torch.Size([64, 64, 3, 3]), torch.Size([64]), torch.Size([256, 64, 1, 1]), torch.Size([256]), torch.Size([256]), torch.Size([256, 64, 1, 1]), torch.Size([256]), torch.Size([64, 256, 1, 1]), torch.Size([64]), torch.Size([64, 64, 3, 3]), torch.Size([64]), torch.Size([256, 64, 1, 1]), torch.Size([256]), torch.Size([256]), torch.Size([64, 256, 1, 1]), torch.Size([64]), torch.Size([64, 64, 3, 3]), torch.Size([64]), torch.Size([256, 64, 1, 1]), torch.Size([256]), torch.Size([256]), torch.Size([128, 256, 1, 1]), torch.Size([128]), torch.Size([128, 128, 3, 3]), torch.Size([128]), torch.Size([512, 128, 1, 1]), torch.Size([512]), torch.Size([512]), torch.Size([512, 256, 1, 1]), torch.Size([512]), torch.Size([128, 512, 1, 1]), torch.Size([128]), torch.Size([128, 128, 3, 3]), torch.Size([128]), torch.Size([512, 128, 1, 1]), torch.Size([512]), torch.Size([512]), torch.Size([128, 512, 1, 1]), torch.Size([128]), torch.Size([128, 128, 3, 3]), torch.Size([128]), torch.Size([512, 128, 1, 1]), torch.Size([512]), torch.Size([512]), torch.Size([128, 512, 1, 1]), torch.Size([128]), torch.Size([128, 128, 3, 3]), torch.Size([128]), torch.Size([512, 128, 1, 1]), torch.Size([512]), torch.Size([512]), torch.Size([256, 512, 1, 1]), torch.Size([256]), torch.Size([256, 256, 3, 3]), torch.Size([256]), torch.Size([1024, 256, 1, 1]), torch.Size([1024]), torch.Size([1024]), torch.Size([1024, 512, 1, 1]), torch.Size([1024]), torch.Size([256, 1024, 1, 1]), torch.Size([256]), torch.Size([256, 256, 3, 3]), torch.Size([256]), torch.Size([1024, 256, 1, 1]), torch.Size([1024]), torch.Size([1024]), torch.Size([256, 1024, 1, 1]), torch.Size([256]), torch.Size([256, 256, 3, 3]), torch.Size([256]), torch.Size([1024, 256, 1, 1]), torch.Size([1024]), torch.Size([1024]), torch.Size([256, 1024, 1, 1]), torch.Size([256]), torch.Size([256, 256, 3, 3]), torch.Size([256]), torch.Size([1024, 256, 1, 1]), torch.Size([1024]), torch.Size([1024]), torch.Size([256, 1024, 1, 1]), torch.Size([256]), torch.Size([256, 256, 3, 3]), torch.Size([256]), torch.Size([1024, 256, 1, 1]), torch.Size([1024]), torch.Size([1024]), torch.Size([256, 1024, 1, 1]), torch.Size([256]), torch.Size([256, 256, 3, 3]), torch.Size([256]), torch.Size([1024, 256, 1, 1]), torch.Size([1024]), torch.Size([1024]), torch.Size([512, 1024, 1, 1]), torch.Size([512]), torch.Size([512, 512, 3, 3]), torch.Size([512]), torch.Size([2048, 512, 1, 1]), torch.Size([2048]), torch.Size([2048]), torch.Size([2048, 1024, 1, 1]), torch.Size([2048]), torch.Size([512, 2048, 1, 1]), torch.Size([512]), torch.Size([512, 512, 3, 3]), torch.Size([512]), torch.Size([2048, 512, 1, 1]), torch.Size([2048]), torch.Size([2048]), torch.Size([512, 2048, 1, 1]), torch.Size([512]), torch.Size([512, 512, 3, 3]), torch.Size([512]), torch.Size([2048, 512, 1, 1]), torch.Size([2048]), torch.Size([2048]), torch.Size([10, 2048]), torch.Size([10])]
2026-08-08 20:38:02 [INFO] src.analysis.pyhessian: [PyHessian] layer3.1.conv3.weight: trace=3.4134 (77 iters)
[torch.Size([64, 3, 3, 3]), torch.Size([64]), torch.Size([64, 64, 1, 1]), torch.Size([64]), torch.Size([64, 64, 3, 3]), torch.Size([64]), torch.Size([256, 64, 1, 1]), torch.Size([256]), torch.Size([256]), torch.Size([256, 64, 1, 1]), torch.Size([256]), torch.Size([64, 256, 1, 1]), torch.Size([64]), torch.Size([64, 64, 3, 3]), torch.Size([64]), torch.Size([256, 64, 1, 1]), torch.Size([256]), torch.Size([256]), torch.Size([64, 256, 1, 1]), torch.Size([64]), torch.Size([64, 64, 3, 3]), torch.Size([64]), torch.Size([256, 64, 1, 1]), torch.Size([256]), torch.Size([256]), torch.Size([128, 256, 1, 1]), torch.Size([128]), torch.Size([128, 128, 3, 3]), torch.Size([128]), torch.Size([512, 128, 1, 1]), torch.Size([512]), torch.Size([512]), torch.Size([512, 256, 1, 1]), torch.Size([512]), torch.Size([128, 512, 1, 1]), torch.Size([128]), torch.Size([128, 128, 3, 3]), torch.Size([128]), torch.Size([512, 128, 1, 1]), torch.Size([512]), torch.Size([512]), torch.Size([128, 512, 1, 1]), torch.Size([128]), torch.Size([128, 128, 3, 3]), torch.Size([128]), torch.Size([512, 128, 1, 1]), torch.Size([512]), torch.Size([512]), torch.Size([128, 512, 1, 1]), torch.Size([128]), torch.Size([128, 128, 3, 3]), torch.Size([128]), torch.Size([512, 128, 1, 1]), torch.Size([512]), torch.Size([512]), torch.Size([256, 512, 1, 1]), torch.Size([256]), torch.Size([256, 256, 3, 3]), torch.Size([256]), torch.Size([1024, 256, 1, 1]), torch.Size([1024]), torch.Size([1024]), torch.Size([1024, 512, 1, 1]), torch.Size([1024]), torch.Size([256, 1024, 1, 1]), torch.Size([256]), torch.Size([256, 256, 3, 3]), torch.Size([256]), torch.Size([1024, 256, 1, 1]), torch.Size([1024]), torch.Size([1024]), torch.Size([256, 1024, 1, 1]), torch.Size([256]), torch.Size([256, 256, 3, 3]), torch.Size([256]), torch.Size([1024, 256, 1, 1]), torch.Size([1024]), torch.Size([1024]), torch.Size([256, 1024, 1, 1]), torch.Size([256]), torch.Size([256, 256, 3, 3]), torch.Size([256]), torch.Size([1024, 256, 1, 1]), torch.Size([1024]), torch.Size([1024]), torch.Size([256, 1024, 1, 1]), torch.Size([256]), torch.Size([256, 256, 3, 3]), torch.Size([256]), torch.Size([1024, 256, 1, 1]), torch.Size([1024]), torch.Size([1024]), torch.Size([256, 1024, 1, 1]), torch.Size([256]), torch.Size([256, 256, 3, 3]), torch.Size([256]), torch.Size([1024, 256, 1, 1]), torch.Size([1024]), torch.Size([1024]), torch.Size([512, 1024, 1, 1]), torch.Size([512]), torch.Size([512, 512, 3, 3]), torch.Size([512]), torch.Size([2048, 512, 1, 1]), torch.Size([2048]), torch.Size([2048]), torch.Size([2048, 1024, 1, 1]), torch.Size([2048]), torch.Size([512, 2048, 1, 1]), torch.Size([512]), torch.Size([512, 512, 3, 3]), torch.Size([512]), torch.Size([2048, 512, 1, 1]), torch.Size([2048]), torch.Size([2048]), torch.Size([512, 2048, 1, 1]), torch.Size([512]), torch.Size([512, 512, 3, 3]), torch.Size([512]), torch.Size([2048, 512, 1, 1]), torch.Size([2048]), torch.Size([2048]), torch.Size([10, 2048]), torch.Size([10])]
2026-08-08 20:38:03 [INFO] src.analysis.pyhessian: [PyHessian] layer3.2.conv1.weight: trace=3.3301 (9 iters)
[torch.Size([64, 3, 3, 3]), torch.Size([64]), torch.Size([64, 64, 1, 1]), torch.Size([64]), torch.Size([64, 64, 3, 3]), torch.Size([64]), torch.Size([256, 64, 1, 1]), torch.Size([256]), torch.Size([256]), torch.Size([256, 64, 1, 1]), torch.Size([256]), torch.Size([64, 256, 1, 1]), torch.Size([64]), torch.Size([64, 64, 3, 3]), torch.Size([64]), torch.Size([256, 64, 1, 1]), torch.Size([256]), torch.Size([256]), torch.Size([64, 256, 1, 1]), torch.Size([64]), torch.Size([64, 64, 3, 3]), torch.Size([64]), torch.Size([256, 64, 1, 1]), torch.Size([256]), torch.Size([256]), torch.Size([128, 256, 1, 1]), torch.Size([128]), torch.Size([128, 128, 3, 3]), torch.Size([128]), torch.Size([512, 128, 1, 1]), torch.Size([512]), torch.Size([512]), torch.Size([512, 256, 1, 1]), torch.Size([512]), torch.Size([128, 512, 1, 1]), torch.Size([128]), torch.Size([128, 128, 3, 3]), torch.Size([128]), torch.Size([512, 128, 1, 1]), torch.Size([512]), torch.Size([512]), torch.Size([128, 512, 1, 1]), torch.Size([128]), torch.Size([128, 128, 3, 3]), torch.Size([128]), torch.Size([512, 128, 1, 1]), torch.Size([512]), torch.Size([512]), torch.Size([128, 512, 1, 1]), torch.Size([128]), torch.Size([128, 128, 3, 3]), torch.Size([128]), torch.Size([512, 128, 1, 1]), torch.Size([512]), torch.Size([512]), torch.Size([256, 512, 1, 1]), torch.Size([256]), torch.Size([256, 256, 3, 3]), torch.Size([256]), torch.Size([1024, 256, 1, 1]), torch.Size([1024]), torch.Size([1024]), torch.Size([1024, 512, 1, 1]), torch.Size([1024]), torch.Size([256, 1024, 1, 1]), torch.Size([256]), torch.Size([256, 256, 3, 3]), torch.Size([256]), torch.Size([1024, 256, 1, 1]), torch.Size([1024]), torch.Size([1024]), torch.Size([256, 1024, 1, 1]), torch.Size([256]), torch.Size([256, 256, 3, 3]), torch.Size([256]), torch.Size([1024, 256, 1, 1]), torch.Size([1024]), torch.Size([1024]), torch.Size([256, 1024, 1, 1]), torch.Size([256]), torch.Size([256, 256, 3, 3]), torch.Size([256]), torch.Size([1024, 256, 1, 1]), torch.Size([1024]), torch.Size([1024]), torch.Size([256, 1024, 1, 1]), torch.Size([256]), torch.Size([256, 256, 3, 3]), torch.Size([256]), torch.Size([1024, 256, 1, 1]), torch.Size([1024]), torch.Size([1024]), torch.Size([256, 1024, 1, 1]), torch.Size([256]), torch.Size([256, 256, 3, 3]), torch.Size([256]), torch.Size([1024, 256, 1, 1]), torch.Size([1024]), torch.Size([1024]), torch.Size([512, 1024, 1, 1]), torch.Size([512]), torch.Size([512, 512, 3, 3]), torch.Size([512]), torch.Size([2048, 512, 1, 1]), torch.Size([2048]), torch.Size([2048]), torch.Size([2048, 1024, 1, 1]), torch.Size([2048]), torch.Size([512, 2048, 1, 1]), torch.Size([512]), torch.Size([512, 512, 3, 3]), torch.Size([512]), torch.Size([2048, 512, 1, 1]), torch.Size([2048]), torch.Size([2048]), torch.Size([512, 2048, 1, 1]), torch.Size([512]), torch.Size([512, 512, 3, 3]), torch.Size([512]), torch.Size([2048, 512, 1, 1]), torch.Size([2048]), torch.Size([2048]), torch.Size([10, 2048]), torch.Size([10])]
2026-08-08 20:38:04 [INFO] src.analysis.pyhessian: [PyHessian] layer3.2.conv2.weight: trace=1.4728 (63 iters)
[torch.Size([64, 3, 3, 3]), torch.Size([64]), torch.Size([64, 64, 1, 1]), torch.Size([64]), torch.Size([64, 64, 3, 3]), torch.Size([64]), torch.Size([256, 64, 1, 1]), torch.Size([256]), torch.Size([256]), torch.Size([256, 64, 1, 1]), torch.Size([256]), torch.Size([64, 256, 1, 1]), torch.Size([64]), torch.Size([64, 64, 3, 3]), torch.Size([64]), torch.Size([256, 64, 1, 1]), torch.Size([256]), torch.Size([256]), torch.Size([64, 256, 1, 1]), torch.Size([64]), torch.Size([64, 64, 3, 3]), torch.Size([64]), torch.Size([256, 64, 1, 1]), torch.Size([256]), torch.Size([256]), torch.Size([128, 256, 1, 1]), torch.Size([128]), torch.Size([128, 128, 3, 3]), torch.Size([128]), torch.Size([512, 128, 1, 1]), torch.Size([512]), torch.Size([512]), torch.Size([512, 256, 1, 1]), torch.Size([512]), torch.Size([128, 512, 1, 1]), torch.Size([128]), torch.Size([128, 128, 3, 3]), torch.Size([128]), torch.Size([512, 128, 1, 1]), torch.Size([512]), torch.Size([512]), torch.Size([128, 512, 1, 1]), torch.Size([128]), torch.Size([128, 128, 3, 3]), torch.Size([128]), torch.Size([512, 128, 1, 1]), torch.Size([512]), torch.Size([512]), torch.Size([128, 512, 1, 1]), torch.Size([128]), torch.Size([128, 128, 3, 3]), torch.Size([128]), torch.Size([512, 128, 1, 1]), torch.Size([512]), torch.Size([512]), torch.Size([256, 512, 1, 1]), torch.Size([256]), torch.Size([256, 256, 3, 3]), torch.Size([256]), torch.Size([1024, 256, 1, 1]), torch.Size([1024]), torch.Size([1024]), torch.Size([1024, 512, 1, 1]), torch.Size([1024]), torch.Size([256, 1024, 1, 1]), torch.Size([256]), torch.Size([256, 256, 3, 3]), torch.Size([256]), torch.Size([1024, 256, 1, 1]), torch.Size([1024]), torch.Size([1024]), torch.Size([256, 1024, 1, 1]), torch.Size([256]), torch.Size([256, 256, 3, 3]), torch.Size([256]), torch.Size([1024, 256, 1, 1]), torch.Size([1024]), torch.Size([1024]), torch.Size([256, 1024, 1, 1]), torch.Size([256]), torch.Size([256, 256, 3, 3]), torch.Size([256]), torch.Size([1024, 256, 1, 1]), torch.Size([1024]), torch.Size([1024]), torch.Size([256, 1024, 1, 1]), torch.Size([256]), torch.Size([256, 256, 3, 3]), torch.Size([256]), torch.Size([1024, 256, 1, 1]), torch.Size([1024]), torch.Size([1024]), torch.Size([256, 1024, 1, 1]), torch.Size([256]), torch.Size([256, 256, 3, 3]), torch.Size([256]), torch.Size([1024, 256, 1, 1]), torch.Size([1024]), torch.Size([1024]), torch.Size([512, 1024, 1, 1]), torch.Size([512]), torch.Size([512, 512, 3, 3]), torch.Size([512]), torch.Size([2048, 512, 1, 1]), torch.Size([2048]), torch.Size([2048]), torch.Size([2048, 1024, 1, 1]), torch.Size([2048]), torch.Size([512, 2048, 1, 1]), torch.Size([512]), torch.Size([512, 512, 3, 3]), torch.Size([512]), torch.Size([2048, 512, 1, 1]), torch.Size([2048]), torch.Size([2048]), torch.Size([512, 2048, 1, 1]), torch.Size([512]), torch.Size([512, 512, 3, 3]), torch.Size([512]), torch.Size([2048, 512, 1, 1]), torch.Size([2048]), torch.Size([2048]), torch.Size([10, 2048]), torch.Size([10])]
2026-08-08 20:38:05 [INFO] src.analysis.pyhessian: [PyHessian] layer3.2.conv3.weight: trace=4.8978 (41 iters)
[torch.Size([64, 3, 3, 3]), torch.Size([64]), torch.Size([64, 64, 1, 1]), torch.Size([64]), torch.Size([64, 64, 3, 3]), torch.Size([64]), torch.Size([256, 64, 1, 1]), torch.Size([256]), torch.Size([256]), torch.Size([256, 64, 1, 1]), torch.Size([256]), torch.Size([64, 256, 1, 1]), torch.Size([64]), torch.Size([64, 64, 3, 3]), torch.Size([64]), torch.Size([256, 64, 1, 1]), torch.Size([256]), torch.Size([256]), torch.Size([64, 256, 1, 1]), torch.Size([64]), torch.Size([64, 64, 3, 3]), torch.Size([64]), torch.Size([256, 64, 1, 1]), torch.Size([256]), torch.Size([256]), torch.Size([128, 256, 1, 1]), torch.Size([128]), torch.Size([128, 128, 3, 3]), torch.Size([128]), torch.Size([512, 128, 1, 1]), torch.Size([512]), torch.Size([512]), torch.Size([512, 256, 1, 1]), torch.Size([512]), torch.Size([128, 512, 1, 1]), torch.Size([128]), torch.Size([128, 128, 3, 3]), torch.Size([128]), torch.Size([512, 128, 1, 1]), torch.Size([512]), torch.Size([512]), torch.Size([128, 512, 1, 1]), torch.Size([128]), torch.Size([128, 128, 3, 3]), torch.Size([128]), torch.Size([512, 128, 1, 1]), torch.Size([512]), torch.Size([512]), torch.Size([128, 512, 1, 1]), torch.Size([128]), torch.Size([128, 128, 3, 3]), torch.Size([128]), torch.Size([512, 128, 1, 1]), torch.Size([512]), torch.Size([512]), torch.Size([256, 512, 1, 1]), torch.Size([256]), torch.Size([256, 256, 3, 3]), torch.Size([256]), torch.Size([1024, 256, 1, 1]), torch.Size([1024]), torch.Size([1024]), torch.Size([1024, 512, 1, 1]), torch.Size([1024]), torch.Size([256, 1024, 1, 1]), torch.Size([256]), torch.Size([256, 256, 3, 3]), torch.Size([256]), torch.Size([1024, 256, 1, 1]), torch.Size([1024]), torch.Size([1024]), torch.Size([256, 1024, 1, 1]), torch.Size([256]), torch.Size([256, 256, 3, 3]), torch.Size([256]), torch.Size([1024, 256, 1, 1]), torch.Size([1024]), torch.Size([1024]), torch.Size([256, 1024, 1, 1]), torch.Size([256]), torch.Size([256, 256, 3, 3]), torch.Size([256]), torch.Size([1024, 256, 1, 1]), torch.Size([1024]), torch.Size([1024]), torch.Size([256, 1024, 1, 1]), torch.Size([256]), torch.Size([256, 256, 3, 3]), torch.Size([256]), torch.Size([1024, 256, 1, 1]), torch.Size([1024]), torch.Size([1024]), torch.Size([256, 1024, 1, 1]), torch.Size([256]), torch.Size([256, 256, 3, 3]), torch.Size([256]), torch.Size([1024, 256, 1, 1]), torch.Size([1024]), torch.Size([1024]), torch.Size([512, 1024, 1, 1]), torch.Size([512]), torch.Size([512, 512, 3, 3]), torch.Size([512]), torch.Size([2048, 512, 1, 1]), torch.Size([2048]), torch.Size([2048]), torch.Size([2048, 1024, 1, 1]), torch.Size([2048]), torch.Size([512, 2048, 1, 1]), torch.Size([512]), torch.Size([512, 512, 3, 3]), torch.Size([512]), torch.Size([2048, 512, 1, 1]), torch.Size([2048]), torch.Size([2048]), torch.Size([512, 2048, 1, 1]), torch.Size([512]), torch.Size([512, 512, 3, 3]), torch.Size([512]), torch.Size([2048, 512, 1, 1]), torch.Size([2048]), torch.Size([2048]), torch.Size([10, 2048]), torch.Size([10])]
2026-08-08 20:38:06 [INFO] src.analysis.pyhessian: [PyHessian] layer3.3.conv1.weight: trace=4.6705 (15 iters)
[torch.Size([64, 3, 3, 3]), torch.Size([64]), torch.Size([64, 64, 1, 1]), torch.Size([64]), torch.Size([64, 64, 3, 3]), torch.Size([64]), torch.Size([256, 64, 1, 1]), torch.Size([256]), torch.Size([256]), torch.Size([256, 64, 1, 1]), torch.Size([256]), torch.Size([64, 256, 1, 1]), torch.Size([64]), torch.Size([64, 64, 3, 3]), torch.Size([64]), torch.Size([256, 64, 1, 1]), torch.Size([256]), torch.Size([256]), torch.Size([64, 256, 1, 1]), torch.Size([64]), torch.Size([64, 64, 3, 3]), torch.Size([64]), torch.Size([256, 64, 1, 1]), torch.Size([256]), torch.Size([256]), torch.Size([128, 256, 1, 1]), torch.Size([128]), torch.Size([128, 128, 3, 3]), torch.Size([128]), torch.Size([512, 128, 1, 1]), torch.Size([512]), torch.Size([512]), torch.Size([512, 256, 1, 1]), torch.Size([512]), torch.Size([128, 512, 1, 1]), torch.Size([128]), torch.Size([128, 128, 3, 3]), torch.Size([128]), torch.Size([512, 128, 1, 1]), torch.Size([512]), torch.Size([512]), torch.Size([128, 512, 1, 1]), torch.Size([128]), torch.Size([128, 128, 3, 3]), torch.Size([128]), torch.Size([512, 128, 1, 1]), torch.Size([512]), torch.Size([512]), torch.Size([128, 512, 1, 1]), torch.Size([128]), torch.Size([128, 128, 3, 3]), torch.Size([128]), torch.Size([512, 128, 1, 1]), torch.Size([512]), torch.Size([512]), torch.Size([256, 512, 1, 1]), torch.Size([256]), torch.Size([256, 256, 3, 3]), torch.Size([256]), torch.Size([1024, 256, 1, 1]), torch.Size([1024]), torch.Size([1024]), torch.Size([1024, 512, 1, 1]), torch.Size([1024]), torch.Size([256, 1024, 1, 1]), torch.Size([256]), torch.Size([256, 256, 3, 3]), torch.Size([256]), torch.Size([1024, 256, 1, 1]), torch.Size([1024]), torch.Size([1024]), torch.Size([256, 1024, 1, 1]), torch.Size([256]), torch.Size([256, 256, 3, 3]), torch.Size([256]), torch.Size([1024, 256, 1, 1]), torch.Size([1024]), torch.Size([1024]), torch.Size([256, 1024, 1, 1]), torch.Size([256]), torch.Size([256, 256, 3, 3]), torch.Size([256]), torch.Size([1024, 256, 1, 1]), torch.Size([1024]), torch.Size([1024]), torch.Size([256, 1024, 1, 1]), torch.Size([256]), torch.Size([256, 256, 3, 3]), torch.Size([256]), torch.Size([1024, 256, 1, 1]), torch.Size([1024]), torch.Size([1024]), torch.Size([256, 1024, 1, 1]), torch.Size([256]), torch.Size([256, 256, 3, 3]), torch.Size([256]), torch.Size([1024, 256, 1, 1]), torch.Size([1024]), torch.Size([1024]), torch.Size([512, 1024, 1, 1]), torch.Size([512]), torch.Size([512, 512, 3, 3]), torch.Size([512]), torch.Size([2048, 512, 1, 1]), torch.Size([2048]), torch.Size([2048]), torch.Size([2048, 1024, 1, 1]), torch.Size([2048]), torch.Size([512, 2048, 1, 1]), torch.Size([512]), torch.Size([512, 512, 3, 3]), torch.Size([512]), torch.Size([2048, 512, 1, 1]), torch.Size([2048]), torch.Size([2048]), torch.Size([512, 2048, 1, 1]), torch.Size([512]), torch.Size([512, 512, 3, 3]), torch.Size([512]), torch.Size([2048, 512, 1, 1]), torch.Size([2048]), torch.Size([2048]), torch.Size([10, 2048]), torch.Size([10])]
2026-08-08 20:38:07 [INFO] src.analysis.pyhessian: [PyHessian] layer3.3.conv2.weight: trace=0.5762 (56 iters)
[torch.Size([64, 3, 3, 3]), torch.Size([64]), torch.Size([64, 64, 1, 1]), torch.Size([64]), torch.Size([64, 64, 3, 3]), torch.Size([64]), torch.Size([256, 64, 1, 1]), torch.Size([256]), torch.Size([256]), torch.Size([256, 64, 1, 1]), torch.Size([256]), torch.Size([64, 256, 1, 1]), torch.Size([64]), torch.Size([64, 64, 3, 3]), torch.Size([64]), torch.Size([256, 64, 1, 1]), torch.Size([256]), torch.Size([256]), torch.Size([64, 256, 1, 1]), torch.Size([64]), torch.Size([64, 64, 3, 3]), torch.Size([64]), torch.Size([256, 64, 1, 1]), torch.Size([256]), torch.Size([256]), torch.Size([128, 256, 1, 1]), torch.Size([128]), torch.Size([128, 128, 3, 3]), torch.Size([128]), torch.Size([512, 128, 1, 1]), torch.Size([512]), torch.Size([512]), torch.Size([512, 256, 1, 1]), torch.Size([512]), torch.Size([128, 512, 1, 1]), torch.Size([128]), torch.Size([128, 128, 3, 3]), torch.Size([128]), torch.Size([512, 128, 1, 1]), torch.Size([512]), torch.Size([512]), torch.Size([128, 512, 1, 1]), torch.Size([128]), torch.Size([128, 128, 3, 3]), torch.Size([128]), torch.Size([512, 128, 1, 1]), torch.Size([512]), torch.Size([512]), torch.Size([128, 512, 1, 1]), torch.Size([128]), torch.Size([128, 128, 3, 3]), torch.Size([128]), torch.Size([512, 128, 1, 1]), torch.Size([512]), torch.Size([512]), torch.Size([256, 512, 1, 1]), torch.Size([256]), torch.Size([256, 256, 3, 3]), torch.Size([256]), torch.Size([1024, 256, 1, 1]), torch.Size([1024]), torch.Size([1024]), torch.Size([1024, 512, 1, 1]), torch.Size([1024]), torch.Size([256, 1024, 1, 1]), torch.Size([256]), torch.Size([256, 256, 3, 3]), torch.Size([256]), torch.Size([1024, 256, 1, 1]), torch.Size([1024]), torch.Size([1024]), torch.Size([256, 1024, 1, 1]), torch.Size([256]), torch.Size([256, 256, 3, 3]), torch.Size([256]), torch.Size([1024, 256, 1, 1]), torch.Size([1024]), torch.Size([1024]), torch.Size([256, 1024, 1, 1]), torch.Size([256]), torch.Size([256, 256, 3, 3]), torch.Size([256]), torch.Size([1024, 256, 1, 1]), torch.Size([1024]), torch.Size([1024]), torch.Size([256, 1024, 1, 1]), torch.Size([256]), torch.Size([256, 256, 3, 3]), torch.Size([256]), torch.Size([1024, 256, 1, 1]), torch.Size([1024]), torch.Size([1024]), torch.Size([256, 1024, 1, 1]), torch.Size([256]), torch.Size([256, 256, 3, 3]), torch.Size([256]), torch.Size([1024, 256, 1, 1]), torch.Size([1024]), torch.Size([1024]), torch.Size([512, 1024, 1, 1]), torch.Size([512]), torch.Size([512, 512, 3, 3]), torch.Size([512]), torch.Size([2048, 512, 1, 1]), torch.Size([2048]), torch.Size([2048]), torch.Size([2048, 1024, 1, 1]), torch.Size([2048]), torch.Size([512, 2048, 1, 1]), torch.Size([512]), torch.Size([512, 512, 3, 3]), torch.Size([512]), torch.Size([2048, 512, 1, 1]), torch.Size([2048]), torch.Size([2048]), torch.Size([512, 2048, 1, 1]), torch.Size([512]), torch.Size([512, 512, 3, 3]), torch.Size([512]), torch.Size([2048, 512, 1, 1]), torch.Size([2048]), torch.Size([2048]), torch.Size([10, 2048]), torch.Size([10])]
2026-08-08 20:38:08 [INFO] src.analysis.pyhessian: [PyHessian] layer3.3.conv3.weight: trace=3.3368 (40 iters)
[torch.Size([64, 3, 3, 3]), torch.Size([64]), torch.Size([64, 64, 1, 1]), torch.Size([64]), torch.Size([64, 64, 3, 3]), torch.Size([64]), torch.Size([256, 64, 1, 1]), torch.Size([256]), torch.Size([256]), torch.Size([256, 64, 1, 1]), torch.Size([256]), torch.Size([64, 256, 1, 1]), torch.Size([64]), torch.Size([64, 64, 3, 3]), torch.Size([64]), torch.Size([256, 64, 1, 1]), torch.Size([256]), torch.Size([256]), torch.Size([64, 256, 1, 1]), torch.Size([64]), torch.Size([64, 64, 3, 3]), torch.Size([64]), torch.Size([256, 64, 1, 1]), torch.Size([256]), torch.Size([256]), torch.Size([128, 256, 1, 1]), torch.Size([128]), torch.Size([128, 128, 3, 3]), torch.Size([128]), torch.Size([512, 128, 1, 1]), torch.Size([512]), torch.Size([512]), torch.Size([512, 256, 1, 1]), torch.Size([512]), torch.Size([128, 512, 1, 1]), torch.Size([128]), torch.Size([128, 128, 3, 3]), torch.Size([128]), torch.Size([512, 128, 1, 1]), torch.Size([512]), torch.Size([512]), torch.Size([128, 512, 1, 1]), torch.Size([128]), torch.Size([128, 128, 3, 3]), torch.Size([128]), torch.Size([512, 128, 1, 1]), torch.Size([512]), torch.Size([512]), torch.Size([128, 512, 1, 1]), torch.Size([128]), torch.Size([128, 128, 3, 3]), torch.Size([128]), torch.Size([512, 128, 1, 1]), torch.Size([512]), torch.Size([512]), torch.Size([256, 512, 1, 1]), torch.Size([256]), torch.Size([256, 256, 3, 3]), torch.Size([256]), torch.Size([1024, 256, 1, 1]), torch.Size([1024]), torch.Size([1024]), torch.Size([1024, 512, 1, 1]), torch.Size([1024]), torch.Size([256, 1024, 1, 1]), torch.Size([256]), torch.Size([256, 256, 3, 3]), torch.Size([256]), torch.Size([1024, 256, 1, 1]), torch.Size([1024]), torch.Size([1024]), torch.Size([256, 1024, 1, 1]), torch.Size([256]), torch.Size([256, 256, 3, 3]), torch.Size([256]), torch.Size([1024, 256, 1, 1]), torch.Size([1024]), torch.Size([1024]), torch.Size([256, 1024, 1, 1]), torch.Size([256]), torch.Size([256, 256, 3, 3]), torch.Size([256]), torch.Size([1024, 256, 1, 1]), torch.Size([1024]), torch.Size([1024]), torch.Size([256, 1024, 1, 1]), torch.Size([256]), torch.Size([256, 256, 3, 3]), torch.Size([256]), torch.Size([1024, 256, 1, 1]), torch.Size([1024]), torch.Size([1024]), torch.Size([256, 1024, 1, 1]), torch.Size([256]), torch.Size([256, 256, 3, 3]), torch.Size([256]), torch.Size([1024, 256, 1, 1]), torch.Size([1024]), torch.Size([1024]), torch.Size([512, 1024, 1, 1]), torch.Size([512]), torch.Size([512, 512, 3, 3]), torch.Size([512]), torch.Size([2048, 512, 1, 1]), torch.Size([2048]), torch.Size([2048]), torch.Size([2048, 1024, 1, 1]), torch.Size([2048]), torch.Size([512, 2048, 1, 1]), torch.Size([512]), torch.Size([512, 512, 3, 3]), torch.Size([512]), torch.Size([2048, 512, 1, 1]), torch.Size([2048]), torch.Size([2048]), torch.Size([512, 2048, 1, 1]), torch.Size([512]), torch.Size([512, 512, 3, 3]), torch.Size([512]), torch.Size([2048, 512, 1, 1]), torch.Size([2048]), torch.Size([2048]), torch.Size([10, 2048]), torch.Size([10])]
2026-08-08 20:38:10 [INFO] src.analysis.pyhessian: [PyHessian] layer3.4.conv1.weight: trace=2.5091 (89 iters)
[torch.Size([64, 3, 3, 3]), torch.Size([64]), torch.Size([64, 64, 1, 1]), torch.Size([64]), torch.Size([64, 64, 3, 3]), torch.Size([64]), torch.Size([256, 64, 1, 1]), torch.Size([256]), torch.Size([256]), torch.Size([256, 64, 1, 1]), torch.Size([256]), torch.Size([64, 256, 1, 1]), torch.Size([64]), torch.Size([64, 64, 3, 3]), torch.Size([64]), torch.Size([256, 64, 1, 1]), torch.Size([256]), torch.Size([256]), torch.Size([64, 256, 1, 1]), torch.Size([64]), torch.Size([64, 64, 3, 3]), torch.Size([64]), torch.Size([256, 64, 1, 1]), torch.Size([256]), torch.Size([256]), torch.Size([128, 256, 1, 1]), torch.Size([128]), torch.Size([128, 128, 3, 3]), torch.Size([128]), torch.Size([512, 128, 1, 1]), torch.Size([512]), torch.Size([512]), torch.Size([512, 256, 1, 1]), torch.Size([512]), torch.Size([128, 512, 1, 1]), torch.Size([128]), torch.Size([128, 128, 3, 3]), torch.Size([128]), torch.Size([512, 128, 1, 1]), torch.Size([512]), torch.Size([512]), torch.Size([128, 512, 1, 1]), torch.Size([128]), torch.Size([128, 128, 3, 3]), torch.Size([128]), torch.Size([512, 128, 1, 1]), torch.Size([512]), torch.Size([512]), torch.Size([128, 512, 1, 1]), torch.Size([128]), torch.Size([128, 128, 3, 3]), torch.Size([128]), torch.Size([512, 128, 1, 1]), torch.Size([512]), torch.Size([512]), torch.Size([256, 512, 1, 1]), torch.Size([256]), torch.Size([256, 256, 3, 3]), torch.Size([256]), torch.Size([1024, 256, 1, 1]), torch.Size([1024]), torch.Size([1024]), torch.Size([1024, 512, 1, 1]), torch.Size([1024]), torch.Size([256, 1024, 1, 1]), torch.Size([256]), torch.Size([256, 256, 3, 3]), torch.Size([256]), torch.Size([1024, 256, 1, 1]), torch.Size([1024]), torch.Size([1024]), torch.Size([256, 1024, 1, 1]), torch.Size([256]), torch.Size([256, 256, 3, 3]), torch.Size([256]), torch.Size([1024, 256, 1, 1]), torch.Size([1024]), torch.Size([1024]), torch.Size([256, 1024, 1, 1]), torch.Size([256]), torch.Size([256, 256, 3, 3]), torch.Size([256]), torch.Size([1024, 256, 1, 1]), torch.Size([1024]), torch.Size([1024]), torch.Size([256, 1024, 1, 1]), torch.Size([256]), torch.Size([256, 256, 3, 3]), torch.Size([256]), torch.Size([1024, 256, 1, 1]), torch.Size([1024]), torch.Size([1024]), torch.Size([256, 1024, 1, 1]), torch.Size([256]), torch.Size([256, 256, 3, 3]), torch.Size([256]), torch.Size([1024, 256, 1, 1]), torch.Size([1024]), torch.Size([1024]), torch.Size([512, 1024, 1, 1]), torch.Size([512]), torch.Size([512, 512, 3, 3]), torch.Size([512]), torch.Size([2048, 512, 1, 1]), torch.Size([2048]), torch.Size([2048]), torch.Size([2048, 1024, 1, 1]), torch.Size([2048]), torch.Size([512, 2048, 1, 1]), torch.Size([512]), torch.Size([512, 512, 3, 3]), torch.Size([512]), torch.Size([2048, 512, 1, 1]), torch.Size([2048]), torch.Size([2048]), torch.Size([512, 2048, 1, 1]), torch.Size([512]), torch.Size([512, 512, 3, 3]), torch.Size([512]), torch.Size([2048, 512, 1, 1]), torch.Size([2048]), torch.Size([2048]), torch.Size([10, 2048]), torch.Size([10])]
2026-08-08 20:38:11 [INFO] src.analysis.pyhessian: [PyHessian] layer3.4.conv2.weight: trace=0.9709 (51 iters)
[torch.Size([64, 3, 3, 3]), torch.Size([64]), torch.Size([64, 64, 1, 1]), torch.Size([64]), torch.Size([64, 64, 3, 3]), torch.Size([64]), torch.Size([256, 64, 1, 1]), torch.Size([256]), torch.Size([256]), torch.Size([256, 64, 1, 1]), torch.Size([256]), torch.Size([64, 256, 1, 1]), torch.Size([64]), torch.Size([64, 64, 3, 3]), torch.Size([64]), torch.Size([256, 64, 1, 1]), torch.Size([256]), torch.Size([256]), torch.Size([64, 256, 1, 1]), torch.Size([64]), torch.Size([64, 64, 3, 3]), torch.Size([64]), torch.Size([256, 64, 1, 1]), torch.Size([256]), torch.Size([256]), torch.Size([128, 256, 1, 1]), torch.Size([128]), torch.Size([128, 128, 3, 3]), torch.Size([128]), torch.Size([512, 128, 1, 1]), torch.Size([512]), torch.Size([512]), torch.Size([512, 256, 1, 1]), torch.Size([512]), torch.Size([128, 512, 1, 1]), torch.Size([128]), torch.Size([128, 128, 3, 3]), torch.Size([128]), torch.Size([512, 128, 1, 1]), torch.Size([512]), torch.Size([512]), torch.Size([128, 512, 1, 1]), torch.Size([128]), torch.Size([128, 128, 3, 3]), torch.Size([128]), torch.Size([512, 128, 1, 1]), torch.Size([512]), torch.Size([512]), torch.Size([128, 512, 1, 1]), torch.Size([128]), torch.Size([128, 128, 3, 3]), torch.Size([128]), torch.Size([512, 128, 1, 1]), torch.Size([512]), torch.Size([512]), torch.Size([256, 512, 1, 1]), torch.Size([256]), torch.Size([256, 256, 3, 3]), torch.Size([256]), torch.Size([1024, 256, 1, 1]), torch.Size([1024]), torch.Size([1024]), torch.Size([1024, 512, 1, 1]), torch.Size([1024]), torch.Size([256, 1024, 1, 1]), torch.Size([256]), torch.Size([256, 256, 3, 3]), torch.Size([256]), torch.Size([1024, 256, 1, 1]), torch.Size([1024]), torch.Size([1024]), torch.Size([256, 1024, 1, 1]), torch.Size([256]), torch.Size([256, 256, 3, 3]), torch.Size([256]), torch.Size([1024, 256, 1, 1]), torch.Size([1024]), torch.Size([1024]), torch.Size([256, 1024, 1, 1]), torch.Size([256]), torch.Size([256, 256, 3, 3]), torch.Size([256]), torch.Size([1024, 256, 1, 1]), torch.Size([1024]), torch.Size([1024]), torch.Size([256, 1024, 1, 1]), torch.Size([256]), torch.Size([256, 256, 3, 3]), torch.Size([256]), torch.Size([1024, 256, 1, 1]), torch.Size([1024]), torch.Size([1024]), torch.Size([256, 1024, 1, 1]), torch.Size([256]), torch.Size([256, 256, 3, 3]), torch.Size([256]), torch.Size([1024, 256, 1, 1]), torch.Size([1024]), torch.Size([1024]), torch.Size([512, 1024, 1, 1]), torch.Size([512]), torch.Size([512, 512, 3, 3]), torch.Size([512]), torch.Size([2048, 512, 1, 1]), torch.Size([2048]), torch.Size([2048]), torch.Size([2048, 1024, 1, 1]), torch.Size([2048]), torch.Size([512, 2048, 1, 1]), torch.Size([512]), torch.Size([512, 512, 3, 3]), torch.Size([512]), torch.Size([2048, 512, 1, 1]), torch.Size([2048]), torch.Size([2048]), torch.Size([512, 2048, 1, 1]), torch.Size([512]), torch.Size([512, 512, 3, 3]), torch.Size([512]), torch.Size([2048, 512, 1, 1]), torch.Size([2048]), torch.Size([2048]), torch.Size([10, 2048]), torch.Size([10])]
2026-08-08 20:38:12 [INFO] src.analysis.pyhessian: [PyHessian] layer3.4.conv3.weight: trace=3.5513 (56 iters)
[torch.Size([64, 3, 3, 3]), torch.Size([64]), torch.Size([64, 64, 1, 1]), torch.Size([64]), torch.Size([64, 64, 3, 3]), torch.Size([64]), torch.Size([256, 64, 1, 1]), torch.Size([256]), torch.Size([256]), torch.Size([256, 64, 1, 1]), torch.Size([256]), torch.Size([64, 256, 1, 1]), torch.Size([64]), torch.Size([64, 64, 3, 3]), torch.Size([64]), torch.Size([256, 64, 1, 1]), torch.Size([256]), torch.Size([256]), torch.Size([64, 256, 1, 1]), torch.Size([64]), torch.Size([64, 64, 3, 3]), torch.Size([64]), torch.Size([256, 64, 1, 1]), torch.Size([256]), torch.Size([256]), torch.Size([128, 256, 1, 1]), torch.Size([128]), torch.Size([128, 128, 3, 3]), torch.Size([128]), torch.Size([512, 128, 1, 1]), torch.Size([512]), torch.Size([512]), torch.Size([512, 256, 1, 1]), torch.Size([512]), torch.Size([128, 512, 1, 1]), torch.Size([128]), torch.Size([128, 128, 3, 3]), torch.Size([128]), torch.Size([512, 128, 1, 1]), torch.Size([512]), torch.Size([512]), torch.Size([128, 512, 1, 1]), torch.Size([128]), torch.Size([128, 128, 3, 3]), torch.Size([128]), torch.Size([512, 128, 1, 1]), torch.Size([512]), torch.Size([512]), torch.Size([128, 512, 1, 1]), torch.Size([128]), torch.Size([128, 128, 3, 3]), torch.Size([128]), torch.Size([512, 128, 1, 1]), torch.Size([512]), torch.Size([512]), torch.Size([256, 512, 1, 1]), torch.Size([256]), torch.Size([256, 256, 3, 3]), torch.Size([256]), torch.Size([1024, 256, 1, 1]), torch.Size([1024]), torch.Size([1024]), torch.Size([1024, 512, 1, 1]), torch.Size([1024]), torch.Size([256, 1024, 1, 1]), torch.Size([256]), torch.Size([256, 256, 3, 3]), torch.Size([256]), torch.Size([1024, 256, 1, 1]), torch.Size([1024]), torch.Size([1024]), torch.Size([256, 1024, 1, 1]), torch.Size([256]), torch.Size([256, 256, 3, 3]), torch.Size([256]), torch.Size([1024, 256, 1, 1]), torch.Size([1024]), torch.Size([1024]), torch.Size([256, 1024, 1, 1]), torch.Size([256]), torch.Size([256, 256, 3, 3]), torch.Size([256]), torch.Size([1024, 256, 1, 1]), torch.Size([1024]), torch.Size([1024]), torch.Size([256, 1024, 1, 1]), torch.Size([256]), torch.Size([256, 256, 3, 3]), torch.Size([256]), torch.Size([1024, 256, 1, 1]), torch.Size([1024]), torch.Size([1024]), torch.Size([256, 1024, 1, 1]), torch.Size([256]), torch.Size([256, 256, 3, 3]), torch.Size([256]), torch.Size([1024, 256, 1, 1]), torch.Size([1024]), torch.Size([1024]), torch.Size([512, 1024, 1, 1]), torch.Size([512]), torch.Size([512, 512, 3, 3]), torch.Size([512]), torch.Size([2048, 512, 1, 1]), torch.Size([2048]), torch.Size([2048]), torch.Size([2048, 1024, 1, 1]), torch.Size([2048]), torch.Size([512, 2048, 1, 1]), torch.Size([512]), torch.Size([512, 512, 3, 3]), torch.Size([512]), torch.Size([2048, 512, 1, 1]), torch.Size([2048]), torch.Size([2048]), torch.Size([512, 2048, 1, 1]), torch.Size([512]), torch.Size([512, 512, 3, 3]), torch.Size([512]), torch.Size([2048, 512, 1, 1]), torch.Size([2048]), torch.Size([2048]), torch.Size([10, 2048]), torch.Size([10])]
2026-08-08 20:38:13 [INFO] src.analysis.pyhessian: [PyHessian] layer3.5.conv1.weight: trace=2.1913 (76 iters)
[torch.Size([64, 3, 3, 3]), torch.Size([64]), torch.Size([64, 64, 1, 1]), torch.Size([64]), torch.Size([64, 64, 3, 3]), torch.Size([64]), torch.Size([256, 64, 1, 1]), torch.Size([256]), torch.Size([256]), torch.Size([256, 64, 1, 1]), torch.Size([256]), torch.Size([64, 256, 1, 1]), torch.Size([64]), torch.Size([64, 64, 3, 3]), torch.Size([64]), torch.Size([256, 64, 1, 1]), torch.Size([256]), torch.Size([256]), torch.Size([64, 256, 1, 1]), torch.Size([64]), torch.Size([64, 64, 3, 3]), torch.Size([64]), torch.Size([256, 64, 1, 1]), torch.Size([256]), torch.Size([256]), torch.Size([128, 256, 1, 1]), torch.Size([128]), torch.Size([128, 128, 3, 3]), torch.Size([128]), torch.Size([512, 128, 1, 1]), torch.Size([512]), torch.Size([512]), torch.Size([512, 256, 1, 1]), torch.Size([512]), torch.Size([128, 512, 1, 1]), torch.Size([128]), torch.Size([128, 128, 3, 3]), torch.Size([128]), torch.Size([512, 128, 1, 1]), torch.Size([512]), torch.Size([512]), torch.Size([128, 512, 1, 1]), torch.Size([128]), torch.Size([128, 128, 3, 3]), torch.Size([128]), torch.Size([512, 128, 1, 1]), torch.Size([512]), torch.Size([512]), torch.Size([128, 512, 1, 1]), torch.Size([128]), torch.Size([128, 128, 3, 3]), torch.Size([128]), torch.Size([512, 128, 1, 1]), torch.Size([512]), torch.Size([512]), torch.Size([256, 512, 1, 1]), torch.Size([256]), torch.Size([256, 256, 3, 3]), torch.Size([256]), torch.Size([1024, 256, 1, 1]), torch.Size([1024]), torch.Size([1024]), torch.Size([1024, 512, 1, 1]), torch.Size([1024]), torch.Size([256, 1024, 1, 1]), torch.Size([256]), torch.Size([256, 256, 3, 3]), torch.Size([256]), torch.Size([1024, 256, 1, 1]), torch.Size([1024]), torch.Size([1024]), torch.Size([256, 1024, 1, 1]), torch.Size([256]), torch.Size([256, 256, 3, 3]), torch.Size([256]), torch.Size([1024, 256, 1, 1]), torch.Size([1024]), torch.Size([1024]), torch.Size([256, 1024, 1, 1]), torch.Size([256]), torch.Size([256, 256, 3, 3]), torch.Size([256]), torch.Size([1024, 256, 1, 1]), torch.Size([1024]), torch.Size([1024]), torch.Size([256, 1024, 1, 1]), torch.Size([256]), torch.Size([256, 256, 3, 3]), torch.Size([256]), torch.Size([1024, 256, 1, 1]), torch.Size([1024]), torch.Size([1024]), torch.Size([256, 1024, 1, 1]), torch.Size([256]), torch.Size([256, 256, 3, 3]), torch.Size([256]), torch.Size([1024, 256, 1, 1]), torch.Size([1024]), torch.Size([1024]), torch.Size([512, 1024, 1, 1]), torch.Size([512]), torch.Size([512, 512, 3, 3]), torch.Size([512]), torch.Size([2048, 512, 1, 1]), torch.Size([2048]), torch.Size([2048]), torch.Size([2048, 1024, 1, 1]), torch.Size([2048]), torch.Size([512, 2048, 1, 1]), torch.Size([512]), torch.Size([512, 512, 3, 3]), torch.Size([512]), torch.Size([2048, 512, 1, 1]), torch.Size([2048]), torch.Size([2048]), torch.Size([512, 2048, 1, 1]), torch.Size([512]), torch.Size([512, 512, 3, 3]), torch.Size([512]), torch.Size([2048, 512, 1, 1]), torch.Size([2048]), torch.Size([2048]), torch.Size([10, 2048]), torch.Size([10])]
2026-08-08 20:38:13 [INFO] src.analysis.pyhessian: [PyHessian] layer3.5.conv2.weight: trace=1.5563 (10 iters)
[torch.Size([64, 3, 3, 3]), torch.Size([64]), torch.Size([64, 64, 1, 1]), torch.Size([64]), torch.Size([64, 64, 3, 3]), torch.Size([64]), torch.Size([256, 64, 1, 1]), torch.Size([256]), torch.Size([256]), torch.Size([256, 64, 1, 1]), torch.Size([256]), torch.Size([64, 256, 1, 1]), torch.Size([64]), torch.Size([64, 64, 3, 3]), torch.Size([64]), torch.Size([256, 64, 1, 1]), torch.Size([256]), torch.Size([256]), torch.Size([64, 256, 1, 1]), torch.Size([64]), torch.Size([64, 64, 3, 3]), torch.Size([64]), torch.Size([256, 64, 1, 1]), torch.Size([256]), torch.Size([256]), torch.Size([128, 256, 1, 1]), torch.Size([128]), torch.Size([128, 128, 3, 3]), torch.Size([128]), torch.Size([512, 128, 1, 1]), torch.Size([512]), torch.Size([512]), torch.Size([512, 256, 1, 1]), torch.Size([512]), torch.Size([128, 512, 1, 1]), torch.Size([128]), torch.Size([128, 128, 3, 3]), torch.Size([128]), torch.Size([512, 128, 1, 1]), torch.Size([512]), torch.Size([512]), torch.Size([128, 512, 1, 1]), torch.Size([128]), torch.Size([128, 128, 3, 3]), torch.Size([128]), torch.Size([512, 128, 1, 1]), torch.Size([512]), torch.Size([512]), torch.Size([128, 512, 1, 1]), torch.Size([128]), torch.Size([128, 128, 3, 3]), torch.Size([128]), torch.Size([512, 128, 1, 1]), torch.Size([512]), torch.Size([512]), torch.Size([256, 512, 1, 1]), torch.Size([256]), torch.Size([256, 256, 3, 3]), torch.Size([256]), torch.Size([1024, 256, 1, 1]), torch.Size([1024]), torch.Size([1024]), torch.Size([1024, 512, 1, 1]), torch.Size([1024]), torch.Size([256, 1024, 1, 1]), torch.Size([256]), torch.Size([256, 256, 3, 3]), torch.Size([256]), torch.Size([1024, 256, 1, 1]), torch.Size([1024]), torch.Size([1024]), torch.Size([256, 1024, 1, 1]), torch.Size([256]), torch.Size([256, 256, 3, 3]), torch.Size([256]), torch.Size([1024, 256, 1, 1]), torch.Size([1024]), torch.Size([1024]), torch.Size([256, 1024, 1, 1]), torch.Size([256]), torch.Size([256, 256, 3, 3]), torch.Size([256]), torch.Size([1024, 256, 1, 1]), torch.Size([1024]), torch.Size([1024]), torch.Size([256, 1024, 1, 1]), torch.Size([256]), torch.Size([256, 256, 3, 3]), torch.Size([256]), torch.Size([1024, 256, 1, 1]), torch.Size([1024]), torch.Size([1024]), torch.Size([256, 1024, 1, 1]), torch.Size([256]), torch.Size([256, 256, 3, 3]), torch.Size([256]), torch.Size([1024, 256, 1, 1]), torch.Size([1024]), torch.Size([1024]), torch.Size([512, 1024, 1, 1]), torch.Size([512]), torch.Size([512, 512, 3, 3]), torch.Size([512]), torch.Size([2048, 512, 1, 1]), torch.Size([2048]), torch.Size([2048]), torch.Size([2048, 1024, 1, 1]), torch.Size([2048]), torch.Size([512, 2048, 1, 1]), torch.Size([512]), torch.Size([512, 512, 3, 3]), torch.Size([512]), torch.Size([2048, 512, 1, 1]), torch.Size([2048]), torch.Size([2048]), torch.Size([512, 2048, 1, 1]), torch.Size([512]), torch.Size([512, 512, 3, 3]), torch.Size([512]), torch.Size([2048, 512, 1, 1]), torch.Size([2048]), torch.Size([2048]), torch.Size([10, 2048]), torch.Size([10])]
2026-08-08 20:38:14 [INFO] src.analysis.pyhessian: [PyHessian] layer3.5.conv3.weight: trace=6.8439 (53 iters)
[torch.Size([64, 3, 3, 3]), torch.Size([64]), torch.Size([64, 64, 1, 1]), torch.Size([64]), torch.Size([64, 64, 3, 3]), torch.Size([64]), torch.Size([256, 64, 1, 1]), torch.Size([256]), torch.Size([256]), torch.Size([256, 64, 1, 1]), torch.Size([256]), torch.Size([64, 256, 1, 1]), torch.Size([64]), torch.Size([64, 64, 3, 3]), torch.Size([64]), torch.Size([256, 64, 1, 1]), torch.Size([256]), torch.Size([256]), torch.Size([64, 256, 1, 1]), torch.Size([64]), torch.Size([64, 64, 3, 3]), torch.Size([64]), torch.Size([256, 64, 1, 1]), torch.Size([256]), torch.Size([256]), torch.Size([128, 256, 1, 1]), torch.Size([128]), torch.Size([128, 128, 3, 3]), torch.Size([128]), torch.Size([512, 128, 1, 1]), torch.Size([512]), torch.Size([512]), torch.Size([512, 256, 1, 1]), torch.Size([512]), torch.Size([128, 512, 1, 1]), torch.Size([128]), torch.Size([128, 128, 3, 3]), torch.Size([128]), torch.Size([512, 128, 1, 1]), torch.Size([512]), torch.Size([512]), torch.Size([128, 512, 1, 1]), torch.Size([128]), torch.Size([128, 128, 3, 3]), torch.Size([128]), torch.Size([512, 128, 1, 1]), torch.Size([512]), torch.Size([512]), torch.Size([128, 512, 1, 1]), torch.Size([128]), torch.Size([128, 128, 3, 3]), torch.Size([128]), torch.Size([512, 128, 1, 1]), torch.Size([512]), torch.Size([512]), torch.Size([256, 512, 1, 1]), torch.Size([256]), torch.Size([256, 256, 3, 3]), torch.Size([256]), torch.Size([1024, 256, 1, 1]), torch.Size([1024]), torch.Size([1024]), torch.Size([1024, 512, 1, 1]), torch.Size([1024]), torch.Size([256, 1024, 1, 1]), torch.Size([256]), torch.Size([256, 256, 3, 3]), torch.Size([256]), torch.Size([1024, 256, 1, 1]), torch.Size([1024]), torch.Size([1024]), torch.Size([256, 1024, 1, 1]), torch.Size([256]), torch.Size([256, 256, 3, 3]), torch.Size([256]), torch.Size([1024, 256, 1, 1]), torch.Size([1024]), torch.Size([1024]), torch.Size([256, 1024, 1, 1]), torch.Size([256]), torch.Size([256, 256, 3, 3]), torch.Size([256]), torch.Size([1024, 256, 1, 1]), torch.Size([1024]), torch.Size([1024]), torch.Size([256, 1024, 1, 1]), torch.Size([256]), torch.Size([256, 256, 3, 3]), torch.Size([256]), torch.Size([1024, 256, 1, 1]), torch.Size([1024]), torch.Size([1024]), torch.Size([256, 1024, 1, 1]), torch.Size([256]), torch.Size([256, 256, 3, 3]), torch.Size([256]), torch.Size([1024, 256, 1, 1]), torch.Size([1024]), torch.Size([1024]), torch.Size([512, 1024, 1, 1]), torch.Size([512]), torch.Size([512, 512, 3, 3]), torch.Size([512]), torch.Size([2048, 512, 1, 1]), torch.Size([2048]), torch.Size([2048]), torch.Size([2048, 1024, 1, 1]), torch.Size([2048]), torch.Size([512, 2048, 1, 1]), torch.Size([512]), torch.Size([512, 512, 3, 3]), torch.Size([512]), torch.Size([2048, 512, 1, 1]), torch.Size([2048]), torch.Size([2048]), torch.Size([512, 2048, 1, 1]), torch.Size([512]), torch.Size([512, 512, 3, 3]), torch.Size([512]), torch.Size([2048, 512, 1, 1]), torch.Size([2048]), torch.Size([2048]), torch.Size([10, 2048]), torch.Size([10])]
2026-08-08 20:38:14 [INFO] src.analysis.pyhessian: [PyHessian] layer4.0.conv1.weight: trace=9.1145 (46 iters)
[torch.Size([64, 3, 3, 3]), torch.Size([64]), torch.Size([64, 64, 1, 1]), torch.Size([64]), torch.Size([64, 64, 3, 3]), torch.Size([64]), torch.Size([256, 64, 1, 1]), torch.Size([256]), torch.Size([256]), torch.Size([256, 64, 1, 1]), torch.Size([256]), torch.Size([64, 256, 1, 1]), torch.Size([64]), torch.Size([64, 64, 3, 3]), torch.Size([64]), torch.Size([256, 64, 1, 1]), torch.Size([256]), torch.Size([256]), torch.Size([64, 256, 1, 1]), torch.Size([64]), torch.Size([64, 64, 3, 3]), torch.Size([64]), torch.Size([256, 64, 1, 1]), torch.Size([256]), torch.Size([256]), torch.Size([128, 256, 1, 1]), torch.Size([128]), torch.Size([128, 128, 3, 3]), torch.Size([128]), torch.Size([512, 128, 1, 1]), torch.Size([512]), torch.Size([512]), torch.Size([512, 256, 1, 1]), torch.Size([512]), torch.Size([128, 512, 1, 1]), torch.Size([128]), torch.Size([128, 128, 3, 3]), torch.Size([128]), torch.Size([512, 128, 1, 1]), torch.Size([512]), torch.Size([512]), torch.Size([128, 512, 1, 1]), torch.Size([128]), torch.Size([128, 128, 3, 3]), torch.Size([128]), torch.Size([512, 128, 1, 1]), torch.Size([512]), torch.Size([512]), torch.Size([128, 512, 1, 1]), torch.Size([128]), torch.Size([128, 128, 3, 3]), torch.Size([128]), torch.Size([512, 128, 1, 1]), torch.Size([512]), torch.Size([512]), torch.Size([256, 512, 1, 1]), torch.Size([256]), torch.Size([256, 256, 3, 3]), torch.Size([256]), torch.Size([1024, 256, 1, 1]), torch.Size([1024]), torch.Size([1024]), torch.Size([1024, 512, 1, 1]), torch.Size([1024]), torch.Size([256, 1024, 1, 1]), torch.Size([256]), torch.Size([256, 256, 3, 3]), torch.Size([256]), torch.Size([1024, 256, 1, 1]), torch.Size([1024]), torch.Size([1024]), torch.Size([256, 1024, 1, 1]), torch.Size([256]), torch.Size([256, 256, 3, 3]), torch.Size([256]), torch.Size([1024, 256, 1, 1]), torch.Size([1024]), torch.Size([1024]), torch.Size([256, 1024, 1, 1]), torch.Size([256]), torch.Size([256, 256, 3, 3]), torch.Size([256]), torch.Size([1024, 256, 1, 1]), torch.Size([1024]), torch.Size([1024]), torch.Size([256, 1024, 1, 1]), torch.Size([256]), torch.Size([256, 256, 3, 3]), torch.Size([256]), torch.Size([1024, 256, 1, 1]), torch.Size([1024]), torch.Size([1024]), torch.Size([256, 1024, 1, 1]), torch.Size([256]), torch.Size([256, 256, 3, 3]), torch.Size([256]), torch.Size([1024, 256, 1, 1]), torch.Size([1024]), torch.Size([1024]), torch.Size([512, 1024, 1, 1]), torch.Size([512]), torch.Size([512, 512, 3, 3]), torch.Size([512]), torch.Size([2048, 512, 1, 1]), torch.Size([2048]), torch.Size([2048]), torch.Size([2048, 1024, 1, 1]), torch.Size([2048]), torch.Size([512, 2048, 1, 1]), torch.Size([512]), torch.Size([512, 512, 3, 3]), torch.Size([512]), torch.Size([2048, 512, 1, 1]), torch.Size([2048]), torch.Size([2048]), torch.Size([512, 2048, 1, 1]), torch.Size([512]), torch.Size([512, 512, 3, 3]), torch.Size([512]), torch.Size([2048, 512, 1, 1]), torch.Size([2048]), torch.Size([2048]), torch.Size([10, 2048]), torch.Size([10])]
2026-08-08 20:38:15 [INFO] src.analysis.pyhessian: [PyHessian] layer4.0.conv2.weight: trace=1.9104 (43 iters)
[torch.Size([64, 3, 3, 3]), torch.Size([64]), torch.Size([64, 64, 1, 1]), torch.Size([64]), torch.Size([64, 64, 3, 3]), torch.Size([64]), torch.Size([256, 64, 1, 1]), torch.Size([256]), torch.Size([256]), torch.Size([256, 64, 1, 1]), torch.Size([256]), torch.Size([64, 256, 1, 1]), torch.Size([64]), torch.Size([64, 64, 3, 3]), torch.Size([64]), torch.Size([256, 64, 1, 1]), torch.Size([256]), torch.Size([256]), torch.Size([64, 256, 1, 1]), torch.Size([64]), torch.Size([64, 64, 3, 3]), torch.Size([64]), torch.Size([256, 64, 1, 1]), torch.Size([256]), torch.Size([256]), torch.Size([128, 256, 1, 1]), torch.Size([128]), torch.Size([128, 128, 3, 3]), torch.Size([128]), torch.Size([512, 128, 1, 1]), torch.Size([512]), torch.Size([512]), torch.Size([512, 256, 1, 1]), torch.Size([512]), torch.Size([128, 512, 1, 1]), torch.Size([128]), torch.Size([128, 128, 3, 3]), torch.Size([128]), torch.Size([512, 128, 1, 1]), torch.Size([512]), torch.Size([512]), torch.Size([128, 512, 1, 1]), torch.Size([128]), torch.Size([128, 128, 3, 3]), torch.Size([128]), torch.Size([512, 128, 1, 1]), torch.Size([512]), torch.Size([512]), torch.Size([128, 512, 1, 1]), torch.Size([128]), torch.Size([128, 128, 3, 3]), torch.Size([128]), torch.Size([512, 128, 1, 1]), torch.Size([512]), torch.Size([512]), torch.Size([256, 512, 1, 1]), torch.Size([256]), torch.Size([256, 256, 3, 3]), torch.Size([256]), torch.Size([1024, 256, 1, 1]), torch.Size([1024]), torch.Size([1024]), torch.Size([1024, 512, 1, 1]), torch.Size([1024]), torch.Size([256, 1024, 1, 1]), torch.Size([256]), torch.Size([256, 256, 3, 3]), torch.Size([256]), torch.Size([1024, 256, 1, 1]), torch.Size([1024]), torch.Size([1024]), torch.Size([256, 1024, 1, 1]), torch.Size([256]), torch.Size([256, 256, 3, 3]), torch.Size([256]), torch.Size([1024, 256, 1, 1]), torch.Size([1024]), torch.Size([1024]), torch.Size([256, 1024, 1, 1]), torch.Size([256]), torch.Size([256, 256, 3, 3]), torch.Size([256]), torch.Size([1024, 256, 1, 1]), torch.Size([1024]), torch.Size([1024]), torch.Size([256, 1024, 1, 1]), torch.Size([256]), torch.Size([256, 256, 3, 3]), torch.Size([256]), torch.Size([1024, 256, 1, 1]), torch.Size([1024]), torch.Size([1024]), torch.Size([256, 1024, 1, 1]), torch.Size([256]), torch.Size([256, 256, 3, 3]), torch.Size([256]), torch.Size([1024, 256, 1, 1]), torch.Size([1024]), torch.Size([1024]), torch.Size([512, 1024, 1, 1]), torch.Size([512]), torch.Size([512, 512, 3, 3]), torch.Size([512]), torch.Size([2048, 512, 1, 1]), torch.Size([2048]), torch.Size([2048]), torch.Size([2048, 1024, 1, 1]), torch.Size([2048]), torch.Size([512, 2048, 1, 1]), torch.Size([512]), torch.Size([512, 512, 3, 3]), torch.Size([512]), torch.Size([2048, 512, 1, 1]), torch.Size([2048]), torch.Size([2048]), torch.Size([512, 2048, 1, 1]), torch.Size([512]), torch.Size([512, 512, 3, 3]), torch.Size([512]), torch.Size([2048, 512, 1, 1]), torch.Size([2048]), torch.Size([2048]), torch.Size([10, 2048]), torch.Size([10])]
2026-08-08 20:38:15 [INFO] src.analysis.pyhessian: [PyHessian] layer4.0.conv3.weight: trace=12.9678 (19 iters)
[torch.Size([64, 3, 3, 3]), torch.Size([64]), torch.Size([64, 64, 1, 1]), torch.Size([64]), torch.Size([64, 64, 3, 3]), torch.Size([64]), torch.Size([256, 64, 1, 1]), torch.Size([256]), torch.Size([256]), torch.Size([256, 64, 1, 1]), torch.Size([256]), torch.Size([64, 256, 1, 1]), torch.Size([64]), torch.Size([64, 64, 3, 3]), torch.Size([64]), torch.Size([256, 64, 1, 1]), torch.Size([256]), torch.Size([256]), torch.Size([64, 256, 1, 1]), torch.Size([64]), torch.Size([64, 64, 3, 3]), torch.Size([64]), torch.Size([256, 64, 1, 1]), torch.Size([256]), torch.Size([256]), torch.Size([128, 256, 1, 1]), torch.Size([128]), torch.Size([128, 128, 3, 3]), torch.Size([128]), torch.Size([512, 128, 1, 1]), torch.Size([512]), torch.Size([512]), torch.Size([512, 256, 1, 1]), torch.Size([512]), torch.Size([128, 512, 1, 1]), torch.Size([128]), torch.Size([128, 128, 3, 3]), torch.Size([128]), torch.Size([512, 128, 1, 1]), torch.Size([512]), torch.Size([512]), torch.Size([128, 512, 1, 1]), torch.Size([128]), torch.Size([128, 128, 3, 3]), torch.Size([128]), torch.Size([512, 128, 1, 1]), torch.Size([512]), torch.Size([512]), torch.Size([128, 512, 1, 1]), torch.Size([128]), torch.Size([128, 128, 3, 3]), torch.Size([128]), torch.Size([512, 128, 1, 1]), torch.Size([512]), torch.Size([512]), torch.Size([256, 512, 1, 1]), torch.Size([256]), torch.Size([256, 256, 3, 3]), torch.Size([256]), torch.Size([1024, 256, 1, 1]), torch.Size([1024]), torch.Size([1024]), torch.Size([1024, 512, 1, 1]), torch.Size([1024]), torch.Size([256, 1024, 1, 1]), torch.Size([256]), torch.Size([256, 256, 3, 3]), torch.Size([256]), torch.Size([1024, 256, 1, 1]), torch.Size([1024]), torch.Size([1024]), torch.Size([256, 1024, 1, 1]), torch.Size([256]), torch.Size([256, 256, 3, 3]), torch.Size([256]), torch.Size([1024, 256, 1, 1]), torch.Size([1024]), torch.Size([1024]), torch.Size([256, 1024, 1, 1]), torch.Size([256]), torch.Size([256, 256, 3, 3]), torch.Size([256]), torch.Size([1024, 256, 1, 1]), torch.Size([1024]), torch.Size([1024]), torch.Size([256, 1024, 1, 1]), torch.Size([256]), torch.Size([256, 256, 3, 3]), torch.Size([256]), torch.Size([1024, 256, 1, 1]), torch.Size([1024]), torch.Size([1024]), torch.Size([256, 1024, 1, 1]), torch.Size([256]), torch.Size([256, 256, 3, 3]), torch.Size([256]), torch.Size([1024, 256, 1, 1]), torch.Size([1024]), torch.Size([1024]), torch.Size([512, 1024, 1, 1]), torch.Size([512]), torch.Size([512, 512, 3, 3]), torch.Size([512]), torch.Size([2048, 512, 1, 1]), torch.Size([2048]), torch.Size([2048]), torch.Size([2048, 1024, 1, 1]), torch.Size([2048]), torch.Size([512, 2048, 1, 1]), torch.Size([512]), torch.Size([512, 512, 3, 3]), torch.Size([512]), torch.Size([2048, 512, 1, 1]), torch.Size([2048]), torch.Size([2048]), torch.Size([512, 2048, 1, 1]), torch.Size([512]), torch.Size([512, 512, 3, 3]), torch.Size([512]), torch.Size([2048, 512, 1, 1]), torch.Size([2048]), torch.Size([2048]), torch.Size([10, 2048]), torch.Size([10])]
2026-08-08 20:38:16 [INFO] src.analysis.pyhessian: [PyHessian] layer4.0.downsample.0.weight: trace=47.4008 (57 iters)
[torch.Size([64, 3, 3, 3]), torch.Size([64]), torch.Size([64, 64, 1, 1]), torch.Size([64]), torch.Size([64, 64, 3, 3]), torch.Size([64]), torch.Size([256, 64, 1, 1]), torch.Size([256]), torch.Size([256]), torch.Size([256, 64, 1, 1]), torch.Size([256]), torch.Size([64, 256, 1, 1]), torch.Size([64]), torch.Size([64, 64, 3, 3]), torch.Size([64]), torch.Size([256, 64, 1, 1]), torch.Size([256]), torch.Size([256]), torch.Size([64, 256, 1, 1]), torch.Size([64]), torch.Size([64, 64, 3, 3]), torch.Size([64]), torch.Size([256, 64, 1, 1]), torch.Size([256]), torch.Size([256]), torch.Size([128, 256, 1, 1]), torch.Size([128]), torch.Size([128, 128, 3, 3]), torch.Size([128]), torch.Size([512, 128, 1, 1]), torch.Size([512]), torch.Size([512]), torch.Size([512, 256, 1, 1]), torch.Size([512]), torch.Size([128, 512, 1, 1]), torch.Size([128]), torch.Size([128, 128, 3, 3]), torch.Size([128]), torch.Size([512, 128, 1, 1]), torch.Size([512]), torch.Size([512]), torch.Size([128, 512, 1, 1]), torch.Size([128]), torch.Size([128, 128, 3, 3]), torch.Size([128]), torch.Size([512, 128, 1, 1]), torch.Size([512]), torch.Size([512]), torch.Size([128, 512, 1, 1]), torch.Size([128]), torch.Size([128, 128, 3, 3]), torch.Size([128]), torch.Size([512, 128, 1, 1]), torch.Size([512]), torch.Size([512]), torch.Size([256, 512, 1, 1]), torch.Size([256]), torch.Size([256, 256, 3, 3]), torch.Size([256]), torch.Size([1024, 256, 1, 1]), torch.Size([1024]), torch.Size([1024]), torch.Size([1024, 512, 1, 1]), torch.Size([1024]), torch.Size([256, 1024, 1, 1]), torch.Size([256]), torch.Size([256, 256, 3, 3]), torch.Size([256]), torch.Size([1024, 256, 1, 1]), torch.Size([1024]), torch.Size([1024]), torch.Size([256, 1024, 1, 1]), torch.Size([256]), torch.Size([256, 256, 3, 3]), torch.Size([256]), torch.Size([1024, 256, 1, 1]), torch.Size([1024]), torch.Size([1024]), torch.Size([256, 1024, 1, 1]), torch.Size([256]), torch.Size([256, 256, 3, 3]), torch.Size([256]), torch.Size([1024, 256, 1, 1]), torch.Size([1024]), torch.Size([1024]), torch.Size([256, 1024, 1, 1]), torch.Size([256]), torch.Size([256, 256, 3, 3]), torch.Size([256]), torch.Size([1024, 256, 1, 1]), torch.Size([1024]), torch.Size([1024]), torch.Size([256, 1024, 1, 1]), torch.Size([256]), torch.Size([256, 256, 3, 3]), torch.Size([256]), torch.Size([1024, 256, 1, 1]), torch.Size([1024]), torch.Size([1024]), torch.Size([512, 1024, 1, 1]), torch.Size([512]), torch.Size([512, 512, 3, 3]), torch.Size([512]), torch.Size([2048, 512, 1, 1]), torch.Size([2048]), torch.Size([2048]), torch.Size([2048, 1024, 1, 1]), torch.Size([2048]), torch.Size([512, 2048, 1, 1]), torch.Size([512]), torch.Size([512, 512, 3, 3]), torch.Size([512]), torch.Size([2048, 512, 1, 1]), torch.Size([2048]), torch.Size([2048]), torch.Size([512, 2048, 1, 1]), torch.Size([512]), torch.Size([512, 512, 3, 3]), torch.Size([512]), torch.Size([2048, 512, 1, 1]), torch.Size([2048]), torch.Size([2048]), torch.Size([10, 2048]), torch.Size([10])]
2026-08-08 20:38:16 [INFO] src.analysis.pyhessian: [PyHessian] layer4.1.conv1.weight: trace=5.6811 (26 iters)
[torch.Size([64, 3, 3, 3]), torch.Size([64]), torch.Size([64, 64, 1, 1]), torch.Size([64]), torch.Size([64, 64, 3, 3]), torch.Size([64]), torch.Size([256, 64, 1, 1]), torch.Size([256]), torch.Size([256]), torch.Size([256, 64, 1, 1]), torch.Size([256]), torch.Size([64, 256, 1, 1]), torch.Size([64]), torch.Size([64, 64, 3, 3]), torch.Size([64]), torch.Size([256, 64, 1, 1]), torch.Size([256]), torch.Size([256]), torch.Size([64, 256, 1, 1]), torch.Size([64]), torch.Size([64, 64, 3, 3]), torch.Size([64]), torch.Size([256, 64, 1, 1]), torch.Size([256]), torch.Size([256]), torch.Size([128, 256, 1, 1]), torch.Size([128]), torch.Size([128, 128, 3, 3]), torch.Size([128]), torch.Size([512, 128, 1, 1]), torch.Size([512]), torch.Size([512]), torch.Size([512, 256, 1, 1]), torch.Size([512]), torch.Size([128, 512, 1, 1]), torch.Size([128]), torch.Size([128, 128, 3, 3]), torch.Size([128]), torch.Size([512, 128, 1, 1]), torch.Size([512]), torch.Size([512]), torch.Size([128, 512, 1, 1]), torch.Size([128]), torch.Size([128, 128, 3, 3]), torch.Size([128]), torch.Size([512, 128, 1, 1]), torch.Size([512]), torch.Size([512]), torch.Size([128, 512, 1, 1]), torch.Size([128]), torch.Size([128, 128, 3, 3]), torch.Size([128]), torch.Size([512, 128, 1, 1]), torch.Size([512]), torch.Size([512]), torch.Size([256, 512, 1, 1]), torch.Size([256]), torch.Size([256, 256, 3, 3]), torch.Size([256]), torch.Size([1024, 256, 1, 1]), torch.Size([1024]), torch.Size([1024]), torch.Size([1024, 512, 1, 1]), torch.Size([1024]), torch.Size([256, 1024, 1, 1]), torch.Size([256]), torch.Size([256, 256, 3, 3]), torch.Size([256]), torch.Size([1024, 256, 1, 1]), torch.Size([1024]), torch.Size([1024]), torch.Size([256, 1024, 1, 1]), torch.Size([256]), torch.Size([256, 256, 3, 3]), torch.Size([256]), torch.Size([1024, 256, 1, 1]), torch.Size([1024]), torch.Size([1024]), torch.Size([256, 1024, 1, 1]), torch.Size([256]), torch.Size([256, 256, 3, 3]), torch.Size([256]), torch.Size([1024, 256, 1, 1]), torch.Size([1024]), torch.Size([1024]), torch.Size([256, 1024, 1, 1]), torch.Size([256]), torch.Size([256, 256, 3, 3]), torch.Size([256]), torch.Size([1024, 256, 1, 1]), torch.Size([1024]), torch.Size([1024]), torch.Size([256, 1024, 1, 1]), torch.Size([256]), torch.Size([256, 256, 3, 3]), torch.Size([256]), torch.Size([1024, 256, 1, 1]), torch.Size([1024]), torch.Size([1024]), torch.Size([512, 1024, 1, 1]), torch.Size([512]), torch.Size([512, 512, 3, 3]), torch.Size([512]), torch.Size([2048, 512, 1, 1]), torch.Size([2048]), torch.Size([2048]), torch.Size([2048, 1024, 1, 1]), torch.Size([2048]), torch.Size([512, 2048, 1, 1]), torch.Size([512]), torch.Size([512, 512, 3, 3]), torch.Size([512]), torch.Size([2048, 512, 1, 1]), torch.Size([2048]), torch.Size([2048]), torch.Size([512, 2048, 1, 1]), torch.Size([512]), torch.Size([512, 512, 3, 3]), torch.Size([512]), torch.Size([2048, 512, 1, 1]), torch.Size([2048]), torch.Size([2048]), torch.Size([10, 2048]), torch.Size([10])]
2026-08-08 20:38:17 [INFO] src.analysis.pyhessian: [PyHessian] layer4.1.conv2.weight: trace=61.7623 (24 iters)
[torch.Size([64, 3, 3, 3]), torch.Size([64]), torch.Size([64, 64, 1, 1]), torch.Size([64]), torch.Size([64, 64, 3, 3]), torch.Size([64]), torch.Size([256, 64, 1, 1]), torch.Size([256]), torch.Size([256]), torch.Size([256, 64, 1, 1]), torch.Size([256]), torch.Size([64, 256, 1, 1]), torch.Size([64]), torch.Size([64, 64, 3, 3]), torch.Size([64]), torch.Size([256, 64, 1, 1]), torch.Size([256]), torch.Size([256]), torch.Size([64, 256, 1, 1]), torch.Size([64]), torch.Size([64, 64, 3, 3]), torch.Size([64]), torch.Size([256, 64, 1, 1]), torch.Size([256]), torch.Size([256]), torch.Size([128, 256, 1, 1]), torch.Size([128]), torch.Size([128, 128, 3, 3]), torch.Size([128]), torch.Size([512, 128, 1, 1]), torch.Size([512]), torch.Size([512]), torch.Size([512, 256, 1, 1]), torch.Size([512]), torch.Size([128, 512, 1, 1]), torch.Size([128]), torch.Size([128, 128, 3, 3]), torch.Size([128]), torch.Size([512, 128, 1, 1]), torch.Size([512]), torch.Size([512]), torch.Size([128, 512, 1, 1]), torch.Size([128]), torch.Size([128, 128, 3, 3]), torch.Size([128]), torch.Size([512, 128, 1, 1]), torch.Size([512]), torch.Size([512]), torch.Size([128, 512, 1, 1]), torch.Size([128]), torch.Size([128, 128, 3, 3]), torch.Size([128]), torch.Size([512, 128, 1, 1]), torch.Size([512]), torch.Size([512]), torch.Size([256, 512, 1, 1]), torch.Size([256]), torch.Size([256, 256, 3, 3]), torch.Size([256]), torch.Size([1024, 256, 1, 1]), torch.Size([1024]), torch.Size([1024]), torch.Size([1024, 512, 1, 1]), torch.Size([1024]), torch.Size([256, 1024, 1, 1]), torch.Size([256]), torch.Size([256, 256, 3, 3]), torch.Size([256]), torch.Size([1024, 256, 1, 1]), torch.Size([1024]), torch.Size([1024]), torch.Size([256, 1024, 1, 1]), torch.Size([256]), torch.Size([256, 256, 3, 3]), torch.Size([256]), torch.Size([1024, 256, 1, 1]), torch.Size([1024]), torch.Size([1024]), torch.Size([256, 1024, 1, 1]), torch.Size([256]), torch.Size([256, 256, 3, 3]), torch.Size([256]), torch.Size([1024, 256, 1, 1]), torch.Size([1024]), torch.Size([1024]), torch.Size([256, 1024, 1, 1]), torch.Size([256]), torch.Size([256, 256, 3, 3]), torch.Size([256]), torch.Size([1024, 256, 1, 1]), torch.Size([1024]), torch.Size([1024]), torch.Size([256, 1024, 1, 1]), torch.Size([256]), torch.Size([256, 256, 3, 3]), torch.Size([256]), torch.Size([1024, 256, 1, 1]), torch.Size([1024]), torch.Size([1024]), torch.Size([512, 1024, 1, 1]), torch.Size([512]), torch.Size([512, 512, 3, 3]), torch.Size([512]), torch.Size([2048, 512, 1, 1]), torch.Size([2048]), torch.Size([2048]), torch.Size([2048, 1024, 1, 1]), torch.Size([2048]), torch.Size([512, 2048, 1, 1]), torch.Size([512]), torch.Size([512, 512, 3, 3]), torch.Size([512]), torch.Size([2048, 512, 1, 1]), torch.Size([2048]), torch.Size([2048]), torch.Size([512, 2048, 1, 1]), torch.Size([512]), torch.Size([512, 512, 3, 3]), torch.Size([512]), torch.Size([2048, 512, 1, 1]), torch.Size([2048]), torch.Size([2048]), torch.Size([10, 2048]), torch.Size([10])]
2026-08-08 20:38:17 [INFO] src.analysis.pyhessian: [PyHessian] layer4.1.conv3.weight: trace=82.5131 (20 iters)
[torch.Size([64, 3, 3, 3]), torch.Size([64]), torch.Size([64, 64, 1, 1]), torch.Size([64]), torch.Size([64, 64, 3, 3]), torch.Size([64]), torch.Size([256, 64, 1, 1]), torch.Size([256]), torch.Size([256]), torch.Size([256, 64, 1, 1]), torch.Size([256]), torch.Size([64, 256, 1, 1]), torch.Size([64]), torch.Size([64, 64, 3, 3]), torch.Size([64]), torch.Size([256, 64, 1, 1]), torch.Size([256]), torch.Size([256]), torch.Size([64, 256, 1, 1]), torch.Size([64]), torch.Size([64, 64, 3, 3]), torch.Size([64]), torch.Size([256, 64, 1, 1]), torch.Size([256]), torch.Size([256]), torch.Size([128, 256, 1, 1]), torch.Size([128]), torch.Size([128, 128, 3, 3]), torch.Size([128]), torch.Size([512, 128, 1, 1]), torch.Size([512]), torch.Size([512]), torch.Size([512, 256, 1, 1]), torch.Size([512]), torch.Size([128, 512, 1, 1]), torch.Size([128]), torch.Size([128, 128, 3, 3]), torch.Size([128]), torch.Size([512, 128, 1, 1]), torch.Size([512]), torch.Size([512]), torch.Size([128, 512, 1, 1]), torch.Size([128]), torch.Size([128, 128, 3, 3]), torch.Size([128]), torch.Size([512, 128, 1, 1]), torch.Size([512]), torch.Size([512]), torch.Size([128, 512, 1, 1]), torch.Size([128]), torch.Size([128, 128, 3, 3]), torch.Size([128]), torch.Size([512, 128, 1, 1]), torch.Size([512]), torch.Size([512]), torch.Size([256, 512, 1, 1]), torch.Size([256]), torch.Size([256, 256, 3, 3]), torch.Size([256]), torch.Size([1024, 256, 1, 1]), torch.Size([1024]), torch.Size([1024]), torch.Size([1024, 512, 1, 1]), torch.Size([1024]), torch.Size([256, 1024, 1, 1]), torch.Size([256]), torch.Size([256, 256, 3, 3]), torch.Size([256]), torch.Size([1024, 256, 1, 1]), torch.Size([1024]), torch.Size([1024]), torch.Size([256, 1024, 1, 1]), torch.Size([256]), torch.Size([256, 256, 3, 3]), torch.Size([256]), torch.Size([1024, 256, 1, 1]), torch.Size([1024]), torch.Size([1024]), torch.Size([256, 1024, 1, 1]), torch.Size([256]), torch.Size([256, 256, 3, 3]), torch.Size([256]), torch.Size([1024, 256, 1, 1]), torch.Size([1024]), torch.Size([1024]), torch.Size([256, 1024, 1, 1]), torch.Size([256]), torch.Size([256, 256, 3, 3]), torch.Size([256]), torch.Size([1024, 256, 1, 1]), torch.Size([1024]), torch.Size([1024]), torch.Size([256, 1024, 1, 1]), torch.Size([256]), torch.Size([256, 256, 3, 3]), torch.Size([256]), torch.Size([1024, 256, 1, 1]), torch.Size([1024]), torch.Size([1024]), torch.Size([512, 1024, 1, 1]), torch.Size([512]), torch.Size([512, 512, 3, 3]), torch.Size([512]), torch.Size([2048, 512, 1, 1]), torch.Size([2048]), torch.Size([2048]), torch.Size([2048, 1024, 1, 1]), torch.Size([2048]), torch.Size([512, 2048, 1, 1]), torch.Size([512]), torch.Size([512, 512, 3, 3]), torch.Size([512]), torch.Size([2048, 512, 1, 1]), torch.Size([2048]), torch.Size([2048]), torch.Size([512, 2048, 1, 1]), torch.Size([512]), torch.Size([512, 512, 3, 3]), torch.Size([512]), torch.Size([2048, 512, 1, 1]), torch.Size([2048]), torch.Size([2048]), torch.Size([10, 2048]), torch.Size([10])]
2026-08-08 20:38:17 [INFO] src.analysis.pyhessian: [PyHessian] layer4.2.conv1.weight: trace=1.0112 (25 iters)
[torch.Size([64, 3, 3, 3]), torch.Size([64]), torch.Size([64, 64, 1, 1]), torch.Size([64]), torch.Size([64, 64, 3, 3]), torch.Size([64]), torch.Size([256, 64, 1, 1]), torch.Size([256]), torch.Size([256]), torch.Size([256, 64, 1, 1]), torch.Size([256]), torch.Size([64, 256, 1, 1]), torch.Size([64]), torch.Size([64, 64, 3, 3]), torch.Size([64]), torch.Size([256, 64, 1, 1]), torch.Size([256]), torch.Size([256]), torch.Size([64, 256, 1, 1]), torch.Size([64]), torch.Size([64, 64, 3, 3]), torch.Size([64]), torch.Size([256, 64, 1, 1]), torch.Size([256]), torch.Size([256]), torch.Size([128, 256, 1, 1]), torch.Size([128]), torch.Size([128, 128, 3, 3]), torch.Size([128]), torch.Size([512, 128, 1, 1]), torch.Size([512]), torch.Size([512]), torch.Size([512, 256, 1, 1]), torch.Size([512]), torch.Size([128, 512, 1, 1]), torch.Size([128]), torch.Size([128, 128, 3, 3]), torch.Size([128]), torch.Size([512, 128, 1, 1]), torch.Size([512]), torch.Size([512]), torch.Size([128, 512, 1, 1]), torch.Size([128]), torch.Size([128, 128, 3, 3]), torch.Size([128]), torch.Size([512, 128, 1, 1]), torch.Size([512]), torch.Size([512]), torch.Size([128, 512, 1, 1]), torch.Size([128]), torch.Size([128, 128, 3, 3]), torch.Size([128]), torch.Size([512, 128, 1, 1]), torch.Size([512]), torch.Size([512]), torch.Size([256, 512, 1, 1]), torch.Size([256]), torch.Size([256, 256, 3, 3]), torch.Size([256]), torch.Size([1024, 256, 1, 1]), torch.Size([1024]), torch.Size([1024]), torch.Size([1024, 512, 1, 1]), torch.Size([1024]), torch.Size([256, 1024, 1, 1]), torch.Size([256]), torch.Size([256, 256, 3, 3]), torch.Size([256]), torch.Size([1024, 256, 1, 1]), torch.Size([1024]), torch.Size([1024]), torch.Size([256, 1024, 1, 1]), torch.Size([256]), torch.Size([256, 256, 3, 3]), torch.Size([256]), torch.Size([1024, 256, 1, 1]), torch.Size([1024]), torch.Size([1024]), torch.Size([256, 1024, 1, 1]), torch.Size([256]), torch.Size([256, 256, 3, 3]), torch.Size([256]), torch.Size([1024, 256, 1, 1]), torch.Size([1024]), torch.Size([1024]), torch.Size([256, 1024, 1, 1]), torch.Size([256]), torch.Size([256, 256, 3, 3]), torch.Size([256]), torch.Size([1024, 256, 1, 1]), torch.Size([1024]), torch.Size([1024]), torch.Size([256, 1024, 1, 1]), torch.Size([256]), torch.Size([256, 256, 3, 3]), torch.Size([256]), torch.Size([1024, 256, 1, 1]), torch.Size([1024]), torch.Size([1024]), torch.Size([512, 1024, 1, 1]), torch.Size([512]), torch.Size([512, 512, 3, 3]), torch.Size([512]), torch.Size([2048, 512, 1, 1]), torch.Size([2048]), torch.Size([2048]), torch.Size([2048, 1024, 1, 1]), torch.Size([2048]), torch.Size([512, 2048, 1, 1]), torch.Size([512]), torch.Size([512, 512, 3, 3]), torch.Size([512]), torch.Size([2048, 512, 1, 1]), torch.Size([2048]), torch.Size([2048]), torch.Size([512, 2048, 1, 1]), torch.Size([512]), torch.Size([512, 512, 3, 3]), torch.Size([512]), torch.Size([2048, 512, 1, 1]), torch.Size([2048]), torch.Size([2048]), torch.Size([10, 2048]), torch.Size([10])]
2026-08-08 20:38:17 [INFO] src.analysis.pyhessian: [PyHessian] layer4.2.conv2.weight: trace=6.8027 (33 iters)
[torch.Size([64, 3, 3, 3]), torch.Size([64]), torch.Size([64, 64, 1, 1]), torch.Size([64]), torch.Size([64, 64, 3, 3]), torch.Size([64]), torch.Size([256, 64, 1, 1]), torch.Size([256]), torch.Size([256]), torch.Size([256, 64, 1, 1]), torch.Size([256]), torch.Size([64, 256, 1, 1]), torch.Size([64]), torch.Size([64, 64, 3, 3]), torch.Size([64]), torch.Size([256, 64, 1, 1]), torch.Size([256]), torch.Size([256]), torch.Size([64, 256, 1, 1]), torch.Size([64]), torch.Size([64, 64, 3, 3]), torch.Size([64]), torch.Size([256, 64, 1, 1]), torch.Size([256]), torch.Size([256]), torch.Size([128, 256, 1, 1]), torch.Size([128]), torch.Size([128, 128, 3, 3]), torch.Size([128]), torch.Size([512, 128, 1, 1]), torch.Size([512]), torch.Size([512]), torch.Size([512, 256, 1, 1]), torch.Size([512]), torch.Size([128, 512, 1, 1]), torch.Size([128]), torch.Size([128, 128, 3, 3]), torch.Size([128]), torch.Size([512, 128, 1, 1]), torch.Size([512]), torch.Size([512]), torch.Size([128, 512, 1, 1]), torch.Size([128]), torch.Size([128, 128, 3, 3]), torch.Size([128]), torch.Size([512, 128, 1, 1]), torch.Size([512]), torch.Size([512]), torch.Size([128, 512, 1, 1]), torch.Size([128]), torch.Size([128, 128, 3, 3]), torch.Size([128]), torch.Size([512, 128, 1, 1]), torch.Size([512]), torch.Size([512]), torch.Size([256, 512, 1, 1]), torch.Size([256]), torch.Size([256, 256, 3, 3]), torch.Size([256]), torch.Size([1024, 256, 1, 1]), torch.Size([1024]), torch.Size([1024]), torch.Size([1024, 512, 1, 1]), torch.Size([1024]), torch.Size([256, 1024, 1, 1]), torch.Size([256]), torch.Size([256, 256, 3, 3]), torch.Size([256]), torch.Size([1024, 256, 1, 1]), torch.Size([1024]), torch.Size([1024]), torch.Size([256, 1024, 1, 1]), torch.Size([256]), torch.Size([256, 256, 3, 3]), torch.Size([256]), torch.Size([1024, 256, 1, 1]), torch.Size([1024]), torch.Size([1024]), torch.Size([256, 1024, 1, 1]), torch.Size([256]), torch.Size([256, 256, 3, 3]), torch.Size([256]), torch.Size([1024, 256, 1, 1]), torch.Size([1024]), torch.Size([1024]), torch.Size([256, 1024, 1, 1]), torch.Size([256]), torch.Size([256, 256, 3, 3]), torch.Size([256]), torch.Size([1024, 256, 1, 1]), torch.Size([1024]), torch.Size([1024]), torch.Size([256, 1024, 1, 1]), torch.Size([256]), torch.Size([256, 256, 3, 3]), torch.Size([256]), torch.Size([1024, 256, 1, 1]), torch.Size([1024]), torch.Size([1024]), torch.Size([512, 1024, 1, 1]), torch.Size([512]), torch.Size([512, 512, 3, 3]), torch.Size([512]), torch.Size([2048, 512, 1, 1]), torch.Size([2048]), torch.Size([2048]), torch.Size([2048, 1024, 1, 1]), torch.Size([2048]), torch.Size([512, 2048, 1, 1]), torch.Size([512]), torch.Size([512, 512, 3, 3]), torch.Size([512]), torch.Size([2048, 512, 1, 1]), torch.Size([2048]), torch.Size([2048]), torch.Size([512, 2048, 1, 1]), torch.Size([512]), torch.Size([512, 512, 3, 3]), torch.Size([512]), torch.Size([2048, 512, 1, 1]), torch.Size([2048]), torch.Size([2048]), torch.Size([10, 2048]), torch.Size([10])]
2026-08-08 20:38:18 [INFO] src.analysis.pyhessian: [PyHessian] layer4.2.conv3.weight: trace=55.8207 (29 iters)
[torch.Size([64, 3, 3, 3]), torch.Size([64]), torch.Size([64, 64, 1, 1]), torch.Size([64]), torch.Size([64, 64, 3, 3]), torch.Size([64]), torch.Size([256, 64, 1, 1]), torch.Size([256]), torch.Size([256]), torch.Size([256, 64, 1, 1]), torch.Size([256]), torch.Size([64, 256, 1, 1]), torch.Size([64]), torch.Size([64, 64, 3, 3]), torch.Size([64]), torch.Size([256, 64, 1, 1]), torch.Size([256]), torch.Size([256]), torch.Size([64, 256, 1, 1]), torch.Size([64]), torch.Size([64, 64, 3, 3]), torch.Size([64]), torch.Size([256, 64, 1, 1]), torch.Size([256]), torch.Size([256]), torch.Size([128, 256, 1, 1]), torch.Size([128]), torch.Size([128, 128, 3, 3]), torch.Size([128]), torch.Size([512, 128, 1, 1]), torch.Size([512]), torch.Size([512]), torch.Size([512, 256, 1, 1]), torch.Size([512]), torch.Size([128, 512, 1, 1]), torch.Size([128]), torch.Size([128, 128, 3, 3]), torch.Size([128]), torch.Size([512, 128, 1, 1]), torch.Size([512]), torch.Size([512]), torch.Size([128, 512, 1, 1]), torch.Size([128]), torch.Size([128, 128, 3, 3]), torch.Size([128]), torch.Size([512, 128, 1, 1]), torch.Size([512]), torch.Size([512]), torch.Size([128, 512, 1, 1]), torch.Size([128]), torch.Size([128, 128, 3, 3]), torch.Size([128]), torch.Size([512, 128, 1, 1]), torch.Size([512]), torch.Size([512]), torch.Size([256, 512, 1, 1]), torch.Size([256]), torch.Size([256, 256, 3, 3]), torch.Size([256]), torch.Size([1024, 256, 1, 1]), torch.Size([1024]), torch.Size([1024]), torch.Size([1024, 512, 1, 1]), torch.Size([1024]), torch.Size([256, 1024, 1, 1]), torch.Size([256]), torch.Size([256, 256, 3, 3]), torch.Size([256]), torch.Size([1024, 256, 1, 1]), torch.Size([1024]), torch.Size([1024]), torch.Size([256, 1024, 1, 1]), torch.Size([256]), torch.Size([256, 256, 3, 3]), torch.Size([256]), torch.Size([1024, 256, 1, 1]), torch.Size([1024]), torch.Size([1024]), torch.Size([256, 1024, 1, 1]), torch.Size([256]), torch.Size([256, 256, 3, 3]), torch.Size([256]), torch.Size([1024, 256, 1, 1]), torch.Size([1024]), torch.Size([1024]), torch.Size([256, 1024, 1, 1]), torch.Size([256]), torch.Size([256, 256, 3, 3]), torch.Size([256]), torch.Size([1024, 256, 1, 1]), torch.Size([1024]), torch.Size([1024]), torch.Size([256, 1024, 1, 1]), torch.Size([256]), torch.Size([256, 256, 3, 3]), torch.Size([256]), torch.Size([1024, 256, 1, 1]), torch.Size([1024]), torch.Size([1024]), torch.Size([512, 1024, 1, 1]), torch.Size([512]), torch.Size([512, 512, 3, 3]), torch.Size([512]), torch.Size([2048, 512, 1, 1]), torch.Size([2048]), torch.Size([2048]), torch.Size([2048, 1024, 1, 1]), torch.Size([2048]), torch.Size([512, 2048, 1, 1]), torch.Size([512]), torch.Size([512, 512, 3, 3]), torch.Size([512]), torch.Size([2048, 512, 1, 1]), torch.Size([2048]), torch.Size([2048]), torch.Size([512, 2048, 1, 1]), torch.Size([512]), torch.Size([512, 512, 3, 3]), torch.Size([512]), torch.Size([2048, 512, 1, 1]), torch.Size([2048]), torch.Size([2048]), torch.Size([10, 2048]), torch.Size([10])]
2026-08-08 20:38:18 [INFO] src.analysis.pyhessian: [PyHessian] fc.weight: trace=15.6900 (43 iters)
2026-08-08 20:38:19 [INFO] src.analysis.top_eigenvalue: [PyHessian] conv1.weight: lambda_max=120.3311
2026-08-08 20:38:19 [INFO] src.analysis.top_eigenvalue: [PyHessian] layer1.0.conv1.weight: lambda_max=8.5771
2026-08-08 20:38:20 [INFO] src.analysis.top_eigenvalue: [PyHessian] layer1.0.conv2.weight: lambda_max=17.0129
2026-08-08 20:38:20 [INFO] src.analysis.top_eigenvalue: [PyHessian] layer1.0.conv3.weight: lambda_max=4.1285
2026-08-08 20:38:21 [INFO] src.analysis.top_eigenvalue: [PyHessian] layer1.0.downsample.0.weight: lambda_max=2.8719
2026-08-08 20:38:21 [INFO] src.analysis.top_eigenvalue: [PyHessian] layer1.1.conv1.weight: lambda_max=9.8544
2026-08-08 20:38:22 [INFO] src.analysis.top_eigenvalue: [PyHessian] layer1.1.conv2.weight: lambda_max=6.2056
2026-08-08 20:38:22 [INFO] src.analysis.top_eigenvalue: [PyHessian] layer1.1.conv3.weight: lambda_max=2.3268
2026-08-08 20:38:22 [INFO] src.analysis.top_eigenvalue: [PyHessian] layer1.2.conv1.weight: lambda_max=1.7688
2026-08-08 20:38:23 [INFO] src.analysis.top_eigenvalue: [PyHessian] layer1.2.conv2.weight: lambda_max=0.9833
2026-08-08 20:38:23 [INFO] src.analysis.top_eigenvalue: [PyHessian] layer1.2.conv3.weight: lambda_max=3.2519
2026-08-08 20:38:24 [INFO] src.analysis.top_eigenvalue: [PyHessian] layer2.0.conv1.weight: lambda_max=8.5849
2026-08-08 20:38:24 [INFO] src.analysis.top_eigenvalue: [PyHessian] layer2.0.conv2.weight: lambda_max=1.6464
2026-08-08 20:38:24 [INFO] src.analysis.top_eigenvalue: [PyHessian] layer2.0.conv3.weight: lambda_max=0.9319
2026-08-08 20:38:26 [INFO] src.analysis.top_eigenvalue: [PyHessian] layer2.0.downsample.0.weight: lambda_max=0.6398
2026-08-08 20:38:26 [INFO] src.analysis.top_eigenvalue: [PyHessian] layer2.1.conv1.weight: lambda_max=1.7133
2026-08-08 20:38:27 [INFO] src.analysis.top_eigenvalue: [PyHessian] layer2.1.conv2.weight: lambda_max=0.5293
2026-08-08 20:38:27 [INFO] src.analysis.top_eigenvalue: [PyHessian] layer2.1.conv3.weight: lambda_max=0.7309
2026-08-08 20:38:27 [INFO] src.analysis.top_eigenvalue: [PyHessian] layer2.2.conv1.weight: lambda_max=1.6532
2026-08-08 20:38:28 [INFO] src.analysis.top_eigenvalue: [PyHessian] layer2.2.conv2.weight: lambda_max=0.3946
2026-08-08 20:38:28 [INFO] src.analysis.top_eigenvalue: [PyHessian] layer2.2.conv3.weight: lambda_max=0.5349
2026-08-08 20:38:28 [INFO] src.analysis.top_eigenvalue: [PyHessian] layer2.3.conv1.weight: lambda_max=1.8562
2026-08-08 20:38:29 [INFO] src.analysis.top_eigenvalue: [PyHessian] layer2.3.conv2.weight: lambda_max=0.2671
2026-08-08 20:38:29 [INFO] src.analysis.top_eigenvalue: [PyHessian] layer2.3.conv3.weight: lambda_max=0.5277
2026-08-08 20:38:29 [INFO] src.analysis.top_eigenvalue: [PyHessian] layer3.0.conv1.weight: lambda_max=1.5641
2026-08-08 20:38:30 [INFO] src.analysis.top_eigenvalue: [PyHessian] layer3.0.conv2.weight: lambda_max=0.6618
2026-08-08 20:38:30 [INFO] src.analysis.top_eigenvalue: [PyHessian] layer3.0.conv3.weight: lambda_max=0.5712
2026-08-08 20:38:31 [INFO] src.analysis.top_eigenvalue: [PyHessian] layer3.0.downsample.0.weight: lambda_max=1.0490
2026-08-08 20:38:31 [INFO] src.analysis.top_eigenvalue: [PyHessian] layer3.1.conv1.weight: lambda_max=0.8786
2026-08-08 20:38:31 [INFO] src.analysis.top_eigenvalue: [PyHessian] layer3.1.conv2.weight: lambda_max=0.3678
2026-08-08 20:38:31 [INFO] src.analysis.top_eigenvalue: [PyHessian] layer3.1.conv3.weight: lambda_max=0.8234
2026-08-08 20:38:31 [INFO] src.analysis.top_eigenvalue: [PyHessian] layer3.2.conv1.weight: lambda_max=1.8194
2026-08-08 20:38:32 [INFO] src.analysis.top_eigenvalue: [PyHessian] layer3.2.conv2.weight: lambda_max=0.4061
2026-08-08 20:38:32 [INFO] src.analysis.top_eigenvalue: [PyHessian] layer3.2.conv3.weight: lambda_max=1.3870
2026-08-08 20:38:32 [INFO] src.analysis.top_eigenvalue: [PyHessian] layer3.3.conv1.weight: lambda_max=2.4305
2026-08-08 20:38:32 [INFO] src.analysis.top_eigenvalue: [PyHessian] layer3.3.conv2.weight: lambda_max=0.2565
2026-08-08 20:38:33 [INFO] src.analysis.top_eigenvalue: [PyHessian] layer3.3.conv3.weight: lambda_max=1.1001
2026-08-08 20:38:33 [INFO] src.analysis.top_eigenvalue: [PyHessian] layer3.4.conv1.weight: lambda_max=0.7909
2026-08-08 20:38:33 [INFO] src.analysis.top_eigenvalue: [PyHessian] layer3.4.conv2.weight: lambda_max=0.1979
2026-08-08 20:38:33 [INFO] src.analysis.top_eigenvalue: [PyHessian] layer3.4.conv3.weight: lambda_max=1.0051
2026-08-08 20:38:34 [INFO] src.analysis.top_eigenvalue: [PyHessian] layer3.5.conv1.weight: lambda_max=0.6347
2026-08-08 20:38:34 [INFO] src.analysis.top_eigenvalue: [PyHessian] layer3.5.conv2.weight: lambda_max=0.2704
2026-08-08 20:38:34 [INFO] src.analysis.top_eigenvalue: [PyHessian] layer3.5.conv3.weight: lambda_max=1.2569
2026-08-08 20:38:35 [INFO] src.analysis.top_eigenvalue: [PyHessian] layer4.0.conv1.weight: lambda_max=6.2249
2026-08-08 20:38:35 [INFO] src.analysis.top_eigenvalue: [PyHessian] layer4.0.conv2.weight: lambda_max=0.6270
2026-08-08 20:38:35 [INFO] src.analysis.top_eigenvalue: [PyHessian] layer4.0.conv3.weight: lambda_max=2.5907
2026-08-08 20:38:35 [INFO] src.analysis.top_eigenvalue: [PyHessian] layer4.0.downsample.0.weight: lambda_max=19.3955
2026-08-08 20:38:36 [INFO] src.analysis.top_eigenvalue: [PyHessian] layer4.1.conv1.weight: lambda_max=1.4781
2026-08-08 20:38:36 [INFO] src.analysis.top_eigenvalue: [PyHessian] layer4.1.conv2.weight: lambda_max=11.2796
2026-08-08 20:38:36 [INFO] src.analysis.top_eigenvalue: [PyHessian] layer4.1.conv3.weight: lambda_max=23.3745
2026-08-08 20:38:36 [INFO] src.analysis.top_eigenvalue: [PyHessian] layer4.2.conv1.weight: lambda_max=0.3021
2026-08-08 20:38:36 [INFO] src.analysis.top_eigenvalue: [PyHessian] layer4.2.conv2.weight: lambda_max=3.0705
2026-08-08 20:38:36 [INFO] src.analysis.top_eigenvalue: [PyHessian] layer4.2.conv3.weight: lambda_max=19.2361
2026-08-08 20:38:37 [INFO] src.analysis.top_eigenvalue: [PyHessian] fc.weight: lambda_max=5.6160
2026-08-08 20:38:37 [INFO] __main__: Compiling PTQ model for throughput benchmarking...
2026-08-08 20:39:03 [INFO] __main__: [PTQ]  Val Acc: 20.85% | Latency: 37.18ms
2026-08-08 20:39:03 [INFO] __main__: Starting Quantization-Aware Training (QAT)...
2026-08-08 20:50:57 [INFO] __main__: Computing Hessian Trace for QAT...
[torch.Size([64, 3, 3, 3]), torch.Size([64]), torch.Size([64, 64, 1, 1]), torch.Size([64]), torch.Size([64, 64, 3, 3]), torch.Size([64]), torch.Size([256, 64, 1, 1]), torch.Size([256]), torch.Size([256]), torch.Size([256, 64, 1, 1]), torch.Size([256]), torch.Size([64, 256, 1, 1]), torch.Size([64]), torch.Size([64, 64, 3, 3]), torch.Size([64]), torch.Size([256, 64, 1, 1]), torch.Size([256]), torch.Size([256]), torch.Size([64, 256, 1, 1]), torch.Size([64]), torch.Size([64, 64, 3, 3]), torch.Size([64]), torch.Size([256, 64, 1, 1]), torch.Size([256]), torch.Size([256]), torch.Size([128, 256, 1, 1]), torch.Size([128]), torch.Size([128, 128, 3, 3]), torch.Size([128]), torch.Size([512, 128, 1, 1]), torch.Size([512]), torch.Size([512]), torch.Size([512, 256, 1, 1]), torch.Size([512]), torch.Size([128, 512, 1, 1]), torch.Size([128]), torch.Size([128, 128, 3, 3]), torch.Size([128]), torch.Size([512, 128, 1, 1]), torch.Size([512]), torch.Size([512]), torch.Size([128, 512, 1, 1]), torch.Size([128]), torch.Size([128, 128, 3, 3]), torch.Size([128]), torch.Size([512, 128, 1, 1]), torch.Size([512]), torch.Size([512]), torch.Size([128, 512, 1, 1]), torch.Size([128]), torch.Size([128, 128, 3, 3]), torch.Size([128]), torch.Size([512, 128, 1, 1]), torch.Size([512]), torch.Size([512]), torch.Size([256, 512, 1, 1]), torch.Size([256]), torch.Size([256, 256, 3, 3]), torch.Size([256]), torch.Size([1024, 256, 1, 1]), torch.Size([1024]), torch.Size([1024]), torch.Size([1024, 512, 1, 1]), torch.Size([1024]), torch.Size([256, 1024, 1, 1]), torch.Size([256]), torch.Size([256, 256, 3, 3]), torch.Size([256]), torch.Size([1024, 256, 1, 1]), torch.Size([1024]), torch.Size([1024]), torch.Size([256, 1024, 1, 1]), torch.Size([256]), torch.Size([256, 256, 3, 3]), torch.Size([256]), torch.Size([1024, 256, 1, 1]), torch.Size([1024]), torch.Size([1024]), torch.Size([256, 1024, 1, 1]), torch.Size([256]), torch.Size([256, 256, 3, 3]), torch.Size([256]), torch.Size([1024, 256, 1, 1]), torch.Size([1024]), torch.Size([1024]), torch.Size([256, 1024, 1, 1]), torch.Size([256]), torch.Size([256, 256, 3, 3]), torch.Size([256]), torch.Size([1024, 256, 1, 1]), torch.Size([1024]), torch.Size([1024]), torch.Size([256, 1024, 1, 1]), torch.Size([256]), torch.Size([256, 256, 3, 3]), torch.Size([256]), torch.Size([1024, 256, 1, 1]), torch.Size([1024]), torch.Size([1024]), torch.Size([512, 1024, 1, 1]), torch.Size([512]), torch.Size([512, 512, 3, 3]), torch.Size([512]), torch.Size([2048, 512, 1, 1]), torch.Size([2048]), torch.Size([2048]), torch.Size([2048, 1024, 1, 1]), torch.Size([2048]), torch.Size([512, 2048, 1, 1]), torch.Size([512]), torch.Size([512, 512, 3, 3]), torch.Size([512]), torch.Size([2048, 512, 1, 1]), torch.Size([2048]), torch.Size([2048]), torch.Size([512, 2048, 1, 1]), torch.Size([512]), torch.Size([512, 512, 3, 3]), torch.Size([512]), torch.Size([2048, 512, 1, 1]), torch.Size([2048]), torch.Size([2048]), torch.Size([10, 2048]), torch.Size([10])]
2026-08-08 20:50:59 [INFO] src.analysis.pyhessian: [PyHessian] conv1.weight: trace=40.7002 (12 iters)
[torch.Size([64, 3, 3, 3]), torch.Size([64]), torch.Size([64, 64, 1, 1]), torch.Size([64]), torch.Size([64, 64, 3, 3]), torch.Size([64]), torch.Size([256, 64, 1, 1]), torch.Size([256]), torch.Size([256]), torch.Size([256, 64, 1, 1]), torch.Size([256]), torch.Size([64, 256, 1, 1]), torch.Size([64]), torch.Size([64, 64, 3, 3]), torch.Size([64]), torch.Size([256, 64, 1, 1]), torch.Size([256]), torch.Size([256]), torch.Size([64, 256, 1, 1]), torch.Size([64]), torch.Size([64, 64, 3, 3]), torch.Size([64]), torch.Size([256, 64, 1, 1]), torch.Size([256]), torch.Size([256]), torch.Size([128, 256, 1, 1]), torch.Size([128]), torch.Size([128, 128, 3, 3]), torch.Size([128]), torch.Size([512, 128, 1, 1]), torch.Size([512]), torch.Size([512]), torch.Size([512, 256, 1, 1]), torch.Size([512]), torch.Size([128, 512, 1, 1]), torch.Size([128]), torch.Size([128, 128, 3, 3]), torch.Size([128]), torch.Size([512, 128, 1, 1]), torch.Size([512]), torch.Size([512]), torch.Size([128, 512, 1, 1]), torch.Size([128]), torch.Size([128, 128, 3, 3]), torch.Size([128]), torch.Size([512, 128, 1, 1]), torch.Size([512]), torch.Size([512]), torch.Size([128, 512, 1, 1]), torch.Size([128]), torch.Size([128, 128, 3, 3]), torch.Size([128]), torch.Size([512, 128, 1, 1]), torch.Size([512]), torch.Size([512]), torch.Size([256, 512, 1, 1]), torch.Size([256]), torch.Size([256, 256, 3, 3]), torch.Size([256]), torch.Size([1024, 256, 1, 1]), torch.Size([1024]), torch.Size([1024]), torch.Size([1024, 512, 1, 1]), torch.Size([1024]), torch.Size([256, 1024, 1, 1]), torch.Size([256]), torch.Size([256, 256, 3, 3]), torch.Size([256]), torch.Size([1024, 256, 1, 1]), torch.Size([1024]), torch.Size([1024]), torch.Size([256, 1024, 1, 1]), torch.Size([256]), torch.Size([256, 256, 3, 3]), torch.Size([256]), torch.Size([1024, 256, 1, 1]), torch.Size([1024]), torch.Size([1024]), torch.Size([256, 1024, 1, 1]), torch.Size([256]), torch.Size([256, 256, 3, 3]), torch.Size([256]), torch.Size([1024, 256, 1, 1]), torch.Size([1024]), torch.Size([1024]), torch.Size([256, 1024, 1, 1]), torch.Size([256]), torch.Size([256, 256, 3, 3]), torch.Size([256]), torch.Size([1024, 256, 1, 1]), torch.Size([1024]), torch.Size([1024]), torch.Size([256, 1024, 1, 1]), torch.Size([256]), torch.Size([256, 256, 3, 3]), torch.Size([256]), torch.Size([1024, 256, 1, 1]), torch.Size([1024]), torch.Size([1024]), torch.Size([512, 1024, 1, 1]), torch.Size([512]), torch.Size([512, 512, 3, 3]), torch.Size([512]), torch.Size([2048, 512, 1, 1]), torch.Size([2048]), torch.Size([2048]), torch.Size([2048, 1024, 1, 1]), torch.Size([2048]), torch.Size([512, 2048, 1, 1]), torch.Size([512]), torch.Size([512, 512, 3, 3]), torch.Size([512]), torch.Size([2048, 512, 1, 1]), torch.Size([2048]), torch.Size([2048]), torch.Size([512, 2048, 1, 1]), torch.Size([512]), torch.Size([512, 512, 3, 3]), torch.Size([512]), torch.Size([2048, 512, 1, 1]), torch.Size([2048]), torch.Size([2048]), torch.Size([10, 2048]), torch.Size([10])]
2026-08-08 20:51:03 [INFO] src.analysis.pyhessian: [PyHessian] layer1.0.conv1.weight: trace=1.0887 (49 iters)
[torch.Size([64, 3, 3, 3]), torch.Size([64]), torch.Size([64, 64, 1, 1]), torch.Size([64]), torch.Size([64, 64, 3, 3]), torch.Size([64]), torch.Size([256, 64, 1, 1]), torch.Size([256]), torch.Size([256]), torch.Size([256, 64, 1, 1]), torch.Size([256]), torch.Size([64, 256, 1, 1]), torch.Size([64]), torch.Size([64, 64, 3, 3]), torch.Size([64]), torch.Size([256, 64, 1, 1]), torch.Size([256]), torch.Size([256]), torch.Size([64, 256, 1, 1]), torch.Size([64]), torch.Size([64, 64, 3, 3]), torch.Size([64]), torch.Size([256, 64, 1, 1]), torch.Size([256]), torch.Size([256]), torch.Size([128, 256, 1, 1]), torch.Size([128]), torch.Size([128, 128, 3, 3]), torch.Size([128]), torch.Size([512, 128, 1, 1]), torch.Size([512]), torch.Size([512]), torch.Size([512, 256, 1, 1]), torch.Size([512]), torch.Size([128, 512, 1, 1]), torch.Size([128]), torch.Size([128, 128, 3, 3]), torch.Size([128]), torch.Size([512, 128, 1, 1]), torch.Size([512]), torch.Size([512]), torch.Size([128, 512, 1, 1]), torch.Size([128]), torch.Size([128, 128, 3, 3]), torch.Size([128]), torch.Size([512, 128, 1, 1]), torch.Size([512]), torch.Size([512]), torch.Size([128, 512, 1, 1]), torch.Size([128]), torch.Size([128, 128, 3, 3]), torch.Size([128]), torch.Size([512, 128, 1, 1]), torch.Size([512]), torch.Size([512]), torch.Size([256, 512, 1, 1]), torch.Size([256]), torch.Size([256, 256, 3, 3]), torch.Size([256]), torch.Size([1024, 256, 1, 1]), torch.Size([1024]), torch.Size([1024]), torch.Size([1024, 512, 1, 1]), torch.Size([1024]), torch.Size([256, 1024, 1, 1]), torch.Size([256]), torch.Size([256, 256, 3, 3]), torch.Size([256]), torch.Size([1024, 256, 1, 1]), torch.Size([1024]), torch.Size([1024]), torch.Size([256, 1024, 1, 1]), torch.Size([256]), torch.Size([256, 256, 3, 3]), torch.Size([256]), torch.Size([1024, 256, 1, 1]), torch.Size([1024]), torch.Size([1024]), torch.Size([256, 1024, 1, 1]), torch.Size([256]), torch.Size([256, 256, 3, 3]), torch.Size([256]), torch.Size([1024, 256, 1, 1]), torch.Size([1024]), torch.Size([1024]), torch.Size([256, 1024, 1, 1]), torch.Size([256]), torch.Size([256, 256, 3, 3]), torch.Size([256]), torch.Size([1024, 256, 1, 1]), torch.Size([1024]), torch.Size([1024]), torch.Size([256, 1024, 1, 1]), torch.Size([256]), torch.Size([256, 256, 3, 3]), torch.Size([256]), torch.Size([1024, 256, 1, 1]), torch.Size([1024]), torch.Size([1024]), torch.Size([512, 1024, 1, 1]), torch.Size([512]), torch.Size([512, 512, 3, 3]), torch.Size([512]), torch.Size([2048, 512, 1, 1]), torch.Size([2048]), torch.Size([2048]), torch.Size([2048, 1024, 1, 1]), torch.Size([2048]), torch.Size([512, 2048, 1, 1]), torch.Size([512]), torch.Size([512, 512, 3, 3]), torch.Size([512]), torch.Size([2048, 512, 1, 1]), torch.Size([2048]), torch.Size([2048]), torch.Size([512, 2048, 1, 1]), torch.Size([512]), torch.Size([512, 512, 3, 3]), torch.Size([512]), torch.Size([2048, 512, 1, 1]), torch.Size([2048]), torch.Size([2048]), torch.Size([10, 2048]), torch.Size([10])]
2026-08-08 20:51:06 [INFO] src.analysis.pyhessian: [PyHessian] layer1.0.conv2.weight: trace=1.9480 (38 iters)
[torch.Size([64, 3, 3, 3]), torch.Size([64]), torch.Size([64, 64, 1, 1]), torch.Size([64]), torch.Size([64, 64, 3, 3]), torch.Size([64]), torch.Size([256, 64, 1, 1]), torch.Size([256]), torch.Size([256]), torch.Size([256, 64, 1, 1]), torch.Size([256]), torch.Size([64, 256, 1, 1]), torch.Size([64]), torch.Size([64, 64, 3, 3]), torch.Size([64]), torch.Size([256, 64, 1, 1]), torch.Size([256]), torch.Size([256]), torch.Size([64, 256, 1, 1]), torch.Size([64]), torch.Size([64, 64, 3, 3]), torch.Size([64]), torch.Size([256, 64, 1, 1]), torch.Size([256]), torch.Size([256]), torch.Size([128, 256, 1, 1]), torch.Size([128]), torch.Size([128, 128, 3, 3]), torch.Size([128]), torch.Size([512, 128, 1, 1]), torch.Size([512]), torch.Size([512]), torch.Size([512, 256, 1, 1]), torch.Size([512]), torch.Size([128, 512, 1, 1]), torch.Size([128]), torch.Size([128, 128, 3, 3]), torch.Size([128]), torch.Size([512, 128, 1, 1]), torch.Size([512]), torch.Size([512]), torch.Size([128, 512, 1, 1]), torch.Size([128]), torch.Size([128, 128, 3, 3]), torch.Size([128]), torch.Size([512, 128, 1, 1]), torch.Size([512]), torch.Size([512]), torch.Size([128, 512, 1, 1]), torch.Size([128]), torch.Size([128, 128, 3, 3]), torch.Size([128]), torch.Size([512, 128, 1, 1]), torch.Size([512]), torch.Size([512]), torch.Size([256, 512, 1, 1]), torch.Size([256]), torch.Size([256, 256, 3, 3]), torch.Size([256]), torch.Size([1024, 256, 1, 1]), torch.Size([1024]), torch.Size([1024]), torch.Size([1024, 512, 1, 1]), torch.Size([1024]), torch.Size([256, 1024, 1, 1]), torch.Size([256]), torch.Size([256, 256, 3, 3]), torch.Size([256]), torch.Size([1024, 256, 1, 1]), torch.Size([1024]), torch.Size([1024]), torch.Size([256, 1024, 1, 1]), torch.Size([256]), torch.Size([256, 256, 3, 3]), torch.Size([256]), torch.Size([1024, 256, 1, 1]), torch.Size([1024]), torch.Size([1024]), torch.Size([256, 1024, 1, 1]), torch.Size([256]), torch.Size([256, 256, 3, 3]), torch.Size([256]), torch.Size([1024, 256, 1, 1]), torch.Size([1024]), torch.Size([1024]), torch.Size([256, 1024, 1, 1]), torch.Size([256]), torch.Size([256, 256, 3, 3]), torch.Size([256]), torch.Size([1024, 256, 1, 1]), torch.Size([1024]), torch.Size([1024]), torch.Size([256, 1024, 1, 1]), torch.Size([256]), torch.Size([256, 256, 3, 3]), torch.Size([256]), torch.Size([1024, 256, 1, 1]), torch.Size([1024]), torch.Size([1024]), torch.Size([512, 1024, 1, 1]), torch.Size([512]), torch.Size([512, 512, 3, 3]), torch.Size([512]), torch.Size([2048, 512, 1, 1]), torch.Size([2048]), torch.Size([2048]), torch.Size([2048, 1024, 1, 1]), torch.Size([2048]), torch.Size([512, 2048, 1, 1]), torch.Size([512]), torch.Size([512, 512, 3, 3]), torch.Size([512]), torch.Size([2048, 512, 1, 1]), torch.Size([2048]), torch.Size([2048]), torch.Size([512, 2048, 1, 1]), torch.Size([512]), torch.Size([512, 512, 3, 3]), torch.Size([512]), torch.Size([2048, 512, 1, 1]), torch.Size([2048]), torch.Size([2048]), torch.Size([10, 2048]), torch.Size([10])]
2026-08-08 20:51:08 [INFO] src.analysis.pyhessian: [PyHessian] layer1.0.conv3.weight: trace=0.8438 (22 iters)
[torch.Size([64, 3, 3, 3]), torch.Size([64]), torch.Size([64, 64, 1, 1]), torch.Size([64]), torch.Size([64, 64, 3, 3]), torch.Size([64]), torch.Size([256, 64, 1, 1]), torch.Size([256]), torch.Size([256]), torch.Size([256, 64, 1, 1]), torch.Size([256]), torch.Size([64, 256, 1, 1]), torch.Size([64]), torch.Size([64, 64, 3, 3]), torch.Size([64]), torch.Size([256, 64, 1, 1]), torch.Size([256]), torch.Size([256]), torch.Size([64, 256, 1, 1]), torch.Size([64]), torch.Size([64, 64, 3, 3]), torch.Size([64]), torch.Size([256, 64, 1, 1]), torch.Size([256]), torch.Size([256]), torch.Size([128, 256, 1, 1]), torch.Size([128]), torch.Size([128, 128, 3, 3]), torch.Size([128]), torch.Size([512, 128, 1, 1]), torch.Size([512]), torch.Size([512]), torch.Size([512, 256, 1, 1]), torch.Size([512]), torch.Size([128, 512, 1, 1]), torch.Size([128]), torch.Size([128, 128, 3, 3]), torch.Size([128]), torch.Size([512, 128, 1, 1]), torch.Size([512]), torch.Size([512]), torch.Size([128, 512, 1, 1]), torch.Size([128]), torch.Size([128, 128, 3, 3]), torch.Size([128]), torch.Size([512, 128, 1, 1]), torch.Size([512]), torch.Size([512]), torch.Size([128, 512, 1, 1]), torch.Size([128]), torch.Size([128, 128, 3, 3]), torch.Size([128]), torch.Size([512, 128, 1, 1]), torch.Size([512]), torch.Size([512]), torch.Size([256, 512, 1, 1]), torch.Size([256]), torch.Size([256, 256, 3, 3]), torch.Size([256]), torch.Size([1024, 256, 1, 1]), torch.Size([1024]), torch.Size([1024]), torch.Size([1024, 512, 1, 1]), torch.Size([1024]), torch.Size([256, 1024, 1, 1]), torch.Size([256]), torch.Size([256, 256, 3, 3]), torch.Size([256]), torch.Size([1024, 256, 1, 1]), torch.Size([1024]), torch.Size([1024]), torch.Size([256, 1024, 1, 1]), torch.Size([256]), torch.Size([256, 256, 3, 3]), torch.Size([256]), torch.Size([1024, 256, 1, 1]), torch.Size([1024]), torch.Size([1024]), torch.Size([256, 1024, 1, 1]), torch.Size([256]), torch.Size([256, 256, 3, 3]), torch.Size([256]), torch.Size([1024, 256, 1, 1]), torch.Size([1024]), torch.Size([1024]), torch.Size([256, 1024, 1, 1]), torch.Size([256]), torch.Size([256, 256, 3, 3]), torch.Size([256]), torch.Size([1024, 256, 1, 1]), torch.Size([1024]), torch.Size([1024]), torch.Size([256, 1024, 1, 1]), torch.Size([256]), torch.Size([256, 256, 3, 3]), torch.Size([256]), torch.Size([1024, 256, 1, 1]), torch.Size([1024]), torch.Size([1024]), torch.Size([512, 1024, 1, 1]), torch.Size([512]), torch.Size([512, 512, 3, 3]), torch.Size([512]), torch.Size([2048, 512, 1, 1]), torch.Size([2048]), torch.Size([2048]), torch.Size([2048, 1024, 1, 1]), torch.Size([2048]), torch.Size([512, 2048, 1, 1]), torch.Size([512]), torch.Size([512, 512, 3, 3]), torch.Size([512]), torch.Size([2048, 512, 1, 1]), torch.Size([2048]), torch.Size([2048]), torch.Size([512, 2048, 1, 1]), torch.Size([512]), torch.Size([512, 512, 3, 3]), torch.Size([512]), torch.Size([2048, 512, 1, 1]), torch.Size([2048]), torch.Size([2048]), torch.Size([10, 2048]), torch.Size([10])]
2026-08-08 20:51:11 [INFO] src.analysis.pyhessian: [PyHessian] layer1.0.downsample.0.weight: trace=4.1449 (34 iters)
[torch.Size([64, 3, 3, 3]), torch.Size([64]), torch.Size([64, 64, 1, 1]), torch.Size([64]), torch.Size([64, 64, 3, 3]), torch.Size([64]), torch.Size([256, 64, 1, 1]), torch.Size([256]), torch.Size([256]), torch.Size([256, 64, 1, 1]), torch.Size([256]), torch.Size([64, 256, 1, 1]), torch.Size([64]), torch.Size([64, 64, 3, 3]), torch.Size([64]), torch.Size([256, 64, 1, 1]), torch.Size([256]), torch.Size([256]), torch.Size([64, 256, 1, 1]), torch.Size([64]), torch.Size([64, 64, 3, 3]), torch.Size([64]), torch.Size([256, 64, 1, 1]), torch.Size([256]), torch.Size([256]), torch.Size([128, 256, 1, 1]), torch.Size([128]), torch.Size([128, 128, 3, 3]), torch.Size([128]), torch.Size([512, 128, 1, 1]), torch.Size([512]), torch.Size([512]), torch.Size([512, 256, 1, 1]), torch.Size([512]), torch.Size([128, 512, 1, 1]), torch.Size([128]), torch.Size([128, 128, 3, 3]), torch.Size([128]), torch.Size([512, 128, 1, 1]), torch.Size([512]), torch.Size([512]), torch.Size([128, 512, 1, 1]), torch.Size([128]), torch.Size([128, 128, 3, 3]), torch.Size([128]), torch.Size([512, 128, 1, 1]), torch.Size([512]), torch.Size([512]), torch.Size([128, 512, 1, 1]), torch.Size([128]), torch.Size([128, 128, 3, 3]), torch.Size([128]), torch.Size([512, 128, 1, 1]), torch.Size([512]), torch.Size([512]), torch.Size([256, 512, 1, 1]), torch.Size([256]), torch.Size([256, 256, 3, 3]), torch.Size([256]), torch.Size([1024, 256, 1, 1]), torch.Size([1024]), torch.Size([1024]), torch.Size([1024, 512, 1, 1]), torch.Size([1024]), torch.Size([256, 1024, 1, 1]), torch.Size([256]), torch.Size([256, 256, 3, 3]), torch.Size([256]), torch.Size([1024, 256, 1, 1]), torch.Size([1024]), torch.Size([1024]), torch.Size([256, 1024, 1, 1]), torch.Size([256]), torch.Size([256, 256, 3, 3]), torch.Size([256]), torch.Size([1024, 256, 1, 1]), torch.Size([1024]), torch.Size([1024]), torch.Size([256, 1024, 1, 1]), torch.Size([256]), torch.Size([256, 256, 3, 3]), torch.Size([256]), torch.Size([1024, 256, 1, 1]), torch.Size([1024]), torch.Size([1024]), torch.Size([256, 1024, 1, 1]), torch.Size([256]), torch.Size([256, 256, 3, 3]), torch.Size([256]), torch.Size([1024, 256, 1, 1]), torch.Size([1024]), torch.Size([1024]), torch.Size([256, 1024, 1, 1]), torch.Size([256]), torch.Size([256, 256, 3, 3]), torch.Size([256]), torch.Size([1024, 256, 1, 1]), torch.Size([1024]), torch.Size([1024]), torch.Size([512, 1024, 1, 1]), torch.Size([512]), torch.Size([512, 512, 3, 3]), torch.Size([512]), torch.Size([2048, 512, 1, 1]), torch.Size([2048]), torch.Size([2048]), torch.Size([2048, 1024, 1, 1]), torch.Size([2048]), torch.Size([512, 2048, 1, 1]), torch.Size([512]), torch.Size([512, 512, 3, 3]), torch.Size([512]), torch.Size([2048, 512, 1, 1]), torch.Size([2048]), torch.Size([2048]), torch.Size([512, 2048, 1, 1]), torch.Size([512]), torch.Size([512, 512, 3, 3]), torch.Size([512]), torch.Size([2048, 512, 1, 1]), torch.Size([2048]), torch.Size([2048]), torch.Size([10, 2048]), torch.Size([10])]
2026-08-08 20:51:14 [INFO] src.analysis.pyhessian: [PyHessian] layer1.1.conv1.weight: trace=2.2814 (42 iters)
[torch.Size([64, 3, 3, 3]), torch.Size([64]), torch.Size([64, 64, 1, 1]), torch.Size([64]), torch.Size([64, 64, 3, 3]), torch.Size([64]), torch.Size([256, 64, 1, 1]), torch.Size([256]), torch.Size([256]), torch.Size([256, 64, 1, 1]), torch.Size([256]), torch.Size([64, 256, 1, 1]), torch.Size([64]), torch.Size([64, 64, 3, 3]), torch.Size([64]), torch.Size([256, 64, 1, 1]), torch.Size([256]), torch.Size([256]), torch.Size([64, 256, 1, 1]), torch.Size([64]), torch.Size([64, 64, 3, 3]), torch.Size([64]), torch.Size([256, 64, 1, 1]), torch.Size([256]), torch.Size([256]), torch.Size([128, 256, 1, 1]), torch.Size([128]), torch.Size([128, 128, 3, 3]), torch.Size([128]), torch.Size([512, 128, 1, 1]), torch.Size([512]), torch.Size([512]), torch.Size([512, 256, 1, 1]), torch.Size([512]), torch.Size([128, 512, 1, 1]), torch.Size([128]), torch.Size([128, 128, 3, 3]), torch.Size([128]), torch.Size([512, 128, 1, 1]), torch.Size([512]), torch.Size([512]), torch.Size([128, 512, 1, 1]), torch.Size([128]), torch.Size([128, 128, 3, 3]), torch.Size([128]), torch.Size([512, 128, 1, 1]), torch.Size([512]), torch.Size([512]), torch.Size([128, 512, 1, 1]), torch.Size([128]), torch.Size([128, 128, 3, 3]), torch.Size([128]), torch.Size([512, 128, 1, 1]), torch.Size([512]), torch.Size([512]), torch.Size([256, 512, 1, 1]), torch.Size([256]), torch.Size([256, 256, 3, 3]), torch.Size([256]), torch.Size([1024, 256, 1, 1]), torch.Size([1024]), torch.Size([1024]), torch.Size([1024, 512, 1, 1]), torch.Size([1024]), torch.Size([256, 1024, 1, 1]), torch.Size([256]), torch.Size([256, 256, 3, 3]), torch.Size([256]), torch.Size([1024, 256, 1, 1]), torch.Size([1024]), torch.Size([1024]), torch.Size([256, 1024, 1, 1]), torch.Size([256]), torch.Size([256, 256, 3, 3]), torch.Size([256]), torch.Size([1024, 256, 1, 1]), torch.Size([1024]), torch.Size([1024]), torch.Size([256, 1024, 1, 1]), torch.Size([256]), torch.Size([256, 256, 3, 3]), torch.Size([256]), torch.Size([1024, 256, 1, 1]), torch.Size([1024]), torch.Size([1024]), torch.Size([256, 1024, 1, 1]), torch.Size([256]), torch.Size([256, 256, 3, 3]), torch.Size([256]), torch.Size([1024, 256, 1, 1]), torch.Size([1024]), torch.Size([1024]), torch.Size([256, 1024, 1, 1]), torch.Size([256]), torch.Size([256, 256, 3, 3]), torch.Size([256]), torch.Size([1024, 256, 1, 1]), torch.Size([1024]), torch.Size([1024]), torch.Size([512, 1024, 1, 1]), torch.Size([512]), torch.Size([512, 512, 3, 3]), torch.Size([512]), torch.Size([2048, 512, 1, 1]), torch.Size([2048]), torch.Size([2048]), torch.Size([2048, 1024, 1, 1]), torch.Size([2048]), torch.Size([512, 2048, 1, 1]), torch.Size([512]), torch.Size([512, 512, 3, 3]), torch.Size([512]), torch.Size([2048, 512, 1, 1]), torch.Size([2048]), torch.Size([2048]), torch.Size([512, 2048, 1, 1]), torch.Size([512]), torch.Size([512, 512, 3, 3]), torch.Size([512]), torch.Size([2048, 512, 1, 1]), torch.Size([2048]), torch.Size([2048]), torch.Size([10, 2048]), torch.Size([10])]
2026-08-08 20:51:16 [INFO] src.analysis.pyhessian: [PyHessian] layer1.1.conv2.weight: trace=3.9680 (29 iters)
[torch.Size([64, 3, 3, 3]), torch.Size([64]), torch.Size([64, 64, 1, 1]), torch.Size([64]), torch.Size([64, 64, 3, 3]), torch.Size([64]), torch.Size([256, 64, 1, 1]), torch.Size([256]), torch.Size([256]), torch.Size([256, 64, 1, 1]), torch.Size([256]), torch.Size([64, 256, 1, 1]), torch.Size([64]), torch.Size([64, 64, 3, 3]), torch.Size([64]), torch.Size([256, 64, 1, 1]), torch.Size([256]), torch.Size([256]), torch.Size([64, 256, 1, 1]), torch.Size([64]), torch.Size([64, 64, 3, 3]), torch.Size([64]), torch.Size([256, 64, 1, 1]), torch.Size([256]), torch.Size([256]), torch.Size([128, 256, 1, 1]), torch.Size([128]), torch.Size([128, 128, 3, 3]), torch.Size([128]), torch.Size([512, 128, 1, 1]), torch.Size([512]), torch.Size([512]), torch.Size([512, 256, 1, 1]), torch.Size([512]), torch.Size([128, 512, 1, 1]), torch.Size([128]), torch.Size([128, 128, 3, 3]), torch.Size([128]), torch.Size([512, 128, 1, 1]), torch.Size([512]), torch.Size([512]), torch.Size([128, 512, 1, 1]), torch.Size([128]), torch.Size([128, 128, 3, 3]), torch.Size([128]), torch.Size([512, 128, 1, 1]), torch.Size([512]), torch.Size([512]), torch.Size([128, 512, 1, 1]), torch.Size([128]), torch.Size([128, 128, 3, 3]), torch.Size([128]), torch.Size([512, 128, 1, 1]), torch.Size([512]), torch.Size([512]), torch.Size([256, 512, 1, 1]), torch.Size([256]), torch.Size([256, 256, 3, 3]), torch.Size([256]), torch.Size([1024, 256, 1, 1]), torch.Size([1024]), torch.Size([1024]), torch.Size([1024, 512, 1, 1]), torch.Size([1024]), torch.Size([256, 1024, 1, 1]), torch.Size([256]), torch.Size([256, 256, 3, 3]), torch.Size([256]), torch.Size([1024, 256, 1, 1]), torch.Size([1024]), torch.Size([1024]), torch.Size([256, 1024, 1, 1]), torch.Size([256]), torch.Size([256, 256, 3, 3]), torch.Size([256]), torch.Size([1024, 256, 1, 1]), torch.Size([1024]), torch.Size([1024]), torch.Size([256, 1024, 1, 1]), torch.Size([256]), torch.Size([256, 256, 3, 3]), torch.Size([256]), torch.Size([1024, 256, 1, 1]), torch.Size([1024]), torch.Size([1024]), torch.Size([256, 1024, 1, 1]), torch.Size([256]), torch.Size([256, 256, 3, 3]), torch.Size([256]), torch.Size([1024, 256, 1, 1]), torch.Size([1024]), torch.Size([1024]), torch.Size([256, 1024, 1, 1]), torch.Size([256]), torch.Size([256, 256, 3, 3]), torch.Size([256]), torch.Size([1024, 256, 1, 1]), torch.Size([1024]), torch.Size([1024]), torch.Size([512, 1024, 1, 1]), torch.Size([512]), torch.Size([512, 512, 3, 3]), torch.Size([512]), torch.Size([2048, 512, 1, 1]), torch.Size([2048]), torch.Size([2048]), torch.Size([2048, 1024, 1, 1]), torch.Size([2048]), torch.Size([512, 2048, 1, 1]), torch.Size([512]), torch.Size([512, 512, 3, 3]), torch.Size([512]), torch.Size([2048, 512, 1, 1]), torch.Size([2048]), torch.Size([2048]), torch.Size([512, 2048, 1, 1]), torch.Size([512]), torch.Size([512, 512, 3, 3]), torch.Size([512]), torch.Size([2048, 512, 1, 1]), torch.Size([2048]), torch.Size([2048]), torch.Size([10, 2048]), torch.Size([10])]
2026-08-08 20:51:18 [INFO] src.analysis.pyhessian: [PyHessian] layer1.1.conv3.weight: trace=1.9232 (31 iters)
[torch.Size([64, 3, 3, 3]), torch.Size([64]), torch.Size([64, 64, 1, 1]), torch.Size([64]), torch.Size([64, 64, 3, 3]), torch.Size([64]), torch.Size([256, 64, 1, 1]), torch.Size([256]), torch.Size([256]), torch.Size([256, 64, 1, 1]), torch.Size([256]), torch.Size([64, 256, 1, 1]), torch.Size([64]), torch.Size([64, 64, 3, 3]), torch.Size([64]), torch.Size([256, 64, 1, 1]), torch.Size([256]), torch.Size([256]), torch.Size([64, 256, 1, 1]), torch.Size([64]), torch.Size([64, 64, 3, 3]), torch.Size([64]), torch.Size([256, 64, 1, 1]), torch.Size([256]), torch.Size([256]), torch.Size([128, 256, 1, 1]), torch.Size([128]), torch.Size([128, 128, 3, 3]), torch.Size([128]), torch.Size([512, 128, 1, 1]), torch.Size([512]), torch.Size([512]), torch.Size([512, 256, 1, 1]), torch.Size([512]), torch.Size([128, 512, 1, 1]), torch.Size([128]), torch.Size([128, 128, 3, 3]), torch.Size([128]), torch.Size([512, 128, 1, 1]), torch.Size([512]), torch.Size([512]), torch.Size([128, 512, 1, 1]), torch.Size([128]), torch.Size([128, 128, 3, 3]), torch.Size([128]), torch.Size([512, 128, 1, 1]), torch.Size([512]), torch.Size([512]), torch.Size([128, 512, 1, 1]), torch.Size([128]), torch.Size([128, 128, 3, 3]), torch.Size([128]), torch.Size([512, 128, 1, 1]), torch.Size([512]), torch.Size([512]), torch.Size([256, 512, 1, 1]), torch.Size([256]), torch.Size([256, 256, 3, 3]), torch.Size([256]), torch.Size([1024, 256, 1, 1]), torch.Size([1024]), torch.Size([1024]), torch.Size([1024, 512, 1, 1]), torch.Size([1024]), torch.Size([256, 1024, 1, 1]), torch.Size([256]), torch.Size([256, 256, 3, 3]), torch.Size([256]), torch.Size([1024, 256, 1, 1]), torch.Size([1024]), torch.Size([1024]), torch.Size([256, 1024, 1, 1]), torch.Size([256]), torch.Size([256, 256, 3, 3]), torch.Size([256]), torch.Size([1024, 256, 1, 1]), torch.Size([1024]), torch.Size([1024]), torch.Size([256, 1024, 1, 1]), torch.Size([256]), torch.Size([256, 256, 3, 3]), torch.Size([256]), torch.Size([1024, 256, 1, 1]), torch.Size([1024]), torch.Size([1024]), torch.Size([256, 1024, 1, 1]), torch.Size([256]), torch.Size([256, 256, 3, 3]), torch.Size([256]), torch.Size([1024, 256, 1, 1]), torch.Size([1024]), torch.Size([1024]), torch.Size([256, 1024, 1, 1]), torch.Size([256]), torch.Size([256, 256, 3, 3]), torch.Size([256]), torch.Size([1024, 256, 1, 1]), torch.Size([1024]), torch.Size([1024]), torch.Size([512, 1024, 1, 1]), torch.Size([512]), torch.Size([512, 512, 3, 3]), torch.Size([512]), torch.Size([2048, 512, 1, 1]), torch.Size([2048]), torch.Size([2048]), torch.Size([2048, 1024, 1, 1]), torch.Size([2048]), torch.Size([512, 2048, 1, 1]), torch.Size([512]), torch.Size([512, 512, 3, 3]), torch.Size([512]), torch.Size([2048, 512, 1, 1]), torch.Size([2048]), torch.Size([2048]), torch.Size([512, 2048, 1, 1]), torch.Size([512]), torch.Size([512, 512, 3, 3]), torch.Size([512]), torch.Size([2048, 512, 1, 1]), torch.Size([2048]), torch.Size([2048]), torch.Size([10, 2048]), torch.Size([10])]
2026-08-08 20:51:22 [INFO] src.analysis.pyhessian: [PyHessian] layer1.2.conv1.weight: trace=1.4601 (50 iters)
[torch.Size([64, 3, 3, 3]), torch.Size([64]), torch.Size([64, 64, 1, 1]), torch.Size([64]), torch.Size([64, 64, 3, 3]), torch.Size([64]), torch.Size([256, 64, 1, 1]), torch.Size([256]), torch.Size([256]), torch.Size([256, 64, 1, 1]), torch.Size([256]), torch.Size([64, 256, 1, 1]), torch.Size([64]), torch.Size([64, 64, 3, 3]), torch.Size([64]), torch.Size([256, 64, 1, 1]), torch.Size([256]), torch.Size([256]), torch.Size([64, 256, 1, 1]), torch.Size([64]), torch.Size([64, 64, 3, 3]), torch.Size([64]), torch.Size([256, 64, 1, 1]), torch.Size([256]), torch.Size([256]), torch.Size([128, 256, 1, 1]), torch.Size([128]), torch.Size([128, 128, 3, 3]), torch.Size([128]), torch.Size([512, 128, 1, 1]), torch.Size([512]), torch.Size([512]), torch.Size([512, 256, 1, 1]), torch.Size([512]), torch.Size([128, 512, 1, 1]), torch.Size([128]), torch.Size([128, 128, 3, 3]), torch.Size([128]), torch.Size([512, 128, 1, 1]), torch.Size([512]), torch.Size([512]), torch.Size([128, 512, 1, 1]), torch.Size([128]), torch.Size([128, 128, 3, 3]), torch.Size([128]), torch.Size([512, 128, 1, 1]), torch.Size([512]), torch.Size([512]), torch.Size([128, 512, 1, 1]), torch.Size([128]), torch.Size([128, 128, 3, 3]), torch.Size([128]), torch.Size([512, 128, 1, 1]), torch.Size([512]), torch.Size([512]), torch.Size([256, 512, 1, 1]), torch.Size([256]), torch.Size([256, 256, 3, 3]), torch.Size([256]), torch.Size([1024, 256, 1, 1]), torch.Size([1024]), torch.Size([1024]), torch.Size([1024, 512, 1, 1]), torch.Size([1024]), torch.Size([256, 1024, 1, 1]), torch.Size([256]), torch.Size([256, 256, 3, 3]), torch.Size([256]), torch.Size([1024, 256, 1, 1]), torch.Size([1024]), torch.Size([1024]), torch.Size([256, 1024, 1, 1]), torch.Size([256]), torch.Size([256, 256, 3, 3]), torch.Size([256]), torch.Size([1024, 256, 1, 1]), torch.Size([1024]), torch.Size([1024]), torch.Size([256, 1024, 1, 1]), torch.Size([256]), torch.Size([256, 256, 3, 3]), torch.Size([256]), torch.Size([1024, 256, 1, 1]), torch.Size([1024]), torch.Size([1024]), torch.Size([256, 1024, 1, 1]), torch.Size([256]), torch.Size([256, 256, 3, 3]), torch.Size([256]), torch.Size([1024, 256, 1, 1]), torch.Size([1024]), torch.Size([1024]), torch.Size([256, 1024, 1, 1]), torch.Size([256]), torch.Size([256, 256, 3, 3]), torch.Size([256]), torch.Size([1024, 256, 1, 1]), torch.Size([1024]), torch.Size([1024]), torch.Size([512, 1024, 1, 1]), torch.Size([512]), torch.Size([512, 512, 3, 3]), torch.Size([512]), torch.Size([2048, 512, 1, 1]), torch.Size([2048]), torch.Size([2048]), torch.Size([2048, 1024, 1, 1]), torch.Size([2048]), torch.Size([512, 2048, 1, 1]), torch.Size([512]), torch.Size([512, 512, 3, 3]), torch.Size([512]), torch.Size([2048, 512, 1, 1]), torch.Size([2048]), torch.Size([2048]), torch.Size([512, 2048, 1, 1]), torch.Size([512]), torch.Size([512, 512, 3, 3]), torch.Size([512]), torch.Size([2048, 512, 1, 1]), torch.Size([2048]), torch.Size([2048]), torch.Size([10, 2048]), torch.Size([10])]
2026-08-08 20:51:23 [INFO] src.analysis.pyhessian: [PyHessian] layer1.2.conv2.weight: trace=3.7131 (26 iters)
[torch.Size([64, 3, 3, 3]), torch.Size([64]), torch.Size([64, 64, 1, 1]), torch.Size([64]), torch.Size([64, 64, 3, 3]), torch.Size([64]), torch.Size([256, 64, 1, 1]), torch.Size([256]), torch.Size([256]), torch.Size([256, 64, 1, 1]), torch.Size([256]), torch.Size([64, 256, 1, 1]), torch.Size([64]), torch.Size([64, 64, 3, 3]), torch.Size([64]), torch.Size([256, 64, 1, 1]), torch.Size([256]), torch.Size([256]), torch.Size([64, 256, 1, 1]), torch.Size([64]), torch.Size([64, 64, 3, 3]), torch.Size([64]), torch.Size([256, 64, 1, 1]), torch.Size([256]), torch.Size([256]), torch.Size([128, 256, 1, 1]), torch.Size([128]), torch.Size([128, 128, 3, 3]), torch.Size([128]), torch.Size([512, 128, 1, 1]), torch.Size([512]), torch.Size([512]), torch.Size([512, 256, 1, 1]), torch.Size([512]), torch.Size([128, 512, 1, 1]), torch.Size([128]), torch.Size([128, 128, 3, 3]), torch.Size([128]), torch.Size([512, 128, 1, 1]), torch.Size([512]), torch.Size([512]), torch.Size([128, 512, 1, 1]), torch.Size([128]), torch.Size([128, 128, 3, 3]), torch.Size([128]), torch.Size([512, 128, 1, 1]), torch.Size([512]), torch.Size([512]), torch.Size([128, 512, 1, 1]), torch.Size([128]), torch.Size([128, 128, 3, 3]), torch.Size([128]), torch.Size([512, 128, 1, 1]), torch.Size([512]), torch.Size([512]), torch.Size([256, 512, 1, 1]), torch.Size([256]), torch.Size([256, 256, 3, 3]), torch.Size([256]), torch.Size([1024, 256, 1, 1]), torch.Size([1024]), torch.Size([1024]), torch.Size([1024, 512, 1, 1]), torch.Size([1024]), torch.Size([256, 1024, 1, 1]), torch.Size([256]), torch.Size([256, 256, 3, 3]), torch.Size([256]), torch.Size([1024, 256, 1, 1]), torch.Size([1024]), torch.Size([1024]), torch.Size([256, 1024, 1, 1]), torch.Size([256]), torch.Size([256, 256, 3, 3]), torch.Size([256]), torch.Size([1024, 256, 1, 1]), torch.Size([1024]), torch.Size([1024]), torch.Size([256, 1024, 1, 1]), torch.Size([256]), torch.Size([256, 256, 3, 3]), torch.Size([256]), torch.Size([1024, 256, 1, 1]), torch.Size([1024]), torch.Size([1024]), torch.Size([256, 1024, 1, 1]), torch.Size([256]), torch.Size([256, 256, 3, 3]), torch.Size([256]), torch.Size([1024, 256, 1, 1]), torch.Size([1024]), torch.Size([1024]), torch.Size([256, 1024, 1, 1]), torch.Size([256]), torch.Size([256, 256, 3, 3]), torch.Size([256]), torch.Size([1024, 256, 1, 1]), torch.Size([1024]), torch.Size([1024]), torch.Size([512, 1024, 1, 1]), torch.Size([512]), torch.Size([512, 512, 3, 3]), torch.Size([512]), torch.Size([2048, 512, 1, 1]), torch.Size([2048]), torch.Size([2048]), torch.Size([2048, 1024, 1, 1]), torch.Size([2048]), torch.Size([512, 2048, 1, 1]), torch.Size([512]), torch.Size([512, 512, 3, 3]), torch.Size([512]), torch.Size([2048, 512, 1, 1]), torch.Size([2048]), torch.Size([2048]), torch.Size([512, 2048, 1, 1]), torch.Size([512]), torch.Size([512, 512, 3, 3]), torch.Size([512]), torch.Size([2048, 512, 1, 1]), torch.Size([2048]), torch.Size([2048]), torch.Size([10, 2048]), torch.Size([10])]
2026-08-08 20:51:24 [INFO] src.analysis.pyhessian: [PyHessian] layer1.2.conv3.weight: trace=1.7603 (10 iters)
[torch.Size([64, 3, 3, 3]), torch.Size([64]), torch.Size([64, 64, 1, 1]), torch.Size([64]), torch.Size([64, 64, 3, 3]), torch.Size([64]), torch.Size([256, 64, 1, 1]), torch.Size([256]), torch.Size([256]), torch.Size([256, 64, 1, 1]), torch.Size([256]), torch.Size([64, 256, 1, 1]), torch.Size([64]), torch.Size([64, 64, 3, 3]), torch.Size([64]), torch.Size([256, 64, 1, 1]), torch.Size([256]), torch.Size([256]), torch.Size([64, 256, 1, 1]), torch.Size([64]), torch.Size([64, 64, 3, 3]), torch.Size([64]), torch.Size([256, 64, 1, 1]), torch.Size([256]), torch.Size([256]), torch.Size([128, 256, 1, 1]), torch.Size([128]), torch.Size([128, 128, 3, 3]), torch.Size([128]), torch.Size([512, 128, 1, 1]), torch.Size([512]), torch.Size([512]), torch.Size([512, 256, 1, 1]), torch.Size([512]), torch.Size([128, 512, 1, 1]), torch.Size([128]), torch.Size([128, 128, 3, 3]), torch.Size([128]), torch.Size([512, 128, 1, 1]), torch.Size([512]), torch.Size([512]), torch.Size([128, 512, 1, 1]), torch.Size([128]), torch.Size([128, 128, 3, 3]), torch.Size([128]), torch.Size([512, 128, 1, 1]), torch.Size([512]), torch.Size([512]), torch.Size([128, 512, 1, 1]), torch.Size([128]), torch.Size([128, 128, 3, 3]), torch.Size([128]), torch.Size([512, 128, 1, 1]), torch.Size([512]), torch.Size([512]), torch.Size([256, 512, 1, 1]), torch.Size([256]), torch.Size([256, 256, 3, 3]), torch.Size([256]), torch.Size([1024, 256, 1, 1]), torch.Size([1024]), torch.Size([1024]), torch.Size([1024, 512, 1, 1]), torch.Size([1024]), torch.Size([256, 1024, 1, 1]), torch.Size([256]), torch.Size([256, 256, 3, 3]), torch.Size([256]), torch.Size([1024, 256, 1, 1]), torch.Size([1024]), torch.Size([1024]), torch.Size([256, 1024, 1, 1]), torch.Size([256]), torch.Size([256, 256, 3, 3]), torch.Size([256]), torch.Size([1024, 256, 1, 1]), torch.Size([1024]), torch.Size([1024]), torch.Size([256, 1024, 1, 1]), torch.Size([256]), torch.Size([256, 256, 3, 3]), torch.Size([256]), torch.Size([1024, 256, 1, 1]), torch.Size([1024]), torch.Size([1024]), torch.Size([256, 1024, 1, 1]), torch.Size([256]), torch.Size([256, 256, 3, 3]), torch.Size([256]), torch.Size([1024, 256, 1, 1]), torch.Size([1024]), torch.Size([1024]), torch.Size([256, 1024, 1, 1]), torch.Size([256]), torch.Size([256, 256, 3, 3]), torch.Size([256]), torch.Size([1024, 256, 1, 1]), torch.Size([1024]), torch.Size([1024]), torch.Size([512, 1024, 1, 1]), torch.Size([512]), torch.Size([512, 512, 3, 3]), torch.Size([512]), torch.Size([2048, 512, 1, 1]), torch.Size([2048]), torch.Size([2048]), torch.Size([2048, 1024, 1, 1]), torch.Size([2048]), torch.Size([512, 2048, 1, 1]), torch.Size([512]), torch.Size([512, 512, 3, 3]), torch.Size([512]), torch.Size([2048, 512, 1, 1]), torch.Size([2048]), torch.Size([2048]), torch.Size([512, 2048, 1, 1]), torch.Size([512]), torch.Size([512, 512, 3, 3]), torch.Size([512]), torch.Size([2048, 512, 1, 1]), torch.Size([2048]), torch.Size([2048]), torch.Size([10, 2048]), torch.Size([10])]
2026-08-08 20:51:25 [INFO] src.analysis.pyhessian: [PyHessian] layer2.0.conv1.weight: trace=16.5014 (8 iters)
[torch.Size([64, 3, 3, 3]), torch.Size([64]), torch.Size([64, 64, 1, 1]), torch.Size([64]), torch.Size([64, 64, 3, 3]), torch.Size([64]), torch.Size([256, 64, 1, 1]), torch.Size([256]), torch.Size([256]), torch.Size([256, 64, 1, 1]), torch.Size([256]), torch.Size([64, 256, 1, 1]), torch.Size([64]), torch.Size([64, 64, 3, 3]), torch.Size([64]), torch.Size([256, 64, 1, 1]), torch.Size([256]), torch.Size([256]), torch.Size([64, 256, 1, 1]), torch.Size([64]), torch.Size([64, 64, 3, 3]), torch.Size([64]), torch.Size([256, 64, 1, 1]), torch.Size([256]), torch.Size([256]), torch.Size([128, 256, 1, 1]), torch.Size([128]), torch.Size([128, 128, 3, 3]), torch.Size([128]), torch.Size([512, 128, 1, 1]), torch.Size([512]), torch.Size([512]), torch.Size([512, 256, 1, 1]), torch.Size([512]), torch.Size([128, 512, 1, 1]), torch.Size([128]), torch.Size([128, 128, 3, 3]), torch.Size([128]), torch.Size([512, 128, 1, 1]), torch.Size([512]), torch.Size([512]), torch.Size([128, 512, 1, 1]), torch.Size([128]), torch.Size([128, 128, 3, 3]), torch.Size([128]), torch.Size([512, 128, 1, 1]), torch.Size([512]), torch.Size([512]), torch.Size([128, 512, 1, 1]), torch.Size([128]), torch.Size([128, 128, 3, 3]), torch.Size([128]), torch.Size([512, 128, 1, 1]), torch.Size([512]), torch.Size([512]), torch.Size([256, 512, 1, 1]), torch.Size([256]), torch.Size([256, 256, 3, 3]), torch.Size([256]), torch.Size([1024, 256, 1, 1]), torch.Size([1024]), torch.Size([1024]), torch.Size([1024, 512, 1, 1]), torch.Size([1024]), torch.Size([256, 1024, 1, 1]), torch.Size([256]), torch.Size([256, 256, 3, 3]), torch.Size([256]), torch.Size([1024, 256, 1, 1]), torch.Size([1024]), torch.Size([1024]), torch.Size([256, 1024, 1, 1]), torch.Size([256]), torch.Size([256, 256, 3, 3]), torch.Size([256]), torch.Size([1024, 256, 1, 1]), torch.Size([1024]), torch.Size([1024]), torch.Size([256, 1024, 1, 1]), torch.Size([256]), torch.Size([256, 256, 3, 3]), torch.Size([256]), torch.Size([1024, 256, 1, 1]), torch.Size([1024]), torch.Size([1024]), torch.Size([256, 1024, 1, 1]), torch.Size([256]), torch.Size([256, 256, 3, 3]), torch.Size([256]), torch.Size([1024, 256, 1, 1]), torch.Size([1024]), torch.Size([1024]), torch.Size([256, 1024, 1, 1]), torch.Size([256]), torch.Size([256, 256, 3, 3]), torch.Size([256]), torch.Size([1024, 256, 1, 1]), torch.Size([1024]), torch.Size([1024]), torch.Size([512, 1024, 1, 1]), torch.Size([512]), torch.Size([512, 512, 3, 3]), torch.Size([512]), torch.Size([2048, 512, 1, 1]), torch.Size([2048]), torch.Size([2048]), torch.Size([2048, 1024, 1, 1]), torch.Size([2048]), torch.Size([512, 2048, 1, 1]), torch.Size([512]), torch.Size([512, 512, 3, 3]), torch.Size([512]), torch.Size([2048, 512, 1, 1]), torch.Size([2048]), torch.Size([2048]), torch.Size([512, 2048, 1, 1]), torch.Size([512]), torch.Size([512, 512, 3, 3]), torch.Size([512]), torch.Size([2048, 512, 1, 1]), torch.Size([2048]), torch.Size([2048]), torch.Size([10, 2048]), torch.Size([10])]
2026-08-08 20:51:28 [INFO] src.analysis.pyhessian: [PyHessian] layer2.0.conv2.weight: trace=15.7188 (57 iters)
[torch.Size([64, 3, 3, 3]), torch.Size([64]), torch.Size([64, 64, 1, 1]), torch.Size([64]), torch.Size([64, 64, 3, 3]), torch.Size([64]), torch.Size([256, 64, 1, 1]), torch.Size([256]), torch.Size([256]), torch.Size([256, 64, 1, 1]), torch.Size([256]), torch.Size([64, 256, 1, 1]), torch.Size([64]), torch.Size([64, 64, 3, 3]), torch.Size([64]), torch.Size([256, 64, 1, 1]), torch.Size([256]), torch.Size([256]), torch.Size([64, 256, 1, 1]), torch.Size([64]), torch.Size([64, 64, 3, 3]), torch.Size([64]), torch.Size([256, 64, 1, 1]), torch.Size([256]), torch.Size([256]), torch.Size([128, 256, 1, 1]), torch.Size([128]), torch.Size([128, 128, 3, 3]), torch.Size([128]), torch.Size([512, 128, 1, 1]), torch.Size([512]), torch.Size([512]), torch.Size([512, 256, 1, 1]), torch.Size([512]), torch.Size([128, 512, 1, 1]), torch.Size([128]), torch.Size([128, 128, 3, 3]), torch.Size([128]), torch.Size([512, 128, 1, 1]), torch.Size([512]), torch.Size([512]), torch.Size([128, 512, 1, 1]), torch.Size([128]), torch.Size([128, 128, 3, 3]), torch.Size([128]), torch.Size([512, 128, 1, 1]), torch.Size([512]), torch.Size([512]), torch.Size([128, 512, 1, 1]), torch.Size([128]), torch.Size([128, 128, 3, 3]), torch.Size([128]), torch.Size([512, 128, 1, 1]), torch.Size([512]), torch.Size([512]), torch.Size([256, 512, 1, 1]), torch.Size([256]), torch.Size([256, 256, 3, 3]), torch.Size([256]), torch.Size([1024, 256, 1, 1]), torch.Size([1024]), torch.Size([1024]), torch.Size([1024, 512, 1, 1]), torch.Size([1024]), torch.Size([256, 1024, 1, 1]), torch.Size([256]), torch.Size([256, 256, 3, 3]), torch.Size([256]), torch.Size([1024, 256, 1, 1]), torch.Size([1024]), torch.Size([1024]), torch.Size([256, 1024, 1, 1]), torch.Size([256]), torch.Size([256, 256, 3, 3]), torch.Size([256]), torch.Size([1024, 256, 1, 1]), torch.Size([1024]), torch.Size([1024]), torch.Size([256, 1024, 1, 1]), torch.Size([256]), torch.Size([256, 256, 3, 3]), torch.Size([256]), torch.Size([1024, 256, 1, 1]), torch.Size([1024]), torch.Size([1024]), torch.Size([256, 1024, 1, 1]), torch.Size([256]), torch.Size([256, 256, 3, 3]), torch.Size([256]), torch.Size([1024, 256, 1, 1]), torch.Size([1024]), torch.Size([1024]), torch.Size([256, 1024, 1, 1]), torch.Size([256]), torch.Size([256, 256, 3, 3]), torch.Size([256]), torch.Size([1024, 256, 1, 1]), torch.Size([1024]), torch.Size([1024]), torch.Size([512, 1024, 1, 1]), torch.Size([512]), torch.Size([512, 512, 3, 3]), torch.Size([512]), torch.Size([2048, 512, 1, 1]), torch.Size([2048]), torch.Size([2048]), torch.Size([2048, 1024, 1, 1]), torch.Size([2048]), torch.Size([512, 2048, 1, 1]), torch.Size([512]), torch.Size([512, 512, 3, 3]), torch.Size([512]), torch.Size([2048, 512, 1, 1]), torch.Size([2048]), torch.Size([2048]), torch.Size([512, 2048, 1, 1]), torch.Size([512]), torch.Size([512, 512, 3, 3]), torch.Size([512]), torch.Size([2048, 512, 1, 1]), torch.Size([2048]), torch.Size([2048]), torch.Size([10, 2048]), torch.Size([10])]
2026-08-08 20:51:30 [INFO] src.analysis.pyhessian: [PyHessian] layer2.0.conv3.weight: trace=6.2045 (40 iters)
[torch.Size([64, 3, 3, 3]), torch.Size([64]), torch.Size([64, 64, 1, 1]), torch.Size([64]), torch.Size([64, 64, 3, 3]), torch.Size([64]), torch.Size([256, 64, 1, 1]), torch.Size([256]), torch.Size([256]), torch.Size([256, 64, 1, 1]), torch.Size([256]), torch.Size([64, 256, 1, 1]), torch.Size([64]), torch.Size([64, 64, 3, 3]), torch.Size([64]), torch.Size([256, 64, 1, 1]), torch.Size([256]), torch.Size([256]), torch.Size([64, 256, 1, 1]), torch.Size([64]), torch.Size([64, 64, 3, 3]), torch.Size([64]), torch.Size([256, 64, 1, 1]), torch.Size([256]), torch.Size([256]), torch.Size([128, 256, 1, 1]), torch.Size([128]), torch.Size([128, 128, 3, 3]), torch.Size([128]), torch.Size([512, 128, 1, 1]), torch.Size([512]), torch.Size([512]), torch.Size([512, 256, 1, 1]), torch.Size([512]), torch.Size([128, 512, 1, 1]), torch.Size([128]), torch.Size([128, 128, 3, 3]), torch.Size([128]), torch.Size([512, 128, 1, 1]), torch.Size([512]), torch.Size([512]), torch.Size([128, 512, 1, 1]), torch.Size([128]), torch.Size([128, 128, 3, 3]), torch.Size([128]), torch.Size([512, 128, 1, 1]), torch.Size([512]), torch.Size([512]), torch.Size([128, 512, 1, 1]), torch.Size([128]), torch.Size([128, 128, 3, 3]), torch.Size([128]), torch.Size([512, 128, 1, 1]), torch.Size([512]), torch.Size([512]), torch.Size([256, 512, 1, 1]), torch.Size([256]), torch.Size([256, 256, 3, 3]), torch.Size([256]), torch.Size([1024, 256, 1, 1]), torch.Size([1024]), torch.Size([1024]), torch.Size([1024, 512, 1, 1]), torch.Size([1024]), torch.Size([256, 1024, 1, 1]), torch.Size([256]), torch.Size([256, 256, 3, 3]), torch.Size([256]), torch.Size([1024, 256, 1, 1]), torch.Size([1024]), torch.Size([1024]), torch.Size([256, 1024, 1, 1]), torch.Size([256]), torch.Size([256, 256, 3, 3]), torch.Size([256]), torch.Size([1024, 256, 1, 1]), torch.Size([1024]), torch.Size([1024]), torch.Size([256, 1024, 1, 1]), torch.Size([256]), torch.Size([256, 256, 3, 3]), torch.Size([256]), torch.Size([1024, 256, 1, 1]), torch.Size([1024]), torch.Size([1024]), torch.Size([256, 1024, 1, 1]), torch.Size([256]), torch.Size([256, 256, 3, 3]), torch.Size([256]), torch.Size([1024, 256, 1, 1]), torch.Size([1024]), torch.Size([1024]), torch.Size([256, 1024, 1, 1]), torch.Size([256]), torch.Size([256, 256, 3, 3]), torch.Size([256]), torch.Size([1024, 256, 1, 1]), torch.Size([1024]), torch.Size([1024]), torch.Size([512, 1024, 1, 1]), torch.Size([512]), torch.Size([512, 512, 3, 3]), torch.Size([512]), torch.Size([2048, 512, 1, 1]), torch.Size([2048]), torch.Size([2048]), torch.Size([2048, 1024, 1, 1]), torch.Size([2048]), torch.Size([512, 2048, 1, 1]), torch.Size([512]), torch.Size([512, 512, 3, 3]), torch.Size([512]), torch.Size([2048, 512, 1, 1]), torch.Size([2048]), torch.Size([2048]), torch.Size([512, 2048, 1, 1]), torch.Size([512]), torch.Size([512, 512, 3, 3]), torch.Size([512]), torch.Size([2048, 512, 1, 1]), torch.Size([2048]), torch.Size([2048]), torch.Size([10, 2048]), torch.Size([10])]
2026-08-08 20:51:31 [INFO] src.analysis.pyhessian: [PyHessian] layer2.0.downsample.0.weight: trace=14.5432 (24 iters)
[torch.Size([64, 3, 3, 3]), torch.Size([64]), torch.Size([64, 64, 1, 1]), torch.Size([64]), torch.Size([64, 64, 3, 3]), torch.Size([64]), torch.Size([256, 64, 1, 1]), torch.Size([256]), torch.Size([256]), torch.Size([256, 64, 1, 1]), torch.Size([256]), torch.Size([64, 256, 1, 1]), torch.Size([64]), torch.Size([64, 64, 3, 3]), torch.Size([64]), torch.Size([256, 64, 1, 1]), torch.Size([256]), torch.Size([256]), torch.Size([64, 256, 1, 1]), torch.Size([64]), torch.Size([64, 64, 3, 3]), torch.Size([64]), torch.Size([256, 64, 1, 1]), torch.Size([256]), torch.Size([256]), torch.Size([128, 256, 1, 1]), torch.Size([128]), torch.Size([128, 128, 3, 3]), torch.Size([128]), torch.Size([512, 128, 1, 1]), torch.Size([512]), torch.Size([512]), torch.Size([512, 256, 1, 1]), torch.Size([512]), torch.Size([128, 512, 1, 1]), torch.Size([128]), torch.Size([128, 128, 3, 3]), torch.Size([128]), torch.Size([512, 128, 1, 1]), torch.Size([512]), torch.Size([512]), torch.Size([128, 512, 1, 1]), torch.Size([128]), torch.Size([128, 128, 3, 3]), torch.Size([128]), torch.Size([512, 128, 1, 1]), torch.Size([512]), torch.Size([512]), torch.Size([128, 512, 1, 1]), torch.Size([128]), torch.Size([128, 128, 3, 3]), torch.Size([128]), torch.Size([512, 128, 1, 1]), torch.Size([512]), torch.Size([512]), torch.Size([256, 512, 1, 1]), torch.Size([256]), torch.Size([256, 256, 3, 3]), torch.Size([256]), torch.Size([1024, 256, 1, 1]), torch.Size([1024]), torch.Size([1024]), torch.Size([1024, 512, 1, 1]), torch.Size([1024]), torch.Size([256, 1024, 1, 1]), torch.Size([256]), torch.Size([256, 256, 3, 3]), torch.Size([256]), torch.Size([1024, 256, 1, 1]), torch.Size([1024]), torch.Size([1024]), torch.Size([256, 1024, 1, 1]), torch.Size([256]), torch.Size([256, 256, 3, 3]), torch.Size([256]), torch.Size([1024, 256, 1, 1]), torch.Size([1024]), torch.Size([1024]), torch.Size([256, 1024, 1, 1]), torch.Size([256]), torch.Size([256, 256, 3, 3]), torch.Size([256]), torch.Size([1024, 256, 1, 1]), torch.Size([1024]), torch.Size([1024]), torch.Size([256, 1024, 1, 1]), torch.Size([256]), torch.Size([256, 256, 3, 3]), torch.Size([256]), torch.Size([1024, 256, 1, 1]), torch.Size([1024]), torch.Size([1024]), torch.Size([256, 1024, 1, 1]), torch.Size([256]), torch.Size([256, 256, 3, 3]), torch.Size([256]), torch.Size([1024, 256, 1, 1]), torch.Size([1024]), torch.Size([1024]), torch.Size([512, 1024, 1, 1]), torch.Size([512]), torch.Size([512, 512, 3, 3]), torch.Size([512]), torch.Size([2048, 512, 1, 1]), torch.Size([2048]), torch.Size([2048]), torch.Size([2048, 1024, 1, 1]), torch.Size([2048]), torch.Size([512, 2048, 1, 1]), torch.Size([512]), torch.Size([512, 512, 3, 3]), torch.Size([512]), torch.Size([2048, 512, 1, 1]), torch.Size([2048]), torch.Size([2048]), torch.Size([512, 2048, 1, 1]), torch.Size([512]), torch.Size([512, 512, 3, 3]), torch.Size([512]), torch.Size([2048, 512, 1, 1]), torch.Size([2048]), torch.Size([2048]), torch.Size([10, 2048]), torch.Size([10])]
2026-08-08 20:51:33 [INFO] src.analysis.pyhessian: [PyHessian] layer2.1.conv1.weight: trace=2.2672 (50 iters)
[torch.Size([64, 3, 3, 3]), torch.Size([64]), torch.Size([64, 64, 1, 1]), torch.Size([64]), torch.Size([64, 64, 3, 3]), torch.Size([64]), torch.Size([256, 64, 1, 1]), torch.Size([256]), torch.Size([256]), torch.Size([256, 64, 1, 1]), torch.Size([256]), torch.Size([64, 256, 1, 1]), torch.Size([64]), torch.Size([64, 64, 3, 3]), torch.Size([64]), torch.Size([256, 64, 1, 1]), torch.Size([256]), torch.Size([256]), torch.Size([64, 256, 1, 1]), torch.Size([64]), torch.Size([64, 64, 3, 3]), torch.Size([64]), torch.Size([256, 64, 1, 1]), torch.Size([256]), torch.Size([256]), torch.Size([128, 256, 1, 1]), torch.Size([128]), torch.Size([128, 128, 3, 3]), torch.Size([128]), torch.Size([512, 128, 1, 1]), torch.Size([512]), torch.Size([512]), torch.Size([512, 256, 1, 1]), torch.Size([512]), torch.Size([128, 512, 1, 1]), torch.Size([128]), torch.Size([128, 128, 3, 3]), torch.Size([128]), torch.Size([512, 128, 1, 1]), torch.Size([512]), torch.Size([512]), torch.Size([128, 512, 1, 1]), torch.Size([128]), torch.Size([128, 128, 3, 3]), torch.Size([128]), torch.Size([512, 128, 1, 1]), torch.Size([512]), torch.Size([512]), torch.Size([128, 512, 1, 1]), torch.Size([128]), torch.Size([128, 128, 3, 3]), torch.Size([128]), torch.Size([512, 128, 1, 1]), torch.Size([512]), torch.Size([512]), torch.Size([256, 512, 1, 1]), torch.Size([256]), torch.Size([256, 256, 3, 3]), torch.Size([256]), torch.Size([1024, 256, 1, 1]), torch.Size([1024]), torch.Size([1024]), torch.Size([1024, 512, 1, 1]), torch.Size([1024]), torch.Size([256, 1024, 1, 1]), torch.Size([256]), torch.Size([256, 256, 3, 3]), torch.Size([256]), torch.Size([1024, 256, 1, 1]), torch.Size([1024]), torch.Size([1024]), torch.Size([256, 1024, 1, 1]), torch.Size([256]), torch.Size([256, 256, 3, 3]), torch.Size([256]), torch.Size([1024, 256, 1, 1]), torch.Size([1024]), torch.Size([1024]), torch.Size([256, 1024, 1, 1]), torch.Size([256]), torch.Size([256, 256, 3, 3]), torch.Size([256]), torch.Size([1024, 256, 1, 1]), torch.Size([1024]), torch.Size([1024]), torch.Size([256, 1024, 1, 1]), torch.Size([256]), torch.Size([256, 256, 3, 3]), torch.Size([256]), torch.Size([1024, 256, 1, 1]), torch.Size([1024]), torch.Size([1024]), torch.Size([256, 1024, 1, 1]), torch.Size([256]), torch.Size([256, 256, 3, 3]), torch.Size([256]), torch.Size([1024, 256, 1, 1]), torch.Size([1024]), torch.Size([1024]), torch.Size([512, 1024, 1, 1]), torch.Size([512]), torch.Size([512, 512, 3, 3]), torch.Size([512]), torch.Size([2048, 512, 1, 1]), torch.Size([2048]), torch.Size([2048]), torch.Size([2048, 1024, 1, 1]), torch.Size([2048]), torch.Size([512, 2048, 1, 1]), torch.Size([512]), torch.Size([512, 512, 3, 3]), torch.Size([512]), torch.Size([2048, 512, 1, 1]), torch.Size([2048]), torch.Size([2048]), torch.Size([512, 2048, 1, 1]), torch.Size([512]), torch.Size([512, 512, 3, 3]), torch.Size([512]), torch.Size([2048, 512, 1, 1]), torch.Size([2048]), torch.Size([2048]), torch.Size([10, 2048]), torch.Size([10])]
2026-08-08 20:51:35 [INFO] src.analysis.pyhessian: [PyHessian] layer2.1.conv2.weight: trace=3.3307 (28 iters)
[torch.Size([64, 3, 3, 3]), torch.Size([64]), torch.Size([64, 64, 1, 1]), torch.Size([64]), torch.Size([64, 64, 3, 3]), torch.Size([64]), torch.Size([256, 64, 1, 1]), torch.Size([256]), torch.Size([256]), torch.Size([256, 64, 1, 1]), torch.Size([256]), torch.Size([64, 256, 1, 1]), torch.Size([64]), torch.Size([64, 64, 3, 3]), torch.Size([64]), torch.Size([256, 64, 1, 1]), torch.Size([256]), torch.Size([256]), torch.Size([64, 256, 1, 1]), torch.Size([64]), torch.Size([64, 64, 3, 3]), torch.Size([64]), torch.Size([256, 64, 1, 1]), torch.Size([256]), torch.Size([256]), torch.Size([128, 256, 1, 1]), torch.Size([128]), torch.Size([128, 128, 3, 3]), torch.Size([128]), torch.Size([512, 128, 1, 1]), torch.Size([512]), torch.Size([512]), torch.Size([512, 256, 1, 1]), torch.Size([512]), torch.Size([128, 512, 1, 1]), torch.Size([128]), torch.Size([128, 128, 3, 3]), torch.Size([128]), torch.Size([512, 128, 1, 1]), torch.Size([512]), torch.Size([512]), torch.Size([128, 512, 1, 1]), torch.Size([128]), torch.Size([128, 128, 3, 3]), torch.Size([128]), torch.Size([512, 128, 1, 1]), torch.Size([512]), torch.Size([512]), torch.Size([128, 512, 1, 1]), torch.Size([128]), torch.Size([128, 128, 3, 3]), torch.Size([128]), torch.Size([512, 128, 1, 1]), torch.Size([512]), torch.Size([512]), torch.Size([256, 512, 1, 1]), torch.Size([256]), torch.Size([256, 256, 3, 3]), torch.Size([256]), torch.Size([1024, 256, 1, 1]), torch.Size([1024]), torch.Size([1024]), torch.Size([1024, 512, 1, 1]), torch.Size([1024]), torch.Size([256, 1024, 1, 1]), torch.Size([256]), torch.Size([256, 256, 3, 3]), torch.Size([256]), torch.Size([1024, 256, 1, 1]), torch.Size([1024]), torch.Size([1024]), torch.Size([256, 1024, 1, 1]), torch.Size([256]), torch.Size([256, 256, 3, 3]), torch.Size([256]), torch.Size([1024, 256, 1, 1]), torch.Size([1024]), torch.Size([1024]), torch.Size([256, 1024, 1, 1]), torch.Size([256]), torch.Size([256, 256, 3, 3]), torch.Size([256]), torch.Size([1024, 256, 1, 1]), torch.Size([1024]), torch.Size([1024]), torch.Size([256, 1024, 1, 1]), torch.Size([256]), torch.Size([256, 256, 3, 3]), torch.Size([256]), torch.Size([1024, 256, 1, 1]), torch.Size([1024]), torch.Size([1024]), torch.Size([256, 1024, 1, 1]), torch.Size([256]), torch.Size([256, 256, 3, 3]), torch.Size([256]), torch.Size([1024, 256, 1, 1]), torch.Size([1024]), torch.Size([1024]), torch.Size([512, 1024, 1, 1]), torch.Size([512]), torch.Size([512, 512, 3, 3]), torch.Size([512]), torch.Size([2048, 512, 1, 1]), torch.Size([2048]), torch.Size([2048]), torch.Size([2048, 1024, 1, 1]), torch.Size([2048]), torch.Size([512, 2048, 1, 1]), torch.Size([512]), torch.Size([512, 512, 3, 3]), torch.Size([512]), torch.Size([2048, 512, 1, 1]), torch.Size([2048]), torch.Size([2048]), torch.Size([512, 2048, 1, 1]), torch.Size([512]), torch.Size([512, 512, 3, 3]), torch.Size([512]), torch.Size([2048, 512, 1, 1]), torch.Size([2048]), torch.Size([2048]), torch.Size([10, 2048]), torch.Size([10])]
2026-08-08 20:51:37 [INFO] src.analysis.pyhessian: [PyHessian] layer2.1.conv3.weight: trace=3.9705 (36 iters)
[torch.Size([64, 3, 3, 3]), torch.Size([64]), torch.Size([64, 64, 1, 1]), torch.Size([64]), torch.Size([64, 64, 3, 3]), torch.Size([64]), torch.Size([256, 64, 1, 1]), torch.Size([256]), torch.Size([256]), torch.Size([256, 64, 1, 1]), torch.Size([256]), torch.Size([64, 256, 1, 1]), torch.Size([64]), torch.Size([64, 64, 3, 3]), torch.Size([64]), torch.Size([256, 64, 1, 1]), torch.Size([256]), torch.Size([256]), torch.Size([64, 256, 1, 1]), torch.Size([64]), torch.Size([64, 64, 3, 3]), torch.Size([64]), torch.Size([256, 64, 1, 1]), torch.Size([256]), torch.Size([256]), torch.Size([128, 256, 1, 1]), torch.Size([128]), torch.Size([128, 128, 3, 3]), torch.Size([128]), torch.Size([512, 128, 1, 1]), torch.Size([512]), torch.Size([512]), torch.Size([512, 256, 1, 1]), torch.Size([512]), torch.Size([128, 512, 1, 1]), torch.Size([128]), torch.Size([128, 128, 3, 3]), torch.Size([128]), torch.Size([512, 128, 1, 1]), torch.Size([512]), torch.Size([512]), torch.Size([128, 512, 1, 1]), torch.Size([128]), torch.Size([128, 128, 3, 3]), torch.Size([128]), torch.Size([512, 128, 1, 1]), torch.Size([512]), torch.Size([512]), torch.Size([128, 512, 1, 1]), torch.Size([128]), torch.Size([128, 128, 3, 3]), torch.Size([128]), torch.Size([512, 128, 1, 1]), torch.Size([512]), torch.Size([512]), torch.Size([256, 512, 1, 1]), torch.Size([256]), torch.Size([256, 256, 3, 3]), torch.Size([256]), torch.Size([1024, 256, 1, 1]), torch.Size([1024]), torch.Size([1024]), torch.Size([1024, 512, 1, 1]), torch.Size([1024]), torch.Size([256, 1024, 1, 1]), torch.Size([256]), torch.Size([256, 256, 3, 3]), torch.Size([256]), torch.Size([1024, 256, 1, 1]), torch.Size([1024]), torch.Size([1024]), torch.Size([256, 1024, 1, 1]), torch.Size([256]), torch.Size([256, 256, 3, 3]), torch.Size([256]), torch.Size([1024, 256, 1, 1]), torch.Size([1024]), torch.Size([1024]), torch.Size([256, 1024, 1, 1]), torch.Size([256]), torch.Size([256, 256, 3, 3]), torch.Size([256]), torch.Size([1024, 256, 1, 1]), torch.Size([1024]), torch.Size([1024]), torch.Size([256, 1024, 1, 1]), torch.Size([256]), torch.Size([256, 256, 3, 3]), torch.Size([256]), torch.Size([1024, 256, 1, 1]), torch.Size([1024]), torch.Size([1024]), torch.Size([256, 1024, 1, 1]), torch.Size([256]), torch.Size([256, 256, 3, 3]), torch.Size([256]), torch.Size([1024, 256, 1, 1]), torch.Size([1024]), torch.Size([1024]), torch.Size([512, 1024, 1, 1]), torch.Size([512]), torch.Size([512, 512, 3, 3]), torch.Size([512]), torch.Size([2048, 512, 1, 1]), torch.Size([2048]), torch.Size([2048]), torch.Size([2048, 1024, 1, 1]), torch.Size([2048]), torch.Size([512, 2048, 1, 1]), torch.Size([512]), torch.Size([512, 512, 3, 3]), torch.Size([512]), torch.Size([2048, 512, 1, 1]), torch.Size([2048]), torch.Size([2048]), torch.Size([512, 2048, 1, 1]), torch.Size([512]), torch.Size([512, 512, 3, 3]), torch.Size([512]), torch.Size([2048, 512, 1, 1]), torch.Size([2048]), torch.Size([2048]), torch.Size([10, 2048]), torch.Size([10])]
2026-08-08 20:51:38 [INFO] src.analysis.pyhessian: [PyHessian] layer2.2.conv1.weight: trace=1.9170 (25 iters)
[torch.Size([64, 3, 3, 3]), torch.Size([64]), torch.Size([64, 64, 1, 1]), torch.Size([64]), torch.Size([64, 64, 3, 3]), torch.Size([64]), torch.Size([256, 64, 1, 1]), torch.Size([256]), torch.Size([256]), torch.Size([256, 64, 1, 1]), torch.Size([256]), torch.Size([64, 256, 1, 1]), torch.Size([64]), torch.Size([64, 64, 3, 3]), torch.Size([64]), torch.Size([256, 64, 1, 1]), torch.Size([256]), torch.Size([256]), torch.Size([64, 256, 1, 1]), torch.Size([64]), torch.Size([64, 64, 3, 3]), torch.Size([64]), torch.Size([256, 64, 1, 1]), torch.Size([256]), torch.Size([256]), torch.Size([128, 256, 1, 1]), torch.Size([128]), torch.Size([128, 128, 3, 3]), torch.Size([128]), torch.Size([512, 128, 1, 1]), torch.Size([512]), torch.Size([512]), torch.Size([512, 256, 1, 1]), torch.Size([512]), torch.Size([128, 512, 1, 1]), torch.Size([128]), torch.Size([128, 128, 3, 3]), torch.Size([128]), torch.Size([512, 128, 1, 1]), torch.Size([512]), torch.Size([512]), torch.Size([128, 512, 1, 1]), torch.Size([128]), torch.Size([128, 128, 3, 3]), torch.Size([128]), torch.Size([512, 128, 1, 1]), torch.Size([512]), torch.Size([512]), torch.Size([128, 512, 1, 1]), torch.Size([128]), torch.Size([128, 128, 3, 3]), torch.Size([128]), torch.Size([512, 128, 1, 1]), torch.Size([512]), torch.Size([512]), torch.Size([256, 512, 1, 1]), torch.Size([256]), torch.Size([256, 256, 3, 3]), torch.Size([256]), torch.Size([1024, 256, 1, 1]), torch.Size([1024]), torch.Size([1024]), torch.Size([1024, 512, 1, 1]), torch.Size([1024]), torch.Size([256, 1024, 1, 1]), torch.Size([256]), torch.Size([256, 256, 3, 3]), torch.Size([256]), torch.Size([1024, 256, 1, 1]), torch.Size([1024]), torch.Size([1024]), torch.Size([256, 1024, 1, 1]), torch.Size([256]), torch.Size([256, 256, 3, 3]), torch.Size([256]), torch.Size([1024, 256, 1, 1]), torch.Size([1024]), torch.Size([1024]), torch.Size([256, 1024, 1, 1]), torch.Size([256]), torch.Size([256, 256, 3, 3]), torch.Size([256]), torch.Size([1024, 256, 1, 1]), torch.Size([1024]), torch.Size([1024]), torch.Size([256, 1024, 1, 1]), torch.Size([256]), torch.Size([256, 256, 3, 3]), torch.Size([256]), torch.Size([1024, 256, 1, 1]), torch.Size([1024]), torch.Size([1024]), torch.Size([256, 1024, 1, 1]), torch.Size([256]), torch.Size([256, 256, 3, 3]), torch.Size([256]), torch.Size([1024, 256, 1, 1]), torch.Size([1024]), torch.Size([1024]), torch.Size([512, 1024, 1, 1]), torch.Size([512]), torch.Size([512, 512, 3, 3]), torch.Size([512]), torch.Size([2048, 512, 1, 1]), torch.Size([2048]), torch.Size([2048]), torch.Size([2048, 1024, 1, 1]), torch.Size([2048]), torch.Size([512, 2048, 1, 1]), torch.Size([512]), torch.Size([512, 512, 3, 3]), torch.Size([512]), torch.Size([2048, 512, 1, 1]), torch.Size([2048]), torch.Size([2048]), torch.Size([512, 2048, 1, 1]), torch.Size([512]), torch.Size([512, 512, 3, 3]), torch.Size([512]), torch.Size([2048, 512, 1, 1]), torch.Size([2048]), torch.Size([2048]), torch.Size([10, 2048]), torch.Size([10])]
2026-08-08 20:51:39 [INFO] src.analysis.pyhessian: [PyHessian] layer2.2.conv2.weight: trace=1.4885 (20 iters)
[torch.Size([64, 3, 3, 3]), torch.Size([64]), torch.Size([64, 64, 1, 1]), torch.Size([64]), torch.Size([64, 64, 3, 3]), torch.Size([64]), torch.Size([256, 64, 1, 1]), torch.Size([256]), torch.Size([256]), torch.Size([256, 64, 1, 1]), torch.Size([256]), torch.Size([64, 256, 1, 1]), torch.Size([64]), torch.Size([64, 64, 3, 3]), torch.Size([64]), torch.Size([256, 64, 1, 1]), torch.Size([256]), torch.Size([256]), torch.Size([64, 256, 1, 1]), torch.Size([64]), torch.Size([64, 64, 3, 3]), torch.Size([64]), torch.Size([256, 64, 1, 1]), torch.Size([256]), torch.Size([256]), torch.Size([128, 256, 1, 1]), torch.Size([128]), torch.Size([128, 128, 3, 3]), torch.Size([128]), torch.Size([512, 128, 1, 1]), torch.Size([512]), torch.Size([512]), torch.Size([512, 256, 1, 1]), torch.Size([512]), torch.Size([128, 512, 1, 1]), torch.Size([128]), torch.Size([128, 128, 3, 3]), torch.Size([128]), torch.Size([512, 128, 1, 1]), torch.Size([512]), torch.Size([512]), torch.Size([128, 512, 1, 1]), torch.Size([128]), torch.Size([128, 128, 3, 3]), torch.Size([128]), torch.Size([512, 128, 1, 1]), torch.Size([512]), torch.Size([512]), torch.Size([128, 512, 1, 1]), torch.Size([128]), torch.Size([128, 128, 3, 3]), torch.Size([128]), torch.Size([512, 128, 1, 1]), torch.Size([512]), torch.Size([512]), torch.Size([256, 512, 1, 1]), torch.Size([256]), torch.Size([256, 256, 3, 3]), torch.Size([256]), torch.Size([1024, 256, 1, 1]), torch.Size([1024]), torch.Size([1024]), torch.Size([1024, 512, 1, 1]), torch.Size([1024]), torch.Size([256, 1024, 1, 1]), torch.Size([256]), torch.Size([256, 256, 3, 3]), torch.Size([256]), torch.Size([1024, 256, 1, 1]), torch.Size([1024]), torch.Size([1024]), torch.Size([256, 1024, 1, 1]), torch.Size([256]), torch.Size([256, 256, 3, 3]), torch.Size([256]), torch.Size([1024, 256, 1, 1]), torch.Size([1024]), torch.Size([1024]), torch.Size([256, 1024, 1, 1]), torch.Size([256]), torch.Size([256, 256, 3, 3]), torch.Size([256]), torch.Size([1024, 256, 1, 1]), torch.Size([1024]), torch.Size([1024]), torch.Size([256, 1024, 1, 1]), torch.Size([256]), torch.Size([256, 256, 3, 3]), torch.Size([256]), torch.Size([1024, 256, 1, 1]), torch.Size([1024]), torch.Size([1024]), torch.Size([256, 1024, 1, 1]), torch.Size([256]), torch.Size([256, 256, 3, 3]), torch.Size([256]), torch.Size([1024, 256, 1, 1]), torch.Size([1024]), torch.Size([1024]), torch.Size([512, 1024, 1, 1]), torch.Size([512]), torch.Size([512, 512, 3, 3]), torch.Size([512]), torch.Size([2048, 512, 1, 1]), torch.Size([2048]), torch.Size([2048]), torch.Size([2048, 1024, 1, 1]), torch.Size([2048]), torch.Size([512, 2048, 1, 1]), torch.Size([512]), torch.Size([512, 512, 3, 3]), torch.Size([512]), torch.Size([2048, 512, 1, 1]), torch.Size([2048]), torch.Size([2048]), torch.Size([512, 2048, 1, 1]), torch.Size([512]), torch.Size([512, 512, 3, 3]), torch.Size([512]), torch.Size([2048, 512, 1, 1]), torch.Size([2048]), torch.Size([2048]), torch.Size([10, 2048]), torch.Size([10])]
2026-08-08 20:51:39 [INFO] src.analysis.pyhessian: [PyHessian] layer2.2.conv3.weight: trace=1.8536 (15 iters)
[torch.Size([64, 3, 3, 3]), torch.Size([64]), torch.Size([64, 64, 1, 1]), torch.Size([64]), torch.Size([64, 64, 3, 3]), torch.Size([64]), torch.Size([256, 64, 1, 1]), torch.Size([256]), torch.Size([256]), torch.Size([256, 64, 1, 1]), torch.Size([256]), torch.Size([64, 256, 1, 1]), torch.Size([64]), torch.Size([64, 64, 3, 3]), torch.Size([64]), torch.Size([256, 64, 1, 1]), torch.Size([256]), torch.Size([256]), torch.Size([64, 256, 1, 1]), torch.Size([64]), torch.Size([64, 64, 3, 3]), torch.Size([64]), torch.Size([256, 64, 1, 1]), torch.Size([256]), torch.Size([256]), torch.Size([128, 256, 1, 1]), torch.Size([128]), torch.Size([128, 128, 3, 3]), torch.Size([128]), torch.Size([512, 128, 1, 1]), torch.Size([512]), torch.Size([512]), torch.Size([512, 256, 1, 1]), torch.Size([512]), torch.Size([128, 512, 1, 1]), torch.Size([128]), torch.Size([128, 128, 3, 3]), torch.Size([128]), torch.Size([512, 128, 1, 1]), torch.Size([512]), torch.Size([512]), torch.Size([128, 512, 1, 1]), torch.Size([128]), torch.Size([128, 128, 3, 3]), torch.Size([128]), torch.Size([512, 128, 1, 1]), torch.Size([512]), torch.Size([512]), torch.Size([128, 512, 1, 1]), torch.Size([128]), torch.Size([128, 128, 3, 3]), torch.Size([128]), torch.Size([512, 128, 1, 1]), torch.Size([512]), torch.Size([512]), torch.Size([256, 512, 1, 1]), torch.Size([256]), torch.Size([256, 256, 3, 3]), torch.Size([256]), torch.Size([1024, 256, 1, 1]), torch.Size([1024]), torch.Size([1024]), torch.Size([1024, 512, 1, 1]), torch.Size([1024]), torch.Size([256, 1024, 1, 1]), torch.Size([256]), torch.Size([256, 256, 3, 3]), torch.Size([256]), torch.Size([1024, 256, 1, 1]), torch.Size([1024]), torch.Size([1024]), torch.Size([256, 1024, 1, 1]), torch.Size([256]), torch.Size([256, 256, 3, 3]), torch.Size([256]), torch.Size([1024, 256, 1, 1]), torch.Size([1024]), torch.Size([1024]), torch.Size([256, 1024, 1, 1]), torch.Size([256]), torch.Size([256, 256, 3, 3]), torch.Size([256]), torch.Size([1024, 256, 1, 1]), torch.Size([1024]), torch.Size([1024]), torch.Size([256, 1024, 1, 1]), torch.Size([256]), torch.Size([256, 256, 3, 3]), torch.Size([256]), torch.Size([1024, 256, 1, 1]), torch.Size([1024]), torch.Size([1024]), torch.Size([256, 1024, 1, 1]), torch.Size([256]), torch.Size([256, 256, 3, 3]), torch.Size([256]), torch.Size([1024, 256, 1, 1]), torch.Size([1024]), torch.Size([1024]), torch.Size([512, 1024, 1, 1]), torch.Size([512]), torch.Size([512, 512, 3, 3]), torch.Size([512]), torch.Size([2048, 512, 1, 1]), torch.Size([2048]), torch.Size([2048]), torch.Size([2048, 1024, 1, 1]), torch.Size([2048]), torch.Size([512, 2048, 1, 1]), torch.Size([512]), torch.Size([512, 512, 3, 3]), torch.Size([512]), torch.Size([2048, 512, 1, 1]), torch.Size([2048]), torch.Size([2048]), torch.Size([512, 2048, 1, 1]), torch.Size([512]), torch.Size([512, 512, 3, 3]), torch.Size([512]), torch.Size([2048, 512, 1, 1]), torch.Size([2048]), torch.Size([2048]), torch.Size([10, 2048]), torch.Size([10])]
2026-08-08 20:51:40 [INFO] src.analysis.pyhessian: [PyHessian] layer2.3.conv1.weight: trace=5.7027 (14 iters)
[torch.Size([64, 3, 3, 3]), torch.Size([64]), torch.Size([64, 64, 1, 1]), torch.Size([64]), torch.Size([64, 64, 3, 3]), torch.Size([64]), torch.Size([256, 64, 1, 1]), torch.Size([256]), torch.Size([256]), torch.Size([256, 64, 1, 1]), torch.Size([256]), torch.Size([64, 256, 1, 1]), torch.Size([64]), torch.Size([64, 64, 3, 3]), torch.Size([64]), torch.Size([256, 64, 1, 1]), torch.Size([256]), torch.Size([256]), torch.Size([64, 256, 1, 1]), torch.Size([64]), torch.Size([64, 64, 3, 3]), torch.Size([64]), torch.Size([256, 64, 1, 1]), torch.Size([256]), torch.Size([256]), torch.Size([128, 256, 1, 1]), torch.Size([128]), torch.Size([128, 128, 3, 3]), torch.Size([128]), torch.Size([512, 128, 1, 1]), torch.Size([512]), torch.Size([512]), torch.Size([512, 256, 1, 1]), torch.Size([512]), torch.Size([128, 512, 1, 1]), torch.Size([128]), torch.Size([128, 128, 3, 3]), torch.Size([128]), torch.Size([512, 128, 1, 1]), torch.Size([512]), torch.Size([512]), torch.Size([128, 512, 1, 1]), torch.Size([128]), torch.Size([128, 128, 3, 3]), torch.Size([128]), torch.Size([512, 128, 1, 1]), torch.Size([512]), torch.Size([512]), torch.Size([128, 512, 1, 1]), torch.Size([128]), torch.Size([128, 128, 3, 3]), torch.Size([128]), torch.Size([512, 128, 1, 1]), torch.Size([512]), torch.Size([512]), torch.Size([256, 512, 1, 1]), torch.Size([256]), torch.Size([256, 256, 3, 3]), torch.Size([256]), torch.Size([1024, 256, 1, 1]), torch.Size([1024]), torch.Size([1024]), torch.Size([1024, 512, 1, 1]), torch.Size([1024]), torch.Size([256, 1024, 1, 1]), torch.Size([256]), torch.Size([256, 256, 3, 3]), torch.Size([256]), torch.Size([1024, 256, 1, 1]), torch.Size([1024]), torch.Size([1024]), torch.Size([256, 1024, 1, 1]), torch.Size([256]), torch.Size([256, 256, 3, 3]), torch.Size([256]), torch.Size([1024, 256, 1, 1]), torch.Size([1024]), torch.Size([1024]), torch.Size([256, 1024, 1, 1]), torch.Size([256]), torch.Size([256, 256, 3, 3]), torch.Size([256]), torch.Size([1024, 256, 1, 1]), torch.Size([1024]), torch.Size([1024]), torch.Size([256, 1024, 1, 1]), torch.Size([256]), torch.Size([256, 256, 3, 3]), torch.Size([256]), torch.Size([1024, 256, 1, 1]), torch.Size([1024]), torch.Size([1024]), torch.Size([256, 1024, 1, 1]), torch.Size([256]), torch.Size([256, 256, 3, 3]), torch.Size([256]), torch.Size([1024, 256, 1, 1]), torch.Size([1024]), torch.Size([1024]), torch.Size([512, 1024, 1, 1]), torch.Size([512]), torch.Size([512, 512, 3, 3]), torch.Size([512]), torch.Size([2048, 512, 1, 1]), torch.Size([2048]), torch.Size([2048]), torch.Size([2048, 1024, 1, 1]), torch.Size([2048]), torch.Size([512, 2048, 1, 1]), torch.Size([512]), torch.Size([512, 512, 3, 3]), torch.Size([512]), torch.Size([2048, 512, 1, 1]), torch.Size([2048]), torch.Size([2048]), torch.Size([512, 2048, 1, 1]), torch.Size([512]), torch.Size([512, 512, 3, 3]), torch.Size([512]), torch.Size([2048, 512, 1, 1]), torch.Size([2048]), torch.Size([2048]), torch.Size([10, 2048]), torch.Size([10])]
2026-08-08 20:51:42 [INFO] src.analysis.pyhessian: [PyHessian] layer2.3.conv2.weight: trace=8.1007 (43 iters)
[torch.Size([64, 3, 3, 3]), torch.Size([64]), torch.Size([64, 64, 1, 1]), torch.Size([64]), torch.Size([64, 64, 3, 3]), torch.Size([64]), torch.Size([256, 64, 1, 1]), torch.Size([256]), torch.Size([256]), torch.Size([256, 64, 1, 1]), torch.Size([256]), torch.Size([64, 256, 1, 1]), torch.Size([64]), torch.Size([64, 64, 3, 3]), torch.Size([64]), torch.Size([256, 64, 1, 1]), torch.Size([256]), torch.Size([256]), torch.Size([64, 256, 1, 1]), torch.Size([64]), torch.Size([64, 64, 3, 3]), torch.Size([64]), torch.Size([256, 64, 1, 1]), torch.Size([256]), torch.Size([256]), torch.Size([128, 256, 1, 1]), torch.Size([128]), torch.Size([128, 128, 3, 3]), torch.Size([128]), torch.Size([512, 128, 1, 1]), torch.Size([512]), torch.Size([512]), torch.Size([512, 256, 1, 1]), torch.Size([512]), torch.Size([128, 512, 1, 1]), torch.Size([128]), torch.Size([128, 128, 3, 3]), torch.Size([128]), torch.Size([512, 128, 1, 1]), torch.Size([512]), torch.Size([512]), torch.Size([128, 512, 1, 1]), torch.Size([128]), torch.Size([128, 128, 3, 3]), torch.Size([128]), torch.Size([512, 128, 1, 1]), torch.Size([512]), torch.Size([512]), torch.Size([128, 512, 1, 1]), torch.Size([128]), torch.Size([128, 128, 3, 3]), torch.Size([128]), torch.Size([512, 128, 1, 1]), torch.Size([512]), torch.Size([512]), torch.Size([256, 512, 1, 1]), torch.Size([256]), torch.Size([256, 256, 3, 3]), torch.Size([256]), torch.Size([1024, 256, 1, 1]), torch.Size([1024]), torch.Size([1024]), torch.Size([1024, 512, 1, 1]), torch.Size([1024]), torch.Size([256, 1024, 1, 1]), torch.Size([256]), torch.Size([256, 256, 3, 3]), torch.Size([256]), torch.Size([1024, 256, 1, 1]), torch.Size([1024]), torch.Size([1024]), torch.Size([256, 1024, 1, 1]), torch.Size([256]), torch.Size([256, 256, 3, 3]), torch.Size([256]), torch.Size([1024, 256, 1, 1]), torch.Size([1024]), torch.Size([1024]), torch.Size([256, 1024, 1, 1]), torch.Size([256]), torch.Size([256, 256, 3, 3]), torch.Size([256]), torch.Size([1024, 256, 1, 1]), torch.Size([1024]), torch.Size([1024]), torch.Size([256, 1024, 1, 1]), torch.Size([256]), torch.Size([256, 256, 3, 3]), torch.Size([256]), torch.Size([1024, 256, 1, 1]), torch.Size([1024]), torch.Size([1024]), torch.Size([256, 1024, 1, 1]), torch.Size([256]), torch.Size([256, 256, 3, 3]), torch.Size([256]), torch.Size([1024, 256, 1, 1]), torch.Size([1024]), torch.Size([1024]), torch.Size([512, 1024, 1, 1]), torch.Size([512]), torch.Size([512, 512, 3, 3]), torch.Size([512]), torch.Size([2048, 512, 1, 1]), torch.Size([2048]), torch.Size([2048]), torch.Size([2048, 1024, 1, 1]), torch.Size([2048]), torch.Size([512, 2048, 1, 1]), torch.Size([512]), torch.Size([512, 512, 3, 3]), torch.Size([512]), torch.Size([2048, 512, 1, 1]), torch.Size([2048]), torch.Size([2048]), torch.Size([512, 2048, 1, 1]), torch.Size([512]), torch.Size([512, 512, 3, 3]), torch.Size([512]), torch.Size([2048, 512, 1, 1]), torch.Size([2048]), torch.Size([2048]), torch.Size([10, 2048]), torch.Size([10])]
2026-08-08 20:51:44 [INFO] src.analysis.pyhessian: [PyHessian] layer2.3.conv3.weight: trace=3.9932 (46 iters)
[torch.Size([64, 3, 3, 3]), torch.Size([64]), torch.Size([64, 64, 1, 1]), torch.Size([64]), torch.Size([64, 64, 3, 3]), torch.Size([64]), torch.Size([256, 64, 1, 1]), torch.Size([256]), torch.Size([256]), torch.Size([256, 64, 1, 1]), torch.Size([256]), torch.Size([64, 256, 1, 1]), torch.Size([64]), torch.Size([64, 64, 3, 3]), torch.Size([64]), torch.Size([256, 64, 1, 1]), torch.Size([256]), torch.Size([256]), torch.Size([64, 256, 1, 1]), torch.Size([64]), torch.Size([64, 64, 3, 3]), torch.Size([64]), torch.Size([256, 64, 1, 1]), torch.Size([256]), torch.Size([256]), torch.Size([128, 256, 1, 1]), torch.Size([128]), torch.Size([128, 128, 3, 3]), torch.Size([128]), torch.Size([512, 128, 1, 1]), torch.Size([512]), torch.Size([512]), torch.Size([512, 256, 1, 1]), torch.Size([512]), torch.Size([128, 512, 1, 1]), torch.Size([128]), torch.Size([128, 128, 3, 3]), torch.Size([128]), torch.Size([512, 128, 1, 1]), torch.Size([512]), torch.Size([512]), torch.Size([128, 512, 1, 1]), torch.Size([128]), torch.Size([128, 128, 3, 3]), torch.Size([128]), torch.Size([512, 128, 1, 1]), torch.Size([512]), torch.Size([512]), torch.Size([128, 512, 1, 1]), torch.Size([128]), torch.Size([128, 128, 3, 3]), torch.Size([128]), torch.Size([512, 128, 1, 1]), torch.Size([512]), torch.Size([512]), torch.Size([256, 512, 1, 1]), torch.Size([256]), torch.Size([256, 256, 3, 3]), torch.Size([256]), torch.Size([1024, 256, 1, 1]), torch.Size([1024]), torch.Size([1024]), torch.Size([1024, 512, 1, 1]), torch.Size([1024]), torch.Size([256, 1024, 1, 1]), torch.Size([256]), torch.Size([256, 256, 3, 3]), torch.Size([256]), torch.Size([1024, 256, 1, 1]), torch.Size([1024]), torch.Size([1024]), torch.Size([256, 1024, 1, 1]), torch.Size([256]), torch.Size([256, 256, 3, 3]), torch.Size([256]), torch.Size([1024, 256, 1, 1]), torch.Size([1024]), torch.Size([1024]), torch.Size([256, 1024, 1, 1]), torch.Size([256]), torch.Size([256, 256, 3, 3]), torch.Size([256]), torch.Size([1024, 256, 1, 1]), torch.Size([1024]), torch.Size([1024]), torch.Size([256, 1024, 1, 1]), torch.Size([256]), torch.Size([256, 256, 3, 3]), torch.Size([256]), torch.Size([1024, 256, 1, 1]), torch.Size([1024]), torch.Size([1024]), torch.Size([256, 1024, 1, 1]), torch.Size([256]), torch.Size([256, 256, 3, 3]), torch.Size([256]), torch.Size([1024, 256, 1, 1]), torch.Size([1024]), torch.Size([1024]), torch.Size([512, 1024, 1, 1]), torch.Size([512]), torch.Size([512, 512, 3, 3]), torch.Size([512]), torch.Size([2048, 512, 1, 1]), torch.Size([2048]), torch.Size([2048]), torch.Size([2048, 1024, 1, 1]), torch.Size([2048]), torch.Size([512, 2048, 1, 1]), torch.Size([512]), torch.Size([512, 512, 3, 3]), torch.Size([512]), torch.Size([2048, 512, 1, 1]), torch.Size([2048]), torch.Size([2048]), torch.Size([512, 2048, 1, 1]), torch.Size([512]), torch.Size([512, 512, 3, 3]), torch.Size([512]), torch.Size([2048, 512, 1, 1]), torch.Size([2048]), torch.Size([2048]), torch.Size([10, 2048]), torch.Size([10])]
2026-08-08 20:51:45 [INFO] src.analysis.pyhessian: [PyHessian] layer3.0.conv1.weight: trace=35.6797 (32 iters)
[torch.Size([64, 3, 3, 3]), torch.Size([64]), torch.Size([64, 64, 1, 1]), torch.Size([64]), torch.Size([64, 64, 3, 3]), torch.Size([64]), torch.Size([256, 64, 1, 1]), torch.Size([256]), torch.Size([256]), torch.Size([256, 64, 1, 1]), torch.Size([256]), torch.Size([64, 256, 1, 1]), torch.Size([64]), torch.Size([64, 64, 3, 3]), torch.Size([64]), torch.Size([256, 64, 1, 1]), torch.Size([256]), torch.Size([256]), torch.Size([64, 256, 1, 1]), torch.Size([64]), torch.Size([64, 64, 3, 3]), torch.Size([64]), torch.Size([256, 64, 1, 1]), torch.Size([256]), torch.Size([256]), torch.Size([128, 256, 1, 1]), torch.Size([128]), torch.Size([128, 128, 3, 3]), torch.Size([128]), torch.Size([512, 128, 1, 1]), torch.Size([512]), torch.Size([512]), torch.Size([512, 256, 1, 1]), torch.Size([512]), torch.Size([128, 512, 1, 1]), torch.Size([128]), torch.Size([128, 128, 3, 3]), torch.Size([128]), torch.Size([512, 128, 1, 1]), torch.Size([512]), torch.Size([512]), torch.Size([128, 512, 1, 1]), torch.Size([128]), torch.Size([128, 128, 3, 3]), torch.Size([128]), torch.Size([512, 128, 1, 1]), torch.Size([512]), torch.Size([512]), torch.Size([128, 512, 1, 1]), torch.Size([128]), torch.Size([128, 128, 3, 3]), torch.Size([128]), torch.Size([512, 128, 1, 1]), torch.Size([512]), torch.Size([512]), torch.Size([256, 512, 1, 1]), torch.Size([256]), torch.Size([256, 256, 3, 3]), torch.Size([256]), torch.Size([1024, 256, 1, 1]), torch.Size([1024]), torch.Size([1024]), torch.Size([1024, 512, 1, 1]), torch.Size([1024]), torch.Size([256, 1024, 1, 1]), torch.Size([256]), torch.Size([256, 256, 3, 3]), torch.Size([256]), torch.Size([1024, 256, 1, 1]), torch.Size([1024]), torch.Size([1024]), torch.Size([256, 1024, 1, 1]), torch.Size([256]), torch.Size([256, 256, 3, 3]), torch.Size([256]), torch.Size([1024, 256, 1, 1]), torch.Size([1024]), torch.Size([1024]), torch.Size([256, 1024, 1, 1]), torch.Size([256]), torch.Size([256, 256, 3, 3]), torch.Size([256]), torch.Size([1024, 256, 1, 1]), torch.Size([1024]), torch.Size([1024]), torch.Size([256, 1024, 1, 1]), torch.Size([256]), torch.Size([256, 256, 3, 3]), torch.Size([256]), torch.Size([1024, 256, 1, 1]), torch.Size([1024]), torch.Size([1024]), torch.Size([256, 1024, 1, 1]), torch.Size([256]), torch.Size([256, 256, 3, 3]), torch.Size([256]), torch.Size([1024, 256, 1, 1]), torch.Size([1024]), torch.Size([1024]), torch.Size([512, 1024, 1, 1]), torch.Size([512]), torch.Size([512, 512, 3, 3]), torch.Size([512]), torch.Size([2048, 512, 1, 1]), torch.Size([2048]), torch.Size([2048]), torch.Size([2048, 1024, 1, 1]), torch.Size([2048]), torch.Size([512, 2048, 1, 1]), torch.Size([512]), torch.Size([512, 512, 3, 3]), torch.Size([512]), torch.Size([2048, 512, 1, 1]), torch.Size([2048]), torch.Size([2048]), torch.Size([512, 2048, 1, 1]), torch.Size([512]), torch.Size([512, 512, 3, 3]), torch.Size([512]), torch.Size([2048, 512, 1, 1]), torch.Size([2048]), torch.Size([2048]), torch.Size([10, 2048]), torch.Size([10])]
2026-08-08 20:51:46 [INFO] src.analysis.pyhessian: [PyHessian] layer3.0.conv2.weight: trace=23.6069 (42 iters)
[torch.Size([64, 3, 3, 3]), torch.Size([64]), torch.Size([64, 64, 1, 1]), torch.Size([64]), torch.Size([64, 64, 3, 3]), torch.Size([64]), torch.Size([256, 64, 1, 1]), torch.Size([256]), torch.Size([256]), torch.Size([256, 64, 1, 1]), torch.Size([256]), torch.Size([64, 256, 1, 1]), torch.Size([64]), torch.Size([64, 64, 3, 3]), torch.Size([64]), torch.Size([256, 64, 1, 1]), torch.Size([256]), torch.Size([256]), torch.Size([64, 256, 1, 1]), torch.Size([64]), torch.Size([64, 64, 3, 3]), torch.Size([64]), torch.Size([256, 64, 1, 1]), torch.Size([256]), torch.Size([256]), torch.Size([128, 256, 1, 1]), torch.Size([128]), torch.Size([128, 128, 3, 3]), torch.Size([128]), torch.Size([512, 128, 1, 1]), torch.Size([512]), torch.Size([512]), torch.Size([512, 256, 1, 1]), torch.Size([512]), torch.Size([128, 512, 1, 1]), torch.Size([128]), torch.Size([128, 128, 3, 3]), torch.Size([128]), torch.Size([512, 128, 1, 1]), torch.Size([512]), torch.Size([512]), torch.Size([128, 512, 1, 1]), torch.Size([128]), torch.Size([128, 128, 3, 3]), torch.Size([128]), torch.Size([512, 128, 1, 1]), torch.Size([512]), torch.Size([512]), torch.Size([128, 512, 1, 1]), torch.Size([128]), torch.Size([128, 128, 3, 3]), torch.Size([128]), torch.Size([512, 128, 1, 1]), torch.Size([512]), torch.Size([512]), torch.Size([256, 512, 1, 1]), torch.Size([256]), torch.Size([256, 256, 3, 3]), torch.Size([256]), torch.Size([1024, 256, 1, 1]), torch.Size([1024]), torch.Size([1024]), torch.Size([1024, 512, 1, 1]), torch.Size([1024]), torch.Size([256, 1024, 1, 1]), torch.Size([256]), torch.Size([256, 256, 3, 3]), torch.Size([256]), torch.Size([1024, 256, 1, 1]), torch.Size([1024]), torch.Size([1024]), torch.Size([256, 1024, 1, 1]), torch.Size([256]), torch.Size([256, 256, 3, 3]), torch.Size([256]), torch.Size([1024, 256, 1, 1]), torch.Size([1024]), torch.Size([1024]), torch.Size([256, 1024, 1, 1]), torch.Size([256]), torch.Size([256, 256, 3, 3]), torch.Size([256]), torch.Size([1024, 256, 1, 1]), torch.Size([1024]), torch.Size([1024]), torch.Size([256, 1024, 1, 1]), torch.Size([256]), torch.Size([256, 256, 3, 3]), torch.Size([256]), torch.Size([1024, 256, 1, 1]), torch.Size([1024]), torch.Size([1024]), torch.Size([256, 1024, 1, 1]), torch.Size([256]), torch.Size([256, 256, 3, 3]), torch.Size([256]), torch.Size([1024, 256, 1, 1]), torch.Size([1024]), torch.Size([1024]), torch.Size([512, 1024, 1, 1]), torch.Size([512]), torch.Size([512, 512, 3, 3]), torch.Size([512]), torch.Size([2048, 512, 1, 1]), torch.Size([2048]), torch.Size([2048]), torch.Size([2048, 1024, 1, 1]), torch.Size([2048]), torch.Size([512, 2048, 1, 1]), torch.Size([512]), torch.Size([512, 512, 3, 3]), torch.Size([512]), torch.Size([2048, 512, 1, 1]), torch.Size([2048]), torch.Size([2048]), torch.Size([512, 2048, 1, 1]), torch.Size([512]), torch.Size([512, 512, 3, 3]), torch.Size([512]), torch.Size([2048, 512, 1, 1]), torch.Size([2048]), torch.Size([2048]), torch.Size([10, 2048]), torch.Size([10])]
2026-08-08 20:51:47 [INFO] src.analysis.pyhessian: [PyHessian] layer3.0.conv3.weight: trace=11.5131 (47 iters)
[torch.Size([64, 3, 3, 3]), torch.Size([64]), torch.Size([64, 64, 1, 1]), torch.Size([64]), torch.Size([64, 64, 3, 3]), torch.Size([64]), torch.Size([256, 64, 1, 1]), torch.Size([256]), torch.Size([256]), torch.Size([256, 64, 1, 1]), torch.Size([256]), torch.Size([64, 256, 1, 1]), torch.Size([64]), torch.Size([64, 64, 3, 3]), torch.Size([64]), torch.Size([256, 64, 1, 1]), torch.Size([256]), torch.Size([256]), torch.Size([64, 256, 1, 1]), torch.Size([64]), torch.Size([64, 64, 3, 3]), torch.Size([64]), torch.Size([256, 64, 1, 1]), torch.Size([256]), torch.Size([256]), torch.Size([128, 256, 1, 1]), torch.Size([128]), torch.Size([128, 128, 3, 3]), torch.Size([128]), torch.Size([512, 128, 1, 1]), torch.Size([512]), torch.Size([512]), torch.Size([512, 256, 1, 1]), torch.Size([512]), torch.Size([128, 512, 1, 1]), torch.Size([128]), torch.Size([128, 128, 3, 3]), torch.Size([128]), torch.Size([512, 128, 1, 1]), torch.Size([512]), torch.Size([512]), torch.Size([128, 512, 1, 1]), torch.Size([128]), torch.Size([128, 128, 3, 3]), torch.Size([128]), torch.Size([512, 128, 1, 1]), torch.Size([512]), torch.Size([512]), torch.Size([128, 512, 1, 1]), torch.Size([128]), torch.Size([128, 128, 3, 3]), torch.Size([128]), torch.Size([512, 128, 1, 1]), torch.Size([512]), torch.Size([512]), torch.Size([256, 512, 1, 1]), torch.Size([256]), torch.Size([256, 256, 3, 3]), torch.Size([256]), torch.Size([1024, 256, 1, 1]), torch.Size([1024]), torch.Size([1024]), torch.Size([1024, 512, 1, 1]), torch.Size([1024]), torch.Size([256, 1024, 1, 1]), torch.Size([256]), torch.Size([256, 256, 3, 3]), torch.Size([256]), torch.Size([1024, 256, 1, 1]), torch.Size([1024]), torch.Size([1024]), torch.Size([256, 1024, 1, 1]), torch.Size([256]), torch.Size([256, 256, 3, 3]), torch.Size([256]), torch.Size([1024, 256, 1, 1]), torch.Size([1024]), torch.Size([1024]), torch.Size([256, 1024, 1, 1]), torch.Size([256]), torch.Size([256, 256, 3, 3]), torch.Size([256]), torch.Size([1024, 256, 1, 1]), torch.Size([1024]), torch.Size([1024]), torch.Size([256, 1024, 1, 1]), torch.Size([256]), torch.Size([256, 256, 3, 3]), torch.Size([256]), torch.Size([1024, 256, 1, 1]), torch.Size([1024]), torch.Size([1024]), torch.Size([256, 1024, 1, 1]), torch.Size([256]), torch.Size([256, 256, 3, 3]), torch.Size([256]), torch.Size([1024, 256, 1, 1]), torch.Size([1024]), torch.Size([1024]), torch.Size([512, 1024, 1, 1]), torch.Size([512]), torch.Size([512, 512, 3, 3]), torch.Size([512]), torch.Size([2048, 512, 1, 1]), torch.Size([2048]), torch.Size([2048]), torch.Size([2048, 1024, 1, 1]), torch.Size([2048]), torch.Size([512, 2048, 1, 1]), torch.Size([512]), torch.Size([512, 512, 3, 3]), torch.Size([512]), torch.Size([2048, 512, 1, 1]), torch.Size([2048]), torch.Size([2048]), torch.Size([512, 2048, 1, 1]), torch.Size([512]), torch.Size([512, 512, 3, 3]), torch.Size([512]), torch.Size([2048, 512, 1, 1]), torch.Size([2048]), torch.Size([2048]), torch.Size([10, 2048]), torch.Size([10])]
2026-08-08 20:51:48 [INFO] src.analysis.pyhessian: [PyHessian] layer3.0.downsample.0.weight: trace=14.1783 (23 iters)
[torch.Size([64, 3, 3, 3]), torch.Size([64]), torch.Size([64, 64, 1, 1]), torch.Size([64]), torch.Size([64, 64, 3, 3]), torch.Size([64]), torch.Size([256, 64, 1, 1]), torch.Size([256]), torch.Size([256]), torch.Size([256, 64, 1, 1]), torch.Size([256]), torch.Size([64, 256, 1, 1]), torch.Size([64]), torch.Size([64, 64, 3, 3]), torch.Size([64]), torch.Size([256, 64, 1, 1]), torch.Size([256]), torch.Size([256]), torch.Size([64, 256, 1, 1]), torch.Size([64]), torch.Size([64, 64, 3, 3]), torch.Size([64]), torch.Size([256, 64, 1, 1]), torch.Size([256]), torch.Size([256]), torch.Size([128, 256, 1, 1]), torch.Size([128]), torch.Size([128, 128, 3, 3]), torch.Size([128]), torch.Size([512, 128, 1, 1]), torch.Size([512]), torch.Size([512]), torch.Size([512, 256, 1, 1]), torch.Size([512]), torch.Size([128, 512, 1, 1]), torch.Size([128]), torch.Size([128, 128, 3, 3]), torch.Size([128]), torch.Size([512, 128, 1, 1]), torch.Size([512]), torch.Size([512]), torch.Size([128, 512, 1, 1]), torch.Size([128]), torch.Size([128, 128, 3, 3]), torch.Size([128]), torch.Size([512, 128, 1, 1]), torch.Size([512]), torch.Size([512]), torch.Size([128, 512, 1, 1]), torch.Size([128]), torch.Size([128, 128, 3, 3]), torch.Size([128]), torch.Size([512, 128, 1, 1]), torch.Size([512]), torch.Size([512]), torch.Size([256, 512, 1, 1]), torch.Size([256]), torch.Size([256, 256, 3, 3]), torch.Size([256]), torch.Size([1024, 256, 1, 1]), torch.Size([1024]), torch.Size([1024]), torch.Size([1024, 512, 1, 1]), torch.Size([1024]), torch.Size([256, 1024, 1, 1]), torch.Size([256]), torch.Size([256, 256, 3, 3]), torch.Size([256]), torch.Size([1024, 256, 1, 1]), torch.Size([1024]), torch.Size([1024]), torch.Size([256, 1024, 1, 1]), torch.Size([256]), torch.Size([256, 256, 3, 3]), torch.Size([256]), torch.Size([1024, 256, 1, 1]), torch.Size([1024]), torch.Size([1024]), torch.Size([256, 1024, 1, 1]), torch.Size([256]), torch.Size([256, 256, 3, 3]), torch.Size([256]), torch.Size([1024, 256, 1, 1]), torch.Size([1024]), torch.Size([1024]), torch.Size([256, 1024, 1, 1]), torch.Size([256]), torch.Size([256, 256, 3, 3]), torch.Size([256]), torch.Size([1024, 256, 1, 1]), torch.Size([1024]), torch.Size([1024]), torch.Size([256, 1024, 1, 1]), torch.Size([256]), torch.Size([256, 256, 3, 3]), torch.Size([256]), torch.Size([1024, 256, 1, 1]), torch.Size([1024]), torch.Size([1024]), torch.Size([512, 1024, 1, 1]), torch.Size([512]), torch.Size([512, 512, 3, 3]), torch.Size([512]), torch.Size([2048, 512, 1, 1]), torch.Size([2048]), torch.Size([2048]), torch.Size([2048, 1024, 1, 1]), torch.Size([2048]), torch.Size([512, 2048, 1, 1]), torch.Size([512]), torch.Size([512, 512, 3, 3]), torch.Size([512]), torch.Size([2048, 512, 1, 1]), torch.Size([2048]), torch.Size([2048]), torch.Size([512, 2048, 1, 1]), torch.Size([512]), torch.Size([512, 512, 3, 3]), torch.Size([512]), torch.Size([2048, 512, 1, 1]), torch.Size([2048]), torch.Size([2048]), torch.Size([10, 2048]), torch.Size([10])]
2026-08-08 20:51:49 [INFO] src.analysis.pyhessian: [PyHessian] layer3.1.conv1.weight: trace=3.3190 (13 iters)
[torch.Size([64, 3, 3, 3]), torch.Size([64]), torch.Size([64, 64, 1, 1]), torch.Size([64]), torch.Size([64, 64, 3, 3]), torch.Size([64]), torch.Size([256, 64, 1, 1]), torch.Size([256]), torch.Size([256]), torch.Size([256, 64, 1, 1]), torch.Size([256]), torch.Size([64, 256, 1, 1]), torch.Size([64]), torch.Size([64, 64, 3, 3]), torch.Size([64]), torch.Size([256, 64, 1, 1]), torch.Size([256]), torch.Size([256]), torch.Size([64, 256, 1, 1]), torch.Size([64]), torch.Size([64, 64, 3, 3]), torch.Size([64]), torch.Size([256, 64, 1, 1]), torch.Size([256]), torch.Size([256]), torch.Size([128, 256, 1, 1]), torch.Size([128]), torch.Size([128, 128, 3, 3]), torch.Size([128]), torch.Size([512, 128, 1, 1]), torch.Size([512]), torch.Size([512]), torch.Size([512, 256, 1, 1]), torch.Size([512]), torch.Size([128, 512, 1, 1]), torch.Size([128]), torch.Size([128, 128, 3, 3]), torch.Size([128]), torch.Size([512, 128, 1, 1]), torch.Size([512]), torch.Size([512]), torch.Size([128, 512, 1, 1]), torch.Size([128]), torch.Size([128, 128, 3, 3]), torch.Size([128]), torch.Size([512, 128, 1, 1]), torch.Size([512]), torch.Size([512]), torch.Size([128, 512, 1, 1]), torch.Size([128]), torch.Size([128, 128, 3, 3]), torch.Size([128]), torch.Size([512, 128, 1, 1]), torch.Size([512]), torch.Size([512]), torch.Size([256, 512, 1, 1]), torch.Size([256]), torch.Size([256, 256, 3, 3]), torch.Size([256]), torch.Size([1024, 256, 1, 1]), torch.Size([1024]), torch.Size([1024]), torch.Size([1024, 512, 1, 1]), torch.Size([1024]), torch.Size([256, 1024, 1, 1]), torch.Size([256]), torch.Size([256, 256, 3, 3]), torch.Size([256]), torch.Size([1024, 256, 1, 1]), torch.Size([1024]), torch.Size([1024]), torch.Size([256, 1024, 1, 1]), torch.Size([256]), torch.Size([256, 256, 3, 3]), torch.Size([256]), torch.Size([1024, 256, 1, 1]), torch.Size([1024]), torch.Size([1024]), torch.Size([256, 1024, 1, 1]), torch.Size([256]), torch.Size([256, 256, 3, 3]), torch.Size([256]), torch.Size([1024, 256, 1, 1]), torch.Size([1024]), torch.Size([1024]), torch.Size([256, 1024, 1, 1]), torch.Size([256]), torch.Size([256, 256, 3, 3]), torch.Size([256]), torch.Size([1024, 256, 1, 1]), torch.Size([1024]), torch.Size([1024]), torch.Size([256, 1024, 1, 1]), torch.Size([256]), torch.Size([256, 256, 3, 3]), torch.Size([256]), torch.Size([1024, 256, 1, 1]), torch.Size([1024]), torch.Size([1024]), torch.Size([512, 1024, 1, 1]), torch.Size([512]), torch.Size([512, 512, 3, 3]), torch.Size([512]), torch.Size([2048, 512, 1, 1]), torch.Size([2048]), torch.Size([2048]), torch.Size([2048, 1024, 1, 1]), torch.Size([2048]), torch.Size([512, 2048, 1, 1]), torch.Size([512]), torch.Size([512, 512, 3, 3]), torch.Size([512]), torch.Size([2048, 512, 1, 1]), torch.Size([2048]), torch.Size([2048]), torch.Size([512, 2048, 1, 1]), torch.Size([512]), torch.Size([512, 512, 3, 3]), torch.Size([512]), torch.Size([2048, 512, 1, 1]), torch.Size([2048]), torch.Size([2048]), torch.Size([10, 2048]), torch.Size([10])]
2026-08-08 20:51:49 [INFO] src.analysis.pyhessian: [PyHessian] layer3.1.conv2.weight: trace=3.3168 (16 iters)
[torch.Size([64, 3, 3, 3]), torch.Size([64]), torch.Size([64, 64, 1, 1]), torch.Size([64]), torch.Size([64, 64, 3, 3]), torch.Size([64]), torch.Size([256, 64, 1, 1]), torch.Size([256]), torch.Size([256]), torch.Size([256, 64, 1, 1]), torch.Size([256]), torch.Size([64, 256, 1, 1]), torch.Size([64]), torch.Size([64, 64, 3, 3]), torch.Size([64]), torch.Size([256, 64, 1, 1]), torch.Size([256]), torch.Size([256]), torch.Size([64, 256, 1, 1]), torch.Size([64]), torch.Size([64, 64, 3, 3]), torch.Size([64]), torch.Size([256, 64, 1, 1]), torch.Size([256]), torch.Size([256]), torch.Size([128, 256, 1, 1]), torch.Size([128]), torch.Size([128, 128, 3, 3]), torch.Size([128]), torch.Size([512, 128, 1, 1]), torch.Size([512]), torch.Size([512]), torch.Size([512, 256, 1, 1]), torch.Size([512]), torch.Size([128, 512, 1, 1]), torch.Size([128]), torch.Size([128, 128, 3, 3]), torch.Size([128]), torch.Size([512, 128, 1, 1]), torch.Size([512]), torch.Size([512]), torch.Size([128, 512, 1, 1]), torch.Size([128]), torch.Size([128, 128, 3, 3]), torch.Size([128]), torch.Size([512, 128, 1, 1]), torch.Size([512]), torch.Size([512]), torch.Size([128, 512, 1, 1]), torch.Size([128]), torch.Size([128, 128, 3, 3]), torch.Size([128]), torch.Size([512, 128, 1, 1]), torch.Size([512]), torch.Size([512]), torch.Size([256, 512, 1, 1]), torch.Size([256]), torch.Size([256, 256, 3, 3]), torch.Size([256]), torch.Size([1024, 256, 1, 1]), torch.Size([1024]), torch.Size([1024]), torch.Size([1024, 512, 1, 1]), torch.Size([1024]), torch.Size([256, 1024, 1, 1]), torch.Size([256]), torch.Size([256, 256, 3, 3]), torch.Size([256]), torch.Size([1024, 256, 1, 1]), torch.Size([1024]), torch.Size([1024]), torch.Size([256, 1024, 1, 1]), torch.Size([256]), torch.Size([256, 256, 3, 3]), torch.Size([256]), torch.Size([1024, 256, 1, 1]), torch.Size([1024]), torch.Size([1024]), torch.Size([256, 1024, 1, 1]), torch.Size([256]), torch.Size([256, 256, 3, 3]), torch.Size([256]), torch.Size([1024, 256, 1, 1]), torch.Size([1024]), torch.Size([1024]), torch.Size([256, 1024, 1, 1]), torch.Size([256]), torch.Size([256, 256, 3, 3]), torch.Size([256]), torch.Size([1024, 256, 1, 1]), torch.Size([1024]), torch.Size([1024]), torch.Size([256, 1024, 1, 1]), torch.Size([256]), torch.Size([256, 256, 3, 3]), torch.Size([256]), torch.Size([1024, 256, 1, 1]), torch.Size([1024]), torch.Size([1024]), torch.Size([512, 1024, 1, 1]), torch.Size([512]), torch.Size([512, 512, 3, 3]), torch.Size([512]), torch.Size([2048, 512, 1, 1]), torch.Size([2048]), torch.Size([2048]), torch.Size([2048, 1024, 1, 1]), torch.Size([2048]), torch.Size([512, 2048, 1, 1]), torch.Size([512]), torch.Size([512, 512, 3, 3]), torch.Size([512]), torch.Size([2048, 512, 1, 1]), torch.Size([2048]), torch.Size([2048]), torch.Size([512, 2048, 1, 1]), torch.Size([512]), torch.Size([512, 512, 3, 3]), torch.Size([512]), torch.Size([2048, 512, 1, 1]), torch.Size([2048]), torch.Size([2048]), torch.Size([10, 2048]), torch.Size([10])]
2026-08-08 20:51:50 [INFO] src.analysis.pyhessian: [PyHessian] layer3.1.conv3.weight: trace=3.3319 (19 iters)
[torch.Size([64, 3, 3, 3]), torch.Size([64]), torch.Size([64, 64, 1, 1]), torch.Size([64]), torch.Size([64, 64, 3, 3]), torch.Size([64]), torch.Size([256, 64, 1, 1]), torch.Size([256]), torch.Size([256]), torch.Size([256, 64, 1, 1]), torch.Size([256]), torch.Size([64, 256, 1, 1]), torch.Size([64]), torch.Size([64, 64, 3, 3]), torch.Size([64]), torch.Size([256, 64, 1, 1]), torch.Size([256]), torch.Size([256]), torch.Size([64, 256, 1, 1]), torch.Size([64]), torch.Size([64, 64, 3, 3]), torch.Size([64]), torch.Size([256, 64, 1, 1]), torch.Size([256]), torch.Size([256]), torch.Size([128, 256, 1, 1]), torch.Size([128]), torch.Size([128, 128, 3, 3]), torch.Size([128]), torch.Size([512, 128, 1, 1]), torch.Size([512]), torch.Size([512]), torch.Size([512, 256, 1, 1]), torch.Size([512]), torch.Size([128, 512, 1, 1]), torch.Size([128]), torch.Size([128, 128, 3, 3]), torch.Size([128]), torch.Size([512, 128, 1, 1]), torch.Size([512]), torch.Size([512]), torch.Size([128, 512, 1, 1]), torch.Size([128]), torch.Size([128, 128, 3, 3]), torch.Size([128]), torch.Size([512, 128, 1, 1]), torch.Size([512]), torch.Size([512]), torch.Size([128, 512, 1, 1]), torch.Size([128]), torch.Size([128, 128, 3, 3]), torch.Size([128]), torch.Size([512, 128, 1, 1]), torch.Size([512]), torch.Size([512]), torch.Size([256, 512, 1, 1]), torch.Size([256]), torch.Size([256, 256, 3, 3]), torch.Size([256]), torch.Size([1024, 256, 1, 1]), torch.Size([1024]), torch.Size([1024]), torch.Size([1024, 512, 1, 1]), torch.Size([1024]), torch.Size([256, 1024, 1, 1]), torch.Size([256]), torch.Size([256, 256, 3, 3]), torch.Size([256]), torch.Size([1024, 256, 1, 1]), torch.Size([1024]), torch.Size([1024]), torch.Size([256, 1024, 1, 1]), torch.Size([256]), torch.Size([256, 256, 3, 3]), torch.Size([256]), torch.Size([1024, 256, 1, 1]), torch.Size([1024]), torch.Size([1024]), torch.Size([256, 1024, 1, 1]), torch.Size([256]), torch.Size([256, 256, 3, 3]), torch.Size([256]), torch.Size([1024, 256, 1, 1]), torch.Size([1024]), torch.Size([1024]), torch.Size([256, 1024, 1, 1]), torch.Size([256]), torch.Size([256, 256, 3, 3]), torch.Size([256]), torch.Size([1024, 256, 1, 1]), torch.Size([1024]), torch.Size([1024]), torch.Size([256, 1024, 1, 1]), torch.Size([256]), torch.Size([256, 256, 3, 3]), torch.Size([256]), torch.Size([1024, 256, 1, 1]), torch.Size([1024]), torch.Size([1024]), torch.Size([512, 1024, 1, 1]), torch.Size([512]), torch.Size([512, 512, 3, 3]), torch.Size([512]), torch.Size([2048, 512, 1, 1]), torch.Size([2048]), torch.Size([2048]), torch.Size([2048, 1024, 1, 1]), torch.Size([2048]), torch.Size([512, 2048, 1, 1]), torch.Size([512]), torch.Size([512, 512, 3, 3]), torch.Size([512]), torch.Size([2048, 512, 1, 1]), torch.Size([2048]), torch.Size([2048]), torch.Size([512, 2048, 1, 1]), torch.Size([512]), torch.Size([512, 512, 3, 3]), torch.Size([512]), torch.Size([2048, 512, 1, 1]), torch.Size([2048]), torch.Size([2048]), torch.Size([10, 2048]), torch.Size([10])]
2026-08-08 20:51:50 [INFO] src.analysis.pyhessian: [PyHessian] layer3.2.conv1.weight: trace=2.5267 (19 iters)
[torch.Size([64, 3, 3, 3]), torch.Size([64]), torch.Size([64, 64, 1, 1]), torch.Size([64]), torch.Size([64, 64, 3, 3]), torch.Size([64]), torch.Size([256, 64, 1, 1]), torch.Size([256]), torch.Size([256]), torch.Size([256, 64, 1, 1]), torch.Size([256]), torch.Size([64, 256, 1, 1]), torch.Size([64]), torch.Size([64, 64, 3, 3]), torch.Size([64]), torch.Size([256, 64, 1, 1]), torch.Size([256]), torch.Size([256]), torch.Size([64, 256, 1, 1]), torch.Size([64]), torch.Size([64, 64, 3, 3]), torch.Size([64]), torch.Size([256, 64, 1, 1]), torch.Size([256]), torch.Size([256]), torch.Size([128, 256, 1, 1]), torch.Size([128]), torch.Size([128, 128, 3, 3]), torch.Size([128]), torch.Size([512, 128, 1, 1]), torch.Size([512]), torch.Size([512]), torch.Size([512, 256, 1, 1]), torch.Size([512]), torch.Size([128, 512, 1, 1]), torch.Size([128]), torch.Size([128, 128, 3, 3]), torch.Size([128]), torch.Size([512, 128, 1, 1]), torch.Size([512]), torch.Size([512]), torch.Size([128, 512, 1, 1]), torch.Size([128]), torch.Size([128, 128, 3, 3]), torch.Size([128]), torch.Size([512, 128, 1, 1]), torch.Size([512]), torch.Size([512]), torch.Size([128, 512, 1, 1]), torch.Size([128]), torch.Size([128, 128, 3, 3]), torch.Size([128]), torch.Size([512, 128, 1, 1]), torch.Size([512]), torch.Size([512]), torch.Size([256, 512, 1, 1]), torch.Size([256]), torch.Size([256, 256, 3, 3]), torch.Size([256]), torch.Size([1024, 256, 1, 1]), torch.Size([1024]), torch.Size([1024]), torch.Size([1024, 512, 1, 1]), torch.Size([1024]), torch.Size([256, 1024, 1, 1]), torch.Size([256]), torch.Size([256, 256, 3, 3]), torch.Size([256]), torch.Size([1024, 256, 1, 1]), torch.Size([1024]), torch.Size([1024]), torch.Size([256, 1024, 1, 1]), torch.Size([256]), torch.Size([256, 256, 3, 3]), torch.Size([256]), torch.Size([1024, 256, 1, 1]), torch.Size([1024]), torch.Size([1024]), torch.Size([256, 1024, 1, 1]), torch.Size([256]), torch.Size([256, 256, 3, 3]), torch.Size([256]), torch.Size([1024, 256, 1, 1]), torch.Size([1024]), torch.Size([1024]), torch.Size([256, 1024, 1, 1]), torch.Size([256]), torch.Size([256, 256, 3, 3]), torch.Size([256]), torch.Size([1024, 256, 1, 1]), torch.Size([1024]), torch.Size([1024]), torch.Size([256, 1024, 1, 1]), torch.Size([256]), torch.Size([256, 256, 3, 3]), torch.Size([256]), torch.Size([1024, 256, 1, 1]), torch.Size([1024]), torch.Size([1024]), torch.Size([512, 1024, 1, 1]), torch.Size([512]), torch.Size([512, 512, 3, 3]), torch.Size([512]), torch.Size([2048, 512, 1, 1]), torch.Size([2048]), torch.Size([2048]), torch.Size([2048, 1024, 1, 1]), torch.Size([2048]), torch.Size([512, 2048, 1, 1]), torch.Size([512]), torch.Size([512, 512, 3, 3]), torch.Size([512]), torch.Size([2048, 512, 1, 1]), torch.Size([2048]), torch.Size([2048]), torch.Size([512, 2048, 1, 1]), torch.Size([512]), torch.Size([512, 512, 3, 3]), torch.Size([512]), torch.Size([2048, 512, 1, 1]), torch.Size([2048]), torch.Size([2048]), torch.Size([10, 2048]), torch.Size([10])]
2026-08-08 20:51:52 [INFO] src.analysis.pyhessian: [PyHessian] layer3.2.conv2.weight: trace=2.1004 (45 iters)
[torch.Size([64, 3, 3, 3]), torch.Size([64]), torch.Size([64, 64, 1, 1]), torch.Size([64]), torch.Size([64, 64, 3, 3]), torch.Size([64]), torch.Size([256, 64, 1, 1]), torch.Size([256]), torch.Size([256]), torch.Size([256, 64, 1, 1]), torch.Size([256]), torch.Size([64, 256, 1, 1]), torch.Size([64]), torch.Size([64, 64, 3, 3]), torch.Size([64]), torch.Size([256, 64, 1, 1]), torch.Size([256]), torch.Size([256]), torch.Size([64, 256, 1, 1]), torch.Size([64]), torch.Size([64, 64, 3, 3]), torch.Size([64]), torch.Size([256, 64, 1, 1]), torch.Size([256]), torch.Size([256]), torch.Size([128, 256, 1, 1]), torch.Size([128]), torch.Size([128, 128, 3, 3]), torch.Size([128]), torch.Size([512, 128, 1, 1]), torch.Size([512]), torch.Size([512]), torch.Size([512, 256, 1, 1]), torch.Size([512]), torch.Size([128, 512, 1, 1]), torch.Size([128]), torch.Size([128, 128, 3, 3]), torch.Size([128]), torch.Size([512, 128, 1, 1]), torch.Size([512]), torch.Size([512]), torch.Size([128, 512, 1, 1]), torch.Size([128]), torch.Size([128, 128, 3, 3]), torch.Size([128]), torch.Size([512, 128, 1, 1]), torch.Size([512]), torch.Size([512]), torch.Size([128, 512, 1, 1]), torch.Size([128]), torch.Size([128, 128, 3, 3]), torch.Size([128]), torch.Size([512, 128, 1, 1]), torch.Size([512]), torch.Size([512]), torch.Size([256, 512, 1, 1]), torch.Size([256]), torch.Size([256, 256, 3, 3]), torch.Size([256]), torch.Size([1024, 256, 1, 1]), torch.Size([1024]), torch.Size([1024]), torch.Size([1024, 512, 1, 1]), torch.Size([1024]), torch.Size([256, 1024, 1, 1]), torch.Size([256]), torch.Size([256, 256, 3, 3]), torch.Size([256]), torch.Size([1024, 256, 1, 1]), torch.Size([1024]), torch.Size([1024]), torch.Size([256, 1024, 1, 1]), torch.Size([256]), torch.Size([256, 256, 3, 3]), torch.Size([256]), torch.Size([1024, 256, 1, 1]), torch.Size([1024]), torch.Size([1024]), torch.Size([256, 1024, 1, 1]), torch.Size([256]), torch.Size([256, 256, 3, 3]), torch.Size([256]), torch.Size([1024, 256, 1, 1]), torch.Size([1024]), torch.Size([1024]), torch.Size([256, 1024, 1, 1]), torch.Size([256]), torch.Size([256, 256, 3, 3]), torch.Size([256]), torch.Size([1024, 256, 1, 1]), torch.Size([1024]), torch.Size([1024]), torch.Size([256, 1024, 1, 1]), torch.Size([256]), torch.Size([256, 256, 3, 3]), torch.Size([256]), torch.Size([1024, 256, 1, 1]), torch.Size([1024]), torch.Size([1024]), torch.Size([512, 1024, 1, 1]), torch.Size([512]), torch.Size([512, 512, 3, 3]), torch.Size([512]), torch.Size([2048, 512, 1, 1]), torch.Size([2048]), torch.Size([2048]), torch.Size([2048, 1024, 1, 1]), torch.Size([2048]), torch.Size([512, 2048, 1, 1]), torch.Size([512]), torch.Size([512, 512, 3, 3]), torch.Size([512]), torch.Size([2048, 512, 1, 1]), torch.Size([2048]), torch.Size([2048]), torch.Size([512, 2048, 1, 1]), torch.Size([512]), torch.Size([512, 512, 3, 3]), torch.Size([512]), torch.Size([2048, 512, 1, 1]), torch.Size([2048]), torch.Size([2048]), torch.Size([10, 2048]), torch.Size([10])]
2026-08-08 20:51:52 [INFO] src.analysis.pyhessian: [PyHessian] layer3.2.conv3.weight: trace=3.0506 (30 iters)
[torch.Size([64, 3, 3, 3]), torch.Size([64]), torch.Size([64, 64, 1, 1]), torch.Size([64]), torch.Size([64, 64, 3, 3]), torch.Size([64]), torch.Size([256, 64, 1, 1]), torch.Size([256]), torch.Size([256]), torch.Size([256, 64, 1, 1]), torch.Size([256]), torch.Size([64, 256, 1, 1]), torch.Size([64]), torch.Size([64, 64, 3, 3]), torch.Size([64]), torch.Size([256, 64, 1, 1]), torch.Size([256]), torch.Size([256]), torch.Size([64, 256, 1, 1]), torch.Size([64]), torch.Size([64, 64, 3, 3]), torch.Size([64]), torch.Size([256, 64, 1, 1]), torch.Size([256]), torch.Size([256]), torch.Size([128, 256, 1, 1]), torch.Size([128]), torch.Size([128, 128, 3, 3]), torch.Size([128]), torch.Size([512, 128, 1, 1]), torch.Size([512]), torch.Size([512]), torch.Size([512, 256, 1, 1]), torch.Size([512]), torch.Size([128, 512, 1, 1]), torch.Size([128]), torch.Size([128, 128, 3, 3]), torch.Size([128]), torch.Size([512, 128, 1, 1]), torch.Size([512]), torch.Size([512]), torch.Size([128, 512, 1, 1]), torch.Size([128]), torch.Size([128, 128, 3, 3]), torch.Size([128]), torch.Size([512, 128, 1, 1]), torch.Size([512]), torch.Size([512]), torch.Size([128, 512, 1, 1]), torch.Size([128]), torch.Size([128, 128, 3, 3]), torch.Size([128]), torch.Size([512, 128, 1, 1]), torch.Size([512]), torch.Size([512]), torch.Size([256, 512, 1, 1]), torch.Size([256]), torch.Size([256, 256, 3, 3]), torch.Size([256]), torch.Size([1024, 256, 1, 1]), torch.Size([1024]), torch.Size([1024]), torch.Size([1024, 512, 1, 1]), torch.Size([1024]), torch.Size([256, 1024, 1, 1]), torch.Size([256]), torch.Size([256, 256, 3, 3]), torch.Size([256]), torch.Size([1024, 256, 1, 1]), torch.Size([1024]), torch.Size([1024]), torch.Size([256, 1024, 1, 1]), torch.Size([256]), torch.Size([256, 256, 3, 3]), torch.Size([256]), torch.Size([1024, 256, 1, 1]), torch.Size([1024]), torch.Size([1024]), torch.Size([256, 1024, 1, 1]), torch.Size([256]), torch.Size([256, 256, 3, 3]), torch.Size([256]), torch.Size([1024, 256, 1, 1]), torch.Size([1024]), torch.Size([1024]), torch.Size([256, 1024, 1, 1]), torch.Size([256]), torch.Size([256, 256, 3, 3]), torch.Size([256]), torch.Size([1024, 256, 1, 1]), torch.Size([1024]), torch.Size([1024]), torch.Size([256, 1024, 1, 1]), torch.Size([256]), torch.Size([256, 256, 3, 3]), torch.Size([256]), torch.Size([1024, 256, 1, 1]), torch.Size([1024]), torch.Size([1024]), torch.Size([512, 1024, 1, 1]), torch.Size([512]), torch.Size([512, 512, 3, 3]), torch.Size([512]), torch.Size([2048, 512, 1, 1]), torch.Size([2048]), torch.Size([2048]), torch.Size([2048, 1024, 1, 1]), torch.Size([2048]), torch.Size([512, 2048, 1, 1]), torch.Size([512]), torch.Size([512, 512, 3, 3]), torch.Size([512]), torch.Size([2048, 512, 1, 1]), torch.Size([2048]), torch.Size([2048]), torch.Size([512, 2048, 1, 1]), torch.Size([512]), torch.Size([512, 512, 3, 3]), torch.Size([512]), torch.Size([2048, 512, 1, 1]), torch.Size([2048]), torch.Size([2048]), torch.Size([10, 2048]), torch.Size([10])]
2026-08-08 20:51:53 [INFO] src.analysis.pyhessian: [PyHessian] layer3.3.conv1.weight: trace=5.4694 (43 iters)
[torch.Size([64, 3, 3, 3]), torch.Size([64]), torch.Size([64, 64, 1, 1]), torch.Size([64]), torch.Size([64, 64, 3, 3]), torch.Size([64]), torch.Size([256, 64, 1, 1]), torch.Size([256]), torch.Size([256]), torch.Size([256, 64, 1, 1]), torch.Size([256]), torch.Size([64, 256, 1, 1]), torch.Size([64]), torch.Size([64, 64, 3, 3]), torch.Size([64]), torch.Size([256, 64, 1, 1]), torch.Size([256]), torch.Size([256]), torch.Size([64, 256, 1, 1]), torch.Size([64]), torch.Size([64, 64, 3, 3]), torch.Size([64]), torch.Size([256, 64, 1, 1]), torch.Size([256]), torch.Size([256]), torch.Size([128, 256, 1, 1]), torch.Size([128]), torch.Size([128, 128, 3, 3]), torch.Size([128]), torch.Size([512, 128, 1, 1]), torch.Size([512]), torch.Size([512]), torch.Size([512, 256, 1, 1]), torch.Size([512]), torch.Size([128, 512, 1, 1]), torch.Size([128]), torch.Size([128, 128, 3, 3]), torch.Size([128]), torch.Size([512, 128, 1, 1]), torch.Size([512]), torch.Size([512]), torch.Size([128, 512, 1, 1]), torch.Size([128]), torch.Size([128, 128, 3, 3]), torch.Size([128]), torch.Size([512, 128, 1, 1]), torch.Size([512]), torch.Size([512]), torch.Size([128, 512, 1, 1]), torch.Size([128]), torch.Size([128, 128, 3, 3]), torch.Size([128]), torch.Size([512, 128, 1, 1]), torch.Size([512]), torch.Size([512]), torch.Size([256, 512, 1, 1]), torch.Size([256]), torch.Size([256, 256, 3, 3]), torch.Size([256]), torch.Size([1024, 256, 1, 1]), torch.Size([1024]), torch.Size([1024]), torch.Size([1024, 512, 1, 1]), torch.Size([1024]), torch.Size([256, 1024, 1, 1]), torch.Size([256]), torch.Size([256, 256, 3, 3]), torch.Size([256]), torch.Size([1024, 256, 1, 1]), torch.Size([1024]), torch.Size([1024]), torch.Size([256, 1024, 1, 1]), torch.Size([256]), torch.Size([256, 256, 3, 3]), torch.Size([256]), torch.Size([1024, 256, 1, 1]), torch.Size([1024]), torch.Size([1024]), torch.Size([256, 1024, 1, 1]), torch.Size([256]), torch.Size([256, 256, 3, 3]), torch.Size([256]), torch.Size([1024, 256, 1, 1]), torch.Size([1024]), torch.Size([1024]), torch.Size([256, 1024, 1, 1]), torch.Size([256]), torch.Size([256, 256, 3, 3]), torch.Size([256]), torch.Size([1024, 256, 1, 1]), torch.Size([1024]), torch.Size([1024]), torch.Size([256, 1024, 1, 1]), torch.Size([256]), torch.Size([256, 256, 3, 3]), torch.Size([256]), torch.Size([1024, 256, 1, 1]), torch.Size([1024]), torch.Size([1024]), torch.Size([512, 1024, 1, 1]), torch.Size([512]), torch.Size([512, 512, 3, 3]), torch.Size([512]), torch.Size([2048, 512, 1, 1]), torch.Size([2048]), torch.Size([2048]), torch.Size([2048, 1024, 1, 1]), torch.Size([2048]), torch.Size([512, 2048, 1, 1]), torch.Size([512]), torch.Size([512, 512, 3, 3]), torch.Size([512]), torch.Size([2048, 512, 1, 1]), torch.Size([2048]), torch.Size([2048]), torch.Size([512, 2048, 1, 1]), torch.Size([512]), torch.Size([512, 512, 3, 3]), torch.Size([512]), torch.Size([2048, 512, 1, 1]), torch.Size([2048]), torch.Size([2048]), torch.Size([10, 2048]), torch.Size([10])]
2026-08-08 20:51:54 [INFO] src.analysis.pyhessian: [PyHessian] layer3.3.conv2.weight: trace=3.2905 (9 iters)
[torch.Size([64, 3, 3, 3]), torch.Size([64]), torch.Size([64, 64, 1, 1]), torch.Size([64]), torch.Size([64, 64, 3, 3]), torch.Size([64]), torch.Size([256, 64, 1, 1]), torch.Size([256]), torch.Size([256]), torch.Size([256, 64, 1, 1]), torch.Size([256]), torch.Size([64, 256, 1, 1]), torch.Size([64]), torch.Size([64, 64, 3, 3]), torch.Size([64]), torch.Size([256, 64, 1, 1]), torch.Size([256]), torch.Size([256]), torch.Size([64, 256, 1, 1]), torch.Size([64]), torch.Size([64, 64, 3, 3]), torch.Size([64]), torch.Size([256, 64, 1, 1]), torch.Size([256]), torch.Size([256]), torch.Size([128, 256, 1, 1]), torch.Size([128]), torch.Size([128, 128, 3, 3]), torch.Size([128]), torch.Size([512, 128, 1, 1]), torch.Size([512]), torch.Size([512]), torch.Size([512, 256, 1, 1]), torch.Size([512]), torch.Size([128, 512, 1, 1]), torch.Size([128]), torch.Size([128, 128, 3, 3]), torch.Size([128]), torch.Size([512, 128, 1, 1]), torch.Size([512]), torch.Size([512]), torch.Size([128, 512, 1, 1]), torch.Size([128]), torch.Size([128, 128, 3, 3]), torch.Size([128]), torch.Size([512, 128, 1, 1]), torch.Size([512]), torch.Size([512]), torch.Size([128, 512, 1, 1]), torch.Size([128]), torch.Size([128, 128, 3, 3]), torch.Size([128]), torch.Size([512, 128, 1, 1]), torch.Size([512]), torch.Size([512]), torch.Size([256, 512, 1, 1]), torch.Size([256]), torch.Size([256, 256, 3, 3]), torch.Size([256]), torch.Size([1024, 256, 1, 1]), torch.Size([1024]), torch.Size([1024]), torch.Size([1024, 512, 1, 1]), torch.Size([1024]), torch.Size([256, 1024, 1, 1]), torch.Size([256]), torch.Size([256, 256, 3, 3]), torch.Size([256]), torch.Size([1024, 256, 1, 1]), torch.Size([1024]), torch.Size([1024]), torch.Size([256, 1024, 1, 1]), torch.Size([256]), torch.Size([256, 256, 3, 3]), torch.Size([256]), torch.Size([1024, 256, 1, 1]), torch.Size([1024]), torch.Size([1024]), torch.Size([256, 1024, 1, 1]), torch.Size([256]), torch.Size([256, 256, 3, 3]), torch.Size([256]), torch.Size([1024, 256, 1, 1]), torch.Size([1024]), torch.Size([1024]), torch.Size([256, 1024, 1, 1]), torch.Size([256]), torch.Size([256, 256, 3, 3]), torch.Size([256]), torch.Size([1024, 256, 1, 1]), torch.Size([1024]), torch.Size([1024]), torch.Size([256, 1024, 1, 1]), torch.Size([256]), torch.Size([256, 256, 3, 3]), torch.Size([256]), torch.Size([1024, 256, 1, 1]), torch.Size([1024]), torch.Size([1024]), torch.Size([512, 1024, 1, 1]), torch.Size([512]), torch.Size([512, 512, 3, 3]), torch.Size([512]), torch.Size([2048, 512, 1, 1]), torch.Size([2048]), torch.Size([2048]), torch.Size([2048, 1024, 1, 1]), torch.Size([2048]), torch.Size([512, 2048, 1, 1]), torch.Size([512]), torch.Size([512, 512, 3, 3]), torch.Size([512]), torch.Size([2048, 512, 1, 1]), torch.Size([2048]), torch.Size([2048]), torch.Size([512, 2048, 1, 1]), torch.Size([512]), torch.Size([512, 512, 3, 3]), torch.Size([512]), torch.Size([2048, 512, 1, 1]), torch.Size([2048]), torch.Size([2048]), torch.Size([10, 2048]), torch.Size([10])]
2026-08-08 20:51:54 [INFO] src.analysis.pyhessian: [PyHessian] layer3.3.conv3.weight: trace=4.1853 (13 iters)
[torch.Size([64, 3, 3, 3]), torch.Size([64]), torch.Size([64, 64, 1, 1]), torch.Size([64]), torch.Size([64, 64, 3, 3]), torch.Size([64]), torch.Size([256, 64, 1, 1]), torch.Size([256]), torch.Size([256]), torch.Size([256, 64, 1, 1]), torch.Size([256]), torch.Size([64, 256, 1, 1]), torch.Size([64]), torch.Size([64, 64, 3, 3]), torch.Size([64]), torch.Size([256, 64, 1, 1]), torch.Size([256]), torch.Size([256]), torch.Size([64, 256, 1, 1]), torch.Size([64]), torch.Size([64, 64, 3, 3]), torch.Size([64]), torch.Size([256, 64, 1, 1]), torch.Size([256]), torch.Size([256]), torch.Size([128, 256, 1, 1]), torch.Size([128]), torch.Size([128, 128, 3, 3]), torch.Size([128]), torch.Size([512, 128, 1, 1]), torch.Size([512]), torch.Size([512]), torch.Size([512, 256, 1, 1]), torch.Size([512]), torch.Size([128, 512, 1, 1]), torch.Size([128]), torch.Size([128, 128, 3, 3]), torch.Size([128]), torch.Size([512, 128, 1, 1]), torch.Size([512]), torch.Size([512]), torch.Size([128, 512, 1, 1]), torch.Size([128]), torch.Size([128, 128, 3, 3]), torch.Size([128]), torch.Size([512, 128, 1, 1]), torch.Size([512]), torch.Size([512]), torch.Size([128, 512, 1, 1]), torch.Size([128]), torch.Size([128, 128, 3, 3]), torch.Size([128]), torch.Size([512, 128, 1, 1]), torch.Size([512]), torch.Size([512]), torch.Size([256, 512, 1, 1]), torch.Size([256]), torch.Size([256, 256, 3, 3]), torch.Size([256]), torch.Size([1024, 256, 1, 1]), torch.Size([1024]), torch.Size([1024]), torch.Size([1024, 512, 1, 1]), torch.Size([1024]), torch.Size([256, 1024, 1, 1]), torch.Size([256]), torch.Size([256, 256, 3, 3]), torch.Size([256]), torch.Size([1024, 256, 1, 1]), torch.Size([1024]), torch.Size([1024]), torch.Size([256, 1024, 1, 1]), torch.Size([256]), torch.Size([256, 256, 3, 3]), torch.Size([256]), torch.Size([1024, 256, 1, 1]), torch.Size([1024]), torch.Size([1024]), torch.Size([256, 1024, 1, 1]), torch.Size([256]), torch.Size([256, 256, 3, 3]), torch.Size([256]), torch.Size([1024, 256, 1, 1]), torch.Size([1024]), torch.Size([1024]), torch.Size([256, 1024, 1, 1]), torch.Size([256]), torch.Size([256, 256, 3, 3]), torch.Size([256]), torch.Size([1024, 256, 1, 1]), torch.Size([1024]), torch.Size([1024]), torch.Size([256, 1024, 1, 1]), torch.Size([256]), torch.Size([256, 256, 3, 3]), torch.Size([256]), torch.Size([1024, 256, 1, 1]), torch.Size([1024]), torch.Size([1024]), torch.Size([512, 1024, 1, 1]), torch.Size([512]), torch.Size([512, 512, 3, 3]), torch.Size([512]), torch.Size([2048, 512, 1, 1]), torch.Size([2048]), torch.Size([2048]), torch.Size([2048, 1024, 1, 1]), torch.Size([2048]), torch.Size([512, 2048, 1, 1]), torch.Size([512]), torch.Size([512, 512, 3, 3]), torch.Size([512]), torch.Size([2048, 512, 1, 1]), torch.Size([2048]), torch.Size([2048]), torch.Size([512, 2048, 1, 1]), torch.Size([512]), torch.Size([512, 512, 3, 3]), torch.Size([512]), torch.Size([2048, 512, 1, 1]), torch.Size([2048]), torch.Size([2048]), torch.Size([10, 2048]), torch.Size([10])]
2026-08-08 20:51:55 [INFO] src.analysis.pyhessian: [PyHessian] layer3.4.conv1.weight: trace=14.5270 (16 iters)
[torch.Size([64, 3, 3, 3]), torch.Size([64]), torch.Size([64, 64, 1, 1]), torch.Size([64]), torch.Size([64, 64, 3, 3]), torch.Size([64]), torch.Size([256, 64, 1, 1]), torch.Size([256]), torch.Size([256]), torch.Size([256, 64, 1, 1]), torch.Size([256]), torch.Size([64, 256, 1, 1]), torch.Size([64]), torch.Size([64, 64, 3, 3]), torch.Size([64]), torch.Size([256, 64, 1, 1]), torch.Size([256]), torch.Size([256]), torch.Size([64, 256, 1, 1]), torch.Size([64]), torch.Size([64, 64, 3, 3]), torch.Size([64]), torch.Size([256, 64, 1, 1]), torch.Size([256]), torch.Size([256]), torch.Size([128, 256, 1, 1]), torch.Size([128]), torch.Size([128, 128, 3, 3]), torch.Size([128]), torch.Size([512, 128, 1, 1]), torch.Size([512]), torch.Size([512]), torch.Size([512, 256, 1, 1]), torch.Size([512]), torch.Size([128, 512, 1, 1]), torch.Size([128]), torch.Size([128, 128, 3, 3]), torch.Size([128]), torch.Size([512, 128, 1, 1]), torch.Size([512]), torch.Size([512]), torch.Size([128, 512, 1, 1]), torch.Size([128]), torch.Size([128, 128, 3, 3]), torch.Size([128]), torch.Size([512, 128, 1, 1]), torch.Size([512]), torch.Size([512]), torch.Size([128, 512, 1, 1]), torch.Size([128]), torch.Size([128, 128, 3, 3]), torch.Size([128]), torch.Size([512, 128, 1, 1]), torch.Size([512]), torch.Size([512]), torch.Size([256, 512, 1, 1]), torch.Size([256]), torch.Size([256, 256, 3, 3]), torch.Size([256]), torch.Size([1024, 256, 1, 1]), torch.Size([1024]), torch.Size([1024]), torch.Size([1024, 512, 1, 1]), torch.Size([1024]), torch.Size([256, 1024, 1, 1]), torch.Size([256]), torch.Size([256, 256, 3, 3]), torch.Size([256]), torch.Size([1024, 256, 1, 1]), torch.Size([1024]), torch.Size([1024]), torch.Size([256, 1024, 1, 1]), torch.Size([256]), torch.Size([256, 256, 3, 3]), torch.Size([256]), torch.Size([1024, 256, 1, 1]), torch.Size([1024]), torch.Size([1024]), torch.Size([256, 1024, 1, 1]), torch.Size([256]), torch.Size([256, 256, 3, 3]), torch.Size([256]), torch.Size([1024, 256, 1, 1]), torch.Size([1024]), torch.Size([1024]), torch.Size([256, 1024, 1, 1]), torch.Size([256]), torch.Size([256, 256, 3, 3]), torch.Size([256]), torch.Size([1024, 256, 1, 1]), torch.Size([1024]), torch.Size([1024]), torch.Size([256, 1024, 1, 1]), torch.Size([256]), torch.Size([256, 256, 3, 3]), torch.Size([256]), torch.Size([1024, 256, 1, 1]), torch.Size([1024]), torch.Size([1024]), torch.Size([512, 1024, 1, 1]), torch.Size([512]), torch.Size([512, 512, 3, 3]), torch.Size([512]), torch.Size([2048, 512, 1, 1]), torch.Size([2048]), torch.Size([2048]), torch.Size([2048, 1024, 1, 1]), torch.Size([2048]), torch.Size([512, 2048, 1, 1]), torch.Size([512]), torch.Size([512, 512, 3, 3]), torch.Size([512]), torch.Size([2048, 512, 1, 1]), torch.Size([2048]), torch.Size([2048]), torch.Size([512, 2048, 1, 1]), torch.Size([512]), torch.Size([512, 512, 3, 3]), torch.Size([512]), torch.Size([2048, 512, 1, 1]), torch.Size([2048]), torch.Size([2048]), torch.Size([10, 2048]), torch.Size([10])]
2026-08-08 20:51:55 [INFO] src.analysis.pyhessian: [PyHessian] layer3.4.conv2.weight: trace=10.7475 (24 iters)
[torch.Size([64, 3, 3, 3]), torch.Size([64]), torch.Size([64, 64, 1, 1]), torch.Size([64]), torch.Size([64, 64, 3, 3]), torch.Size([64]), torch.Size([256, 64, 1, 1]), torch.Size([256]), torch.Size([256]), torch.Size([256, 64, 1, 1]), torch.Size([256]), torch.Size([64, 256, 1, 1]), torch.Size([64]), torch.Size([64, 64, 3, 3]), torch.Size([64]), torch.Size([256, 64, 1, 1]), torch.Size([256]), torch.Size([256]), torch.Size([64, 256, 1, 1]), torch.Size([64]), torch.Size([64, 64, 3, 3]), torch.Size([64]), torch.Size([256, 64, 1, 1]), torch.Size([256]), torch.Size([256]), torch.Size([128, 256, 1, 1]), torch.Size([128]), torch.Size([128, 128, 3, 3]), torch.Size([128]), torch.Size([512, 128, 1, 1]), torch.Size([512]), torch.Size([512]), torch.Size([512, 256, 1, 1]), torch.Size([512]), torch.Size([128, 512, 1, 1]), torch.Size([128]), torch.Size([128, 128, 3, 3]), torch.Size([128]), torch.Size([512, 128, 1, 1]), torch.Size([512]), torch.Size([512]), torch.Size([128, 512, 1, 1]), torch.Size([128]), torch.Size([128, 128, 3, 3]), torch.Size([128]), torch.Size([512, 128, 1, 1]), torch.Size([512]), torch.Size([512]), torch.Size([128, 512, 1, 1]), torch.Size([128]), torch.Size([128, 128, 3, 3]), torch.Size([128]), torch.Size([512, 128, 1, 1]), torch.Size([512]), torch.Size([512]), torch.Size([256, 512, 1, 1]), torch.Size([256]), torch.Size([256, 256, 3, 3]), torch.Size([256]), torch.Size([1024, 256, 1, 1]), torch.Size([1024]), torch.Size([1024]), torch.Size([1024, 512, 1, 1]), torch.Size([1024]), torch.Size([256, 1024, 1, 1]), torch.Size([256]), torch.Size([256, 256, 3, 3]), torch.Size([256]), torch.Size([1024, 256, 1, 1]), torch.Size([1024]), torch.Size([1024]), torch.Size([256, 1024, 1, 1]), torch.Size([256]), torch.Size([256, 256, 3, 3]), torch.Size([256]), torch.Size([1024, 256, 1, 1]), torch.Size([1024]), torch.Size([1024]), torch.Size([256, 1024, 1, 1]), torch.Size([256]), torch.Size([256, 256, 3, 3]), torch.Size([256]), torch.Size([1024, 256, 1, 1]), torch.Size([1024]), torch.Size([1024]), torch.Size([256, 1024, 1, 1]), torch.Size([256]), torch.Size([256, 256, 3, 3]), torch.Size([256]), torch.Size([1024, 256, 1, 1]), torch.Size([1024]), torch.Size([1024]), torch.Size([256, 1024, 1, 1]), torch.Size([256]), torch.Size([256, 256, 3, 3]), torch.Size([256]), torch.Size([1024, 256, 1, 1]), torch.Size([1024]), torch.Size([1024]), torch.Size([512, 1024, 1, 1]), torch.Size([512]), torch.Size([512, 512, 3, 3]), torch.Size([512]), torch.Size([2048, 512, 1, 1]), torch.Size([2048]), torch.Size([2048]), torch.Size([2048, 1024, 1, 1]), torch.Size([2048]), torch.Size([512, 2048, 1, 1]), torch.Size([512]), torch.Size([512, 512, 3, 3]), torch.Size([512]), torch.Size([2048, 512, 1, 1]), torch.Size([2048]), torch.Size([2048]), torch.Size([512, 2048, 1, 1]), torch.Size([512]), torch.Size([512, 512, 3, 3]), torch.Size([512]), torch.Size([2048, 512, 1, 1]), torch.Size([2048]), torch.Size([2048]), torch.Size([10, 2048]), torch.Size([10])]
2026-08-08 20:51:55 [INFO] src.analysis.pyhessian: [PyHessian] layer3.4.conv3.weight: trace=7.7410 (17 iters)
[torch.Size([64, 3, 3, 3]), torch.Size([64]), torch.Size([64, 64, 1, 1]), torch.Size([64]), torch.Size([64, 64, 3, 3]), torch.Size([64]), torch.Size([256, 64, 1, 1]), torch.Size([256]), torch.Size([256]), torch.Size([256, 64, 1, 1]), torch.Size([256]), torch.Size([64, 256, 1, 1]), torch.Size([64]), torch.Size([64, 64, 3, 3]), torch.Size([64]), torch.Size([256, 64, 1, 1]), torch.Size([256]), torch.Size([256]), torch.Size([64, 256, 1, 1]), torch.Size([64]), torch.Size([64, 64, 3, 3]), torch.Size([64]), torch.Size([256, 64, 1, 1]), torch.Size([256]), torch.Size([256]), torch.Size([128, 256, 1, 1]), torch.Size([128]), torch.Size([128, 128, 3, 3]), torch.Size([128]), torch.Size([512, 128, 1, 1]), torch.Size([512]), torch.Size([512]), torch.Size([512, 256, 1, 1]), torch.Size([512]), torch.Size([128, 512, 1, 1]), torch.Size([128]), torch.Size([128, 128, 3, 3]), torch.Size([128]), torch.Size([512, 128, 1, 1]), torch.Size([512]), torch.Size([512]), torch.Size([128, 512, 1, 1]), torch.Size([128]), torch.Size([128, 128, 3, 3]), torch.Size([128]), torch.Size([512, 128, 1, 1]), torch.Size([512]), torch.Size([512]), torch.Size([128, 512, 1, 1]), torch.Size([128]), torch.Size([128, 128, 3, 3]), torch.Size([128]), torch.Size([512, 128, 1, 1]), torch.Size([512]), torch.Size([512]), torch.Size([256, 512, 1, 1]), torch.Size([256]), torch.Size([256, 256, 3, 3]), torch.Size([256]), torch.Size([1024, 256, 1, 1]), torch.Size([1024]), torch.Size([1024]), torch.Size([1024, 512, 1, 1]), torch.Size([1024]), torch.Size([256, 1024, 1, 1]), torch.Size([256]), torch.Size([256, 256, 3, 3]), torch.Size([256]), torch.Size([1024, 256, 1, 1]), torch.Size([1024]), torch.Size([1024]), torch.Size([256, 1024, 1, 1]), torch.Size([256]), torch.Size([256, 256, 3, 3]), torch.Size([256]), torch.Size([1024, 256, 1, 1]), torch.Size([1024]), torch.Size([1024]), torch.Size([256, 1024, 1, 1]), torch.Size([256]), torch.Size([256, 256, 3, 3]), torch.Size([256]), torch.Size([1024, 256, 1, 1]), torch.Size([1024]), torch.Size([1024]), torch.Size([256, 1024, 1, 1]), torch.Size([256]), torch.Size([256, 256, 3, 3]), torch.Size([256]), torch.Size([1024, 256, 1, 1]), torch.Size([1024]), torch.Size([1024]), torch.Size([256, 1024, 1, 1]), torch.Size([256]), torch.Size([256, 256, 3, 3]), torch.Size([256]), torch.Size([1024, 256, 1, 1]), torch.Size([1024]), torch.Size([1024]), torch.Size([512, 1024, 1, 1]), torch.Size([512]), torch.Size([512, 512, 3, 3]), torch.Size([512]), torch.Size([2048, 512, 1, 1]), torch.Size([2048]), torch.Size([2048]), torch.Size([2048, 1024, 1, 1]), torch.Size([2048]), torch.Size([512, 2048, 1, 1]), torch.Size([512]), torch.Size([512, 512, 3, 3]), torch.Size([512]), torch.Size([2048, 512, 1, 1]), torch.Size([2048]), torch.Size([2048]), torch.Size([512, 2048, 1, 1]), torch.Size([512]), torch.Size([512, 512, 3, 3]), torch.Size([512]), torch.Size([2048, 512, 1, 1]), torch.Size([2048]), torch.Size([2048]), torch.Size([10, 2048]), torch.Size([10])]
2026-08-08 20:51:56 [INFO] src.analysis.pyhessian: [PyHessian] layer3.5.conv1.weight: trace=35.0279 (33 iters)
[torch.Size([64, 3, 3, 3]), torch.Size([64]), torch.Size([64, 64, 1, 1]), torch.Size([64]), torch.Size([64, 64, 3, 3]), torch.Size([64]), torch.Size([256, 64, 1, 1]), torch.Size([256]), torch.Size([256]), torch.Size([256, 64, 1, 1]), torch.Size([256]), torch.Size([64, 256, 1, 1]), torch.Size([64]), torch.Size([64, 64, 3, 3]), torch.Size([64]), torch.Size([256, 64, 1, 1]), torch.Size([256]), torch.Size([256]), torch.Size([64, 256, 1, 1]), torch.Size([64]), torch.Size([64, 64, 3, 3]), torch.Size([64]), torch.Size([256, 64, 1, 1]), torch.Size([256]), torch.Size([256]), torch.Size([128, 256, 1, 1]), torch.Size([128]), torch.Size([128, 128, 3, 3]), torch.Size([128]), torch.Size([512, 128, 1, 1]), torch.Size([512]), torch.Size([512]), torch.Size([512, 256, 1, 1]), torch.Size([512]), torch.Size([128, 512, 1, 1]), torch.Size([128]), torch.Size([128, 128, 3, 3]), torch.Size([128]), torch.Size([512, 128, 1, 1]), torch.Size([512]), torch.Size([512]), torch.Size([128, 512, 1, 1]), torch.Size([128]), torch.Size([128, 128, 3, 3]), torch.Size([128]), torch.Size([512, 128, 1, 1]), torch.Size([512]), torch.Size([512]), torch.Size([128, 512, 1, 1]), torch.Size([128]), torch.Size([128, 128, 3, 3]), torch.Size([128]), torch.Size([512, 128, 1, 1]), torch.Size([512]), torch.Size([512]), torch.Size([256, 512, 1, 1]), torch.Size([256]), torch.Size([256, 256, 3, 3]), torch.Size([256]), torch.Size([1024, 256, 1, 1]), torch.Size([1024]), torch.Size([1024]), torch.Size([1024, 512, 1, 1]), torch.Size([1024]), torch.Size([256, 1024, 1, 1]), torch.Size([256]), torch.Size([256, 256, 3, 3]), torch.Size([256]), torch.Size([1024, 256, 1, 1]), torch.Size([1024]), torch.Size([1024]), torch.Size([256, 1024, 1, 1]), torch.Size([256]), torch.Size([256, 256, 3, 3]), torch.Size([256]), torch.Size([1024, 256, 1, 1]), torch.Size([1024]), torch.Size([1024]), torch.Size([256, 1024, 1, 1]), torch.Size([256]), torch.Size([256, 256, 3, 3]), torch.Size([256]), torch.Size([1024, 256, 1, 1]), torch.Size([1024]), torch.Size([1024]), torch.Size([256, 1024, 1, 1]), torch.Size([256]), torch.Size([256, 256, 3, 3]), torch.Size([256]), torch.Size([1024, 256, 1, 1]), torch.Size([1024]), torch.Size([1024]), torch.Size([256, 1024, 1, 1]), torch.Size([256]), torch.Size([256, 256, 3, 3]), torch.Size([256]), torch.Size([1024, 256, 1, 1]), torch.Size([1024]), torch.Size([1024]), torch.Size([512, 1024, 1, 1]), torch.Size([512]), torch.Size([512, 512, 3, 3]), torch.Size([512]), torch.Size([2048, 512, 1, 1]), torch.Size([2048]), torch.Size([2048]), torch.Size([2048, 1024, 1, 1]), torch.Size([2048]), torch.Size([512, 2048, 1, 1]), torch.Size([512]), torch.Size([512, 512, 3, 3]), torch.Size([512]), torch.Size([2048, 512, 1, 1]), torch.Size([2048]), torch.Size([2048]), torch.Size([512, 2048, 1, 1]), torch.Size([512]), torch.Size([512, 512, 3, 3]), torch.Size([512]), torch.Size([2048, 512, 1, 1]), torch.Size([2048]), torch.Size([2048]), torch.Size([10, 2048]), torch.Size([10])]
2026-08-08 20:51:57 [INFO] src.analysis.pyhessian: [PyHessian] layer3.5.conv2.weight: trace=15.9293 (36 iters)
[torch.Size([64, 3, 3, 3]), torch.Size([64]), torch.Size([64, 64, 1, 1]), torch.Size([64]), torch.Size([64, 64, 3, 3]), torch.Size([64]), torch.Size([256, 64, 1, 1]), torch.Size([256]), torch.Size([256]), torch.Size([256, 64, 1, 1]), torch.Size([256]), torch.Size([64, 256, 1, 1]), torch.Size([64]), torch.Size([64, 64, 3, 3]), torch.Size([64]), torch.Size([256, 64, 1, 1]), torch.Size([256]), torch.Size([256]), torch.Size([64, 256, 1, 1]), torch.Size([64]), torch.Size([64, 64, 3, 3]), torch.Size([64]), torch.Size([256, 64, 1, 1]), torch.Size([256]), torch.Size([256]), torch.Size([128, 256, 1, 1]), torch.Size([128]), torch.Size([128, 128, 3, 3]), torch.Size([128]), torch.Size([512, 128, 1, 1]), torch.Size([512]), torch.Size([512]), torch.Size([512, 256, 1, 1]), torch.Size([512]), torch.Size([128, 512, 1, 1]), torch.Size([128]), torch.Size([128, 128, 3, 3]), torch.Size([128]), torch.Size([512, 128, 1, 1]), torch.Size([512]), torch.Size([512]), torch.Size([128, 512, 1, 1]), torch.Size([128]), torch.Size([128, 128, 3, 3]), torch.Size([128]), torch.Size([512, 128, 1, 1]), torch.Size([512]), torch.Size([512]), torch.Size([128, 512, 1, 1]), torch.Size([128]), torch.Size([128, 128, 3, 3]), torch.Size([128]), torch.Size([512, 128, 1, 1]), torch.Size([512]), torch.Size([512]), torch.Size([256, 512, 1, 1]), torch.Size([256]), torch.Size([256, 256, 3, 3]), torch.Size([256]), torch.Size([1024, 256, 1, 1]), torch.Size([1024]), torch.Size([1024]), torch.Size([1024, 512, 1, 1]), torch.Size([1024]), torch.Size([256, 1024, 1, 1]), torch.Size([256]), torch.Size([256, 256, 3, 3]), torch.Size([256]), torch.Size([1024, 256, 1, 1]), torch.Size([1024]), torch.Size([1024]), torch.Size([256, 1024, 1, 1]), torch.Size([256]), torch.Size([256, 256, 3, 3]), torch.Size([256]), torch.Size([1024, 256, 1, 1]), torch.Size([1024]), torch.Size([1024]), torch.Size([256, 1024, 1, 1]), torch.Size([256]), torch.Size([256, 256, 3, 3]), torch.Size([256]), torch.Size([1024, 256, 1, 1]), torch.Size([1024]), torch.Size([1024]), torch.Size([256, 1024, 1, 1]), torch.Size([256]), torch.Size([256, 256, 3, 3]), torch.Size([256]), torch.Size([1024, 256, 1, 1]), torch.Size([1024]), torch.Size([1024]), torch.Size([256, 1024, 1, 1]), torch.Size([256]), torch.Size([256, 256, 3, 3]), torch.Size([256]), torch.Size([1024, 256, 1, 1]), torch.Size([1024]), torch.Size([1024]), torch.Size([512, 1024, 1, 1]), torch.Size([512]), torch.Size([512, 512, 3, 3]), torch.Size([512]), torch.Size([2048, 512, 1, 1]), torch.Size([2048]), torch.Size([2048]), torch.Size([2048, 1024, 1, 1]), torch.Size([2048]), torch.Size([512, 2048, 1, 1]), torch.Size([512]), torch.Size([512, 512, 3, 3]), torch.Size([512]), torch.Size([2048, 512, 1, 1]), torch.Size([2048]), torch.Size([2048]), torch.Size([512, 2048, 1, 1]), torch.Size([512]), torch.Size([512, 512, 3, 3]), torch.Size([512]), torch.Size([2048, 512, 1, 1]), torch.Size([2048]), torch.Size([2048]), torch.Size([10, 2048]), torch.Size([10])]
2026-08-08 20:51:57 [INFO] src.analysis.pyhessian: [PyHessian] layer3.5.conv3.weight: trace=8.3218 (24 iters)
[torch.Size([64, 3, 3, 3]), torch.Size([64]), torch.Size([64, 64, 1, 1]), torch.Size([64]), torch.Size([64, 64, 3, 3]), torch.Size([64]), torch.Size([256, 64, 1, 1]), torch.Size([256]), torch.Size([256]), torch.Size([256, 64, 1, 1]), torch.Size([256]), torch.Size([64, 256, 1, 1]), torch.Size([64]), torch.Size([64, 64, 3, 3]), torch.Size([64]), torch.Size([256, 64, 1, 1]), torch.Size([256]), torch.Size([256]), torch.Size([64, 256, 1, 1]), torch.Size([64]), torch.Size([64, 64, 3, 3]), torch.Size([64]), torch.Size([256, 64, 1, 1]), torch.Size([256]), torch.Size([256]), torch.Size([128, 256, 1, 1]), torch.Size([128]), torch.Size([128, 128, 3, 3]), torch.Size([128]), torch.Size([512, 128, 1, 1]), torch.Size([512]), torch.Size([512]), torch.Size([512, 256, 1, 1]), torch.Size([512]), torch.Size([128, 512, 1, 1]), torch.Size([128]), torch.Size([128, 128, 3, 3]), torch.Size([128]), torch.Size([512, 128, 1, 1]), torch.Size([512]), torch.Size([512]), torch.Size([128, 512, 1, 1]), torch.Size([128]), torch.Size([128, 128, 3, 3]), torch.Size([128]), torch.Size([512, 128, 1, 1]), torch.Size([512]), torch.Size([512]), torch.Size([128, 512, 1, 1]), torch.Size([128]), torch.Size([128, 128, 3, 3]), torch.Size([128]), torch.Size([512, 128, 1, 1]), torch.Size([512]), torch.Size([512]), torch.Size([256, 512, 1, 1]), torch.Size([256]), torch.Size([256, 256, 3, 3]), torch.Size([256]), torch.Size([1024, 256, 1, 1]), torch.Size([1024]), torch.Size([1024]), torch.Size([1024, 512, 1, 1]), torch.Size([1024]), torch.Size([256, 1024, 1, 1]), torch.Size([256]), torch.Size([256, 256, 3, 3]), torch.Size([256]), torch.Size([1024, 256, 1, 1]), torch.Size([1024]), torch.Size([1024]), torch.Size([256, 1024, 1, 1]), torch.Size([256]), torch.Size([256, 256, 3, 3]), torch.Size([256]), torch.Size([1024, 256, 1, 1]), torch.Size([1024]), torch.Size([1024]), torch.Size([256, 1024, 1, 1]), torch.Size([256]), torch.Size([256, 256, 3, 3]), torch.Size([256]), torch.Size([1024, 256, 1, 1]), torch.Size([1024]), torch.Size([1024]), torch.Size([256, 1024, 1, 1]), torch.Size([256]), torch.Size([256, 256, 3, 3]), torch.Size([256]), torch.Size([1024, 256, 1, 1]), torch.Size([1024]), torch.Size([1024]), torch.Size([256, 1024, 1, 1]), torch.Size([256]), torch.Size([256, 256, 3, 3]), torch.Size([256]), torch.Size([1024, 256, 1, 1]), torch.Size([1024]), torch.Size([1024]), torch.Size([512, 1024, 1, 1]), torch.Size([512]), torch.Size([512, 512, 3, 3]), torch.Size([512]), torch.Size([2048, 512, 1, 1]), torch.Size([2048]), torch.Size([2048]), torch.Size([2048, 1024, 1, 1]), torch.Size([2048]), torch.Size([512, 2048, 1, 1]), torch.Size([512]), torch.Size([512, 512, 3, 3]), torch.Size([512]), torch.Size([2048, 512, 1, 1]), torch.Size([2048]), torch.Size([2048]), torch.Size([512, 2048, 1, 1]), torch.Size([512]), torch.Size([512, 512, 3, 3]), torch.Size([512]), torch.Size([2048, 512, 1, 1]), torch.Size([2048]), torch.Size([2048]), torch.Size([10, 2048]), torch.Size([10])]
2026-08-08 20:51:58 [INFO] src.analysis.pyhessian: [PyHessian] layer4.0.conv1.weight: trace=41.7802 (34 iters)
[torch.Size([64, 3, 3, 3]), torch.Size([64]), torch.Size([64, 64, 1, 1]), torch.Size([64]), torch.Size([64, 64, 3, 3]), torch.Size([64]), torch.Size([256, 64, 1, 1]), torch.Size([256]), torch.Size([256]), torch.Size([256, 64, 1, 1]), torch.Size([256]), torch.Size([64, 256, 1, 1]), torch.Size([64]), torch.Size([64, 64, 3, 3]), torch.Size([64]), torch.Size([256, 64, 1, 1]), torch.Size([256]), torch.Size([256]), torch.Size([64, 256, 1, 1]), torch.Size([64]), torch.Size([64, 64, 3, 3]), torch.Size([64]), torch.Size([256, 64, 1, 1]), torch.Size([256]), torch.Size([256]), torch.Size([128, 256, 1, 1]), torch.Size([128]), torch.Size([128, 128, 3, 3]), torch.Size([128]), torch.Size([512, 128, 1, 1]), torch.Size([512]), torch.Size([512]), torch.Size([512, 256, 1, 1]), torch.Size([512]), torch.Size([128, 512, 1, 1]), torch.Size([128]), torch.Size([128, 128, 3, 3]), torch.Size([128]), torch.Size([512, 128, 1, 1]), torch.Size([512]), torch.Size([512]), torch.Size([128, 512, 1, 1]), torch.Size([128]), torch.Size([128, 128, 3, 3]), torch.Size([128]), torch.Size([512, 128, 1, 1]), torch.Size([512]), torch.Size([512]), torch.Size([128, 512, 1, 1]), torch.Size([128]), torch.Size([128, 128, 3, 3]), torch.Size([128]), torch.Size([512, 128, 1, 1]), torch.Size([512]), torch.Size([512]), torch.Size([256, 512, 1, 1]), torch.Size([256]), torch.Size([256, 256, 3, 3]), torch.Size([256]), torch.Size([1024, 256, 1, 1]), torch.Size([1024]), torch.Size([1024]), torch.Size([1024, 512, 1, 1]), torch.Size([1024]), torch.Size([256, 1024, 1, 1]), torch.Size([256]), torch.Size([256, 256, 3, 3]), torch.Size([256]), torch.Size([1024, 256, 1, 1]), torch.Size([1024]), torch.Size([1024]), torch.Size([256, 1024, 1, 1]), torch.Size([256]), torch.Size([256, 256, 3, 3]), torch.Size([256]), torch.Size([1024, 256, 1, 1]), torch.Size([1024]), torch.Size([1024]), torch.Size([256, 1024, 1, 1]), torch.Size([256]), torch.Size([256, 256, 3, 3]), torch.Size([256]), torch.Size([1024, 256, 1, 1]), torch.Size([1024]), torch.Size([1024]), torch.Size([256, 1024, 1, 1]), torch.Size([256]), torch.Size([256, 256, 3, 3]), torch.Size([256]), torch.Size([1024, 256, 1, 1]), torch.Size([1024]), torch.Size([1024]), torch.Size([256, 1024, 1, 1]), torch.Size([256]), torch.Size([256, 256, 3, 3]), torch.Size([256]), torch.Size([1024, 256, 1, 1]), torch.Size([1024]), torch.Size([1024]), torch.Size([512, 1024, 1, 1]), torch.Size([512]), torch.Size([512, 512, 3, 3]), torch.Size([512]), torch.Size([2048, 512, 1, 1]), torch.Size([2048]), torch.Size([2048]), torch.Size([2048, 1024, 1, 1]), torch.Size([2048]), torch.Size([512, 2048, 1, 1]), torch.Size([512]), torch.Size([512, 512, 3, 3]), torch.Size([512]), torch.Size([2048, 512, 1, 1]), torch.Size([2048]), torch.Size([2048]), torch.Size([512, 2048, 1, 1]), torch.Size([512]), torch.Size([512, 512, 3, 3]), torch.Size([512]), torch.Size([2048, 512, 1, 1]), torch.Size([2048]), torch.Size([2048]), torch.Size([10, 2048]), torch.Size([10])]
2026-08-08 20:51:58 [INFO] src.analysis.pyhessian: [PyHessian] layer4.0.conv2.weight: trace=10.2969 (45 iters)
[torch.Size([64, 3, 3, 3]), torch.Size([64]), torch.Size([64, 64, 1, 1]), torch.Size([64]), torch.Size([64, 64, 3, 3]), torch.Size([64]), torch.Size([256, 64, 1, 1]), torch.Size([256]), torch.Size([256]), torch.Size([256, 64, 1, 1]), torch.Size([256]), torch.Size([64, 256, 1, 1]), torch.Size([64]), torch.Size([64, 64, 3, 3]), torch.Size([64]), torch.Size([256, 64, 1, 1]), torch.Size([256]), torch.Size([256]), torch.Size([64, 256, 1, 1]), torch.Size([64]), torch.Size([64, 64, 3, 3]), torch.Size([64]), torch.Size([256, 64, 1, 1]), torch.Size([256]), torch.Size([256]), torch.Size([128, 256, 1, 1]), torch.Size([128]), torch.Size([128, 128, 3, 3]), torch.Size([128]), torch.Size([512, 128, 1, 1]), torch.Size([512]), torch.Size([512]), torch.Size([512, 256, 1, 1]), torch.Size([512]), torch.Size([128, 512, 1, 1]), torch.Size([128]), torch.Size([128, 128, 3, 3]), torch.Size([128]), torch.Size([512, 128, 1, 1]), torch.Size([512]), torch.Size([512]), torch.Size([128, 512, 1, 1]), torch.Size([128]), torch.Size([128, 128, 3, 3]), torch.Size([128]), torch.Size([512, 128, 1, 1]), torch.Size([512]), torch.Size([512]), torch.Size([128, 512, 1, 1]), torch.Size([128]), torch.Size([128, 128, 3, 3]), torch.Size([128]), torch.Size([512, 128, 1, 1]), torch.Size([512]), torch.Size([512]), torch.Size([256, 512, 1, 1]), torch.Size([256]), torch.Size([256, 256, 3, 3]), torch.Size([256]), torch.Size([1024, 256, 1, 1]), torch.Size([1024]), torch.Size([1024]), torch.Size([1024, 512, 1, 1]), torch.Size([1024]), torch.Size([256, 1024, 1, 1]), torch.Size([256]), torch.Size([256, 256, 3, 3]), torch.Size([256]), torch.Size([1024, 256, 1, 1]), torch.Size([1024]), torch.Size([1024]), torch.Size([256, 1024, 1, 1]), torch.Size([256]), torch.Size([256, 256, 3, 3]), torch.Size([256]), torch.Size([1024, 256, 1, 1]), torch.Size([1024]), torch.Size([1024]), torch.Size([256, 1024, 1, 1]), torch.Size([256]), torch.Size([256, 256, 3, 3]), torch.Size([256]), torch.Size([1024, 256, 1, 1]), torch.Size([1024]), torch.Size([1024]), torch.Size([256, 1024, 1, 1]), torch.Size([256]), torch.Size([256, 256, 3, 3]), torch.Size([256]), torch.Size([1024, 256, 1, 1]), torch.Size([1024]), torch.Size([1024]), torch.Size([256, 1024, 1, 1]), torch.Size([256]), torch.Size([256, 256, 3, 3]), torch.Size([256]), torch.Size([1024, 256, 1, 1]), torch.Size([1024]), torch.Size([1024]), torch.Size([512, 1024, 1, 1]), torch.Size([512]), torch.Size([512, 512, 3, 3]), torch.Size([512]), torch.Size([2048, 512, 1, 1]), torch.Size([2048]), torch.Size([2048]), torch.Size([2048, 1024, 1, 1]), torch.Size([2048]), torch.Size([512, 2048, 1, 1]), torch.Size([512]), torch.Size([512, 512, 3, 3]), torch.Size([512]), torch.Size([2048, 512, 1, 1]), torch.Size([2048]), torch.Size([2048]), torch.Size([512, 2048, 1, 1]), torch.Size([512]), torch.Size([512, 512, 3, 3]), torch.Size([512]), torch.Size([2048, 512, 1, 1]), torch.Size([2048]), torch.Size([2048]), torch.Size([10, 2048]), torch.Size([10])]
2026-08-08 20:51:59 [INFO] src.analysis.pyhessian: [PyHessian] layer4.0.conv3.weight: trace=9.2763 (30 iters)
[torch.Size([64, 3, 3, 3]), torch.Size([64]), torch.Size([64, 64, 1, 1]), torch.Size([64]), torch.Size([64, 64, 3, 3]), torch.Size([64]), torch.Size([256, 64, 1, 1]), torch.Size([256]), torch.Size([256]), torch.Size([256, 64, 1, 1]), torch.Size([256]), torch.Size([64, 256, 1, 1]), torch.Size([64]), torch.Size([64, 64, 3, 3]), torch.Size([64]), torch.Size([256, 64, 1, 1]), torch.Size([256]), torch.Size([256]), torch.Size([64, 256, 1, 1]), torch.Size([64]), torch.Size([64, 64, 3, 3]), torch.Size([64]), torch.Size([256, 64, 1, 1]), torch.Size([256]), torch.Size([256]), torch.Size([128, 256, 1, 1]), torch.Size([128]), torch.Size([128, 128, 3, 3]), torch.Size([128]), torch.Size([512, 128, 1, 1]), torch.Size([512]), torch.Size([512]), torch.Size([512, 256, 1, 1]), torch.Size([512]), torch.Size([128, 512, 1, 1]), torch.Size([128]), torch.Size([128, 128, 3, 3]), torch.Size([128]), torch.Size([512, 128, 1, 1]), torch.Size([512]), torch.Size([512]), torch.Size([128, 512, 1, 1]), torch.Size([128]), torch.Size([128, 128, 3, 3]), torch.Size([128]), torch.Size([512, 128, 1, 1]), torch.Size([512]), torch.Size([512]), torch.Size([128, 512, 1, 1]), torch.Size([128]), torch.Size([128, 128, 3, 3]), torch.Size([128]), torch.Size([512, 128, 1, 1]), torch.Size([512]), torch.Size([512]), torch.Size([256, 512, 1, 1]), torch.Size([256]), torch.Size([256, 256, 3, 3]), torch.Size([256]), torch.Size([1024, 256, 1, 1]), torch.Size([1024]), torch.Size([1024]), torch.Size([1024, 512, 1, 1]), torch.Size([1024]), torch.Size([256, 1024, 1, 1]), torch.Size([256]), torch.Size([256, 256, 3, 3]), torch.Size([256]), torch.Size([1024, 256, 1, 1]), torch.Size([1024]), torch.Size([1024]), torch.Size([256, 1024, 1, 1]), torch.Size([256]), torch.Size([256, 256, 3, 3]), torch.Size([256]), torch.Size([1024, 256, 1, 1]), torch.Size([1024]), torch.Size([1024]), torch.Size([256, 1024, 1, 1]), torch.Size([256]), torch.Size([256, 256, 3, 3]), torch.Size([256]), torch.Size([1024, 256, 1, 1]), torch.Size([1024]), torch.Size([1024]), torch.Size([256, 1024, 1, 1]), torch.Size([256]), torch.Size([256, 256, 3, 3]), torch.Size([256]), torch.Size([1024, 256, 1, 1]), torch.Size([1024]), torch.Size([1024]), torch.Size([256, 1024, 1, 1]), torch.Size([256]), torch.Size([256, 256, 3, 3]), torch.Size([256]), torch.Size([1024, 256, 1, 1]), torch.Size([1024]), torch.Size([1024]), torch.Size([512, 1024, 1, 1]), torch.Size([512]), torch.Size([512, 512, 3, 3]), torch.Size([512]), torch.Size([2048, 512, 1, 1]), torch.Size([2048]), torch.Size([2048]), torch.Size([2048, 1024, 1, 1]), torch.Size([2048]), torch.Size([512, 2048, 1, 1]), torch.Size([512]), torch.Size([512, 512, 3, 3]), torch.Size([512]), torch.Size([2048, 512, 1, 1]), torch.Size([2048]), torch.Size([2048]), torch.Size([512, 2048, 1, 1]), torch.Size([512]), torch.Size([512, 512, 3, 3]), torch.Size([512]), torch.Size([2048, 512, 1, 1]), torch.Size([2048]), torch.Size([2048]), torch.Size([10, 2048]), torch.Size([10])]
2026-08-08 20:51:59 [INFO] src.analysis.pyhessian: [PyHessian] layer4.0.downsample.0.weight: trace=36.8728 (24 iters)
[torch.Size([64, 3, 3, 3]), torch.Size([64]), torch.Size([64, 64, 1, 1]), torch.Size([64]), torch.Size([64, 64, 3, 3]), torch.Size([64]), torch.Size([256, 64, 1, 1]), torch.Size([256]), torch.Size([256]), torch.Size([256, 64, 1, 1]), torch.Size([256]), torch.Size([64, 256, 1, 1]), torch.Size([64]), torch.Size([64, 64, 3, 3]), torch.Size([64]), torch.Size([256, 64, 1, 1]), torch.Size([256]), torch.Size([256]), torch.Size([64, 256, 1, 1]), torch.Size([64]), torch.Size([64, 64, 3, 3]), torch.Size([64]), torch.Size([256, 64, 1, 1]), torch.Size([256]), torch.Size([256]), torch.Size([128, 256, 1, 1]), torch.Size([128]), torch.Size([128, 128, 3, 3]), torch.Size([128]), torch.Size([512, 128, 1, 1]), torch.Size([512]), torch.Size([512]), torch.Size([512, 256, 1, 1]), torch.Size([512]), torch.Size([128, 512, 1, 1]), torch.Size([128]), torch.Size([128, 128, 3, 3]), torch.Size([128]), torch.Size([512, 128, 1, 1]), torch.Size([512]), torch.Size([512]), torch.Size([128, 512, 1, 1]), torch.Size([128]), torch.Size([128, 128, 3, 3]), torch.Size([128]), torch.Size([512, 128, 1, 1]), torch.Size([512]), torch.Size([512]), torch.Size([128, 512, 1, 1]), torch.Size([128]), torch.Size([128, 128, 3, 3]), torch.Size([128]), torch.Size([512, 128, 1, 1]), torch.Size([512]), torch.Size([512]), torch.Size([256, 512, 1, 1]), torch.Size([256]), torch.Size([256, 256, 3, 3]), torch.Size([256]), torch.Size([1024, 256, 1, 1]), torch.Size([1024]), torch.Size([1024]), torch.Size([1024, 512, 1, 1]), torch.Size([1024]), torch.Size([256, 1024, 1, 1]), torch.Size([256]), torch.Size([256, 256, 3, 3]), torch.Size([256]), torch.Size([1024, 256, 1, 1]), torch.Size([1024]), torch.Size([1024]), torch.Size([256, 1024, 1, 1]), torch.Size([256]), torch.Size([256, 256, 3, 3]), torch.Size([256]), torch.Size([1024, 256, 1, 1]), torch.Size([1024]), torch.Size([1024]), torch.Size([256, 1024, 1, 1]), torch.Size([256]), torch.Size([256, 256, 3, 3]), torch.Size([256]), torch.Size([1024, 256, 1, 1]), torch.Size([1024]), torch.Size([1024]), torch.Size([256, 1024, 1, 1]), torch.Size([256]), torch.Size([256, 256, 3, 3]), torch.Size([256]), torch.Size([1024, 256, 1, 1]), torch.Size([1024]), torch.Size([1024]), torch.Size([256, 1024, 1, 1]), torch.Size([256]), torch.Size([256, 256, 3, 3]), torch.Size([256]), torch.Size([1024, 256, 1, 1]), torch.Size([1024]), torch.Size([1024]), torch.Size([512, 1024, 1, 1]), torch.Size([512]), torch.Size([512, 512, 3, 3]), torch.Size([512]), torch.Size([2048, 512, 1, 1]), torch.Size([2048]), torch.Size([2048]), torch.Size([2048, 1024, 1, 1]), torch.Size([2048]), torch.Size([512, 2048, 1, 1]), torch.Size([512]), torch.Size([512, 512, 3, 3]), torch.Size([512]), torch.Size([2048, 512, 1, 1]), torch.Size([2048]), torch.Size([2048]), torch.Size([512, 2048, 1, 1]), torch.Size([512]), torch.Size([512, 512, 3, 3]), torch.Size([512]), torch.Size([2048, 512, 1, 1]), torch.Size([2048]), torch.Size([2048]), torch.Size([10, 2048]), torch.Size([10])]
2026-08-08 20:51:59 [INFO] src.analysis.pyhessian: [PyHessian] layer4.1.conv1.weight: trace=32.0735 (50 iters)
[torch.Size([64, 3, 3, 3]), torch.Size([64]), torch.Size([64, 64, 1, 1]), torch.Size([64]), torch.Size([64, 64, 3, 3]), torch.Size([64]), torch.Size([256, 64, 1, 1]), torch.Size([256]), torch.Size([256]), torch.Size([256, 64, 1, 1]), torch.Size([256]), torch.Size([64, 256, 1, 1]), torch.Size([64]), torch.Size([64, 64, 3, 3]), torch.Size([64]), torch.Size([256, 64, 1, 1]), torch.Size([256]), torch.Size([256]), torch.Size([64, 256, 1, 1]), torch.Size([64]), torch.Size([64, 64, 3, 3]), torch.Size([64]), torch.Size([256, 64, 1, 1]), torch.Size([256]), torch.Size([256]), torch.Size([128, 256, 1, 1]), torch.Size([128]), torch.Size([128, 128, 3, 3]), torch.Size([128]), torch.Size([512, 128, 1, 1]), torch.Size([512]), torch.Size([512]), torch.Size([512, 256, 1, 1]), torch.Size([512]), torch.Size([128, 512, 1, 1]), torch.Size([128]), torch.Size([128, 128, 3, 3]), torch.Size([128]), torch.Size([512, 128, 1, 1]), torch.Size([512]), torch.Size([512]), torch.Size([128, 512, 1, 1]), torch.Size([128]), torch.Size([128, 128, 3, 3]), torch.Size([128]), torch.Size([512, 128, 1, 1]), torch.Size([512]), torch.Size([512]), torch.Size([128, 512, 1, 1]), torch.Size([128]), torch.Size([128, 128, 3, 3]), torch.Size([128]), torch.Size([512, 128, 1, 1]), torch.Size([512]), torch.Size([512]), torch.Size([256, 512, 1, 1]), torch.Size([256]), torch.Size([256, 256, 3, 3]), torch.Size([256]), torch.Size([1024, 256, 1, 1]), torch.Size([1024]), torch.Size([1024]), torch.Size([1024, 512, 1, 1]), torch.Size([1024]), torch.Size([256, 1024, 1, 1]), torch.Size([256]), torch.Size([256, 256, 3, 3]), torch.Size([256]), torch.Size([1024, 256, 1, 1]), torch.Size([1024]), torch.Size([1024]), torch.Size([256, 1024, 1, 1]), torch.Size([256]), torch.Size([256, 256, 3, 3]), torch.Size([256]), torch.Size([1024, 256, 1, 1]), torch.Size([1024]), torch.Size([1024]), torch.Size([256, 1024, 1, 1]), torch.Size([256]), torch.Size([256, 256, 3, 3]), torch.Size([256]), torch.Size([1024, 256, 1, 1]), torch.Size([1024]), torch.Size([1024]), torch.Size([256, 1024, 1, 1]), torch.Size([256]), torch.Size([256, 256, 3, 3]), torch.Size([256]), torch.Size([1024, 256, 1, 1]), torch.Size([1024]), torch.Size([1024]), torch.Size([256, 1024, 1, 1]), torch.Size([256]), torch.Size([256, 256, 3, 3]), torch.Size([256]), torch.Size([1024, 256, 1, 1]), torch.Size([1024]), torch.Size([1024]), torch.Size([512, 1024, 1, 1]), torch.Size([512]), torch.Size([512, 512, 3, 3]), torch.Size([512]), torch.Size([2048, 512, 1, 1]), torch.Size([2048]), torch.Size([2048]), torch.Size([2048, 1024, 1, 1]), torch.Size([2048]), torch.Size([512, 2048, 1, 1]), torch.Size([512]), torch.Size([512, 512, 3, 3]), torch.Size([512]), torch.Size([2048, 512, 1, 1]), torch.Size([2048]), torch.Size([2048]), torch.Size([512, 2048, 1, 1]), torch.Size([512]), torch.Size([512, 512, 3, 3]), torch.Size([512]), torch.Size([2048, 512, 1, 1]), torch.Size([2048]), torch.Size([2048]), torch.Size([10, 2048]), torch.Size([10])]
2026-08-08 20:52:00 [INFO] src.analysis.pyhessian: [PyHessian] layer4.1.conv2.weight: trace=56.8099 (6 iters)
[torch.Size([64, 3, 3, 3]), torch.Size([64]), torch.Size([64, 64, 1, 1]), torch.Size([64]), torch.Size([64, 64, 3, 3]), torch.Size([64]), torch.Size([256, 64, 1, 1]), torch.Size([256]), torch.Size([256]), torch.Size([256, 64, 1, 1]), torch.Size([256]), torch.Size([64, 256, 1, 1]), torch.Size([64]), torch.Size([64, 64, 3, 3]), torch.Size([64]), torch.Size([256, 64, 1, 1]), torch.Size([256]), torch.Size([256]), torch.Size([64, 256, 1, 1]), torch.Size([64]), torch.Size([64, 64, 3, 3]), torch.Size([64]), torch.Size([256, 64, 1, 1]), torch.Size([256]), torch.Size([256]), torch.Size([128, 256, 1, 1]), torch.Size([128]), torch.Size([128, 128, 3, 3]), torch.Size([128]), torch.Size([512, 128, 1, 1]), torch.Size([512]), torch.Size([512]), torch.Size([512, 256, 1, 1]), torch.Size([512]), torch.Size([128, 512, 1, 1]), torch.Size([128]), torch.Size([128, 128, 3, 3]), torch.Size([128]), torch.Size([512, 128, 1, 1]), torch.Size([512]), torch.Size([512]), torch.Size([128, 512, 1, 1]), torch.Size([128]), torch.Size([128, 128, 3, 3]), torch.Size([128]), torch.Size([512, 128, 1, 1]), torch.Size([512]), torch.Size([512]), torch.Size([128, 512, 1, 1]), torch.Size([128]), torch.Size([128, 128, 3, 3]), torch.Size([128]), torch.Size([512, 128, 1, 1]), torch.Size([512]), torch.Size([512]), torch.Size([256, 512, 1, 1]), torch.Size([256]), torch.Size([256, 256, 3, 3]), torch.Size([256]), torch.Size([1024, 256, 1, 1]), torch.Size([1024]), torch.Size([1024]), torch.Size([1024, 512, 1, 1]), torch.Size([1024]), torch.Size([256, 1024, 1, 1]), torch.Size([256]), torch.Size([256, 256, 3, 3]), torch.Size([256]), torch.Size([1024, 256, 1, 1]), torch.Size([1024]), torch.Size([1024]), torch.Size([256, 1024, 1, 1]), torch.Size([256]), torch.Size([256, 256, 3, 3]), torch.Size([256]), torch.Size([1024, 256, 1, 1]), torch.Size([1024]), torch.Size([1024]), torch.Size([256, 1024, 1, 1]), torch.Size([256]), torch.Size([256, 256, 3, 3]), torch.Size([256]), torch.Size([1024, 256, 1, 1]), torch.Size([1024]), torch.Size([1024]), torch.Size([256, 1024, 1, 1]), torch.Size([256]), torch.Size([256, 256, 3, 3]), torch.Size([256]), torch.Size([1024, 256, 1, 1]), torch.Size([1024]), torch.Size([1024]), torch.Size([256, 1024, 1, 1]), torch.Size([256]), torch.Size([256, 256, 3, 3]), torch.Size([256]), torch.Size([1024, 256, 1, 1]), torch.Size([1024]), torch.Size([1024]), torch.Size([512, 1024, 1, 1]), torch.Size([512]), torch.Size([512, 512, 3, 3]), torch.Size([512]), torch.Size([2048, 512, 1, 1]), torch.Size([2048]), torch.Size([2048]), torch.Size([2048, 1024, 1, 1]), torch.Size([2048]), torch.Size([512, 2048, 1, 1]), torch.Size([512]), torch.Size([512, 512, 3, 3]), torch.Size([512]), torch.Size([2048, 512, 1, 1]), torch.Size([2048]), torch.Size([2048]), torch.Size([512, 2048, 1, 1]), torch.Size([512]), torch.Size([512, 512, 3, 3]), torch.Size([512]), torch.Size([2048, 512, 1, 1]), torch.Size([2048]), torch.Size([2048]), torch.Size([10, 2048]), torch.Size([10])]
2026-08-08 20:52:00 [INFO] src.analysis.pyhessian: [PyHessian] layer4.1.conv3.weight: trace=11.9949 (36 iters)
[torch.Size([64, 3, 3, 3]), torch.Size([64]), torch.Size([64, 64, 1, 1]), torch.Size([64]), torch.Size([64, 64, 3, 3]), torch.Size([64]), torch.Size([256, 64, 1, 1]), torch.Size([256]), torch.Size([256]), torch.Size([256, 64, 1, 1]), torch.Size([256]), torch.Size([64, 256, 1, 1]), torch.Size([64]), torch.Size([64, 64, 3, 3]), torch.Size([64]), torch.Size([256, 64, 1, 1]), torch.Size([256]), torch.Size([256]), torch.Size([64, 256, 1, 1]), torch.Size([64]), torch.Size([64, 64, 3, 3]), torch.Size([64]), torch.Size([256, 64, 1, 1]), torch.Size([256]), torch.Size([256]), torch.Size([128, 256, 1, 1]), torch.Size([128]), torch.Size([128, 128, 3, 3]), torch.Size([128]), torch.Size([512, 128, 1, 1]), torch.Size([512]), torch.Size([512]), torch.Size([512, 256, 1, 1]), torch.Size([512]), torch.Size([128, 512, 1, 1]), torch.Size([128]), torch.Size([128, 128, 3, 3]), torch.Size([128]), torch.Size([512, 128, 1, 1]), torch.Size([512]), torch.Size([512]), torch.Size([128, 512, 1, 1]), torch.Size([128]), torch.Size([128, 128, 3, 3]), torch.Size([128]), torch.Size([512, 128, 1, 1]), torch.Size([512]), torch.Size([512]), torch.Size([128, 512, 1, 1]), torch.Size([128]), torch.Size([128, 128, 3, 3]), torch.Size([128]), torch.Size([512, 128, 1, 1]), torch.Size([512]), torch.Size([512]), torch.Size([256, 512, 1, 1]), torch.Size([256]), torch.Size([256, 256, 3, 3]), torch.Size([256]), torch.Size([1024, 256, 1, 1]), torch.Size([1024]), torch.Size([1024]), torch.Size([1024, 512, 1, 1]), torch.Size([1024]), torch.Size([256, 1024, 1, 1]), torch.Size([256]), torch.Size([256, 256, 3, 3]), torch.Size([256]), torch.Size([1024, 256, 1, 1]), torch.Size([1024]), torch.Size([1024]), torch.Size([256, 1024, 1, 1]), torch.Size([256]), torch.Size([256, 256, 3, 3]), torch.Size([256]), torch.Size([1024, 256, 1, 1]), torch.Size([1024]), torch.Size([1024]), torch.Size([256, 1024, 1, 1]), torch.Size([256]), torch.Size([256, 256, 3, 3]), torch.Size([256]), torch.Size([1024, 256, 1, 1]), torch.Size([1024]), torch.Size([1024]), torch.Size([256, 1024, 1, 1]), torch.Size([256]), torch.Size([256, 256, 3, 3]), torch.Size([256]), torch.Size([1024, 256, 1, 1]), torch.Size([1024]), torch.Size([1024]), torch.Size([256, 1024, 1, 1]), torch.Size([256]), torch.Size([256, 256, 3, 3]), torch.Size([256]), torch.Size([1024, 256, 1, 1]), torch.Size([1024]), torch.Size([1024]), torch.Size([512, 1024, 1, 1]), torch.Size([512]), torch.Size([512, 512, 3, 3]), torch.Size([512]), torch.Size([2048, 512, 1, 1]), torch.Size([2048]), torch.Size([2048]), torch.Size([2048, 1024, 1, 1]), torch.Size([2048]), torch.Size([512, 2048, 1, 1]), torch.Size([512]), torch.Size([512, 512, 3, 3]), torch.Size([512]), torch.Size([2048, 512, 1, 1]), torch.Size([2048]), torch.Size([2048]), torch.Size([512, 2048, 1, 1]), torch.Size([512]), torch.Size([512, 512, 3, 3]), torch.Size([512]), torch.Size([2048, 512, 1, 1]), torch.Size([2048]), torch.Size([2048]), torch.Size([10, 2048]), torch.Size([10])]
2026-08-08 20:52:00 [INFO] src.analysis.pyhessian: [PyHessian] layer4.2.conv1.weight: trace=10.7166 (36 iters)
[torch.Size([64, 3, 3, 3]), torch.Size([64]), torch.Size([64, 64, 1, 1]), torch.Size([64]), torch.Size([64, 64, 3, 3]), torch.Size([64]), torch.Size([256, 64, 1, 1]), torch.Size([256]), torch.Size([256]), torch.Size([256, 64, 1, 1]), torch.Size([256]), torch.Size([64, 256, 1, 1]), torch.Size([64]), torch.Size([64, 64, 3, 3]), torch.Size([64]), torch.Size([256, 64, 1, 1]), torch.Size([256]), torch.Size([256]), torch.Size([64, 256, 1, 1]), torch.Size([64]), torch.Size([64, 64, 3, 3]), torch.Size([64]), torch.Size([256, 64, 1, 1]), torch.Size([256]), torch.Size([256]), torch.Size([128, 256, 1, 1]), torch.Size([128]), torch.Size([128, 128, 3, 3]), torch.Size([128]), torch.Size([512, 128, 1, 1]), torch.Size([512]), torch.Size([512]), torch.Size([512, 256, 1, 1]), torch.Size([512]), torch.Size([128, 512, 1, 1]), torch.Size([128]), torch.Size([128, 128, 3, 3]), torch.Size([128]), torch.Size([512, 128, 1, 1]), torch.Size([512]), torch.Size([512]), torch.Size([128, 512, 1, 1]), torch.Size([128]), torch.Size([128, 128, 3, 3]), torch.Size([128]), torch.Size([512, 128, 1, 1]), torch.Size([512]), torch.Size([512]), torch.Size([128, 512, 1, 1]), torch.Size([128]), torch.Size([128, 128, 3, 3]), torch.Size([128]), torch.Size([512, 128, 1, 1]), torch.Size([512]), torch.Size([512]), torch.Size([256, 512, 1, 1]), torch.Size([256]), torch.Size([256, 256, 3, 3]), torch.Size([256]), torch.Size([1024, 256, 1, 1]), torch.Size([1024]), torch.Size([1024]), torch.Size([1024, 512, 1, 1]), torch.Size([1024]), torch.Size([256, 1024, 1, 1]), torch.Size([256]), torch.Size([256, 256, 3, 3]), torch.Size([256]), torch.Size([1024, 256, 1, 1]), torch.Size([1024]), torch.Size([1024]), torch.Size([256, 1024, 1, 1]), torch.Size([256]), torch.Size([256, 256, 3, 3]), torch.Size([256]), torch.Size([1024, 256, 1, 1]), torch.Size([1024]), torch.Size([1024]), torch.Size([256, 1024, 1, 1]), torch.Size([256]), torch.Size([256, 256, 3, 3]), torch.Size([256]), torch.Size([1024, 256, 1, 1]), torch.Size([1024]), torch.Size([1024]), torch.Size([256, 1024, 1, 1]), torch.Size([256]), torch.Size([256, 256, 3, 3]), torch.Size([256]), torch.Size([1024, 256, 1, 1]), torch.Size([1024]), torch.Size([1024]), torch.Size([256, 1024, 1, 1]), torch.Size([256]), torch.Size([256, 256, 3, 3]), torch.Size([256]), torch.Size([1024, 256, 1, 1]), torch.Size([1024]), torch.Size([1024]), torch.Size([512, 1024, 1, 1]), torch.Size([512]), torch.Size([512, 512, 3, 3]), torch.Size([512]), torch.Size([2048, 512, 1, 1]), torch.Size([2048]), torch.Size([2048]), torch.Size([2048, 1024, 1, 1]), torch.Size([2048]), torch.Size([512, 2048, 1, 1]), torch.Size([512]), torch.Size([512, 512, 3, 3]), torch.Size([512]), torch.Size([2048, 512, 1, 1]), torch.Size([2048]), torch.Size([2048]), torch.Size([512, 2048, 1, 1]), torch.Size([512]), torch.Size([512, 512, 3, 3]), torch.Size([512]), torch.Size([2048, 512, 1, 1]), torch.Size([2048]), torch.Size([2048]), torch.Size([10, 2048]), torch.Size([10])]
2026-08-08 20:52:00 [INFO] src.analysis.pyhessian: [PyHessian] layer4.2.conv2.weight: trace=2.2697 (18 iters)
[torch.Size([64, 3, 3, 3]), torch.Size([64]), torch.Size([64, 64, 1, 1]), torch.Size([64]), torch.Size([64, 64, 3, 3]), torch.Size([64]), torch.Size([256, 64, 1, 1]), torch.Size([256]), torch.Size([256]), torch.Size([256, 64, 1, 1]), torch.Size([256]), torch.Size([64, 256, 1, 1]), torch.Size([64]), torch.Size([64, 64, 3, 3]), torch.Size([64]), torch.Size([256, 64, 1, 1]), torch.Size([256]), torch.Size([256]), torch.Size([64, 256, 1, 1]), torch.Size([64]), torch.Size([64, 64, 3, 3]), torch.Size([64]), torch.Size([256, 64, 1, 1]), torch.Size([256]), torch.Size([256]), torch.Size([128, 256, 1, 1]), torch.Size([128]), torch.Size([128, 128, 3, 3]), torch.Size([128]), torch.Size([512, 128, 1, 1]), torch.Size([512]), torch.Size([512]), torch.Size([512, 256, 1, 1]), torch.Size([512]), torch.Size([128, 512, 1, 1]), torch.Size([128]), torch.Size([128, 128, 3, 3]), torch.Size([128]), torch.Size([512, 128, 1, 1]), torch.Size([512]), torch.Size([512]), torch.Size([128, 512, 1, 1]), torch.Size([128]), torch.Size([128, 128, 3, 3]), torch.Size([128]), torch.Size([512, 128, 1, 1]), torch.Size([512]), torch.Size([512]), torch.Size([128, 512, 1, 1]), torch.Size([128]), torch.Size([128, 128, 3, 3]), torch.Size([128]), torch.Size([512, 128, 1, 1]), torch.Size([512]), torch.Size([512]), torch.Size([256, 512, 1, 1]), torch.Size([256]), torch.Size([256, 256, 3, 3]), torch.Size([256]), torch.Size([1024, 256, 1, 1]), torch.Size([1024]), torch.Size([1024]), torch.Size([1024, 512, 1, 1]), torch.Size([1024]), torch.Size([256, 1024, 1, 1]), torch.Size([256]), torch.Size([256, 256, 3, 3]), torch.Size([256]), torch.Size([1024, 256, 1, 1]), torch.Size([1024]), torch.Size([1024]), torch.Size([256, 1024, 1, 1]), torch.Size([256]), torch.Size([256, 256, 3, 3]), torch.Size([256]), torch.Size([1024, 256, 1, 1]), torch.Size([1024]), torch.Size([1024]), torch.Size([256, 1024, 1, 1]), torch.Size([256]), torch.Size([256, 256, 3, 3]), torch.Size([256]), torch.Size([1024, 256, 1, 1]), torch.Size([1024]), torch.Size([1024]), torch.Size([256, 1024, 1, 1]), torch.Size([256]), torch.Size([256, 256, 3, 3]), torch.Size([256]), torch.Size([1024, 256, 1, 1]), torch.Size([1024]), torch.Size([1024]), torch.Size([256, 1024, 1, 1]), torch.Size([256]), torch.Size([256, 256, 3, 3]), torch.Size([256]), torch.Size([1024, 256, 1, 1]), torch.Size([1024]), torch.Size([1024]), torch.Size([512, 1024, 1, 1]), torch.Size([512]), torch.Size([512, 512, 3, 3]), torch.Size([512]), torch.Size([2048, 512, 1, 1]), torch.Size([2048]), torch.Size([2048]), torch.Size([2048, 1024, 1, 1]), torch.Size([2048]), torch.Size([512, 2048, 1, 1]), torch.Size([512]), torch.Size([512, 512, 3, 3]), torch.Size([512]), torch.Size([2048, 512, 1, 1]), torch.Size([2048]), torch.Size([2048]), torch.Size([512, 2048, 1, 1]), torch.Size([512]), torch.Size([512, 512, 3, 3]), torch.Size([512]), torch.Size([2048, 512, 1, 1]), torch.Size([2048]), torch.Size([2048]), torch.Size([10, 2048]), torch.Size([10])]
2026-08-08 20:52:01 [INFO] src.analysis.pyhessian: [PyHessian] layer4.2.conv3.weight: trace=2.2462 (26 iters)
[torch.Size([64, 3, 3, 3]), torch.Size([64]), torch.Size([64, 64, 1, 1]), torch.Size([64]), torch.Size([64, 64, 3, 3]), torch.Size([64]), torch.Size([256, 64, 1, 1]), torch.Size([256]), torch.Size([256]), torch.Size([256, 64, 1, 1]), torch.Size([256]), torch.Size([64, 256, 1, 1]), torch.Size([64]), torch.Size([64, 64, 3, 3]), torch.Size([64]), torch.Size([256, 64, 1, 1]), torch.Size([256]), torch.Size([256]), torch.Size([64, 256, 1, 1]), torch.Size([64]), torch.Size([64, 64, 3, 3]), torch.Size([64]), torch.Size([256, 64, 1, 1]), torch.Size([256]), torch.Size([256]), torch.Size([128, 256, 1, 1]), torch.Size([128]), torch.Size([128, 128, 3, 3]), torch.Size([128]), torch.Size([512, 128, 1, 1]), torch.Size([512]), torch.Size([512]), torch.Size([512, 256, 1, 1]), torch.Size([512]), torch.Size([128, 512, 1, 1]), torch.Size([128]), torch.Size([128, 128, 3, 3]), torch.Size([128]), torch.Size([512, 128, 1, 1]), torch.Size([512]), torch.Size([512]), torch.Size([128, 512, 1, 1]), torch.Size([128]), torch.Size([128, 128, 3, 3]), torch.Size([128]), torch.Size([512, 128, 1, 1]), torch.Size([512]), torch.Size([512]), torch.Size([128, 512, 1, 1]), torch.Size([128]), torch.Size([128, 128, 3, 3]), torch.Size([128]), torch.Size([512, 128, 1, 1]), torch.Size([512]), torch.Size([512]), torch.Size([256, 512, 1, 1]), torch.Size([256]), torch.Size([256, 256, 3, 3]), torch.Size([256]), torch.Size([1024, 256, 1, 1]), torch.Size([1024]), torch.Size([1024]), torch.Size([1024, 512, 1, 1]), torch.Size([1024]), torch.Size([256, 1024, 1, 1]), torch.Size([256]), torch.Size([256, 256, 3, 3]), torch.Size([256]), torch.Size([1024, 256, 1, 1]), torch.Size([1024]), torch.Size([1024]), torch.Size([256, 1024, 1, 1]), torch.Size([256]), torch.Size([256, 256, 3, 3]), torch.Size([256]), torch.Size([1024, 256, 1, 1]), torch.Size([1024]), torch.Size([1024]), torch.Size([256, 1024, 1, 1]), torch.Size([256]), torch.Size([256, 256, 3, 3]), torch.Size([256]), torch.Size([1024, 256, 1, 1]), torch.Size([1024]), torch.Size([1024]), torch.Size([256, 1024, 1, 1]), torch.Size([256]), torch.Size([256, 256, 3, 3]), torch.Size([256]), torch.Size([1024, 256, 1, 1]), torch.Size([1024]), torch.Size([1024]), torch.Size([256, 1024, 1, 1]), torch.Size([256]), torch.Size([256, 256, 3, 3]), torch.Size([256]), torch.Size([1024, 256, 1, 1]), torch.Size([1024]), torch.Size([1024]), torch.Size([512, 1024, 1, 1]), torch.Size([512]), torch.Size([512, 512, 3, 3]), torch.Size([512]), torch.Size([2048, 512, 1, 1]), torch.Size([2048]), torch.Size([2048]), torch.Size([2048, 1024, 1, 1]), torch.Size([2048]), torch.Size([512, 2048, 1, 1]), torch.Size([512]), torch.Size([512, 512, 3, 3]), torch.Size([512]), torch.Size([2048, 512, 1, 1]), torch.Size([2048]), torch.Size([2048]), torch.Size([512, 2048, 1, 1]), torch.Size([512]), torch.Size([512, 512, 3, 3]), torch.Size([512]), torch.Size([2048, 512, 1, 1]), torch.Size([2048]), torch.Size([2048]), torch.Size([10, 2048]), torch.Size([10])]
2026-08-08 20:52:01 [INFO] src.analysis.pyhessian: [PyHessian] fc.weight: trace=3.8503 (55 iters)
2026-08-08 20:52:03 [INFO] src.analysis.top_eigenvalue: [PyHessian] conv1.weight: lambda_max=18.6887
2026-08-08 20:52:03 [INFO] src.analysis.top_eigenvalue: [PyHessian] layer1.0.conv1.weight: lambda_max=0.5136
2026-08-08 20:52:04 [INFO] src.analysis.top_eigenvalue: [PyHessian] layer1.0.conv2.weight: lambda_max=0.9928
2026-08-08 20:52:05 [INFO] src.analysis.top_eigenvalue: [PyHessian] layer1.0.conv3.weight: lambda_max=0.1681
2026-08-08 20:52:06 [INFO] src.analysis.top_eigenvalue: [PyHessian] layer1.0.downsample.0.weight: lambda_max=1.0226
2026-08-08 20:52:07 [INFO] src.analysis.top_eigenvalue: [PyHessian] layer1.1.conv1.weight: lambda_max=0.4203
2026-08-08 20:52:07 [INFO] src.analysis.top_eigenvalue: [PyHessian] layer1.1.conv2.weight: lambda_max=1.0218
2026-08-08 20:52:08 [INFO] src.analysis.top_eigenvalue: [PyHessian] layer1.1.conv3.weight: lambda_max=0.4233
2026-08-08 20:52:09 [INFO] src.analysis.top_eigenvalue: [PyHessian] layer1.2.conv1.weight: lambda_max=0.5304
2026-08-08 20:52:09 [INFO] src.analysis.top_eigenvalue: [PyHessian] layer1.2.conv2.weight: lambda_max=0.9470
2026-08-08 20:52:10 [INFO] src.analysis.top_eigenvalue: [PyHessian] layer1.2.conv3.weight: lambda_max=0.5151
2026-08-08 20:52:10 [INFO] src.analysis.top_eigenvalue: [PyHessian] layer2.0.conv1.weight: lambda_max=7.1516
2026-08-08 20:52:11 [INFO] src.analysis.top_eigenvalue: [PyHessian] layer2.0.conv2.weight: lambda_max=5.6731
2026-08-08 20:52:11 [INFO] src.analysis.top_eigenvalue: [PyHessian] layer2.0.conv3.weight: lambda_max=2.2086
2026-08-08 20:52:12 [INFO] src.analysis.top_eigenvalue: [PyHessian] layer2.0.downsample.0.weight: lambda_max=4.9251
2026-08-08 20:52:12 [INFO] src.analysis.top_eigenvalue: [PyHessian] layer2.1.conv1.weight: lambda_max=0.6160
2026-08-08 20:52:13 [INFO] src.analysis.top_eigenvalue: [PyHessian] layer2.1.conv2.weight: lambda_max=0.7688
2026-08-08 20:52:13 [INFO] src.analysis.top_eigenvalue: [PyHessian] layer2.1.conv3.weight: lambda_max=0.8570
2026-08-08 20:52:13 [INFO] src.analysis.top_eigenvalue: [PyHessian] layer2.2.conv1.weight: lambda_max=0.6249
2026-08-08 20:52:14 [INFO] src.analysis.top_eigenvalue: [PyHessian] layer2.2.conv2.weight: lambda_max=0.5243
2026-08-08 20:52:14 [INFO] src.analysis.top_eigenvalue: [PyHessian] layer2.2.conv3.weight: lambda_max=0.5163
2026-08-08 20:52:15 [INFO] src.analysis.top_eigenvalue: [PyHessian] layer2.3.conv1.weight: lambda_max=2.4552
2026-08-08 20:52:15 [INFO] src.analysis.top_eigenvalue: [PyHessian] layer2.3.conv2.weight: lambda_max=2.6876
2026-08-08 20:52:16 [INFO] src.analysis.top_eigenvalue: [PyHessian] layer2.3.conv3.weight: lambda_max=1.1143
2026-08-08 20:52:16 [INFO] src.analysis.top_eigenvalue: [PyHessian] layer3.0.conv1.weight: lambda_max=9.9039
2026-08-08 20:52:16 [INFO] src.analysis.top_eigenvalue: [PyHessian] layer3.0.conv2.weight: lambda_max=4.6668
2026-08-08 20:52:17 [INFO] src.analysis.top_eigenvalue: [PyHessian] layer3.0.conv3.weight: lambda_max=1.3991
2026-08-08 20:52:18 [INFO] src.analysis.top_eigenvalue: [PyHessian] layer3.0.downsample.0.weight: lambda_max=2.6899
2026-08-08 20:52:18 [INFO] src.analysis.top_eigenvalue: [PyHessian] layer3.1.conv1.weight: lambda_max=0.5089
2026-08-08 20:52:18 [INFO] src.analysis.top_eigenvalue: [PyHessian] layer3.1.conv2.weight: lambda_max=0.4745
2026-08-08 20:52:19 [INFO] src.analysis.top_eigenvalue: [PyHessian] layer3.1.conv3.weight: lambda_max=0.3492
2026-08-08 20:52:19 [INFO] src.analysis.top_eigenvalue: [PyHessian] layer3.2.conv1.weight: lambda_max=0.3013
2026-08-08 20:52:20 [INFO] src.analysis.top_eigenvalue: [PyHessian] layer3.2.conv2.weight: lambda_max=0.2058
2026-08-08 20:52:21 [INFO] src.analysis.top_eigenvalue: [PyHessian] layer3.2.conv3.weight: lambda_max=0.2731
2026-08-08 20:52:21 [INFO] src.analysis.top_eigenvalue: [PyHessian] layer3.3.conv1.weight: lambda_max=0.5232
2026-08-08 20:52:22 [INFO] src.analysis.top_eigenvalue: [PyHessian] layer3.3.conv2.weight: lambda_max=0.4704
2026-08-08 20:52:22 [INFO] src.analysis.top_eigenvalue: [PyHessian] layer3.3.conv3.weight: lambda_max=0.4472
2026-08-08 20:52:23 [INFO] src.analysis.top_eigenvalue: [PyHessian] layer3.4.conv1.weight: lambda_max=1.5871
2026-08-08 20:52:23 [INFO] src.analysis.top_eigenvalue: [PyHessian] layer3.4.conv2.weight: lambda_max=1.4316
2026-08-08 20:52:23 [INFO] src.analysis.top_eigenvalue: [PyHessian] layer3.4.conv3.weight: lambda_max=0.8962
2026-08-08 20:52:24 [INFO] src.analysis.top_eigenvalue: [PyHessian] layer3.5.conv1.weight: lambda_max=4.0377
2026-08-08 20:52:24 [INFO] src.analysis.top_eigenvalue: [PyHessian] layer3.5.conv2.weight: lambda_max=2.0109
2026-08-08 20:52:24 [INFO] src.analysis.top_eigenvalue: [PyHessian] layer3.5.conv3.weight: lambda_max=1.0282
2026-08-08 20:52:25 [INFO] src.analysis.top_eigenvalue: [PyHessian] layer4.0.conv1.weight: lambda_max=7.9089
2026-08-08 20:52:25 [INFO] src.analysis.top_eigenvalue: [PyHessian] layer4.0.conv2.weight: lambda_max=1.3776
2026-08-08 20:52:25 [INFO] src.analysis.top_eigenvalue: [PyHessian] layer4.0.conv3.weight: lambda_max=1.3479
2026-08-08 20:52:26 [INFO] src.analysis.top_eigenvalue: [PyHessian] layer4.0.downsample.0.weight: lambda_max=5.3131
2026-08-08 20:52:26 [INFO] src.analysis.top_eigenvalue: [PyHessian] layer4.1.conv1.weight: lambda_max=3.1972
2026-08-08 20:52:26 [INFO] src.analysis.top_eigenvalue: [PyHessian] layer4.1.conv2.weight: lambda_max=6.4463
2026-08-08 20:52:26 [INFO] src.analysis.top_eigenvalue: [PyHessian] layer4.1.conv3.weight: lambda_max=1.6967
2026-08-08 20:52:26 [INFO] src.analysis.top_eigenvalue: [PyHessian] layer4.2.conv1.weight: lambda_max=2.6584
2026-08-08 20:52:27 [INFO] src.analysis.top_eigenvalue: [PyHessian] layer4.2.conv2.weight: lambda_max=0.5439
2026-08-08 20:52:27 [INFO] src.analysis.top_eigenvalue: [PyHessian] layer4.2.conv3.weight: lambda_max=0.4881
2026-08-08 20:52:27 [INFO] src.analysis.top_eigenvalue: [PyHessian] fc.weight: lambda_max=0.8402
2026-08-08 20:52:32 [INFO] __main__: [QAT]  Val Acc: 85.74% | Latency: 37.24ms
2026-08-08 20:52:32 [INFO] __main__: 
============================================================
2026-08-08 20:52:32 [INFO] __main__: Loading dataset: IMAGENET100
2026-08-08 20:52:33 [INFO] src.utility.utils: ImageNet100: 130000 train / 5000 val across 100 classes
2026-08-08 20:52:33 [INFO] src.utility.utils: ImageNet100: 130000 train / 5000 val across 100 classes
2026-08-08 20:52:33 [INFO] __main__: 
--- Run 4/6: cnn on IMAGENET100 ---
2026-08-08 20:52:33 [INFO] src.model_cnn.train: Model: cnn | Dataset: IMAGENET100 | Size: 5.88 MB | Params: 1,541,476
2026-08-08 21:05:45 [INFO] src.model_cnn.train: Epoch   1/200 | LR 0.09999 | Train L 3.9516 A 9.16% | Val L 3.5481 A 15.74%
2026-08-08 21:18:48 [INFO] src.model_cnn.train: Epoch   2/200 | LR 0.09998 | Train L 3.4479 A 17.30% | Val L 3.3662 A 20.10%
2026-08-08 21:31:46 [INFO] src.model_cnn.train: Epoch   3/200 | LR 0.09994 | Train L 3.1864 A 22.56% | Val L 2.9978 A 25.30%
2026-08-08 21:44:41 [INFO] src.model_cnn.train: Epoch   4/200 | LR 0.09990 | Train L 3.0136 A 26.05% | Val L 2.9972 A 27.14%
2026-08-08 21:57:35 [INFO] src.model_cnn.train: Epoch   5/200 | LR 0.09985 | Train L 2.8886 A 28.52% | Val L 2.8125 A 29.20%
2026-08-08 22:10:30 [INFO] src.model_cnn.train: Epoch   6/200 | LR 0.09978 | Train L 2.7989 A 30.36% | Val L 2.6768 A 32.82%
2026-08-08 22:23:22 [INFO] src.model_cnn.train: Epoch   7/200 | LR 0.09970 | Train L 2.7324 A 31.81% | Val L 2.7047 A 32.32%
2026-08-08 22:36:16 [INFO] src.model_cnn.train: Epoch   8/200 | LR 0.09961 | Train L 2.6715 A 32.97% | Val L 2.7495 A 31.90%
2026-08-08 22:49:12 [INFO] src.model_cnn.train: Epoch   9/200 | LR 0.09950 | Train L 2.6337 A 33.90% | Val L 3.2944 A 24.38%
2026-08-08 23:02:06 [INFO] src.model_cnn.train: Epoch  10/200 | LR 0.09938 | Train L 2.5962 A 34.59% | Val L 2.7822 A 31.74%
2026-08-08 23:15:02 [INFO] src.model_cnn.train: Epoch  11/200 | LR 0.09926 | Train L 2.5699 A 35.34% | Val L 2.5997 A 35.30%
2026-08-08 23:28:05 [INFO] src.model_cnn.train: Epoch  12/200 | LR 0.09911 | Train L 2.5390 A 35.87% | Val L 3.1707 A 28.98%
2026-08-08 23:40:59 [INFO] src.model_cnn.train: Epoch  13/200 | LR 0.09896 | Train L 2.5221 A 36.39% | Val L 2.4125 A 38.32%
2026-08-08 23:53:54 [INFO] src.model_cnn.train: Epoch  14/200 | LR 0.09880 | Train L 2.4962 A 36.82% | Val L 2.4955 A 36.62%
2026-08-09 00:06:51 [INFO] src.model_cnn.train: Epoch  15/200 | LR 0.09862 | Train L 2.4816 A 37.35% | Val L 2.8244 A 30.08%
2026-08-09 00:19:43 [INFO] src.model_cnn.train: Epoch  16/200 | LR 0.09843 | Train L 2.4769 A 37.22% | Val L 2.4074 A 38.72%
2026-08-09 00:32:35 [INFO] src.model_cnn.train: Epoch  17/200 | LR 0.09823 | Train L 2.4579 A 37.59% | Val L 2.4705 A 36.74%
2026-08-09 00:45:25 [INFO] src.model_cnn.train: Epoch  18/200 | LR 0.09801 | Train L 2.4534 A 37.76% | Val L 2.4428 A 36.54%
2026-08-09 00:58:17 [INFO] src.model_cnn.train: Epoch  19/200 | LR 0.09779 | Train L 2.4470 A 37.92% | Val L 2.4349 A 38.70%
2026-08-09 01:11:12 [INFO] src.model_cnn.train: Epoch  20/200 | LR 0.09755 | Train L 2.4300 A 38.26% | Val L 2.2797 A 40.98%
2026-08-09 01:24:09 [INFO] src.model_cnn.train: Epoch  21/200 | LR 0.09730 | Train L 2.4258 A 38.47% | Val L 2.4379 A 39.76%
2026-08-09 01:37:09 [INFO] src.model_cnn.train: Epoch  22/200 | LR 0.09704 | Train L 2.4158 A 38.66% | Val L 2.4647 A 37.94%
2026-08-09 01:50:10 [INFO] src.model_cnn.train: Epoch  23/200 | LR 0.09677 | Train L 2.4016 A 38.87% | Val L 2.4031 A 39.26%
2026-08-09 02:03:11 [INFO] src.model_cnn.train: Epoch  24/200 | LR 0.09649 | Train L 2.4072 A 38.66% | Val L 2.8771 A 32.60%
2026-08-09 02:16:09 [INFO] src.model_cnn.train: Epoch  25/200 | LR 0.09619 | Train L 2.3928 A 39.22% | Val L 2.5398 A 37.04%
2026-08-09 02:29:11 [INFO] src.model_cnn.train: Epoch  26/200 | LR 0.09589 | Train L 2.3867 A 39.44% | Val L 2.6383 A 36.46%
2026-08-09 02:42:13 [INFO] src.model_cnn.train: Epoch  27/200 | LR 0.09557 | Train L 2.3815 A 39.40% | Val L 2.2781 A 41.02%
2026-08-09 02:55:10 [INFO] src.model_cnn.train: Epoch  28/200 | LR 0.09524 | Train L 2.3774 A 39.43% | Val L 2.6161 A 34.72%
2026-08-09 03:08:05 [INFO] src.model_cnn.train: Epoch  29/200 | LR 0.09490 | Train L 2.3756 A 39.51% | Val L 2.1756 A 44.16%
2026-08-09 03:21:02 [INFO] src.model_cnn.train: Epoch  30/200 | LR 0.09455 | Train L 2.3732 A 39.70% | Val L 2.7355 A 32.08%
2026-08-09 03:34:00 [INFO] src.model_cnn.train: Epoch  31/200 | LR 0.09419 | Train L 2.3654 A 39.76% | Val L 2.3727 A 39.12%
2026-08-09 03:47:02 [INFO] src.model_cnn.train: Epoch  32/200 | LR 0.09382 | Train L 2.3583 A 40.11% | Val L 2.2792 A 41.36%
2026-08-09 04:00:13 [INFO] src.model_cnn.train: Epoch  33/200 | LR 0.09343 | Train L 2.3562 A 39.85% | Val L 2.4806 A 38.40%
2026-08-09 04:13:22 [INFO] src.model_cnn.train: Epoch  34/200 | LR 0.09304 | Train L 2.3522 A 39.97% | Val L 2.3320 A 40.72%
2026-08-09 04:26:38 [INFO] src.model_cnn.train: Epoch  35/200 | LR 0.09263 | Train L 2.3435 A 40.18% | Val L 2.9775 A 32.26%
2026-08-09 04:39:50 [INFO] src.model_cnn.train: Epoch  36/200 | LR 0.09222 | Train L 2.3483 A 40.20% | Val L 2.4272 A 39.60%
2026-08-09 04:52:58 [INFO] src.model_cnn.train: Epoch  37/200 | LR 0.09179 | Train L 2.3482 A 40.05% | Val L 2.4493 A 39.10%
2026-08-09 05:06:05 [INFO] src.model_cnn.train: Epoch  38/200 | LR 0.09135 | Train L 2.3379 A 40.41% | Val L 2.2657 A 41.20%
2026-08-09 05:19:08 [INFO] src.model_cnn.train: Epoch  39/200 | LR 0.09091 | Train L 2.3371 A 40.33% | Val L 2.4002 A 39.94%
2026-08-09 05:32:07 [INFO] src.model_cnn.train: Epoch  40/200 | LR 0.09045 | Train L 2.3326 A 40.47% | Val L 2.4101 A 39.20%
2026-08-09 05:45:05 [INFO] src.model_cnn.train: Epoch  41/200 | LR 0.08998 | Train L 2.3288 A 40.63% | Val L 2.5901 A 36.54%
2026-08-09 05:58:02 [INFO] src.model_cnn.train: Epoch  42/200 | LR 0.08951 | Train L 2.3213 A 40.75% | Val L 2.2930 A 41.44%
2026-08-09 06:10:58 [INFO] src.model_cnn.train: Epoch  43/200 | LR 0.08902 | Train L 2.3276 A 40.72% | Val L 2.1991 A 43.30%
2026-08-09 06:23:52 [INFO] src.model_cnn.train: Epoch  44/200 | LR 0.08853 | Train L 2.3197 A 40.79% | Val L 2.7373 A 34.40%
2026-08-09 06:36:46 [INFO] src.model_cnn.train: Epoch  45/200 | LR 0.08802 | Train L 2.3180 A 40.80% | Val L 2.3063 A 40.58%
2026-08-09 06:49:41 [INFO] src.model_cnn.train: Epoch  46/200 | LR 0.08751 | Train L 2.3145 A 40.68% | Val L 3.1300 A 31.46%
2026-08-09 07:02:35 [INFO] src.model_cnn.train: Epoch  47/200 | LR 0.08698 | Train L 2.3194 A 40.71% | Val L 2.3122 A 41.18%
2026-08-09 07:15:37 [INFO] src.model_cnn.train: Epoch  48/200 | LR 0.08645 | Train L 2.3078 A 41.00% | Val L 2.7046 A 35.36%
2026-08-09 07:28:42 [INFO] src.model_cnn.train: Epoch  49/200 | LR 0.08591 | Train L 2.3016 A 41.20% | Val L 2.2621 A 42.06%
2026-08-09 07:28:42 [INFO] src.model_cnn.train: No improvement for 20 epochs. Stopping early.
2026-08-09 07:28:42 [INFO] src.model_cnn.train: Model saved -> /scratch/dominic/Forschungsprojekt/results/20260808_200632_27831/models/baseline_cnn_IMAGENET100_float32.pt
2026-08-09 07:28:42 [INFO] src.utility.utils: -------------------------------------------------
2026-08-09 07:28:42 [INFO] src.utility.utils:      epoch |    total_s |    train_s |      val_s
2026-08-09 07:28:42 [INFO] src.utility.utils: -------------------------------------------------
2026-08-09 07:28:42 [INFO] src.utility.utils:          1 |    791.967 |    765.263 |     26.705
2026-08-09 07:28:42 [INFO] src.utility.utils:          2 |    782.492 |    755.931 |     26.561
2026-08-09 07:28:42 [INFO] src.utility.utils:          3 |    778.306 |    751.586 |      26.72
2026-08-09 07:28:42 [INFO] src.utility.utils:          4 |    775.495 |    749.276 |     26.219
2026-08-09 07:28:42 [INFO] src.utility.utils:          5 |    773.653 |    747.486 |     26.167
2026-08-09 07:28:42 [INFO] src.utility.utils:          6 |    774.642 |    748.169 |     26.473
2026-08-09 07:28:42 [INFO] src.utility.utils:          7 |    772.521 |    746.057 |     26.464
2026-08-09 07:28:42 [INFO] src.utility.utils:          8 |     774.06 |    747.501 |     26.559
2026-08-09 07:28:42 [INFO] src.utility.utils:          9 |    775.519 |    749.227 |     26.292
2026-08-09 07:28:42 [INFO] src.utility.utils:         10 |    774.528 |    748.097 |     26.431
2026-08-09 07:28:42 [INFO] src.utility.utils:         11 |    775.584 |    748.946 |     26.637
2026-08-09 07:28:42 [INFO] src.utility.utils:         12 |    782.931 |    755.723 |     27.209
2026-08-09 07:28:42 [INFO] src.utility.utils:         13 |    773.873 |     747.66 |     26.213
2026-08-09 07:28:42 [INFO] src.utility.utils:         14 |    775.259 |    749.136 |     26.123
2026-08-09 07:28:42 [INFO] src.utility.utils:         15 |    777.211 |    750.766 |     26.445
2026-08-09 07:28:42 [INFO] src.utility.utils:         16 |    772.054 |    745.669 |     26.385
2026-08-09 07:28:42 [INFO] src.utility.utils:         17 |    771.408 |    745.084 |     26.324
2026-08-09 07:28:42 [INFO] src.utility.utils:         18 |    770.251 |    743.742 |     26.509
2026-08-09 07:28:42 [INFO] src.utility.utils:         19 |    772.144 |    745.721 |     26.423
2026-08-09 07:28:42 [INFO] src.utility.utils:         20 |    775.473 |    748.157 |     27.315
2026-08-09 07:28:42 [INFO] src.utility.utils:         21 |    776.075 |    750.031 |     26.045
2026-08-09 07:28:42 [INFO] src.utility.utils:         22 |     780.06 |    753.491 |      26.57
2026-08-09 07:28:42 [INFO] src.utility.utils:         23 |    781.746 |    754.756 |      26.99
2026-08-09 07:28:42 [INFO] src.utility.utils:         24 |    780.474 |    753.879 |     26.595
2026-08-09 07:28:42 [INFO] src.utility.utils:         25 |    778.479 |    751.877 |     26.602
2026-08-09 07:28:42 [INFO] src.utility.utils:         26 |    781.742 |    755.411 |     26.331
2026-08-09 07:28:42 [INFO] src.utility.utils:         27 |    781.929 |    754.827 |     27.101
2026-08-09 07:28:42 [INFO] src.utility.utils:         28 |    776.685 |    750.225 |      26.46
2026-08-09 07:28:42 [INFO] src.utility.utils:         29 |    775.507 |    748.869 |     26.639
2026-08-09 07:28:42 [INFO] src.utility.utils:         30 |    776.614 |    750.398 |     26.215
2026-08-09 07:28:42 [INFO] src.utility.utils:         31 |    778.489 |    752.084 |     26.405
2026-08-09 07:28:42 [INFO] src.utility.utils:         32 |    782.123 |    754.746 |     27.378
2026-08-09 07:28:42 [INFO] src.utility.utils:         33 |    790.736 |    762.928 |     27.808
2026-08-09 07:28:42 [INFO] src.utility.utils:         34 |    789.335 |    761.415 |      27.92
2026-08-09 07:28:42 [INFO] src.utility.utils:         35 |    795.059 |    767.342 |     27.717
2026-08-09 07:28:42 [INFO] src.utility.utils:         36 |    792.119 |    764.891 |     27.228
2026-08-09 07:28:42 [INFO] src.utility.utils:         37 |    788.742 |    760.777 |     27.965
2026-08-09 07:28:42 [INFO] src.utility.utils:         38 |    787.071 |    759.447 |     27.623
2026-08-09 07:28:42 [INFO] src.utility.utils:         39 |    782.766 |    756.081 |     26.685
2026-08-09 07:28:42 [INFO] src.utility.utils:         40 |    778.472 |    751.711 |     26.761
2026-08-09 07:28:42 [INFO] src.utility.utils:         41 |    778.683 |    751.664 |     27.019
2026-08-09 07:28:42 [INFO] src.utility.utils:         42 |     776.62 |     749.64 |     26.981
2026-08-09 07:28:42 [INFO] src.utility.utils:         43 |     776.03 |    749.512 |     26.518
2026-08-09 07:28:42 [INFO] src.utility.utils:         44 |    773.453 |    746.681 |     26.771
2026-08-09 07:28:42 [INFO] src.utility.utils:         45 |     774.73 |    747.885 |     26.845
2026-08-09 07:28:42 [INFO] src.utility.utils:         46 |    774.695 |    748.042 |     26.653
2026-08-09 07:28:42 [INFO] src.utility.utils:         47 |    773.569 |    746.829 |      26.74
2026-08-09 07:28:42 [INFO] src.utility.utils:         48 |    782.363 |    755.744 |      26.62
2026-08-09 07:28:42 [INFO] src.utility.utils:         49 |    784.716 |    758.073 |     26.643
2026-08-09 07:28:42 [INFO] src.utility.utils: 
Total wall-clock time: 38168.5s  (636.14 min)
2026-08-09 07:28:42 [INFO] src.utility.utils: Timing data saved → /scratch/dominic/Forschungsprojekt/results/20260808_200632_27831/csv/timing_cnn_IMAGENET100.csv
2026-08-09 07:28:42 [INFO] src.utility.utils: Training curves saved → /scratch/dominic/Forschungsprojekt/results/20260808_200632_27831/logs/training_curves_cnn_IMAGENET100.png
2026-08-09 07:29:08 [INFO] __main__: Computing Hessian Trace for FP32...
[torch.Size([32, 3, 3, 3]), torch.Size([32]), torch.Size([32]), torch.Size([32]), torch.Size([64, 32, 3, 3]), torch.Size([64]), torch.Size([64]), torch.Size([64]), torch.Size([128, 64, 3, 3]), torch.Size([128]), torch.Size([128]), torch.Size([128]), torch.Size([256, 128, 3, 3]), torch.Size([256]), torch.Size([256]), torch.Size([256]), torch.Size([1024, 1024]), torch.Size([1024]), torch.Size([100, 1024]), torch.Size([100])]
2026-08-09 07:29:11 [INFO] src.analysis.pyhessian: [PyHessian] conv1.weight: trace=55.3249 (15 iters)
[torch.Size([32, 3, 3, 3]), torch.Size([32]), torch.Size([32]), torch.Size([32]), torch.Size([64, 32, 3, 3]), torch.Size([64]), torch.Size([64]), torch.Size([64]), torch.Size([128, 64, 3, 3]), torch.Size([128]), torch.Size([128]), torch.Size([128]), torch.Size([256, 128, 3, 3]), torch.Size([256]), torch.Size([256]), torch.Size([256]), torch.Size([1024, 1024]), torch.Size([1024]), torch.Size([100, 1024]), torch.Size([100])]
2026-08-09 07:29:11 [INFO] src.analysis.pyhessian: [PyHessian] conv2.weight: trace=338.2733 (14 iters)
[torch.Size([32, 3, 3, 3]), torch.Size([32]), torch.Size([32]), torch.Size([32]), torch.Size([64, 32, 3, 3]), torch.Size([64]), torch.Size([64]), torch.Size([64]), torch.Size([128, 64, 3, 3]), torch.Size([128]), torch.Size([128]), torch.Size([128]), torch.Size([256, 128, 3, 3]), torch.Size([256]), torch.Size([256]), torch.Size([256]), torch.Size([1024, 1024]), torch.Size([1024]), torch.Size([100, 1024]), torch.Size([100])]
2026-08-09 07:29:11 [INFO] src.analysis.pyhessian: [PyHessian] conv3.weight: trace=629.1198 (10 iters)
[torch.Size([32, 3, 3, 3]), torch.Size([32]), torch.Size([32]), torch.Size([32]), torch.Size([64, 32, 3, 3]), torch.Size([64]), torch.Size([64]), torch.Size([64]), torch.Size([128, 64, 3, 3]), torch.Size([128]), torch.Size([128]), torch.Size([128]), torch.Size([256, 128, 3, 3]), torch.Size([256]), torch.Size([256]), torch.Size([256]), torch.Size([1024, 1024]), torch.Size([1024]), torch.Size([100, 1024]), torch.Size([100])]
2026-08-09 07:29:12 [INFO] src.analysis.pyhessian: [PyHessian] conv4.weight: trace=93.2495 (5 iters)
[torch.Size([32, 3, 3, 3]), torch.Size([32]), torch.Size([32]), torch.Size([32]), torch.Size([64, 32, 3, 3]), torch.Size([64]), torch.Size([64]), torch.Size([64]), torch.Size([128, 64, 3, 3]), torch.Size([128]), torch.Size([128]), torch.Size([128]), torch.Size([256, 128, 3, 3]), torch.Size([256]), torch.Size([256]), torch.Size([256]), torch.Size([1024, 1024]), torch.Size([1024]), torch.Size([100, 1024]), torch.Size([100])]
2026-08-09 07:29:12 [INFO] src.analysis.pyhessian: [PyHessian] fc1.weight: trace=64.0149 (10 iters)
[torch.Size([32, 3, 3, 3]), torch.Size([32]), torch.Size([32]), torch.Size([32]), torch.Size([64, 32, 3, 3]), torch.Size([64]), torch.Size([64]), torch.Size([64]), torch.Size([128, 64, 3, 3]), torch.Size([128]), torch.Size([128]), torch.Size([128]), torch.Size([256, 128, 3, 3]), torch.Size([256]), torch.Size([256]), torch.Size([256]), torch.Size([1024, 1024]), torch.Size([1024]), torch.Size([100, 1024]), torch.Size([100])]
2026-08-09 07:29:12 [INFO] src.analysis.pyhessian: [PyHessian] fc2.weight: trace=62.1747 (15 iters)
2026-08-09 07:29:14 [INFO] src.analysis.top_eigenvalue: [PyHessian] conv1.weight: lambda_max=14.2206
2026-08-09 07:29:14 [INFO] src.analysis.top_eigenvalue: [PyHessian] conv2.weight: lambda_max=39.9117
2026-08-09 07:29:15 [INFO] src.analysis.top_eigenvalue: [PyHessian] conv3.weight: lambda_max=92.6220
2026-08-09 07:29:15 [INFO] src.analysis.top_eigenvalue: [PyHessian] conv4.weight: lambda_max=8.4163
2026-08-09 07:29:15 [INFO] src.analysis.top_eigenvalue: [PyHessian] fc1.weight: lambda_max=2.0563
2026-08-09 07:29:15 [INFO] src.analysis.top_eigenvalue: [PyHessian] fc2.weight: lambda_max=1.5585
2026-08-09 07:29:15 [INFO] __main__: [FP32] Best Val Acc: 44.16% | Latency: 1.12ms
2026-08-09 07:29:15 [INFO] __main__: Starting PTQ Calibration...
2026-08-09 07:30:38 [INFO] __main__: Saved uncompiled PTQ state_dict -> /scratch/dominic/Forschungsprojekt/results/20260808_200632_27831/quantized_models/ptq_po2_cnn_IMAGENET100.pt
2026-08-09 07:30:38 [INFO] __main__: Computing Hessian Trace for PTQ...
[torch.Size([32, 3, 3, 3]), torch.Size([32]), torch.Size([64, 32, 3, 3]), torch.Size([64]), torch.Size([128, 64, 3, 3]), torch.Size([128]), torch.Size([256, 128, 3, 3]), torch.Size([256]), torch.Size([1024, 1024]), torch.Size([1024]), torch.Size([100, 1024]), torch.Size([100])]
2026-08-09 07:30:41 [INFO] src.analysis.pyhessian: [PyHessian] conv1.weight: trace=941.1957 (34 iters)
[torch.Size([32, 3, 3, 3]), torch.Size([32]), torch.Size([64, 32, 3, 3]), torch.Size([64]), torch.Size([128, 64, 3, 3]), torch.Size([128]), torch.Size([256, 128, 3, 3]), torch.Size([256]), torch.Size([1024, 1024]), torch.Size([1024]), torch.Size([100, 1024]), torch.Size([100])]
2026-08-09 07:30:42 [INFO] src.analysis.pyhessian: [PyHessian] conv2.weight: trace=2966.8702 (18 iters)
[torch.Size([32, 3, 3, 3]), torch.Size([32]), torch.Size([64, 32, 3, 3]), torch.Size([64]), torch.Size([128, 64, 3, 3]), torch.Size([128]), torch.Size([256, 128, 3, 3]), torch.Size([256]), torch.Size([1024, 1024]), torch.Size([1024]), torch.Size([100, 1024]), torch.Size([100])]
2026-08-09 07:30:42 [INFO] src.analysis.pyhessian: [PyHessian] conv3.weight: trace=2031.5338 (13 iters)
[torch.Size([32, 3, 3, 3]), torch.Size([32]), torch.Size([64, 32, 3, 3]), torch.Size([64]), torch.Size([128, 64, 3, 3]), torch.Size([128]), torch.Size([256, 128, 3, 3]), torch.Size([256]), torch.Size([1024, 1024]), torch.Size([1024]), torch.Size([100, 1024]), torch.Size([100])]
2026-08-09 07:30:42 [INFO] src.analysis.pyhessian: [PyHessian] conv4.weight: trace=28.1731 (30 iters)
[torch.Size([32, 3, 3, 3]), torch.Size([32]), torch.Size([64, 32, 3, 3]), torch.Size([64]), torch.Size([128, 64, 3, 3]), torch.Size([128]), torch.Size([256, 128, 3, 3]), torch.Size([256]), torch.Size([1024, 1024]), torch.Size([1024]), torch.Size([100, 1024]), torch.Size([100])]
2026-08-09 07:30:42 [INFO] src.analysis.pyhessian: [PyHessian] fc1.weight: trace=148.1153 (13 iters)
[torch.Size([32, 3, 3, 3]), torch.Size([32]), torch.Size([64, 32, 3, 3]), torch.Size([64]), torch.Size([128, 64, 3, 3]), torch.Size([128]), torch.Size([256, 128, 3, 3]), torch.Size([256]), torch.Size([1024, 1024]), torch.Size([1024]), torch.Size([100, 1024]), torch.Size([100])]
2026-08-09 07:30:42 [INFO] src.analysis.pyhessian: [PyHessian] fc2.weight: trace=123.4288 (25 iters)
2026-08-09 07:30:43 [INFO] src.analysis.top_eigenvalue: [PyHessian] conv1.weight: lambda_max=487.5897
2026-08-09 07:30:44 [INFO] src.analysis.top_eigenvalue: [PyHessian] conv2.weight: lambda_max=551.1023
2026-08-09 07:30:44 [INFO] src.analysis.top_eigenvalue: [PyHessian] conv3.weight: lambda_max=370.8058
2026-08-09 07:30:44 [INFO] src.analysis.top_eigenvalue: [PyHessian] conv4.weight: lambda_max=4.2890
2026-08-09 07:30:44 [INFO] src.analysis.top_eigenvalue: [PyHessian] fc1.weight: lambda_max=9.2236
2026-08-09 07:30:44 [INFO] src.analysis.top_eigenvalue: [PyHessian] fc2.weight: lambda_max=8.8696
2026-08-09 07:30:44 [INFO] __main__: Compiling PTQ model for throughput benchmarking...
2026-08-09 07:31:03 [INFO] __main__: [PTQ]  Val Acc: 22.86% | Latency: 2.95ms
2026-08-09 07:31:03 [INFO] __main__: Starting Quantization-Aware Training (QAT)...
2026-08-09 11:47:51 [INFO] __main__: Computing Hessian Trace for QAT...
[torch.Size([32, 3, 3, 3]), torch.Size([32]), torch.Size([64, 32, 3, 3]), torch.Size([64]), torch.Size([128, 64, 3, 3]), torch.Size([128]), torch.Size([256, 128, 3, 3]), torch.Size([256]), torch.Size([1024, 1024]), torch.Size([1024]), torch.Size([100, 1024]), torch.Size([100])]
2026-08-09 11:47:56 [INFO] src.analysis.pyhessian: [PyHessian] conv1.weight: trace=132.4187 (49 iters)
[torch.Size([32, 3, 3, 3]), torch.Size([32]), torch.Size([64, 32, 3, 3]), torch.Size([64]), torch.Size([128, 64, 3, 3]), torch.Size([128]), torch.Size([256, 128, 3, 3]), torch.Size([256]), torch.Size([1024, 1024]), torch.Size([1024]), torch.Size([100, 1024]), torch.Size([100])]
2026-08-09 11:47:56 [INFO] src.analysis.pyhessian: [PyHessian] conv2.weight: trace=908.8817 (15 iters)
[torch.Size([32, 3, 3, 3]), torch.Size([32]), torch.Size([64, 32, 3, 3]), torch.Size([64]), torch.Size([128, 64, 3, 3]), torch.Size([128]), torch.Size([256, 128, 3, 3]), torch.Size([256]), torch.Size([1024, 1024]), torch.Size([1024]), torch.Size([100, 1024]), torch.Size([100])]
2026-08-09 11:47:56 [INFO] src.analysis.pyhessian: [PyHessian] conv3.weight: trace=888.8802 (19 iters)
[torch.Size([32, 3, 3, 3]), torch.Size([32]), torch.Size([64, 32, 3, 3]), torch.Size([64]), torch.Size([128, 64, 3, 3]), torch.Size([128]), torch.Size([256, 128, 3, 3]), torch.Size([256]), torch.Size([1024, 1024]), torch.Size([1024]), torch.Size([100, 1024]), torch.Size([100])]
2026-08-09 11:47:56 [INFO] src.analysis.pyhessian: [PyHessian] conv4.weight: trace=10.5903 (34 iters)
[torch.Size([32, 3, 3, 3]), torch.Size([32]), torch.Size([64, 32, 3, 3]), torch.Size([64]), torch.Size([128, 64, 3, 3]), torch.Size([128]), torch.Size([256, 128, 3, 3]), torch.Size([256]), torch.Size([1024, 1024]), torch.Size([1024]), torch.Size([100, 1024]), torch.Size([100])]
2026-08-09 11:47:56 [INFO] src.analysis.pyhessian: [PyHessian] fc1.weight: trace=61.5983 (11 iters)
[torch.Size([32, 3, 3, 3]), torch.Size([32]), torch.Size([64, 32, 3, 3]), torch.Size([64]), torch.Size([128, 64, 3, 3]), torch.Size([128]), torch.Size([256, 128, 3, 3]), torch.Size([256]), torch.Size([1024, 1024]), torch.Size([1024]), torch.Size([100, 1024]), torch.Size([100])]
2026-08-09 11:47:57 [INFO] src.analysis.pyhessian: [PyHessian] fc2.weight: trace=65.7011 (5 iters)
2026-08-09 11:47:58 [INFO] src.analysis.top_eigenvalue: [PyHessian] conv1.weight: lambda_max=29.3600
2026-08-09 11:47:58 [INFO] src.analysis.top_eigenvalue: [PyHessian] conv2.weight: lambda_max=95.5464
2026-08-09 11:47:59 [INFO] src.analysis.top_eigenvalue: [PyHessian] conv3.weight: lambda_max=112.0703
2026-08-09 11:47:59 [INFO] src.analysis.top_eigenvalue: [PyHessian] conv4.weight: lambda_max=0.6992
2026-08-09 11:47:59 [INFO] src.analysis.top_eigenvalue: [PyHessian] fc1.weight: lambda_max=0.9958
2026-08-09 11:47:59 [INFO] src.analysis.top_eigenvalue: [PyHessian] fc2.weight: lambda_max=1.7583
2026-08-09 11:48:00 [INFO] __main__: [QAT]  Val Acc: 51.98% | Latency: 6.76ms
2026-08-09 11:48:00 [INFO] __main__: 
--- Run 5/6: resnet18_no_weights on IMAGENET100 ---
2026-08-09 11:48:00 [INFO] src.model_cnn.train: Model: resnet18_no_weights | Dataset: IMAGENET100 | Size: 42.87 MB | Params: 11,227,812
2026-08-09 12:00:45 [INFO] src.model_cnn.train: Epoch   1/200 | LR 0.09999 | Train L 3.8360 A 11.15% | Val L 3.4495 A 16.92%
2026-08-09 12:13:50 [INFO] src.model_cnn.train: Epoch   2/200 | LR 0.09998 | Train L 3.0656 A 24.71% | Val L 2.6932 A 32.40%
2026-08-09 12:26:44 [INFO] src.model_cnn.train: Epoch   3/200 | LR 0.09994 | Train L 2.6226 A 33.99% | Val L 2.3890 A 38.10%
2026-08-09 12:39:38 [INFO] src.model_cnn.train: Epoch   4/200 | LR 0.09990 | Train L 2.3195 A 40.87% | Val L 2.3181 A 40.26%
2026-08-09 12:52:34 [INFO] src.model_cnn.train: Epoch   5/200 | LR 0.09985 | Train L 2.1057 A 45.53% | Val L 2.3440 A 42.40%
2026-08-09 13:05:22 [INFO] src.model_cnn.train: Epoch   6/200 | LR 0.09978 | Train L 1.9552 A 49.13% | Val L 2.2116 A 43.94%
2026-08-09 13:18:24 [INFO] src.model_cnn.train: Epoch   7/200 | LR 0.09970 | Train L 1.8597 A 51.24% | Val L 2.0635 A 47.60%
2026-08-09 13:31:14 [INFO] src.model_cnn.train: Epoch   8/200 | LR 0.09961 | Train L 1.7632 A 53.71% | Val L 2.1014 A 47.60%
2026-08-09 13:43:59 [INFO] src.model_cnn.train: Epoch   9/200 | LR 0.09950 | Train L 1.6950 A 55.20% | Val L 1.7883 A 52.42%
2026-08-09 13:56:45 [INFO] src.model_cnn.train: Epoch  10/200 | LR 0.09938 | Train L 1.6643 A 55.92% | Val L 1.6865 A 55.12%
2026-08-09 14:09:37 [INFO] src.model_cnn.train: Epoch  11/200 | LR 0.09926 | Train L 1.6164 A 57.11% | Val L 1.6933 A 54.92%
2026-08-09 14:22:35 [INFO] src.model_cnn.train: Epoch  12/200 | LR 0.09911 | Train L 1.5861 A 57.85% | Val L 1.7287 A 55.44%
2026-08-09 14:35:34 [INFO] src.model_cnn.train: Epoch  13/200 | LR 0.09896 | Train L 1.5565 A 58.67% | Val L 1.6502 A 56.56%
2026-08-09 14:48:23 [INFO] src.model_cnn.train: Epoch  14/200 | LR 0.09880 | Train L 1.5259 A 59.37% | Val L 1.6009 A 56.98%
2026-08-09 15:01:09 [INFO] src.model_cnn.train: Epoch  15/200 | LR 0.09862 | Train L 1.5109 A 59.83% | Val L 1.7649 A 54.48%
2026-08-09 15:14:08 [INFO] src.model_cnn.train: Epoch  16/200 | LR 0.09843 | Train L 1.4952 A 60.16% | Val L 1.6791 A 56.18%
2026-08-09 15:27:05 [INFO] src.model_cnn.train: Epoch  17/200 | LR 0.09823 | Train L 1.4794 A 60.56% | Val L 1.9525 A 50.08%
2026-08-09 15:39:55 [INFO] src.model_cnn.train: Epoch  18/200 | LR 0.09801 | Train L 1.4614 A 61.10% | Val L 1.8891 A 52.36%
2026-08-09 15:52:44 [INFO] src.model_cnn.train: Epoch  19/200 | LR 0.09779 | Train L 1.4471 A 61.38% | Val L 1.6431 A 58.24%
2026-08-09 16:05:32 [INFO] src.model_cnn.train: Epoch  20/200 | LR 0.09755 | Train L 1.4384 A 61.60% | Val L 1.5496 A 59.40%
2026-08-09 16:18:18 [INFO] src.model_cnn.train: Epoch  21/200 | LR 0.09730 | Train L 1.4229 A 61.94% | Val L 1.6866 A 55.68%
2026-08-09 16:31:05 [INFO] src.model_cnn.train: Epoch  22/200 | LR 0.09704 | Train L 1.4237 A 62.09% | Val L 1.4934 A 60.44%
2026-08-09 16:43:55 [INFO] src.model_cnn.train: Epoch  23/200 | LR 0.09677 | Train L 1.4176 A 62.12% | Val L 1.5199 A 59.52%
2026-08-09 16:56:46 [INFO] src.model_cnn.train: Epoch  24/200 | LR 0.09649 | Train L 1.4044 A 62.52% | Val L 1.4898 A 60.34%
2026-08-09 17:09:45 [INFO] src.model_cnn.train: Epoch  25/200 | LR 0.09619 | Train L 1.3958 A 62.62% | Val L 1.6215 A 57.20%
2026-08-09 17:22:48 [INFO] src.model_cnn.train: Epoch  26/200 | LR 0.09589 | Train L 1.3935 A 62.86% | Val L 1.4433 A 60.98%
2026-08-09 17:35:38 [INFO] src.model_cnn.train: Epoch  27/200 | LR 0.09557 | Train L 1.3881 A 62.86% | Val L 1.3765 A 63.80%
2026-08-09 17:48:24 [INFO] src.model_cnn.train: Epoch  28/200 | LR 0.09524 | Train L 1.3838 A 63.15% | Val L 1.6234 A 57.32%
2026-08-09 18:01:12 [INFO] src.model_cnn.train: Epoch  29/200 | LR 0.09490 | Train L 1.3764 A 63.21% | Val L 1.6046 A 58.04%
2026-08-09 18:14:12 [INFO] src.model_cnn.train: Epoch  30/200 | LR 0.09455 | Train L 1.3725 A 63.20% | Val L 1.6770 A 57.32%
2026-08-09 18:27:09 [INFO] src.model_cnn.train: Epoch  31/200 | LR 0.09419 | Train L 1.3728 A 63.28% | Val L 1.5461 A 59.00%
2026-08-09 18:39:52 [INFO] src.model_cnn.train: Epoch  32/200 | LR 0.09382 | Train L 1.3616 A 63.51% | Val L 1.4968 A 59.76%
2026-08-09 18:52:38 [INFO] src.model_cnn.train: Epoch  33/200 | LR 0.09343 | Train L 1.3536 A 63.81% | Val L 1.4663 A 60.32%
2026-08-09 19:05:26 [INFO] src.model_cnn.train: Epoch  34/200 | LR 0.09304 | Train L 1.3509 A 63.72% | Val L 1.7447 A 55.08%
2026-08-09 19:18:31 [INFO] src.model_cnn.train: Epoch  35/200 | LR 0.09263 | Train L 1.3483 A 63.95% | Val L 1.4432 A 62.18%
2026-08-09 19:31:26 [INFO] src.model_cnn.train: Epoch  36/200 | LR 0.09222 | Train L 1.3421 A 64.13% | Val L 1.3627 A 63.16%
2026-08-09 19:44:22 [INFO] src.model_cnn.train: Epoch  37/200 | LR 0.09179 | Train L 1.3339 A 64.33% | Val L 1.6935 A 55.38%
2026-08-09 19:57:20 [INFO] src.model_cnn.train: Epoch  38/200 | LR 0.09135 | Train L 1.3268 A 64.40% | Val L 1.6244 A 58.76%
