model,dataset,stage,layer,calib_min,calib_max,range_width,scale,zero_point,act_p99,act_p999,act_max,outlier_factor,range_over_p99,seed,n_seeds,metric_std
cnn,IMAGENET100,PTQ,conv1,-12.632063865661621,13.74835205078125,26.38041591644287,0.10345261543989182,122,1.9231245517730713,4.000187873840332,11.646232604980469,6.055890968810597,13.717476536878907,42,3,
cnn,IMAGENET100,PTQ,conv2,-18.04637908935547,10.898640632629395,28.945019721984863,0.1135098785161972,159,1.2226808071136475,2.263279438018799,9.98192310333252,8.163964826516414,23.673406463551725,42,3,
cnn,IMAGENET100,PTQ,conv3,-17.739255905151367,10.352485656738281,28.09174156188965,0.11016369611024857,161,0.6489747166633606,1.4262964725494385,6.908651351928711,10.645486140737283,43.28634204167547,42,3,
cnn,IMAGENET100,PTQ,conv4,-12.715243339538574,45.26549530029297,57.98073863983154,0.22737544775009155,56,2.432359457015991,4.977855682373047,24.281919479370117,9.982866393094332,23.83724102644026,42,3,
cnn,IMAGENET100,PTQ,fc1,-28.84547996520996,8.470752716064453,37.316232681274414,0.14633816480636597,197,1.8287233114242554,2.8305373191833496,6.4390740394592285,3.521076151451428,20.40561983770612,42,3,
cnn,IMAGENET100,PTQ,fc2,-13.690919876098633,24.517499923706055,38.20841979980469,0.1498369425535202,91,8.989898681640625,12.820781707763672,16.53110694885254,1.8388535326446716,4.250150213353883,42,3,
cnn,IMAGENET100,PTQ,conv1,-12.632063865661621,13.74835205078125,26.38041591644287,0.10345261543989182,122,1.8559120893478394,4.088588237762451,11.754837989807129,6.333725642111494,14.214259429557815,43,3,
cnn,IMAGENET100,PTQ,conv2,-18.04637908935547,10.898640632629395,28.945019721984863,0.1135098785161972,159,1.2325875759124756,2.3084800243377686,8.04694938659668,6.528501133592542,23.48313441384242,43,3,
cnn,IMAGENET100,PTQ,conv3,-17.739255905151367,10.352485656738281,28.09174156188965,0.11016369611024857,161,0.6389490365982056,1.407968521118164,6.6873393058776855,10.466154454949008,43.96554334200328,43,3,
cnn,IMAGENET100,PTQ,conv4,-12.715243339538574,45.26549530029297,57.98073863983154,0.22737544775009155,56,2.402111291885376,5.052293300628662,23.44211196899414,9.758961646858097,24.137407303190958,43,3,
cnn,IMAGENET100,PTQ,fc1,-28.84547996520996,8.470752716064453,37.316232681274414,0.14633816480636597,197,1.770003318786621,2.9307138919830322,6.828323841094971,3.8578028462545184,21.082577803783764,43,3,
cnn,IMAGENET100,PTQ,fc2,-13.690919876098633,24.517499923706055,38.20841979980469,0.1498369425535202,91,8.46024227142334,12.062544822692871,16.7087459564209,1.9749725150140223,4.51623234583524,43,3,
cnn,IMAGENET100,PTQ,conv1,-12.632063865661621,13.74835205078125,26.38041591644287,0.10345261543989182,122,1.8802406787872314,3.9995875358581543,12.872995376586914,6.8464614779476465,14.030339952786484,44,3,
cnn,IMAGENET100,PTQ,conv2,-18.04637908935547,10.898640632629395,28.945019721984863,0.1135098785161972,159,1.223084568977356,2.2871034145355225,9.4811429977417,7.751829463165463,23.665591453080257,44,3,
cnn,IMAGENET100,PTQ,conv3,-17.739255905151367,10.352485656738281,28.09174156188965,0.11016369611024857,161,0.6462568640708923,1.385315179824829,10.128162384033203,15.67203839079406,43.46838404923785,44,3,
cnn,IMAGENET100,PTQ,conv4,-12.715243339538574,45.26549530029297,57.98073863983154,0.22737544775009155,56,2.3706016540527344,4.790063381195068,26.03464698791504,10.982295124702505,24.458237654862344,44,3,
cnn,IMAGENET100,PTQ,fc1,-28.84547996520996,8.470752716064453,37.316232681274414,0.14633816480636597,197,1.836173176765442,2.915470600128174,6.144346237182617,3.3462781805833526,20.322828561851548,44,3,
cnn,IMAGENET100,PTQ,fc2,-13.690919876098633,24.517499923706055,38.20841979980469,0.1498369425535202,91,8.704297065734863,14.41411304473877,18.976903915405273,2.1801765004217653,4.389604296734665,44,3,
cnn,IMAGENET100,PTQ,conv1,-12.632063865661621,13.74835205078125,26.38041591644287,0.10345261543989182,122,1.886425773302714,4.0294545491536455,12.091355323791504,6.412026029623246,13.98735863974107,aggregate,3,0.401059403944941
cnn,IMAGENET100,PTQ,conv2,-18.04637908935547,10.898640632629395,28.945019721984863,0.1135098785161972,159,1.2261176506678264,2.2862876256306968,9.170005162556967,7.48143180775814,23.60737744349147,aggregate,3,0.8506006946595923
cnn,IMAGENET100,PTQ,conv3,-17.739255905151367,10.352485656738281,28.09174156188965,0.11016369611024857,161,0.6447268724441528,1.4065267244974773,7.908051013946533,12.261226328826783,43.57342314430553,aggregate,3,2.955210509410119
cnn,IMAGENET100,PTQ,conv4,-12.715243339538574,45.26549530029297,57.98073863983154,0.22737544775009155,56,2.4016908009847007,4.940070788065593,24.586226145426433,10.241374388218311,24.14429532816452,aggregate,3,0.6513493587630129
cnn,IMAGENET100,PTQ,fc1,-28.84547996520996,8.470752716064453,37.316232681274414,0.14633816480636597,197,1.8116332689921062,2.892240603764852,6.4705813725789385,3.5750523927630997,20.60367540111381,aggregate,3,0.25999893628071125
cnn,IMAGENET100,PTQ,fc2,-13.690919876098633,24.517499923706055,38.20841979980469,0.1498369425535202,91,8.718146006266275,13.099146525065104,17.405585606892902,1.998000849360153,4.3853289519745955,aggregate,3,0.17182278725509206
cnn,IMAGENET100,QAT,conv1,-13.28061580657959,14.405304908752441,27.68592071533203,0.10857223719358444,122,1.971305012702942,4.178958892822266,12.398744583129883,6.289612466479465,14.044463204286517,42,3,
cnn,IMAGENET100,QAT,conv2,-17.13451385498047,11.599234580993652,28.73374843597412,0.11268136650323868,152,1.2846137285232544,2.487295150756836,11.155426979064941,8.683876508068163,22.367617438594092,42,3,
cnn,IMAGENET100,QAT,conv3,-18.92088508605957,10.853922843933105,29.774807929992676,0.11676394939422607,162,0.6545103192329407,1.4948391914367676,8.0227689743042,12.257666133830488,45.49173184142846,42,3,
cnn,IMAGENET100,QAT,conv4,-12.351701736450195,29.962175369262695,42.31387710571289,0.16593676805496216,74,2.198659896850586,4.656468391418457,27.47511100769043,12.49629878957016,19.245303544365512,42,3,
cnn,IMAGENET100,QAT,fc1,-17.146480560302734,6.976891994476318,24.123372554779053,0.09460145980119705,181,1.3816803693771362,2.3289451599121094,4.6240105628967285,3.34665720479277,17.459445099921272,42,3,
cnn,IMAGENET100,QAT,fc2,-12.487841606140137,21.686689376831055,34.17453098297119,0.13401776552200317,93,7.286134243011475,11.124187469482422,12.633296012878418,1.7338818626620414,4.690351542143192,42,3,
cnn,IMAGENET100,QAT,conv1,-13.28061580657959,14.405304908752441,27.68592071533203,0.10857223719358444,122,1.8882590532302856,4.195392608642578,12.519349098205566,6.63010145604145,14.662141123046188,43,3,
cnn,IMAGENET100,QAT,conv2,-17.13451385498047,11.599234580993652,28.73374843597412,0.11268136650323868,152,1.2745997905731201,2.4934277534484863,8.90980339050293,6.99027526632235,22.543349409349954,43,3,
cnn,IMAGENET100,QAT,conv3,-18.92088508605957,10.853922843933105,29.774807929992676,0.11676394939422607,162,0.6502290368080139,1.4803229570388794,6.862064838409424,10.553304220456571,45.79126160861371,43,3,
cnn,IMAGENET100,QAT,conv4,-12.351701736450195,29.962175369262695,42.31387710571289,0.16593676805496216,74,2.2215521335601807,4.773459434509277,20.222511291503906,9.102874961163314,19.0469881244255,43,3,
cnn,IMAGENET100,QAT,fc1,-17.146480560302734,6.976891994476318,24.123372554779053,0.09460145980119705,181,1.43126380443573,2.4256255626678467,9.889970779418945,6.909956605321985,16.854595553954915,43,3,
cnn,IMAGENET100,QAT,fc2,-12.487841606140137,21.686689376831055,34.17453098297119,0.13401776552200317,93,7.379244804382324,11.08066463470459,13.676411628723145,1.8533619619992971,4.631169162822178,43,3,
cnn,IMAGENET100,QAT,conv1,-13.28061580657959,14.405304908752441,27.68592071533203,0.10857223719358444,122,1.893234133720398,4.098336696624756,13.761702537536621,7.268885708548616,14.62361164011256,44,3,
cnn,IMAGENET100,QAT,conv2,-17.13451385498047,11.599234580993652,28.73374843597412,0.11268136650323868,152,1.2782479524612427,2.459674835205078,10.299956321716309,8.05787038569781,22.47900994533011,44,3,
cnn,IMAGENET100,QAT,conv3,-18.92088508605957,10.853922843933105,29.774807929992676,0.11676394939422607,162,0.6511160135269165,1.4593762159347534,12.083258628845215,18.557766016832428,45.72888288941125,44,3,
cnn,IMAGENET100,QAT,conv4,-12.351701736450195,29.962175369262695,42.31387710571289,0.16593676805496216,74,2.117141008377075,4.52812385559082,30.49498748779297,14.403852821862507,19.986329176132298,44,3,
cnn,IMAGENET100,QAT,fc1,-17.146480560302734,6.976891994476318,24.123372554779053,0.09460145980119705,181,1.3691574335098267,2.316070318222046,5.565432548522949,4.064859461965595,17.61913711627664,44,3,
cnn,IMAGENET100,QAT,fc2,-12.487841606140137,21.686689376831055,34.17453098297119,0.13401776552200317,93,7.609887599945068,11.996085166931152,17.409719467163086,2.2877761646950945,4.490806274618022,44,3,
cnn,IMAGENET100,QAT,conv1,-13.28061580657959,14.405304908752441,27.68592071533203,0.10857223719358444,122,1.9175993998845418,4.157562732696533,12.89326540629069,6.72953321035651,14.443405322481755,aggregate,3,0.49715090866132855
cnn,IMAGENET100,QAT,conv2,-17.13451385498047,11.599234580993652,28.73374843597412,0.11268136650323868,152,1.279153823852539,2.480132579803467,10.121728897094727,7.910674053362774,22.46332559775805,aggregate,3,0.8563418486214511
cnn,IMAGENET100,QAT,conv3,-18.92088508605957,10.853922843933105,29.774807929992676,0.11676394939422607,162,0.651951789855957,1.4781794548034668,8.98936414718628,13.789578790373163,45.67062544648447,aggregate,3,4.216387014123215
cnn,IMAGENET100,QAT,conv4,-12.351701736450195,29.962175369262695,42.31387710571289,0.16593676805496216,74,2.1791176795959473,4.6526838938395185,26.0642032623291,12.001008857531994,19.42620694830777,aggregate,3,2.684972189332606
cnn,IMAGENET100,QAT,fc1,-17.146480560302734,6.976891994476318,24.123372554779053,0.09460145980119705,181,1.3940338691075642,2.3568803469340005,6.693137963612874,4.773824424026783,17.31105925671761,aggregate,3,1.8844758269942818
cnn,IMAGENET100,QAT,fc2,-12.487841606140137,21.686689376831055,34.17453098297119,0.13401776552200317,93,7.425088882446289,11.400312423706055,14.573142369588217,1.9583399964521444,4.604108993194464,aggregate,3,0.2914875902064411
resnet18_no_weights,IMAGENET100,PTQ,conv1,-4.474223613739014,4.170925140380859,8.645148754119873,0.033902544528245926,132,0.7780588269233704,1.3233802318572998,3.6909549236297607,4.743799306570011,11.111176243967114,42,3,
resnet18_no_weights,IMAGENET100,PTQ,layer1.0.conv1,-4.130232810974121,3.185574531555176,7.315807342529297,0.028689440339803696,144,0.44846710562705994,0.7774560451507568,3.6923985481262207,8.233376543778835,16.312918496664587,42,3,
resnet18_no_weights,IMAGENET100,PTQ,layer1.0.conv2,-5.151432514190674,2.822547197341919,7.973979711532593,0.03127051144838333,165,0.6276412606239319,0.9707401394844055,2.4989328384399414,3.981466795149473,12.70467735598794,42,3,
resnet18_no_weights,IMAGENET100,PTQ,layer1.1.conv1,-2.7692923545837402,2.104811429977417,4.874103784561157,0.01911413110792637,145,0.4292651414871216,0.6824369430541992,1.706849217414856,3.9762120248146524,11.354529668250237,42,3,
resnet18_no_weights,IMAGENET100,PTQ,layer1.1.conv2,-4.22941255569458,5.310763835906982,9.540176391601562,0.037412457168102264,113,0.6803330779075623,1.1257143020629883,3.604126453399658,5.297591092416876,14.02280250865268,42,3,
resnet18_no_weights,IMAGENET100,PTQ,layer2.0.conv1,-2.6974995136260986,2.396686315536499,5.094185829162598,0.019977198913693428,135,0.4271487593650818,0.7084970474243164,1.8884387016296387,4.4210328608624145,11.926022767184545,42,3,
resnet18_no_weights,IMAGENET100,PTQ,layer2.0.conv2,-2.3319265842437744,4.77102518081665,7.102951765060425,0.027854714542627335,84,0.5678167343139648,0.9456000328063965,3.0984678268432617,5.4568096352194075,12.509232884166751,42,3,
resnet18_no_weights,IMAGENET100,PTQ,layer2.0.downsample.0,-4.555429935455322,5.110308647155762,9.665738582611084,0.03790485858917236,120,0.5402392745018005,0.9693703651428223,3.6511049270629883,6.758310806688342,17.891588114404794,42,3,
resnet18_no_weights,IMAGENET100,PTQ,layer2.1.conv1,-2.199957847595215,3.265625476837158,5.465583324432373,0.02143366076052189,103,0.3383265733718872,0.5874240398406982,2.637779474258423,7.79654831120518,16.15475624619242,42,3,
resnet18_no_weights,IMAGENET100,PTQ,layer2.1.conv2,-2.641606092453003,2.9831459522247314,5.624752044677734,0.022057851776480675,120,0.3479132354259491,0.6443301439285278,2.6717617511749268,7.6793909490218075,16.167111428777257,42,3,
resnet18_no_weights,IMAGENET100,PTQ,layer3.0.conv1,-1.8786364793777466,3.483994722366333,5.36263120174408,0.02102992683649063,89,0.4315628409385681,0.7319406270980835,3.3843274116516113,7.8420269092013,12.426072620342762,42,3,
resnet18_no_weights,IMAGENET100,PTQ,layer3.0.conv2,-2.9996256828308105,5.33510684967041,8.33473253250122,0.03268522396683693,92,0.6096413731575012,1.0386972427368164,4.6977643966674805,7.705783438444245,13.67153362530718,42,3,
resnet18_no_weights,IMAGENET100,PTQ,layer3.0.downsample.0,-1.1983375549316406,2.1020703315734863,3.300407886505127,0.012942776083946228,93,0.1819535791873932,0.3651586174964905,1.9426254034042358,10.676489091778373,18.138735721741707,42,3,
resnet18_no_weights,IMAGENET100,PTQ,layer3.1.conv1,-2.013057231903076,2.259812116622925,4.272869348526001,0.016756350174546242,120,0.2502337098121643,0.4785052239894867,1.758461356163025,7.0272760511882995,17.075514532927606,42,3,
resnet18_no_weights,IMAGENET100,PTQ,layer3.1.conv2,-5.982751369476318,2.025857448577881,8.0086088180542,0.03140630945563316,190,0.25585561990737915,0.5119309425354004,1.476230502128601,5.769779466493653,31.301281640611805,42,3,
resnet18_no_weights,IMAGENET100,PTQ,layer4.0.conv1,-1.7235431671142578,1.8899322748184204,3.6134754419326782,0.014170491136610508,122,0.27098512649536133,0.5030843615531921,1.5040651559829712,5.55036055090912,13.334589572001963,42,3,
resnet18_no_weights,IMAGENET100,PTQ,layer4.0.conv2,-1.8129992485046387,3.2440149784088135,5.057014226913452,0.019831430166959763,91,0.3983834385871887,0.7226775288581848,2.0920538902282715,5.251357580645041,12.693836482880533,42,3,
resnet18_no_weights,IMAGENET100,PTQ,layer4.0.downsample.0,-1.4589076042175293,1.8242504596710205,3.28315806388855,0.012875129468739033,113,0.18682780861854553,0.44054922461509705,1.8444113731384277,9.872252887707111,17.573176542427454,42,3,
resnet18_no_weights,IMAGENET100,PTQ,layer4.1.conv1,-1.9324344396591187,1.8261178731918335,3.758552312850952,0.01473942119628191,131,0.19255658984184265,0.4130856692790985,1.8614379167556763,9.666965530936011,19.519208955341693,42,3,
resnet18_no_weights,IMAGENET100,PTQ,layer4.1.conv2,-5.317393779754639,20.425399780273438,25.742793560028076,0.1009521335363388,53,2.5783891677856445,5.066161632537842,17.881479263305664,6.935135892873193,9.984060545110161,42,3,
resnet18_no_weights,IMAGENET100,PTQ,fc,-5.140276908874512,26.051841735839844,31.192118644714355,0.12232203781604767,42,8.316671371459961,16.454044342041016,22.512937545776367,2.706964907021967,3.7505532263491004,42,3,
resnet18_no_weights,IMAGENET100,PTQ,conv1,-4.474223613739014,4.170925140380859,8.645148754119873,0.033902544528245926,132,0.7560681104660034,1.2206059694290161,3.2969605922698975,4.360666118080039,11.434351792448204,43,3,
resnet18_no_weights,IMAGENET100,PTQ,layer1.0.conv1,-4.130232810974121,3.185574531555176,7.315807342529297,0.028689440339803696,144,0.4427850544452667,0.7429007887840271,2.703411817550659,6.105472148190656,16.52225446429022,43,3,
resnet18_no_weights,IMAGENET100,PTQ,layer1.0.conv2,-5.151432514190674,2.822547197341919,7.973979711532593,0.03127051144838333,165,0.6435368657112122,0.9690645933151245,2.8546650409698486,4.435899779906133,12.390866998303286,43,3,
resnet18_no_weights,IMAGENET100,PTQ,layer1.1.conv1,-2.7692923545837402,2.104811429977417,4.874103784561157,0.01911413110792637,145,0.43169158697128296,0.6838679313659668,1.8488967418670654,4.2829112210381295,11.290708301168243,43,3,
resnet18_no_weights,IMAGENET100,PTQ,layer1.1.conv2,-4.22941255569458,5.310763835906982,9.540176391601562,0.037412457168102264,113,0.6832177639007568,1.1324695348739624,4.031576633453369,5.900866233974253,13.963595350819002,43,3,
resnet18_no_weights,IMAGENET100,PTQ,layer2.0.conv1,-2.6974995136260986,2.396686315536499,5.094185829162598,0.019977198913693428,135,0.42503422498703003,0.7045151591300964,1.9605251550674438,4.61262891271231,11.98535442485378,43,3,
resnet18_no_weights,IMAGENET100,PTQ,layer2.0.conv2,-2.3319265842437744,4.77102518081665,7.102951765060425,0.027854714542627335,84,0.5617773532867432,0.9318996667861938,4.108642101287842,7.313648507277407,12.643713249570824,43,3,
resnet18_no_weights,IMAGENET100,PTQ,layer2.0.downsample.0,-4.555429935455322,5.110308647155762,9.665738582611084,0.03790485858917236,120,0.5480588674545288,0.9755516052246094,3.322030544281006,6.061448398253728,17.636314557784303,43,3,
resnet18_no_weights,IMAGENET100,PTQ,layer2.1.conv1,-2.199957847595215,3.265625476837158,5.465583324432373,0.02143366076052189,103,0.3373953104019165,0.5913069844245911,2.1836516857147217,6.472086654415804,16.199345859080225,43,3,
resnet18_no_weights,IMAGENET100,PTQ,layer2.1.conv2,-2.641606092453003,2.9831459522247314,5.624752044677734,0.022057851776480675,120,0.3488897681236267,0.6430932283401489,2.185431718826294,6.263960478347709,16.121860136307127,43,3,
resnet18_no_weights,IMAGENET100,PTQ,layer3.0.conv1,-1.8786364793777466,3.483994722366333,5.36263120174408,0.02102992683649063,89,0.42583584785461426,0.7174214124679565,3.290849447250366,7.7279765520677905,12.593188734018817,43,3,
resnet18_no_weights,IMAGENET100,PTQ,layer3.0.conv2,-2.9996256828308105,5.33510684967041,8.33473253250122,0.03268522396683693,92,0.6066901683807373,1.0358213186264038,5.632453441619873,9.283904264763269,13.738037909443486,43,3,
resnet18_no_weights,IMAGENET100,PTQ,layer3.0.downsample.0,-1.1983375549316406,2.1020703315734863,3.300407886505127,0.012942776083946228,93,0.17992740869522095,0.36027076840400696,1.9273828268051147,10.712002361296209,18.342996825434685,43,3,
resnet18_no_weights,IMAGENET100,PTQ,layer3.1.conv1,-2.013057231903076,2.259812116622925,4.272869348526001,0.016756350174546242,120,0.25734448432922363,0.5139126777648926,2.005868434906006,7.79448776659956,16.603695080791677,43,3,
resnet18_no_weights,IMAGENET100,PTQ,layer3.1.conv2,-5.982751369476318,2.025857448577881,8.0086088180542,0.03140630945563316,190,0.2581248879432678,0.5457056760787964,1.767716884613037,6.848300831036316,31.026100899710134,43,3,
resnet18_no_weights,IMAGENET100,PTQ,layer4.0.conv1,-1.7235431671142578,1.8899322748184204,3.6134754419326782,0.014170491136610508,122,0.26695147156715393,0.5052452087402344,1.5497099161148071,5.805212112213303,13.536076129191434,43,3,
resnet18_no_weights,IMAGENET100,PTQ,layer4.0.conv2,-1.8129992485046387,3.2440149784088135,5.057014226913452,0.019831430166959763,91,0.39806559681892395,0.7304490804672241,2.090003728866577,5.250400299770941,12.70397207728011,43,3,
resnet18_no_weights,IMAGENET100,PTQ,layer4.0.downsample.0,-1.4589076042175293,1.8242504596710205,3.28315806388855,0.012875129468739033,113,0.18289892375469208,0.42632347345352173,1.4054754972457886,7.684438313758709,17.950669126363977,43,3,
resnet18_no_weights,IMAGENET100,PTQ,layer4.1.conv1,-1.9324344396591187,1.8261178731918335,3.758552312850952,0.01473942119628191,131,0.18879398703575134,0.410553514957428,1.3338229656219482,7.0649652913435546,19.90822044633872,43,3,
resnet18_no_weights,IMAGENET100,PTQ,layer4.1.conv2,-5.317393779754639,20.425399780273438,25.742793560028076,0.1009521335363388,53,2.4734346866607666,4.831705093383789,16.032207489013672,6.4817589789111345,10.407711066258981,43,3,
resnet18_no_weights,IMAGENET100,PTQ,fc,-5.140276908874512,26.051841735839844,31.192118644714355,0.12232203781604767,42,8.129815101623535,15.954046249389648,20.575572967529297,2.530878342290998,3.836756218291514,43,3,
resnet18_no_weights,IMAGENET100,PTQ,conv1,-4.474223613739014,4.170925140380859,8.645148754119873,0.033902544528245926,132,0.7647722363471985,1.2056269645690918,4.291861534118652,5.611947361763526,11.304213651128238,44,3,
resnet18_no_weights,IMAGENET100,PTQ,layer1.0.conv1,-4.130232810974121,3.185574531555176,7.315807342529297,0.028689440339803696,144,0.4459744095802307,0.7385304570198059,3.006150007247925,6.740633414543753,16.404096704596196,44,3,
resnet18_no_weights,IMAGENET100,PTQ,layer1.0.conv2,-5.151432514190674,2.822547197341919,7.973979711532593,0.03127051144838333,165,0.6134592294692993,0.9515685439109802,2.477865219116211,4.039168538159904,12.998385758138882,44,3,
resnet18_no_weights,IMAGENET100,PTQ,layer1.1.conv1,-2.7692923545837402,2.104811429977417,4.874103784561157,0.01911413110792637,145,0.42914822697639465,0.6840368509292603,1.8657150268554688,4.347483945117388,11.357623026668726,44,3,
resnet18_no_weights,IMAGENET100,PTQ,layer1.1.conv2,-4.22941255569458,5.310763835906982,9.540176391601562,0.037412457168102264,113,0.6946675181388855,1.1428788900375366,5.61386775970459,8.081373625680602,13.733442463469533,44,3,
resnet18_no_weights,IMAGENET100,PTQ,layer2.0.conv1,-2.6974995136260986,2.396686315536499,5.094185829162598,0.019977198913693428,135,0.42633187770843506,0.7036274075508118,2.2629590034484863,5.307975128700336,11.948873859830089,44,3,
resnet18_no_weights,IMAGENET100,PTQ,layer2.0.conv2,-2.3319265842437744,4.77102518081665,7.102951765060425,0.027854714542627335,84,0.5557177066802979,0.933311939239502,4.404785633087158,7.926300674132044,12.781582590721236,44,3,
resnet18_no_weights,IMAGENET100,PTQ,layer2.0.downsample.0,-4.555429935455322,5.110308647155762,9.665738582611084,0.03790485858917236,120,0.5449112057685852,0.9590164422988892,2.8627679347991943,5.253641151976905,17.738190149673603,44,3,
resnet18_no_weights,IMAGENET100,PTQ,layer2.1.conv1,-2.199957847595215,3.265625476837158,5.465583324432373,0.02143366076052189,103,0.3319418430328369,0.5907576084136963,2.9127180576324463,8.774784254434321,16.46548465988874,44,3,
resnet18_no_weights,IMAGENET100,PTQ,layer2.1.conv2,-2.641606092453003,2.9831459522247314,5.624752044677734,0.022057851776480675,120,0.3442559242248535,0.6371892094612122,2.1872546672821045,6.353571611605678,16.338867827308274,44,3,
resnet18_no_weights,IMAGENET100,PTQ,layer3.0.conv1,-1.8786364793777466,3.483994722366333,5.36263120174408,0.02102992683649063,89,0.4242386519908905,0.7158535718917847,3.1822783946990967,7.501151485761906,12.640600229559539,44,3,
resnet18_no_weights,IMAGENET100,PTQ,layer3.0.conv2,-2.9996256828308105,5.33510684967041,8.33473253250122,0.03268522396683693,92,0.60289466381073,1.0230348110198975,4.715428352355957,7.821313797257786,13.824525299029332,44,3,
resnet18_no_weights,IMAGENET100,PTQ,layer3.0.downsample.0,-1.1983375549316406,2.1020703315734863,3.300407886505127,0.012942776083946228,93,0.1815076470375061,0.36703863739967346,2.406851291656494,13.260329969233478,18.183299383651544,44,3,
resnet18_no_weights,IMAGENET100,PTQ,layer3.1.conv1,-2.013057231903076,2.259812116622925,4.272869348526001,0.016756350174546242,120,0.25471681356430054,0.5094122886657715,2.1478419303894043,8.432273866551038,16.774979589038242,44,3,
resnet18_no_weights,IMAGENET100,PTQ,layer3.1.conv2,-5.982751369476318,2.025857448577881,8.0086088180542,0.03140630945563316,190,0.2544479966163635,0.5325592160224915,2.103893518447876,8.268461714870405,31.47444241869565,44,3,
resnet18_no_weights,IMAGENET100,PTQ,layer4.0.conv1,-1.7235431671142578,1.8899322748184204,3.6134754419326782,0.014170491136610508,122,0.271811842918396,0.5131877064704895,1.6677842140197754,6.135804077236184,13.294032383340724,44,3,
resnet18_no_weights,IMAGENET100,PTQ,layer4.0.conv2,-1.8129992485046387,3.2440149784088135,5.057014226913452,0.019831430166959763,91,0.4053944945335388,0.7559409737586975,2.4866819381713867,6.133980534276003,12.47430415337098,44,3,
resnet18_no_weights,IMAGENET100,PTQ,layer4.0.downsample.0,-1.4589076042175293,1.8242504596710205,3.28315806388855,0.012875129468739033,113,0.18449515104293823,0.42701759934425354,1.7034718990325928,9.233152683975621,17.795362345997095,44,3,
resnet18_no_weights,IMAGENET100,PTQ,layer4.1.conv1,-1.9324344396591187,1.8261178731918335,3.758552312850952,0.01473942119628191,131,0.1948433816432953,0.44057178497314453,1.524868369102478,7.826123506181458,19.290120511929057,44,3,
resnet18_no_weights,IMAGENET100,PTQ,layer4.1.conv2,-5.317393779754639,20.425399780273438,25.742793560028076,0.1009521335363388,53,2.609884738922119,5.045532703399658,13.336461067199707,5.10998086172482,9.8635748836402,44,3,
resnet18_no_weights,IMAGENET100,PTQ,fc,-5.140276908874512,26.051841735839844,31.192118644714355,0.12232203781604767,42,8.206892013549805,16.344642639160156,20.932804107666016,2.5506372050595254,3.800722440750446,44,3,
resnet18_no_weights,IMAGENET100,PTQ,conv1,-4.474223613739014,4.170925140380859,8.645148754119873,0.033902544528245926,132,0.7662997245788574,1.249871055285136,3.759925683339437,4.905470928804525,11.283247229181185,aggregate,3,0.6411158029369403
resnet18_no_weights,IMAGENET100,PTQ,fc,-5.140276908874512,26.051841735839844,31.192118644714355,0.12232203781604767,42,8.217792828877768,16.250911076863606,21.34043820699056,2.596160151457497,3.7960106284636868,aggregate,3,0.09646695577374077
resnet18_no_weights,IMAGENET100,PTQ,layer1.0.conv1,-4.130232810974121,3.185574531555176,7.315807342529297,0.028689440339803696,144,0.4457421898841858,0.7529624303181967,3.133986790974935,7.026494035504415,16.413089888517,aggregate,3,1.0923742491256763
resnet18_no_weights,IMAGENET100,PTQ,layer1.0.conv2,-5.151432514190674,2.822547197341919,7.973979711532593,0.03127051144838333,165,0.6282124519348145,0.9637910922368368,2.610487699508667,4.1521783710718365,12.69797670414337,aggregate,3,0.24739796110679396
resnet18_no_weights,IMAGENET100,PTQ,layer1.1.conv1,-2.7692923545837402,2.104811429977417,4.874103784561157,0.01911413110792637,145,0.43003498514493305,0.6834472417831421,1.8071536620457966,4.202202396990057,11.334286998695735,aggregate,3,0.19835862827398598
resnet18_no_weights,IMAGENET100,PTQ,layer1.1.conv2,-4.22941255569458,5.310763835906982,9.540176391601562,0.037412457168102264,113,0.6860727866490682,1.1336875756581624,4.416523615519206,6.426610317357244,13.906613440980404,aggregate,3,1.464467967910264
resnet18_no_weights,IMAGENET100,PTQ,layer2.0.conv1,-2.6974995136260986,2.396686315536499,5.094185829162598,0.019977198913693428,135,0.42617162068684894,0.7055465380350748,2.037307620048523,4.780545634091687,11.953417017289471,aggregate,3,0.4667051163298599
resnet18_no_weights,IMAGENET100,PTQ,layer2.0.conv2,-2.3319265842437744,4.77102518081665,7.102951765060425,0.027854714542627335,84,0.5617705980936686,0.9369372129440308,3.8706318537394204,6.898919605542953,12.644842908152937,aggregate,3,1.2859224487766956
resnet18_no_weights,IMAGENET100,PTQ,layer2.0.downsample.0,-4.555429935455322,5.110308647155762,9.665738582611084,0.03790485858917236,120,0.5444031159083048,0.9679794708887736,3.278634468714396,6.0244667856396585,17.755364273954232,aggregate,3,0.7530162164296407
resnet18_no_weights,IMAGENET100,PTQ,layer2.1.conv1,-2.199957847595215,3.265625476837158,5.465583324432373,0.02143366076052189,103,0.3358879089355469,0.5898295442263285,2.5780497392018638,7.681139740018435,16.27319558838713,aggregate,3,1.1556787672230913
resnet18_no_weights,IMAGENET100,PTQ,layer2.1.conv2,-2.641606092453003,2.9831459522247314,5.624752044677734,0.022057851776480675,120,0.34701964259147644,0.6415375272432963,2.348149379094442,6.765641012991732,16.20927979746422,aggregate,3,0.7925980999202373
resnet18_no_weights,IMAGENET100,PTQ,layer3.0.conv1,-1.8786364793777466,3.483994722366333,5.36263120174408,0.02102992683649063,89,0.4272124469280243,0.7217385371526083,3.285818417867025,7.690384982343666,12.553287194640372,aggregate,3,0.17351904264947188
resnet18_no_weights,IMAGENET100,PTQ,layer3.0.conv2,-2.9996256828308105,5.33510684967041,8.33473253250122,0.03268522396683693,92,0.6064087351163229,1.0325177907943726,5.0152153968811035,8.270333833488433,13.744698944593333,aggregate,3,0.8796764065938615
resnet18_no_weights,IMAGENET100,PTQ,layer3.0.downsample.0,-1.1983375549316406,2.1020703315734863,3.300407886505127,0.012942776083946228,93,0.1811295449733734,0.36415600776672363,2.0922865072886148,11.549607140769353,18.22167731027598,aggregate,3,1.481635834120241
resnet18_no_weights,IMAGENET100,PTQ,layer3.1.conv1,-2.013057231903076,2.259812116622925,4.272869348526001,0.016756350174546242,120,0.2540983359018962,0.5006100634733835,1.9707239071528118,7.751345894779632,16.818063067585843,aggregate,3,0.7034917420422303
resnet18_no_weights,IMAGENET100,PTQ,layer3.1.conv2,-5.982751369476318,2.025857448577881,8.0086088180542,0.03140630945563316,190,0.25614283482233685,0.5300652782122294,1.7826136350631714,6.962180670800125,31.267274986339196,aggregate,3,1.2532277159466063
resnet18_no_weights,IMAGENET100,PTQ,layer4.0.conv1,-1.7235431671142578,1.8899322748184204,3.6134754419326782,0.014170491136610508,122,0.2699161469936371,0.507172425587972,1.5738530953725178,5.830458913452869,13.388232694844707,aggregate,3,0.29353718905649695
resnet18_no_weights,IMAGENET100,PTQ,layer4.0.conv2,-1.8129992485046387,3.2440149784088135,5.057014226913452,0.019831430166959763,91,0.40061450997988385,0.7363558610280355,2.2229131857554116,5.545246138230662,12.624037571177208,aggregate,3,0.5098591677236202
resnet18_no_weights,IMAGENET100,PTQ,layer4.0.downsample.0,-1.4589076042175293,1.8242504596710205,3.28315806388855,0.012875129468739033,113,0.18474062780539194,0.43129676580429077,1.651119589805603,8.929947961813813,17.773069338262843,aggregate,3,1.1249813243566185
resnet18_no_weights,IMAGENET100,PTQ,layer4.1.conv1,-1.9324344396591187,1.8261178731918335,3.758552312850952,0.01473942119628191,131,0.19206465284029642,0.4214036564032237,1.5733764171600342,8.186018109487009,19.572516637869825,aggregate,3,1.3378132925883732
resnet18_no_weights,IMAGENET100,PTQ,layer4.1.conv2,-5.317393779754639,20.425399780273438,25.742793560028076,0.1009521335363388,53,2.5539028644561768,4.981133143107097,15.750049273173014,6.175625244503049,10.085115498336448,aggregate,3,0.950308433845841
resnet18_no_weights,IMAGENET100,QAT,conv1,-4.14170503616333,4.523344039916992,8.665049076080322,0.033980581909418106,122,0.7898217439651489,1.4551624059677124,3.2572309970855713,4.124007754880571,10.97089203011695,42,3,
resnet18_no_weights,IMAGENET100,QAT,layer1.0.conv1,-4.119513988494873,3.889240026473999,8.008754014968872,0.03140687569975853,131,0.4279673099517822,0.81283038854599,4.209625244140625,9.836324285177087,18.713471400119776,42,3,
resnet18_no_weights,IMAGENET100,QAT,layer1.0.conv2,-6.322334289550781,3.335700750350952,9.658035039901733,0.03787464648485184,167,0.6131938695907593,0.9869243502616882,2.668409585952759,4.351657311469265,15.750377684544416,42,3,
resnet18_no_weights,IMAGENET100,QAT,layer1.1.conv1,-2.9214460849761963,2.1375951766967773,5.059041261672974,0.019839376211166382,147,0.41320180892944336,0.6657999753952026,1.6997514963150024,4.113610975515465,12.243511892603632,42,3,
resnet18_no_weights,IMAGENET100,QAT,layer1.1.conv2,-4.408571720123291,5.036767959594727,9.445339679718018,0.03704054653644562,119,0.7232223749160767,1.1846435070037842,3.357109308242798,4.6418770003242225,13.060076689156725,42,3,
resnet18_no_weights,IMAGENET100,QAT,layer2.0.conv1,-2.720163583755493,2.229358673095703,4.949522256851196,0.019409889355301857,140,0.43336325883865356,0.7246977090835571,1.9963687658309937,4.6066867116999095,11.421185704840667,42,3,
resnet18_no_weights,IMAGENET100,QAT,layer2.0.conv2,-2.524566173553467,4.898444652557373,7.42301082611084,0.02910984680056572,87,0.5853986740112305,0.9918771982192993,3.1343929767608643,5.354287797209348,12.680265869492617,42,3,
resnet18_no_weights,IMAGENET100,QAT,layer2.0.downsample.0,-3.5902626514434814,3.743839979171753,7.334102630615234,0.028761187568306923,125,0.5091702938079834,0.9827837944030762,3.8074145317077637,7.477683945842299,14.404026943058557,42,3,
resnet18_no_weights,IMAGENET100,QAT,layer2.1.conv1,-2.495760202407837,3.2389745712280273,5.734734773635864,0.0224891547113657,111,0.34531542658805847,0.6169507503509521,2.678515911102295,7.7567224191741975,16.607235970598772,42,3,
resnet18_no_weights,IMAGENET100,QAT,layer2.1.conv2,-2.96779465675354,3.3080203533172607,6.275815010070801,0.024611039087176323,121,0.3486645221710205,0.6834844350814819,2.8114471435546875,8.063473524775969,17.99958014366745,42,3,
resnet18_no_weights,IMAGENET100,QAT,layer3.0.conv1,-1.9530622959136963,3.609110116958618,5.5621724128723145,0.0218124408274889,90,0.4403568506240845,0.7566587924957275,3.325538158416748,7.551916482515747,12.631056846258819,42,3,
resnet18_no_weights,IMAGENET100,QAT,layer3.0.conv2,-3.0351431369781494,6.087374687194824,9.122517824172974,0.03577457740902901,85,0.6345429420471191,1.0950859785079956,4.508410930633545,7.104973725007195,14.376517678602696,42,3,
resnet18_no_weights,IMAGENET100,QAT,layer3.0.downsample.0,-1.330063819885254,2.411498785018921,3.741562604904175,0.014672794379293919,91,0.18760620057582855,0.3851328194141388,1.8579442501068115,9.903426669289905,19.943704384076966,42,3,
resnet18_no_weights,IMAGENET100,QAT,layer3.1.conv1,-2.191901445388794,2.587395429611206,4.779296875,0.018742341548204422,117,0.2639656066894531,0.5057660937309265,1.8892537355422974,7.157196572828302,18.10575602988569,42,3,
resnet18_no_weights,IMAGENET100,QAT,layer3.1.conv2,-5.753791332244873,2.4338090419769287,8.187600374221802,0.032108236104249954,179,0.26320064067840576,0.5269221067428589,1.726182222366333,6.558427129649298,31.10782843506031,42,3,
resnet18_no_weights,IMAGENET100,QAT,layer4.0.conv1,-1.7035325765609741,2.1591298580169678,3.862662434577942,0.015147695317864418,112,0.3155016303062439,0.6008141040802002,1.7569499015808105,5.568750626979058,12.242923850595071,42,3,
resnet18_no_weights,IMAGENET100,QAT,layer4.0.conv2,-2.151129722595215,3.3932693004608154,5.54439902305603,0.021742742508649826,99,0.45689281821250916,0.8563747406005859,2.410391092300415,5.2756160662155525,12.135010230073762,42,3,
resnet18_no_weights,IMAGENET100,QAT,layer4.0.downsample.0,-1.5409729480743408,2.018949508666992,3.559922456741333,0.013960479758679867,110,0.19719919562339783,0.4675377905368805,2.0081663131713867,10.183440692154205,18.05241875093605,42,3,
resnet18_no_weights,IMAGENET100,QAT,layer4.1.conv1,-2.6655380725860596,2.478912353515625,5.144450426101685,0.020174315199255943,132,0.21919311583042145,0.5148232579231262,2.4302475452423096,11.087243940281722,23.469945242631088,42,3,
resnet18_no_weights,IMAGENET100,QAT,layer4.1.conv2,-6.7239179611206055,26.39142608642578,33.11534404754639,0.12986409664154053,52,3.232750415802002,6.745189666748047,22.816320419311523,7.05786636289121,10.243705757696397,42,3,
resnet18_no_weights,IMAGENET100,QAT,fc,-6.269115924835205,32.84810256958008,39.11721849441528,0.15340085327625275,41,11.186962127685547,23.608423233032227,32.3128662109375,2.8884397606897645,3.4966792635873687,42,3,
resnet18_no_weights,IMAGENET100,QAT,conv1,-4.14170503616333,4.523344039916992,8.665049076080322,0.033980581909418106,122,0.7765276432037354,1.3114094734191895,3.575430393218994,4.604382631464053,11.15871296008312,43,3,
resnet18_no_weights,IMAGENET100,QAT,layer1.0.conv1,-4.119513988494873,3.889240026473999,8.008754014968872,0.03140687569975853,131,0.41908666491508484,0.7552716732025146,3.0151479244232178,7.194568992153797,19.110018727490655,43,3,
resnet18_no_weights,IMAGENET100,QAT,layer1.0.conv2,-6.322334289550781,3.335700750350952,9.658035039901733,0.03787464648485184,167,0.6249712705612183,0.9968646764755249,3.3471055030822754,5.355614987032294,15.453566419507428,43,3,
resnet18_no_weights,IMAGENET100,QAT,layer1.1.conv1,-2.9214460849761963,2.1375951766967773,5.059041261672974,0.019839376211166382,147,0.42001792788505554,0.6676287651062012,2.0958282947540283,4.989854374329432,12.044822198774,43,3,
resnet18_no_weights,IMAGENET100,QAT,layer1.1.conv2,-4.408571720123291,5.036767959594727,9.445339679718018,0.03704054653644562,119,0.7310550808906555,1.1990067958831787,4.084348678588867,5.586923318572444,12.920147779030025,43,3,
resnet18_no_weights,IMAGENET100,QAT,layer2.0.conv1,-2.720163583755493,2.229358673095703,4.949522256851196,0.019409889355301857,140,0.4342088997364044,0.7207351326942444,1.9377291202545166,4.462665600430704,11.39894244419197,43,3,
resnet18_no_weights,IMAGENET100,QAT,layer2.0.conv2,-2.524566173553467,4.898444652557373,7.42301082611084,0.02910984680056572,87,0.5798762440681458,0.9807082414627075,3.9091970920562744,6.741433421433409,12.80102591207117,43,3,
resnet18_no_weights,IMAGENET100,QAT,layer2.0.downsample.0,-3.5902626514434814,3.743839979171753,7.334102630615234,0.028761187568306923,125,0.5216401219367981,1.000884771347046,3.4769458770751953,6.665411134721846,14.059698098728369,43,3,
resnet18_no_weights,IMAGENET100,QAT,layer2.1.conv1,-2.495760202407837,3.2389745712280273,5.734734773635864,0.0224891547113657,111,0.3443468511104584,0.6225718259811401,2.2671310901641846,6.583858928441144,16.653948642603662,43,3,
resnet18_no_weights,IMAGENET100,QAT,layer2.1.conv2,-2.96779465675354,3.3080203533172607,6.275815010070801,0.024611039087176323,121,0.3490157425403595,0.6893187165260315,2.441310167312622,6.994842552210417,17.981466865624487,43,3,
resnet18_no_weights,IMAGENET100,QAT,layer3.0.conv1,-1.9530622959136963,3.609110116958618,5.5621724128723145,0.0218124408274889,90,0.43656373023986816,0.7415491342544556,3.124399185180664,7.156799726500357,12.740802837231122,43,3,
resnet18_no_weights,IMAGENET100,QAT,layer3.0.conv2,-3.0351431369781494,6.087374687194824,9.122517824172974,0.03577457740902901,85,0.633275032043457,1.09572434425354,5.637541770935059,8.902201232762632,14.405301587110356,43,3,
resnet18_no_weights,IMAGENET100,QAT,layer3.0.downsample.0,-1.330063819885254,2.411498785018921,3.741562604904175,0.014672794379293919,91,0.1879422962665558,0.3816714584827423,1.807816743850708,9.618998914894114,19.908039218577876,43,3,
resnet18_no_weights,IMAGENET100,QAT,layer3.1.conv1,-2.191901445388794,2.587395429611206,4.779296875,0.018742341548204422,117,0.2709971070289612,0.5432391166687012,2.4070801734924316,8.882309482496392,17.6359700935451,43,3,
resnet18_no_weights,IMAGENET100,QAT,layer3.1.conv2,-5.753791332244873,2.4338090419769287,8.187600374221802,0.032108236104249954,179,0.26479077339172363,0.5609679818153381,1.753124713897705,6.620792301188623,30.921018392545378,43,3,
resnet18_no_weights,IMAGENET100,QAT,layer4.0.conv1,-1.7035325765609741,2.1591298580169678,3.862662434577942,0.015147695317864418,112,0.3141767382621765,0.6062707304954529,1.7984254360198975,5.724247587417291,12.29455260100956,43,3,
resnet18_no_weights,IMAGENET100,QAT,layer4.0.conv2,-2.151129722595215,3.3932693004608154,5.54439902305603,0.021742742508649826,99,0.4627886414527893,0.8859508037567139,2.672727108001709,5.775265139635808,11.980412928137161,43,3,
resnet18_no_weights,IMAGENET100,QAT,layer4.0.downsample.0,-1.5409729480743408,2.018949508666992,3.559922456741333,0.013960479758679867,110,0.19065123796463013,0.44732701778411865,1.5133700370788574,7.937897772054435,18.672432944819246,43,3,
resnet18_no_weights,IMAGENET100,QAT,layer4.1.conv1,-2.6655380725860596,2.478912353515625,5.144450426101685,0.020174315199255943,132,0.21838940680027008,0.5118327140808105,1.7295351028442383,7.919500896057653,23.556318511394586,43,3,
resnet18_no_weights,IMAGENET100,QAT,layer4.1.conv2,-6.7239179611206055,26.39142608642578,33.11534404754639,0.12986409664154053,52,3.144632577896118,6.431775093078613,17.801998138427734,5.661074131063657,10.530751439871505,43,3,
resnet18_no_weights,IMAGENET100,QAT,fc,-6.269115924835205,32.84810256958008,39.11721849441528,0.15340085327625275,41,10.801499366760254,21.713926315307617,25.209712982177734,2.333908666398321,3.621461906926714,43,3,
resnet18_no_weights,IMAGENET100,QAT,conv1,-4.14170503616333,4.523344039916992,8.665049076080322,0.033980581909418106,122,0.7575483918190002,1.2927143573760986,4.149903297424316,5.478070235829694,11.438277963040871,44,3,
resnet18_no_weights,IMAGENET100,QAT,layer1.0.conv1,-4.119513988494873,3.889240026473999,8.008754014968872,0.03140687569975853,131,0.419198215007782,0.7495157718658447,3.2674789428710938,7.794591737014997,19.104933485511616,44,3,
resnet18_no_weights,IMAGENET100,QAT,layer1.0.conv2,-6.322334289550781,3.335700750350952,9.658035039901733,0.03787464648485184,167,0.604455292224884,0.983013391494751,2.575305223464966,4.2605387968161565,15.978080040216636,44,3,
resnet18_no_weights,IMAGENET100,QAT,layer1.1.conv1,-2.9214460849761963,2.1375951766967773,5.059041261672974,0.019839376211166382,147,0.41740378737449646,0.6763885617256165,1.972538709640503,4.725732658172392,12.120257205845572,44,3,
resnet18_no_weights,IMAGENET100,QAT,layer1.1.conv2,-4.408571720123291,5.036767959594727,9.445339679718018,0.03704054653644562,119,0.7429895997047424,1.205074667930603,5.993422985076904,8.066631063824632,12.712613586342949,44,3,
resnet18_no_weights,IMAGENET100,QAT,layer2.0.conv1,-2.720163583755493,2.229358673095703,4.949522256851196,0.019409889355301857,140,0.43810778856277466,0.7234998941421509,2.4122841358184814,5.506143005884579,11.297498894252138,44,3,
resnet18_no_weights,IMAGENET100,QAT,layer2.0.conv2,-2.524566173553467,4.898444652557373,7.42301082611084,0.02910984680056572,87,0.5819762349128723,0.9833623170852661,4.507035255432129,7.74436305995704,12.754834958547988,44,3,
resnet18_no_weights,IMAGENET100,QAT,layer2.0.downsample.0,-3.5902626514434814,3.743839979171753,7.334102630615234,0.028761187568306923,125,0.5172463059425354,0.9783809185028076,3.1328563690185547,6.056797956845353,14.179130032163116,44,3,
resnet18_no_weights,IMAGENET100,QAT,layer2.1.conv1,-2.495760202407837,3.2389745712280273,5.734734773635864,0.0224891547113657,111,0.34277471899986267,0.6202529668807983,2.9096014499664307,8.488378193280925,16.730331777000632,44,3,
resnet18_no_weights,IMAGENET100,QAT,layer2.1.conv2,-2.96779465675354,3.3080203533172607,6.275815010070801,0.024611039087176323,121,0.34652766585350037,0.6802934408187866,2.615513801574707,7.547777736974265,18.110574215231615,44,3,
resnet18_no_weights,IMAGENET100,QAT,layer3.0.conv1,-1.9530622959136963,3.609110116958618,5.5621724128723145,0.0218124408274889,90,0.43318283557891846,0.7381888628005981,2.9906840324401855,6.903976304701331,12.840241939500814,44,3,
resnet18_no_weights,IMAGENET100,QAT,layer3.0.conv2,-3.0351431369781494,6.087374687194824,9.122517824172974,0.03577457740902901,85,0.6256306171417236,1.0850167274475098,4.825796604156494,7.713491750457779,14.581316154011779,44,3,
resnet18_no_weights,IMAGENET100,QAT,layer3.0.downsample.0,-1.330063819885254,2.411498785018921,3.741562604904175,0.014672794379293919,91,0.18866491317749023,0.3898010849952698,2.6313562393188477,13.947247503532083,19.831788231785453,44,3,
resnet18_no_weights,IMAGENET100,QAT,layer3.1.conv1,-2.191901445388794,2.587395429611206,4.779296875,0.018742341548204422,117,0.26752275228500366,0.5334174633026123,2.0724284648895264,7.746737229593384,17.865010860490873,44,3,
resnet18_no_weights,IMAGENET100,QAT,layer3.1.conv2,-5.753791332244873,2.4338090419769287,8.187600374221802,0.032108236104249954,179,0.26060953736305237,0.5522074103355408,2.0278375148773193,7.781133167249979,31.41711718253712,44,3,
resnet18_no_weights,IMAGENET100,QAT,layer4.0.conv1,-1.7035325765609741,2.1591298580169678,3.862662434577942,0.015147695317864418,112,0.3165217638015747,0.605083703994751,1.7757973670959473,5.610348387320318,12.20346553167642,44,3,
resnet18_no_weights,IMAGENET100,QAT,layer4.0.conv2,-2.151129722595215,3.3932693004608154,5.54439902305603,0.021742742508649826,99,0.4648907482624054,0.8960182666778564,2.9919228553771973,6.43575478014981,11.926240829224936,44,3,
resnet18_no_weights,IMAGENET100,QAT,layer4.0.downsample.0,-1.5409729480743408,2.018949508666992,3.559922456741333,0.013960479758679867,110,0.19371488690376282,0.44698795676231384,1.8403306007385254,9.500202230987018,18.377123790748698,44,3,
resnet18_no_weights,IMAGENET100,QAT,layer4.1.conv1,-2.6655380725860596,2.478912353515625,5.144450426101685,0.020174315199255943,132,0.22369292378425598,0.5747781991958618,2.057891607284546,9.199627652367361,22.99782370882383,44,3,
resnet18_no_weights,IMAGENET100,QAT,layer4.1.conv2,-6.7239179611206055,26.39142608642578,33.11534404754639,0.12986409664154053,52,3.477311849594116,7.193135738372803,22.321990966796875,6.419323872088831,9.523259770736905,44,3,
resnet18_no_weights,IMAGENET100,QAT,fc,-6.269115924835205,32.84810256958008,39.11721849441528,0.15340085327625275,41,12.58940601348877,23.611303329467773,28.16451072692871,2.2371596163275838,3.107153622061565,44,3,
resnet18_no_weights,IMAGENET100,QAT,conv1,-4.14170503616333,4.523344039916992,8.665049076080322,0.033980581909418106,122,0.7746325929959615,1.3530954122543335,3.6608548959096274,4.735486874058106,11.189294317746981,aggregate,3,0.6864856461705109
resnet18_no_weights,IMAGENET100,QAT,fc,-6.269115924835205,32.84810256958008,39.11721849441528,0.15340085327625275,41,11.52595583597819,22.97788429260254,28.562363306681316,2.4865026811385564,3.408431597525216,aggregate,3,0.35143300444183256
resnet18_no_weights,IMAGENET100,QAT,layer1.0.conv1,-4.119513988494873,3.889240026473999,8.008754014968872,0.03140687569975853,131,0.4220840632915497,0.7725392778714498,3.497417370478312,8.275161671448627,18.976141204374017,aggregate,3,1.3848929032475037
resnet18_no_weights,IMAGENET100,QAT,layer1.0.conv2,-6.322334289550781,3.335700750350952,9.658035039901733,0.03787464648485184,167,0.6142068107922872,0.9889341394106547,2.8636067708333335,4.655937031772572,15.727341381422827,aggregate,3,0.6076492217846302
resnet18_no_weights,IMAGENET100,QAT,layer1.1.conv1,-2.9214460849761963,2.1375951766967773,5.059041261672974,0.019839376211166382,147,0.4168745080629985,0.6699391007423401,1.922706166903178,4.609732669339096,12.136197099074401,aggregate,3,0.4494915144340953
resnet18_no_weights,IMAGENET100,QAT,layer1.1.conv2,-4.408571720123291,5.036767959594727,9.445339679718018,0.03704054653644562,119,0.7324223518371582,1.1962416569391887,4.4782936573028564,6.098477127573766,12.897612684843233,aggregate,3,1.7687567875469659
resnet18_no_weights,IMAGENET100,QAT,layer2.0.conv1,-2.720163583755493,2.229358673095703,4.949522256851196,0.019409889355301857,140,0.4352266490459442,0.7229775786399841,2.115460673967997,4.858498439338398,11.372542347761591,aggregate,3,0.5654804448921269
resnet18_no_weights,IMAGENET100,QAT,layer2.0.conv2,-2.524566173553467,4.898444652557373,7.42301082611084,0.02910984680056572,87,0.5824170509974161,0.9853159189224243,3.8502084414164224,6.6133614261999325,12.745375580037258,aggregate,3,1.200173640508708
resnet18_no_weights,IMAGENET100,QAT,layer2.0.downsample.0,-3.5902626514434814,3.743839979171753,7.334102630615234,0.028761187568306923,125,0.5160189072291056,0.9873498280843099,3.4724055926005044,6.733297679136499,14.214285024650014,aggregate,3,0.7128714369480511
resnet18_no_weights,IMAGENET100,QAT,layer2.1.conv1,-2.495760202407837,3.2389745712280273,5.734734773635864,0.0224891547113657,111,0.3441456655661265,0.6199251810709635,2.61841615041097,7.609653180298755,16.663838796734357,aggregate,3,0.96073952156868
resnet18_no_weights,IMAGENET100,QAT,layer2.1.conv2,-2.96779465675354,3.3080203533172607,6.275815010070801,0.024611039087176323,121,0.34806931018829346,0.6843655308087667,2.6227570374806723,7.53536460465355,18.030540408174517,aggregate,3,0.5344236178090446
resnet18_no_weights,IMAGENET100,QAT,layer3.0.conv1,-1.9530622959136963,3.609110116958618,5.5621724128723145,0.0218124408274889,90,0.43670113881429035,0.7454655965169271,3.1468737920125327,7.204230837905811,12.737367207663585,aggregate,3,0.3265637782323871
resnet18_no_weights,IMAGENET100,QAT,layer3.0.conv2,-3.0351431369781494,6.087374687194824,9.122517824172974,0.03577457740902901,85,0.6311495304107666,1.0919423500696819,4.990583101908366,7.906888902742535,14.45437847324161,aggregate,3,0.9140889029750306
resnet18_no_weights,IMAGENET100,QAT,layer3.0.downsample.0,-1.330063819885254,2.411498785018921,3.741562604904175,0.014672794379293919,91,0.18807113667329153,0.3855351209640503,2.099039077758789,11.156557695905367,19.894510611480097,aggregate,3,2.4209888452162236
resnet18_no_weights,IMAGENET100,QAT,layer3.1.conv1,-2.191901445388794,2.587395429611206,4.779296875,0.018742341548204422,117,0.26749515533447266,0.5274742245674133,2.122920791308085,7.928747761639359,17.868912327973888,aggregate,3,0.8768406429378263
resnet18_no_weights,IMAGENET100,QAT,layer3.1.conv2,-5.753791332244873,2.4338090419769287,8.187600374221802,0.032108236104249954,179,0.2628669838110606,0.5466991662979126,1.8357148170471191,6.986784199362633,31.148654670047602,aggregate,3,0.688632750995079
resnet18_no_weights,IMAGENET100,QAT,layer4.0.conv1,-1.7035325765609741,2.1591298580169678,3.862662434577942,0.015147695317864418,112,0.3154000441233317,0.604056179523468,1.7770575682322185,5.634448867238889,12.246980661093684,aggregate,3,0.08050124859659906
resnet18_no_weights,IMAGENET100,QAT,layer4.0.conv2,-2.151129722595215,3.3932693004608154,5.54439902305603,0.021742742508649826,99,0.4615240693092346,0.8794479370117188,2.691680351893107,5.82887866200039,12.013887995811952,aggregate,3,0.5819246224619743
resnet18_no_weights,IMAGENET100,QAT,layer4.0.downsample.0,-1.5409729480743408,2.018949508666992,3.559922456741333,0.013960479758679867,110,0.19385510683059692,0.4539509216944377,1.787288983662923,9.207180231731886,18.367325162167997,aggregate,3,1.151091729853949
resnet18_no_weights,IMAGENET100,QAT,layer4.1.conv1,-2.6655380725860596,2.478912353515625,5.144450426101685,0.020174315199255943,132,0.2204251488049825,0.5338113903999329,2.0725580851236978,9.402124162902245,23.3413624876165,aggregate,3,1.5935503211827342
resnet18_no_weights,IMAGENET100,QAT,layer4.1.conv2,-6.7239179611206055,26.39142608642578,33.11534404754639,0.12986409664154053,52,3.284898281097412,6.790033499399821,20.98010317484538,6.3794214553479,10.099238989434935,aggregate,3,0.6992505179617492
resnet50_no_weights,IMAGENET100,PTQ,conv1,-3.818621873855591,3.8972527980804443,7.715874671936035,0.030258331447839737,126,0.9310932755470276,1.4255226850509644,3.2107555866241455,3.4483715766691487,8.286897644495255,42,3,
resnet50_no_weights,IMAGENET100,PTQ,layer1.0.conv1,-3.577899217605591,2.0377233028411865,5.615622520446777,0.022022049874067307,162,0.4392000138759613,0.6667620539665222,1.7525774240493774,3.9903856299611586,12.786025371193952,42,3,
resnet50_no_weights,IMAGENET100,PTQ,layer1.0.conv2,-1.3292567729949951,1.4985908269882202,2.8278475999832153,0.011089597828686237,120,0.6255344152450562,0.8175384998321533,1.3864991664886475,2.21650341323823,4.520690678346438,42,3,
resnet50_no_weights,IMAGENET100,PTQ,layer1.0.conv3,-0.6502669453620911,0.5236165523529053,1.1738834977149963,0.004603464622050524,141,0.17258188128471375,0.27581048011779785,0.47828227281570435,2.7713353757377757,6.80189304332825,42,3,
resnet50_no_weights,IMAGENET100,PTQ,layer1.0.downsample.0,-3.0707740783691406,2.6849846839904785,5.755758762359619,0.02257160283625126,136,0.4935486316680908,0.899470329284668,2.516077995300293,5.097933281258379,11.661989099040477,42,3,
resnet50_no_weights,IMAGENET100,PTQ,layer1.1.conv1,-0.21333517134189606,0.6953484416007996,0.9086836129426956,0.0035634650848805904,60,0.31449663639068604,0.5370980501174927,0.6728330850601196,2.139396760429219,2.889326968234649,42,3,
resnet50_no_weights,IMAGENET100,PTQ,layer1.1.conv2,-0.7232502102851868,1.335092306137085,2.0583425164222717,0.008071931079030037,90,0.4175601005554199,0.6111088395118713,1.2314213514328003,2.949087687724038,4.929452104461983,42,3,
resnet50_no_weights,IMAGENET100,PTQ,layer1.1.conv3,-0.33986473083496094,0.3299366533756256,0.6698013842105865,0.0026266719214618206,129,0.06290431320667267,0.09106148779392242,0.30146774649620056,4.792481328040664,10.647940499881912,42,3,
resnet50_no_weights,IMAGENET100,PTQ,layer1.2.conv1,-0.9161497354507446,1.2250535488128662,2.141203284263611,0.0083968760445714,109,0.23548024892807007,0.40923798084259033,1.0832328796386719,4.600100792188124,9.09292093078118,42,3,
resnet50_no_weights,IMAGENET100,PTQ,layer1.2.conv2,-0.6164917349815369,1.0028226375579834,1.6193143725395203,0.006350252777338028,97,0.23592877388000488,0.4349610507488251,0.9779371023178101,4.145052280970171,6.863573043291089,42,3,
resnet50_no_weights,IMAGENET100,PTQ,layer1.2.conv3,-0.06257762014865875,0.12474283576011658,0.18732045590877533,0.0007345900521613657,85,0.0198445376008749,0.04358357936143875,0.1223912239074707,6.167501927687887,9.43939635562568,42,3,
resnet50_no_weights,IMAGENET100,PTQ,layer2.0.conv1,-1.3714637756347656,2.089627504348755,3.4610912799835205,0.013572907075285912,101,0.4641742408275604,0.7056881189346313,1.9064973592758179,4.107288150839195,7.456448410004095,42,3,
resnet50_no_weights,IMAGENET100,PTQ,layer2.0.conv2,-1.9558950662612915,1.5379397869110107,3.4938348531723022,0.01370131317526102,143,0.37743479013442993,0.6312304735183716,1.4623998403549194,3.874576161445161,9.256790694699639,42,3,
resnet50_no_weights,IMAGENET100,PTQ,layer2.0.conv3,-0.6097139120101929,0.5327240824699402,1.142437994480133,0.0044801486656069756,136,0.07321641594171524,0.15783271193504333,0.5211851596832275,7.1184194552506215,15.603577145726224,42,3,
resnet50_no_weights,IMAGENET100,PTQ,layer2.0.downsample.0,-1.405057668685913,2.3137598037719727,3.7188174724578857,0.014583597891032696,96,0.4216552972793579,0.780488133430481,2.191523790359497,5.197429759568641,8.81956777598378,42,3,
resnet50_no_weights,IMAGENET100,PTQ,layer2.1.conv1,-1.1483089923858643,1.2298023700714111,2.3781113624572754,0.009325927123427391,123,0.31099095940589905,0.5622749328613281,1.4382885694503784,4.624856530228435,7.646882619997364,42,3,
resnet50_no_weights,IMAGENET100,PTQ,layer2.1.conv2,-2.4345195293426514,5.653123378753662,8.087642908096313,0.0317162461578846,77,0.3849731683731079,0.7773305177688599,4.7751545906066895,12.403863393353975,21.00832882009569,42,3,
resnet50_no_weights,IMAGENET100,PTQ,layer2.1.conv3,-0.9947701096534729,0.7692413330078125,1.7640114426612854,0.0069176917895674706,144,0.055751219391822815,0.14024527370929718,0.7962510585784912,14.282217810921631,31.64076879222516,42,3,
resnet50_no_weights,IMAGENET100,PTQ,layer2.2.conv1,-1.194673776626587,3.1537129878997803,4.348386764526367,0.01705249771475792,70,0.3737974464893341,0.5418778657913208,2.7191526889801025,7.274401455970595,11.633002861217896,42,3,
resnet50_no_weights,IMAGENET100,PTQ,layer2.2.conv2,-1.7661643028259277,6.081405162811279,7.847569465637207,0.030774781480431557,57,0.34774741530418396,0.6157858371734619,4.871675968170166,14.009237031736902,22.566866410129112,42,3,
resnet50_no_weights,IMAGENET100,PTQ,layer2.2.conv3,-0.4678729772567749,0.6226199865341187,1.0904929637908936,0.0042764428071677685,109,0.0647953450679779,0.13488009572029114,0.5064616203308105,7.816327234610341,16.829804095446033,42,3,
resnet50_no_weights,IMAGENET100,PTQ,layer2.3.conv1,-1.657038688659668,2.3513357639312744,4.008374452590942,0.015719113871455193,105,0.2417719066143036,0.4032696485519409,1.85873281955719,7.687960299384199,16.57915722601081,42,3,
resnet50_no_weights,IMAGENET100,PTQ,layer2.3.conv2,-2.207566022872925,6.900229454040527,9.107795476913452,0.03571684658527374,62,0.26249948143959045,0.5028083324432373,5.530732154846191,21.06949745010826,34.69643226327457,42,3,
resnet50_no_weights,IMAGENET100,PTQ,layer2.3.conv3,-0.6612141132354736,0.7141767144203186,1.3753908276557922,0.005393689498305321,123,0.043111350387334824,0.09333818405866623,0.5734226703643799,13.300967499566866,31.90321841692651,42,3,
resnet50_no_weights,IMAGENET100,PTQ,layer3.0.conv1,-2.48576021194458,3.007209062576294,5.492969274520874,0.021541057154536247,115,0.32511550188064575,0.5778719186782837,1.8650603294372559,5.736608431922586,16.89543944458673,42,3,
resnet50_no_weights,IMAGENET100,PTQ,layer3.0.conv2,-1.545149564743042,2.3568670749664307,3.9020166397094727,0.015302025713026524,101,0.34399253129959106,0.5638706088066101,2.153130292892456,6.25923558502276,11.343317905676027,42,3,
resnet50_no_weights,IMAGENET100,PTQ,layer3.0.conv3,-0.5098015069961548,0.6687999367713928,1.1786014437675476,0.004621966741979122,110,0.08284613490104675,0.14267945289611816,0.5206873416900635,6.284992562561716,14.226390225389453,42,3,
resnet50_no_weights,IMAGENET100,PTQ,layer3.0.downsample.0,-1.8050107955932617,2.757519245147705,4.562530040740967,0.017892275005578995,101,0.3601036071777344,0.6508992910385132,2.3639416694641113,6.5646153560948735,12.67004814669647,42,3,
resnet50_no_weights,IMAGENET100,PTQ,layer3.1.conv1,-0.6903538107872009,1.0501081943511963,1.7404620051383972,0.006825341377407312,101,0.19856023788452148,0.32378435134887695,1.161129355430603,5.847743575457901,8.76541055591711,42,3,
resnet50_no_weights,IMAGENET100,PTQ,layer3.1.conv2,-1.3737846612930298,1.1004704236984253,2.474255084991455,0.009702960960566998,142,0.19177919626235962,0.3343261182308197,0.9555625319480896,4.982618295265206,12.901582305134916,42,3,
resnet50_no_weights,IMAGENET100,PTQ,layer3.1.conv3,-0.27796369791030884,0.2869543433189392,0.564918041229248,0.002215364947915077,125,0.025697683915495872,0.05620895326137543,0.22688253223896027,8.828909756421613,21.983227869364473,42,3,
resnet50_no_weights,IMAGENET100,PTQ,layer3.2.conv1,-0.7234109044075012,1.0376759767532349,1.761086881160736,0.0069062234833836555,105,0.20551401376724243,0.34813153743743896,1.0699710845947266,5.206316907452044,8.569181482462202,42,3,
resnet50_no_weights,IMAGENET100,PTQ,layer3.2.conv2,-1.1506927013397217,1.3316649198532104,2.482357621192932,0.009734734892845154,118,0.20672950148582458,0.36700862646102905,0.8173491358757019,3.9537130888488474,12.007757012673622,42,3,
resnet50_no_weights,IMAGENET100,PTQ,layer3.2.conv3,-0.3557609021663666,0.30103787779808044,0.656798779964447,0.002575681544840336,138,0.03182801976799965,0.06110827252268791,0.19986629486083984,6.279570526778053,20.63586691072757,42,3,
resnet50_no_weights,IMAGENET100,PTQ,layer3.3.conv1,-0.8145313262939453,1.7652846574783325,2.579815983772278,0.010116924531757832,81,0.22045710682868958,0.3606836199760437,1.9393314123153687,8.796865023826895,11.7021221083926,42,3,
resnet50_no_weights,IMAGENET100,PTQ,layer3.3.conv2,-1.2455774545669556,2.4727377891540527,3.7183152437210083,0.014581628143787384,85,0.21446149051189423,0.37824562191963196,1.1927257776260376,5.561491598231189,17.337915701536108,42,3,
resnet50_no_weights,IMAGENET100,PTQ,layer3.3.conv3,-0.5230658650398254,0.5676164627075195,1.090682327747345,0.004277185536921024,122,0.03252386674284935,0.06197191774845123,0.3021700978279114,9.290718727174285,33.53482955673285,42,3,
resnet50_no_weights,IMAGENET100,PTQ,layer3.4.conv1,-0.8257399201393127,1.2789859771728516,2.1047258973121643,0.008253826759755611,100,0.19631409645080566,0.3350130319595337,1.0419812202453613,5.307724911677299,10.721216333232531,42,3,
resnet50_no_weights,IMAGENET100,PTQ,layer3.4.conv2,-1.2544488906860352,2.2659146785736084,3.5203635692596436,0.013805347494781017,91,0.17781484127044678,0.326903373003006,1.8757458925247192,10.54887139410265,19.797917564740057,42,3,
resnet50_no_weights,IMAGENET100,PTQ,layer3.4.conv3,-0.20293401181697845,0.30270618200302124,0.5056401938199997,0.0019829028751701117,102,0.02415936067700386,0.05069150775671005,0.22137092053890228,9.162946134978426,20.92936980328682,42,3,
resnet50_no_weights,IMAGENET100,PTQ,layer3.5.conv1,-0.9225885272026062,2.5472638607025146,3.469852387905121,0.013607264496386051,68,0.28061237931251526,0.47645828127861023,3.0335097312927246,10.810320409686327,12.36528622296018,42,3,
resnet50_no_weights,IMAGENET100,PTQ,layer3.5.conv2,-1.546669602394104,1.599074125289917,3.145743727684021,0.012336250394582748,125,0.28755518794059753,0.4834492802619934,1.497206687927246,5.206675972879806,10.939617366019705,42,3,
resnet50_no_weights,IMAGENET100,PTQ,layer3.5.conv3,-0.38188889622688293,0.3694039285182953,0.7512928247451782,0.002946246415376663,130,0.04023738577961922,0.08269143104553223,0.3296574056148529,8.192813703663344,18.671511833796078,42,3,
resnet50_no_weights,IMAGENET100,PTQ,layer4.0.conv1,-1.5409228801727295,2.28108549118042,3.8220083713531494,0.014988267794251442,103,0.2812836468219757,0.5199604034423828,1.9867209196090698,7.063051627976313,13.58773755437015,42,3,
resnet50_no_weights,IMAGENET100,PTQ,layer4.0.conv2,-1.2686786651611328,1.7481526136398315,3.0168312788009644,0.011830711737275124,107,0.2938767373561859,0.4907033145427704,1.3585131168365479,4.62273104383215,10.26563485746233,42,3,
resnet50_no_weights,IMAGENET100,PTQ,layer4.0.conv3,-0.30859652161598206,0.4645163416862488,0.7731128633022308,0.003031815169379115,102,0.058552779257297516,0.13406598567962646,0.4179568588733673,7.138121608826566,13.203692004182306,42,3,
resnet50_no_weights,IMAGENET100,PTQ,layer4.0.downsample.0,-1.0695226192474365,1.2762199640274048,2.3457425832748413,0.009198990650475025,116,0.16807261109352112,0.31498610973358154,1.2399368286132812,7.377387788206251,13.95672125287322,42,3,
resnet50_no_weights,IMAGENET100,PTQ,layer4.1.conv1,-1.2540838718414307,2.0610105991363525,3.315094470977783,0.013000370934605598,96,0.24948614835739136,0.45507627725601196,1.3442895412445068,5.3882331748486445,13.287689488191056,42,3,
resnet50_no_weights,IMAGENET100,PTQ,layer4.1.conv2,-1.5095503330230713,1.5608339309692383,3.0703842639923096,0.01204072218388319,125,0.22307398915290833,0.39665642380714417,1.284593939781189,5.758600295172249,13.76397255301551,42,3,
resnet50_no_weights,IMAGENET100,PTQ,layer4.1.conv3,-0.35767945647239685,0.34749099612236023,0.7051704525947571,0.002765374258160591,129,0.025774670764803886,0.051784515380859375,0.20939570665359497,8.124088511715591,27.359047920708623,42,3,
resnet50_no_weights,IMAGENET100,PTQ,layer4.2.conv1,-1.813356876373291,2.7360620498657227,4.549418926239014,0.017840858548879623,102,0.32428550720214844,0.6416218876838684,1.792886734008789,5.528729142037067,14.029054105717597,42,3,
resnet50_no_weights,IMAGENET100,PTQ,layer4.2.conv2,-2.1491448879241943,2.479403018951416,4.62854790687561,0.018151167780160904,118,0.24831974506378174,0.5610652565956116,2.841381311416626,11.442430043921025,18.63946785901682,42,3,
resnet50_no_weights,IMAGENET100,PTQ,layer4.2.conv3,-0.20983533561229706,0.8256136178970337,1.0354489535093307,0.004060584120452404,52,0.04488159716129303,0.114082932472229,0.8047490119934082,17.930489619193924,23.070679721761927,42,3,
resnet50_no_weights,IMAGENET100,PTQ,fc,-4.387799263000488,23.848068237304688,28.235867500305176,0.11072888970375061,40,7.007440567016602,13.621665954589844,20.682024002075195,2.9514376617653584,4.029412341106236,42,3,
resnet50_no_weights,IMAGENET100,PTQ,conv1,-3.818621873855591,3.8972527980804443,7.715874671936035,0.030258331447839737,126,0.9332711696624756,1.3099721670150757,3.165060520172119,3.39136214967059,8.267559229035799,43,3,
resnet50_no_weights,IMAGENET100,PTQ,layer1.0.conv1,-3.577899217605591,2.0377233028411865,5.615622520446777,0.022022049874067307,162,0.44133827090263367,0.6971999406814575,1.8569447994232178,4.207531777439917,12.724077857471087,43,3,
resnet50_no_weights,IMAGENET100,PTQ,layer1.0.conv2,-1.3292567729949951,1.4985908269882202,2.8278475999832153,0.011089597828686237,120,0.6064774990081787,0.799088716506958,1.6599687337875366,2.7370656561904054,4.662741164524358,43,3,
resnet50_no_weights,IMAGENET100,PTQ,layer1.0.conv3,-0.6502669453620911,0.5236165523529053,1.1738834977149963,0.004603464622050524,141,0.16599741578102112,0.27403438091278076,0.5370658040046692,3.235386535855176,7.071697424877678,43,3,
resnet50_no_weights,IMAGENET100,PTQ,layer1.0.downsample.0,-3.0707740783691406,2.6849846839904785,5.755758762359619,0.02257160283625126,136,0.4752504527568817,0.836234986782074,2.2178170680999756,4.666627996322012,12.111001113141548,43,3,
resnet50_no_weights,IMAGENET100,PTQ,layer1.1.conv1,-0.21333517134189606,0.6953484416007996,0.9086836129426956,0.0035634650848805904,60,0.3147125840187073,0.533700168132782,0.5984161496162415,1.9014687686612182,2.8873443868665936,43,3,
resnet50_no_weights,IMAGENET100,PTQ,layer1.1.conv2,-0.7232502102851868,1.335092306137085,2.0583425164222717,0.008071931079030037,90,0.4286479949951172,0.6313983798027039,1.1313252449035645,2.6392873829176584,4.8019413142145195,43,3,
resnet50_no_weights,IMAGENET100,PTQ,layer1.1.conv3,-0.33986473083496094,0.3299366533756256,0.6698013842105865,0.0026266719214618206,129,0.06485923379659653,0.09326864778995514,0.27513936161994934,4.2421000914504665,10.327001183996938,43,3,
resnet50_no_weights,IMAGENET100,PTQ,layer1.2.conv1,-0.9161497354507446,1.2250535488128662,2.141203284263611,0.0083968760445714,109,0.23229876160621643,0.4023958742618561,1.0703587532043457,4.6076817018025045,9.217454580723478,43,3,
resnet50_no_weights,IMAGENET100,PTQ,layer1.2.conv2,-0.6164917349815369,1.0028226375579834,1.6193143725395203,0.006350252777338028,97,0.22792544960975647,0.4246616065502167,0.9056782126426697,3.973572122785457,7.104579042454611,43,3,
resnet50_no_weights,IMAGENET100,PTQ,layer1.2.conv3,-0.06257762014865875,0.12474283576011658,0.18732045590877533,0.0007345900521613657,85,0.019323622807860374,0.04229367524385452,0.11378363519906998,5.888317958306741,9.693858018827504,43,3,
resnet50_no_weights,IMAGENET100,PTQ,layer2.0.conv1,-1.3714637756347656,2.089627504348755,3.4610912799835205,0.013572907075285912,101,0.46197015047073364,0.7030777931213379,1.71811842918396,3.7191113482835396,7.492023621995432,43,3,
resnet50_no_weights,IMAGENET100,PTQ,layer2.0.conv2,-1.9558950662612915,1.5379397869110107,3.4938348531723022,0.01370131317526102,143,0.3787108361721039,0.6329872608184814,1.2942947149276733,3.417633168382553,9.225600430362496,43,3,
resnet50_no_weights,IMAGENET100,PTQ,layer2.0.conv3,-0.6097139120101929,0.5327240824699402,1.142437994480133,0.0044801486656069756,136,0.07326992601156235,0.15804679691791534,0.4204590916633606,5.738494830703257,15.592181631244596,43,3,
resnet50_no_weights,IMAGENET100,PTQ,layer2.0.downsample.0,-1.405057668685913,2.3137598037719727,3.7188174724578857,0.014583597891032696,96,0.41126975417137146,0.7078104019165039,1.971810221672058,4.794445012483041,9.042282917085842,43,3,
resnet50_no_weights,IMAGENET100,PTQ,layer2.1.conv1,-1.1483089923858643,1.2298023700714111,2.3781113624572754,0.009325927123427391,123,0.296175092458725,0.5134377479553223,1.2063459157943726,4.073083613411851,8.029410382605652,43,3,
resnet50_no_weights,IMAGENET100,PTQ,layer2.1.conv2,-2.4345195293426514,5.653123378753662,8.087642908096313,0.0317162461578846,77,0.3586373031139374,0.7223798036575317,5.447495937347412,15.18942923685986,22.551036486929267,43,3,
resnet50_no_weights,IMAGENET100,PTQ,layer2.1.conv3,-0.9947701096534729,0.7692413330078125,1.7640114426612854,0.0069176917895674706,144,0.05116723105311394,0.12760832905769348,0.7376505732536316,14.41646456279638,34.475413391632635,43,3,
resnet50_no_weights,IMAGENET100,PTQ,layer2.2.conv1,-1.194673776626587,3.1537129878997803,4.348386764526367,0.01705249771475792,70,0.3755446970462799,0.5320135354995728,2.9865379333496094,7.952549874460259,11.578879421616485,43,3,
resnet50_no_weights,IMAGENET100,PTQ,layer2.2.conv2,-1.7661643028259277,6.081405162811279,7.847569465637207,0.030774781480431557,57,0.3482394516468048,0.6126359701156616,5.756543159484863,16.530416448402082,22.534981112928165,43,3,
resnet50_no_weights,IMAGENET100,PTQ,layer2.2.conv3,-0.4678729772567749,0.6226199865341187,1.0904929637908936,0.0042764428071677685,109,0.06491556018590927,0.13560140132904053,0.595179557800293,9.16851916698832,16.798637501823464,43,3,
resnet50_no_weights,IMAGENET100,PTQ,layer2.3.conv1,-1.657038688659668,2.3513357639312744,4.008374452590942,0.015719113871455193,105,0.24078230559825897,0.3995819091796875,2.261720657348633,9.393217876741632,16.647296580334455,43,3,
resnet50_no_weights,IMAGENET100,PTQ,layer2.3.conv2,-2.207566022872925,6.900229454040527,9.107795476913452,0.03571684658527374,62,0.2675723731517792,0.4962891638278961,6.719613075256348,25.11325439209181,34.03862427810175,43,3,
resnet50_no_weights,IMAGENET100,PTQ,layer2.3.conv3,-0.6612141132354736,0.7141767144203186,1.3753908276557922,0.005393689498305321,123,0.04283231124281883,0.09096633642911911,0.6971761584281921,16.276874588341975,32.111057931443916,43,3,
resnet50_no_weights,IMAGENET100,PTQ,layer3.0.conv1,-2.48576021194458,3.007209062576294,5.492969274520874,0.021541057154536247,115,0.3286468982696533,0.5867298245429993,2.015801429748535,6.133638991762457,16.713893553968422,43,3,
resnet50_no_weights,IMAGENET100,PTQ,layer3.0.conv2,-1.545149564743042,2.3568670749664307,3.9020166397094727,0.015302025713026524,101,0.34751248359680176,0.564568281173706,1.4980971813201904,4.310916159945334,11.22842149243983,43,3,
resnet50_no_weights,IMAGENET100,PTQ,layer3.0.conv3,-0.5098015069961548,0.6687999367713928,1.1786014437675476,0.004621966741979122,110,0.08338409662246704,0.1433369666337967,0.5194321274757385,6.22939083729046,14.134607095449239,43,3,
resnet50_no_weights,IMAGENET100,PTQ,layer3.0.downsample.0,-1.8050107955932617,2.757519245147705,4.562530040740967,0.017892275005578995,101,0.3625461459159851,0.6417070627212524,2.108487606048584,5.815777190849508,12.584687748406704,43,3,
resnet50_no_weights,IMAGENET100,PTQ,layer3.1.conv1,-0.6903538107872009,1.0501081943511963,1.7404620051383972,0.006825341377407312,101,0.19898870587348938,0.3270663022994995,0.874180257320404,4.393114943298238,8.746536631304728,43,3,
resnet50_no_weights,IMAGENET100,PTQ,layer3.1.conv2,-1.3737846612930298,1.1004704236984253,2.474255084991455,0.009702960960566998,142,0.19242627918720245,0.3368328809738159,1.1883862018585205,6.175799931683945,12.858197411718225,43,3,
resnet50_no_weights,IMAGENET100,PTQ,layer3.1.conv3,-0.27796369791030884,0.2869543433189392,0.564918041229248,0.002215364947915077,125,0.025925101712346077,0.057194408029317856,0.24098215997219086,9.29532167881255,21.790388616304725,43,3,
resnet50_no_weights,IMAGENET100,PTQ,layer3.2.conv1,-0.7234109044075012,1.0376759767532349,1.761086881160736,0.0069062234833836555,105,0.2121642529964447,0.3592119514942169,0.8194985389709473,3.8625665134299503,8.300582479322033,43,3,
resnet50_no_weights,IMAGENET100,PTQ,layer3.2.conv2,-1.1506927013397217,1.3316649198532104,2.482357621192932,0.009734734892845154,118,0.2210388481616974,0.4088032841682434,0.9115673303604126,4.124014117615969,11.2304133044387,43,3,
resnet50_no_weights,IMAGENET100,PTQ,layer3.2.conv3,-0.3557609021663666,0.30103787779808044,0.656798779964447,0.002575681544840336,138,0.03570670634508133,0.06795301288366318,0.26143088936805725,7.321618713344864,18.394269513881454,43,3,
resnet50_no_weights,IMAGENET100,PTQ,layer3.3.conv1,-0.8145313262939453,1.7652846574783325,2.579815983772278,0.010116924531757832,81,0.21777933835983276,0.3700734078884125,1.4862204790115356,6.824432887916489,11.846008915270446,43,3,
resnet50_no_weights,IMAGENET100,PTQ,layer3.3.conv2,-1.2455774545669556,2.4727377891540527,3.7183152437210083,0.014581628143787384,85,0.2191798985004425,0.3972703814506531,1.490620493888855,6.800899644936397,16.9646727147905,43,3,
resnet50_no_weights,IMAGENET100,PTQ,layer3.3.conv3,-0.5230658650398254,0.5676164627075195,1.090682327747345,0.004277185536921024,122,0.03349217399954796,0.06544645130634308,0.37655919790267944,11.243199617551307,32.56528906609842,43,3,
resnet50_no_weights,IMAGENET100,PTQ,layer3.4.conv1,-0.8257399201393127,1.2789859771728516,2.1047258973121643,0.008253826759755611,100,0.19721049070358276,0.3338826298713684,0.9474214911460876,4.804113045741109,10.672484459641007,43,3,
resnet50_no_weights,IMAGENET100,PTQ,layer3.4.conv2,-1.2544488906860352,2.2659146785736084,3.5203635692596436,0.013805347494781017,91,0.17922571301460266,0.33392298221588135,1.5763839483261108,8.795523375586587,19.642067592013525,43,3,
resnet50_no_weights,IMAGENET100,PTQ,layer3.4.conv3,-0.20293401181697845,0.30270618200302124,0.5056401938199997,0.0019829028751701117,102,0.024428989738225937,0.049828678369522095,0.22670969367027283,9.280354861155907,20.69836695001698,43,3,
resnet50_no_weights,IMAGENET100,PTQ,layer3.5.conv1,-0.9225885272026062,2.5472638607025146,3.469852387905121,0.013607264496386051,68,0.28004539012908936,0.4839722216129303,2.4888341426849365,8.887252675495521,12.390321391491794,43,3,
resnet50_no_weights,IMAGENET100,PTQ,layer3.5.conv2,-1.546669602394104,1.599074125289917,3.145743727684021,0.012336250394582748,125,0.2873694896697998,0.5014340877532959,1.5326775312423706,5.333473407366539,10.946686550818665,43,3,
resnet50_no_weights,IMAGENET100,PTQ,layer3.5.conv3,-0.38188889622688293,0.3694039285182953,0.7512928247451782,0.002946246415376663,130,0.041201151907444,0.08375158160924911,0.37056946754455566,8.994153085258842,18.234752912562104,43,3,
resnet50_no_weights,IMAGENET100,PTQ,layer4.0.conv1,-1.5409228801727295,2.28108549118042,3.8220083713531494,0.014988267794251442,103,0.2768906354904175,0.5193570852279663,2.3575186729431152,8.514259316742777,13.803313949508487,43,3,
resnet50_no_weights,IMAGENET100,PTQ,layer4.0.conv2,-1.2686786651611328,1.7481526136398315,3.0168312788009644,0.011830711737275124,107,0.28936174511909485,0.48684659600257874,1.6361925601959229,5.654488154688528,10.425812429211414,43,3,
resnet50_no_weights,IMAGENET100,PTQ,layer4.0.conv3,-0.30859652161598206,0.4645163416862488,0.7731128633022308,0.003031815169379115,102,0.057905785739421844,0.1339273452758789,0.47128748893737793,8.138867004727107,13.351219630820088,43,3,
resnet50_no_weights,IMAGENET100,PTQ,layer4.0.downsample.0,-1.0695226192474365,1.2762199640274048,2.3457425832748413,0.009198990650475025,116,0.16786730289459229,0.3150779604911804,1.1061564683914185,6.589469475696523,13.973790862344329,43,3,
resnet50_no_weights,IMAGENET100,PTQ,layer4.1.conv1,-1.2540838718414307,2.0610105991363525,3.315094470977783,0.013000370934605598,96,0.24938805401325226,0.46116331219673157,2.154590129852295,8.639508168814702,13.292916070477146,43,3,
resnet50_no_weights,IMAGENET100,PTQ,layer4.1.conv2,-1.5095503330230713,1.5608339309692383,3.0703842639923096,0.01204072218388319,125,0.22658205032348633,0.4094390869140625,1.220868468284607,5.388195872274963,13.55087156996235,43,3,
resnet50_no_weights,IMAGENET100,PTQ,layer4.1.conv3,-0.35767945647239685,0.34749099612236023,0.7051704525947571,0.002765374258160591,129,0.02666831947863102,0.05451250076293945,0.3168215751647949,11.880072736441454,26.44225306959447,43,3,
resnet50_no_weights,IMAGENET100,PTQ,layer4.2.conv1,-1.813356876373291,2.7360620498657227,4.549418926239014,0.017840858548879623,102,0.32410481572151184,0.6652206778526306,2.2555503845214844,6.95932388261572,14.036875435223761,43,3,
resnet50_no_weights,IMAGENET100,PTQ,layer4.2.conv2,-2.1491448879241943,2.479403018951416,4.62854790687561,0.018151167780160904,118,0.256163626909256,0.5770861506462097,2.2643094062805176,8.83930881835395,18.068716322927603,43,3,
resnet50_no_weights,IMAGENET100,PTQ,layer4.2.conv3,-0.20983533561229706,0.8256136178970337,1.0354489535093307,0.004060584120452404,52,0.04594514146447182,0.1179116815328598,1.023059368133545,22.266976126837047,22.536636530110947,43,3,
resnet50_no_weights,IMAGENET100,PTQ,fc,-4.387799263000488,23.848068237304688,28.235867500305176,0.11072888970375061,40,7.632293701171875,14.839081764221191,20.011802673339844,2.6219906435554488,3.699525805194026,43,3,
resnet50_no_weights,IMAGENET100,PTQ,conv1,-3.818621873855591,3.8972527980804443,7.715874671936035,0.030258331447839737,126,0.9292575716972351,1.341761589050293,3.442854404449463,3.704951683268277,8.30326801410231,44,3,
resnet50_no_weights,IMAGENET100,PTQ,layer1.0.conv1,-3.577899217605591,2.0377233028411865,5.615622520446777,0.022022049874067307,162,0.44712987542152405,0.6902262568473816,1.6759330034255981,3.7482017989642067,12.559264833629703,44,3,
resnet50_no_weights,IMAGENET100,PTQ,layer1.0.conv2,-1.3292567729949951,1.4985908269882202,2.8278475999832153,0.011089597828686237,120,0.6277291178703308,0.8313468098640442,1.4506731033325195,2.3109858409215662,4.504885179736652,44,3,
resnet50_no_weights,IMAGENET100,PTQ,layer1.0.conv3,-0.6502669453620911,0.5236165523529053,1.1738834977149963,0.004603464622050524,141,0.1704159379005432,0.27728331089019775,0.49656277894973755,2.913828278429788,6.888343380183659,44,3,
resnet50_no_weights,IMAGENET100,PTQ,layer1.0.downsample.0,-3.0707740783691406,2.6849846839904785,5.755758762359619,0.02257160283625126,136,0.48683369159698486,0.8639500737190247,2.5826897621154785,5.305076059225384,11.82284394385014,44,3,
resnet50_no_weights,IMAGENET100,PTQ,layer1.1.conv1,-0.21333517134189606,0.6953484416007996,0.9086836129426956,0.0035634650848805904,60,0.3026723861694336,0.49900057911872864,0.5969106554985046,1.9721345017723513,3.0022019003544704,44,3,
resnet50_no_weights,IMAGENET100,PTQ,layer1.1.conv2,-0.7232502102851868,1.335092306137085,2.0583425164222717,0.008071931079030037,90,0.4347124695777893,0.6182355284690857,1.1125332117080688,2.5592392433292908,4.734951630031269,44,3,
resnet50_no_weights,IMAGENET100,PTQ,layer1.1.conv3,-0.33986473083496094,0.3299366533756256,0.6698013842105865,0.0026266719214618206,129,0.06498535722494125,0.09125066548585892,0.2683602273464203,4.129549160090239,10.306958564405923,44,3,
resnet50_no_weights,IMAGENET100,PTQ,layer1.2.conv1,-0.9161497354507446,1.2250535488128662,2.141203284263611,0.0083968760445714,109,0.2356988936662674,0.41059452295303345,0.9907107353210449,4.203289713883086,9.084485934394754,44,3,
resnet50_no_weights,IMAGENET100,PTQ,layer1.2.conv2,-0.6164917349815369,1.0028226375579834,1.6193143725395203,0.006350252777338028,97,0.2229728102684021,0.4278434216976166,0.9433984160423279,4.231002044180714,7.262384909578351,44,3,
resnet50_no_weights,IMAGENET100,PTQ,layer1.2.conv3,-0.06257762014865875,0.12474283576011658,0.18732045590877533,0.0007345900521613657,85,0.019174786284565926,0.042120032012462616,0.1184719055891037,6.178525477724022,9.769102671019201,44,3,
resnet50_no_weights,IMAGENET100,PTQ,layer2.0.conv1,-1.3714637756347656,2.089627504348755,3.4610912799835205,0.013572907075285912,101,0.46842992305755615,0.7075456976890564,1.9434044361114502,4.148762366473893,7.388706633837853,44,3,
resnet50_no_weights,IMAGENET100,PTQ,layer2.0.conv2,-1.9558950662612915,1.5379397869110107,3.4938348531723022,0.01370131317526102,143,0.38316553831100464,0.6448395252227783,1.6732738018035889,4.366973630194894,9.118343128072377,44,3,
resnet50_no_weights,IMAGENET100,PTQ,layer2.0.conv3,-0.6097139120101929,0.5327240824699402,1.142437994480133,0.0044801486656069756,136,0.0743403360247612,0.15981298685073853,0.5458582043647766,7.3426921850738305,15.367673265555473,44,3,
resnet50_no_weights,IMAGENET100,PTQ,layer2.0.downsample.0,-1.405057668685913,2.3137598037719727,3.7188174724578857,0.014583597891032696,96,0.3863590955734253,0.7021828889846802,2.120636224746704,5.488770030376286,9.625287757076102,44,3,
resnet50_no_weights,IMAGENET100,PTQ,layer2.1.conv1,-1.1483089923858643,1.2298023700714111,2.3781113624572754,0.009325927123427391,123,0.2869565486907959,0.49632927775382996,1.1764593124389648,4.099782067377157,8.28735699989116,44,3,
resnet50_no_weights,IMAGENET100,PTQ,layer2.1.conv2,-2.4345195293426514,5.653123378753662,8.087642908096313,0.0317162461578846,77,0.34438326954841614,0.7069106101989746,5.400321960449219,15.681139120174358,23.484424544495152,44,3,
resnet50_no_weights,IMAGENET100,PTQ,layer2.1.conv3,-0.9947701096534729,0.7692413330078125,1.7640114426612854,0.0069176917895674706,144,0.04893719032406807,0.14160805940628052,0.7307127118110657,14.931644153908236,36.046438934883376,44,3,
resnet50_no_weights,IMAGENET100,PTQ,layer2.2.conv1,-1.194673776626587,3.1537129878997803,4.348386764526367,0.01705249771475792,70,0.3708131015300751,0.5446202754974365,3.0818934440612793,8.311177332582247,11.72662655818726,44,3,
resnet50_no_weights,IMAGENET100,PTQ,layer2.2.conv2,-1.7661643028259277,6.081405162811279,7.847569465637207,0.030774781480431557,57,0.3432478904724121,0.6025775671005249,5.885369777679443,17.1461207513305,22.862688113935956,44,3,
resnet50_no_weights,IMAGENET100,PTQ,layer2.2.conv3,-0.4678729772567749,0.6226199865341187,1.0904929637908936,0.0042764428071677685,109,0.06467512249946594,0.13944825530052185,0.6017911434173584,9.304831906925692,16.861088493491426,44,3,
resnet50_no_weights,IMAGENET100,PTQ,layer2.3.conv1,-1.657038688659668,2.3513357639312744,4.008374452590942,0.015719113871455193,105,0.24378320574760437,0.41131657361984253,2.2781178951263428,9.344851660884887,16.442373215573042,44,3,
resnet50_no_weights,IMAGENET100,PTQ,layer2.3.conv2,-2.207566022872925,6.900229454040527,9.107795476913452,0.03571684658527374,62,0.26862600445747375,0.5095662474632263,6.643900394439697,24.732901075076278,33.90511464185259,44,3,
resnet50_no_weights,IMAGENET100,PTQ,layer2.3.conv3,-0.6612141132354736,0.7141767144203186,1.3753908276557922,0.005393689498305321,123,0.044367026537656784,0.10645295679569244,0.6897816061973572,15.547167796153769,31.00029312283123,44,3,
resnet50_no_weights,IMAGENET100,PTQ,layer3.0.conv1,-2.48576021194458,3.007209062576294,5.492969274520874,0.021541057154536247,115,0.3276093602180481,0.5772335529327393,2.229793071746826,6.806255688978895,16.766826414437304,44,3,
resnet50_no_weights,IMAGENET100,PTQ,layer3.0.conv2,-1.545149564743042,2.3568670749664307,3.9020166397094727,0.015302025713026524,101,0.34395432472229004,0.5649441480636597,2.2609453201293945,6.573388260068804,11.344577925746318,44,3,
resnet50_no_weights,IMAGENET100,PTQ,layer3.0.conv3,-0.5098015069961548,0.6687999367713928,1.1786014437675476,0.004621966741979122,110,0.08278635144233704,0.14255988597869873,0.579683780670166,7.0021660644621075,14.236663691942939,44,3,
resnet50_no_weights,IMAGENET100,PTQ,layer3.0.downsample.0,-1.8050107955932617,2.757519245147705,4.562530040740967,0.017892275005578995,101,0.354570209980011,0.6315560340881348,2.4596776962280273,6.9370681094914675,12.867776006896296,44,3,
resnet50_no_weights,IMAGENET100,PTQ,layer3.1.conv1,-0.6903538107872009,1.0501081943511963,1.7404620051383972,0.006825341377407312,101,0.19381578266620636,0.31319212913513184,0.9431379437446594,4.8661565676978515,8.979980789984776,44,3,
resnet50_no_weights,IMAGENET100,PTQ,layer3.1.conv2,-1.3737846612930298,1.1004704236984253,2.474255084991455,0.009702960960566998,142,0.18540294468402863,0.32406359910964966,1.4257813692092896,7.6901765052284645,13.345284721384457,44,3,
resnet50_no_weights,IMAGENET100,PTQ,layer3.1.conv3,-0.27796369791030884,0.2869543433189392,0.564918041229248,0.002215364947915077,125,0.02531866542994976,0.054768674075603485,0.24496188759803772,9.675150069650563,22.31231510966607,44,3,
resnet50_no_weights,IMAGENET100,PTQ,layer3.2.conv1,-0.7234109044075012,1.0376759767532349,1.761086881160736,0.0069062234833836555,105,0.2081153690814972,0.3548365533351898,1.1263178586959839,5.411987897226957,8.462070287904115,44,3,
resnet50_no_weights,IMAGENET100,PTQ,layer3.2.conv2,-1.1506927013397217,1.3316649198532104,2.482357621192932,0.009734734892845154,118,0.20291820168495178,0.358864963054657,0.847415566444397,4.176143684537889,12.233292038764512,44,3,
resnet50_no_weights,IMAGENET100,PTQ,layer3.2.conv3,-0.3557609021663666,0.30103787779808044,0.656798779964447,0.002575681544840336,138,0.0312195997685194,0.06107025966048241,0.21713021397590637,6.954932657235786,21.038026907274343,44,3,
resnet50_no_weights,IMAGENET100,PTQ,layer3.3.conv1,-0.8145313262939453,1.7652846574783325,2.579815983772278,0.010116924531757832,81,0.2236444652080536,0.3689355254173279,1.536249041557312,6.869157437579147,11.535344643438004,44,3,
resnet50_no_weights,IMAGENET100,PTQ,layer3.3.conv2,-1.2455774545669556,2.4727377891540527,3.7183152437210083,0.014581628143787384,85,0.21460138261318207,0.38839879631996155,2.2133100032806396,10.313586875952799,17.326613642668153,44,3,
resnet50_no_weights,IMAGENET100,PTQ,layer3.3.conv3,-0.5230658650398254,0.5676164627075195,1.090682327747345,0.004277185536921024,122,0.03275171294808388,0.06368070840835571,0.4438283443450928,13.551301730343809,33.301535387667556,44,3,
resnet50_no_weights,IMAGENET100,PTQ,layer3.4.conv1,-0.8257399201393127,1.2789859771728516,2.1047258973121643,0.008253826759755611,100,0.19634610414505005,0.3345407247543335,1.2320913076400757,6.275099335456497,10.719468595910133,44,3,
resnet50_no_weights,IMAGENET100,PTQ,layer3.4.conv2,-1.2544488906860352,2.2659146785736084,3.5203635692596436,0.013805347494781017,91,0.17607414722442627,0.3243909180164337,2.184040069580078,12.404092843887376,19.993642591791428,44,3,
resnet50_no_weights,IMAGENET100,PTQ,layer3.4.conv3,-0.20293401181697845,0.30270618200302124,0.5056401938199997,0.0019829028751701117,102,0.023943651467561722,0.05069151148200035,0.2088058888912201,8.72072036189239,21.1179232417841,44,3,
resnet50_no_weights,IMAGENET100,PTQ,layer3.5.conv1,-0.9225885272026062,2.5472638607025146,3.469852387905121,0.013607264496386051,68,0.28181207180023193,0.48158714175224304,2.268706798553467,8.050424469260085,12.312646387855217,44,3,
resnet50_no_weights,IMAGENET100,PTQ,layer3.5.conv2,-1.546669602394104,1.599074125289917,3.145743727684021,0.012336250394582748,125,0.28872963786125183,0.49479004740715027,1.4628692865371704,5.0665712649844,10.895118876558488,44,3,
resnet50_no_weights,IMAGENET100,PTQ,layer3.5.conv3,-0.38188889622688293,0.3694039285182953,0.7512928247451782,0.002946246415376663,130,0.040912024676799774,0.08389614522457123,0.3768339157104492,9.210835168569467,18.363618781527045,44,3,
resnet50_no_weights,IMAGENET100,PTQ,layer4.0.conv1,-1.5409228801727295,2.28108549118042,3.8220083713531494,0.014988267794251442,103,0.2791636884212494,0.5164474248886108,2.301823377609253,8.245425437049938,13.690922315032092,44,3,
resnet50_no_weights,IMAGENET100,PTQ,layer4.0.conv2,-1.2686786651611328,1.7481526136398315,3.0168312788009644,0.011830711737275124,107,0.29055988788604736,0.4891083836555481,1.8243788480758667,6.278839317254132,10.382820907420346,44,3,
resnet50_no_weights,IMAGENET100,PTQ,layer4.0.conv3,-0.30859652161598206,0.4645163416862488,0.7731128633022308,0.003031815169379115,102,0.058321718126535416,0.13371938467025757,0.3914763927459717,6.712360426293004,13.256002877433703,44,3,
resnet50_no_weights,IMAGENET100,PTQ,layer4.0.downsample.0,-1.0695226192474365,1.2762199640274048,2.3457425832748413,0.009198990650475025,116,0.16611862182617188,0.3065642714500427,1.005218267440796,6.051207603279216,14.120888781087102,44,3,
resnet50_no_weights,IMAGENET100,PTQ,layer4.1.conv1,-1.2540838718414307,2.0610105991363525,3.315094470977783,0.013000370934605598,96,0.25112369656562805,0.4655521810054779,1.4820212125778198,5.901558605762687,13.201042021581681,44,3,
resnet50_no_weights,IMAGENET100,PTQ,layer4.1.conv2,-1.5095503330230713,1.5608339309692383,3.0703842639923096,0.01204072218388319,125,0.22475466132164001,0.40796715021133423,1.4178539514541626,6.30845181637907,13.661048211135295,44,3,
resnet50_no_weights,IMAGENET100,PTQ,layer4.1.conv3,-0.35767945647239685,0.34749099612236023,0.7051704525947571,0.002765374258160591,129,0.026339085772633553,0.053901053965091705,0.31437569856643677,11.93571034622146,26.772776347743733,44,3,
resnet50_no_weights,IMAGENET100,PTQ,layer4.2.conv1,-1.813356876373291,2.7360620498657227,4.549418926239014,0.017840858548879623,102,0.32828909158706665,0.665215790271759,2.401111125946045,7.314014347349212,13.85796556396528,44,3,
resnet50_no_weights,IMAGENET100,PTQ,layer4.2.conv2,-2.1491448879241943,2.479403018951416,4.62854790687561,0.018151167780160904,118,0.25523820519447327,0.5858439207077026,2.433516502380371,9.534295622108004,18.13422839009931,44,3,
resnet50_no_weights,IMAGENET100,PTQ,layer4.2.conv3,-0.20983533561229706,0.8256136178970337,1.0354489535093307,0.004060584120452404,52,0.046441465616226196,0.11961334943771362,0.7322862148284912,15.76793938588875,22.295785453152345,44,3,
resnet50_no_weights,IMAGENET100,PTQ,fc,-4.387799263000488,23.848068237304688,28.235867500305176,0.11072888970375061,40,7.132658004760742,15.586108207702637,20.528160095214844,2.8780519241933624,3.9586739587765107,44,3,
resnet50_no_weights,IMAGENET100,PTQ,conv1,-3.818621873855591,3.8972527980804443,7.715874671936035,0.030258331447839737,126,0.9312073389689127,1.359085480372111,3.2728901704152427,3.5148951365360053,8.285908295877787,aggregate,3,0.1670438173310318
resnet50_no_weights,IMAGENET100,PTQ,fc,-4.387799263000488,23.848068237304688,28.235867500305176,0.11072888970375061,40,7.257464090983073,14.68228530883789,20.407328923543293,2.8171600765047233,3.8958707016922576,aggregate,3,0.1729586577423994
resnet50_no_weights,IMAGENET100,PTQ,layer1.0.conv1,-3.577899217605591,2.0377233028411865,5.615622520446777,0.022022049874067307,162,0.4425560534000397,0.6847294171651205,1.7618184089660645,3.982039735455094,12.689789354098247,aggregate,3,0.2297786929807765
resnet50_no_weights,IMAGENET100,PTQ,layer1.0.conv2,-1.3292567729949951,1.4985908269882202,2.8278475999832153,0.011089597828686237,120,0.6199136773745219,0.8159913420677185,1.4990470012029011,2.421518303450067,4.56277234086915,aggregate,3,0.2773253164630138
resnet50_no_weights,IMAGENET100,PTQ,layer1.0.conv3,-0.6502669453620911,0.5236165523529053,1.1738834977149963,0.004603464622050524,141,0.16966507832209268,0.2757093906402588,0.5039702852567037,2.9735167300075798,6.920644616129862,aggregate,3,0.23771391048988286
resnet50_no_weights,IMAGENET100,PTQ,layer1.0.downsample.0,-3.0707740783691406,2.6849846839904785,5.755758762359619,0.02257160283625126,136,0.48521092534065247,0.8665517965952555,2.438861608505249,5.023212445601925,11.865278052010721,aggregate,3,0.3257167246506791
resnet50_no_weights,IMAGENET100,PTQ,layer1.1.conv1,-0.21333517134189606,0.6953484416007996,0.9086836129426956,0.0035634650848805904,60,0.3106272021929423,0.5232662657896677,0.622719963391622,2.0043333436209294,2.926291085151904,aggregate,3,0.12218840525590287
resnet50_no_weights,IMAGENET100,PTQ,layer1.1.conv2,-0.7232502102851868,1.335092306137085,2.0583425164222717,0.008071931079030037,90,0.42697352170944214,0.6202475825945536,1.1584266026814778,2.7158714379903293,4.822115016235924,aggregate,3,0.20589873850458995
resnet50_no_weights,IMAGENET100,PTQ,layer1.1.conv3,-0.33986473083496094,0.3299366533756256,0.6698013842105865,0.0026266719214618206,129,0.06424963474273682,0.0918602670232455,0.2816557784875234,4.388043526527123,10.42730008276159,aggregate,3,0.35474551372405483
resnet50_no_weights,IMAGENET100,PTQ,layer1.2.conv1,-0.9161497354507446,1.2250535488128662,2.141203284263611,0.0083968760445714,109,0.23449263473351797,0.4074094593524933,1.0481007893880208,4.470357402624572,9.13162048196647,aggregate,3,0.2313184608390231
resnet50_no_weights,IMAGENET100,PTQ,layer1.2.conv2,-0.6164917349815369,1.0028226375579834,1.6193143725395203,0.006350252777338028,97,0.22894234458605447,0.4291553596655528,0.9423379103342692,4.116542149312114,7.076845665108017,aggregate,3,0.13106167179142014
resnet50_no_weights,IMAGENET100,PTQ,layer1.2.conv3,-0.06257762014865875,0.12474283576011658,0.18732045590877533,0.0007345900521613657,85,0.019447648897767067,0.04266576220591863,0.11821558823188145,6.07811512123955,9.634119015157461,aggregate,3,0.16446155160662065
resnet50_no_weights,IMAGENET100,PTQ,layer2.0.conv1,-1.3714637756347656,2.089627504348755,3.4610912799835205,0.013572907075285912,101,0.4648581047852834,0.7054372032483419,1.8560067415237427,3.9917206218655426,7.445726221945793,aggregate,3,0.236995547791111
resnet50_no_weights,IMAGENET100,PTQ,layer2.0.conv2,-1.9558950662612915,1.5379397869110107,3.4938348531723022,0.01370131317526102,143,0.37977038820584613,0.6363524198532104,1.4766561190287273,3.886394320007536,9.200244751044837,aggregate,3,0.47478055958765975
resnet50_no_weights,IMAGENET100,PTQ,layer2.0.conv3,-0.6097139120101929,0.5327240824699402,1.142437994480133,0.0044801486656069756,136,0.07360889265934627,0.15856416523456573,0.49583415190378827,6.733202157009236,15.52114401417543,aggregate,3,0.868709711635988
resnet50_no_weights,IMAGENET100,PTQ,layer2.0.downsample.0,-1.405057668685913,2.3137598037719727,3.7188174724578857,0.014583597891032696,96,0.4064280490080516,0.7301604747772217,2.094656745592753,5.160214934142656,9.162379483381908,aggregate,3,0.3486552954448401
resnet50_no_weights,IMAGENET100,PTQ,layer2.1.conv1,-1.1483089923858643,1.2298023700714111,2.3781113624572754,0.009325927123427391,123,0.29804086685180664,0.5240139861901602,1.2736979325612385,4.265907403672481,7.987883334164725,aggregate,3,0.31114555830430257
resnet50_no_weights,IMAGENET100,PTQ,layer2.1.conv2,-2.4345195293426514,5.653123378753662,8.087642908096313,0.0317162461578846,77,0.3626645803451538,0.7355403105417887,5.20765749613444,14.424810583462731,22.347929950506703,aggregate,3,1.767375260448003
resnet50_no_weights,IMAGENET100,PTQ,layer2.1.conv3,-0.9947701096534729,0.7692413330078125,1.7640114426612854,0.0069176917895674706,144,0.05195188025633494,0.13648722072442374,0.7548714478810629,14.543442175875416,34.05420703958039,aggregate,3,0.3428281339223427
resnet50_no_weights,IMAGENET100,PTQ,layer2.2.conv1,-1.194673776626587,3.1537129878997803,4.348386764526367,0.01705249771475792,70,0.37338508168856305,0.5395038922627767,2.929194688796997,7.846042887671033,11.64616961367388,aggregate,3,0.5265300164825887
resnet50_no_weights,IMAGENET100,PTQ,layer2.2.conv2,-1.7661643028259277,6.081405162811279,7.847569465637207,0.030774781480431557,57,0.3464115858078003,0.6103331247965494,5.504529635111491,15.895258077156495,22.65484521233108,aggregate,3,1.6621009250299312
resnet50_no_weights,IMAGENET100,PTQ,layer2.2.conv3,-0.4678729772567749,0.6226199865341187,1.0904929637908936,0.0042764428071677685,109,0.06479534258445104,0.13664325078328451,0.5678107738494873,8.76322610284145,16.829843363586974,aggregate,3,0.8228659616002633
resnet50_no_weights,IMAGENET100,PTQ,layer2.3.conv1,-1.657038688659668,2.3513357639312744,4.008374452590942,0.015719113871455193,105,0.24211247265338898,0.4047227104504903,2.1328571240107217,8.808676612336907,16.55627567397277,aggregate,3,0.970870029044984
resnet50_no_weights,IMAGENET100,PTQ,layer2.3.conv2,-2.207566022872925,6.900229454040527,9.107795476913452,0.03571684658527374,62,0.2662326196829478,0.5028879145781199,6.298081874847412,23.63855097242545,34.213390394409636,aggregate,3,2.232978764305418
resnet50_no_weights,IMAGENET100,PTQ,layer2.3.conv3,-0.6612141132354736,0.7141767144203186,1.3753908276557922,0.005393689498305321,123,0.04343689605593681,0.0969191590944926,0.6534601449966431,15.041669961354204,31.67152315706722,aggregate,3,1.551016375153974
resnet50_no_weights,IMAGENET100,PTQ,layer3.0.conv1,-2.48576021194458,3.007209062576294,5.492969274520874,0.021541057154536247,115,0.3271239201227824,0.5806117653846741,2.0368849436442056,6.225501037554646,16.79205313766415,aggregate,3,0.5407081377461099
resnet50_no_weights,IMAGENET100,PTQ,layer3.0.conv2,-1.545149564743042,2.3568670749664307,3.9020166397094727,0.015302025713026524,101,0.3451531132062276,0.5644610126813253,1.9707242647806804,5.7145133350123,11.305439107954058,aggregate,3,1.2256576798607435
resnet50_no_weights,IMAGENET100,PTQ,layer3.0.conv3,-0.5098015069961548,0.6687999367713928,1.1786014437675476,0.004621966741979122,110,0.08300552765528361,0.1428587685028712,0.5399344166119894,6.505516488104761,14.199220337593877,aggregate,3,0.4310086881203601
resnet50_no_weights,IMAGENET100,PTQ,layer3.0.downsample.0,-1.8050107955932617,2.757519245147705,4.562530040740967,0.017892275005578995,101,0.35907332102457684,0.6413874626159668,2.310702323913574,6.439153552145283,12.707503967333157,aggregate,3,0.5710769030918219
resnet50_no_weights,IMAGENET100,PTQ,layer3.1.conv1,-0.6903538107872009,1.0501081943511963,1.7404620051383972,0.006825341377407312,101,0.19712157547473907,0.32134759426116943,0.9928158521652222,5.035671695484663,8.830642659068872,aggregate,3,0.7419822425679117
resnet50_no_weights,IMAGENET100,PTQ,layer3.1.conv2,-1.3737846612930298,1.1004704236984253,2.474255084991455,0.009702960960566998,142,0.18986947337786356,0.3317408661047618,1.1899100343386333,6.282864910725872,13.035021479412533,aggregate,3,1.3569506429446128
resnet50_no_weights,IMAGENET100,PTQ,layer3.1.conv3,-0.27796369791030884,0.2869543433189392,0.564918041229248,0.002215364947915077,125,0.025647150352597237,0.05605734512209892,0.23760885993639627,9.266460501628242,22.028643865111757,aggregate,3,0.4238577504243682
resnet50_no_weights,IMAGENET100,PTQ,layer3.2.conv1,-0.7234109044075012,1.0376759767532349,1.761086881160736,0.0069062234833836555,105,0.20859787861506143,0.35406001408894855,1.0052624940872192,4.826957106036317,8.443944749896117,aggregate,3,0.8414939395738347
resnet50_no_weights,IMAGENET100,PTQ,layer3.2.conv2,-1.1506927013397217,1.3316649198532104,2.482357621192932,0.009734734892845154,118,0.21022885044415793,0.3782256245613098,0.8587773442268372,4.084623630334235,11.823820785292279,aggregate,3,0.11632949041779916
resnet50_no_weights,IMAGENET100,PTQ,layer3.2.conv3,-0.3557609021663666,0.30103787779808044,0.656798779964447,0.002575681544840336,138,0.03291810862720013,0.0633771816889445,0.22614246606826782,6.852040632452901,20.02272111062779,aggregate,3,0.5285888594689983
resnet50_no_weights,IMAGENET100,PTQ,layer3.3.conv1,-0.8145313262939453,1.7652846574783325,2.579815983772278,0.010116924531757832,81,0.22062697013219199,0.36656418442726135,1.6539336442947388,7.496818449774176,11.694491889033683,aggregate,3,1.1260954188545875
resnet50_no_weights,IMAGENET100,PTQ,layer3.3.conv2,-1.2455774545669556,2.4727377891540527,3.7183152437210083,0.014581628143787384,85,0.21608092387517294,0.38797159989674884,1.6322187582651775,7.558659373040128,17.20973401966492,aggregate,3,2.4650055245958145
resnet50_no_weights,IMAGENET100,PTQ,layer3.3.conv3,-0.5230658650398254,0.5676164627075195,1.090682327747345,0.004277185536921024,122,0.03292258456349373,0.06369969248771667,0.37418588002522785,11.361740025023133,33.133884670166275,aggregate,3,2.132763642056229
resnet50_no_weights,IMAGENET100,PTQ,layer3.4.conv1,-0.8257399201393127,1.2789859771728516,2.1047258973121643,0.008253826759755611,100,0.1966235637664795,0.33447879552841187,1.0738313396771748,5.462312430958302,10.704389796261223,aggregate,3,0.7475781845203563
resnet50_no_weights,IMAGENET100,PTQ,layer3.4.conv2,-1.2544488906860352,2.2659146785736084,3.5203635692596436,0.013805347494781017,91,0.17770490050315857,0.328405757745107,1.8787233034769695,10.582829204525538,19.811209249515002,aggregate,3,1.804524383751768
resnet50_no_weights,IMAGENET100,PTQ,layer3.4.conv3,-0.20293401181697845,0.30270618200302124,0.5056401938199997,0.0019829028751701117,102,0.024177333960930508,0.050403899202744164,0.21896216770013174,9.054673786008907,20.915219998362634,aggregate,3,0.29510992757786836
resnet50_no_weights,IMAGENET100,PTQ,layer3.5.conv1,-0.9225885272026062,2.5472638607025146,3.469852387905121,0.013607264496386051,68,0.2808232804139455,0.48067254821459454,2.5970168908437095,9.24933251814731,12.35608466743573,aggregate,3,1.415126411256737
resnet50_no_weights,IMAGENET100,PTQ,layer3.5.conv2,-1.546669602394104,1.599074125289917,3.145743727684021,0.012336250394582748,125,0.28788477182388306,0.49322447180747986,1.4975845019022624,5.202240215076915,10.927140931132286,aggregate,3,0.13350634952131799
resnet50_no_weights,IMAGENET100,PTQ,layer3.5.conv3,-0.38188889622688293,0.3694039285182953,0.7512928247451782,0.002946246415376663,130,0.04078352078795433,0.0834463859597842,0.35902026295661926,8.799267319163885,18.423294509295076,aggregate,3,0.536262316522629
resnet50_no_weights,IMAGENET100,PTQ,layer4.0.conv1,-1.5409228801727295,2.28108549118042,3.8220083713531494,0.014988267794251442,103,0.2791126569112142,0.5185883045196533,2.215354323387146,7.940912127256343,13.693991272970242,aggregate,3,0.7720409353556409
resnet50_no_weights,IMAGENET100,PTQ,layer4.0.conv2,-1.2686786651611328,1.7481526136398315,3.0168312788009644,0.011830711737275124,107,0.29126612345377606,0.48888609806696576,1.6063615083694458,5.518686171924937,10.358089398031364,aggregate,3,0.836364326843318
resnet50_no_weights,IMAGENET100,PTQ,layer4.0.conv3,-0.30859652161598206,0.4645163416862488,0.7731128633022308,0.003031815169379115,102,0.05826009437441826,0.133904238541921,0.42690691351890564,7.329783013282226,13.2703048374787,aggregate,3,0.7323119724867128
resnet50_no_weights,IMAGENET100,PTQ,layer4.0.downsample.0,-1.0695226192474365,1.2762199640274048,2.3457425832748413,0.009198990650475025,116,0.16735284527142844,0.3122094472249349,1.1171038548151653,6.672688289060663,14.01713363210155,aggregate,3,0.6669951265913253
resnet50_no_weights,IMAGENET100,PTQ,layer4.1.conv1,-1.2540838718414307,2.0610105991363525,3.315094470977783,0.013000370934605598,96,0.2499992996454239,0.46059725681940716,1.6603002945582073,6.643099983142011,13.260549193416628,aggregate,3,1.7478872910950138
resnet50_no_weights,IMAGENET100,PTQ,layer4.1.conv2,-1.5095503330230713,1.5608339309692383,3.0703842639923096,0.01204072218388319,125,0.22480356693267822,0.4046875536441803,1.307772119839986,5.818415994608761,13.658630778037718,aggregate,3,0.46303476013042977
resnet50_no_weights,IMAGENET100,PTQ,layer4.1.conv3,-0.35767945647239685,0.34749099612236023,0.7051704525947571,0.002765374258160591,129,0.02626069200535615,0.05339935670296351,0.28019766012827557,10.646623864792835,26.858025779348942,aggregate,3,2.1847568151968106
resnet50_no_weights,IMAGENET100,PTQ,layer4.2.conv1,-1.813356876373291,2.7360620498657227,4.549418926239014,0.017840858548879623,102,0.325559804836909,0.6573527852694193,2.1498494148254395,6.600689124000667,13.974631701635547,aggregate,3,0.9451322572221126
resnet50_no_weights,IMAGENET100,PTQ,layer4.2.conv2,-2.1491448879241943,2.479403018951416,4.62854790687561,0.018151167780160904,118,0.25324052572250366,0.5746651093165079,2.5130690733591714,9.938678161460993,18.280804190681245,aggregate,3,1.3478516080598915
resnet50_no_weights,IMAGENET100,PTQ,layer4.2.conv3,-0.20983533561229706,0.8256136178970337,1.0354489535093307,0.004060584120452404,52,0.04575606808066368,0.11720265448093414,0.8533648649851481,18.65513504397324,22.634367235008405,aggregate,3,3.3095623402179872
resnet50_no_weights,IMAGENET100,QAT,conv1,-4.008306503295898,4.39631986618042,8.404626369476318,0.03295931965112686,122,0.9561884999275208,1.4438246488571167,3.2644472122192383,3.4140205748831782,8.789717059045774,42,3,
resnet50_no_weights,IMAGENET100,QAT,layer1.0.conv1,-3.8190324306488037,2.0559804439544678,5.8750128746032715,0.02303926646709442,166,0.3938429057598114,0.6321489214897156,1.6496005058288574,4.188473327065287,14.917147900046727,42,3,
resnet50_no_weights,IMAGENET100,QAT,layer1.0.conv2,-1.2974423170089722,1.5592907667160034,2.8567330837249756,0.011202874593436718,116,0.5740289688110352,0.7487621903419495,1.3154741525650024,2.2916511605497805,4.976635743039276,42,3,
resnet50_no_weights,IMAGENET100,QAT,layer1.0.conv3,-0.6666519045829773,0.5183151364326477,1.184967041015625,0.004646929446607828,143,0.15732161700725555,0.23565421998500824,0.4682014286518097,2.9760781611481693,7.532131079996306,42,3,
resnet50_no_weights,IMAGENET100,QAT,layer1.0.downsample.0,-3.2395193576812744,2.945547342300415,6.1850666999816895,0.024255163967609406,134,0.4585767388343811,0.8012039661407471,2.4718613624572754,5.390289461127702,13.487528206735927,42,3,
resnet50_no_weights,IMAGENET100,QAT,layer1.1.conv1,-0.1816442757844925,0.612485408782959,0.7941296845674515,0.003114233957603574,58,0.3035966455936432,0.5139894485473633,0.6071126461029053,1.999734367669895,2.615739324176773,42,3,
resnet50_no_weights,IMAGENET100,QAT,layer1.1.conv2,-0.6827782392501831,1.184248447418213,1.867026686668396,0.007321673445403576,93,0.3902956247329712,0.5748018026351929,1.168230414390564,2.993193723833909,4.783621871102862,42,3,
resnet50_no_weights,IMAGENET100,QAT,layer1.1.conv3,-0.3000977635383606,0.2817513644695282,0.5818491280078888,0.002281761262565851,132,0.05845898389816284,0.08500007539987564,0.2872612774372101,4.913894465521794,9.95311736894856,42,3,
resnet50_no_weights,IMAGENET100,QAT,layer1.2.conv1,-0.893166720867157,1.1061478853225708,1.9993146061897278,0.00784044899046421,114,0.24031773209571838,0.40996450185775757,1.0744339227676392,4.470889074218181,8.319463523371644,42,3,
resnet50_no_weights,IMAGENET100,QAT,layer1.2.conv2,-0.581897497177124,1.0253900289535522,1.6072875261306763,0.006303088273853064,92,0.2515329420566559,0.4553226828575134,0.9223812222480774,3.6670394529886985,6.38996829993205,42,3,
resnet50_no_weights,IMAGENET100,QAT,layer1.2.conv3,-0.06360074132680893,0.12383546680212021,0.18743620812892914,0.000735043955501169,87,0.01982025057077408,0.043826162815093994,0.11183057725429535,5.642238318580844,9.456803154916363,42,3,
resnet50_no_weights,IMAGENET100,QAT,layer2.0.conv1,-1.1870503425598145,1.7457153797149658,2.9327657222747803,0.011501042172312737,103,0.3929249048233032,0.6333600282669067,1.5952539443969727,4.0599461240929795,7.46393442175327,42,3,
resnet50_no_weights,IMAGENET100,QAT,layer2.0.conv2,-1.7288691997528076,1.4724953174591064,3.201364517211914,0.012554370798170567,138,0.35345450043678284,0.5840646624565125,1.2308235168457031,3.4822686238956018,9.057359612781319,42,3,
resnet50_no_weights,IMAGENET100,QAT,layer2.0.conv3,-0.5609603524208069,0.48983171582221985,1.0507920682430267,0.004120753146708012,136,0.06659701466560364,0.14251172542572021,0.46519824862480164,6.985271801756447,15.778365945069083,42,3,
resnet50_no_weights,IMAGENET100,QAT,layer2.0.downsample.0,-1.6015194654464722,2.3055238723754883,3.9070433378219604,0.01532173901796341,105,0.3773214519023895,0.7353153228759766,2.092134952545166,5.544701850363883,10.354681182644992,42,3,
resnet50_no_weights,IMAGENET100,QAT,layer2.1.conv1,-1.0476336479187012,1.0219324827194214,2.0695661306381226,0.008115946315228939,129,0.3105166554450989,0.555908203125,1.0486236810684204,3.377028776653892,6.664911831127312,42,3,
resnet50_no_weights,IMAGENET100,QAT,layer2.1.conv2,-2.217456102371216,4.201600074768066,6.419056177139282,0.025172768160700798,88,0.3519856631755829,0.7013965249061584,3.0223684310913086,8.586623681839122,18.23669782236906,42,3,
resnet50_no_weights,IMAGENET100,QAT,layer2.1.conv3,-0.9291934370994568,0.7175692319869995,1.6467626690864563,0.006457892712205648,144,0.04739560931921005,0.12025896459817886,0.8028737306594849,16.939833503397324,34.74504690920815,42,3,
resnet50_no_weights,IMAGENET100,QAT,layer2.2.conv1,-1.0824635028839111,2.2042126655578613,3.2866761684417725,0.012888926081359386,84,0.3222939074039459,0.4704440236091614,1.6647337675094604,5.165266017340415,10.197760779642753,42,3,
resnet50_no_weights,IMAGENET100,QAT,layer2.2.conv2,-1.934460997581482,4.317221164703369,6.251682162284851,0.024516401812434196,79,0.3238842785358429,0.5513173341751099,3.1468610763549805,9.716004403118106,19.302209389558264,42,3,
resnet50_no_weights,IMAGENET100,QAT,layer2.2.conv3,-0.43141496181488037,0.4454851746559143,0.8769001364707947,0.003438824089244008,125,0.05755608156323433,0.11108994483947754,0.33547243475914,5.8286183778958485,15.235577416912635,42,3,
resnet50_no_weights,IMAGENET100,QAT,layer2.3.conv1,-1.495720624923706,1.7103431224822998,3.206063747406006,0.012572798877954483,119,0.2364744395017624,0.3903627395629883,1.1821157932281494,4.998915720949787,13.557760213581611,42,3,
resnet50_no_weights,IMAGENET100,QAT,layer2.3.conv2,-2.142239570617676,4.899110794067383,7.041350364685059,0.027613138779997826,78,0.26073169708251953,0.48934096097946167,3.223212242126465,12.36218027264381,27.00611564867208,42,3,
resnet50_no_weights,IMAGENET100,QAT,layer2.3.conv3,-0.4673951268196106,0.5064291954040527,0.9738243222236633,0.003818918950855732,122,0.03807593137025833,0.07679904252290726,0.3377216160297394,8.869687592029297,25.575850338472137,42,3,
resnet50_no_weights,IMAGENET100,QAT,layer3.0.conv1,-2.14290452003479,2.321279764175415,4.464184284210205,0.01750660501420498,122,0.29695919156074524,0.5126808285713196,1.8071850538253784,6.08563434028512,15.032989080915593,42,3,
resnet50_no_weights,IMAGENET100,QAT,layer3.0.conv2,-1.6233786344528198,2.1278786659240723,3.751257300376892,0.014710813760757446,110,0.3237175941467285,0.5314652323722839,1.876000165939331,5.795175176944549,11.588055046141836,42,3,
resnet50_no_weights,IMAGENET100,QAT,layer3.0.conv3,-0.4702552556991577,0.6108056902885437,1.0810609459877014,0.00423945439979434,111,0.0790131613612175,0.13463841378688812,0.47827380895614624,6.053090405656142,13.682036351456823,42,3,
resnet50_no_weights,IMAGENET100,QAT,layer3.0.downsample.0,-1.5945333242416382,2.365816116333008,3.960349440574646,0.015530782751739025,103,0.32715559005737305,0.582263171672821,2.1108627319335938,6.452167702723384,12.105400491185623,42,3,
resnet50_no_weights,IMAGENET100,QAT,layer3.1.conv1,-0.6131402850151062,0.9290817379951477,1.542222023010254,0.006047929637134075,101,0.19017767906188965,0.3092055320739746,1.0425291061401367,5.481868909552029,8.109374510288179,42,3,
resnet50_no_weights,IMAGENET100,QAT,layer3.1.conv2,-1.449292540550232,1.153812289237976,2.603104829788208,0.010208254680037498,142,0.19995272159576416,0.33582738041877747,1.0766583681106567,5.3845647086879405,13.018601642496236,42,3,
resnet50_no_weights,IMAGENET100,QAT,layer3.1.conv3,-0.29614898562431335,0.26054269075393677,0.5566916763782501,0.0021831043995916843,136,0.026517532765865326,0.056783415377140045,0.23219794034957886,8.756393077732913,20.993343584922467,42,3,
resnet50_no_weights,IMAGENET100,QAT,layer3.2.conv1,-0.6254642009735107,1.071677565574646,1.6971417665481567,0.006655457895249128,94,0.1914474070072174,0.31196898221969604,0.9139521718025208,4.773907289159918,8.864793694929364,42,3,
resnet50_no_weights,IMAGENET100,QAT,layer3.2.conv2,-1.322258472442627,1.0757328271865845,2.3979912996292114,0.009403887204825878,141,0.2059679627418518,0.3365871012210846,0.8399991989135742,4.078300274137197,11.642545120644385,42,3,
resnet50_no_weights,IMAGENET100,QAT,layer3.2.conv3,-0.3199159801006317,0.2784683406352997,0.5983843207359314,0.002346605295315385,136,0.03126058354973793,0.0618966780602932,0.24259093403816223,7.760281686750405,19.14181543616603,42,3,
resnet50_no_weights,IMAGENET100,QAT,layer3.3.conv1,-0.7533359527587891,1.9767100811004639,2.730046033859253,0.01070606242865324,70,0.2061638981103897,0.3364660441875458,1.6053187847137451,7.786614433600702,13.242114933223952,42,3,
resnet50_no_weights,IMAGENET100,QAT,layer3.3.conv2,-1.3952523469924927,1.4837231636047363,2.878975510597229,0.01129009947180748,124,0.20211833715438843,0.350212424993515,1.0513074398040771,5.201445126678606,14.244009480436794,42,3,
resnet50_no_weights,IMAGENET100,QAT,layer3.3.conv3,-0.3179384469985962,0.34071168303489685,0.658650130033493,0.0025829419028013945,123,0.030033426359295845,0.056450486183166504,0.24732372164726257,8.234948576578635,21.93056903178248,42,3,
resnet50_no_weights,IMAGENET100,QAT,layer3.4.conv1,-0.7928385734558105,1.251510500907898,2.0443490743637085,0.008017055690288544,99,0.19145244359970093,0.3118506073951721,0.8248045444488525,4.308143207476622,10.678103846186177,42,3,
resnet50_no_weights,IMAGENET100,QAT,layer3.4.conv2,-1.1254392862319946,2.2788586616516113,3.404297947883606,0.013350187800824642,84,0.17195241153240204,0.3071375787258148,1.5587615966796875,9.065075521700145,19.79790755794148,42,3,
resnet50_no_weights,IMAGENET100,QAT,layer3.4.conv3,-0.18176808953285217,0.2517920732498169,0.43356016278266907,0.0017002358799800277,107,0.02211124822497368,0.04662136361002922,0.22298985719680786,10.084905878129064,19.60812697552651,42,3,
resnet50_no_weights,IMAGENET100,QAT,layer3.5.conv1,-0.8991039395332336,2.8778834342956543,3.776987373828888,0.014811715111136436,61,0.2552897334098816,0.43263280391693115,2.621127128601074,10.26726415352047,14.794905080513868,42,3,
resnet50_no_weights,IMAGENET100,QAT,layer3.5.conv2,-1.5980911254882812,1.9691929817199707,3.567284107208252,0.013989349827170372,114,0.2744481563568115,0.4788266122341156,1.5194265842437744,5.536297289854481,12.99802539963288,42,3,
resnet50_no_weights,IMAGENET100,QAT,layer3.5.conv3,-0.3877178728580475,0.41633135080337524,0.8040492236614227,0.0031531343702226877,123,0.03967292234301567,0.08049341291189194,0.31792986392974854,8.01377476508784,20.26695227312827,42,3,
resnet50_no_weights,IMAGENET100,QAT,layer4.0.conv1,-1.5885767936706543,2.199105978012085,3.7876827716827393,0.01485365815460682,107,0.26445332169532776,0.4892813563346863,1.8061546087265015,6.829767148122049,14.322689340413977,42,3,
resnet50_no_weights,IMAGENET100,QAT,layer4.0.conv2,-1.3055007457733154,1.8087624311447144,3.11426317691803,0.01221279613673687,107,0.29053106904029846,0.4843388497829437,1.356787919998169,4.670026942316362,10.719208748328606,42,3,
resnet50_no_weights,IMAGENET100,QAT,layer4.0.conv3,-0.3029918074607849,0.4831990897655487,0.7861908972263336,0.003083101473748684,98,0.060396090149879456,0.14039942622184753,0.38079115748405457,6.304897494839152,13.01724822377269,42,3,
resnet50_no_weights,IMAGENET100,QAT,layer4.0.downsample.0,-1.0253515243530273,1.382430076599121,2.4077816009521484,0.009442280977964401,109,0.16272450983524323,0.305490106344223,1.0594780445098877,6.510869478621245,14.796674473869983,42,3,
resnet50_no_weights,IMAGENET100,QAT,layer4.1.conv1,-1.1178958415985107,1.870869755744934,2.988765597343445,0.011720649898052216,95,0.24336615204811096,0.44972485303878784,1.5119355916976929,6.212596036768494,12.280941997030864,42,3,
resnet50_no_weights,IMAGENET100,QAT,layer4.1.conv2,-1.5715268850326538,1.5744744539260864,3.1460013389587402,0.012337259948253632,127,0.22532235085964203,0.4110296666622162,1.1524691581726074,5.114757385477947,13.9622249055907,42,3,
resnet50_no_weights,IMAGENET100,QAT,layer4.1.conv3,-0.3030208647251129,0.3049486577510834,0.6079695224761963,0.0023841941729187965,127,0.02636125683784485,0.05431286245584488,0.20014312863349915,7.592321180459382,23.06299453838562,42,3,
resnet50_no_weights,IMAGENET100,QAT,layer4.2.conv1,-1.7979421615600586,2.709554672241211,4.5074968338012695,0.0176764577627182,102,0.32670074701309204,0.6472527384757996,2.1672708988189697,6.633810662000474,13.797020285419299,42,3,
resnet50_no_weights,IMAGENET100,QAT,layer4.2.conv2,-2.2798714637756348,2.844433069229126,5.124304533004761,0.02009531296789646,113,0.24417327344417572,0.614886999130249,2.8485939502716064,11.666280711606499,20.98634490468224,42,3,
resnet50_no_weights,IMAGENET100,QAT,layer4.2.conv3,-0.19344569742679596,0.9274731278419495,1.1209188252687454,0.004395760130137205,44,0.04717689007520676,0.12465373426675797,1.220162272453308,25.863558842225373,23.75991345512261,42,3,
resnet50_no_weights,IMAGENET100,QAT,fc,-4.757265090942383,23.880399703979492,28.637664794921875,0.11230456829071045,42,8.70754623413086,19.546483993530273,25.094804763793945,2.881960553414021,3.288832930070607,42,3,
resnet50_no_weights,IMAGENET100,QAT,conv1,-4.000599384307861,4.387180805206299,8.38778018951416,0.03289325535297394,122,0.918614387512207,1.365687608718872,3.4824025630950928,3.790929698506183,9.130904439924961,43,3,
resnet50_no_weights,IMAGENET100,QAT,layer1.0.conv1,-3.8159351348876953,2.0536396503448486,5.869574785232544,0.023017939180135727,166,0.40521636605262756,0.6628687977790833,1.8219033479690552,4.496124788139567,14.485038801394886,43,3,
resnet50_no_weights,IMAGENET100,QAT,layer1.0.conv2,-1.296520471572876,1.5597447156906128,2.8562651872634888,0.011201039887964725,116,0.5722929239273071,0.7490862607955933,1.6046849489212036,2.8039573474178257,4.990914735870983,43,3,
resnet50_no_weights,IMAGENET100,QAT,layer1.0.conv3,-0.6670656800270081,0.5185579061508179,1.185623586177826,0.00464950455352664,143,0.15462683141231537,0.23124021291732788,0.5425941348075867,3.5090555102998207,7.66764458243562,43,3,
resnet50_no_weights,IMAGENET100,QAT,layer1.0.downsample.0,-3.2341067790985107,2.9399712085723877,6.174077987670898,0.024212069809436798,134,0.4479082226753235,0.7564249038696289,2.3879430294036865,5.331322151535141,13.784247922026474,43,3,
resnet50_no_weights,IMAGENET100,QAT,layer1.1.conv1,-0.18135114014148712,0.6121578812599182,0.7935090214014053,0.0031117999460548162,58,0.3043660819530487,0.5106683373451233,0.5797335505485535,1.904724556785479,2.6070875450695308,43,3,
resnet50_no_weights,IMAGENET100,QAT,layer1.1.conv2,-0.6813005805015564,1.183383584022522,1.8646841645240784,0.007312486879527569,93,0.39957207441329956,0.5921019911766052,1.097767949104309,2.7473590358289823,4.666702915267627,43,3,
resnet50_no_weights,IMAGENET100,QAT,layer1.1.conv3,-0.29988038539886475,0.2816171944141388,0.5814975798130035,0.002280382439494133,132,0.06018519029021263,0.08712141215801239,0.2683340013027191,4.458472258853285,9.661805121974785,43,3,
resnet50_no_weights,IMAGENET100,QAT,layer1.2.conv1,-0.8921168446540833,1.1051630973815918,1.997279942035675,0.00783247034996748,114,0.23457249999046326,0.4001603126525879,1.0076677799224854,4.29576263186628,8.514552823186333,43,3,
resnet50_no_weights,IMAGENET100,QAT,layer1.2.conv2,-0.5800453424453735,1.024593710899353,1.6046390533447266,0.006292702164500952,92,0.250629723072052,0.4501129984855652,0.9457616806030273,3.7735415776329773,6.402429183881829,43,3,
resnet50_no_weights,IMAGENET100,QAT,layer1.2.conv3,-0.06357065588235855,0.12376396358013153,0.18733461946249008,0.0007346455822698772,87,0.019713852554559708,0.043286897242069244,0.11668535321950912,5.918952315209461,9.502689489232312,43,3,
resnet50_no_weights,IMAGENET100,QAT,layer2.0.conv1,-1.1843920946121216,1.7438544034957886,2.92824649810791,0.011483320035040379,103,0.39237725734710693,0.6356972455978394,1.559614658355713,3.9747835256823714,7.462834410704667,43,3,
resnet50_no_weights,IMAGENET100,QAT,layer2.0.conv2,-1.7291170358657837,1.4701495170593262,3.19926655292511,0.012546142563223839,138,0.3561709225177765,0.5836221575737,1.2379188537597656,3.4756314328213613,8.982391179800576,43,3,
resnet50_no_weights,IMAGENET100,QAT,layer2.0.conv3,-0.56036776304245,0.48915302753448486,1.0495207905769348,0.004115767776966095,136,0.06723947823047638,0.14364349842071533,0.42196205258369446,6.27551051388795,15.608699207621724,43,3,
resnet50_no_weights,IMAGENET100,QAT,layer2.0.downsample.0,-1.599137783050537,2.3039467334747314,3.9030845165252686,0.01530621387064457,104,0.36870047450065613,0.6665894985198975,2.147817373275757,5.825371871800872,10.586057752736423,43,3,
resnet50_no_weights,IMAGENET100,QAT,layer2.1.conv1,-1.0464943647384644,1.0209311246871948,2.067425489425659,0.008107551373541355,129,0.2970121502876282,0.5189356803894043,0.9217981100082397,3.1035703728469204,6.960743819481975,43,3,
resnet50_no_weights,IMAGENET100,QAT,layer2.1.conv2,-2.211522340774536,4.194881916046143,6.406404256820679,0.025123154744505882,88,0.3304539918899536,0.65743488073349,3.529775857925415,10.681595455202993,19.38667534376196,43,3,
resnet50_no_weights,IMAGENET100,QAT,layer2.1.conv3,-0.9281057715415955,0.716076672077179,1.6441824436187744,0.0064477743580937386,144,0.04465247690677643,0.11442815512418747,0.5683133006095886,12.727475382745045,36.821752286025024,43,3,
resnet50_no_weights,IMAGENET100,QAT,layer2.2.conv1,-1.0813426971435547,2.2024710178375244,3.283813714981079,0.012877700850367546,84,0.3250792622566223,0.47399666905403137,2.0300469398498535,6.244775276521038,10.101578587897707,43,3,
resnet50_no_weights,IMAGENET100,QAT,layer2.2.conv2,-1.9321726560592651,4.314343452453613,6.246516108512878,0.02449614182114601,79,0.32333576679229736,0.5532486438751221,4.029439926147461,12.46209154688374,19.318976587348843,43,3,
resnet50_no_weights,IMAGENET100,QAT,layer2.2.conv3,-0.43086230754852295,0.4452597200870514,0.8761220276355743,0.0034357726108282804,125,0.05808264762163162,0.11329466104507446,0.4229411780834198,7.28171313467991,15.084058036453587,43,3,
resnet50_no_weights,IMAGENET100,QAT,layer2.3.conv1,-1.4923182725906372,1.707656979560852,3.1999752521514893,0.012548922561109066,119,0.23847095668315887,0.3865129351615906,1.4417301416397095,6.045726329496989,13.418721074713899,43,3,
resnet50_no_weights,IMAGENET100,QAT,layer2.3.conv2,-2.1410655975341797,4.89298677444458,7.03405237197876,0.027584519237279892,78,0.2658739686012268,0.4960290789604187,4.286725044250488,16.123146868432116,26.45634098360656,43,3,
resnet50_no_weights,IMAGENET100,QAT,layer2.3.conv3,-0.4667748212814331,0.5057762861251831,0.9725511074066162,0.0038139258977025747,122,0.03889847919344902,0.0821070522069931,0.44113677740097046,11.340720422696199,25.002291286760787,43,3,
resnet50_no_weights,IMAGENET100,QAT,layer3.0.conv1,-2.1391425132751465,2.316767692565918,4.4559102058410645,0.017474157735705376,122,0.2985897362232208,0.5163191556930542,1.8700746297836304,6.263023818024317,14.92318611551302,43,3,
resnet50_no_weights,IMAGENET100,QAT,layer3.0.conv2,-1.6209778785705566,2.12142276763916,3.742400646209717,0.014676081016659737,110,0.321649432182312,0.5278298258781433,1.482288122177124,4.60839651455364,11.635029543868466,43,3,
resnet50_no_weights,IMAGENET100,QAT,layer3.0.conv3,-0.4698878824710846,0.6096089482307434,1.079496830701828,0.00423332117497921,111,0.07813865691423416,0.1323140263557434,0.49113279581069946,6.285401044834597,13.815144428278252,43,3,
resnet50_no_weights,IMAGENET100,QAT,layer3.0.downsample.0,-1.5924158096313477,2.3590219020843506,3.9514377117156982,0.015495833940804005,103,0.32975396513938904,0.5763142108917236,1.6863938570022583,5.114097282467579,11.982987710384016,43,3,
resnet50_no_weights,IMAGENET100,QAT,layer3.1.conv1,-0.6117172241210938,0.9280651211738586,1.5397823452949524,0.006038361694663763,101,0.19027726352214813,0.31125158071517944,0.82741779088974,4.348484814074642,8.092308648929686,43,3,
resnet50_no_weights,IMAGENET100,QAT,layer3.1.conv2,-1.4466768503189087,1.1528925895690918,2.5995694398880005,0.010194389149546623,142,0.2029370218515396,0.3405054807662964,1.0618443489074707,5.232383619408155,12.809734843698154,43,3,
resnet50_no_weights,IMAGENET100,QAT,layer3.1.conv3,-0.296234667301178,0.260458379983902,0.55669304728508,0.0021831102203577757,136,0.026800092309713364,0.05754254758358002,0.2521120011806488,9.407131821306224,20.772057082927038,43,3,
resnet50_no_weights,IMAGENET100,QAT,layer3.2.conv1,-0.624367356300354,1.0680924654006958,1.6924598217010498,0.0066370973363518715,94,0.19551008939743042,0.3181341588497162,0.7131702899932861,3.647741618815194,8.656636733773054,43,3,
resnet50_no_weights,IMAGENET100,QAT,layer3.2.conv2,-1.3211885690689087,1.0750404596328735,2.3962290287017822,0.009396976791322231,141,0.2182067334651947,0.3701913356781006,1.006492257118225,4.612562779960073,10.981462352920449,43,3,
resnet50_no_weights,IMAGENET100,QAT,layer3.2.conv3,-0.3199562132358551,0.27801087498664856,0.5979670882225037,0.0023449689615517855,136,0.03450452536344528,0.06680662930011749,0.23272201418876648,6.744680929166363,17.330106179521625,43,3,
resnet50_no_weights,IMAGENET100,QAT,layer3.3.conv1,-0.7520508766174316,1.968353271484375,2.7204041481018066,0.010668251663446426,70,0.20568084716796875,0.34312355518341064,1.1410343647003174,5.547596581846507,13.226336752105048,43,3,
resnet50_no_weights,IMAGENET100,QAT,layer3.3.conv2,-1.3924381732940674,1.480173110961914,2.8726112842559814,0.011265141889452934,124,0.20541244745254517,0.3664270341396332,1.1287152767181396,5.49487283130151,13.98460180909737,43,3,
resnet50_no_weights,IMAGENET100,QAT,layer3.3.conv3,-0.3173201084136963,0.34014856815338135,0.6574686765670776,0.0025783085729926825,123,0.030583098530769348,0.05848192423582077,0.2844008207321167,9.299280792166428,21.497778451245058,43,3,
resnet50_no_weights,IMAGENET100,QAT,layer3.4.conv1,-0.7914872169494629,1.2494479417800903,2.0409351587295532,0.008003666996955872,99,0.1936410367488861,0.3208613395690918,1.0452550649642944,5.39790058199173,10.539786364479344,43,3,
resnet50_no_weights,IMAGENET100,QAT,layer3.4.conv2,-1.1244096755981445,2.2756364345550537,3.4000461101531982,0.013333514332771301,84,0.17669707536697388,0.33684948086738586,1.9566456079483032,11.073446483959271,19.242231955972116,43,3,
resnet50_no_weights,IMAGENET100,QAT,layer3.4.conv3,-0.1814165711402893,0.25145334005355835,0.43286991119384766,0.0016975291073322296,107,0.023229485377669334,0.05015692859888077,0.21791961789131165,9.381164255184029,18.634502837930647,43,3,
resnet50_no_weights,IMAGENET100,QAT,layer3.5.conv1,-0.8977170586585999,2.8698902130126953,3.767607271671295,0.014774930663406849,61,0.25758516788482666,0.4427560269832611,2.078566551208496,8.069434153669437,14.626646800393006,43,3,
resnet50_no_weights,IMAGENET100,QAT,layer3.5.conv2,-1.5965889692306519,1.9658929109573364,3.5624818801879883,0.013970517553389072,114,0.27636897563934326,0.5017877817153931,1.6391856670379639,5.931149338473769,12.89031039734708,43,3,
resnet50_no_weights,IMAGENET100,QAT,layer3.5.conv3,-0.38762909173965454,0.4156333804130554,0.80326247215271,0.0031500488985329866,123,0.041202113032341,0.08256794512271881,0.34653428196907043,8.410594905583201,19.49566206767601,43,3,
resnet50_no_weights,IMAGENET100,QAT,layer4.0.conv1,-1.584360122680664,2.1977345943450928,3.782094717025757,0.014831744134426117,107,0.26002103090286255,0.4891362190246582,2.061969757080078,7.930011468381491,14.545341597536602,43,3,
resnet50_no_weights,IMAGENET100,QAT,layer4.0.conv2,-1.304614543914795,1.803955316543579,3.108569860458374,0.012190470471978188,107,0.285284161567688,0.48093727231025696,1.3280516862869263,4.655188984165972,10.896398325712235,43,3,
resnet50_no_weights,IMAGENET100,QAT,layer4.0.conv3,-0.30304473638534546,0.4822233021259308,0.7852680385112762,0.003079482587054372,98,0.059285689145326614,0.13995233178138733,0.3856188952922821,6.504417859544772,13.245490603750156,43,3,
resnet50_no_weights,IMAGENET100,QAT,layer4.0.downsample.0,-1.0234931707382202,1.376796841621399,2.400290012359619,0.009412902407348156,109,0.16256237030029297,0.3078506588935852,0.8191060423851013,5.038718621486692,14.765348265565327,43,3,
resnet50_no_weights,IMAGENET100,QAT,layer4.1.conv1,-1.1165940761566162,1.873536229133606,2.990130305290222,0.011726001277565956,95,0.24338765442371368,0.456504762172699,2.137516736984253,8.782354807787616,12.285464159511982,43,3,
resnet50_no_weights,IMAGENET100,QAT,layer4.1.conv2,-1.5699325799942017,1.5712032318115234,3.141135811805725,0.01231817901134491,127,0.23190724849700928,0.42759454250335693,1.247357726097107,5.378692275386955,13.544793585208847,43,3,
resnet50_no_weights,IMAGENET100,QAT,layer4.1.conv3,-0.3023022413253784,0.30420833826065063,0.606510579586029,0.00237847282551229,127,0.027379078790545464,0.05803016945719719,0.23091772198677063,8.434093920884989,22.152336980580557,43,3,
resnet50_no_weights,IMAGENET100,QAT,layer4.2.conv1,-1.7959684133529663,2.703322410583496,4.499290823936462,0.017644278705120087,102,0.32061904668807983,0.6571950912475586,2.0863218307495117,6.5071674696208195,14.033136429083331,43,3,
resnet50_no_weights,IMAGENET100,QAT,layer4.2.conv2,-2.2782585620880127,2.838521718978882,5.1167802810668945,0.020065804943442345,114,0.23483169078826904,0.5996556282043457,2.253298044204712,9.595374613370858,21.789138697128955,43,3,
resnet50_no_weights,IMAGENET100,QAT,layer4.2.conv3,-0.19300676882266998,0.9267028570175171,1.119709625840187,0.00439101830124855,44,0.045069675892591476,0.12062997370958328,0.8504452705383301,18.869567035828755,24.843968891825206,43,3,
resnet50_no_weights,IMAGENET100,QAT,fc,-4.755629539489746,23.88827133178711,28.643900871276855,0.11232902854681015,42,8.346426010131836,17.625118255615234,24.66758155822754,2.9554663910377013,3.4318762110280074,43,3,
resnet50_no_weights,IMAGENET100,QAT,conv1,-3.9963643550872803,4.37952184677124,8.37588620185852,0.032846610993146896,122,0.9673899412155151,1.3819146156311035,3.621271848678589,3.743342466563689,8.65823164476396,44,3,
resnet50_no_weights,IMAGENET100,QAT,layer1.0.conv1,-3.814979076385498,2.051215887069702,5.8661949634552,0.0230046845972538,166,0.40613898634910583,0.6556689143180847,1.8112742900848389,4.459740017492233,14.443811504500042,44,3,
resnet50_no_weights,IMAGENET100,QAT,layer1.0.conv2,-1.2949421405792236,1.5575631856918335,2.852505326271057,0.011186295188963413,116,0.582177460193634,0.765038251876831,1.3415915966033936,2.3044375441075577,4.899717906155805,44,3,
resnet50_no_weights,IMAGENET100,QAT,layer1.0.conv3,-0.6660362482070923,0.5178730487823486,1.183909296989441,0.004642781335860491,143,0.1567392200231552,0.24081121385097504,0.45007362961769104,2.8714806003960036,7.553369838222629,44,3,
resnet50_no_weights,IMAGENET100,QAT,layer1.0.downsample.0,-3.2322537899017334,2.9378552436828613,6.170109033584595,0.024196505546569824,134,0.4533937871456146,0.7836315035820007,2.7283663749694824,6.0176527608509645,13.608719855711136,44,3,
resnet50_no_weights,IMAGENET100,QAT,layer1.1.conv1,-0.18096964061260223,0.6118649244308472,0.7928345650434494,0.003109155222773552,58,0.29249274730682373,0.4958195984363556,0.5828636884689331,1.9927457820262169,2.7106127326014313,44,3,
resnet50_no_weights,IMAGENET100,QAT,layer1.1.conv2,-0.6806883811950684,1.1828629970550537,1.863551378250122,0.007308044470846653,93,0.4060751795768738,0.5820707082748413,1.131320834159851,2.7859886322987677,4.58917824081719,44,3,
resnet50_no_weights,IMAGENET100,QAT,layer1.1.conv3,-0.29973629117012024,0.28155580163002014,0.5812920928001404,0.0022795768454670906,131,0.06037699803709984,0.08541276305913925,0.27547886967658997,4.562646018063312,9.627707764519096,44,3,
resnet50_no_weights,IMAGENET100,QAT,layer1.2.conv1,-0.8916512131690979,1.103849172592163,1.995500385761261,0.007825491018593311,114,0.24073339998722076,0.41204118728637695,0.9737654328346252,4.044995139379568,8.289254361327474,44,3,
resnet50_no_weights,IMAGENET100,QAT,layer1.2.conv2,-0.5788429379463196,1.0235742330551147,1.6024171710014343,0.006283989176154137,92,0.2403305470943451,0.4502734839916229,0.9226459264755249,3.8390705535793894,6.667555125118503,44,3,
resnet50_no_weights,IMAGENET100,QAT,layer1.2.conv3,-0.0635216161608696,0.1236765906214714,0.187198206782341,0.0007341105956584215,87,0.01936744898557663,0.04283422604203224,0.11502645909786224,5.939164170951218,9.66560990669198,44,3,
resnet50_no_weights,IMAGENET100,QAT,layer2.0.conv1,-1.1843551397323608,1.7429002523422241,2.927255392074585,0.011479432694613934,103,0.3990342319011688,0.6430654525756836,1.6484360694885254,4.131064299006816,7.335850305694063,44,3,
resnet50_no_weights,IMAGENET100,QAT,layer2.0.conv2,-1.7287722826004028,1.4720386266708374,3.2008109092712402,0.012552199885249138,138,0.3613189160823822,0.5991542339324951,1.6590633392333984,4.591686915320882,8.858686237565935,44,3,
resnet50_no_weights,IMAGENET100,QAT,layer2.0.conv3,-0.5599305629730225,0.48944762349128723,1.0493781864643097,0.004115208517760038,136,0.0687919408082962,0.14587029814720154,0.5186117887496948,7.538845141684838,15.254376808304212,44,3,
resnet50_no_weights,IMAGENET100,QAT,layer2.0.downsample.0,-1.598679542541504,2.303774118423462,3.902453660964966,0.01530374027788639,104,0.34764623641967773,0.6545870304107666,2.2866735458374023,6.577587519391222,11.225358574726329,44,3,
resnet50_no_weights,IMAGENET100,QAT,layer2.1.conv1,-1.0455143451690674,1.0199140310287476,2.065428376197815,0.008099718950688839,129,0.28739139437675476,0.5017552375793457,0.9192181825637817,3.1984888919768273,7.186813581098913,44,3,
resnet50_no_weights,IMAGENET100,QAT,layer2.1.conv2,-2.2058773040771484,4.187174320220947,6.393051624298096,0.025070790201425552,88,0.3228135406970978,0.6469939947128296,3.4241116046905518,10.607087909932075,19.804161902541814,44,3,
resnet50_no_weights,IMAGENET100,QAT,layer2.1.conv3,-0.9265114665031433,0.7153922319412231,1.6419036984443665,0.006438837852329016,144,0.04191522300243378,0.1160503476858139,0.6476296782493591,15.450941969502464,39.17201390886148,44,3,
resnet50_no_weights,IMAGENET100,QAT,layer2.2.conv1,-1.0813624858856201,2.2005603313446045,3.2819228172302246,0.012870285660028458,84,0.32566913962364197,0.47268909215927124,2.0113959312438965,6.176194445590874,10.077475627635346,44,3,
resnet50_no_weights,IMAGENET100,QAT,layer2.2.conv2,-1.9312044382095337,4.310702800750732,6.241907238960266,0.024478066712617874,79,0.3224884867668152,0.545936107635498,3.9502992630004883,12.249427266706947,19.35544211683334,44,3,
resnet50_no_weights,IMAGENET100,QAT,layer2.2.conv3,-0.43021008372306824,0.44496360421180725,0.8751736879348755,0.003432053606957197,125,0.05823102965950966,0.11301984637975693,0.4156489670276642,7.137929201287701,15.029335614572146,44,3,
resnet50_no_weights,IMAGENET100,QAT,layer2.3.conv1,-1.490878701210022,1.7055405378341675,3.1964192390441895,0.012534977868199348,119,0.23834332823753357,0.3930371403694153,1.4960086345672607,6.276696082200945,13.410986842722235,44,3,
resnet50_no_weights,IMAGENET100,QAT,layer2.3.conv2,-2.140507698059082,4.88696813583374,7.027475833892822,0.02755872905254364,78,0.26490750908851624,0.4967413544654846,4.2911295890808105,16.19859551677326,26.528035607871956,44,3,
resnet50_no_weights,IMAGENET100,QAT,layer2.3.conv3,-0.466195672750473,0.5051462054252625,0.9713418781757355,0.0038091836031526327,122,0.03907741606235504,0.08235322684049606,0.4427696764469147,11.3305771226121,24.85686045939642,44,3,
resnet50_no_weights,IMAGENET100,QAT,layer3.0.conv1,-2.138218641281128,2.3174097537994385,4.455628395080566,0.01747305318713188,122,0.301178514957428,0.5188095569610596,2.380979537963867,7.905542459761521,14.793978234836493,44,3,
resnet50_no_weights,IMAGENET100,QAT,layer3.0.conv2,-1.624751329421997,2.1201798915863037,3.744931221008301,0.01468600519001484,111,0.3243635594844818,0.5377696752548218,1.9971405267715454,6.157105101280936,11.545474550101137,44,3,
resnet50_no_weights,IMAGENET100,QAT,layer3.0.conv3,-0.4703181982040405,0.608851432800293,1.0791696310043335,0.00423203781247139,111,0.07887991517782211,0.1337803155183792,0.5338592529296875,6.767999835270961,13.681171291469047,44,3,
resnet50_no_weights,IMAGENET100,QAT,layer3.0.downsample.0,-1.5903524160385132,2.3608391284942627,3.951191544532776,0.015494868159294128,103,0.3233609199523926,0.5659322738647461,2.5407557487487793,7.857337086753857,12.219137504663513,44,3,
resnet50_no_weights,IMAGENET100,QAT,layer3.1.conv1,-0.6110010147094727,0.927240252494812,1.5382412672042847,0.0060323188081383705,101,0.1866447925567627,0.3001791834831238,0.8455765247344971,4.53040512489701,8.241543983802668,44,3,
resnet50_no_weights,IMAGENET100,QAT,layer3.1.conv2,-1.4430369138717651,1.1540238857269287,2.597060799598694,0.01018455158919096,142,0.19800154864788055,0.3312268853187561,1.2660185098648071,6.3939828678625785,13.116366095788582,44,3,
resnet50_no_weights,IMAGENET100,QAT,layer3.1.conv3,-0.2960185706615448,0.2604031264781952,0.55642169713974,0.002182045951485634,136,0.026455959305167198,0.05557741969823837,0.25493207573890686,9.636092677581162,21.031998527116855,44,3,
resnet50_no_weights,IMAGENET100,QAT,layer3.2.conv1,-0.6235736012458801,1.0667492151260376,1.6903228163719177,0.006628717295825481,94,0.19305896759033203,0.3179590106010437,0.9337620139122009,4.83666739528841,8.755474233959207,44,3,
resnet50_no_weights,IMAGENET100,QAT,layer3.2.conv2,-1.319780707359314,1.0731498003005981,2.392930507659912,0.009384041652083397,141,0.20960673689842224,0.3378111720085144,0.8859782218933105,4.226859475049532,11.416286246656055,44,3,
resnet50_no_weights,IMAGENET100,QAT,layer3.2.conv3,-0.31938856840133667,0.2775038182735443,0.596892386674881,0.002340754261240363,136,0.03211101517081261,0.06260915100574493,0.22730638086795807,7.078766574610472,18.588399759389354,44,3,
resnet50_no_weights,IMAGENET100,QAT,layer3.3.conv1,-0.7531656622886658,1.962414026260376,2.7155796885490417,0.010649332776665688,71,0.20595413446426392,0.3414756655693054,1.374429702758789,6.673474685681889,13.185361369961887,44,3,
resnet50_no_weights,IMAGENET100,QAT,layer3.3.conv2,-1.3932486772537231,1.4841563701629639,2.877405047416687,0.011283941566944122,123,0.19984331727027893,0.3553304076194763,1.878493070602417,9.39982930758621,14.398305065788758,44,3,
resnet50_no_weights,IMAGENET100,QAT,layer3.3.conv3,-0.3180046081542969,0.3403455913066864,0.6583501994609833,0.002581765642389655,123,0.029972972348332405,0.05738941952586174,0.3598519563674927,12.005881571752546,21.964795209828818,44,3,
resnet50_no_weights,IMAGENET100,QAT,layer3.4.conv1,-0.7906742095947266,1.247852087020874,2.0385262966156006,0.007994220592081547,99,0.19219020009040833,0.3159262537956238,1.0898587703704834,5.670730192579029,10.606817078376816,44,3,
resnet50_no_weights,IMAGENET100,QAT,layer3.4.conv2,-1.122584342956543,2.2757680416107178,3.3983523845672607,0.013326872140169144,84,0.17231398820877075,0.3144088089466095,2.288799285888672,13.282724807666963,19.721860191930055,44,3,
resnet50_no_weights,IMAGENET100,QAT,layer3.4.conv3,-0.18125993013381958,0.2508774399757385,0.4321373701095581,0.0016946563264355063,107,0.022437039762735367,0.04929901659488678,0.19386433064937592,8.64037024043413,19.2599992993405,44,3,
resnet50_no_weights,IMAGENET100,QAT,layer3.5.conv1,-0.8965111374855042,2.862344980239868,3.7588561177253723,0.014740612357854843,61,0.25692546367645264,0.4425113797187805,2.1153624057769775,8.233370003530919,14.630142392032097,44,3,
resnet50_no_weights,IMAGENET100,QAT,layer3.5.conv2,-1.5946673154830933,1.9626842737197876,3.557351589202881,0.013950398191809654,114,0.27471792697906494,0.48815232515335083,1.6450315713882446,5.988075075688837,12.94910611885176,44,3,
resnet50_no_weights,IMAGENET100,QAT,layer3.5.conv3,-0.3870398700237274,0.414928674697876,0.8019685447216034,0.003144974820315838,123,0.04032536968588829,0.0814136415719986,0.34516340494155884,8.559460399995972,19.887444330169384,44,3,
resnet50_no_weights,IMAGENET100,QAT,layer4.0.conv1,-1.5822422504425049,2.196281909942627,3.778524160385132,0.014817741699516773,107,0.2615477442741394,0.4877592921257019,2.0524680614471436,7.847393473582643,14.446785503241422,44,3,
resnet50_no_weights,IMAGENET100,QAT,layer4.0.conv2,-1.303084135055542,1.8063856363296509,3.109469771385193,0.012193999253213406,107,0.2862728238105774,0.4827578663825989,2.046987295150757,7.150477184328258,10.86191043213618,44,3,
resnet50_no_weights,IMAGENET100,QAT,layer4.0.conv3,-0.302543580532074,0.4817480444908142,0.7842916250228882,0.0030756534542888403,98,0.06016024202108383,0.14063584804534912,0.4346970319747925,7.2256529789632165,13.036709937902584,44,3,
resnet50_no_weights,IMAGENET100,QAT,layer4.0.downsample.0,-1.0244359970092773,1.3736696243286133,2.3981056213378906,0.009404336102306843,109,0.16114072501659393,0.3007871210575104,1.0640794038772583,6.603417005649451,14.882058034000647,44,3,
resnet50_no_weights,IMAGENET100,QAT,layer4.1.conv1,-1.1155517101287842,1.8757330179214478,2.991284728050232,0.011730528436601162,95,0.2450624406337738,0.4685460329055786,2.093215227127075,8.541558721579934,12.206214548072944,44,3,
resnet50_no_weights,IMAGENET100,QAT,layer4.1.conv2,-1.5681862831115723,1.5697964429855347,3.137982726097107,0.012305814772844315,127,0.23230072855949402,0.4485642910003662,1.4305278062820435,6.158085750108503,13.508277591533448,44,3,
resnet50_no_weights,IMAGENET100,QAT,layer4.1.conv3,-0.3016543388366699,0.30371683835983276,0.6053711771965027,0.0023740045726299286,127,0.027543870732188225,0.05878911167383194,0.2550572454929352,9.260036396949506,21.97843516921011,44,3,
resnet50_no_weights,IMAGENET100,QAT,layer4.2.conv1,-1.794914960861206,2.7044570446014404,4.4993720054626465,0.017644595354795456,102,0.32810303568840027,0.6694901585578918,2.8167896270751953,8.585076395788983,13.713289778079664,44,3,
resnet50_no_weights,IMAGENET100,QAT,layer4.2.conv2,-2.2769222259521484,2.8349907398223877,5.111912965774536,0.020046716555953026,114,0.23513400554656982,0.6316053867340088,2.48543381690979,10.570286552693178,21.740423950554817,44,3,
resnet50_no_weights,IMAGENET100,QAT,layer4.2.conv3,-0.1930406540632248,0.9254615902900696,1.1185022443532944,0.004386283457279205,44,0.046279728412628174,0.1271713525056839,0.8025733232498169,17.341789824134356,24.16829749692509,44,3,
resnet50_no_weights,IMAGENET100,QAT,fc,-4.752197742462158,23.877012252807617,28.629209995269775,0.11227141320705414,42,9.696062088012695,19.252662658691406,22.762325286865234,2.347584522484282,2.9526636417339214,44,3,
resnet50_no_weights,IMAGENET100,QAT,conv1,-4.00175674756368,4.387674172719319,8.389430920282999,0.03289972866574923,122,0.9473976095517477,1.3971422910690308,3.456040541330973,3.6494309133176834,8.859617714578231,aggregate,3,0.20525510162325658
resnet50_no_weights,IMAGENET100,QAT,fc,-4.755030790964763,23.88189442952474,28.636925220489502,0.11230167001485825,42,8.916678110758463,18.808088302612305,24.174903869628906,2.7283371556453346,3.2244575942775118,aggregate,3,0.3317833672526339
resnet50_no_weights,IMAGENET100,QAT,layer1.0.conv1,-3.8166488806406655,2.053611993789673,5.870260874430339,0.023020630081494648,166,0.40173275272051495,0.6502288778622946,1.7609260479609172,4.381446044232362,14.615332735313885,aggregate,3,0.16810655865223637
resnet50_no_weights,IMAGENET100,QAT,layer1.0.conv2,-1.2963016430536907,1.5588662226994832,2.855167865753174,0.011196736556788286,116,0.5761664509773254,0.7542955676714579,1.4205835660298665,2.466682017358388,4.955756128355355,aggregate,3,0.2921589620414692
resnet50_no_weights,IMAGENET100,QAT,layer1.0.conv3,-0.6665846109390259,0.5182486971219381,1.1848333080609639,0.00464640511199832,143,0.15622922281424204,0.23590188225110373,0.4869563976923625,3.118871423947998,7.584381833551518,aggregate,3,0.3419325640539093
resnet50_no_weights,IMAGENET100,QAT,layer1.0.downsample.0,-3.2352933088938394,2.941124598185221,6.176417907079061,0.02422124644120534,134,0.45329291621843976,0.7804201245307922,2.529390255610148,5.579754791171269,13.626831994824512,aggregate,3,0.3803751566379509
resnet50_no_weights,IMAGENET100,QAT,layer1.1.conv1,-0.18132168551286063,0.6121694048245748,0.7934910903374354,0.0031117297088106475,58,0.3001518249511719,0.5068257947762808,0.5899032950401306,1.9657349021605304,2.6444798672825782,aggregate,3,0.052951928807287524
resnet50_no_weights,IMAGENET100,QAT,layer1.1.conv2,-0.6815890669822693,1.1834983428319295,1.8650874098141987,0.007314068265259266,93,0.39864762624104816,0.5829915006955465,1.1324397325515747,2.8421804639872197,4.679834342395893,aggregate,3,0.13219990513611346
resnet50_no_weights,IMAGENET100,QAT,layer1.1.conv3,-0.2999048133691152,0.2816414535045624,0.5815462668736776,0.002280573515842358,131.66666666666666,0.05967372407515844,0.08584475020567577,0.2770247161388397,4.645004247479464,9.747543418480813,aggregate,3,0.2386200013538812
resnet50_no_weights,IMAGENET100,QAT,layer1.2.conv1,-0.8923115928967794,1.1050533850987752,1.9973649779955547,0.007832803453008333,114,0.23854121069113413,0.40738866726557416,1.01862237850825,4.27054894848801,8.37442356929515,aggregate,3,0.2140635613671882
resnet50_no_weights,IMAGENET100,QAT,layer1.2.conv2,-0.5802619258562723,1.0245193243026733,1.6047812501589458,0.006293259871502717,92,0.24749773740768433,0.4519030551115672,0.9302629431088766,3.759883861400355,6.486650869644127,aggregate,3,0.0868249664677691
resnet50_no_weights,IMAGENET100,QAT,layer1.2.conv3,-0.06356433779001236,0.12375867366790771,0.18732301145792007,0.0007346000444764892,87,0.019633850703636806,0.04331576203306516,0.11451412985722224,5.833451601580508,9.541700850280218,aggregate,3,0.16590364515212894
resnet50_no_weights,IMAGENET100,QAT,layer2.0.conv1,-1.1852658589680989,1.7441566785176594,2.9294225374857583,0.011487931633989016,103,0.3947787980238597,0.6373742421468099,1.601101557413737,4.055264649594056,7.420873046050667,aggregate,3,0.07824549303528396
resnet50_no_weights,IMAGENET100,QAT,layer2.0.conv2,-1.728919506072998,1.4715611537297566,3.200480659802755,0.012550904415547848,138,0.35698144634564716,0.5889470179875692,1.3759352366129558,3.8498623240126153,8.966145676715943,aggregate,3,0.6424475124697715
resnet50_no_weights,IMAGENET100,QAT,layer2.0.conv3,-0.5604195594787598,0.4894774556159973,1.049897015094757,0.004117243147144715,136,0.06754281123479207,0.14400850733121237,0.4685906966527303,6.933209152443078,15.547147320331673,aggregate,3,0.6332744152717847
resnet50_no_weights,IMAGENET100,QAT,layer2.0.downsample.0,-1.5997789303461711,2.304414908091227,3.9041938384373984,0.015310564388831457,104.33333333333333,0.36455605427424115,0.6854972839355469,2.175541957219442,5.982553747185325,10.722032503369247,aggregate,3,0.5340812745102974
resnet50_no_weights,IMAGENET100,QAT,layer2.1.conv1,-1.0465474526087444,1.0209258794784546,2.0674733320871987,0.008107738879819712,129,0.29830673336982727,0.5255330403645834,0.963213324546814,3.2263626804925467,6.937489743902733,aggregate,3,0.13884374569215738
resnet50_no_weights,IMAGENET100,QAT,layer2.1.conv2,-2.2116185824076333,4.194552103678386,6.406170686086019,0.025122237702210743,88,0.33508439858754474,0.6686084667841593,3.3254186312357583,9.95843568232473,19.14251168955761,aggregate,3,1.188607995548919
resnet50_no_weights,IMAGENET100,QAT,layer2.1.conv3,-0.9279368917147318,0.7163460453351339,1.6442829370498657,0.006448168307542801,144,0.04465443640947342,0.11691248913606007,0.6729389031728109,15.039416951881611,36.91293770136488,aggregate,3,2.13611911284277
resnet50_no_weights,IMAGENET100,QAT,layer2.2.conv1,-1.081722895304362,2.2024146715799966,3.284137566884359,0.012878970863918463,84,0.32434743642807007,0.47237659494082135,1.9020588795344036,5.862078579817442,10.125604998391935,aggregate,3,0.6044308422078729
resnet50_no_weights,IMAGENET100,QAT,layer2.2.conv2,-1.932612697283427,4.314089139302571,6.2467018365859985,0.02449687011539936,79,0.32323617736498517,0.5501673618952433,3.708866755167643,11.475841072236264,19.325542697913484,aggregate,3,1.527768094474894
resnet50_no_weights,IMAGENET100,QAT,layer2.2.conv3,-0.43082911769549054,0.44523616631825763,0.8760652840137482,0.003435550102343162,125,0.057956586281458534,0.11246815075476964,0.39135419329007465,6.749420237954486,15.11632368931279,aggregate,3,0.8006719078318031
resnet50_no_weights,IMAGENET100,QAT,layer2.3.conv1,-1.4929725329081218,1.7078468799591064,3.200819412867228,0.012552233102420965,119,0.23776290814081827,0.38997093836466473,1.3732848564783733,5.77377937754924,13.462489377005914,aggregate,3,0.6809163101329253
resnet50_no_weights,IMAGENET100,QAT,layer2.3.conv2,-2.141270955403646,4.893021901448567,7.034292856852214,0.02758546235660712,78,0.2638377249240875,0.494037131468455,3.9336889584859214,14.894640885949729,26.66349741338353,aggregate,3,2.193499645109036
resnet50_no_weights,IMAGENET100,QAT,layer2.3.conv3,-0.4667885402838389,0.5057838956514994,0.9725724359353384,0.0038140094839036465,122,0.03868394220868746,0.08041977385679881,0.4072093566258748,10.513661712445865,25.145000694876448,aggregate,3,1.4237323846438699
resnet50_no_weights,IMAGENET100,QAT,layer3.0.conv1,-2.1400885581970215,2.318485736846924,4.458574295043945,0.017484605312347412,122,0.29890914758046466,0.5159365137418112,2.0194130738576255,6.751400206023653,14.916717810421702,aggregate,3,1.0034440757214578
resnet50_no_weights,IMAGENET100,QAT,layer3.0.conv2,-1.6230359474817913,2.123160441716512,3.7461963891983032,0.014690966655810675,110.33333333333333,0.32324352860450745,0.5323549111684164,1.7851429382960002,5.520225597593042,11.58951971337048,aggregate,3,0.8101373494907473
resnet50_no_weights,IMAGENET100,QAT,layer3.0.conv3,-0.4701537787914276,0.6097553571065267,1.0799091358979542,0.004234937795748313,111,0.07867724448442459,0.13357758522033691,0.5010886192321777,6.368830428587233,13.726117357068041,aggregate,3,0.36468372556649037
resnet50_no_weights,IMAGENET100,QAT,layer3.0.downsample.0,-1.5924338499704997,2.3618923823038735,3.9543262322743735,0.015507161617279053,103,0.3267568250497182,0.5748365521430969,2.1126707792282104,6.474534023981606,12.102508568744383,aggregate,3,1.3717566639896899
resnet50_no_weights,IMAGENET100,QAT,layer3.1.conv1,-0.6119528412818909,0.9281290372212728,1.5400818785031636,0.00603953671331207,101,0.1890332450469335,0.3068787654240926,0.9051744739214579,4.78691961617456,8.147742381006845,aggregate,3,0.60867860168303
resnet50_no_weights,IMAGENET100,QAT,layer3.1.conv2,-1.4463354349136353,1.1535762548446655,2.599911689758301,0.01019573180625836,142,0.20029709736506143,0.33585324883461,1.1348404089609783,5.670310398652892,12.981567527327657,aggregate,3,0.6313209587861229
resnet50_no_weights,IMAGENET100,QAT,layer3.1.conv3,-0.296134074529012,0.260468065738678,0.5566021402676901,0.002182753523811698,136,0.026591194793581963,0.05663446088631948,0.24641400575637817,9.266539192206766,20.93246639832212,aggregate,3,0.4563907996565181
resnet50_no_weights,IMAGENET100,QAT,layer3.2.conv1,-0.6244683861732483,1.0688397487004597,1.693308134873708,0.006640424175808827,94,0.19333882133165994,0.3160207172234853,0.8536281585693359,4.4194387677545075,8.758968220887208,aggregate,3,0.6690456449235085
resnet50_no_weights,IMAGENET100,QAT,layer3.2.conv2,-1.3210759162902832,1.0746410290400188,2.3957169453303018,0.009394968549410502,141,0.2112604777018229,0.34819653630256653,0.9108232259750366,4.305907509715601,11.346764573406963,aggregate,3,0.27576357649345323
resnet50_no_weights,IMAGENET100,QAT,layer3.2.conv3,-0.31975358724594116,0.27799434463183087,0.597747931877772,0.0023441095060358443,136,0.032625374694665275,0.06377081945538521,0.23420644303162894,7.194576396842414,18.353440458359003,aggregate,3,0.5176100471352593
resnet50_no_weights,IMAGENET100,QAT,layer3.3.conv1,-0.7528508305549622,1.9691591262817383,2.7220099568367004,0.010674548956255117,70.33333333333333,0.20593295991420746,0.3403550883134206,1.3735942840576172,6.6692285670430325,13.217937685096963,aggregate,3,1.1195149651796146
resnet50_no_weights,IMAGENET100,QAT,layer3.3.conv2,-1.3936463991800945,1.4826842149098713,2.876330614089966,0.011279727642734846,123.66666666666667,0.20245803395907083,0.3573232889175415,1.3528385957082112,6.6987157551887755,14.208972118440974,aggregate,3,2.343829296614598
resnet50_no_weights,IMAGENET100,QAT,layer3.3.conv3,-0.3177543878555298,0.34040194749832153,0.6581563353538513,0.0025810053727279105,123,0.030196499079465866,0.05744060998161634,0.29719216624895733,9.846703646832536,21.797714230952117,aggregate,3,1.9441547648993676
resnet50_no_weights,IMAGENET100,QAT,layer3.4.conv1,-0.7916666666666666,1.249603509902954,2.0412701765696206,0.008004981093108654,99,0.19242789347966513,0.3162127335866292,0.9866394599278768,5.125591327349127,10.608235763014113,aggregate,3,0.720954277756658
resnet50_no_weights,IMAGENET100,QAT,layer3.4.conv2,-1.124144434928894,2.276754379272461,3.400898814201355,0.01333685809125503,84,0.17365449170271555,0.3194652895132701,1.9347354968388875,11.140415604442126,19.587333235281218,aggregate,3,2.1096220093129925
resnet50_no_weights,IMAGENET100,QAT,layer3.4.conv3,-0.18148153026898703,0.2513742844263713,0.4328558146953583,0.0016974737712492545,107,0.022592591121792793,0.04869243626793226,0.21159126857916513,9.36881345791574,19.16754303759922,aggregate,3,0.7223470141057888
resnet50_no_weights,IMAGENET100,QAT,layer3.5.conv1,-0.8977773785591125,2.8700395425160727,3.7678169210751853,0.014775752710799376,61,0.25660012165705365,0.4393000702063243,2.2716853618621826,8.856689436906942,14.683898090979657,aggregate,3,1.2243404404329103
resnet50_no_weights,IMAGENET100,QAT,layer3.5.conv2,-1.5964491367340088,1.9659233887990315,3.5623725255330405,0.013970088524123033,114,0.2751783529917399,0.4895889063676198,1.601214607556661,5.818507234672362,12.945813971943906,aggregate,3,0.2460527882486873
resnet50_no_weights,IMAGENET100,QAT,layer3.5.conv3,-0.38746227820714313,0.41563113530476886,0.803093413511912,0.003149386029690504,123,0.040400135020414986,0.08149166653553645,0.3365425169467926,8.327943356889005,19.883352890324556,aggregate,3,0.282075631546638
resnet50_no_weights,IMAGENET100,QAT,layer4.0.conv1,-1.5850597222646077,2.197707494099935,3.7827672163645425,0.01483438132951657,107,0.2620073656241099,0.48872562249501544,1.9735308090845745,7.535724030028728,14.438272147064,aggregate,3,0.612770570931483
resnet50_no_weights,IMAGENET100,QAT,layer4.0.conv2,-1.304399808247884,1.8063677946726482,3.1107676029205322,0.01219908862064282,107,0.28736268480618793,0.48267799615859985,1.5772756338119507,5.491897703603531,10.825839168725674,aggregate,3,1.4363911241933194
resnet50_no_weights,IMAGENET100,QAT,layer4.0.conv3,-0.30286004145940143,0.4823901454607646,0.785250186920166,0.003079412505030632,98,0.0599473404387633,0.14032920201619467,0.4003690282503764,6.67832277778238,13.09981625514181,aggregate,3,0.4843860607269338
resnet50_no_weights,IMAGENET100,QAT,layer4.0.downsample.0,-1.0244268973668416,1.3776321808497112,2.4020590782165527,0.009419839829206467,109,0.16214253505071005,0.3047092954317729,0.9808878302574158,6.051001701919129,14.81469359114532,aggregate,3,0.8778832709347513
resnet50_no_weights,IMAGENET100,QAT,layer4.1.conv1,-1.1166805426279705,1.8733796675999959,2.9900602102279663,0.011725726537406445,95,0.2439387490351995,0.45825854937235516,1.914222518603007,7.845503188712015,12.25754023487193,aggregate,3,1.4192550912131547
resnet50_no_weights,IMAGENET100,QAT,layer4.1.conv2,-1.5698819160461426,1.5718247095743816,3.141706625620524,0.012320417910814285,127,0.22984344263871512,0.4290628333886464,1.276784896850586,5.550511803657802,13.671765360777664,aggregate,3,0.5424711806465664
resnet50_no_weights,IMAGENET100,QAT,layer4.1.conv3,-0.3023258149623871,0.3042912781238556,0.6066170930862427,0.002378890523687005,127,0.02709473545352618,0.057044047862291336,0.22870603203773499,8.428817166097959,22.397922229392094,aggregate,3,0.8338701301365741
resnet50_no_weights,IMAGENET100,QAT,layer4.2.conv1,-1.7962751785914104,2.7057780424753823,4.5020532210667925,0.017655110607544582,102,0.32514094312985736,0.6579793294270834,2.3567941188812256,7.242018175803426,13.847815497527431,aggregate,3,1.164844908666861
resnet50_no_weights,IMAGENET100,QAT,layer4.2.conv2,-2.278350750605265,2.839315176010132,5.117665926615397,0.020069278155763943,113.66666666666667,0.23804632325967154,0.6153826713562012,2.5291086037953696,10.610647292556845,21.505302517455338,aggregate,3,1.036042836430593
resnet50_no_weights,IMAGENET100,QAT,layer4.2.conv3,-0.19316437343756357,0.9265458583831787,1.1197102318207424,0.004391020629554987,44,0.046175431460142136,0.12415168682734172,0.9577269554138184,20.69163856739616,24.25739328129097,aggregate,3,4.543687412117528
