model,dataset,variant,canonical_layer,weight_shape,trace_raw,trace_per_param,probe_seed,seed,n_seeds,metric_std
resnet50_no_weights,IMAGENET100,fp32_unfused,conv1,"(64, 3, 7, 7)",94.21080466679165,0.01001390355726952,42,42,3,
resnet50_no_weights,IMAGENET100,fp32_unfused,conv1,"(64, 3, 7, 7)",104.23777179718017,0.011079695131502995,43,43,3,
resnet50_no_weights,IMAGENET100,fp32_unfused,conv1,"(64, 3, 7, 7)",117.7159330704633,0.01251232281786387,44,44,3,
resnet50_no_weights,IMAGENET100,fp32_unfused,conv1,"(64, 3, 7, 7)",105.3881698448117,0.011201973835545461,"42,43,44",aggregate,3,11.794716065648581
resnet50_no_weights,IMAGENET100,fp32_unfused,layer1.0.conv1,"(64, 64, 1, 1)",27.085310708908807,0.006612624684792189,42,42,3,
resnet50_no_weights,IMAGENET100,fp32_unfused,layer1.0.conv1,"(64, 64, 1, 1)",31.734378321965536,0.007747650957511117,43,43,3,
resnet50_no_weights,IMAGENET100,fp32_unfused,layer1.0.conv1,"(64, 64, 1, 1)",27.332859420776366,0.00667306138202548,44,44,3,
resnet50_no_weights,IMAGENET100,fp32_unfused,layer1.0.conv1,"(64, 64, 1, 1)",28.717516150550235,0.0070111123414429285,"42,43,44",aggregate,3,2.615609510644565
resnet50_no_weights,IMAGENET100,fp32_unfused,layer1.0.conv2,"(64, 64, 3, 3)",13.728814061482748,0.00037241791616435407,42,42,3,
resnet50_no_weights,IMAGENET100,fp32_unfused,layer1.0.conv2,"(64, 64, 3, 3)",11.281974928719658,0.00030604315670354975,43,43,3,
resnet50_no_weights,IMAGENET100,fp32_unfused,layer1.0.conv2,"(64, 64, 3, 3)",17.086831347147623,0.0004635099649291347,44,44,3,
resnet50_no_weights,IMAGENET100,fp32_unfused,layer1.0.conv2,"(64, 64, 3, 3)",14.03254011245001,0.00038065701259901283,"42,43,44",aggregate,3,2.914322673481475
resnet50_no_weights,IMAGENET100,fp32_unfused,layer1.0.conv3,"(256, 64, 1, 1)",19.03155651092529,0.00116159402532503,42,42,3,
resnet50_no_weights,IMAGENET100,fp32_unfused,layer1.0.conv3,"(256, 64, 1, 1)",23.731686998296667,0.0014484672240171305,43,43,3,
resnet50_no_weights,IMAGENET100,fp32_unfused,layer1.0.conv3,"(256, 64, 1, 1)",20.68995361328125,0.0012628145515918732,44,44,3,
resnet50_no_weights,IMAGENET100,fp32_unfused,layer1.0.conv3,"(256, 64, 1, 1)",21.15106570750107,0.0012909586003113445,"42,43,44",aggregate,3,2.3837522778502613
resnet50_no_weights,IMAGENET100,fp32_unfused,layer1.0.downsample.0,"(256, 64, 1, 1)",39.21116145451864,0.0023932593661205224,42,42,3,
resnet50_no_weights,IMAGENET100,fp32_unfused,layer1.0.downsample.0,"(256, 64, 1, 1)",27.931733687718708,0.0017048177299633,43,43,3,
resnet50_no_weights,IMAGENET100,fp32_unfused,layer1.0.downsample.0,"(256, 64, 1, 1)",34.472490851084395,0.0021040338654226315,44,44,3,
resnet50_no_weights,IMAGENET100,fp32_unfused,layer1.0.downsample.0,"(256, 64, 1, 1)",33.87179533110725,0.0020673703205021515,"42,43,44",aggregate,3,5.663655976258161
resnet50_no_weights,IMAGENET100,fp32_unfused,layer1.1.conv1,"(64, 256, 1, 1)",1.0196431696414947,6.223408017831389e-05,42,42,3,
resnet50_no_weights,IMAGENET100,fp32_unfused,layer1.1.conv1,"(64, 256, 1, 1)",1.706829994916916,0.00010417663543194067,43,43,3,
resnet50_no_weights,IMAGENET100,fp32_unfused,layer1.1.conv1,"(64, 256, 1, 1)",0.8464340580006441,5.1662234985390874e-05,44,44,3,
resnet50_no_weights,IMAGENET100,fp32_unfused,layer1.1.conv1,"(64, 256, 1, 1)",1.1909690741863517,7.269098353188182e-05,"42,43,44",aggregate,3,0.4550656175120159
resnet50_no_weights,IMAGENET100,fp32_unfused,layer1.1.conv2,"(64, 64, 3, 3)",10.691541175047556,0.00029002661607659385,42,42,3,
resnet50_no_weights,IMAGENET100,fp32_unfused,layer1.1.conv2,"(64, 64, 3, 3)",11.705344851811727,0.00031752780088464973,43,43,3,
resnet50_no_weights,IMAGENET100,fp32_unfused,layer1.1.conv2,"(64, 64, 3, 3)",11.441765866676967,0.0003103777633104646,44,44,3,
resnet50_no_weights,IMAGENET100,fp32_unfused,layer1.1.conv2,"(64, 64, 3, 3)",11.27955063117875,0.00030597739342390275,"42,43,44",aggregate,3,0.5260083751481002
resnet50_no_weights,IMAGENET100,fp32_unfused,layer1.1.conv3,"(256, 64, 1, 1)",7.471780813733736,0.00045604130943199074,42,42,3,
resnet50_no_weights,IMAGENET100,fp32_unfused,layer1.1.conv3,"(256, 64, 1, 1)",4.420557424426079,0.0002698094131119433,43,43,3,
resnet50_no_weights,IMAGENET100,fp32_unfused,layer1.1.conv3,"(256, 64, 1, 1)",5.900101735478356,0.0003601136313158176,44,44,3,
resnet50_no_weights,IMAGENET100,fp32_unfused,layer1.1.conv3,"(256, 64, 1, 1)",5.930813324546057,0.00036198811795325056,"42,43,44",aggregate,3,1.5258435188910509
resnet50_no_weights,IMAGENET100,fp32_unfused,layer1.2.conv1,"(64, 256, 1, 1)",0.46662699852300726,2.8480651765320268e-05,42,42,3,
resnet50_no_weights,IMAGENET100,fp32_unfused,layer1.2.conv1,"(64, 256, 1, 1)",0.5275899454951286,3.220153475922416e-05,43,43,3,
resnet50_no_weights,IMAGENET100,fp32_unfused,layer1.2.conv1,"(64, 256, 1, 1)",0.5606731521586578,3.42207734471837e-05,44,44,3,
resnet50_no_weights,IMAGENET100,fp32_unfused,layer1.2.conv1,"(64, 256, 1, 1)",0.5182966987255979,3.1634319990576045e-05,"42,43,44",aggregate,3,0.0477068452117161
resnet50_no_weights,IMAGENET100,fp32_unfused,layer1.2.conv2,"(64, 64, 3, 3)",0.394939037412405,1.071340704786255e-05,42,42,3,
resnet50_no_weights,IMAGENET100,fp32_unfused,layer1.2.conv2,"(64, 64, 3, 3)",0.4575409044822057,1.241159137592789e-05,43,43,3,
resnet50_no_weights,IMAGENET100,fp32_unfused,layer1.2.conv2,"(64, 64, 3, 3)",0.5984612514575323,1.6234300441013787e-05,44,44,3,
resnet50_no_weights,IMAGENET100,fp32_unfused,layer1.2.conv2,"(64, 64, 3, 3)",0.4836470644507143,1.3119766288268075e-05,"42,43,44",aggregate,3,0.10424236947462232
resnet50_no_weights,IMAGENET100,fp32_unfused,layer1.2.conv3,"(256, 64, 1, 1)",0.8921462903420131,5.4452288228882635e-05,42,42,3,
resnet50_no_weights,IMAGENET100,fp32_unfused,layer1.2.conv3,"(256, 64, 1, 1)",0.9046462349593639,5.521522430171899e-05,43,43,3,
resnet50_no_weights,IMAGENET100,fp32_unfused,layer1.2.conv3,"(256, 64, 1, 1)",0.647987212240696,3.955000074711279e-05,44,44,3,
resnet50_no_weights,IMAGENET100,fp32_unfused,layer1.2.conv3,"(256, 64, 1, 1)",0.814926579180691,4.973917109257147e-05,"42,43,44",aggregate,3,0.14470876383137246
resnet50_no_weights,IMAGENET100,fp32_unfused,layer2.0.conv1,"(128, 256, 1, 1)",8.136186639467875,0.00024829671140954207,42,42,3,
resnet50_no_weights,IMAGENET100,fp32_unfused,layer2.0.conv1,"(128, 256, 1, 1)",6.5809813141822815,0.00020083561139472295,43,43,3,
resnet50_no_weights,IMAGENET100,fp32_unfused,layer2.0.conv1,"(128, 256, 1, 1)",8.443631688753763,0.00025767918972026865,44,44,3,
resnet50_no_weights,IMAGENET100,fp32_unfused,layer2.0.conv1,"(128, 256, 1, 1)",7.720266547467973,0.00023560383750817788,"42,43,44",aggregate,3,0.9985533269033383
resnet50_no_weights,IMAGENET100,fp32_unfused,layer2.0.conv2,"(128, 128, 3, 3)",60.97644214630127,0.00041352296377428704,42,42,3,
resnet50_no_weights,IMAGENET100,fp32_unfused,layer2.0.conv2,"(128, 128, 3, 3)",67.52763446172078,0.00045795108006266804,43,43,3,
resnet50_no_weights,IMAGENET100,fp32_unfused,layer2.0.conv2,"(128, 128, 3, 3)",61.26079832712809,0.0004154513775440002,44,44,3,
resnet50_no_weights,IMAGENET100,fp32_unfused,layer2.0.conv2,"(128, 128, 3, 3)",63.25495831171671,0.0004289751404603184,"42,43,44",aggregate,3,3.7029766028836564
resnet50_no_weights,IMAGENET100,fp32_unfused,layer2.0.conv3,"(512, 128, 1, 1)",20.542400105794272,0.0003134521500517925,42,42,3,
resnet50_no_weights,IMAGENET100,fp32_unfused,layer2.0.conv3,"(512, 128, 1, 1)",21.25383842786153,0.0003243078373391957,43,43,3,
resnet50_no_weights,IMAGENET100,fp32_unfused,layer2.0.conv3,"(512, 128, 1, 1)",19.202683643058496,0.00029300969914334863,44,44,3,
resnet50_no_weights,IMAGENET100,fp32_unfused,layer2.0.conv3,"(512, 128, 1, 1)",20.332974058904767,0.0003102565621781123,"42,43,44",aggregate,3,1.0414909695441055
resnet50_no_weights,IMAGENET100,fp32_unfused,layer2.0.downsample.0,"(512, 256, 1, 1)",41.619754473368324,0.000317533527171084,42,42,3,
resnet50_no_weights,IMAGENET100,fp32_unfused,layer2.0.downsample.0,"(512, 256, 1, 1)",29.108678817749023,0.00022208159498404711,43,43,3,
resnet50_no_weights,IMAGENET100,fp32_unfused,layer2.0.downsample.0,"(512, 256, 1, 1)",23.92313591639201,0.00018251904233087166,44,44,3,
resnet50_no_weights,IMAGENET100,fp32_unfused,layer2.0.downsample.0,"(512, 256, 1, 1)",31.550523069169785,0.00024071138816200092,"42,43,44",aggregate,3,9.097501283260534
resnet50_no_weights,IMAGENET100,fp32_unfused,layer2.1.conv1,"(128, 512, 1, 1)",2.562511678095217,3.910082516624782e-05,42,42,3,
resnet50_no_weights,IMAGENET100,fp32_unfused,layer2.1.conv1,"(128, 512, 1, 1)",2.831002098321915,4.3197663853788984e-05,43,43,3,
resnet50_no_weights,IMAGENET100,fp32_unfused,layer2.1.conv1,"(128, 512, 1, 1)",2.319607663154602,3.539440403983462e-05,44,44,3,
resnet50_no_weights,IMAGENET100,fp32_unfused,layer2.1.conv1,"(128, 512, 1, 1)",2.5710404798572446,3.9230964353290475e-05,"42,43,44",aggregate,3,0.25580387492109213
resnet50_no_weights,IMAGENET100,fp32_unfused,layer2.1.conv2,"(128, 128, 3, 3)",84.73266379038493,0.000574630152658318,42,42,3,
resnet50_no_weights,IMAGENET100,fp32_unfused,layer2.1.conv2,"(128, 128, 3, 3)",66.43441902796427,0.00045053723841664134,43,43,3,
resnet50_no_weights,IMAGENET100,fp32_unfused,layer2.1.conv2,"(128, 128, 3, 3)",62.11100419362386,0.0004212172050891375,44,44,3,
resnet50_no_weights,IMAGENET100,fp32_unfused,layer2.1.conv2,"(128, 128, 3, 3)",71.09269567065769,0.0004821281987213656,"42,43,44",aggregate,3,12.008727105227697
resnet50_no_weights,IMAGENET100,fp32_unfused,layer2.1.conv3,"(512, 128, 1, 1)",16.291371528307597,0.00024858660168926386,42,42,3,
resnet50_no_weights,IMAGENET100,fp32_unfused,layer2.1.conv3,"(512, 128, 1, 1)",18.770849776268005,0.0002864204372599488,43,43,3,
resnet50_no_weights,IMAGENET100,fp32_unfused,layer2.1.conv3,"(512, 128, 1, 1)",12.924932877222696,0.00019721882442051233,44,44,3,
resnet50_no_weights,IMAGENET100,fp32_unfused,layer2.1.conv3,"(512, 128, 1, 1)",15.995718060599433,0.00024407528778990834,"42,43,44",aggregate,3,2.934151381125687
resnet50_no_weights,IMAGENET100,fp32_unfused,layer2.2.conv1,"(128, 512, 1, 1)",8.721052098274232,0.00013307269437063952,42,42,3,
resnet50_no_weights,IMAGENET100,fp32_unfused,layer2.2.conv1,"(128, 512, 1, 1)",8.195813977718354,0.00012505819668149343,43,43,3,
resnet50_no_weights,IMAGENET100,fp32_unfused,layer2.2.conv1,"(128, 512, 1, 1)",8.803598856925964,0.0001343322579486994,44,44,3,
resnet50_no_weights,IMAGENET100,fp32_unfused,layer2.2.conv1,"(128, 512, 1, 1)",8.57348831097285,0.00013082104966694413,"42,43,44",aggregate,3,0.3296694076501458
resnet50_no_weights,IMAGENET100,fp32_unfused,layer2.2.conv2,"(128, 128, 3, 3)",30.08854157584054,0.0002040509818240054,42,42,3,
resnet50_no_weights,IMAGENET100,fp32_unfused,layer2.2.conv2,"(128, 128, 3, 3)",35.940085018382355,0.00024373430052613903,43,43,3,
resnet50_no_weights,IMAGENET100,fp32_unfused,layer2.2.conv2,"(128, 128, 3, 3)",25.304595708847046,0.00017160777254806212,44,44,3,
resnet50_no_weights,IMAGENET100,fp32_unfused,layer2.2.conv2,"(128, 128, 3, 3)",30.44440743435665,0.00020646435163273552,"42,43,44",aggregate,3,5.326667682074133
resnet50_no_weights,IMAGENET100,fp32_unfused,layer2.2.conv3,"(512, 128, 1, 1)",19.174151055018108,0.00029257432640103314,42,42,3,
resnet50_no_weights,IMAGENET100,fp32_unfused,layer2.2.conv3,"(512, 128, 1, 1)",22.89638650417328,0.00034937113196065184,43,43,3,
resnet50_no_weights,IMAGENET100,fp32_unfused,layer2.2.conv3,"(512, 128, 1, 1)",20.786613925298056,0.00031717855720974817,44,44,3,
resnet50_no_weights,IMAGENET100,fp32_unfused,layer2.2.conv3,"(512, 128, 1, 1)",20.952383828163146,0.0003197080051904777,"42,43,44",aggregate,3,1.8666464395430582
resnet50_no_weights,IMAGENET100,fp32_unfused,layer2.3.conv1,"(128, 512, 1, 1)",19.105723730723064,0.0002915302082935038,42,42,3,
resnet50_no_weights,IMAGENET100,fp32_unfused,layer2.3.conv1,"(128, 512, 1, 1)",18.020762952168784,0.00027497502063245826,43,43,3,
resnet50_no_weights,IMAGENET100,fp32_unfused,layer2.3.conv1,"(128, 512, 1, 1)",19.225843048095705,0.0002933630836196244,44,44,3,
resnet50_no_weights,IMAGENET100,fp32_unfused,layer2.3.conv1,"(128, 512, 1, 1)",18.784109910329185,0.00028662277084852883,"42,43,44",aggregate,3,0.6638004945019768
resnet50_no_weights,IMAGENET100,fp32_unfused,layer2.3.conv2,"(128, 128, 3, 3)",25.582038464753523,0.00017348930165441573,42,42,3,
resnet50_no_weights,IMAGENET100,fp32_unfused,layer2.3.conv2,"(128, 128, 3, 3)",25.062405172983805,0.00016996531285931943,43,43,3,
resnet50_no_weights,IMAGENET100,fp32_unfused,layer2.3.conv2,"(128, 128, 3, 3)",21.6533541245894,0.000146846205814544,44,44,3,
resnet50_no_weights,IMAGENET100,fp32_unfused,layer2.3.conv2,"(128, 128, 3, 3)",24.099265920775576,0.00016343360677609304,"42,43,44",aggregate,3,2.134096547844281
resnet50_no_weights,IMAGENET100,fp32_unfused,layer2.3.conv3,"(512, 128, 1, 1)",10.977171373367309,0.0001674983424891252,42,42,3,
resnet50_no_weights,IMAGENET100,fp32_unfused,layer2.3.conv3,"(512, 128, 1, 1)",9.957219501336416,0.0001519351120199038,43,43,3,
resnet50_no_weights,IMAGENET100,fp32_unfused,layer2.3.conv3,"(512, 128, 1, 1)",13.166611965497335,0.00020090655464931236,44,44,3,
resnet50_no_weights,IMAGENET100,fp32_unfused,layer2.3.conv3,"(512, 128, 1, 1)",11.367000946733686,0.00017344666971944711,"42,43,44",aggregate,3,1.639824783157177
resnet50_no_weights,IMAGENET100,fp32_unfused,layer3.0.conv1,"(256, 512, 1, 1)",86.10250412623087,0.0006569099741075964,42,42,3,
resnet50_no_weights,IMAGENET100,fp32_unfused,layer3.0.conv1,"(256, 512, 1, 1)",94.84106360541449,0.0007235798920090827,43,43,3,
resnet50_no_weights,IMAGENET100,fp32_unfused,layer3.0.conv1,"(256, 512, 1, 1)",69.54408121109009,0.0005305792328726966,44,44,3,
resnet50_no_weights,IMAGENET100,fp32_unfused,layer3.0.conv1,"(256, 512, 1, 1)",83.49588298091182,0.0006370230329964586,"42,43,44",aggregate,3,12.848353392988068
resnet50_no_weights,IMAGENET100,fp32_unfused,layer3.0.conv2,"(256, 256, 3, 3)",57.06373818715414,9.674706045727901e-05,42,42,3,
resnet50_no_weights,IMAGENET100,fp32_unfused,layer3.0.conv2,"(256, 256, 3, 3)",66.01949927012126,0.000111930845930517,43,43,3,
resnet50_no_weights,IMAGENET100,fp32_unfused,layer3.0.conv2,"(256, 256, 3, 3)",67.32613693237305,0.00011414614687156346,44,44,3,
resnet50_no_weights,IMAGENET100,fp32_unfused,layer3.0.conv2,"(256, 256, 3, 3)",63.46979146321615,0.00010760801775311982,"42,43,44",aggregate,3,5.5861403873257895
resnet50_no_weights,IMAGENET100,fp32_unfused,layer3.0.conv3,"(1024, 256, 1, 1)",55.97182038625081,0.0002135155501794846,42,42,3,
resnet50_no_weights,IMAGENET100,fp32_unfused,layer3.0.conv3,"(1024, 256, 1, 1)",51.87671476999919,0.00019789396198272396,43,43,3,
resnet50_no_weights,IMAGENET100,fp32_unfused,layer3.0.conv3,"(1024, 256, 1, 1)",67.3198348681132,0.000256804789993718,44,44,3,
resnet50_no_weights,IMAGENET100,fp32_unfused,layer3.0.conv3,"(1024, 256, 1, 1)",58.38945667478774,0.0002227381007186422,"42,43,44",aggregate,3,8.00038833488295
resnet50_no_weights,IMAGENET100,fp32_unfused,layer3.0.downsample.0,"(1024, 512, 1, 1)",110.54451471964518,0.0002108469290154365,42,42,3,
resnet50_no_weights,IMAGENET100,fp32_unfused,layer3.0.downsample.0,"(1024, 512, 1, 1)",94.0446022881402,0.00017937584359767951,43,43,3,
resnet50_no_weights,IMAGENET100,fp32_unfused,layer3.0.downsample.0,"(1024, 512, 1, 1)",93.11268456776936,0.00017759835160783646,44,44,3,
resnet50_no_weights,IMAGENET100,fp32_unfused,layer3.0.downsample.0,"(1024, 512, 1, 1)",99.23393385851824,0.00018927370807365082,"42,43,44",aggregate,3,9.806326897541885
resnet50_no_weights,IMAGENET100,fp32_unfused,layer3.1.conv1,"(256, 1024, 1, 1)",9.763748817443847,3.724574591615237e-05,42,42,3,
resnet50_no_weights,IMAGENET100,fp32_unfused,layer3.1.conv1,"(256, 1024, 1, 1)",10.573741738001505,4.033562369537928e-05,43,43,3,
resnet50_no_weights,IMAGENET100,fp32_unfused,layer3.1.conv1,"(256, 1024, 1, 1)",9.079079871827906,3.463394116145289e-05,44,44,3,
resnet50_no_weights,IMAGENET100,fp32_unfused,layer3.1.conv1,"(256, 1024, 1, 1)",9.805523475757752,3.7405103590994844e-05,"42,43,44",aggregate,3,0.7482060980146575
resnet50_no_weights,IMAGENET100,fp32_unfused,layer3.1.conv2,"(256, 256, 3, 3)",20.684514824549357,3.506896095199476e-05,42,42,3,
resnet50_no_weights,IMAGENET100,fp32_unfused,layer3.1.conv2,"(256, 256, 3, 3)",19.59998695055644,3.3230229611810365e-05,43,43,3,
resnet50_no_weights,IMAGENET100,fp32_unfused,layer3.1.conv2,"(256, 256, 3, 3)",19.91283573423113,3.376064001164946e-05,44,44,3,
resnet50_no_weights,IMAGENET100,fp32_unfused,layer3.1.conv2,"(256, 256, 3, 3)",20.065779169778974,3.4019943525151524e-05,"42,43,44",aggregate,3,0.5582060087680741
resnet50_no_weights,IMAGENET100,fp32_unfused,layer3.1.conv3,"(1024, 256, 1, 1)",23.923344802856445,9.126031800406053e-05,42,42,3,
resnet50_no_weights,IMAGENET100,fp32_unfused,layer3.1.conv3,"(1024, 256, 1, 1)",27.854667687416075,0.00010625712466207914,43,43,3,
resnet50_no_weights,IMAGENET100,fp32_unfused,layer3.1.conv3,"(1024, 256, 1, 1)",23.841700589215314,9.094887004552961e-05,44,44,3,
resnet50_no_weights,IMAGENET100,fp32_unfused,layer3.1.conv3,"(1024, 256, 1, 1)",25.206571026495943,9.615543757055643e-05,"42,43,44",aggregate,3,2.2936822771664622
resnet50_no_weights,IMAGENET100,fp32_unfused,layer3.2.conv1,"(256, 1024, 1, 1)",5.8275212478637695,2.223022936959751e-05,42,42,3,
resnet50_no_weights,IMAGENET100,fp32_unfused,layer3.2.conv1,"(256, 1024, 1, 1)",5.244005001508272,2.000429154017743e-05,43,43,3,
resnet50_no_weights,IMAGENET100,fp32_unfused,layer3.2.conv1,"(256, 1024, 1, 1)",6.028365364781132,2.299638887321904e-05,44,44,3,
resnet50_no_weights,IMAGENET100,fp32_unfused,layer3.2.conv1,"(256, 1024, 1, 1)",5.699963871384392,2.1743636594331328e-05,"42,43,44",aggregate,3,0.4074413553986753
resnet50_no_weights,IMAGENET100,fp32_unfused,layer3.2.conv2,"(256, 256, 3, 3)",21.910574776785715,3.714764875078958e-05,42,42,3,
resnet50_no_weights,IMAGENET100,fp32_unfused,layer3.2.conv2,"(256, 256, 3, 3)",24.270674917433,4.1149012107735525e-05,43,43,3,
resnet50_no_weights,IMAGENET100,fp32_unfused,layer3.2.conv2,"(256, 256, 3, 3)",23.544838015238444,3.9918412976139396e-05,44,44,3,
resnet50_no_weights,IMAGENET100,fp32_unfused,layer3.2.conv2,"(256, 256, 3, 3)",23.24202923648572,3.940502461155484e-05,"42,43,44",aggregate,3,1.208837472879675
resnet50_no_weights,IMAGENET100,fp32_unfused,layer3.2.conv3,"(1024, 256, 1, 1)",14.257121779701926,5.438660346871157e-05,42,42,3,
resnet50_no_weights,IMAGENET100,fp32_unfused,layer3.2.conv3,"(1024, 256, 1, 1)",15.809108818278593,6.0306964181055426e-05,43,43,3,
resnet50_no_weights,IMAGENET100,fp32_unfused,layer3.2.conv3,"(1024, 256, 1, 1)",20.704936933517455,7.898306630522711e-05,44,44,3,
resnet50_no_weights,IMAGENET100,fp32_unfused,layer3.2.conv3,"(1024, 256, 1, 1)",16.923722510499324,6.455887798499803e-05,"42,43,44",aggregate,3,3.3653161555205693
resnet50_no_weights,IMAGENET100,fp32_unfused,layer3.3.conv1,"(256, 1024, 1, 1)",15.344548411991285,5.853480686947359e-05,42,42,3,
resnet50_no_weights,IMAGENET100,fp32_unfused,layer3.3.conv1,"(256, 1024, 1, 1)",13.800485722223918,5.2644675148864434e-05,43,43,3,
resnet50_no_weights,IMAGENET100,fp32_unfused,layer3.3.conv1,"(256, 1024, 1, 1)",12.086483510335286,4.610627559789767e-05,44,44,3,
resnet50_no_weights,IMAGENET100,fp32_unfused,layer3.3.conv1,"(256, 1024, 1, 1)",13.743839214850164,5.242858587207857e-05,"42,43,44",aggregate,3,1.6297709489216305
resnet50_no_weights,IMAGENET100,fp32_unfused,layer3.3.conv2,"(256, 256, 3, 3)",13.899640798568726,2.356574299887547e-05,42,42,3,
resnet50_no_weights,IMAGENET100,fp32_unfused,layer3.3.conv2,"(256, 256, 3, 3)",24.422646045684814,4.14066671510227e-05,43,43,3,
resnet50_no_weights,IMAGENET100,fp32_unfused,layer3.3.conv2,"(256, 256, 3, 3)",24.533915980656943,4.159531653621579e-05,44,44,3,
resnet50_no_weights,IMAGENET100,fp32_unfused,layer3.3.conv2,"(256, 256, 3, 3)",20.952067608303494,3.552257556203799e-05,"42,43,44",aggregate,3,6.1078341643831875
resnet50_no_weights,IMAGENET100,fp32_unfused,layer3.3.conv3,"(1024, 256, 1, 1)",21.02100788752238,8.018878130921318e-05,42,42,3,
resnet50_no_weights,IMAGENET100,fp32_unfused,layer3.3.conv3,"(1024, 256, 1, 1)",17.192260837554933,6.558327040693258e-05,43,43,3,
resnet50_no_weights,IMAGENET100,fp32_unfused,layer3.3.conv3,"(1024, 256, 1, 1)",23.49545520146688,8.962804871165038e-05,44,44,3,
resnet50_no_weights,IMAGENET100,fp32_unfused,layer3.3.conv3,"(1024, 256, 1, 1)",20.569574642181397,7.846670014259871e-05,"42,43,44",aggregate,3,3.17575326159986
resnet50_no_weights,IMAGENET100,fp32_unfused,layer3.4.conv1,"(256, 1024, 1, 1)",13.300984541575113,5.073922936086698e-05,42,42,3,
resnet50_no_weights,IMAGENET100,fp32_unfused,layer3.4.conv1,"(256, 1024, 1, 1)",16.11410125096639,6.147041798006588e-05,43,43,3,
resnet50_no_weights,IMAGENET100,fp32_unfused,layer3.4.conv1,"(256, 1024, 1, 1)",17.199330301845777,6.561023827303229e-05,44,44,3,
resnet50_no_weights,IMAGENET100,fp32_unfused,layer3.4.conv1,"(256, 1024, 1, 1)",15.538138698129092,5.9273295204655046e-05,"42,43,44",aggregate,3,2.0119827442993157
resnet50_no_weights,IMAGENET100,fp32_unfused,layer3.4.conv2,"(256, 256, 3, 3)",23.49564399719238,3.98350084045281e-05,42,42,3,
resnet50_no_weights,IMAGENET100,fp32_unfused,layer3.4.conv2,"(256, 256, 3, 3)",23.9770206451416,4.0651144485713705e-05,43,43,3,
resnet50_no_weights,IMAGENET100,fp32_unfused,layer3.4.conv2,"(256, 256, 3, 3)",32.80476586958941,5.561788918319602e-05,44,44,3,
resnet50_no_weights,IMAGENET100,fp32_unfused,layer3.4.conv2,"(256, 256, 3, 3)",26.759143503974464,4.5368014024479274e-05,"42,43,44",aggregate,3,5.241191964621736
resnet50_no_weights,IMAGENET100,fp32_unfused,layer3.4.conv3,"(1024, 256, 1, 1)",16.825530815124512,6.418430639314465e-05,42,42,3,
resnet50_no_weights,IMAGENET100,fp32_unfused,layer3.4.conv3,"(1024, 256, 1, 1)",16.182627058029176,6.173182318889304e-05,43,43,3,
resnet50_no_weights,IMAGENET100,fp32_unfused,layer3.4.conv3,"(1024, 256, 1, 1)",19.88904816309611,7.587069764364666e-05,44,44,3,
resnet50_no_weights,IMAGENET100,fp32_unfused,layer3.4.conv3,"(1024, 256, 1, 1)",17.632402012083265,6.726227574189478e-05,"42,43,44",aggregate,3,1.980573199450764
resnet50_no_weights,IMAGENET100,fp32_unfused,layer3.5.conv1,"(256, 1024, 1, 1)",27.500486644109092,0.00010490603120463979,42,42,3,
resnet50_no_weights,IMAGENET100,fp32_unfused,layer3.5.conv1,"(256, 1024, 1, 1)",29.024566818686093,0.00011071993567919194,43,43,3,
resnet50_no_weights,IMAGENET100,fp32_unfused,layer3.5.conv1,"(256, 1024, 1, 1)",27.014917612075806,0.00010305373234587023,44,44,3,
resnet50_no_weights,IMAGENET100,fp32_unfused,layer3.5.conv1,"(256, 1024, 1, 1)",27.846657024956997,0.00010622656640990065,"42,43,44",aggregate,3,1.0485933114604666
resnet50_no_weights,IMAGENET100,fp32_unfused,layer3.5.conv2,"(256, 256, 3, 3)",44.903857167561846,7.613094273471721e-05,42,42,3,
resnet50_no_weights,IMAGENET100,fp32_unfused,layer3.5.conv2,"(256, 256, 3, 3)",42.05364727973938,7.129863701670224e-05,43,43,3,
resnet50_no_weights,IMAGENET100,fp32_unfused,layer3.5.conv2,"(256, 256, 3, 3)",54.595096808213455,9.256167400481069e-05,44,44,3,
resnet50_no_weights,IMAGENET100,fp32_unfused,layer3.5.conv2,"(256, 256, 3, 3)",47.18420041850489,7.999708458541005e-05,"42,43,44",aggregate,3,6.574341265511457
resnet50_no_weights,IMAGENET100,fp32_unfused,layer3.5.conv3,"(1024, 256, 1, 1)",36.17007557551066,0.0001379778883953501,42,42,3,
resnet50_no_weights,IMAGENET100,fp32_unfused,layer3.5.conv3,"(1024, 256, 1, 1)",37.84818915316933,0.00014437938367145282,43,43,3,
resnet50_no_weights,IMAGENET100,fp32_unfused,layer3.5.conv3,"(1024, 256, 1, 1)",35.688892968495686,0.00013614232242010378,44,44,3,
resnet50_no_weights,IMAGENET100,fp32_unfused,layer3.5.conv3,"(1024, 256, 1, 1)",36.56905256572522,0.0001394998648289689,"42,43,44",aggregate,3,1.1335903062072485
resnet50_no_weights,IMAGENET100,fp32_unfused,layer4.0.conv1,"(512, 1024, 1, 1)",153.20719362894695,0.00029221953130521193,42,42,3,
resnet50_no_weights,IMAGENET100,fp32_unfused,layer4.0.conv1,"(512, 1024, 1, 1)",138.0613338470459,0.0002633310963574331,43,43,3,
resnet50_no_weights,IMAGENET100,fp32_unfused,layer4.0.conv1,"(512, 1024, 1, 1)",142.4861811319987,0.00027177082277679196,44,44,3,
resnet50_no_weights,IMAGENET100,fp32_unfused,layer4.0.conv1,"(512, 1024, 1, 1)",144.5849028693305,0.00027577381681314565,"42,43,44",aggregate,3,7.78798702048956
resnet50_no_weights,IMAGENET100,fp32_unfused,layer4.0.conv2,"(512, 512, 3, 3)",157.88908157348632,6.692211641671342e-05,42,42,3,
resnet50_no_weights,IMAGENET100,fp32_unfused,layer4.0.conv2,"(512, 512, 3, 3)",161.88128346410292,6.86142321540421e-05,43,43,3,
resnet50_no_weights,IMAGENET100,fp32_unfused,layer4.0.conv2,"(512, 512, 3, 3)",133.10063934326172,5.641540499507553e-05,44,44,3,
resnet50_no_weights,IMAGENET100,fp32_unfused,layer4.0.conv2,"(512, 512, 3, 3)",150.95700146028366,6.398391785527703e-05,"42,43,44",aggregate,3,15.592359347594666
resnet50_no_weights,IMAGENET100,fp32_unfused,layer4.0.conv3,"(2048, 512, 1, 1)",138.68816159566242,0.0001322633377033829,42,42,3,
resnet50_no_weights,IMAGENET100,fp32_unfused,layer4.0.conv3,"(2048, 512, 1, 1)",145.56544125874836,0.00013882202268481099,43,43,3,
resnet50_no_weights,IMAGENET100,fp32_unfused,layer4.0.conv3,"(2048, 512, 1, 1)",125.95359911237445,0.00012011871253240056,44,44,3,
resnet50_no_weights,IMAGENET100,fp32_unfused,layer4.0.conv3,"(2048, 512, 1, 1)",136.73573398892842,0.00013040135764019815,"42,43,44",aggregate,3,9.950631550973279
resnet50_no_weights,IMAGENET100,fp32_unfused,layer4.0.downsample.0,"(2048, 1024, 1, 1)",156.86693280537924,7.47999824549576e-05,42,42,3,
resnet50_no_weights,IMAGENET100,fp32_unfused,layer4.0.downsample.0,"(2048, 1024, 1, 1)",183.35722223917642,8.743153678854772e-05,43,43,3,
resnet50_no_weights,IMAGENET100,fp32_unfused,layer4.0.downsample.0,"(2048, 1024, 1, 1)",126.50269966125488,6.03211878114962e-05,44,44,3,
resnet50_no_weights,IMAGENET100,fp32_unfused,layer4.0.downsample.0,"(2048, 1024, 1, 1)",155.57561823527018,7.418423568500051e-05,"42,43,44",aggregate,3,28.44924962771566
resnet50_no_weights,IMAGENET100,fp32_unfused,layer4.1.conv1,"(512, 2048, 1, 1)",65.87617721557618,6.282441827352159e-05,42,42,3,
resnet50_no_weights,IMAGENET100,fp32_unfused,layer4.1.conv1,"(512, 2048, 1, 1)",82.34285978837447,7.852827051961371e-05,43,43,3,
resnet50_no_weights,IMAGENET100,fp32_unfused,layer4.1.conv1,"(512, 2048, 1, 1)",56.62594546442447,5.40027098316426e-05,44,44,3,
resnet50_no_weights,IMAGENET100,fp32_unfused,layer4.1.conv1,"(512, 2048, 1, 1)",68.28166082279171,6.51184662082593e-05,"42,43,44",aggregate,3,13.026115465662937
resnet50_no_weights,IMAGENET100,fp32_unfused,layer4.1.conv2,"(512, 512, 3, 3)",109.68605473836263,4.649101034306955e-05,42,42,3,
resnet50_no_weights,IMAGENET100,fp32_unfused,layer4.1.conv2,"(512, 512, 3, 3)",127.34074020385742,5.3974041495368714e-05,43,43,3,
resnet50_no_weights,IMAGENET100,fp32_unfused,layer4.1.conv2,"(512, 512, 3, 3)",151.04881553649903,6.402283373366421e-05,44,44,3,
resnet50_no_weights,IMAGENET100,fp32_unfused,layer4.1.conv2,"(512, 512, 3, 3)",129.35853682623969,5.482929519070082e-05,"42,43,44",aggregate,3,20.755074623280336
resnet50_no_weights,IMAGENET100,fp32_unfused,layer4.1.conv3,"(2048, 512, 1, 1)",111.23139762878418,0.00010607852709654253,42,42,3,
resnet50_no_weights,IMAGENET100,fp32_unfused,layer4.1.conv3,"(2048, 512, 1, 1)",113.1034720102946,0.00010786387635259113,43,43,3,
resnet50_no_weights,IMAGENET100,fp32_unfused,layer4.1.conv3,"(2048, 512, 1, 1)",120.49154535929362,0.00011490969215325701,44,44,3,
resnet50_no_weights,IMAGENET100,fp32_unfused,layer4.1.conv3,"(2048, 512, 1, 1)",114.9421383327908,0.0001096173652007969,"42,43,44",aggregate,3,4.8962336935471225
resnet50_no_weights,IMAGENET100,fp32_unfused,layer4.2.conv1,"(512, 2048, 1, 1)",269.9766082763672,0.0002574697573436424,42,42,3,
resnet50_no_weights,IMAGENET100,fp32_unfused,layer4.2.conv1,"(512, 2048, 1, 1)",243.53373018900552,0.00023225186365986397,43,43,3,
resnet50_no_weights,IMAGENET100,fp32_unfused,layer4.2.conv1,"(512, 2048, 1, 1)",227.18897018432617,0.00021666428583557717,44,44,3,
resnet50_no_weights,IMAGENET100,fp32_unfused,layer4.2.conv1,"(512, 2048, 1, 1)",246.89976954989962,0.00023546196894636118,"42,43,44",aggregate,3,21.591506642848856
resnet50_no_weights,IMAGENET100,fp32_unfused,layer4.2.conv2,"(512, 512, 3, 3)",184.25596194797092,7.809785713533652e-05,42,42,3,
resnet50_no_weights,IMAGENET100,fp32_unfused,layer4.2.conv2,"(512, 512, 3, 3)",196.53904965718587,8.330410836842255e-05,43,43,3,
resnet50_no_weights,IMAGENET100,fp32_unfused,layer4.2.conv2,"(512, 512, 3, 3)",236.14856321915337,0.0001000928087103752,44,44,3,
resnet50_no_weights,IMAGENET100,fp32_unfused,layer4.2.conv2,"(512, 512, 3, 3)",205.64785827477004,8.716492473804476e-05,"42,43,44",aggregate,3,27.118965918639187
resnet50_no_weights,IMAGENET100,fp32_unfused,layer4.2.conv3,"(2048, 512, 1, 1)",33.24767564137777,3.170745433938767e-05,42,42,3,
resnet50_no_weights,IMAGENET100,fp32_unfused,layer4.2.conv3,"(2048, 512, 1, 1)",36.67701816558838,3.497793022688711e-05,43,43,3,
resnet50_no_weights,IMAGENET100,fp32_unfused,layer4.2.conv3,"(2048, 512, 1, 1)",33.50306970932905,3.195101710255532e-05,44,44,3,
resnet50_no_weights,IMAGENET100,fp32_unfused,layer4.2.conv3,"(2048, 512, 1, 1)",34.475921172098396,3.28788005562767e-05,"42,43,44",aggregate,3,1.9104783467888744
resnet50_no_weights,IMAGENET100,fp32_unfused,fc,"(100, 2048)",6.186334578196208,3.020671180759867e-05,42,42,3,
resnet50_no_weights,IMAGENET100,fp32_unfused,fc,"(100, 2048)",5.146140213670401,2.5127637762062506e-05,43,43,3,
resnet50_no_weights,IMAGENET100,fp32_unfused,fc,"(100, 2048)",5.11125127474467,2.495728161496421e-05,44,44,3,
resnet50_no_weights,IMAGENET100,fp32_unfused,fc,"(100, 2048)",5.48124202220376,2.6763877061541796e-05,"42,43,44",aggregate,3,0.6108771921604321
resnet50_no_weights,IMAGENET100,fp32_fused,conv1,"(64, 3, 7, 7)",2357.513279215495,0.2505860203247763,42,42,3,
resnet50_no_weights,IMAGENET100,fp32_fused,conv1,"(64, 3, 7, 7)",2171.3787773980034,0.23080131562478778,43,43,3,
resnet50_no_weights,IMAGENET100,fp32_fused,conv1,"(64, 3, 7, 7)",3008.7916259765625,0.3198120350740394,44,44,3,
resnet50_no_weights,IMAGENET100,fp32_fused,conv1,"(64, 3, 7, 7)",2512.5612275300205,0.2670664570078678,"42,43,44",aggregate,3,439.71009705091143
resnet50_no_weights,IMAGENET100,fp32_fused,layer1.0.conv1,"(64, 64, 1, 1)",12.658477528889973,0.0030904486154516536,42,42,3,
resnet50_no_weights,IMAGENET100,fp32_fused,layer1.0.conv1,"(64, 64, 1, 1)",15.707411541658288,0.003834817270912668,43,43,3,
resnet50_no_weights,IMAGENET100,fp32_fused,layer1.0.conv1,"(64, 64, 1, 1)",15.390042130152384,0.0037573345044317344,44,44,3,
resnet50_no_weights,IMAGENET100,fp32_fused,layer1.0.conv1,"(64, 64, 1, 1)",14.58531040023355,0.003560866796932019,"42,43,44",aggregate,3,1.6762143423224538
resnet50_no_weights,IMAGENET100,fp32_fused,layer1.0.conv2,"(64, 64, 3, 3)",21.89185473124186,0.0005938545662771772,42,42,3,
resnet50_no_weights,IMAGENET100,fp32_fused,layer1.0.conv2,"(64, 64, 3, 3)",16.157500076293946,0.00043830024078488354,43,43,3,
resnet50_no_weights,IMAGENET100,fp32_fused,layer1.0.conv2,"(64, 64, 3, 3)",23.482651042938233,0.0006370076780310936,44,44,3,
resnet50_no_weights,IMAGENET100,fp32_fused,layer1.0.conv2,"(64, 64, 3, 3)",20.51066861682468,0.0005563874950310515,"42,43,44",aggregate,3,3.8529489333530695
resnet50_no_weights,IMAGENET100,fp32_fused,layer1.0.conv3,"(256, 64, 1, 1)",20.185446723302206,0.0012320218947328007,42,42,3,
resnet50_no_weights,IMAGENET100,fp32_fused,layer1.0.conv3,"(256, 64, 1, 1)",22.930392068007897,0.0013995600627446226,43,43,3,
resnet50_no_weights,IMAGENET100,fp32_fused,layer1.0.conv3,"(256, 64, 1, 1)",20.543649101257323,0.0012538848328404128,44,44,3,
resnet50_no_weights,IMAGENET100,fp32_fused,layer1.0.conv3,"(256, 64, 1, 1)",21.219829297522477,0.001295155596772612,"42,43,44",aggregate,3,1.4921782667366679
resnet50_no_weights,IMAGENET100,fp32_fused,layer1.0.downsample.0,"(256, 64, 1, 1)",19.515153392155966,0.001191110436532957,42,42,3,
resnet50_no_weights,IMAGENET100,fp32_fused,layer1.0.downsample.0,"(256, 64, 1, 1)",13.999780058860779,0.0008544787633582018,43,43,3,
resnet50_no_weights,IMAGENET100,fp32_fused,layer1.0.downsample.0,"(256, 64, 1, 1)",21.849688922657688,0.0013335991774083061,44,44,3,
resnet50_no_weights,IMAGENET100,fp32_fused,layer1.0.downsample.0,"(256, 64, 1, 1)",18.454874124558145,0.0011263961257664884,"42,43,44",aggregate,3,4.030931826073551
resnet50_no_weights,IMAGENET100,fp32_fused,layer1.1.conv1,"(64, 256, 1, 1)",7.231132034460703,0.0004413532735876894,42,42,3,
resnet50_no_weights,IMAGENET100,fp32_fused,layer1.1.conv1,"(64, 256, 1, 1)",8.173001571496327,0.0004988404279477739,43,43,3,
resnet50_no_weights,IMAGENET100,fp32_fused,layer1.1.conv1,"(64, 256, 1, 1)",6.1366605997085575,0.0003745520385564305,44,44,3,
resnet50_no_weights,IMAGENET100,fp32_fused,layer1.1.conv1,"(64, 256, 1, 1)",7.180264735221862,0.00043824858003063124,"42,43,44",aggregate,3,1.0191230298370653
resnet50_no_weights,IMAGENET100,fp32_fused,layer1.1.conv2,"(64, 64, 3, 3)",2.498737895144866,6.778260349242801e-05,42,42,3,
resnet50_no_weights,IMAGENET100,fp32_fused,layer1.1.conv2,"(64, 64, 3, 3)",2.346705683072408,6.365846579514996e-05,43,43,3,
resnet50_no_weights,IMAGENET100,fp32_fused,layer1.1.conv2,"(64, 64, 3, 3)",1.598396318157514,4.335927512363048e-05,44,44,3,
resnet50_no_weights,IMAGENET100,fp32_fused,layer1.1.conv2,"(64, 64, 3, 3)",2.1479466321249294,5.8266781470402814e-05,"42,43,44",aggregate,3,0.48195706143096895
resnet50_no_weights,IMAGENET100,fp32_fused,layer1.1.conv3,"(256, 64, 1, 1)",5.904622662067413,0.0003603895667765755,42,42,3,
resnet50_no_weights,IMAGENET100,fp32_fused,layer1.1.conv3,"(256, 64, 1, 1)",4.615787772337596,0.0002817253279014646,43,43,3,
resnet50_no_weights,IMAGENET100,fp32_fused,layer1.1.conv3,"(256, 64, 1, 1)",5.73223950607436,0.0003498681339156714,44,44,3,
resnet50_no_weights,IMAGENET100,fp32_fused,layer1.1.conv3,"(256, 64, 1, 1)",5.41754998015979,0.0003306610095312372,"42,43,44",aggregate,3,0.6996756152221331
resnet50_no_weights,IMAGENET100,fp32_fused,layer1.2.conv1,"(64, 256, 1, 1)",0.5235846936702728,3.195707358827349e-05,42,42,3,
resnet50_no_weights,IMAGENET100,fp32_fused,layer1.2.conv1,"(64, 256, 1, 1)",0.49225929255286854,3.0045122836478793e-05,43,43,3,
resnet50_no_weights,IMAGENET100,fp32_fused,layer1.2.conv1,"(64, 256, 1, 1)",0.41844918131828307,2.5540111164445988e-05,44,44,3,
resnet50_no_weights,IMAGENET100,fp32_fused,layer1.2.conv1,"(64, 256, 1, 1)",0.47809772251380817,2.9180769196399424e-05,"42,43,44",aggregate,3,0.053979454784735065
resnet50_no_weights,IMAGENET100,fp32_fused,layer1.2.conv2,"(64, 64, 3, 3)",0.09070430006831884,2.4605116120963227e-06,42,42,3,
resnet50_no_weights,IMAGENET100,fp32_fused,layer1.2.conv2,"(64, 64, 3, 3)",0.11598429928223292,3.1462754796612663e-06,43,43,3,
resnet50_no_weights,IMAGENET100,fp32_fused,layer1.2.conv2,"(64, 64, 3, 3)",0.14640486963714164,3.971486264028365e-06,44,44,3,
resnet50_no_weights,IMAGENET100,fp32_fused,layer1.2.conv2,"(64, 64, 3, 3)",0.1176978229958978,3.1927577852619846e-06,"42,43,44",aggregate,3,0.02788979177424575
resnet50_no_weights,IMAGENET100,fp32_fused,layer1.2.conv3,"(256, 64, 1, 1)",0.8097759038209915,4.942479881719919e-05,42,42,3,
resnet50_no_weights,IMAGENET100,fp32_fused,layer1.2.conv3,"(256, 64, 1, 1)",0.7074964225292206,4.3182154695387e-05,43,43,3,
resnet50_no_weights,IMAGENET100,fp32_fused,layer1.2.conv3,"(256, 64, 1, 1)",0.6326900894443194,3.861633846706051e-05,44,44,3,
resnet50_no_weights,IMAGENET100,fp32_fused,layer1.2.conv3,"(256, 64, 1, 1)",0.7166541385981772,4.37410973265489e-05,"42,43,44",aggregate,3,0.08889738036670156
resnet50_no_weights,IMAGENET100,fp32_fused,layer2.0.conv1,"(128, 256, 1, 1)",4.053547756238417,0.00012370446033442434,42,42,3,
resnet50_no_weights,IMAGENET100,fp32_fused,layer2.0.conv1,"(128, 256, 1, 1)",4.904510707855224,0.00014967378869187086,43,43,3,
resnet50_no_weights,IMAGENET100,fp32_fused,layer2.0.conv1,"(128, 256, 1, 1)",4.913488891389635,0.00014994778110930283,44,44,3,
resnet50_no_weights,IMAGENET100,fp32_fused,layer2.0.conv1,"(128, 256, 1, 1)",4.623849118494426,0.00014110867671186602,"42,43,44",aggregate,3,0.4939158681275474
resnet50_no_weights,IMAGENET100,fp32_fused,layer2.0.conv2,"(128, 128, 3, 3)",20.810515615675186,0.00014113034136064445,42,42,3,
resnet50_no_weights,IMAGENET100,fp32_fused,layer2.0.conv2,"(128, 128, 3, 3)",15.466601848602295,0.00010488960672066444,43,43,3,
resnet50_no_weights,IMAGENET100,fp32_fused,layer2.0.conv2,"(128, 128, 3, 3)",14.290398955345154,9.691297034603647e-05,44,44,3,
resnet50_no_weights,IMAGENET100,fp32_fused,layer2.0.conv2,"(128, 128, 3, 3)",16.855838806540877,0.0001143109728091151,"42,43,44",aggregate,3,3.4749769510106323
resnet50_no_weights,IMAGENET100,fp32_fused,layer2.0.conv3,"(512, 128, 1, 1)",19.707432174682616,0.0003007115505170077,42,42,3,
resnet50_no_weights,IMAGENET100,fp32_fused,layer2.0.conv3,"(512, 128, 1, 1)",21.15755285422007,0.0003228386360812389,43,43,3,
resnet50_no_weights,IMAGENET100,fp32_fused,layer2.0.conv3,"(512, 128, 1, 1)",22.10181711514791,0.0003372469652579942,44,44,3,
resnet50_no_weights,IMAGENET100,fp32_fused,layer2.0.conv3,"(512, 128, 1, 1)",20.988934048016866,0.0003202657172854136,"42,43,44",aggregate,3,1.2060655194208119
resnet50_no_weights,IMAGENET100,fp32_fused,layer2.0.downsample.0,"(512, 256, 1, 1)",33.09959345597487,0.00025252985729961295,42,42,3,
resnet50_no_weights,IMAGENET100,fp32_fused,layer2.0.downsample.0,"(512, 256, 1, 1)",28.53237829208374,0.00021768477090517991,43,43,3,
resnet50_no_weights,IMAGENET100,fp32_fused,layer2.0.downsample.0,"(512, 256, 1, 1)",32.647068073875026,0.0002490773626241686,44,44,3,
resnet50_no_weights,IMAGENET100,fp32_fused,layer2.0.downsample.0,"(512, 256, 1, 1)",31.426346607311213,0.00023976399694298716,"42,43,44",aggregate,3,2.5164427795037474
resnet50_no_weights,IMAGENET100,fp32_fused,layer2.1.conv1,"(128, 512, 1, 1)",18.678687461217244,0.0002850141519350776,42,42,3,
resnet50_no_weights,IMAGENET100,fp32_fused,layer2.1.conv1,"(128, 512, 1, 1)",12.294129260381062,0.00018759352509126377,43,43,3,
resnet50_no_weights,IMAGENET100,fp32_fused,layer2.1.conv1,"(128, 512, 1, 1)",19.008943684895833,0.000290053461988767,44,44,3,
resnet50_no_weights,IMAGENET100,fp32_fused,layer2.1.conv1,"(128, 512, 1, 1)",16.660586802164712,0.00025422037967170276,"42,43,44",aggregate,3,3.785066827873598
resnet50_no_weights,IMAGENET100,fp32_fused,layer2.1.conv2,"(128, 128, 3, 3)",17.511313025767986,0.0001187561918522677,42,42,3,
resnet50_no_weights,IMAGENET100,fp32_fused,layer2.1.conv2,"(128, 128, 3, 3)",21.261012705167136,0.00014418547027701236,43,43,3,
resnet50_no_weights,IMAGENET100,fp32_fused,layer2.1.conv2,"(128, 128, 3, 3)",21.936268377304078,0.00014876484088340982,44,44,3,
resnet50_no_weights,IMAGENET100,fp32_fused,layer2.1.conv2,"(128, 128, 3, 3)",20.236198036079735,0.00013723550100422997,"42,43,44",aggregate,3,2.383850099157771
resnet50_no_weights,IMAGENET100,fp32_fused,layer2.1.conv3,"(512, 128, 1, 1)",13.669030570983887,0.00020857285417150707,42,42,3,
resnet50_no_weights,IMAGENET100,fp32_fused,layer2.1.conv3,"(512, 128, 1, 1)",18.884318129221597,0.00028815182692293697,43,43,3,
resnet50_no_weights,IMAGENET100,fp32_fused,layer2.1.conv3,"(512, 128, 1, 1)",13.452071677554738,0.00020526232418143826,44,44,3,
resnet50_no_weights,IMAGENET100,fp32_fused,layer2.1.conv3,"(512, 128, 1, 1)",15.335140125920073,0.0002339956684252941,"42,43,44",aggregate,3,3.0755920023141954
resnet50_no_weights,IMAGENET100,fp32_fused,layer2.2.conv1,"(128, 512, 1, 1)",4.62333392013203,7.054647705279587e-05,42,42,3,
resnet50_no_weights,IMAGENET100,fp32_fused,layer2.2.conv1,"(128, 512, 1, 1)",4.886780887842178,7.456635876224027e-05,43,43,3,
resnet50_no_weights,IMAGENET100,fp32_fused,layer2.2.conv1,"(128, 512, 1, 1)",4.450457620620727,6.790859406464733e-05,44,44,3,
resnet50_no_weights,IMAGENET100,fp32_fused,layer2.2.conv1,"(128, 512, 1, 1)",4.6535241428649785,7.100714329322782e-05,"42,43,44",aggregate,3,0.21972274698173427
resnet50_no_weights,IMAGENET100,fp32_fused,layer2.2.conv2,"(128, 128, 3, 3)",12.585022536913554,8.534764632781002e-05,42,42,3,
resnet50_no_weights,IMAGENET100,fp32_fused,layer2.2.conv2,"(128, 128, 3, 3)",11.795551104204995,7.999370052222354e-05,43,43,3,
resnet50_no_weights,IMAGENET100,fp32_fused,layer2.2.conv2,"(128, 128, 3, 3)",13.174623727798462,8.934613530679296e-05,44,44,3,
resnet50_no_weights,IMAGENET100,fp32_fused,layer2.2.conv2,"(128, 128, 3, 3)",12.518399122972337,8.489582738560884e-05,"42,43,44",aggregate,3,0.6919460490169226
resnet50_no_weights,IMAGENET100,fp32_fused,layer2.2.conv3,"(512, 128, 1, 1)",24.69581894874573,0.00037682829206460157,42,42,3,
resnet50_no_weights,IMAGENET100,fp32_fused,layer2.2.conv3,"(512, 128, 1, 1)",19.887739594777425,0.00030346282340663796,43,43,3,
resnet50_no_weights,IMAGENET100,fp32_fused,layer2.2.conv3,"(512, 128, 1, 1)",18.020762348175047,0.00027497501141624523,44,44,3,
resnet50_no_weights,IMAGENET100,fp32_fused,layer2.2.conv3,"(512, 128, 1, 1)",20.8681069638994,0.00031842204229582825,"42,43,44",aggregate,3,3.44382567634236
resnet50_no_weights,IMAGENET100,fp32_fused,layer2.3.conv1,"(128, 512, 1, 1)",10.432081094154945,0.0001591809248986045,42,42,3,
resnet50_no_weights,IMAGENET100,fp32_fused,layer2.3.conv1,"(128, 512, 1, 1)",11.562723406155904,0.00017643315744256445,43,43,3,
resnet50_no_weights,IMAGENET100,fp32_fused,layer2.3.conv1,"(128, 512, 1, 1)",9.167371849219004,0.00013988299330473333,44,44,3,
resnet50_no_weights,IMAGENET100,fp32_fused,layer2.3.conv1,"(128, 512, 1, 1)",10.38739211650995,0.00015849902521530076,"42,43,44",aggregate,3,1.1983009216687701
resnet50_no_weights,IMAGENET100,fp32_fused,layer2.3.conv2,"(128, 128, 3, 3)",4.9825556635856625,3.379011816125259e-05,42,42,3,
resnet50_no_weights,IMAGENET100,fp32_fused,layer2.3.conv2,"(128, 128, 3, 3)",5.636498955885569,3.822495494171529e-05,43,43,3,
resnet50_no_weights,IMAGENET100,fp32_fused,layer2.3.conv2,"(128, 128, 3, 3)",5.6396942010947635,3.824662408511531e-05,44,44,3,
resnet50_no_weights,IMAGENET100,fp32_fused,layer2.3.conv2,"(128, 128, 3, 3)",5.419582940188665,3.6753899062694395e-05,"42,43,44",aggregate,3,0.37848009560512524
resnet50_no_weights,IMAGENET100,fp32_fused,layer2.3.conv3,"(512, 128, 1, 1)",7.090591083873402,0.00010819383367726749,42,42,3,
resnet50_no_weights,IMAGENET100,fp32_fused,layer2.3.conv3,"(512, 128, 1, 1)",10.16749898592631,0.00015514372231943221,43,43,3,
resnet50_no_weights,IMAGENET100,fp32_fused,layer2.3.conv3,"(512, 128, 1, 1)",11.811070434252422,0.00018022263235858798,44,44,3,
resnet50_no_weights,IMAGENET100,fp32_fused,layer2.3.conv3,"(512, 128, 1, 1)",9.689720168017377,0.00014785339611842922,"42,43,44",aggregate,3,2.3962336642052513
resnet50_no_weights,IMAGENET100,fp32_fused,layer3.0.conv1,"(256, 512, 1, 1)",45.42224640316434,0.000346544238305392,42,42,3,
resnet50_no_weights,IMAGENET100,fp32_fused,layer3.0.conv1,"(256, 512, 1, 1)",33.09365460077922,0.00025248454743026136,43,43,3,
resnet50_no_weights,IMAGENET100,fp32_fused,layer3.0.conv1,"(256, 512, 1, 1)",32.4703337987264,0.00024772898711186524,44,44,3,
resnet50_no_weights,IMAGENET100,fp32_fused,layer3.0.conv1,"(256, 512, 1, 1)",36.99541160088999,0.0002822525909491729,"42,43,44",aggregate,3,7.304504828815202
resnet50_no_weights,IMAGENET100,fp32_fused,layer3.0.conv2,"(256, 256, 3, 3)",25.193253326416016,4.271317092287872e-05,42,42,3,
resnet50_no_weights,IMAGENET100,fp32_fused,layer3.0.conv2,"(256, 256, 3, 3)",26.63964900970459,4.516542054867993e-05,43,43,3,
resnet50_no_weights,IMAGENET100,fp32_fused,layer3.0.conv2,"(256, 256, 3, 3)",24.04489959081014,4.0766227876129386e-05,44,44,3,
resnet50_no_weights,IMAGENET100,fp32_fused,layer3.0.conv2,"(256, 256, 3, 3)",25.292600642310248,4.288160644922934e-05,"42,43,44",aggregate,3,1.3002244243186694
resnet50_no_weights,IMAGENET100,fp32_fused,layer3.0.conv3,"(1024, 256, 1, 1)",70.26283372243246,0.00026803143967602715,42,42,3,
resnet50_no_weights,IMAGENET100,fp32_fused,layer3.0.conv3,"(1024, 256, 1, 1)",46.943565567334495,0.0001790754912083988,43,43,3,
resnet50_no_weights,IMAGENET100,fp32_fused,layer3.0.conv3,"(1024, 256, 1, 1)",57.41189200083415,0.00021900898742993984,44,44,3,
resnet50_no_weights,IMAGENET100,fp32_fused,layer3.0.conv3,"(1024, 256, 1, 1)",58.20609709686703,0.00022203863943812192,"42,43,44",aggregate,3,11.679903172683623
resnet50_no_weights,IMAGENET100,fp32_fused,layer3.0.downsample.0,"(1024, 512, 1, 1)",28.930162702287948,5.51799062772521e-05,42,42,3,
resnet50_no_weights,IMAGENET100,fp32_fused,layer3.0.downsample.0,"(1024, 512, 1, 1)",27.086922105153402,5.1664203844363026e-05,43,43,3,
resnet50_no_weights,IMAGENET100,fp32_fused,layer3.0.downsample.0,"(1024, 512, 1, 1)",26.48747138977051,5.052084234193899e-05,44,44,3,
resnet50_no_weights,IMAGENET100,fp32_fused,layer3.0.downsample.0,"(1024, 512, 1, 1)",27.50151873240395,5.2454984154518035e-05,"42,43,44",aggregate,3,1.27302905880333
resnet50_no_weights,IMAGENET100,fp32_fused,layer3.1.conv1,"(256, 1024, 1, 1)",10.784529245816744,4.1139714225069976e-05,42,42,3,
resnet50_no_weights,IMAGENET100,fp32_fused,layer3.1.conv1,"(256, 1024, 1, 1)",12.37722057501475,4.721534948354626e-05,43,43,3,
resnet50_no_weights,IMAGENET100,fp32_fused,layer3.1.conv1,"(256, 1024, 1, 1)",11.433922727902731,4.361695376549809e-05,44,44,3,
resnet50_no_weights,IMAGENET100,fp32_fused,layer3.1.conv1,"(256, 1024, 1, 1)",11.531890849578074,4.399067249137144e-05,"42,43,44",aggregate,3,0.8008525033825356
resnet50_no_weights,IMAGENET100,fp32_fused,layer3.1.conv2,"(256, 256, 3, 3)",8.45087221066157,1.4327786272958663e-05,42,42,3,
resnet50_no_weights,IMAGENET100,fp32_fused,layer3.1.conv2,"(256, 256, 3, 3)",6.659363999962807,1.1290425618426525e-05,43,43,3,
resnet50_no_weights,IMAGENET100,fp32_fused,layer3.1.conv2,"(256, 256, 3, 3)",7.067097479646856,1.1981705525117418e-05,44,44,3,
resnet50_no_weights,IMAGENET100,fp32_fused,layer3.1.conv2,"(256, 256, 3, 3)",7.392444563423744,1.2533305805500868e-05,"42,43,44",aggregate,3,0.9390226093880092
resnet50_no_weights,IMAGENET100,fp32_fused,layer3.1.conv3,"(1024, 256, 1, 1)",25.87819570965237,9.87174824129195e-05,42,42,3,
resnet50_no_weights,IMAGENET100,fp32_fused,layer3.1.conv3,"(1024, 256, 1, 1)",23.00373371442159,8.775228009956966e-05,43,43,3,
resnet50_no_weights,IMAGENET100,fp32_fused,layer3.1.conv3,"(1024, 256, 1, 1)",24.31383760770162,9.274992983894965e-05,44,44,3,
resnet50_no_weights,IMAGENET100,fp32_fused,layer3.1.conv3,"(1024, 256, 1, 1)",24.39858901059186,9.307323078381294e-05,"42,43,44",aggregate,3,1.4391039019908984
resnet50_no_weights,IMAGENET100,fp32_fused,layer3.2.conv1,"(256, 1024, 1, 1)",8.391438070933024,3.201079586384973e-05,42,42,3,
resnet50_no_weights,IMAGENET100,fp32_fused,layer3.2.conv1,"(256, 1024, 1, 1)",10.596707413593927,4.042323079526492e-05,43,43,3,
resnet50_no_weights,IMAGENET100,fp32_fused,layer3.2.conv1,"(256, 1024, 1, 1)",8.76093414624532,3.342031153200272e-05,44,44,3,
resnet50_no_weights,IMAGENET100,fp32_fused,layer3.2.conv1,"(256, 1024, 1, 1)",9.249693210257425,3.5284779397039126e-05,"42,43,44",aggregate,3,1.1810873318305062
resnet50_no_weights,IMAGENET100,fp32_fused,layer3.2.conv2,"(256, 256, 3, 3)",10.36008725563685,1.7564709566984135e-05,42,42,3,
resnet50_no_weights,IMAGENET100,fp32_fused,layer3.2.conv2,"(256, 256, 3, 3)",7.830010461807251,1.3275164221542783e-05,43,43,3,
resnet50_no_weights,IMAGENET100,fp32_fused,layer3.2.conv2,"(256, 256, 3, 3)",6.179007246576506,1.0476018687907759e-05,44,44,3,
resnet50_no_weights,IMAGENET100,fp32_fused,layer3.2.conv2,"(256, 256, 3, 3)",8.12303498800687,1.377196415881156e-05,"42,43,44",aggregate,3,2.1058858089309815
resnet50_no_weights,IMAGENET100,fp32_fused,layer3.2.conv3,"(1024, 256, 1, 1)",14.973554909229279,5.7119578968922724e-05,42,42,3,
resnet50_no_weights,IMAGENET100,fp32_fused,layer3.2.conv3,"(1024, 256, 1, 1)",20.399383068084717,7.781747081025969e-05,43,43,3,
resnet50_no_weights,IMAGENET100,fp32_fused,layer3.2.conv3,"(1024, 256, 1, 1)",17.969812468478555,6.854939448729917e-05,44,44,3,
resnet50_no_weights,IMAGENET100,fp32_fused,layer3.2.conv3,"(1024, 256, 1, 1)",17.780916815264185,6.782881475549387e-05,"42,43,44",aggregate,3,2.7178417868245406
resnet50_no_weights,IMAGENET100,fp32_fused,layer3.3.conv1,"(256, 1024, 1, 1)",8.331960678100586,3.1783907616045326e-05,42,42,3,
resnet50_no_weights,IMAGENET100,fp32_fused,layer3.3.conv1,"(256, 1024, 1, 1)",7.655845787790087,2.9204733992729518e-05,43,43,3,
resnet50_no_weights,IMAGENET100,fp32_fused,layer3.3.conv1,"(256, 1024, 1, 1)",7.907739027341207,3.01656304448746e-05,44,44,3,
resnet50_no_weights,IMAGENET100,fp32_fused,layer3.3.conv1,"(256, 1024, 1, 1)",7.9651818310772935,3.0384757351216482e-05,"42,43,44",aggregate,3,0.3416981021321182
resnet50_no_weights,IMAGENET100,fp32_fused,layer3.3.conv2,"(256, 256, 3, 3)",5.2770507055170395,8.94682262084459e-06,42,42,3,
resnet50_no_weights,IMAGENET100,fp32_fused,layer3.3.conv2,"(256, 256, 3, 3)",6.278866473366232,1.064532211874429e-05,43,43,3,
resnet50_no_weights,IMAGENET100,fp32_fused,layer3.3.conv2,"(256, 256, 3, 3)",6.0636546532313025,1.028044747794478e-05,44,44,3,
resnet50_no_weights,IMAGENET100,fp32_fused,layer3.3.conv2,"(256, 256, 3, 3)",5.873190610704858,9.957530739177887e-06,"42,43,44",aggregate,3,0.5273671603346698
resnet50_no_weights,IMAGENET100,fp32_fused,layer3.3.conv3,"(1024, 256, 1, 1)",17.158923371632895,6.545609806683691e-05,42,42,3,
resnet50_no_weights,IMAGENET100,fp32_fused,layer3.3.conv3,"(1024, 256, 1, 1)",16.93095610936483,6.45864719748109e-05,43,43,3,
resnet50_no_weights,IMAGENET100,fp32_fused,layer3.3.conv3,"(1024, 256, 1, 1)",21.4891668399175,8.197466598479272e-05,44,44,3,
resnet50_no_weights,IMAGENET100,fp32_fused,layer3.3.conv3,"(1024, 256, 1, 1)",18.526348773638407,7.06724120088135e-05,"42,43,44",aggregate,3,2.5684062059123045
resnet50_no_weights,IMAGENET100,fp32_fused,layer3.4.conv1,"(256, 1024, 1, 1)",8.778042260805766,3.348557380983645e-05,42,42,3,
resnet50_no_weights,IMAGENET100,fp32_fused,layer3.4.conv1,"(256, 1024, 1, 1)",7.620099989573161,2.9068374594013828e-05,43,43,3,
resnet50_no_weights,IMAGENET100,fp32_fused,layer3.4.conv1,"(256, 1024, 1, 1)",8.309492099285126,3.169819678987551e-05,44,44,3,
resnet50_no_weights,IMAGENET100,fp32_fused,layer3.4.conv1,"(256, 1024, 1, 1)",8.235878116554684,3.141738173124193e-05,"42,43,44",aggregate,3,0.5824704625274222
resnet50_no_weights,IMAGENET100,fp32_fused,layer3.4.conv2,"(256, 256, 3, 3)",4.067477591832479,6.896086954468586e-06,42,42,3,
resnet50_no_weights,IMAGENET100,fp32_fused,layer3.4.conv2,"(256, 256, 3, 3)",4.086440936378811,6.928237807174361e-06,43,43,3,
resnet50_no_weights,IMAGENET100,fp32_fused,layer3.4.conv2,"(256, 256, 3, 3)",3.7572765085432263,6.370165521483063e-06,44,44,3,
resnet50_no_weights,IMAGENET100,fp32_fused,layer3.4.conv2,"(256, 256, 3, 3)",3.970398345584839,6.731496761042004e-06,"42,43,44",aggregate,3,0.1848123106751534
resnet50_no_weights,IMAGENET100,fp32_fused,layer3.4.conv3,"(1024, 256, 1, 1)",19.50181399981181,7.439351653980945e-05,42,42,3,
resnet50_no_weights,IMAGENET100,fp32_fused,layer3.4.conv3,"(1024, 256, 1, 1)",19.82656415303548,7.563234006132309e-05,43,43,3,
resnet50_no_weights,IMAGENET100,fp32_fused,layer3.4.conv3,"(1024, 256, 1, 1)",18.850192070007324,7.1907776145963e-05,44,44,3,
resnet50_no_weights,IMAGENET100,fp32_fused,layer3.4.conv3,"(1024, 256, 1, 1)",19.392856740951537,7.397787758236518e-05,"42,43,44",aggregate,3,0.497221655122686
resnet50_no_weights,IMAGENET100,fp32_fused,layer3.5.conv1,"(256, 1024, 1, 1)",9.166512587974811,3.4967470504664654e-05,42,42,3,
resnet50_no_weights,IMAGENET100,fp32_fused,layer3.5.conv1,"(256, 1024, 1, 1)",10.7835493179468,4.113597609690399e-05,43,43,3,
resnet50_no_weights,IMAGENET100,fp32_fused,layer3.5.conv1,"(256, 1024, 1, 1)",9.194326249758403,3.507357120421754e-05,44,44,3,
resnet50_no_weights,IMAGENET100,fp32_fused,layer3.5.conv1,"(256, 1024, 1, 1)",9.714796051893337,3.705900593526206e-05,"42,43,44",aggregate,3,0.925671949299756
resnet50_no_weights,IMAGENET100,fp32_fused,layer3.5.conv2,"(256, 256, 3, 3)",12.427860021591187,2.1070454951970736e-05,42,42,3,
resnet50_no_weights,IMAGENET100,fp32_fused,layer3.5.conv2,"(256, 256, 3, 3)",13.187462394887751,2.2358300772582586e-05,43,43,3,
resnet50_no_weights,IMAGENET100,fp32_fused,layer3.5.conv2,"(256, 256, 3, 3)",14.316265424092611,2.4272097140999028e-05,44,44,3,
resnet50_no_weights,IMAGENET100,fp32_fused,layer3.5.conv2,"(256, 256, 3, 3)",13.310529280190517,2.256695095518412e-05,"42,43,44",aggregate,3,0.9501988395818715
resnet50_no_weights,IMAGENET100,fp32_fused,layer3.5.conv3,"(1024, 256, 1, 1)",28.013367153349378,0.00010686251508083106,42,42,3,
resnet50_no_weights,IMAGENET100,fp32_fused,layer3.5.conv3,"(1024, 256, 1, 1)",31.168599128723145,0.00011889876986970194,43,43,3,
resnet50_no_weights,IMAGENET100,fp32_fused,layer3.5.conv3,"(1024, 256, 1, 1)",35.68922594615391,0.00013614359262906613,44,44,3,
resnet50_no_weights,IMAGENET100,fp32_fused,layer3.5.conv3,"(1024, 256, 1, 1)",31.623730742742143,0.0001206349591931997,"42,43,44",aggregate,3,3.858116203709826
resnet50_no_weights,IMAGENET100,fp32_fused,layer4.0.conv1,"(512, 1024, 1, 1)",26.987867486887964,5.147527215364068e-05,42,42,3,
resnet50_no_weights,IMAGENET100,fp32_fused,layer4.0.conv1,"(512, 1024, 1, 1)",33.163796997070314,6.325492286123336e-05,43,43,3,
resnet50_no_weights,IMAGENET100,fp32_fused,layer4.0.conv1,"(512, 1024, 1, 1)",30.78798786799113,5.872342656706072e-05,44,44,3,
resnet50_no_weights,IMAGENET100,fp32_fused,layer4.0.conv1,"(512, 1024, 1, 1)",30.3132174506498,5.7817873860644916e-05,"42,43,44",aggregate,3,3.115217735660245
resnet50_no_weights,IMAGENET100,fp32_fused,layer4.0.conv2,"(512, 512, 3, 3)",43.92847967147827,1.861931680953906e-05,42,42,3,
resnet50_no_weights,IMAGENET100,fp32_fused,layer4.0.conv2,"(512, 512, 3, 3)",45.584610811869304,1.9321276690957516e-05,43,43,3,
resnet50_no_weights,IMAGENET100,fp32_fused,layer4.0.conv2,"(512, 512, 3, 3)",37.69918441772461,1.597899730162074e-05,44,44,3,
resnet50_no_weights,IMAGENET100,fp32_fused,layer4.0.conv2,"(512, 512, 3, 3)",42.404091633690726,1.7973196934039106e-05,"42,43,44",aggregate,3,4.157860810763243
resnet50_no_weights,IMAGENET100,fp32_fused,layer4.0.conv3,"(2048, 512, 1, 1)",157.10333124796549,0.00014982541203304814,42,42,3,
resnet50_no_weights,IMAGENET100,fp32_fused,layer4.0.conv3,"(2048, 512, 1, 1)",147.15333239237467,0.0001403363536761996,43,43,3,
resnet50_no_weights,IMAGENET100,fp32_fused,layer4.0.conv3,"(2048, 512, 1, 1)",168.063764444987,0.000160278095669734,44,44,3,
resnet50_no_weights,IMAGENET100,fp32_fused,layer4.0.conv3,"(2048, 512, 1, 1)",157.44014269510905,0.00015014662045966057,"42,43,44",aggregate,3,10.459284087351504
resnet50_no_weights,IMAGENET100,fp32_fused,layer4.0.downsample.0,"(2048, 1024, 1, 1)",27.127890872955323,1.2935586391904508e-05,42,42,3,
resnet50_no_weights,IMAGENET100,fp32_fused,layer4.0.downsample.0,"(2048, 1024, 1, 1)",21.203149695145456,1.0110449645588615e-05,43,43,3,
resnet50_no_weights,IMAGENET100,fp32_fused,layer4.0.downsample.0,"(2048, 1024, 1, 1)",27.9285426457723,1.331736690796485e-05,44,44,3,
resnet50_no_weights,IMAGENET100,fp32_fused,layer4.0.downsample.0,"(2048, 1024, 1, 1)",25.419861071291027,1.2121134315152658e-05,"42,43,44",aggregate,3,3.6736564806219083
resnet50_no_weights,IMAGENET100,fp32_fused,layer4.1.conv1,"(512, 2048, 1, 1)",13.629674291610717,1.299827031289169e-05,42,42,3,
resnet50_no_weights,IMAGENET100,fp32_fused,layer4.1.conv1,"(512, 2048, 1, 1)",13.36310555934906,1.2744050559376774e-05,43,43,3,
resnet50_no_weights,IMAGENET100,fp32_fused,layer4.1.conv1,"(512, 2048, 1, 1)",15.986337820688883,1.524575979298485e-05,44,44,3,
resnet50_no_weights,IMAGENET100,fp32_fused,layer4.1.conv1,"(512, 2048, 1, 1)",14.32637255721622,1.3662693555084439e-05,"42,43,44",aggregate,3,1.443737590148153
resnet50_no_weights,IMAGENET100,fp32_fused,layer4.1.conv2,"(512, 512, 3, 3)",32.913034439086914,1.3950362497578479e-05,42,42,3,
resnet50_no_weights,IMAGENET100,fp32_fused,layer4.1.conv2,"(512, 512, 3, 3)",40.45261328560965,1.7146052587555633e-05,43,43,3,
resnet50_no_weights,IMAGENET100,fp32_fused,layer4.1.conv2,"(512, 512, 3, 3)",37.96354731646451,1.6091048904615833e-05,44,44,3,
resnet50_no_weights,IMAGENET100,fp32_fused,layer4.1.conv2,"(512, 512, 3, 3)",37.10973168038703,1.5729154663249982e-05,"42,43,44",aggregate,3,3.8416224633663685
resnet50_no_weights,IMAGENET100,fp32_fused,layer4.1.conv3,"(2048, 512, 1, 1)",120.47108402252198,0.00011489017870189855,42,42,3,
resnet50_no_weights,IMAGENET100,fp32_fused,layer4.1.conv3,"(2048, 512, 1, 1)",118.2211742401123,0.00011274449752818327,43,43,3,
resnet50_no_weights,IMAGENET100,fp32_fused,layer4.1.conv3,"(2048, 512, 1, 1)",118.46964247330375,0.0001129814553006208,44,44,3,
resnet50_no_weights,IMAGENET100,fp32_fused,layer4.1.conv3,"(2048, 512, 1, 1)",119.05396691197934,0.00011353871051023421,"42,43,44",aggregate,3,1.2335314322994966
resnet50_no_weights,IMAGENET100,fp32_fused,layer4.2.conv1,"(512, 2048, 1, 1)",25.84839061101278,2.4650946246159342e-05,42,42,3,
resnet50_no_weights,IMAGENET100,fp32_fused,layer4.2.conv1,"(512, 2048, 1, 1)",22.642220497131348,2.159330415452132e-05,43,43,3,
resnet50_no_weights,IMAGENET100,fp32_fused,layer4.2.conv1,"(512, 2048, 1, 1)",21.52989845275879,2.053251118923072e-05,44,44,3,
resnet50_no_weights,IMAGENET100,fp32_fused,layer4.2.conv1,"(512, 2048, 1, 1)",23.340169853634304,2.225892052997046e-05,"42,43,44",aggregate,3,2.2422519056536596
resnet50_no_weights,IMAGENET100,fp32_fused,layer4.2.conv2,"(512, 512, 3, 3)",28.68863697052002,1.2159829445105667e-05,42,42,3,
resnet50_no_weights,IMAGENET100,fp32_fused,layer4.2.conv2,"(512, 512, 3, 3)",25.695406929651895,1.0891133172629418e-05,43,43,3,
resnet50_no_weights,IMAGENET100,fp32_fused,layer4.2.conv2,"(512, 512, 3, 3)",24.76226847966512,1.049561754000563e-05,44,44,3,
resnet50_no_weights,IMAGENET100,fp32_fused,layer4.2.conv2,"(512, 512, 3, 3)",26.382104126612344,1.1182193385913571e-05,"42,43,44",aggregate,3,2.051281833812591
resnet50_no_weights,IMAGENET100,fp32_fused,layer4.2.conv3,"(2048, 512, 1, 1)",35.37577425638835,3.3736967331302974e-05,42,42,3,
resnet50_no_weights,IMAGENET100,fp32_fused,layer4.2.conv3,"(2048, 512, 1, 1)",39.592772483825684,3.7758610233140644e-05,43,43,3,
resnet50_no_weights,IMAGENET100,fp32_fused,layer4.2.conv3,"(2048, 512, 1, 1)",41.172599933765554,3.926525109650188e-05,44,44,3,
resnet50_no_weights,IMAGENET100,fp32_fused,layer4.2.conv3,"(2048, 512, 1, 1)",38.7137155579932,3.692027622031517e-05,"42,43,44",aggregate,3,2.9967236763865097
resnet50_no_weights,IMAGENET100,fp32_fused,fc,"(100, 2048)",6.506754287083944,3.177126116740207e-05,42,42,3,
resnet50_no_weights,IMAGENET100,fp32_fused,fc,"(100, 2048)",7.291948215166728,3.5605215894368784e-05,43,43,3,
resnet50_no_weights,IMAGENET100,fp32_fused,fc,"(100, 2048)",6.39740510781606,3.123732962800811e-05,44,44,3,
resnet50_no_weights,IMAGENET100,fp32_fused,fc,"(100, 2048)",6.732035870022244,3.287126889659299e-05,"42,43,44",aggregate,3,0.4879709893380308
resnet50_no_weights,IMAGENET100,ptq,conv1,"(64, 3, 7, 7)",4579.506046549479,0.48676722433561637,42,42,3,
resnet50_no_weights,IMAGENET100,ptq,conv1,"(64, 3, 7, 7)",3843.4142456054688,0.40852617406520714,43,43,3,
resnet50_no_weights,IMAGENET100,ptq,conv1,"(64, 3, 7, 7)",6300.838645652489,0.669731998900137,44,44,3,
resnet50_no_weights,IMAGENET100,ptq,conv1,"(64, 3, 7, 7)",4907.919645935812,0.5216751324336535,"42,43,44",aggregate,3,1261.199940407162
resnet50_no_weights,IMAGENET100,ptq,layer1.0.conv1,"(64, 64, 1, 1)",54.925776958465576,0.013409613515250385,42,42,3,
resnet50_no_weights,IMAGENET100,ptq,layer1.0.conv1,"(64, 64, 1, 1)",53.95374905268351,0.01317230201481531,43,43,3,
resnet50_no_weights,IMAGENET100,ptq,layer1.0.conv1,"(64, 64, 1, 1)",55.366755898793535,0.01351727438935389,44,44,3,
resnet50_no_weights,IMAGENET100,ptq,layer1.0.conv1,"(64, 64, 1, 1)",54.74876063664754,0.013366396639806528,"42,43,44",aggregate,3,0.7229440991051366
resnet50_no_weights,IMAGENET100,ptq,layer1.0.conv2,"(64, 64, 3, 3)",65.67666581471761,0.0017815935822134768,42,42,3,
resnet50_no_weights,IMAGENET100,ptq,layer1.0.conv2,"(64, 64, 3, 3)",61.799271710713704,0.0016764125355553847,43,43,3,
resnet50_no_weights,IMAGENET100,ptq,layer1.0.conv2,"(64, 64, 3, 3)",69.0375200589498,0.0018727625884046712,44,44,3,
resnet50_no_weights,IMAGENET100,ptq,layer1.0.conv2,"(64, 64, 3, 3)",65.50448586146037,0.0017769229020578442,"42,43,44",aggregate,3,3.622194671730576
resnet50_no_weights,IMAGENET100,ptq,layer1.0.conv3,"(256, 64, 1, 1)",58.5979585647583,0.0035765355569310486,42,42,3,
resnet50_no_weights,IMAGENET100,ptq,layer1.0.conv3,"(256, 64, 1, 1)",51.49454908017759,0.003142977849131933,43,43,3,
resnet50_no_weights,IMAGENET100,ptq,layer1.0.conv3,"(256, 64, 1, 1)",46.074554204940796,0.002812167615047656,44,44,3,
resnet50_no_weights,IMAGENET100,ptq,layer1.0.conv3,"(256, 64, 1, 1)",52.05568728329223,0.0031772270070368792,"42,43,44",aggregate,3,6.280531128186538
resnet50_no_weights,IMAGENET100,ptq,layer1.0.downsample.0,"(256, 64, 1, 1)",40.15509678522746,0.0024508726065202305,42,42,3,
resnet50_no_weights,IMAGENET100,ptq,layer1.0.downsample.0,"(256, 64, 1, 1)",40.32674757639567,0.0024613493393796184,43,43,3,
resnet50_no_weights,IMAGENET100,ptq,layer1.0.downsample.0,"(256, 64, 1, 1)",42.98509635925293,0.0026236020727083086,44,44,3,
resnet50_no_weights,IMAGENET100,ptq,layer1.0.downsample.0,"(256, 64, 1, 1)",41.15564690695869,0.0025119413395360527,"42,43,44",aggregate,3,1.586672610339622
resnet50_no_weights,IMAGENET100,ptq,layer1.1.conv1,"(64, 256, 1, 1)",12.597441609700521,0.0007688868169983228,42,42,3,
resnet50_no_weights,IMAGENET100,ptq,layer1.1.conv1,"(64, 256, 1, 1)",15.4103462100029,0.0009405728887941223,43,43,3,
resnet50_no_weights,IMAGENET100,ptq,layer1.1.conv1,"(64, 256, 1, 1)",11.617491229375203,0.0007090753924179201,44,44,3,
resnet50_no_weights,IMAGENET100,ptq,layer1.1.conv1,"(64, 256, 1, 1)",13.208426349692875,0.0008061783660701218,"42,43,44",aggregate,3,1.9688610896647136
resnet50_no_weights,IMAGENET100,ptq,layer1.1.conv2,"(64, 64, 3, 3)",3.8356500595808027,0.00010404866698081604,42,42,3,
resnet50_no_weights,IMAGENET100,ptq,layer1.1.conv2,"(64, 64, 3, 3)",4.80023603439331,0.0001302147361760338,43,43,3,
resnet50_no_weights,IMAGENET100,ptq,layer1.1.conv2,"(64, 64, 3, 3)",3.2859537839889525,8.913720117157531e-05,44,44,3,
resnet50_no_weights,IMAGENET100,ptq,layer1.1.conv2,"(64, 64, 3, 3)",3.9739466259876886,0.00010780020144280839,"42,43,44",aggregate,3,0.766555372221976
resnet50_no_weights,IMAGENET100,ptq,layer1.1.conv3,"(256, 64, 1, 1)",10.603541962305705,0.0006471888404727603,42,42,3,
resnet50_no_weights,IMAGENET100,ptq,layer1.1.conv3,"(256, 64, 1, 1)",9.165025146802266,0.0005593887418702555,43,43,3,
resnet50_no_weights,IMAGENET100,ptq,layer1.1.conv3,"(256, 64, 1, 1)",10.720897381955927,0.000654351646847896,44,44,3,
resnet50_no_weights,IMAGENET100,ptq,layer1.1.conv3,"(256, 64, 1, 1)",10.163154830354634,0.0006203097430636373,"42,43,44",aggregate,3,0.8663949575808833
resnet50_no_weights,IMAGENET100,ptq,layer1.2.conv1,"(64, 256, 1, 1)",1.4624540289243062,8.926111016383705e-05,42,42,3,
resnet50_no_weights,IMAGENET100,ptq,layer1.2.conv1,"(64, 256, 1, 1)",1.6428264637788137,0.00010027016990837486,43,43,3,
resnet50_no_weights,IMAGENET100,ptq,layer1.2.conv1,"(64, 256, 1, 1)",1.3324984153111776,8.132924898139512e-05,44,44,3,
resnet50_no_weights,IMAGENET100,ptq,layer1.2.conv1,"(64, 256, 1, 1)",1.4792596360047658,9.028684301786901e-05,"42,43,44",aggregate,3,0.1558451017467022
resnet50_no_weights,IMAGENET100,ptq,layer1.2.conv2,"(64, 64, 3, 3)",0.3674228545278311,9.96698281596764e-06,42,42,3,
resnet50_no_weights,IMAGENET100,ptq,layer1.2.conv2,"(64, 64, 3, 3)",0.5454010528326034,1.4794950434912202e-05,43,43,3,
resnet50_no_weights,IMAGENET100,ptq,layer1.2.conv2,"(64, 64, 3, 3)",0.7067164185146491,1.9170909790436443e-05,44,44,3,
resnet50_no_weights,IMAGENET100,ptq,layer1.2.conv2,"(64, 64, 3, 3)",0.5398467752916946,1.4644281013772096e-05,"42,43,44",aggregate,3,0.16971496144998627
resnet50_no_weights,IMAGENET100,ptq,layer1.2.conv3,"(256, 64, 1, 1)",1.703246022462845,0.00010395788711321075,42,42,3,
resnet50_no_weights,IMAGENET100,ptq,layer1.2.conv3,"(256, 64, 1, 1)",1.1651876223714728,7.111740859200884e-05,43,43,3,
resnet50_no_weights,IMAGENET100,ptq,layer1.2.conv3,"(256, 64, 1, 1)",1.5458184338751293,9.434926964569881e-05,44,44,3,
resnet50_no_weights,IMAGENET100,ptq,layer1.2.conv3,"(256, 64, 1, 1)",1.4714173595698157,8.980818845030613e-05,"42,43,44",aggregate,3,0.27663757946193857
resnet50_no_weights,IMAGENET100,ptq,layer2.0.conv1,"(128, 256, 1, 1)",7.721332542101542,0.00023563636908268865,42,42,3,
resnet50_no_weights,IMAGENET100,ptq,layer2.0.conv1,"(128, 256, 1, 1)",8.80854373142637,0.0002688154214912833,43,43,3,
resnet50_no_weights,IMAGENET100,ptq,layer2.0.conv1,"(128, 256, 1, 1)",7.644546344876289,0.00023329304030994535,44,44,3,
resnet50_no_weights,IMAGENET100,ptq,layer2.0.conv1,"(128, 256, 1, 1)",8.0581408728014,0.00024591494362797244,"42,43,44",aggregate,3,0.6510010504565056
resnet50_no_weights,IMAGENET100,ptq,layer2.0.conv2,"(128, 128, 3, 3)",42.62063940833597,0.00028903970952918817,42,42,3,
resnet50_no_weights,IMAGENET100,ptq,layer2.0.conv2,"(128, 128, 3, 3)",37.163589541117354,0.00025203172160588485,43,43,3,
resnet50_no_weights,IMAGENET100,ptq,layer2.0.conv2,"(128, 128, 3, 3)",54.28546732122248,0.00036814688667278697,44,44,3,
resnet50_no_weights,IMAGENET100,ptq,layer2.0.conv2,"(128, 128, 3, 3)",44.689898756891935,0.00030307277260262,"42,43,44",aggregate,3,8.746487887598317
resnet50_no_weights,IMAGENET100,ptq,layer2.0.conv3,"(512, 128, 1, 1)",39.6292355855306,0.0006046941465077301,42,42,3,
resnet50_no_weights,IMAGENET100,ptq,layer2.0.conv3,"(512, 128, 1, 1)",38.2652242342631,0.0005838809850198837,43,43,3,
resnet50_no_weights,IMAGENET100,ptq,layer2.0.conv3,"(512, 128, 1, 1)",42.253151806918055,0.0006447319306475533,44,44,3,
resnet50_no_weights,IMAGENET100,ptq,layer2.0.conv3,"(512, 128, 1, 1)",40.04920387557058,0.000611102354058389,"42,43,44",aggregate,3,2.026862502653976
resnet50_no_weights,IMAGENET100,ptq,layer2.0.downsample.0,"(512, 256, 1, 1)",55.446224466959634,0.0004230211217266818,42,42,3,
resnet50_no_weights,IMAGENET100,ptq,layer2.0.downsample.0,"(512, 256, 1, 1)",51.89075190226237,0.0003958950187855711,43,43,3,
resnet50_no_weights,IMAGENET100,ptq,layer2.0.downsample.0,"(512, 256, 1, 1)",57.74059757819543,0.0004405257993941912,44,44,3,
resnet50_no_weights,IMAGENET100,ptq,layer2.0.downsample.0,"(512, 256, 1, 1)",55.02585798247248,0.0004198139799688147,"42,43,44",aggregate,3,2.9474912373098294
resnet50_no_weights,IMAGENET100,ptq,layer2.1.conv1,"(128, 512, 1, 1)",17.561040608088174,0.0002679602143568142,42,42,3,
resnet50_no_weights,IMAGENET100,ptq,layer2.1.conv1,"(128, 512, 1, 1)",14.866083851567021,0.00022683843767649873,43,43,3,
resnet50_no_weights,IMAGENET100,ptq,layer2.1.conv1,"(128, 512, 1, 1)",24.147721608479817,0.00036846499036376673,44,44,3,
resnet50_no_weights,IMAGENET100,ptq,layer2.1.conv1,"(128, 512, 1, 1)",18.85828202271167,0.0002877545474656932,"42,43,44",aggregate,3,4.77486401151887
resnet50_no_weights,IMAGENET100,ptq,layer2.1.conv2,"(128, 128, 3, 3)",17.38933306473952,0.000117928962298852,42,42,3,
resnet50_no_weights,IMAGENET100,ptq,layer2.1.conv2,"(128, 128, 3, 3)",14.906635157267253,0.00010109208955395002,43,43,3,
resnet50_no_weights,IMAGENET100,ptq,layer2.1.conv2,"(128, 128, 3, 3)",15.425606709939462,0.00010461159064357816,44,44,3,
resnet50_no_weights,IMAGENET100,ptq,layer2.1.conv2,"(128, 128, 3, 3)",15.90719164398208,0.0001078775474987934,"42,43,44",aggregate,3,1.3095381863330362
resnet50_no_weights,IMAGENET100,ptq,layer2.1.conv3,"(512, 128, 1, 1)",20.45520076751709,0.0003121215937426314,42,42,3,
resnet50_no_weights,IMAGENET100,ptq,layer2.1.conv3,"(512, 128, 1, 1)",19.389382702963694,0.0002958585007166091,43,43,3,
resnet50_no_weights,IMAGENET100,ptq,layer2.1.conv3,"(512, 128, 1, 1)",19.059222316741945,0.0002908206530264579,44,44,3,
resnet50_no_weights,IMAGENET100,ptq,layer2.1.conv3,"(512, 128, 1, 1)",19.634601929074243,0.00029960024916189946,"42,43,44",aggregate,3,0.7295809142225673
resnet50_no_weights,IMAGENET100,ptq,layer2.2.conv1,"(128, 512, 1, 1)",10.127620935440063,0.00015453523155883886,42,42,3,
resnet50_no_weights,IMAGENET100,ptq,layer2.2.conv1,"(128, 512, 1, 1)",8.509954118728638,0.00012985159482923337,43,43,3,
resnet50_no_weights,IMAGENET100,ptq,layer2.2.conv1,"(128, 512, 1, 1)",10.505416044822105,0.00016029992744174355,44,44,3,
resnet50_no_weights,IMAGENET100,ptq,layer2.2.conv1,"(128, 512, 1, 1)",9.71433036633027,0.00014822891794327194,"42,43,44",aggregate,3,1.0599876864890865
resnet50_no_weights,IMAGENET100,ptq,layer2.2.conv2,"(128, 128, 3, 3)",27.760222801795372,0.00018826105958248815,42,42,3,
resnet50_no_weights,IMAGENET100,ptq,layer2.2.conv2,"(128, 128, 3, 3)",31.457075436909992,0.00021333194605109316,43,43,3,
resnet50_no_weights,IMAGENET100,ptq,layer2.2.conv2,"(128, 128, 3, 3)",28.24412674739443,0.0001915427432413359,44,44,3,
resnet50_no_weights,IMAGENET100,ptq,layer2.2.conv2,"(128, 128, 3, 3)",29.15380832869993,0.00019771191629163907,"42,43,44",aggregate,3,2.00930840986727
resnet50_no_weights,IMAGENET100,ptq,layer2.2.conv3,"(512, 128, 1, 1)",37.3916175365448,0.000570550804695813,42,42,3,
resnet50_no_weights,IMAGENET100,ptq,layer2.2.conv3,"(512, 128, 1, 1)",41.829070727030434,0.0006382609669041509,43,43,3,
resnet50_no_weights,IMAGENET100,ptq,layer2.2.conv3,"(512, 128, 1, 1)",44.01917219161987,0.0006716792631777935,44,44,3,
resnet50_no_weights,IMAGENET100,ptq,layer2.2.conv3,"(512, 128, 1, 1)",41.07995348506503,0.0006268303449259191,"42,43,44",aggregate,3,3.376685158281595
resnet50_no_weights,IMAGENET100,ptq,layer2.3.conv1,"(128, 512, 1, 1)",11.568019615976434,0.00017651397119104666,42,42,3,
resnet50_no_weights,IMAGENET100,ptq,layer2.3.conv1,"(128, 512, 1, 1)",15.300049446247241,0.0002334602271461066,43,43,3,
resnet50_no_weights,IMAGENET100,ptq,layer2.3.conv1,"(128, 512, 1, 1)",11.14149112701416,0.00017000566294882445,44,44,3,
resnet50_no_weights,IMAGENET100,ptq,layer2.3.conv1,"(128, 512, 1, 1)",12.669853396412611,0.00019332662042865923,"42,43,44",aggregate,3,2.287778416586357
resnet50_no_weights,IMAGENET100,ptq,layer2.3.conv2,"(128, 128, 3, 3)",6.79922445003803,4.611019185409905e-05,42,42,3,
resnet50_no_weights,IMAGENET100,ptq,layer2.3.conv2,"(128, 128, 3, 3)",6.923737546671992,4.695460033279075e-05,43,43,3,
resnet50_no_weights,IMAGENET100,ptq,layer2.3.conv2,"(128, 128, 3, 3)",6.609210922167851,4.482158014708015e-05,44,44,3,
resnet50_no_weights,IMAGENET100,ptq,layer2.3.conv2,"(128, 128, 3, 3)",6.777390972959291,4.596212411132332e-05,"42,43,44",aggregate,3,0.15839594351340894
resnet50_no_weights,IMAGENET100,ptq,layer2.3.conv3,"(512, 128, 1, 1)",18.67412438392639,0.00028494452490122055,42,42,3,
resnet50_no_weights,IMAGENET100,ptq,layer2.3.conv3,"(512, 128, 1, 1)",17.296089537938435,0.0002639173818655157,43,43,3,
resnet50_no_weights,IMAGENET100,ptq,layer2.3.conv3,"(512, 128, 1, 1)",17.415139198303223,0.00026573393552098423,44,44,3,
resnet50_no_weights,IMAGENET100,ptq,layer2.3.conv3,"(512, 128, 1, 1)",17.79511770672268,0.00027153194742924014,"42,43,44",aggregate,3,0.7635658186003155
resnet50_no_weights,IMAGENET100,ptq,layer3.0.conv1,"(256, 512, 1, 1)",47.60909649531047,0.0003632285804390752,42,42,3,
resnet50_no_weights,IMAGENET100,ptq,layer3.0.conv1,"(256, 512, 1, 1)",48.057756932576496,0.0003666515879255409,43,43,3,
resnet50_no_weights,IMAGENET100,ptq,layer3.0.conv1,"(256, 512, 1, 1)",60.08950379689534,0.00045844653165355944,44,44,3,
resnet50_no_weights,IMAGENET100,ptq,layer3.0.conv1,"(256, 512, 1, 1)",51.9187857415941,0.0003961089000060585,"42,43,44",aggregate,3,7.079604452327207
resnet50_no_weights,IMAGENET100,ptq,layer3.0.conv2,"(256, 256, 3, 3)",49.73919153213501,8.432887019201492e-05,42,42,3,
resnet50_no_weights,IMAGENET100,ptq,layer3.0.conv2,"(256, 256, 3, 3)",47.398166211446124,8.035984668553013e-05,43,43,3,
resnet50_no_weights,IMAGENET100,ptq,layer3.0.conv2,"(256, 256, 3, 3)",48.991215260823566,8.306073550893752e-05,44,44,3,
resnet50_no_weights,IMAGENET100,ptq,layer3.0.conv2,"(256, 256, 3, 3)",48.709524334801564,8.258315079549419e-05,"42,43,44",aggregate,3,1.1956639249299834
resnet50_no_weights,IMAGENET100,ptq,layer3.0.conv3,"(1024, 256, 1, 1)",135.64109208848743,0.0005174297030963418,42,42,3,
resnet50_no_weights,IMAGENET100,ptq,layer3.0.conv3,"(1024, 256, 1, 1)",107.63599789937338,0.00041059874686955787,43,43,3,
resnet50_no_weights,IMAGENET100,ptq,layer3.0.conv3,"(1024, 256, 1, 1)",120.86303762956099,0.0004610558991606178,44,44,3,
resnet50_no_weights,IMAGENET100,ptq,layer3.0.conv3,"(1024, 256, 1, 1)",121.3800425391406,0.00046302811637550584,"42,43,44",aggregate,3,14.009703626154423
resnet50_no_weights,IMAGENET100,ptq,layer3.0.downsample.0,"(1024, 512, 1, 1)",49.04294986724854,9.354200337838848e-05,42,42,3,
resnet50_no_weights,IMAGENET100,ptq,layer3.0.downsample.0,"(1024, 512, 1, 1)",50.18497854868571,9.572025022256034e-05,43,43,3,
resnet50_no_weights,IMAGENET100,ptq,layer3.0.downsample.0,"(1024, 512, 1, 1)",54.237896312366836,0.00010345057737801902,44,44,3,
resnet50_no_weights,IMAGENET100,ptq,layer3.0.downsample.0,"(1024, 512, 1, 1)",51.15527490943369,9.757094365965594e-05,"42,43,44",aggregate,3,2.7300134455112843
resnet50_no_weights,IMAGENET100,ptq,layer3.1.conv1,"(256, 1024, 1, 1)",19.37277504603068,7.390127199566146e-05,42,42,3,
resnet50_no_weights,IMAGENET100,ptq,layer3.1.conv1,"(256, 1024, 1, 1)",19.851621752199918,7.57279272163388e-05,43,43,3,
resnet50_no_weights,IMAGENET100,ptq,layer3.1.conv1,"(256, 1024, 1, 1)",18.435831451416014,7.032711582724004e-05,44,44,3,
resnet50_no_weights,IMAGENET100,ptq,layer3.1.conv1,"(256, 1024, 1, 1)",19.220076083215538,7.331877167974677e-05,"42,43,44",aggregate,3,0.7201411485827339
resnet50_no_weights,IMAGENET100,ptq,layer3.1.conv2,"(256, 256, 3, 3)",13.135187737147014,2.2269673219718108e-05,42,42,3,
resnet50_no_weights,IMAGENET100,ptq,layer3.1.conv2,"(256, 256, 3, 3)",13.820537869135539,2.34316302306036e-05,43,43,3,
resnet50_no_weights,IMAGENET100,ptq,layer3.1.conv2,"(256, 256, 3, 3)",14.181290944417318,2.4043258572756143e-05,44,44,3,
resnet50_no_weights,IMAGENET100,ptq,layer3.1.conv2,"(256, 256, 3, 3)",13.71233885023329,2.324818734102595e-05,"42,43,44",aggregate,3,0.5313786322706825
resnet50_no_weights,IMAGENET100,ptq,layer3.1.conv3,"(1024, 256, 1, 1)",31.41159531275431,0.00011982572674848294,42,42,3,
resnet50_no_weights,IMAGENET100,ptq,layer3.1.conv3,"(1024, 256, 1, 1)",29.891213607788085,0.000114025930815842,43,43,3,
resnet50_no_weights,IMAGENET100,ptq,layer3.1.conv3,"(1024, 256, 1, 1)",32.7299937293643,0.0001248550175833294,44,44,3,
resnet50_no_weights,IMAGENET100,ptq,layer3.1.conv3,"(1024, 256, 1, 1)",31.3442675499689,0.00011956889171588478,"42,43,44",aggregate,3,1.4205871727547512
resnet50_no_weights,IMAGENET100,ptq,layer3.2.conv1,"(256, 1024, 1, 1)",20.073117058852624,7.657286475697565e-05,42,42,3,
resnet50_no_weights,IMAGENET100,ptq,layer3.2.conv1,"(256, 1024, 1, 1)",18.47263821433572,7.046752248510636e-05,43,43,3,
resnet50_no_weights,IMAGENET100,ptq,layer3.2.conv1,"(256, 1024, 1, 1)",17.344116926193237,6.616255541302962e-05,44,44,3,
resnet50_no_weights,IMAGENET100,ptq,layer3.2.conv1,"(256, 1024, 1, 1)",18.62995739979386,7.106764755170387e-05,"42,43,44",aggregate,3,1.3712849541939294
resnet50_no_weights,IMAGENET100,ptq,layer3.2.conv2,"(256, 256, 3, 3)",13.378098646799723,2.2681509478759296e-05,42,42,3,
resnet50_no_weights,IMAGENET100,ptq,layer3.2.conv2,"(256, 256, 3, 3)",13.50825761795044,2.29021837326905e-05,43,43,3,
resnet50_no_weights,IMAGENET100,ptq,layer3.2.conv2,"(256, 256, 3, 3)",13.54219462076823,2.2959721240180513e-05,44,44,3,
resnet50_no_weights,IMAGENET100,ptq,layer3.2.conv2,"(256, 256, 3, 3)",13.476183628506131,2.2847804817210102e-05,"42,43,44",aggregate,3,0.08662232834162034
resnet50_no_weights,IMAGENET100,ptq,layer3.2.conv3,"(1024, 256, 1, 1)",36.563362503051756,0.0001394781589624472,42,42,3,
resnet50_no_weights,IMAGENET100,ptq,layer3.2.conv3,"(1024, 256, 1, 1)",42.349577236175534,0.00016155081648321356,43,43,3,
resnet50_no_weights,IMAGENET100,ptq,layer3.2.conv3,"(1024, 256, 1, 1)",39.06429536002023,0.00014901846069343655,44,44,3,
resnet50_no_weights,IMAGENET100,ptq,layer3.2.conv3,"(1024, 256, 1, 1)",39.325745033082505,0.00015001581204636576,"42,43,44",aggregate,3,2.901954028428594
resnet50_no_weights,IMAGENET100,ptq,layer3.3.conv1,"(256, 1024, 1, 1)",19.17969512939453,7.316473056562245e-05,42,42,3,
resnet50_no_weights,IMAGENET100,ptq,layer3.3.conv1,"(256, 1024, 1, 1)",12.631134128570556,4.818395282200072e-05,43,43,3,
resnet50_no_weights,IMAGENET100,ptq,layer3.3.conv1,"(256, 1024, 1, 1)",14.36448978122912,5.4796179890552976e-05,44,44,3,
resnet50_no_weights,IMAGENET100,ptq,layer3.3.conv1,"(256, 1024, 1, 1)",15.391773013064736,5.8714954426058715e-05,"42,43,44",aggregate,3,3.3929921786214225
resnet50_no_weights,IMAGENET100,ptq,layer3.3.conv2,"(256, 256, 3, 3)",9.338115477561951,1.5832037145931584e-05,42,42,3,
resnet50_no_weights,IMAGENET100,ptq,layer3.3.conv2,"(256, 256, 3, 3)",10.0567823515998,1.705048006117045e-05,43,43,3,
resnet50_no_weights,IMAGENET100,ptq,layer3.3.conv2,"(256, 256, 3, 3)",9.398440315609886,1.5934313143598576e-05,44,44,3,
resnet50_no_weights,IMAGENET100,ptq,layer3.3.conv2,"(256, 256, 3, 3)",9.597779381590545,1.627227678356687e-05,"42,43,44",aggregate,3,0.39865093299698273
resnet50_no_weights,IMAGENET100,ptq,layer3.3.conv3,"(1024, 256, 1, 1)",34.21126093183245,0.00013050560353024463,42,42,3,
resnet50_no_weights,IMAGENET100,ptq,layer3.3.conv3,"(1024, 256, 1, 1)",39.66892551240467,0.0001513249416824519,43,43,3,
resnet50_no_weights,IMAGENET100,ptq,layer3.3.conv3,"(1024, 256, 1, 1)",49.23558270489728,0.0001878188427158252,44,44,3,
resnet50_no_weights,IMAGENET100,ptq,layer3.3.conv3,"(1024, 256, 1, 1)",41.038589716378134,0.0001565497959761739,"42,43,44",aggregate,3,7.605231502648832
resnet50_no_weights,IMAGENET100,ptq,layer3.4.conv1,"(256, 1024, 1, 1)",13.068283891677856,4.985154682799475e-05,42,42,3,
resnet50_no_weights,IMAGENET100,ptq,layer3.4.conv1,"(256, 1024, 1, 1)",10.801522795359293,4.12045394720432e-05,43,43,3,
resnet50_no_weights,IMAGENET100,ptq,layer3.4.conv1,"(256, 1024, 1, 1)",10.643201557795207,4.0600591880017116e-05,44,44,3,
resnet50_no_weights,IMAGENET100,ptq,layer3.4.conv1,"(256, 1024, 1, 1)",11.504336081610786,4.388555939335169e-05,"42,43,44",aggregate,3,1.356729880273205
resnet50_no_weights,IMAGENET100,ptq,layer3.4.conv2,"(256, 256, 3, 3)",6.273444978396098,1.063613040228288e-05,42,42,3,
resnet50_no_weights,IMAGENET100,ptq,layer3.4.conv2,"(256, 256, 3, 3)",6.496604283650716,1.1014479376306688e-05,43,43,3,
resnet50_no_weights,IMAGENET100,ptq,layer3.4.conv2,"(256, 256, 3, 3)",7.61169542312622,1.2905028318831076e-05,44,44,3,
resnet50_no_weights,IMAGENET100,ptq,layer3.4.conv2,"(256, 256, 3, 3)",6.793914895057678,1.1518546032473548e-05,"42,43,44",aggregate,3,0.7169545054928373
resnet50_no_weights,IMAGENET100,ptq,layer3.4.conv3,"(1024, 256, 1, 1)",31.103894488016763,0.00011865194125372606,42,42,3,
resnet50_no_weights,IMAGENET100,ptq,layer3.4.conv3,"(1024, 256, 1, 1)",35.25292479197184,0.00013447923580921876,43,43,3,
resnet50_no_weights,IMAGENET100,ptq,layer3.4.conv3,"(1024, 256, 1, 1)",35.429074992304265,0.00013515119549676615,44,44,3,
resnet50_no_weights,IMAGENET100,ptq,layer3.4.conv3,"(1024, 256, 1, 1)",33.928631424097624,0.00012942745751990366,"42,43,44",aggregate,3,2.4478789373279684
resnet50_no_weights,IMAGENET100,ptq,layer3.5.conv1,"(256, 1024, 1, 1)",21.640410877409437,8.255161620105529e-05,42,42,3,
resnet50_no_weights,IMAGENET100,ptq,layer3.5.conv1,"(256, 1024, 1, 1)",21.158234087626138,8.07122577195211e-05,43,43,3,
resnet50_no_weights,IMAGENET100,ptq,layer3.5.conv1,"(256, 1024, 1, 1)",22.136740525563557,8.444496355271743e-05,44,44,3,
resnet50_no_weights,IMAGENET100,ptq,layer3.5.conv1,"(256, 1024, 1, 1)",21.645128496866377,8.256961249109794e-05,"42,43,44",aggregate,3,0.48927027727141714
resnet50_no_weights,IMAGENET100,ptq,layer3.5.conv2,"(256, 256, 3, 3)",28.864012463887533,4.89366530759812e-05,42,42,3,
resnet50_no_weights,IMAGENET100,ptq,layer3.5.conv2,"(256, 256, 3, 3)",24.709972381591797,4.189380625676778e-05,43,43,3,
resnet50_no_weights,IMAGENET100,ptq,layer3.5.conv2,"(256, 256, 3, 3)",33.781845027002795,5.727444971212225e-05,44,44,3,
resnet50_no_weights,IMAGENET100,ptq,layer3.5.conv2,"(256, 256, 3, 3)",29.11860995749404,4.936830301495707e-05,"42,43,44",aggregate,3,4.541292022811583
resnet50_no_weights,IMAGENET100,ptq,layer3.5.conv3,"(1024, 256, 1, 1)",66.94643852233887,0.00025538039597449824,42,42,3,
resnet50_no_weights,IMAGENET100,ptq,layer3.5.conv3,"(1024, 256, 1, 1)",80.3883736928304,0.0003066573093140808,43,43,3,
resnet50_no_weights,IMAGENET100,ptq,layer3.5.conv3,"(1024, 256, 1, 1)",74.61514186859131,0.0002846341776603367,44,44,3,
resnet50_no_weights,IMAGENET100,ptq,layer3.5.conv3,"(1024, 256, 1, 1)",73.98331802792019,0.0002822239609829719,"42,43,44",aggregate,3,6.743204453830138
resnet50_no_weights,IMAGENET100,ptq,layer4.0.conv1,"(512, 1024, 1, 1)",60.85289929707845,0.00011606769427695933,42,42,3,
resnet50_no_weights,IMAGENET100,ptq,layer4.0.conv1,"(512, 1024, 1, 1)",60.76112403869629,0.00011589264686335809,43,43,3,
resnet50_no_weights,IMAGENET100,ptq,layer4.0.conv1,"(512, 1024, 1, 1)",56.25281100802951,0.00010729372216802504,44,44,3,
resnet50_no_weights,IMAGENET100,ptq,layer4.0.conv1,"(512, 1024, 1, 1)",59.288944781268086,0.00011308468776944749,"42,43,44",aggregate,3,2.6297693608494828
resnet50_no_weights,IMAGENET100,ptq,layer4.0.conv2,"(512, 512, 3, 3)",89.11603190104167,3.777229813513932e-05,42,42,3,
resnet50_no_weights,IMAGENET100,ptq,layer4.0.conv2,"(512, 512, 3, 3)",74.78176733163687,3.169664481762223e-05,43,43,3,
resnet50_no_weights,IMAGENET100,ptq,layer4.0.conv2,"(512, 512, 3, 3)",87.68935353415353,3.7167593016795485e-05,44,44,3,
resnet50_no_weights,IMAGENET100,ptq,layer4.0.conv2,"(512, 512, 3, 3)",83.86238425561069,3.554551198985235e-05,"42,43,44",aggregate,3,7.8963317800486585
resnet50_no_weights,IMAGENET100,ptq,layer4.0.conv3,"(2048, 512, 1, 1)",297.9465591430664,0.0002841439811163582,42,42,3,
resnet50_no_weights,IMAGENET100,ptq,layer4.0.conv3,"(2048, 512, 1, 1)",281.3823725382487,0.0002683471417791831,43,43,3,
resnet50_no_weights,IMAGENET100,ptq,layer4.0.conv3,"(2048, 512, 1, 1)",290.57093334198,0.0002771100362224388,44,44,3,
resnet50_no_weights,IMAGENET100,ptq,layer4.0.conv3,"(2048, 512, 1, 1)",289.9666216744317,0.00027653371970599335,"42,43,44",aggregate,3,8.29861216791438
resnet50_no_weights,IMAGENET100,ptq,layer4.0.downsample.0,"(2048, 1024, 1, 1)",46.76286745071411,2.229827282462793e-05,42,42,3,
resnet50_no_weights,IMAGENET100,ptq,layer4.0.downsample.0,"(2048, 1024, 1, 1)",57.379167493184404,2.736051916751118e-05,43,43,3,
resnet50_no_weights,IMAGENET100,ptq,layer4.0.downsample.0,"(2048, 1024, 1, 1)",45.07963540818956,2.149564524087408e-05,44,44,3,
resnet50_no_weights,IMAGENET100,ptq,layer4.0.downsample.0,"(2048, 1024, 1, 1)",49.74055678402936,2.371814574433773e-05,"42,43,44",aggregate,3,6.6685528941262024
resnet50_no_weights,IMAGENET100,ptq,layer4.1.conv1,"(512, 2048, 1, 1)",29.46757646401723,2.8102470840470534e-05,42,42,3,
resnet50_no_weights,IMAGENET100,ptq,layer4.1.conv1,"(512, 2048, 1, 1)",31.46764826774597,3.0009887950654957e-05,43,43,3,
resnet50_no_weights,IMAGENET100,ptq,layer4.1.conv1,"(512, 2048, 1, 1)",23.619867293039956,2.2525660794296223e-05,44,44,3,
resnet50_no_weights,IMAGENET100,ptq,layer4.1.conv1,"(512, 2048, 1, 1)",28.185030674934385,2.6879339861807237e-05,"42,43,44",aggregate,3,4.078064410055342
resnet50_no_weights,IMAGENET100,ptq,layer4.1.conv2,"(512, 512, 3, 3)",72.39664313906715,3.068569740255871e-05,42,42,3,
resnet50_no_weights,IMAGENET100,ptq,layer4.1.conv2,"(512, 512, 3, 3)",76.34098243713379,3.235752632867338e-05,43,43,3,
resnet50_no_weights,IMAGENET100,ptq,layer4.1.conv2,"(512, 512, 3, 3)",65.21626510620118,2.764225646387786e-05,44,44,3,
resnet50_no_weights,IMAGENET100,ptq,layer4.1.conv2,"(512, 512, 3, 3)",71.3179635608007,3.022849339836998e-05,"42,43,44",aggregate,3,5.640256744840159
resnet50_no_weights,IMAGENET100,ptq,layer4.1.conv3,"(2048, 512, 1, 1)",203.9518297635592,0.0001945036218295662,42,42,3,
resnet50_no_weights,IMAGENET100,ptq,layer4.1.conv3,"(2048, 512, 1, 1)",182.43007125854493,0.0001739788734994363,43,43,3,
resnet50_no_weights,IMAGENET100,ptq,layer4.1.conv3,"(2048, 512, 1, 1)",220.26726633707682,0.00021006323465068514,44,44,3,
resnet50_no_weights,IMAGENET100,ptq,layer4.1.conv3,"(2048, 512, 1, 1)",202.21638911972698,0.00019284857665989588,"42,43,44",aggregate,3,18.97820193073933
resnet50_no_weights,IMAGENET100,ptq,layer4.2.conv1,"(512, 2048, 1, 1)",40.05516693115234,3.819958394160494e-05,42,42,3,
resnet50_no_weights,IMAGENET100,ptq,layer4.2.conv1,"(512, 2048, 1, 1)",44.623754289415146,4.2556528367438456e-05,43,43,3,
resnet50_no_weights,IMAGENET100,ptq,layer4.2.conv1,"(512, 2048, 1, 1)",37.85012708391462,3.6096694072641965e-05,44,44,3,
resnet50_no_weights,IMAGENET100,ptq,layer4.2.conv1,"(512, 2048, 1, 1)",40.84301610149404,3.895093546056179e-05,"42,43,44",aggregate,3,3.454856887944895
resnet50_no_weights,IMAGENET100,ptq,layer4.2.conv2,"(512, 512, 3, 3)",51.725125567118326,2.1923966118332894e-05,42,42,3,
resnet50_no_weights,IMAGENET100,ptq,layer4.2.conv2,"(512, 512, 3, 3)",48.50482699076335,2.0559025654586515e-05,43,43,3,
resnet50_no_weights,IMAGENET100,ptq,layer4.2.conv2,"(512, 512, 3, 3)",64.57346735502544,2.736980326123786e-05,44,44,3,
resnet50_no_weights,IMAGENET100,ptq,layer4.2.conv2,"(512, 512, 3, 3)",54.93447330430237,2.3284265011385757e-05,"42,43,44",aggregate,3,8.501484309379423
resnet50_no_weights,IMAGENET100,ptq,layer4.2.conv3,"(2048, 512, 1, 1)",57.59911505381266,5.493079667454973e-05,42,42,3,
resnet50_no_weights,IMAGENET100,ptq,layer4.2.conv3,"(2048, 512, 1, 1)",64.73441683451334,6.173555072261175e-05,43,43,3,
resnet50_no_weights,IMAGENET100,ptq,layer4.2.conv3,"(2048, 512, 1, 1)",64.33283820519081,6.135257549780923e-05,44,44,3,
resnet50_no_weights,IMAGENET100,ptq,layer4.2.conv3,"(2048, 512, 1, 1)",62.222123364505606,5.933964096499024e-05,"42,43,44",aggregate,3,4.008674435450471
resnet50_no_weights,IMAGENET100,ptq,fc,"(100, 2048)",11.764180326461792,5.744228675030172e-05,42,42,3,
resnet50_no_weights,IMAGENET100,ptq,fc,"(100, 2048)",11.35386375280527,5.543878785549448e-05,43,43,3,
resnet50_no_weights,IMAGENET100,ptq,fc,"(100, 2048)",10.8418008685112,5.2938480803277346e-05,44,44,3,
resnet50_no_weights,IMAGENET100,ptq,fc,"(100, 2048)",11.319948315926087,5.527318513635785e-05,"42,43,44",aggregate,3,0.46212407290286933
resnet50_no_weights,IMAGENET100,qat,conv1,"(64, 3, 7, 7)",1574.5072953965928,0.1673583434732773,42,42,3,
resnet50_no_weights,IMAGENET100,qat,conv1,"(64, 3, 7, 7)",1389.6183827718098,0.1477060355837383,43,43,3,
resnet50_no_weights,IMAGENET100,qat,conv1,"(64, 3, 7, 7)",2570.1308888753256,0.27318568121548953,44,44,3,
resnet50_no_weights,IMAGENET100,qat,conv1,"(64, 3, 7, 7)",1844.752189014576,0.19608335342416838,"42,43,44",aggregate,3,634.9619446562504
resnet50_no_weights,IMAGENET100,qat,layer1.0.conv1,"(64, 64, 1, 1)",17.85294713973999,0.004358629672788083,42,42,3,
resnet50_no_weights,IMAGENET100,qat,layer1.0.conv1,"(64, 64, 1, 1)",18.27719991207123,0.004462207009783015,43,43,3,
resnet50_no_weights,IMAGENET100,qat,layer1.0.conv1,"(64, 64, 1, 1)",18.603460629781086,0.004541860505317648,44,44,3,
resnet50_no_weights,IMAGENET100,qat,layer1.0.conv1,"(64, 64, 1, 1)",18.2445358938641,0.004454232395962915,"42,43,44",aggregate,3,0.3763214427155244
resnet50_no_weights,IMAGENET100,qat,layer1.0.conv2,"(64, 64, 3, 3)",19.51602250879461,0.000529405992534576,42,42,3,
resnet50_no_weights,IMAGENET100,qat,layer1.0.conv2,"(64, 64, 3, 3)",20.081649255752563,0.0005447496000366907,43,43,3,
resnet50_no_weights,IMAGENET100,qat,layer1.0.conv2,"(64, 64, 3, 3)",20.241019158136275,0.0005490727853227071,44,44,3,
resnet50_no_weights,IMAGENET100,qat,layer1.0.conv2,"(64, 64, 3, 3)",19.946230307561148,0.0005410761259646579,"42,43,44",aggregate,3,0.38099705252942856
resnet50_no_weights,IMAGENET100,qat,layer1.0.conv3,"(256, 64, 1, 1)",20.541369676589966,0.0012537457077996805,42,42,3,
resnet50_no_weights,IMAGENET100,qat,layer1.0.conv3,"(256, 64, 1, 1)",17.302823525208694,0.0010560805374272885,43,43,3,
resnet50_no_weights,IMAGENET100,qat,layer1.0.conv3,"(256, 64, 1, 1)",22.341297956613396,0.0013636046116097043,44,44,3,
resnet50_no_weights,IMAGENET100,qat,layer1.0.conv3,"(256, 64, 1, 1)",20.061830386137352,0.0012244769522788911,"42,43,44",aggregate,3,2.5532380612264847
resnet50_no_weights,IMAGENET100,qat,layer1.0.downsample.0,"(256, 64, 1, 1)",28.246985308329265,0.001724059161885331,42,42,3,
resnet50_no_weights,IMAGENET100,qat,layer1.0.downsample.0,"(256, 64, 1, 1)",23.058321177959442,0.0014073682359594386,43,43,3,
resnet50_no_weights,IMAGENET100,qat,layer1.0.downsample.0,"(256, 64, 1, 1)",29.25199736867632,0.001785400230021748,44,44,3,
resnet50_no_weights,IMAGENET100,qat,layer1.0.downsample.0,"(256, 64, 1, 1)",26.852434618321677,0.0016389425426221727,"42,43,44",aggregate,3,3.3240013401191293
resnet50_no_weights,IMAGENET100,qat,layer1.1.conv1,"(64, 256, 1, 1)",7.01873079140981,0.00042838933053038393,42,42,3,
resnet50_no_weights,IMAGENET100,qat,layer1.1.conv1,"(64, 256, 1, 1)",9.257706030209858,0.0005650455340704259,43,43,3,
resnet50_no_weights,IMAGENET100,qat,layer1.1.conv1,"(64, 256, 1, 1)",6.767673850059509,0.0004130660308874212,44,44,3,
resnet50_no_weights,IMAGENET100,qat,layer1.1.conv1,"(64, 256, 1, 1)",7.681370223893059,0.00046883363182941034,"42,43,44",aggregate,3,1.370906024371243
resnet50_no_weights,IMAGENET100,qat,layer1.1.conv2,"(64, 64, 3, 3)",2.2565640131632487,6.121321650290931e-05,42,42,3,
resnet50_no_weights,IMAGENET100,qat,layer1.1.conv2,"(64, 64, 3, 3)",2.110061410566171,5.7239079062667395e-05,43,43,3,
resnet50_no_weights,IMAGENET100,qat,layer1.1.conv2,"(64, 64, 3, 3)",1.4371091743310294,3.898408133493461e-05,44,44,3,
resnet50_no_weights,IMAGENET100,qat,layer1.1.conv2,"(64, 64, 3, 3)",1.934578199353483,5.247879230017044e-05,"42,43,44",aggregate,3,0.437003805800959
resnet50_no_weights,IMAGENET100,qat,layer1.1.conv3,"(256, 64, 1, 1)",8.35794568657875,0.0005101285209093475,42,42,3,
resnet50_no_weights,IMAGENET100,qat,layer1.1.conv3,"(256, 64, 1, 1)",5.747055041790008,0.00035077240245300344,43,43,3,
resnet50_no_weights,IMAGENET100,qat,layer1.1.conv3,"(256, 64, 1, 1)",9.247188158830006,0.0005644035741473393,44,44,3,
resnet50_no_weights,IMAGENET100,qat,layer1.1.conv3,"(256, 64, 1, 1)",7.784062962399588,0.00047510149916989673,"42,43,44",aggregate,3,1.8192688078135966
resnet50_no_weights,IMAGENET100,qat,layer1.2.conv1,"(64, 256, 1, 1)",0.7336839437484741,4.478051414480433e-05,42,42,3,
resnet50_no_weights,IMAGENET100,qat,layer1.2.conv1,"(64, 256, 1, 1)",0.5169345264633497,3.155117959371031e-05,43,43,3,
resnet50_no_weights,IMAGENET100,qat,layer1.2.conv1,"(64, 256, 1, 1)",0.49152589241663613,3.0000359644570077e-05,44,44,3,
resnet50_no_weights,IMAGENET100,qat,layer1.2.conv1,"(64, 256, 1, 1)",0.58071478754282,3.5444017794361574e-05,"42,43,44",aggregate,3,0.13308295057494146
resnet50_no_weights,IMAGENET100,qat,layer1.2.conv2,"(64, 64, 3, 3)",0.11196031315873066,3.0371178699742476e-06,42,42,3,
resnet50_no_weights,IMAGENET100,qat,layer1.2.conv2,"(64, 64, 3, 3)",0.1580217568711801,4.286614498458662e-06,43,43,3,
resnet50_no_weights,IMAGENET100,qat,layer1.2.conv2,"(64, 64, 3, 3)",0.1580433795849482,4.287201052109055e-06,44,44,3,
resnet50_no_weights,IMAGENET100,qat,layer1.2.conv2,"(64, 64, 3, 3)",0.14267514987161967,3.870311140180655e-06,"42,43,44",aggregate,3,0.026599831063561535
resnet50_no_weights,IMAGENET100,qat,layer1.2.conv3,"(256, 64, 1, 1)",0.7520688096682231,4.590263730885151e-05,42,42,3,
resnet50_no_weights,IMAGENET100,qat,layer1.2.conv3,"(256, 64, 1, 1)",0.612713218977054,3.7397047056704956e-05,43,43,3,
resnet50_no_weights,IMAGENET100,qat,layer1.2.conv3,"(256, 64, 1, 1)",0.7750019085903962,4.730236258486305e-05,44,44,3,
resnet50_no_weights,IMAGENET100,qat,layer1.2.conv3,"(256, 64, 1, 1)",0.7132613124118911,4.3534015650139835e-05,"42,43,44",aggregate,3,0.08782893074937832
resnet50_no_weights,IMAGENET100,qat,layer2.0.conv1,"(128, 256, 1, 1)",3.7497506499290467,0.00011443330840847921,42,42,3,
resnet50_no_weights,IMAGENET100,qat,layer2.0.conv1,"(128, 256, 1, 1)",3.648552886644999,0.00011134499776138303,43,43,3,
resnet50_no_weights,IMAGENET100,qat,layer2.0.conv1,"(128, 256, 1, 1)",4.819471487632165,0.00014707859764502456,44,44,3,
resnet50_no_weights,IMAGENET100,qat,layer2.0.conv1,"(128, 256, 1, 1)",4.072591674735404,0.00012428563460496227,"42,43,44",aggregate,3,0.6487929854799214
resnet50_no_weights,IMAGENET100,qat,layer2.0.conv2,"(128, 128, 3, 3)",22.648742707570396,0.00015359661666917857,42,42,3,
resnet50_no_weights,IMAGENET100,qat,layer2.0.conv2,"(128, 128, 3, 3)",14.361398569742839,9.739446729697563e-05,43,43,3,
resnet50_no_weights,IMAGENET100,qat,layer2.0.conv2,"(128, 128, 3, 3)",14.155255715052286,9.599647159188019e-05,44,44,3,
resnet50_no_weights,IMAGENET100,qat,layer2.0.conv2,"(128, 128, 3, 3)",17.055132330788506,0.0001156625185193448,"42,43,44",aggregate,3,4.845305099224043
resnet50_no_weights,IMAGENET100,qat,layer2.0.conv3,"(512, 128, 1, 1)",12.347767607371013,0.0001884119813136446,42,42,3,
resnet50_no_weights,IMAGENET100,qat,layer2.0.conv3,"(512, 128, 1, 1)",16.53374048868815,0.00025228485853100814,43,43,3,
resnet50_no_weights,IMAGENET100,qat,layer2.0.conv3,"(512, 128, 1, 1)",15.398305130004882,0.00023495948989875614,44,44,3,
resnet50_no_weights,IMAGENET100,qat,layer2.0.conv3,"(512, 128, 1, 1)",14.759937742021348,0.0002252187765811363,"42,43,44",aggregate,3,2.1647694871074177
resnet50_no_weights,IMAGENET100,qat,layer2.0.downsample.0,"(512, 256, 1, 1)",31.441047350565594,0.00023987615471317744,42,42,3,
resnet50_no_weights,IMAGENET100,qat,layer2.0.downsample.0,"(512, 256, 1, 1)",27.587907264972554,0.00021047902881601375,43,43,3,
resnet50_no_weights,IMAGENET100,qat,layer2.0.downsample.0,"(512, 256, 1, 1)",27.02089172999064,0.00020615304359428895,44,44,3,
resnet50_no_weights,IMAGENET100,qat,layer2.0.downsample.0,"(512, 256, 1, 1)",28.68328211517626,0.0002188360757078267,"42,43,44",aggregate,3,2.40506309155689
resnet50_no_weights,IMAGENET100,qat,layer2.1.conv1,"(128, 512, 1, 1)",11.972651535814459,0.0001826881643038095,42,42,3,
resnet50_no_weights,IMAGENET100,qat,layer2.1.conv1,"(128, 512, 1, 1)",9.330119585990905,0.00014236632669053506,43,43,3,
resnet50_no_weights,IMAGENET100,qat,layer2.1.conv1,"(128, 512, 1, 1)",11.271504728417648,0.00017198951306789624,44,44,3,
resnet50_no_weights,IMAGENET100,qat,layer2.1.conv1,"(128, 512, 1, 1)",10.858091950074337,0.0001656813346874136,"42,43,44",aggregate,3,1.3689143035386542
resnet50_no_weights,IMAGENET100,qat,layer2.1.conv2,"(128, 128, 3, 3)",14.11270440419515,9.570790204667935e-05,42,42,3,
resnet50_no_weights,IMAGENET100,qat,layer2.1.conv2,"(128, 128, 3, 3)",12.22605102856954,8.291321498324611e-05,43,43,3,
resnet50_no_weights,IMAGENET100,qat,layer2.1.conv2,"(128, 128, 3, 3)",13.725484132766724,9.308189651670141e-05,44,44,3,
resnet50_no_weights,IMAGENET100,qat,layer2.1.conv2,"(128, 128, 3, 3)",13.354746521843804,9.056767118220896e-05,"42,43,44",aggregate,3,0.9964687762566885
resnet50_no_weights,IMAGENET100,qat,layer2.1.conv3,"(512, 128, 1, 1)",10.752290495236714,0.00016406693260554068,42,42,3,
resnet50_no_weights,IMAGENET100,qat,layer2.1.conv3,"(512, 128, 1, 1)",5.009361293580797,7.643678731660152e-05,43,43,3,
resnet50_no_weights,IMAGENET100,qat,layer2.1.conv3,"(512, 128, 1, 1)",7.77851467927297,0.00011869071471058609,44,44,3,
resnet50_no_weights,IMAGENET100,qat,layer2.1.conv3,"(512, 128, 1, 1)",7.84672215603016,0.00011973147821090943,"42,43,44",aggregate,3,2.8720721001956506
resnet50_no_weights,IMAGENET100,qat,layer2.2.conv1,"(128, 512, 1, 1)",3.3367257078488666,5.0914393735486856e-05,42,42,3,
resnet50_no_weights,IMAGENET100,qat,layer2.2.conv1,"(128, 512, 1, 1)",4.837076372570461,7.380792804825533e-05,43,43,3,
resnet50_no_weights,IMAGENET100,qat,layer2.2.conv1,"(128, 512, 1, 1)",4.137689888477325,6.313613721431466e-05,44,44,3,
resnet50_no_weights,IMAGENET100,qat,layer2.2.conv1,"(128, 512, 1, 1)",4.103830656298884,6.261948633268561e-05,"42,43,44",aggregate,3,0.7507482034513423
resnet50_no_weights,IMAGENET100,qat,layer2.2.conv2,"(128, 128, 3, 3)",11.629110185305278,7.886495080095267e-05,42,42,3,
resnet50_no_weights,IMAGENET100,qat,layer2.2.conv2,"(128, 128, 3, 3)",11.802155213696617,8.003848750608057e-05,43,43,3,
resnet50_no_weights,IMAGENET100,qat,layer2.2.conv2,"(128, 128, 3, 3)",8.682206844461374,5.88799834829466e-05,44,44,3,
resnet50_no_weights,IMAGENET100,qat,layer2.2.conv2,"(128, 128, 3, 3)",10.70449074782109,7.259447392999329e-05,"42,43,44",aggregate,3,1.7534851823735478
resnet50_no_weights,IMAGENET100,qat,layer2.2.conv3,"(512, 128, 1, 1)",14.407798926035563,0.0002198455646672907,42,42,3,
resnet50_no_weights,IMAGENET100,qat,layer2.2.conv3,"(512, 128, 1, 1)",18.416653668438947,0.0002810158335638267,43,43,3,
resnet50_no_weights,IMAGENET100,qat,layer2.2.conv3,"(512, 128, 1, 1)",15.78977762858073,0.00024093288617829482,44,44,3,
resnet50_no_weights,IMAGENET100,qat,layer2.2.conv3,"(512, 128, 1, 1)",16.20474340768508,0.00024726476146980406,"42,43,44",aggregate,3,2.036388110059889
resnet50_no_weights,IMAGENET100,qat,layer2.3.conv1,"(128, 512, 1, 1)",4.776519703865051,7.288390661415178e-05,42,42,3,
resnet50_no_weights,IMAGENET100,qat,layer2.3.conv1,"(128, 512, 1, 1)",5.864484286308288,8.948492868512403e-05,43,43,3,
resnet50_no_weights,IMAGENET100,qat,layer2.3.conv1,"(128, 512, 1, 1)",4.704801193599043,7.178956899412603e-05,44,44,3,
resnet50_no_weights,IMAGENET100,qat,layer2.3.conv1,"(128, 512, 1, 1)",5.115268394590794,7.805280143113394e-05,"42,43,44",aggregate,3,0.6498301512550981
resnet50_no_weights,IMAGENET100,qat,layer2.3.conv2,"(128, 128, 3, 3)",3.818357789516449,2.5894896033504562e-05,42,42,3,
resnet50_no_weights,IMAGENET100,qat,layer2.3.conv2,"(128, 128, 3, 3)",4.714525270462036,3.19724207252471e-05,43,43,3,
resnet50_no_weights,IMAGENET100,qat,layer2.3.conv2,"(128, 128, 3, 3)",5.532942620913188,3.752266859885788e-05,44,44,3,
resnet50_no_weights,IMAGENET100,qat,layer2.3.conv2,"(128, 128, 3, 3)",4.688608560297224,3.179666178586984e-05,"42,43,44",aggregate,3,0.8575861722959804
resnet50_no_weights,IMAGENET100,qat,layer2.3.conv3,"(512, 128, 1, 1)",8.47479902903239,0.00012931517073108505,42,42,3,
resnet50_no_weights,IMAGENET100,qat,layer2.3.conv3,"(512, 128, 1, 1)",8.731918303171794,0.00013323849949908133,43,43,3,
resnet50_no_weights,IMAGENET100,qat,layer2.3.conv3,"(512, 128, 1, 1)",9.675378783543904,0.00014763456395788427,44,44,3,
resnet50_no_weights,IMAGENET100,qat,layer2.3.conv3,"(512, 128, 1, 1)",8.960698705249362,0.00013672941139601687,"42,43,44",aggregate,3,0.6321418282449061
resnet50_no_weights,IMAGENET100,qat,layer3.0.conv1,"(256, 512, 1, 1)",21.700320466359457,0.0001655603062924153,42,42,3,
resnet50_no_weights,IMAGENET100,qat,layer3.0.conv1,"(256, 512, 1, 1)",30.87634377252488,0.0002355678083230963,43,43,3,
resnet50_no_weights,IMAGENET100,qat,layer3.0.conv1,"(256, 512, 1, 1)",22.211670207977296,0.00016946159521467053,44,44,3,
resnet50_no_weights,IMAGENET100,qat,layer3.0.conv1,"(256, 512, 1, 1)",24.929444815620545,0.00019019656994339405,"42,43,44",aggregate,3,5.15650802794736
resnet50_no_weights,IMAGENET100,qat,layer3.0.conv2,"(256, 256, 3, 3)",21.383310794830322,3.625371431957724e-05,42,42,3,
resnet50_no_weights,IMAGENET100,qat,layer3.0.conv2,"(256, 256, 3, 3)",21.52220132615831,3.6489192244056377e-05,43,43,3,
resnet50_no_weights,IMAGENET100,qat,layer3.0.conv2,"(256, 256, 3, 3)",22.955324990408762,3.8918940209975795e-05,44,44,3,
resnet50_no_weights,IMAGENET100,qat,layer3.0.conv2,"(256, 256, 3, 3)",21.953612370465798,3.7220615591203134e-05,"42,43,44",aggregate,3,0.870283732260859
resnet50_no_weights,IMAGENET100,qat,layer3.0.conv3,"(1024, 256, 1, 1)",56.99159361521403,0.00021740567632756816,42,42,3,
resnet50_no_weights,IMAGENET100,qat,layer3.0.conv3,"(1024, 256, 1, 1)",47.59969072341919,0.00018157841004722285,43,43,3,
resnet50_no_weights,IMAGENET100,qat,layer3.0.conv3,"(1024, 256, 1, 1)",47.36419277191162,0.00018068005665554664,44,44,3,
resnet50_no_weights,IMAGENET100,qat,layer3.0.conv3,"(1024, 256, 1, 1)",50.651825703514945,0.00019322138101011255,"42,43,44",aggregate,3,5.491662562644221
resnet50_no_weights,IMAGENET100,qat,layer3.0.downsample.0,"(1024, 512, 1, 1)",27.889945910527157,5.319585020165855e-05,42,42,3,
resnet50_no_weights,IMAGENET100,qat,layer3.0.downsample.0,"(1024, 512, 1, 1)",30.892969608306885,5.892366334592225e-05,43,43,3,
resnet50_no_weights,IMAGENET100,qat,layer3.0.downsample.0,"(1024, 512, 1, 1)",22.436893240610758,4.279497764703895e-05,44,44,3,
resnet50_no_weights,IMAGENET100,qat,layer3.0.downsample.0,"(1024, 512, 1, 1)",27.0732695864816,5.163816373153992e-05,"42,43,44",aggregate,3,4.286785164639074
resnet50_no_weights,IMAGENET100,qat,layer3.1.conv1,"(256, 1024, 1, 1)",6.067042455673218,2.314393026608741e-05,42,42,3,
resnet50_no_weights,IMAGENET100,qat,layer3.1.conv1,"(256, 1024, 1, 1)",7.065448419253031,2.6952546765339017e-05,43,43,3,
resnet50_no_weights,IMAGENET100,qat,layer3.1.conv1,"(256, 1024, 1, 1)",5.901378099123637,2.2511970898146197e-05,44,44,3,
resnet50_no_weights,IMAGENET100,qat,layer3.1.conv1,"(256, 1024, 1, 1)",6.344622991349962,2.420281597652421e-05,"42,43,44",aggregate,3,0.6297246564106244
resnet50_no_weights,IMAGENET100,qat,layer3.1.conv2,"(256, 256, 3, 3)",6.233103569348653,1.0567734729934105e-05,42,42,3,
resnet50_no_weights,IMAGENET100,qat,layer3.1.conv2,"(256, 256, 3, 3)",5.066600881124797,8.590021567662213e-06,43,43,3,
resnet50_no_weights,IMAGENET100,qat,layer3.1.conv2,"(256, 256, 3, 3)",5.651613203684489,9.581863748651274e-06,44,44,3,
resnet50_no_weights,IMAGENET100,qat,layer3.1.conv2,"(256, 256, 3, 3)",5.650439218052647,9.579873348749198e-06,"42,43,44",aggregate,3,0.583252230248688
resnet50_no_weights,IMAGENET100,qat,layer3.1.conv3,"(1024, 256, 1, 1)",12.693703730901083,4.842263691292222e-05,42,42,3,
resnet50_no_weights,IMAGENET100,qat,layer3.1.conv3,"(1024, 256, 1, 1)",17.68435738881429,6.746046977544514e-05,43,43,3,
resnet50_no_weights,IMAGENET100,qat,layer3.1.conv3,"(1024, 256, 1, 1)",18.09466110865275,6.902565425358868e-05,44,44,3,
resnet50_no_weights,IMAGENET100,qat,layer3.1.conv3,"(1024, 256, 1, 1)",16.157574076122707,6.163625364731867e-05,"42,43,44",aggregate,3,3.0068065471539165
resnet50_no_weights,IMAGENET100,qat,layer3.2.conv1,"(256, 1024, 1, 1)",5.39004487991333,2.0561389465001412e-05,42,42,3,
resnet50_no_weights,IMAGENET100,qat,layer3.2.conv1,"(256, 1024, 1, 1)",6.493085128920419,2.4769154086763073e-05,43,43,3,
resnet50_no_weights,IMAGENET100,qat,layer3.2.conv1,"(256, 1024, 1, 1)",5.101919565882001,1.9462278617408758e-05,44,44,3,
resnet50_no_weights,IMAGENET100,qat,layer3.2.conv1,"(256, 1024, 1, 1)",5.661683191571917,2.1597607389724413e-05,"42,43,44",aggregate,3,0.7342860036910311
resnet50_no_weights,IMAGENET100,qat,layer3.2.conv2,"(256, 256, 3, 3)",4.4914833048115606,7.614955147317777e-06,42,42,3,
resnet50_no_weights,IMAGENET100,qat,layer3.2.conv2,"(256, 256, 3, 3)",4.163878294137808,7.059526730241238e-06,43,43,3,
resnet50_no_weights,IMAGENET100,qat,layer3.2.conv2,"(256, 256, 3, 3)",5.675656263033549,9.622626856542882e-06,44,44,3,
resnet50_no_weights,IMAGENET100,qat,layer3.2.conv2,"(256, 256, 3, 3)",4.777005953994306,8.099036244700632e-06,"42,43,44",aggregate,3,0.795305315087786
resnet50_no_weights,IMAGENET100,qat,layer3.2.conv3,"(1024, 256, 1, 1)",17.91877241929372,6.835469215123642e-05,42,42,3,
resnet50_no_weights,IMAGENET100,qat,layer3.2.conv3,"(1024, 256, 1, 1)",22.071740090847015,8.41970065721398e-05,43,43,3,
resnet50_no_weights,IMAGENET100,qat,layer3.2.conv3,"(1024, 256, 1, 1)",21.381313117345176,8.156323668420859e-05,44,44,3,
resnet50_no_weights,IMAGENET100,qat,layer3.2.conv3,"(1024, 256, 1, 1)",20.45727520916197,7.803831180252827e-05,"42,43,44",aggregate,3,2.2253470879980486
resnet50_no_weights,IMAGENET100,qat,layer3.3.conv1,"(256, 1024, 1, 1)",5.922267961502075,2.259165939904051e-05,42,42,3,
resnet50_no_weights,IMAGENET100,qat,layer3.3.conv1,"(256, 1024, 1, 1)",6.759447673956553,2.578524655897733e-05,43,43,3,
resnet50_no_weights,IMAGENET100,qat,layer3.3.conv1,"(256, 1024, 1, 1)",6.60697423617045,2.520360655277424e-05,44,44,3,
resnet50_no_weights,IMAGENET100,qat,layer3.3.conv1,"(256, 1024, 1, 1)",6.429563290543026,2.452683750359736e-05,"42,43,44",aggregate,3,0.4458962328363556
resnet50_no_weights,IMAGENET100,qat,layer3.3.conv2,"(256, 256, 3, 3)",4.044826960563659,6.8576845983948756e-06,42,42,3,
resnet50_no_weights,IMAGENET100,qat,layer3.3.conv2,"(256, 256, 3, 3)",3.7352235979504056,6.332776553599727e-06,43,43,3,
resnet50_no_weights,IMAGENET100,qat,layer3.3.conv2,"(256, 256, 3, 3)",4.354333078861236,7.38242777313442e-06,44,44,3,
resnet50_no_weights,IMAGENET100,qat,layer3.3.conv2,"(256, 256, 3, 3)",4.044794545791767,6.857629641709674e-06,"42,43,44",aggregate,3,0.3095547417282727
resnet50_no_weights,IMAGENET100,qat,layer3.3.conv3,"(1024, 256, 1, 1)",16.98536059061686,6.479400860068077e-05,42,42,3,
resnet50_no_weights,IMAGENET100,qat,layer3.3.conv3,"(1024, 256, 1, 1)",18.60601610607571,7.097631876402172e-05,43,43,3,
resnet50_no_weights,IMAGENET100,qat,layer3.3.conv3,"(1024, 256, 1, 1)",16.08718867735429,6.136775465909687e-05,44,44,3,
resnet50_no_weights,IMAGENET100,qat,layer3.3.conv3,"(1024, 256, 1, 1)",17.22618845801562,6.571269400793312e-05,"42,43,44",aggregate,3,1.2765662733312029
resnet50_no_weights,IMAGENET100,qat,layer3.4.conv1,"(256, 1024, 1, 1)",5.288305941750021,2.0173286215782247e-05,42,42,3,
resnet50_no_weights,IMAGENET100,qat,layer3.4.conv1,"(256, 1024, 1, 1)",5.264487524032592,2.0082426162844056e-05,43,43,3,
resnet50_no_weights,IMAGENET100,qat,layer3.4.conv1,"(256, 1024, 1, 1)",6.4318841000398,2.4535690689238738e-05,44,44,3,
resnet50_no_weights,IMAGENET100,qat,layer3.4.conv1,"(256, 1024, 1, 1)",5.661559188607471,2.1597134355955015e-05,"42,43,44",aggregate,3,0.6672272335086145
resnet50_no_weights,IMAGENET100,qat,layer3.4.conv2,"(256, 256, 3, 3)",3.2022667979371957,5.429190399063442e-06,42,42,3,
resnet50_no_weights,IMAGENET100,qat,layer3.4.conv2,"(256, 256, 3, 3)",4.05266440709432,6.870972369883762e-06,43,43,3,
resnet50_no_weights,IMAGENET100,qat,layer3.4.conv2,"(256, 256, 3, 3)",3.4508212129275004,5.850594775606792e-06,44,44,3,
resnet50_no_weights,IMAGENET100,qat,layer3.4.conv2,"(256, 256, 3, 3)",3.568584139319672,6.050252514851332e-06,"42,43,44",aggregate,3,0.43725862317325925
resnet50_no_weights,IMAGENET100,qat,layer3.4.conv3,"(1024, 256, 1, 1)",18.48346166610718,7.050881067698356e-05,42,42,3,
resnet50_no_weights,IMAGENET100,qat,layer3.4.conv3,"(1024, 256, 1, 1)",20.073658121043238,7.657492874543471e-05,43,43,3,
resnet50_no_weights,IMAGENET100,qat,layer3.4.conv3,"(1024, 256, 1, 1)",20.927340931362576,7.983147022767096e-05,44,44,3,
resnet50_no_weights,IMAGENET100,qat,layer3.4.conv3,"(1024, 256, 1, 1)",19.828153572837664,7.563840321669641e-05,"42,43,44",aggregate,3,1.2402986850668398
resnet50_no_weights,IMAGENET100,qat,layer3.5.conv1,"(256, 1024, 1, 1)",9.615293582280477,3.667943413650695e-05,42,42,3,
resnet50_no_weights,IMAGENET100,qat,layer3.5.conv1,"(256, 1024, 1, 1)",8.561246554056803,3.265856382010194e-05,43,43,3,
resnet50_no_weights,IMAGENET100,qat,layer3.5.conv1,"(256, 1024, 1, 1)",8.20471982161204,3.1298522268722685e-05,44,44,3,
resnet50_no_weights,IMAGENET100,qat,layer3.5.conv1,"(256, 1024, 1, 1)",8.79375331931644,3.354550674177719e-05,"42,43,44",aggregate,3,0.7334671979647078
resnet50_no_weights,IMAGENET100,qat,layer3.5.conv2,"(256, 256, 3, 3)",13.708720064163208,2.3242051975103094e-05,42,42,3,
resnet50_no_weights,IMAGENET100,qat,layer3.5.conv2,"(256, 256, 3, 3)",11.229876382010323,1.9039368323449575e-05,43,43,3,
resnet50_no_weights,IMAGENET100,qat,layer3.5.conv2,"(256, 256, 3, 3)",12.849273792902629,2.1784928712467837e-05,44,44,3,
resnet50_no_weights,IMAGENET100,qat,layer3.5.conv2,"(256, 256, 3, 3)",12.59595674635872,2.135544967034017e-05,"42,43,44",aggregate,3,1.2586872704089824
resnet50_no_weights,IMAGENET100,qat,layer3.5.conv3,"(1024, 256, 1, 1)",31.725312881469726,0.00012102246430004015,42,42,3,
resnet50_no_weights,IMAGENET100,qat,layer3.5.conv3,"(1024, 256, 1, 1)",30.746397082010905,0.00011728819687656748,43,43,3,
resnet50_no_weights,IMAGENET100,qat,layer3.5.conv3,"(1024, 256, 1, 1)",29.028208792209625,0.00011073382870563364,44,44,3,
resnet50_no_weights,IMAGENET100,qat,layer3.5.conv3,"(1024, 256, 1, 1)",30.49997291856342,0.00011634816329408042,"42,43,44",aggregate,3,1.365333757117279
resnet50_no_weights,IMAGENET100,qat,layer4.0.conv1,"(512, 1024, 1, 1)",25.809071095784507,4.922689646870519e-05,42,42,3,
resnet50_no_weights,IMAGENET100,qat,layer4.0.conv1,"(512, 1024, 1, 1)",29.62820472717285,5.6511315779061985e-05,43,43,3,
resnet50_no_weights,IMAGENET100,qat,layer4.0.conv1,"(512, 1024, 1, 1)",24.52438195546468,4.67765463933271e-05,44,44,3,
resnet50_no_weights,IMAGENET100,qat,layer4.0.conv1,"(512, 1024, 1, 1)",26.653885926140678,5.083825288036476e-05,"42,43,44",aggregate,3,2.6547195321622987
resnet50_no_weights,IMAGENET100,qat,layer4.0.conv2,"(512, 512, 3, 3)",39.36831209394667,1.6686465833005554e-05,42,42,3,
resnet50_no_weights,IMAGENET100,qat,layer4.0.conv2,"(512, 512, 3, 3)",35.884420013427736,1.5209799878195757e-05,43,43,3,
resnet50_no_weights,IMAGENET100,qat,layer4.0.conv2,"(512, 512, 3, 3)",33.42733414967855,1.4168351130879105e-05,44,44,3,
resnet50_no_weights,IMAGENET100,qat,layer4.0.conv2,"(512, 512, 3, 3)",36.22668875235099,1.5354872280693472e-05,"42,43,44",aggregate,3,2.985241305288929
resnet50_no_weights,IMAGENET100,qat,layer4.0.conv3,"(2048, 512, 1, 1)",150.515962600708,0.0001435432077414589,42,42,3,
resnet50_no_weights,IMAGENET100,qat,layer4.0.conv3,"(2048, 512, 1, 1)",124.20005880083356,0.000118446406174501,43,43,3,
resnet50_no_weights,IMAGENET100,qat,layer4.0.conv3,"(2048, 512, 1, 1)",152.86169293721517,0.00014578027051660077,44,44,3,
resnet50_no_weights,IMAGENET100,qat,layer4.0.conv3,"(2048, 512, 1, 1)",142.52590477958557,0.00013592329481085355,"42,43,44",aggregate,3,15.913927416907764
resnet50_no_weights,IMAGENET100,qat,layer4.0.downsample.0,"(2048, 1024, 1, 1)",28.51445878346761,1.3596753494008832e-05,42,42,3,
resnet50_no_weights,IMAGENET100,qat,layer4.0.downsample.0,"(2048, 1024, 1, 1)",29.672290166219074,1.4148850520238435e-05,43,43,3,
resnet50_no_weights,IMAGENET100,qat,layer4.0.downsample.0,"(2048, 1024, 1, 1)",31.05495589574178,1.4808156917448893e-05,44,44,3,
resnet50_no_weights,IMAGENET100,qat,layer4.0.downsample.0,"(2048, 1024, 1, 1)",29.747234948476155,1.4184586977232053e-05,"42,43,44",aggregate,3,1.2719056311924328
resnet50_no_weights,IMAGENET100,qat,layer4.1.conv1,"(512, 2048, 1, 1)",17.076449540945198,1.6285371342606733e-05,42,42,3,
resnet50_no_weights,IMAGENET100,qat,layer4.1.conv1,"(512, 2048, 1, 1)",18.24162832895915,1.7396572426757e-05,43,43,3,
resnet50_no_weights,IMAGENET100,qat,layer4.1.conv1,"(512, 2048, 1, 1)",17.309550662835438,1.6507673895678938e-05,44,44,3,
resnet50_no_weights,IMAGENET100,qat,layer4.1.conv1,"(512, 2048, 1, 1)",17.542542844246594,1.6729872555014223e-05,"42,43,44",aggregate,3,0.6165423095444963
resnet50_no_weights,IMAGENET100,qat,layer4.1.conv2,"(512, 512, 3, 3)",38.79011457937735,1.644139377991458e-05,42,42,3,
resnet50_no_weights,IMAGENET100,qat,layer4.1.conv2,"(512, 512, 3, 3)",33.02897904713949,1.3999506228612046e-05,43,43,3,
resnet50_no_weights,IMAGENET100,qat,layer4.1.conv2,"(512, 512, 3, 3)",38.61085599263509,1.636541408650508e-05,44,44,3,
resnet50_no_weights,IMAGENET100,qat,layer4.1.conv2,"(512, 512, 3, 3)",36.809983206383976,1.56021046983439e-05,"42,43,44",aggregate,3,3.275672106514677
resnet50_no_weights,IMAGENET100,qat,layer4.1.conv3,"(2048, 512, 1, 1)",114.32603708902995,0.00010902980526831622,42,42,3,
resnet50_no_weights,IMAGENET100,qat,layer4.1.conv3,"(2048, 512, 1, 1)",97.26194127400716,9.275621535683361e-05,43,43,3,
resnet50_no_weights,IMAGENET100,qat,layer4.1.conv3,"(2048, 512, 1, 1)",115.02085501352946,0.0001096924352774901,44,44,3,
resnet50_no_weights,IMAGENET100,qat,layer4.1.conv3,"(2048, 512, 1, 1)",108.86961112552218,0.00010382615196754664,"42,43,44",aggregate,3,10.058538289601511
resnet50_no_weights,IMAGENET100,qat,layer4.2.conv1,"(512, 2048, 1, 1)",17.389568108778732,1.6583984478739483e-05,42,42,3,
resnet50_no_weights,IMAGENET100,qat,layer4.2.conv1,"(512, 2048, 1, 1)",24.086901823679607,2.2971059631042106e-05,43,43,3,
resnet50_no_weights,IMAGENET100,qat,layer4.2.conv1,"(512, 2048, 1, 1)",28.067075888315838,2.676684941131195e-05,44,44,3,
resnet50_no_weights,IMAGENET100,qat,layer4.2.conv1,"(512, 2048, 1, 1)",23.18118194025806,2.2107297840364514e-05,"42,43,44",aggregate,3,5.3960670377542295
resnet50_no_weights,IMAGENET100,qat,layer4.2.conv2,"(512, 512, 3, 3)",27.568166620591107,1.16849122028737e-05,42,42,3,
resnet50_no_weights,IMAGENET100,qat,layer4.2.conv2,"(512, 512, 3, 3)",34.578678860383874,1.4656354633070151e-05,43,43,3,
resnet50_no_weights,IMAGENET100,qat,layer4.2.conv2,"(512, 512, 3, 3)",27.42812032699585,1.1625552845847172e-05,44,44,3,
resnet50_no_weights,IMAGENET100,qat,layer4.2.conv2,"(512, 512, 3, 3)",29.858321935990276,1.2655606560597007e-05,"42,43,44",aggregate,3,4.088548686433901
resnet50_no_weights,IMAGENET100,qat,layer4.2.conv3,"(2048, 512, 1, 1)",30.903817431131998,2.947217696297836e-05,42,42,3,
resnet50_no_weights,IMAGENET100,qat,layer4.2.conv3,"(2048, 512, 1, 1)",35.02763627704821,3.3404957081840715e-05,43,43,3,
resnet50_no_weights,IMAGENET100,qat,layer4.2.conv3,"(2048, 512, 1, 1)",26.936002858479817,2.5688174112777536e-05,44,44,3,
resnet50_no_weights,IMAGENET100,qat,layer4.2.conv3,"(2048, 512, 1, 1)",30.955818855553343,2.9521769385865538e-05,"42,43,44",aggregate,3,4.046067344500038
resnet50_no_weights,IMAGENET100,qat,fc,"(100, 2048)",6.997517355283102,3.416756521134327e-05,42,42,3,
resnet50_no_weights,IMAGENET100,qat,fc,"(100, 2048)",7.988269308338994,3.9005221232123993e-05,43,43,3,
resnet50_no_weights,IMAGENET100,qat,fc,"(100, 2048)",6.8872044006983435,3.362892773778488e-05,44,44,3,
resnet50_no_weights,IMAGENET100,qat,fc,"(100, 2048)",7.2909970214401465,3.560057139375071e-05,"42,43,44",aggregate,3,0.6063692922181717
resnet50_no_weights,IMAGENET100,fp32_fused_qat,conv1,"(64, 3, 7, 7)",2904.678261311849,0.3087455634897799,42,42,3,
resnet50_no_weights,IMAGENET100,fp32_fused_qat,conv1,"(64, 3, 7, 7)",2428.0371561686197,0.25808218071520195,43,43,3,
resnet50_no_weights,IMAGENET100,fp32_fused_qat,conv1,"(64, 3, 7, 7)",3689.52199605306,0.3921685795124426,44,44,3,
resnet50_no_weights,IMAGENET100,fp32_fused_qat,conv1,"(64, 3, 7, 7)",3007.4124711778427,0.3196654412391414,"42,43,44",aggregate,3,636.9864509722012
resnet50_no_weights,IMAGENET100,fp32_fused_qat,layer1.0.conv1,"(64, 64, 1, 1)",24.636771122614544,0.006014836699857066,42,42,3,
resnet50_no_weights,IMAGENET100,fp32_fused_qat,layer1.0.conv1,"(64, 64, 1, 1)",28.083543626467385,0.006856333893180514,43,43,3,
resnet50_no_weights,IMAGENET100,fp32_fused_qat,layer1.0.conv1,"(64, 64, 1, 1)",14.08077621459961,0.0034376895055174828,44,44,3,
resnet50_no_weights,IMAGENET100,fp32_fused_qat,layer1.0.conv1,"(64, 64, 1, 1)",22.26703032122718,0.005436286699518354,"42,43,44",aggregate,3,7.2959665156192
resnet50_no_weights,IMAGENET100,fp32_fused_qat,layer1.0.conv2,"(64, 64, 3, 3)",35.86993074417114,0.000973034145620962,42,42,3,
resnet50_no_weights,IMAGENET100,fp32_fused_qat,layer1.0.conv2,"(64, 64, 3, 3)",37.01932515303294,0.0010042134644377425,43,43,3,
resnet50_no_weights,IMAGENET100,fp32_fused_qat,layer1.0.conv2,"(64, 64, 3, 3)",36.604369195302326,0.0009929570636746507,44,44,3,
resnet50_no_weights,IMAGENET100,fp32_fused_qat,layer1.0.conv2,"(64, 64, 3, 3)",36.497875030835466,0.000990068224577785,"42,43,44",aggregate,3,0.582050369022999
resnet50_no_weights,IMAGENET100,fp32_fused_qat,layer1.0.conv3,"(256, 64, 1, 1)",39.33296293478746,0.002400693538500211,42,42,3,
resnet50_no_weights,IMAGENET100,fp32_fused_qat,layer1.0.conv3,"(256, 64, 1, 1)",34.83889067967733,0.0021263971362107744,43,43,3,
resnet50_no_weights,IMAGENET100,fp32_fused_qat,layer1.0.conv3,"(256, 64, 1, 1)",46.18451579411825,0.0028188791378246,44,44,3,
resnet50_no_weights,IMAGENET100,fp32_fused_qat,layer1.0.conv3,"(256, 64, 1, 1)",40.11878980286101,0.0024486566041785284,"42,43,44",aggregate,3,5.713488007276978
resnet50_no_weights,IMAGENET100,fp32_fused_qat,layer1.0.downsample.0,"(256, 64, 1, 1)",30.270584559440614,0.0018475698583642953,42,42,3,
resnet50_no_weights,IMAGENET100,fp32_fused_qat,layer1.0.downsample.0,"(256, 64, 1, 1)",46.522851538658145,0.002839529512857553,43,43,3,
resnet50_no_weights,IMAGENET100,fp32_fused_qat,layer1.0.downsample.0,"(256, 64, 1, 1)",38.88799103101095,0.002373534608826352,44,44,3,
resnet50_no_weights,IMAGENET100,fp32_fused_qat,layer1.0.downsample.0,"(256, 64, 1, 1)",38.56047570970323,0.0023535446600160665,"42,43,44",aggregate,3,8.131082043935457
resnet50_no_weights,IMAGENET100,fp32_fused_qat,layer1.1.conv1,"(64, 256, 1, 1)",21.128431189060212,0.0012895770989416633,42,42,3,
resnet50_no_weights,IMAGENET100,fp32_fused_qat,layer1.1.conv1,"(64, 256, 1, 1)",16.25326482951641,0.0009920205584421637,43,43,3,
resnet50_no_weights,IMAGENET100,fp32_fused_qat,layer1.1.conv1,"(64, 256, 1, 1)",17.841157398725812,0.0010889378295120735,44,44,3,
resnet50_no_weights,IMAGENET100,fp32_fused_qat,layer1.1.conv1,"(64, 256, 1, 1)",18.40761780576748,0.0011235118289653003,"42,43,44",aggregate,3,2.4864572795176367
resnet50_no_weights,IMAGENET100,fp32_fused_qat,layer1.1.conv2,"(64, 64, 3, 3)",9.940924768646559,0.00026966484289948347,42,42,3,
resnet50_no_weights,IMAGENET100,fp32_fused_qat,layer1.1.conv2,"(64, 64, 3, 3)",7.80214228729407,0.0002116466549287671,43,43,3,
resnet50_no_weights,IMAGENET100,fp32_fused_qat,layer1.1.conv2,"(64, 64, 3, 3)",6.824108009537061,0.00018511577716843154,44,44,3,
resnet50_no_weights,IMAGENET100,fp32_fused_qat,layer1.1.conv2,"(64, 64, 3, 3)",8.18905835515923,0.00022214242499889403,"42,43,44",aggregate,3,1.5940246893149541
resnet50_no_weights,IMAGENET100,fp32_fused_qat,layer1.1.conv3,"(256, 64, 1, 1)",11.876983972390493,0.0007249135725335994,42,42,3,
resnet50_no_weights,IMAGENET100,fp32_fused_qat,layer1.1.conv3,"(256, 64, 1, 1)",8.389080361886458,0.0005120288306815465,43,43,3,
resnet50_no_weights,IMAGENET100,fp32_fused_qat,layer1.1.conv3,"(256, 64, 1, 1)",7.317762939135234,0.00044664080439057823,44,44,3,
resnet50_no_weights,IMAGENET100,fp32_fused_qat,layer1.1.conv3,"(256, 64, 1, 1)",9.194609091137394,0.0005611944025352414,"42,43,44",aggregate,3,2.383963403191366
resnet50_no_weights,IMAGENET100,fp32_fused_qat,layer1.2.conv1,"(64, 256, 1, 1)",2.092930922196025,0.00012774236585669097,42,42,3,
resnet50_no_weights,IMAGENET100,fp32_fused_qat,layer1.2.conv1,"(64, 256, 1, 1)",1.9790046674509842,0.00012078885909735011,43,43,3,
resnet50_no_weights,IMAGENET100,fp32_fused_qat,layer1.2.conv1,"(64, 256, 1, 1)",1.3924306074778239,8.49872196946914e-05,44,44,3,
resnet50_no_weights,IMAGENET100,fp32_fused_qat,layer1.2.conv1,"(64, 256, 1, 1)",1.821455399041611,0.00011117281488291082,"42,43,44",aggregate,3,0.37588761846105173
resnet50_no_weights,IMAGENET100,fp32_fused_qat,layer1.2.conv2,"(64, 64, 3, 3)",0.3686753784616788,1.0000959702193978e-05,42,42,3,
resnet50_no_weights,IMAGENET100,fp32_fused_qat,layer1.2.conv2,"(64, 64, 3, 3)",0.4545747806628545,1.2331130117807468e-05,43,43,3,
resnet50_no_weights,IMAGENET100,fp32_fused_qat,layer1.2.conv2,"(64, 64, 3, 3)",0.6757173378641407,1.8330005909943053e-05,44,44,3,
resnet50_no_weights,IMAGENET100,fp32_fused_qat,layer1.2.conv2,"(64, 64, 3, 3)",0.499655832329558,1.35540319099815e-05,"42,43,44",aggregate,3,0.15840744023863826
resnet50_no_weights,IMAGENET100,fp32_fused_qat,layer1.2.conv3,"(256, 64, 1, 1)",2.638515583674113,0.00016104221091760944,42,42,3,
resnet50_no_weights,IMAGENET100,fp32_fused_qat,layer1.2.conv3,"(256, 64, 1, 1)",3.7475647586087386,0.0002287332005986779,43,43,3,
resnet50_no_weights,IMAGENET100,fp32_fused_qat,layer1.2.conv3,"(256, 64, 1, 1)",3.014839060107867,0.0001840111731022868,44,44,3,
resnet50_no_weights,IMAGENET100,fp32_fused_qat,layer1.2.conv3,"(256, 64, 1, 1)",3.133639800796906,0.00019126219487285804,"42,43,44",aggregate,3,0.5639882357788961
resnet50_no_weights,IMAGENET100,fp32_fused_qat,layer2.0.conv1,"(128, 256, 1, 1)",9.727565056085586,0.0002968617265651119,42,42,3,
resnet50_no_weights,IMAGENET100,fp32_fused_qat,layer2.0.conv1,"(128, 256, 1, 1)",8.029523704449335,0.000245041616957072,43,43,3,
resnet50_no_weights,IMAGENET100,fp32_fused_qat,layer2.0.conv1,"(128, 256, 1, 1)",6.43624018629392,0.00019641846271648925,44,44,3,
resnet50_no_weights,IMAGENET100,fp32_fused_qat,layer2.0.conv1,"(128, 256, 1, 1)",8.06444298227628,0.00024610726874622435,"42,43,44",aggregate,3,1.645940268235834
resnet50_no_weights,IMAGENET100,fp32_fused_qat,layer2.0.conv2,"(128, 128, 3, 3)",40.43644194602966,0.0002742271724855527,42,42,3,
resnet50_no_weights,IMAGENET100,fp32_fused_qat,layer2.0.conv2,"(128, 128, 3, 3)",30.903224611282347,0.00020957590475316262,43,43,3,
resnet50_no_weights,IMAGENET100,fp32_fused_qat,layer2.0.conv2,"(128, 128, 3, 3)",28.89942468802134,0.00019598676681872111,44,44,3,
resnet50_no_weights,IMAGENET100,fp32_fused_qat,layer2.0.conv2,"(128, 128, 3, 3)",33.413030415111116,0.00022659661468581215,"42,43,44",aggregate,3,6.164416897208922
resnet50_no_weights,IMAGENET100,fp32_fused_qat,layer2.0.conv3,"(512, 128, 1, 1)",30.762282911936442,0.00046939518603418643,42,42,3,
resnet50_no_weights,IMAGENET100,fp32_fused_qat,layer2.0.conv3,"(512, 128, 1, 1)",39.41589625676473,0.0006014388466913564,43,43,3,
resnet50_no_weights,IMAGENET100,fp32_fused_qat,layer2.0.conv3,"(512, 128, 1, 1)",42.05313224792481,0.0006416798743885011,44,44,3,
resnet50_no_weights,IMAGENET100,fp32_fused_qat,layer2.0.conv3,"(512, 128, 1, 1)",37.410437138875324,0.0005708379690380146,"42,43,44",aggregate,3,5.906540390714478
resnet50_no_weights,IMAGENET100,fp32_fused_qat,layer2.0.downsample.0,"(512, 256, 1, 1)",58.557180341084795,0.00044675583145969234,42,42,3,
resnet50_no_weights,IMAGENET100,fp32_fused_qat,layer2.0.downsample.0,"(512, 256, 1, 1)",65.79041045506796,0.0005019409977345883,43,43,3,
resnet50_no_weights,IMAGENET100,fp32_fused_qat,layer2.0.downsample.0,"(512, 256, 1, 1)",42.610311571757,0.00032509087808042146,44,44,3,
resnet50_no_weights,IMAGENET100,fp32_fused_qat,layer2.0.downsample.0,"(512, 256, 1, 1)",55.652634122636584,0.0004245959024249007,"42,43,44",aggregate,3,11.859870893536101
resnet50_no_weights,IMAGENET100,fp32_fused_qat,layer2.1.conv1,"(128, 512, 1, 1)",22.206233294804893,0.00033884022971809223,42,42,3,
resnet50_no_weights,IMAGENET100,fp32_fused_qat,layer2.1.conv1,"(128, 512, 1, 1)",29.945468306541443,0.00045693158426729497,43,43,3,
resnet50_no_weights,IMAGENET100,fp32_fused_qat,layer2.1.conv1,"(128, 512, 1, 1)",19.851378631591796,0.0003029079991392791,44,44,3,
resnet50_no_weights,IMAGENET100,fp32_fused_qat,layer2.1.conv1,"(128, 512, 1, 1)",24.00102674431271,0.00036622660437488877,"42,43,44",aggregate,3,5.280968115438531
resnet50_no_weights,IMAGENET100,fp32_fused_qat,layer2.1.conv2,"(128, 128, 3, 3)",28.147838794268093,0.00019088974876755162,42,42,3,
resnet50_no_weights,IMAGENET100,fp32_fused_qat,layer2.1.conv2,"(128, 128, 3, 3)",23.95113546848297,0.00016242903285375277,43,43,3,
resnet50_no_weights,IMAGENET100,fp32_fused_qat,layer2.1.conv2,"(128, 128, 3, 3)",23.02007256535923,0.00015611485843478208,44,44,3,
resnet50_no_weights,IMAGENET100,fp32_fused_qat,layer2.1.conv2,"(128, 128, 3, 3)",25.039682276036764,0.00016981121335202882,"42,43,44",aggregate,3,2.7317022602694507
resnet50_no_weights,IMAGENET100,fp32_fused_qat,layer2.1.conv3,"(512, 128, 1, 1)",13.971140225728353,0.00021318268166699758,42,42,3,
resnet50_no_weights,IMAGENET100,fp32_fused_qat,layer2.1.conv3,"(512, 128, 1, 1)",14.885117824872335,0.00022712887306018578,43,43,3,
resnet50_no_weights,IMAGENET100,fp32_fused_qat,layer2.1.conv3,"(512, 128, 1, 1)",13.299593536059062,0.0002029356923837137,44,44,3,
resnet50_no_weights,IMAGENET100,fp32_fused_qat,layer2.1.conv3,"(512, 128, 1, 1)",14.051950528886584,0.0002144157490369657,"42,43,44",aggregate,3,0.79584517742247
resnet50_no_weights,IMAGENET100,fp32_fused_qat,layer2.2.conv1,"(128, 512, 1, 1)",7.205213471253713,0.00010994283250814381,42,42,3,
resnet50_no_weights,IMAGENET100,fp32_fused_qat,layer2.2.conv1,"(128, 512, 1, 1)",8.877504909038544,0.0001354599748083274,43,43,3,
resnet50_no_weights,IMAGENET100,fp32_fused_qat,layer2.2.conv1,"(128, 512, 1, 1)",5.455834658940633,8.324943022065175e-05,44,44,3,
resnet50_no_weights,IMAGENET100,fp32_fused_qat,layer2.2.conv1,"(128, 512, 1, 1)",7.179517679744297,0.00010955074584570766,"42,43,44",aggregate,3,1.7109798451113463
resnet50_no_weights,IMAGENET100,fp32_fused_qat,layer2.2.conv2,"(128, 128, 3, 3)",16.31356970469157,0.00011063347510234625,42,42,3,
resnet50_no_weights,IMAGENET100,fp32_fused_qat,layer2.2.conv2,"(128, 128, 3, 3)",15.427712376912435,0.0001046258706116566,43,43,3,
resnet50_no_weights,IMAGENET100,fp32_fused_qat,layer2.2.conv2,"(128, 128, 3, 3)",16.314876890182497,0.00011064234002131142,44,44,3,
resnet50_no_weights,IMAGENET100,fp32_fused_qat,layer2.2.conv2,"(128, 128, 3, 3)",16.018719657262167,0.00010863389524510476,"42,43,44",aggregate,3,0.51182773591636
resnet50_no_weights,IMAGENET100,fp32_fused_qat,layer2.2.conv3,"(512, 128, 1, 1)",28.69155348141988,0.00043779836244842347,42,42,3,
resnet50_no_weights,IMAGENET100,fp32_fused_qat,layer2.2.conv3,"(512, 128, 1, 1)",22.406381432215372,0.000341894247928091,43,43,3,
resnet50_no_weights,IMAGENET100,fp32_fused_qat,layer2.2.conv3,"(512, 128, 1, 1)",27.391306495666505,0.0004179581679636613,44,44,3,
resnet50_no_weights,IMAGENET100,fp32_fused_qat,layer2.2.conv3,"(512, 128, 1, 1)",26.16308046976725,0.0003992169261133919,"42,43,44",aggregate,3,3.317717784870739
resnet50_no_weights,IMAGENET100,fp32_fused_qat,layer2.3.conv1,"(128, 512, 1, 1)",11.081745934486388,0.00016909402365854475,42,42,3,
resnet50_no_weights,IMAGENET100,fp32_fused_qat,layer2.3.conv1,"(128, 512, 1, 1)",10.7824143409729,0.00016452658601338044,43,43,3,
resnet50_no_weights,IMAGENET100,fp32_fused_qat,layer2.3.conv1,"(128, 512, 1, 1)",8.840165199904606,0.00013489021606299752,44,44,3,
resnet50_no_weights,IMAGENET100,fp32_fused_qat,layer2.3.conv1,"(128, 512, 1, 1)",10.234775158454632,0.00015617027524497424,"42,43,44",aggregate,3,1.2170055682222698
resnet50_no_weights,IMAGENET100,fp32_fused_qat,layer2.3.conv2,"(128, 128, 3, 3)",7.332724316914876,4.972821938011933e-05,42,42,3,
resnet50_no_weights,IMAGENET100,fp32_fused_qat,layer2.3.conv2,"(128, 128, 3, 3)",7.46365624666214,5.061615835681247e-05,43,43,3,
resnet50_no_weights,IMAGENET100,fp32_fused_qat,layer2.3.conv2,"(128, 128, 3, 3)",6.375123878320058,4.323407578070786e-05,44,44,3,
resnet50_no_weights,IMAGENET100,fp32_fused_qat,layer2.3.conv2,"(128, 128, 3, 3)",7.057168147299024,4.7859484505879885e-05,"42,43,44",aggregate,3,0.594284511990785
resnet50_no_weights,IMAGENET100,fp32_fused_qat,layer2.3.conv3,"(512, 128, 1, 1)",12.67798334757487,0.00019345067363853256,42,42,3,
resnet50_no_weights,IMAGENET100,fp32_fused_qat,layer2.3.conv3,"(512, 128, 1, 1)",14.153360962867737,0.0002159631494578207,43,43,3,
resnet50_no_weights,IMAGENET100,fp32_fused_qat,layer2.3.conv3,"(512, 128, 1, 1)",11.547604489326478,0.00017620246107981076,44,44,3,
resnet50_no_weights,IMAGENET100,fp32_fused_qat,layer2.3.conv3,"(512, 128, 1, 1)",12.792982933256361,0.00019520542805872133,"42,43,44",aggregate,3,1.306679141327637
resnet50_no_weights,IMAGENET100,fp32_fused_qat,layer3.0.conv1,"(256, 512, 1, 1)",52.100387795766196,0.00039749441372502285,42,42,3,
resnet50_no_weights,IMAGENET100,fp32_fused_qat,layer3.0.conv1,"(256, 512, 1, 1)",57.63158413569133,0.00043969409283211767,43,43,3,
resnet50_no_weights,IMAGENET100,fp32_fused_qat,layer3.0.conv1,"(256, 512, 1, 1)",45.58747184276581,0.0003478048083707108,44,44,3,
resnet50_no_weights,IMAGENET100,fp32_fused_qat,layer3.0.conv1,"(256, 512, 1, 1)",51.77314792474111,0.0003949977716426171,"42,43,44",aggregate,3,6.028720816312635
resnet50_no_weights,IMAGENET100,fp32_fused_qat,layer3.0.conv2,"(256, 256, 3, 3)",32.30080010096232,5.476345503228475e-05,42,42,3,
resnet50_no_weights,IMAGENET100,fp32_fused_qat,layer3.0.conv2,"(256, 256, 3, 3)",38.22410815556844,6.480595593866719e-05,43,43,3,
resnet50_no_weights,IMAGENET100,fp32_fused_qat,layer3.0.conv2,"(256, 256, 3, 3)",45.62276403109232,7.734979253318333e-05,44,44,3,
resnet50_no_weights,IMAGENET100,fp32_fused_qat,layer3.0.conv2,"(256, 256, 3, 3)",38.71589076254103,6.563973450137843e-05,"42,43,44",aggregate,3,6.6745837576819556
resnet50_no_weights,IMAGENET100,fp32_fused_qat,layer3.0.conv3,"(1024, 256, 1, 1)",64.8557549024883,0.0002474050708865673,42,42,3,
resnet50_no_weights,IMAGENET100,fp32_fused_qat,layer3.0.conv3,"(1024, 256, 1, 1)",64.59933834075927,0.00024642691932967863,43,43,3,
resnet50_no_weights,IMAGENET100,fp32_fused_qat,layer3.0.conv3,"(1024, 256, 1, 1)",66.26564664840699,0.00025278338107455057,44,44,3,
resnet50_no_weights,IMAGENET100,fp32_fused_qat,layer3.0.conv3,"(1024, 256, 1, 1)",65.24024663055152,0.0002488717904302655,"42,43,44",aggregate,3,0.8972297703184648
resnet50_no_weights,IMAGENET100,fp32_fused_qat,layer3.0.downsample.0,"(1024, 512, 1, 1)",40.14841758410136,7.657702938862106e-05,42,42,3,
resnet50_no_weights,IMAGENET100,fp32_fused_qat,layer3.0.downsample.0,"(1024, 512, 1, 1)",42.791798464457194,8.161887829677047e-05,43,43,3,
resnet50_no_weights,IMAGENET100,fp32_fused_qat,layer3.0.downsample.0,"(1024, 512, 1, 1)",38.63587080199143,7.369207535169874e-05,44,44,3,
resnet50_no_weights,IMAGENET100,fp32_fused_qat,layer3.0.downsample.0,"(1024, 512, 1, 1)",40.525362283516664,7.729599434569676e-05,"42,43,44",aggregate,3,2.103449348980148
resnet50_no_weights,IMAGENET100,fp32_fused_qat,layer3.1.conv1,"(256, 1024, 1, 1)",9.98791917959849,3.8100887983697855e-05,42,42,3,
resnet50_no_weights,IMAGENET100,fp32_fused_qat,layer3.1.conv1,"(256, 1024, 1, 1)",13.326499501864115,5.083656121011396e-05,43,43,3,
resnet50_no_weights,IMAGENET100,fp32_fused_qat,layer3.1.conv1,"(256, 1024, 1, 1)",12.006556677818299,4.580137892844505e-05,44,44,3,
resnet50_no_weights,IMAGENET100,fp32_fused_qat,layer3.1.conv1,"(256, 1024, 1, 1)",11.773658453093635,4.4912942707418956e-05,"42,43,44",aggregate,3,1.6814311848436543
resnet50_no_weights,IMAGENET100,fp32_fused_qat,layer3.1.conv2,"(256, 256, 3, 3)",21.51173095703125,3.64714405602879e-05,42,42,3,
resnet50_no_weights,IMAGENET100,fp32_fused_qat,layer3.1.conv2,"(256, 256, 3, 3)",14.242552196979522,2.4147122187261832e-05,43,43,3,
resnet50_no_weights,IMAGENET100,fp32_fused_qat,layer3.1.conv2,"(256, 256, 3, 3)",14.789350179831187,2.5074174973943392e-05,44,44,3,
resnet50_no_weights,IMAGENET100,fp32_fused_qat,layer3.1.conv2,"(256, 256, 3, 3)",16.84787777794732,2.8564245907164375e-05,"42,43,44",aggregate,3,4.048257880317301
resnet50_no_weights,IMAGENET100,fp32_fused_qat,layer3.1.conv3,"(1024, 256, 1, 1)",23.93059237798055,9.128796530906887e-05,42,42,3,
resnet50_no_weights,IMAGENET100,fp32_fused_qat,layer3.1.conv3,"(1024, 256, 1, 1)",37.84740460437277,0.00014437639085530384,43,43,3,
resnet50_no_weights,IMAGENET100,fp32_fused_qat,layer3.1.conv3,"(1024, 256, 1, 1)",26.65286636352539,0.00010167261643800884,44,44,3,
resnet50_no_weights,IMAGENET100,fp32_fused_qat,layer3.1.conv3,"(1024, 256, 1, 1)",29.476954448626238,0.00011244565753412719,"42,43,44",aggregate,3,7.375704764323977
resnet50_no_weights,IMAGENET100,fp32_fused_qat,layer3.2.conv1,"(256, 1024, 1, 1)",11.94345051901681,4.556064803702091e-05,42,42,3,
resnet50_no_weights,IMAGENET100,fp32_fused_qat,layer3.2.conv1,"(256, 1024, 1, 1)",17.180371387799582,6.553791575546105e-05,43,43,3,
resnet50_no_weights,IMAGENET100,fp32_fused_qat,layer3.2.conv1,"(256, 1024, 1, 1)",22.265693910916646,8.493688167921694e-05,44,44,3,
resnet50_no_weights,IMAGENET100,fp32_fused_qat,layer3.2.conv1,"(256, 1024, 1, 1)",17.12983860591101,6.53451484905663e-05,"42,43,44",aggregate,3,5.161307230919218
resnet50_no_weights,IMAGENET100,fp32_fused_qat,layer3.2.conv2,"(256, 256, 3, 3)",14.21146908601125,2.4094423227965037e-05,42,42,3,
resnet50_no_weights,IMAGENET100,fp32_fused_qat,layer3.2.conv2,"(256, 256, 3, 3)",15.02648310661316,2.5476215119447766e-05,43,43,3,
resnet50_no_weights,IMAGENET100,fp32_fused_qat,layer3.2.conv2,"(256, 256, 3, 3)",10.997499350706736,1.8645391423046087e-05,44,44,3,
resnet50_no_weights,IMAGENET100,fp32_fused_qat,layer3.2.conv2,"(256, 256, 3, 3)",13.411817181110383,2.2738676590152964e-05,"42,43,44",aggregate,3,2.13020184562359
resnet50_no_weights,IMAGENET100,fp32_fused_qat,layer3.2.conv3,"(1024, 256, 1, 1)",30.733893076578777,0.00011724049788123618,42,42,3,
resnet50_no_weights,IMAGENET100,fp32_fused_qat,layer3.2.conv3,"(1024, 256, 1, 1)",29.885261058807373,0.00011400322364352178,43,43,3,
resnet50_no_weights,IMAGENET100,fp32_fused_qat,layer3.2.conv3,"(1024, 256, 1, 1)",30.583083216349284,0.00011666520391978944,44,44,3,
resnet50_no_weights,IMAGENET100,fp32_fused_qat,layer3.2.conv3,"(1024, 256, 1, 1)",30.400745783911812,0.00011596964181484914,"42,43,44",aggregate,3,0.452746374748168
resnet50_no_weights,IMAGENET100,fp32_fused_qat,layer3.3.conv1,"(256, 1024, 1, 1)",8.202493421236674,3.129002922529859e-05,42,42,3,
resnet50_no_weights,IMAGENET100,fp32_fused_qat,layer3.3.conv1,"(256, 1024, 1, 1)",7.780415256818135,2.9679928805611173e-05,43,43,3,
resnet50_no_weights,IMAGENET100,fp32_fused_qat,layer3.3.conv1,"(256, 1024, 1, 1)",7.511087318261464,2.865252425484262e-05,44,44,3,
resnet50_no_weights,IMAGENET100,fp32_fused_qat,layer3.3.conv1,"(256, 1024, 1, 1)",7.831331998772091,2.9874160761917463e-05,"42,43,44",aggregate,3,0.34850392503707345
resnet50_no_weights,IMAGENET100,fp32_fused_qat,layer3.3.conv2,"(256, 256, 3, 3)",4.236105823516846,7.181982800830156e-06,42,42,3,
resnet50_no_weights,IMAGENET100,fp32_fused_qat,layer3.3.conv2,"(256, 256, 3, 3)",6.359697349866232,1.0782364484772121e-05,43,43,3,
resnet50_no_weights,IMAGENET100,fp32_fused_qat,layer3.3.conv2,"(256, 256, 3, 3)",4.561399002869924,7.733491690521111e-06,44,44,3,
resnet50_no_weights,IMAGENET100,fp32_fused_qat,layer3.3.conv2,"(256, 256, 3, 3)",5.052400725417667,8.565946325374462e-06,"42,43,44",aggregate,3,1.1437754418391606
resnet50_no_weights,IMAGENET100,fp32_fused_qat,layer3.3.conv3,"(1024, 256, 1, 1)",20.51087760925293,7.824278873158619e-05,42,42,3,
resnet50_no_weights,IMAGENET100,fp32_fused_qat,layer3.3.conv3,"(1024, 256, 1, 1)",25.306935246785482,9.653829668726151e-05,43,43,3,
resnet50_no_weights,IMAGENET100,fp32_fused_qat,layer3.3.conv3,"(1024, 256, 1, 1)",26.00626476605733,9.920602709219868e-05,44,44,3,
resnet50_no_weights,IMAGENET100,fp32_fused_qat,layer3.3.conv3,"(1024, 256, 1, 1)",23.94135920736525,9.132903750368213e-05,"42,43,44",aggregate,3,2.991390720111915
resnet50_no_weights,IMAGENET100,fp32_fused_qat,layer3.4.conv1,"(256, 1024, 1, 1)",7.9319659948349,3.0258048991527175e-05,42,42,3,
resnet50_no_weights,IMAGENET100,fp32_fused_qat,layer3.4.conv1,"(256, 1024, 1, 1)",11.336028258005777,4.324351599886237e-05,43,43,3,
resnet50_no_weights,IMAGENET100,fp32_fused_qat,layer3.4.conv1,"(256, 1024, 1, 1)",9.836733016100796,3.7524158539202866e-05,44,44,3,
resnet50_no_weights,IMAGENET100,fp32_fused_qat,layer3.4.conv1,"(256, 1024, 1, 1)",9.701575756313824,3.7008574509864136e-05,"42,43,44",aggregate,3,1.706051167620963
resnet50_no_weights,IMAGENET100,fp32_fused_qat,layer3.4.conv2,"(256, 256, 3, 3)",5.61812303463618,9.52508381252065e-06,42,42,3,
resnet50_no_weights,IMAGENET100,fp32_fused_qat,layer3.4.conv2,"(256, 256, 3, 3)",5.1344239215056104,8.705010175078686e-06,43,43,3,
resnet50_no_weights,IMAGENET100,fp32_fused_qat,layer3.4.conv2,"(256, 256, 3, 3)",6.047280519096939,1.0252686426962855e-05,44,44,3,
resnet50_no_weights,IMAGENET100,fp32_fused_qat,layer3.4.conv2,"(256, 256, 3, 3)",5.599942491746243,9.494260138187397e-06,"42,43,44",aggregate,3,0.45669978218336604
resnet50_no_weights,IMAGENET100,fp32_fused_qat,layer3.4.conv3,"(1024, 256, 1, 1)",20.346346926689147,7.761515398669871e-05,42,42,3,
resnet50_no_weights,IMAGENET100,fp32_fused_qat,layer3.4.conv3,"(1024, 256, 1, 1)",22.278896578152974,8.498724585782232e-05,43,43,3,
resnet50_no_weights,IMAGENET100,fp32_fused_qat,layer3.4.conv3,"(1024, 256, 1, 1)",15.384319750467936,5.868652248561072e-05,44,44,3,
resnet50_no_weights,IMAGENET100,fp32_fused_qat,layer3.4.conv3,"(1024, 256, 1, 1)",19.336521085103353,7.376297411004392e-05,"42,43,44",aggregate,3,3.5564882371468225
resnet50_no_weights,IMAGENET100,fp32_fused_qat,layer3.5.conv1,"(256, 1024, 1, 1)",8.78839207092921,3.3525055202214085e-05,42,42,3,
resnet50_no_weights,IMAGENET100,fp32_fused_qat,layer3.5.conv1,"(256, 1024, 1, 1)",12.88772236859357,4.916275927960804e-05,43,43,3,
resnet50_no_weights,IMAGENET100,fp32_fused_qat,layer3.5.conv1,"(256, 1024, 1, 1)",10.598971390724182,4.043186718263314e-05,44,44,3,
resnet50_no_weights,IMAGENET100,fp32_fused_qat,layer3.5.conv1,"(256, 1024, 1, 1)",10.758361943415654,4.1039893888151756e-05,"42,43,44",aggregate,3,2.0543079695003654
resnet50_no_weights,IMAGENET100,fp32_fused_qat,layer3.5.conv2,"(256, 256, 3, 3)",17.800486675898235,3.017931904415255e-05,42,42,3,
resnet50_no_weights,IMAGENET100,fp32_fused_qat,layer3.5.conv2,"(256, 256, 3, 3)",23.802805066108704,4.035577573328434e-05,43,43,3,
resnet50_no_weights,IMAGENET100,fp32_fused_qat,layer3.5.conv2,"(256, 256, 3, 3)",17.168383734566824,2.9107638438867905e-05,44,44,3,
resnet50_no_weights,IMAGENET100,fp32_fused_qat,layer3.5.conv2,"(256, 256, 3, 3)",19.590558492191253,3.3214244405434934e-05,"42,43,44",aggregate,3,3.661578134045404
resnet50_no_weights,IMAGENET100,fp32_fused_qat,layer3.5.conv3,"(1024, 256, 1, 1)",47.9308899084727,0.00018284183467282372,42,42,3,
resnet50_no_weights,IMAGENET100,fp32_fused_qat,layer3.5.conv3,"(1024, 256, 1, 1)",57.42970838546753,0.0002190769515436841,43,43,3,
resnet50_no_weights,IMAGENET100,fp32_fused_qat,layer3.5.conv3,"(1024, 256, 1, 1)",54.87763023376465,0.00020934154599672183,44,44,3,
resnet50_no_weights,IMAGENET100,fp32_fused_qat,layer3.5.conv3,"(1024, 256, 1, 1)",53.41274284256829,0.00020375344407107655,"42,43,44",aggregate,3,4.91592406536036
resnet50_no_weights,IMAGENET100,fp32_fused_qat,layer4.0.conv1,"(512, 1024, 1, 1)",47.34978068669637,9.031253945674204e-05,42,42,3,
resnet50_no_weights,IMAGENET100,fp32_fused_qat,layer4.0.conv1,"(512, 1024, 1, 1)",51.14451530774434,9.755042134808415e-05,43,43,3,
resnet50_no_weights,IMAGENET100,fp32_fused_qat,layer4.0.conv1,"(512, 1024, 1, 1)",45.82823166847229,8.741041501707514e-05,44,44,3,
resnet50_no_weights,IMAGENET100,fp32_fused_qat,layer4.0.conv1,"(512, 1024, 1, 1)",48.107509220971004,9.175779194063378e-05,"42,43,44",aggregate,3,2.7379430841488297
resnet50_no_weights,IMAGENET100,fp32_fused_qat,layer4.0.conv2,"(512, 512, 3, 3)",44.07852675120036,1.8682915052286935e-05,42,42,3,
resnet50_no_weights,IMAGENET100,fp32_fused_qat,layer4.0.conv2,"(512, 512, 3, 3)",47.210277462005614,2.0010324038190042e-05,43,43,3,
resnet50_no_weights,IMAGENET100,fp32_fused_qat,layer4.0.conv2,"(512, 512, 3, 3)",46.29595444997152,1.962278342775621e-05,44,44,3,
resnet50_no_weights,IMAGENET100,fp32_fused_qat,layer4.0.conv2,"(512, 512, 3, 3)",45.86158622105916,1.9438674172744397e-05,"42,43,44",aggregate,3,1.6104261694885766
resnet50_no_weights,IMAGENET100,fp32_fused_qat,layer4.0.conv3,"(2048, 512, 1, 1)",224.05221214294434,0.00021367284025473055,42,42,3,
resnet50_no_weights,IMAGENET100,fp32_fused_qat,layer4.0.conv3,"(2048, 512, 1, 1)",187.50168952941894,0.00017881554558698553,43,43,3,
resnet50_no_weights,IMAGENET100,fp32_fused_qat,layer4.0.conv3,"(2048, 512, 1, 1)",200.55304667154948,0.0001912622896876807,44,44,3,
resnet50_no_weights,IMAGENET100,fp32_fused_qat,layer4.0.conv3,"(2048, 512, 1, 1)",204.0356494479709,0.00019458355850979892,"42,43,44",aggregate,3,18.522461159473696
resnet50_no_weights,IMAGENET100,fp32_fused_qat,layer4.0.downsample.0,"(2048, 1024, 1, 1)",45.79901247024536,2.183867095482128e-05,42,42,3,
resnet50_no_weights,IMAGENET100,fp32_fused_qat,layer4.0.downsample.0,"(2048, 1024, 1, 1)",44.47070252100627,2.1205283413413175e-05,43,43,3,
resnet50_no_weights,IMAGENET100,fp32_fused_qat,layer4.0.downsample.0,"(2048, 1024, 1, 1)",64.9494057382856,3.097029005922585e-05,44,44,3,
resnet50_no_weights,IMAGENET100,fp32_fused_qat,layer4.0.downsample.0,"(2048, 1024, 1, 1)",51.739706909845744,2.4671414809153435e-05,"42,43,44",aggregate,3,11.45919758027917
resnet50_no_weights,IMAGENET100,fp32_fused_qat,layer4.1.conv1,"(512, 2048, 1, 1)",13.525908509890238,1.2899311551943052e-05,42,42,3,
resnet50_no_weights,IMAGENET100,fp32_fused_qat,layer4.1.conv1,"(512, 2048, 1, 1)",16.67522917588552,1.5902737785230178e-05,43,43,3,
resnet50_no_weights,IMAGENET100,fp32_fused_qat,layer4.1.conv1,"(512, 2048, 1, 1)",17.674215465784073,1.6855445352348397e-05,44,44,3,
resnet50_no_weights,IMAGENET100,fp32_fused_qat,layer4.1.conv1,"(512, 2048, 1, 1)",15.958451050519944,1.521916489650721e-05,"42,43,44",aggregate,3,2.1650498402649387
resnet50_no_weights,IMAGENET100,fp32_fused_qat,layer4.1.conv2,"(512, 512, 3, 3)",31.305779107411702,1.3269118884367075e-05,42,42,3,
resnet50_no_weights,IMAGENET100,fp32_fused_qat,layer4.1.conv2,"(512, 512, 3, 3)",37.00057439804077,1.5682887775862277e-05,43,43,3,
resnet50_no_weights,IMAGENET100,fp32_fused_qat,layer4.1.conv2,"(512, 512, 3, 3)",33.97373078664144,1.4399944214986775e-05,44,44,3,
resnet50_no_weights,IMAGENET100,fp32_fused_qat,layer4.1.conv2,"(512, 512, 3, 3)",34.09336143069797,1.4450650291738708e-05,"42,43,44",aggregate,3,2.849281833864594
resnet50_no_weights,IMAGENET100,fp32_fused_qat,layer4.1.conv3,"(2048, 512, 1, 1)",127.79295635223389,0.0001218728602907504,42,42,3,
resnet50_no_weights,IMAGENET100,fp32_fused_qat,layer4.1.conv3,"(2048, 512, 1, 1)",142.5787178842645,0.00013597366131235552,43,43,3,
resnet50_no_weights,IMAGENET100,fp32_fused_qat,layer4.1.conv3,"(2048, 512, 1, 1)",115.47654342651367,0.00011012701361323707,44,44,3,
resnet50_no_weights,IMAGENET100,fp32_fused_qat,layer4.1.conv3,"(2048, 512, 1, 1)",128.61607255433736,0.00012265784507211434,"42,43,44",aggregate,3,13.569823333272042
resnet50_no_weights,IMAGENET100,fp32_fused_qat,layer4.2.conv1,"(512, 2048, 1, 1)",38.35468994776408,3.657788271690758e-05,42,42,3,
resnet50_no_weights,IMAGENET100,fp32_fused_qat,layer4.2.conv1,"(512, 2048, 1, 1)",27.019773149490355,2.5768063687792163e-05,43,43,3,
resnet50_no_weights,IMAGENET100,fp32_fused_qat,layer4.2.conv1,"(512, 2048, 1, 1)",33.579226864708794,3.2023646225651544e-05,44,44,3,
resnet50_no_weights,IMAGENET100,fp32_fused_qat,layer4.2.conv1,"(512, 2048, 1, 1)",32.98456332065441,3.145653087678376e-05,"42,43,44",aggregate,3,5.69080866432157
resnet50_no_weights,IMAGENET100,fp32_fused_qat,layer4.2.conv2,"(512, 512, 3, 3)",37.87997239430745,1.6055625234946124e-05,42,42,3,
resnet50_no_weights,IMAGENET100,fp32_fused_qat,layer4.2.conv2,"(512, 512, 3, 3)",28.17555437088013,1.1942356690673883e-05,43,43,3,
resnet50_no_weights,IMAGENET100,fp32_fused_qat,layer4.2.conv2,"(512, 512, 3, 3)",31.48267552057902,1.3344097358101324e-05,44,44,3,
resnet50_no_weights,IMAGENET100,fp32_fused_qat,layer4.2.conv2,"(512, 512, 3, 3)",32.51273409525553,1.3780693094573776e-05,"42,43,44",aggregate,3,4.933527925714389
resnet50_no_weights,IMAGENET100,fp32_fused_qat,layer4.2.conv3,"(2048, 512, 1, 1)",28.9851474200978,2.764239065179615e-05,42,42,3,
resnet50_no_weights,IMAGENET100,fp32_fused_qat,layer4.2.conv3,"(2048, 512, 1, 1)",49.06169943809509,4.6788882673354235e-05,43,43,3,
resnet50_no_weights,IMAGENET100,fp32_fused_qat,layer4.2.conv3,"(2048, 512, 1, 1)",36.208666038513186,3.453127483226126e-05,44,44,3,
resnet50_no_weights,IMAGENET100,fp32_fused_qat,layer4.2.conv3,"(2048, 512, 1, 1)",38.08517096556869,3.6320849385803884e-05,"42,43,44",aggregate,3,10.168969381839315
resnet50_no_weights,IMAGENET100,fp32_fused_qat,fc,"(100, 2048)",10.45783584912618,5.106365160706143e-05,42,42,3,
resnet50_no_weights,IMAGENET100,fp32_fused_qat,fc,"(100, 2048)",8.204692379633586,4.006197450992962e-05,43,43,3,
resnet50_no_weights,IMAGENET100,fp32_fused_qat,fc,"(100, 2048)",9.11126541296641,4.4488600649250056e-05,44,44,3,
resnet50_no_weights,IMAGENET100,fp32_fused_qat,fc,"(100, 2048)",9.257931213908726,4.5204742255413704e-05,"42,43,44",aggregate,3,1.1337094056255417
resnet18_no_weights,IMAGENET100,fp32_unfused,conv1,"(64, 3, 7, 7)",117.55996011098226,0.012495744059415632,42,42,3,
resnet18_no_weights,IMAGENET100,fp32_unfused,conv1,"(64, 3, 7, 7)",97.99449087778727,0.010416081088200177,43,43,3,
resnet18_no_weights,IMAGENET100,fp32_unfused,conv1,"(64, 3, 7, 7)",129.77328643798828,0.01379392925573855,44,44,3,
resnet18_no_weights,IMAGENET100,fp32_unfused,conv1,"(64, 3, 7, 7)",115.10924580891927,0.012235251467784786,"42,43,44",aggregate,3,16.030516593579097
resnet18_no_weights,IMAGENET100,fp32_unfused,layer1.0.conv1,"(64, 64, 3, 3)",118.3380708694458,0.0032101256203734213,42,42,3,
resnet18_no_weights,IMAGENET100,fp32_unfused,layer1.0.conv1,"(64, 64, 3, 3)",110.4954762825599,0.0029973816265885392,43,43,3,
resnet18_no_weights,IMAGENET100,fp32_unfused,layer1.0.conv1,"(64, 64, 3, 3)",129.5813768560236,0.0035151198148877932,44,44,3,
resnet18_no_weights,IMAGENET100,fp32_unfused,layer1.0.conv1,"(64, 64, 3, 3)",119.47164133600977,0.003240875687283251,"42,43,44",aggregate,3,9.593312080665108
resnet18_no_weights,IMAGENET100,fp32_unfused,layer1.0.conv2,"(64, 64, 3, 3)",83.07417507171631,0.002253531224818693,42,42,3,
resnet18_no_weights,IMAGENET100,fp32_unfused,layer1.0.conv2,"(64, 64, 3, 3)",62.84173685709636,0.001704691212486338,43,43,3,
resnet18_no_weights,IMAGENET100,fp32_unfused,layer1.0.conv2,"(64, 64, 3, 3)",70.3563679781827,0.0019085386278803902,44,44,3,
resnet18_no_weights,IMAGENET100,fp32_unfused,layer1.0.conv2,"(64, 64, 3, 3)",72.09075996899846,0.0019555870217284736,"42,43,44",aggregate,3,10.227119619446027
resnet18_no_weights,IMAGENET100,fp32_unfused,layer1.1.conv1,"(64, 64, 3, 3)",84.73411156149471,0.002298559883938116,42,42,3,
resnet18_no_weights,IMAGENET100,fp32_unfused,layer1.1.conv1,"(64, 64, 3, 3)",73.2498893737793,0.0019870304192105928,43,43,3,
resnet18_no_weights,IMAGENET100,fp32_unfused,layer1.1.conv1,"(64, 64, 3, 3)",92.59280637105306,0.002511740624214764,44,44,3,
resnet18_no_weights,IMAGENET100,fp32_unfused,layer1.1.conv1,"(64, 64, 3, 3)",83.52560243544235,0.0022657769757878244,"42,43,44",aggregate,3,9.727922708454741
resnet18_no_weights,IMAGENET100,fp32_unfused,layer1.1.conv2,"(64, 64, 3, 3)",66.25362332661946,0.0017972445563861617,42,42,3,
resnet18_no_weights,IMAGENET100,fp32_unfused,layer1.1.conv2,"(64, 64, 3, 3)",63.973501459757486,0.0017353922922026229,43,43,3,
resnet18_no_weights,IMAGENET100,fp32_unfused,layer1.1.conv2,"(64, 64, 3, 3)",88.67351163228354,0.002405422950094497,44,44,3,
resnet18_no_weights,IMAGENET100,fp32_unfused,layer1.1.conv2,"(64, 64, 3, 3)",72.96687880622017,0.0019793532662277604,"42,43,44",aggregate,3,13.650035713561858
resnet18_no_weights,IMAGENET100,fp32_unfused,layer2.0.conv1,"(128, 64, 3, 3)",209.69143981933593,0.002844122176369031,42,42,3,
resnet18_no_weights,IMAGENET100,fp32_unfused,layer2.0.conv1,"(128, 64, 3, 3)",346.78660252889,0.004703594326834988,43,43,3,
resnet18_no_weights,IMAGENET100,fp32_unfused,layer2.0.conv1,"(128, 64, 3, 3)",368.1404587881906,0.004993224538685311,44,44,3,
resnet18_no_weights,IMAGENET100,fp32_unfused,layer2.0.conv1,"(128, 64, 3, 3)",308.20616704547217,0.004180313680629776,"42,43,44",aggregate,3,85.98174460090782
resnet18_no_weights,IMAGENET100,fp32_unfused,layer2.0.conv2,"(128, 128, 3, 3)",182.42642050523025,0.0012371583421849925,42,42,3,
resnet18_no_weights,IMAGENET100,fp32_unfused,layer2.0.conv2,"(128, 128, 3, 3)",171.9089529249403,0.0011658322002830695,43,43,3,
resnet18_no_weights,IMAGENET100,fp32_unfused,layer2.0.conv2,"(128, 128, 3, 3)",203.16525739034017,0.001377802581043431,44,44,3,
resnet18_no_weights,IMAGENET100,fp32_unfused,layer2.0.conv2,"(128, 128, 3, 3)",185.8335436068369,0.001260264374503831,"42,43,44",aggregate,3,15.904260689531286
resnet18_no_weights,IMAGENET100,fp32_unfused,layer2.0.downsample.0,"(128, 64, 1, 1)",117.51856435139975,0.014345527874926727,42,42,3,
resnet18_no_weights,IMAGENET100,fp32_unfused,layer2.0.downsample.0,"(128, 64, 1, 1)",143.77050266265869,0.017550110188312828,43,43,3,
resnet18_no_weights,IMAGENET100,fp32_unfused,layer2.0.downsample.0,"(128, 64, 1, 1)",150.0490342458089,0.018316532500709096,44,44,3,
resnet18_no_weights,IMAGENET100,fp32_unfused,layer2.0.downsample.0,"(128, 64, 1, 1)",137.1127004199558,0.016737390187982884,"42,43,44",aggregate,3,17.256958478102973
resnet18_no_weights,IMAGENET100,fp32_unfused,layer2.1.conv1,"(128, 128, 3, 3)",140.97618344624837,0.0009560559315744925,42,42,3,
resnet18_no_weights,IMAGENET100,fp32_unfused,layer2.1.conv1,"(128, 128, 3, 3)",142.89861424763998,0.0009690932498347981,43,43,3,
resnet18_no_weights,IMAGENET100,fp32_unfused,layer2.1.conv1,"(128, 128, 3, 3)",145.78271865844727,0.0009886523346520132,44,44,3,
resnet18_no_weights,IMAGENET100,fp32_unfused,layer2.1.conv1,"(128, 128, 3, 3)",143.2191721174452,0.0009712671720204345,"42,43,44",aggregate,3,2.4192484778227135
resnet18_no_weights,IMAGENET100,fp32_unfused,layer2.1.conv2,"(128, 128, 3, 3)",112.28651555379231,0.0007614916690659744,42,42,3,
resnet18_no_weights,IMAGENET100,fp32_unfused,layer2.1.conv2,"(128, 128, 3, 3)",165.44424057006836,0.0011219905637618569,43,43,3,
resnet18_no_weights,IMAGENET100,fp32_unfused,layer2.1.conv2,"(128, 128, 3, 3)",133.50487144470216,0.0009053878543070622,44,44,3,
resnet18_no_weights,IMAGENET100,fp32_unfused,layer2.1.conv2,"(128, 128, 3, 3)",137.07854252285426,0.0009296233623782977,"42,43,44",aggregate,3,26.758443077982335
resnet18_no_weights,IMAGENET100,fp32_unfused,layer3.0.conv1,"(256, 128, 3, 3)",325.9948143005371,0.0011053969126401675,42,42,3,
resnet18_no_weights,IMAGENET100,fp32_unfused,layer3.0.conv1,"(256, 128, 3, 3)",257.8674266212865,0.0008743877042008683,43,43,3,
resnet18_no_weights,IMAGENET100,fp32_unfused,layer3.0.conv1,"(256, 128, 3, 3)",333.2400380452474,0.0011299643217137566,44,44,3,
resnet18_no_weights,IMAGENET100,fp32_unfused,layer3.0.conv1,"(256, 128, 3, 3)",305.7007596556903,0.0010365829795182641,"42,43,44",aggregate,3,41.58297883344663
resnet18_no_weights,IMAGENET100,fp32_unfused,layer3.0.conv2,"(256, 256, 3, 3)",313.23586120605466,0.0005310666592170794,42,42,3,
resnet18_no_weights,IMAGENET100,fp32_unfused,layer3.0.conv2,"(256, 256, 3, 3)",293.16690608433316,0.0004970413311162875,43,43,3,
resnet18_no_weights,IMAGENET100,fp32_unfused,layer3.0.conv2,"(256, 256, 3, 3)",327.195142364502,0.0005547335177349548,44,44,3,
resnet18_no_weights,IMAGENET100,fp32_unfused,layer3.0.conv2,"(256, 256, 3, 3)",311.1993032182966,0.0005276138360227739,"42,43,44",aggregate,3,17.105288434074275
resnet18_no_weights,IMAGENET100,fp32_unfused,layer3.0.downsample.0,"(256, 128, 1, 1)",51.87301670710246,0.0015830388399384295,42,42,3,
resnet18_no_weights,IMAGENET100,fp32_unfused,layer3.0.downsample.0,"(256, 128, 1, 1)",53.84796276092529,0.0016433094104286283,43,43,3,
resnet18_no_weights,IMAGENET100,fp32_unfused,layer3.0.downsample.0,"(256, 128, 1, 1)",54.155012130737305,0.0016526798135600984,44,44,3,
resnet18_no_weights,IMAGENET100,fp32_unfused,layer3.0.downsample.0,"(256, 128, 1, 1)",53.29199719958835,0.0016263426879757187,"42,43,44",aggregate,3,1.2384260403500564
resnet18_no_weights,IMAGENET100,fp32_unfused,layer3.1.conv1,"(256, 256, 3, 3)",137.52427780151368,0.00023316154954954981,42,42,3,
resnet18_no_weights,IMAGENET100,fp32_unfused,layer3.1.conv1,"(256, 256, 3, 3)",147.73055051167805,0.0002504654787049663,43,43,3,
resnet18_no_weights,IMAGENET100,fp32_unfused,layer3.1.conv1,"(256, 256, 3, 3)",129.23718121846517,0.00021911143191607186,44,44,3,
resnet18_no_weights,IMAGENET100,fp32_unfused,layer3.1.conv1,"(256, 256, 3, 3)",138.16400317721897,0.00023424615339019602,"42,43,44",aggregate,3,9.263266884367967
resnet18_no_weights,IMAGENET100,fp32_unfused,layer3.1.conv2,"(256, 256, 3, 3)",90.26554934183757,0.00015303810855753168,42,42,3,
resnet18_no_weights,IMAGENET100,fp32_unfused,layer3.1.conv2,"(256, 256, 3, 3)",116.5019953591483,0.0001975199302828442,43,43,3,
resnet18_no_weights,IMAGENET100,fp32_unfused,layer3.1.conv2,"(256, 256, 3, 3)",103.3804123977135,0.00017527332288566334,44,44,3,
resnet18_no_weights,IMAGENET100,fp32_unfused,layer3.1.conv2,"(256, 256, 3, 3)",103.38265236623312,0.00017527712057534642,"42,43,44",aggregate,3,13.118223152085392
resnet18_no_weights,IMAGENET100,fp32_unfused,layer4.0.conv1,"(512, 256, 3, 3)",427.66308177601206,0.00036253448636882534,42,42,3,
resnet18_no_weights,IMAGENET100,fp32_unfused,layer4.0.conv1,"(512, 256, 3, 3)",366.8524005287572,0.00031098463315222606,43,43,3,
resnet18_no_weights,IMAGENET100,fp32_unfused,layer4.0.conv1,"(512, 256, 3, 3)",405.38294219970703,0.0003436473780311644,44,44,3,
resnet18_no_weights,IMAGENET100,fp32_unfused,layer4.0.conv1,"(512, 256, 3, 3)",399.9661415014921,0.0003390554991840719,"42,43,44",aggregate,3,30.765094438209438
resnet18_no_weights,IMAGENET100,fp32_unfused,layer4.0.conv2,"(512, 512, 3, 3)",347.334873453776,0.00014721971022448055,42,42,3,
resnet18_no_weights,IMAGENET100,fp32_unfused,layer4.0.conv2,"(512, 512, 3, 3)",393.02992757161456,0.0001665877988906922,43,43,3,
resnet18_no_weights,IMAGENET100,fp32_unfused,layer4.0.conv2,"(512, 512, 3, 3)",531.7999608357748,0.00022540620627330133,44,44,3,
resnet18_no_weights,IMAGENET100,fp32_unfused,layer4.0.conv2,"(512, 512, 3, 3)",424.05492062038843,0.00017973790512949134,"42,43,44",aggregate,3,96.0664080777951
resnet18_no_weights,IMAGENET100,fp32_unfused,layer4.0.downsample.0,"(512, 256, 1, 1)",98.17442843119304,0.0007490114473815387,42,42,3,
resnet18_no_weights,IMAGENET100,fp32_unfused,layer4.0.downsample.0,"(512, 256, 1, 1)",87.34951604207357,0.0006664239199987303,43,43,3,
resnet18_no_weights,IMAGENET100,fp32_unfused,layer4.0.downsample.0,"(512, 256, 1, 1)",80.12783595493862,0.0006113268734355058,44,44,3,
resnet18_no_weights,IMAGENET100,fp32_unfused,layer4.0.downsample.0,"(512, 256, 1, 1)",88.55059347606841,0.0006755874136052583,"42,43,44",aggregate,3,9.083050988122842
resnet18_no_weights,IMAGENET100,fp32_unfused,layer4.1.conv1,"(512, 512, 3, 3)",343.57981872558594,0.00014562811055738066,42,42,3,
resnet18_no_weights,IMAGENET100,fp32_unfused,layer4.1.conv1,"(512, 512, 3, 3)",334.57896705910014,0.00014181305230844292,43,43,3,
resnet18_no_weights,IMAGENET100,fp32_unfused,layer4.1.conv1,"(512, 512, 3, 3)",452.42464338030135,0.00019176256111157794,44,44,3,
resnet18_no_weights,IMAGENET100,fp32_unfused,layer4.1.conv1,"(512, 512, 3, 3)",376.8611430549958,0.00015973457465913384,"42,43,44",aggregate,3,65.59447971239544
resnet18_no_weights,IMAGENET100,fp32_unfused,layer4.1.conv2,"(512, 512, 3, 3)",52.816226959228516,2.238643517355538e-05,42,42,3,
resnet18_no_weights,IMAGENET100,fp32_unfused,layer4.1.conv2,"(512, 512, 3, 3)",65.37257671356201,2.770850995956506e-05,43,43,3,
resnet18_no_weights,IMAGENET100,fp32_unfused,layer4.1.conv2,"(512, 512, 3, 3)",59.14420294761658,2.5068581029093668e-05,44,44,3,
resnet18_no_weights,IMAGENET100,fp32_unfused,layer4.1.conv2,"(512, 512, 3, 3)",59.11100220680237,2.505450872073804e-05,"42,43,44",aggregate,3,6.27824071736507
resnet18_no_weights,IMAGENET100,fp32_unfused,fc,"(100, 512)",7.106055847803751,0.000138790153277417,42,42,3,
resnet18_no_weights,IMAGENET100,fp32_unfused,fc,"(100, 512)",6.197660501797994,0.00012104805667574207,43,43,3,
resnet18_no_weights,IMAGENET100,fp32_unfused,fc,"(100, 512)",6.452724583943685,0.0001260297770301501,44,44,3,
resnet18_no_weights,IMAGENET100,fp32_unfused,fc,"(100, 512)",6.5854803111818105,0.00012862266232776973,"42,43,44",aggregate,3,0.4685227726558468
resnet18_no_weights,IMAGENET100,fp32_fused,conv1,"(64, 3, 7, 7)",2480.5056274414064,0.26365918659028553,42,42,3,
resnet18_no_weights,IMAGENET100,fp32_fused,conv1,"(64, 3, 7, 7)",2146.702227783203,0.2281783830551874,43,43,3,
resnet18_no_weights,IMAGENET100,fp32_fused,conv1,"(64, 3, 7, 7)",2960.503210449219,0.31467933784536767,44,44,3,
resnet18_no_weights,IMAGENET100,fp32_fused,conv1,"(64, 3, 7, 7)",2529.237021891276,0.26883896916361355,"42,43,44",aggregate,3,409.08320846841764
resnet18_no_weights,IMAGENET100,fp32_fused,layer1.0.conv1,"(64, 64, 3, 3)",288.98934898376467,0.00783933780880438,42,42,3,
resnet18_no_weights,IMAGENET100,fp32_fused,layer1.0.conv1,"(64, 64, 3, 3)",329.14944394429523,0.008928750106995856,43,43,3,
resnet18_no_weights,IMAGENET100,fp32_fused,layer1.0.conv1,"(64, 64, 3, 3)",269.05789311726886,0.007298662465203691,44,44,3,
resnet18_no_weights,IMAGENET100,fp32_fused,layer1.0.conv1,"(64, 64, 3, 3)",295.73222868177623,0.008022250127001309,"42,43,44",aggregate,3,30.607980007927114
resnet18_no_weights,IMAGENET100,fp32_fused,layer1.0.conv2,"(64, 64, 3, 3)",45.27616936819894,0.001228194698573105,42,42,3,
resnet18_no_weights,IMAGENET100,fp32_fused,layer1.0.conv2,"(64, 64, 3, 3)",37.51179577509562,0.0010175725850449116,43,43,3,
resnet18_no_weights,IMAGENET100,fp32_fused,layer1.0.conv2,"(64, 64, 3, 3)",40.260584926605226,0.0010921382629829977,44,44,3,
resnet18_no_weights,IMAGENET100,fp32_fused,layer1.0.conv2,"(64, 64, 3, 3)",41.01618335663326,0.001112635182200338,"42,43,44",aggregate,3,3.9369494616918406
resnet18_no_weights,IMAGENET100,fp32_fused,layer1.1.conv1,"(64, 64, 3, 3)",237.47690760294597,0.006441973405027831,42,42,3,
resnet18_no_weights,IMAGENET100,fp32_fused,layer1.1.conv1,"(64, 64, 3, 3)",196.86442489624022,0.005340289303825961,43,43,3,
resnet18_no_weights,IMAGENET100,fp32_fused,layer1.1.conv1,"(64, 64, 3, 3)",213.467525775616,0.005790677240006944,44,44,3,
resnet18_no_weights,IMAGENET100,fp32_fused,layer1.1.conv1,"(64, 64, 3, 3)",215.93628609160072,0.005857646649620245,"42,43,44",aggregate,3,20.418484787661257
resnet18_no_weights,IMAGENET100,fp32_fused,layer1.1.conv2,"(64, 64, 3, 3)",20.83538112640381,0.0005651958855903811,42,42,3,
resnet18_no_weights,IMAGENET100,fp32_fused,layer1.1.conv2,"(64, 64, 3, 3)",14.483642983436585,0.0003928939611392303,43,43,3,
resnet18_no_weights,IMAGENET100,fp32_fused,layer1.1.conv2,"(64, 64, 3, 3)",15.12803150812785,0.0004103741186015584,44,44,3,
resnet18_no_weights,IMAGENET100,fp32_fused,layer1.1.conv2,"(64, 64, 3, 3)",16.815685205989414,0.00045615465511038994,"42,43,44",aggregate,3,3.496037129684916
resnet18_no_weights,IMAGENET100,fp32_fused,layer2.0.conv1,"(128, 64, 3, 3)",1090.0907491048176,0.01478530204406491,42,42,3,
resnet18_no_weights,IMAGENET100,fp32_fused,layer2.0.conv1,"(128, 64, 3, 3)",1511.1378590901693,0.020496118965524213,43,43,3,
resnet18_no_weights,IMAGENET100,fp32_fused,layer2.0.conv1,"(128, 64, 3, 3)",1564.805908203125,0.021224038468466863,44,44,3,
resnet18_no_weights,IMAGENET100,fp32_fused,layer2.0.conv1,"(128, 64, 3, 3)",1388.678172132704,0.018835153159351997,"42,43,44",aggregate,3,259.972886599205
resnet18_no_weights,IMAGENET100,fp32_fused,layer2.0.conv2,"(128, 128, 3, 3)",47.00820744832357,0.0003187948096267603,42,42,3,
resnet18_no_weights,IMAGENET100,fp32_fused,layer2.0.conv2,"(128, 128, 3, 3)",40.3594030380249,0.0002737047189536194,43,43,3,
resnet18_no_weights,IMAGENET100,fp32_fused,layer2.0.conv2,"(128, 128, 3, 3)",45.72012786865234,0.0003100594609147972,44,44,3,
resnet18_no_weights,IMAGENET100,fp32_fused,layer2.0.conv2,"(128, 128, 3, 3)",44.36257945166694,0.0003008529964983923,"42,43,44",aggregate,3,3.5261669415877677
resnet18_no_weights,IMAGENET100,fp32_fused,layer2.0.downsample.0,"(128, 64, 1, 1)",99.96256027221679,0.012202460970729589,42,42,3,
resnet18_no_weights,IMAGENET100,fp32_fused,layer2.0.downsample.0,"(128, 64, 1, 1)",105.39290650685628,0.01286534503257523,43,43,3,
resnet18_no_weights,IMAGENET100,fp32_fused,layer2.0.downsample.0,"(128, 64, 1, 1)",151.6680472056071,0.01851416591865321,44,44,3,
resnet18_no_weights,IMAGENET100,fp32_fused,layer2.0.downsample.0,"(128, 64, 1, 1)",119.00783799489339,0.01452732397398601,"42,43,44",aggregate,3,28.41459333375559
resnet18_no_weights,IMAGENET100,fp32_fused,layer2.1.conv1,"(128, 128, 3, 3)",211.17072970072428,0.0014320931647455802,42,42,3,
resnet18_no_weights,IMAGENET100,fp32_fused,layer2.1.conv1,"(128, 128, 3, 3)",191.01130822988657,0.0012953783381475597,43,43,3,
resnet18_no_weights,IMAGENET100,fp32_fused,layer2.1.conv1,"(128, 128, 3, 3)",183.99030605115388,0.0012477641198130553,44,44,3,
resnet18_no_weights,IMAGENET100,fp32_fused,layer2.1.conv1,"(128, 128, 3, 3)",195.3907813272549,0.001325078540902065,"42,43,44",aggregate,3,14.109525006195682
resnet18_no_weights,IMAGENET100,fp32_fused,layer2.1.conv2,"(128, 128, 3, 3)",33.03233428001404,0.0002240148537869876,42,42,3,
resnet18_no_weights,IMAGENET100,fp32_fused,layer2.1.conv2,"(128, 128, 3, 3)",42.34554557800293,0.00028717411009387836,43,43,3,
resnet18_no_weights,IMAGENET100,fp32_fused,layer2.1.conv2,"(128, 128, 3, 3)",31.783593034744264,0.0002155462852291142,44,44,3,
resnet18_no_weights,IMAGENET100,fp32_fused,layer2.1.conv2,"(128, 128, 3, 3)",35.72049096425374,0.00024224508303666002,"42,43,44",aggregate,3,5.771338679264888
resnet18_no_weights,IMAGENET100,fp32_fused,layer3.0.conv1,"(256, 128, 3, 3)",344.13939399719237,0.0011669223157999417,42,42,3,
resnet18_no_weights,IMAGENET100,fp32_fused,layer3.0.conv1,"(256, 128, 3, 3)",275.6203938188224,0.0009345852112454643,43,43,3,
resnet18_no_weights,IMAGENET100,fp32_fused,layer3.0.conv1,"(256, 128, 3, 3)",350.3156547546387,0.0011878650402650237,44,44,3,
resnet18_no_weights,IMAGENET100,fp32_fused,layer3.0.conv1,"(256, 128, 3, 3)",323.35848085688446,0.0010964575224368099,"42,43,44",aggregate,3,41.45757186300455
resnet18_no_weights,IMAGENET100,fp32_fused,layer3.0.conv2,"(256, 256, 3, 3)",76.86848625769981,0.0001303244463733246,42,42,3,
resnet18_no_weights,IMAGENET100,fp32_fused,layer3.0.conv2,"(256, 256, 3, 3)",70.22608804702759,0.00011906278491046073,43,43,3,
resnet18_no_weights,IMAGENET100,fp32_fused,layer3.0.conv2,"(256, 256, 3, 3)",77.06329905192057,0.00013065473607706802,44,44,3,
resnet18_no_weights,IMAGENET100,fp32_fused,layer3.0.conv2,"(256, 256, 3, 3)",74.71929111888265,0.0001266806557869511,"42,43,44",aggregate,3,3.892446966869798
resnet18_no_weights,IMAGENET100,fp32_fused,layer3.0.downsample.0,"(256, 128, 1, 1)",23.526532204945884,0.0007179727845747645,42,42,3,
resnet18_no_weights,IMAGENET100,fp32_fused,layer3.0.downsample.0,"(256, 128, 1, 1)",25.17480330631651,0.0007682740266820224,43,43,3,
resnet18_no_weights,IMAGENET100,fp32_fused,layer3.0.downsample.0,"(256, 128, 1, 1)",34.655031236012775,0.0010575876231693352,44,44,3,
resnet18_no_weights,IMAGENET100,fp32_fused,layer3.0.downsample.0,"(256, 128, 1, 1)",27.785455582425055,0.000847944811475374,"42,43,44",aggregate,3,6.006038765374166
resnet18_no_weights,IMAGENET100,fp32_fused,layer3.1.conv1,"(256, 256, 3, 3)",158.60727208455404,0.0002689061009463061,42,42,3,
resnet18_no_weights,IMAGENET100,fp32_fused,layer3.1.conv1,"(256, 256, 3, 3)",186.71962203979493,0.0003165683696149952,43,43,3,
resnet18_no_weights,IMAGENET100,fp32_fused,layer3.1.conv1,"(256, 256, 3, 3)",133.4187340987356,0.0002262009245109314,44,44,3,
resnet18_no_weights,IMAGENET100,fp32_fused,layer3.1.conv1,"(256, 256, 3, 3)",159.58187607436153,0.0002705584650240776,"42,43,44",aggregate,3,26.66380605857034
resnet18_no_weights,IMAGENET100,fp32_fused,layer3.1.conv2,"(256, 256, 3, 3)",23.225721327463784,3.937737584001971e-05,42,42,3,
resnet18_no_weights,IMAGENET100,fp32_fused,layer3.1.conv2,"(256, 256, 3, 3)",26.873437372843423,4.556179025072466e-05,43,43,3,
resnet18_no_weights,IMAGENET100,fp32_fused,layer3.1.conv2,"(256, 256, 3, 3)",25.186398696899413,4.270154944000145e-05,44,44,3,
resnet18_no_weights,IMAGENET100,fp32_fused,layer3.1.conv2,"(256, 256, 3, 3)",25.095185799068872,4.254690517691527e-05,"42,43,44",aggregate,3,1.8255678380925757
resnet18_no_weights,IMAGENET100,fp32_fused,layer4.0.conv1,"(512, 256, 3, 3)",256.34747591885656,0.00021730844787500725,42,42,3,
resnet18_no_weights,IMAGENET100,fp32_fused,layer4.0.conv1,"(512, 256, 3, 3)",314.14960021972655,0.00026630791576786174,43,43,3,
resnet18_no_weights,IMAGENET100,fp32_fused,layer4.0.conv1,"(512, 256, 3, 3)",328.1134287516276,0.00027814519988303936,44,44,3,
resnet18_no_weights,IMAGENET100,fp32_fused,layer4.0.conv1,"(512, 256, 3, 3)",299.5368349634036,0.00025392052117530277,"42,43,44",aggregate,3,38.049148187918476
resnet18_no_weights,IMAGENET100,fp32_fused,layer4.0.conv2,"(512, 512, 3, 3)",36.291475741068524,1.538233258610557e-05,42,42,3,
resnet18_no_weights,IMAGENET100,fp32_fused,layer4.0.conv2,"(512, 512, 3, 3)",40.23623674566095,1.7054340254745887e-05,43,43,3,
resnet18_no_weights,IMAGENET100,fp32_fused,layer4.0.conv2,"(512, 512, 3, 3)",32.1034929969094,1.3607234105813514e-05,44,44,3,
resnet18_no_weights,IMAGENET100,fp32_fused,layer4.0.conv2,"(512, 512, 3, 3)",36.21040182787963,1.5347968982221657e-05,"42,43,44",aggregate,3,4.066977988047658
resnet18_no_weights,IMAGENET100,fp32_fused,layer4.0.downsample.0,"(512, 256, 1, 1)",20.22523694202818,0.00015430631211874526,42,42,3,
resnet18_no_weights,IMAGENET100,fp32_fused,layer4.0.downsample.0,"(512, 256, 1, 1)",27.214485216140748,0.0002076300446788082,43,43,3,
resnet18_no_weights,IMAGENET100,fp32_fused,layer4.0.downsample.0,"(512, 256, 1, 1)",20.88457636833191,0.00015933667273202446,44,44,3,
resnet18_no_weights,IMAGENET100,fp32_fused,layer4.0.downsample.0,"(512, 256, 1, 1)",22.77476617550028,0.0001737576765098593,"42,43,44",aggregate,3,3.8590168423626734
resnet18_no_weights,IMAGENET100,fp32_fused,layer4.1.conv1,"(512, 512, 3, 3)",84.89538116455078,3.598335315473378e-05,42,42,3,
resnet18_no_weights,IMAGENET100,fp32_fused,layer4.1.conv1,"(512, 512, 3, 3)",105.66156412760417,4.478520886213691e-05,43,43,3,
resnet18_no_weights,IMAGENET100,fp32_fused,layer4.1.conv1,"(512, 512, 3, 3)",117.93865164120992,4.998891688080254e-05,44,44,3,
resnet18_no_weights,IMAGENET100,fp32_fused,layer4.1.conv1,"(512, 512, 3, 3)",102.83186564445495,4.358582629922441e-05,"42,43,44",aggregate,3,16.702389831325515
resnet18_no_weights,IMAGENET100,fp32_fused,layer4.1.conv2,"(512, 512, 3, 3)",0.17387159488030843,7.369638861775225e-08,42,42,3,
resnet18_no_weights,IMAGENET100,fp32_fused,layer4.1.conv2,"(512, 512, 3, 3)",0.10958097047275966,4.644646982521891e-08,43,43,3,
resnet18_no_weights,IMAGENET100,fp32_fused,layer4.1.conv2,"(512, 512, 3, 3)",0.1426671925932169,6.047023883108219e-08,44,44,3,
resnet18_no_weights,IMAGENET100,fp32_fused,layer4.1.conv2,"(512, 512, 3, 3)",0.14203991931542834,6.020436575801779e-08,"42,43,44",aggregate,3,0.03214990202942922
resnet18_no_weights,IMAGENET100,fp32_fused,fc,"(100, 512)",7.687787248974755,0.00015015209470653818,42,42,3,
resnet18_no_weights,IMAGENET100,fp32_fused,fc,"(100, 512)",8.156365227699279,0.00015930400835350154,43,43,3,
resnet18_no_weights,IMAGENET100,fp32_fused,fc,"(100, 512)",8.556320230166117,0.00016711562949543198,44,44,3,
resnet18_no_weights,IMAGENET100,fp32_fused,fc,"(100, 512)",8.13349090228005,0.00015885724418515722,"42,43,44",aggregate,3,0.4347180821254475
resnet18_no_weights,IMAGENET100,ptq,conv1,"(64, 3, 7, 7)",3506.8471862792967,0.3727516141878504,42,42,3,
resnet18_no_weights,IMAGENET100,ptq,conv1,"(64, 3, 7, 7)",3514.547157796224,0.3735700635412653,43,43,3,
resnet18_no_weights,IMAGENET100,ptq,conv1,"(64, 3, 7, 7)",2724.4366030485735,0.28958722396349634,44,44,3,
resnet18_no_weights,IMAGENET100,ptq,conv1,"(64, 3, 7, 7)",3248.6103157080315,0.34530296723087067,"42,43,44",aggregate,3,453.9640769628587
resnet18_no_weights,IMAGENET100,ptq,layer1.0.conv1,"(64, 64, 3, 3)",493.3996815999349,0.013384322960067679,42,42,3,
resnet18_no_weights,IMAGENET100,ptq,layer1.0.conv1,"(64, 64, 3, 3)",647.6251007080078,0.017567955205837885,43,43,3,
resnet18_no_weights,IMAGENET100,ptq,layer1.0.conv1,"(64, 64, 3, 3)",540.9537775675456,0.014674310372383505,44,44,3,
resnet18_no_weights,IMAGENET100,ptq,layer1.0.conv1,"(64, 64, 3, 3)",560.659519958496,0.015208862846096356,"42,43,44",aggregate,3,78.97852358172483
resnet18_no_weights,IMAGENET100,ptq,layer1.0.conv2,"(64, 64, 3, 3)",62.39193852742513,0.001692489651894128,42,42,3,
resnet18_no_weights,IMAGENET100,ptq,layer1.0.conv2,"(64, 64, 3, 3)",48.250655505968176,0.001308882799098529,43,43,3,
resnet18_no_weights,IMAGENET100,ptq,layer1.0.conv2,"(64, 64, 3, 3)",69.89732237423168,0.0018960862189190452,44,44,3,
resnet18_no_weights,IMAGENET100,ptq,layer1.0.conv2,"(64, 64, 3, 3)",60.179972135875,0.0016324862233039008,"42,43,44",aggregate,3,10.991548713188907
resnet18_no_weights,IMAGENET100,ptq,layer1.1.conv1,"(64, 64, 3, 3)",255.68510767618815,0.006935902443472986,42,42,3,
resnet18_no_weights,IMAGENET100,ptq,layer1.1.conv1,"(64, 64, 3, 3)",260.44552939278736,0.007065037147156775,43,43,3,
resnet18_no_weights,IMAGENET100,ptq,layer1.1.conv1,"(64, 64, 3, 3)",262.87836682354964,0.007131032086142297,44,44,3,
resnet18_no_weights,IMAGENET100,ptq,layer1.1.conv1,"(64, 64, 3, 3)",259.66966796417506,0.00704399055892402,"42,43,44",aggregate,3,3.658854329920936
resnet18_no_weights,IMAGENET100,ptq,layer1.1.conv2,"(64, 64, 3, 3)",31.292937914530437,0.0008488752689488508,42,42,3,
resnet18_no_weights,IMAGENET100,ptq,layer1.1.conv2,"(64, 64, 3, 3)",28.03182147979736,0.0007604118239962392,43,43,3,
resnet18_no_weights,IMAGENET100,ptq,layer1.1.conv2,"(64, 64, 3, 3)",26.741256841023763,0.0007254030176058963,44,44,3,
resnet18_no_weights,IMAGENET100,ptq,layer1.1.conv2,"(64, 64, 3, 3)",28.68867207845052,0.0007782300368503288,"42,43,44",aggregate,3,2.345855852443406
resnet18_no_weights,IMAGENET100,ptq,layer2.0.conv1,"(128, 64, 3, 3)",1317.6805639648437,0.01787218646870719,42,42,3,
resnet18_no_weights,IMAGENET100,ptq,layer2.0.conv1,"(128, 64, 3, 3)",1343.131300184462,0.01821738417133873,43,43,3,
resnet18_no_weights,IMAGENET100,ptq,layer2.0.conv1,"(128, 64, 3, 3)",1692.8119649251303,0.022960231729127742,44,44,3,
resnet18_no_weights,IMAGENET100,ptq,layer2.0.conv1,"(128, 64, 3, 3)",1451.207943024812,0.01968326745639122,"42,43,44",aggregate,3,209.6218322177756
resnet18_no_weights,IMAGENET100,ptq,layer2.0.conv2,"(128, 128, 3, 3)",59.07546596527099,0.000400631143970208,42,42,3,
resnet18_no_weights,IMAGENET100,ptq,layer2.0.conv2,"(128, 128, 3, 3)",58.22502816518148,0.0003948637435247225,43,43,3,
resnet18_no_weights,IMAGENET100,ptq,layer2.0.conv2,"(128, 128, 3, 3)",54.748899269104,0.00037128973571169704,44,44,3,
resnet18_no_weights,IMAGENET100,ptq,layer2.0.conv2,"(128, 128, 3, 3)",57.349797799852155,0.0003889282077355425,"42,43,44",aggregate,3,2.2922294798713354
resnet18_no_weights,IMAGENET100,ptq,layer2.0.downsample.0,"(128, 64, 1, 1)",188.41226609547934,0.022999544201108318,42,42,3,
resnet18_no_weights,IMAGENET100,ptq,layer2.0.downsample.0,"(128, 64, 1, 1)",161.15233764648437,0.01967191621661186,43,43,3,
resnet18_no_weights,IMAGENET100,ptq,layer2.0.downsample.0,"(128, 64, 1, 1)",164.92814593844943,0.020132830314752128,44,44,3,
resnet18_no_weights,IMAGENET100,ptq,layer2.0.downsample.0,"(128, 64, 1, 1)",171.49758322680438,0.02093476357749077,"42,43,44",aggregate,3,14.769700554693133
resnet18_no_weights,IMAGENET100,ptq,layer2.1.conv1,"(128, 128, 3, 3)",308.252010345459,0.0020904677350901896,42,42,3,
resnet18_no_weights,IMAGENET100,ptq,layer2.1.conv1,"(128, 128, 3, 3)",304.3739201472356,0.0020641677527346164,43,43,3,
resnet18_no_weights,IMAGENET100,ptq,layer2.1.conv1,"(128, 128, 3, 3)",287.6800303141276,0.001950955066691946,44,44,3,
resnet18_no_weights,IMAGENET100,ptq,layer2.1.conv1,"(128, 128, 3, 3)",300.1019869356074,0.002035196851505584,"42,43,44",aggregate,3,10.931086433920171
resnet18_no_weights,IMAGENET100,ptq,layer2.1.conv2,"(128, 128, 3, 3)",45.68886651992798,0.00030984745632546643,42,42,3,
resnet18_no_weights,IMAGENET100,ptq,layer2.1.conv2,"(128, 128, 3, 3)",56.48887465981876,0.00038308969902763377,43,43,3,
resnet18_no_weights,IMAGENET100,ptq,layer2.1.conv2,"(128, 128, 3, 3)",49.24720401763916,0.0003339789768991371,44,44,3,
resnet18_no_weights,IMAGENET100,ptq,layer2.1.conv2,"(128, 128, 3, 3)",50.47498173246197,0.0003423053774174124,"42,43,44",aggregate,3,5.503691719490512
resnet18_no_weights,IMAGENET100,ptq,layer3.0.conv1,"(256, 128, 3, 3)",529.7972295125326,0.00179645870467303,42,42,3,
resnet18_no_weights,IMAGENET100,ptq,layer3.0.conv1,"(256, 128, 3, 3)",393.27356610979353,0.0013335285309169975,43,43,3,
resnet18_no_weights,IMAGENET100,ptq,layer3.0.conv1,"(256, 128, 3, 3)",475.34146477194395,0.0016118078096921927,44,44,3,
resnet18_no_weights,IMAGENET100,ptq,layer3.0.conv1,"(256, 128, 3, 3)",466.13742013142337,0.0015805983484274066,"42,43,44",aggregate,3,68.72563928792964
resnet18_no_weights,IMAGENET100,ptq,layer3.0.conv2,"(256, 256, 3, 3)",138.688703028361,0.00023513574054016283,42,42,3,
resnet18_no_weights,IMAGENET100,ptq,layer3.0.conv2,"(256, 256, 3, 3)",115.90689112345378,0.0001965109780603261,43,43,3,
resnet18_no_weights,IMAGENET100,ptq,layer3.0.conv2,"(256, 256, 3, 3)",123.45521384791324,0.00020930856297457078,44,44,3,
resnet18_no_weights,IMAGENET100,ptq,layer3.0.conv2,"(256, 256, 3, 3)",126.01693599990934,0.0002136517605250199,"42,43,44",aggregate,3,11.604936609291057
resnet18_no_weights,IMAGENET100,ptq,layer3.0.downsample.0,"(256, 128, 1, 1)",38.92128553390503,0.001187783372006379,42,42,3,
resnet18_no_weights,IMAGENET100,ptq,layer3.0.downsample.0,"(256, 128, 1, 1)",32.31700244702791,0.0009862366469429904,43,43,3,
resnet18_no_weights,IMAGENET100,ptq,layer3.0.downsample.0,"(256, 128, 1, 1)",30.411568546295165,0.0009280874190153554,44,44,3,
resnet18_no_weights,IMAGENET100,ptq,layer3.0.downsample.0,"(256, 128, 1, 1)",33.88328550907603,0.0010340358126549082,"42,43,44",aggregate,3,4.465842896380045
resnet18_no_weights,IMAGENET100,ptq,layer3.1.conv1,"(256, 256, 3, 3)",276.14725062052406,0.0004681858497119888,42,42,3,
resnet18_no_weights,IMAGENET100,ptq,layer3.1.conv1,"(256, 256, 3, 3)",251.1800506591797,0.000425855934412943,43,43,3,
resnet18_no_weights,IMAGENET100,ptq,layer3.1.conv1,"(256, 256, 3, 3)",343.79990946451824,0.0005828855886917424,44,44,3,
resnet18_no_weights,IMAGENET100,ptq,layer3.1.conv1,"(256, 256, 3, 3)",290.3757369147407,0.0004923091242722247,"42,43,44",aggregate,3,47.921257578957004
resnet18_no_weights,IMAGENET100,ptq,layer3.1.conv2,"(256, 256, 3, 3)",53.537948021521935,9.076936174438805e-05,42,42,3,
resnet18_no_weights,IMAGENET100,ptq,layer3.1.conv2,"(256, 256, 3, 3)",59.66102123260498,0.00010115054869351702,43,43,3,
resnet18_no_weights,IMAGENET100,ptq,layer3.1.conv2,"(256, 256, 3, 3)",53.25040054321289,9.028184770916899e-05,44,44,3,
resnet18_no_weights,IMAGENET100,ptq,layer3.1.conv2,"(256, 256, 3, 3)",55.48312326577994,9.406725271569136e-05,"42,43,44",aggregate,3,3.6210211893844404
resnet18_no_weights,IMAGENET100,ptq,layer4.0.conv1,"(512, 256, 3, 3)",506.09849243164064,0.00042902500782575874,42,42,3,
resnet18_no_weights,IMAGENET100,ptq,layer4.0.conv1,"(512, 256, 3, 3)",654.8000539143881,0.0005550808833774041,43,43,3,
resnet18_no_weights,IMAGENET100,ptq,layer4.0.conv1,"(512, 256, 3, 3)",440.21021461486816,0.0003731708226647849,44,44,3,
resnet18_no_weights,IMAGENET100,ptq,layer4.0.conv1,"(512, 256, 3, 3)",533.702920320299,0.00045242557128931594,"42,43,44",aggregate,3,109.92589827671888
resnet18_no_weights,IMAGENET100,ptq,layer4.0.conv2,"(512, 512, 3, 3)",79.16027081807455,3.355249651509372e-05,42,42,3,
resnet18_no_weights,IMAGENET100,ptq,layer4.0.conv2,"(512, 512, 3, 3)",72.67105000813802,3.0802006195126864e-05,43,43,3,
resnet18_no_weights,IMAGENET100,ptq,layer4.0.conv2,"(512, 512, 3, 3)",76.35537567138672,3.2363626976600956e-05,44,44,3,
resnet18_no_weights,IMAGENET100,ptq,layer4.0.conv2,"(512, 512, 3, 3)",76.06223216586643,3.223937656227384e-05,"42,43,44",aggregate,3,3.254527080260642
resnet18_no_weights,IMAGENET100,ptq,layer4.0.downsample.0,"(512, 256, 1, 1)",34.32703688939412,0.00026189450751796053,42,42,3,
resnet18_no_weights,IMAGENET100,ptq,layer4.0.downsample.0,"(512, 256, 1, 1)",34.93133405049642,0.0002665049289741243,43,43,3,
resnet18_no_weights,IMAGENET100,ptq,layer4.0.downsample.0,"(512, 256, 1, 1)",36.75698295006385,0.00028043352470446663,44,44,3,
resnet18_no_weights,IMAGENET100,ptq,layer4.0.downsample.0,"(512, 256, 1, 1)",35.33845129665146,0.00026961098706551715,"42,43,44",aggregate,3,1.2650959661340848
resnet18_no_weights,IMAGENET100,ptq,layer4.1.conv1,"(512, 512, 3, 3)",188.50397887053313,7.989840141742839e-05,42,42,3,
resnet18_no_weights,IMAGENET100,ptq,layer4.1.conv1,"(512, 512, 3, 3)",187.0658721923828,7.92888523493376e-05,43,43,3,
resnet18_no_weights,IMAGENET100,ptq,layer4.1.conv1,"(512, 512, 3, 3)",221.32047551472982,9.380784586365163e-05,44,44,3,
resnet18_no_weights,IMAGENET100,ptq,layer4.1.conv1,"(512, 512, 3, 3)",198.9634421925486,8.433169987680587e-05,"42,43,44",aggregate,3,19.375106243096493
resnet18_no_weights,IMAGENET100,ptq,layer4.1.conv2,"(512, 512, 3, 3)",0.28074909538030624,1.1899697849710516e-07,42,42,3,
resnet18_no_weights,IMAGENET100,ptq,layer4.1.conv2,"(512, 512, 3, 3)",0.2610940691725961,1.1066609241595632e-07,43,43,3,
resnet18_no_weights,IMAGENET100,ptq,layer4.1.conv2,"(512, 512, 3, 3)",0.26799662544259,1.1359177714139726e-07,44,44,3,
resnet18_no_weights,IMAGENET100,ptq,layer4.1.conv2,"(512, 512, 3, 3)",0.26994659666516413,1.1441828268481959e-07,"42,43,44",aggregate,3,0.00997154976084929
resnet18_no_weights,IMAGENET100,ptq,fc,"(100, 512)",16.04466438293457,0.0003133723512291908,42,42,3,
resnet18_no_weights,IMAGENET100,ptq,fc,"(100, 512)",13.398670482635499,0.0002616927828639746,43,43,3,
resnet18_no_weights,IMAGENET100,ptq,fc,"(100, 512)",15.062126096089681,0.0002941821503142516,44,44,3,
resnet18_no_weights,IMAGENET100,ptq,fc,"(100, 512)",14.835153653886584,0.00028974909480247236,"42,43,44",aggregate,3,1.3375194567723874
resnet18_no_weights,IMAGENET100,qat,conv1,"(64, 3, 7, 7)",1620.169216579861,0.17221186400721314,42,42,3,
resnet18_no_weights,IMAGENET100,qat,conv1,"(64, 3, 7, 7)",1700.1245493570964,0.18071051757622197,43,43,3,
resnet18_no_weights,IMAGENET100,qat,conv1,"(64, 3, 7, 7)",1439.5572875976563,0.15301416747424068,44,44,3,
resnet18_no_weights,IMAGENET100,qat,conv1,"(64, 3, 7, 7)",1586.6170178448713,0.1686455163525586,"42,43,44",aggregate,3,133.4845946361127
resnet18_no_weights,IMAGENET100,qat,layer1.0.conv1,"(64, 64, 3, 3)",210.3223637898763,0.005705359260793085,42,42,3,
resnet18_no_weights,IMAGENET100,qat,layer1.0.conv1,"(64, 64, 3, 3)",141.91729609171549,0.0038497530406823863,43,43,3,
resnet18_no_weights,IMAGENET100,qat,layer1.0.conv1,"(64, 64, 3, 3)",216.4711965414194,0.005872157024235552,44,44,3,
resnet18_no_weights,IMAGENET100,qat,layer1.0.conv1,"(64, 64, 3, 3)",189.57028547433706,0.005142423108570341,"42,43,44",aggregate,3,41.38305914111227
resnet18_no_weights,IMAGENET100,qat,layer1.0.conv2,"(64, 64, 3, 3)",42.83364709218343,0.0011619370413461219,42,42,3,
resnet18_no_weights,IMAGENET100,qat,layer1.0.conv2,"(64, 64, 3, 3)",39.71715157826741,0.0010773966899486603,43,43,3,
resnet18_no_weights,IMAGENET100,qat,layer1.0.conv2,"(64, 64, 3, 3)",39.419155733925955,0.0010693130353170018,44,44,3,
resnet18_no_weights,IMAGENET100,qat,layer1.0.conv2,"(64, 64, 3, 3)",40.6566514681256,0.0011028822555372614,"42,43,44",aggregate,3,1.8912120032366575
resnet18_no_weights,IMAGENET100,qat,layer1.1.conv1,"(64, 64, 3, 3)",214.8072773615519,0.00582702032773307,42,42,3,
resnet18_no_weights,IMAGENET100,qat,layer1.1.conv1,"(64, 64, 3, 3)",163.02596855163574,0.004422362428158522,43,43,3,
resnet18_no_weights,IMAGENET100,qat,layer1.1.conv1,"(64, 64, 3, 3)",199.67688687642416,0.005416582217784943,44,44,3,
resnet18_no_weights,IMAGENET100,qat,layer1.1.conv1,"(64, 64, 3, 3)",192.50337759653726,0.005221988324558845,"42,43,44",aggregate,3,26.625559375503137
resnet18_no_weights,IMAGENET100,qat,layer1.1.conv2,"(64, 64, 3, 3)",18.10335019429525,0.0004910848034476793,42,42,3,
resnet18_no_weights,IMAGENET100,qat,layer1.1.conv2,"(64, 64, 3, 3)",15.248006426769754,0.00041362864655950936,43,43,3,
resnet18_no_weights,IMAGENET100,qat,layer1.1.conv2,"(64, 64, 3, 3)",19.408200120925905,0.0005264811230719918,44,44,3,
resnet18_no_weights,IMAGENET100,qat,layer1.1.conv2,"(64, 64, 3, 3)",17.58651891399697,0.00047706485769306015,"42,43,44",aggregate,3,2.1277074099709337
resnet18_no_weights,IMAGENET100,qat,layer2.0.conv1,"(128, 64, 3, 3)",1117.9376485188802,0.015162999790023874,42,42,3,
resnet18_no_weights,IMAGENET100,qat,layer2.0.conv1,"(128, 64, 3, 3)",1448.644898223877,0.01964850393641326,43,43,3,
resnet18_no_weights,IMAGENET100,qat,layer2.0.conv1,"(128, 64, 3, 3)",1353.6668100992838,0.018360281169966415,44,44,3,
resnet18_no_weights,IMAGENET100,qat,layer2.0.conv1,"(128, 64, 3, 3)",1306.7497856140137,0.017723928298801185,"42,43,44",aggregate,3,170.27250700501926
resnet18_no_weights,IMAGENET100,qat,layer2.0.conv2,"(128, 128, 3, 3)",23.62805430094401,0.00016023799846017804,42,42,3,
resnet18_no_weights,IMAGENET100,qat,layer2.0.conv2,"(128, 128, 3, 3)",45.08192599614461,0.0003057313774695137,43,43,3,
resnet18_no_weights,IMAGENET100,qat,layer2.0.conv2,"(128, 128, 3, 3)",50.01401816474067,0.0003391792681528094,44,44,3,
resnet18_no_weights,IMAGENET100,qat,layer2.0.conv2,"(128, 128, 3, 3)",39.5746661539431,0.0002683828813608337,"42,43,44",aggregate,3,14.028620940154447
resnet18_no_weights,IMAGENET100,qat,layer2.0.downsample.0,"(128, 64, 1, 1)",80.49373849232991,0.009825895812051991,42,42,3,
resnet18_no_weights,IMAGENET100,qat,layer2.0.downsample.0,"(128, 64, 1, 1)",126.4670226097107,0.01543786897091195,43,43,3,
resnet18_no_weights,IMAGENET100,qat,layer2.0.downsample.0,"(128, 64, 1, 1)",121.81944097321609,0.014870537228175792,44,44,3,
resnet18_no_weights,IMAGENET100,qat,layer2.0.downsample.0,"(128, 64, 1, 1)",109.59340069175224,0.013378100670379912,"42,43,44",aggregate,3,25.307958409507012
resnet18_no_weights,IMAGENET100,qat,layer2.1.conv1,"(128, 128, 3, 3)",169.97014271129262,0.0011526838020242828,42,42,3,
resnet18_no_weights,IMAGENET100,qat,layer2.1.conv1,"(128, 128, 3, 3)",196.79828809102375,0.0013346238070409055,43,43,3,
resnet18_no_weights,IMAGENET100,qat,layer2.1.conv1,"(128, 128, 3, 3)",149.06122487386068,0.0010108861278880525,44,44,3,
resnet18_no_weights,IMAGENET100,qat,layer2.1.conv1,"(128, 128, 3, 3)",171.94321855872568,0.0011660645789844134,"42,43,44",aggregate,3,23.929617054492297
resnet18_no_weights,IMAGENET100,qat,layer2.1.conv2,"(128, 128, 3, 3)",46.473226356506345,0.00031516673690122035,42,42,3,
resnet18_no_weights,IMAGENET100,qat,layer2.1.conv2,"(128, 128, 3, 3)",34.94587388038635,0.00023699187473135276,43,43,3,
resnet18_no_weights,IMAGENET100,qat,layer2.1.conv2,"(128, 128, 3, 3)",35.47934679985046,0.00024060971950853449,44,44,3,
resnet18_no_weights,IMAGENET100,qat,layer2.1.conv2,"(128, 128, 3, 3)",38.96614901224772,0.00026425611038036916,"42,43,44",aggregate,3,6.5067892257596025
resnet18_no_weights,IMAGENET100,qat,layer3.0.conv1,"(256, 128, 3, 3)",409.75956497192385,0.0013894299484996332,42,42,3,
resnet18_no_weights,IMAGENET100,qat,layer3.0.conv1,"(256, 128, 3, 3)",335.9161293029785,0.001139038524383472,43,43,3,
resnet18_no_weights,IMAGENET100,qat,layer3.0.conv1,"(256, 128, 3, 3)",398.81919225056964,0.0013523328730284615,44,44,3,
resnet18_no_weights,IMAGENET100,qat,layer3.0.conv1,"(256, 128, 3, 3)",381.4982955084907,0.001293600448637189,"42,43,44",aggregate,3,39.85251994304424
resnet18_no_weights,IMAGENET100,qat,layer3.0.conv2,"(256, 256, 3, 3)",114.67799599965413,0.00019442748345210458,42,42,3,
resnet18_no_weights,IMAGENET100,qat,layer3.0.conv2,"(256, 256, 3, 3)",87.88883670171101,0.00014900858001999073,43,43,3,
resnet18_no_weights,IMAGENET100,qat,layer3.0.conv2,"(256, 256, 3, 3)",114.27037286758423,0.00019373639063107676,44,44,3,
resnet18_no_weights,IMAGENET100,qat,layer3.0.conv2,"(256, 256, 3, 3)",105.61240185631645,0.00017905748470105736,"42,43,44",aggregate,3,15.350410759865934
resnet18_no_weights,IMAGENET100,qat,layer3.0.downsample.0,"(256, 128, 1, 1)",23.997971232732137,0.0007323599619364056,42,42,3,
resnet18_no_weights,IMAGENET100,qat,layer3.0.downsample.0,"(256, 128, 1, 1)",24.51122612702219,0.0007480232582709409,43,43,3,
resnet18_no_weights,IMAGENET100,qat,layer3.0.downsample.0,"(256, 128, 1, 1)",31.484549617767335,0.0009608322026906535,44,44,3,
resnet18_no_weights,IMAGENET100,qat,layer3.0.downsample.0,"(256, 128, 1, 1)",26.664582325840556,0.0008137384742993334,"42,43,44",aggregate,3,4.182095308342597
resnet18_no_weights,IMAGENET100,qat,layer3.1.conv1,"(256, 256, 3, 3)",201.15937525431315,0.00034104983054998296,42,42,3,
resnet18_no_weights,IMAGENET100,qat,layer3.1.conv1,"(256, 256, 3, 3)",195.56808064778645,0.00033157023221806243,43,43,3,
resnet18_no_weights,IMAGENET100,qat,layer3.1.conv1,"(256, 256, 3, 3)",163.42753715515136,0.00027707847960603733,44,44,3,
resnet18_no_weights,IMAGENET100,qat,layer3.1.conv1,"(256, 256, 3, 3)",186.71833101908365,0.0003165661807913609,"42,43,44",aggregate,3,20.363237781683523
resnet18_no_weights,IMAGENET100,qat,layer3.1.conv2,"(256, 256, 3, 3)",18.810872713724773,3.189234875780703e-05,42,42,3,
resnet18_no_weights,IMAGENET100,qat,layer3.1.conv2,"(256, 256, 3, 3)",28.05578490893046,4.756636710091563e-05,43,43,3,
resnet18_no_weights,IMAGENET100,qat,layer3.1.conv2,"(256, 256, 3, 3)",32.22580683231354,5.4636309869238175e-05,44,44,3,
resnet18_no_weights,IMAGENET100,qat,layer3.1.conv2,"(256, 256, 3, 3)",26.364154818322923,4.469834190932028e-05,"42,43,44",aggregate,3,6.865589823467891
resnet18_no_weights,IMAGENET100,qat,layer4.0.conv1,"(512, 256, 3, 3)",305.0298677527386,0.0002585770227667394,42,42,3,
resnet18_no_weights,IMAGENET100,qat,layer4.0.conv1,"(512, 256, 3, 3)",272.8708895169772,0.00023131551913534984,43,43,3,
resnet18_no_weights,IMAGENET100,qat,layer4.0.conv1,"(512, 256, 3, 3)",232.8740480211046,0.00019740977649358504,44,44,3,
resnet18_no_weights,IMAGENET100,qat,layer4.0.conv1,"(512, 256, 3, 3)",270.25826843027346,0.0002291007727985581,"42,43,44",aggregate,3,36.14878866563902
resnet18_no_weights,IMAGENET100,qat,layer4.0.conv2,"(512, 512, 3, 3)",54.10722328634823,2.2933630746777103e-05,42,42,3,
resnet18_no_weights,IMAGENET100,qat,layer4.0.conv2,"(512, 512, 3, 3)",62.63446127573649,2.6547945351382992e-05,43,43,3,
resnet18_no_weights,IMAGENET100,qat,layer4.0.conv2,"(512, 512, 3, 3)",85.84251855214437,3.638480231058094e-05,44,44,3,
resnet18_no_weights,IMAGENET100,qat,layer4.0.conv2,"(512, 512, 3, 3)",67.52806770474302,2.8622126136247007e-05,"42,43,44",aggregate,3,16.423847883895125
resnet18_no_weights,IMAGENET100,qat,layer4.0.downsample.0,"(512, 256, 1, 1)",21.688908465703328,0.0001654732396370188,42,42,3,
resnet18_no_weights,IMAGENET100,qat,layer4.0.downsample.0,"(512, 256, 1, 1)",29.27702662150065,0.00022336598679733772,43,43,3,
resnet18_no_weights,IMAGENET100,qat,layer4.0.downsample.0,"(512, 256, 1, 1)",24.900218629837035,0.00018997359184140804,44,44,3,
resnet18_no_weights,IMAGENET100,qat,layer4.0.downsample.0,"(512, 256, 1, 1)",25.288717905680336,0.0001929376060919215,"42,43,44",aggregate,3,3.808947761795023
resnet18_no_weights,IMAGENET100,qat,layer4.1.conv1,"(512, 512, 3, 3)",113.40264078776042,4.806630485863597e-05,42,42,3,
resnet18_no_weights,IMAGENET100,qat,layer4.1.conv1,"(512, 512, 3, 3)",142.75516058603924,6.0507524526824625e-05,43,43,3,
resnet18_no_weights,IMAGENET100,qat,layer4.1.conv1,"(512, 512, 3, 3)",126.164351272583,5.347542286876382e-05,44,44,3,
resnet18_no_weights,IMAGENET100,qat,layer4.1.conv1,"(512, 512, 3, 3)",127.44071754879423,5.401641741807481e-05,"42,43,44",aggregate,3,14.71782720989666
resnet18_no_weights,IMAGENET100,qat,layer4.1.conv2,"(512, 512, 3, 3)",0.17478912497560184,7.40852885672683e-08,42,42,3,
resnet18_no_weights,IMAGENET100,qat,layer4.1.conv2,"(512, 512, 3, 3)",0.1724236571540435,7.308267260828802e-08,43,43,3,
resnet18_no_weights,IMAGENET100,qat,layer4.1.conv2,"(512, 512, 3, 3)",0.16331809187041862,6.92232309427976e-08,44,44,3,
resnet18_no_weights,IMAGENET100,qat,layer4.1.conv2,"(512, 512, 3, 3)",0.17017695800002133,7.213039737278465e-08,"42,43,44",aggregate,3,0.0060565578459687245
resnet18_no_weights,IMAGENET100,qat,fc,"(100, 512)",10.05094986302512,0.0001963076145122094,42,42,3,
resnet18_no_weights,IMAGENET100,qat,fc,"(100, 512)",6.79082338809967,0.0001326332692988217,43,43,3,
resnet18_no_weights,IMAGENET100,qat,fc,"(100, 512)",9.448455333709717,0.0001845401432365179,44,44,3,
resnet18_no_weights,IMAGENET100,qat,fc,"(100, 512)",8.763409528278169,0.000171160342349183,"42,43,44",aggregate,3,1.734667684250208
resnet18_no_weights,IMAGENET100,fp32_fused_qat,conv1,"(64, 3, 7, 7)",1160.8032709757488,0.123384701421742,42,42,3,
resnet18_no_weights,IMAGENET100,fp32_fused_qat,conv1,"(64, 3, 7, 7)",1194.5706573486327,0.12697392191205706,43,43,3,
resnet18_no_weights,IMAGENET100,fp32_fused_qat,conv1,"(64, 3, 7, 7)",1312.017328898112,0.13945762424512245,44,44,3,
resnet18_no_weights,IMAGENET100,fp32_fused_qat,conv1,"(64, 3, 7, 7)",1222.4637524074979,0.12993874919297382,"42,43,44",aggregate,3,79.37217013732914
resnet18_no_weights,IMAGENET100,fp32_fused_qat,layer1.0.conv1,"(64, 64, 3, 3)",230.18229618778935,0.006244094406135779,42,42,3,
resnet18_no_weights,IMAGENET100,fp32_fused_qat,layer1.0.conv1,"(64, 64, 3, 3)",275.6704049791609,0.007478038329512828,43,43,3,
resnet18_no_weights,IMAGENET100,fp32_fused_qat,layer1.0.conv1,"(64, 64, 3, 3)",246.14219161442347,0.006677034277735011,44,44,3,
resnet18_no_weights,IMAGENET100,fp32_fused_qat,layer1.0.conv1,"(64, 64, 3, 3)",250.6649642604579,0.00679972233779454,"42,43,44",aggregate,3,23.078856441767233
resnet18_no_weights,IMAGENET100,fp32_fused_qat,layer1.0.conv2,"(64, 64, 3, 3)",49.867059111595154,0.0013527305531574206,42,42,3,
resnet18_no_weights,IMAGENET100,fp32_fused_qat,layer1.0.conv2,"(64, 64, 3, 3)",41.47494128545125,0.0011250797874742635,43,43,3,
resnet18_no_weights,IMAGENET100,fp32_fused_qat,layer1.0.conv2,"(64, 64, 3, 3)",53.37847528003511,0.0014479838129349803,44,44,3,
resnet18_no_weights,IMAGENET100,fp32_fused_qat,layer1.0.conv2,"(64, 64, 3, 3)",48.24015855902717,0.0013085980511888882,"42,43,44",aggregate,3,6.116259841276603
resnet18_no_weights,IMAGENET100,fp32_fused_qat,layer1.1.conv1,"(64, 64, 3, 3)",221.65749636563388,0.00601284441096012,42,42,3,
resnet18_no_weights,IMAGENET100,fp32_fused_qat,layer1.1.conv1,"(64, 64, 3, 3)",210.0862110900879,0.0056989532088239985,43,43,3,
resnet18_no_weights,IMAGENET100,fp32_fused_qat,layer1.1.conv1,"(64, 64, 3, 3)",194.29395853678386,0.0052705609412105,44,44,3,
resnet18_no_weights,IMAGENET100,fp32_fused_qat,layer1.1.conv1,"(64, 64, 3, 3)",208.67922199750188,0.005660786186998206,"42,43,44",aggregate,3,13.735920586466655
resnet18_no_weights,IMAGENET100,fp32_fused_qat,layer1.1.conv2,"(64, 64, 3, 3)",27.249207258224487,0.0007391820545308292,42,42,3,
resnet18_no_weights,IMAGENET100,fp32_fused_qat,layer1.1.conv2,"(64, 64, 3, 3)",21.237541516621906,0.0005761051843701689,43,43,3,
resnet18_no_weights,IMAGENET100,fp32_fused_qat,layer1.1.conv2,"(64, 64, 3, 3)",17.00686948299408,0.0004613408605412891,44,44,3,
resnet18_no_weights,IMAGENET100,fp32_fused_qat,layer1.1.conv2,"(64, 64, 3, 3)",21.831206085946825,0.0005922093664807624,"42,43,44",aggregate,3,5.146911597369023
resnet18_no_weights,IMAGENET100,fp32_fused_qat,layer2.0.conv1,"(128, 64, 3, 3)",958.098422241211,0.01299504153430462,42,42,3,
resnet18_no_weights,IMAGENET100,fp32_fused_qat,layer2.0.conv1,"(128, 64, 3, 3)",1191.3211842854819,0.016158327694844318,43,43,3,
resnet18_no_weights,IMAGENET100,fp32_fused_qat,layer2.0.conv1,"(128, 64, 3, 3)",1255.9629374186197,0.017035087584345427,44,44,3,
resnet18_no_weights,IMAGENET100,fp32_fused_qat,layer2.0.conv1,"(128, 64, 3, 3)",1135.1275146484375,0.015396152271164788,"42,43,44",aggregate,3,156.68156793613647
resnet18_no_weights,IMAGENET100,fp32_fused_qat,layer2.0.conv2,"(128, 128, 3, 3)",54.920577716827395,0.00037245400469853646,42,42,3,
resnet18_no_weights,IMAGENET100,fp32_fused_qat,layer2.0.conv2,"(128, 128, 3, 3)",44.000449132919314,0.0002983971430997675,43,43,3,
resnet18_no_weights,IMAGENET100,fp32_fused_qat,layer2.0.conv2,"(128, 128, 3, 3)",62.32150363922119,0.000422644745817201,44,44,3,
resnet18_no_weights,IMAGENET100,fp32_fused_qat,layer2.0.conv2,"(128, 128, 3, 3)",53.7475101629893,0.0003644986312051683,"42,43,44",aggregate,3,9.216687320839405
resnet18_no_weights,IMAGENET100,fp32_fused_qat,layer2.0.downsample.0,"(128, 64, 1, 1)",134.91048018137613,0.01646856447526564,42,42,3,
resnet18_no_weights,IMAGENET100,fp32_fused_qat,layer2.0.downsample.0,"(128, 64, 1, 1)",118.68261222839355,0.014487623563036322,43,43,3,
resnet18_no_weights,IMAGENET100,fp32_fused_qat,layer2.0.downsample.0,"(128, 64, 1, 1)",125.64032554626465,0.015336953802034259,44,44,3,
resnet18_no_weights,IMAGENET100,fp32_fused_qat,layer2.0.downsample.0,"(128, 64, 1, 1)",126.41113931867811,0.015431047280112074,"42,43,44",aggregate,3,8.141347552995539
resnet18_no_weights,IMAGENET100,fp32_fused_qat,layer2.1.conv1,"(128, 128, 3, 3)",188.00294698079426,0.001274976582714805,42,42,3,
resnet18_no_weights,IMAGENET100,fp32_fused_qat,layer2.1.conv1,"(128, 128, 3, 3)",197.19760942459106,0.00133733187815071,43,43,3,
resnet18_no_weights,IMAGENET100,fp32_fused_qat,layer2.1.conv1,"(128, 128, 3, 3)",196.92590497334797,0.0013354892644134384,44,44,3,
resnet18_no_weights,IMAGENET100,fp32_fused_qat,layer2.1.conv1,"(128, 128, 3, 3)",194.0421537929111,0.0013159325750929844,"42,43,44",aggregate,3,5.231870603985263
resnet18_no_weights,IMAGENET100,fp32_fused_qat,layer2.1.conv2,"(128, 128, 3, 3)",40.58987674713135,0.0002752677188254893,42,42,3,
resnet18_no_weights,IMAGENET100,fp32_fused_qat,layer2.1.conv2,"(128, 128, 3, 3)",45.64532356262207,0.00030955216174738273,43,43,3,
resnet18_no_weights,IMAGENET100,fp32_fused_qat,layer2.1.conv2,"(128, 128, 3, 3)",42.350677998860675,0.00028720891655043316,44,44,3,
resnet18_no_weights,IMAGENET100,fp32_fused_qat,layer2.1.conv2,"(128, 128, 3, 3)",42.8619594362047,0.0002906762657077684,"42,43,44",aggregate,3,2.5662116353086
resnet18_no_weights,IMAGENET100,fp32_fused_qat,layer3.0.conv1,"(256, 128, 3, 3)",272.4689743041992,0.0009238992455518907,42,42,3,
resnet18_no_weights,IMAGENET100,fp32_fused_qat,layer3.0.conv1,"(256, 128, 3, 3)",370.9120323181152,0.0012577041026411784,43,43,3,
resnet18_no_weights,IMAGENET100,fp32_fused_qat,layer3.0.conv1,"(256, 128, 3, 3)",344.93076299031577,0.0011696057230303133,44,44,3,
resnet18_no_weights,IMAGENET100,fp32_fused_qat,layer3.0.conv1,"(256, 128, 3, 3)",329.4372565375434,0.0011170696904077944,"42,43,44",aggregate,3,51.017599653789894
resnet18_no_weights,IMAGENET100,fp32_fused_qat,layer3.0.conv2,"(256, 256, 3, 3)",96.91665246751573,0.0001643145285161603,42,42,3,
resnet18_no_weights,IMAGENET100,fp32_fused_qat,layer3.0.conv2,"(256, 256, 3, 3)",79.12129402160645,0.00013414390398085944,43,43,3,
resnet18_no_weights,IMAGENET100,fp32_fused_qat,layer3.0.conv2,"(256, 256, 3, 3)",94.7578795115153,0.00016065449949733361,44,44,3,
resnet18_no_weights,IMAGENET100,fp32_fused_qat,layer3.0.conv2,"(256, 256, 3, 3)",90.26527533354583,0.0001530376439981178,"42,43,44",aggregate,3,9.711143845064305
resnet18_no_weights,IMAGENET100,fp32_fused_qat,layer3.0.downsample.0,"(256, 128, 1, 1)",24.284561093648275,0.0007411059904067467,42,42,3,
resnet18_no_weights,IMAGENET100,fp32_fused_qat,layer3.0.downsample.0,"(256, 128, 1, 1)",25.324443848927817,0.0007728406936318304,43,43,3,
resnet18_no_weights,IMAGENET100,fp32_fused_qat,layer3.0.downsample.0,"(256, 128, 1, 1)",24.35372985204061,0.000743216853394794,44,44,3,
resnet18_no_weights,IMAGENET100,fp32_fused_qat,layer3.0.downsample.0,"(256, 128, 1, 1)",24.6542449315389,0.0007523878458111237,"42,43,44",aggregate,3,0.5814387508038501
resnet18_no_weights,IMAGENET100,fp32_fused_qat,layer3.1.conv1,"(256, 256, 3, 3)",184.46487492528456,0.00031274562399170695,42,42,3,
resnet18_no_weights,IMAGENET100,fp32_fused_qat,layer3.1.conv1,"(256, 256, 3, 3)",168.76832313537597,0.0002861333603505045,43,43,3,
resnet18_no_weights,IMAGENET100,fp32_fused_qat,layer3.1.conv1,"(256, 256, 3, 3)",159.02798665364583,0.0002696193892646719,44,44,3,
resnet18_no_weights,IMAGENET100,fp32_fused_qat,layer3.1.conv1,"(256, 256, 3, 3)",170.75372823810213,0.00028949945786896114,"42,43,44",aggregate,3,12.834141821812876
resnet18_no_weights,IMAGENET100,fp32_fused_qat,layer3.1.conv2,"(256, 256, 3, 3)",27.095227098464967,4.5937817210667874e-05,42,42,3,
resnet18_no_weights,IMAGENET100,fp32_fused_qat,layer3.1.conv2,"(256, 256, 3, 3)",23.8146293481191,4.0375822869396807e-05,43,43,3,
resnet18_no_weights,IMAGENET100,fp32_fused_qat,layer3.1.conv2,"(256, 256, 3, 3)",24.66410803794861,4.1816046885085394e-05,44,44,3,
resnet18_no_weights,IMAGENET100,fp32_fused_qat,layer3.1.conv2,"(256, 256, 3, 3)",25.191321494844225,4.2709895655050025e-05,"42,43,44",aggregate,3,1.7026584865270131
resnet18_no_weights,IMAGENET100,fp32_fused_qat,layer4.0.conv1,"(512, 256, 3, 3)",296.8872395833333,0.00025167443134166574,42,42,3,
resnet18_no_weights,IMAGENET100,fp32_fused_qat,layer4.0.conv1,"(512, 256, 3, 3)",317.4031275431315,0.000269065965053246,43,43,3,
resnet18_no_weights,IMAGENET100,fp32_fused_qat,layer4.0.conv1,"(512, 256, 3, 3)",296.2532033284505,0.0002511369521488194,44,44,3,
resnet18_no_weights,IMAGENET100,fp32_fused_qat,layer4.0.conv1,"(512, 256, 3, 3)",303.5145234849718,0.00025729244951457704,"42,43,44",aggregate,3,12.032061024877434
resnet18_no_weights,IMAGENET100,fp32_fused_qat,layer4.0.conv2,"(512, 512, 3, 3)",32.12496328353882,1.3616334399557672e-05,42,42,3,
resnet18_no_weights,IMAGENET100,fp32_fused_qat,layer4.0.conv2,"(512, 512, 3, 3)",29.807654786109925,1.263413102302972e-05,43,43,3,
resnet18_no_weights,IMAGENET100,fp32_fused_qat,layer4.0.conv2,"(512, 512, 3, 3)",42.28583491290057,1.7923073201879106e-05,44,44,3,
resnet18_no_weights,IMAGENET100,fp32_fused_qat,layer4.0.conv2,"(512, 512, 3, 3)",34.739484327516436,1.4724512874822166e-05,"42,43,44",aggregate,3,6.63724604306708
resnet18_no_weights,IMAGENET100,fp32_fused_qat,layer4.0.downsample.0,"(512, 256, 1, 1)",20.365471363067627,0.00015537621584371664,42,42,3,
resnet18_no_weights,IMAGENET100,fp32_fused_qat,layer4.0.downsample.0,"(512, 256, 1, 1)",18.218905131022137,0.00013899921517198285,43,43,3,
resnet18_no_weights,IMAGENET100,fp32_fused_qat,layer4.0.downsample.0,"(512, 256, 1, 1)",16.578698598421536,0.0001264854324220393,44,44,3,
resnet18_no_weights,IMAGENET100,fp32_fused_qat,layer4.0.downsample.0,"(512, 256, 1, 1)",18.387691697503765,0.00014028695447924626,"42,43,44",aggregate,3,1.899020450530969
resnet18_no_weights,IMAGENET100,fp32_fused_qat,layer4.1.conv1,"(512, 512, 3, 3)",136.925652440389,5.803665688425234e-05,42,42,3,
resnet18_no_weights,IMAGENET100,fp32_fused_qat,layer4.1.conv1,"(512, 512, 3, 3)",76.45738262600369,3.240686316002896e-05,43,43,3,
resnet18_no_weights,IMAGENET100,fp32_fused_qat,layer4.1.conv1,"(512, 512, 3, 3)",121.61765314737956,5.154828099033761e-05,44,44,3,
resnet18_no_weights,IMAGENET100,fp32_fused_qat,layer4.1.conv1,"(512, 512, 3, 3)",111.66689607125741,4.7330600344872965e-05,"42,43,44",aggregate,3,31.438290163069006
resnet18_no_weights,IMAGENET100,fp32_fused_qat,layer4.1.conv2,"(512, 512, 3, 3)",0.1716304637491703,7.274647341799006e-08,42,42,3,
resnet18_no_weights,IMAGENET100,fp32_fused_qat,layer4.1.conv2,"(512, 512, 3, 3)",0.1611463532650045,6.830272812949477e-08,43,43,3,
resnet18_no_weights,IMAGENET100,fp32_fused_qat,layer4.1.conv2,"(512, 512, 3, 3)",0.1680268362948769,7.121905699618739e-08,44,44,3,
resnet18_no_weights,IMAGENET100,fp32_fused_qat,layer4.1.conv2,"(512, 512, 3, 3)",0.16693455110301725,7.075608618122408e-08,"42,43,44",aggregate,3,0.0053267211646861766
resnet18_no_weights,IMAGENET100,fp32_fused_qat,fc,"(100, 512)",7.849944559733073,0.00015331922968228658,42,42,3,
resnet18_no_weights,IMAGENET100,fp32_fused_qat,fc,"(100, 512)",7.982697563171387,0.00015591206178069115,43,43,3,
resnet18_no_weights,IMAGENET100,fp32_fused_qat,fc,"(100, 512)",7.846664730707804,0.0001532551705216368,44,44,3,
resnet18_no_weights,IMAGENET100,fp32_fused_qat,fc,"(100, 512)",7.893102284537421,0.0001541621539948715,"42,43,44",aggregate,3,0.07760911534563567
cnn,IMAGENET100,fp32_unfused,conv1,"(32, 3, 3, 3)",27.832930606344473,0.03221404005363943,42,42,3,
cnn,IMAGENET100,fp32_unfused,conv1,"(32, 3, 3, 3)",30.858843591478134,0.0357162541568034,43,43,3,
cnn,IMAGENET100,fp32_unfused,conv1,"(32, 3, 3, 3)",32.07481330235799,0.03712362650735878,44,44,3,
cnn,IMAGENET100,fp32_unfused,conv1,"(32, 3, 3, 3)",30.255529166726866,0.03501797357260054,"42,43,44",aggregate,3,2.184349656767304
cnn,IMAGENET100,fp32_unfused,conv2,"(64, 32, 3, 3)",180.3749038696289,0.009785964836676915,42,42,3,
cnn,IMAGENET100,fp32_unfused,conv2,"(64, 32, 3, 3)",173.42773920694987,0.009409057031627054,43,43,3,
cnn,IMAGENET100,fp32_unfused,conv2,"(64, 32, 3, 3)",173.63769219138405,0.009420447710036027,44,44,3,
cnn,IMAGENET100,fp32_unfused,conv2,"(64, 32, 3, 3)",175.81344508932094,0.009538489859446666,"42,43,44",aggregate,3,3.9517337609275542
cnn,IMAGENET100,fp32_unfused,conv3,"(128, 64, 3, 3)",485.6960009256999,0.0065876736236667194,42,42,3,
cnn,IMAGENET100,fp32_unfused,conv3,"(128, 64, 3, 3)",510.70323282877604,0.006926855914018772,43,43,3,
cnn,IMAGENET100,fp32_unfused,conv3,"(128, 64, 3, 3)",485.8788146972656,0.00659015319413609,44,44,3,
cnn,IMAGENET100,fp32_unfused,conv3,"(128, 64, 3, 3)",494.0926828172472,0.0067015609106071935,"42,43,44",aggregate,3,14.385448688966727
cnn,IMAGENET100,fp32_unfused,conv4,"(256, 128, 3, 3)",75.372376759847,0.0002555758218039517,42,42,3,
cnn,IMAGENET100,fp32_unfused,conv4,"(256, 128, 3, 3)",86.26421356201172,0.00029250831964115304,43,43,3,
cnn,IMAGENET100,fp32_unfused,conv4,"(256, 128, 3, 3)",70.32405924797058,0.0002384577746852301,44,44,3,
cnn,IMAGENET100,fp32_unfused,conv4,"(256, 128, 3, 3)",77.32021652327643,0.0002621806387101116,"42,43,44",aggregate,3,8.146636710745035
cnn,IMAGENET100,fp32_unfused,fc1,"(1024, 1024)",49.6766715483232,4.7375365780184936e-05,42,42,3,
cnn,IMAGENET100,fp32_unfused,fc1,"(1024, 1024)",41.38850004776664,3.94711494901339e-05,43,43,3,
cnn,IMAGENET100,fp32_unfused,fc1,"(1024, 1024)",47.547932879130045,4.5345242385034604e-05,44,44,3,
cnn,IMAGENET100,fp32_unfused,fc1,"(1024, 1024)",46.20436815840663,4.406391921845115e-05,"42,43,44",aggregate,3,4.3043375012583445
cnn,IMAGENET100,fp32_unfused,fc2,"(100, 1024)",24.300403785705566,0.0002373086307197809,42,42,3,
cnn,IMAGENET100,fp32_unfused,fc2,"(100, 1024)",27.865142504374187,0.00027212053226927915,43,43,3,
cnn,IMAGENET100,fp32_unfused,fc2,"(100, 1024)",26.7026047706604,0.00026076762471348046,44,44,3,
cnn,IMAGENET100,fp32_unfused,fc2,"(100, 1024)",26.289383686913386,0.00025673226256751354,"42,43,44",aggregate,3,1.8179395702645331
cnn,IMAGENET100,fp32_fused,conv1,"(32, 3, 3, 3)",248.19787877400717,0.28726606339584165,42,42,3,
cnn,IMAGENET100,fp32_fused,conv1,"(32, 3, 3, 3)",235.62516237894695,0.27271430830896637,43,43,3,
cnn,IMAGENET100,fp32_fused,conv1,"(32, 3, 3, 3)",263.2573188781738,0.3046959709238123,44,44,3,
cnn,IMAGENET100,fp32_fused,conv1,"(32, 3, 3, 3)",249.02678667704265,0.28822544754287344,"42,43,44",aggregate,3,13.834714830209808
cnn,IMAGENET100,fp32_fused,conv2,"(64, 32, 3, 3)",1092.839144897461,0.05929031819105149,42,42,3,
cnn,IMAGENET100,fp32_fused,conv2,"(64, 32, 3, 3)",901.3797042846679,0.04890297874808311,43,43,3,
cnn,IMAGENET100,fp32_fused,conv2,"(64, 32, 3, 3)",1030.624580891927,0.055914962070959584,44,44,3,
cnn,IMAGENET100,fp32_fused,conv2,"(64, 32, 3, 3)",1008.2811433580187,0.054702753003364725,"42,43,44",aggregate,3,97.66576293955143
cnn,IMAGENET100,fp32_fused,conv3,"(128, 64, 3, 3)",1584.110122680664,0.02148586863444911,42,42,3,
cnn,IMAGENET100,fp32_fused,conv3,"(128, 64, 3, 3)",1182.3733194986978,0.01603696451142982,43,43,3,
cnn,IMAGENET100,fp32_fused,conv3,"(128, 64, 3, 3)",1310.8022115071615,0.01777889284270781,44,44,3,
cnn,IMAGENET100,fp32_fused,conv3,"(128, 64, 3, 3)",1359.0952178955079,0.01843390866286225,"42,43,44",aggregate,3,205.17620624047788
cnn,IMAGENET100,fp32_fused,conv4,"(256, 128, 3, 3)",8.95792388121287,3.0374904653635224e-05,42,42,3,
cnn,IMAGENET100,fp32_fused,conv4,"(256, 128, 3, 3)",12.730901115819028,4.31684743781841e-05,43,43,3,
cnn,IMAGENET100,fp32_fused,conv4,"(256, 128, 3, 3)",10.447772947947184,3.5426747463471085e-05,44,44,3,
cnn,IMAGENET100,fp32_fused,conv4,"(256, 128, 3, 3)",10.712199314993027,3.632337549843013e-05,"42,43,44",aggregate,3,1.900336886161472
cnn,IMAGENET100,fp32_fused,fc1,"(1024, 1024)",48.06234686715262,4.5835825793411846e-05,42,42,3,
cnn,IMAGENET100,fp32_fused,fc1,"(1024, 1024)",41.40552048061205,3.948738143979268e-05,43,43,3,
cnn,IMAGENET100,fp32_fused,fc1,"(1024, 1024)",51.66159764458151,4.926833881815101e-05,44,44,3,
cnn,IMAGENET100,fp32_fused,fc1,"(1024, 1024)",47.043154997448724,4.4863848683785175e-05,"42,43,44",aggregate,3,5.2034453729021575
cnn,IMAGENET100,fp32_fused,fc2,"(100, 1024)",28.45844930013021,0.00027791454394658405,42,42,3,
cnn,IMAGENET100,fp32_fused,fc2,"(100, 1024)",27.867428643362864,0.00027214285784534046,43,43,3,
cnn,IMAGENET100,fp32_fused,fc2,"(100, 1024)",28.036085828145346,0.0002737899006654819,44,44,3,
cnn,IMAGENET100,fp32_fused,fc2,"(100, 1024)",28.12065459054614,0.00027461576748580215,"42,43,44",aggregate,3,0.30445075276951983
cnn,IMAGENET100,ptq,conv1,"(32, 3, 3, 3)",190.2585075378418,0.22020660594657618,42,42,3,
cnn,IMAGENET100,ptq,conv1,"(32, 3, 3, 3)",217.13414675394694,0.2513126698541053,43,43,3,
cnn,IMAGENET100,ptq,conv1,"(32, 3, 3, 3)",215.05898170471193,0.24891085845452768,44,44,3,
cnn,IMAGENET100,ptq,conv1,"(32, 3, 3, 3)",207.4838786655002,0.2401433780850697,"42,43,44",aggregate,3,14.95364956656293
cnn,IMAGENET100,ptq,conv2,"(64, 32, 3, 3)",796.8290008544922,0.043230740063720276,42,42,3,
cnn,IMAGENET100,ptq,conv2,"(64, 32, 3, 3)",896.4302917480469,0.04863445593251123,43,43,3,
cnn,IMAGENET100,ptq,conv2,"(64, 32, 3, 3)",720.1335042317709,0.03906974306812993,44,44,3,
cnn,IMAGENET100,ptq,conv2,"(64, 32, 3, 3)",804.4642656114366,0.04364497968812048,"42,43,44",aggregate,3,88.39605349262615
cnn,IMAGENET100,ptq,conv3,"(128, 64, 3, 3)",758.4802429199219,0.010287546697590086,42,42,3,
cnn,IMAGENET100,ptq,conv3,"(128, 64, 3, 3)",761.0548431396485,0.010322466947966152,43,43,3,
cnn,IMAGENET100,ptq,conv3,"(128, 64, 3, 3)",618.9295099894206,0.00839476874443116,44,44,3,
cnn,IMAGENET100,ptq,conv3,"(128, 64, 3, 3)",712.8215320163304,0.009668260796662467,"42,43,44",aggregate,3,81.32306555829737
cnn,IMAGENET100,ptq,conv4,"(256, 128, 3, 3)",10.124624005953471,3.4331000454215056e-05,42,42,3,
cnn,IMAGENET100,ptq,conv4,"(256, 128, 3, 3)",11.500916171073914,3.899778975109156e-05,43,43,3,
cnn,IMAGENET100,ptq,conv4,"(256, 128, 3, 3)",10.162214930852254,3.4458465341702794e-05,44,44,3,
cnn,IMAGENET100,ptq,conv4,"(256, 128, 3, 3)",10.595918369293214,3.592908518233647e-05,"42,43,44",aggregate,3,0.7839764252384201
cnn,IMAGENET100,ptq,fc1,"(1024, 1024)",48.820990562438965,4.655932480090996e-05,42,42,3,
cnn,IMAGENET100,ptq,fc1,"(1024, 1024)",47.6285099029541,4.542208662314806e-05,43,43,3,
cnn,IMAGENET100,ptq,fc1,"(1024, 1024)",51.96388607025146,4.955662352585932e-05,44,44,3,
cnn,IMAGENET100,ptq,fc1,"(1024, 1024)",49.47112884521484,4.717934498330578e-05,"42,43,44",aggregate,3,2.2396163662646704
cnn,IMAGENET100,ptq,fc2,"(100, 1024)",28.77446753403236,0.0002810006595120348,42,42,3,
cnn,IMAGENET100,ptq,fc2,"(100, 1024)",33.44634068806966,0.00032662442078193026,43,43,3,
cnn,IMAGENET100,ptq,fc2,"(100, 1024)",29.872579606374106,0.0002917244102184971,44,44,3,
cnn,IMAGENET100,ptq,fc2,"(100, 1024)",30.697795942825376,0.0002997831635041541,"42,43,44",aggregate,3,2.4428131720033663
cnn,IMAGENET100,qat,conv1,"(32, 3, 3, 3)",94.48084602355956,0.10935283104578654,42,42,3,
cnn,IMAGENET100,qat,conv1,"(32, 3, 3, 3)",91.6651029586792,0.10609386916513797,43,43,3,
cnn,IMAGENET100,qat,conv1,"(32, 3, 3, 3)",102.54786796569825,0.11868966199733594,44,44,3,
cnn,IMAGENET100,qat,conv1,"(32, 3, 3, 3)",96.231272315979,0.11137878740275348,"42,43,44",aggregate,3,5.648596082514177
cnn,IMAGENET100,qat,conv2,"(64, 32, 3, 3)",494.47721099853516,0.026827105631430943,42,42,3,
cnn,IMAGENET100,qat,conv2,"(64, 32, 3, 3)",641.8142032623291,0.03482064904852046,43,43,3,
cnn,IMAGENET100,qat,conv2,"(64, 32, 3, 3)",469.7760314941406,0.02548698087533315,44,44,3,
cnn,IMAGENET100,qat,conv2,"(64, 32, 3, 3)",535.3558152516683,0.02904491185176152,"42,43,44",aggregate,3,93.0192364546086
cnn,IMAGENET100,qat,conv3,"(128, 64, 3, 3)",707.3862904866536,0.00959454061532462,42,42,3,
cnn,IMAGENET100,qat,conv3,"(128, 64, 3, 3)",633.0038197835287,0.008585663788296559,43,43,3,
cnn,IMAGENET100,qat,conv3,"(128, 64, 3, 3)",691.2340657552083,0.00937546204637598,44,44,3,
cnn,IMAGENET100,qat,conv3,"(128, 64, 3, 3)",677.2080586751302,0.009185222149999055,"42,43,44",aggregate,3,39.12460406103953
cnn,IMAGENET100,qat,conv4,"(256, 128, 3, 3)",7.639377822875977,2.5903923281778894e-05,42,42,3,
cnn,IMAGENET100,qat,conv4,"(256, 128, 3, 3)",8.72531908750534,2.958617854649977e-05,43,43,3,
cnn,IMAGENET100,qat,conv4,"(256, 128, 3, 3)",6.822818326950073,2.3135099036153405e-05,44,44,3,
cnn,IMAGENET100,qat,conv4,"(256, 128, 3, 3)",7.72917174577713,2.6208400288144022e-05,"42,43,44",aggregate,3,0.9544236467213218
cnn,IMAGENET100,qat,fc1,"(1024, 1024)",38.48206106821696,3.669935328313537e-05,42,42,3,
cnn,IMAGENET100,qat,fc1,"(1024, 1024)",41.54087742169698,3.9616467878052695e-05,43,43,3,
cnn,IMAGENET100,qat,fc1,"(1024, 1024)",35.23834800720215,3.360590744705405e-05,44,44,3,
cnn,IMAGENET100,qat,fc1,"(1024, 1024)",38.42042883237203,3.6640576202747375e-05,"42,43,44",aggregate,3,3.151716699596362
cnn,IMAGENET100,qat,fc2,"(100, 1024)",26.908887757195366,0.000262782107003861,42,42,3,
cnn,IMAGENET100,qat,fc2,"(100, 1024)",23.344809595743815,0.0002279766562084357,43,43,3,
cnn,IMAGENET100,qat,fc2,"(100, 1024)",21.50262920379639,0.0002099866133183241,44,44,3,
cnn,IMAGENET100,qat,fc2,"(100, 1024)",23.918775518911858,0.00023358179217687362,"42,43,44",aggregate,3,2.748451481701743
cnn,IMAGENET100,fp32_fused_qat,conv1,"(32, 3, 3, 3)",315.60179443359374,0.36527985466851126,42,42,3,
cnn,IMAGENET100,fp32_fused_qat,conv1,"(32, 3, 3, 3)",396.6483459472656,0.4590837337352611,43,43,3,
cnn,IMAGENET100,fp32_fused_qat,conv1,"(32, 3, 3, 3)",366.42392145792644,0.4241017609466741,44,44,3,
cnn,IMAGENET100,fp32_fused_qat,conv1,"(32, 3, 3, 3)",359.5580206129286,0.41615511645014885,"42,43,44",aggregate,3,40.95718891567846
cnn,IMAGENET100,fp32_fused_qat,conv2,"(64, 32, 3, 3)",1639.2074971516927,0.08893269841317777,42,42,3,
cnn,IMAGENET100,fp32_fused_qat,conv2,"(64, 32, 3, 3)",1643.4748413085938,0.08916421665085687,43,43,3,
cnn,IMAGENET100,fp32_fused_qat,conv2,"(64, 32, 3, 3)",1721.145139058431,0.09337809999231939,44,44,3,
cnn,IMAGENET100,fp32_fused_qat,conv2,"(64, 32, 3, 3)",1667.9424925062392,0.09049167168545134,"42,43,44",aggregate,3,46.124220932785875
cnn,IMAGENET100,fp32_fused_qat,conv3,"(128, 64, 3, 3)",2421.9996821962554,0.0328504731200664,42,42,3,
cnn,IMAGENET100,fp32_fused_qat,conv3,"(128, 64, 3, 3)",1983.2180928548178,0.026899116927826847,43,43,3,
cnn,IMAGENET100,fp32_fused_qat,conv3,"(128, 64, 3, 3)",1992.2421569824219,0.027021513630946476,44,44,3,
cnn,IMAGENET100,fp32_fused_qat,conv3,"(128, 64, 3, 3)",2132.486644011165,0.028923701226279908,"42,43,44",aggregate,3,250.7662415332574
cnn,IMAGENET100,fp32_fused_qat,conv4,"(256, 128, 3, 3)",15.20240066732679,5.154893889474416e-05,42,42,3,
cnn,IMAGENET100,fp32_fused_qat,conv4,"(256, 128, 3, 3)",16.892848559788295,5.728098063079256e-05,43,43,3,
cnn,IMAGENET100,fp32_fused_qat,conv4,"(256, 128, 3, 3)",14.63081340789795,4.961077680086924e-05,44,44,3,
cnn,IMAGENET100,fp32_fused_qat,conv4,"(256, 128, 3, 3)",15.575354211671012,5.2813565442135325e-05,"42,43,44",aggregate,3,1.1762319145372997
cnn,IMAGENET100,fp32_fused_qat,fc1,"(1024, 1024)",58.894503911336265,5.616617575772883e-05,42,42,3,
cnn,IMAGENET100,fp32_fused_qat,fc1,"(1024, 1024)",66.33330993652343,6.32603740086779e-05,43,43,3,
cnn,IMAGENET100,fp32_fused_qat,fc1,"(1024, 1024)",66.73231492219148,6.364089481562755e-05,44,44,3,
cnn,IMAGENET100,fp32_fused_qat,fc1,"(1024, 1024)",63.98670959001706,6.102248152734476e-05,"42,43,44",aggregate,3,4.41448980632402
cnn,IMAGENET100,fp32_fused_qat,fc2,"(100, 1024)",35.60980572420008,0.0003477520090253914,42,42,3,
cnn,IMAGENET100,fp32_fused_qat,fc2,"(100, 1024)",37.19630896250407,0.0003632452047119538,43,43,3,
cnn,IMAGENET100,fp32_fused_qat,fc2,"(100, 1024)",36.756591796875,0.0003589510917663574,44,44,3,
cnn,IMAGENET100,fp32_fused_qat,fc2,"(100, 1024)",36.52090216119305,0.00035664943516790085,"42,43,44",aggregate,3,0.8190911637682218
