model,dataset,variant,probe_seed,canonical_layer,quantized_layer,weight_shape,hessian_trace,seed,n_seeds,metric_std
resnet50_no_weights,IMAGENET100,fp32_unfused,42,conv1,conv1,"(64, 3, 7, 7)",75.88383038838704,42,3,
resnet50_no_weights,IMAGENET100,fp32_unfused,43,conv1,conv1,"(64, 3, 7, 7)",67.1192497253418,43,3,
resnet50_no_weights,IMAGENET100,fp32_unfused,44,conv1,conv1,"(64, 3, 7, 7)",78.55237576166789,44,3,
resnet50_no_weights,IMAGENET100,fp32_unfused,"42,43,44",conv1,conv1,"(64, 3, 7, 7)",73.85181862513224,aggregate,3,5.981295561593137
resnet50_no_weights,IMAGENET100,fp32_unfused,42,layer1.0.conv1,layer1.0.conv1,"(64, 64, 1, 1)",15.920694887638092,42,3,
resnet50_no_weights,IMAGENET100,fp32_unfused,43,layer1.0.conv1,layer1.0.conv1,"(64, 64, 1, 1)",19.544509569803875,43,3,
resnet50_no_weights,IMAGENET100,fp32_unfused,44,layer1.0.conv1,layer1.0.conv1,"(64, 64, 1, 1)",17.16161350103525,44,3,
resnet50_no_weights,IMAGENET100,fp32_unfused,"42,43,44",layer1.0.conv1,layer1.0.conv1,"(64, 64, 1, 1)",17.54227265282574,aggregate,3,1.8416525880446246
resnet50_no_weights,IMAGENET100,fp32_unfused,42,layer1.0.conv2,layer1.0.conv2,"(64, 64, 3, 3)",8.560781637827555,42,3,
resnet50_no_weights,IMAGENET100,fp32_unfused,43,layer1.0.conv2,layer1.0.conv2,"(64, 64, 3, 3)",8.763370800018311,43,3,
resnet50_no_weights,IMAGENET100,fp32_unfused,44,layer1.0.conv2,layer1.0.conv2,"(64, 64, 3, 3)",10.229649003346761,44,3,
resnet50_no_weights,IMAGENET100,fp32_unfused,"42,43,44",layer1.0.conv2,layer1.0.conv2,"(64, 64, 3, 3)",9.184600480397542,aggregate,3,0.910689520993871
resnet50_no_weights,IMAGENET100,fp32_unfused,42,layer1.0.conv3,layer1.0.conv3,"(256, 64, 1, 1)",13.751200755437216,42,3,
resnet50_no_weights,IMAGENET100,fp32_unfused,43,layer1.0.conv3,layer1.0.conv3,"(256, 64, 1, 1)",16.07186959584554,43,3,
resnet50_no_weights,IMAGENET100,fp32_unfused,44,layer1.0.conv3,layer1.0.conv3,"(256, 64, 1, 1)",14.528625323222233,44,3,
resnet50_no_weights,IMAGENET100,fp32_unfused,"42,43,44",layer1.0.conv3,layer1.0.conv3,"(256, 64, 1, 1)",14.78389855816833,aggregate,3,1.1812067071729717
resnet50_no_weights,IMAGENET100,fp32_unfused,42,layer1.0.downsample.0,layer1.0.downsample.0,"(256, 64, 1, 1)",26.117853212356568,42,3,
resnet50_no_weights,IMAGENET100,fp32_unfused,43,layer1.0.downsample.0,layer1.0.downsample.0,"(256, 64, 1, 1)",23.149227714538576,43,3,
resnet50_no_weights,IMAGENET100,fp32_unfused,44,layer1.0.downsample.0,layer1.0.downsample.0,"(256, 64, 1, 1)",21.03002691268921,44,3,
resnet50_no_weights,IMAGENET100,fp32_unfused,"42,43,44",layer1.0.downsample.0,layer1.0.downsample.0,"(256, 64, 1, 1)",23.43236927986145,aggregate,3,2.55570361611178
resnet50_no_weights,IMAGENET100,fp32_unfused,42,layer1.1.conv1,layer1.1.conv1,"(64, 256, 1, 1)",0.5642257352670034,42,3,
resnet50_no_weights,IMAGENET100,fp32_unfused,43,layer1.1.conv1,layer1.1.conv1,"(64, 256, 1, 1)",0.5863005026028707,43,3,
resnet50_no_weights,IMAGENET100,fp32_unfused,44,layer1.1.conv1,layer1.1.conv1,"(64, 256, 1, 1)",0.49024174972013995,44,3,
resnet50_no_weights,IMAGENET100,fp32_unfused,"42,43,44",layer1.1.conv1,layer1.1.conv1,"(64, 256, 1, 1)",0.5469226625300047,aggregate,3,0.05031270461774823
resnet50_no_weights,IMAGENET100,fp32_unfused,42,layer1.1.conv2,layer1.1.conv2,"(64, 64, 3, 3)",7.236225128173828,42,3,
resnet50_no_weights,IMAGENET100,fp32_unfused,43,layer1.1.conv2,layer1.1.conv2,"(64, 64, 3, 3)",8.084231575330099,43,3,
resnet50_no_weights,IMAGENET100,fp32_unfused,44,layer1.1.conv2,layer1.1.conv2,"(64, 64, 3, 3)",6.647532510757446,44,3,
resnet50_no_weights,IMAGENET100,fp32_unfused,"42,43,44",layer1.1.conv2,layer1.1.conv2,"(64, 64, 3, 3)",7.3226630714204575,aggregate,3,0.7222393571805089
resnet50_no_weights,IMAGENET100,fp32_unfused,42,layer1.1.conv3,layer1.1.conv3,"(256, 64, 1, 1)",6.544777691364288,42,3,
resnet50_no_weights,IMAGENET100,fp32_unfused,43,layer1.1.conv3,layer1.1.conv3,"(256, 64, 1, 1)",2.785860053698222,43,3,
resnet50_no_weights,IMAGENET100,fp32_unfused,44,layer1.1.conv3,layer1.1.conv3,"(256, 64, 1, 1)",2.7856017986933392,44,3,
resnet50_no_weights,IMAGENET100,fp32_unfused,"42,43,44",layer1.1.conv3,layer1.1.conv3,"(256, 64, 1, 1)",4.038746514585283,aggregate,3,2.1702866656078377
resnet50_no_weights,IMAGENET100,fp32_unfused,42,layer1.2.conv1,layer1.2.conv1,"(64, 256, 1, 1)",0.33005014218782125,42,3,
resnet50_no_weights,IMAGENET100,fp32_unfused,43,layer1.2.conv1,layer1.2.conv1,"(64, 256, 1, 1)",0.328590776771307,43,3,
resnet50_no_weights,IMAGENET100,fp32_unfused,44,layer1.2.conv1,layer1.2.conv1,"(64, 256, 1, 1)",0.37251357138156893,44,3,
resnet50_no_weights,IMAGENET100,fp32_unfused,"42,43,44",layer1.2.conv1,layer1.2.conv1,"(64, 256, 1, 1)",0.34371816344689904,aggregate,3,0.024948227901952596
resnet50_no_weights,IMAGENET100,fp32_unfused,42,layer1.2.conv2,layer1.2.conv2,"(64, 64, 3, 3)",0.2764243151132877,42,3,
resnet50_no_weights,IMAGENET100,fp32_unfused,43,layer1.2.conv2,layer1.2.conv2,"(64, 64, 3, 3)",0.28579261022455554,43,3,
resnet50_no_weights,IMAGENET100,fp32_unfused,44,layer1.2.conv2,layer1.2.conv2,"(64, 64, 3, 3)",0.30932461445530257,44,3,
resnet50_no_weights,IMAGENET100,fp32_unfused,"42,43,44",layer1.2.conv2,layer1.2.conv2,"(64, 64, 3, 3)",0.2905138465977153,aggregate,3,0.016950663080451484
resnet50_no_weights,IMAGENET100,fp32_unfused,42,layer1.2.conv3,layer1.2.conv3,"(256, 64, 1, 1)",0.47904702213903266,42,3,
resnet50_no_weights,IMAGENET100,fp32_unfused,43,layer1.2.conv3,layer1.2.conv3,"(256, 64, 1, 1)",0.43088747983177506,43,3,
resnet50_no_weights,IMAGENET100,fp32_unfused,44,layer1.2.conv3,layer1.2.conv3,"(256, 64, 1, 1)",0.3165966011583805,44,3,
resnet50_no_weights,IMAGENET100,fp32_unfused,"42,43,44",layer1.2.conv3,layer1.2.conv3,"(256, 64, 1, 1)",0.4088437010430627,aggregate,3,0.08343848606405824
resnet50_no_weights,IMAGENET100,fp32_unfused,42,layer2.0.conv1,layer2.0.conv1,"(128, 256, 1, 1)",5.077800635496775,42,3,
resnet50_no_weights,IMAGENET100,fp32_unfused,43,layer2.0.conv1,layer2.0.conv1,"(128, 256, 1, 1)",5.3298408720228405,43,3,
resnet50_no_weights,IMAGENET100,fp32_unfused,44,layer2.0.conv1,layer2.0.conv1,"(128, 256, 1, 1)",5.988842674096426,44,3,
resnet50_no_weights,IMAGENET100,fp32_unfused,"42,43,44",layer2.0.conv1,layer2.0.conv1,"(128, 256, 1, 1)",5.465494727205347,aggregate,3,0.4704262698270147
resnet50_no_weights,IMAGENET100,fp32_unfused,42,layer2.0.conv2,layer2.0.conv2,"(128, 128, 3, 3)",42.128076487574084,42,3,
resnet50_no_weights,IMAGENET100,fp32_unfused,43,layer2.0.conv2,layer2.0.conv2,"(128, 128, 3, 3)",37.96437123616536,43,3,
resnet50_no_weights,IMAGENET100,fp32_unfused,44,layer2.0.conv2,layer2.0.conv2,"(128, 128, 3, 3)",46.87480445702871,44,3,
resnet50_no_weights,IMAGENET100,fp32_unfused,"42,43,44",layer2.0.conv2,layer2.0.conv2,"(128, 128, 3, 3)",42.32241739358938,aggregate,3,4.458394479706728
resnet50_no_weights,IMAGENET100,fp32_unfused,42,layer2.0.conv3,layer2.0.conv3,"(512, 128, 1, 1)",12.048134767092192,42,3,
resnet50_no_weights,IMAGENET100,fp32_unfused,43,layer2.0.conv3,layer2.0.conv3,"(512, 128, 1, 1)",13.690486749013266,43,3,
resnet50_no_weights,IMAGENET100,fp32_unfused,44,layer2.0.conv3,layer2.0.conv3,"(512, 128, 1, 1)",14.020926427841186,44,3,
resnet50_no_weights,IMAGENET100,fp32_unfused,"42,43,44",layer2.0.conv3,layer2.0.conv3,"(512, 128, 1, 1)",13.253182647982214,aggregate,3,1.0565996837800613
resnet50_no_weights,IMAGENET100,fp32_unfused,42,layer2.0.downsample.0,layer2.0.downsample.0,"(512, 256, 1, 1)",21.833072185516357,42,3,
resnet50_no_weights,IMAGENET100,fp32_unfused,43,layer2.0.downsample.0,layer2.0.downsample.0,"(512, 256, 1, 1)",21.614593305085833,43,3,
resnet50_no_weights,IMAGENET100,fp32_unfused,44,layer2.0.downsample.0,layer2.0.downsample.0,"(512, 256, 1, 1)",25.143266868591308,44,3,
resnet50_no_weights,IMAGENET100,fp32_unfused,"42,43,44",layer2.0.downsample.0,layer2.0.downsample.0,"(512, 256, 1, 1)",22.863644119731166,aggregate,3,1.9772311860627338
resnet50_no_weights,IMAGENET100,fp32_unfused,42,layer2.1.conv1,layer2.1.conv1,"(128, 512, 1, 1)",1.1513584926724434,42,3,
resnet50_no_weights,IMAGENET100,fp32_unfused,43,layer2.1.conv1,layer2.1.conv1,"(128, 512, 1, 1)",1.810522709203803,43,3,
resnet50_no_weights,IMAGENET100,fp32_unfused,44,layer2.1.conv1,layer2.1.conv1,"(128, 512, 1, 1)",1.6733082473278045,44,3,
resnet50_no_weights,IMAGENET100,fp32_unfused,"42,43,44",layer2.1.conv1,layer2.1.conv1,"(128, 512, 1, 1)",1.5450631497346836,aggregate,3,0.3477922797897505
resnet50_no_weights,IMAGENET100,fp32_unfused,42,layer2.1.conv2,layer2.1.conv2,"(128, 128, 3, 3)",39.963521455463614,42,3,
resnet50_no_weights,IMAGENET100,fp32_unfused,43,layer2.1.conv2,layer2.1.conv2,"(128, 128, 3, 3)",41.26327182451884,43,3,
resnet50_no_weights,IMAGENET100,fp32_unfused,44,layer2.1.conv2,layer2.1.conv2,"(128, 128, 3, 3)",29.95614859263102,44,3,
resnet50_no_weights,IMAGENET100,fp32_unfused,"42,43,44",layer2.1.conv2,layer2.1.conv2,"(128, 128, 3, 3)",37.06098062420449,aggregate,3,6.1871897015623425
resnet50_no_weights,IMAGENET100,fp32_unfused,42,layer2.1.conv3,layer2.1.conv3,"(512, 128, 1, 1)",11.528466161092123,42,3,
resnet50_no_weights,IMAGENET100,fp32_unfused,43,layer2.1.conv3,layer2.1.conv3,"(512, 128, 1, 1)",11.547789065043132,43,3,
resnet50_no_weights,IMAGENET100,fp32_unfused,44,layer2.1.conv3,layer2.1.conv3,"(512, 128, 1, 1)",7.704961900053354,44,3,
resnet50_no_weights,IMAGENET100,fp32_unfused,"42,43,44",layer2.1.conv3,layer2.1.conv3,"(512, 128, 1, 1)",10.260405708729536,aggregate,3,2.2131003452465388
resnet50_no_weights,IMAGENET100,fp32_unfused,42,layer2.2.conv1,layer2.2.conv1,"(128, 512, 1, 1)",5.477783224799416,42,3,
resnet50_no_weights,IMAGENET100,fp32_unfused,43,layer2.2.conv1,layer2.2.conv1,"(128, 512, 1, 1)",5.3495347181955974,43,3,
resnet50_no_weights,IMAGENET100,fp32_unfused,44,layer2.2.conv1,layer2.2.conv1,"(128, 512, 1, 1)",5.917483599980672,44,3,
resnet50_no_weights,IMAGENET100,fp32_unfused,"42,43,44",layer2.2.conv1,layer2.2.conv1,"(128, 512, 1, 1)",5.5816005143252285,aggregate,3,0.2978674290411658
resnet50_no_weights,IMAGENET100,fp32_unfused,42,layer2.2.conv2,layer2.2.conv2,"(128, 128, 3, 3)",17.990257120132448,42,3,
resnet50_no_weights,IMAGENET100,fp32_unfused,43,layer2.2.conv2,layer2.2.conv2,"(128, 128, 3, 3)",19.64571164449056,43,3,
resnet50_no_weights,IMAGENET100,fp32_unfused,44,layer2.2.conv2,layer2.2.conv2,"(128, 128, 3, 3)",16.959298451741535,44,3,
resnet50_no_weights,IMAGENET100,fp32_unfused,"42,43,44",layer2.2.conv2,layer2.2.conv2,"(128, 128, 3, 3)",18.19842240545485,aggregate,3,1.3552503643438065
resnet50_no_weights,IMAGENET100,fp32_unfused,42,layer2.2.conv3,layer2.2.conv3,"(512, 128, 1, 1)",13.441187090343899,42,3,
resnet50_no_weights,IMAGENET100,fp32_unfused,43,layer2.2.conv3,layer2.2.conv3,"(512, 128, 1, 1)",12.543652161307957,43,3,
resnet50_no_weights,IMAGENET100,fp32_unfused,44,layer2.2.conv3,layer2.2.conv3,"(512, 128, 1, 1)",14.167850891749064,44,3,
resnet50_no_weights,IMAGENET100,fp32_unfused,"42,43,44",layer2.2.conv3,layer2.2.conv3,"(512, 128, 1, 1)",13.384230047800306,aggregate,3,0.8135960038699244
resnet50_no_weights,IMAGENET100,fp32_unfused,42,layer2.3.conv1,layer2.3.conv1,"(128, 512, 1, 1)",13.69414734840393,42,3,
resnet50_no_weights,IMAGENET100,fp32_unfused,43,layer2.3.conv1,layer2.3.conv1,"(128, 512, 1, 1)",10.168313932418823,43,3,
resnet50_no_weights,IMAGENET100,fp32_unfused,44,layer2.3.conv1,layer2.3.conv1,"(128, 512, 1, 1)",11.87595914999644,44,3,
resnet50_no_weights,IMAGENET100,fp32_unfused,"42,43,44",layer2.3.conv1,layer2.3.conv1,"(128, 512, 1, 1)",11.912806810273064,aggregate,3,1.7632054990471757
resnet50_no_weights,IMAGENET100,fp32_unfused,42,layer2.3.conv2,layer2.3.conv2,"(128, 128, 3, 3)",19.410501130421956,42,3,
resnet50_no_weights,IMAGENET100,fp32_unfused,43,layer2.3.conv2,layer2.3.conv2,"(128, 128, 3, 3)",18.308385308583578,43,3,
resnet50_no_weights,IMAGENET100,fp32_unfused,44,layer2.3.conv2,layer2.3.conv2,"(128, 128, 3, 3)",15.998992681503296,44,3,
resnet50_no_weights,IMAGENET100,fp32_unfused,"42,43,44",layer2.3.conv2,layer2.3.conv2,"(128, 128, 3, 3)",17.905959706836278,aggregate,3,1.74099317861016
resnet50_no_weights,IMAGENET100,fp32_unfused,42,layer2.3.conv3,layer2.3.conv3,"(512, 128, 1, 1)",7.82500049273173,42,3,
resnet50_no_weights,IMAGENET100,fp32_unfused,43,layer2.3.conv3,layer2.3.conv3,"(512, 128, 1, 1)",7.067875691254934,43,3,
resnet50_no_weights,IMAGENET100,fp32_unfused,44,layer2.3.conv3,layer2.3.conv3,"(512, 128, 1, 1)",8.36670876344045,44,3,
resnet50_no_weights,IMAGENET100,fp32_unfused,"42,43,44",layer2.3.conv3,layer2.3.conv3,"(512, 128, 1, 1)",7.753194982475705,aggregate,3,0.6523870483294885
resnet50_no_weights,IMAGENET100,fp32_unfused,42,layer3.0.conv1,layer3.0.conv1,"(256, 512, 1, 1)",58.79516529083252,42,3,
resnet50_no_weights,IMAGENET100,fp32_unfused,43,layer3.0.conv1,layer3.0.conv1,"(256, 512, 1, 1)",61.683573722839355,43,3,
resnet50_no_weights,IMAGENET100,fp32_unfused,44,layer3.0.conv1,layer3.0.conv1,"(256, 512, 1, 1)",43.727497191656205,44,3,
resnet50_no_weights,IMAGENET100,fp32_unfused,"42,43,44",layer3.0.conv1,layer3.0.conv1,"(256, 512, 1, 1)",54.73541206844269,aggregate,3,9.641906879266934
resnet50_no_weights,IMAGENET100,fp32_unfused,42,layer3.0.conv2,layer3.0.conv2,"(256, 256, 3, 3)",46.36393140157064,42,3,
resnet50_no_weights,IMAGENET100,fp32_unfused,43,layer3.0.conv2,layer3.0.conv2,"(256, 256, 3, 3)",33.98968920500382,43,3,
resnet50_no_weights,IMAGENET100,fp32_unfused,44,layer3.0.conv2,layer3.0.conv2,"(256, 256, 3, 3)",44.888098843892415,44,3,
resnet50_no_weights,IMAGENET100,fp32_unfused,"42,43,44",layer3.0.conv2,layer3.0.conv2,"(256, 256, 3, 3)",41.747239816822294,aggregate,3,6.758639956068795
resnet50_no_weights,IMAGENET100,fp32_unfused,42,layer3.0.conv3,layer3.0.conv3,"(1024, 256, 1, 1)",40.71445159912109,42,3,
resnet50_no_weights,IMAGENET100,fp32_unfused,43,layer3.0.conv3,layer3.0.conv3,"(1024, 256, 1, 1)",31.284727626376682,43,3,
resnet50_no_weights,IMAGENET100,fp32_unfused,44,layer3.0.conv3,layer3.0.conv3,"(1024, 256, 1, 1)",40.86318639119466,44,3,
resnet50_no_weights,IMAGENET100,fp32_unfused,"42,43,44",layer3.0.conv3,layer3.0.conv3,"(1024, 256, 1, 1)",37.62078853889748,aggregate,3,5.487693634394478
resnet50_no_weights,IMAGENET100,fp32_unfused,42,layer3.0.downsample.0,layer3.0.downsample.0,"(1024, 512, 1, 1)",56.41232446034749,42,3,
resnet50_no_weights,IMAGENET100,fp32_unfused,43,layer3.0.downsample.0,layer3.0.downsample.0,"(1024, 512, 1, 1)",67.91895484924316,43,3,
resnet50_no_weights,IMAGENET100,fp32_unfused,44,layer3.0.downsample.0,layer3.0.downsample.0,"(1024, 512, 1, 1)",66.03058030870226,44,3,
resnet50_no_weights,IMAGENET100,fp32_unfused,"42,43,44",layer3.0.downsample.0,layer3.0.downsample.0,"(1024, 512, 1, 1)",63.45395320609764,aggregate,3,6.170890628270108
resnet50_no_weights,IMAGENET100,fp32_unfused,42,layer3.1.conv1,layer3.1.conv1,"(256, 1024, 1, 1)",6.651789999008178,42,3,
resnet50_no_weights,IMAGENET100,fp32_unfused,43,layer3.1.conv1,layer3.1.conv1,"(256, 1024, 1, 1)",5.581962649027506,43,3,
resnet50_no_weights,IMAGENET100,fp32_unfused,44,layer3.1.conv1,layer3.1.conv1,"(256, 1024, 1, 1)",6.947875756483811,44,3,
resnet50_no_weights,IMAGENET100,fp32_unfused,"42,43,44",layer3.1.conv1,layer3.1.conv1,"(256, 1024, 1, 1)",6.393876134839832,aggregate,3,0.7185536342388932
resnet50_no_weights,IMAGENET100,fp32_unfused,42,layer3.1.conv2,layer3.1.conv2,"(256, 256, 3, 3)",13.67457234064738,42,3,
resnet50_no_weights,IMAGENET100,fp32_unfused,43,layer3.1.conv2,layer3.1.conv2,"(256, 256, 3, 3)",15.062592776616414,43,3,
resnet50_no_weights,IMAGENET100,fp32_unfused,44,layer3.1.conv2,layer3.1.conv2,"(256, 256, 3, 3)",13.043091583251954,44,3,
resnet50_no_weights,IMAGENET100,fp32_unfused,"42,43,44",layer3.1.conv2,layer3.1.conv2,"(256, 256, 3, 3)",13.92675223350525,aggregate,3,1.033098393799678
resnet50_no_weights,IMAGENET100,fp32_unfused,42,layer3.1.conv3,layer3.1.conv3,"(1024, 256, 1, 1)",11.254845288064745,42,3,
resnet50_no_weights,IMAGENET100,fp32_unfused,43,layer3.1.conv3,layer3.1.conv3,"(1024, 256, 1, 1)",14.106562894933363,43,3,
resnet50_no_weights,IMAGENET100,fp32_unfused,44,layer3.1.conv3,layer3.1.conv3,"(1024, 256, 1, 1)",13.391118049621582,44,3,
resnet50_no_weights,IMAGENET100,fp32_unfused,"42,43,44",layer3.1.conv3,layer3.1.conv3,"(1024, 256, 1, 1)",12.917508744206563,aggregate,3,1.4836787583445725
resnet50_no_weights,IMAGENET100,fp32_unfused,42,layer3.2.conv1,layer3.2.conv1,"(256, 1024, 1, 1)",4.430002053578694,42,3,
resnet50_no_weights,IMAGENET100,fp32_unfused,43,layer3.2.conv1,layer3.2.conv1,"(256, 1024, 1, 1)",3.5952192658469793,43,3,
resnet50_no_weights,IMAGENET100,fp32_unfused,44,layer3.2.conv1,layer3.2.conv1,"(256, 1024, 1, 1)",3.78253288269043,44,3,
resnet50_no_weights,IMAGENET100,fp32_unfused,"42,43,44",layer3.2.conv1,layer3.2.conv1,"(256, 1024, 1, 1)",3.9359180673720346,aggregate,3,0.43801921970747004
resnet50_no_weights,IMAGENET100,fp32_unfused,42,layer3.2.conv2,layer3.2.conv2,"(256, 256, 3, 3)",13.853326370841579,42,3,
resnet50_no_weights,IMAGENET100,fp32_unfused,43,layer3.2.conv2,layer3.2.conv2,"(256, 256, 3, 3)",14.22430852481297,43,3,
resnet50_no_weights,IMAGENET100,fp32_unfused,44,layer3.2.conv2,layer3.2.conv2,"(256, 256, 3, 3)",15.351163880030315,44,3,
resnet50_no_weights,IMAGENET100,fp32_unfused,"42,43,44",layer3.2.conv2,layer3.2.conv2,"(256, 256, 3, 3)",14.47626625856162,aggregate,3,0.7800585399058177
resnet50_no_weights,IMAGENET100,fp32_unfused,42,layer3.2.conv3,layer3.2.conv3,"(1024, 256, 1, 1)",10.124754238128663,42,3,
resnet50_no_weights,IMAGENET100,fp32_unfused,43,layer3.2.conv3,layer3.2.conv3,"(1024, 256, 1, 1)",11.263561893911923,43,3,
resnet50_no_weights,IMAGENET100,fp32_unfused,44,layer3.2.conv3,layer3.2.conv3,"(1024, 256, 1, 1)",14.36413849101347,44,3,
resnet50_no_weights,IMAGENET100,fp32_unfused,"42,43,44",layer3.2.conv3,layer3.2.conv3,"(1024, 256, 1, 1)",11.917484874351352,aggregate,3,2.1940387779531174
resnet50_no_weights,IMAGENET100,fp32_unfused,42,layer3.3.conv1,layer3.3.conv1,"(256, 1024, 1, 1)",8.973945796489716,42,3,
resnet50_no_weights,IMAGENET100,fp32_unfused,43,layer3.3.conv1,layer3.3.conv1,"(256, 1024, 1, 1)",8.288076170285542,43,3,
resnet50_no_weights,IMAGENET100,fp32_unfused,44,layer3.3.conv1,layer3.3.conv1,"(256, 1024, 1, 1)",6.703986517588297,44,3,
resnet50_no_weights,IMAGENET100,fp32_unfused,"42,43,44",layer3.3.conv1,layer3.3.conv1,"(256, 1024, 1, 1)",7.988669494787851,aggregate,3,1.164221649844692
resnet50_no_weights,IMAGENET100,fp32_unfused,42,layer3.3.conv2,layer3.3.conv2,"(256, 256, 3, 3)",12.621315479278564,42,3,
resnet50_no_weights,IMAGENET100,fp32_unfused,43,layer3.3.conv2,layer3.3.conv2,"(256, 256, 3, 3)",14.418838955107189,43,3,
resnet50_no_weights,IMAGENET100,fp32_unfused,44,layer3.3.conv2,layer3.3.conv2,"(256, 256, 3, 3)",13.828874667485556,44,3,
resnet50_no_weights,IMAGENET100,fp32_unfused,"42,43,44",layer3.3.conv2,layer3.3.conv2,"(256, 256, 3, 3)",13.62300970062377,aggregate,3,0.9162739491956039
resnet50_no_weights,IMAGENET100,fp32_unfused,42,layer3.3.conv3,layer3.3.conv3,"(1024, 256, 1, 1)",12.865072965621948,42,3,
resnet50_no_weights,IMAGENET100,fp32_unfused,43,layer3.3.conv3,layer3.3.conv3,"(1024, 256, 1, 1)",12.602046092351278,43,3,
resnet50_no_weights,IMAGENET100,fp32_unfused,44,layer3.3.conv3,layer3.3.conv3,"(1024, 256, 1, 1)",15.058706442515055,44,3,
resnet50_no_weights,IMAGENET100,fp32_unfused,"42,43,44",layer3.3.conv3,layer3.3.conv3,"(1024, 256, 1, 1)",13.50860850016276,aggregate,3,1.3488508098300749
resnet50_no_weights,IMAGENET100,fp32_unfused,42,layer3.4.conv1,layer3.4.conv1,"(256, 1024, 1, 1)",11.024894253412883,42,3,
resnet50_no_weights,IMAGENET100,fp32_unfused,43,layer3.4.conv1,layer3.4.conv1,"(256, 1024, 1, 1)",10.536671670277913,43,3,
resnet50_no_weights,IMAGENET100,fp32_unfused,44,layer3.4.conv1,layer3.4.conv1,"(256, 1024, 1, 1)",10.798167610168457,44,3,
resnet50_no_weights,IMAGENET100,fp32_unfused,"42,43,44",layer3.4.conv1,layer3.4.conv1,"(256, 1024, 1, 1)",10.786577844619751,aggregate,3,0.24431754883726867
resnet50_no_weights,IMAGENET100,fp32_unfused,42,layer3.4.conv2,layer3.4.conv2,"(256, 256, 3, 3)",16.41469546953837,42,3,
resnet50_no_weights,IMAGENET100,fp32_unfused,43,layer3.4.conv2,layer3.4.conv2,"(256, 256, 3, 3)",14.208124923706055,43,3,
resnet50_no_weights,IMAGENET100,fp32_unfused,44,layer3.4.conv2,layer3.4.conv2,"(256, 256, 3, 3)",14.324453390561617,44,3,
resnet50_no_weights,IMAGENET100,fp32_unfused,"42,43,44",layer3.4.conv2,layer3.4.conv2,"(256, 256, 3, 3)",14.982424594602014,aggregate,3,1.2417459371560093
resnet50_no_weights,IMAGENET100,fp32_unfused,42,layer3.4.conv3,layer3.4.conv3,"(1024, 256, 1, 1)",11.203708950678507,42,3,
resnet50_no_weights,IMAGENET100,fp32_unfused,43,layer3.4.conv3,layer3.4.conv3,"(1024, 256, 1, 1)",11.312642996127789,43,3,
resnet50_no_weights,IMAGENET100,fp32_unfused,44,layer3.4.conv3,layer3.4.conv3,"(1024, 256, 1, 1)",11.167796784433826,44,3,
resnet50_no_weights,IMAGENET100,fp32_unfused,"42,43,44",layer3.4.conv3,layer3.4.conv3,"(1024, 256, 1, 1)",11.228049577080041,aggregate,3,0.07542848156192296
resnet50_no_weights,IMAGENET100,fp32_unfused,42,layer3.5.conv1,layer3.5.conv1,"(256, 1024, 1, 1)",21.50945085287094,42,3,
resnet50_no_weights,IMAGENET100,fp32_unfused,43,layer3.5.conv1,layer3.5.conv1,"(256, 1024, 1, 1)",15.942319981257121,43,3,
resnet50_no_weights,IMAGENET100,fp32_unfused,44,layer3.5.conv1,layer3.5.conv1,"(256, 1024, 1, 1)",18.597752621299342,44,3,
resnet50_no_weights,IMAGENET100,fp32_unfused,"42,43,44",layer3.5.conv1,layer3.5.conv1,"(256, 1024, 1, 1)",18.68317448514247,aggregate,3,2.7845482948829847
resnet50_no_weights,IMAGENET100,fp32_unfused,42,layer3.5.conv2,layer3.5.conv2,"(256, 256, 3, 3)",31.84280055363973,42,3,
resnet50_no_weights,IMAGENET100,fp32_unfused,43,layer3.5.conv2,layer3.5.conv2,"(256, 256, 3, 3)",30.981513023376465,43,3,
resnet50_no_weights,IMAGENET100,fp32_unfused,44,layer3.5.conv2,layer3.5.conv2,"(256, 256, 3, 3)",32.71043297449748,44,3,
resnet50_no_weights,IMAGENET100,fp32_unfused,"42,43,44",layer3.5.conv2,layer3.5.conv2,"(256, 256, 3, 3)",31.844915517171223,aggregate,3,0.8644619159622517
resnet50_no_weights,IMAGENET100,fp32_unfused,42,layer3.5.conv3,layer3.5.conv3,"(1024, 256, 1, 1)",22.254387664794923,42,3,
resnet50_no_weights,IMAGENET100,fp32_unfused,43,layer3.5.conv3,layer3.5.conv3,"(1024, 256, 1, 1)",21.653648376464844,43,3,
resnet50_no_weights,IMAGENET100,fp32_unfused,44,layer3.5.conv3,layer3.5.conv3,"(1024, 256, 1, 1)",23.300153891245525,44,3,
resnet50_no_weights,IMAGENET100,fp32_unfused,"42,43,44",layer3.5.conv3,layer3.5.conv3,"(1024, 256, 1, 1)",22.402729977501764,aggregate,3,0.833216168743268
resnet50_no_weights,IMAGENET100,fp32_unfused,42,layer4.0.conv1,layer4.0.conv1,"(512, 1024, 1, 1)",101.13999252319336,42,3,
resnet50_no_weights,IMAGENET100,fp32_unfused,43,layer4.0.conv1,layer4.0.conv1,"(512, 1024, 1, 1)",83.15033524831136,43,3,
resnet50_no_weights,IMAGENET100,fp32_unfused,44,layer4.0.conv1,layer4.0.conv1,"(512, 1024, 1, 1)",110.84231847127279,44,3,
resnet50_no_weights,IMAGENET100,fp32_unfused,"42,43,44",layer4.0.conv1,layer4.0.conv1,"(512, 1024, 1, 1)",98.3775487475925,aggregate,3,14.051149611872018
resnet50_no_weights,IMAGENET100,fp32_unfused,42,layer4.0.conv2,layer4.0.conv2,"(512, 512, 3, 3)",97.78010711669921,42,3,
resnet50_no_weights,IMAGENET100,fp32_unfused,43,layer4.0.conv2,layer4.0.conv2,"(512, 512, 3, 3)",109.843081580268,43,3,
resnet50_no_weights,IMAGENET100,fp32_unfused,44,layer4.0.conv2,layer4.0.conv2,"(512, 512, 3, 3)",110.56297442118327,44,3,
resnet50_no_weights,IMAGENET100,fp32_unfused,"42,43,44",layer4.0.conv2,layer4.0.conv2,"(512, 512, 3, 3)",106.06205437271683,aggregate,3,7.181403009802024
resnet50_no_weights,IMAGENET100,fp32_unfused,42,layer4.0.conv3,layer4.0.conv3,"(2048, 512, 1, 1)",84.85737792305325,42,3,
resnet50_no_weights,IMAGENET100,fp32_unfused,43,layer4.0.conv3,layer4.0.conv3,"(2048, 512, 1, 1)",97.17095044453939,43,3,
resnet50_no_weights,IMAGENET100,fp32_unfused,44,layer4.0.conv3,layer4.0.conv3,"(2048, 512, 1, 1)",98.98016815185547,44,3,
resnet50_no_weights,IMAGENET100,fp32_unfused,"42,43,44",layer4.0.conv3,layer4.0.conv3,"(2048, 512, 1, 1)",93.66949883981603,aggregate,3,7.684947850626746
resnet50_no_weights,IMAGENET100,fp32_unfused,42,layer4.0.downsample.0,layer4.0.downsample.0,"(2048, 1024, 1, 1)",101.15061461130777,42,3,
resnet50_no_weights,IMAGENET100,fp32_unfused,43,layer4.0.downsample.0,layer4.0.downsample.0,"(2048, 1024, 1, 1)",71.75620826085408,43,3,
resnet50_no_weights,IMAGENET100,fp32_unfused,44,layer4.0.downsample.0,layer4.0.downsample.0,"(2048, 1024, 1, 1)",77.72836011250814,44,3,
resnet50_no_weights,IMAGENET100,fp32_unfused,"42,43,44",layer4.0.downsample.0,layer4.0.downsample.0,"(2048, 1024, 1, 1)",83.54506099489,aggregate,3,15.536514668361901
resnet50_no_weights,IMAGENET100,fp32_unfused,42,layer4.1.conv1,layer4.1.conv1,"(512, 2048, 1, 1)",36.74286222457886,42,3,
resnet50_no_weights,IMAGENET100,fp32_unfused,43,layer4.1.conv1,layer4.1.conv1,"(512, 2048, 1, 1)",43.193326495942614,43,3,
resnet50_no_weights,IMAGENET100,fp32_unfused,44,layer4.1.conv1,layer4.1.conv1,"(512, 2048, 1, 1)",43.73402709960938,44,3,
resnet50_no_weights,IMAGENET100,fp32_unfused,"42,43,44",layer4.1.conv1,layer4.1.conv1,"(512, 2048, 1, 1)",41.22340527337695,aggregate,3,3.8896707823157834
resnet50_no_weights,IMAGENET100,fp32_unfused,42,layer4.1.conv2,layer4.1.conv2,"(512, 512, 3, 3)",85.7155042375837,42,3,
resnet50_no_weights,IMAGENET100,fp32_unfused,43,layer4.1.conv2,layer4.1.conv2,"(512, 512, 3, 3)",86.71962661743164,43,3,
resnet50_no_weights,IMAGENET100,fp32_unfused,44,layer4.1.conv2,layer4.1.conv2,"(512, 512, 3, 3)",108.36505635579427,44,3,
resnet50_no_weights,IMAGENET100,fp32_unfused,"42,43,44",layer4.1.conv2,layer4.1.conv2,"(512, 512, 3, 3)",93.6000624036032,aggregate,3,12.796712478000233
resnet50_no_weights,IMAGENET100,fp32_unfused,42,layer4.1.conv3,layer4.1.conv3,"(2048, 512, 1, 1)",73.33296381632486,42,3,
resnet50_no_weights,IMAGENET100,fp32_unfused,43,layer4.1.conv3,layer4.1.conv3,"(2048, 512, 1, 1)",88.31832189145295,43,3,
resnet50_no_weights,IMAGENET100,fp32_unfused,44,layer4.1.conv3,layer4.1.conv3,"(2048, 512, 1, 1)",77.81189219156902,44,3,
resnet50_no_weights,IMAGENET100,fp32_unfused,"42,43,44",layer4.1.conv3,layer4.1.conv3,"(2048, 512, 1, 1)",79.82105929978228,aggregate,3,7.692061070447647
resnet50_no_weights,IMAGENET100,fp32_unfused,42,layer4.2.conv1,layer4.2.conv1,"(512, 2048, 1, 1)",156.35601539611815,42,3,
resnet50_no_weights,IMAGENET100,fp32_unfused,43,layer4.2.conv1,layer4.2.conv1,"(512, 2048, 1, 1)",152.96054077148438,43,3,
resnet50_no_weights,IMAGENET100,fp32_unfused,44,layer4.2.conv1,layer4.2.conv1,"(512, 2048, 1, 1)",171.54708658854167,44,3,
resnet50_no_weights,IMAGENET100,fp32_unfused,"42,43,44",layer4.2.conv1,layer4.2.conv1,"(512, 2048, 1, 1)",160.28788091871473,aggregate,3,9.897454027083446
resnet50_no_weights,IMAGENET100,fp32_unfused,42,layer4.2.conv2,layer4.2.conv2,"(512, 512, 3, 3)",116.51374244689941,42,3,
resnet50_no_weights,IMAGENET100,fp32_unfused,43,layer4.2.conv2,layer4.2.conv2,"(512, 512, 3, 3)",168.67408924102784,43,3,
resnet50_no_weights,IMAGENET100,fp32_unfused,44,layer4.2.conv2,layer4.2.conv2,"(512, 512, 3, 3)",99.04577204386393,44,3,
resnet50_no_weights,IMAGENET100,fp32_unfused,"42,43,44",layer4.2.conv2,layer4.2.conv2,"(512, 512, 3, 3)",128.07786791059706,aggregate,3,36.22599049346095
resnet50_no_weights,IMAGENET100,fp32_unfused,42,layer4.2.conv3,layer4.2.conv3,"(2048, 512, 1, 1)",23.505129277706146,42,3,
resnet50_no_weights,IMAGENET100,fp32_unfused,43,layer4.2.conv3,layer4.2.conv3,"(2048, 512, 1, 1)",32.2024121761322,43,3,
resnet50_no_weights,IMAGENET100,fp32_unfused,44,layer4.2.conv3,layer4.2.conv3,"(2048, 512, 1, 1)",19.303364020127518,44,3,
resnet50_no_weights,IMAGENET100,fp32_unfused,"42,43,44",layer4.2.conv3,layer4.2.conv3,"(2048, 512, 1, 1)",25.003635157988622,aggregate,3,6.578791738432127
resnet50_no_weights,IMAGENET100,fp32_unfused,42,fc,fc,"(100, 2048)",4.477790824572245,42,3,
resnet50_no_weights,IMAGENET100,fp32_unfused,43,fc,fc,"(100, 2048)",4.9460508823394775,43,3,
resnet50_no_weights,IMAGENET100,fp32_unfused,44,fc,fc,"(100, 2048)",3.7564085920651755,44,3,
resnet50_no_weights,IMAGENET100,fp32_unfused,"42,43,44",fc,fc,"(100, 2048)",4.3934167663256325,aggregate,3,0.5992924419521939
resnet50_no_weights,IMAGENET100,ptq,42,conv1,conv1,"(64, 3, 7, 7)",4367.78032430013,42,3,
resnet50_no_weights,IMAGENET100,ptq,43,conv1,conv1,"(64, 3, 7, 7)",3622.756270345052,43,3,
resnet50_no_weights,IMAGENET100,ptq,44,conv1,conv1,"(64, 3, 7, 7)",5813.270596313477,44,3,
resnet50_no_weights,IMAGENET100,ptq,"42,43,44",conv1,conv1,"(64, 3, 7, 7)",4601.269063652886,aggregate,3,1113.766580851495
resnet50_no_weights,IMAGENET100,ptq,42,layer1.0.conv1,layer1.0.conv1,"(64, 64, 1, 1)",47.52323455810547,42,3,
resnet50_no_weights,IMAGENET100,ptq,43,layer1.0.conv1,layer1.0.conv1,"(64, 64, 1, 1)",48.28553290594192,43,3,
resnet50_no_weights,IMAGENET100,ptq,44,layer1.0.conv1,layer1.0.conv1,"(64, 64, 1, 1)",46.835333384000336,44,3,
resnet50_no_weights,IMAGENET100,ptq,"42,43,44",layer1.0.conv1,layer1.0.conv1,"(64, 64, 1, 1)",47.54803361601591,aggregate,3,0.7254177474495879
resnet50_no_weights,IMAGENET100,ptq,42,layer1.0.conv2,layer1.0.conv2,"(64, 64, 3, 3)",56.26533288955689,42,3,
resnet50_no_weights,IMAGENET100,ptq,43,layer1.0.conv2,layer1.0.conv2,"(64, 64, 3, 3)",53.588549655416735,43,3,
resnet50_no_weights,IMAGENET100,ptq,44,layer1.0.conv2,layer1.0.conv2,"(64, 64, 3, 3)",76.36924781799317,44,3,
resnet50_no_weights,IMAGENET100,ptq,"42,43,44",layer1.0.conv2,layer1.0.conv2,"(64, 64, 3, 3)",62.074376787655595,aggregate,3,12.45185911625777
resnet50_no_weights,IMAGENET100,ptq,42,layer1.0.conv3,layer1.0.conv3,"(256, 64, 1, 1)",59.60928217569987,42,3,
resnet50_no_weights,IMAGENET100,ptq,43,layer1.0.conv3,layer1.0.conv3,"(256, 64, 1, 1)",61.46181399027507,43,3,
resnet50_no_weights,IMAGENET100,ptq,44,layer1.0.conv3,layer1.0.conv3,"(256, 64, 1, 1)",47.971536763509114,44,3,
resnet50_no_weights,IMAGENET100,ptq,"42,43,44",layer1.0.conv3,layer1.0.conv3,"(256, 64, 1, 1)",56.34754430982802,aggregate,3,7.312735147877073
resnet50_no_weights,IMAGENET100,ptq,42,layer1.0.downsample.0,layer1.0.downsample.0,"(256, 64, 1, 1)",44.47476584116618,42,3,
resnet50_no_weights,IMAGENET100,ptq,43,layer1.0.downsample.0,layer1.0.downsample.0,"(256, 64, 1, 1)",39.30607080459595,43,3,
resnet50_no_weights,IMAGENET100,ptq,44,layer1.0.downsample.0,layer1.0.downsample.0,"(256, 64, 1, 1)",36.69224902561733,44,3,
resnet50_no_weights,IMAGENET100,ptq,"42,43,44",layer1.0.downsample.0,layer1.0.downsample.0,"(256, 64, 1, 1)",40.157695223793155,aggregate,3,3.9605353311900773
resnet50_no_weights,IMAGENET100,ptq,42,layer1.1.conv1,layer1.1.conv1,"(64, 256, 1, 1)",16.50152530670166,42,3,
resnet50_no_weights,IMAGENET100,ptq,43,layer1.1.conv1,layer1.1.conv1,"(64, 256, 1, 1)",14.898256508509318,43,3,
resnet50_no_weights,IMAGENET100,ptq,44,layer1.1.conv1,layer1.1.conv1,"(64, 256, 1, 1)",13.836464055379231,44,3,
resnet50_no_weights,IMAGENET100,ptq,"42,43,44",layer1.1.conv1,layer1.1.conv1,"(64, 256, 1, 1)",15.07874862353007,aggregate,3,1.3416672169407597
resnet50_no_weights,IMAGENET100,ptq,42,layer1.1.conv2,layer1.1.conv2,"(64, 64, 3, 3)",5.750961184501648,42,3,
resnet50_no_weights,IMAGENET100,ptq,43,layer1.1.conv2,layer1.1.conv2,"(64, 64, 3, 3)",5.966239231824875,43,3,
resnet50_no_weights,IMAGENET100,ptq,44,layer1.1.conv2,layer1.1.conv2,"(64, 64, 3, 3)",4.49035808245341,44,3,
resnet50_no_weights,IMAGENET100,ptq,"42,43,44",layer1.1.conv2,layer1.1.conv2,"(64, 64, 3, 3)",5.402519499593311,aggregate,3,0.7972546629552126
resnet50_no_weights,IMAGENET100,ptq,42,layer1.1.conv3,layer1.1.conv3,"(256, 64, 1, 1)",12.90934028228124,42,3,
resnet50_no_weights,IMAGENET100,ptq,43,layer1.1.conv3,layer1.1.conv3,"(256, 64, 1, 1)",12.197243001725939,43,3,
resnet50_no_weights,IMAGENET100,ptq,44,layer1.1.conv3,layer1.1.conv3,"(256, 64, 1, 1)",12.356920393308004,44,3,
resnet50_no_weights,IMAGENET100,ptq,"42,43,44",layer1.1.conv3,layer1.1.conv3,"(256, 64, 1, 1)",12.48783455910506,aggregate,3,0.37366365002274243
resnet50_no_weights,IMAGENET100,ptq,42,layer1.2.conv1,layer1.2.conv1,"(64, 256, 1, 1)",1.7317587991555532,42,3,
resnet50_no_weights,IMAGENET100,ptq,43,layer1.2.conv1,layer1.2.conv1,"(64, 256, 1, 1)",2.099942672252655,43,3,
resnet50_no_weights,IMAGENET100,ptq,44,layer1.2.conv1,layer1.2.conv1,"(64, 256, 1, 1)",1.7026492923498153,44,3,
resnet50_no_weights,IMAGENET100,ptq,"42,43,44",layer1.2.conv1,layer1.2.conv1,"(64, 256, 1, 1)",1.844783587919341,aggregate,3,0.2214530640677154
resnet50_no_weights,IMAGENET100,ptq,42,layer1.2.conv2,layer1.2.conv2,"(64, 64, 3, 3)",0.36109412238001826,42,3,
resnet50_no_weights,IMAGENET100,ptq,43,layer1.2.conv2,layer1.2.conv2,"(64, 64, 3, 3)",0.520682959506909,43,3,
resnet50_no_weights,IMAGENET100,ptq,44,layer1.2.conv2,layer1.2.conv2,"(64, 64, 3, 3)",0.4729939728975296,44,3,
resnet50_no_weights,IMAGENET100,ptq,"42,43,44",layer1.2.conv2,layer1.2.conv2,"(64, 64, 3, 3)",0.451590351594819,aggregate,3,0.08191907889820724
resnet50_no_weights,IMAGENET100,ptq,42,layer1.2.conv3,layer1.2.conv3,"(256, 64, 1, 1)",1.7240972879685854,42,3,
resnet50_no_weights,IMAGENET100,ptq,43,layer1.2.conv3,layer1.2.conv3,"(256, 64, 1, 1)",1.0695605342802794,43,3,
resnet50_no_weights,IMAGENET100,ptq,44,layer1.2.conv3,layer1.2.conv3,"(256, 64, 1, 1)",1.4254659374554952,44,3,
resnet50_no_weights,IMAGENET100,ptq,"42,43,44",layer1.2.conv3,layer1.2.conv3,"(256, 64, 1, 1)",1.40637458656812,aggregate,3,0.3276857492190272
resnet50_no_weights,IMAGENET100,ptq,42,layer2.0.conv1,layer2.0.conv1,"(128, 256, 1, 1)",9.47389170328776,42,3,
resnet50_no_weights,IMAGENET100,ptq,43,layer2.0.conv1,layer2.0.conv1,"(128, 256, 1, 1)",8.11215605054583,43,3,
resnet50_no_weights,IMAGENET100,ptq,44,layer2.0.conv1,layer2.0.conv1,"(128, 256, 1, 1)",8.120567846298218,44,3,
resnet50_no_weights,IMAGENET100,ptq,"42,43,44",layer2.0.conv1,layer2.0.conv1,"(128, 256, 1, 1)",8.568871866710603,aggregate,3,0.7837814542495593
resnet50_no_weights,IMAGENET100,ptq,42,layer2.0.conv2,layer2.0.conv2,"(128, 128, 3, 3)",50.039234447479245,42,3,
resnet50_no_weights,IMAGENET100,ptq,43,layer2.0.conv2,layer2.0.conv2,"(128, 128, 3, 3)",46.81046835581461,43,3,
resnet50_no_weights,IMAGENET100,ptq,44,layer2.0.conv2,layer2.0.conv2,"(128, 128, 3, 3)",42.19196757563838,44,3,
resnet50_no_weights,IMAGENET100,ptq,"42,43,44",layer2.0.conv2,layer2.0.conv2,"(128, 128, 3, 3)",46.34722345964408,aggregate,3,3.9440900363510742
resnet50_no_weights,IMAGENET100,ptq,42,layer2.0.conv3,layer2.0.conv3,"(512, 128, 1, 1)",42.035035069783525,42,3,
resnet50_no_weights,IMAGENET100,ptq,43,layer2.0.conv3,layer2.0.conv3,"(512, 128, 1, 1)",42.99250025219388,43,3,
resnet50_no_weights,IMAGENET100,ptq,44,layer2.0.conv3,layer2.0.conv3,"(512, 128, 1, 1)",41.63474699656169,44,3,
resnet50_no_weights,IMAGENET100,ptq,"42,43,44",layer2.0.conv3,layer2.0.conv3,"(512, 128, 1, 1)",42.22076077284636,aggregate,3,0.6976704117121436
resnet50_no_weights,IMAGENET100,ptq,42,layer2.0.downsample.0,layer2.0.downsample.0,"(512, 256, 1, 1)",75.74904151189895,42,3,
resnet50_no_weights,IMAGENET100,ptq,43,layer2.0.downsample.0,layer2.0.downsample.0,"(512, 256, 1, 1)",53.38456591437845,43,3,
resnet50_no_weights,IMAGENET100,ptq,44,layer2.0.downsample.0,layer2.0.downsample.0,"(512, 256, 1, 1)",56.36503558688693,44,3,
resnet50_no_weights,IMAGENET100,ptq,"42,43,44",layer2.0.downsample.0,layer2.0.downsample.0,"(512, 256, 1, 1)",61.83288100438811,aggregate,3,12.143535000990815
resnet50_no_weights,IMAGENET100,ptq,42,layer2.1.conv1,layer2.1.conv1,"(128, 512, 1, 1)",18.295470654964447,42,3,
resnet50_no_weights,IMAGENET100,ptq,43,layer2.1.conv1,layer2.1.conv1,"(128, 512, 1, 1)",20.462743832514835,43,3,
resnet50_no_weights,IMAGENET100,ptq,44,layer2.1.conv1,layer2.1.conv1,"(128, 512, 1, 1)",18.44089273972945,44,3,
resnet50_no_weights,IMAGENET100,ptq,"42,43,44",layer2.1.conv1,layer2.1.conv1,"(128, 512, 1, 1)",19.066369075736244,aggregate,3,1.2114799799050346
resnet50_no_weights,IMAGENET100,ptq,42,layer2.1.conv2,layer2.1.conv2,"(128, 128, 3, 3)",12.547694657978258,42,3,
resnet50_no_weights,IMAGENET100,ptq,43,layer2.1.conv2,layer2.1.conv2,"(128, 128, 3, 3)",11.666327280156752,43,3,
resnet50_no_weights,IMAGENET100,ptq,44,layer2.1.conv2,layer2.1.conv2,"(128, 128, 3, 3)",12.668612073968958,44,3,
resnet50_no_weights,IMAGENET100,ptq,"42,43,44",layer2.1.conv2,layer2.1.conv2,"(128, 128, 3, 3)",12.29421133736799,aggregate,3,0.5471142909370039
resnet50_no_weights,IMAGENET100,ptq,42,layer2.1.conv3,layer2.1.conv3,"(512, 128, 1, 1)",23.771663930681015,42,3,
resnet50_no_weights,IMAGENET100,ptq,43,layer2.1.conv3,layer2.1.conv3,"(512, 128, 1, 1)",24.157471688588462,43,3,
resnet50_no_weights,IMAGENET100,ptq,44,layer2.1.conv3,layer2.1.conv3,"(512, 128, 1, 1)",22.37732833226522,44,3,
resnet50_no_weights,IMAGENET100,ptq,"42,43,44",layer2.1.conv3,layer2.1.conv3,"(512, 128, 1, 1)",23.435487983844897,aggregate,3,0.936476530773097
resnet50_no_weights,IMAGENET100,ptq,42,layer2.2.conv1,layer2.2.conv1,"(128, 512, 1, 1)",8.562723636627197,42,3,
resnet50_no_weights,IMAGENET100,ptq,43,layer2.2.conv1,layer2.2.conv1,"(128, 512, 1, 1)",9.922975659370422,43,3,
resnet50_no_weights,IMAGENET100,ptq,44,layer2.2.conv1,layer2.2.conv1,"(128, 512, 1, 1)",9.469474170518959,44,3,
resnet50_no_weights,IMAGENET100,ptq,"42,43,44",layer2.2.conv1,layer2.2.conv1,"(128, 512, 1, 1)",9.318391155505527,aggregate,3,0.6925972490657328
resnet50_no_weights,IMAGENET100,ptq,42,layer2.2.conv2,layer2.2.conv2,"(128, 128, 3, 3)",28.259597078959146,42,3,
resnet50_no_weights,IMAGENET100,ptq,43,layer2.2.conv2,layer2.2.conv2,"(128, 128, 3, 3)",25.77677453358968,43,3,
resnet50_no_weights,IMAGENET100,ptq,44,layer2.2.conv2,layer2.2.conv2,"(128, 128, 3, 3)",28.477801583030008,44,3,
resnet50_no_weights,IMAGENET100,ptq,"42,43,44",layer2.2.conv2,layer2.2.conv2,"(128, 128, 3, 3)",27.504724398526278,aggregate,3,1.5004203921568138
resnet50_no_weights,IMAGENET100,ptq,42,layer2.2.conv3,layer2.2.conv3,"(512, 128, 1, 1)",33.074843088785805,42,3,
resnet50_no_weights,IMAGENET100,ptq,43,layer2.2.conv3,layer2.2.conv3,"(512, 128, 1, 1)",42.74750340779622,43,3,
resnet50_no_weights,IMAGENET100,ptq,44,layer2.2.conv3,layer2.2.conv3,"(512, 128, 1, 1)",44.361985460917154,44,3,
resnet50_no_weights,IMAGENET100,ptq,"42,43,44",layer2.2.conv3,layer2.2.conv3,"(512, 128, 1, 1)",40.06144398583306,aggregate,3,6.104185625120564
resnet50_no_weights,IMAGENET100,ptq,42,layer2.3.conv1,layer2.3.conv1,"(128, 512, 1, 1)",11.390479373931885,42,3,
resnet50_no_weights,IMAGENET100,ptq,43,layer2.3.conv1,layer2.3.conv1,"(128, 512, 1, 1)",11.359269391922723,43,3,
resnet50_no_weights,IMAGENET100,ptq,44,layer2.3.conv1,layer2.3.conv1,"(128, 512, 1, 1)",11.736767432268929,44,3,
resnet50_no_weights,IMAGENET100,ptq,"42,43,44",layer2.3.conv1,layer2.3.conv1,"(128, 512, 1, 1)",11.495505399374512,aggregate,3,0.20952098255667104
resnet50_no_weights,IMAGENET100,ptq,42,layer2.3.conv2,layer2.3.conv2,"(128, 128, 3, 3)",6.2148885806401575,42,3,
resnet50_no_weights,IMAGENET100,ptq,43,layer2.3.conv2,layer2.3.conv2,"(128, 128, 3, 3)",5.423182140697133,43,3,
resnet50_no_weights,IMAGENET100,ptq,44,layer2.3.conv2,layer2.3.conv2,"(128, 128, 3, 3)",6.7754747072855634,44,3,
resnet50_no_weights,IMAGENET100,ptq,"42,43,44",layer2.3.conv2,layer2.3.conv2,"(128, 128, 3, 3)",6.137848476207618,aggregate,3,0.6794300403138014
resnet50_no_weights,IMAGENET100,ptq,42,layer2.3.conv3,layer2.3.conv3,"(512, 128, 1, 1)",17.866341066360473,42,3,
resnet50_no_weights,IMAGENET100,ptq,43,layer2.3.conv3,layer2.3.conv3,"(512, 128, 1, 1)",18.905052359898885,43,3,
resnet50_no_weights,IMAGENET100,ptq,44,layer2.3.conv3,layer2.3.conv3,"(512, 128, 1, 1)",18.300373776753744,44,3,
resnet50_no_weights,IMAGENET100,ptq,"42,43,44",layer2.3.conv3,layer2.3.conv3,"(512, 128, 1, 1)",18.357255734337702,aggregate,3,0.5216866450801647
resnet50_no_weights,IMAGENET100,ptq,42,layer3.0.conv1,layer3.0.conv1,"(256, 512, 1, 1)",51.37069918314616,42,3,
resnet50_no_weights,IMAGENET100,ptq,43,layer3.0.conv1,layer3.0.conv1,"(256, 512, 1, 1)",53.75157345042509,43,3,
resnet50_no_weights,IMAGENET100,ptq,44,layer3.0.conv1,layer3.0.conv1,"(256, 512, 1, 1)",53.24738574028015,44,3,
resnet50_no_weights,IMAGENET100,ptq,"42,43,44",layer3.0.conv1,layer3.0.conv1,"(256, 512, 1, 1)",52.789886124617134,aggregate,3,1.254639387591752
resnet50_no_weights,IMAGENET100,ptq,42,layer3.0.conv2,layer3.0.conv2,"(256, 256, 3, 3)",47.798241424560544,42,3,
resnet50_no_weights,IMAGENET100,ptq,43,layer3.0.conv2,layer3.0.conv2,"(256, 256, 3, 3)",41.76752471923828,43,3,
resnet50_no_weights,IMAGENET100,ptq,44,layer3.0.conv2,layer3.0.conv2,"(256, 256, 3, 3)",43.39596309661865,44,3,
resnet50_no_weights,IMAGENET100,ptq,"42,43,44",layer3.0.conv2,layer3.0.conv2,"(256, 256, 3, 3)",44.320576413472494,aggregate,3,3.1198667173840695
resnet50_no_weights,IMAGENET100,ptq,42,layer3.0.conv3,layer3.0.conv3,"(1024, 256, 1, 1)",127.01262179287997,42,3,
resnet50_no_weights,IMAGENET100,ptq,43,layer3.0.conv3,layer3.0.conv3,"(1024, 256, 1, 1)",122.11956537180933,43,3,
resnet50_no_weights,IMAGENET100,ptq,44,layer3.0.conv3,layer3.0.conv3,"(1024, 256, 1, 1)",113.4910181681315,44,3,
resnet50_no_weights,IMAGENET100,ptq,"42,43,44",layer3.0.conv3,layer3.0.conv3,"(1024, 256, 1, 1)",120.87440177760693,aggregate,3,6.84625922883789
resnet50_no_weights,IMAGENET100,ptq,42,layer3.0.downsample.0,layer3.0.downsample.0,"(1024, 512, 1, 1)",56.52104311722975,42,3,
resnet50_no_weights,IMAGENET100,ptq,43,layer3.0.downsample.0,layer3.0.downsample.0,"(1024, 512, 1, 1)",47.799580982753206,43,3,
resnet50_no_weights,IMAGENET100,ptq,44,layer3.0.downsample.0,layer3.0.downsample.0,"(1024, 512, 1, 1)",48.93367294028953,44,3,
resnet50_no_weights,IMAGENET100,ptq,"42,43,44",layer3.0.downsample.0,layer3.0.downsample.0,"(1024, 512, 1, 1)",51.08476568009083,aggregate,3,4.741980116174723
resnet50_no_weights,IMAGENET100,ptq,42,layer3.1.conv1,layer3.1.conv1,"(256, 1024, 1, 1)",17.38133043991892,42,3,
resnet50_no_weights,IMAGENET100,ptq,43,layer3.1.conv1,layer3.1.conv1,"(256, 1024, 1, 1)",17.472410901387533,43,3,
resnet50_no_weights,IMAGENET100,ptq,44,layer3.1.conv1,layer3.1.conv1,"(256, 1024, 1, 1)",17.999062379201252,44,3,
resnet50_no_weights,IMAGENET100,ptq,"42,43,44",layer3.1.conv1,layer3.1.conv1,"(256, 1024, 1, 1)",17.617601240169236,aggregate,3,0.3334791793486317
resnet50_no_weights,IMAGENET100,ptq,42,layer3.1.conv2,layer3.1.conv2,"(256, 256, 3, 3)",12.80372886657715,42,3,
resnet50_no_weights,IMAGENET100,ptq,43,layer3.1.conv2,layer3.1.conv2,"(256, 256, 3, 3)",13.978976964950562,43,3,
resnet50_no_weights,IMAGENET100,ptq,44,layer3.1.conv2,layer3.1.conv2,"(256, 256, 3, 3)",12.519037294387818,44,3,
resnet50_no_weights,IMAGENET100,ptq,"42,43,44",layer3.1.conv2,layer3.1.conv2,"(256, 256, 3, 3)",13.100581041971843,aggregate,3,0.7739165788042885
resnet50_no_weights,IMAGENET100,ptq,42,layer3.1.conv3,layer3.1.conv3,"(1024, 256, 1, 1)",33.05407590451448,42,3,
resnet50_no_weights,IMAGENET100,ptq,43,layer3.1.conv3,layer3.1.conv3,"(1024, 256, 1, 1)",34.05391254425049,43,3,
resnet50_no_weights,IMAGENET100,ptq,44,layer3.1.conv3,layer3.1.conv3,"(1024, 256, 1, 1)",32.65952221552531,44,3,
resnet50_no_weights,IMAGENET100,ptq,"42,43,44",layer3.1.conv3,layer3.1.conv3,"(1024, 256, 1, 1)",33.25583688809676,aggregate,3,0.7187570647184247
resnet50_no_weights,IMAGENET100,ptq,42,layer3.2.conv1,layer3.2.conv1,"(256, 1024, 1, 1)",16.847249870300292,42,3,
resnet50_no_weights,IMAGENET100,ptq,43,layer3.2.conv1,layer3.2.conv1,"(256, 1024, 1, 1)",19.39058713912964,43,3,
resnet50_no_weights,IMAGENET100,ptq,44,layer3.2.conv1,layer3.2.conv1,"(256, 1024, 1, 1)",19.559194326400757,44,3,
resnet50_no_weights,IMAGENET100,ptq,"42,43,44",layer3.2.conv1,layer3.2.conv1,"(256, 1024, 1, 1)",18.599010445276896,aggregate,3,1.5194097307611405
resnet50_no_weights,IMAGENET100,ptq,42,layer3.2.conv2,layer3.2.conv2,"(256, 256, 3, 3)",12.988366343758322,42,3,
resnet50_no_weights,IMAGENET100,ptq,43,layer3.2.conv2,layer3.2.conv2,"(256, 256, 3, 3)",12.562418524424235,43,3,
resnet50_no_weights,IMAGENET100,ptq,44,layer3.2.conv2,layer3.2.conv2,"(256, 256, 3, 3)",13.374462270736695,44,3,
resnet50_no_weights,IMAGENET100,ptq,"42,43,44",layer3.2.conv2,layer3.2.conv2,"(256, 256, 3, 3)",12.975082379639751,aggregate,3,0.4061848215508813
resnet50_no_weights,IMAGENET100,ptq,42,layer3.2.conv3,layer3.2.conv3,"(1024, 256, 1, 1)",40.269422979915845,42,3,
resnet50_no_weights,IMAGENET100,ptq,43,layer3.2.conv3,layer3.2.conv3,"(1024, 256, 1, 1)",36.75543052271793,43,3,
resnet50_no_weights,IMAGENET100,ptq,44,layer3.2.conv3,layer3.2.conv3,"(1024, 256, 1, 1)",30.542642211914064,44,3,
resnet50_no_weights,IMAGENET100,ptq,"42,43,44",layer3.2.conv3,layer3.2.conv3,"(1024, 256, 1, 1)",35.85583190484928,aggregate,3,4.925395850299315
resnet50_no_weights,IMAGENET100,ptq,42,layer3.3.conv1,layer3.3.conv1,"(256, 1024, 1, 1)",12.696301301320394,42,3,
resnet50_no_weights,IMAGENET100,ptq,43,layer3.3.conv1,layer3.3.conv1,"(256, 1024, 1, 1)",14.18647543589274,43,3,
resnet50_no_weights,IMAGENET100,ptq,44,layer3.3.conv1,layer3.3.conv1,"(256, 1024, 1, 1)",14.374025961932015,44,3,
resnet50_no_weights,IMAGENET100,ptq,"42,43,44",layer3.3.conv1,layer3.3.conv1,"(256, 1024, 1, 1)",13.752267566381716,aggregate,3,0.9192890539243197
resnet50_no_weights,IMAGENET100,ptq,42,layer3.3.conv2,layer3.3.conv2,"(256, 256, 3, 3)",11.735601084572929,42,3,
resnet50_no_weights,IMAGENET100,ptq,43,layer3.3.conv2,layer3.3.conv2,"(256, 256, 3, 3)",10.886083857218425,43,3,
resnet50_no_weights,IMAGENET100,ptq,44,layer3.3.conv2,layer3.3.conv2,"(256, 256, 3, 3)",9.832089948654176,44,3,
resnet50_no_weights,IMAGENET100,ptq,"42,43,44",layer3.3.conv2,layer3.3.conv2,"(256, 256, 3, 3)",10.817924963481843,aggregate,3,0.9535842318527619
resnet50_no_weights,IMAGENET100,ptq,42,layer3.3.conv3,layer3.3.conv3,"(1024, 256, 1, 1)",40.769959219570815,42,3,
resnet50_no_weights,IMAGENET100,ptq,43,layer3.3.conv3,layer3.3.conv3,"(1024, 256, 1, 1)",46.12714095342727,43,3,
resnet50_no_weights,IMAGENET100,ptq,44,layer3.3.conv3,layer3.3.conv3,"(1024, 256, 1, 1)",49.41187057495117,44,3,
resnet50_no_weights,IMAGENET100,ptq,"42,43,44",layer3.3.conv3,layer3.3.conv3,"(1024, 256, 1, 1)",45.436323582649756,aggregate,3,4.362175999244983
resnet50_no_weights,IMAGENET100,ptq,42,layer3.4.conv1,layer3.4.conv1,"(256, 1024, 1, 1)",12.10904140472412,42,3,
resnet50_no_weights,IMAGENET100,ptq,43,layer3.4.conv1,layer3.4.conv1,"(256, 1024, 1, 1)",11.14984836249516,43,3,
resnet50_no_weights,IMAGENET100,ptq,44,layer3.4.conv1,layer3.4.conv1,"(256, 1024, 1, 1)",12.209510819117229,44,3,
resnet50_no_weights,IMAGENET100,ptq,"42,43,44",layer3.4.conv1,layer3.4.conv1,"(256, 1024, 1, 1)",11.822800195445502,aggregate,3,0.5849544024200037
resnet50_no_weights,IMAGENET100,ptq,42,layer3.4.conv2,layer3.4.conv2,"(256, 256, 3, 3)",9.064425245920818,42,3,
resnet50_no_weights,IMAGENET100,ptq,43,layer3.4.conv2,layer3.4.conv2,"(256, 256, 3, 3)",7.690063222249349,43,3,
resnet50_no_weights,IMAGENET100,ptq,44,layer3.4.conv2,layer3.4.conv2,"(256, 256, 3, 3)",7.526486758832578,44,3,
resnet50_no_weights,IMAGENET100,ptq,"42,43,44",layer3.4.conv2,layer3.4.conv2,"(256, 256, 3, 3)",8.093658409000914,aggregate,3,0.8446777513309969
resnet50_no_weights,IMAGENET100,ptq,42,layer3.4.conv3,layer3.4.conv3,"(1024, 256, 1, 1)",32.15653410824862,42,3,
resnet50_no_weights,IMAGENET100,ptq,43,layer3.4.conv3,layer3.4.conv3,"(1024, 256, 1, 1)",33.70610195795695,43,3,
resnet50_no_weights,IMAGENET100,ptq,44,layer3.4.conv3,layer3.4.conv3,"(1024, 256, 1, 1)",28.224600982666015,44,3,
resnet50_no_weights,IMAGENET100,ptq,"42,43,44",layer3.4.conv3,layer3.4.conv3,"(1024, 256, 1, 1)",31.362412349623863,aggregate,3,2.8257185389153388
resnet50_no_weights,IMAGENET100,ptq,42,layer3.5.conv1,layer3.5.conv1,"(256, 1024, 1, 1)",21.565949209805193,42,3,
resnet50_no_weights,IMAGENET100,ptq,43,layer3.5.conv1,layer3.5.conv1,"(256, 1024, 1, 1)",21.660287783696102,43,3,
resnet50_no_weights,IMAGENET100,ptq,44,layer3.5.conv1,layer3.5.conv1,"(256, 1024, 1, 1)",19.40757808685303,44,3,
resnet50_no_weights,IMAGENET100,ptq,"42,43,44",layer3.5.conv1,layer3.5.conv1,"(256, 1024, 1, 1)",20.877938360118108,aggregate,3,1.2742426933390913
resnet50_no_weights,IMAGENET100,ptq,42,layer3.5.conv2,layer3.5.conv2,"(256, 256, 3, 3)",28.25343612262181,42,3,
resnet50_no_weights,IMAGENET100,ptq,43,layer3.5.conv2,layer3.5.conv2,"(256, 256, 3, 3)",33.299591700236,43,3,
resnet50_no_weights,IMAGENET100,ptq,44,layer3.5.conv2,layer3.5.conv2,"(256, 256, 3, 3)",31.3924222946167,44,3,
resnet50_no_weights,IMAGENET100,ptq,"42,43,44",layer3.5.conv2,layer3.5.conv2,"(256, 256, 3, 3)",30.981816705824837,aggregate,3,2.5480128022700423
resnet50_no_weights,IMAGENET100,ptq,42,layer3.5.conv3,layer3.5.conv3,"(1024, 256, 1, 1)",74.45723012288411,42,3,
resnet50_no_weights,IMAGENET100,ptq,43,layer3.5.conv3,layer3.5.conv3,"(1024, 256, 1, 1)",78.98246256510417,43,3,
resnet50_no_weights,IMAGENET100,ptq,44,layer3.5.conv3,layer3.5.conv3,"(1024, 256, 1, 1)",63.04319763183594,44,3,
resnet50_no_weights,IMAGENET100,ptq,"42,43,44",layer3.5.conv3,layer3.5.conv3,"(1024, 256, 1, 1)",72.16096343994141,aggregate,3,8.213992461807054
resnet50_no_weights,IMAGENET100,ptq,42,layer4.0.conv1,layer4.0.conv1,"(512, 1024, 1, 1)",51.357283738943245,42,3,
resnet50_no_weights,IMAGENET100,ptq,43,layer4.0.conv1,layer4.0.conv1,"(512, 1024, 1, 1)",67.60890310781973,43,3,
resnet50_no_weights,IMAGENET100,ptq,44,layer4.0.conv1,layer4.0.conv1,"(512, 1024, 1, 1)",58.267815526326494,44,3,
resnet50_no_weights,IMAGENET100,ptq,"42,43,44",layer4.0.conv1,layer4.0.conv1,"(512, 1024, 1, 1)",59.07800079102982,aggregate,3,8.156045803578294
resnet50_no_weights,IMAGENET100,ptq,42,layer4.0.conv2,layer4.0.conv2,"(512, 512, 3, 3)",66.75353965759277,42,3,
resnet50_no_weights,IMAGENET100,ptq,43,layer4.0.conv2,layer4.0.conv2,"(512, 512, 3, 3)",81.81510649787054,43,3,
resnet50_no_weights,IMAGENET100,ptq,44,layer4.0.conv2,layer4.0.conv2,"(512, 512, 3, 3)",79.85878779093424,44,3,
resnet50_no_weights,IMAGENET100,ptq,"42,43,44",layer4.0.conv2,layer4.0.conv2,"(512, 512, 3, 3)",76.14247798213252,aggregate,3,8.189683624370707
resnet50_no_weights,IMAGENET100,ptq,42,layer4.0.conv3,layer4.0.conv3,"(2048, 512, 1, 1)",316.55314036778043,42,3,
resnet50_no_weights,IMAGENET100,ptq,43,layer4.0.conv3,layer4.0.conv3,"(2048, 512, 1, 1)",263.3283991495768,43,3,
resnet50_no_weights,IMAGENET100,ptq,44,layer4.0.conv3,layer4.0.conv3,"(2048, 512, 1, 1)",264.3866343180338,44,3,
resnet50_no_weights,IMAGENET100,ptq,"42,43,44",layer4.0.conv3,layer4.0.conv3,"(2048, 512, 1, 1)",281.42272461179704,aggregate,3,30.42843322961479
resnet50_no_weights,IMAGENET100,ptq,42,layer4.0.downsample.0,layer4.0.downsample.0,"(2048, 1024, 1, 1)",47.82133724071361,42,3,
resnet50_no_weights,IMAGENET100,ptq,43,layer4.0.downsample.0,layer4.0.downsample.0,"(2048, 1024, 1, 1)",52.19573656717936,43,3,
resnet50_no_weights,IMAGENET100,ptq,44,layer4.0.downsample.0,layer4.0.downsample.0,"(2048, 1024, 1, 1)",51.58099625905355,44,3,
resnet50_no_weights,IMAGENET100,ptq,"42,43,44",layer4.0.downsample.0,layer4.0.downsample.0,"(2048, 1024, 1, 1)",50.532690022315506,aggregate,3,2.3681325641386524
resnet50_no_weights,IMAGENET100,ptq,42,layer4.1.conv1,layer4.1.conv1,"(512, 2048, 1, 1)",24.043773121303982,42,3,
resnet50_no_weights,IMAGENET100,ptq,43,layer4.1.conv1,layer4.1.conv1,"(512, 2048, 1, 1)",23.44818913936615,43,3,
resnet50_no_weights,IMAGENET100,ptq,44,layer4.1.conv1,layer4.1.conv1,"(512, 2048, 1, 1)",24.530634289696103,44,3,
resnet50_no_weights,IMAGENET100,ptq,"42,43,44",layer4.1.conv1,layer4.1.conv1,"(512, 2048, 1, 1)",24.00753218345541,aggregate,3,0.5421318382555266
resnet50_no_weights,IMAGENET100,ptq,42,layer4.1.conv2,layer4.1.conv2,"(512, 512, 3, 3)",65.05732103983561,42,3,
resnet50_no_weights,IMAGENET100,ptq,43,layer4.1.conv2,layer4.1.conv2,"(512, 512, 3, 3)",59.49057839711507,43,3,
resnet50_no_weights,IMAGENET100,ptq,44,layer4.1.conv2,layer4.1.conv2,"(512, 512, 3, 3)",66.2484671274821,44,3,
resnet50_no_weights,IMAGENET100,ptq,"42,43,44",layer4.1.conv2,layer4.1.conv2,"(512, 512, 3, 3)",63.59878885481093,aggregate,3,3.607319243436888
resnet50_no_weights,IMAGENET100,ptq,42,layer4.1.conv3,layer4.1.conv3,"(2048, 512, 1, 1)",210.22435099283854,42,3,
resnet50_no_weights,IMAGENET100,ptq,43,layer4.1.conv3,layer4.1.conv3,"(2048, 512, 1, 1)",210.2385457356771,43,3,
resnet50_no_weights,IMAGENET100,ptq,44,layer4.1.conv3,layer4.1.conv3,"(2048, 512, 1, 1)",171.86304982503256,44,3,
resnet50_no_weights,IMAGENET100,ptq,"42,43,44",layer4.1.conv3,layer4.1.conv3,"(2048, 512, 1, 1)",197.44198218451606,aggregate,3,22.152006361974422
resnet50_no_weights,IMAGENET100,ptq,42,layer4.2.conv1,layer4.2.conv1,"(512, 2048, 1, 1)",36.23168360392253,42,3,
resnet50_no_weights,IMAGENET100,ptq,43,layer4.2.conv1,layer4.2.conv1,"(512, 2048, 1, 1)",37.29389797557484,43,3,
resnet50_no_weights,IMAGENET100,ptq,44,layer4.2.conv1,layer4.2.conv1,"(512, 2048, 1, 1)",33.267499415079754,44,3,
resnet50_no_weights,IMAGENET100,ptq,"42,43,44",layer4.2.conv1,layer4.2.conv1,"(512, 2048, 1, 1)",35.597693664859044,aggregate,3,2.0867268086921493
resnet50_no_weights,IMAGENET100,ptq,42,layer4.2.conv2,layer4.2.conv2,"(512, 512, 3, 3)",45.14089635213216,42,3,
resnet50_no_weights,IMAGENET100,ptq,43,layer4.2.conv2,layer4.2.conv2,"(512, 512, 3, 3)",46.00893642591394,43,3,
resnet50_no_weights,IMAGENET100,ptq,44,layer4.2.conv2,layer4.2.conv2,"(512, 512, 3, 3)",45.356505711873375,44,3,
resnet50_no_weights,IMAGENET100,ptq,"42,43,44",layer4.2.conv2,layer4.2.conv2,"(512, 512, 3, 3)",45.50211282997316,aggregate,3,0.45196732963098285
resnet50_no_weights,IMAGENET100,ptq,42,layer4.2.conv3,layer4.2.conv3,"(2048, 512, 1, 1)",58.92721811930338,42,3,
resnet50_no_weights,IMAGENET100,ptq,43,layer4.2.conv3,layer4.2.conv3,"(2048, 512, 1, 1)",61.86877543131511,43,3,
resnet50_no_weights,IMAGENET100,ptq,44,layer4.2.conv3,layer4.2.conv3,"(2048, 512, 1, 1)",64.43903773171562,44,3,
resnet50_no_weights,IMAGENET100,ptq,"42,43,44",layer4.2.conv3,layer4.2.conv3,"(2048, 512, 1, 1)",61.745010427444704,aggregate,3,2.7579933270550736
resnet50_no_weights,IMAGENET100,ptq,42,fc,fc,"(100, 2048)",11.330603758494059,42,3,
resnet50_no_weights,IMAGENET100,ptq,43,fc,fc,"(100, 2048)",11.592072836558025,43,3,
resnet50_no_weights,IMAGENET100,ptq,44,fc,fc,"(100, 2048)",10.59378531773885,44,3,
resnet50_no_weights,IMAGENET100,ptq,"42,43,44",fc,fc,"(100, 2048)",11.172153970930312,aggregate,3,0.5176622875406156
resnet50_no_weights,IMAGENET100,fp32_fused,42,conv1,conv1,"(64, 3, 7, 7)",1460.167421468099,42,3,
resnet50_no_weights,IMAGENET100,fp32_fused,43,conv1,conv1,"(64, 3, 7, 7)",1339.4206949869792,43,3,
resnet50_no_weights,IMAGENET100,fp32_fused,44,conv1,conv1,"(64, 3, 7, 7)",1844.9200439453125,44,3,
resnet50_no_weights,IMAGENET100,fp32_fused,"42,43,44",conv1,conv1,"(64, 3, 7, 7)",1548.1693868001303,aggregate,3,263.9898812001129
resnet50_no_weights,IMAGENET100,fp32_fused,42,layer1.0.conv1,layer1.0.conv1,"(64, 64, 1, 1)",7.95057737827301,42,3,
resnet50_no_weights,IMAGENET100,fp32_fused,43,layer1.0.conv1,layer1.0.conv1,"(64, 64, 1, 1)",10.002355249722799,43,3,
resnet50_no_weights,IMAGENET100,fp32_fused,44,layer1.0.conv1,layer1.0.conv1,"(64, 64, 1, 1)",9.107896836598714,44,3,
resnet50_no_weights,IMAGENET100,fp32_fused,"42,43,44",layer1.0.conv1,layer1.0.conv1,"(64, 64, 1, 1)",9.020276488198174,aggregate,3,1.028691451569969
resnet50_no_weights,IMAGENET100,fp32_fused,42,layer1.0.conv2,layer1.0.conv2,"(64, 64, 3, 3)",12.21010446548462,42,3,
resnet50_no_weights,IMAGENET100,fp32_fused,43,layer1.0.conv2,layer1.0.conv2,"(64, 64, 3, 3)",11.943089135487874,43,3,
resnet50_no_weights,IMAGENET100,fp32_fused,44,layer1.0.conv2,layer1.0.conv2,"(64, 64, 3, 3)",15.477579832077026,44,3,
resnet50_no_weights,IMAGENET100,fp32_fused,"42,43,44",layer1.0.conv2,layer1.0.conv2,"(64, 64, 3, 3)",13.210257811016506,aggregate,3,1.9680920092827947
resnet50_no_weights,IMAGENET100,fp32_fused,42,layer1.0.conv3,layer1.0.conv3,"(256, 64, 1, 1)",14.912858247756958,42,3,
resnet50_no_weights,IMAGENET100,fp32_fused,43,layer1.0.conv3,layer1.0.conv3,"(256, 64, 1, 1)",16.231329441070557,43,3,
resnet50_no_weights,IMAGENET100,fp32_fused,44,layer1.0.conv3,layer1.0.conv3,"(256, 64, 1, 1)",15.40522141456604,44,3,
resnet50_no_weights,IMAGENET100,fp32_fused,"42,43,44",layer1.0.conv3,layer1.0.conv3,"(256, 64, 1, 1)",15.516469701131184,aggregate,3,0.6662384767087584
resnet50_no_weights,IMAGENET100,fp32_fused,42,layer1.0.downsample.0,layer1.0.downsample.0,"(256, 64, 1, 1)",12.437666893005371,42,3,
resnet50_no_weights,IMAGENET100,fp32_fused,43,layer1.0.downsample.0,layer1.0.downsample.0,"(256, 64, 1, 1)",11.868913968404135,43,3,
resnet50_no_weights,IMAGENET100,fp32_fused,44,layer1.0.downsample.0,layer1.0.downsample.0,"(256, 64, 1, 1)",12.374902200698852,44,3,
resnet50_no_weights,IMAGENET100,fp32_fused,"42,43,44",layer1.0.downsample.0,layer1.0.downsample.0,"(256, 64, 1, 1)",12.227161020702786,aggregate,3,0.31183419394060585
resnet50_no_weights,IMAGENET100,fp32_fused,42,layer1.1.conv1,layer1.1.conv1,"(64, 256, 1, 1)",4.64137597878774,42,3,
resnet50_no_weights,IMAGENET100,fp32_fused,43,layer1.1.conv1,layer1.1.conv1,"(64, 256, 1, 1)",4.10736559232076,43,3,
resnet50_no_weights,IMAGENET100,fp32_fused,44,layer1.1.conv1,layer1.1.conv1,"(64, 256, 1, 1)",4.050248721241951,44,3,
resnet50_no_weights,IMAGENET100,fp32_fused,"42,43,44",layer1.1.conv1,layer1.1.conv1,"(64, 256, 1, 1)",4.26633009745015,aggregate,3,0.3260523640025865
resnet50_no_weights,IMAGENET100,fp32_fused,42,layer1.1.conv2,layer1.1.conv2,"(64, 64, 3, 3)",1.230297972758611,42,3,
resnet50_no_weights,IMAGENET100,fp32_fused,43,layer1.1.conv2,layer1.1.conv2,"(64, 64, 3, 3)",1.7082837343215942,43,3,
resnet50_no_weights,IMAGENET100,fp32_fused,44,layer1.1.conv2,layer1.1.conv2,"(64, 64, 3, 3)",1.1249367167552313,44,3,
resnet50_no_weights,IMAGENET100,fp32_fused,"42,43,44",layer1.1.conv2,layer1.1.conv2,"(64, 64, 3, 3)",1.354506141278479,aggregate,3,0.3108764828210515
resnet50_no_weights,IMAGENET100,fp32_fused,42,layer1.1.conv3,layer1.1.conv3,"(256, 64, 1, 1)",4.438240094979604,42,3,
resnet50_no_weights,IMAGENET100,fp32_fused,43,layer1.1.conv3,layer1.1.conv3,"(256, 64, 1, 1)",3.249240974585215,43,3,
resnet50_no_weights,IMAGENET100,fp32_fused,44,layer1.1.conv3,layer1.1.conv3,"(256, 64, 1, 1)",3.7974037734361796,44,3,
resnet50_no_weights,IMAGENET100,fp32_fused,"42,43,44",layer1.1.conv3,layer1.1.conv3,"(256, 64, 1, 1)",3.8282949476669996,aggregate,3,0.5951011893440282
resnet50_no_weights,IMAGENET100,fp32_fused,42,layer1.2.conv1,layer1.2.conv1,"(64, 256, 1, 1)",0.3063855896393458,42,3,
resnet50_no_weights,IMAGENET100,fp32_fused,43,layer1.2.conv1,layer1.2.conv1,"(64, 256, 1, 1)",0.3062266951633824,43,3,
resnet50_no_weights,IMAGENET100,fp32_fused,44,layer1.2.conv1,layer1.2.conv1,"(64, 256, 1, 1)",0.3521300750474135,44,3,
resnet50_no_weights,IMAGENET100,fp32_fused,"42,43,44",layer1.2.conv1,layer1.2.conv1,"(64, 256, 1, 1)",0.3215807866167139,aggregate,3,0.026456579136014166
resnet50_no_weights,IMAGENET100,fp32_fused,42,layer1.2.conv2,layer1.2.conv2,"(64, 64, 3, 3)",0.06502581483994921,42,3,
resnet50_no_weights,IMAGENET100,fp32_fused,43,layer1.2.conv2,layer1.2.conv2,"(64, 64, 3, 3)",0.0714141945777969,43,3,
resnet50_no_weights,IMAGENET100,fp32_fused,44,layer1.2.conv2,layer1.2.conv2,"(64, 64, 3, 3)",0.1152676170070966,44,3,
resnet50_no_weights,IMAGENET100,fp32_fused,"42,43,44",layer1.2.conv2,layer1.2.conv2,"(64, 64, 3, 3)",0.08390254214161423,aggregate,3,0.027350114988912225
resnet50_no_weights,IMAGENET100,fp32_fused,42,layer1.2.conv3,layer1.2.conv3,"(256, 64, 1, 1)",0.5888327499230702,42,3,
resnet50_no_weights,IMAGENET100,fp32_fused,43,layer1.2.conv3,layer1.2.conv3,"(256, 64, 1, 1)",0.430106004824241,43,3,
resnet50_no_weights,IMAGENET100,fp32_fused,44,layer1.2.conv3,layer1.2.conv3,"(256, 64, 1, 1)",0.5224427700042724,44,3,
resnet50_no_weights,IMAGENET100,fp32_fused,"42,43,44",layer1.2.conv3,layer1.2.conv3,"(256, 64, 1, 1)",0.5137938415838612,aggregate,3,0.0797160452765516
resnet50_no_weights,IMAGENET100,fp32_fused,42,layer2.0.conv1,layer2.0.conv1,"(128, 256, 1, 1)",2.896011306689336,42,3,
resnet50_no_weights,IMAGENET100,fp32_fused,43,layer2.0.conv1,layer2.0.conv1,"(128, 256, 1, 1)",3.5764482696851094,43,3,
resnet50_no_weights,IMAGENET100,fp32_fused,44,layer2.0.conv1,layer2.0.conv1,"(128, 256, 1, 1)",2.87219068637261,44,3,
resnet50_no_weights,IMAGENET100,fp32_fused,"42,43,44",layer2.0.conv1,layer2.0.conv1,"(128, 256, 1, 1)",3.1148834209156853,aggregate,3,0.39990428567686614
resnet50_no_weights,IMAGENET100,fp32_fused,42,layer2.0.conv2,layer2.0.conv2,"(128, 128, 3, 3)",13.650903908411662,42,3,
resnet50_no_weights,IMAGENET100,fp32_fused,43,layer2.0.conv2,layer2.0.conv2,"(128, 128, 3, 3)",10.829343504375881,43,3,
resnet50_no_weights,IMAGENET100,fp32_fused,44,layer2.0.conv2,layer2.0.conv2,"(128, 128, 3, 3)",8.634551286697388,44,3,
resnet50_no_weights,IMAGENET100,fp32_fused,"42,43,44",layer2.0.conv2,layer2.0.conv2,"(128, 128, 3, 3)",11.038266233161643,aggregate,3,2.5146938056744372
resnet50_no_weights,IMAGENET100,fp32_fused,42,layer2.0.conv3,layer2.0.conv3,"(512, 128, 1, 1)",13.767090082168579,42,3,
resnet50_no_weights,IMAGENET100,fp32_fused,43,layer2.0.conv3,layer2.0.conv3,"(512, 128, 1, 1)",13.75067192932655,43,3,
resnet50_no_weights,IMAGENET100,fp32_fused,44,layer2.0.conv3,layer2.0.conv3,"(512, 128, 1, 1)",7.54772720336914,44,3,
resnet50_no_weights,IMAGENET100,fp32_fused,"42,43,44",layer2.0.conv3,layer2.0.conv3,"(512, 128, 1, 1)",11.688496404954757,aggregate,3,3.5860207158542283
resnet50_no_weights,IMAGENET100,fp32_fused,42,layer2.0.downsample.0,layer2.0.downsample.0,"(512, 256, 1, 1)",21.338643487294515,42,3,
resnet50_no_weights,IMAGENET100,fp32_fused,43,layer2.0.downsample.0,layer2.0.downsample.0,"(512, 256, 1, 1)",21.85884041445596,43,3,
resnet50_no_weights,IMAGENET100,fp32_fused,44,layer2.0.downsample.0,layer2.0.downsample.0,"(512, 256, 1, 1)",20.523959841047013,44,3,
resnet50_no_weights,IMAGENET100,fp32_fused,"42,43,44",layer2.0.downsample.0,layer2.0.downsample.0,"(512, 256, 1, 1)",21.240481247599163,aggregate,3,0.6728323753303304
resnet50_no_weights,IMAGENET100,fp32_fused,42,layer2.1.conv1,layer2.1.conv1,"(128, 512, 1, 1)",11.446324880917867,42,3,
resnet50_no_weights,IMAGENET100,fp32_fused,43,layer2.1.conv1,layer2.1.conv1,"(128, 512, 1, 1)",11.56518546740214,43,3,
resnet50_no_weights,IMAGENET100,fp32_fused,44,layer2.1.conv1,layer2.1.conv1,"(128, 512, 1, 1)",12.917278575897218,44,3,
resnet50_no_weights,IMAGENET100,fp32_fused,"42,43,44",layer2.1.conv1,layer2.1.conv1,"(128, 512, 1, 1)",11.976262974739075,aggregate,3,0.8171075394170046
resnet50_no_weights,IMAGENET100,fp32_fused,42,layer2.1.conv2,layer2.1.conv2,"(128, 128, 3, 3)",14.882561898231506,42,3,
resnet50_no_weights,IMAGENET100,fp32_fused,43,layer2.1.conv2,layer2.1.conv2,"(128, 128, 3, 3)",13.961282245318095,43,3,
resnet50_no_weights,IMAGENET100,fp32_fused,44,layer2.1.conv2,layer2.1.conv2,"(128, 128, 3, 3)",10.87833484808604,44,3,
resnet50_no_weights,IMAGENET100,fp32_fused,"42,43,44",layer2.1.conv2,layer2.1.conv2,"(128, 128, 3, 3)",13.240726330545213,aggregate,3,2.09710733798125
resnet50_no_weights,IMAGENET100,fp32_fused,42,layer2.1.conv3,layer2.1.conv3,"(512, 128, 1, 1)",10.540051754315694,42,3,
resnet50_no_weights,IMAGENET100,fp32_fused,43,layer2.1.conv3,layer2.1.conv3,"(512, 128, 1, 1)",10.955721559195682,43,3,
resnet50_no_weights,IMAGENET100,fp32_fused,44,layer2.1.conv3,layer2.1.conv3,"(512, 128, 1, 1)",9.75420978864034,44,3,
resnet50_no_weights,IMAGENET100,fp32_fused,"42,43,44",layer2.1.conv3,layer2.1.conv3,"(512, 128, 1, 1)",10.416661034050572,aggregate,3,0.610185698030868
resnet50_no_weights,IMAGENET100,fp32_fused,42,layer2.2.conv1,layer2.2.conv1,"(128, 512, 1, 1)",3.045782430605455,42,3,
resnet50_no_weights,IMAGENET100,fp32_fused,43,layer2.2.conv1,layer2.2.conv1,"(128, 512, 1, 1)",3.0167905489603677,43,3,
resnet50_no_weights,IMAGENET100,fp32_fused,44,layer2.2.conv1,layer2.2.conv1,"(128, 512, 1, 1)",3.2350122610727947,44,3,
resnet50_no_weights,IMAGENET100,fp32_fused,"42,43,44",layer2.2.conv1,layer2.2.conv1,"(128, 512, 1, 1)",3.0991950802128723,aggregate,3,0.11851102169369446
resnet50_no_weights,IMAGENET100,fp32_fused,42,layer2.2.conv2,layer2.2.conv2,"(128, 128, 3, 3)",7.859490521748861,42,3,
resnet50_no_weights,IMAGENET100,fp32_fused,43,layer2.2.conv2,layer2.2.conv2,"(128, 128, 3, 3)",8.8509339650472,43,3,
resnet50_no_weights,IMAGENET100,fp32_fused,44,layer2.2.conv2,layer2.2.conv2,"(128, 128, 3, 3)",8.799655199050903,44,3,
resnet50_no_weights,IMAGENET100,fp32_fused,"42,43,44",layer2.2.conv2,layer2.2.conv2,"(128, 128, 3, 3)",8.503359895282323,aggregate,3,0.5581963862220034
resnet50_no_weights,IMAGENET100,fp32_fused,42,layer2.2.conv3,layer2.2.conv3,"(512, 128, 1, 1)",12.722410281499227,42,3,
resnet50_no_weights,IMAGENET100,fp32_fused,43,layer2.2.conv3,layer2.2.conv3,"(512, 128, 1, 1)",11.752185682455698,43,3,
resnet50_no_weights,IMAGENET100,fp32_fused,44,layer2.2.conv3,layer2.2.conv3,"(512, 128, 1, 1)",9.13756936788559,44,3,
resnet50_no_weights,IMAGENET100,fp32_fused,"42,43,44",layer2.2.conv3,layer2.2.conv3,"(512, 128, 1, 1)",11.204055110613504,aggregate,3,1.8542131584099502
resnet50_no_weights,IMAGENET100,fp32_fused,42,layer2.3.conv1,layer2.3.conv1,"(128, 512, 1, 1)",4.816709800561269,42,3,
resnet50_no_weights,IMAGENET100,fp32_fused,43,layer2.3.conv1,layer2.3.conv1,"(128, 512, 1, 1)",5.574902653694153,43,3,
resnet50_no_weights,IMAGENET100,fp32_fused,44,layer2.3.conv1,layer2.3.conv1,"(128, 512, 1, 1)",5.253445323308309,44,3,
resnet50_no_weights,IMAGENET100,fp32_fused,"42,43,44",layer2.3.conv1,layer2.3.conv1,"(128, 512, 1, 1)",5.21501925918791,aggregate,3,0.3805542306140931
resnet50_no_weights,IMAGENET100,fp32_fused,42,layer2.3.conv2,layer2.3.conv2,"(128, 128, 3, 3)",3.513184861342112,42,3,
resnet50_no_weights,IMAGENET100,fp32_fused,43,layer2.3.conv2,layer2.3.conv2,"(128, 128, 3, 3)",4.686917375950586,43,3,
resnet50_no_weights,IMAGENET100,fp32_fused,44,layer2.3.conv2,layer2.3.conv2,"(128, 128, 3, 3)",3.344687464237213,44,3,
resnet50_no_weights,IMAGENET100,fp32_fused,"42,43,44",layer2.3.conv2,layer2.3.conv2,"(128, 128, 3, 3)",3.848263233843304,aggregate,3,0.7311657956736338
resnet50_no_weights,IMAGENET100,fp32_fused,42,layer2.3.conv3,layer2.3.conv3,"(512, 128, 1, 1)",8.143802324930826,42,3,
resnet50_no_weights,IMAGENET100,fp32_fused,43,layer2.3.conv3,layer2.3.conv3,"(512, 128, 1, 1)",6.729418299816273,43,3,
resnet50_no_weights,IMAGENET100,fp32_fused,44,layer2.3.conv3,layer2.3.conv3,"(512, 128, 1, 1)",8.051401484012604,44,3,
resnet50_no_weights,IMAGENET100,fp32_fused,"42,43,44",layer2.3.conv3,layer2.3.conv3,"(512, 128, 1, 1)",7.641540702919901,aggregate,3,0.7912710897873445
resnet50_no_weights,IMAGENET100,fp32_fused,42,layer3.0.conv1,layer3.0.conv1,"(256, 512, 1, 1)",22.518197536468506,42,3,
resnet50_no_weights,IMAGENET100,fp32_fused,43,layer3.0.conv1,layer3.0.conv1,"(256, 512, 1, 1)",23.49022585550944,43,3,
resnet50_no_weights,IMAGENET100,fp32_fused,44,layer3.0.conv1,layer3.0.conv1,"(256, 512, 1, 1)",19.82928403218587,44,3,
resnet50_no_weights,IMAGENET100,fp32_fused,"42,43,44",layer3.0.conv1,layer3.0.conv1,"(256, 512, 1, 1)",21.945902474721272,aggregate,3,1.8963820782519345
resnet50_no_weights,IMAGENET100,fp32_fused,42,layer3.0.conv2,layer3.0.conv2,"(256, 256, 3, 3)",17.71632267447079,42,3,
resnet50_no_weights,IMAGENET100,fp32_fused,43,layer3.0.conv2,layer3.0.conv2,"(256, 256, 3, 3)",17.45095354715983,43,3,
resnet50_no_weights,IMAGENET100,fp32_fused,44,layer3.0.conv2,layer3.0.conv2,"(256, 256, 3, 3)",15.437683455149333,44,3,
resnet50_no_weights,IMAGENET100,fp32_fused,"42,43,44",layer3.0.conv2,layer3.0.conv2,"(256, 256, 3, 3)",16.868319892259983,aggregate,3,1.2460520273343074
resnet50_no_weights,IMAGENET100,fp32_fused,42,layer3.0.conv3,layer3.0.conv3,"(1024, 256, 1, 1)",34.169428475697835,42,3,
resnet50_no_weights,IMAGENET100,fp32_fused,43,layer3.0.conv3,layer3.0.conv3,"(1024, 256, 1, 1)",35.3760853767395,43,3,
resnet50_no_weights,IMAGENET100,fp32_fused,44,layer3.0.conv3,layer3.0.conv3,"(1024, 256, 1, 1)",39.25320307413737,44,3,
resnet50_no_weights,IMAGENET100,fp32_fused,"42,43,44",layer3.0.conv3,layer3.0.conv3,"(1024, 256, 1, 1)",36.2662389755249,aggregate,3,2.6562136800354947
resnet50_no_weights,IMAGENET100,fp32_fused,42,layer3.0.downsample.0,layer3.0.downsample.0,"(1024, 512, 1, 1)",19.540520572662352,42,3,
resnet50_no_weights,IMAGENET100,fp32_fused,43,layer3.0.downsample.0,layer3.0.downsample.0,"(1024, 512, 1, 1)",14.135370842615764,43,3,
resnet50_no_weights,IMAGENET100,fp32_fused,44,layer3.0.downsample.0,layer3.0.downsample.0,"(1024, 512, 1, 1)",14.334919627507528,44,3,
resnet50_no_weights,IMAGENET100,fp32_fused,"42,43,44",layer3.0.downsample.0,layer3.0.downsample.0,"(1024, 512, 1, 1)",16.00360368092855,aggregate,3,3.064684446017547
resnet50_no_weights,IMAGENET100,fp32_fused,42,layer3.1.conv1,layer3.1.conv1,"(256, 1024, 1, 1)",6.279011003176371,42,3,
resnet50_no_weights,IMAGENET100,fp32_fused,43,layer3.1.conv1,layer3.1.conv1,"(256, 1024, 1, 1)",6.5907244205474855,43,3,
resnet50_no_weights,IMAGENET100,fp32_fused,44,layer3.1.conv1,layer3.1.conv1,"(256, 1024, 1, 1)",7.175577028592428,44,3,
resnet50_no_weights,IMAGENET100,fp32_fused,"42,43,44",layer3.1.conv1,layer3.1.conv1,"(256, 1024, 1, 1)",6.681770817438761,aggregate,3,0.4551645244005173
resnet50_no_weights,IMAGENET100,fp32_fused,42,layer3.1.conv2,layer3.1.conv2,"(256, 256, 3, 3)",5.021080489953359,42,3,
resnet50_no_weights,IMAGENET100,fp32_fused,43,layer3.1.conv2,layer3.1.conv2,"(256, 256, 3, 3)",5.016075213750203,43,3,
resnet50_no_weights,IMAGENET100,fp32_fused,44,layer3.1.conv2,layer3.1.conv2,"(256, 256, 3, 3)",4.820404545466105,44,3,
resnet50_no_weights,IMAGENET100,fp32_fused,"42,43,44",layer3.1.conv2,layer3.1.conv2,"(256, 256, 3, 3)",4.952520083056556,aggregate,3,0.11444277894248209
resnet50_no_weights,IMAGENET100,fp32_fused,42,layer3.1.conv3,layer3.1.conv3,"(1024, 256, 1, 1)",15.405702213446299,42,3,
resnet50_no_weights,IMAGENET100,fp32_fused,43,layer3.1.conv3,layer3.1.conv3,"(1024, 256, 1, 1)",13.758241208394368,43,3,
resnet50_no_weights,IMAGENET100,fp32_fused,44,layer3.1.conv3,layer3.1.conv3,"(1024, 256, 1, 1)",14.110046339035033,44,3,
resnet50_no_weights,IMAGENET100,fp32_fused,"42,43,44",layer3.1.conv3,layer3.1.conv3,"(1024, 256, 1, 1)",14.424663253625233,aggregate,3,0.8676230708097682
resnet50_no_weights,IMAGENET100,fp32_fused,42,layer3.2.conv1,layer3.2.conv1,"(256, 1024, 1, 1)",6.149525268872579,42,3,
resnet50_no_weights,IMAGENET100,fp32_fused,43,layer3.2.conv1,layer3.2.conv1,"(256, 1024, 1, 1)",6.680191328128179,43,3,
resnet50_no_weights,IMAGENET100,fp32_fused,44,layer3.2.conv1,layer3.2.conv1,"(256, 1024, 1, 1)",5.644935766855876,44,3,
resnet50_no_weights,IMAGENET100,fp32_fused,"42,43,44",layer3.2.conv1,layer3.2.conv1,"(256, 1024, 1, 1)",6.158217454618878,aggregate,3,0.5176825135699425
resnet50_no_weights,IMAGENET100,fp32_fused,42,layer3.2.conv2,layer3.2.conv2,"(256, 256, 3, 3)",5.079134828514523,42,3,
resnet50_no_weights,IMAGENET100,fp32_fused,43,layer3.2.conv2,layer3.2.conv2,"(256, 256, 3, 3)",5.589212255818503,43,3,
resnet50_no_weights,IMAGENET100,fp32_fused,44,layer3.2.conv2,layer3.2.conv2,"(256, 256, 3, 3)",4.322815024852753,44,3,
resnet50_no_weights,IMAGENET100,fp32_fused,"42,43,44",layer3.2.conv2,layer3.2.conv2,"(256, 256, 3, 3)",4.99705403639526,aggregate,3,0.6371761365396731
resnet50_no_weights,IMAGENET100,fp32_fused,42,layer3.2.conv3,layer3.2.conv3,"(1024, 256, 1, 1)",12.293401066462199,42,3,
resnet50_no_weights,IMAGENET100,fp32_fused,43,layer3.2.conv3,layer3.2.conv3,"(1024, 256, 1, 1)",10.441588878631592,43,3,
resnet50_no_weights,IMAGENET100,fp32_fused,44,layer3.2.conv3,layer3.2.conv3,"(1024, 256, 1, 1)",13.932813286781311,44,3,
resnet50_no_weights,IMAGENET100,fp32_fused,"42,43,44",layer3.2.conv3,layer3.2.conv3,"(1024, 256, 1, 1)",12.222601077291701,aggregate,3,1.7466887089189638
resnet50_no_weights,IMAGENET100,fp32_fused,42,layer3.3.conv1,layer3.3.conv1,"(256, 1024, 1, 1)",5.041094282399053,42,3,
resnet50_no_weights,IMAGENET100,fp32_fused,43,layer3.3.conv1,layer3.3.conv1,"(256, 1024, 1, 1)",5.028581011295318,43,3,
resnet50_no_weights,IMAGENET100,fp32_fused,44,layer3.3.conv1,layer3.3.conv1,"(256, 1024, 1, 1)",5.16998872756958,44,3,
resnet50_no_weights,IMAGENET100,fp32_fused,"42,43,44",layer3.3.conv1,layer3.3.conv1,"(256, 1024, 1, 1)",5.079888007087984,aggregate,3,0.07827994865804346
resnet50_no_weights,IMAGENET100,fp32_fused,42,layer3.3.conv2,layer3.3.conv2,"(256, 256, 3, 3)",3.742955978711446,42,3,
resnet50_no_weights,IMAGENET100,fp32_fused,43,layer3.3.conv2,layer3.3.conv2,"(256, 256, 3, 3)",3.4102131565411886,43,3,
resnet50_no_weights,IMAGENET100,fp32_fused,44,layer3.3.conv2,layer3.3.conv2,"(256, 256, 3, 3)",3.838687407559362,44,3,
resnet50_no_weights,IMAGENET100,fp32_fused,"42,43,44",layer3.3.conv2,layer3.3.conv2,"(256, 256, 3, 3)",3.6639521809373323,aggregate,3,0.22489718983003312
resnet50_no_weights,IMAGENET100,fp32_fused,42,layer3.3.conv3,layer3.3.conv3,"(1024, 256, 1, 1)",9.090370655059814,42,3,
resnet50_no_weights,IMAGENET100,fp32_fused,43,layer3.3.conv3,layer3.3.conv3,"(1024, 256, 1, 1)",12.706351852416992,43,3,
resnet50_no_weights,IMAGENET100,fp32_fused,44,layer3.3.conv3,layer3.3.conv3,"(1024, 256, 1, 1)",14.823555771509806,44,3,
resnet50_no_weights,IMAGENET100,fp32_fused,"42,43,44",layer3.3.conv3,layer3.3.conv3,"(1024, 256, 1, 1)",12.20675942632887,aggregate,3,2.8990597336074995
resnet50_no_weights,IMAGENET100,fp32_fused,42,layer3.4.conv1,layer3.4.conv1,"(256, 1024, 1, 1)",4.663582128286362,42,3,
resnet50_no_weights,IMAGENET100,fp32_fused,43,layer3.4.conv1,layer3.4.conv1,"(256, 1024, 1, 1)",4.979234723250071,43,3,
resnet50_no_weights,IMAGENET100,fp32_fused,44,layer3.4.conv1,layer3.4.conv1,"(256, 1024, 1, 1)",3.914641571044922,44,3,
resnet50_no_weights,IMAGENET100,fp32_fused,"42,43,44",layer3.4.conv1,layer3.4.conv1,"(256, 1024, 1, 1)",4.519152807527118,aggregate,3,0.5467947662987973
resnet50_no_weights,IMAGENET100,fp32_fused,42,layer3.4.conv2,layer3.4.conv2,"(256, 256, 3, 3)",2.311976296561105,42,3,
resnet50_no_weights,IMAGENET100,fp32_fused,43,layer3.4.conv2,layer3.4.conv2,"(256, 256, 3, 3)",2.6065496376582553,43,3,
resnet50_no_weights,IMAGENET100,fp32_fused,44,layer3.4.conv2,layer3.4.conv2,"(256, 256, 3, 3)",2.9714452869751873,44,3,
resnet50_no_weights,IMAGENET100,fp32_fused,"42,43,44",layer3.4.conv2,layer3.4.conv2,"(256, 256, 3, 3)",2.629990407064849,aggregate,3,0.33035880430559444
resnet50_no_weights,IMAGENET100,fp32_fused,42,layer3.4.conv3,layer3.4.conv3,"(1024, 256, 1, 1)",12.59114195505778,42,3,
resnet50_no_weights,IMAGENET100,fp32_fused,43,layer3.4.conv3,layer3.4.conv3,"(1024, 256, 1, 1)",10.296036847432454,43,3,
resnet50_no_weights,IMAGENET100,fp32_fused,44,layer3.4.conv3,layer3.4.conv3,"(1024, 256, 1, 1)",13.351029809316,44,3,
resnet50_no_weights,IMAGENET100,fp32_fused,"42,43,44",layer3.4.conv3,layer3.4.conv3,"(1024, 256, 1, 1)",12.079402870602078,aggregate,3,1.5904883423682081
resnet50_no_weights,IMAGENET100,fp32_fused,42,layer3.5.conv1,layer3.5.conv1,"(256, 1024, 1, 1)",6.383233539263407,42,3,
resnet50_no_weights,IMAGENET100,fp32_fused,43,layer3.5.conv1,layer3.5.conv1,"(256, 1024, 1, 1)",6.47765949567159,43,3,
resnet50_no_weights,IMAGENET100,fp32_fused,44,layer3.5.conv1,layer3.5.conv1,"(256, 1024, 1, 1)",7.111522954085777,44,3,
resnet50_no_weights,IMAGENET100,fp32_fused,"42,43,44",layer3.5.conv1,layer3.5.conv1,"(256, 1024, 1, 1)",6.657471996340258,aggregate,3,0.3960438984293503
resnet50_no_weights,IMAGENET100,fp32_fused,42,layer3.5.conv2,layer3.5.conv2,"(256, 256, 3, 3)",7.930492862065633,42,3,
resnet50_no_weights,IMAGENET100,fp32_fused,43,layer3.5.conv2,layer3.5.conv2,"(256, 256, 3, 3)",8.380914386113485,43,3,
resnet50_no_weights,IMAGENET100,fp32_fused,44,layer3.5.conv2,layer3.5.conv2,"(256, 256, 3, 3)",9.44806604385376,44,3,
resnet50_no_weights,IMAGENET100,fp32_fused,"42,43,44",layer3.5.conv2,layer3.5.conv2,"(256, 256, 3, 3)",8.586491097344293,aggregate,3,0.7793929873119153
resnet50_no_weights,IMAGENET100,fp32_fused,42,layer3.5.conv3,layer3.5.conv3,"(1024, 256, 1, 1)",19.833560331662497,42,3,
resnet50_no_weights,IMAGENET100,fp32_fused,43,layer3.5.conv3,layer3.5.conv3,"(1024, 256, 1, 1)",18.13642837383129,43,3,
resnet50_no_weights,IMAGENET100,fp32_fused,44,layer3.5.conv3,layer3.5.conv3,"(1024, 256, 1, 1)",19.928338050842285,44,3,
resnet50_no_weights,IMAGENET100,fp32_fused,"42,43,44",layer3.5.conv3,layer3.5.conv3,"(1024, 256, 1, 1)",19.299442252112023,aggregate,3,1.0083137729984781
resnet50_no_weights,IMAGENET100,fp32_fused,42,layer4.0.conv1,layer4.0.conv1,"(512, 1024, 1, 1)",19.508368594305857,42,3,
resnet50_no_weights,IMAGENET100,fp32_fused,43,layer4.0.conv1,layer4.0.conv1,"(512, 1024, 1, 1)",19.657825978597007,43,3,
resnet50_no_weights,IMAGENET100,fp32_fused,44,layer4.0.conv1,layer4.0.conv1,"(512, 1024, 1, 1)",21.154632234573363,44,3,
resnet50_no_weights,IMAGENET100,fp32_fused,"42,43,44",layer4.0.conv1,layer4.0.conv1,"(512, 1024, 1, 1)",20.106942269158743,aggregate,3,0.9103983057720697
resnet50_no_weights,IMAGENET100,fp32_fused,42,layer4.0.conv2,layer4.0.conv2,"(512, 512, 3, 3)",27.81113862991333,42,3,
resnet50_no_weights,IMAGENET100,fp32_fused,43,layer4.0.conv2,layer4.0.conv2,"(512, 512, 3, 3)",24.219037850697834,43,3,
resnet50_no_weights,IMAGENET100,fp32_fused,44,layer4.0.conv2,layer4.0.conv2,"(512, 512, 3, 3)",30.61917635599772,44,3,
resnet50_no_weights,IMAGENET100,fp32_fused,"42,43,44",layer4.0.conv2,layer4.0.conv2,"(512, 512, 3, 3)",27.549784278869627,aggregate,3,3.2080637141993718
resnet50_no_weights,IMAGENET100,fp32_fused,42,layer4.0.conv3,layer4.0.conv3,"(2048, 512, 1, 1)",82.4919932047526,42,3,
resnet50_no_weights,IMAGENET100,fp32_fused,43,layer4.0.conv3,layer4.0.conv3,"(2048, 512, 1, 1)",86.31493377685547,43,3,
resnet50_no_weights,IMAGENET100,fp32_fused,44,layer4.0.conv3,layer4.0.conv3,"(2048, 512, 1, 1)",101.69340693155924,44,3,
resnet50_no_weights,IMAGENET100,fp32_fused,"42,43,44",layer4.0.conv3,layer4.0.conv3,"(2048, 512, 1, 1)",90.16677797105577,aggregate,3,10.16371487445882
resnet50_no_weights,IMAGENET100,fp32_fused,42,layer4.0.downsample.0,layer4.0.downsample.0,"(2048, 1024, 1, 1)",18.264819835794384,42,3,
resnet50_no_weights,IMAGENET100,fp32_fused,43,layer4.0.downsample.0,layer4.0.downsample.0,"(2048, 1024, 1, 1)",14.648868577820915,43,3,
resnet50_no_weights,IMAGENET100,fp32_fused,44,layer4.0.downsample.0,layer4.0.downsample.0,"(2048, 1024, 1, 1)",17.658542537689208,44,3,
resnet50_no_weights,IMAGENET100,fp32_fused,"42,43,44",layer4.0.downsample.0,layer4.0.downsample.0,"(2048, 1024, 1, 1)",16.857410317101504,aggregate,3,1.9365266590361774
resnet50_no_weights,IMAGENET100,fp32_fused,42,layer4.1.conv1,layer4.1.conv1,"(512, 2048, 1, 1)",7.960314027468363,42,3,
resnet50_no_weights,IMAGENET100,fp32_fused,43,layer4.1.conv1,layer4.1.conv1,"(512, 2048, 1, 1)",7.885680685043335,43,3,
resnet50_no_weights,IMAGENET100,fp32_fused,44,layer4.1.conv1,layer4.1.conv1,"(512, 2048, 1, 1)",7.452920581983483,44,3,
resnet50_no_weights,IMAGENET100,fp32_fused,"42,43,44",layer4.1.conv1,layer4.1.conv1,"(512, 2048, 1, 1)",7.76630509816506,aggregate,3,0.2739524140925823
resnet50_no_weights,IMAGENET100,fp32_fused,42,layer4.1.conv2,layer4.1.conv2,"(512, 512, 3, 3)",22.458126322428384,42,3,
resnet50_no_weights,IMAGENET100,fp32_fused,43,layer4.1.conv2,layer4.1.conv2,"(512, 512, 3, 3)",20.34399749437968,43,3,
resnet50_no_weights,IMAGENET100,fp32_fused,44,layer4.1.conv2,layer4.1.conv2,"(512, 512, 3, 3)",24.498429775238037,44,3,
resnet50_no_weights,IMAGENET100,fp32_fused,"42,43,44",layer4.1.conv2,layer4.1.conv2,"(512, 512, 3, 3)",22.433517864015368,aggregate,3,2.0773254622780213
resnet50_no_weights,IMAGENET100,fp32_fused,42,layer4.1.conv3,layer4.1.conv3,"(2048, 512, 1, 1)",73.3343106678554,42,3,
resnet50_no_weights,IMAGENET100,fp32_fused,43,layer4.1.conv3,layer4.1.conv3,"(2048, 512, 1, 1)",70.51432692486307,43,3,
resnet50_no_weights,IMAGENET100,fp32_fused,44,layer4.1.conv3,layer4.1.conv3,"(2048, 512, 1, 1)",79.48518187424233,44,3,
resnet50_no_weights,IMAGENET100,fp32_fused,"42,43,44",layer4.1.conv3,layer4.1.conv3,"(2048, 512, 1, 1)",74.44460648898693,aggregate,3,4.587333347220059
resnet50_no_weights,IMAGENET100,fp32_fused,42,layer4.2.conv1,layer4.2.conv1,"(512, 2048, 1, 1)",14.65295581817627,42,3,
resnet50_no_weights,IMAGENET100,fp32_fused,43,layer4.2.conv1,layer4.2.conv1,"(512, 2048, 1, 1)",13.745995712280273,43,3,
resnet50_no_weights,IMAGENET100,fp32_fused,44,layer4.2.conv1,layer4.2.conv1,"(512, 2048, 1, 1)",17.097680886586506,44,3,
resnet50_no_weights,IMAGENET100,fp32_fused,"42,43,44",layer4.2.conv1,layer4.2.conv1,"(512, 2048, 1, 1)",15.165544139014349,aggregate,3,1.7336402357209966
resnet50_no_weights,IMAGENET100,fp32_fused,42,layer4.2.conv2,layer4.2.conv2,"(512, 512, 3, 3)",16.978246625264486,42,3,
resnet50_no_weights,IMAGENET100,fp32_fused,43,layer4.2.conv2,layer4.2.conv2,"(512, 512, 3, 3)",14.101024516423543,43,3,
resnet50_no_weights,IMAGENET100,fp32_fused,44,layer4.2.conv2,layer4.2.conv2,"(512, 512, 3, 3)",17.63492599400607,44,3,
resnet50_no_weights,IMAGENET100,fp32_fused,"42,43,44",layer4.2.conv2,layer4.2.conv2,"(512, 512, 3, 3)",16.238065711898034,aggregate,3,1.8796318128024412
resnet50_no_weights,IMAGENET100,fp32_fused,42,layer4.2.conv3,layer4.2.conv3,"(2048, 512, 1, 1)",28.107550191879273,42,3,
resnet50_no_weights,IMAGENET100,fp32_fused,43,layer4.2.conv3,layer4.2.conv3,"(2048, 512, 1, 1)",25.968121452331545,43,3,
resnet50_no_weights,IMAGENET100,fp32_fused,44,layer4.2.conv3,layer4.2.conv3,"(2048, 512, 1, 1)",28.7264053662618,44,3,
resnet50_no_weights,IMAGENET100,fp32_fused,"42,43,44",layer4.2.conv3,layer4.2.conv3,"(2048, 512, 1, 1)",27.600692336824206,aggregate,3,1.4473117153484494
resnet50_no_weights,IMAGENET100,fp32_fused,42,fc,fc,"(100, 2048)",3.206290022532145,42,3,
resnet50_no_weights,IMAGENET100,fp32_fused,43,fc,fc,"(100, 2048)",3.8820486148198445,43,3,
resnet50_no_weights,IMAGENET100,fp32_fused,44,fc,fc,"(100, 2048)",3.7434837261835736,44,3,
resnet50_no_weights,IMAGENET100,fp32_fused,"42,43,44",fc,fc,"(100, 2048)",3.6106074545118543,aggregate,3,0.35693766464565724
resnet50_no_weights,IMAGENET100,qat,42,conv1,conv1,"(64, 3, 7, 7)",1348.586452777569,42,3,
resnet50_no_weights,IMAGENET100,qat,43,conv1,conv1,"(64, 3, 7, 7)",826.8222147623698,43,3,
resnet50_no_weights,IMAGENET100,qat,44,conv1,conv1,"(64, 3, 7, 7)",1918.288144938151,44,3,
resnet50_no_weights,IMAGENET100,qat,"42,43,44",conv1,conv1,"(64, 3, 7, 7)",1364.5656041593634,aggregate,3,545.9083889653854
resnet50_no_weights,IMAGENET100,qat,42,layer1.0.conv1,layer1.0.conv1,"(64, 64, 1, 1)",12.363343238830566,42,3,
resnet50_no_weights,IMAGENET100,qat,43,layer1.0.conv1,layer1.0.conv1,"(64, 64, 1, 1)",15.862153132756552,43,3,
resnet50_no_weights,IMAGENET100,qat,44,layer1.0.conv1,layer1.0.conv1,"(64, 64, 1, 1)",14.099068959554037,44,3,
resnet50_no_weights,IMAGENET100,qat,"42,43,44",layer1.0.conv1,layer1.0.conv1,"(64, 64, 1, 1)",14.108188443713718,aggregate,3,1.7494227740034982
resnet50_no_weights,IMAGENET100,qat,42,layer1.0.conv2,layer1.0.conv2,"(64, 64, 3, 3)",15.21377944946289,42,3,
resnet50_no_weights,IMAGENET100,qat,43,layer1.0.conv2,layer1.0.conv2,"(64, 64, 3, 3)",14.882514501872816,43,3,
resnet50_no_weights,IMAGENET100,qat,44,layer1.0.conv2,layer1.0.conv2,"(64, 64, 3, 3)",16.77522309621175,44,3,
resnet50_no_weights,IMAGENET100,qat,"42,43,44",layer1.0.conv2,layer1.0.conv2,"(64, 64, 3, 3)",15.623839015849152,aggregate,3,1.010790824928572
resnet50_no_weights,IMAGENET100,qat,42,layer1.0.conv3,layer1.0.conv3,"(256, 64, 1, 1)",18.061883536252108,42,3,
resnet50_no_weights,IMAGENET100,qat,43,layer1.0.conv3,layer1.0.conv3,"(256, 64, 1, 1)",18.38517535527547,43,3,
resnet50_no_weights,IMAGENET100,qat,44,layer1.0.conv3,layer1.0.conv3,"(256, 64, 1, 1)",13.30262993176778,44,3,
resnet50_no_weights,IMAGENET100,qat,"42,43,44",layer1.0.conv3,layer1.0.conv3,"(256, 64, 1, 1)",16.58322960776512,aggregate,3,2.8456774370397717
resnet50_no_weights,IMAGENET100,qat,42,layer1.0.downsample.0,layer1.0.downsample.0,"(256, 64, 1, 1)",18.98212849176847,42,3,
resnet50_no_weights,IMAGENET100,qat,43,layer1.0.downsample.0,layer1.0.downsample.0,"(256, 64, 1, 1)",20.227976151875087,43,3,
resnet50_no_weights,IMAGENET100,qat,44,layer1.0.downsample.0,layer1.0.downsample.0,"(256, 64, 1, 1)",21.295791343406396,44,3,
resnet50_no_weights,IMAGENET100,qat,"42,43,44",layer1.0.downsample.0,layer1.0.downsample.0,"(256, 64, 1, 1)",20.168631995683317,aggregate,3,1.157972471355826
resnet50_no_weights,IMAGENET100,qat,42,layer1.1.conv1,layer1.1.conv1,"(64, 256, 1, 1)",5.68469895919164,42,3,
resnet50_no_weights,IMAGENET100,qat,43,layer1.1.conv1,layer1.1.conv1,"(64, 256, 1, 1)",4.680013120174408,43,3,
resnet50_no_weights,IMAGENET100,qat,44,layer1.1.conv1,layer1.1.conv1,"(64, 256, 1, 1)",5.272342884540558,44,3,
resnet50_no_weights,IMAGENET100,qat,"42,43,44",layer1.1.conv1,layer1.1.conv1,"(64, 256, 1, 1)",5.212351654635535,aggregate,3,0.5050223950772657
resnet50_no_weights,IMAGENET100,qat,42,layer1.1.conv2,layer1.1.conv2,"(64, 64, 3, 3)",1.331446236371994,42,3,
resnet50_no_weights,IMAGENET100,qat,43,layer1.1.conv2,layer1.1.conv2,"(64, 64, 3, 3)",1.5920239968432321,43,3,
resnet50_no_weights,IMAGENET100,qat,44,layer1.1.conv2,layer1.1.conv2,"(64, 64, 3, 3)",1.4834403763214747,44,3,
resnet50_no_weights,IMAGENET100,qat,"42,43,44",layer1.1.conv2,layer1.1.conv2,"(64, 64, 3, 3)",1.4689702031789003,aggregate,3,0.13089015144820307
resnet50_no_weights,IMAGENET100,qat,42,layer1.1.conv3,layer1.1.conv3,"(256, 64, 1, 1)",6.646989931662877,42,3,
resnet50_no_weights,IMAGENET100,qat,43,layer1.1.conv3,layer1.1.conv3,"(256, 64, 1, 1)",5.6004049698511755,43,3,
resnet50_no_weights,IMAGENET100,qat,44,layer1.1.conv3,layer1.1.conv3,"(256, 64, 1, 1)",5.598641633987427,44,3,
resnet50_no_weights,IMAGENET100,qat,"42,43,44",layer1.1.conv3,layer1.1.conv3,"(256, 64, 1, 1)",5.9486788451671595,aggregate,3,0.6047557833377569
resnet50_no_weights,IMAGENET100,qat,42,layer1.2.conv1,layer1.2.conv1,"(64, 256, 1, 1)",0.4144906195310446,42,3,
resnet50_no_weights,IMAGENET100,qat,43,layer1.2.conv1,layer1.2.conv1,"(64, 256, 1, 1)",0.46746149401252085,43,3,
resnet50_no_weights,IMAGENET100,qat,44,layer1.2.conv1,layer1.2.conv1,"(64, 256, 1, 1)",0.27776239315668744,44,3,
resnet50_no_weights,IMAGENET100,qat,"42,43,44",layer1.2.conv1,layer1.2.conv1,"(64, 256, 1, 1)",0.38657150223341763,aggregate,3,0.09788281283957315
resnet50_no_weights,IMAGENET100,qat,42,layer1.2.conv2,layer1.2.conv2,"(64, 64, 3, 3)",0.07749959756620228,42,3,
resnet50_no_weights,IMAGENET100,qat,43,layer1.2.conv2,layer1.2.conv2,"(64, 64, 3, 3)",0.09980984162539244,43,3,
resnet50_no_weights,IMAGENET100,qat,44,layer1.2.conv2,layer1.2.conv2,"(64, 64, 3, 3)",0.13384000156074763,44,3,
resnet50_no_weights,IMAGENET100,qat,"42,43,44",layer1.2.conv2,layer1.2.conv2,"(64, 64, 3, 3)",0.10371648025078078,aggregate,3,0.0283726391014156
resnet50_no_weights,IMAGENET100,qat,42,layer1.2.conv3,layer1.2.conv3,"(256, 64, 1, 1)",0.4677263632416725,42,3,
resnet50_no_weights,IMAGENET100,qat,43,layer1.2.conv3,layer1.2.conv3,"(256, 64, 1, 1)",0.48481492275993027,43,3,
resnet50_no_weights,IMAGENET100,qat,44,layer1.2.conv3,layer1.2.conv3,"(256, 64, 1, 1)",0.540421387180686,44,3,
resnet50_no_weights,IMAGENET100,qat,"42,43,44",layer1.2.conv3,layer1.2.conv3,"(256, 64, 1, 1)",0.49765422439409623,aggregate,3,0.0380102272581112
resnet50_no_weights,IMAGENET100,qat,42,layer2.0.conv1,layer2.0.conv1,"(128, 256, 1, 1)",3.4566061748908115,42,3,
resnet50_no_weights,IMAGENET100,qat,43,layer2.0.conv1,layer2.0.conv1,"(128, 256, 1, 1)",3.292297079012944,43,3,
resnet50_no_weights,IMAGENET100,qat,44,layer2.0.conv1,layer2.0.conv1,"(128, 256, 1, 1)",3.5863548239072163,44,3,
resnet50_no_weights,IMAGENET100,qat,"42,43,44",layer2.0.conv1,layer2.0.conv1,"(128, 256, 1, 1)",3.4450860259369906,aggregate,3,0.14736697291800108
resnet50_no_weights,IMAGENET100,qat,42,layer2.0.conv2,layer2.0.conv2,"(128, 128, 3, 3)",20.423416840402705,42,3,
resnet50_no_weights,IMAGENET100,qat,43,layer2.0.conv2,layer2.0.conv2,"(128, 128, 3, 3)",13.745144462585449,43,3,
resnet50_no_weights,IMAGENET100,qat,44,layer2.0.conv2,layer2.0.conv2,"(128, 128, 3, 3)",15.183854699134827,44,3,
resnet50_no_weights,IMAGENET100,qat,"42,43,44",layer2.0.conv2,layer2.0.conv2,"(128, 128, 3, 3)",16.450805334040993,aggregate,3,3.5147835525884226
resnet50_no_weights,IMAGENET100,qat,42,layer2.0.conv3,layer2.0.conv3,"(512, 128, 1, 1)",12.139519627888998,42,3,
resnet50_no_weights,IMAGENET100,qat,43,layer2.0.conv3,layer2.0.conv3,"(512, 128, 1, 1)",12.634925530507015,43,3,
resnet50_no_weights,IMAGENET100,qat,44,layer2.0.conv3,layer2.0.conv3,"(512, 128, 1, 1)",12.56474749247233,44,3,
resnet50_no_weights,IMAGENET100,qat,"42,43,44",layer2.0.conv3,layer2.0.conv3,"(512, 128, 1, 1)",12.446397550289447,aggregate,3,0.2680704827059702
resnet50_no_weights,IMAGENET100,qat,42,layer2.0.downsample.0,layer2.0.downsample.0,"(512, 256, 1, 1)",25.903183698654175,42,3,
resnet50_no_weights,IMAGENET100,qat,43,layer2.0.downsample.0,layer2.0.downsample.0,"(512, 256, 1, 1)",20.042759235088642,43,3,
resnet50_no_weights,IMAGENET100,qat,44,layer2.0.downsample.0,layer2.0.downsample.0,"(512, 256, 1, 1)",23.420097807179328,44,3,
resnet50_no_weights,IMAGENET100,qat,"42,43,44",layer2.0.downsample.0,layer2.0.downsample.0,"(512, 256, 1, 1)",23.12201358030738,aggregate,3,2.9415615543485956
resnet50_no_weights,IMAGENET100,qat,42,layer2.1.conv1,layer2.1.conv1,"(128, 512, 1, 1)",8.372981162865957,42,3,
resnet50_no_weights,IMAGENET100,qat,43,layer2.1.conv1,layer2.1.conv1,"(128, 512, 1, 1)",9.7383131980896,43,3,
resnet50_no_weights,IMAGENET100,qat,44,layer2.1.conv1,layer2.1.conv1,"(128, 512, 1, 1)",7.828396344184876,44,3,
resnet50_no_weights,IMAGENET100,qat,"42,43,44",layer2.1.conv1,layer2.1.conv1,"(128, 512, 1, 1)",8.646563568380143,aggregate,3,0.9839111223390691
resnet50_no_weights,IMAGENET100,qat,42,layer2.1.conv2,layer2.1.conv2,"(128, 128, 3, 3)",7.921815421846178,42,3,
resnet50_no_weights,IMAGENET100,qat,43,layer2.1.conv2,layer2.1.conv2,"(128, 128, 3, 3)",10.055663517543248,43,3,
resnet50_no_weights,IMAGENET100,qat,44,layer2.1.conv2,layer2.1.conv2,"(128, 128, 3, 3)",8.035322764340568,44,3,
resnet50_no_weights,IMAGENET100,qat,"42,43,44",layer2.1.conv2,layer2.1.conv2,"(128, 128, 3, 3)",8.670933901243332,aggregate,3,1.2005532315951761
resnet50_no_weights,IMAGENET100,qat,42,layer2.1.conv3,layer2.1.conv3,"(512, 128, 1, 1)",11.933133045832315,42,3,
resnet50_no_weights,IMAGENET100,qat,43,layer2.1.conv3,layer2.1.conv3,"(512, 128, 1, 1)",11.115008115768433,43,3,
resnet50_no_weights,IMAGENET100,qat,44,layer2.1.conv3,layer2.1.conv3,"(512, 128, 1, 1)",8.242090702056885,44,3,
resnet50_no_weights,IMAGENET100,qat,"42,43,44",layer2.1.conv3,layer2.1.conv3,"(512, 128, 1, 1)",10.430077287885878,aggregate,3,1.938503565930101
resnet50_no_weights,IMAGENET100,qat,42,layer2.2.conv1,layer2.2.conv1,"(128, 512, 1, 1)",3.4048674404621124,42,3,
resnet50_no_weights,IMAGENET100,qat,43,layer2.2.conv1,layer2.2.conv1,"(128, 512, 1, 1)",3.2489522377649944,43,3,
resnet50_no_weights,IMAGENET100,qat,44,layer2.2.conv1,layer2.2.conv1,"(128, 512, 1, 1)",2.7880836286042867,44,3,
resnet50_no_weights,IMAGENET100,qat,"42,43,44",layer2.2.conv1,layer2.2.conv1,"(128, 512, 1, 1)",3.1473011022771313,aggregate,3,0.3207105901774158
resnet50_no_weights,IMAGENET100,qat,42,layer2.2.conv2,layer2.2.conv2,"(128, 128, 3, 3)",9.483309772279528,42,3,
resnet50_no_weights,IMAGENET100,qat,43,layer2.2.conv2,layer2.2.conv2,"(128, 128, 3, 3)",10.215470027923583,43,3,
resnet50_no_weights,IMAGENET100,qat,44,layer2.2.conv2,layer2.2.conv2,"(128, 128, 3, 3)",8.668518396524282,44,3,
resnet50_no_weights,IMAGENET100,qat,"42,43,44",layer2.2.conv2,layer2.2.conv2,"(128, 128, 3, 3)",9.455766065575798,aggregate,3,0.773843543170372
resnet50_no_weights,IMAGENET100,qat,42,layer2.2.conv3,layer2.2.conv3,"(512, 128, 1, 1)",17.82076158126195,42,3,
resnet50_no_weights,IMAGENET100,qat,43,layer2.2.conv3,layer2.2.conv3,"(512, 128, 1, 1)",17.603753864765167,43,3,
resnet50_no_weights,IMAGENET100,qat,44,layer2.2.conv3,layer2.2.conv3,"(512, 128, 1, 1)",15.222360299183773,44,3,
resnet50_no_weights,IMAGENET100,qat,"42,43,44",layer2.2.conv3,layer2.2.conv3,"(512, 128, 1, 1)",16.882291915070297,aggregate,3,1.441631996842302
resnet50_no_weights,IMAGENET100,qat,42,layer2.3.conv1,layer2.3.conv1,"(128, 512, 1, 1)",6.568158213297526,42,3,
resnet50_no_weights,IMAGENET100,qat,43,layer2.3.conv1,layer2.3.conv1,"(128, 512, 1, 1)",5.5159477074941,43,3,
resnet50_no_weights,IMAGENET100,qat,44,layer2.3.conv1,layer2.3.conv1,"(128, 512, 1, 1)",4.8944087266922,44,3,
resnet50_no_weights,IMAGENET100,qat,"42,43,44",layer2.3.conv1,layer2.3.conv1,"(128, 512, 1, 1)",5.659504882494609,aggregate,3,0.8460590008081545
resnet50_no_weights,IMAGENET100,qat,42,layer2.3.conv2,layer2.3.conv2,"(128, 128, 3, 3)",3.570381534099579,42,3,
resnet50_no_weights,IMAGENET100,qat,43,layer2.3.conv2,layer2.3.conv2,"(128, 128, 3, 3)",3.9202446818351744,43,3,
resnet50_no_weights,IMAGENET100,qat,44,layer2.3.conv2,layer2.3.conv2,"(128, 128, 3, 3)",3.964639361699422,44,3,
resnet50_no_weights,IMAGENET100,qat,"42,43,44",layer2.3.conv2,layer2.3.conv2,"(128, 128, 3, 3)",3.8184218592113917,aggregate,3,0.2159530598561701
resnet50_no_weights,IMAGENET100,qat,42,layer2.3.conv3,layer2.3.conv3,"(512, 128, 1, 1)",8.781689500808715,42,3,
resnet50_no_weights,IMAGENET100,qat,43,layer2.3.conv3,layer2.3.conv3,"(512, 128, 1, 1)",7.263700715700785,43,3,
resnet50_no_weights,IMAGENET100,qat,44,layer2.3.conv3,layer2.3.conv3,"(512, 128, 1, 1)",6.86277322769165,44,3,
resnet50_no_weights,IMAGENET100,qat,"42,43,44",layer2.3.conv3,layer2.3.conv3,"(512, 128, 1, 1)",7.636054481400383,aggregate,3,1.0121983061294735
resnet50_no_weights,IMAGENET100,qat,42,layer3.0.conv1,layer3.0.conv1,"(256, 512, 1, 1)",18.367382367451984,42,3,
resnet50_no_weights,IMAGENET100,qat,43,layer3.0.conv1,layer3.0.conv1,"(256, 512, 1, 1)",24.03583183288574,43,3,
resnet50_no_weights,IMAGENET100,qat,44,layer3.0.conv1,layer3.0.conv1,"(256, 512, 1, 1)",23.78538942337036,44,3,
resnet50_no_weights,IMAGENET100,qat,"42,43,44",layer3.0.conv1,layer3.0.conv1,"(256, 512, 1, 1)",22.062867874569363,aggregate,3,3.2028331520868996
resnet50_no_weights,IMAGENET100,qat,42,layer3.0.conv2,layer3.0.conv2,"(256, 256, 3, 3)",23.702929878234862,42,3,
resnet50_no_weights,IMAGENET100,qat,43,layer3.0.conv2,layer3.0.conv2,"(256, 256, 3, 3)",25.02592207590739,43,3,
resnet50_no_weights,IMAGENET100,qat,44,layer3.0.conv2,layer3.0.conv2,"(256, 256, 3, 3)",20.259159660339357,44,3,
resnet50_no_weights,IMAGENET100,qat,"42,43,44",layer3.0.conv2,layer3.0.conv2,"(256, 256, 3, 3)",22.99600387149387,aggregate,3,2.460754816285659
resnet50_no_weights,IMAGENET100,qat,42,layer3.0.conv3,layer3.0.conv3,"(1024, 256, 1, 1)",45.98679790496826,42,3,
resnet50_no_weights,IMAGENET100,qat,43,layer3.0.conv3,layer3.0.conv3,"(1024, 256, 1, 1)",45.9880713780721,43,3,
resnet50_no_weights,IMAGENET100,qat,44,layer3.0.conv3,layer3.0.conv3,"(1024, 256, 1, 1)",39.53327808380127,44,3,
resnet50_no_weights,IMAGENET100,qat,"42,43,44",layer3.0.conv3,layer3.0.conv3,"(1024, 256, 1, 1)",43.83604912228054,aggregate,3,3.726309080392479
resnet50_no_weights,IMAGENET100,qat,42,layer3.0.downsample.0,layer3.0.downsample.0,"(1024, 512, 1, 1)",19.45943366156684,42,3,
resnet50_no_weights,IMAGENET100,qat,43,layer3.0.downsample.0,layer3.0.downsample.0,"(1024, 512, 1, 1)",23.33492352412297,43,3,
resnet50_no_weights,IMAGENET100,qat,44,layer3.0.downsample.0,layer3.0.downsample.0,"(1024, 512, 1, 1)",20.086958779229057,44,3,
resnet50_no_weights,IMAGENET100,qat,"42,43,44",layer3.0.downsample.0,layer3.0.downsample.0,"(1024, 512, 1, 1)",20.960438654972958,aggregate,3,2.0801636326719626
resnet50_no_weights,IMAGENET100,qat,42,layer3.1.conv1,layer3.1.conv1,"(256, 1024, 1, 1)",7.182952952384949,42,3,
resnet50_no_weights,IMAGENET100,qat,43,layer3.1.conv1,layer3.1.conv1,"(256, 1024, 1, 1)",6.800804098447164,43,3,
resnet50_no_weights,IMAGENET100,qat,44,layer3.1.conv1,layer3.1.conv1,"(256, 1024, 1, 1)",6.628225580851237,44,3,
resnet50_no_weights,IMAGENET100,qat,"42,43,44",layer3.1.conv1,layer3.1.conv1,"(256, 1024, 1, 1)",6.870660877227783,aggregate,3,0.28388482054942377
resnet50_no_weights,IMAGENET100,qat,42,layer3.1.conv2,layer3.1.conv2,"(256, 256, 3, 3)",4.632717177271843,42,3,
resnet50_no_weights,IMAGENET100,qat,43,layer3.1.conv2,layer3.1.conv2,"(256, 256, 3, 3)",6.102473616600037,43,3,
resnet50_no_weights,IMAGENET100,qat,44,layer3.1.conv2,layer3.1.conv2,"(256, 256, 3, 3)",5.640520548820495,44,3,
resnet50_no_weights,IMAGENET100,qat,"42,43,44",layer3.1.conv2,layer3.1.conv2,"(256, 256, 3, 3)",5.458570447564125,aggregate,3,0.7515819165247891
resnet50_no_weights,IMAGENET100,qat,42,layer3.1.conv3,layer3.1.conv3,"(1024, 256, 1, 1)",15.967783496493386,42,3,
resnet50_no_weights,IMAGENET100,qat,43,layer3.1.conv3,layer3.1.conv3,"(1024, 256, 1, 1)",18.33149500687917,43,3,
resnet50_no_weights,IMAGENET100,qat,44,layer3.1.conv3,layer3.1.conv3,"(1024, 256, 1, 1)",17.08185084660848,44,3,
resnet50_no_weights,IMAGENET100,qat,"42,43,44",layer3.1.conv3,layer3.1.conv3,"(1024, 256, 1, 1)",17.127043116660346,aggregate,3,1.1825036076210893
resnet50_no_weights,IMAGENET100,qat,42,layer3.2.conv1,layer3.2.conv1,"(256, 1024, 1, 1)",6.160398905093853,42,3,
resnet50_no_weights,IMAGENET100,qat,43,layer3.2.conv1,layer3.2.conv1,"(256, 1024, 1, 1)",7.443141293525696,43,3,
resnet50_no_weights,IMAGENET100,qat,44,layer3.2.conv1,layer3.2.conv1,"(256, 1024, 1, 1)",6.3189704815546675,44,3,
resnet50_no_weights,IMAGENET100,qat,"42,43,44",layer3.2.conv1,layer3.2.conv1,"(256, 1024, 1, 1)",6.6408368933914055,aggregate,3,0.6993250310631315
resnet50_no_weights,IMAGENET100,qat,42,layer3.2.conv2,layer3.2.conv2,"(256, 256, 3, 3)",4.0853954029083255,42,3,
resnet50_no_weights,IMAGENET100,qat,43,layer3.2.conv2,layer3.2.conv2,"(256, 256, 3, 3)",4.334861493110656,43,3,
resnet50_no_weights,IMAGENET100,qat,44,layer3.2.conv2,layer3.2.conv2,"(256, 256, 3, 3)",3.46792444785436,44,3,
resnet50_no_weights,IMAGENET100,qat,"42,43,44",layer3.2.conv2,layer3.2.conv2,"(256, 256, 3, 3)",3.9627271146244474,aggregate,3,0.4462965290278449
resnet50_no_weights,IMAGENET100,qat,42,layer3.2.conv3,layer3.2.conv3,"(1024, 256, 1, 1)",16.53769515355428,42,3,
resnet50_no_weights,IMAGENET100,qat,43,layer3.2.conv3,layer3.2.conv3,"(1024, 256, 1, 1)",15.274059406916301,43,3,
resnet50_no_weights,IMAGENET100,qat,44,layer3.2.conv3,layer3.2.conv3,"(1024, 256, 1, 1)",12.013229926427206,44,3,
resnet50_no_weights,IMAGENET100,qat,"42,43,44",layer3.2.conv3,layer3.2.conv3,"(1024, 256, 1, 1)",14.608328162299262,aggregate,3,2.334543845254363
resnet50_no_weights,IMAGENET100,qat,42,layer3.3.conv1,layer3.3.conv1,"(256, 1024, 1, 1)",4.706355537687029,42,3,
resnet50_no_weights,IMAGENET100,qat,43,layer3.3.conv1,layer3.3.conv1,"(256, 1024, 1, 1)",5.265719715754191,43,3,
resnet50_no_weights,IMAGENET100,qat,44,layer3.3.conv1,layer3.3.conv1,"(256, 1024, 1, 1)",5.76541621931668,44,3,
resnet50_no_weights,IMAGENET100,qat,"42,43,44",layer3.3.conv1,layer3.3.conv1,"(256, 1024, 1, 1)",5.2458304909193,aggregate,3,0.5298104074023692
resnet50_no_weights,IMAGENET100,qat,42,layer3.3.conv2,layer3.3.conv2,"(256, 256, 3, 3)",2.88065079053243,42,3,
resnet50_no_weights,IMAGENET100,qat,43,layer3.3.conv2,layer3.3.conv2,"(256, 256, 3, 3)",4.019354152679443,43,3,
resnet50_no_weights,IMAGENET100,qat,44,layer3.3.conv2,layer3.3.conv2,"(256, 256, 3, 3)",3.053541421890259,44,3,
resnet50_no_weights,IMAGENET100,qat,"42,43,44",layer3.3.conv2,layer3.3.conv2,"(256, 256, 3, 3)",3.3178487883673773,aggregate,3,0.6136408760193379
resnet50_no_weights,IMAGENET100,qat,42,layer3.3.conv3,layer3.3.conv3,"(1024, 256, 1, 1)",15.298259156090873,42,3,
resnet50_no_weights,IMAGENET100,qat,43,layer3.3.conv3,layer3.3.conv3,"(1024, 256, 1, 1)",16.399293518066408,43,3,
resnet50_no_weights,IMAGENET100,qat,44,layer3.3.conv3,layer3.3.conv3,"(1024, 256, 1, 1)",18.319462018854477,44,3,
resnet50_no_weights,IMAGENET100,qat,"42,43,44",layer3.3.conv3,layer3.3.conv3,"(1024, 256, 1, 1)",16.67233823100392,aggregate,3,1.5289969738165259
resnet50_no_weights,IMAGENET100,qat,42,layer3.4.conv1,layer3.4.conv1,"(256, 1024, 1, 1)",5.2267704725265505,42,3,
resnet50_no_weights,IMAGENET100,qat,43,layer3.4.conv1,layer3.4.conv1,"(256, 1024, 1, 1)",4.499543092868946,43,3,
resnet50_no_weights,IMAGENET100,qat,44,layer3.4.conv1,layer3.4.conv1,"(256, 1024, 1, 1)",5.432750995953878,44,3,
resnet50_no_weights,IMAGENET100,qat,"42,43,44",layer3.4.conv1,layer3.4.conv1,"(256, 1024, 1, 1)",5.053021520449792,aggregate,3,0.49026602100887295
resnet50_no_weights,IMAGENET100,qat,42,layer3.4.conv2,layer3.4.conv2,"(256, 256, 3, 3)",2.8444315024784634,42,3,
resnet50_no_weights,IMAGENET100,qat,43,layer3.4.conv2,layer3.4.conv2,"(256, 256, 3, 3)",3.7944000999132794,43,3,
resnet50_no_weights,IMAGENET100,qat,44,layer3.4.conv2,layer3.4.conv2,"(256, 256, 3, 3)",3.745231560866038,44,3,
resnet50_no_weights,IMAGENET100,qat,"42,43,44",layer3.4.conv2,layer3.4.conv2,"(256, 256, 3, 3)",3.4613543877525936,aggregate,3,0.5348362095905888
resnet50_no_weights,IMAGENET100,qat,42,layer3.4.conv3,layer3.4.conv3,"(1024, 256, 1, 1)",19.949906063079833,42,3,
resnet50_no_weights,IMAGENET100,qat,43,layer3.4.conv3,layer3.4.conv3,"(1024, 256, 1, 1)",20.064429812961155,43,3,
resnet50_no_weights,IMAGENET100,qat,44,layer3.4.conv3,layer3.4.conv3,"(1024, 256, 1, 1)",21.645660988489787,44,3,
resnet50_no_weights,IMAGENET100,qat,"42,43,44",layer3.4.conv3,layer3.4.conv3,"(1024, 256, 1, 1)",20.553332288176925,aggregate,3,0.9477158933283275
resnet50_no_weights,IMAGENET100,qat,42,layer3.5.conv1,layer3.5.conv1,"(256, 1024, 1, 1)",8.395190747578939,42,3,
resnet50_no_weights,IMAGENET100,qat,43,layer3.5.conv1,layer3.5.conv1,"(256, 1024, 1, 1)",9.202853584289551,43,3,
resnet50_no_weights,IMAGENET100,qat,44,layer3.5.conv1,layer3.5.conv1,"(256, 1024, 1, 1)",8.325291474660238,44,3,
resnet50_no_weights,IMAGENET100,qat,"42,43,44",layer3.5.conv1,layer3.5.conv1,"(256, 1024, 1, 1)",8.641111935509576,aggregate,3,0.4877363397053519
resnet50_no_weights,IMAGENET100,qat,42,layer3.5.conv2,layer3.5.conv2,"(256, 256, 3, 3)",11.60896905263265,42,3,
resnet50_no_weights,IMAGENET100,qat,43,layer3.5.conv2,layer3.5.conv2,"(256, 256, 3, 3)",9.952838055292766,43,3,
resnet50_no_weights,IMAGENET100,qat,44,layer3.5.conv2,layer3.5.conv2,"(256, 256, 3, 3)",12.017977529101902,44,3,
resnet50_no_weights,IMAGENET100,qat,"42,43,44",layer3.5.conv2,layer3.5.conv2,"(256, 256, 3, 3)",11.193261545675773,aggregate,3,1.0935308912309682
resnet50_no_weights,IMAGENET100,qat,42,layer3.5.conv3,layer3.5.conv3,"(1024, 256, 1, 1)",29.26907008488973,42,3,
resnet50_no_weights,IMAGENET100,qat,43,layer3.5.conv3,layer3.5.conv3,"(1024, 256, 1, 1)",25.493830267588297,43,3,
resnet50_no_weights,IMAGENET100,qat,44,layer3.5.conv3,layer3.5.conv3,"(1024, 256, 1, 1)",29.94300231933594,44,3,
resnet50_no_weights,IMAGENET100,qat,"42,43,44",layer3.5.conv3,layer3.5.conv3,"(1024, 256, 1, 1)",28.235300890604655,aggregate,3,2.3979766568510814
resnet50_no_weights,IMAGENET100,qat,42,layer4.0.conv1,layer4.0.conv1,"(512, 1024, 1, 1)",26.347940985361735,42,3,
resnet50_no_weights,IMAGENET100,qat,43,layer4.0.conv1,layer4.0.conv1,"(512, 1024, 1, 1)",28.271936123187725,43,3,
resnet50_no_weights,IMAGENET100,qat,44,layer4.0.conv1,layer4.0.conv1,"(512, 1024, 1, 1)",23.790471201357633,44,3,
resnet50_no_weights,IMAGENET100,qat,"42,43,44",layer4.0.conv1,layer4.0.conv1,"(512, 1024, 1, 1)",26.13678276996903,aggregate,3,2.248182111249948
resnet50_no_weights,IMAGENET100,qat,42,layer4.0.conv2,layer4.0.conv2,"(512, 512, 3, 3)",29.050136192985203,42,3,
resnet50_no_weights,IMAGENET100,qat,43,layer4.0.conv2,layer4.0.conv2,"(512, 512, 3, 3)",27.804272905985513,43,3,
resnet50_no_weights,IMAGENET100,qat,44,layer4.0.conv2,layer4.0.conv2,"(512, 512, 3, 3)",34.4296158877286,44,3,
resnet50_no_weights,IMAGENET100,qat,"42,43,44",layer4.0.conv2,layer4.0.conv2,"(512, 512, 3, 3)",30.42800832889977,aggregate,3,3.5210355186550495
resnet50_no_weights,IMAGENET100,qat,42,layer4.0.conv3,layer4.0.conv3,"(2048, 512, 1, 1)",118.84359804789226,42,3,
resnet50_no_weights,IMAGENET100,qat,43,layer4.0.conv3,layer4.0.conv3,"(2048, 512, 1, 1)",105.39513288225446,43,3,
resnet50_no_weights,IMAGENET100,qat,44,layer4.0.conv3,layer4.0.conv3,"(2048, 512, 1, 1)",125.78233019510905,44,3,
resnet50_no_weights,IMAGENET100,qat,"42,43,44",layer4.0.conv3,layer4.0.conv3,"(2048, 512, 1, 1)",116.67368704175192,aggregate,3,10.365367282409395
resnet50_no_weights,IMAGENET100,qat,42,layer4.0.downsample.0,layer4.0.downsample.0,"(2048, 1024, 1, 1)",21.153578155919124,42,3,
resnet50_no_weights,IMAGENET100,qat,43,layer4.0.downsample.0,layer4.0.downsample.0,"(2048, 1024, 1, 1)",22.62491364912553,43,3,
resnet50_no_weights,IMAGENET100,qat,44,layer4.0.downsample.0,layer4.0.downsample.0,"(2048, 1024, 1, 1)",23.044921557108562,44,3,
resnet50_no_weights,IMAGENET100,qat,"42,43,44",layer4.0.downsample.0,layer4.0.downsample.0,"(2048, 1024, 1, 1)",22.274471120717738,aggregate,3,0.9931779496109157
resnet50_no_weights,IMAGENET100,qat,42,layer4.1.conv1,layer4.1.conv1,"(512, 2048, 1, 1)",10.216213173336453,42,3,
resnet50_no_weights,IMAGENET100,qat,43,layer4.1.conv1,layer4.1.conv1,"(512, 2048, 1, 1)",11.084064194134303,43,3,
resnet50_no_weights,IMAGENET100,qat,44,layer4.1.conv1,layer4.1.conv1,"(512, 2048, 1, 1)",11.159506267971462,44,3,
resnet50_no_weights,IMAGENET100,qat,"42,43,44",layer4.1.conv1,layer4.1.conv1,"(512, 2048, 1, 1)",10.819927878480739,aggregate,3,0.5241912442342037
resnet50_no_weights,IMAGENET100,qat,42,layer4.1.conv2,layer4.1.conv2,"(512, 512, 3, 3)",23.68403662954058,42,3,
resnet50_no_weights,IMAGENET100,qat,43,layer4.1.conv2,layer4.1.conv2,"(512, 512, 3, 3)",25.260538242481374,43,3,
resnet50_no_weights,IMAGENET100,qat,44,layer4.1.conv2,layer4.1.conv2,"(512, 512, 3, 3)",29.150826045445033,44,3,
resnet50_no_weights,IMAGENET100,qat,"42,43,44",layer4.1.conv2,layer4.1.conv2,"(512, 512, 3, 3)",26.03180030582233,aggregate,3,2.8138195583979706
resnet50_no_weights,IMAGENET100,qat,42,layer4.1.conv3,layer4.1.conv3,"(2048, 512, 1, 1)",88.61449940999348,42,3,
resnet50_no_weights,IMAGENET100,qat,43,layer4.1.conv3,layer4.1.conv3,"(2048, 512, 1, 1)",82.38615748087565,43,3,
resnet50_no_weights,IMAGENET100,qat,44,layer4.1.conv3,layer4.1.conv3,"(2048, 512, 1, 1)",83.60366998400006,44,3,
resnet50_no_weights,IMAGENET100,qat,"42,43,44",layer4.1.conv3,layer4.1.conv3,"(2048, 512, 1, 1)",84.86810895828974,aggregate,3,3.3010854633406335
resnet50_no_weights,IMAGENET100,qat,42,layer4.2.conv1,layer4.2.conv1,"(512, 2048, 1, 1)",18.899073727925618,42,3,
resnet50_no_weights,IMAGENET100,qat,43,layer4.2.conv1,layer4.2.conv1,"(512, 2048, 1, 1)",18.82189661661784,43,3,
resnet50_no_weights,IMAGENET100,qat,44,layer4.2.conv1,layer4.2.conv1,"(512, 2048, 1, 1)",16.140138403574625,44,3,
resnet50_no_weights,IMAGENET100,qat,"42,43,44",layer4.2.conv1,layer4.2.conv1,"(512, 2048, 1, 1)",17.95370291603936,aggregate,3,1.571066916869248
resnet50_no_weights,IMAGENET100,qat,42,layer4.2.conv2,layer4.2.conv2,"(512, 512, 3, 3)",20.744209448496502,42,3,
resnet50_no_weights,IMAGENET100,qat,43,layer4.2.conv2,layer4.2.conv2,"(512, 512, 3, 3)",21.49824422200521,43,3,
resnet50_no_weights,IMAGENET100,qat,44,layer4.2.conv2,layer4.2.conv2,"(512, 512, 3, 3)",16.805335925175594,44,3,
resnet50_no_weights,IMAGENET100,qat,"42,43,44",layer4.2.conv2,layer4.2.conv2,"(512, 512, 3, 3)",19.682596531892436,aggregate,3,2.520141575217254
resnet50_no_weights,IMAGENET100,qat,42,layer4.2.conv3,layer4.2.conv3,"(2048, 512, 1, 1)",31.53645133972168,42,3,
resnet50_no_weights,IMAGENET100,qat,43,layer4.2.conv3,layer4.2.conv3,"(2048, 512, 1, 1)",27.757136631011964,43,3,
resnet50_no_weights,IMAGENET100,qat,44,layer4.2.conv3,layer4.2.conv3,"(2048, 512, 1, 1)",21.637553495519303,44,3,
resnet50_no_weights,IMAGENET100,qat,"42,43,44",layer4.2.conv3,layer4.2.conv3,"(2048, 512, 1, 1)",26.977047155417647,aggregate,3,4.995342763508664
resnet50_no_weights,IMAGENET100,qat,42,fc,fc,"(100, 2048)",6.281530658404033,42,3,
resnet50_no_weights,IMAGENET100,qat,43,fc,fc,"(100, 2048)",6.22032846104015,43,3,
resnet50_no_weights,IMAGENET100,qat,44,fc,fc,"(100, 2048)",6.047084784507751,44,3,
resnet50_no_weights,IMAGENET100,qat,"42,43,44",fc,fc,"(100, 2048)",6.182981301317311,aggregate,3,0.12160314429022888
resnet50_no_weights,IMAGENET100,fp32_fused_qat,42,conv1,conv1,"(64, 3, 7, 7)",2111.2155639648436,42,3,
resnet50_no_weights,IMAGENET100,fp32_fused_qat,43,conv1,conv1,"(64, 3, 7, 7)",1809.0226621274594,43,3,
resnet50_no_weights,IMAGENET100,fp32_fused_qat,44,conv1,conv1,"(64, 3, 7, 7)",2975.816600981213,44,3,
resnet50_no_weights,IMAGENET100,fp32_fused_qat,"42,43,44",conv1,conv1,"(64, 3, 7, 7)",2298.6849423578387,aggregate,3,605.5663463343684
resnet50_no_weights,IMAGENET100,fp32_fused_qat,42,layer1.0.conv1,layer1.0.conv1,"(64, 64, 1, 1)",16.516965484619142,42,3,
resnet50_no_weights,IMAGENET100,fp32_fused_qat,43,layer1.0.conv1,layer1.0.conv1,"(64, 64, 1, 1)",20.54877191119724,43,3,
resnet50_no_weights,IMAGENET100,fp32_fused_qat,44,layer1.0.conv1,layer1.0.conv1,"(64, 64, 1, 1)",18.793099037806194,44,3,
resnet50_no_weights,IMAGENET100,fp32_fused_qat,"42,43,44",layer1.0.conv1,layer1.0.conv1,"(64, 64, 1, 1)",18.61961214454086,aggregate,3,2.021494259687683
resnet50_no_weights,IMAGENET100,fp32_fused_qat,42,layer1.0.conv2,layer1.0.conv2,"(64, 64, 3, 3)",24.600408824284873,42,3,
resnet50_no_weights,IMAGENET100,fp32_fused_qat,43,layer1.0.conv2,layer1.0.conv2,"(64, 64, 3, 3)",28.516925621032716,43,3,
resnet50_no_weights,IMAGENET100,fp32_fused_qat,44,layer1.0.conv2,layer1.0.conv2,"(64, 64, 3, 3)",32.87437629699707,44,3,
resnet50_no_weights,IMAGENET100,fp32_fused_qat,"42,43,44",layer1.0.conv2,layer1.0.conv2,"(64, 64, 3, 3)",28.663903580771553,aggregate,3,4.138941449859083
resnet50_no_weights,IMAGENET100,fp32_fused_qat,42,layer1.0.conv3,layer1.0.conv3,"(256, 64, 1, 1)",24.960930790219987,42,3,
resnet50_no_weights,IMAGENET100,fp32_fused_qat,43,layer1.0.conv3,layer1.0.conv3,"(256, 64, 1, 1)",27.24023650487264,43,3,
resnet50_no_weights,IMAGENET100,fp32_fused_qat,44,layer1.0.conv3,layer1.0.conv3,"(256, 64, 1, 1)",29.579965311905433,44,3,
resnet50_no_weights,IMAGENET100,fp32_fused_qat,"42,43,44",layer1.0.conv3,layer1.0.conv3,"(256, 64, 1, 1)",27.26037753566602,aggregate,3,2.3095831277465506
resnet50_no_weights,IMAGENET100,fp32_fused_qat,42,layer1.0.downsample.0,layer1.0.downsample.0,"(256, 64, 1, 1)",22.672347136906215,42,3,
resnet50_no_weights,IMAGENET100,fp32_fused_qat,43,layer1.0.downsample.0,layer1.0.downsample.0,"(256, 64, 1, 1)",33.536101802190146,43,3,
resnet50_no_weights,IMAGENET100,fp32_fused_qat,44,layer1.0.downsample.0,layer1.0.downsample.0,"(256, 64, 1, 1)",24.87407039193546,44,3,
resnet50_no_weights,IMAGENET100,fp32_fused_qat,"42,43,44",layer1.0.downsample.0,layer1.0.downsample.0,"(256, 64, 1, 1)",27.027506443677275,aggregate,3,5.743105125154477
resnet50_no_weights,IMAGENET100,fp32_fused_qat,42,layer1.1.conv1,layer1.1.conv1,"(64, 256, 1, 1)",10.6631840467453,42,3,
resnet50_no_weights,IMAGENET100,fp32_fused_qat,43,layer1.1.conv1,layer1.1.conv1,"(64, 256, 1, 1)",11.25024708112081,43,3,
resnet50_no_weights,IMAGENET100,fp32_fused_qat,44,layer1.1.conv1,layer1.1.conv1,"(64, 256, 1, 1)",9.56198315223058,44,3,
resnet50_no_weights,IMAGENET100,fp32_fused_qat,"42,43,44",layer1.1.conv1,layer1.1.conv1,"(64, 256, 1, 1)",10.49180476003223,aggregate,3,0.857080461995068
resnet50_no_weights,IMAGENET100,fp32_fused_qat,42,layer1.1.conv2,layer1.1.conv2,"(64, 64, 3, 3)",1.9055602252483368,42,3,
resnet50_no_weights,IMAGENET100,fp32_fused_qat,43,layer1.1.conv2,layer1.1.conv2,"(64, 64, 3, 3)",3.793771813313166,43,3,
resnet50_no_weights,IMAGENET100,fp32_fused_qat,44,layer1.1.conv2,layer1.1.conv2,"(64, 64, 3, 3)",4.3457801600297294,44,3,
resnet50_no_weights,IMAGENET100,fp32_fused_qat,"42,43,44",layer1.1.conv2,layer1.1.conv2,"(64, 64, 3, 3)",3.348370732863744,aggregate,3,1.2796307765817687
resnet50_no_weights,IMAGENET100,fp32_fused_qat,42,layer1.1.conv3,layer1.1.conv3,"(256, 64, 1, 1)",6.236504904429117,42,3,
resnet50_no_weights,IMAGENET100,fp32_fused_qat,43,layer1.1.conv3,layer1.1.conv3,"(256, 64, 1, 1)",7.368329305073311,43,3,
resnet50_no_weights,IMAGENET100,fp32_fused_qat,44,layer1.1.conv3,layer1.1.conv3,"(256, 64, 1, 1)",6.7376095732053125,44,3,
resnet50_no_weights,IMAGENET100,fp32_fused_qat,"42,43,44",layer1.1.conv3,layer1.1.conv3,"(256, 64, 1, 1)",6.780814594235913,aggregate,3,0.5671477971879004
resnet50_no_weights,IMAGENET100,fp32_fused_qat,42,layer1.2.conv1,layer1.2.conv1,"(64, 256, 1, 1)",0.6402698397636414,42,3,
resnet50_no_weights,IMAGENET100,fp32_fused_qat,43,layer1.2.conv1,layer1.2.conv1,"(64, 256, 1, 1)",1.0701099321246148,43,3,
resnet50_no_weights,IMAGENET100,fp32_fused_qat,44,layer1.2.conv1,layer1.2.conv1,"(64, 256, 1, 1)",0.854205463329951,44,3,
resnet50_no_weights,IMAGENET100,fp32_fused_qat,"42,43,44",layer1.2.conv1,layer1.2.conv1,"(64, 256, 1, 1)",0.8548617450727357,aggregate,3,0.21492079768956046
resnet50_no_weights,IMAGENET100,fp32_fused_qat,42,layer1.2.conv2,layer1.2.conv2,"(64, 64, 3, 3)",0.23127636685967445,42,3,
resnet50_no_weights,IMAGENET100,fp32_fused_qat,43,layer1.2.conv2,layer1.2.conv2,"(64, 64, 3, 3)",0.45932550976673764,43,3,
resnet50_no_weights,IMAGENET100,fp32_fused_qat,44,layer1.2.conv2,layer1.2.conv2,"(64, 64, 3, 3)",0.39038190140078466,44,3,
resnet50_no_weights,IMAGENET100,fp32_fused_qat,"42,43,44",layer1.2.conv2,layer1.2.conv2,"(64, 64, 3, 3)",0.3603279260090656,aggregate,3,0.11695740238563813
resnet50_no_weights,IMAGENET100,fp32_fused_qat,42,layer1.2.conv3,layer1.2.conv3,"(256, 64, 1, 1)",1.1018296053012213,42,3,
resnet50_no_weights,IMAGENET100,fp32_fused_qat,43,layer1.2.conv3,layer1.2.conv3,"(256, 64, 1, 1)",2.072572405139605,43,3,
resnet50_no_weights,IMAGENET100,fp32_fused_qat,44,layer1.2.conv3,layer1.2.conv3,"(256, 64, 1, 1)",2.0521882695456344,44,3,
resnet50_no_weights,IMAGENET100,fp32_fused_qat,"42,43,44",layer1.2.conv3,layer1.2.conv3,"(256, 64, 1, 1)",1.7421967599954868,aggregate,3,0.5546678716623133
resnet50_no_weights,IMAGENET100,fp32_fused_qat,42,layer2.0.conv1,layer2.0.conv1,"(128, 256, 1, 1)",5.953274675210317,42,3,
resnet50_no_weights,IMAGENET100,fp32_fused_qat,43,layer2.0.conv1,layer2.0.conv1,"(128, 256, 1, 1)",5.596847108999888,43,3,
resnet50_no_weights,IMAGENET100,fp32_fused_qat,44,layer2.0.conv1,layer2.0.conv1,"(128, 256, 1, 1)",4.82440981539813,44,3,
resnet50_no_weights,IMAGENET100,fp32_fused_qat,"42,43,44",layer2.0.conv1,layer2.0.conv1,"(128, 256, 1, 1)",5.458177199869445,aggregate,3,0.5770666995273437
resnet50_no_weights,IMAGENET100,fp32_fused_qat,42,layer2.0.conv2,layer2.0.conv2,"(128, 128, 3, 3)",30.827391986846923,42,3,
resnet50_no_weights,IMAGENET100,fp32_fused_qat,43,layer2.0.conv2,layer2.0.conv2,"(128, 128, 3, 3)",24.02916005452474,43,3,
resnet50_no_weights,IMAGENET100,fp32_fused_qat,44,layer2.0.conv2,layer2.0.conv2,"(128, 128, 3, 3)",26.105436944961546,44,3,
resnet50_no_weights,IMAGENET100,fp32_fused_qat,"42,43,44",layer2.0.conv2,layer2.0.conv2,"(128, 128, 3, 3)",26.98732966211107,aggregate,3,3.483861424458825
resnet50_no_weights,IMAGENET100,fp32_fused_qat,42,layer2.0.conv3,layer2.0.conv3,"(512, 128, 1, 1)",25.266693433125813,42,3,
resnet50_no_weights,IMAGENET100,fp32_fused_qat,43,layer2.0.conv3,layer2.0.conv3,"(512, 128, 1, 1)",32.54428504308065,43,3,
resnet50_no_weights,IMAGENET100,fp32_fused_qat,44,layer2.0.conv3,layer2.0.conv3,"(512, 128, 1, 1)",22.974621057510376,44,3,
resnet50_no_weights,IMAGENET100,fp32_fused_qat,"42,43,44",layer2.0.conv3,layer2.0.conv3,"(512, 128, 1, 1)",26.928533177905614,aggregate,3,4.996588906661976
resnet50_no_weights,IMAGENET100,fp32_fused_qat,42,layer2.0.downsample.0,layer2.0.downsample.0,"(512, 256, 1, 1)",40.56352907816569,42,3,
resnet50_no_weights,IMAGENET100,fp32_fused_qat,43,layer2.0.downsample.0,layer2.0.downsample.0,"(512, 256, 1, 1)",47.98575919469197,43,3,
resnet50_no_weights,IMAGENET100,fp32_fused_qat,44,layer2.0.downsample.0,layer2.0.downsample.0,"(512, 256, 1, 1)",33.24450610478719,44,3,
resnet50_no_weights,IMAGENET100,fp32_fused_qat,"42,43,44",layer2.0.downsample.0,layer2.0.downsample.0,"(512, 256, 1, 1)",40.597931459214955,aggregate,3,7.370686759591891
resnet50_no_weights,IMAGENET100,fp32_fused_qat,42,layer2.1.conv1,layer2.1.conv1,"(128, 512, 1, 1)",19.156823301315306,42,3,
resnet50_no_weights,IMAGENET100,fp32_fused_qat,43,layer2.1.conv1,layer2.1.conv1,"(128, 512, 1, 1)",17.739507738749186,43,3,
resnet50_no_weights,IMAGENET100,fp32_fused_qat,44,layer2.1.conv1,layer2.1.conv1,"(128, 512, 1, 1)",15.589135948816935,44,3,
resnet50_no_weights,IMAGENET100,fp32_fused_qat,"42,43,44",layer2.1.conv1,layer2.1.conv1,"(128, 512, 1, 1)",17.495155662960475,aggregate,3,1.7963516398525368
resnet50_no_weights,IMAGENET100,fp32_fused_qat,42,layer2.1.conv2,layer2.1.conv2,"(128, 128, 3, 3)",21.2452472170194,42,3,
resnet50_no_weights,IMAGENET100,fp32_fused_qat,43,layer2.1.conv2,layer2.1.conv2,"(128, 128, 3, 3)",11.744588286980338,43,3,
resnet50_no_weights,IMAGENET100,fp32_fused_qat,44,layer2.1.conv2,layer2.1.conv2,"(128, 128, 3, 3)",10.215143572200429,44,3,
resnet50_no_weights,IMAGENET100,fp32_fused_qat,"42,43,44",layer2.1.conv2,layer2.1.conv2,"(128, 128, 3, 3)",14.401659692066723,aggregate,3,5.975852905038576
resnet50_no_weights,IMAGENET100,fp32_fused_qat,42,layer2.1.conv3,layer2.1.conv3,"(512, 128, 1, 1)",9.775671872225674,42,3,
resnet50_no_weights,IMAGENET100,fp32_fused_qat,43,layer2.1.conv3,layer2.1.conv3,"(512, 128, 1, 1)",10.330831702550253,43,3,
resnet50_no_weights,IMAGENET100,fp32_fused_qat,44,layer2.1.conv3,layer2.1.conv3,"(512, 128, 1, 1)",11.268920739491781,44,3,
resnet50_no_weights,IMAGENET100,fp32_fused_qat,"42,43,44",layer2.1.conv3,layer2.1.conv3,"(512, 128, 1, 1)",10.45847477142257,aggregate,3,0.7547632805530721
resnet50_no_weights,IMAGENET100,fp32_fused_qat,42,layer2.2.conv1,layer2.2.conv1,"(128, 512, 1, 1)",5.408960382143657,42,3,
resnet50_no_weights,IMAGENET100,fp32_fused_qat,43,layer2.2.conv1,layer2.2.conv1,"(128, 512, 1, 1)",6.059030143419902,43,3,
resnet50_no_weights,IMAGENET100,fp32_fused_qat,44,layer2.2.conv1,layer2.2.conv1,"(128, 512, 1, 1)",4.946721333044547,44,3,
resnet50_no_weights,IMAGENET100,fp32_fused_qat,"42,43,44",layer2.2.conv1,layer2.2.conv1,"(128, 512, 1, 1)",5.471570619536035,aggregate,3,0.5587913329494354
resnet50_no_weights,IMAGENET100,fp32_fused_qat,42,layer2.2.conv2,layer2.2.conv2,"(128, 128, 3, 3)",11.580786244074504,42,3,
resnet50_no_weights,IMAGENET100,fp32_fused_qat,43,layer2.2.conv2,layer2.2.conv2,"(128, 128, 3, 3)",14.526598421732585,43,3,
resnet50_no_weights,IMAGENET100,fp32_fused_qat,44,layer2.2.conv2,layer2.2.conv2,"(128, 128, 3, 3)",11.02829380830129,44,3,
resnet50_no_weights,IMAGENET100,fp32_fused_qat,"42,43,44",layer2.2.conv2,layer2.2.conv2,"(128, 128, 3, 3)",12.37855949136946,aggregate,3,1.880655579223193
resnet50_no_weights,IMAGENET100,fp32_fused_qat,42,layer2.2.conv3,layer2.2.conv3,"(512, 128, 1, 1)",20.11894663174947,42,3,
resnet50_no_weights,IMAGENET100,fp32_fused_qat,43,layer2.2.conv3,layer2.2.conv3,"(512, 128, 1, 1)",17.51019196510315,43,3,
resnet50_no_weights,IMAGENET100,fp32_fused_qat,44,layer2.2.conv3,layer2.2.conv3,"(512, 128, 1, 1)",21.381001445982193,44,3,
resnet50_no_weights,IMAGENET100,fp32_fused_qat,"42,43,44",layer2.2.conv3,layer2.2.conv3,"(512, 128, 1, 1)",19.67004668094494,aggregate,3,1.974063039441751
resnet50_no_weights,IMAGENET100,fp32_fused_qat,42,layer2.3.conv1,layer2.3.conv1,"(128, 512, 1, 1)",6.610773863463566,42,3,
resnet50_no_weights,IMAGENET100,fp32_fused_qat,43,layer2.3.conv1,layer2.3.conv1,"(128, 512, 1, 1)",7.809394176801046,43,3,
resnet50_no_weights,IMAGENET100,fp32_fused_qat,44,layer2.3.conv1,layer2.3.conv1,"(128, 512, 1, 1)",6.751078271865845,44,3,
resnet50_no_weights,IMAGENET100,fp32_fused_qat,"42,43,44",layer2.3.conv1,layer2.3.conv1,"(128, 512, 1, 1)",7.057082104043486,aggregate,3,0.6552872826988638
resnet50_no_weights,IMAGENET100,fp32_fused_qat,42,layer2.3.conv2,layer2.3.conv2,"(128, 128, 3, 3)",5.988215986887614,42,3,
resnet50_no_weights,IMAGENET100,fp32_fused_qat,43,layer2.3.conv2,layer2.3.conv2,"(128, 128, 3, 3)",4.131135714054108,43,3,
resnet50_no_weights,IMAGENET100,fp32_fused_qat,44,layer2.3.conv2,layer2.3.conv2,"(128, 128, 3, 3)",5.021046137809753,44,3,
resnet50_no_weights,IMAGENET100,fp32_fused_qat,"42,43,44",layer2.3.conv2,layer2.3.conv2,"(128, 128, 3, 3)",5.046799279583825,aggregate,3,0.9288079474090802
resnet50_no_weights,IMAGENET100,fp32_fused_qat,42,layer2.3.conv3,layer2.3.conv3,"(512, 128, 1, 1)",11.069074528557914,42,3,
resnet50_no_weights,IMAGENET100,fp32_fused_qat,43,layer2.3.conv3,layer2.3.conv3,"(512, 128, 1, 1)",11.30434160232544,43,3,
resnet50_no_weights,IMAGENET100,fp32_fused_qat,44,layer2.3.conv3,layer2.3.conv3,"(512, 128, 1, 1)",9.252183818817139,44,3,
resnet50_no_weights,IMAGENET100,fp32_fused_qat,"42,43,44",layer2.3.conv3,layer2.3.conv3,"(512, 128, 1, 1)",10.541866649900165,aggregate,3,1.1230756887193887
resnet50_no_weights,IMAGENET100,fp32_fused_qat,42,layer3.0.conv1,layer3.0.conv1,"(256, 512, 1, 1)",30.087202262878417,42,3,
resnet50_no_weights,IMAGENET100,fp32_fused_qat,43,layer3.0.conv1,layer3.0.conv1,"(256, 512, 1, 1)",38.0171616713206,43,3,
resnet50_no_weights,IMAGENET100,fp32_fused_qat,44,layer3.0.conv1,layer3.0.conv1,"(256, 512, 1, 1)",38.95070209503174,44,3,
resnet50_no_weights,IMAGENET100,fp32_fused_qat,"42,43,44",layer3.0.conv1,layer3.0.conv1,"(256, 512, 1, 1)",35.685022009743584,aggregate,3,4.870273490212937
resnet50_no_weights,IMAGENET100,fp32_fused_qat,42,layer3.0.conv2,layer3.0.conv2,"(256, 256, 3, 3)",22.456713581085204,42,3,
resnet50_no_weights,IMAGENET100,fp32_fused_qat,43,layer3.0.conv2,layer3.0.conv2,"(256, 256, 3, 3)",27.969117108513327,43,3,
resnet50_no_weights,IMAGENET100,fp32_fused_qat,44,layer3.0.conv2,layer3.0.conv2,"(256, 256, 3, 3)",36.02103846413748,44,3,
resnet50_no_weights,IMAGENET100,fp32_fused_qat,"42,43,44",layer3.0.conv2,layer3.0.conv2,"(256, 256, 3, 3)",28.81562305124534,aggregate,3,6.821668169631111
resnet50_no_weights,IMAGENET100,fp32_fused_qat,42,layer3.0.conv3,layer3.0.conv3,"(1024, 256, 1, 1)",69.08280982971192,42,3,
resnet50_no_weights,IMAGENET100,fp32_fused_qat,43,layer3.0.conv3,layer3.0.conv3,"(1024, 256, 1, 1)",63.80849393208822,43,3,
resnet50_no_weights,IMAGENET100,fp32_fused_qat,44,layer3.0.conv3,layer3.0.conv3,"(1024, 256, 1, 1)",53.21150302886963,44,3,
resnet50_no_weights,IMAGENET100,fp32_fused_qat,"42,43,44",layer3.0.conv3,layer3.0.conv3,"(1024, 256, 1, 1)",62.034268930223256,aggregate,3,8.0830378360829
resnet50_no_weights,IMAGENET100,fp32_fused_qat,42,layer3.0.downsample.0,layer3.0.downsample.0,"(1024, 512, 1, 1)",33.794976170857744,42,3,
resnet50_no_weights,IMAGENET100,fp32_fused_qat,43,layer3.0.downsample.0,layer3.0.downsample.0,"(1024, 512, 1, 1)",19.589217853546142,43,3,
resnet50_no_weights,IMAGENET100,fp32_fused_qat,44,layer3.0.downsample.0,layer3.0.downsample.0,"(1024, 512, 1, 1)",28.69926684697469,44,3,
resnet50_no_weights,IMAGENET100,fp32_fused_qat,"42,43,44",layer3.0.downsample.0,layer3.0.downsample.0,"(1024, 512, 1, 1)",27.36115362379286,aggregate,3,7.196791131539632
resnet50_no_weights,IMAGENET100,fp32_fused_qat,42,layer3.1.conv1,layer3.1.conv1,"(256, 1024, 1, 1)",10.130638043085733,42,3,
resnet50_no_weights,IMAGENET100,fp32_fused_qat,43,layer3.1.conv1,layer3.1.conv1,"(256, 1024, 1, 1)",9.21349200407664,43,3,
resnet50_no_weights,IMAGENET100,fp32_fused_qat,44,layer3.1.conv1,layer3.1.conv1,"(256, 1024, 1, 1)",8.567007414499919,44,3,
resnet50_no_weights,IMAGENET100,fp32_fused_qat,"42,43,44",layer3.1.conv1,layer3.1.conv1,"(256, 1024, 1, 1)",9.303712487220764,aggregate,3,0.7857098620654998
resnet50_no_weights,IMAGENET100,fp32_fused_qat,42,layer3.1.conv2,layer3.1.conv2,"(256, 256, 3, 3)",9.97072803179423,42,3,
resnet50_no_weights,IMAGENET100,fp32_fused_qat,43,layer3.1.conv2,layer3.1.conv2,"(256, 256, 3, 3)",8.224427580833435,43,3,
resnet50_no_weights,IMAGENET100,fp32_fused_qat,44,layer3.1.conv2,layer3.1.conv2,"(256, 256, 3, 3)",10.23276215394338,44,3,
resnet50_no_weights,IMAGENET100,fp32_fused_qat,"42,43,44",layer3.1.conv2,layer3.1.conv2,"(256, 256, 3, 3)",9.475972588857015,aggregate,3,1.091759657902863
resnet50_no_weights,IMAGENET100,fp32_fused_qat,42,layer3.1.conv3,layer3.1.conv3,"(1024, 256, 1, 1)",18.937259356180828,42,3,
resnet50_no_weights,IMAGENET100,fp32_fused_qat,43,layer3.1.conv3,layer3.1.conv3,"(1024, 256, 1, 1)",21.396017026901244,43,3,
resnet50_no_weights,IMAGENET100,fp32_fused_qat,44,layer3.1.conv3,layer3.1.conv3,"(1024, 256, 1, 1)",16.391151309013367,44,3,
resnet50_no_weights,IMAGENET100,fp32_fused_qat,"42,43,44",layer3.1.conv3,layer3.1.conv3,"(1024, 256, 1, 1)",18.908142564031813,aggregate,3,2.5025599002243926
resnet50_no_weights,IMAGENET100,fp32_fused_qat,42,layer3.2.conv1,layer3.2.conv1,"(256, 1024, 1, 1)",13.37049826780955,42,3,
resnet50_no_weights,IMAGENET100,fp32_fused_qat,43,layer3.2.conv1,layer3.2.conv1,"(256, 1024, 1, 1)",10.525962177075838,43,3,
resnet50_no_weights,IMAGENET100,fp32_fused_qat,44,layer3.2.conv1,layer3.2.conv1,"(256, 1024, 1, 1)",12.822717515627543,44,3,
resnet50_no_weights,IMAGENET100,fp32_fused_qat,"42,43,44",layer3.2.conv1,layer3.2.conv1,"(256, 1024, 1, 1)",12.239725986837644,aggregate,3,1.509223553636851
resnet50_no_weights,IMAGENET100,fp32_fused_qat,42,layer3.2.conv2,layer3.2.conv2,"(256, 256, 3, 3)",8.21212538878123,42,3,
resnet50_no_weights,IMAGENET100,fp32_fused_qat,43,layer3.2.conv2,layer3.2.conv2,"(256, 256, 3, 3)",8.78816824800828,43,3,
resnet50_no_weights,IMAGENET100,fp32_fused_qat,44,layer3.2.conv2,layer3.2.conv2,"(256, 256, 3, 3)",10.138798316319784,44,3,
resnet50_no_weights,IMAGENET100,fp32_fused_qat,"42,43,44",layer3.2.conv2,layer3.2.conv2,"(256, 256, 3, 3)",9.046363984369764,aggregate,3,0.9889468747783842
resnet50_no_weights,IMAGENET100,fp32_fused_qat,42,layer3.2.conv3,layer3.2.conv3,"(1024, 256, 1, 1)",14.601514009328989,42,3,
resnet50_no_weights,IMAGENET100,fp32_fused_qat,43,layer3.2.conv3,layer3.2.conv3,"(1024, 256, 1, 1)",18.972010215123493,43,3,
resnet50_no_weights,IMAGENET100,fp32_fused_qat,44,layer3.2.conv3,layer3.2.conv3,"(1024, 256, 1, 1)",19.379641993840536,44,3,
resnet50_no_weights,IMAGENET100,fp32_fused_qat,"42,43,44",layer3.2.conv3,layer3.2.conv3,"(1024, 256, 1, 1)",17.651055406097672,aggregate,3,2.648833321428403
resnet50_no_weights,IMAGENET100,fp32_fused_qat,42,layer3.3.conv1,layer3.3.conv1,"(256, 1024, 1, 1)",6.728490821520487,42,3,
resnet50_no_weights,IMAGENET100,fp32_fused_qat,43,layer3.3.conv1,layer3.3.conv1,"(256, 1024, 1, 1)",7.208657145500183,43,3,
resnet50_no_weights,IMAGENET100,fp32_fused_qat,44,layer3.3.conv1,layer3.3.conv1,"(256, 1024, 1, 1)",6.7416534423828125,44,3,
resnet50_no_weights,IMAGENET100,fp32_fused_qat,"42,43,44",layer3.3.conv1,layer3.3.conv1,"(256, 1024, 1, 1)",6.892933803134494,aggregate,3,0.27350362946935974
resnet50_no_weights,IMAGENET100,fp32_fused_qat,42,layer3.3.conv2,layer3.3.conv2,"(256, 256, 3, 3)",4.696689141424079,42,3,
resnet50_no_weights,IMAGENET100,fp32_fused_qat,43,layer3.3.conv2,layer3.3.conv2,"(256, 256, 3, 3)",4.5867564757665,43,3,
resnet50_no_weights,IMAGENET100,fp32_fused_qat,44,layer3.3.conv2,layer3.3.conv2,"(256, 256, 3, 3)",4.052475015322368,44,3,
resnet50_no_weights,IMAGENET100,fp32_fused_qat,"42,43,44",layer3.3.conv2,layer3.3.conv2,"(256, 256, 3, 3)",4.445306877504316,aggregate,3,0.34461420705427676
resnet50_no_weights,IMAGENET100,fp32_fused_qat,42,layer3.3.conv3,layer3.3.conv3,"(1024, 256, 1, 1)",12.332982190450032,42,3,
resnet50_no_weights,IMAGENET100,fp32_fused_qat,43,layer3.3.conv3,layer3.3.conv3,"(1024, 256, 1, 1)",18.06432615007673,43,3,
resnet50_no_weights,IMAGENET100,fp32_fused_qat,44,layer3.3.conv3,layer3.3.conv3,"(1024, 256, 1, 1)",18.137131507580097,44,3,
resnet50_no_weights,IMAGENET100,fp32_fused_qat,"42,43,44",layer3.3.conv3,layer3.3.conv3,"(1024, 256, 1, 1)",16.17814661603562,aggregate,3,3.33020903996461
resnet50_no_weights,IMAGENET100,fp32_fused_qat,42,layer3.4.conv1,layer3.4.conv1,"(256, 1024, 1, 1)",7.622339590390523,42,3,
resnet50_no_weights,IMAGENET100,fp32_fused_qat,43,layer3.4.conv1,layer3.4.conv1,"(256, 1024, 1, 1)",6.9243590354919435,43,3,
resnet50_no_weights,IMAGENET100,fp32_fused_qat,44,layer3.4.conv1,layer3.4.conv1,"(256, 1024, 1, 1)",7.453034814198812,44,3,
resnet50_no_weights,IMAGENET100,fp32_fused_qat,"42,43,44",layer3.4.conv1,layer3.4.conv1,"(256, 1024, 1, 1)",7.333244480027093,aggregate,3,0.36408310435237373
resnet50_no_weights,IMAGENET100,fp32_fused_qat,42,layer3.4.conv2,layer3.4.conv2,"(256, 256, 3, 3)",4.229702641566594,42,3,
resnet50_no_weights,IMAGENET100,fp32_fused_qat,43,layer3.4.conv2,layer3.4.conv2,"(256, 256, 3, 3)",3.1263869921366374,43,3,
resnet50_no_weights,IMAGENET100,fp32_fused_qat,44,layer3.4.conv2,layer3.4.conv2,"(256, 256, 3, 3)",3.762809850952842,44,3,
resnet50_no_weights,IMAGENET100,fp32_fused_qat,"42,43,44",layer3.4.conv2,layer3.4.conv2,"(256, 256, 3, 3)",3.706299828218691,aggregate,3,0.5538243336756904
resnet50_no_weights,IMAGENET100,fp32_fused_qat,42,layer3.4.conv3,layer3.4.conv3,"(1024, 256, 1, 1)",16.853584893544515,42,3,
resnet50_no_weights,IMAGENET100,fp32_fused_qat,43,layer3.4.conv3,layer3.4.conv3,"(1024, 256, 1, 1)",14.550875775019328,43,3,
resnet50_no_weights,IMAGENET100,fp32_fused_qat,44,layer3.4.conv3,layer3.4.conv3,"(1024, 256, 1, 1)",14.870884052912395,44,3,
resnet50_no_weights,IMAGENET100,fp32_fused_qat,"42,43,44",layer3.4.conv3,layer3.4.conv3,"(1024, 256, 1, 1)",15.425114907158745,aggregate,3,1.247395767582903
resnet50_no_weights,IMAGENET100,fp32_fused_qat,42,layer3.5.conv1,layer3.5.conv1,"(256, 1024, 1, 1)",9.015571569141589,42,3,
resnet50_no_weights,IMAGENET100,fp32_fused_qat,43,layer3.5.conv1,layer3.5.conv1,"(256, 1024, 1, 1)",7.518277032034738,43,3,
resnet50_no_weights,IMAGENET100,fp32_fused_qat,44,layer3.5.conv1,layer3.5.conv1,"(256, 1024, 1, 1)",9.095376698867135,44,3,
resnet50_no_weights,IMAGENET100,fp32_fused_qat,"42,43,44",layer3.5.conv1,layer3.5.conv1,"(256, 1024, 1, 1)",8.543075100014487,aggregate,3,0.8883977289389577
resnet50_no_weights,IMAGENET100,fp32_fused_qat,42,layer3.5.conv2,layer3.5.conv2,"(256, 256, 3, 3)",12.840674289067586,42,3,
resnet50_no_weights,IMAGENET100,fp32_fused_qat,43,layer3.5.conv2,layer3.5.conv2,"(256, 256, 3, 3)",10.74885197246776,43,3,
resnet50_no_weights,IMAGENET100,fp32_fused_qat,44,layer3.5.conv2,layer3.5.conv2,"(256, 256, 3, 3)",15.21154481569926,44,3,
resnet50_no_weights,IMAGENET100,fp32_fused_qat,"42,43,44",layer3.5.conv2,layer3.5.conv2,"(256, 256, 3, 3)",12.933690359078202,aggregate,3,2.232800001168393
resnet50_no_weights,IMAGENET100,fp32_fused_qat,42,layer3.5.conv3,layer3.5.conv3,"(1024, 256, 1, 1)",34.1782744884491,42,3,
resnet50_no_weights,IMAGENET100,fp32_fused_qat,43,layer3.5.conv3,layer3.5.conv3,"(1024, 256, 1, 1)",44.48328193865324,43,3,
resnet50_no_weights,IMAGENET100,fp32_fused_qat,44,layer3.5.conv3,layer3.5.conv3,"(1024, 256, 1, 1)",42.65688123703003,44,3,
resnet50_no_weights,IMAGENET100,fp32_fused_qat,"42,43,44",layer3.5.conv3,layer3.5.conv3,"(1024, 256, 1, 1)",40.439479221377454,aggregate,3,5.498722434480194
resnet50_no_weights,IMAGENET100,fp32_fused_qat,42,layer4.0.conv1,layer4.0.conv1,"(512, 1024, 1, 1)",31.81749989191691,42,3,
resnet50_no_weights,IMAGENET100,fp32_fused_qat,43,layer4.0.conv1,layer4.0.conv1,"(512, 1024, 1, 1)",31.43436482747396,43,3,
resnet50_no_weights,IMAGENET100,fp32_fused_qat,44,layer4.0.conv1,layer4.0.conv1,"(512, 1024, 1, 1)",33.674960931142174,44,3,
resnet50_no_weights,IMAGENET100,fp32_fused_qat,"42,43,44",layer4.0.conv1,layer4.0.conv1,"(512, 1024, 1, 1)",32.30894188351101,aggregate,3,1.1984173514555687
resnet50_no_weights,IMAGENET100,fp32_fused_qat,42,layer4.0.conv2,layer4.0.conv2,"(512, 512, 3, 3)",39.29954528808594,42,3,
resnet50_no_weights,IMAGENET100,fp32_fused_qat,43,layer4.0.conv2,layer4.0.conv2,"(512, 512, 3, 3)",42.9040410414986,43,3,
resnet50_no_weights,IMAGENET100,fp32_fused_qat,44,layer4.0.conv2,layer4.0.conv2,"(512, 512, 3, 3)",40.488127835591634,44,3,
resnet50_no_weights,IMAGENET100,fp32_fused_qat,"42,43,44",layer4.0.conv2,layer4.0.conv2,"(512, 512, 3, 3)",40.89723805505872,aggregate,3,1.8367432558326682
resnet50_no_weights,IMAGENET100,fp32_fused_qat,42,layer4.0.conv3,layer4.0.conv3,"(2048, 512, 1, 1)",124.54434560139974,42,3,
resnet50_no_weights,IMAGENET100,fp32_fused_qat,43,layer4.0.conv3,layer4.0.conv3,"(2048, 512, 1, 1)",135.17247568766277,43,3,
resnet50_no_weights,IMAGENET100,fp32_fused_qat,44,layer4.0.conv3,layer4.0.conv3,"(2048, 512, 1, 1)",131.01933619181315,44,3,
resnet50_no_weights,IMAGENET100,fp32_fused_qat,"42,43,44",layer4.0.conv3,layer4.0.conv3,"(2048, 512, 1, 1)",130.24538582695857,aggregate,3,5.356168094643433
resnet50_no_weights,IMAGENET100,fp32_fused_qat,42,layer4.0.downsample.0,layer4.0.downsample.0,"(2048, 1024, 1, 1)",31.864733832223074,42,3,
resnet50_no_weights,IMAGENET100,fp32_fused_qat,43,layer4.0.downsample.0,layer4.0.downsample.0,"(2048, 1024, 1, 1)",28.566920280456543,43,3,
resnet50_no_weights,IMAGENET100,fp32_fused_qat,44,layer4.0.downsample.0,layer4.0.downsample.0,"(2048, 1024, 1, 1)",35.216183503468834,44,3,
resnet50_no_weights,IMAGENET100,fp32_fused_qat,"42,43,44",layer4.0.downsample.0,layer4.0.downsample.0,"(2048, 1024, 1, 1)",31.88261253871615,aggregate,3,3.324667665848024
resnet50_no_weights,IMAGENET100,fp32_fused_qat,42,layer4.1.conv1,layer4.1.conv1,"(512, 2048, 1, 1)",9.351306668917339,42,3,
resnet50_no_weights,IMAGENET100,fp32_fused_qat,43,layer4.1.conv1,layer4.1.conv1,"(512, 2048, 1, 1)",11.945850563049316,43,3,
resnet50_no_weights,IMAGENET100,fp32_fused_qat,44,layer4.1.conv1,layer4.1.conv1,"(512, 2048, 1, 1)",10.810791818300883,44,3,
resnet50_no_weights,IMAGENET100,fp32_fused_qat,"42,43,44",layer4.1.conv1,layer4.1.conv1,"(512, 2048, 1, 1)",10.702649683422512,aggregate,3,1.3006481252231212
resnet50_no_weights,IMAGENET100,fp32_fused_qat,42,layer4.1.conv2,layer4.1.conv2,"(512, 512, 3, 3)",27.11642705477201,42,3,
resnet50_no_weights,IMAGENET100,fp32_fused_qat,43,layer4.1.conv2,layer4.1.conv2,"(512, 512, 3, 3)",31.08935953069616,43,3,
resnet50_no_weights,IMAGENET100,fp32_fused_qat,44,layer4.1.conv2,layer4.1.conv2,"(512, 512, 3, 3)",32.29651582241058,44,3,
resnet50_no_weights,IMAGENET100,fp32_fused_qat,"42,43,44",layer4.1.conv2,layer4.1.conv2,"(512, 512, 3, 3)",30.167434135959585,aggregate,3,2.710311741340647
resnet50_no_weights,IMAGENET100,fp32_fused_qat,42,layer4.1.conv3,layer4.1.conv3,"(2048, 512, 1, 1)",100.33926773071289,42,3,
resnet50_no_weights,IMAGENET100,fp32_fused_qat,43,layer4.1.conv3,layer4.1.conv3,"(2048, 512, 1, 1)",100.65003001689911,43,3,
resnet50_no_weights,IMAGENET100,fp32_fused_qat,44,layer4.1.conv3,layer4.1.conv3,"(2048, 512, 1, 1)",100.02141189575195,44,3,
resnet50_no_weights,IMAGENET100,fp32_fused_qat,"42,43,44",layer4.1.conv3,layer4.1.conv3,"(2048, 512, 1, 1)",100.33690321445465,aggregate,3,0.314315731011823
resnet50_no_weights,IMAGENET100,fp32_fused_qat,42,layer4.2.conv1,layer4.2.conv1,"(512, 2048, 1, 1)",24.2220241355896,42,3,
resnet50_no_weights,IMAGENET100,fp32_fused_qat,43,layer4.2.conv1,layer4.2.conv1,"(512, 2048, 1, 1)",28.766629695892334,43,3,
resnet50_no_weights,IMAGENET100,fp32_fused_qat,44,layer4.2.conv1,layer4.2.conv1,"(512, 2048, 1, 1)",22.727582772572834,44,3,
resnet50_no_weights,IMAGENET100,fp32_fused_qat,"42,43,44",layer4.2.conv1,layer4.2.conv1,"(512, 2048, 1, 1)",25.238745534684924,aggregate,3,3.1452843652120617
resnet50_no_weights,IMAGENET100,fp32_fused_qat,42,layer4.2.conv2,layer4.2.conv2,"(512, 512, 3, 3)",33.32098678442148,42,3,
resnet50_no_weights,IMAGENET100,fp32_fused_qat,43,layer4.2.conv2,layer4.2.conv2,"(512, 512, 3, 3)",36.95510733755011,43,3,
resnet50_no_weights,IMAGENET100,fp32_fused_qat,44,layer4.2.conv2,layer4.2.conv2,"(512, 512, 3, 3)",27.586518383026124,44,3,
resnet50_no_weights,IMAGENET100,fp32_fused_qat,"42,43,44",layer4.2.conv2,layer4.2.conv2,"(512, 512, 3, 3)",32.62087083499924,aggregate,3,4.72337130730623
resnet50_no_weights,IMAGENET100,fp32_fused_qat,42,layer4.2.conv3,layer4.2.conv3,"(2048, 512, 1, 1)",36.50679995218913,42,3,
resnet50_no_weights,IMAGENET100,fp32_fused_qat,43,layer4.2.conv3,layer4.2.conv3,"(2048, 512, 1, 1)",27.016538858413696,43,3,
resnet50_no_weights,IMAGENET100,fp32_fused_qat,44,layer4.2.conv3,layer4.2.conv3,"(2048, 512, 1, 1)",30.757892862955728,44,3,
resnet50_no_weights,IMAGENET100,fp32_fused_qat,"42,43,44",layer4.2.conv3,layer4.2.conv3,"(2048, 512, 1, 1)",31.42707722451952,aggregate,3,4.780389073007349
resnet50_no_weights,IMAGENET100,fp32_fused_qat,42,fc,fc,"(100, 2048)",7.505596836407979,42,3,
resnet50_no_weights,IMAGENET100,fp32_fused_qat,43,fc,fc,"(100, 2048)",7.436176045735677,43,3,
resnet50_no_weights,IMAGENET100,fp32_fused_qat,44,fc,fc,"(100, 2048)",6.323835497810727,44,3,
resnet50_no_weights,IMAGENET100,fp32_fused_qat,"42,43,44",fc,fc,"(100, 2048)",7.088536126651461,aggregate,3,0.6631591817629103
resnet18_no_weights,IMAGENET100,fp32_unfused,42,conv1,conv1,"(64, 3, 7, 7)",159.6645975748698,42,3,
resnet18_no_weights,IMAGENET100,fp32_unfused,43,conv1,conv1,"(64, 3, 7, 7)",120.70693143208821,43,3,
resnet18_no_weights,IMAGENET100,fp32_unfused,44,conv1,conv1,"(64, 3, 7, 7)",152.930677541097,44,3,
resnet18_no_weights,IMAGENET100,fp32_unfused,"42,43,44",conv1,conv1,"(64, 3, 7, 7)",144.43406884935166,aggregate,3,20.82232473256983
resnet18_no_weights,IMAGENET100,fp32_unfused,42,layer1.0.conv1,layer1.0.conv1,"(64, 64, 3, 3)",145.86160990397136,42,3,
resnet18_no_weights,IMAGENET100,fp32_unfused,43,layer1.0.conv1,layer1.0.conv1,"(64, 64, 3, 3)",145.02651107788085,43,3,
resnet18_no_weights,IMAGENET100,fp32_unfused,44,layer1.0.conv1,layer1.0.conv1,"(64, 64, 3, 3)",131.97809648513794,44,3,
resnet18_no_weights,IMAGENET100,fp32_unfused,"42,43,44",layer1.0.conv1,layer1.0.conv1,"(64, 64, 3, 3)",140.95540582233005,aggregate,3,7.78578253703903
resnet18_no_weights,IMAGENET100,fp32_unfused,42,layer1.0.conv2,layer1.0.conv2,"(64, 64, 3, 3)",103.90356674194337,42,3,
resnet18_no_weights,IMAGENET100,fp32_unfused,43,layer1.0.conv2,layer1.0.conv2,"(64, 64, 3, 3)",73.62526982625326,43,3,
resnet18_no_weights,IMAGENET100,fp32_unfused,44,layer1.0.conv2,layer1.0.conv2,"(64, 64, 3, 3)",91.57098533993675,44,3,
resnet18_no_weights,IMAGENET100,fp32_unfused,"42,43,44",layer1.0.conv2,layer1.0.conv2,"(64, 64, 3, 3)",89.69994063604446,aggregate,3,15.225617302482183
resnet18_no_weights,IMAGENET100,fp32_unfused,42,layer1.1.conv1,layer1.1.conv1,"(64, 64, 3, 3)",87.9915709177653,42,3,
resnet18_no_weights,IMAGENET100,fp32_unfused,43,layer1.1.conv1,layer1.1.conv1,"(64, 64, 3, 3)",78.6805578161169,43,3,
resnet18_no_weights,IMAGENET100,fp32_unfused,44,layer1.1.conv1,layer1.1.conv1,"(64, 64, 3, 3)",101.60299746195476,44,3,
resnet18_no_weights,IMAGENET100,fp32_unfused,"42,43,44",layer1.1.conv1,layer1.1.conv1,"(64, 64, 3, 3)",89.42504206527899,aggregate,3,11.528256133402634
resnet18_no_weights,IMAGENET100,fp32_unfused,42,layer1.1.conv2,layer1.1.conv2,"(64, 64, 3, 3)",69.93481159210205,42,3,
resnet18_no_weights,IMAGENET100,fp32_unfused,43,layer1.1.conv2,layer1.1.conv2,"(64, 64, 3, 3)",69.51360931396485,43,3,
resnet18_no_weights,IMAGENET100,fp32_unfused,44,layer1.1.conv2,layer1.1.conv2,"(64, 64, 3, 3)",75.98795654296875,44,3,
resnet18_no_weights,IMAGENET100,fp32_unfused,"42,43,44",layer1.1.conv2,layer1.1.conv2,"(64, 64, 3, 3)",71.81212581634522,aggregate,3,3.6225025235100796
resnet18_no_weights,IMAGENET100,fp32_unfused,42,layer2.0.conv1,layer2.0.conv1,"(128, 64, 3, 3)",238.169140625,42,3,
resnet18_no_weights,IMAGENET100,fp32_unfused,43,layer2.0.conv1,layer2.0.conv1,"(128, 64, 3, 3)",413.46745249430336,43,3,
resnet18_no_weights,IMAGENET100,fp32_unfused,44,layer2.0.conv1,layer2.0.conv1,"(128, 64, 3, 3)",360.7119264602661,44,3,
resnet18_no_weights,IMAGENET100,fp32_unfused,"42,43,44",layer2.0.conv1,layer2.0.conv1,"(128, 64, 3, 3)",337.4495065265232,aggregate,3,89.93458551601401
resnet18_no_weights,IMAGENET100,fp32_unfused,42,layer2.0.conv2,layer2.0.conv2,"(128, 128, 3, 3)",182.48135375976562,42,3,
resnet18_no_weights,IMAGENET100,fp32_unfused,43,layer2.0.conv2,layer2.0.conv2,"(128, 128, 3, 3)",159.54899501800537,43,3,
resnet18_no_weights,IMAGENET100,fp32_unfused,44,layer2.0.conv2,layer2.0.conv2,"(128, 128, 3, 3)",211.93722712198894,44,3,
resnet18_no_weights,IMAGENET100,fp32_unfused,"42,43,44",layer2.0.conv2,layer2.0.conv2,"(128, 128, 3, 3)",184.6558586332533,aggregate,3,26.26172251260054
resnet18_no_weights,IMAGENET100,fp32_unfused,42,layer2.0.downsample.0,layer2.0.downsample.0,"(128, 64, 1, 1)",215.20880473743784,42,3,
resnet18_no_weights,IMAGENET100,fp32_unfused,43,layer2.0.downsample.0,layer2.0.downsample.0,"(128, 64, 1, 1)",154.53339099884033,43,3,
resnet18_no_weights,IMAGENET100,fp32_unfused,44,layer2.0.downsample.0,layer2.0.downsample.0,"(128, 64, 1, 1)",140.86074362860785,44,3,
resnet18_no_weights,IMAGENET100,fp32_unfused,"42,43,44",layer2.0.downsample.0,layer2.0.downsample.0,"(128, 64, 1, 1)",170.20097978829534,aggregate,3,39.57288909742593
resnet18_no_weights,IMAGENET100,fp32_unfused,42,layer2.1.conv1,layer2.1.conv1,"(128, 128, 3, 3)",163.59240760803223,42,3,
resnet18_no_weights,IMAGENET100,fp32_unfused,43,layer2.1.conv1,layer2.1.conv1,"(128, 128, 3, 3)",155.42401453653972,43,3,
resnet18_no_weights,IMAGENET100,fp32_unfused,44,layer2.1.conv1,layer2.1.conv1,"(128, 128, 3, 3)",161.0700146811349,44,3,
resnet18_no_weights,IMAGENET100,fp32_unfused,"42,43,44",layer2.1.conv1,layer2.1.conv1,"(128, 128, 3, 3)",160.02881227523562,aggregate,3,4.18255163508349
resnet18_no_weights,IMAGENET100,fp32_unfused,42,layer2.1.conv2,layer2.1.conv2,"(128, 128, 3, 3)",139.22585400668058,42,3,
resnet18_no_weights,IMAGENET100,fp32_unfused,43,layer2.1.conv2,layer2.1.conv2,"(128, 128, 3, 3)",143.18423637977014,43,3,
resnet18_no_weights,IMAGENET100,fp32_unfused,44,layer2.1.conv2,layer2.1.conv2,"(128, 128, 3, 3)",137.27736139297485,44,3,
resnet18_no_weights,IMAGENET100,fp32_unfused,"42,43,44",layer2.1.conv2,layer2.1.conv2,"(128, 128, 3, 3)",139.89581725980852,aggregate,3,3.009888884629014
resnet18_no_weights,IMAGENET100,fp32_unfused,42,layer3.0.conv1,layer3.0.conv1,"(256, 128, 3, 3)",310.29187164306643,42,3,
resnet18_no_weights,IMAGENET100,fp32_unfused,43,layer3.0.conv1,layer3.0.conv1,"(256, 128, 3, 3)",273.88330739339193,43,3,
resnet18_no_weights,IMAGENET100,fp32_unfused,44,layer3.0.conv1,layer3.0.conv1,"(256, 128, 3, 3)",385.55431900024416,44,3,
resnet18_no_weights,IMAGENET100,fp32_unfused,"42,43,44",layer3.0.conv1,layer3.0.conv1,"(256, 128, 3, 3)",323.24316601223416,aggregate,3,56.95090629394811
resnet18_no_weights,IMAGENET100,fp32_unfused,42,layer3.0.conv2,layer3.0.conv2,"(256, 256, 3, 3)",345.6299255371094,42,3,
resnet18_no_weights,IMAGENET100,fp32_unfused,43,layer3.0.conv2,layer3.0.conv2,"(256, 256, 3, 3)",280.8857790629069,43,3,
resnet18_no_weights,IMAGENET100,fp32_unfused,44,layer3.0.conv2,layer3.0.conv2,"(256, 256, 3, 3)",335.4474273681641,44,3,
resnet18_no_weights,IMAGENET100,fp32_unfused,"42,43,44",layer3.0.conv2,layer3.0.conv2,"(256, 256, 3, 3)",320.6543773227268,aggregate,3,34.81489441177949
resnet18_no_weights,IMAGENET100,fp32_unfused,42,layer3.0.downsample.0,layer3.0.downsample.0,"(256, 128, 1, 1)",55.56952323913574,42,3,
resnet18_no_weights,IMAGENET100,fp32_unfused,43,layer3.0.downsample.0,layer3.0.downsample.0,"(256, 128, 1, 1)",45.89926280975342,43,3,
resnet18_no_weights,IMAGENET100,fp32_unfused,44,layer3.0.downsample.0,layer3.0.downsample.0,"(256, 128, 1, 1)",52.36683235168457,44,3,
resnet18_no_weights,IMAGENET100,fp32_unfused,"42,43,44",layer3.0.downsample.0,layer3.0.downsample.0,"(256, 128, 1, 1)",51.27853946685791,aggregate,3,4.926131367045814
resnet18_no_weights,IMAGENET100,fp32_unfused,42,layer3.1.conv1,layer3.1.conv1,"(256, 256, 3, 3)",146.31015345255534,42,3,
resnet18_no_weights,IMAGENET100,fp32_unfused,43,layer3.1.conv1,layer3.1.conv1,"(256, 256, 3, 3)",142.7611447652181,43,3,
resnet18_no_weights,IMAGENET100,fp32_unfused,44,layer3.1.conv1,layer3.1.conv1,"(256, 256, 3, 3)",152.3831865946452,44,3,
resnet18_no_weights,IMAGENET100,fp32_unfused,"42,43,44",layer3.1.conv1,layer3.1.conv1,"(256, 256, 3, 3)",147.15149493747288,aggregate,3,4.865882639613666
resnet18_no_weights,IMAGENET100,fp32_unfused,42,layer3.1.conv2,layer3.1.conv2,"(256, 256, 3, 3)",141.79613927205403,42,3,
resnet18_no_weights,IMAGENET100,fp32_unfused,43,layer3.1.conv2,layer3.1.conv2,"(256, 256, 3, 3)",155.67243493121603,43,3,
resnet18_no_weights,IMAGENET100,fp32_unfused,44,layer3.1.conv2,layer3.1.conv2,"(256, 256, 3, 3)",151.30805699965532,44,3,
resnet18_no_weights,IMAGENET100,fp32_unfused,"42,43,44",layer3.1.conv2,layer3.1.conv2,"(256, 256, 3, 3)",149.59221040097512,aggregate,3,7.0954909955387375
resnet18_no_weights,IMAGENET100,fp32_unfused,42,layer4.0.conv1,layer4.0.conv1,"(512, 256, 3, 3)",483.707638331822,42,3,
resnet18_no_weights,IMAGENET100,fp32_unfused,43,layer4.0.conv1,layer4.0.conv1,"(512, 256, 3, 3)",405.8532140096029,43,3,
resnet18_no_weights,IMAGENET100,fp32_unfused,44,layer4.0.conv1,layer4.0.conv1,"(512, 256, 3, 3)",458.53173828125,44,3,
resnet18_no_weights,IMAGENET100,fp32_unfused,"42,43,44",layer4.0.conv1,layer4.0.conv1,"(512, 256, 3, 3)",449.36419687422494,aggregate,3,39.728588047188076
resnet18_no_weights,IMAGENET100,fp32_unfused,42,layer4.0.conv2,layer4.0.conv2,"(512, 512, 3, 3)",495.52827911376954,42,3,
resnet18_no_weights,IMAGENET100,fp32_unfused,43,layer4.0.conv2,layer4.0.conv2,"(512, 512, 3, 3)",535.2196691176471,43,3,
resnet18_no_weights,IMAGENET100,fp32_unfused,44,layer4.0.conv2,layer4.0.conv2,"(512, 512, 3, 3)",595.7255219959077,44,3,
resnet18_no_weights,IMAGENET100,fp32_unfused,"42,43,44",layer4.0.conv2,layer4.0.conv2,"(512, 512, 3, 3)",542.1578234091081,aggregate,3,50.45765907198465
resnet18_no_weights,IMAGENET100,fp32_unfused,42,layer4.0.downsample.0,layer4.0.downsample.0,"(512, 256, 1, 1)",108.11783905029297,42,3,
resnet18_no_weights,IMAGENET100,fp32_unfused,43,layer4.0.downsample.0,layer4.0.downsample.0,"(512, 256, 1, 1)",90.00850812126609,43,3,
resnet18_no_weights,IMAGENET100,fp32_unfused,44,layer4.0.downsample.0,layer4.0.downsample.0,"(512, 256, 1, 1)",96.47224987254424,44,3,
resnet18_no_weights,IMAGENET100,fp32_unfused,"42,43,44",layer4.0.downsample.0,layer4.0.downsample.0,"(512, 256, 1, 1)",98.19953234803444,aggregate,3,9.177395885372608
resnet18_no_weights,IMAGENET100,fp32_unfused,42,layer4.1.conv1,layer4.1.conv1,"(512, 512, 3, 3)",387.0657363891602,42,3,
resnet18_no_weights,IMAGENET100,fp32_unfused,43,layer4.1.conv1,layer4.1.conv1,"(512, 512, 3, 3)",444.973171488444,43,3,
resnet18_no_weights,IMAGENET100,fp32_unfused,44,layer4.1.conv1,layer4.1.conv1,"(512, 512, 3, 3)",437.8302488781157,44,3,
resnet18_no_weights,IMAGENET100,fp32_unfused,"42,43,44",layer4.1.conv1,layer4.1.conv1,"(512, 512, 3, 3)",423.28971891857327,aggregate,3,31.57353351420624
resnet18_no_weights,IMAGENET100,fp32_unfused,42,layer4.1.conv2,layer4.1.conv2,"(512, 512, 3, 3)",78.76647598266601,42,3,
resnet18_no_weights,IMAGENET100,fp32_unfused,43,layer4.1.conv2,layer4.1.conv2,"(512, 512, 3, 3)",78.86327158610025,43,3,
resnet18_no_weights,IMAGENET100,fp32_unfused,44,layer4.1.conv2,layer4.1.conv2,"(512, 512, 3, 3)",74.62422353571111,44,3,
resnet18_no_weights,IMAGENET100,fp32_unfused,"42,43,44",layer4.1.conv2,layer4.1.conv2,"(512, 512, 3, 3)",77.41799036815912,aggregate,3,2.4199570621761057
resnet18_no_weights,IMAGENET100,fp32_unfused,42,fc,fc,"(100, 512)",9.664593378702799,42,3,
resnet18_no_weights,IMAGENET100,fp32_unfused,43,fc,fc,"(100, 512)",9.379413604736328,43,3,
resnet18_no_weights,IMAGENET100,fp32_unfused,44,fc,fc,"(100, 512)",9.019229125976562,44,3,
resnet18_no_weights,IMAGENET100,fp32_unfused,"42,43,44",fc,fc,"(100, 512)",9.354412036471896,aggregate,3,0.32340773566194175
resnet18_no_weights,IMAGENET100,ptq,42,conv1,conv1,"(64, 3, 7, 7)",4343.375952148437,42,3,
resnet18_no_weights,IMAGENET100,ptq,43,conv1,conv1,"(64, 3, 7, 7)",3747.9008341471354,43,3,
resnet18_no_weights,IMAGENET100,ptq,44,conv1,conv1,"(64, 3, 7, 7)",3532.6193359375,44,3,
resnet18_no_weights,IMAGENET100,ptq,"42,43,44",conv1,conv1,"(64, 3, 7, 7)",3874.6320407443577,aggregate,3,419.9728226048002
resnet18_no_weights,IMAGENET100,ptq,42,layer1.0.conv1,layer1.0.conv1,"(64, 64, 3, 3)",609.2817224355845,42,3,
resnet18_no_weights,IMAGENET100,ptq,43,layer1.0.conv1,layer1.0.conv1,"(64, 64, 3, 3)",663.7896336146763,43,3,
resnet18_no_weights,IMAGENET100,ptq,44,layer1.0.conv1,layer1.0.conv1,"(64, 64, 3, 3)",624.0695475260417,44,3,
resnet18_no_weights,IMAGENET100,ptq,"42,43,44",layer1.0.conv1,layer1.0.conv1,"(64, 64, 3, 3)",632.3803011921008,aggregate,3,28.188287730019667
resnet18_no_weights,IMAGENET100,ptq,42,layer1.0.conv2,layer1.0.conv2,"(64, 64, 3, 3)",65.61686865488689,42,3,
resnet18_no_weights,IMAGENET100,ptq,43,layer1.0.conv2,layer1.0.conv2,"(64, 64, 3, 3)",65.53202711741129,43,3,
resnet18_no_weights,IMAGENET100,ptq,44,layer1.0.conv2,layer1.0.conv2,"(64, 64, 3, 3)",85.84055401030041,44,3,
resnet18_no_weights,IMAGENET100,ptq,"42,43,44",layer1.0.conv2,layer1.0.conv2,"(64, 64, 3, 3)",72.32981659419953,aggregate,3,11.700718724366531
resnet18_no_weights,IMAGENET100,ptq,42,layer1.1.conv1,layer1.1.conv1,"(64, 64, 3, 3)",420.2030225481306,42,3,
resnet18_no_weights,IMAGENET100,ptq,43,layer1.1.conv1,layer1.1.conv1,"(64, 64, 3, 3)",338.0360998856394,43,3,
resnet18_no_weights,IMAGENET100,ptq,44,layer1.1.conv1,layer1.1.conv1,"(64, 64, 3, 3)",309.3304995218913,44,3,
resnet18_no_weights,IMAGENET100,ptq,"42,43,44",layer1.1.conv1,layer1.1.conv1,"(64, 64, 3, 3)",355.8565406518871,aggregate,3,57.54437567980471
resnet18_no_weights,IMAGENET100,ptq,42,layer1.1.conv2,layer1.1.conv2,"(64, 64, 3, 3)",29.889281371544147,42,3,
resnet18_no_weights,IMAGENET100,ptq,43,layer1.1.conv2,layer1.1.conv2,"(64, 64, 3, 3)",30.0986270904541,43,3,
resnet18_no_weights,IMAGENET100,ptq,44,layer1.1.conv2,layer1.1.conv2,"(64, 64, 3, 3)",31.263368810926163,44,3,
resnet18_no_weights,IMAGENET100,ptq,"42,43,44",layer1.1.conv2,layer1.1.conv2,"(64, 64, 3, 3)",30.417092424308137,aggregate,3,0.7403338432200223
resnet18_no_weights,IMAGENET100,ptq,42,layer2.0.conv1,layer2.0.conv1,"(128, 64, 3, 3)",1513.3072041829428,42,3,
resnet18_no_weights,IMAGENET100,ptq,43,layer2.0.conv1,layer2.0.conv1,"(128, 64, 3, 3)",1684.8417724609376,43,3,
resnet18_no_weights,IMAGENET100,ptq,44,layer2.0.conv1,layer2.0.conv1,"(128, 64, 3, 3)",1645.1444030761718,44,3,
resnet18_no_weights,IMAGENET100,ptq,"42,43,44",layer2.0.conv1,layer2.0.conv1,"(128, 64, 3, 3)",1614.4311265733506,aggregate,3,89.79702692034726
resnet18_no_weights,IMAGENET100,ptq,42,layer2.0.conv2,layer2.0.conv2,"(128, 128, 3, 3)",69.37379217147827,42,3,
resnet18_no_weights,IMAGENET100,ptq,43,layer2.0.conv2,layer2.0.conv2,"(128, 128, 3, 3)",70.83336739791066,43,3,
resnet18_no_weights,IMAGENET100,ptq,44,layer2.0.conv2,layer2.0.conv2,"(128, 128, 3, 3)",63.795009485880534,44,3,
resnet18_no_weights,IMAGENET100,ptq,"42,43,44",layer2.0.conv2,layer2.0.conv2,"(128, 128, 3, 3)",68.00072301842316,aggregate,3,3.714647991231861
resnet18_no_weights,IMAGENET100,ptq,42,layer2.0.downsample.0,layer2.0.downsample.0,"(128, 64, 1, 1)",165.4617427190145,42,3,
resnet18_no_weights,IMAGENET100,ptq,43,layer2.0.downsample.0,layer2.0.downsample.0,"(128, 64, 1, 1)",169.8144144518622,43,3,
resnet18_no_weights,IMAGENET100,ptq,44,layer2.0.downsample.0,layer2.0.downsample.0,"(128, 64, 1, 1)",195.51385472615559,44,3,
resnet18_no_weights,IMAGENET100,ptq,"42,43,44",layer2.0.downsample.0,layer2.0.downsample.0,"(128, 64, 1, 1)",176.93000396567743,aggregate,3,16.240568635958418
resnet18_no_weights,IMAGENET100,ptq,42,layer2.1.conv1,layer2.1.conv1,"(128, 128, 3, 3)",336.8124437834087,42,3,
resnet18_no_weights,IMAGENET100,ptq,43,layer2.1.conv1,layer2.1.conv1,"(128, 128, 3, 3)",305.3638235727946,43,3,
resnet18_no_weights,IMAGENET100,ptq,44,layer2.1.conv1,layer2.1.conv1,"(128, 128, 3, 3)",320.69269510904945,44,3,
resnet18_no_weights,IMAGENET100,ptq,"42,43,44",layer2.1.conv1,layer2.1.conv1,"(128, 128, 3, 3)",320.9563208217509,aggregate,3,15.725967447987394
resnet18_no_weights,IMAGENET100,ptq,42,layer2.1.conv2,layer2.1.conv2,"(128, 128, 3, 3)",42.39053440093994,42,3,
resnet18_no_weights,IMAGENET100,ptq,43,layer2.1.conv2,layer2.1.conv2,"(128, 128, 3, 3)",56.716187563809484,43,3,
resnet18_no_weights,IMAGENET100,ptq,44,layer2.1.conv2,layer2.1.conv2,"(128, 128, 3, 3)",59.746975898742676,44,3,
resnet18_no_weights,IMAGENET100,ptq,"42,43,44",layer2.1.conv2,layer2.1.conv2,"(128, 128, 3, 3)",52.95123262116403,aggregate,3,9.27052747457096
resnet18_no_weights,IMAGENET100,ptq,42,layer3.0.conv1,layer3.0.conv1,"(256, 128, 3, 3)",510.4743362426758,42,3,
resnet18_no_weights,IMAGENET100,ptq,43,layer3.0.conv1,layer3.0.conv1,"(256, 128, 3, 3)",511.9353755070613,43,3,
resnet18_no_weights,IMAGENET100,ptq,44,layer3.0.conv1,layer3.0.conv1,"(256, 128, 3, 3)",541.6513142903646,44,3,
resnet18_no_weights,IMAGENET100,ptq,"42,43,44",layer3.0.conv1,layer3.0.conv1,"(256, 128, 3, 3)",521.3536753467006,aggregate,3,17.593443919498203
resnet18_no_weights,IMAGENET100,ptq,42,layer3.0.conv2,layer3.0.conv2,"(256, 256, 3, 3)",137.7377141316732,42,3,
resnet18_no_weights,IMAGENET100,ptq,43,layer3.0.conv2,layer3.0.conv2,"(256, 256, 3, 3)",139.8627412215523,43,3,
resnet18_no_weights,IMAGENET100,ptq,44,layer3.0.conv2,layer3.0.conv2,"(256, 256, 3, 3)",149.86401875813803,44,3,
resnet18_no_weights,IMAGENET100,ptq,"42,43,44",layer3.0.conv2,layer3.0.conv2,"(256, 256, 3, 3)",142.48815803712117,aggregate,3,6.475447943197404
resnet18_no_weights,IMAGENET100,ptq,42,layer3.0.downsample.0,layer3.0.downsample.0,"(256, 128, 1, 1)",42.59094479209498,42,3,
resnet18_no_weights,IMAGENET100,ptq,43,layer3.0.downsample.0,layer3.0.downsample.0,"(256, 128, 1, 1)",39.7455119450887,43,3,
resnet18_no_weights,IMAGENET100,ptq,44,layer3.0.downsample.0,layer3.0.downsample.0,"(256, 128, 1, 1)",50.46086209615071,44,3,
resnet18_no_weights,IMAGENET100,ptq,"42,43,44",layer3.0.downsample.0,layer3.0.downsample.0,"(256, 128, 1, 1)",44.2657729444448,aggregate,3,5.550537741507015
resnet18_no_weights,IMAGENET100,ptq,42,layer3.1.conv1,layer3.1.conv1,"(256, 256, 3, 3)",276.7300090789795,42,3,
resnet18_no_weights,IMAGENET100,ptq,43,layer3.1.conv1,layer3.1.conv1,"(256, 256, 3, 3)",324.37342427571616,43,3,
resnet18_no_weights,IMAGENET100,ptq,44,layer3.1.conv1,layer3.1.conv1,"(256, 256, 3, 3)",274.36571502685547,44,3,
resnet18_no_weights,IMAGENET100,ptq,"42,43,44",layer3.1.conv1,layer3.1.conv1,"(256, 256, 3, 3)",291.82304946051704,aggregate,3,28.214227741490447
resnet18_no_weights,IMAGENET100,ptq,42,layer3.1.conv2,layer3.1.conv2,"(256, 256, 3, 3)",57.17960421244303,42,3,
resnet18_no_weights,IMAGENET100,ptq,43,layer3.1.conv2,layer3.1.conv2,"(256, 256, 3, 3)",72.50875511169434,43,3,
resnet18_no_weights,IMAGENET100,ptq,44,layer3.1.conv2,layer3.1.conv2,"(256, 256, 3, 3)",63.145215715680806,44,3,
resnet18_no_weights,IMAGENET100,ptq,"42,43,44",layer3.1.conv2,layer3.1.conv2,"(256, 256, 3, 3)",64.27785834660605,aggregate,3,7.727087182117611
resnet18_no_weights,IMAGENET100,ptq,42,layer4.0.conv1,layer4.0.conv1,"(512, 256, 3, 3)",607.0270141601562,42,3,
resnet18_no_weights,IMAGENET100,ptq,43,layer4.0.conv1,layer4.0.conv1,"(512, 256, 3, 3)",653.087700398763,43,3,
resnet18_no_weights,IMAGENET100,ptq,44,layer4.0.conv1,layer4.0.conv1,"(512, 256, 3, 3)",511.7914446662454,44,3,
resnet18_no_weights,IMAGENET100,ptq,"42,43,44",layer4.0.conv1,layer4.0.conv1,"(512, 256, 3, 3)",590.6353864083882,aggregate,3,72.06019751757312
resnet18_no_weights,IMAGENET100,ptq,42,layer4.0.conv2,layer4.0.conv2,"(512, 512, 3, 3)",83.58120142618814,42,3,
resnet18_no_weights,IMAGENET100,ptq,43,layer4.0.conv2,layer4.0.conv2,"(512, 512, 3, 3)",99.4072117124285,43,3,
resnet18_no_weights,IMAGENET100,ptq,44,layer4.0.conv2,layer4.0.conv2,"(512, 512, 3, 3)",84.89488143920899,44,3,
resnet18_no_weights,IMAGENET100,ptq,"42,43,44",layer4.0.conv2,layer4.0.conv2,"(512, 512, 3, 3)",89.29443152594187,aggregate,3,8.782521341807259
resnet18_no_weights,IMAGENET100,ptq,42,layer4.0.downsample.0,layer4.0.downsample.0,"(512, 256, 1, 1)",41.64700876871745,42,3,
resnet18_no_weights,IMAGENET100,ptq,43,layer4.0.downsample.0,layer4.0.downsample.0,"(512, 256, 1, 1)",42.3025904973348,43,3,
resnet18_no_weights,IMAGENET100,ptq,44,layer4.0.downsample.0,layer4.0.downsample.0,"(512, 256, 1, 1)",39.7468012491862,44,3,
resnet18_no_weights,IMAGENET100,ptq,"42,43,44",layer4.0.downsample.0,layer4.0.downsample.0,"(512, 256, 1, 1)",41.23213350507948,aggregate,3,1.3274433259171556
resnet18_no_weights,IMAGENET100,ptq,42,layer4.1.conv1,layer4.1.conv1,"(512, 512, 3, 3)",216.05199025472004,42,3,
resnet18_no_weights,IMAGENET100,ptq,43,layer4.1.conv1,layer4.1.conv1,"(512, 512, 3, 3)",225.07837646484376,43,3,
resnet18_no_weights,IMAGENET100,ptq,44,layer4.1.conv1,layer4.1.conv1,"(512, 512, 3, 3)",207.1841538373162,44,3,
resnet18_no_weights,IMAGENET100,ptq,"42,43,44",layer4.1.conv1,layer4.1.conv1,"(512, 512, 3, 3)",216.10484018562667,aggregate,3,8.947228380748841
resnet18_no_weights,IMAGENET100,ptq,42,layer4.1.conv2,layer4.1.conv2,"(512, 512, 3, 3)",0.38166642595421185,42,3,
resnet18_no_weights,IMAGENET100,ptq,43,layer4.1.conv2,layer4.1.conv2,"(512, 512, 3, 3)",0.34593774165425983,43,3,
resnet18_no_weights,IMAGENET100,ptq,44,layer4.1.conv2,layer4.1.conv2,"(512, 512, 3, 3)",0.3552294167188498,44,3,
resnet18_no_weights,IMAGENET100,ptq,"42,43,44",layer4.1.conv2,layer4.1.conv2,"(512, 512, 3, 3)",0.36094452810910715,aggregate,3,0.018537302773157065
resnet18_no_weights,IMAGENET100,ptq,42,fc,fc,"(100, 512)",17.04100353240967,42,3,
resnet18_no_weights,IMAGENET100,ptq,43,fc,fc,"(100, 512)",17.452350680033366,43,3,
resnet18_no_weights,IMAGENET100,ptq,44,fc,fc,"(100, 512)",14.61547883351644,44,3,
resnet18_no_weights,IMAGENET100,ptq,"42,43,44",fc,fc,"(100, 512)",16.369611015319826,aggregate,3,1.5329828447811364
resnet18_no_weights,IMAGENET100,fp32_fused,42,conv1,conv1,"(64, 3, 7, 7)",3099.1236637660436,42,3,
resnet18_no_weights,IMAGENET100,fp32_fused,43,conv1,conv1,"(64, 3, 7, 7)",2199.162320963542,43,3,
resnet18_no_weights,IMAGENET100,fp32_fused,44,conv1,conv1,"(64, 3, 7, 7)",2037.2203369140625,44,3,
resnet18_no_weights,IMAGENET100,fp32_fused,"42,43,44",conv1,conv1,"(64, 3, 7, 7)",2445.168773881216,aggregate,3,572.1005593885382
resnet18_no_weights,IMAGENET100,fp32_fused,42,layer1.0.conv1,layer1.0.conv1,"(64, 64, 3, 3)",358.5383260091146,42,3,
resnet18_no_weights,IMAGENET100,fp32_fused,43,layer1.0.conv1,layer1.0.conv1,"(64, 64, 3, 3)",386.43900299072266,43,3,
resnet18_no_weights,IMAGENET100,fp32_fused,44,layer1.0.conv1,layer1.0.conv1,"(64, 64, 3, 3)",412.6775416056315,44,3,
resnet18_no_weights,IMAGENET100,fp32_fused,"42,43,44",layer1.0.conv1,layer1.0.conv1,"(64, 64, 3, 3)",385.8849568684896,aggregate,3,27.07385993316628
resnet18_no_weights,IMAGENET100,fp32_fused,42,layer1.0.conv2,layer1.0.conv2,"(64, 64, 3, 3)",61.84561360677083,42,3,
resnet18_no_weights,IMAGENET100,fp32_fused,43,layer1.0.conv2,layer1.0.conv2,"(64, 64, 3, 3)",52.82732052273221,43,3,
resnet18_no_weights,IMAGENET100,fp32_fused,44,layer1.0.conv2,layer1.0.conv2,"(64, 64, 3, 3)",49.93575172424316,44,3,
resnet18_no_weights,IMAGENET100,fp32_fused,"42,43,44",layer1.0.conv2,layer1.0.conv2,"(64, 64, 3, 3)",54.869561951248734,aggregate,3,6.212025841421083
resnet18_no_weights,IMAGENET100,fp32_fused,42,layer1.1.conv1,layer1.1.conv1,"(64, 64, 3, 3)",254.7012071609497,42,3,
resnet18_no_weights,IMAGENET100,fp32_fused,43,layer1.1.conv1,layer1.1.conv1,"(64, 64, 3, 3)",227.9874521891276,43,3,
resnet18_no_weights,IMAGENET100,fp32_fused,44,layer1.1.conv1,layer1.1.conv1,"(64, 64, 3, 3)",244.93161799112957,44,3,
resnet18_no_weights,IMAGENET100,fp32_fused,"42,43,44",layer1.1.conv1,layer1.1.conv1,"(64, 64, 3, 3)",242.54009244706896,aggregate,3,13.516498140959383
resnet18_no_weights,IMAGENET100,fp32_fused,42,layer1.1.conv2,layer1.1.conv2,"(64, 64, 3, 3)",21.858205032348632,42,3,
resnet18_no_weights,IMAGENET100,fp32_fused,43,layer1.1.conv2,layer1.1.conv2,"(64, 64, 3, 3)",21.114373842875164,43,3,
resnet18_no_weights,IMAGENET100,fp32_fused,44,layer1.1.conv2,layer1.1.conv2,"(64, 64, 3, 3)",23.572439034779865,44,3,
resnet18_no_weights,IMAGENET100,fp32_fused,"42,43,44",layer1.1.conv2,layer1.1.conv2,"(64, 64, 3, 3)",22.181672636667887,aggregate,3,1.2605532873291803
resnet18_no_weights,IMAGENET100,fp32_fused,42,layer2.0.conv1,layer2.0.conv1,"(128, 64, 3, 3)",1359.5759114583334,42,3,
resnet18_no_weights,IMAGENET100,fp32_fused,43,layer2.0.conv1,layer2.0.conv1,"(128, 64, 3, 3)",1278.6109690348308,43,3,
resnet18_no_weights,IMAGENET100,fp32_fused,44,layer2.0.conv1,layer2.0.conv1,"(128, 64, 3, 3)",1439.6969676298254,44,3,
resnet18_no_weights,IMAGENET100,fp32_fused,"42,43,44",layer2.0.conv1,layer2.0.conv1,"(128, 64, 3, 3)",1359.2946160409965,aggregate,3,80.54336770442687
resnet18_no_weights,IMAGENET100,fp32_fused,42,layer2.0.conv2,layer2.0.conv2,"(128, 128, 3, 3)",47.87225157419841,42,3,
resnet18_no_weights,IMAGENET100,fp32_fused,43,layer2.0.conv2,layer2.0.conv2,"(128, 128, 3, 3)",45.01899083455404,43,3,
resnet18_no_weights,IMAGENET100,fp32_fused,44,layer2.0.conv2,layer2.0.conv2,"(128, 128, 3, 3)",50.551582412719725,44,3,
resnet18_no_weights,IMAGENET100,fp32_fused,"42,43,44",layer2.0.conv2,layer2.0.conv2,"(128, 128, 3, 3)",47.814274940490726,aggregate,3,2.7667514091872305
resnet18_no_weights,IMAGENET100,fp32_fused,42,layer2.0.downsample.0,layer2.0.downsample.0,"(128, 64, 1, 1)",99.00311818330184,42,3,
resnet18_no_weights,IMAGENET100,fp32_fused,43,layer2.0.downsample.0,layer2.0.downsample.0,"(128, 64, 1, 1)",116.88507804870605,43,3,
resnet18_no_weights,IMAGENET100,fp32_fused,44,layer2.0.downsample.0,layer2.0.downsample.0,"(128, 64, 1, 1)",113.7051362991333,44,3,
resnet18_no_weights,IMAGENET100,fp32_fused,"42,43,44",layer2.0.downsample.0,layer2.0.downsample.0,"(128, 64, 1, 1)",109.86444417704706,aggregate,3,9.539617871774174
resnet18_no_weights,IMAGENET100,fp32_fused,42,layer2.1.conv1,layer2.1.conv1,"(128, 128, 3, 3)",202.87387517293294,42,3,
resnet18_no_weights,IMAGENET100,fp32_fused,43,layer2.1.conv1,layer2.1.conv1,"(128, 128, 3, 3)",189.36589097976685,43,3,
resnet18_no_weights,IMAGENET100,fp32_fused,44,layer2.1.conv1,layer2.1.conv1,"(128, 128, 3, 3)",216.30632934570312,44,3,
resnet18_no_weights,IMAGENET100,fp32_fused,"42,43,44",layer2.1.conv1,layer2.1.conv1,"(128, 128, 3, 3)",202.84869849946764,aggregate,3,13.47023682924201
resnet18_no_weights,IMAGENET100,fp32_fused,42,layer2.1.conv2,layer2.1.conv2,"(128, 128, 3, 3)",33.3182867191456,42,3,
resnet18_no_weights,IMAGENET100,fp32_fused,43,layer2.1.conv2,layer2.1.conv2,"(128, 128, 3, 3)",38.78794975280762,43,3,
resnet18_no_weights,IMAGENET100,fp32_fused,44,layer2.1.conv2,layer2.1.conv2,"(128, 128, 3, 3)",40.386744594573976,44,3,
resnet18_no_weights,IMAGENET100,fp32_fused,"42,43,44",layer2.1.conv2,layer2.1.conv2,"(128, 128, 3, 3)",37.49766035550906,aggregate,3,3.706670909422925
resnet18_no_weights,IMAGENET100,fp32_fused,42,layer3.0.conv1,layer3.0.conv1,"(256, 128, 3, 3)",353.8910479736328,42,3,
resnet18_no_weights,IMAGENET100,fp32_fused,43,layer3.0.conv1,layer3.0.conv1,"(256, 128, 3, 3)",324.4694127400716,43,3,
resnet18_no_weights,IMAGENET100,fp32_fused,44,layer3.0.conv1,layer3.0.conv1,"(256, 128, 3, 3)",346.4902877807617,44,3,
resnet18_no_weights,IMAGENET100,fp32_fused,"42,43,44",layer3.0.conv1,layer3.0.conv1,"(256, 128, 3, 3)",341.61691616482204,aggregate,3,15.304263070610977
resnet18_no_weights,IMAGENET100,fp32_fused,42,layer3.0.conv2,layer3.0.conv2,"(256, 256, 3, 3)",91.62509346008301,42,3,
resnet18_no_weights,IMAGENET100,fp32_fused,43,layer3.0.conv2,layer3.0.conv2,"(256, 256, 3, 3)",79.93004282315572,43,3,
resnet18_no_weights,IMAGENET100,fp32_fused,44,layer3.0.conv2,layer3.0.conv2,"(256, 256, 3, 3)",82.90286997744911,44,3,
resnet18_no_weights,IMAGENET100,fp32_fused,"42,43,44",layer3.0.conv2,layer3.0.conv2,"(256, 256, 3, 3)",84.81933542022928,aggregate,3,6.078501640626684
resnet18_no_weights,IMAGENET100,fp32_fused,42,layer3.0.downsample.0,layer3.0.downsample.0,"(256, 128, 1, 1)",23.573081793608488,42,3,
resnet18_no_weights,IMAGENET100,fp32_fused,43,layer3.0.downsample.0,layer3.0.downsample.0,"(256, 128, 1, 1)",22.2101101398468,43,3,
resnet18_no_weights,IMAGENET100,fp32_fused,44,layer3.0.downsample.0,layer3.0.downsample.0,"(256, 128, 1, 1)",23.620728476842245,44,3,
resnet18_no_weights,IMAGENET100,fp32_fused,"42,43,44",layer3.0.downsample.0,layer3.0.downsample.0,"(256, 128, 1, 1)",23.134640136765846,aggregate,3,0.801020809971963
resnet18_no_weights,IMAGENET100,fp32_fused,42,layer3.1.conv1,layer3.1.conv1,"(256, 256, 3, 3)",176.56199493408204,42,3,
resnet18_no_weights,IMAGENET100,fp32_fused,43,layer3.1.conv1,layer3.1.conv1,"(256, 256, 3, 3)",201.30584786155006,43,3,
resnet18_no_weights,IMAGENET100,fp32_fused,44,layer3.1.conv1,layer3.1.conv1,"(256, 256, 3, 3)",180.0158462524414,44,3,
resnet18_no_weights,IMAGENET100,fp32_fused,"42,43,44",layer3.1.conv1,layer3.1.conv1,"(256, 256, 3, 3)",185.96122968269117,aggregate,3,13.400569111927982
resnet18_no_weights,IMAGENET100,fp32_fused,42,layer3.1.conv2,layer3.1.conv2,"(256, 256, 3, 3)",32.697264157808746,42,3,
resnet18_no_weights,IMAGENET100,fp32_fused,43,layer3.1.conv2,layer3.1.conv2,"(256, 256, 3, 3)",30.630648803710937,43,3,
resnet18_no_weights,IMAGENET100,fp32_fused,44,layer3.1.conv2,layer3.1.conv2,"(256, 256, 3, 3)",37.08542989095052,44,3,
resnet18_no_weights,IMAGENET100,fp32_fused,"42,43,44",layer3.1.conv2,layer3.1.conv2,"(256, 256, 3, 3)",33.471114284156734,aggregate,3,3.296237663546586
resnet18_no_weights,IMAGENET100,fp32_fused,42,layer4.0.conv1,layer4.0.conv1,"(512, 256, 3, 3)",313.94281107584635,42,3,
resnet18_no_weights,IMAGENET100,fp32_fused,43,layer4.0.conv1,layer4.0.conv1,"(512, 256, 3, 3)",324.6130810905905,43,3,
resnet18_no_weights,IMAGENET100,fp32_fused,44,layer4.0.conv1,layer4.0.conv1,"(512, 256, 3, 3)",287.4563251842152,44,3,
resnet18_no_weights,IMAGENET100,fp32_fused,"42,43,44",layer4.0.conv1,layer4.0.conv1,"(512, 256, 3, 3)",308.670739116884,aggregate,3,19.131183560534023
resnet18_no_weights,IMAGENET100,fp32_fused,42,layer4.0.conv2,layer4.0.conv2,"(512, 512, 3, 3)",45.18469816843669,42,3,
resnet18_no_weights,IMAGENET100,fp32_fused,43,layer4.0.conv2,layer4.0.conv2,"(512, 512, 3, 3)",49.20208760311729,43,3,
resnet18_no_weights,IMAGENET100,fp32_fused,44,layer4.0.conv2,layer4.0.conv2,"(512, 512, 3, 3)",42.27560459483754,44,3,
resnet18_no_weights,IMAGENET100,fp32_fused,"42,43,44",layer4.0.conv2,layer4.0.conv2,"(512, 512, 3, 3)",45.55413012213051,aggregate,3,3.4779881673612056
resnet18_no_weights,IMAGENET100,fp32_fused,42,layer4.0.downsample.0,layer4.0.downsample.0,"(512, 256, 1, 1)",22.75868364969889,42,3,
resnet18_no_weights,IMAGENET100,fp32_fused,43,layer4.0.downsample.0,layer4.0.downsample.0,"(512, 256, 1, 1)",24.753822167714436,43,3,
resnet18_no_weights,IMAGENET100,fp32_fused,44,layer4.0.downsample.0,layer4.0.downsample.0,"(512, 256, 1, 1)",20.505545836228592,44,3,
resnet18_no_weights,IMAGENET100,fp32_fused,"42,43,44",layer4.0.downsample.0,layer4.0.downsample.0,"(512, 256, 1, 1)",22.672683884547308,aggregate,3,2.125443463578907
resnet18_no_weights,IMAGENET100,fp32_fused,42,layer4.1.conv1,layer4.1.conv1,"(512, 512, 3, 3)",136.20461497587317,42,3,
resnet18_no_weights,IMAGENET100,fp32_fused,43,layer4.1.conv1,layer4.1.conv1,"(512, 512, 3, 3)",113.21583986282349,43,3,
resnet18_no_weights,IMAGENET100,fp32_fused,44,layer4.1.conv1,layer4.1.conv1,"(512, 512, 3, 3)",132.09511082967123,44,3,
resnet18_no_weights,IMAGENET100,fp32_fused,"42,43,44",layer4.1.conv1,layer4.1.conv1,"(512, 512, 3, 3)",127.17185522278929,aggregate,3,12.25968105733644
resnet18_no_weights,IMAGENET100,fp32_fused,42,layer4.1.conv2,layer4.1.conv2,"(512, 512, 3, 3)",0.17087111147967252,42,3,
resnet18_no_weights,IMAGENET100,fp32_fused,43,layer4.1.conv2,layer4.1.conv2,"(512, 512, 3, 3)",0.19502848585446675,43,3,
resnet18_no_weights,IMAGENET100,fp32_fused,44,layer4.1.conv2,layer4.1.conv2,"(512, 512, 3, 3)",0.1653713739166657,44,3,
resnet18_no_weights,IMAGENET100,fp32_fused,"42,43,44",layer4.1.conv2,layer4.1.conv2,"(512, 512, 3, 3)",0.1770903237502683,aggregate,3,0.015776407166172606
resnet18_no_weights,IMAGENET100,fp32_fused,42,fc,fc,"(100, 512)",9.239730469385783,42,3,
resnet18_no_weights,IMAGENET100,fp32_fused,43,fc,fc,"(100, 512)",8.697908679644266,43,3,
resnet18_no_weights,IMAGENET100,fp32_fused,44,fc,fc,"(100, 512)",9.015216652552287,44,3,
resnet18_no_weights,IMAGENET100,fp32_fused,"42,43,44",fc,fc,"(100, 512)",8.984285267194112,aggregate,3,0.2722320258709602
resnet18_no_weights,IMAGENET100,qat,42,conv1,conv1,"(64, 3, 7, 7)",1760.9378845214844,42,3,
resnet18_no_weights,IMAGENET100,qat,43,conv1,conv1,"(64, 3, 7, 7)",1077.0249350411552,43,3,
resnet18_no_weights,IMAGENET100,qat,44,conv1,conv1,"(64, 3, 7, 7)",643.4203796386719,44,3,
resnet18_no_weights,IMAGENET100,qat,"42,43,44",conv1,conv1,"(64, 3, 7, 7)",1160.4610664004372,aggregate,3,563.4115142966367
resnet18_no_weights,IMAGENET100,qat,42,layer1.0.conv1,layer1.0.conv1,"(64, 64, 3, 3)",265.96194279988606,42,3,
resnet18_no_weights,IMAGENET100,qat,43,layer1.0.conv1,layer1.0.conv1,"(64, 64, 3, 3)",255.82855758666992,43,3,
resnet18_no_weights,IMAGENET100,qat,44,layer1.0.conv1,layer1.0.conv1,"(64, 64, 3, 3)",299.24770329793296,44,3,
resnet18_no_weights,IMAGENET100,qat,"42,43,44",layer1.0.conv1,layer1.0.conv1,"(64, 64, 3, 3)",273.679401228163,aggregate,3,22.715081488255986
resnet18_no_weights,IMAGENET100,qat,42,layer1.0.conv2,layer1.0.conv2,"(64, 64, 3, 3)",49.69755541483561,42,3,
resnet18_no_weights,IMAGENET100,qat,43,layer1.0.conv2,layer1.0.conv2,"(64, 64, 3, 3)",43.28748445510864,43,3,
resnet18_no_weights,IMAGENET100,qat,44,layer1.0.conv2,layer1.0.conv2,"(64, 64, 3, 3)",46.54699109395345,44,3,
resnet18_no_weights,IMAGENET100,qat,"42,43,44",layer1.0.conv2,layer1.0.conv2,"(64, 64, 3, 3)",46.5106769879659,aggregate,3,3.2051897701858505
resnet18_no_weights,IMAGENET100,qat,42,layer1.1.conv1,layer1.1.conv1,"(64, 64, 3, 3)",205.6897711320357,42,3,
resnet18_no_weights,IMAGENET100,qat,43,layer1.1.conv1,layer1.1.conv1,"(64, 64, 3, 3)",121.4129020690918,43,3,
resnet18_no_weights,IMAGENET100,qat,44,layer1.1.conv1,layer1.1.conv1,"(64, 64, 3, 3)",187.1939739227295,44,3,
resnet18_no_weights,IMAGENET100,qat,"42,43,44",layer1.1.conv1,layer1.1.conv1,"(64, 64, 3, 3)",171.43221570795234,aggregate,3,44.29415798137458
resnet18_no_weights,IMAGENET100,qat,42,layer1.1.conv2,layer1.1.conv2,"(64, 64, 3, 3)",21.200061813990274,42,3,
resnet18_no_weights,IMAGENET100,qat,43,layer1.1.conv2,layer1.1.conv2,"(64, 64, 3, 3)",16.483417828877766,43,3,
resnet18_no_weights,IMAGENET100,qat,44,layer1.1.conv2,layer1.1.conv2,"(64, 64, 3, 3)",20.384248131199886,44,3,
resnet18_no_weights,IMAGENET100,qat,"42,43,44",layer1.1.conv2,layer1.1.conv2,"(64, 64, 3, 3)",19.355909258022642,aggregate,3,2.5208715257109167
resnet18_no_weights,IMAGENET100,qat,42,layer2.0.conv1,layer2.0.conv1,"(128, 64, 3, 3)",1167.7576497395833,42,3,
resnet18_no_weights,IMAGENET100,qat,43,layer2.0.conv1,layer2.0.conv1,"(128, 64, 3, 3)",1066.3551466200088,43,3,
resnet18_no_weights,IMAGENET100,qat,44,layer2.0.conv1,layer2.0.conv1,"(128, 64, 3, 3)",714.8201494216919,44,3,
resnet18_no_weights,IMAGENET100,qat,"42,43,44",layer2.0.conv1,layer2.0.conv1,"(128, 64, 3, 3)",982.9776485937613,aggregate,3,237.70138868208707
resnet18_no_weights,IMAGENET100,qat,42,layer2.0.conv2,layer2.0.conv2,"(128, 128, 3, 3)",43.3053420140193,42,3,
resnet18_no_weights,IMAGENET100,qat,43,layer2.0.conv2,layer2.0.conv2,"(128, 128, 3, 3)",44.43462200164795,43,3,
resnet18_no_weights,IMAGENET100,qat,44,layer2.0.conv2,layer2.0.conv2,"(128, 128, 3, 3)",45.27661005655924,44,3,
resnet18_no_weights,IMAGENET100,qat,"42,43,44",layer2.0.conv2,layer2.0.conv2,"(128, 128, 3, 3)",44.3388580240755,aggregate,3,0.9891170195862492
resnet18_no_weights,IMAGENET100,qat,42,layer2.0.downsample.0,layer2.0.downsample.0,"(128, 64, 1, 1)",105.24290767468904,42,3,
resnet18_no_weights,IMAGENET100,qat,43,layer2.0.downsample.0,layer2.0.downsample.0,"(128, 64, 1, 1)",96.76935338973999,43,3,
resnet18_no_weights,IMAGENET100,qat,44,layer2.0.downsample.0,layer2.0.downsample.0,"(128, 64, 1, 1)",90.3506280263265,44,3,
resnet18_no_weights,IMAGENET100,qat,"42,43,44",layer2.0.downsample.0,layer2.0.downsample.0,"(128, 64, 1, 1)",97.45429636358517,aggregate,3,7.469729475645228
resnet18_no_weights,IMAGENET100,qat,42,layer2.1.conv1,layer2.1.conv1,"(128, 128, 3, 3)",112.1204833984375,42,3,
resnet18_no_weights,IMAGENET100,qat,43,layer2.1.conv1,layer2.1.conv1,"(128, 128, 3, 3)",153.88578605651855,43,3,
resnet18_no_weights,IMAGENET100,qat,44,layer2.1.conv1,layer2.1.conv1,"(128, 128, 3, 3)",157.43733914693198,44,3,
resnet18_no_weights,IMAGENET100,qat,"42,43,44",layer2.1.conv1,layer2.1.conv1,"(128, 128, 3, 3)",141.14786953396268,aggregate,3,25.20109604231859
resnet18_no_weights,IMAGENET100,qat,42,layer2.1.conv2,layer2.1.conv2,"(128, 128, 3, 3)",28.150225925445557,42,3,
resnet18_no_weights,IMAGENET100,qat,43,layer2.1.conv2,layer2.1.conv2,"(128, 128, 3, 3)",34.04582459131877,43,3,
resnet18_no_weights,IMAGENET100,qat,44,layer2.1.conv2,layer2.1.conv2,"(128, 128, 3, 3)",27.79085717201233,44,3,
resnet18_no_weights,IMAGENET100,qat,"42,43,44",layer2.1.conv2,layer2.1.conv2,"(128, 128, 3, 3)",29.995635896258886,aggregate,3,3.512165688635603
resnet18_no_weights,IMAGENET100,qat,42,layer3.0.conv1,layer3.0.conv1,"(256, 128, 3, 3)",315.9823038736979,42,3,
resnet18_no_weights,IMAGENET100,qat,43,layer3.0.conv1,layer3.0.conv1,"(256, 128, 3, 3)",357.7730747091359,43,3,
resnet18_no_weights,IMAGENET100,qat,44,layer3.0.conv1,layer3.0.conv1,"(256, 128, 3, 3)",312.288625793457,44,3,
resnet18_no_weights,IMAGENET100,qat,"42,43,44",layer3.0.conv1,layer3.0.conv1,"(256, 128, 3, 3)",328.68133479209695,aggregate,3,25.26178562553709
resnet18_no_weights,IMAGENET100,qat,42,layer3.0.conv2,layer3.0.conv2,"(256, 256, 3, 3)",89.46289202372233,42,3,
resnet18_no_weights,IMAGENET100,qat,43,layer3.0.conv2,layer3.0.conv2,"(256, 256, 3, 3)",88.32802812258403,43,3,
resnet18_no_weights,IMAGENET100,qat,44,layer3.0.conv2,layer3.0.conv2,"(256, 256, 3, 3)",88.5450543721517,44,3,
resnet18_no_weights,IMAGENET100,qat,"42,43,44",layer3.0.conv2,layer3.0.conv2,"(256, 256, 3, 3)",88.77865817281935,aggregate,3,0.6024176875652744
resnet18_no_weights,IMAGENET100,qat,42,layer3.0.downsample.0,layer3.0.downsample.0,"(256, 128, 1, 1)",19.4259443964277,42,3,
resnet18_no_weights,IMAGENET100,qat,43,layer3.0.downsample.0,layer3.0.downsample.0,"(256, 128, 1, 1)",24.86918225288391,43,3,
resnet18_no_weights,IMAGENET100,qat,44,layer3.0.downsample.0,layer3.0.downsample.0,"(256, 128, 1, 1)",25.936313247680665,44,3,
resnet18_no_weights,IMAGENET100,qat,"42,43,44",layer3.0.downsample.0,layer3.0.downsample.0,"(256, 128, 1, 1)",23.41047996566409,aggregate,3,3.491716614631901
resnet18_no_weights,IMAGENET100,qat,42,layer3.1.conv1,layer3.1.conv1,"(256, 256, 3, 3)",161.6577366511027,42,3,
resnet18_no_weights,IMAGENET100,qat,43,layer3.1.conv1,layer3.1.conv1,"(256, 256, 3, 3)",145.5810698191325,43,3,
resnet18_no_weights,IMAGENET100,qat,44,layer3.1.conv1,layer3.1.conv1,"(256, 256, 3, 3)",142.93354962666828,44,3,
resnet18_no_weights,IMAGENET100,qat,"42,43,44",layer3.1.conv1,layer3.1.conv1,"(256, 256, 3, 3)",150.05745203230117,aggregate,3,10.132980470734129
resnet18_no_weights,IMAGENET100,qat,42,layer3.1.conv2,layer3.1.conv2,"(256, 256, 3, 3)",23.066803415616352,42,3,
resnet18_no_weights,IMAGENET100,qat,43,layer3.1.conv2,layer3.1.conv2,"(256, 256, 3, 3)",29.2730530500412,43,3,
resnet18_no_weights,IMAGENET100,qat,44,layer3.1.conv2,layer3.1.conv2,"(256, 256, 3, 3)",29.19139347076416,44,3,
resnet18_no_weights,IMAGENET100,qat,"42,43,44",layer3.1.conv2,layer3.1.conv2,"(256, 256, 3, 3)",27.17708331214057,aggregate,3,3.559840964502527
resnet18_no_weights,IMAGENET100,qat,42,layer4.0.conv1,layer4.0.conv1,"(512, 256, 3, 3)",375.0417604446411,42,3,
resnet18_no_weights,IMAGENET100,qat,43,layer4.0.conv1,layer4.0.conv1,"(512, 256, 3, 3)",317.5573532104492,43,3,
resnet18_no_weights,IMAGENET100,qat,44,layer4.0.conv1,layer4.0.conv1,"(512, 256, 3, 3)",331.0302337646484,44,3,
resnet18_no_weights,IMAGENET100,qat,"42,43,44",layer4.0.conv1,layer4.0.conv1,"(512, 256, 3, 3)",341.20978247324626,aggregate,3,30.063793468217554
resnet18_no_weights,IMAGENET100,qat,42,layer4.0.conv2,layer4.0.conv2,"(512, 512, 3, 3)",57.879635938008626,42,3,
resnet18_no_weights,IMAGENET100,qat,43,layer4.0.conv2,layer4.0.conv2,"(512, 512, 3, 3)",80.92980613708497,43,3,
resnet18_no_weights,IMAGENET100,qat,44,layer4.0.conv2,layer4.0.conv2,"(512, 512, 3, 3)",70.0080457167192,44,3,
resnet18_no_weights,IMAGENET100,qat,"42,43,44",layer4.0.conv2,layer4.0.conv2,"(512, 512, 3, 3)",69.6058292639376,aggregate,3,11.530347787806008
resnet18_no_weights,IMAGENET100,qat,42,layer4.0.downsample.0,layer4.0.downsample.0,"(512, 256, 1, 1)",20.56901559829712,42,3,
resnet18_no_weights,IMAGENET100,qat,43,layer4.0.downsample.0,layer4.0.downsample.0,"(512, 256, 1, 1)",20.788598106020974,43,3,
resnet18_no_weights,IMAGENET100,qat,44,layer4.0.downsample.0,layer4.0.downsample.0,"(512, 256, 1, 1)",22.575938367843627,44,3,
resnet18_no_weights,IMAGENET100,qat,"42,43,44",layer4.0.downsample.0,layer4.0.downsample.0,"(512, 256, 1, 1)",21.311184024053908,aggregate,3,1.1007982476484042
resnet18_no_weights,IMAGENET100,qat,42,layer4.1.conv1,layer4.1.conv1,"(512, 512, 3, 3)",138.53472824096679,42,3,
resnet18_no_weights,IMAGENET100,qat,43,layer4.1.conv1,layer4.1.conv1,"(512, 512, 3, 3)",119.39586499532064,43,3,
resnet18_no_weights,IMAGENET100,qat,44,layer4.1.conv1,layer4.1.conv1,"(512, 512, 3, 3)",118.59659767150879,44,3,
resnet18_no_weights,IMAGENET100,qat,"42,43,44",layer4.1.conv1,layer4.1.conv1,"(512, 512, 3, 3)",125.50906363593207,aggregate,3,11.287633094048946
resnet18_no_weights,IMAGENET100,qat,42,layer4.1.conv2,layer4.1.conv2,"(512, 512, 3, 3)",0.1717973510424296,42,3,
resnet18_no_weights,IMAGENET100,qat,43,layer4.1.conv2,layer4.1.conv2,"(512, 512, 3, 3)",0.21775258084138235,43,3,
resnet18_no_weights,IMAGENET100,qat,44,layer4.1.conv2,layer4.1.conv2,"(512, 512, 3, 3)",0.19545248824925648,44,3,
resnet18_no_weights,IMAGENET100,qat,"42,43,44",layer4.1.conv2,layer4.1.conv2,"(512, 512, 3, 3)",0.19500080671102282,aggregate,3,0.022980944250130902
resnet18_no_weights,IMAGENET100,qat,42,fc,fc,"(100, 512)",10.096835883458455,42,3,
resnet18_no_weights,IMAGENET100,qat,43,fc,fc,"(100, 512)",8.208664959127253,43,3,
resnet18_no_weights,IMAGENET100,qat,44,fc,fc,"(100, 512)",10.145889282226562,44,3,
resnet18_no_weights,IMAGENET100,qat,"42,43,44",fc,fc,"(100, 512)",9.483796708270757,aggregate,3,1.1045688263924547
resnet18_no_weights,IMAGENET100,fp32_fused_qat,42,conv1,conv1,"(64, 3, 7, 7)",1942.4617635091147,42,3,
resnet18_no_weights,IMAGENET100,fp32_fused_qat,43,conv1,conv1,"(64, 3, 7, 7)",1377.1994944254557,43,3,
resnet18_no_weights,IMAGENET100,fp32_fused_qat,44,conv1,conv1,"(64, 3, 7, 7)",1913.5072903103298,44,3,
resnet18_no_weights,IMAGENET100,fp32_fused_qat,"42,43,44",conv1,conv1,"(64, 3, 7, 7)",1744.3895160816335,aggregate,3,318.32526507089096
resnet18_no_weights,IMAGENET100,fp32_fused_qat,42,layer1.0.conv1,layer1.0.conv1,"(64, 64, 3, 3)",296.0395134373715,42,3,
resnet18_no_weights,IMAGENET100,fp32_fused_qat,43,layer1.0.conv1,layer1.0.conv1,"(64, 64, 3, 3)",315.66802241007485,43,3,
resnet18_no_weights,IMAGENET100,fp32_fused_qat,44,layer1.0.conv1,layer1.0.conv1,"(64, 64, 3, 3)",219.27224477132162,44,3,
resnet18_no_weights,IMAGENET100,fp32_fused_qat,"42,43,44",layer1.0.conv1,layer1.0.conv1,"(64, 64, 3, 3)",276.99326020625597,aggregate,3,50.94218593909004
resnet18_no_weights,IMAGENET100,fp32_fused_qat,42,layer1.0.conv2,layer1.0.conv2,"(64, 64, 3, 3)",46.85889720916748,42,3,
resnet18_no_weights,IMAGENET100,fp32_fused_qat,43,layer1.0.conv2,layer1.0.conv2,"(64, 64, 3, 3)",42.82458709081014,43,3,
resnet18_no_weights,IMAGENET100,fp32_fused_qat,44,layer1.0.conv2,layer1.0.conv2,"(64, 64, 3, 3)",48.67310113173265,44,3,
resnet18_no_weights,IMAGENET100,fp32_fused_qat,"42,43,44",layer1.0.conv2,layer1.0.conv2,"(64, 64, 3, 3)",46.11886181057009,aggregate,3,2.9936630430126625
resnet18_no_weights,IMAGENET100,fp32_fused_qat,42,layer1.1.conv1,layer1.1.conv1,"(64, 64, 3, 3)",156.61833279927572,42,3,
resnet18_no_weights,IMAGENET100,fp32_fused_qat,43,layer1.1.conv1,layer1.1.conv1,"(64, 64, 3, 3)",178.63859024047852,43,3,
resnet18_no_weights,IMAGENET100,fp32_fused_qat,44,layer1.1.conv1,layer1.1.conv1,"(64, 64, 3, 3)",187.95603205362957,44,3,
resnet18_no_weights,IMAGENET100,fp32_fused_qat,"42,43,44",layer1.1.conv1,layer1.1.conv1,"(64, 64, 3, 3)",174.40431836446126,aggregate,3,16.092223040310667
resnet18_no_weights,IMAGENET100,fp32_fused_qat,42,layer1.1.conv2,layer1.1.conv2,"(64, 64, 3, 3)",19.211734962463378,42,3,
resnet18_no_weights,IMAGENET100,fp32_fused_qat,43,layer1.1.conv2,layer1.1.conv2,"(64, 64, 3, 3)",16.35273289680481,43,3,
resnet18_no_weights,IMAGENET100,fp32_fused_qat,44,layer1.1.conv2,layer1.1.conv2,"(64, 64, 3, 3)",19.167897971471152,44,3,
resnet18_no_weights,IMAGENET100,fp32_fused_qat,"42,43,44",layer1.1.conv2,layer1.1.conv2,"(64, 64, 3, 3)",18.24412194357978,aggregate,3,1.6381376056791022
resnet18_no_weights,IMAGENET100,fp32_fused_qat,42,layer2.0.conv1,layer2.0.conv1,"(128, 64, 3, 3)",750.3834727894176,42,3,
resnet18_no_weights,IMAGENET100,fp32_fused_qat,43,layer2.0.conv1,layer2.0.conv1,"(128, 64, 3, 3)",1005.4695561726888,43,3,
resnet18_no_weights,IMAGENET100,fp32_fused_qat,44,layer2.0.conv1,layer2.0.conv1,"(128, 64, 3, 3)",766.172982788086,44,3,
resnet18_no_weights,IMAGENET100,fp32_fused_qat,"42,43,44",layer2.0.conv1,layer2.0.conv1,"(128, 64, 3, 3)",840.6753372500641,aggregate,3,142.93417400761086
resnet18_no_weights,IMAGENET100,fp32_fused_qat,42,layer2.0.conv2,layer2.0.conv2,"(128, 128, 3, 3)",42.900130939483645,42,3,
resnet18_no_weights,IMAGENET100,fp32_fused_qat,43,layer2.0.conv2,layer2.0.conv2,"(128, 128, 3, 3)",45.028212850744076,43,3,
resnet18_no_weights,IMAGENET100,fp32_fused_qat,44,layer2.0.conv2,layer2.0.conv2,"(128, 128, 3, 3)",42.59580971399943,44,3,
resnet18_no_weights,IMAGENET100,fp32_fused_qat,"42,43,44",layer2.0.conv2,layer2.0.conv2,"(128, 128, 3, 3)",43.50805116807572,aggregate,3,1.3252628072046224
resnet18_no_weights,IMAGENET100,fp32_fused_qat,42,layer2.0.downsample.0,layer2.0.downsample.0,"(128, 64, 1, 1)",110.69196478525798,42,3,
resnet18_no_weights,IMAGENET100,fp32_fused_qat,43,layer2.0.downsample.0,layer2.0.downsample.0,"(128, 64, 1, 1)",103.26298955281575,43,3,
resnet18_no_weights,IMAGENET100,fp32_fused_qat,44,layer2.0.downsample.0,layer2.0.downsample.0,"(128, 64, 1, 1)",88.38758573860957,44,3,
resnet18_no_weights,IMAGENET100,fp32_fused_qat,"42,43,44",layer2.0.downsample.0,layer2.0.downsample.0,"(128, 64, 1, 1)",100.78084669222777,aggregate,3,11.357469174486807
resnet18_no_weights,IMAGENET100,fp32_fused_qat,42,layer2.1.conv1,layer2.1.conv1,"(128, 128, 3, 3)",150.9576008536599,42,3,
resnet18_no_weights,IMAGENET100,fp32_fused_qat,43,layer2.1.conv1,layer2.1.conv1,"(128, 128, 3, 3)",175.87183350783127,43,3,
resnet18_no_weights,IMAGENET100,fp32_fused_qat,44,layer2.1.conv1,layer2.1.conv1,"(128, 128, 3, 3)",181.87816772460937,44,3,
resnet18_no_weights,IMAGENET100,fp32_fused_qat,"42,43,44",layer2.1.conv1,layer2.1.conv1,"(128, 128, 3, 3)",169.56920069536685,aggregate,3,16.395510031157293
resnet18_no_weights,IMAGENET100,fp32_fused_qat,42,layer2.1.conv2,layer2.1.conv2,"(128, 128, 3, 3)",31.3768409093221,42,3,
resnet18_no_weights,IMAGENET100,fp32_fused_qat,43,layer2.1.conv2,layer2.1.conv2,"(128, 128, 3, 3)",26.27260152498881,43,3,
resnet18_no_weights,IMAGENET100,fp32_fused_qat,44,layer2.1.conv2,layer2.1.conv2,"(128, 128, 3, 3)",33.193763450339986,44,3,
resnet18_no_weights,IMAGENET100,fp32_fused_qat,"42,43,44",layer2.1.conv2,layer2.1.conv2,"(128, 128, 3, 3)",30.281068628216968,aggregate,3,3.58833642071942
resnet18_no_weights,IMAGENET100,fp32_fused_qat,42,layer3.0.conv1,layer3.0.conv1,"(256, 128, 3, 3)",261.1961051940918,42,3,
resnet18_no_weights,IMAGENET100,fp32_fused_qat,43,layer3.0.conv1,layer3.0.conv1,"(256, 128, 3, 3)",275.4627881731306,43,3,
resnet18_no_weights,IMAGENET100,fp32_fused_qat,44,layer3.0.conv1,layer3.0.conv1,"(256, 128, 3, 3)",240.14920806884766,44,3,
resnet18_no_weights,IMAGENET100,fp32_fused_qat,"42,43,44",layer3.0.conv1,layer3.0.conv1,"(256, 128, 3, 3)",258.93603381202337,aggregate,3,17.76494235663138
resnet18_no_weights,IMAGENET100,fp32_fused_qat,42,layer3.0.conv2,layer3.0.conv2,"(256, 256, 3, 3)",70.14124533335368,42,3,
resnet18_no_weights,IMAGENET100,fp32_fused_qat,43,layer3.0.conv2,layer3.0.conv2,"(256, 256, 3, 3)",58.79713738759359,43,3,
resnet18_no_weights,IMAGENET100,fp32_fused_qat,44,layer3.0.conv2,layer3.0.conv2,"(256, 256, 3, 3)",70.81813538869223,44,3,
resnet18_no_weights,IMAGENET100,fp32_fused_qat,"42,43,44",layer3.0.conv2,layer3.0.conv2,"(256, 256, 3, 3)",66.58550603654649,aggregate,3,6.753410967485134
resnet18_no_weights,IMAGENET100,fp32_fused_qat,42,layer3.0.downsample.0,layer3.0.downsample.0,"(256, 128, 1, 1)",21.129199949900308,42,3,
resnet18_no_weights,IMAGENET100,fp32_fused_qat,43,layer3.0.downsample.0,layer3.0.downsample.0,"(256, 128, 1, 1)",16.041951123405905,43,3,
resnet18_no_weights,IMAGENET100,fp32_fused_qat,44,layer3.0.downsample.0,layer3.0.downsample.0,"(256, 128, 1, 1)",21.349787826538087,44,3,
resnet18_no_weights,IMAGENET100,fp32_fused_qat,"42,43,44",layer3.0.downsample.0,layer3.0.downsample.0,"(256, 128, 1, 1)",19.506979633281432,aggregate,3,3.002828946762962
resnet18_no_weights,IMAGENET100,fp32_fused_qat,42,layer3.1.conv1,layer3.1.conv1,"(256, 256, 3, 3)",127.69794260660807,42,3,
resnet18_no_weights,IMAGENET100,fp32_fused_qat,43,layer3.1.conv1,layer3.1.conv1,"(256, 256, 3, 3)",135.94698731104532,43,3,
resnet18_no_weights,IMAGENET100,fp32_fused_qat,44,layer3.1.conv1,layer3.1.conv1,"(256, 256, 3, 3)",145.1869366455078,44,3,
resnet18_no_weights,IMAGENET100,fp32_fused_qat,"42,43,44",layer3.1.conv1,layer3.1.conv1,"(256, 256, 3, 3)",136.27728885438705,aggregate,3,8.749174387067512
resnet18_no_weights,IMAGENET100,fp32_fused_qat,42,layer3.1.conv2,layer3.1.conv2,"(256, 256, 3, 3)",23.54905710220337,42,3,
resnet18_no_weights,IMAGENET100,fp32_fused_qat,43,layer3.1.conv2,layer3.1.conv2,"(256, 256, 3, 3)",23.74509572982788,43,3,
resnet18_no_weights,IMAGENET100,fp32_fused_qat,44,layer3.1.conv2,layer3.1.conv2,"(256, 256, 3, 3)",21.35886459350586,44,3,
resnet18_no_weights,IMAGENET100,fp32_fused_qat,"42,43,44",layer3.1.conv2,layer3.1.conv2,"(256, 256, 3, 3)",22.884339141845704,aggregate,3,1.3247310044324898
resnet18_no_weights,IMAGENET100,fp32_fused_qat,42,layer4.0.conv1,layer4.0.conv1,"(512, 256, 3, 3)",269.0593017578125,42,3,
resnet18_no_weights,IMAGENET100,fp32_fused_qat,43,layer4.0.conv1,layer4.0.conv1,"(512, 256, 3, 3)",302.7743179321289,43,3,
resnet18_no_weights,IMAGENET100,fp32_fused_qat,44,layer4.0.conv1,layer4.0.conv1,"(512, 256, 3, 3)",268.8823961893717,44,3,
resnet18_no_weights,IMAGENET100,fp32_fused_qat,"42,43,44",layer4.0.conv1,layer4.0.conv1,"(512, 256, 3, 3)",280.238671959771,aggregate,3,19.516642345409295
resnet18_no_weights,IMAGENET100,fp32_fused_qat,42,layer4.0.conv2,layer4.0.conv2,"(512, 512, 3, 3)",42.56328512827555,42,3,
resnet18_no_weights,IMAGENET100,fp32_fused_qat,43,layer4.0.conv2,layer4.0.conv2,"(512, 512, 3, 3)",33.78434210557204,43,3,
resnet18_no_weights,IMAGENET100,fp32_fused_qat,44,layer4.0.conv2,layer4.0.conv2,"(512, 512, 3, 3)",39.22533130645752,44,3,
resnet18_no_weights,IMAGENET100,fp32_fused_qat,"42,43,44",layer4.0.conv2,layer4.0.conv2,"(512, 512, 3, 3)",38.52431951343504,aggregate,3,4.431255273558062
resnet18_no_weights,IMAGENET100,fp32_fused_qat,42,layer4.0.downsample.0,layer4.0.downsample.0,"(512, 256, 1, 1)",17.78060924212138,42,3,
resnet18_no_weights,IMAGENET100,fp32_fused_qat,43,layer4.0.downsample.0,layer4.0.downsample.0,"(512, 256, 1, 1)",15.501635456085205,43,3,
resnet18_no_weights,IMAGENET100,fp32_fused_qat,44,layer4.0.downsample.0,layer4.0.downsample.0,"(512, 256, 1, 1)",17.653268162409464,44,3,
resnet18_no_weights,IMAGENET100,fp32_fused_qat,"42,43,44",layer4.0.downsample.0,layer4.0.downsample.0,"(512, 256, 1, 1)",16.978504286872017,aggregate,3,1.2805897450619188
resnet18_no_weights,IMAGENET100,fp32_fused_qat,42,layer4.1.conv1,layer4.1.conv1,"(512, 512, 3, 3)",110.8349988301595,42,3,
resnet18_no_weights,IMAGENET100,fp32_fused_qat,43,layer4.1.conv1,layer4.1.conv1,"(512, 512, 3, 3)",114.49780429493298,43,3,
resnet18_no_weights,IMAGENET100,fp32_fused_qat,44,layer4.1.conv1,layer4.1.conv1,"(512, 512, 3, 3)",98.05600357055664,44,3,
resnet18_no_weights,IMAGENET100,fp32_fused_qat,"42,43,44",layer4.1.conv1,layer4.1.conv1,"(512, 512, 3, 3)",107.79626889854971,aggregate,3,8.631837142982455
resnet18_no_weights,IMAGENET100,fp32_fused_qat,42,layer4.1.conv2,layer4.1.conv2,"(512, 512, 3, 3)",0.1192672225562009,42,3,
resnet18_no_weights,IMAGENET100,fp32_fused_qat,43,layer4.1.conv2,layer4.1.conv2,"(512, 512, 3, 3)",0.1470751317838828,43,3,
resnet18_no_weights,IMAGENET100,fp32_fused_qat,44,layer4.1.conv2,layer4.1.conv2,"(512, 512, 3, 3)",0.15380397771618196,44,3,
resnet18_no_weights,IMAGENET100,fp32_fused_qat,"42,43,44",layer4.1.conv2,layer4.1.conv2,"(512, 512, 3, 3)",0.14004877735208854,aggregate,3,0.018309126322575184
resnet18_no_weights,IMAGENET100,fp32_fused_qat,42,fc,fc,"(100, 512)",7.536492419242859,42,3,
resnet18_no_weights,IMAGENET100,fp32_fused_qat,43,fc,fc,"(100, 512)",7.192949064572653,43,3,
resnet18_no_weights,IMAGENET100,fp32_fused_qat,44,fc,fc,"(100, 512)",7.168533897399902,44,3,
resnet18_no_weights,IMAGENET100,fp32_fused_qat,"42,43,44",fc,fc,"(100, 512)",7.299325127071804,aggregate,3,0.2057553606928167
cnn,IMAGENET100,fp32_unfused,42,conv1,conv1,"(32, 3, 3, 3)",34.478511810302734,42,3,
cnn,IMAGENET100,fp32_unfused,43,conv1,conv1,"(32, 3, 3, 3)",46.45710481916155,43,3,
cnn,IMAGENET100,fp32_unfused,44,conv1,conv1,"(32, 3, 3, 3)",25.893722534179688,44,3,
cnn,IMAGENET100,fp32_unfused,"42,43,44",conv1,conv1,"(32, 3, 3, 3)",35.60977972121466,aggregate,3,10.328262102806587
cnn,IMAGENET100,fp32_unfused,42,conv2,conv2,"(64, 32, 3, 3)",232.11401901245117,42,3,
cnn,IMAGENET100,fp32_unfused,43,conv2,conv2,"(64, 32, 3, 3)",196.88768005371094,43,3,
cnn,IMAGENET100,fp32_unfused,44,conv2,conv2,"(64, 32, 3, 3)",209.08503087361655,44,3,
cnn,IMAGENET100,fp32_unfused,"42,43,44",conv2,conv2,"(64, 32, 3, 3)",212.69557664659288,aggregate,3,17.88856533356107
cnn,IMAGENET100,fp32_unfused,42,conv3,conv3,"(128, 64, 3, 3)",479.60776138305664,42,3,
cnn,IMAGENET100,fp32_unfused,43,conv3,conv3,"(128, 64, 3, 3)",461.3565961397611,43,3,
cnn,IMAGENET100,fp32_unfused,44,conv3,conv3,"(128, 64, 3, 3)",570.7801177978515,44,3,
cnn,IMAGENET100,fp32_unfused,"42,43,44",conv3,conv3,"(128, 64, 3, 3)",503.91482510688974,aggregate,3,58.62168355796776
cnn,IMAGENET100,fp32_unfused,42,conv4,conv4,"(256, 128, 3, 3)",84.5776216843549,42,3,
cnn,IMAGENET100,fp32_unfused,43,conv4,conv4,"(256, 128, 3, 3)",72.8023612282493,43,3,
cnn,IMAGENET100,fp32_unfused,44,conv4,conv4,"(256, 128, 3, 3)",74.98233757019042,44,3,
cnn,IMAGENET100,fp32_unfused,"42,43,44",conv4,conv4,"(256, 128, 3, 3)",77.45410682759821,aggregate,3,6.264696492942074
cnn,IMAGENET100,fp32_unfused,42,fc1,fc1,"(1024, 1024)",52.32233238220215,42,3,
cnn,IMAGENET100,fp32_unfused,43,fc1,fc1,"(1024, 1024)",50.53350067138672,43,3,
cnn,IMAGENET100,fp32_unfused,44,fc1,fc1,"(1024, 1024)",51.30210520426432,44,3,
cnn,IMAGENET100,fp32_unfused,"42,43,44",fc1,fc1,"(1024, 1024)",51.385979419284396,aggregate,3,0.8973605102541785
cnn,IMAGENET100,fp32_unfused,42,fc2,fc2,"(100, 1024)",30.55191488265991,42,3,
cnn,IMAGENET100,fp32_unfused,43,fc2,fc2,"(100, 1024)",32.94929866790771,43,3,
cnn,IMAGENET100,fp32_unfused,44,fc2,fc2,"(100, 1024)",31.540460088978644,44,3,
cnn,IMAGENET100,fp32_unfused,"42,43,44",fc2,fc2,"(100, 1024)",31.680557879848756,aggregate,3,1.2048164991803865
cnn,IMAGENET100,ptq,42,conv1,conv1,"(32, 3, 3, 3)",173.66795501708984,42,3,
cnn,IMAGENET100,ptq,43,conv1,conv1,"(32, 3, 3, 3)",212.5541008659031,43,3,
cnn,IMAGENET100,ptq,44,conv1,conv1,"(32, 3, 3, 3)",205.28311831156412,44,3,
cnn,IMAGENET100,ptq,"42,43,44",conv1,conv1,"(32, 3, 3, 3)",197.1683913981857,aggregate,3,20.67413068070398
cnn,IMAGENET100,ptq,42,conv2,conv2,"(64, 32, 3, 3)",737.4909408569335,42,3,
cnn,IMAGENET100,ptq,43,conv2,conv2,"(64, 32, 3, 3)",844.0662316894532,43,3,
cnn,IMAGENET100,ptq,44,conv2,conv2,"(64, 32, 3, 3)",668.1169144766671,44,3,
cnn,IMAGENET100,ptq,"42,43,44",conv2,conv2,"(64, 32, 3, 3)",749.891362341018,aggregate,3,88.62769542670398
cnn,IMAGENET100,ptq,42,conv3,conv3,"(128, 64, 3, 3)",725.9174087524414,42,3,
cnn,IMAGENET100,ptq,43,conv3,conv3,"(128, 64, 3, 3)",681.0960144042969,43,3,
cnn,IMAGENET100,ptq,44,conv3,conv3,"(128, 64, 3, 3)",657.1214502970378,44,3,
cnn,IMAGENET100,ptq,"42,43,44",conv3,conv3,"(128, 64, 3, 3)",688.0449578179254,aggregate,3,34.920435791578576
cnn,IMAGENET100,ptq,42,conv4,conv4,"(256, 128, 3, 3)",10.007576711972554,42,3,
cnn,IMAGENET100,ptq,43,conv4,conv4,"(256, 128, 3, 3)",12.675877491633097,43,3,
cnn,IMAGENET100,ptq,44,conv4,conv4,"(256, 128, 3, 3)",9.727721746762594,44,3,
cnn,IMAGENET100,ptq,"42,43,44",conv4,conv4,"(256, 128, 3, 3)",10.803725316789414,aggregate,3,1.6273582963555115
cnn,IMAGENET100,ptq,42,fc1,fc1,"(1024, 1024)",57.6692387898763,42,3,
cnn,IMAGENET100,ptq,43,fc1,fc1,"(1024, 1024)",51.38074053888736,43,3,
cnn,IMAGENET100,ptq,44,fc1,fc1,"(1024, 1024)",63.82597115460564,44,3,
cnn,IMAGENET100,ptq,"42,43,44",fc1,fc1,"(1024, 1024)",57.62531682778977,aggregate,3,6.22273156448742
cnn,IMAGENET100,ptq,42,fc2,fc2,"(100, 1024)",33.54204697444521,42,3,
cnn,IMAGENET100,ptq,43,fc2,fc2,"(100, 1024)",37.1628352801005,43,3,
cnn,IMAGENET100,ptq,44,fc2,fc2,"(100, 1024)",30.349403222401936,44,3,
cnn,IMAGENET100,ptq,"42,43,44",fc2,fc2,"(100, 1024)",33.68476182564922,aggregate,3,3.4089572816015554
cnn,IMAGENET100,fp32_fused,42,conv1,conv1,"(32, 3, 3, 3)",269.50482482910155,42,3,
cnn,IMAGENET100,fp32_fused,43,conv1,conv1,"(32, 3, 3, 3)",272.2905673980713,43,3,
cnn,IMAGENET100,fp32_fused,44,conv1,conv1,"(32, 3, 3, 3)",276.3503061930339,44,3,
cnn,IMAGENET100,fp32_fused,"42,43,44",conv1,conv1,"(32, 3, 3, 3)",272.71523280673557,aggregate,3,3.4424423463542833
cnn,IMAGENET100,fp32_fused,42,conv2,conv2,"(64, 32, 3, 3)",1336.0634155273438,42,3,
cnn,IMAGENET100,fp32_fused,43,conv2,conv2,"(64, 32, 3, 3)",1110.3175828721787,43,3,
cnn,IMAGENET100,fp32_fused,44,conv2,conv2,"(64, 32, 3, 3)",1085.7010026411576,44,3,
cnn,IMAGENET100,fp32_fused,"42,43,44",conv2,conv2,"(64, 32, 3, 3)",1177.36066701356,aggregate,3,137.99063662053138
cnn,IMAGENET100,fp32_fused,42,conv3,conv3,"(128, 64, 3, 3)",1181.0085947672526,42,3,
cnn,IMAGENET100,fp32_fused,43,conv3,conv3,"(128, 64, 3, 3)",1237.6980580647787,43,3,
cnn,IMAGENET100,fp32_fused,44,conv3,conv3,"(128, 64, 3, 3)",1177.2103963216146,44,3,
cnn,IMAGENET100,fp32_fused,"42,43,44",conv3,conv3,"(128, 64, 3, 3)",1198.6390163845485,aggregate,3,33.8793909418628
cnn,IMAGENET100,fp32_fused,42,conv4,conv4,"(256, 128, 3, 3)",9.838124418258667,42,3,
cnn,IMAGENET100,fp32_fused,43,conv4,conv4,"(256, 128, 3, 3)",13.410171397527058,43,3,
cnn,IMAGENET100,fp32_fused,44,conv4,conv4,"(256, 128, 3, 3)",8.948169082403183,44,3,
cnn,IMAGENET100,fp32_fused,"42,43,44",conv4,conv4,"(256, 128, 3, 3)",10.73215496606297,aggregate,3,2.3615321573817605
cnn,IMAGENET100,fp32_fused,42,fc1,fc1,"(1024, 1024)",54.28405278069632,42,3,
cnn,IMAGENET100,fp32_fused,43,fc1,fc1,"(1024, 1024)",49.52865352630615,43,3,
cnn,IMAGENET100,fp32_fused,44,fc1,fc1,"(1024, 1024)",51.31662864685059,44,3,
cnn,IMAGENET100,fp32_fused,"42,43,44",fc1,fc1,"(1024, 1024)",51.70977831795102,aggregate,3,2.401953478957998
cnn,IMAGENET100,fp32_fused,42,fc2,fc2,"(100, 1024)",28.027625401814777,42,3,
cnn,IMAGENET100,fp32_fused,43,fc2,fc2,"(100, 1024)",32.22742608388265,43,3,
cnn,IMAGENET100,fp32_fused,44,fc2,fc2,"(100, 1024)",31.535856993302055,44,3,
cnn,IMAGENET100,fp32_fused,"42,43,44",fc2,fc2,"(100, 1024)",30.596969492999825,aggregate,3,2.251824537112575
cnn,IMAGENET100,qat,42,conv1,conv1,"(32, 3, 3, 3)",112.69046592712402,42,3,
cnn,IMAGENET100,qat,43,conv1,conv1,"(32, 3, 3, 3)",114.53564929962158,43,3,
cnn,IMAGENET100,qat,44,conv1,conv1,"(32, 3, 3, 3)",120.67855834960938,44,3,
cnn,IMAGENET100,qat,"42,43,44",conv1,conv1,"(32, 3, 3, 3)",115.96822452545166,aggregate,3,4.182297092602168
cnn,IMAGENET100,qat,42,conv2,conv2,"(64, 32, 3, 3)",549.7859816117721,42,3,
cnn,IMAGENET100,qat,43,conv2,conv2,"(64, 32, 3, 3)",568.9045583089193,43,3,
cnn,IMAGENET100,qat,44,conv2,conv2,"(64, 32, 3, 3)",610.231026204427,44,3,
cnn,IMAGENET100,qat,"42,43,44",conv2,conv2,"(64, 32, 3, 3)",576.3071887083728,aggregate,3,30.894984327155726
cnn,IMAGENET100,qat,42,conv3,conv3,"(128, 64, 3, 3)",635.3155888148716,42,3,
cnn,IMAGENET100,qat,43,conv3,conv3,"(128, 64, 3, 3)",705.3182133265904,43,3,
cnn,IMAGENET100,qat,44,conv3,conv3,"(128, 64, 3, 3)",640.63927798801,44,3,
cnn,IMAGENET100,qat,"42,43,44",conv3,conv3,"(128, 64, 3, 3)",660.4243600431573,aggregate,3,38.97023176193408
cnn,IMAGENET100,qat,42,conv4,conv4,"(256, 128, 3, 3)",8.926041867997911,42,3,
cnn,IMAGENET100,qat,43,conv4,conv4,"(256, 128, 3, 3)",9.582937892278036,43,3,
cnn,IMAGENET100,qat,44,conv4,conv4,"(256, 128, 3, 3)",7.647568452925909,44,3,
cnn,IMAGENET100,qat,"42,43,44",conv4,conv4,"(256, 128, 3, 3)",8.718849404400618,aggregate,3,0.9841799908671066
cnn,IMAGENET100,qat,42,fc1,fc1,"(1024, 1024)",43.7166922196098,42,3,
cnn,IMAGENET100,qat,43,fc1,fc1,"(1024, 1024)",48.109942321777346,43,3,
cnn,IMAGENET100,qat,44,fc1,fc1,"(1024, 1024)",50.6040612856547,44,3,
cnn,IMAGENET100,qat,"42,43,44",fc1,fc1,"(1024, 1024)",47.47689860901395,aggregate,3,3.4870505329977677
cnn,IMAGENET100,qat,42,fc2,fc2,"(100, 1024)",32.81773468017578,42,3,
cnn,IMAGENET100,qat,43,fc2,fc2,"(100, 1024)",33.54949024745396,43,3,
cnn,IMAGENET100,qat,44,fc2,fc2,"(100, 1024)",31.051183700561523,44,3,
cnn,IMAGENET100,qat,"42,43,44",fc2,fc2,"(100, 1024)",32.47280287606375,aggregate,3,1.284374307854757
cnn,IMAGENET100,fp32_fused_qat,42,conv1,conv1,"(32, 3, 3, 3)",289.83654937744143,42,3,
cnn,IMAGENET100,fp32_fused_qat,43,conv1,conv1,"(32, 3, 3, 3)",311.41894251505533,43,3,
cnn,IMAGENET100,fp32_fused_qat,44,conv1,conv1,"(32, 3, 3, 3)",329.5833813985189,44,3,
cnn,IMAGENET100,fp32_fused_qat,"42,43,44",conv1,conv1,"(32, 3, 3, 3)",310.2796244303386,aggregate,3,19.89789431577018
cnn,IMAGENET100,fp32_fused_qat,42,conv2,conv2,"(64, 32, 3, 3)",1445.7409842354912,42,3,
cnn,IMAGENET100,fp32_fused_qat,43,conv2,conv2,"(64, 32, 3, 3)",1218.199308268229,43,3,
cnn,IMAGENET100,fp32_fused_qat,44,conv2,conv2,"(64, 32, 3, 3)",1540.937734750601,44,3,
cnn,IMAGENET100,fp32_fused_qat,"42,43,44",conv2,conv2,"(64, 32, 3, 3)",1401.6260090847738,aggregate,3,165.8300975591906
cnn,IMAGENET100,fp32_fused_qat,42,conv3,conv3,"(128, 64, 3, 3)",2058.5808064778644,42,3,
cnn,IMAGENET100,fp32_fused_qat,43,conv3,conv3,"(128, 64, 3, 3)",1872.5793212890626,43,3,
cnn,IMAGENET100,fp32_fused_qat,44,conv3,conv3,"(128, 64, 3, 3)",1823.9662679036458,44,3,
cnn,IMAGENET100,fp32_fused_qat,"42,43,44",conv3,conv3,"(128, 64, 3, 3)",1918.3754652235243,aggregate,3,123.8303699705683
cnn,IMAGENET100,fp32_fused_qat,42,conv4,conv4,"(256, 128, 3, 3)",14.170746882756552,42,3,
cnn,IMAGENET100,fp32_fused_qat,43,conv4,conv4,"(256, 128, 3, 3)",17.06456559499105,43,3,
cnn,IMAGENET100,fp32_fused_qat,44,conv4,conv4,"(256, 128, 3, 3)",14.792780694507417,44,3,
cnn,IMAGENET100,fp32_fused_qat,"42,43,44",conv4,conv4,"(256, 128, 3, 3)",15.342697724085006,aggregate,3,1.5232705732679959
cnn,IMAGENET100,fp32_fused_qat,42,fc1,fc1,"(1024, 1024)",69.32602818806966,42,3,
cnn,IMAGENET100,fp32_fused_qat,43,fc1,fc1,"(1024, 1024)",66.80862426757812,43,3,
cnn,IMAGENET100,fp32_fused_qat,44,fc1,fc1,"(1024, 1024)",66.19026679992676,44,3,
cnn,IMAGENET100,fp32_fused_qat,"42,43,44",fc1,fc1,"(1024, 1024)",67.44163975185818,aggregate,3,1.66095795351529
cnn,IMAGENET100,fp32_fused_qat,42,fc2,fc2,"(100, 1024)",39.275888442993164,42,3,
cnn,IMAGENET100,fp32_fused_qat,43,fc2,fc2,"(100, 1024)",34.75937288457697,43,3,
cnn,IMAGENET100,fp32_fused_qat,44,fc2,fc2,"(100, 1024)",39.33241573969523,44,3,
cnn,IMAGENET100,fp32_fused_qat,"42,43,44",fc2,fc2,"(100, 1024)",37.789225689088454,aggregate,3,2.6240817149190865
