model,dataset,variant,layer,layer_type,numel,trace_raw,trace_per_param,elev_raw,elev_per_param,raw_vs_numel_slope,raw_vs_numel_r2,seed,n_seeds,metric_std
resnet50_no_weights,IMAGENET100,fp32_unfused,conv1,conv,9408,94.21080466679165,0.01001390355726952,,,,,42,3,
resnet50_no_weights,IMAGENET100,fp32_unfused,conv1,conv,9408,104.23777179718017,0.011079695131502995,,,,,43,3,
resnet50_no_weights,IMAGENET100,fp32_unfused,conv1,conv,9408,117.7159330704633,0.01251232281786387,,,,,44,3,
resnet50_no_weights,IMAGENET100,fp32_unfused,conv1,conv,9408,105.3881698448117,0.011201973835545461,4.452272355233486,103.13687731347588,0.5577881789168706,0.3734106970189277,aggregate,3,11.794716065648581
resnet50_no_weights,IMAGENET100,fp32_unfused,layer1.0.conv1,conv,4096,27.085310708908807,0.006612624684792189,,,,,42,3,
resnet50_no_weights,IMAGENET100,fp32_unfused,layer1.0.conv1,conv,4096,31.734378321965536,0.007747650957511117,,,,,43,3,
resnet50_no_weights,IMAGENET100,fp32_unfused,layer1.0.conv1,conv,4096,27.332859420776366,0.00667306138202548,,,,,44,3,
resnet50_no_weights,IMAGENET100,fp32_unfused,layer1.0.conv1,conv,4096,28.717516150550235,0.0070111123414429285,1.2132121039424282,64.55150172694414,0.5577881789168706,0.3734106970189277,aggregate,3,2.615609510644565
resnet50_no_weights,IMAGENET100,fp32_unfused,layer1.0.conv2,conv,36864,13.728814061482748,0.00037241791616435407,,,,,42,3,
resnet50_no_weights,IMAGENET100,fp32_unfused,layer1.0.conv2,conv,36864,11.281974928719658,0.00030604315670354975,,,,,43,3,
resnet50_no_weights,IMAGENET100,fp32_unfused,layer1.0.conv2,conv,36864,17.086831347147623,0.0004635099649291347,,,,,44,3,
resnet50_no_weights,IMAGENET100,fp32_unfused,layer1.0.conv2,conv,36864,14.03254011245001,0.00038065701259901283,0.5928245125460059,3.5047194524202294,0.5577881789168706,0.3734106970189277,aggregate,3,2.914322673481475
resnet50_no_weights,IMAGENET100,fp32_unfused,layer1.0.conv3,conv,16384,19.03155651092529,0.00116159402532503,,,,,42,3,
resnet50_no_weights,IMAGENET100,fp32_unfused,layer1.0.conv3,conv,16384,23.731686998296667,0.0014484672240171305,,,,,43,3,
resnet50_no_weights,IMAGENET100,fp32_unfused,layer1.0.conv3,conv,16384,20.68995361328125,0.0012628145515918732,,,,,44,3,
resnet50_no_weights,IMAGENET100,fp32_unfused,layer1.0.conv3,conv,16384,21.15106570750107,0.0012909586003113445,0.8935566987443045,11.88589089135329,0.5577881789168706,0.3734106970189277,aggregate,3,2.3837522778502613
resnet50_no_weights,IMAGENET100,fp32_unfused,layer1.0.downsample.0,conv,16384,39.21116145451864,0.0023932593661205224,,,,,42,3,
resnet50_no_weights,IMAGENET100,fp32_unfused,layer1.0.downsample.0,conv,16384,27.931733687718708,0.0017048177299633,,,,,43,3,
resnet50_no_weights,IMAGENET100,fp32_unfused,layer1.0.downsample.0,conv,16384,34.472490851084395,0.0021040338654226315,,,,,44,3,
resnet50_no_weights,IMAGENET100,fp32_unfused,layer1.0.downsample.0,conv,16384,33.87179533110725,0.0020673703205021515,1.430961921028556,19.034334683997162,0.5577881789168706,0.3734106970189277,aggregate,3,5.663655976258161
resnet50_no_weights,IMAGENET100,fp32_unfused,layer1.1.conv1,conv,16384,1.0196431696414947,6.223408017831389e-05,,,,,42,3,
resnet50_no_weights,IMAGENET100,fp32_unfused,layer1.1.conv1,conv,16384,1.706829994916916,0.00010417663543194067,,,,,43,3,
resnet50_no_weights,IMAGENET100,fp32_unfused,layer1.1.conv1,conv,16384,0.8464340580006441,5.1662234985390874e-05,,,,,44,3,
resnet50_no_weights,IMAGENET100,fp32_unfused,layer1.1.conv1,conv,16384,1.1909690741863517,7.269098353188182e-05,0.05031417371367283,0.6692678594315365,0.5577881789168706,0.3734106970189277,aggregate,3,0.4550656175120159
resnet50_no_weights,IMAGENET100,fp32_unfused,layer1.1.conv2,conv,36864,10.691541175047556,0.00029002661607659385,,,,,42,3,
resnet50_no_weights,IMAGENET100,fp32_unfused,layer1.1.conv2,conv,36864,11.705344851811727,0.00031752780088464973,,,,,43,3,
resnet50_no_weights,IMAGENET100,fp32_unfused,layer1.1.conv2,conv,36864,11.441765866676967,0.0003103777633104646,,,,,44,3,
resnet50_no_weights,IMAGENET100,fp32_unfused,layer1.1.conv2,conv,36864,11.27955063117875,0.00030597739342390275,0.4765205765372336,2.8171421706165374,0.5577881789168706,0.3734106970189277,aggregate,3,0.5260083751481002
resnet50_no_weights,IMAGENET100,fp32_unfused,layer1.1.conv3,conv,16384,7.471780813733736,0.00045604130943199074,,,,,42,3,
resnet50_no_weights,IMAGENET100,fp32_unfused,layer1.1.conv3,conv,16384,4.420557424426079,0.0002698094131119433,,,,,43,3,
resnet50_no_weights,IMAGENET100,fp32_unfused,layer1.1.conv3,conv,16384,5.900101735478356,0.0003601136313158176,,,,,44,3,
resnet50_no_weights,IMAGENET100,fp32_unfused,layer1.1.conv3,conv,16384,5.930813324546057,0.00036198811795325056,0.25055560076439426,3.3328344324295154,0.5577881789168706,0.3734106970189277,aggregate,3,1.5258435188910509
resnet50_no_weights,IMAGENET100,fp32_unfused,layer1.2.conv1,conv,16384,0.46662699852300726,2.8480651765320268e-05,,,,,42,3,
resnet50_no_weights,IMAGENET100,fp32_unfused,layer1.2.conv1,conv,16384,0.5275899454951286,3.220153475922416e-05,,,,,43,3,
resnet50_no_weights,IMAGENET100,fp32_unfused,layer1.2.conv1,conv,16384,0.5606731521586578,3.42207734471837e-05,,,,,44,3,
resnet50_no_weights,IMAGENET100,fp32_unfused,layer1.2.conv1,conv,16384,0.5182966987255979,3.1634319990576045e-05,0.021896177407225013,0.29125804323969917,0.5577881789168706,0.3734106970189277,aggregate,3,0.0477068452117161
resnet50_no_weights,IMAGENET100,fp32_unfused,layer1.2.conv2,conv,36864,0.394939037412405,1.071340704786255e-05,,,,,42,3,
resnet50_no_weights,IMAGENET100,fp32_unfused,layer1.2.conv2,conv,36864,0.4575409044822057,1.241159137592789e-05,,,,,43,3,
resnet50_no_weights,IMAGENET100,fp32_unfused,layer1.2.conv2,conv,36864,0.5984612514575323,1.6234300441013787e-05,,,,,44,3,
resnet50_no_weights,IMAGENET100,fp32_unfused,layer1.2.conv2,conv,36864,0.4836470644507143,1.3119766288268075e-05,0.020432354579404937,0.12079404450677265,0.5577881789168706,0.3734106970189277,aggregate,3,0.10424236947462232
resnet50_no_weights,IMAGENET100,fp32_unfused,layer1.2.conv3,conv,16384,0.8921462903420131,5.4452288228882635e-05,,,,,42,3,
resnet50_no_weights,IMAGENET100,fp32_unfused,layer1.2.conv3,conv,16384,0.9046462349593639,5.521522430171899e-05,,,,,43,3,
resnet50_no_weights,IMAGENET100,fp32_unfused,layer1.2.conv3,conv,16384,0.647987212240696,3.955000074711279e-05,,,,,44,3,
resnet50_no_weights,IMAGENET100,fp32_unfused,layer1.2.conv3,conv,16384,0.814926579180691,4.973917109257147e-05,0.03442772642673237,0.4579498990053422,0.5577881789168706,0.3734106970189277,aggregate,3,0.14470876383137246
resnet50_no_weights,IMAGENET100,fp32_unfused,layer2.0.conv1,conv,32768,8.136186639467875,0.00024829671140954207,,,,,42,3,
resnet50_no_weights,IMAGENET100,fp32_unfused,layer2.0.conv1,conv,32768,6.5809813141822815,0.00020083561139472295,,,,,43,3,
resnet50_no_weights,IMAGENET100,fp32_unfused,layer2.0.conv1,conv,32768,8.443631688753763,0.00025767918972026865,,,,,44,3,
resnet50_no_weights,IMAGENET100,fp32_unfused,layer2.0.conv1,conv,32768,7.720266547467973,0.00023560383750817788,0.3261535841730694,2.169210930180844,0.5577881789168706,0.3734106970189277,aggregate,3,0.9985533269033383
resnet50_no_weights,IMAGENET100,fp32_unfused,layer2.0.conv2,conv,147456,60.97644214630127,0.00041352296377428704,,,,,42,3,
resnet50_no_weights,IMAGENET100,fp32_unfused,layer2.0.conv2,conv,147456,67.52763446172078,0.00045795108006266804,,,,,43,3,
resnet50_no_weights,IMAGENET100,fp32_unfused,layer2.0.conv2,conv,147456,61.26079832712809,0.0004154513775440002,,,,,44,3,
resnet50_no_weights,IMAGENET100,fp32_unfused,layer2.0.conv2,conv,147456,63.25495831171671,0.0004289751404603184,2.6722952171710723,3.9495857678043396,0.5577881789168706,0.3734106970189277,aggregate,3,3.7029766028836564
resnet50_no_weights,IMAGENET100,fp32_unfused,layer2.0.conv3,conv,65536,20.542400105794272,0.0003134521500517925,,,,,42,3,
resnet50_no_weights,IMAGENET100,fp32_unfused,layer2.0.conv3,conv,65536,21.25383842786153,0.0003243078373391957,,,,,43,3,
resnet50_no_weights,IMAGENET100,fp32_unfused,layer2.0.conv3,conv,65536,19.202683643058496,0.00029300969914334863,,,,,44,3,
resnet50_no_weights,IMAGENET100,fp32_unfused,layer2.0.conv3,conv,65536,20.332974058904767,0.0003102565621781123,0.8589952594816602,2.8565405935450157,0.5577881789168706,0.3734106970189277,aggregate,3,1.0414909695441055
resnet50_no_weights,IMAGENET100,fp32_unfused,layer2.0.downsample.0,conv,131072,41.619754473368324,0.000317533527171084,,,,,42,3,
resnet50_no_weights,IMAGENET100,fp32_unfused,layer2.0.downsample.0,conv,131072,29.108678817749023,0.00022208159498404711,,,,,43,3,
resnet50_no_weights,IMAGENET100,fp32_unfused,layer2.0.downsample.0,conv,131072,23.92313591639201,0.00018251904233087166,,,,,44,3,
resnet50_no_weights,IMAGENET100,fp32_unfused,layer2.0.downsample.0,conv,131072,31.550523069169785,0.00024071138816200092,1.332896489813524,2.216236287755254,0.5577881789168706,0.3734106970189277,aggregate,3,9.097501283260534
resnet50_no_weights,IMAGENET100,fp32_unfused,layer2.1.conv1,conv,65536,2.562511678095217,3.910082516624782e-05,,,,,42,3,
resnet50_no_weights,IMAGENET100,fp32_unfused,layer2.1.conv1,conv,65536,2.831002098321915,4.3197663853788984e-05,,,,,43,3,
resnet50_no_weights,IMAGENET100,fp32_unfused,layer2.1.conv1,conv,65536,2.319607663154602,3.539440403983462e-05,,,,,44,3,
resnet50_no_weights,IMAGENET100,fp32_unfused,layer2.1.conv1,conv,65536,2.5710404798572446,3.9230964353290475e-05,0.10861724299331484,0.361200554187658,0.5577881789168706,0.3734106970189277,aggregate,3,0.25580387492109213
resnet50_no_weights,IMAGENET100,fp32_unfused,layer2.1.conv2,conv,147456,84.73266379038493,0.000574630152658318,,,,,42,3,
resnet50_no_weights,IMAGENET100,fp32_unfused,layer2.1.conv2,conv,147456,66.43441902796427,0.00045053723841664134,,,,,43,3,
resnet50_no_weights,IMAGENET100,fp32_unfused,layer2.1.conv2,conv,147456,62.11100419362386,0.0004212172050891375,,,,,44,3,
resnet50_no_weights,IMAGENET100,fp32_unfused,layer2.1.conv2,conv,147456,71.09269567065769,0.0004821281987213656,3.0034115219914237,4.438967418680042,0.5577881789168706,0.3734106970189277,aggregate,3,12.008727105227697
resnet50_no_weights,IMAGENET100,fp32_unfused,layer2.1.conv3,conv,65536,16.291371528307597,0.00024858660168926386,,,,,42,3,
resnet50_no_weights,IMAGENET100,fp32_unfused,layer2.1.conv3,conv,65536,18.770849776268005,0.0002864204372599488,,,,,43,3,
resnet50_no_weights,IMAGENET100,fp32_unfused,layer2.1.conv3,conv,65536,12.924932877222696,0.00019721882442051233,,,,,44,3,
resnet50_no_weights,IMAGENET100,fp32_unfused,layer2.1.conv3,conv,65536,15.995718060599433,0.00024407528778990834,0.6757617427856103,2.2472078029821008,0.5577881789168706,0.3734106970189277,aggregate,3,2.934151381125687
resnet50_no_weights,IMAGENET100,fp32_unfused,layer2.2.conv1,conv,65536,8.721052098274232,0.00013307269437063952,,,,,42,3,
resnet50_no_weights,IMAGENET100,fp32_unfused,layer2.2.conv1,conv,65536,8.195813977718354,0.00012505819668149343,,,,,43,3,
resnet50_no_weights,IMAGENET100,fp32_unfused,layer2.2.conv1,conv,65536,8.803598856925964,0.0001343322579486994,,,,,44,3,
resnet50_no_weights,IMAGENET100,fp32_unfused,layer2.2.conv1,conv,65536,8.57348831097285,0.00013082104966694413,0.3621991448477654,1.204472956962835,0.5577881789168706,0.3734106970189277,aggregate,3,0.3296694076501458
resnet50_no_weights,IMAGENET100,fp32_unfused,layer2.2.conv2,conv,147456,30.08854157584054,0.0002040509818240054,,,,,42,3,
resnet50_no_weights,IMAGENET100,fp32_unfused,layer2.2.conv2,conv,147456,35.940085018382355,0.00024373430052613903,,,,,43,3,
resnet50_no_weights,IMAGENET100,fp32_unfused,layer2.2.conv2,conv,147456,25.304595708847046,0.00017160777254806212,,,,,44,3,
resnet50_no_weights,IMAGENET100,fp32_unfused,layer2.2.conv2,conv,147456,30.44440743435665,0.00020646435163273552,1.2861670697104715,1.9009228923908577,0.5577881789168706,0.3734106970189277,aggregate,3,5.326667682074133
resnet50_no_weights,IMAGENET100,fp32_unfused,layer2.2.conv3,conv,65536,19.174151055018108,0.00029257432640103314,,,,,42,3,
resnet50_no_weights,IMAGENET100,fp32_unfused,layer2.2.conv3,conv,65536,22.89638650417328,0.00034937113196065184,,,,,43,3,
resnet50_no_weights,IMAGENET100,fp32_unfused,layer2.2.conv3,conv,65536,20.786613925298056,0.00031717855720974817,,,,,44,3,
resnet50_no_weights,IMAGENET100,fp32_unfused,layer2.2.conv3,conv,65536,20.952383828163146,0.0003197080051904777,0.8851631016245837,2.9435602860306815,0.5577881789168706,0.3734106970189277,aggregate,3,1.8666464395430582
resnet50_no_weights,IMAGENET100,fp32_unfused,layer2.3.conv1,conv,65536,19.105723730723064,0.0002915302082935038,,,,,42,3,
resnet50_no_weights,IMAGENET100,fp32_unfused,layer2.3.conv1,conv,65536,18.020762952168784,0.00027497502063245826,,,,,43,3,
resnet50_no_weights,IMAGENET100,fp32_unfused,layer2.3.conv1,conv,65536,19.225843048095705,0.0002933630836196244,,,,,44,3,
resnet50_no_weights,IMAGENET100,fp32_unfused,layer2.3.conv1,conv,65536,18.784109910329185,0.00028662277084852883,0.7935613019428785,2.6389436349557216,0.5577881789168706,0.3734106970189277,aggregate,3,0.6638004945019768
resnet50_no_weights,IMAGENET100,fp32_unfused,layer2.3.conv2,conv,147456,25.582038464753523,0.00017348930165441573,,,,,42,3,
resnet50_no_weights,IMAGENET100,fp32_unfused,layer2.3.conv2,conv,147456,25.062405172983805,0.00016996531285931943,,,,,43,3,
resnet50_no_weights,IMAGENET100,fp32_unfused,layer2.3.conv2,conv,147456,21.6533541245894,0.000146846205814544,,,,,44,3,
resnet50_no_weights,IMAGENET100,fp32_unfused,layer2.3.conv2,conv,147456,24.099265920775576,0.00016343360677609304,1.0181075883421067,1.5047376559190109,0.5577881789168706,0.3734106970189277,aggregate,3,2.134096547844281
resnet50_no_weights,IMAGENET100,fp32_unfused,layer2.3.conv3,conv,65536,10.977171373367309,0.0001674983424891252,,,,,42,3,
resnet50_no_weights,IMAGENET100,fp32_unfused,layer2.3.conv3,conv,65536,9.957219501336416,0.0001519351120199038,,,,,43,3,
resnet50_no_weights,IMAGENET100,fp32_unfused,layer2.3.conv3,conv,65536,13.166611965497335,0.00020090655464931236,,,,,44,3,
resnet50_no_weights,IMAGENET100,fp32_unfused,layer2.3.conv3,conv,65536,11.367000946733686,0.00017344666971944711,0.4802150388566289,1.5969281983610817,0.5577881789168706,0.3734106970189277,aggregate,3,1.639824783157177
resnet50_no_weights,IMAGENET100,fp32_unfused,layer3.0.conv1,conv,131072,86.10250412623087,0.0006569099741075964,,,,,42,3,
resnet50_no_weights,IMAGENET100,fp32_unfused,layer3.0.conv1,conv,131072,94.84106360541449,0.0007235798920090827,,,,,43,3,
resnet50_no_weights,IMAGENET100,fp32_unfused,layer3.0.conv1,conv,131072,69.54408121109009,0.0005305792328726966,,,,,44,3,
resnet50_no_weights,IMAGENET100,fp32_unfused,layer3.0.conv1,conv,131072,83.49588298091182,0.0006370230329964586,3.527401719938161,5.865088364296725,0.5577881789168706,0.3734106970189277,aggregate,3,12.848353392988068
resnet50_no_weights,IMAGENET100,fp32_unfused,layer3.0.conv2,conv,589824,57.06373818715414,9.674706045727901e-05,,,,,42,3,
resnet50_no_weights,IMAGENET100,fp32_unfused,layer3.0.conv2,conv,589824,66.01949927012126,0.000111930845930517,,,,,43,3,
resnet50_no_weights,IMAGENET100,fp32_unfused,layer3.0.conv2,conv,589824,67.32613693237305,0.00011414614687156346,,,,,44,3,
resnet50_no_weights,IMAGENET100,fp32_unfused,layer3.0.conv2,conv,589824,63.46979146321615,0.00010760801775311982,2.681371147636675,0.990749941740909,0.5577881789168706,0.3734106970189277,aggregate,3,5.5861403873257895
resnet50_no_weights,IMAGENET100,fp32_unfused,layer3.0.conv3,conv,262144,55.97182038625081,0.0002135155501794846,,,,,42,3,
resnet50_no_weights,IMAGENET100,fp32_unfused,layer3.0.conv3,conv,262144,51.87671476999919,0.00019789396198272396,,,,,43,3,
resnet50_no_weights,IMAGENET100,fp32_unfused,layer3.0.conv3,conv,262144,67.3198348681132,0.000256804789993718,,,,,44,3,
resnet50_no_weights,IMAGENET100,fp32_unfused,layer3.0.conv3,conv,262144,58.38945667478774,0.0002227381007186422,2.4667452160244436,2.0507557421675253,0.5577881789168706,0.3734106970189277,aggregate,3,8.00038833488295
resnet50_no_weights,IMAGENET100,fp32_unfused,layer3.0.downsample.0,conv,524288,110.54451471964518,0.0002108469290154365,,,,,42,3,
resnet50_no_weights,IMAGENET100,fp32_unfused,layer3.0.downsample.0,conv,524288,94.0446022881402,0.00017937584359767951,,,,,43,3,
resnet50_no_weights,IMAGENET100,fp32_unfused,layer3.0.downsample.0,conv,524288,93.11268456776936,0.00017759835160783646,,,,,44,3,
resnet50_no_weights,IMAGENET100,fp32_unfused,layer3.0.downsample.0,conv,524288,99.23393385851824,0.00018927370807365082,4.1922779479892425,1.7426481702997325,0.5577881789168706,0.3734106970189277,aggregate,3,9.806326897541885
resnet50_no_weights,IMAGENET100,fp32_unfused,layer3.1.conv1,conv,262144,9.763748817443847,3.724574591615237e-05,,,,,42,3,
resnet50_no_weights,IMAGENET100,fp32_unfused,layer3.1.conv1,conv,262144,10.573741738001505,4.033562369537928e-05,,,,,43,3,
resnet50_no_weights,IMAGENET100,fp32_unfused,layer3.1.conv1,conv,262144,9.079079871827906,3.463394116145289e-05,,,,,44,3,
resnet50_no_weights,IMAGENET100,fp32_unfused,layer3.1.conv1,conv,262144,9.805523475757752,3.7405103590994844e-05,0.4142482136656864,0.3443898045646917,0.5577881789168706,0.3734106970189277,aggregate,3,0.7482060980146575
resnet50_no_weights,IMAGENET100,fp32_unfused,layer3.1.conv2,conv,589824,20.684514824549357,3.506896095199476e-05,,,,,42,3,
resnet50_no_weights,IMAGENET100,fp32_unfused,layer3.1.conv2,conv,589824,19.59998695055644,3.3230229611810365e-05,,,,,43,3,
resnet50_no_weights,IMAGENET100,fp32_unfused,layer3.1.conv2,conv,589824,19.91283573423113,3.376064001164946e-05,,,,,44,3,
resnet50_no_weights,IMAGENET100,fp32_unfused,layer3.1.conv2,conv,589824,20.065779169778974,3.4019943525151524e-05,0.8477072333202209,0.313222543908404,0.5577881789168706,0.3734106970189277,aggregate,3,0.5582060087680741
resnet50_no_weights,IMAGENET100,fp32_unfused,layer3.1.conv3,conv,262144,23.923344802856445,9.126031800406053e-05,,,,,42,3,
resnet50_no_weights,IMAGENET100,fp32_unfused,layer3.1.conv3,conv,262144,27.854667687416075,0.00010625712466207914,,,,,43,3,
resnet50_no_weights,IMAGENET100,fp32_unfused,layer3.1.conv3,conv,262144,23.841700589215314,9.094887004552961e-05,,,,,44,3,
resnet50_no_weights,IMAGENET100,fp32_unfused,layer3.1.conv3,conv,262144,25.206571026495943,9.615543757055643e-05,1.06488725932669,0.885305724984776,0.5577881789168706,0.3734106970189277,aggregate,3,2.2936822771664622
resnet50_no_weights,IMAGENET100,fp32_unfused,layer3.2.conv1,conv,262144,5.8275212478637695,2.223022936959751e-05,,,,,42,3,
resnet50_no_weights,IMAGENET100,fp32_unfused,layer3.2.conv1,conv,262144,5.244005001508272,2.000429154017743e-05,,,,,43,3,
resnet50_no_weights,IMAGENET100,fp32_unfused,layer3.2.conv1,conv,262144,6.028365364781132,2.299638887321904e-05,,,,,44,3,
resnet50_no_weights,IMAGENET100,fp32_unfused,layer3.2.conv1,conv,262144,5.699963871384392,2.1743636594331328e-05,0.24080303897263022,0.20019425261129942,0.5577881789168706,0.3734106970189277,aggregate,3,0.4074413553986753
resnet50_no_weights,IMAGENET100,fp32_unfused,layer3.2.conv2,conv,589824,21.910574776785715,3.714764875078958e-05,,,,,42,3,
resnet50_no_weights,IMAGENET100,fp32_unfused,layer3.2.conv2,conv,589824,24.270674917433,4.1149012107735525e-05,,,,,43,3,
resnet50_no_weights,IMAGENET100,fp32_unfused,layer3.2.conv2,conv,589824,23.544838015238444,3.9918412976139396e-05,,,,,44,3,
resnet50_no_weights,IMAGENET100,fp32_unfused,layer3.2.conv2,conv,589824,23.24202923648572,3.940502461155484e-05,0.9818924116578933,0.3628031317124152,0.5577881789168706,0.3734106970189277,aggregate,3,1.208837472879675
resnet50_no_weights,IMAGENET100,fp32_unfused,layer3.2.conv3,conv,262144,14.257121779701926,5.438660346871157e-05,,,,,42,3,
resnet50_no_weights,IMAGENET100,fp32_unfused,layer3.2.conv3,conv,262144,15.809108818278593,6.0306964181055426e-05,,,,,43,3,
resnet50_no_weights,IMAGENET100,fp32_unfused,layer3.2.conv3,conv,262144,20.704936933517455,7.898306630522711e-05,,,,,44,3,
resnet50_no_weights,IMAGENET100,fp32_unfused,layer3.2.conv3,conv,262144,16.923722510499324,6.455887798499803e-05,0.7149666038616407,0.5943953428195257,0.5577881789168706,0.3734106970189277,aggregate,3,3.3653161555205693
resnet50_no_weights,IMAGENET100,fp32_unfused,layer3.3.conv1,conv,262144,15.344548411991285,5.853480686947359e-05,,,,,42,3,
resnet50_no_weights,IMAGENET100,fp32_unfused,layer3.3.conv1,conv,262144,13.800485722223918,5.2644675148864434e-05,,,,,43,3,
resnet50_no_weights,IMAGENET100,fp32_unfused,layer3.3.conv1,conv,262144,12.086483510335286,4.610627559789767e-05,,,,,44,3,
resnet50_no_weights,IMAGENET100,fp32_unfused,layer3.3.conv1,conv,262144,13.743839214850164,5.242858587207857e-05,0.5806279346264192,0.48271141391612626,0.5577881789168706,0.3734106970189277,aggregate,3,1.6297709489216305
resnet50_no_weights,IMAGENET100,fp32_unfused,layer3.3.conv2,conv,589824,13.899640798568726,2.356574299887547e-05,,,,,42,3,
resnet50_no_weights,IMAGENET100,fp32_unfused,layer3.3.conv2,conv,589824,24.422646045684814,4.14066671510227e-05,,,,,43,3,
resnet50_no_weights,IMAGENET100,fp32_unfused,layer3.3.conv2,conv,589824,24.533915980656943,4.159531653621579e-05,,,,,44,3,
resnet50_no_weights,IMAGENET100,fp32_unfused,layer3.3.conv2,conv,589824,20.952067608303494,3.552257556203799e-05,0.8851497424691739,0.32705731787867465,0.5577881789168706,0.3734106970189277,aggregate,3,6.1078341643831875
resnet50_no_weights,IMAGENET100,fp32_unfused,layer3.3.conv3,conv,262144,21.02100788752238,8.018878130921318e-05,,,,,42,3,
resnet50_no_weights,IMAGENET100,fp32_unfused,layer3.3.conv3,conv,262144,17.192260837554933,6.558327040693258e-05,,,,,43,3,
resnet50_no_weights,IMAGENET100,fp32_unfused,layer3.3.conv3,conv,262144,23.49545520146688,8.962804871165038e-05,,,,,44,3,
resnet50_no_weights,IMAGENET100,fp32_unfused,layer3.3.conv3,conv,262144,20.569574642181397,7.846670014259871e-05,0.8689907859027551,0.7224450391163084,0.5577881789168706,0.3734106970189277,aggregate,3,3.17575326159986
resnet50_no_weights,IMAGENET100,fp32_unfused,layer3.4.conv1,conv,262144,13.300984541575113,5.073922936086698e-05,,,,,42,3,
resnet50_no_weights,IMAGENET100,fp32_unfused,layer3.4.conv1,conv,262144,16.11410125096639,6.147041798006588e-05,,,,,43,3,
resnet50_no_weights,IMAGENET100,fp32_unfused,layer3.4.conv1,conv,262144,17.199330301845777,6.561023827303229e-05,,,,,44,3,
resnet50_no_weights,IMAGENET100,fp32_unfused,layer3.4.conv1,conv,262144,15.538138698129092,5.9273295204655046e-05,0.6564306551611452,0.5457308386214661,0.5577881789168706,0.3734106970189277,aggregate,3,2.0119827442993157
resnet50_no_weights,IMAGENET100,fp32_unfused,layer3.4.conv2,conv,589824,23.49564399719238,3.98350084045281e-05,,,,,42,3,
resnet50_no_weights,IMAGENET100,fp32_unfused,layer3.4.conv2,conv,589824,23.9770206451416,4.0651144485713705e-05,,,,,43,3,
resnet50_no_weights,IMAGENET100,fp32_unfused,layer3.4.conv2,conv,589824,32.80476586958941,5.561788918319602e-05,,,,,44,3,
resnet50_no_weights,IMAGENET100,fp32_unfused,layer3.4.conv2,conv,589824,26.759143503974464,4.5368014024479274e-05,1.1304778804671167,0.4177045371728393,0.5577881789168706,0.3734106970189277,aggregate,3,5.241191964621736
resnet50_no_weights,IMAGENET100,fp32_unfused,layer3.4.conv3,conv,262144,16.825530815124512,6.418430639314465e-05,,,,,42,3,
resnet50_no_weights,IMAGENET100,fp32_unfused,layer3.4.conv3,conv,262144,16.182627058029176,6.173182318889304e-05,,,,,43,3,
resnet50_no_weights,IMAGENET100,fp32_unfused,layer3.4.conv3,conv,262144,19.88904816309611,7.587069764364666e-05,,,,,44,3,
resnet50_no_weights,IMAGENET100,fp32_unfused,layer3.4.conv3,conv,262144,17.632402012083265,6.726227574189478e-05,0.744905772159838,0.619285599382869,0.5577881789168706,0.3734106970189277,aggregate,3,1.980573199450764
resnet50_no_weights,IMAGENET100,fp32_unfused,layer3.5.conv1,conv,262144,27.500486644109092,0.00010490603120463979,,,,,42,3,
resnet50_no_weights,IMAGENET100,fp32_unfused,layer3.5.conv1,conv,262144,29.024566818686093,0.00011071993567919194,,,,,43,3,
resnet50_no_weights,IMAGENET100,fp32_unfused,layer3.5.conv1,conv,262144,27.014917612075806,0.00010305373234587023,,,,,44,3,
resnet50_no_weights,IMAGENET100,fp32_unfused,layer3.5.conv1,conv,262144,27.846657024956997,0.00010622656640990065,1.1764214279501317,0.9780308817081114,0.5577881789168706,0.3734106970189277,aggregate,3,1.0485933114604666
resnet50_no_weights,IMAGENET100,fp32_unfused,layer3.5.conv2,conv,589824,44.903857167561846,7.613094273471721e-05,,,,,42,3,
resnet50_no_weights,IMAGENET100,fp32_unfused,layer3.5.conv2,conv,589824,42.05364727973938,7.129863701670224e-05,,,,,43,3,
resnet50_no_weights,IMAGENET100,fp32_unfused,layer3.5.conv2,conv,589824,54.595096808213455,9.256167400481069e-05,,,,,44,3,
resnet50_no_weights,IMAGENET100,fp32_unfused,layer3.5.conv2,conv,589824,47.18420041850489,7.999708458541005e-05,1.993363310478323,0.7365353302415955,0.5577881789168706,0.3734106970189277,aggregate,3,6.574341265511457
resnet50_no_weights,IMAGENET100,fp32_unfused,layer3.5.conv3,conv,262144,36.17007557551066,0.0001379778883953501,,,,,42,3,
resnet50_no_weights,IMAGENET100,fp32_unfused,layer3.5.conv3,conv,262144,37.84818915316933,0.00014437938367145282,,,,,43,3,
resnet50_no_weights,IMAGENET100,fp32_unfused,layer3.5.conv3,conv,262144,35.688892968495686,0.00013614232242010378,,,,,44,3,
resnet50_no_weights,IMAGENET100,fp32_unfused,layer3.5.conv3,conv,262144,36.56905256572522,0.0001394998648289689,1.5449113694185104,1.2843790438483251,0.5577881789168706,0.3734106970189277,aggregate,3,1.1335903062072485
resnet50_no_weights,IMAGENET100,fp32_unfused,layer4.0.conv1,conv,524288,153.20719362894695,0.00029221953130521193,,,,,42,3,
resnet50_no_weights,IMAGENET100,fp32_unfused,layer4.0.conv1,conv,524288,138.0613338470459,0.0002633310963574331,,,,,43,3,
resnet50_no_weights,IMAGENET100,fp32_unfused,layer4.0.conv1,conv,524288,142.4861811319987,0.00027177082277679196,,,,,44,3,
resnet50_no_weights,IMAGENET100,fp32_unfused,layer4.0.conv1,conv,524288,144.5849028693305,0.00027577381681314565,6.108193803698833,2.5390570205292233,0.5577881789168706,0.3734106970189277,aggregate,3,7.78798702048956
resnet50_no_weights,IMAGENET100,fp32_unfused,layer4.0.conv2,conv,2359296,157.88908157348632,6.692211641671342e-05,,,,,42,3,
resnet50_no_weights,IMAGENET100,fp32_unfused,layer4.0.conv2,conv,2359296,161.88128346410292,6.86142321540421e-05,,,,,43,3,
resnet50_no_weights,IMAGENET100,fp32_unfused,layer4.0.conv2,conv,2359296,133.10063934326172,5.641540499507553e-05,,,,,44,3,
resnet50_no_weights,IMAGENET100,fp32_unfused,layer4.0.conv2,conv,2359296,150.95700146028366,6.398391785527703e-05,6.3773921249439915,0.589101669291115,0.5577881789168706,0.3734106970189277,aggregate,3,15.592359347594666
resnet50_no_weights,IMAGENET100,fp32_unfused,layer4.0.conv3,conv,1048576,138.68816159566242,0.0001322633377033829,,,,,42,3,
resnet50_no_weights,IMAGENET100,fp32_unfused,layer4.0.conv3,conv,1048576,145.56544125874836,0.00013882202268481099,,,,,43,3,
resnet50_no_weights,IMAGENET100,fp32_unfused,layer4.0.conv3,conv,1048576,125.95359911237445,0.00012011871253240056,,,,,44,3,
resnet50_no_weights,IMAGENET100,fp32_unfused,layer4.0.conv3,conv,1048576,136.73573398892842,0.00013040135764019815,5.776594558079201,1.2006088410750981,0.5577881789168706,0.3734106970189277,aggregate,3,9.950631550973279
resnet50_no_weights,IMAGENET100,fp32_unfused,layer4.0.downsample.0,conv,2097152,156.86693280537924,7.47999824549576e-05,,,,,42,3,
resnet50_no_weights,IMAGENET100,fp32_unfused,layer4.0.downsample.0,conv,2097152,183.35722223917642,8.743153678854772e-05,,,,,43,3,
resnet50_no_weights,IMAGENET100,fp32_unfused,layer4.0.downsample.0,conv,2097152,126.50269966125488,6.03211878114962e-05,,,,,44,3,
resnet50_no_weights,IMAGENET100,fp32_unfused,layer4.0.downsample.0,conv,2097152,155.57561823527018,7.418423568500051e-05,6.572512125765435,0.6830162725572299,0.5577881789168706,0.3734106970189277,aggregate,3,28.44924962771566
resnet50_no_weights,IMAGENET100,fp32_unfused,layer4.1.conv1,conv,1048576,65.87617721557618,6.282441827352159e-05,,,,,42,3,
resnet50_no_weights,IMAGENET100,fp32_unfused,layer4.1.conv1,conv,1048576,82.34285978837447,7.852827051961371e-05,,,,,43,3,
resnet50_no_weights,IMAGENET100,fp32_unfused,layer4.1.conv1,conv,1048576,56.62594546442447,5.40027098316426e-05,,,,,44,3,
resnet50_no_weights,IMAGENET100,fp32_unfused,layer4.1.conv1,conv,1048576,68.28166082279171,6.51184662082593e-05,2.8846553773389334,0.5995474867877099,0.5577881789168706,0.3734106970189277,aggregate,3,13.026115465662937
resnet50_no_weights,IMAGENET100,fp32_unfused,layer4.1.conv2,conv,2359296,109.68605473836263,4.649101034306955e-05,,,,,42,3,
resnet50_no_weights,IMAGENET100,fp32_unfused,layer4.1.conv2,conv,2359296,127.34074020385742,5.3974041495368714e-05,,,,,43,3,
resnet50_no_weights,IMAGENET100,fp32_unfused,layer4.1.conv2,conv,2359296,151.04881553649903,6.402283373366421e-05,,,,,44,3,
resnet50_no_weights,IMAGENET100,fp32_unfused,layer4.1.conv2,conv,2359296,129.35853682623969,5.482929519070082e-05,5.464934425495895,0.5048148098082311,0.5577881789168706,0.3734106970189277,aggregate,3,20.755074623280336
resnet50_no_weights,IMAGENET100,fp32_unfused,layer4.1.conv3,conv,1048576,111.23139762878418,0.00010607852709654253,,,,,42,3,
resnet50_no_weights,IMAGENET100,fp32_unfused,layer4.1.conv3,conv,1048576,113.1034720102946,0.00010786387635259113,,,,,43,3,
resnet50_no_weights,IMAGENET100,fp32_unfused,layer4.1.conv3,conv,1048576,120.49154535929362,0.00011490969215325701,,,,,44,3,
resnet50_no_weights,IMAGENET100,fp32_unfused,layer4.1.conv3,conv,1048576,114.9421383327908,0.0001096173652007969,4.855893272499992,1.0092500582590909,0.5577881789168706,0.3734106970189277,aggregate,3,4.8962336935471225
resnet50_no_weights,IMAGENET100,fp32_unfused,layer4.2.conv1,conv,1048576,269.9766082763672,0.0002574697573436424,,,,,42,3,
resnet50_no_weights,IMAGENET100,fp32_unfused,layer4.2.conv1,conv,1048576,243.53373018900552,0.00023225186365986397,,,,,43,3,
resnet50_no_weights,IMAGENET100,fp32_unfused,layer4.2.conv1,conv,1048576,227.18897018432617,0.00021666428583557717,,,,,44,3,
resnet50_no_weights,IMAGENET100,fp32_unfused,layer4.2.conv1,conv,1048576,246.89976954989962,0.00023546196894636118,10.430630118155086,2.1679047424795037,0.5577881789168706,0.3734106970189277,aggregate,3,21.591506642848856
resnet50_no_weights,IMAGENET100,fp32_unfused,layer4.2.conv2,conv,2359296,184.25596194797092,7.809785713533652e-05,,,,,42,3,
resnet50_no_weights,IMAGENET100,fp32_unfused,layer4.2.conv2,conv,2359296,196.53904965718587,8.330410836842255e-05,,,,,43,3,
resnet50_no_weights,IMAGENET100,fp32_unfused,layer4.2.conv2,conv,2359296,236.14856321915337,0.0001000928087103752,,,,,44,3,
resnet50_no_weights,IMAGENET100,fp32_unfused,layer4.2.conv2,conv,2359296,205.64785827477004,8.716492473804476e-05,8.687884756495826,0.802529829182406,0.5577881789168706,0.3734106970189277,aggregate,3,27.118965918639187
resnet50_no_weights,IMAGENET100,fp32_unfused,layer4.2.conv3,conv,1048576,33.24767564137777,3.170745433938767e-05,,,,,42,3,
resnet50_no_weights,IMAGENET100,fp32_unfused,layer4.2.conv3,conv,1048576,36.67701816558838,3.497793022688711e-05,,,,,43,3,
resnet50_no_weights,IMAGENET100,fp32_unfused,layer4.2.conv3,conv,1048576,33.50306970932905,3.195101710255532e-05,,,,,44,3,
resnet50_no_weights,IMAGENET100,fp32_unfused,layer4.2.conv3,conv,1048576,34.475921172098396,3.28788005562767e-05,1.456484071995669,0.3027160096041978,0.5577881789168706,0.3734106970189277,aggregate,3,1.9104783467888744
resnet50_no_weights,IMAGENET100,fp32_unfused,fc,linear,204800,6.186334578196208,3.020671180759867e-05,,,,,42,3,
resnet50_no_weights,IMAGENET100,fp32_unfused,fc,linear,204800,5.146140213670401,2.5127637762062506e-05,,,,,43,3,
resnet50_no_weights,IMAGENET100,fp32_unfused,fc,linear,204800,5.11125127474467,2.495728161496421e-05,,,,,44,3,
resnet50_no_weights,IMAGENET100,fp32_unfused,fc,linear,204800,5.48124202220376,2.6763877061541796e-05,0.23156282497113034,0.2464157429265034,0.5577881789168706,0.3734106970189277,aggregate,3,0.6108771921604321
resnet50_no_weights,IMAGENET100,fp32_fused,conv1,conv,9408,2357.513279215495,0.2505860203247763,,,,,42,3,
resnet50_no_weights,IMAGENET100,fp32_fused,conv1,conv,9408,2171.3787773980034,0.23080131562478778,,,,,43,3,
resnet50_no_weights,IMAGENET100,fp32_fused,conv1,conv,9408,3008.7916259765625,0.3198120350740394,,,,,44,3,
resnet50_no_weights,IMAGENET100,fp32_fused,conv1,conv,9408,2512.5612275300205,0.2670664570078678,149.93014212574062,3856.5211767018436,0.24837021543637508,0.07587527149894129,aggregate,3,439.71009705091143
resnet50_no_weights,IMAGENET100,fp32_fused,layer1.0.conv1,conv,4096,12.658477528889973,0.0030904486154516536,,,,,42,3,
resnet50_no_weights,IMAGENET100,fp32_fused,layer1.0.conv1,conv,4096,15.707411541658288,0.003834817270912668,,,,,43,3,
resnet50_no_weights,IMAGENET100,fp32_fused,layer1.0.conv1,conv,4096,15.390042130152384,0.0037573345044317344,,,,,44,3,
resnet50_no_weights,IMAGENET100,fp32_fused,layer1.0.conv1,conv,4096,14.58531040023355,0.003560866796932019,0.8703380587484333,51.42000370858341,0.24837021543637508,0.07587527149894129,aggregate,3,1.6762143423224538
resnet50_no_weights,IMAGENET100,fp32_fused,layer1.0.conv2,conv,36864,21.89185473124186,0.0005938545662771772,,,,,42,3,
resnet50_no_weights,IMAGENET100,fp32_fused,layer1.0.conv2,conv,36864,16.157500076293946,0.00043830024078488354,,,,,43,3,
resnet50_no_weights,IMAGENET100,fp32_fused,layer1.0.conv2,conv,36864,23.482651042938233,0.0006370076780310936,,,,,44,3,
resnet50_no_weights,IMAGENET100,fp32_fused,layer1.0.conv2,conv,36864,20.51066861682468,0.0005563874950310515,1.22391742223832,8.034405297765002,0.24837021543637508,0.07587527149894129,aggregate,3,3.8529489333530695
resnet50_no_weights,IMAGENET100,fp32_fused,layer1.0.conv3,conv,16384,20.185446723302206,0.0012320218947328007,,,,,42,3,
resnet50_no_weights,IMAGENET100,fp32_fused,layer1.0.conv3,conv,16384,22.930392068007897,0.0013995600627446226,,,,,43,3,
resnet50_no_weights,IMAGENET100,fp32_fused,layer1.0.conv3,conv,16384,20.543649101257323,0.0012538848328404128,,,,,44,3,
resnet50_no_weights,IMAGENET100,fp32_fused,layer1.0.conv3,conv,16384,21.219829297522477,0.001295155596772612,1.2662346244947325,18.702442238675992,0.24837021543637508,0.07587527149894129,aggregate,3,1.4921782667366679
resnet50_no_weights,IMAGENET100,fp32_fused,layer1.0.downsample.0,conv,16384,19.515153392155966,0.001191110436532957,,,,,42,3,
resnet50_no_weights,IMAGENET100,fp32_fused,layer1.0.downsample.0,conv,16384,13.999780058860779,0.0008544787633582018,,,,,43,3,
resnet50_no_weights,IMAGENET100,fp32_fused,layer1.0.downsample.0,conv,16384,21.849688922657688,0.0013335991774083061,,,,,44,3,
resnet50_no_weights,IMAGENET100,fp32_fused,layer1.0.downsample.0,conv,16384,18.454874124558145,0.0011263961257664884,1.1012435717348485,16.265503953742126,0.24837021543637508,0.07587527149894129,aggregate,3,4.030931826073551
resnet50_no_weights,IMAGENET100,fp32_fused,layer1.1.conv1,conv,16384,7.231132034460703,0.0004413532735876894,,,,,42,3,
resnet50_no_weights,IMAGENET100,fp32_fused,layer1.1.conv1,conv,16384,8.173001571496327,0.0004988404279477739,,,,,43,3,
resnet50_no_weights,IMAGENET100,fp32_fused,layer1.1.conv1,conv,16384,6.1366605997085575,0.0003745520385564305,,,,,44,3,
resnet50_no_weights,IMAGENET100,fp32_fused,layer1.1.conv1,conv,16384,7.180264735221862,0.00043824858003063124,0.4284624392260285,6.3284432964108674,0.24837021543637508,0.07587527149894129,aggregate,3,1.0191230298370653
resnet50_no_weights,IMAGENET100,fp32_fused,layer1.1.conv2,conv,36864,2.498737895144866,6.778260349242801e-05,,,,,42,3,
resnet50_no_weights,IMAGENET100,fp32_fused,layer1.1.conv2,conv,36864,2.346705683072408,6.365846579514996e-05,,,,,43,3,
resnet50_no_weights,IMAGENET100,fp32_fused,layer1.1.conv2,conv,36864,1.598396318157514,4.335927512363048e-05,,,,,44,3,
resnet50_no_weights,IMAGENET100,fp32_fused,layer1.1.conv2,conv,36864,2.1479466321249294,5.8266781470402814e-05,0.12817277457934056,0.8413901137432889,0.24837021543637508,0.07587527149894129,aggregate,3,0.48195706143096895
resnet50_no_weights,IMAGENET100,fp32_fused,layer1.1.conv3,conv,16384,5.904622662067413,0.0003603895667765755,,,,,42,3,
resnet50_no_weights,IMAGENET100,fp32_fused,layer1.1.conv3,conv,16384,4.615787772337596,0.0002817253279014646,,,,,43,3,
resnet50_no_weights,IMAGENET100,fp32_fused,layer1.1.conv3,conv,16384,5.73223950607436,0.0003498681339156714,,,,,44,3,
resnet50_no_weights,IMAGENET100,fp32_fused,layer1.1.conv3,conv,16384,5.41754998015979,0.0003306610095312372,0.323277311453679,4.774845931060743,0.24837021543637508,0.07587527149894129,aggregate,3,0.6996756152221331
resnet50_no_weights,IMAGENET100,fp32_fused,layer1.2.conv1,conv,16384,0.5235846936702728,3.195707358827349e-05,,,,,42,3,
resnet50_no_weights,IMAGENET100,fp32_fused,layer1.2.conv1,conv,16384,0.49225929255286854,3.0045122836478793e-05,,,,,43,3,
resnet50_no_weights,IMAGENET100,fp32_fused,layer1.2.conv1,conv,16384,0.41844918131828307,2.5540111164445988e-05,,,,,44,3,
resnet50_no_weights,IMAGENET100,fp32_fused,layer1.2.conv1,conv,16384,0.47809772251380817,2.9180769196399424e-05,0.02852915929016169,0.4213792163163639,0.24837021543637508,0.07587527149894129,aggregate,3,0.053979454784735065
resnet50_no_weights,IMAGENET100,fp32_fused,layer1.2.conv2,conv,36864,0.09070430006831884,2.4605116120963227e-06,,,,,42,3,
resnet50_no_weights,IMAGENET100,fp32_fused,layer1.2.conv2,conv,36864,0.11598429928223292,3.1462754796612663e-06,,,,,43,3,
resnet50_no_weights,IMAGENET100,fp32_fused,layer1.2.conv2,conv,36864,0.14640486963714164,3.971486264028365e-06,,,,,44,3,
resnet50_no_weights,IMAGENET100,fp32_fused,layer1.2.conv2,conv,36864,0.1176978229958978,3.1927577852619846e-06,0.0070232920640157315,0.04610439719346627,0.24837021543637508,0.07587527149894129,aggregate,3,0.02788979177424575
resnet50_no_weights,IMAGENET100,fp32_fused,layer1.2.conv3,conv,16384,0.8097759038209915,4.942479881719919e-05,,,,,42,3,
resnet50_no_weights,IMAGENET100,fp32_fused,layer1.2.conv3,conv,16384,0.7074964225292206,4.3182154695387e-05,,,,,43,3,
resnet50_no_weights,IMAGENET100,fp32_fused,layer1.2.conv3,conv,16384,0.6326900894443194,3.861633846706051e-05,,,,,44,3,
resnet50_no_weights,IMAGENET100,fp32_fused,layer1.2.conv3,conv,16384,0.7166541385981772,4.37410973265489e-05,0.042764353631553884,0.6316347998994223,0.24837021543637508,0.07587527149894129,aggregate,3,0.08889738036670156
resnet50_no_weights,IMAGENET100,fp32_fused,layer2.0.conv1,conv,32768,4.053547756238417,0.00012370446033442434,,,,,42,3,
resnet50_no_weights,IMAGENET100,fp32_fused,layer2.0.conv1,conv,32768,4.904510707855224,0.00014967378869187086,,,,,43,3,
resnet50_no_weights,IMAGENET100,fp32_fused,layer2.0.conv1,conv,32768,4.913488891389635,0.00014994778110930283,,,,,44,3,
resnet50_no_weights,IMAGENET100,fp32_fused,layer2.0.conv1,conv,32768,4.623849118494426,0.00014110867671186602,0.27591540771539924,2.0376523733179033,0.24837021543637508,0.07587527149894129,aggregate,3,0.4939158681275474
resnet50_no_weights,IMAGENET100,fp32_fused,layer2.0.conv2,conv,147456,20.810515615675186,0.00014113034136064445,,,,,42,3,
resnet50_no_weights,IMAGENET100,fp32_fused,layer2.0.conv2,conv,147456,15.466601848602295,0.00010488960672066444,,,,,43,3,
resnet50_no_weights,IMAGENET100,fp32_fused,layer2.0.conv2,conv,147456,14.290398955345154,9.691297034603647e-05,,,,,44,3,
resnet50_no_weights,IMAGENET100,fp32_fused,layer2.0.conv2,conv,147456,16.855838806540877,0.0001143109728091151,1.0058255616710348,1.6506853474105652,0.24837021543637508,0.07587527149894129,aggregate,3,3.4749769510106323
resnet50_no_weights,IMAGENET100,fp32_fused,layer2.0.conv3,conv,65536,19.707432174682616,0.0003007115505170077,,,,,42,3,
resnet50_no_weights,IMAGENET100,fp32_fused,layer2.0.conv3,conv,65536,21.15755285422007,0.0003228386360812389,,,,,43,3,
resnet50_no_weights,IMAGENET100,fp32_fused,layer2.0.conv3,conv,65536,22.10181711514791,0.0003372469652579942,,,,,44,3,
resnet50_no_weights,IMAGENET100,fp32_fused,layer2.0.conv3,conv,65536,20.988934048016866,0.0003202657172854136,1.2524565890800228,4.624734737265851,0.24837021543637508,0.07587527149894129,aggregate,3,1.2060655194208119
resnet50_no_weights,IMAGENET100,fp32_fused,layer2.0.downsample.0,conv,131072,33.09959345597487,0.00025252985729961295,,,,,42,3,
resnet50_no_weights,IMAGENET100,fp32_fused,layer2.0.downsample.0,conv,131072,28.53237829208374,0.00021768477090517991,,,,,43,3,
resnet50_no_weights,IMAGENET100,fp32_fused,layer2.0.downsample.0,conv,131072,32.647068073875026,0.0002490773626241686,,,,,44,3,
resnet50_no_weights,IMAGENET100,fp32_fused,layer2.0.downsample.0,conv,131072,31.426346607311213,0.00023976399694298716,1.8752803162368545,3.4622653177072915,0.24837021543637508,0.07587527149894129,aggregate,3,2.5164427795037474
resnet50_no_weights,IMAGENET100,fp32_fused,layer2.1.conv1,conv,65536,18.678687461217244,0.0002850141519350776,,,,,42,3,
resnet50_no_weights,IMAGENET100,fp32_fused,layer2.1.conv1,conv,65536,12.294129260381062,0.00018759352509126377,,,,,43,3,
resnet50_no_weights,IMAGENET100,fp32_fused,layer2.1.conv1,conv,65536,19.008943684895833,0.000290053461988767,,,,,44,3,
resnet50_no_weights,IMAGENET100,fp32_fused,layer2.1.conv1,conv,65536,16.660586802164712,0.00025422037967170276,0.9941744383289651,3.671019897958289,0.24837021543637508,0.07587527149894129,aggregate,3,3.785066827873598
resnet50_no_weights,IMAGENET100,fp32_fused,layer2.1.conv2,conv,147456,17.511313025767986,0.0001187561918522677,,,,,42,3,
resnet50_no_weights,IMAGENET100,fp32_fused,layer2.1.conv2,conv,147456,21.261012705167136,0.00014418547027701236,,,,,43,3,
resnet50_no_weights,IMAGENET100,fp32_fused,layer2.1.conv2,conv,147456,21.936268377304078,0.00014876484088340982,,,,,44,3,
resnet50_no_weights,IMAGENET100,fp32_fused,layer2.1.conv2,conv,147456,20.236198036079735,0.00013723550100422997,1.2075391494505645,1.9817225335883653,0.24837021543637508,0.07587527149894129,aggregate,3,2.383850099157771
resnet50_no_weights,IMAGENET100,fp32_fused,layer2.1.conv3,conv,65536,13.669030570983887,0.00020857285417150707,,,,,42,3,
resnet50_no_weights,IMAGENET100,fp32_fused,layer2.1.conv3,conv,65536,18.884318129221597,0.00028815182692293697,,,,,43,3,
resnet50_no_weights,IMAGENET100,fp32_fused,layer2.1.conv3,conv,65536,13.452071677554738,0.00020526232418143826,,,,,44,3,
resnet50_no_weights,IMAGENET100,fp32_fused,layer2.1.conv3,conv,65536,15.335140125920073,0.0002339956684252941,0.9150820737839603,3.378968892795341,0.24837021543637508,0.07587527149894129,aggregate,3,3.0755920023141954
resnet50_no_weights,IMAGENET100,fp32_fused,layer2.2.conv1,conv,65536,4.62333392013203,7.054647705279587e-05,,,,,42,3,
resnet50_no_weights,IMAGENET100,fp32_fused,layer2.2.conv1,conv,65536,4.886780887842178,7.456635876224027e-05,,,,,43,3,
resnet50_no_weights,IMAGENET100,fp32_fused,layer2.2.conv1,conv,65536,4.450457620620727,6.790859406464733e-05,,,,,44,3,
resnet50_no_weights,IMAGENET100,fp32_fused,layer2.2.conv1,conv,65536,4.6535241428649785,7.100714329322782e-05,0.27768618272088463,1.0253648281984287,0.24837021543637508,0.07587527149894129,aggregate,3,0.21972274698173427
resnet50_no_weights,IMAGENET100,fp32_fused,layer2.2.conv2,conv,147456,12.585022536913554,8.534764632781002e-05,,,,,42,3,
resnet50_no_weights,IMAGENET100,fp32_fused,layer2.2.conv2,conv,147456,11.795551104204995,7.999370052222354e-05,,,,,43,3,
resnet50_no_weights,IMAGENET100,fp32_fused,layer2.2.conv2,conv,147456,13.174623727798462,8.934613530679296e-05,,,,,44,3,
resnet50_no_weights,IMAGENET100,fp32_fused,layer2.2.conv2,conv,147456,12.518399122972337,8.489582738560884e-05,0.7470008448467008,1.225921666817857,0.24837021543637508,0.07587527149894129,aggregate,3,0.6919460490169226
resnet50_no_weights,IMAGENET100,fp32_fused,layer2.2.conv3,conv,65536,24.69581894874573,0.00037682829206460157,,,,,42,3,
resnet50_no_weights,IMAGENET100,fp32_fused,layer2.2.conv3,conv,65536,19.887739594777425,0.00030346282340663796,,,,,43,3,
resnet50_no_weights,IMAGENET100,fp32_fused,layer2.2.conv3,conv,65536,18.020762348175047,0.00027497501141624523,,,,,44,3,
resnet50_no_weights,IMAGENET100,fp32_fused,layer2.2.conv3,conv,65536,20.8681069638994,0.00031842204229582825,1.245246567013345,4.598111507527637,0.24837021543637508,0.07587527149894129,aggregate,3,3.44382567634236
resnet50_no_weights,IMAGENET100,fp32_fused,layer2.3.conv1,conv,65536,10.432081094154945,0.0001591809248986045,,,,,42,3,
resnet50_no_weights,IMAGENET100,fp32_fused,layer2.3.conv1,conv,65536,11.562723406155904,0.00017643315744256445,,,,,43,3,
resnet50_no_weights,IMAGENET100,fp32_fused,layer2.3.conv1,conv,65536,9.167371849219004,0.00013988299330473333,,,,,44,3,
resnet50_no_weights,IMAGENET100,fp32_fused,layer2.3.conv1,conv,65536,10.38739211650995,0.00015849902521530076,0.6198388955779294,2.288774315118874,0.24837021543637508,0.07587527149894129,aggregate,3,1.1983009216687701
resnet50_no_weights,IMAGENET100,fp32_fused,layer2.3.conv2,conv,147456,4.9825556635856625,3.379011816125259e-05,,,,,42,3,
resnet50_no_weights,IMAGENET100,fp32_fused,layer2.3.conv2,conv,147456,5.636498955885569,3.822495494171529e-05,,,,,43,3,
resnet50_no_weights,IMAGENET100,fp32_fused,layer2.3.conv2,conv,147456,5.6396942010947635,3.824662408511531e-05,,,,,44,3,
resnet50_no_weights,IMAGENET100,fp32_fused,layer2.3.conv2,conv,147456,5.419582940188665,3.6753899062694395e-05,0.3233986227207341,0.5307375237222968,0.24837021543637508,0.07587527149894129,aggregate,3,0.37848009560512524
resnet50_no_weights,IMAGENET100,fp32_fused,layer2.3.conv3,conv,65536,7.090591083873402,0.00010819383367726749,,,,,42,3,
resnet50_no_weights,IMAGENET100,fp32_fused,layer2.3.conv3,conv,65536,10.16749898592631,0.00015514372231943221,,,,,43,3,
resnet50_no_weights,IMAGENET100,fp32_fused,layer2.3.conv3,conv,65536,11.811070434252422,0.00018022263235858798,,,,,44,3,
resnet50_no_weights,IMAGENET100,fp32_fused,layer2.3.conv3,conv,65536,9.689720168017377,0.00014785339611842922,0.5782072516408527,2.1350481807650232,0.24837021543637508,0.07587527149894129,aggregate,3,2.3962336642052513
resnet50_no_weights,IMAGENET100,fp32_fused,layer3.0.conv1,conv,131072,45.42224640316434,0.000346544238305392,,,,,42,3,
resnet50_no_weights,IMAGENET100,fp32_fused,layer3.0.conv1,conv,131072,33.09365460077922,0.00025248454743026136,,,,,43,3,
resnet50_no_weights,IMAGENET100,fp32_fused,layer3.0.conv1,conv,131072,32.4703337987264,0.00024772898711186524,,,,,44,3,
resnet50_no_weights,IMAGENET100,fp32_fused,layer3.0.conv1,conv,131072,36.99541160088999,0.0002822525909491729,2.207598867063006,4.075813587261468,0.24837021543637508,0.07587527149894129,aggregate,3,7.304504828815202
resnet50_no_weights,IMAGENET100,fp32_fused,layer3.0.conv2,conv,589824,25.193253326416016,4.271317092287872e-05,,,,,42,3,
resnet50_no_weights,IMAGENET100,fp32_fused,layer3.0.conv2,conv,589824,26.63964900970459,4.516542054867993e-05,,,,,43,3,
resnet50_no_weights,IMAGENET100,fp32_fused,layer3.0.conv2,conv,589824,24.04489959081014,4.0766227876129386e-05,,,,,44,3,
resnet50_no_weights,IMAGENET100,fp32_fused,layer3.0.conv2,conv,589824,25.292600642310248,4.288160644922934e-05,1.50926599020993,0.6192234892215438,0.24837021543637508,0.07587527149894129,aggregate,3,1.3002244243186694
resnet50_no_weights,IMAGENET100,fp32_fused,layer3.0.conv3,conv,262144,70.26283372243246,0.00026803143967602715,,,,,42,3,
resnet50_no_weights,IMAGENET100,fp32_fused,layer3.0.conv3,conv,262144,46.943565567334495,0.0001790754912083988,,,,,43,3,
resnet50_no_weights,IMAGENET100,fp32_fused,layer3.0.conv3,conv,262144,57.41189200083415,0.00021900898742993984,,,,,44,3,
resnet50_no_weights,IMAGENET100,fp32_fused,layer3.0.conv3,conv,262144,58.20609709686703,0.00022203863943812192,3.4732878604900232,3.2063057436447577,0.24837021543637508,0.07587527149894129,aggregate,3,11.679903172683623
resnet50_no_weights,IMAGENET100,fp32_fused,layer3.0.downsample.0,conv,524288,28.930162702287948,5.51799062772521e-05,,,,,42,3,
resnet50_no_weights,IMAGENET100,fp32_fused,layer3.0.downsample.0,conv,524288,27.086922105153402,5.1664203844363026e-05,,,,,43,3,
resnet50_no_weights,IMAGENET100,fp32_fused,layer3.0.downsample.0,conv,524288,26.48747138977051,5.052084234193899e-05,,,,,44,3,
resnet50_no_weights,IMAGENET100,fp32_fused,layer3.0.downsample.0,conv,524288,27.50151873240395,5.2454984154518035e-05,1.6410770679114828,0.7574659861140812,0.24837021543637508,0.07587527149894129,aggregate,3,1.27302905880333
resnet50_no_weights,IMAGENET100,fp32_fused,layer3.1.conv1,conv,262144,10.784529245816744,4.1139714225069976e-05,,,,,42,3,
resnet50_no_weights,IMAGENET100,fp32_fused,layer3.1.conv1,conv,262144,12.37722057501475,4.721534948354626e-05,,,,,43,3,
resnet50_no_weights,IMAGENET100,fp32_fused,layer3.1.conv1,conv,262144,11.433922727902731,4.361695376549809e-05,,,,,44,3,
resnet50_no_weights,IMAGENET100,fp32_fused,layer3.1.conv1,conv,262144,11.531890849578074,4.399067249137144e-05,0.6881336920714344,0.6352387414767376,0.24837021543637508,0.07587527149894129,aggregate,3,0.8008525033825356
resnet50_no_weights,IMAGENET100,fp32_fused,layer3.1.conv2,conv,589824,8.45087221066157,1.4327786272958663e-05,,,,,42,3,
resnet50_no_weights,IMAGENET100,fp32_fused,layer3.1.conv2,conv,589824,6.659363999962807,1.1290425618426525e-05,,,,,43,3,
resnet50_no_weights,IMAGENET100,fp32_fused,layer3.1.conv2,conv,589824,7.067097479646856,1.1981705525117418e-05,,,,,44,3,
resnet50_no_weights,IMAGENET100,fp32_fused,layer3.1.conv2,conv,589824,7.392444563423744,1.2533305805500868e-05,0.44112368363669563,0.18098476234913433,0.24837021543637508,0.07587527149894129,aggregate,3,0.9390226093880092
resnet50_no_weights,IMAGENET100,fp32_fused,layer3.1.conv3,conv,262144,25.87819570965237,9.87174824129195e-05,,,,,42,3,
resnet50_no_weights,IMAGENET100,fp32_fused,layer3.1.conv3,conv,262144,23.00373371442159,8.775228009956966e-05,,,,,43,3,
resnet50_no_weights,IMAGENET100,fp32_fused,layer3.1.conv3,conv,262144,24.31383760770162,9.274992983894965e-05,,,,,44,3,
resnet50_no_weights,IMAGENET100,fp32_fused,layer3.1.conv3,conv,262144,24.39858901059186,9.307323078381294e-05,1.4559183187036833,1.3440058685140612,0.24837021543637508,0.07587527149894129,aggregate,3,1.4391039019908984
resnet50_no_weights,IMAGENET100,fp32_fused,layer3.2.conv1,conv,262144,8.391438070933024,3.201079586384973e-05,,,,,42,3,
resnet50_no_weights,IMAGENET100,fp32_fused,layer3.2.conv1,conv,262144,10.596707413593927,4.042323079526492e-05,,,,,43,3,
resnet50_no_weights,IMAGENET100,fp32_fused,layer3.2.conv1,conv,262144,8.76093414624532,3.342031153200272e-05,,,,,44,3,
resnet50_no_weights,IMAGENET100,fp32_fused,layer3.2.conv1,conv,262144,9.249693210257425,3.5284779397039126e-05,0.5519498599429946,0.5095229872163447,0.24837021543637508,0.07587527149894129,aggregate,3,1.1810873318305062
resnet50_no_weights,IMAGENET100,fp32_fused,layer3.2.conv2,conv,589824,10.36008725563685,1.7564709566984135e-05,,,,,42,3,
resnet50_no_weights,IMAGENET100,fp32_fused,layer3.2.conv2,conv,589824,7.830010461807251,1.3275164221542783e-05,,,,,43,3,
resnet50_no_weights,IMAGENET100,fp32_fused,layer3.2.conv2,conv,589824,6.179007246576506,1.0476018687907759e-05,,,,,44,3,
resnet50_no_weights,IMAGENET100,fp32_fused,layer3.2.conv2,conv,589824,8.12303498800687,1.377196415881156e-05,0.4847196465900579,0.19887136714316353,0.24837021543637508,0.07587527149894129,aggregate,3,2.1058858089309815
resnet50_no_weights,IMAGENET100,fp32_fused,layer3.2.conv3,conv,262144,14.973554909229279,5.7119578968922724e-05,,,,,42,3,
resnet50_no_weights,IMAGENET100,fp32_fused,layer3.2.conv3,conv,262144,20.399383068084717,7.781747081025969e-05,,,,,43,3,
resnet50_no_weights,IMAGENET100,fp32_fused,layer3.2.conv3,conv,262144,17.969812468478555,6.854939448729917e-05,,,,,44,3,
resnet50_no_weights,IMAGENET100,fp32_fused,layer3.2.conv3,conv,262144,17.780916815264185,6.782881475549387e-05,1.061027033303083,0.9794687937446308,0.24837021543637508,0.07587527149894129,aggregate,3,2.7178417868245406
resnet50_no_weights,IMAGENET100,fp32_fused,layer3.3.conv1,conv,262144,8.331960678100586,3.1783907616045326e-05,,,,,42,3,
resnet50_no_weights,IMAGENET100,fp32_fused,layer3.3.conv1,conv,262144,7.655845787790087,2.9204733992729518e-05,,,,,43,3,
resnet50_no_weights,IMAGENET100,fp32_fused,layer3.3.conv1,conv,262144,7.907739027341207,3.01656304448746e-05,,,,,44,3,
resnet50_no_weights,IMAGENET100,fp32_fused,layer3.3.conv1,conv,262144,7.9651818310772935,3.0384757351216482e-05,0.4753001960333389,0.4387651728590583,0.24837021543637508,0.07587527149894129,aggregate,3,0.3416981021321182
resnet50_no_weights,IMAGENET100,fp32_fused,layer3.3.conv2,conv,589824,5.2770507055170395,8.94682262084459e-06,,,,,42,3,
resnet50_no_weights,IMAGENET100,fp32_fused,layer3.3.conv2,conv,589824,6.278866473366232,1.064532211874429e-05,,,,,43,3,
resnet50_no_weights,IMAGENET100,fp32_fused,layer3.3.conv2,conv,589824,6.0636546532313025,1.028044747794478e-05,,,,,44,3,
resnet50_no_weights,IMAGENET100,fp32_fused,layer3.3.conv2,conv,589824,5.873190610704858,9.957530739177887e-06,0.3504664058914057,0.1437897839868665,0.24837021543637508,0.07587527149894129,aggregate,3,0.5273671603346698
resnet50_no_weights,IMAGENET100,fp32_fused,layer3.3.conv3,conv,262144,17.158923371632895,6.545609806683691e-05,,,,,42,3,
resnet50_no_weights,IMAGENET100,fp32_fused,layer3.3.conv3,conv,262144,16.93095610936483,6.45864719748109e-05,,,,,43,3,
resnet50_no_weights,IMAGENET100,fp32_fused,layer3.3.conv3,conv,262144,21.4891668399175,8.197466598479272e-05,,,,,44,3,
resnet50_no_weights,IMAGENET100,fp32_fused,layer3.3.conv3,conv,262144,18.526348773638407,7.06724120088135e-05,1.1055086237373926,1.0205312062553689,0.24837021543637508,0.07587527149894129,aggregate,3,2.5684062059123045
resnet50_no_weights,IMAGENET100,fp32_fused,layer3.4.conv1,conv,262144,8.778042260805766,3.348557380983645e-05,,,,,42,3,
resnet50_no_weights,IMAGENET100,fp32_fused,layer3.4.conv1,conv,262144,7.620099989573161,2.9068374594013828e-05,,,,,43,3,
resnet50_no_weights,IMAGENET100,fp32_fused,layer3.4.conv1,conv,262144,8.309492099285126,3.169819678987551e-05,,,,,44,3,
resnet50_no_weights,IMAGENET100,fp32_fused,layer3.4.conv1,conv,262144,8.235878116554684,3.141738173124193e-05,0.4914532481897765,0.4536765841750418,0.24837021543637508,0.07587527149894129,aggregate,3,0.5824704625274222
resnet50_no_weights,IMAGENET100,fp32_fused,layer3.4.conv2,conv,589824,4.067477591832479,6.896086954468586e-06,,,,,42,3,
resnet50_no_weights,IMAGENET100,fp32_fused,layer3.4.conv2,conv,589824,4.086440936378811,6.928237807174361e-06,,,,,43,3,
resnet50_no_weights,IMAGENET100,fp32_fused,layer3.4.conv2,conv,589824,3.7572765085432263,6.370165521483063e-06,,,,,44,3,
resnet50_no_weights,IMAGENET100,fp32_fused,layer3.4.conv2,conv,589824,3.970398345584839,6.731496761042004e-06,0.2369225401263292,0.09720486840881545,0.24837021543637508,0.07587527149894129,aggregate,3,0.1848123106751534
resnet50_no_weights,IMAGENET100,fp32_fused,layer3.4.conv3,conv,262144,19.50181399981181,7.439351653980945e-05,,,,,42,3,
resnet50_no_weights,IMAGENET100,fp32_fused,layer3.4.conv3,conv,262144,19.82656415303548,7.563234006132309e-05,,,,,43,3,
resnet50_no_weights,IMAGENET100,fp32_fused,layer3.4.conv3,conv,262144,18.850192070007324,7.1907776145963e-05,,,,,44,3,
resnet50_no_weights,IMAGENET100,fp32_fused,layer3.4.conv3,conv,262144,19.392856740951537,7.397787758236518e-05,1.1572150901386344,1.0682631383223202,0.24837021543637508,0.07587527149894129,aggregate,3,0.497221655122686
resnet50_no_weights,IMAGENET100,fp32_fused,layer3.5.conv1,conv,262144,9.166512587974811,3.4967470504664654e-05,,,,,42,3,
resnet50_no_weights,IMAGENET100,fp32_fused,layer3.5.conv1,conv,262144,10.7835493179468,4.113597609690399e-05,,,,,43,3,
resnet50_no_weights,IMAGENET100,fp32_fused,layer3.5.conv1,conv,262144,9.194326249758403,3.507357120421754e-05,,,,,44,3,
resnet50_no_weights,IMAGENET100,fp32_fused,layer3.5.conv1,conv,262144,9.714796051893337,3.705900593526206e-05,0.5797035856574161,0.5351433601137228,0.24837021543637508,0.07587527149894129,aggregate,3,0.925671949299756
resnet50_no_weights,IMAGENET100,fp32_fused,layer3.5.conv2,conv,589824,12.427860021591187,2.1070454951970736e-05,,,,,42,3,
resnet50_no_weights,IMAGENET100,fp32_fused,layer3.5.conv2,conv,589824,13.187462394887751,2.2358300772582586e-05,,,,,43,3,
resnet50_no_weights,IMAGENET100,fp32_fused,layer3.5.conv2,conv,589824,14.316265424092611,2.4272097140999028e-05,,,,,44,3,
resnet50_no_weights,IMAGENET100,fp32_fused,layer3.5.conv2,conv,589824,13.310529280190517,2.256695095518412e-05,0.7942690211412775,0.32587366166203174,0.24837021543637508,0.07587527149894129,aggregate,3,0.9501988395818715
resnet50_no_weights,IMAGENET100,fp32_fused,layer3.5.conv3,conv,262144,28.013367153349378,0.00010686251508083106,,,,,42,3,
resnet50_no_weights,IMAGENET100,fp32_fused,layer3.5.conv3,conv,262144,31.168599128723145,0.00011889876986970194,,,,,43,3,
resnet50_no_weights,IMAGENET100,fp32_fused,layer3.5.conv3,conv,262144,35.68922594615391,0.00013614359262906613,,,,,44,3,
resnet50_no_weights,IMAGENET100,fp32_fused,layer3.5.conv3,conv,262144,31.623730742742143,0.0001206349591931997,1.8870586686026665,1.7420056415599645,0.24837021543637508,0.07587527149894129,aggregate,3,3.858116203709826
resnet50_no_weights,IMAGENET100,fp32_fused,layer4.0.conv1,conv,524288,26.987867486887964,5.147527215364068e-05,,,,,42,3,
resnet50_no_weights,IMAGENET100,fp32_fused,layer4.0.conv1,conv,524288,33.163796997070314,6.325492286123336e-05,,,,,43,3,
resnet50_no_weights,IMAGENET100,fp32_fused,layer4.0.conv1,conv,524288,30.78798786799113,5.872342656706072e-05,,,,,44,3,
resnet50_no_weights,IMAGENET100,fp32_fused,layer4.0.conv1,conv,524288,30.3132174506498,5.7817873860644916e-05,1.808857412454878,0.8349077508033299,0.24837021543637508,0.07587527149894129,aggregate,3,3.115217735660245
resnet50_no_weights,IMAGENET100,fp32_fused,layer4.0.conv2,conv,2359296,43.92847967147827,1.861931680953906e-05,,,,,42,3,
resnet50_no_weights,IMAGENET100,fp32_fused,layer4.0.conv2,conv,2359296,45.584610811869304,1.9321276690957516e-05,,,,,43,3,
resnet50_no_weights,IMAGENET100,fp32_fused,layer4.0.conv2,conv,2359296,37.69918441772461,1.597899730162074e-05,,,,,44,3,
resnet50_no_weights,IMAGENET100,fp32_fused,layer4.0.conv2,conv,2359296,42.404091633690726,1.7973196934039106e-05,2.530346888940129,0.2595384510871482,0.24837021543637508,0.07587527149894129,aggregate,3,4.157860810763243
resnet50_no_weights,IMAGENET100,fp32_fused,layer4.0.conv3,conv,1048576,157.10333124796549,0.00014982541203304814,,,,,42,3,
resnet50_no_weights,IMAGENET100,fp32_fused,layer4.0.conv3,conv,1048576,147.15333239237467,0.0001403363536761996,,,,,43,3,
resnet50_no_weights,IMAGENET100,fp32_fused,layer4.0.conv3,conv,1048576,168.063764444987,0.000160278095669734,,,,,44,3,
resnet50_no_weights,IMAGENET100,fp32_fused,layer4.0.conv3,conv,1048576,157.44014269510905,0.00015014662045966057,9.394805074573071,2.16816304039199,0.24837021543637508,0.07587527149894129,aggregate,3,10.459284087351504
resnet50_no_weights,IMAGENET100,fp32_fused,layer4.0.downsample.0,conv,2097152,27.127890872955323,1.2935586391904508e-05,,,,,42,3,
resnet50_no_weights,IMAGENET100,fp32_fused,layer4.0.downsample.0,conv,2097152,21.203149695145456,1.0110449645588615e-05,,,,,43,3,
resnet50_no_weights,IMAGENET100,fp32_fused,layer4.0.downsample.0,conv,2097152,27.9285426457723,1.331736690796485e-05,,,,,44,3,
resnet50_no_weights,IMAGENET100,fp32_fused,layer4.0.downsample.0,conv,2097152,25.419861071291027,1.2121134315152658e-05,1.5168599043382744,0.17503288018928,0.24837021543637508,0.07587527149894129,aggregate,3,3.6736564806219083
resnet50_no_weights,IMAGENET100,fp32_fused,layer4.1.conv1,conv,1048576,13.629674291610717,1.299827031289169e-05,,,,,42,3,
resnet50_no_weights,IMAGENET100,fp32_fused,layer4.1.conv1,conv,1048576,13.36310555934906,1.2744050559376774e-05,,,,,43,3,
resnet50_no_weights,IMAGENET100,fp32_fused,layer4.1.conv1,conv,1048576,15.986337820688883,1.524575979298485e-05,,,,,44,3,
resnet50_no_weights,IMAGENET100,fp32_fused,layer4.1.conv1,conv,1048576,14.32637255721622,1.3662693555084439e-05,0.8548866591248366,0.19729346626416164,0.24837021543637508,0.07587527149894129,aggregate,3,1.443737590148153
resnet50_no_weights,IMAGENET100,fp32_fused,layer4.1.conv2,conv,2359296,32.913034439086914,1.3950362497578479e-05,,,,,42,3,
resnet50_no_weights,IMAGENET100,fp32_fused,layer4.1.conv2,conv,2359296,40.45261328560965,1.7146052587555633e-05,,,,,43,3,
resnet50_no_weights,IMAGENET100,fp32_fused,layer4.1.conv2,conv,2359296,37.96354731646451,1.6091048904615833e-05,,,,,44,3,
resnet50_no_weights,IMAGENET100,fp32_fused,layer4.1.conv2,conv,2359296,37.10973168038703,1.5729154663249982e-05,2.214420601625736,0.22713379557304372,0.24837021543637508,0.07587527149894129,aggregate,3,3.8416224633663685
resnet50_no_weights,IMAGENET100,fp32_fused,layer4.1.conv3,conv,1048576,120.47108402252198,0.00011489017870189855,,,,,42,3,
resnet50_no_weights,IMAGENET100,fp32_fused,layer4.1.conv3,conv,1048576,118.2211742401123,0.00011274449752818327,,,,,43,3,
resnet50_no_weights,IMAGENET100,fp32_fused,layer4.1.conv3,conv,1048576,118.46964247330375,0.0001129814553006208,,,,,44,3,
resnet50_no_weights,IMAGENET100,fp32_fused,layer4.1.conv3,conv,1048576,119.05396691197934,0.00011353871051023421,7.104216201446979,1.6395336440369181,0.24837021543637508,0.07587527149894129,aggregate,3,1.2335314322994966
resnet50_no_weights,IMAGENET100,fp32_fused,layer4.2.conv1,conv,1048576,25.84839061101278,2.4650946246159342e-05,,,,,42,3,
resnet50_no_weights,IMAGENET100,fp32_fused,layer4.2.conv1,conv,1048576,22.642220497131348,2.159330415452132e-05,,,,,43,3,
resnet50_no_weights,IMAGENET100,fp32_fused,layer4.2.conv1,conv,1048576,21.52989845275879,2.053251118923072e-05,,,,,44,3,
resnet50_no_weights,IMAGENET100,fp32_fused,layer4.2.conv1,conv,1048576,23.340169853634304,2.225892052997046e-05,1.3927600828396156,0.32142560827781375,0.24837021543637508,0.07587527149894129,aggregate,3,2.2422519056536596
resnet50_no_weights,IMAGENET100,fp32_fused,layer4.2.conv2,conv,2359296,28.68863697052002,1.2159829445105667e-05,,,,,42,3,
resnet50_no_weights,IMAGENET100,fp32_fused,layer4.2.conv2,conv,2359296,25.695406929651895,1.0891133172629418e-05,,,,,43,3,
resnet50_no_weights,IMAGENET100,fp32_fused,layer4.2.conv2,conv,2359296,24.76226847966512,1.049561754000563e-05,,,,,44,3,
resnet50_no_weights,IMAGENET100,fp32_fused,layer4.2.conv2,conv,2359296,26.382104126612344,1.1182193385913571e-05,1.57427909733667,0.16147428650495232,0.24837021543637508,0.07587527149894129,aggregate,3,2.051281833812591
resnet50_no_weights,IMAGENET100,fp32_fused,layer4.2.conv3,conv,1048576,35.37577425638835,3.3736967331302974e-05,,,,,42,3,
resnet50_no_weights,IMAGENET100,fp32_fused,layer4.2.conv3,conv,1048576,39.592772483825684,3.7758610233140644e-05,,,,,43,3,
resnet50_no_weights,IMAGENET100,fp32_fused,layer4.2.conv3,conv,1048576,41.172599933765554,3.926525109650188e-05,,,,,44,3,
resnet50_no_weights,IMAGENET100,fp32_fused,layer4.2.conv3,conv,1048576,38.7137155579932,3.692027622031517e-05,2.310133903296517,0.533140060674607,0.24837021543637508,0.07587527149894129,aggregate,3,2.9967236763865097
resnet50_no_weights,IMAGENET100,fp32_fused,fc,linear,204800,6.506754287083944,3.177126116740207e-05,,,,,42,3,
resnet50_no_weights,IMAGENET100,fp32_fused,fc,linear,204800,7.291948215166728,3.5605215894368784e-05,,,,,43,3,
resnet50_no_weights,IMAGENET100,fp32_fused,fc,linear,204800,6.39740510781606,3.123732962800811e-05,,,,,44,3,
resnet50_no_weights,IMAGENET100,fp32_fused,fc,linear,204800,6.732035870022244,3.287126889659299e-05,0.40171562138616945,0.4746711587259979,0.24837021543637508,0.07587527149894129,aggregate,3,0.4879709893380308
resnet50_no_weights,IMAGENET100,ptq,conv1,conv,9408,4579.506046549479,0.48676722433561637,,,,,42,3,
resnet50_no_weights,IMAGENET100,ptq,conv1,conv,9408,3843.4142456054688,0.40852617406520714,,,,,43,3,
resnet50_no_weights,IMAGENET100,ptq,conv1,conv,9408,6300.838645652489,0.669731998900137,,,,,44,3,
resnet50_no_weights,IMAGENET100,ptq,conv1,conv,9408,4907.919645935812,0.5216751324336535,162.2504377090878,4484.565709994096,0.20238033075492518,0.05376124051472514,aggregate,3,1261.199940407162
resnet50_no_weights,IMAGENET100,ptq,layer1.0.conv1,conv,4096,54.925776958465576,0.013409613515250385,,,,,42,3,
resnet50_no_weights,IMAGENET100,ptq,layer1.0.conv1,conv,4096,53.95374905268351,0.01317230201481531,,,,,43,3,
resnet50_no_weights,IMAGENET100,ptq,layer1.0.conv1,conv,4096,55.366755898793535,0.01351727438935389,,,,,44,3,
resnet50_no_weights,IMAGENET100,ptq,layer1.0.conv1,conv,4096,54.74876063664754,0.013366396639806528,1.809933947203486,114.90385550375096,0.20238033075492518,0.05376124051472514,aggregate,3,0.7229440991051366
resnet50_no_weights,IMAGENET100,ptq,layer1.0.conv2,conv,36864,65.67666581471761,0.0017815935822134768,,,,,42,3,
resnet50_no_weights,IMAGENET100,ptq,layer1.0.conv2,conv,36864,61.799271710713704,0.0016764125355553847,,,,,43,3,
resnet50_no_weights,IMAGENET100,ptq,layer1.0.conv2,conv,36864,69.0375200589498,0.0018727625884046712,,,,,44,3,
resnet50_no_weights,IMAGENET100,ptq,layer1.0.conv2,conv,36864,65.50448586146037,0.0017769229020578442,2.165506420165563,15.2752681131207,0.20238033075492518,0.05376124051472514,aggregate,3,3.622194671730576
resnet50_no_weights,IMAGENET100,ptq,layer1.0.conv3,conv,16384,58.5979585647583,0.0035765355569310486,,,,,42,3,
resnet50_no_weights,IMAGENET100,ptq,layer1.0.conv3,conv,16384,51.49454908017759,0.003142977849131933,,,,,43,3,
resnet50_no_weights,IMAGENET100,ptq,layer1.0.conv3,conv,16384,46.074554204940796,0.002812167615047656,,,,,44,3,
resnet50_no_weights,IMAGENET100,ptq,layer1.0.conv3,conv,16384,52.05568728329223,0.0031772270070368792,1.720903897429461,27.31294325292931,0.20238033075492518,0.05376124051472514,aggregate,3,6.280531128186538
resnet50_no_weights,IMAGENET100,ptq,layer1.0.downsample.0,conv,16384,40.15509678522746,0.0024508726065202305,,,,,42,3,
resnet50_no_weights,IMAGENET100,ptq,layer1.0.downsample.0,conv,16384,40.32674757639567,0.0024613493393796184,,,,,43,3,
resnet50_no_weights,IMAGENET100,ptq,layer1.0.downsample.0,conv,16384,42.98509635925293,0.0026236020727083086,,,,,44,3,
resnet50_no_weights,IMAGENET100,ptq,layer1.0.downsample.0,conv,16384,41.15564690695869,0.0025119413395360527,1.360560523924691,21.59383358805721,0.20238033075492518,0.05376124051472514,aggregate,3,1.586672610339622
resnet50_no_weights,IMAGENET100,ptq,layer1.1.conv1,conv,16384,12.597441609700521,0.0007688868169983228,,,,,42,3,
resnet50_no_weights,IMAGENET100,ptq,layer1.1.conv1,conv,16384,15.4103462100029,0.0009405728887941223,,,,,43,3,
resnet50_no_weights,IMAGENET100,ptq,layer1.1.conv1,conv,16384,11.617491229375203,0.0007090753924179201,,,,,44,3,
resnet50_no_weights,IMAGENET100,ptq,layer1.1.conv1,conv,16384,13.208426349692875,0.0008061783660701218,0.4366560806390891,6.930289814182271,0.20238033075492518,0.05376124051472514,aggregate,3,1.9688610896647136
resnet50_no_weights,IMAGENET100,ptq,layer1.1.conv2,conv,36864,3.8356500595808027,0.00010404866698081604,,,,,42,3,
resnet50_no_weights,IMAGENET100,ptq,layer1.1.conv2,conv,36864,4.80023603439331,0.0001302147361760338,,,,,43,3,
resnet50_no_weights,IMAGENET100,ptq,layer1.1.conv2,conv,36864,3.2859537839889525,8.913720117157531e-05,,,,,44,3,
resnet50_no_weights,IMAGENET100,ptq,layer1.1.conv2,conv,36864,3.9739466259876886,0.00010780020144280839,0.13137431458010626,0.9267014217557284,0.20238033075492518,0.05376124051472514,aggregate,3,0.766555372221976
resnet50_no_weights,IMAGENET100,ptq,layer1.1.conv3,conv,16384,10.603541962305705,0.0006471888404727603,,,,,42,3,
resnet50_no_weights,IMAGENET100,ptq,layer1.1.conv3,conv,16384,9.165025146802266,0.0005593887418702555,,,,,43,3,
resnet50_no_weights,IMAGENET100,ptq,layer1.1.conv3,conv,16384,10.720897381955927,0.000654351646847896,,,,,44,3,
resnet50_no_weights,IMAGENET100,ptq,layer1.1.conv3,conv,16384,10.163154830354634,0.0006203097430636373,0.3359827459880616,5.3324753862447665,0.20238033075492518,0.05376124051472514,aggregate,3,0.8663949575808833
resnet50_no_weights,IMAGENET100,ptq,layer1.2.conv1,conv,16384,1.4624540289243062,8.926111016383705e-05,,,,,42,3,
resnet50_no_weights,IMAGENET100,ptq,layer1.2.conv1,conv,16384,1.6428264637788137,0.00010027016990837486,,,,,43,3,
resnet50_no_weights,IMAGENET100,ptq,layer1.2.conv1,conv,16384,1.3324984153111776,8.132924898139512e-05,,,,,44,3,
resnet50_no_weights,IMAGENET100,ptq,layer1.2.conv1,conv,16384,1.4792596360047658,9.028684301786901e-05,0.048902700276665885,0.7761483250556321,0.20238033075492518,0.05376124051472514,aggregate,3,0.1558451017467022
resnet50_no_weights,IMAGENET100,ptq,layer1.2.conv2,conv,36864,0.3674228545278311,9.96698281596764e-06,,,,,42,3,
resnet50_no_weights,IMAGENET100,ptq,layer1.2.conv2,conv,36864,0.5454010528326034,1.4794950434912202e-05,,,,,43,3,
resnet50_no_weights,IMAGENET100,ptq,layer1.2.conv2,conv,36864,0.7067164185146491,1.9170909790436443e-05,,,,,44,3,
resnet50_no_weights,IMAGENET100,ptq,layer1.2.conv2,conv,36864,0.5398467752916946,1.4644281013772096e-05,0.017846741981493018,0.12588915284404942,0.20238033075492518,0.05376124051472514,aggregate,3,0.16971496144998627
resnet50_no_weights,IMAGENET100,ptq,layer1.2.conv3,conv,16384,1.703246022462845,0.00010395788711321075,,,,,42,3,
resnet50_no_weights,IMAGENET100,ptq,layer1.2.conv3,conv,16384,1.1651876223714728,7.111740859200884e-05,,,,,43,3,
resnet50_no_weights,IMAGENET100,ptq,layer1.2.conv3,conv,16384,1.5458184338751293,9.434926964569881e-05,,,,,44,3,
resnet50_no_weights,IMAGENET100,ptq,layer1.2.conv3,conv,16384,1.4714173595698157,8.980818845030613e-05,0.04864344322357619,0.7720335844303494,0.20238033075492518,0.05376124051472514,aggregate,3,0.27663757946193857
resnet50_no_weights,IMAGENET100,ptq,layer2.0.conv1,conv,32768,7.721332542101542,0.00023563636908268865,,,,,42,3,
resnet50_no_weights,IMAGENET100,ptq,layer2.0.conv1,conv,32768,8.80854373142637,0.0002688154214912833,,,,,43,3,
resnet50_no_weights,IMAGENET100,ptq,layer2.0.conv1,conv,32768,7.644546344876289,0.00023329304030994535,,,,,44,3,
resnet50_no_weights,IMAGENET100,ptq,layer2.0.conv1,conv,32768,8.0581408728014,0.00024591494362797244,0.2663932945226987,2.1140009465745293,0.20238033075492518,0.05376124051472514,aggregate,3,0.6510010504565056
resnet50_no_weights,IMAGENET100,ptq,layer2.0.conv2,conv,147456,42.62063940833597,0.00028903970952918817,,,,,42,3,
resnet50_no_weights,IMAGENET100,ptq,layer2.0.conv2,conv,147456,37.163589541117354,0.00025203172160588485,,,,,43,3,
resnet50_no_weights,IMAGENET100,ptq,layer2.0.conv2,conv,147456,54.28546732122248,0.00036814688667278697,,,,,44,3,
resnet50_no_weights,IMAGENET100,ptq,layer2.0.conv2,conv,147456,44.689898756891935,0.00030307277260262,1.4773990117146605,2.605356627420618,0.20238033075492518,0.05376124051472514,aggregate,3,8.746487887598317
resnet50_no_weights,IMAGENET100,ptq,layer2.0.conv3,conv,65536,39.6292355855306,0.0006046941465077301,,,,,42,3,
resnet50_no_weights,IMAGENET100,ptq,layer2.0.conv3,conv,65536,38.2652242342631,0.0005838809850198837,,,,,43,3,
resnet50_no_weights,IMAGENET100,ptq,layer2.0.conv3,conv,65536,42.253151806918055,0.0006447319306475533,,,,,44,3,
resnet50_no_weights,IMAGENET100,ptq,layer2.0.conv3,conv,65536,40.04920387557058,0.000611102354058389,1.3239827314802795,5.253324323745607,0.20238033075492518,0.05376124051472514,aggregate,3,2.026862502653976
resnet50_no_weights,IMAGENET100,ptq,layer2.0.downsample.0,conv,131072,55.446224466959634,0.0004230211217266818,,,,,42,3,
resnet50_no_weights,IMAGENET100,ptq,layer2.0.downsample.0,conv,131072,51.89075190226237,0.0003958950187855711,,,,,43,3,
resnet50_no_weights,IMAGENET100,ptq,layer2.0.downsample.0,conv,131072,57.74059757819543,0.0004405257993941912,,,,,44,3,
resnet50_no_weights,IMAGENET100,ptq,layer2.0.downsample.0,conv,131072,55.02585798247248,0.0004198139799688147,1.8190944813791736,3.6089191569501042,0.20238033075492518,0.05376124051472514,aggregate,3,2.9474912373098294
resnet50_no_weights,IMAGENET100,ptq,layer2.1.conv1,conv,65536,17.561040608088174,0.0002679602143568142,,,,,42,3,
resnet50_no_weights,IMAGENET100,ptq,layer2.1.conv1,conv,65536,14.866083851567021,0.00022683843767649873,,,,,43,3,
resnet50_no_weights,IMAGENET100,ptq,layer2.1.conv1,conv,65536,24.147721608479817,0.00036846499036376673,,,,,44,3,
resnet50_no_weights,IMAGENET100,ptq,layer2.1.conv1,conv,65536,18.85828202271167,0.0002877545474656932,0.6234341092279584,2.4736739327394255,0.20238033075492518,0.05376124051472514,aggregate,3,4.77486401151887
resnet50_no_weights,IMAGENET100,ptq,layer2.1.conv2,conv,147456,17.38933306473952,0.000117928962298852,,,,,42,3,
resnet50_no_weights,IMAGENET100,ptq,layer2.1.conv2,conv,147456,14.906635157267253,0.00010109208955395002,,,,,43,3,
resnet50_no_weights,IMAGENET100,ptq,layer2.1.conv2,conv,147456,15.425606709939462,0.00010461159064357816,,,,,44,3,
resnet50_no_weights,IMAGENET100,ptq,layer2.1.conv2,conv,147456,15.90719164398208,0.0001078775474987934,0.5258742997342445,0.9273663249663827,0.20238033075492518,0.05376124051472514,aggregate,3,1.3095381863330362
resnet50_no_weights,IMAGENET100,ptq,layer2.1.conv3,conv,65536,20.45520076751709,0.0003121215937426314,,,,,42,3,
resnet50_no_weights,IMAGENET100,ptq,layer2.1.conv3,conv,65536,19.389382702963694,0.0002958585007166091,,,,,43,3,
resnet50_no_weights,IMAGENET100,ptq,layer2.1.conv3,conv,65536,19.059222316741945,0.0002908206530264579,,,,,44,3,
resnet50_no_weights,IMAGENET100,ptq,layer2.1.conv3,conv,65536,19.634601929074243,0.00029960024916189946,0.6490983934250133,2.575505176620658,0.20238033075492518,0.05376124051472514,aggregate,3,0.7295809142225673
resnet50_no_weights,IMAGENET100,ptq,layer2.2.conv1,conv,65536,10.127620935440063,0.00015453523155883886,,,,,42,3,
resnet50_no_weights,IMAGENET100,ptq,layer2.2.conv1,conv,65536,8.509954118728638,0.00012985159482923337,,,,,43,3,
resnet50_no_weights,IMAGENET100,ptq,layer2.2.conv1,conv,65536,10.505416044822105,0.00016029992744174355,,,,,44,3,
resnet50_no_weights,IMAGENET100,ptq,layer2.2.conv1,conv,65536,9.71433036633027,0.00014822891794327194,0.32114510173225097,1.274245754320037,0.20238033075492518,0.05376124051472514,aggregate,3,1.0599876864890865
resnet50_no_weights,IMAGENET100,ptq,layer2.2.conv2,conv,147456,27.760222801795372,0.00018826105958248815,,,,,42,3,
resnet50_no_weights,IMAGENET100,ptq,layer2.2.conv2,conv,147456,31.457075436909992,0.00021333194605109316,,,,,43,3,
resnet50_no_weights,IMAGENET100,ptq,layer2.2.conv2,conv,147456,28.24412674739443,0.0001915427432413359,,,,,44,3,
resnet50_no_weights,IMAGENET100,ptq,layer2.2.conv2,conv,147456,29.15380832869993,0.00019771191629163907,0.9637929109404733,1.6996249679803779,0.20238033075492518,0.05376124051472514,aggregate,3,2.00930840986727
resnet50_no_weights,IMAGENET100,ptq,layer2.2.conv3,conv,65536,37.3916175365448,0.000570550804695813,,,,,42,3,
resnet50_no_weights,IMAGENET100,ptq,layer2.2.conv3,conv,65536,41.829070727030434,0.0006382609669041509,,,,,43,3,
resnet50_no_weights,IMAGENET100,ptq,layer2.2.conv3,conv,65536,44.01917219161987,0.0006716792631777935,,,,,44,3,
resnet50_no_weights,IMAGENET100,ptq,layer2.2.conv3,conv,65536,41.07995348506503,0.0006268303449259191,1.358058182460296,5.388529558088642,0.20238033075492518,0.05376124051472514,aggregate,3,3.376685158281595
resnet50_no_weights,IMAGENET100,ptq,layer2.3.conv1,conv,65536,11.568019615976434,0.00017651397119104666,,,,,42,3,
resnet50_no_weights,IMAGENET100,ptq,layer2.3.conv1,conv,65536,15.300049446247241,0.0002334602271461066,,,,,43,3,
resnet50_no_weights,IMAGENET100,ptq,layer2.3.conv1,conv,65536,11.14149112701416,0.00017000566294882445,,,,,44,3,
resnet50_no_weights,IMAGENET100,ptq,layer2.3.conv1,conv,65536,12.669853396412611,0.00019332662042865923,0.4188514498154447,1.6619268945384749,0.20238033075492518,0.05376124051472514,aggregate,3,2.287778416586357
resnet50_no_weights,IMAGENET100,ptq,layer2.3.conv2,conv,147456,6.79922445003803,4.611019185409905e-05,,,,,42,3,
resnet50_no_weights,IMAGENET100,ptq,layer2.3.conv2,conv,147456,6.923737546671992,4.695460033279075e-05,,,,,43,3,
resnet50_no_weights,IMAGENET100,ptq,layer2.3.conv2,conv,147456,6.609210922167851,4.482158014708015e-05,,,,,44,3,
resnet50_no_weights,IMAGENET100,ptq,layer2.3.conv2,conv,147456,6.777390972959291,4.596212411132332e-05,0.2240531082856785,0.3951121165898161,0.20238033075492518,0.05376124051472514,aggregate,3,0.15839594351340894
resnet50_no_weights,IMAGENET100,ptq,layer2.3.conv3,conv,65536,18.67412438392639,0.00028494452490122055,,,,,42,3,
resnet50_no_weights,IMAGENET100,ptq,layer2.3.conv3,conv,65536,17.296089537938435,0.0002639173818655157,,,,,43,3,
resnet50_no_weights,IMAGENET100,ptq,layer2.3.conv3,conv,65536,17.415139198303223,0.00026573393552098423,,,,,44,3,
resnet50_no_weights,IMAGENET100,ptq,layer2.3.conv3,conv,65536,17.79511770672268,0.00027153194742924014,0.5882870636220385,2.334216804485993,0.20238033075492518,0.05376124051472514,aggregate,3,0.7635658186003155
resnet50_no_weights,IMAGENET100,ptq,layer3.0.conv1,conv,131072,47.60909649531047,0.0003632285804390752,,,,,42,3,
resnet50_no_weights,IMAGENET100,ptq,layer3.0.conv1,conv,131072,48.057756932576496,0.0003666515879255409,,,,,43,3,
resnet50_no_weights,IMAGENET100,ptq,layer3.0.conv1,conv,131072,60.08950379689534,0.00045844653165355944,,,,,44,3,
resnet50_no_weights,IMAGENET100,ptq,layer3.0.conv1,conv,131072,51.9187857415941,0.0003961089000060585,1.7163780826920572,3.405139098932551,0.20238033075492518,0.05376124051472514,aggregate,3,7.079604452327207
resnet50_no_weights,IMAGENET100,ptq,layer3.0.conv2,conv,589824,49.73919153213501,8.432887019201492e-05,,,,,42,3,
resnet50_no_weights,IMAGENET100,ptq,layer3.0.conv2,conv,589824,47.398166211446124,8.035984668553013e-05,,,,,43,3,
resnet50_no_weights,IMAGENET100,ptq,layer3.0.conv2,conv,589824,48.991215260823566,8.306073550893752e-05,,,,,44,3,
resnet50_no_weights,IMAGENET100,ptq,layer3.0.conv2,conv,589824,48.709524334801564,8.258315079549419e-05,1.6102834223187643,0.7099237499649188,0.20238033075492518,0.05376124051472514,aggregate,3,1.1956639249299834
resnet50_no_weights,IMAGENET100,ptq,layer3.0.conv3,conv,262144,135.64109208848743,0.0005174297030963418,,,,,42,3,
resnet50_no_weights,IMAGENET100,ptq,layer3.0.conv3,conv,262144,107.63599789937338,0.00041059874686955787,,,,,43,3,
resnet50_no_weights,IMAGENET100,ptq,layer3.0.conv3,conv,262144,120.86303762956099,0.0004610558991606178,,,,,44,3,
resnet50_no_weights,IMAGENET100,ptq,layer3.0.conv3,conv,262144,121.3800425391406,0.00046302811637550584,4.012691007977605,3.9804082739650917,0.20238033075492518,0.05376124051472514,aggregate,3,14.009703626154423
resnet50_no_weights,IMAGENET100,ptq,layer3.0.downsample.0,conv,524288,49.04294986724854,9.354200337838848e-05,,,,,42,3,
resnet50_no_weights,IMAGENET100,ptq,layer3.0.downsample.0,conv,524288,50.18497854868571,9.572025022256034e-05,,,,,43,3,
resnet50_no_weights,IMAGENET100,ptq,layer3.0.downsample.0,conv,524288,54.237896312366836,0.00010345057737801902,,,,,44,3,
resnet50_no_weights,IMAGENET100,ptq,layer3.0.downsample.0,conv,524288,51.15527490943369,9.757094365965594e-05,1.6911372524318797,0.8387658928394638,0.20238033075492518,0.05376124051472514,aggregate,3,2.7300134455112843
resnet50_no_weights,IMAGENET100,ptq,layer3.1.conv1,conv,262144,19.37277504603068,7.390127199566146e-05,,,,,42,3,
resnet50_no_weights,IMAGENET100,ptq,layer3.1.conv1,conv,262144,19.851621752199918,7.57279272163388e-05,,,,,43,3,
resnet50_no_weights,IMAGENET100,ptq,layer3.1.conv1,conv,262144,18.435831451416014,7.032711582724004e-05,,,,,44,3,
resnet50_no_weights,IMAGENET100,ptq,layer3.1.conv1,conv,262144,19.220076083215538,7.331877167974677e-05,0.6353946238476121,0.6302827735721056,0.20238033075492518,0.05376124051472514,aggregate,3,0.7201411485827339
resnet50_no_weights,IMAGENET100,ptq,layer3.1.conv2,conv,589824,13.135187737147014,2.2269673219718108e-05,,,,,42,3,
resnet50_no_weights,IMAGENET100,ptq,layer3.1.conv2,conv,589824,13.820537869135539,2.34316302306036e-05,,,,,43,3,
resnet50_no_weights,IMAGENET100,ptq,layer3.1.conv2,conv,589824,14.181290944417318,2.4043258572756143e-05,,,,,44,3,
resnet50_no_weights,IMAGENET100,ptq,layer3.1.conv2,conv,589824,13.71233885023329,2.324818734102595e-05,0.4533148749303665,0.19985239335199348,0.20238033075492518,0.05376124051472514,aggregate,3,0.5313786322706825
resnet50_no_weights,IMAGENET100,ptq,layer3.1.conv3,conv,262144,31.41159531275431,0.00011982572674848294,,,,,42,3,
resnet50_no_weights,IMAGENET100,ptq,layer3.1.conv3,conv,262144,29.891213607788085,0.000114025930815842,,,,,43,3,
resnet50_no_weights,IMAGENET100,ptq,layer3.1.conv3,conv,262144,32.7299937293643,0.0001248550175833294,,,,,44,3,
resnet50_no_weights,IMAGENET100,ptq,layer3.1.conv3,conv,262144,31.3442675499689,0.00011956889171588478,1.0362070890595267,1.0278706390883021,0.20238033075492518,0.05376124051472514,aggregate,3,1.4205871727547512
resnet50_no_weights,IMAGENET100,ptq,layer3.2.conv1,conv,262144,20.073117058852624,7.657286475697565e-05,,,,,42,3,
resnet50_no_weights,IMAGENET100,ptq,layer3.2.conv1,conv,262144,18.47263821433572,7.046752248510636e-05,,,,,43,3,
resnet50_no_weights,IMAGENET100,ptq,layer3.2.conv1,conv,262144,17.344116926193237,6.616255541302962e-05,,,,,44,3,
resnet50_no_weights,IMAGENET100,ptq,layer3.2.conv1,conv,262144,18.62995739979386,7.106764755170387e-05,0.6158859477500389,0.6109310478602317,0.20238033075492518,0.05376124051472514,aggregate,3,1.3712849541939294
resnet50_no_weights,IMAGENET100,ptq,layer3.2.conv2,conv,589824,13.378098646799723,2.2681509478759296e-05,,,,,42,3,
resnet50_no_weights,IMAGENET100,ptq,layer3.2.conv2,conv,589824,13.50825761795044,2.29021837326905e-05,,,,,43,3,
resnet50_no_weights,IMAGENET100,ptq,layer3.2.conv2,conv,589824,13.54219462076823,2.2959721240180513e-05,,,,,44,3,
resnet50_no_weights,IMAGENET100,ptq,layer3.2.conv2,conv,589824,13.476183628506131,2.2847804817210102e-05,0.445507842448845,0.19641051616530622,0.20238033075492518,0.05376124051472514,aggregate,3,0.08662232834162034
resnet50_no_weights,IMAGENET100,ptq,layer3.2.conv3,conv,262144,36.563362503051756,0.0001394781589624472,,,,,42,3,
resnet50_no_weights,IMAGENET100,ptq,layer3.2.conv3,conv,262144,42.349577236175534,0.00016155081648321356,,,,,43,3,
resnet50_no_weights,IMAGENET100,ptq,layer3.2.conv3,conv,262144,39.06429536002023,0.00014901846069343655,,,,,44,3,
resnet50_no_weights,IMAGENET100,ptq,layer3.2.conv3,conv,262144,39.325745033082505,0.00015001581204636576,1.3000659760469662,1.2896067395844522,0.20238033075492518,0.05376124051472514,aggregate,3,2.901954028428594
resnet50_no_weights,IMAGENET100,ptq,layer3.3.conv1,conv,262144,19.17969512939453,7.316473056562245e-05,,,,,42,3,
resnet50_no_weights,IMAGENET100,ptq,layer3.3.conv1,conv,262144,12.631134128570556,4.818395282200072e-05,,,,,43,3,
resnet50_no_weights,IMAGENET100,ptq,layer3.3.conv1,conv,262144,14.36448978122912,5.4796179890552976e-05,,,,,44,3,
resnet50_no_weights,IMAGENET100,ptq,layer3.3.conv1,conv,262144,15.391773013064736,5.8714954426058715e-05,0.5088351253991454,0.5047414663118083,0.20238033075492518,0.05376124051472514,aggregate,3,3.3929921786214225
resnet50_no_weights,IMAGENET100,ptq,layer3.3.conv2,conv,589824,9.338115477561951,1.5832037145931584e-05,,,,,42,3,
resnet50_no_weights,IMAGENET100,ptq,layer3.3.conv2,conv,589824,10.0567823515998,1.705048006117045e-05,,,,,43,3,
resnet50_no_weights,IMAGENET100,ptq,layer3.3.conv2,conv,589824,9.398440315609886,1.5934313143598576e-05,,,,,44,3,
resnet50_no_weights,IMAGENET100,ptq,layer3.3.conv2,conv,589824,9.597779381590545,1.627227678356687e-05,0.31729205407587685,0.13988417302294515,0.20238033075492518,0.05376124051472514,aggregate,3,0.39865093299698273
resnet50_no_weights,IMAGENET100,ptq,layer3.3.conv3,conv,262144,34.21126093183245,0.00013050560353024463,,,,,42,3,
resnet50_no_weights,IMAGENET100,ptq,layer3.3.conv3,conv,262144,39.66892551240467,0.0001513249416824519,,,,,43,3,
resnet50_no_weights,IMAGENET100,ptq,layer3.3.conv3,conv,262144,49.23558270489728,0.0001878188427158252,,,,,44,3,
resnet50_no_weights,IMAGENET100,ptq,layer3.3.conv3,conv,262144,41.038589716378134,0.0001565497959761739,1.3566907416587124,1.3457759499981703,0.20238033075492518,0.05376124051472514,aggregate,3,7.605231502648832
resnet50_no_weights,IMAGENET100,ptq,layer3.4.conv1,conv,262144,13.068283891677856,4.985154682799475e-05,,,,,42,3,
resnet50_no_weights,IMAGENET100,ptq,layer3.4.conv1,conv,262144,10.801522795359293,4.12045394720432e-05,,,,,43,3,
resnet50_no_weights,IMAGENET100,ptq,layer3.4.conv1,conv,262144,10.643201557795207,4.0600591880017116e-05,,,,,44,3,
resnet50_no_weights,IMAGENET100,ptq,layer3.4.conv1,conv,262144,11.504336081610786,4.388555939335169e-05,0.3803207263875025,0.37726098597265273,0.20238033075492518,0.05376124051472514,aggregate,3,1.356729880273205
resnet50_no_weights,IMAGENET100,ptq,layer3.4.conv2,conv,589824,6.273444978396098,1.063613040228288e-05,,,,,42,3,
resnet50_no_weights,IMAGENET100,ptq,layer3.4.conv2,conv,589824,6.496604283650716,1.1014479376306688e-05,,,,,43,3,
resnet50_no_weights,IMAGENET100,ptq,layer3.4.conv2,conv,589824,7.61169542312622,1.2905028318831076e-05,,,,,44,3,
resnet50_no_weights,IMAGENET100,ptq,layer3.4.conv2,conv,589824,6.793914895057678,1.1518546032473548e-05,0.22459937101745617,0.09901885935264314,0.20238033075492518,0.05376124051472514,aggregate,3,0.7169545054928373
resnet50_no_weights,IMAGENET100,ptq,layer3.4.conv3,conv,262144,31.103894488016763,0.00011865194125372606,,,,,42,3,
resnet50_no_weights,IMAGENET100,ptq,layer3.4.conv3,conv,262144,35.25292479197184,0.00013447923580921876,,,,,43,3,
resnet50_no_weights,IMAGENET100,ptq,layer3.4.conv3,conv,262144,35.429074992304265,0.00013515119549676615,,,,,44,3,
resnet50_no_weights,IMAGENET100,ptq,layer3.4.conv3,conv,262144,33.928631424097624,0.00012942745751990366,1.1216433227444382,1.112619524756235,0.20238033075492518,0.05376124051472514,aggregate,3,2.4478789373279684
resnet50_no_weights,IMAGENET100,ptq,layer3.5.conv1,conv,262144,21.640410877409437,8.255161620105529e-05,,,,,42,3,
resnet50_no_weights,IMAGENET100,ptq,layer3.5.conv1,conv,262144,21.158234087626138,8.07122577195211e-05,,,,,43,3,
resnet50_no_weights,IMAGENET100,ptq,layer3.5.conv1,conv,262144,22.136740525563557,8.444496355271743e-05,,,,,44,3,
resnet50_no_weights,IMAGENET100,ptq,layer3.5.conv1,conv,262144,21.645128496866377,8.256961249109794e-05,0.7155641954721501,0.7098073683091867,0.20238033075492518,0.05376124051472514,aggregate,3,0.48927027727141714
resnet50_no_weights,IMAGENET100,ptq,layer3.5.conv2,conv,589824,28.864012463887533,4.89366530759812e-05,,,,,42,3,
resnet50_no_weights,IMAGENET100,ptq,layer3.5.conv2,conv,589824,24.709972381591797,4.189380625676778e-05,,,,,43,3,
resnet50_no_weights,IMAGENET100,ptq,layer3.5.conv2,conv,589824,33.781845027002795,5.727444971212225e-05,,,,,44,3,
resnet50_no_weights,IMAGENET100,ptq,layer3.5.conv2,conv,589824,29.11860995749404,4.936830301495707e-05,0.9626292914139124,0.4243932384291514,0.20238033075492518,0.05376124051472514,aggregate,3,4.541292022811583
resnet50_no_weights,IMAGENET100,ptq,layer3.5.conv3,conv,262144,66.94643852233887,0.00025538039597449824,,,,,42,3,
resnet50_no_weights,IMAGENET100,ptq,layer3.5.conv3,conv,262144,80.3883736928304,0.0003066573093140808,,,,,43,3,
resnet50_no_weights,IMAGENET100,ptq,layer3.5.conv3,conv,262144,74.61514186859131,0.0002846341776603367,,,,,44,3,
resnet50_no_weights,IMAGENET100,ptq,layer3.5.conv3,conv,262144,73.98331802792019,0.0002822239609829719,2.4458073072041673,2.4261304004631903,0.20238033075492518,0.05376124051472514,aggregate,3,6.743204453830138
resnet50_no_weights,IMAGENET100,ptq,layer4.0.conv1,conv,524288,60.85289929707845,0.00011606769427695933,,,,,42,3,
resnet50_no_weights,IMAGENET100,ptq,layer4.0.conv1,conv,524288,60.76112403869629,0.00011589264686335809,,,,,43,3,
resnet50_no_weights,IMAGENET100,ptq,layer4.0.conv1,conv,524288,56.25281100802951,0.00010729372216802504,,,,,44,3,
resnet50_no_weights,IMAGENET100,ptq,layer4.0.conv1,conv,524288,59.288944781268086,0.00011308468776944749,1.9600274527796322,0.972129360911698,0.20238033075492518,0.05376124051472514,aggregate,3,2.6297693608494828
resnet50_no_weights,IMAGENET100,ptq,layer4.0.conv2,conv,2359296,89.11603190104167,3.777229813513932e-05,,,,,42,3,
resnet50_no_weights,IMAGENET100,ptq,layer4.0.conv2,conv,2359296,74.78176733163687,3.169664481762223e-05,,,,,43,3,
resnet50_no_weights,IMAGENET100,ptq,layer4.0.conv2,conv,2359296,87.68935353415353,3.7167593016795485e-05,,,,,44,3,
resnet50_no_weights,IMAGENET100,ptq,layer4.0.conv2,conv,2359296,83.86238425561069,3.554551198985235e-05,2.772398395737407,0.3055660013354175,0.20238033075492518,0.05376124051472514,aggregate,3,7.8963317800486585
resnet50_no_weights,IMAGENET100,ptq,layer4.0.conv3,conv,1048576,297.9465591430664,0.0002841439811163582,,,,,42,3,
resnet50_no_weights,IMAGENET100,ptq,layer4.0.conv3,conv,1048576,281.3823725382487,0.0002683471417791831,,,,,43,3,
resnet50_no_weights,IMAGENET100,ptq,layer4.0.conv3,conv,1048576,290.57093334198,0.0002771100362224388,,,,,44,3,
resnet50_no_weights,IMAGENET100,ptq,layer4.0.conv3,conv,1048576,289.9666216744317,0.00027653371970599335,9.58597831296224,2.3772144002059297,0.20238033075492518,0.05376124051472514,aggregate,3,8.29861216791438
resnet50_no_weights,IMAGENET100,ptq,layer4.0.downsample.0,conv,2097152,46.76286745071411,2.229827282462793e-05,,,,,42,3,
resnet50_no_weights,IMAGENET100,ptq,layer4.0.downsample.0,conv,2097152,57.379167493184404,2.736051916751118e-05,,,,,43,3,
resnet50_no_weights,IMAGENET100,ptq,layer4.0.downsample.0,conv,2097152,45.07963540818956,2.149564524087408e-05,,,,,44,3,
resnet50_no_weights,IMAGENET100,ptq,layer4.0.downsample.0,conv,2097152,49.74055678402936,2.371814574433773e-05,1.6443682236699864,0.20389237764410198,0.20238033075492518,0.05376124051472514,aggregate,3,6.6685528941262024
resnet50_no_weights,IMAGENET100,ptq,layer4.1.conv1,conv,1048576,29.46757646401723,2.8102470840470534e-05,,,,,42,3,
resnet50_no_weights,IMAGENET100,ptq,layer4.1.conv1,conv,1048576,31.46764826774597,3.0009887950654957e-05,,,,,43,3,
resnet50_no_weights,IMAGENET100,ptq,layer4.1.conv1,conv,1048576,23.619867293039956,2.2525660794296223e-05,,,,,44,3,
resnet50_no_weights,IMAGENET100,ptq,layer4.1.conv1,conv,1048576,28.185030674934385,2.6879339861807237e-05,0.9317661848109194,0.2310674946095283,0.20238033075492518,0.05376124051472514,aggregate,3,4.078064410055342
resnet50_no_weights,IMAGENET100,ptq,layer4.1.conv2,conv,2359296,72.39664313906715,3.068569740255871e-05,,,,,42,3,
resnet50_no_weights,IMAGENET100,ptq,layer4.1.conv2,conv,2359296,76.34098243713379,3.235752632867338e-05,,,,,43,3,
resnet50_no_weights,IMAGENET100,ptq,layer4.1.conv2,conv,2359296,65.21626510620118,2.764225646387786e-05,,,,,44,3,
resnet50_no_weights,IMAGENET100,ptq,layer4.1.conv2,conv,2359296,71.3179635608007,3.022849339836998e-05,2.3576936133913273,0.25985839947307365,0.20238033075492518,0.05376124051472514,aggregate,3,5.640256744840159
resnet50_no_weights,IMAGENET100,ptq,layer4.1.conv3,conv,1048576,203.9518297635592,0.0001945036218295662,,,,,42,3,
resnet50_no_weights,IMAGENET100,ptq,layer4.1.conv3,conv,1048576,182.43007125854493,0.0001739788734994363,,,,,43,3,
resnet50_no_weights,IMAGENET100,ptq,layer4.1.conv3,conv,1048576,220.26726633707682,0.00021006323465068514,,,,,44,3,
resnet50_no_weights,IMAGENET100,ptq,layer4.1.conv3,conv,1048576,202.21638911972698,0.00019284857665989588,6.68505191885043,1.6578174046280179,0.20238033075492518,0.05376124051472514,aggregate,3,18.97820193073933
resnet50_no_weights,IMAGENET100,ptq,layer4.2.conv1,conv,1048576,40.05516693115234,3.819958394160494e-05,,,,,42,3,
resnet50_no_weights,IMAGENET100,ptq,layer4.2.conv1,conv,1048576,44.623754289415146,4.2556528367438456e-05,,,,,43,3,
resnet50_no_weights,IMAGENET100,ptq,layer4.2.conv1,conv,1048576,37.85012708391462,3.6096694072641965e-05,,,,,44,3,
resnet50_no_weights,IMAGENET100,ptq,layer4.2.conv1,conv,1048576,40.84301610149404,3.895093546056179e-05,1.3502252925665355,0.3348406291167118,0.20238033075492518,0.05376124051472514,aggregate,3,3.454856887944895
resnet50_no_weights,IMAGENET100,ptq,layer4.2.conv2,conv,2359296,51.725125567118326,2.1923966118332894e-05,,,,,42,3,
resnet50_no_weights,IMAGENET100,ptq,layer4.2.conv2,conv,2359296,48.50482699076335,2.0559025654586515e-05,,,,,43,3,
resnet50_no_weights,IMAGENET100,ptq,layer4.2.conv2,conv,2359296,64.57346735502544,2.736980326123786e-05,,,,,44,3,
resnet50_no_weights,IMAGENET100,ptq,layer4.2.conv2,conv,2359296,54.93447330430237,2.3284265011385757e-05,1.8160734042013347,0.20016253403789752,0.20238033075492518,0.05376124051472514,aggregate,3,8.501484309379423
resnet50_no_weights,IMAGENET100,ptq,layer4.2.conv3,conv,1048576,57.59911505381266,5.493079667454973e-05,,,,,42,3,
resnet50_no_weights,IMAGENET100,ptq,layer4.2.conv3,conv,1048576,64.73441683451334,6.173555072261175e-05,,,,,43,3,
resnet50_no_weights,IMAGENET100,ptq,layer4.2.conv3,conv,1048576,64.33283820519081,6.135257549780923e-05,,,,,44,3,
resnet50_no_weights,IMAGENET100,ptq,layer4.2.conv3,conv,1048576,62.222123364505606,5.933964096499024e-05,2.0569951179701786,0.5101115667015245,0.20238033075492518,0.05376124051472514,aggregate,3,4.008674435450471
resnet50_no_weights,IMAGENET100,ptq,fc,linear,204800,11.764180326461792,5.744228675030172e-05,,,,,42,3,
resnet50_no_weights,IMAGENET100,ptq,fc,linear,204800,11.35386375280527,5.543878785549448e-05,,,,,43,3,
resnet50_no_weights,IMAGENET100,ptq,fc,linear,204800,10.8418008685112,5.2938480803277346e-05,,,,,44,3,
resnet50_no_weights,IMAGENET100,ptq,fc,linear,204800,11.319948315926087,5.527318513635785e-05,0.37422506919488385,0.47515439271238524,0.20238033075492518,0.05376124051472514,aggregate,3,0.46212407290286933
resnet18_no_weights,IMAGENET100,fp32_unfused,conv1,conv,9408,117.55996011098226,0.012495744059415632,,,,,42,3,
resnet18_no_weights,IMAGENET100,fp32_unfused,conv1,conv,9408,97.99449087778727,0.010416081088200177,,,,,43,3,
resnet18_no_weights,IMAGENET100,fp32_unfused,conv1,conv,9408,129.77328643798828,0.01379392925573855,,,,,44,3,
resnet18_no_weights,IMAGENET100,fp32_unfused,conv1,conv,9408,115.10924580891927,0.012235251467784786,0.8397320520804911,12.597204785922044,0.23632901160544487,0.19413945709124888,aggregate,3,16.030516593579097
resnet18_no_weights,IMAGENET100,fp32_unfused,layer1.0.conv1,conv,36864,118.3380708694458,0.0032101256203734213,,,,,42,3,
resnet18_no_weights,IMAGENET100,fp32_unfused,layer1.0.conv1,conv,36864,110.4954762825599,0.0029973816265885392,,,,,43,3,
resnet18_no_weights,IMAGENET100,fp32_unfused,layer1.0.conv1,conv,36864,129.5813768560236,0.0035151198148877932,,,,,44,3,
resnet18_no_weights,IMAGENET100,fp32_unfused,layer1.0.conv1,conv,36864,119.47164133600977,0.003240875687283251,0.8715561103670985,3.336749949595811,0.23632901160544487,0.19413945709124888,aggregate,3,9.593312080665108
resnet18_no_weights,IMAGENET100,fp32_unfused,layer1.0.conv2,conv,36864,83.07417507171631,0.002253531224818693,,,,,42,3,
resnet18_no_weights,IMAGENET100,fp32_unfused,layer1.0.conv2,conv,36864,62.84173685709636,0.001704691212486338,,,,,43,3,
resnet18_no_weights,IMAGENET100,fp32_unfused,layer1.0.conv2,conv,36864,70.3563679781827,0.0019085386278803902,,,,,44,3,
resnet18_no_weights,IMAGENET100,fp32_unfused,layer1.0.conv2,conv,36864,72.09075996899846,0.0019555870217284736,0.5259084218595278,2.0134388127835643,0.23632901160544487,0.19413945709124888,aggregate,3,10.227119619446027
resnet18_no_weights,IMAGENET100,fp32_unfused,layer1.1.conv1,conv,36864,84.73411156149471,0.002298559883938116,,,,,42,3,
resnet18_no_weights,IMAGENET100,fp32_unfused,layer1.1.conv1,conv,36864,73.2498893737793,0.0019870304192105928,,,,,43,3,
resnet18_no_weights,IMAGENET100,fp32_unfused,layer1.1.conv1,conv,36864,92.59280637105306,0.002511740624214764,,,,,44,3,
resnet18_no_weights,IMAGENET100,fp32_unfused,layer1.1.conv1,conv,36864,83.52560243544235,0.0022657769757878244,0.609326601364445,2.33280506235431,0.23632901160544487,0.19413945709124888,aggregate,3,9.727922708454741
resnet18_no_weights,IMAGENET100,fp32_unfused,layer1.1.conv2,conv,36864,66.25362332661946,0.0017972445563861617,,,,,42,3,
resnet18_no_weights,IMAGENET100,fp32_unfused,layer1.1.conv2,conv,36864,63.973501459757486,0.0017353922922026229,,,,,43,3,
resnet18_no_weights,IMAGENET100,fp32_unfused,layer1.1.conv2,conv,36864,88.67351163228354,0.002405422950094497,,,,,44,3,
resnet18_no_weights,IMAGENET100,fp32_unfused,layer1.1.conv2,conv,36864,72.96687880622017,0.0019793532662277604,0.53229978567984,2.0379081299641792,0.23632901160544487,0.19413945709124888,aggregate,3,13.650035713561858
resnet18_no_weights,IMAGENET100,fp32_unfused,layer2.0.conv1,conv,73728,209.69143981933593,0.002844122176369031,,,,,42,3,
resnet18_no_weights,IMAGENET100,fp32_unfused,layer2.0.conv1,conv,73728,346.78660252889,0.004703594326834988,,,,,43,3,
resnet18_no_weights,IMAGENET100,fp32_unfused,layer2.0.conv1,conv,73728,368.1404587881906,0.004993224538685311,,,,,44,3,
resnet18_no_weights,IMAGENET100,fp32_unfused,layer2.0.conv1,conv,73728,308.20616704547217,0.004180313680629776,2.2483910419027606,4.303979173859926,0.23632901160544487,0.19413945709124888,aggregate,3,85.98174460090782
resnet18_no_weights,IMAGENET100,fp32_unfused,layer2.0.conv2,conv,147456,182.42642050523025,0.0012371583421849925,,,,,42,3,
resnet18_no_weights,IMAGENET100,fp32_unfused,layer2.0.conv2,conv,147456,171.9089529249403,0.0011658322002830695,,,,,43,3,
resnet18_no_weights,IMAGENET100,fp32_unfused,layer2.0.conv2,conv,147456,203.16525739034017,0.001377802581043431,,,,,44,3,
resnet18_no_weights,IMAGENET100,fp32_unfused,layer2.0.conv2,conv,147456,185.8335436068369,0.001260264374503831,1.3556720124585073,1.2975465565074367,0.23632901160544487,0.19413945709124888,aggregate,3,15.904260689531286
resnet18_no_weights,IMAGENET100,fp32_unfused,layer2.0.downsample.0,conv,8192,117.51856435139975,0.014345527874926727,,,,,42,3,
resnet18_no_weights,IMAGENET100,fp32_unfused,layer2.0.downsample.0,conv,8192,143.77050266265869,0.017550110188312828,,,,,43,3,
resnet18_no_weights,IMAGENET100,fp32_unfused,layer2.0.downsample.0,conv,8192,150.0490342458089,0.018316532500709096,,,,,44,3,
resnet18_no_weights,IMAGENET100,fp32_unfused,layer2.0.downsample.0,conv,8192,137.1127004199558,0.016737390187982884,1.0002491848576216,17.23252949357455,0.23632901160544487,0.19413945709124888,aggregate,3,17.256958478102973
resnet18_no_weights,IMAGENET100,fp32_unfused,layer2.1.conv1,conv,147456,140.97618344624837,0.0009560559315744925,,,,,42,3,
resnet18_no_weights,IMAGENET100,fp32_unfused,layer2.1.conv1,conv,147456,142.89861424763998,0.0009690932498347981,,,,,43,3,
resnet18_no_weights,IMAGENET100,fp32_unfused,layer2.1.conv1,conv,147456,145.78271865844727,0.0009886523346520132,,,,,44,3,
resnet18_no_weights,IMAGENET100,fp32_unfused,layer2.1.conv1,conv,147456,143.2191721174452,0.0009712671720204345,1.0447964318964593,1.0,0.23632901160544487,0.19413945709124888,aggregate,3,2.4192484778227135
resnet18_no_weights,IMAGENET100,fp32_unfused,layer2.1.conv2,conv,147456,112.28651555379231,0.0007614916690659744,,,,,42,3,
resnet18_no_weights,IMAGENET100,fp32_unfused,layer2.1.conv2,conv,147456,165.44424057006836,0.0011219905637618569,,,,,43,3,
resnet18_no_weights,IMAGENET100,fp32_unfused,layer2.1.conv2,conv,147456,133.50487144470216,0.0009053878543070622,,,,,44,3,
resnet18_no_weights,IMAGENET100,fp32_unfused,layer2.1.conv2,conv,147456,137.07854252285426,0.0009296233623782977,1.0,0.9571242487733739,0.23632901160544487,0.19413945709124888,aggregate,3,26.758443077982335
resnet18_no_weights,IMAGENET100,fp32_unfused,layer3.0.conv1,conv,294912,325.9948143005371,0.0011053969126401675,,,,,42,3,
resnet18_no_weights,IMAGENET100,fp32_unfused,layer3.0.conv1,conv,294912,257.8674266212865,0.0008743877042008683,,,,,43,3,
resnet18_no_weights,IMAGENET100,fp32_unfused,layer3.0.conv1,conv,294912,333.2400380452474,0.0011299643217137566,,,,,44,3,
resnet18_no_weights,IMAGENET100,fp32_unfused,layer3.0.conv1,conv,294912,305.7007596556903,0.0010365829795182641,2.230113875078025,1.067248033681566,0.23632901160544487,0.19413945709124888,aggregate,3,41.58297883344663
resnet18_no_weights,IMAGENET100,fp32_unfused,layer3.0.conv2,conv,589824,313.23586120605466,0.0005310666592170794,,,,,42,3,
resnet18_no_weights,IMAGENET100,fp32_unfused,layer3.0.conv2,conv,589824,293.16690608433316,0.0004970413311162875,,,,,43,3,
resnet18_no_weights,IMAGENET100,fp32_unfused,layer3.0.conv2,conv,589824,327.195142364502,0.0005547335177349548,,,,,44,3,
resnet18_no_weights,IMAGENET100,fp32_unfused,layer3.0.conv2,conv,589824,311.1993032182966,0.0005276138360227739,2.270226233010993,0.5432221444540631,0.23632901160544487,0.19413945709124888,aggregate,3,17.105288434074275
resnet18_no_weights,IMAGENET100,fp32_unfused,layer3.0.downsample.0,conv,32768,51.87301670710246,0.0015830388399384295,,,,,42,3,
resnet18_no_weights,IMAGENET100,fp32_unfused,layer3.0.downsample.0,conv,32768,53.84796276092529,0.0016433094104286283,,,,,43,3,
resnet18_no_weights,IMAGENET100,fp32_unfused,layer3.0.downsample.0,conv,32768,54.155012130737305,0.0016526798135600984,,,,,44,3,
resnet18_no_weights,IMAGENET100,fp32_unfused,layer3.0.downsample.0,conv,32768,53.29199719958835,0.0016263426879757187,0.38876979736418854,1.6744545011158907,0.23632901160544487,0.19413945709124888,aggregate,3,1.2384260403500564
resnet18_no_weights,IMAGENET100,fp32_unfused,layer3.1.conv1,conv,589824,137.52427780151368,0.00023316154954954981,,,,,42,3,
resnet18_no_weights,IMAGENET100,fp32_unfused,layer3.1.conv1,conv,589824,147.73055051167805,0.0002504654787049663,,,,,43,3,
resnet18_no_weights,IMAGENET100,fp32_unfused,layer3.1.conv1,conv,589824,129.23718121846517,0.00021911143191607186,,,,,44,3,
resnet18_no_weights,IMAGENET100,fp32_unfused,layer3.1.conv1,conv,589824,138.16400317721897,0.00023424615339019602,1.0079185307516947,0.24117581664261964,0.23632901160544487,0.19413945709124888,aggregate,3,9.263266884367967
resnet18_no_weights,IMAGENET100,fp32_unfused,layer3.1.conv2,conv,589824,90.26554934183757,0.00015303810855753168,,,,,42,3,
resnet18_no_weights,IMAGENET100,fp32_unfused,layer3.1.conv2,conv,589824,116.5019953591483,0.0001975199302828442,,,,,43,3,
resnet18_no_weights,IMAGENET100,fp32_unfused,layer3.1.conv2,conv,589824,103.3804123977135,0.00017527332288566334,,,,,44,3,
resnet18_no_weights,IMAGENET100,fp32_unfused,layer3.1.conv2,conv,589824,103.38265236623312,0.00017527712057534642,0.754185523594962,0.18046231317664543,0.23632901160544487,0.19413945709124888,aggregate,3,13.118223152085392
resnet18_no_weights,IMAGENET100,fp32_unfused,layer4.0.conv1,conv,1179648,427.66308177601206,0.00036253448636882534,,,,,42,3,
resnet18_no_weights,IMAGENET100,fp32_unfused,layer4.0.conv1,conv,1179648,366.8524005287572,0.00031098463315222606,,,,,43,3,
resnet18_no_weights,IMAGENET100,fp32_unfused,layer4.0.conv1,conv,1179648,405.38294219970703,0.0003436473780311644,,,,,44,3,
resnet18_no_weights,IMAGENET100,fp32_unfused,layer4.0.conv1,conv,1179648,399.9661415014921,0.0003390554991840719,2.9177881099429417,0.3490857191011275,0.23632901160544487,0.19413945709124888,aggregate,3,30.765094438209438
resnet18_no_weights,IMAGENET100,fp32_unfused,layer4.0.conv2,conv,2359296,347.334873453776,0.00014721971022448055,,,,,42,3,
resnet18_no_weights,IMAGENET100,fp32_unfused,layer4.0.conv2,conv,2359296,393.02992757161456,0.0001665877988906922,,,,,43,3,
resnet18_no_weights,IMAGENET100,fp32_unfused,layer4.0.conv2,conv,2359296,531.7999608357748,0.00022540620627330133,,,,,44,3,
resnet18_no_weights,IMAGENET100,fp32_unfused,layer4.0.conv2,conv,2359296,424.05492062038843,0.00017973790512949134,3.093517868047717,0.18505506034513625,0.23632901160544487,0.19413945709124888,aggregate,3,96.0664080777951
resnet18_no_weights,IMAGENET100,fp32_unfused,layer4.0.downsample.0,conv,131072,98.17442843119304,0.0007490114473815387,,,,,42,3,
resnet18_no_weights,IMAGENET100,fp32_unfused,layer4.0.downsample.0,conv,131072,87.34951604207357,0.0006664239199987303,,,,,43,3,
resnet18_no_weights,IMAGENET100,fp32_unfused,layer4.0.downsample.0,conv,131072,80.12783595493862,0.0006113268734355058,,,,,44,3,
resnet18_no_weights,IMAGENET100,fp32_unfused,layer4.0.downsample.0,conv,131072,88.55059347606841,0.0006755874136052583,0.6459843520827114,0.6955731986698348,0.23632901160544487,0.19413945709124888,aggregate,3,9.083050988122842
resnet18_no_weights,IMAGENET100,fp32_unfused,layer4.1.conv1,conv,2359296,343.57981872558594,0.00014562811055738066,,,,,42,3,
resnet18_no_weights,IMAGENET100,fp32_unfused,layer4.1.conv1,conv,2359296,334.57896705910014,0.00014181305230844292,,,,,43,3,
resnet18_no_weights,IMAGENET100,fp32_unfused,layer4.1.conv1,conv,2359296,452.42464338030135,0.00019176256111157794,,,,,44,3,
resnet18_no_weights,IMAGENET100,fp32_unfused,layer4.1.conv1,conv,2359296,376.8611430549958,0.00015973457465913384,2.7492351181963004,0.16445997482531324,0.23632901160544487,0.19413945709124888,aggregate,3,65.59447971239544
resnet18_no_weights,IMAGENET100,fp32_unfused,layer4.1.conv2,conv,2359296,52.816226959228516,2.238643517355538e-05,,,,,42,3,
resnet18_no_weights,IMAGENET100,fp32_unfused,layer4.1.conv2,conv,2359296,65.37257671356201,2.770850995956506e-05,,,,,43,3,
resnet18_no_weights,IMAGENET100,fp32_unfused,layer4.1.conv2,conv,2359296,59.14420294761658,2.5068581029093668e-05,,,,,44,3,
resnet18_no_weights,IMAGENET100,fp32_unfused,layer4.1.conv2,conv,2359296,59.11100220680237,2.505450872073804e-05,0.4312199496646031,0.025795691898676584,0.23632901160544487,0.19413945709124888,aggregate,3,6.27824071736507
resnet18_no_weights,IMAGENET100,fp32_unfused,fc,linear,51200,7.106055847803751,0.000138790153277417,,,,,42,3,
resnet18_no_weights,IMAGENET100,fp32_unfused,fc,linear,51200,6.197660501797994,0.00012104805667574207,,,,,43,3,
resnet18_no_weights,IMAGENET100,fp32_unfused,fc,linear,51200,6.452724583943685,0.0001260297770301501,,,,,44,3,
resnet18_no_weights,IMAGENET100,fp32_unfused,fc,linear,51200,6.5854803111818105,0.00012862266232776973,0.04804165692149706,0.13242768419755016,0.23632901160544487,0.19413945709124888,aggregate,3,0.4685227726558468
resnet18_no_weights,IMAGENET100,fp32_fused,conv1,conv,9408,2480.5056274414064,0.26365918659028553,,,,,42,3,
resnet18_no_weights,IMAGENET100,fp32_fused,conv1,conv,9408,2146.702227783203,0.2281783830551874,,,,,43,3,
resnet18_no_weights,IMAGENET100,fp32_fused,conv1,conv,9408,2960.503210449219,0.31467933784536767,,,,,44,3,
resnet18_no_weights,IMAGENET100,fp32_fused,conv1,conv,9408,2529.237021891276,0.26883896916361355,33.849853016767995,893.5891358657288,-0.4021135024756444,0.12134704376688148,aggregate,3,409.08320846841764
resnet18_no_weights,IMAGENET100,fp32_fused,layer1.0.conv1,conv,36864,288.98934898376467,0.00783933780880438,,,,,42,3,
resnet18_no_weights,IMAGENET100,fp32_fused,layer1.0.conv1,conv,36864,329.14944394429523,0.008928750106995856,,,,,43,3,
resnet18_no_weights,IMAGENET100,fp32_fused,layer1.0.conv1,conv,36864,269.05789311726886,0.007298662465203691,,,,,44,3,
resnet18_no_weights,IMAGENET100,fp32_fused,layer1.0.conv1,conv,36864,295.73222868177623,0.008022250127001309,3.957909988884255,26.66501653755068,-0.4021135024756444,0.12134704376688148,aggregate,3,30.607980007927114
resnet18_no_weights,IMAGENET100,fp32_fused,layer1.0.conv2,conv,36864,45.27616936819894,0.001228194698573105,,,,,42,3,
resnet18_no_weights,IMAGENET100,fp32_fused,layer1.0.conv2,conv,36864,37.51179577509562,0.0010175725850449116,,,,,43,3,
resnet18_no_weights,IMAGENET100,fp32_fused,layer1.0.conv2,conv,36864,40.260584926605226,0.0010921382629829977,,,,,44,3,
resnet18_no_weights,IMAGENET100,fp32_fused,layer1.0.conv2,conv,36864,41.01618335663326,0.001112635182200338,0.5489369979618005,3.6982685735233605,-0.4021135024756444,0.12134704376688148,aggregate,3,3.9369494616918406
resnet18_no_weights,IMAGENET100,fp32_fused,layer1.1.conv1,conv,36864,237.47690760294597,0.006441973405027831,,,,,42,3,
resnet18_no_weights,IMAGENET100,fp32_fused,layer1.1.conv1,conv,36864,196.86442489624022,0.005340289303825961,,,,,43,3,
resnet18_no_weights,IMAGENET100,fp32_fused,layer1.1.conv1,conv,36864,213.467525775616,0.005790677240006944,,,,,44,3,
resnet18_no_weights,IMAGENET100,fp32_fused,layer1.1.conv1,conv,36864,215.93628609160072,0.005857646649620245,2.889967006619934,19.470128992554496,-0.4021135024756444,0.12134704376688148,aggregate,3,20.418484787661257
resnet18_no_weights,IMAGENET100,fp32_fused,layer1.1.conv2,conv,36864,20.83538112640381,0.0005651958855903811,,,,,42,3,
resnet18_no_weights,IMAGENET100,fp32_fused,layer1.1.conv2,conv,36864,14.483642983436585,0.0003928939611392303,,,,,43,3,
resnet18_no_weights,IMAGENET100,fp32_fused,layer1.1.conv2,conv,36864,15.12803150812785,0.0004103741186015584,,,,,44,3,
resnet18_no_weights,IMAGENET100,fp32_fused,layer1.1.conv2,conv,36864,16.815685205989414,0.00045615465511038994,0.2250514553093752,1.5162044600504003,-0.4021135024756444,0.12134704376688148,aggregate,3,3.496037129684916
resnet18_no_weights,IMAGENET100,fp32_fused,layer2.0.conv1,conv,73728,1090.0907491048176,0.01478530204406491,,,,,42,3,
resnet18_no_weights,IMAGENET100,fp32_fused,layer2.0.conv1,conv,73728,1511.1378590901693,0.020496118965524213,,,,,43,3,
resnet18_no_weights,IMAGENET100,fp32_fused,layer2.0.conv1,conv,73728,1564.805908203125,0.021224038468466863,,,,,44,3,
resnet18_no_weights,IMAGENET100,fp32_fused,layer2.0.conv1,conv,73728,1388.678172132704,0.018835153159351997,18.58526963168371,62.60583533676935,-0.4021135024756444,0.12134704376688148,aggregate,3,259.972886599205
resnet18_no_weights,IMAGENET100,fp32_fused,layer2.0.conv2,conv,147456,47.00820744832357,0.0003187948096267603,,,,,42,3,
resnet18_no_weights,IMAGENET100,fp32_fused,layer2.0.conv2,conv,147456,40.3594030380249,0.0002737047189536194,,,,,43,3,
resnet18_no_weights,IMAGENET100,fp32_fused,layer2.0.conv2,conv,147456,45.72012786865234,0.0003100594609147972,,,,,44,3,
resnet18_no_weights,IMAGENET100,fp32_fused,layer2.0.conv2,conv,147456,44.36257945166694,0.0003008529964983923,0.5937232378326976,1.0,-0.4021135024756444,0.12134704376688148,aggregate,3,3.5261669415877677
resnet18_no_weights,IMAGENET100,fp32_fused,layer2.0.downsample.0,conv,8192,99.96256027221679,0.012202460970729589,,,,,42,3,
resnet18_no_weights,IMAGENET100,fp32_fused,layer2.0.downsample.0,conv,8192,105.39290650685628,0.01286534503257523,,,,,43,3,
resnet18_no_weights,IMAGENET100,fp32_fused,layer2.0.downsample.0,conv,8192,151.6680472056071,0.01851416591865321,,,,,44,3,
resnet18_no_weights,IMAGENET100,fp32_fused,layer2.0.downsample.0,conv,8192,119.00783799489339,0.01452732397398601,1.5927324284373248,48.28711743964179,-0.4021135024756444,0.12134704376688148,aggregate,3,28.41459333375559
resnet18_no_weights,IMAGENET100,fp32_fused,layer2.1.conv1,conv,147456,211.17072970072428,0.0014320931647455802,,,,,42,3,
resnet18_no_weights,IMAGENET100,fp32_fused,layer2.1.conv1,conv,147456,191.01130822988657,0.0012953783381475597,,,,,43,3,
resnet18_no_weights,IMAGENET100,fp32_fused,layer2.1.conv1,conv,147456,183.99030605115388,0.0012477641198130553,,,,,44,3,
resnet18_no_weights,IMAGENET100,fp32_fused,layer2.1.conv1,conv,147456,195.3907813272549,0.001325078540902065,2.6149977924225354,4.404405328597569,-0.4021135024756444,0.12134704376688148,aggregate,3,14.109525006195682
resnet18_no_weights,IMAGENET100,fp32_fused,layer2.1.conv2,conv,147456,33.03233428001404,0.0002240148537869876,,,,,42,3,
resnet18_no_weights,IMAGENET100,fp32_fused,layer2.1.conv2,conv,147456,42.34554557800293,0.00028717411009387836,,,,,43,3,
resnet18_no_weights,IMAGENET100,fp32_fused,layer2.1.conv2,conv,147456,31.783593034744264,0.0002155462852291142,,,,,44,3,
resnet18_no_weights,IMAGENET100,fp32_fused,layer2.1.conv2,conv,147456,35.72049096425374,0.00024224508303666002,0.4780624980424453,0.8051941840571115,-0.4021135024756444,0.12134704376688148,aggregate,3,5.771338679264888
resnet18_no_weights,IMAGENET100,fp32_fused,layer3.0.conv1,conv,294912,344.13939399719237,0.0011669223157999417,,,,,42,3,
resnet18_no_weights,IMAGENET100,fp32_fused,layer3.0.conv1,conv,294912,275.6203938188224,0.0009345852112454643,,,,,43,3,
resnet18_no_weights,IMAGENET100,fp32_fused,layer3.0.conv1,conv,294912,350.3156547546387,0.0011878650402650237,,,,,44,3,
resnet18_no_weights,IMAGENET100,fp32_fused,layer3.0.conv1,conv,294912,323.35848085688446,0.0010964575224368099,4.3276438522737415,3.644495933889324,-0.4021135024756444,0.12134704376688148,aggregate,3,41.45757186300455
resnet18_no_weights,IMAGENET100,fp32_fused,layer3.0.conv2,conv,589824,76.86848625769981,0.0001303244463733246,,,,,42,3,
resnet18_no_weights,IMAGENET100,fp32_fused,layer3.0.conv2,conv,589824,70.22608804702759,0.00011906278491046073,,,,,43,3,
resnet18_no_weights,IMAGENET100,fp32_fused,layer3.0.conv2,conv,589824,77.06329905192057,0.00013065473607706802,,,,,44,3,
resnet18_no_weights,IMAGENET100,fp32_fused,layer3.0.conv2,conv,589824,74.71929111888265,0.0001266806557869511,1.0,0.4210716105918129,-0.4021135024756444,0.12134704376688148,aggregate,3,3.892446966869798
resnet18_no_weights,IMAGENET100,fp32_fused,layer3.0.downsample.0,conv,32768,23.526532204945884,0.0007179727845747645,,,,,42,3,
resnet18_no_weights,IMAGENET100,fp32_fused,layer3.0.downsample.0,conv,32768,25.17480330631651,0.0007682740266820224,,,,,43,3,
resnet18_no_weights,IMAGENET100,fp32_fused,layer3.0.downsample.0,conv,32768,34.655031236012775,0.0010575876231693352,,,,,44,3,
resnet18_no_weights,IMAGENET100,fp32_fused,layer3.0.downsample.0,conv,32768,27.785455582425055,0.000847944811475374,0.3718645501898139,2.81846889126765,-0.4021135024756444,0.12134704376688148,aggregate,3,6.006038765374166
resnet18_no_weights,IMAGENET100,fp32_fused,layer3.1.conv1,conv,589824,158.60727208455404,0.0002689061009463061,,,,,42,3,
resnet18_no_weights,IMAGENET100,fp32_fused,layer3.1.conv1,conv,589824,186.71962203979493,0.0003165683696149952,,,,,43,3,
resnet18_no_weights,IMAGENET100,fp32_fused,layer3.1.conv1,conv,589824,133.4187340987356,0.0002262009245109314,,,,,44,3,
resnet18_no_weights,IMAGENET100,fp32_fused,layer3.1.conv1,conv,589824,159.58187607436153,0.0002705584650240776,2.1357520084131645,0.8993045380072303,-0.4021135024756444,0.12134704376688148,aggregate,3,26.66380605857034
resnet18_no_weights,IMAGENET100,fp32_fused,layer3.1.conv2,conv,589824,23.225721327463784,3.937737584001971e-05,,,,,42,3,
resnet18_no_weights,IMAGENET100,fp32_fused,layer3.1.conv2,conv,589824,26.873437372843423,4.556179025072466e-05,,,,,43,3,
resnet18_no_weights,IMAGENET100,fp32_fused,layer3.1.conv2,conv,589824,25.186398696899413,4.270154944000145e-05,,,,,44,3,
resnet18_no_weights,IMAGENET100,fp32_fused,layer3.1.conv2,conv,589824,25.095185799068872,4.254690517691527e-05,0.3358595273493829,0.14142091211360971,-0.4021135024756444,0.12134704376688148,aggregate,3,1.8255678380925757
resnet18_no_weights,IMAGENET100,fp32_fused,layer4.0.conv1,conv,1179648,256.34747591885656,0.00021730844787500725,,,,,42,3,
resnet18_no_weights,IMAGENET100,fp32_fused,layer4.0.conv1,conv,1179648,314.14960021972655,0.00026630791576786174,,,,,43,3,
resnet18_no_weights,IMAGENET100,fp32_fused,layer4.0.conv1,conv,1179648,328.1134287516276,0.00027814519988303936,,,,,44,3,
resnet18_no_weights,IMAGENET100,fp32_fused,layer4.0.conv1,conv,1179648,299.5368349634036,0.00025392052117530277,4.008828650245402,0.8440019681727173,-0.4021135024756444,0.12134704376688148,aggregate,3,38.049148187918476
resnet18_no_weights,IMAGENET100,fp32_fused,layer4.0.conv2,conv,2359296,36.291475741068524,1.538233258610557e-05,,,,,42,3,
resnet18_no_weights,IMAGENET100,fp32_fused,layer4.0.conv2,conv,2359296,40.23623674566095,1.7054340254745887e-05,,,,,43,3,
resnet18_no_weights,IMAGENET100,fp32_fused,layer4.0.conv2,conv,2359296,32.1034929969094,1.3607234105813514e-05,,,,,44,3,
resnet18_no_weights,IMAGENET100,fp32_fused,layer4.0.conv2,conv,2359296,36.21040182787963,1.5347968982221657e-05,0.4846191831540106,0.051014844993587,-0.4021135024756444,0.12134704376688148,aggregate,3,4.066977988047658
resnet18_no_weights,IMAGENET100,fp32_fused,layer4.0.downsample.0,conv,131072,20.22523694202818,0.00015430631211874526,,,,,42,3,
resnet18_no_weights,IMAGENET100,fp32_fused,layer4.0.downsample.0,conv,131072,27.214485216140748,0.0002076300446788082,,,,,43,3,
resnet18_no_weights,IMAGENET100,fp32_fused,layer4.0.downsample.0,conv,131072,20.88457636833191,0.00015933667273202446,,,,,44,3,
resnet18_no_weights,IMAGENET100,fp32_fused,layer4.0.downsample.0,conv,131072,22.77476617550028,0.0001737576765098593,0.3048043662414346,0.5775500943391395,-0.4021135024756444,0.12134704376688148,aggregate,3,3.8590168423626734
resnet18_no_weights,IMAGENET100,fp32_fused,layer4.1.conv1,conv,2359296,84.89538116455078,3.598335315473378e-05,,,,,42,3,
resnet18_no_weights,IMAGENET100,fp32_fused,layer4.1.conv1,conv,2359296,105.66156412760417,4.478520886213691e-05,,,,,43,3,
resnet18_no_weights,IMAGENET100,fp32_fused,layer4.1.conv1,conv,2359296,117.93865164120992,4.998891688080254e-05,,,,,44,3,
resnet18_no_weights,IMAGENET100,fp32_fused,layer4.1.conv1,conv,2359296,102.83186564445495,4.358582629922441e-05,1.3762425219056695,0.14487416381593965,-0.4021135024756444,0.12134704376688148,aggregate,3,16.702389831325515
resnet18_no_weights,IMAGENET100,fp32_fused,layer4.1.conv2,conv,2359296,0.17387159488030843,7.369638861775225e-08,,,,,42,3,
resnet18_no_weights,IMAGENET100,fp32_fused,layer4.1.conv2,conv,2359296,0.10958097047275966,4.644646982521891e-08,,,,,43,3,
resnet18_no_weights,IMAGENET100,fp32_fused,layer4.1.conv2,conv,2359296,0.1426671925932169,6.047023883108219e-08,,,,,44,3,
resnet18_no_weights,IMAGENET100,fp32_fused,layer4.1.conv2,conv,2359296,0.14203991931542834,6.020436575801779e-08,0.0019009805525247118,0.00020011223573882374,-0.4021135024756444,0.12134704376688148,aggregate,3,0.03214990202942922
resnet18_no_weights,IMAGENET100,fp32_fused,fc,linear,51200,7.687787248974755,0.00015015209470653818,,,,,42,3,
resnet18_no_weights,IMAGENET100,fp32_fused,fc,linear,51200,8.156365227699279,0.00015930400835350154,,,,,43,3,
resnet18_no_weights,IMAGENET100,fp32_fused,fc,linear,51200,8.556320230166117,0.00016711562949543198,,,,,44,3,
resnet18_no_weights,IMAGENET100,fp32_fused,fc,linear,51200,8.13349090228005,0.00015885724418515722,0.10885396235008711,0.528022808594516,-0.4021135024756444,0.12134704376688148,aggregate,3,0.4347180821254475
resnet18_no_weights,IMAGENET100,ptq,conv1,conv,9408,3506.8471862792967,0.3727516141878504,,,,,42,3,
resnet18_no_weights,IMAGENET100,ptq,conv1,conv,9408,3514.547157796224,0.3735700635412653,,,,,43,3,
resnet18_no_weights,IMAGENET100,ptq,conv1,conv,9408,2724.4366030485735,0.28958722396349634,,,,,44,3,
resnet18_no_weights,IMAGENET100,ptq,conv1,conv,9408,3248.6103157080315,0.34530296723087067,25.77915650726795,701.3946120566592,-0.3319464706156956,0.08950650572707732,aggregate,3,453.9640769628587
resnet18_no_weights,IMAGENET100,ptq,layer1.0.conv1,conv,36864,493.3996815999349,0.013384322960067679,,,,,42,3,
resnet18_no_weights,IMAGENET100,ptq,layer1.0.conv1,conv,36864,647.6251007080078,0.017567955205837885,,,,,43,3,
resnet18_no_weights,IMAGENET100,ptq,layer1.0.conv1,conv,36864,540.9537775675456,0.014674310372383505,,,,,44,3,
resnet18_no_weights,IMAGENET100,ptq,layer1.0.conv1,conv,36864,560.659519958496,0.015208862846096356,4.449080716887922,30.892912798598758,-0.3319464706156956,0.08950650572707732,aggregate,3,78.97852358172483
resnet18_no_weights,IMAGENET100,ptq,layer1.0.conv2,conv,36864,62.39193852742513,0.001692489651894128,,,,,42,3,
resnet18_no_weights,IMAGENET100,ptq,layer1.0.conv2,conv,36864,48.250655505968176,0.001308882799098529,,,,,43,3,
resnet18_no_weights,IMAGENET100,ptq,layer1.0.conv2,conv,36864,69.89732237423168,0.0018960862189190452,,,,,44,3,
resnet18_no_weights,IMAGENET100,ptq,layer1.0.conv2,conv,36864,60.179972135875,0.0016324862233039008,0.4775546370681342,3.3159779959739475,-0.3319464706156956,0.08950650572707732,aggregate,3,10.991548713188907
resnet18_no_weights,IMAGENET100,ptq,layer1.1.conv1,conv,36864,255.68510767618815,0.006935902443472986,,,,,42,3,
resnet18_no_weights,IMAGENET100,ptq,layer1.1.conv1,conv,36864,260.44552939278736,0.007065037147156775,,,,,43,3,
resnet18_no_weights,IMAGENET100,ptq,layer1.1.conv1,conv,36864,262.87836682354964,0.007131032086142297,,,,,44,3,
resnet18_no_weights,IMAGENET100,ptq,layer1.1.conv1,conv,36864,259.66966796417506,0.00704399055892402,2.0605934107488686,14.308064205263463,-0.3319464706156956,0.08950650572707732,aggregate,3,3.658854329920936
resnet18_no_weights,IMAGENET100,ptq,layer1.1.conv2,conv,36864,31.292937914530437,0.0008488752689488508,,,,,42,3,
resnet18_no_weights,IMAGENET100,ptq,layer1.1.conv2,conv,36864,28.03182147979736,0.0007604118239962392,,,,,43,3,
resnet18_no_weights,IMAGENET100,ptq,layer1.1.conv2,conv,36864,26.741256841023763,0.0007254030176058963,,,,,44,3,
resnet18_no_weights,IMAGENET100,ptq,layer1.1.conv2,conv,36864,28.68867207845052,0.0007782300368503288,0.22765727361020077,1.5807751643863557,-0.3319464706156956,0.08950650572707732,aggregate,3,2.345855852443406
resnet18_no_weights,IMAGENET100,ptq,layer2.0.conv1,conv,73728,1317.6805639648437,0.01787218646870719,,,,,42,3,
resnet18_no_weights,IMAGENET100,ptq,layer2.0.conv1,conv,73728,1343.131300184462,0.01821738417133873,,,,,43,3,
resnet18_no_weights,IMAGENET100,ptq,layer2.0.conv1,conv,73728,1692.8119649251303,0.022960231729127742,,,,,44,3,
resnet18_no_weights,IMAGENET100,ptq,layer2.0.conv1,conv,73728,1451.207943024812,0.01968326745639122,11.515975464011092,39.98152072742666,-0.3319464706156956,0.08950650572707732,aggregate,3,209.6218322177756
resnet18_no_weights,IMAGENET100,ptq,layer2.0.conv2,conv,147456,59.07546596527099,0.000400631143970208,,,,,42,3,
resnet18_no_weights,IMAGENET100,ptq,layer2.0.conv2,conv,147456,58.22502816518148,0.0003948637435247225,,,,,43,3,
resnet18_no_weights,IMAGENET100,ptq,layer2.0.conv2,conv,147456,54.748899269104,0.00037128973571169704,,,,,44,3,
resnet18_no_weights,IMAGENET100,ptq,layer2.0.conv2,conv,147456,57.349797799852155,0.0003889282077355425,0.45509595472066877,0.7900081240836048,-0.3319464706156956,0.08950650572707732,aggregate,3,2.2922294798713354
resnet18_no_weights,IMAGENET100,ptq,layer2.0.downsample.0,conv,8192,188.41226609547934,0.022999544201108318,,,,,42,3,
resnet18_no_weights,IMAGENET100,ptq,layer2.0.downsample.0,conv,8192,161.15233764648437,0.01967191621661186,,,,,43,3,
resnet18_no_weights,IMAGENET100,ptq,layer2.0.downsample.0,conv,8192,164.92814593844943,0.020132830314752128,,,,,44,3,
resnet18_no_weights,IMAGENET100,ptq,layer2.0.downsample.0,conv,8192,171.49758322680438,0.02093476357749077,1.3609090069205283,42.523614829277044,-0.3319464706156956,0.08950650572707732,aggregate,3,14.769700554693133
resnet18_no_weights,IMAGENET100,ptq,layer2.1.conv1,conv,147456,308.252010345459,0.0020904677350901896,,,,,42,3,
resnet18_no_weights,IMAGENET100,ptq,layer2.1.conv1,conv,147456,304.3739201472356,0.0020641677527346164,,,,,43,3,
resnet18_no_weights,IMAGENET100,ptq,layer2.1.conv1,conv,147456,287.6800303141276,0.001950955066691946,,,,,44,3,
resnet18_no_weights,IMAGENET100,ptq,layer2.1.conv1,conv,147456,300.1019869356074,0.002035196851505584,2.3814417050722714,4.133981580199623,-0.3319464706156956,0.08950650572707732,aggregate,3,10.931086433920171
resnet18_no_weights,IMAGENET100,ptq,layer2.1.conv2,conv,147456,45.68886651992798,0.00030984745632546643,,,,,42,3,
resnet18_no_weights,IMAGENET100,ptq,layer2.1.conv2,conv,147456,56.48887465981876,0.00038308969902763377,,,,,43,3,
resnet18_no_weights,IMAGENET100,ptq,layer2.1.conv2,conv,147456,49.24720401763916,0.0003339789768991371,,,,,44,3,
resnet18_no_weights,IMAGENET100,ptq,layer2.1.conv2,conv,147456,50.47498173246197,0.0003423053774174124,0.4005412552841174,0.695305775458537,-0.3319464706156956,0.08950650572707732,aggregate,3,5.503691719490512
resnet18_no_weights,IMAGENET100,ptq,layer3.0.conv1,conv,294912,529.7972295125326,0.00179645870467303,,,,,42,3,
resnet18_no_weights,IMAGENET100,ptq,layer3.0.conv1,conv,294912,393.27356610979353,0.0013335285309169975,,,,,43,3,
resnet18_no_weights,IMAGENET100,ptq,layer3.0.conv1,conv,294912,475.34146477194395,0.0016118078096921927,,,,,44,3,
resnet18_no_weights,IMAGENET100,ptq,layer3.0.conv1,conv,294912,466.13742013142337,0.0015805983484274066,3.699006140982183,3.2105810566968227,-0.3319464706156956,0.08950650572707732,aggregate,3,68.72563928792964
resnet18_no_weights,IMAGENET100,ptq,layer3.0.conv2,conv,589824,138.688703028361,0.00023513574054016283,,,,,42,3,
resnet18_no_weights,IMAGENET100,ptq,layer3.0.conv2,conv,589824,115.90689112345378,0.0001965109780603261,,,,,43,3,
resnet18_no_weights,IMAGENET100,ptq,layer3.0.conv2,conv,589824,123.45521384791324,0.00020930856297457078,,,,,44,3,
resnet18_no_weights,IMAGENET100,ptq,layer3.0.conv2,conv,589824,126.01693599990934,0.0002136517605250199,1.0,0.4339788762616557,-0.3319464706156956,0.08950650572707732,aggregate,3,11.604936609291057
resnet18_no_weights,IMAGENET100,ptq,layer3.0.downsample.0,conv,32768,38.92128553390503,0.001187783372006379,,,,,42,3,
resnet18_no_weights,IMAGENET100,ptq,layer3.0.downsample.0,conv,32768,32.31700244702791,0.0009862366469429904,,,,,43,3,
resnet18_no_weights,IMAGENET100,ptq,layer3.0.downsample.0,conv,32768,30.411568546295165,0.0009280874190153554,,,,,44,3,
resnet18_no_weights,IMAGENET100,ptq,layer3.0.downsample.0,conv,32768,33.88328550907603,0.0010340358126549082,0.26887882362970966,2.100379135128792,-0.3319464706156956,0.08950650572707732,aggregate,3,4.465842896380045
resnet18_no_weights,IMAGENET100,ptq,layer3.1.conv1,conv,589824,276.14725062052406,0.0004681858497119888,,,,,42,3,
resnet18_no_weights,IMAGENET100,ptq,layer3.1.conv1,conv,589824,251.1800506591797,0.000425855934412943,,,,,43,3,
resnet18_no_weights,IMAGENET100,ptq,layer3.1.conv1,conv,589824,343.79990946451824,0.0005828855886917424,,,,,44,3,
resnet18_no_weights,IMAGENET100,ptq,layer3.1.conv1,conv,589824,290.3757369147407,0.0004923091242722247,2.304259618841626,1.0,-0.3319464706156956,0.08950650572707732,aggregate,3,47.921257578957004
resnet18_no_weights,IMAGENET100,ptq,layer3.1.conv2,conv,589824,53.537948021521935,9.076936174438805e-05,,,,,42,3,
resnet18_no_weights,IMAGENET100,ptq,layer3.1.conv2,conv,589824,59.66102123260498,0.00010115054869351702,,,,,43,3,
resnet18_no_weights,IMAGENET100,ptq,layer3.1.conv2,conv,589824,53.25040054321289,9.028184770916899e-05,,,,,44,3,
resnet18_no_weights,IMAGENET100,ptq,layer3.1.conv2,conv,589824,55.48312326577994,9.406725271569136e-05,0.4402830685061241,0.19107355130732132,-0.3319464706156956,0.08950650572707732,aggregate,3,3.6210211893844404
resnet18_no_weights,IMAGENET100,ptq,layer4.0.conv1,conv,1179648,506.09849243164064,0.00042902500782575874,,,,,42,3,
resnet18_no_weights,IMAGENET100,ptq,layer4.0.conv1,conv,1179648,654.8000539143881,0.0005550808833774041,,,,,43,3,
resnet18_no_weights,IMAGENET100,ptq,layer4.0.conv1,conv,1179648,440.21021461486816,0.0003731708226647849,,,,,44,3,
resnet18_no_weights,IMAGENET100,ptq,layer4.0.conv1,conv,1179648,533.702920320299,0.00045242557128931594,4.2351682024762365,0.9189867686448668,-0.3319464706156956,0.08950650572707732,aggregate,3,109.92589827671888
resnet18_no_weights,IMAGENET100,ptq,layer4.0.conv2,conv,2359296,79.16027081807455,3.355249651509372e-05,,,,,42,3,
resnet18_no_weights,IMAGENET100,ptq,layer4.0.conv2,conv,2359296,72.67105000813802,3.0802006195126864e-05,,,,,43,3,
resnet18_no_weights,IMAGENET100,ptq,layer4.0.conv2,conv,2359296,76.35537567138672,3.2363626976600956e-05,,,,,44,3,
resnet18_no_weights,IMAGENET100,ptq,layer4.0.conv2,conv,2359296,76.06223216586643,3.223937656227384e-05,0.6035873794449435,0.06548604316430853,-0.3319464706156956,0.08950650572707732,aggregate,3,3.254527080260642
resnet18_no_weights,IMAGENET100,ptq,layer4.0.downsample.0,conv,131072,34.32703688939412,0.00026189450751796053,,,,,42,3,
resnet18_no_weights,IMAGENET100,ptq,layer4.0.downsample.0,conv,131072,34.93133405049642,0.0002665049289741243,,,,,43,3,
resnet18_no_weights,IMAGENET100,ptq,layer4.0.downsample.0,conv,131072,36.75698295006385,0.00028043352470446663,,,,,44,3,
resnet18_no_weights,IMAGENET100,ptq,layer4.0.downsample.0,conv,131072,35.33845129665146,0.00026961098706551715,0.2804262063368759,0.5476457245517847,-0.3319464706156956,0.08950650572707732,aggregate,3,1.2650959661340848
resnet18_no_weights,IMAGENET100,ptq,layer4.1.conv1,conv,2359296,188.50397887053313,7.989840141742839e-05,,,,,42,3,
resnet18_no_weights,IMAGENET100,ptq,layer4.1.conv1,conv,2359296,187.0658721923828,7.92888523493376e-05,,,,,43,3,
resnet18_no_weights,IMAGENET100,ptq,layer4.1.conv1,conv,2359296,221.32047551472982,9.380784586365163e-05,,,,,44,3,
resnet18_no_weights,IMAGENET100,ptq,layer4.1.conv1,conv,2359296,198.9634421925486,8.433169987680587e-05,1.5788627188387738,0.17129826712326837,-0.3319464706156956,0.08950650572707732,aggregate,3,19.375106243096493
resnet18_no_weights,IMAGENET100,ptq,layer4.1.conv2,conv,2359296,0.28074909538030624,1.1899697849710516e-07,,,,,42,3,
resnet18_no_weights,IMAGENET100,ptq,layer4.1.conv2,conv,2359296,0.2610940691725961,1.1066609241595632e-07,,,,,43,3,
resnet18_no_weights,IMAGENET100,ptq,layer4.1.conv2,conv,2359296,0.26799662544259,1.1359177714139726e-07,,,,,44,3,
resnet18_no_weights,IMAGENET100,ptq,layer4.1.conv2,conv,2359296,0.26994659666516413,1.1441828268481959e-07,0.0021421453753276334,0.00023241146069344725,-0.3319464706156956,0.08950650572707732,aggregate,3,0.00997154976084929
resnet18_no_weights,IMAGENET100,ptq,fc,linear,51200,16.04466438293457,0.0003133723512291908,,,,,42,3,
resnet18_no_weights,IMAGENET100,ptq,fc,linear,51200,13.398670482635499,0.0002616927828639746,,,,,43,3,
resnet18_no_weights,IMAGENET100,ptq,fc,linear,51200,15.062126096089681,0.0002941821503142516,,,,,44,3,
resnet18_no_weights,IMAGENET100,ptq,fc,linear,51200,14.835153653886584,0.00028974909480247236,0.11772349118135404,0.5885511369118038,-0.3319464706156956,0.08950650572707732,aggregate,3,1.3375194567723874
cnn,IMAGENET100,fp32_unfused,conv1,conv,864,27.832930606344473,0.03221404005363943,,,,,42,3,
cnn,IMAGENET100,fp32_unfused,conv1,conv,864,30.858843591478134,0.0357162541568034,,,,,43,3,
cnn,IMAGENET100,fp32_unfused,conv1,conv,864,32.07481330235799,0.03712362650735878,,,,,44,3,
cnn,IMAGENET100,fp32_unfused,conv1,conv,864,30.255529166726866,0.03501797357260054,0.4898705669756983,10.057229529442703,0.0442945897326945,0.00929389077551251,aggregate,3,2.184349656767304
cnn,IMAGENET100,fp32_unfused,conv2,conv,18432,180.3749038696289,0.009785964836676915,,,,,42,3,
cnn,IMAGENET100,fp32_unfused,conv2,conv,18432,173.42773920694987,0.009409057031627054,,,,,43,3,
cnn,IMAGENET100,fp32_unfused,conv2,conv,18432,173.63769219138405,0.009420447710036027,,,,,44,3,
cnn,IMAGENET100,fp32_unfused,conv2,conv,18432,175.81344508932094,0.009538489859446666,2.8466146320974692,2.7394726791323203,0.0442945897326945,0.00929389077551251,aggregate,3,3.9517337609275542
cnn,IMAGENET100,fp32_unfused,conv3,conv,73728,485.6960009256999,0.0065876736236667194,,,,,42,3,
cnn,IMAGENET100,fp32_unfused,conv3,conv,73728,510.70323282877604,0.006926855914018772,,,,,43,3,
cnn,IMAGENET100,fp32_unfused,conv3,conv,73728,485.8788146972656,0.00659015319413609,,,,,44,3,
cnn,IMAGENET100,fp32_unfused,conv3,conv,73728,494.0926828172472,0.0067015609106071935,7.99990842455371,1.9247012150427052,0.0442945897326945,0.00929389077551251,aggregate,3,14.385448688966727
cnn,IMAGENET100,fp32_unfused,conv4,conv,294912,75.372376759847,0.0002555758218039517,,,,,42,3,
cnn,IMAGENET100,fp32_unfused,conv4,conv,294912,86.26421356201172,0.00029250831964115304,,,,,43,3,
cnn,IMAGENET100,fp32_unfused,conv4,conv,294912,70.32405924797058,0.0002384577746852301,,,,,44,3,
cnn,IMAGENET100,fp32_unfused,conv4,conv,294912,77.32021652327643,0.0002621806387101116,1.2519000443924087,0.07529878495729488,0.0442945897326945,0.00929389077551251,aggregate,3,8.146636710745035
cnn,IMAGENET100,fp32_unfused,fc1,linear,1048576,49.6766715483232,4.7375365780184936e-05,,,,,42,3,
cnn,IMAGENET100,fp32_unfused,fc1,linear,1048576,41.38850004776664,3.94711494901339e-05,,,,,43,3,
cnn,IMAGENET100,fp32_unfused,fc1,linear,1048576,47.547932879130045,4.5345242385034604e-05,,,,,44,3,
cnn,IMAGENET100,fp32_unfused,fc1,linear,1048576,46.20436815840663,4.406391921845115e-05,0.7480999556075915,0.012655242560738338,0.0442945897326945,0.00929389077551251,aggregate,3,4.3043375012583445
cnn,IMAGENET100,fp32_unfused,fc2,linear,102400,24.300403785705566,0.0002373086307197809,,,,,42,3,
cnn,IMAGENET100,fp32_unfused,fc2,linear,102400,27.865142504374187,0.00027212053226927915,,,,,43,3,
cnn,IMAGENET100,fp32_unfused,fc2,linear,102400,26.7026047706604,0.00026076762471348046,,,,,44,3,
cnn,IMAGENET100,fp32_unfused,fc2,linear,102400,26.289383686913386,0.00025673226256751354,0.4256542736761248,0.0737340008239342,0.0442945897326945,0.00929389077551251,aggregate,3,1.8179395702645331
cnn,IMAGENET100,fp32_fused,conv1,conv,864,248.19787877400717,0.28726606339584165,,,,,42,3,
cnn,IMAGENET100,fp32_fused,conv1,conv,864,235.62516237894695,0.27271430830896637,,,,,43,3,
cnn,IMAGENET100,fp32_fused,conv1,conv,864,263.2573188781738,0.3046959709238123,,,,,44,3,
cnn,IMAGENET100,fp32_fused,conv1,conv,864,249.02678667704265,0.28822544754287344,1.6822159336311862,30.812205272087436,-0.40742184347266813,0.25581466861077873,aggregate,3,13.834714830209808
cnn,IMAGENET100,fp32_fused,conv2,conv,18432,1092.839144897461,0.05929031819105149,,,,,42,3,
cnn,IMAGENET100,fp32_fused,conv2,conv,18432,901.3797042846679,0.04890297874808311,,,,,43,3,
cnn,IMAGENET100,fp32_fused,conv2,conv,18432,1030.624580891927,0.055914962070959584,,,,,44,3,
cnn,IMAGENET100,fp32_fused,conv2,conv,18432,1008.2811433580187,0.054702753003364725,6.811101036839158,5.8478960440758865,-0.40742184347266813,0.25581466861077873,aggregate,3,97.66576293955143
cnn,IMAGENET100,fp32_fused,conv3,conv,73728,1584.110122680664,0.02148586863444911,,,,,42,3,
cnn,IMAGENET100,fp32_fused,conv3,conv,73728,1182.3733194986978,0.01603696451142982,,,,,43,3,
cnn,IMAGENET100,fp32_fused,conv3,conv,73728,1310.8022115071615,0.01777889284270781,,,,,44,3,
cnn,IMAGENET100,fp32_fused,conv3,conv,73728,1359.0952178955079,0.01843390866286225,9.180906445340812,1.9706427122557741,-0.40742184347266813,0.25581466861077873,aggregate,3,205.17620624047788
cnn,IMAGENET100,fp32_fused,conv4,conv,294912,8.95792388121287,3.0374904653635224e-05,,,,,42,3,
cnn,IMAGENET100,fp32_fused,conv4,conv,294912,12.730901115819028,4.31684743781841e-05,,,,,43,3,
cnn,IMAGENET100,fp32_fused,conv4,conv,294912,10.447772947947184,3.5426747463471085e-05,,,,,44,3,
cnn,IMAGENET100,fp32_fused,conv4,conv,294912,10.712199314993027,3.632337549843013e-05,0.07236262657673204,0.0038830828838118444,-0.40742184347266813,0.25581466861077873,aggregate,3,1.900336886161472
cnn,IMAGENET100,fp32_fused,fc1,linear,1048576,48.06234686715262,4.5835825793411846e-05,,,,,42,3,
cnn,IMAGENET100,fp32_fused,fc1,linear,1048576,41.40552048061205,3.948738143979268e-05,,,,,43,3,
cnn,IMAGENET100,fp32_fused,fc1,linear,1048576,51.66159764458151,4.926833881815101e-05,,,,,44,3,
cnn,IMAGENET100,fp32_fused,fc1,linear,1048576,47.043154997448724,4.4863848683785175e-05,0.317784066368814,0.004796086281503765,-0.40742184347266813,0.25581466861077873,aggregate,3,5.2034453729021575
cnn,IMAGENET100,fp32_fused,fc2,linear,102400,28.45844930013021,0.00027791454394658405,,,,,42,3,
cnn,IMAGENET100,fp32_fused,fc2,linear,102400,27.867428643362864,0.00027214285784534046,,,,,43,3,
cnn,IMAGENET100,fp32_fused,fc2,linear,102400,28.036085828145346,0.0002737899006654819,,,,,44,3,
cnn,IMAGENET100,fp32_fused,fc2,linear,102400,28.12065459054614,0.00027461576748580215,0.1899595374762013,0.029357287744225715,-0.40742184347266813,0.25581466861077873,aggregate,3,0.30445075276951983
cnn,IMAGENET100,ptq,conv1,conv,864,190.2585075378418,0.22020660594657618,,,,,42,3,
cnn,IMAGENET100,ptq,conv1,conv,864,217.13414675394694,0.2513126698541053,,,,,43,3,
cnn,IMAGENET100,ptq,conv1,conv,864,215.05898170471193,0.24891085845452768,,,,,44,3,
cnn,IMAGENET100,ptq,conv1,conv,864,207.4838786655002,0.2401433780850697,1.6149432593318742,48.18264827978459,-0.3730339767250901,0.27137407136612646,aggregate,3,14.95364956656293
cnn,IMAGENET100,ptq,conv2,conv,18432,796.8290008544922,0.043230740063720276,,,,,42,3,
cnn,IMAGENET100,ptq,conv2,conv,18432,896.4302917480469,0.04863445593251123,,,,,43,3,
cnn,IMAGENET100,ptq,conv2,conv,18432,720.1335042317709,0.03906974306812993,,,,,44,3,
cnn,IMAGENET100,ptq,conv2,conv,18432,804.4642656114366,0.04364497968812048,6.261518492321192,8.756979777081748,-0.3730339767250901,0.27137407136612646,aggregate,3,88.39605349262615
cnn,IMAGENET100,ptq,conv3,conv,73728,758.4802429199219,0.010287546697590086,,,,,42,3,
cnn,IMAGENET100,ptq,conv3,conv,73728,761.0548431396485,0.010322466947966152,,,,,43,3,
cnn,IMAGENET100,ptq,conv3,conv,73728,618.9295099894206,0.00839476874443116,,,,,44,3,
cnn,IMAGENET100,ptq,conv3,conv,73728,712.8215320163304,0.009668260796662467,5.548220592561175,1.9398511554118099,-0.3730339767250901,0.27137407136612646,aggregate,3,81.32306555829737
cnn,IMAGENET100,ptq,conv4,conv,294912,10.124624005953471,3.4331000454215056e-05,,,,,42,3,
cnn,IMAGENET100,ptq,conv4,conv,294912,11.500916171073914,3.899778975109156e-05,,,,,43,3,
cnn,IMAGENET100,ptq,conv4,conv,294912,10.162214930852254,3.4458465341702794e-05,,,,,44,3,
cnn,IMAGENET100,ptq,conv4,conv,294912,10.595918369293214,3.592908518233647e-05,0.08247294708861716,0.007208853677995999,-0.3730339767250901,0.27137407136612646,aggregate,3,0.7839764252384201
cnn,IMAGENET100,ptq,fc1,linear,1048576,48.820990562438965,4.655932480090996e-05,,,,,42,3,
cnn,IMAGENET100,ptq,fc1,linear,1048576,47.6285099029541,4.542208662314806e-05,,,,,43,3,
cnn,IMAGENET100,ptq,fc1,linear,1048576,51.96388607025146,4.955662352585932e-05,,,,,44,3,
cnn,IMAGENET100,ptq,fc1,linear,1048576,49.47112884521484,4.717934498330578e-05,0.3850567406681256,0.00946611896412968,-0.3730339767250901,0.27137407136612646,aggregate,3,2.2396163662646704
cnn,IMAGENET100,ptq,fc2,linear,102400,28.77446753403236,0.0002810006595120348,,,,,42,3,
cnn,IMAGENET100,ptq,fc2,linear,102400,33.44634068806966,0.00032662442078193026,,,,,43,3,
cnn,IMAGENET100,ptq,fc2,linear,102400,29.872579606374106,0.0002917244102184971,,,,,44,3,
cnn,IMAGENET100,ptq,fc2,linear,102400,30.697795942825376,0.0002997831635041541,0.2389351835577306,0.06014884458819001,-0.3730339767250901,0.27137407136612646,aggregate,3,2.4428131720033663
