model,dataset,variant,layer,tr_A,tr_G,A_per_infan,G_per_outfan,predicted_per_param,measured_per_param,seed,n_seeds,metric_std
resnet50_no_weights,IMAGENET100,fp32_unfused,conv1,199.3906707763672,2.774947631678515e-07,1.356399120927668,8.848685049995264e-11,1.2002348623179374e-10,,42,3,
resnet50_no_weights,IMAGENET100,fp32_unfused,conv1,197.70016479492188,3.3420568001929496e-07,1.3448990802375638,1.0657068878166293e-10,1.4332682132274212e-10,,43,3,
resnet50_no_weights,IMAGENET100,fp32_unfused,conv1,178.06353759765625,1.3239603902093222e-07,1.2113165822969814,4.221812468779727e-11,5.11395145078104e-11,,44,3,
resnet50_no_weights,IMAGENET100,fp32_unfused,conv1,191.71812438964844,2.4803216073602624e-07,1.3042049278207377,7.909188798980427e-11,1.0315203006694856e-10,0.011201973835545461,aggregate,3,11.855389405808703
resnet50_no_weights,IMAGENET100,fp32_unfused,fc,116.85979461669922,0.0006922566681168973,0.057060446590185165,6.922566681168973e-06,3.9500474637783756e-07,,42,3,
resnet50_no_weights,IMAGENET100,fp32_unfused,fc,128.18170166015625,0.0007903714431449771,0.06258872151374817,7.903714431449771e-06,4.946833814742021e-07,,43,3,
resnet50_no_weights,IMAGENET100,fp32_unfused,fc,147.76419067382812,0.00048350071301683784,0.07215048372745514,4.835007130168378e-06,3.4884810326734314e-07,,44,3,
resnet50_no_weights,IMAGENET100,fp32_unfused,fc,130.9352289835612,0.0006553762747595707,0.06393321727712949,6.553762747595708e-06,4.190031377247935e-07,2.6763877061541796e-05,aggregate,3,15.635116195747456
resnet50_no_weights,IMAGENET100,fp32_unfused,layer1.0.conv1,7.647274971008301,1.582428922120016e-05,0.1194886714220047,2.472545190812525e-07,2.9544113988105573e-08,,42,3,
resnet50_no_weights,IMAGENET100,fp32_unfused,layer1.0.conv1,6.950709819793701,1.404307386110304e-05,0.10860484093427658,2.19423029079735e-07,2.3830403170521763e-08,,43,3,
resnet50_no_weights,IMAGENET100,fp32_unfused,layer1.0.conv1,8.104825973510742,4.3450272642076015e-06,0.12663790583610535,6.789105100324377e-08,8.59758052406301e-09,,44,3,
resnet50_no_weights,IMAGENET100,fp32_unfused,layer1.0.conv1,7.567603588104248,1.14041301155036e-05,0.11824380606412888,1.7818953305474375e-07,2.10698085891828e-08,0.0070111123414429285,aggregate,3,0.5811683671777373
resnet50_no_weights,IMAGENET100,fp32_unfused,layer1.0.conv2,8.289497375488281,8.814932698442135e-06,0.0143914884991116,1.530370260146204e-08,2.2024305998276522e-10,,42,3,
resnet50_no_weights,IMAGENET100,fp32_unfused,layer1.0.conv2,8.625285148620605,8.676341167301871e-06,0.014974453383021884,1.5063092304343527e-08,2.2556157351554783e-10,,43,3,
resnet50_no_weights,IMAGENET100,fp32_unfused,layer1.0.conv2,7.798573970794678,3.1522411063633626e-06,0.013539190921518538,5.472640809658616e-09,7.409512876686179e-11,,44,3,
resnet50_no_weights,IMAGENET100,fp32_unfused,layer1.0.conv2,8.237785498301188,6.881171657369123e-06,0.014301710934550673,1.1946478571821395e-08,1.7085508321999334e-10,0.00038065701259901283,aggregate,3,0.4157744960519379
resnet50_no_weights,IMAGENET100,fp32_unfused,layer1.0.conv3,1.7047864198684692,3.3268679544562474e-05,0.026637287810444832,1.2995577947094716e-07,3.4616695003983176e-09,,42,3,
resnet50_no_weights,IMAGENET100,fp32_unfused,layer1.0.conv3,1.7497618198394775,4.314295438234694e-05,0.027340028434991837,1.6852716555604275e-07,4.6075374983707855e-09,,43,3,
resnet50_no_weights,IMAGENET100,fp32_unfused,layer1.0.conv3,1.6070762872695923,1.873521614470519e-05,0.02511056698858738,7.318443806525465e-08,1.8377027345597011e-09,,44,3,
resnet50_no_weights,IMAGENET100,fp32_unfused,layer1.0.conv3,1.6872081756591797,3.1715616690538205e-05,0.026362627744674683,1.2388912769741486e-07,3.266042955099414e-09,0.0012909586003113445,aggregate,3,0.07294886087732291
resnet50_no_weights,IMAGENET100,fp32_unfused,layer1.0.downsample.0,7.647274971008301,1.5841445929254405e-05,0.1194886714220047,6.188064816115002e-08,7.394036435508334e-09,,42,3,
resnet50_no_weights,IMAGENET100,fp32_unfused,layer1.0.downsample.0,6.950709819793701,2.454953209962696e-05,0.10860484093427658,9.58966097641678e-08,1.0414836049573839e-08,,43,3,
resnet50_no_weights,IMAGENET100,fp32_unfused,layer1.0.downsample.0,8.104825973510742,1.0629210919432808e-05,0.12663790583610535,4.1520355154034405e-08,5.25805082627826e-09,,44,3,
resnet50_no_weights,IMAGENET100,fp32_unfused,layer1.0.downsample.0,7.567603588104248,1.7006729649438057e-05,0.11824380606412888,6.643253769311741e-08,7.855236103332907e-09,0.0020673703205021515,aggregate,3,0.5811683671777373
resnet50_no_weights,IMAGENET100,fp32_unfused,layer1.1.conv1,5.968151092529297,1.9388317014090717e-06,0.023313090205192566,3.0294245334516745e-08,7.062524741818229e-10,,42,3,
resnet50_no_weights,IMAGENET100,fp32_unfused,layer1.1.conv1,5.802244186401367,2.342276957278955e-06,0.02266501635313034,3.659807745748367e-08,8.294960240669982e-10,,43,3,
resnet50_no_weights,IMAGENET100,fp32_unfused,layer1.1.conv1,5.712785243988037,1.3062964399068733e-06,0.02231556735932827,2.0410881873544895e-08,4.554804093123835e-10,,44,3,
resnet50_no_weights,IMAGENET100,fp32_unfused,layer1.1.conv1,5.8277268409729,1.8624683661983e-06,0.022764557972550392,2.9101068221848436e-08,6.624729545994127e-10,7.269098353188182e-05,aggregate,3,0.12957605262280708
resnet50_no_weights,IMAGENET100,fp32_unfused,layer1.1.conv2,1.8477367162704468,1.841830635385122e-05,0.0032078762435250813,3.197622630876948e-08,1.0257577673348333e-10,,42,3,
resnet50_no_weights,IMAGENET100,fp32_unfused,layer1.1.conv2,1.894600510597229,2.4723321985220537e-05,0.003289236997564634,4.292243400211899e-08,1.4118205794529602e-10,,43,3,
resnet50_no_weights,IMAGENET100,fp32_unfused,layer1.1.conv2,1.8493643999099731,1.2796505870937835e-05,0.0032107020831770366,2.2216156025933742e-08,7.132945843265154e-11,,44,3,
resnet50_no_weights,IMAGENET100,fp32_unfused,layer1.1.conv2,1.8639005422592163,1.8646044736669865e-05,0.0032359384414222506,3.237160544560741e-08,1.0475252247199488e-10,0.00030597739342390275,aggregate,3,0.026599405641364093
resnet50_no_weights,IMAGENET100,fp32_unfused,layer1.1.conv3,0.236298069357872,3.5247892810730264e-05,0.00369215733371675,1.376870812919151e-07,5.083623669499987e-10,,42,3,
resnet50_no_weights,IMAGENET100,fp32_unfused,layer1.1.conv3,0.22124065458774567,4.9126847443403676e-05,0.003456885227933526,1.919017478257956e-07,6.633823172736175e-10,,43,3,
resnet50_no_weights,IMAGENET100,fp32_unfused,layer1.1.conv3,0.2575802206993103,2.2615835405304097e-05,0.0040246909484267235,8.834310705196913e-08,3.555537033079532e-10,,44,3,
resnet50_no_weights,IMAGENET100,fp32_unfused,layer1.1.conv3,0.23837298154830933,3.5663525219812677e-05,0.0037245778366923332,1.3931064538989327e-07,5.188733422345014e-10,0.00036198811795325056,aggregate,3,0.018258421666253445
resnet50_no_weights,IMAGENET100,fp32_unfused,layer1.2.conv1,6.495010852813721,1.4810456150371465e-06,0.025371136143803596,2.3141337734955414e-08,5.871220302232934e-10,,42,3,
resnet50_no_weights,IMAGENET100,fp32_unfused,layer1.2.conv1,6.318541049957275,1.8486807675799355e-06,0.024681800976395607,2.8885636993436492e-08,7.129495433484099e-10,,43,3,
resnet50_no_weights,IMAGENET100,fp32_unfused,layer1.2.conv1,6.2301554679870605,6.875429789943155e-07,0.024336544796824455,1.074285904678618e-08,2.614440704380827e-10,,44,3,
resnet50_no_weights,IMAGENET100,fp32_unfused,layer1.2.conv1,6.3479024569193525,1.3390897872037992e-06,0.02479649397234122,2.0923277925059363e-08,5.188239349503546e-10,3.1634319990576045e-05,aggregate,3,0.13484681265055573
resnet50_no_weights,IMAGENET100,fp32_unfused,layer1.2.conv2,1.052201747894287,3.7352256185840815e-06,0.001826739145649804,6.484766698930697e-09,1.1845977179342962e-11,,42,3,
resnet50_no_weights,IMAGENET100,fp32_unfused,layer1.2.conv2,1.0334322452545166,5.247618446446722e-06,0.001794153203566869,9.110448691747782e-09,1.6345540706230875e-11,,43,3,
resnet50_no_weights,IMAGENET100,fp32_unfused,layer1.2.conv2,1.0293221473693848,2.1216396817180794e-06,0.0017870176169607374,3.6834022252049987e-09,6.582304666793714e-12,,44,3,
resnet50_no_weights,IMAGENET100,fp32_unfused,layer1.2.conv2,1.0383187135060628,3.701494582249628e-06,0.0018026366553924702,6.426205871961159e-09,1.1584114259895517e-11,1.3119766288268075e-05,aggregate,3,0.012197426327910524
resnet50_no_weights,IMAGENET100,fp32_unfused,layer1.2.conv3,0.08543111383914948,2.890078212658409e-05,0.0013348611537367105,1.128936801819691e-07,1.506973881772865e-10,,42,3,
resnet50_no_weights,IMAGENET100,fp32_unfused,layer1.2.conv3,0.08427447825670242,4.241418355377391e-05,0.0013167887227609754,1.6568040450692934e-07,2.1816608823720123e-10,,43,3,
resnet50_no_weights,IMAGENET100,fp32_unfused,layer1.2.conv3,0.08367576450109482,1.8017590264207684e-05,0.0013074338203296065,7.038121196956126e-08,9.201877684479131e-11,,44,3,
resnet50_no_weights,IMAGENET100,fp32_unfused,layer1.2.conv3,0.08446045219898224,2.977751864818856e-05,0.0013196945656090975,1.1631843221948657e-07,1.5350480288022657e-10,4.973917109257147e-05,aggregate,3,0.000892329846557624
resnet50_no_weights,IMAGENET100,fp32_unfused,layer2.0.conv1,6.5824198722839355,2.0627833237085724e-06,0.025712577626109123,1.6115494716473222e-08,4.1437090888046916e-10,,42,3,
resnet50_no_weights,IMAGENET100,fp32_unfused,layer2.0.conv1,6.392536163330078,2.8303293220233172e-06,0.024970844388008118,2.2111947828307166e-08,5.521540083364123e-10,,43,3,
resnet50_no_weights,IMAGENET100,fp32_unfused,layer2.0.conv1,6.32551383972168,1.4296454082796117e-06,0.02470903843641281,1.1169104752184467e-08,2.7597783862204697e-10,,44,3,
resnet50_no_weights,IMAGENET100,fp32_unfused,layer2.0.conv1,6.433489958445231,2.107586018003834e-06,0.025130820150176685,1.6465515765654953e-08,4.1379191538657337e-10,0.00023560383750817788,aggregate,3,0.13325947393138757
resnet50_no_weights,IMAGENET100,fp32_unfused,layer2.0.conv2,6.937696933746338,3.077025758102536e-05,0.0060223063660992514,2.6710293039084515e-08,1.608575678096552e-10,,42,3,
resnet50_no_weights,IMAGENET100,fp32_unfused,layer2.0.conv2,6.695914268493652,4.094659016118385e-05,0.005812425580289628,3.554391507047209e-08,2.06596361179254e-10,,43,3,
resnet50_no_weights,IMAGENET100,fp32_unfused,layer2.0.conv2,7.063493728637695,2.0527491869870573e-05,0.006131504972775777,1.7819003359262652e-08,1.0925730770722722e-10,,44,3,
resnet50_no_weights,IMAGENET100,fp32_unfused,layer2.0.conv2,6.8990349769592285,3.0748113204026595e-05,0.005988745639721552,2.6691070489606418e-08,1.5984603201413102e-10,0.0004289751404603184,aggregate,3,0.18681468105291604
resnet50_no_weights,IMAGENET100,fp32_unfused,layer2.0.conv3,0.8595159649848938,9.51107795117423e-05,0.006714968476444483,1.8576324123387167e-07,1.2473943089676002e-09,,42,3,
resnet50_no_weights,IMAGENET100,fp32_unfused,layer2.0.conv3,0.7827221751213074,0.0001376993750454858,0.006115016993135214,2.6894409188571444e-07,1.6445976920844622e-09,,43,3,
resnet50_no_weights,IMAGENET100,fp32_unfused,layer2.0.conv3,0.9204219579696655,6.344976281980053e-05,0.007190796546638012,1.239253180074229e-07,8.91121748768794e-10,,44,3,
resnet50_no_weights,IMAGENET100,fp32_unfused,layer2.0.conv3,0.8542200326919556,9.875330579234287e-05,0.006673594005405903,1.9287755037566967e-07,1.2871864639644442e-09,0.0003102565621781123,aggregate,3,0.06900248345719005
resnet50_no_weights,IMAGENET100,fp32_unfused,layer2.0.downsample.0,6.579960346221924,3.485360502963886e-05,0.02570297010242939,6.807344732351339e-08,1.7496897813255667e-09,,42,3,
resnet50_no_weights,IMAGENET100,fp32_unfused,layer2.0.downsample.0,6.3961639404296875,6.079734521335922e-05,0.024985015392303467,1.1874481486984223e-07,2.9668410272792337e-09,,43,3,
resnet50_no_weights,IMAGENET100,fp32_unfused,layer2.0.downsample.0,6.320711135864258,2.4855939045664854e-05,0.024690277874469757,4.854675594856417e-08,1.198632894274117e-09,,44,3,
resnet50_no_weights,IMAGENET100,fp32_unfused,layer2.0.downsample.0,6.432278474171956,4.016896309622098e-05,0.025126087789734203,7.84550060473066e-08,1.971267369488753e-09,0.00024071138816200092,aggregate,3,0.13334441468743433
resnet50_no_weights,IMAGENET100,fp32_unfused,layer2.1.conv1,7.831276893615723,5.148083801032044e-06,0.015295462682843208,4.0219404695562844e-08,6.151744036471504e-10,,42,3,
resnet50_no_weights,IMAGENET100,fp32_unfused,layer2.1.conv1,7.291257858276367,1.1117652320535854e-05,0.01424073800444603,8.685665875418636e-08,1.2369029212599416e-09,,43,3,
resnet50_no_weights,IMAGENET100,fp32_unfused,layer2.1.conv1,7.401993274688721,4.153862391831353e-06,0.014457018114626408,3.245204993618245e-08,4.691598737841504e-10,,44,3,
resnet50_no_weights,IMAGENET100,fp32_unfused,layer2.1.conv1,7.5081760088602705,6.80653283779975e-06,0.014664406267305216,5.317603779531055e-08,7.79795021916011e-10,3.9230964353290475e-05,aggregate,3,0.28523888130709224
resnet50_no_weights,IMAGENET100,fp32_unfused,layer2.1.conv2,6.152359485626221,3.64437946700491e-05,0.005340589831272761,3.163523842886207e-08,1.6895083266307003e-10,,42,3,
resnet50_no_weights,IMAGENET100,fp32_unfused,layer2.1.conv2,5.766226291656494,8.084315777523443e-05,0.0050054047670629286,7.017635223544656e-08,3.512610480143914e-10,,43,3,
resnet50_no_weights,IMAGENET100,fp32_unfused,layer2.1.conv2,5.75421667098999,3.179875420755707e-05,0.004994979749123256,2.760308524961551e-08,1.3787685183515232e-10,,44,3,
resnet50_no_weights,IMAGENET100,fp32_unfused,layer2.1.conv2,5.890934149424235,4.969523555094687e-05,0.005113658115819648,4.3138225304641376e-08,2.205941359311359e-10,0.0004821281987213656,aggregate,3,0.2264806008323434
resnet50_no_weights,IMAGENET100,fp32_unfused,layer2.1.conv3,0.8911663889884949,6.451172521337867e-05,0.006962237413972616,1.259994633073802e-07,8.772381775791123e-10,,42,3,
resnet50_no_weights,IMAGENET100,fp32_unfused,layer2.1.conv3,0.9001770615577698,0.00011820946383522823,0.007032633293420076,2.3087785905318015e-07,1.6236793182909425e-09,,43,3,
resnet50_no_weights,IMAGENET100,fp32_unfused,layer2.1.conv3,0.827205240726471,4.601625187206082e-05,0.006462540943175554,8.987549193761879e-08,5.808240464349059e-10,,44,3,
resnet50_no_weights,IMAGENET100,fp32_unfused,layer2.1.conv3,0.8728495637575785,7.624581364022258e-05,0.006819137216856082,1.4891760476605972e-07,1.0154895809053026e-09,0.00024407528778990834,aggregate,3,0.03978506282216662
resnet50_no_weights,IMAGENET100,fp32_unfused,layer2.2.conv1,7.201140403747559,1.187518319056835e-05,0.01406472735106945,9.277486867631524e-08,1.3048532329636473e-09,,42,3,
resnet50_no_weights,IMAGENET100,fp32_unfused,layer2.2.conv1,7.077846050262451,1.8751352399704047e-05,0.01382391806691885,1.4649494062268786e-07,2.025134056386179e-09,,43,3,
resnet50_no_weights,IMAGENET100,fp32_unfused,layer2.2.conv1,7.209549903869629,7.731454388704151e-06,0.014081152155995369,6.040198741175118e-08,8.505295752693853e-10,,44,3,
resnet50_no_weights,IMAGENET100,fp32_unfused,layer2.2.conv1,7.162845452626546,1.278599665965885e-05,0.013989932524661223,9.989059890358476e-08,1.397462738509149e-09,0.00013082104966694413,aggregate,3,0.07373163313507826
resnet50_no_weights,IMAGENET100,fp32_unfused,layer2.2.conv2,8.393080711364746,1.813586823118385e-05,0.007285660339726342,1.5742941172902647e-08,1.1469772213406171e-10,,42,3,
resnet50_no_weights,IMAGENET100,fp32_unfused,layer2.2.conv2,8.457658767700195,2.8080525225959718e-05,0.007341717680295308,2.4375455925312256e-08,1.7895771573212402e-10,,43,3,
resnet50_no_weights,IMAGENET100,fp32_unfused,layer2.2.conv2,8.1907320022583,1.203365081892116e-05,0.007110010418626998,1.0445877446980173e-08,7.427029747972981e-11,,44,3,
resnet50_no_weights,IMAGENET100,fp32_unfused,layer2.2.conv2,8.34715716044108,1.941668142535491e-05,0.007245796146216216,1.6854758181731693e-08,1.2212614187859773e-10,0.00020646435163273552,aggregate,3,0.13926307451868536
resnet50_no_weights,IMAGENET100,fp32_unfused,layer2.2.conv3,0.8728160858154297,8.776775939622894e-05,0.006818875670433044,1.7142140507075965e-07,1.1689012484284507e-09,,42,3,
resnet50_no_weights,IMAGENET100,fp32_unfused,layer2.2.conv3,0.9017007946968079,0.00013311984366737306,0.007044537458568811,2.59999694662838e-07,1.8315775882688158e-09,,43,3,
resnet50_no_weights,IMAGENET100,fp32_unfused,layer2.2.conv3,0.8247199654579163,5.7620101870270446e-05,0.006443124730139971,1.1253926146537196e-07,7.251044986592264e-10,,44,3,
resnet50_no_weights,IMAGENET100,fp32_unfused,layer2.2.conv3,0.8664122819900513,9.283590164462414e-05,0.0067688459530472755,1.8132012039965653e-07,1.2273279631732598e-09,0.0003197080051904777,aggregate,3,0.03888789715518564
resnet50_no_weights,IMAGENET100,fp32_unfused,layer2.3.conv1,8.645278930664062,7.919754352769814e-06,0.016885310411453247,6.187308088101418e-08,1.0447461767888775e-09,,42,3,
resnet50_no_weights,IMAGENET100,fp32_unfused,layer2.3.conv1,8.452561378479004,1.3991259038448334e-05,0.016508908942341805,1.0930671123787761e-07,1.804534542612971e-09,,43,3,
resnet50_no_weights,IMAGENET100,fp32_unfused,layer2.3.conv1,8.68424129486084,5.468990821100306e-06,0.016961408779025078,4.272649078984614e-08,7.247014759798304e-10,,44,3,
resnet50_no_weights,IMAGENET100,fp32_unfused,layer2.3.conv1,8.594027201334635,9.126668070772817e-06,0.01678520937760671,7.130209430291264e-08,1.1968205819362471e-09,0.00028662277084852883,aggregate,3,0.1240522097067048
resnet50_no_weights,IMAGENET100,fp32_unfused,layer2.3.conv2,4.14184045791626,2.3847851480240934e-05,0.0035953476197189754,2.0701259965486923e-08,7.442822574209712e-11,,42,3,
resnet50_no_weights,IMAGENET100,fp32_unfused,layer2.3.conv2,4.201375961303711,4.113273826078512e-05,0.003647027744187249,3.5705501962487084e-08,1.3021895627732265e-10,,43,3,
resnet50_no_weights,IMAGENET100,fp32_unfused,layer2.3.conv2,4.432893753051758,1.5364672435680404e-05,0.0038479980495240954,1.3337389267083685e-08,5.132224788548162e-11,,44,3,
resnet50_no_weights,IMAGENET100,fp32_unfused,layer2.3.conv2,4.258703390757243,2.6781754058902152e-05,0.0036967911378101067,2.3248050398352564e-08,8.594318668399248e-11,0.00016343360677609304,aggregate,3,0.15376225407465932
resnet50_no_weights,IMAGENET100,fp32_unfused,layer2.3.conv3,0.5442318320274353,8.288003300549462e-05,0.004251811187714338,1.618750644638567e-07,6.882622100994056e-10,,42,3,
resnet50_no_weights,IMAGENET100,fp32_unfused,layer2.3.conv3,0.6210245490074158,0.0001314369437750429,0.004851754289120436,2.5671278081063065e-07,1.2455073353700115e-09,,43,3,
resnet50_no_weights,IMAGENET100,fp32_unfused,layer2.3.conv3,0.5873842835426331,5.161687295185402e-05,0.004588939715176821,1.0081420498408988e-07,4.6263030910546705e-10,,44,3,
resnet50_no_weights,IMAGENET100,fp32_unfused,layer2.3.conv3,0.5842135548591614,8.864461657746385e-05,0.004564168397337198,1.7313401675285908e-07,7.902128077674484e-10,0.00017344666971944711,aggregate,3,0.038494421486495775
resnet50_no_weights,IMAGENET100,fp32_unfused,layer3.0.conv1,8.83515739440918,1.939949652296491e-05,0.01725616678595543,7.577928329283168e-08,1.3076599514212692e-09,,42,3,
resnet50_no_weights,IMAGENET100,fp32_unfused,layer3.0.conv1,8.700262069702148,2.901526568166446e-05,0.01699269935488701,1.133408815690018e-07,1.9259675251199016e-09,,43,3,
resnet50_no_weights,IMAGENET100,fp32_unfused,layer3.0.conv1,8.922538757324219,1.3324434803507756e-05,0.017426833510398865,5.2048573451202174e-08,9.070418239878667e-10,,44,3,
resnet50_no_weights,IMAGENET100,fp32_unfused,layer3.0.conv1,8.819319407145182,2.057973233604571e-05,0.017225233217080433,8.038957943767855e-08,1.3847292540370267e-09,0.0006370230329964586,aggregate,3,0.11198152903711739
resnet50_no_weights,IMAGENET100,fp32_unfused,layer3.0.conv2,10.243550300598145,0.00015880867431405932,0.0044459853735235,6.892737600436602e-08,3.06450105550766e-10,,42,3,
resnet50_no_weights,IMAGENET100,fp32_unfused,layer3.0.conv2,9.452300071716309,0.00020911407773382962,0.004102560795015759,9.076131846086355e-08,3.7235382682147884e-10,,43,3,
resnet50_no_weights,IMAGENET100,fp32_unfused,layer3.0.conv2,10.411812782287598,9.871609654510394e-05,0.004519015964534547,4.284552801436803e-08,1.936196251058413e-10,,44,3,
resnet50_no_weights,IMAGENET100,fp32_unfused,layer3.0.conv2,10.035887718200684,0.00015554628286433095,0.004355854044357935,6.75114074931992e-08,2.9406983736954834e-10,0.00010760801775311982,aggregate,3,0.5123562935428355
resnet50_no_weights,IMAGENET100,fp32_unfused,layer3.0.conv3,2.0396621227264404,0.0005720541230402887,0.007967430166900158,5.586466045315319e-07,4.45097780958087e-09,,42,3,
resnet50_no_weights,IMAGENET100,fp32_unfused,layer3.0.conv3,1.9537407159805298,0.0008019836386665702,0.0076317996717989445,7.831871471353224e-07,5.9771274124645055e-09,,43,3,
resnet50_no_weights,IMAGENET100,fp32_unfused,layer3.0.conv3,1.9701720476150513,0.00035948623553849757,0.007695984560996294,3.5106077689306403e-07,2.7017583189403853e-09,,44,3,
resnet50_no_weights,IMAGENET100,fp32_unfused,layer3.0.conv3,1.9878582954406738,0.0005778413324151188,0.007765071466565132,5.642981761866395e-07,4.381815666541618e-09,0.0002227381007186422,aggregate,3,0.04560947879455606
resnet50_no_weights,IMAGENET100,fp32_unfused,layer3.0.downsample.0,8.683271408081055,0.00017612888768780977,0.01695951446890831,1.7200086688262672e-07,2.91705119056068e-09,,42,3,
resnet50_no_weights,IMAGENET100,fp32_unfused,layer3.0.downsample.0,8.533872604370117,0.000253465143032372,0.016667719930410385,2.475245537425508e-07,4.12566993768065e-09,,43,3,
resnet50_no_weights,IMAGENET100,fp32_unfused,layer3.0.downsample.0,8.78901195526123,0.00010573198233032599,0.01716603897511959,1.0325388899445898e-07,1.7724602828115545e-09,,44,3,
resnet50_no_weights,IMAGENET100,fp32_unfused,layer3.0.downsample.0,8.668718655904135,0.00017844200435016924,0.016931091124812763,1.7425976987321215e-07,2.9504080431122566e-09,0.00018927370807365082,aggregate,3,0.12819071354909764
resnet50_no_weights,IMAGENET100,fp32_unfused,layer3.1.conv1,13.15570068359375,1.2966873327968642e-05,0.012847363948822021,5.065184893737751e-08,6.507427379792428e-10,,42,3,
resnet50_no_weights,IMAGENET100,fp32_unfused,layer3.1.conv1,12.74182415008545,1.8760732928058133e-05,0.012443187646567822,7.328411300022708e-08,9.118879695741059e-10,,43,3,
resnet50_no_weights,IMAGENET100,fp32_unfused,layer3.1.conv1,13.102104187011719,5.8374853324494325e-06,0.012795023620128632,2.2802677079880596e-08,2.91760791839238e-10,,44,3,
resnet50_no_weights,IMAGENET100,fp32_unfused,layer3.1.conv1,12.999876340230307,1.2521697196158735e-05,0.012695191738506159,4.891287967249506e-08,6.209583859248051e-10,3.7405103590994844e-05,aggregate,3,0.22508075382045642
resnet50_no_weights,IMAGENET100,fp32_unfused,layer3.1.conv2,5.542741775512695,6.266609852900729e-05,0.0024057038956218297,2.71988274865483e-08,6.543232524073535e-11,,42,3,
resnet50_no_weights,IMAGENET100,fp32_unfused,layer3.1.conv2,5.6693220138549805,8.885972783900797e-05,0.002460643235180113,3.856759020790277e-08,9.490107994227472e-11,,43,3,
resnet50_no_weights,IMAGENET100,fp32_unfused,layer3.1.conv2,5.647946834564209,3.114016726613045e-05,0.002451365813612938,1.3515697598146895e-08,3.3131919039227796e-11,,44,3,
resnet50_no_weights,IMAGENET100,fp32_unfused,layer3.1.conv2,5.620003541310628,6.088866454471523e-05,0.0024392376481382934,2.642737176419932e-08,6.446264014858189e-11,3.4019943525151524e-05,aggregate,3,0.06775883642071444
resnet50_no_weights,IMAGENET100,fp32_unfused,layer3.1.conv3,0.47191473841667175,0.0005946620367467403,0.001843416946940124,5.807246452604886e-07,1.0705176525789765e-09,,42,3,
resnet50_no_weights,IMAGENET100,fp32_unfused,layer3.1.conv3,0.508924126625061,0.0008123585721477866,0.0019879848696291447,7.933189181130729e-07,1.5771060059993513e-09,,43,3,
resnet50_no_weights,IMAGENET100,fp32_unfused,layer3.1.conv3,0.48408153653144836,0.0003100204630754888,0.0018909435020759702,3.0275435847215704e-07,5.724913868781043e-10,,44,3,
resnet50_no_weights,IMAGENET100,fp32_unfused,layer3.1.conv3,0.48830680052439374,0.0005723470239900053,0.001907448439548413,5.589326406152395e-07,1.0661351931542126e-09,9.615543757055643e-05,aggregate,3,0.01886301528778939
resnet50_no_weights,IMAGENET100,fp32_unfused,layer3.2.conv1,12.644054412841797,1.2949029951414559e-05,0.012347709387540817,5.058214824771312e-08,6.245736667602686e-10,,42,3,
resnet50_no_weights,IMAGENET100,fp32_unfused,layer3.2.conv1,12.298490524291992,1.7551128621562384e-05,0.012010244652628899,6.855909617797806e-08,8.234115182606314e-10,,43,3,
resnet50_no_weights,IMAGENET100,fp32_unfused,layer3.2.conv1,12.579587936401367,9.722036338644102e-06,0.01228475384414196,3.7976704447828524e-08,4.665344659533045e-10,,44,3,
resnet50_no_weights,IMAGENET100,fp32_unfused,layer3.2.conv1,12.507377624511719,1.3407398303873682e-05,0.012214235961437225,5.237264962450657e-08,6.396919004394e-10,2.1743636594331328e-05,aggregate,3,0.1837507744876622
resnet50_no_weights,IMAGENET100,fp32_unfused,layer3.2.conv2,5.189377307891846,7.308916974579915e-05,0.0022523339009947246,3.172272992439199e-08,7.14501800408079e-11,,42,3,
resnet50_no_weights,IMAGENET100,fp32_unfused,layer3.2.conv2,5.333089828491211,9.441015572519973e-05,0.0023147091269493103,4.097663008906238e-08,9.484897965877843e-11,,43,3,
resnet50_no_weights,IMAGENET100,fp32_unfused,layer3.2.conv2,5.107506275177002,5.20101202710066e-05,0.0022167995986011294,2.2573836923179947e-08,5.004167263019266e-11,,44,3,
resnet50_no_weights,IMAGENET100,fp32_unfused,layer3.2.conv2,5.2099911371866865,7.316981524733517e-05,0.0022612808755150546,3.175773231221144e-08,7.181315272733022e-11,3.940502461155484e-05,aggregate,3,0.11419580706012704
resnet50_no_weights,IMAGENET100,fp32_unfused,layer3.2.conv3,0.47521743178367615,0.000541171059012413,0.001856318092904985,5.284873623168096e-07,9.810406525403258e-10,,42,3,
resnet50_no_weights,IMAGENET100,fp32_unfused,layer3.2.conv3,0.5958022475242615,0.0007081020739860833,0.0023273525293916464,6.915059316270344e-07,1.6093780790615055e-09,,43,3,
resnet50_no_weights,IMAGENET100,fp32_unfused,layer3.2.conv3,0.47071972489356995,0.0003453136596363038,0.0018387489253655076,3.372203707385779e-07,6.200635943069182e-10,,44,3,
resnet50_no_weights,IMAGENET100,fp32_unfused,layer3.2.conv3,0.5139131347338358,0.0005315289308782667,0.002007473182554046,5.190712215608073e-07,1.0420215571188902e-09,6.455887798499803e-05,aggregate,3,0.07095369924830991
resnet50_no_weights,IMAGENET100,fp32_unfused,layer3.3.conv1,11.924208641052246,2.4541195671190508e-05,0.011644735001027584,9.586404559058792e-08,1.1163114070288232e-09,,42,3,
resnet50_no_weights,IMAGENET100,fp32_unfused,layer3.3.conv1,11.627552032470703,3.5369477700442076e-05,0.011355031281709671,1.3816202226735186e-07,1.5688340847900485e-09,,43,3,
resnet50_no_weights,IMAGENET100,fp32_unfused,layer3.3.conv1,11.88846206665039,1.2527546459750738e-05,0.011609826236963272,4.893572835840132e-08,5.681353030202753e-10,,44,3,
resnet50_no_weights,IMAGENET100,fp32_unfused,layer3.3.conv1,11.81340758005778,2.4146073277127773e-05,0.011536530839900175,9.432059873878036e-08,1.0881324961877893e-09,5.242858587207857e-05,aggregate,3,0.16194495306132878
resnet50_no_weights,IMAGENET100,fp32_unfused,layer3.3.conv2,5.364433765411377,9.48531087487936e-05,0.002328313266237577,4.1168884005552776e-08,9.585405878632452e-11,,42,3,
resnet50_no_weights,IMAGENET100,fp32_unfused,layer3.3.conv2,5.440827369689941,0.000137406968860887,0.002361470212539037,5.963844134587109e-08,1.408344027605311e-10,,43,3,
resnet50_no_weights,IMAGENET100,fp32_unfused,layer3.3.conv2,5.198262691497803,5.4547341278521344e-05,0.0022561904042959213,2.3675061318802666e-08,5.341544616860012e-11,,44,3,
resnet50_no_weights,IMAGENET100,fp32_unfused,layer3.3.conv2,5.334507942199707,9.560247296273398e-05,0.002315324627690845,4.149412889007551e-08,9.607237852377003e-11,3.552257556203799e-05,aggregate,3,0.12402044971610948
resnet50_no_weights,IMAGENET100,fp32_unfused,layer3.3.conv3,0.5272715091705322,0.0007221612613648176,0.0020596543326973915,7.052356068015797e-07,1.4525415731213476e-09,,42,3,
resnet50_no_weights,IMAGENET100,fp32_unfused,layer3.3.conv3,0.5524117350578308,0.0010066705290228128,0.0021578583400696516,9.830766884988407e-07,2.1213402312052783e-09,,43,3,
resnet50_no_weights,IMAGENET100,fp32_unfused,layer3.3.conv3,0.5122493505477905,0.0004414845898281783,0.0020009740255773067,4.3113729475408036e-07,8.62694528260582e-10,,44,3,
resnet50_no_weights,IMAGENET100,fp32_unfused,layer3.3.conv3,0.5306441982587179,0.0007234387934052696,0.0020728288994481168,7.064831966848336e-07,1.464418787062811e-09,7.846670014259871e-05,aggregate,3,0.02029249999746842
resnet50_no_weights,IMAGENET100,fp32_unfused,layer3.4.conv1,10.480764389038086,3.26080116792582e-05,0.010235121473670006,1.2737504562210233e-07,1.3036990646564763e-09,,42,3,
resnet50_no_weights,IMAGENET100,fp32_unfused,layer3.4.conv1,10.228304862976074,4.8590474762022495e-05,0.009988578967750072,1.8980654203915037e-07,1.8958976337536274e-09,,43,3,
resnet50_no_weights,IMAGENET100,fp32_unfused,layer3.4.conv1,10.456050872802734,1.7567035683896393e-05,0.01021098718047142,6.862123314022028e-08,7.006905319029299e-10,,44,3,
resnet50_no_weights,IMAGENET100,fp32_unfused,layer3.4.conv1,10.388373374938965,3.292184070839236e-05,0.010144895873963833,1.2860094026715765e-07,1.304643148304157e-09,5.9273295204655046e-05,aggregate,3,0.13917304287357266
resnet50_no_weights,IMAGENET100,fp32_unfused,layer3.4.conv2,4.093599319458008,0.00011180528235854581,0.0017767358157369825,4.852659824589662e-08,8.621894511936396e-11,,42,3,
resnet50_no_weights,IMAGENET100,fp32_unfused,layer3.4.conv2,4.23262882232666,0.00014966407616157085,0.001837078481912613,6.495836638957068e-08,1.193336171144758e-10,,43,3,
resnet50_no_weights,IMAGENET100,fp32_unfused,layer3.4.conv2,4.277189254760742,6.342761480482295e-05,0.0018564189473787944,2.7529346703482183e-08,5.110600082930428e-11,,44,3,
resnet50_no_weights,IMAGENET100,fp32_unfused,layer3.4.conv2,4.201139132181804,0.0001082989911083132,0.0018234110816761299,4.70047704463165e-08,8.570901932345615e-11,4.5368014024479274e-05,aggregate,3,0.09576020324320467
resnet50_no_weights,IMAGENET100,fp32_unfused,layer3.4.conv3,0.4018310308456421,0.0007021395722404122,0.0015696524642407894,6.856831760160276e-07,1.0762842869220086e-09,,42,3,
resnet50_no_weights,IMAGENET100,fp32_unfused,layer3.4.conv3,0.46202972531318665,0.0009249512222595513,0.0018048036145046353,9.032726779878431e-07,1.6302297941157407e-09,,43,3,
resnet50_no_weights,IMAGENET100,fp32_unfused,layer3.4.conv3,0.4352079927921295,0.0004068084235768765,0.001700031221844256,3.972738511492935e-07,6.753779505761064e-10,,44,3,
resnet50_no_weights,IMAGENET100,fp32_unfused,layer3.4.conv3,0.4330229163169861,0.0006779664060256133,0.0016914957668632269,6.62076568384388e-07,1.119899712761524e-09,6.726227574189478e-05,aggregate,3,0.03015877357090079
resnet50_no_weights,IMAGENET100,fp32_unfused,layer3.5.conv1,9.2915620803833,7.435276347678155e-05,0.009073791094124317,2.904404823311779e-07,2.6353962619498133e-09,,42,3,
resnet50_no_weights,IMAGENET100,fp32_unfused,layer3.5.conv1,9.119974136352539,8.926739246817306e-05,0.008906224742531776,3.48700751828801e-07,3.1056072636771e-09,,43,3,
resnet50_no_weights,IMAGENET100,fp32_unfused,layer3.5.conv1,9.271236419677734,3.7905178032815456e-05,0.009053941816091537,1.4806710169068538e-07,1.3405909235847743e-09,,44,3,
resnet50_no_weights,IMAGENET100,fp32_unfused,layer3.5.conv1,9.227590878804525,6.717511132592335e-05,0.009011319217582544,2.624027786168881e-07,2.3645952016974218e-09,0.00010622656640990065,aggregate,3,0.09375129632576935
resnet50_no_weights,IMAGENET100,fp32_unfused,layer3.5.conv2,7.975133895874023,0.0001507916604168713,0.003461429642306434,6.544776927815595e-08,2.2654284860224135e-10,,42,3,
resnet50_no_weights,IMAGENET100,fp32_unfused,layer3.5.conv2,7.862229824066162,0.00017351894348394126,0.003412426138917605,7.531204144268284e-08,2.5699677879425684e-10,,43,3,
resnet50_no_weights,IMAGENET100,fp32_unfused,layer3.5.conv2,7.940887928009033,8.20155837573111e-05,0.003446565940976143,3.5597041561332944e-08,1.2268755104480233e-10,,44,3,
resnet50_no_weights,IMAGENET100,fp32_unfused,layer3.5.conv2,7.926083882649739,0.00013544206255270788,0.0034401405740667273,5.878561742739058e-08,2.0223078768353044e-10,7.999708458541005e-05,aggregate,3,0.057889568809490144
resnet50_no_weights,IMAGENET100,fp32_unfused,layer3.5.conv3,1.0391135215759277,0.0006091182585805655,0.004059037193655968,5.948420493950834e-07,2.414486002845184e-09,,42,3,
resnet50_no_weights,IMAGENET100,fp32_unfused,layer3.5.conv3,1.0250287055969238,0.0007154843769967556,0.004004018381237984,6.987152119108941e-07,2.797668551741813e-09,,43,3,
resnet50_no_weights,IMAGENET100,fp32_unfused,layer3.5.conv3,1.008897304534912,0.0003528917150106281,0.0039410050958395,3.446208154400665e-07,1.358152389781666e-09,,44,3,
resnet50_no_weights,IMAGENET100,fp32_unfused,layer3.5.conv3,1.0243465105692546,0.0005591647835293164,0.004001353556911151,5.460593589153481e-07,2.184976558080551e-09,0.0001394998648289689,aggregate,3,0.01511965560485004
resnet50_no_weights,IMAGENET100,fp32_unfused,layer4.0.conv1,8.047118186950684,0.00023111603513825685,0.007858513854444027,4.513985061294079e-07,3.547321414293289e-09,,42,3,
resnet50_no_weights,IMAGENET100,fp32_unfused,layer4.0.conv1,7.755738735198975,0.0003119332541245967,0.007573963608592749,6.09244636962103e-07,4.6143967090812684e-09,,43,3,
resnet50_no_weights,IMAGENET100,fp32_unfused,layer4.0.conv1,7.9196600914001465,0.00014893054321873933,0.0077340430580079556,2.9087996722410026e-07,2.2496781912231342e-09,,44,3,
resnet50_no_weights,IMAGENET100,fp32_unfused,layer4.0.conv1,7.9075056711832685,0.00023065994416053096,0.007722173507014911,4.50507703438537e-07,3.4788986521992007e-09,0.00027577381681314565,aggregate,3,0.1460694823496269
resnet50_no_weights,IMAGENET100,fp32_unfused,layer4.0.conv2,13.493290901184082,0.0012331423349678516,0.0029282315323750177,2.676090136648984e-07,7.836211521613325e-10,,42,3,
resnet50_no_weights,IMAGENET100,fp32_unfused,layer4.0.conv2,12.325922012329102,0.0015111520187929273,0.0026748962700366974,3.2794097630054847e-07,8.772080942985301e-10,,43,3,
resnet50_no_weights,IMAGENET100,fp32_unfused,layer4.0.conv2,12.898747444152832,0.0006986632361076772,0.0027992073446512222,1.51619625891423e-07,4.2441477038854187e-10,,44,3,
resnet50_no_weights,IMAGENET100,fp32_unfused,layer4.0.conv2,12.905986785888672,0.001147652529956152,0.0028007783823543126,2.490565386189566e-07,6.975521693479657e-10,6.398391785527703e-05,aggregate,3,0.5837181140912145
resnet50_no_weights,IMAGENET100,fp32_unfused,layer4.0.conv3,2.54931902885437,0.00460038660094142,0.004979138728231192,2.2462825199909275e-06,1.1184552289835583e-08,,42,3,
resnet50_no_weights,IMAGENET100,fp32_unfused,layer4.0.conv3,2.383070230484009,0.004988874774426222,0.00465443404391408,2.4359740109503036e-06,1.1338080366657022e-08,,43,3,
resnet50_no_weights,IMAGENET100,fp32_unfused,layer4.0.conv3,2.490868330001831,0.0022681010887026787,0.004864977207034826,1.1074712347181048e-06,5.387822314350296e-09,,44,3,
resnet50_no_weights,IMAGENET100,fp32_unfused,layer4.0.conv3,2.474419196446737,0.003952454154690106,0.004832849993060033,1.9299092552197785e-06,9.3269619306954e-09,0.00013040135764019815,aggregate,3,0.08433620951840475
resnet50_no_weights,IMAGENET100,fp32_unfused,layer4.0.downsample.0,7.825349807739258,0.00157605716958642,0.007641943171620369,7.695591648371192e-07,5.880927404884897e-09,,42,3,
resnet50_no_weights,IMAGENET100,fp32_unfused,layer4.0.downsample.0,7.509907245635986,0.0015540423337370157,0.007333893794566393,7.588097332700272e-07,5.565029994085632e-09,,43,3,
resnet50_no_weights,IMAGENET100,fp32_unfused,layer4.0.downsample.0,7.711329460144043,0.0007364392513409257,0.007530595175921917,3.595894781938114e-07,2.7079227897985953e-09,,44,3,
resnet50_no_weights,IMAGENET100,fp32_unfused,layer4.0.downsample.0,7.682195504506429,0.0012888462515547872,0.007502144047369559,6.293194587669859e-07,4.721245231482576e-09,7.418423568500051e-05,aggregate,3,0.1597266196502321
resnet50_no_weights,IMAGENET100,fp32_unfused,layer4.1.conv1,7.3249993324279785,0.000647868262603879,0.003576659830287099,1.2653677003982011e-06,4.525789824557007e-09,,42,3,
resnet50_no_weights,IMAGENET100,fp32_unfused,layer4.1.conv1,6.856694221496582,0.0008741542114876211,0.003347995225340128,1.70733244431176e-06,5.716140871624062e-09,,43,3,
resnet50_no_weights,IMAGENET100,fp32_unfused,layer4.1.conv1,7.1397786140441895,0.00032915984047576785,0.0034862200263887644,6.428903134292341e-07,2.2412570854483455e-09,,44,3,
resnet50_no_weights,IMAGENET100,fp32_unfused,layer4.1.conv1,7.107157389322917,0.0006170607715224227,0.0034702916940053305,1.2051968193797318e-06,4.182384511935126e-09,6.51184662082593e-05,aggregate,3,0.23585064650717777
resnet50_no_weights,IMAGENET100,fp32_unfused,layer4.1.conv2,12.177441596984863,0.0008173197275027633,0.0026426739576790067,1.7736973253098162e-07,4.687303730401161e-10,,42,3,
resnet50_no_weights,IMAGENET100,fp32_unfused,layer4.1.conv2,11.662522315979004,0.0009706557611934841,0.0025309293220440545,2.1064578150900263e-07,5.3312958498602e-10,,43,3,
resnet50_no_weights,IMAGENET100,fp32_unfused,layer4.1.conv2,12.193526268005371,0.00043622957309708,0.0026461645546886656,9.466787610613716e-08,2.505067782197182e-10,,44,3,
resnet50_no_weights,IMAGENET100,fp32_unfused,layer4.1.conv2,12.011163393656412,0.0007414016872644424,0.0026065892781372423,1.6089446338204047e-07,4.1938578316327184e-10,5.482929519070082e-05,aggregate,3,0.3020391198893088
resnet50_no_weights,IMAGENET100,fp32_unfused,layer4.1.conv3,1.21274995803833,0.006479902658611536,0.0023686522617936134,3.164014970025164e-06,7.494451215098957e-09,,42,3,
resnet50_no_weights,IMAGENET100,fp32_unfused,layer4.1.conv3,1.120417594909668,0.0065391710959374905,0.0021883156150579453,3.1929546366882278e-06,6.987192489636517e-09,,43,3,
resnet50_no_weights,IMAGENET100,fp32_unfused,layer4.1.conv3,1.302872657775879,0.0030320899095386267,0.0025446731597185135,1.4805126511419076e-06,3.767420805984511e-09,,44,3,
resnet50_no_weights,IMAGENET100,fp32_unfused,layer4.1.conv3,1.2120134035746257,0.005350387888029218,0.002367213678856691,2.6124940859517665e-06,6.184331736197229e-09,0.0001096173652007969,aggregate,3,0.09122976145829138
resnet50_no_weights,IMAGENET100,fp32_unfused,layer4.2.conv1,4.667466640472412,0.002753692911937833,0.00227903644554317,5.37830646862858e-06,1.2257356457305117e-08,,42,3,
resnet50_no_weights,IMAGENET100,fp32_unfused,layer4.2.conv1,4.495987415313721,0.002584317931905389,0.0021953063551336527,5.0474959607527126e-06,1.1080799960151872e-08,,43,3,
resnet50_no_weights,IMAGENET100,fp32_unfused,layer4.2.conv1,4.7266693115234375,0.0012124325148761272,0.0023079439997673035,2.368032255617436e-06,5.465285835607695e-09,,44,3,
resnet50_no_weights,IMAGENET100,fp32_unfused,layer4.2.conv1,4.630041122436523,0.0021834811195731163,0.0022607622668147087,4.264611561666243e-06,9.64127290123679e-09,0.00023546196894636118,aggregate,3,0.11980833176335696
resnet50_no_weights,IMAGENET100,fp32_unfused,layer4.2.conv2,16.404796600341797,0.0004275541577953845,0.0035600687066713967,9.278519049379004e-08,3.303216531194863e-10,,42,3,
resnet50_no_weights,IMAGENET100,fp32_unfused,layer4.2.conv2,17.320056915283203,0.00044182298006489873,0.003758692906962501,9.58817231043617e-08,3.6038995253970687e-10,,43,3,
resnet50_no_weights,IMAGENET100,fp32_unfused,layer4.2.conv2,16.877029418945312,0.00017998846305999905,0.003662549787097507,3.905999632378452e-08,1.430591812197064e-10,,44,3,
resnet50_no_weights,IMAGENET100,fp32_unfused,layer4.2.conv2,16.867294311523438,0.0003497885336400941,0.003660437133577135,7.590896997397876e-08,2.778600124643436e-10,8.716492473804476e-05,aggregate,3,0.4577078110148953
resnet50_no_weights,IMAGENET100,fp32_unfused,layer4.2.conv3,1.5382989645004272,0.00032988935708999634,0.003004490165039897,1.6107878764159977e-07,4.839596332657366e-10,,42,3,
resnet50_no_weights,IMAGENET100,fp32_unfused,layer4.2.conv3,1.6996229887008667,0.00041753705590963364,0.0033195761498063803,2.038755155808758e-07,6.767802990517544e-10,,43,3,
resnet50_no_weights,IMAGENET100,fp32_unfused,layer4.2.conv3,1.7201045751571655,0.00016280899581033736,0.003359579248353839,7.949657998551629e-08,2.6707506043444166e-10,,44,3,
resnet50_no_weights,IMAGENET100,fp32_unfused,layer4.2.conv3,1.6526755094528198,0.00030341180293665576,0.0032278818544000387,1.4815029440266395e-07,4.782116470263825e-10,3.28788005562767e-05,aggregate,3,0.09958096892668157
resnet50_no_weights,IMAGENET100,fp32_fused,conv1,199.3906707763672,7.720042958681006e-06,1.356399120927668,2.4617483924365455e-09,3.33911335544603e-09,,42,3,
resnet50_no_weights,IMAGENET100,fp32_fused,conv1,197.70016479492188,1.0598588232824113e-05,1.3448990802375638,3.3796518599566686e-09,4.545290677978895e-09,,43,3,
resnet50_no_weights,IMAGENET100,fp32_fused,conv1,178.06353759765625,4.247502602083841e-06,1.2113165822969814,1.3544332277053066e-09,1.640647428333461e-09,,44,3,
resnet50_no_weights,IMAGENET100,fp32_fused,conv1,191.71812438964844,7.522044597862987e-06,1.3042049278207377,2.3986111600328404e-09,3.1282804948406467e-09,0.2670664570078678,aggregate,3,11.855389405808703
resnet50_no_weights,IMAGENET100,fp32_fused,fc,116.86306762695312,0.0006921569583937526,0.057062044739723206,6.921569583937526e-06,3.9495891326775046e-07,,42,3,
resnet50_no_weights,IMAGENET100,fp32_fused,fc,128.1722869873047,0.0007903057849034667,0.06258412450551987,7.903057849034667e-06,4.946059563983116e-07,,43,3,
resnet50_no_weights,IMAGENET100,fp32_fused,fc,147.76318359375,0.00048346558469347656,0.07214999198913574,4.834655846934766e-06,3.4882038062657163e-07,,44,3,
resnet50_no_weights,IMAGENET100,fp32_fused,fc,130.93284606933594,0.0006553094426635653,0.06393205374479294,6.553094426635653e-06,4.1895278507837365e-07,3.287126889659299e-05,aggregate,3,15.633931256226397
resnet50_no_weights,IMAGENET100,fp32_fused,layer1.0.conv1,7.647305488586426,8.393639291170985e-06,0.1194891482591629,1.3115061392454663e-07,1.5671075151510387e-08,,42,3,
resnet50_no_weights,IMAGENET100,fp32_fused,layer1.0.conv1,6.950672626495361,7.666288183827419e-06,0.10860425978899002,1.1978575287230342e-07,1.3009243023963398e-08,,43,3,
resnet50_no_weights,IMAGENET100,fp32_fused,layer1.0.conv1,8.1048583984375,2.4401081191172125e-06,0.12663841247558594,3.8126689361206445e-08,4.828303413652996e-09,,44,3,
resnet50_no_weights,IMAGENET100,fp32_fused,layer1.0.conv1,7.567612171173096,6.166678531371872e-06,0.11824394017457962,9.63543520526855e-08,1.1393318239678127e-08,0.003560866796932019,aggregate,3,0.5812051855142674
resnet50_no_weights,IMAGENET100,fp32_fused,layer1.0.conv2,8.29002571105957,1.0456333257025108e-05,0.01439240574836731,1.8153356349001925e-08,2.612704702695355e-10,,42,3,
resnet50_no_weights,IMAGENET100,fp32_fused,layer1.0.conv2,8.62607192993164,1.1685409845085815e-05,0.014975819322797988,2.028716986994065e-08,3.038169905431423e-10,,43,3,
resnet50_no_weights,IMAGENET100,fp32_fused,layer1.0.conv2,7.799056529998779,4.5494466576201376e-06,0.013540028697914548,7.898344891701628e-09,1.0694381649966681e-10,,44,3,
resnet50_no_weights,IMAGENET100,fp32_fused,layer1.0.conv2,8.23838472366333,8.897063253243687e-06,0.014302751256359948,1.5446290370214733e-08,2.2092444899868933e-10,0.0005563874950310515,aggregate,3,0.4159191166753118
resnet50_no_weights,IMAGENET100,fp32_fused,layer1.0.conv3,1.7048858404159546,3.3421423722757027e-05,0.02663884125649929,1.3055243641701963e-07,3.477765629362203e-09,,42,3,
resnet50_no_weights,IMAGENET100,fp32_fused,layer1.0.conv3,1.7499583959579468,4.3350111809559166e-05,0.02734309993684292,1.693363742560905e-07,4.630181404226917e-09,,43,3,
resnet50_no_weights,IMAGENET100,fp32_fused,layer1.0.conv3,1.607127070426941,1.871484528237488e-05,0.025111360475420952,7.310486438427688e-08,1.8357626020603393e-09,,44,3,
resnet50_no_weights,IMAGENET100,fp32_fused,layer1.0.conv3,1.687323768933614,3.182879360489702e-05,0.02636443388958772,1.24331225019129e-07,3.277922362428281e-09,0.001295155596772612,aggregate,3,0.07301723532358076
resnet50_no_weights,IMAGENET100,fp32_fused,layer1.0.downsample.0,7.647305488586426,9.85284259513719e-06,0.1194891482591629,3.848766638725465e-08,4.598858475095871e-09,,42,3,
resnet50_no_weights,IMAGENET100,fp32_fused,layer1.0.downsample.0,6.950672626495361,1.665075251366943e-05,0.10860425978899002,6.504200200652122e-08,7.06383848311224e-09,,43,3,
resnet50_no_weights,IMAGENET100,fp32_fused,layer1.0.downsample.0,8.1048583984375,7.188010840764036e-06,0.12663841247558594,2.8078167346734517e-08,3.555774538014294e-09,,44,3,
resnet50_no_weights,IMAGENET100,fp32_fused,layer1.0.downsample.0,7.567612171173096,1.1230535316523552e-05,0.11824394017457962,4.3869278580170125e-08,5.1872763519356034e-09,0.0011263961257664884,aggregate,3,0.5812051855142674
resnet50_no_weights,IMAGENET100,fp32_fused,layer1.1.conv1,5.968295574188232,1.4839361028862186e-05,0.023313654586672783,2.3186501607597165e-07,5.405620895528535e-09,,42,3,
resnet50_no_weights,IMAGENET100,fp32_fused,layer1.1.conv1,5.802679538726807,1.7920805476023816e-05,0.02266671694815159,2.800125855628721e-07,6.3469660188737e-09,,43,3,
resnet50_no_weights,IMAGENET100,fp32_fused,layer1.1.conv1,5.7129225730896,9.981097718991805e-06,0.02231610380113125,1.5595465185924695e-07,3.4803001991602414e-09,,44,3,
resnet50_no_weights,IMAGENET100,fp32_fused,layer1.1.conv1,5.82796589533488,1.4247088074625935e-05,0.022765491778651874,2.2261075116603024e-07,5.067843225509779e-09,0.00043824858003063124,aggregate,3,0.1295507325159281
resnet50_no_weights,IMAGENET100,fp32_fused,layer1.1.conv2,1.847650408744812,3.4121758289984427e-06,0.003207726404070854,5.923916369788963e-09,1.9002302954879618e-11,,42,3,
resnet50_no_weights,IMAGENET100,fp32_fused,layer1.1.conv2,1.8945523500442505,4.620955223799683e-06,0.0032891533854934904,8.02249170798556e-09,2.6387205761414162e-11,,43,3,
resnet50_no_weights,IMAGENET100,fp32_fused,layer1.1.conv2,1.8492684364318848,2.3732281988486648e-06,0.0032105354799164664,4.120187845223376e-09,1.3228009261010223e-11,,44,3,
resnet50_no_weights,IMAGENET100,fp32_fused,layer1.1.conv2,1.8638237317403157,3.468786417215597e-06,0.003235805089826937,6.0221986409993e-09,1.94866610144944e-11,5.8266781470402814e-05,aggregate,3,0.026624058491347972
resnet50_no_weights,IMAGENET100,fp32_fused,layer1.1.conv3,0.23621830344200134,3.54223266185727e-05,0.003690910991281271,1.383684633537996e-07,5.107056822392387e-10,,42,3,
resnet50_no_weights,IMAGENET100,fp32_fused,layer1.1.conv3,0.22115014493465424,4.9270765885012224e-05,0.0034554710146039724,1.92463929238329e-07,6.650535288398359e-10,,43,3,
resnet50_no_weights,IMAGENET100,fp32_fused,layer1.1.conv3,0.25751614570617676,2.2607442588196136e-05,0.004023689776659012,8.831032261014116e-08,3.5533334225988415e-10,,44,3,
resnet50_no_weights,IMAGENET100,fp32_fused,layer1.1.conv3,0.23829486469427744,3.5766845030593686e-05,0.003723357260848085,1.3971423840075659e-07,5.202060239933173e-10,0.0003306610095312372,aggregate,3,0.01827171538209905
resnet50_no_weights,IMAGENET100,fp32_fused,layer1.2.conv1,6.495165824890137,1.4746970009582583e-06,0.025371741503477097,2.3042140639972786e-08,5.846192360041538e-10,,42,3,
resnet50_no_weights,IMAGENET100,fp32_fused,layer1.2.conv1,6.319019794464111,1.910376795422053e-06,0.024683671072125435,2.984963742846958e-08,7.367986319065472e-10,,43,3,
resnet50_no_weights,IMAGENET100,fp32_fused,layer1.2.conv1,6.230329513549805,7.352950888162013e-07,0.024337224662303925,1.1488985762753146e-08,2.796100276501345e-10,,44,3,
resnet50_no_weights,IMAGENET100,fp32_fused,layer1.2.conv1,6.348171710968018,1.3734562950655043e-06,0.02479754574596882,2.1460254610398504e-08,5.321616454214952e-10,2.9180769196399424e-05,aggregate,3,0.13480335169414875
resnet50_no_weights,IMAGENET100,fp32_fused,layer1.2.conv2,1.0523431301116943,9.288773412663431e-07,0.0018269846008883582,1.6126342730318457e-09,2.9462579836939744e-12,,42,3,
resnet50_no_weights,IMAGENET100,fp32_fused,layer1.2.conv2,1.0336531400680542,1.308862010773737e-06,0.0017945367015070384,2.2723298798155156e-09,4.0777793672600206e-12,,43,3,
resnet50_no_weights,IMAGENET100,fp32_fused,layer1.2.conv2,1.0294697284698486,5.252719574855291e-07,0.0017872738341490428,9.119304817457103e-10,1.6298694885870394e-12,,44,3,
resnet50_no_weights,IMAGENET100,fp32_fused,layer1.2.conv2,1.0384886662165325,9.210037698418697e-07,0.0018029317121814798,1.5989648781976905e-09,2.8828244855670136e-12,3.1927577852619846e-06,aggregate,3,0.012179279967089994
resnet50_no_weights,IMAGENET100,fp32_fused,layer1.2.conv3,0.0854109600186348,2.904794382629916e-05,0.0013345462502911687,1.134685305714811e-07,1.5142900200021894e-10,,42,3,
resnet50_no_weights,IMAGENET100,fp32_fused,layer1.2.conv3,0.08425655215978622,4.27298218710348e-05,0.0013165086274966598,1.669133666837297e-07,2.1974288728364367e-10,,43,3,
resnet50_no_weights,IMAGENET100,fp32_fused,layer1.2.conv3,0.0836530402302742,1.80326806002995e-05,0.0013070787535980344,7.044015859491992e-08,9.20708346994958e-11,,44,3,
resnet50_no_weights,IMAGENET100,fp32_fused,layer1.2.conv3,0.08444018413623174,2.993681543254449e-05,0.0013193778771286209,1.1694068528337691e-07,1.54288953099148e-10,4.37410973265489e-05,aggregate,3,0.000893230665985783
resnet50_no_weights,IMAGENET100,fp32_fused,layer2.0.conv1,6.582563877105713,1.346866383755696e-06,0.02571314014494419,1.0522393623091375e-08,2.705637818908156e-10,,42,3,
resnet50_no_weights,IMAGENET100,fp32_fused,layer2.0.conv1,6.393001556396484,1.834266299738374e-06,0.024972662329673767,1.4330205466706047e-08,3.578633822348952e-10,,43,3,
resnet50_no_weights,IMAGENET100,fp32_fused,layer2.0.conv1,6.325681686401367,9.277015919906262e-07,0.02470969408750534,7.247668687426767e-09,1.7908767611390678e-10,,44,3,
resnet50_no_weights,IMAGENET100,fp32_fused,layer2.0.conv1,6.4337490399678545,1.3696114251615654e-06,0.02513183218737443,1.070008925907473e-08,2.689128476489937e-10,0.00014110867671186602,aggregate,3,0.13320053692953077
resnet50_no_weights,IMAGENET100,fp32_fused,layer2.0.conv2,6.938199043273926,1.0114546057593543e-05,0.0060227422250641715,8.779987897216618e-09,5.2879603844118906e-11,,42,3,
resnet50_no_weights,IMAGENET100,fp32_fused,layer2.0.conv2,6.696572303771973,1.3529344869311899e-05,0.0058129967914687265,1.1744222976833246e-08,6.826913048262495e-11,,43,3,
resnet50_no_weights,IMAGENET100,fp32_fused,layer2.0.conv2,7.0640411376953125,6.693874638585839e-06,0.006131980154249404,5.8106550682168745e-09,3.563082156149459e-11,,44,3,
resnet50_no_weights,IMAGENET100,fp32_fused,layer2.0.conv2,6.899604161580403,1.0112588521830427e-05,0.005989239723594101,8.778288647422247e-09,5.2575275072316446e-11,0.0001143109728091151,aggregate,3,0.1867498584897657
resnet50_no_weights,IMAGENET100,fp32_fused,layer2.0.conv3,0.8596056699752808,9.551054245093837e-05,0.006715669296681881,1.86544028224489e-07,1.252768002826559e-09,,42,3,
resnet50_no_weights,IMAGENET100,fp32_fused,layer2.0.conv3,0.7828313112258911,0.0001377672451781109,0.006115869618952274,2.6907665073849785e-07,1.645637713421011e-09,,43,3,
resnet50_no_weights,IMAGENET100,fp32_fused,layer2.0.conv3,0.9205313920974731,6.328716699499637e-05,0.007191651500761509,1.2360774803710228e-07,8.889438466767771e-10,,44,3,
resnet50_no_weights,IMAGENET100,fp32_fused,layer2.0.conv3,0.8543227910995483,9.885498487468188e-05,0.006674396805465221,1.9307614233336304e-07,1.2886667876013467e-09,0.0003202657172854136,aggregate,3,0.0690018816766746
resnet50_no_weights,IMAGENET100,fp32_fused,layer2.0.downsample.0,6.580103397369385,2.1071160517749377e-05,0.02570352889597416,4.115461038622925e-08,1.0578187172650018e-09,,42,3,
resnet50_no_weights,IMAGENET100,fp32_fused,layer2.0.downsample.0,6.396613597869873,3.7655263440683484e-05,0.02498677186667919,7.354543640758493e-08,1.8376630413516867e-09,,43,3,
resnet50_no_weights,IMAGENET100,fp32_fused,layer2.0.downsample.0,6.320863723754883,1.5647015970898792e-05,0.02469087392091751,3.0560578068161703e-08,7.545673800313375e-10,,44,3,
resnet50_no_weights,IMAGENET100,fp32_fused,layer2.0.downsample.0,6.43252690633138,2.479114664311055e-05,0.025127058227856953,4.8420208287325295e-08,1.2166573930405844e-09,0.00023976399694298716,aggregate,3,0.1332990112019849
resnet50_no_weights,IMAGENET100,fp32_fused,layer2.1.conv1,7.831201553344727,3.9397353248205036e-05,0.015295315533876419,3.0779182225160184e-07,4.707773040085055e-09,,42,3,
resnet50_no_weights,IMAGENET100,fp32_fused,layer2.1.conv1,7.2913923263549805,9.440000576432794e-05,0.014241000637412071,7.375000450338121e-07,1.0502738611417949e-08,,43,3,
resnet50_no_weights,IMAGENET100,fp32_fused,layer2.1.conv1,7.401961803436279,3.572075002011843e-05,0.014456956647336483,2.7906835953217524e-07,4.034479175399968e-09,,44,3,
resnet50_no_weights,IMAGENET100,fp32_fused,layer2.1.conv1,7.508185227711995,5.6506036344217137e-05,0.01466442427287499,4.414534089391964e-07,6.473660085391361e-09,0.00025422037967170276,aggregate,3,0.2851509464905577
resnet50_no_weights,IMAGENET100,fp32_fused,layer2.1.conv2,6.1522955894470215,1.4448135516431648e-05,0.005340534365839428,1.2541784302458028e-08,6.697983007622258e-11,,42,3,
resnet50_no_weights,IMAGENET100,fp32_fused,layer2.1.conv2,5.766177177429199,3.1875661079538986e-05,0.005005362133185069,2.7669844687099815e-08,1.3849759282792147e-10,,43,3,
resnet50_no_weights,IMAGENET100,fp32_fused,layer2.1.conv2,5.754218578338623,1.245668772753561e-05,0.004994981404807832,1.0813096985707993e-08,5.4011218371995046e-11,,44,3,
resnet50_no_weights,IMAGENET100,fp32_fused,layer2.1.conv2,5.890897115071614,1.959349477450208e-05,0.0051136259679441095,1.700824199175528e-08,8.697378791811724e-11,0.00013723550100422997,aggregate,3,0.2264566709712809
resnet50_no_weights,IMAGENET100,fp32_fused,layer2.1.conv3,0.8911133408546448,6.462544115493074e-05,0.006961822975426912,1.262215647557241e-07,8.787321895107359e-10,,42,3,
resnet50_no_weights,IMAGENET100,fp32_fused,layer2.1.conv3,0.9001339077949524,0.00011849489237647504,0.007032296154648066,2.314353366728028e-07,1.6275218281338316e-09,,43,3,
resnet50_no_weights,IMAGENET100,fp32_fused,layer2.1.conv3,0.8271369338035583,4.595887367031537e-05,0.0064620072953403,8.976342513733471e-08,5.800519080921897e-10,,44,3,
resnet50_no_weights,IMAGENET100,fp32_fused,layer2.1.conv3,0.8727947274843851,7.635973573390704e-05,0.006818708808471759,1.491401088552872e-07,1.0169429739479838e-09,0.0002339956684252941,aggregate,3,0.03979721409636427
resnet50_no_weights,IMAGENET100,fp32_fused,layer2.2.conv1,7.201321125030518,7.377194378932472e-06,0.01406508032232523,5.763433108540994e-08,8.106314960397766e-10,,42,3,
resnet50_no_weights,IMAGENET100,fp32_fused,layer2.2.conv1,7.078186511993408,1.1633416761469562e-05,0.013824583031237125,9.088606844898095e-08,1.256461999655638e-09,,43,3,
resnet50_no_weights,IMAGENET100,fp32_fused,layer2.2.conv1,7.209717273712158,4.803761839866638e-06,0.014081479050219059,3.752938937395811e-08,5.284693102369049e-10,,44,3,
resnet50_no_weights,IMAGENET100,fp32_fused,layer2.2.conv1,7.163074970245361,7.938124326756224e-06,0.013990380801260471,6.2016596302783e-08,8.676357982739764e-10,7.100714329322782e-05,aggregate,3,0.07363532838567535
resnet50_no_weights,IMAGENET100,fp32_fused,layer2.2.conv2,8.39406967163086,7.745326911390293e-06,0.007286518812179565,6.723374055026296e-09,4.8989991533269116e-11,,42,3,
resnet50_no_weights,IMAGENET100,fp32_fused,layer2.2.conv2,8.459159851074219,1.1902770893357228e-05,0.007343020704057481,1.0332266400483705e-08,7.587004609858931e-11,,43,3,
resnet50_no_weights,IMAGENET100,fp32_fused,layer2.2.conv2,8.191336631774902,5.085868451715214e-06,0.007110535270637936,4.414816364336123e-09,3.1391707472001547e-11,,44,3,
resnet50_no_weights,IMAGENET100,fp32_fused,layer2.2.conv2,8.348188718159994,8.244655418820912e-06,0.007246691595624994,7.1568189399487085e-09,5.186325966353609e-11,8.489582738560884e-05,aggregate,3,0.1396821950626108
resnet50_no_weights,IMAGENET100,fp32_fused,layer2.2.conv3,0.8729144334793091,8.81386295077391e-05,0.006819644011557102,1.7214576075730292e-07,1.1739728064634825e-09,,42,3,
resnet50_no_weights,IMAGENET100,fp32_fused,layer2.2.conv3,0.9018458724021912,0.00013308413326740265,0.0070456708781421185,2.599299477878958e-07,1.8313808634861788e-09,,43,3,
resnet50_no_weights,IMAGENET100,fp32_fused,layer2.2.conv3,0.8247743844985962,5.7425400882493705e-05,0.006443549878895283,1.1215898609862052e-07,7.227020212927839e-10,,44,3,
resnet50_no_weights,IMAGENET100,fp32_fused,layer2.2.conv3,0.8665115634600321,9.288272121921182e-05,0.006769621589531501,1.8141156488127308e-07,1.2280876462109608e-09,0.00031842204229582825,aggregate,3,0.03893264851357165
resnet50_no_weights,IMAGENET100,fp32_fused,layer2.3.conv1,8.645454406738281,3.7252791571518173e-06,0.016885653138160706,2.9103743415248573e-08,4.91435716331916e-10,,42,3,
resnet50_no_weights,IMAGENET100,fp32_fused,layer2.3.conv1,8.45281982421875,6.674198175460333e-06,0.016509413719177246,5.214217324578385e-08,8.608367103316607e-10,,43,3,
resnet50_no_weights,IMAGENET100,fp32_fused,layer2.3.conv1,8.684446334838867,2.6670036277209874e-06,0.016961809247732162,2.0835965841570214e-08,3.534156780969771e-10,,44,3,
resnet50_no_weights,IMAGENET100,fp32_fused,layer2.3.conv1,8.594240188598633,4.3554936534443795e-06,0.016785625368356705,3.4027294167534215e-08,5.711694121950985e-10,0.00015849902521530076,aggregate,3,0.1240156530856264
resnet50_no_weights,IMAGENET100,fp32_fused,layer2.3.conv2,4.141939640045166,5.094629159430042e-06,0.0035954337153169843,4.4224211453385784e-09,1.590052208928108e-11,,42,3,
resnet50_no_weights,IMAGENET100,fp32_fused,layer2.3.conv2,4.201438903808594,8.769307896727696e-06,0.0036470823817782933,7.612246438131681e-09,2.776248987026462e-11,,43,3,
resnet50_no_weights,IMAGENET100,fp32_fused,layer2.3.conv2,4.432965278625488,3.297006060165586e-06,0.0038480601376957363,2.861984427227071e-09,1.1013088189118457e-11,,44,3,
resnet50_no_weights,IMAGENET100,fp32_fused,layer2.3.conv2,4.258781274159749,5.720314372107775e-06,0.003696858744930338,4.9655506702324435e-09,1.835693941864351e-11,3.6753899062694395e-05,aggregate,3,0.15375334518600858
resnet50_no_weights,IMAGENET100,fp32_fused,layer2.3.conv3,0.5443402528762817,8.303537470055744e-05,0.004252658225595951,1.6217846621202625e-07,6.896895883511085e-10,,42,3,
resnet50_no_weights,IMAGENET100,fp32_fused,layer2.3.conv3,0.6211974024772644,0.0001313675893470645,0.004853104706853628,2.5657732294348534e-07,1.2451966136489321e-09,,43,3,
resnet50_no_weights,IMAGENET100,fp32_fused,layer2.3.conv3,0.5874732136726379,5.142553345649503e-05,0.004589634481817484,1.0044049503221686e-07,4.609851593706802e-10,,44,3,
resnet50_no_weights,IMAGENET100,fp32_fused,layer2.3.conv3,0.5843369563420614,8.8609499168039e-05,0.004565132471422355,1.7306542806257616e-07,7.90066605329076e-10,0.00014785339611842922,aggregate,3,0.038524439564121556
resnet50_no_weights,IMAGENET100,fp32_fused,layer3.0.conv1,8.83530330657959,8.710779184184503e-06,0.01725645177066326,3.4026481188220714e-08,5.871763315499115e-10,,42,3,
resnet50_no_weights,IMAGENET100,fp32_fused,layer3.0.conv1,8.700542449951172,1.204569070978323e-05,0.016993246972560883,4.705347933509074e-08,7.995913952594868e-10,,43,3,
resnet50_no_weights,IMAGENET100,fp32_fused,layer3.0.conv1,8.922708511352539,5.571216206590179e-06,0.017427165061235428,2.1762563306992888e-08,3.792597829065506e-10,,44,3,
resnet50_no_weights,IMAGENET100,fp32_fused,layer3.0.conv1,8.819518089294434,8.775895366852637e-06,0.01722562126815319,3.4280841276768115e-08,5.905087885872806e-10,0.0002822525909491729,aggregate,3,0.11192104146765125
resnet50_no_weights,IMAGENET100,fp32_fused,layer3.0.conv2,10.244007110595703,6.356461381074041e-05,0.004446183641751607,2.7588808077578303e-08,1.2266490716995324e-10,,42,3,
resnet50_no_weights,IMAGENET100,fp32_fused,layer3.0.conv2,9.45291519165039,8.536880341125652e-05,0.004102827774153816,3.705243203613564e-08,1.5201974725780392e-10,,43,3,
resnet50_no_weights,IMAGENET100,fp32_fused,layer3.0.conv2,10.412503242492676,4.0238974179374054e-05,0.0045193156434430014,1.74648325431311e-08,7.89290909222848e-11,,44,3,
resnet50_no_weights,IMAGENET100,fp32_fused,layer3.0.conv2,10.03647518157959,6.3057463800457e-05,0.004356109019782808,2.7368690885615016e-08,1.1922100122647508e-10,4.288160644922934e-05,aggregate,3,0.512351864445408
resnet50_no_weights,IMAGENET100,fp32_fused,layer3.0.conv3,2.0396814346313477,0.0005739295156672597,0.007967505604028702,5.604780426438083e-07,4.46561194569958e-09,,42,3,
resnet50_no_weights,IMAGENET100,fp32_fused,layer3.0.conv3,1.9537516832351685,0.0008014535414986312,0.007631842512637377,7.826694741197571e-07,5.973210165930701e-09,,43,3,
resnet50_no_weights,IMAGENET100,fp32_fused,layer3.0.conv3,1.9702131748199463,0.0003588317194953561,0.007696145214140415,3.504216010696837e-07,2.696895528003868e-09,,44,3,
resnet50_no_weights,IMAGENET100,fp32_fused,layer3.0.conv3,1.987882097562154,0.0005780715922204157,0.007765164443602164,5.645230392777497e-07,4.38361423219381e-09,0.00022203863943812192,aggregate,3,0.04560837277194696
resnet50_no_weights,IMAGENET100,fp32_fused,layer3.0.downsample.0,8.683378219604492,4.8000751121435314e-05,0.016959723085165024,4.6875733517026674e-08,7.949994598627611e-10,,42,3,
resnet50_no_weights,IMAGENET100,fp32_fused,layer3.0.downsample.0,8.534130096435547,6.7758301156573e-05,0.016668222844600677,6.617021597321582e-08,1.1029399055169165e-09,,43,3,
resnet50_no_weights,IMAGENET100,fp32_fused,layer3.0.downsample.0,8.78915023803711,2.9246109988889657e-05,0.01716630905866623,2.8560654286025056e-08,4.902810183916264e-10,,44,3,
resnet50_no_weights,IMAGENET100,fp32_fused,layer3.0.downsample.0,8.668886184692383,4.833505408896599e-05,0.01693141832947731,4.720220125875585e-08,7.992002155841757e-10,5.2454984154518035e-05,aggregate,3,0.12812623643321688
resnet50_no_weights,IMAGENET100,fp32_fused,layer3.1.conv1,13.15600872039795,1.5986503058229573e-05,0.012847664766013622,6.244727757120927e-08,8.023016877850981e-10,,42,3,
resnet50_no_weights,IMAGENET100,fp32_fused,layer3.1.conv1,12.74230670928955,2.3685030100750737e-05,0.012443658895790577,9.251964883105757e-08,1.1512829512120097e-09,,43,3,
resnet50_no_weights,IMAGENET100,fp32_fused,layer3.1.conv1,13.102509498596191,7.571701644337736e-06,0.012795419432222843,2.957695954819428e-08,3.7844960294903407e-10,,44,3,
resnet50_no_weights,IMAGENET100,fp32_fused,layer3.1.conv1,13.000274976094564,1.574774493443935e-05,0.012695581031342348,6.151462865015371e-08,7.8096395264096e-10,4.399067249137144e-05,aggregate,3,0.22500280374283163
resnet50_no_weights,IMAGENET100,fp32_fused,layer3.1.conv2,5.5426836013793945,2.2112029910204e-05,0.002405678646432029,9.597235204081597e-09,2.3087863795244835e-11,,42,3,
resnet50_no_weights,IMAGENET100,fp32_fused,layer3.1.conv2,5.669260025024414,3.0914183298591524e-05,0.002460616330305735,1.341761427890257e-08,3.3015600808411076e-11,,43,3,
resnet50_no_weights,IMAGENET100,fp32_fused,layer3.1.conv2,5.64805269241333,1.1249509952904191e-05,0.0024514117588599524,4.882599805948e-09,1.196926257810825e-11,,44,3,
resnet50_no_weights,IMAGENET100,fp32_fused,layer3.1.conv2,5.619998772939046,2.1425241053899906e-05,0.002439235578532572,9.299149762977388e-09,2.2682816951957182e-11,1.2533305805500868e-05,aggregate,3,0.06779133096564093
resnet50_no_weights,IMAGENET100,fp32_fused,layer3.1.conv3,0.47191160917282104,0.0005963875446468592,0.0018434047233313322,5.824097115691984e-07,1.0736168132206992e-09,,42,3,
resnet50_no_weights,IMAGENET100,fp32_fused,layer3.1.conv3,0.5089240074157715,0.0008116386015899479,0.0019879844039678574,7.926158218651835e-07,1.5757078922061503e-09,,43,3,
resnet50_no_weights,IMAGENET100,fp32_fused,layer3.1.conv3,0.4840899109840393,0.0003095279389526695,0.0018909762147814035,3.022733778834663e-07,5.715917679392659e-10,,44,3,
resnet50_no_weights,IMAGENET100,fp32_fused,layer3.1.conv3,0.48830850919087726,0.0005725180283964922,0.0019074551140268643,5.590996371059495e-07,1.0664574620483073e-09,9.307323078381294e-05,aggregate,3,0.018863372817360703
resnet50_no_weights,IMAGENET100,fp32_fused,layer3.2.conv1,12.64437198638916,2.1079418729641475e-05,0.012348019517958164,8.234147941266201e-08,1.0167541949251009e-09,,42,3,
resnet50_no_weights,IMAGENET100,fp32_fused,layer3.2.conv1,12.298937797546387,2.722590579651296e-05,0.012010681442916393,1.0635119451762876e-07,1.2773503184248754e-09,,43,3,
resnet50_no_weights,IMAGENET100,fp32_fused,layer3.2.conv1,12.57995891571045,1.5957695723045617e-05,0.012285116128623486,6.233474891814694e-08,7.657896293080224e-10,,44,3,
resnet50_no_weights,IMAGENET100,fp32_fused,layer3.2.conv1,12.507756233215332,2.142100674973335e-05,0.012214605696499348,8.36758076161459e-08,1.0220669963673592e-09,3.5284779397039126e-05,aggregate,3,0.18368754782233945
resnet50_no_weights,IMAGENET100,fp32_fused,layer3.2.conv2,5.189390659332275,2.0587867766153067e-05,0.0022523396958907447,8.935706495726158e-09,2.0126246451152808e-11,,42,3,
resnet50_no_weights,IMAGENET100,fp32_fused,layer3.2.conv2,5.333141326904297,2.5428773369640112e-05,0.002314731478691101,1.1036793997239632e-08,2.5547214489239562e-11,,43,3,
resnet50_no_weights,IMAGENET100,fp32_fused,layer3.2.conv2,5.1074299812316895,1.4131096577330027e-05,0.0022167664849095875,6.133288445021713e-09,1.3596068267207373e-11,,44,3,
resnet50_no_weights,IMAGENET100,fp32_fused,layer3.2.conv2,5.209987322489421,2.0049245904374402e-05,0.0022612792198304778,8.701929645995834e-09,1.9677492680917167e-11,1.377196415881156e-05,aggregate,3,0.1142565962701563
resnet50_no_weights,IMAGENET100,fp32_fused,layer3.2.conv3,0.47521737217903137,0.0005426071002148092,0.0018563178600743413,5.298897463035246e-07,9.836437999334944e-10,,42,3,
resnet50_no_weights,IMAGENET100,fp32_fused,layer3.2.conv3,0.5957080125808716,0.0007074785535223782,0.0023269844241440296,6.908970249241975e-07,1.607706615686057e-09,,43,3,
resnet50_no_weights,IMAGENET100,fp32_fused,layer3.2.conv3,0.4707193076610565,0.0003448868228588253,0.001838747295551002,3.368035379480716e-07,6.19296594534026e-10,,44,3,
resnet50_no_weights,IMAGENET100,fp32_fused,layer3.2.conv3,0.5138815641403198,0.0005316574921986709,0.0020073498599231243,5.191967697252645e-07,1.0422095629805484e-09,6.782881475549387e-05,aggregate,3,0.07089946328709176
resnet50_no_weights,IMAGENET100,fp32_fused,layer3.3.conv1,11.924561500549316,1.7380216377205215e-05,0.011645079590380192,6.789147022345787e-08,7.906015742600938e-10,,42,3,
resnet50_no_weights,IMAGENET100,fp32_fused,layer3.3.conv1,11.627939224243164,2.4303408281411976e-05,0.011355409398674965,9.493518859926553e-08,1.0780279328850802e-09,,43,3,
resnet50_no_weights,IMAGENET100,fp32_fused,layer3.3.conv1,11.88890552520752,9.43484246818116e-06,0.011610259301960468,3.6854853391332654e-08,4.2789440440910925e-10,,44,3,
resnet50_no_weights,IMAGENET100,fp32_fused,layer3.3.conv1,11.813802083333334,1.7039489042266116e-05,0.011536916097005209,6.656050407135201e-08,7.679029508455618e-10,3.0384757351216482e-05,aggregate,3,0.16194625323320325
resnet50_no_weights,IMAGENET100,fp32_fused,layer3.3.conv2,5.3643388748168945,2.2722993890056387e-05,0.0023282720810837215,9.862410542559196e-09,2.2962375118426335e-11,,42,3,
resnet50_no_weights,IMAGENET100,fp32_fused,layer3.3.conv2,5.440895080566406,3.240777732571587e-05,0.0023614996009402806,1.4065875575397513e-08,3.3216559558176863e-11,,43,3,
resnet50_no_weights,IMAGENET100,fp32_fused,layer3.3.conv2,5.198289394378662,1.3461768503475469e-05,0.002256201994087961,5.842781468522339e-09,1.3182495200300285e-11,,44,3,
resnet50_no_weights,IMAGENET100,fp32_fused,layer3.3.conv2,5.334507783253987,2.286417990641591e-05,0.0023153245587039877,9.923689195493016e-09,2.2976561307270397e-11,9.957530739177887e-06,aggregate,3,0.12402338594205711
resnet50_no_weights,IMAGENET100,fp32_fused,layer3.3.conv3,0.5272781252861023,0.0007241627899929881,0.002059680176898837,7.071902246025275e-07,1.456585686910462e-09,,42,3,
resnet50_no_weights,IMAGENET100,fp32_fused,layer3.3.conv3,0.5524404048919678,0.0010057678446173668,0.002157970331609249,9.821951607591473e-07,2.1195480167684167e-09,,43,3,
resnet50_no_weights,IMAGENET100,fp32_fused,layer3.3.conv3,0.5122801065444946,0.00044103548862040043,0.002001094166189432,4.306987193558598e-07,8.618686946882705e-10,,44,3,
resnet50_no_weights,IMAGENET100,fp32_fused,layer3.3.conv3,0.5306662122408549,0.0007236553744102517,0.0020729148915658393,7.066947015725115e-07,1.4649179706803358e-09,7.06724120088135e-05,aggregate,3,0.020293391553637286
resnet50_no_weights,IMAGENET100,fp32_fused,layer3.4.conv1,10.481101989746094,1.6278247130685486e-05,0.01023545116186142,6.358690285424018e-08,6.508406386986019e-10,,42,3,
resnet50_no_weights,IMAGENET100,fp32_fused,layer3.4.conv1,10.228618621826172,2.330395182070788e-05,0.009988885372877121,9.103106179964016e-08,9.092988416878988e-10,,43,3,
resnet50_no_weights,IMAGENET100,fp32_fused,layer3.4.conv1,10.456402778625488,8.626373528386466e-06,0.010211330838501453,3.3696771595259634e-08,3.440888829486145e-10,,44,3,
resnet50_no_weights,IMAGENET100,fp32_fused,layer3.4.conv1,10.388707796732584,1.6069524159926612e-05,0.010145222457746664,6.277157874971333e-08,6.368316304398049e-10,3.141738173124193e-05,aggregate,3,0.13919023205367922
resnet50_no_weights,IMAGENET100,fp32_fused,layer3.4.conv2,4.093776226043701,1.9783094103331678e-05,0.0017768125981092453,8.586412371237707e-09,1.5256445673776236e-11,,42,3,
resnet50_no_weights,IMAGENET100,fp32_fused,layer3.4.conv2,4.232953071594238,2.580898581072688e-05,0.0018372192151016658,1.1201816758127986e-08,2.0580192992080586e-11,,43,3,
resnet50_no_weights,IMAGENET100,fp32_fused,layer3.4.conv2,4.277383327484131,1.131930730480235e-05,0.001856503180331654,4.912893795487132e-09,9.12080295595351e-12,,44,3,
resnet50_no_weights,IMAGENET100,fp32_fused,layer3.4.conv2,4.20137087504069,1.897046240628697e-05,0.0018235116645141883,8.233707641617608e-09,1.5014261926689315e-11,6.731496761042004e-06,aggregate,3,0.09579127454627208
resnet50_no_weights,IMAGENET100,fp32_fused,layer3.4.conv3,0.4018499553203583,0.0007047260878607631,0.0015697263879701495,6.882090701765264e-07,1.080299937896494e-09,,42,3,
resnet50_no_weights,IMAGENET100,fp32_fused,layer3.4.conv3,0.4620784819126129,0.0009238959173671901,0.0018049940699711442,9.022421068038966e-07,1.6285416524593051e-09,,43,3,
resnet50_no_weights,IMAGENET100,fp32_fused,layer3.4.conv3,0.43519580364227295,0.00040620510117150843,0.0016999836079776287,3.966846691128012e-07,6.743574350277916e-10,,44,3,
resnet50_no_weights,IMAGENET100,fp32_fused,layer3.4.conv3,0.43304141362508136,0.0006782757021331539,0.001691568021972974,6.623786153644081e-07,1.1204584841891693e-09,7.397787758236518e-05,aggregate,3,0.03017200525533747
resnet50_no_weights,IMAGENET100,fp32_fused,layer3.5.conv1,9.291910171508789,2.962226608360652e-05,0.009074131026864052,1.1571197688908796e-07,1.0499856396690492e-09,,42,3,
resnet50_no_weights,IMAGENET100,fp32_fused,layer3.5.conv1,9.120282173156738,3.3710322895785794e-05,0.008906525559723377,1.3168094881166326e-07,1.1728197363197045e-09,,43,3,
resnet50_no_weights,IMAGENET100,fp32_fused,layer3.5.conv1,9.271538734436035,1.4454032680077944e-05,0.00905423704534769,5.646106515655447e-08,5.112118677602652e-10,,44,3,
resnet50_no_weights,IMAGENET100,fp32_fused,layer3.5.conv1,9.227910359700521,2.5928873886490084e-05,0.00901163121064504,1.0128466361910189e-07,9.127400358295829e-10,3.705900593526206e-05,aggregate,3,0.0937636324281954
resnet50_no_weights,IMAGENET100,fp32_fused,layer3.5.conv2,7.975399971008301,3.836534597212449e-05,0.0034615451263056863,1.665162585595681e-08,5.7640354326753045e-11,,42,3,
resnet50_no_weights,IMAGENET100,fp32_fused,layer3.5.conv2,7.862348556518555,4.352534597273916e-05,0.003412477672100067,1.8891209189556928e-08,6.446582955833462e-11,,43,3,
resnet50_no_weights,IMAGENET100,fp32_fused,layer3.5.conv2,7.941045761108398,2.079891783068888e-05,0.00344663444492552,9.027308086236493e-09,3.1113830994977377e-11,,44,3,
resnet50_no_weights,IMAGENET100,fp32_fused,layer3.5.conv2,7.926264762878418,3.4229869925184175e-05,0.0034402190811104244,1.4856714377250077e-08,5.111035228322329e-11,2.256695095518412e-05,aggregate,3,0.057957001397925235
resnet50_no_weights,IMAGENET100,fp32_fused,layer3.5.conv3,1.0391596555709839,0.0006116302101872861,0.004059217404574156,5.972951271360216e-07,2.424550775737872e-09,,42,3,
resnet50_no_weights,IMAGENET100,fp32_fused,layer3.5.conv3,1.0250309705734253,0.0007139035733416677,0.0040040272288024426,6.971714583414723e-07,2.791493502343163e-09,,43,3,
resnet50_no_weights,IMAGENET100,fp32_fused,layer3.5.conv3,1.0089333057403564,0.0003525115898810327,0.003941145725548267,3.44249599493196e-07,1.3567378375643124e-09,,44,3,
resnet50_no_weights,IMAGENET100,fp32_fused,layer3.5.conv3,1.0243746439615886,0.0005593484578033289,0.0040014634529749555,5.462387283235633e-07,2.1857543079862546e-09,0.0001206349591931997,aggregate,3,0.015123859609468798
resnet50_no_weights,IMAGENET100,fp32_fused,layer4.0.conv1,8.047378540039062,5.165808033780195e-05,0.007858768105506897,1.0089468815976943e-07,7.929079573250604e-10,,42,3,
resnet50_no_weights,IMAGENET100,fp32_fused,layer4.0.conv1,7.755985260009766,6.776375084882602e-05,0.007574204355478287,1.3235107587661332e-07,1.0024540953568818e-09,,43,3,
resnet50_no_weights,IMAGENET100,fp32_fused,layer4.0.conv1,7.919960021972656,3.299426316516474e-05,0.007734335958957672,6.444192024446238e-08,4.984154610110278e-10,,44,3,
resnet50_no_weights,IMAGENET100,fp32_fused,layer4.0.conv1,7.907774607340495,5.0805364783930905e-05,0.007722436139980952,9.922922809361505e-08,7.66291377172546e-10,5.7817873860644916e-05,aggregate,3,0.14607831515620764
resnet50_no_weights,IMAGENET100,fp32_fused,layer4.0.conv2,13.493681907653809,0.0003001166332978755,0.002928316386209594,6.512947771221258e-08,1.9071971680994463e-10,,42,3,
resnet50_no_weights,IMAGENET100,fp32_fused,layer4.0.conv2,12.32630729675293,0.0003656785993371159,0.002674979882107841,7.935733492558938e-08,2.1227927442364554e-10,,43,3,
resnet50_no_weights,IMAGENET100,fp32_fused,layer4.0.conv2,12.898970603942871,0.0001705828617559746,0.0027992557734251022,3.7018850207459764e-08,1.0362523016879079e-10,,44,3,
resnet50_no_weights,IMAGENET100,fp32_fused,layer4.0.conv2,12.906319936116537,0.000278792698130322,0.0028008506805808457,6.050188761508724e-08,1.6945675310314292e-10,1.7973196934039106e-05,aggregate,3,0.5837220058011723
resnet50_no_weights,IMAGENET100,fp32_fused,layer4.0.conv3,2.5492660999298096,0.004609083756804466,0.004979035351425409,2.2505291781271808e-06,1.1205464337309605e-08,,42,3,
resnet50_no_weights,IMAGENET100,fp32_fused,layer4.0.conv3,2.383042573928833,0.004981060512363911,0.004654380027204752,2.4321584533026908e-06,1.1320189728049245e-08,,43,3,
resnet50_no_weights,IMAGENET100,fp32_fused,layer4.0.conv3,2.4907760620117188,0.0022708966862410307,0.004864796996116638,1.1088362725786283e-06,5.394263368025681e-09,,44,3,
resnet50_no_weights,IMAGENET100,fp32_fused,layer4.0.conv3,2.4743615786234536,0.003953680318469803,0.004832737458248933,1.9305079680028334e-06,9.329638170415325e-09,0.00015014662045966057,aggregate,3,0.08431869067844361
resnet50_no_weights,IMAGENET100,fp32_fused,layer4.0.downsample.0,7.8255839347839355,0.0002940442645922303,0.007642171811312437,1.4357630107042496e-07,1.0972347608129093e-09,,42,3,
resnet50_no_weights,IMAGENET100,fp32_fused,layer4.0.downsample.0,7.510195732116699,0.00030783319380134344,0.007334175519645214,1.5030917666081223e-07,1.1023938838437568e-09,,43,3,
resnet50_no_weights,IMAGENET100,fp32_fused,layer4.0.downsample.0,7.711633205413818,0.00014221401943359524,0.007530891802161932,6.944043917656018e-08,5.229484341332813e-10,,44,3,
resnet50_no_weights,IMAGENET100,fp32_fused,layer4.0.downsample.0,7.682470957438151,0.00024803049260905635,0.007502413044373195,1.211086389692658e-07,9.086070327893035e-10,1.2121134315152658e-05,aggregate,3,0.15970365407736659
resnet50_no_weights,IMAGENET100,fp32_fused,layer4.1.conv1,7.324953556060791,0.0001357175497105345,0.003576637478545308,2.650733392783877e-07,9.480712398262376e-10,,42,3,
resnet50_no_weights,IMAGENET100,fp32_fused,layer4.1.conv1,6.856847763061523,0.00017665688937995583,0.0033480701968073845,3.4503298707022623e-07,1.155194660925252e-09,,43,3,
resnet50_no_weights,IMAGENET100,fp32_fused,layer4.1.conv1,7.139865875244141,6.697708158753812e-05,0.003486262634396553,1.308146124756604e-07,4.5605409550696e-10,,44,3,
resnet50_no_weights,IMAGENET100,fp32_fused,layer4.1.conv1,7.107222398122151,0.00012645050689267615,0.0034703234365830817,2.469736462747581e-07,8.57078432885673e-10,1.3662693555084439e-05,aggregate,3,0.23575401546703006
resnet50_no_weights,IMAGENET100,fp32_fused,layer4.1.conv2,12.17742919921875,0.00020744306675624102,0.002642671267191569,4.501802663980925e-08,1.1896784550668852e-10,,42,3,
resnet50_no_weights,IMAGENET100,fp32_fused,layer4.1.conv2,11.663023948669434,0.0002443095436319709,0.0025310381833049986,5.3018564156243684e-08,1.3419201030345854e-10,,43,3,
resnet50_no_weights,IMAGENET100,fp32_fused,layer4.1.conv2,12.193771362304688,0.00010795727575896308,0.0026462177435557046,2.342822824630275e-08,6.199619328543928e-11,,44,3,
resnet50_no_weights,IMAGENET100,fp32_fused,layer4.1.conv2,12.011408170064291,0.00018656996204905832,0.002606642398017424,4.048827301411856e-08,1.0553844906110615e-10,1.5729154663249982e-05,aggregate,3,0.30182021281096677
resnet50_no_weights,IMAGENET100,fp32_fused,layer4.1.conv3,1.2126960754394531,0.006487452425062656,0.002368547022342682,3.167701379425125e-06,7.502849669908186e-09,,42,3,
resnet50_no_weights,IMAGENET100,fp32_fused,layer4.1.conv3,1.1204649209976196,0.006534829270094633,0.002188408048823476,3.190834604538395e-06,6.982848131036296e-09,,43,3,
resnet50_no_weights,IMAGENET100,fp32_fused,layer4.1.conv3,1.302882194519043,0.003035797504708171,0.002544691786170006,1.4823230003457866e-06,3.772055163430802e-09,,44,3,
resnet50_no_weights,IMAGENET100,fp32_fused,layer4.1.conv3,1.2120143969853718,0.00535269306662182,0.0023672156191120544,2.6136196614364358e-06,6.1870012849706906e-09,0.00011353871051023421,aggregate,3,0.09121054727323762
resnet50_no_weights,IMAGENET100,fp32_fused,layer4.2.conv1,4.667331695556641,0.00023057174985297024,0.002278970554471016,4.503354489315825e-07,1.0263012277495625e-09,,42,3,
resnet50_no_weights,IMAGENET100,fp32_fused,layer4.2.conv1,4.496046543121338,0.00021374037896748632,0.0021953352261334658,4.174616776708717e-07,9.164683265516392e-10,,43,3,
resnet50_no_weights,IMAGENET100,fp32_fused,layer4.2.conv1,4.726643085479736,0.000101616678875871,0.0023079311940819025,1.9847007592943555e-07,4.5805527932934805e-10,,44,3,
resnet50_no_weights,IMAGENET100,fp32_fused,layer4.2.conv1,4.630007108052571,0.0001819762692321092,0.0022607456582287946,3.5542240084396326e-07,8.035196495452442e-10,2.225892052997046e-05,aggregate,3,0.11974362179746294
resnet50_no_weights,IMAGENET100,fp32_fused,layer4.2.conv2,16.404708862304688,6.631018914049491e-05,0.00356004966629876,1.4390232018336569e-08,5.122994069484084e-11,,42,3,
resnet50_no_weights,IMAGENET100,fp32_fused,layer4.2.conv2,17.3204288482666,6.0737536841770634e-05,0.003758773621585634,1.3180889071564808e-08,4.954397815124416e-11,,43,3,
resnet50_no_weights,IMAGENET100,fp32_fused,layer4.2.conv2,16.876649856567383,2.783075615298003e-05,0.0036624674167897967,6.039660623476569e-09,2.2120060241951282e-11,,44,3,
resnet50_no_weights,IMAGENET100,fp32_fused,layer4.2.conv2,16.86726252237956,5.1626160711748526e-05,0.003660430234891397,1.1203593904459314e-08,4.100997386732783e-11,1.1182193385913571e-05,aggregate,3,0.4579321616843345
resnet50_no_weights,IMAGENET100,fp32_fused,layer4.2.conv3,1.5383727550506592,0.00033003551652655005,0.0030046342872083187,1.6115015455397952e-07,4.841972797618066e-10,,42,3,
resnet50_no_weights,IMAGENET100,fp32_fused,layer4.2.conv3,1.6994750499725342,0.0004174402274657041,0.003319287206977606,2.0382823606723832e-07,6.765644563987956e-10,,43,3,
resnet50_no_weights,IMAGENET100,fp32_fused,layer4.2.conv3,1.7200665473937988,0.00016281807620543987,0.0033595049753785133,7.950101377218743e-08,2.670840513152994e-10,,44,3,
resnet50_no_weights,IMAGENET100,fp32_fused,layer4.2.conv3,1.6526381174723308,0.0003034312733992313,0.003227808823188146,1.4815980146446842e-07,4.782315144088152e-10,3.692027622031517e-05,aggregate,3,0.09949086505066407
resnet50_no_weights,IMAGENET100,ptq,conv1,199.3906707763672,3.108780674665468e-06,1.356399120927668,9.913203681968966e-10,1.3446260759799629e-09,,42,3,
resnet50_no_weights,IMAGENET100,ptq,conv1,197.70016479492188,6.943647804291686e-06,1.3448990802375638,2.2141734069807673e-09,2.9778397785349068e-09,,43,3,
resnet50_no_weights,IMAGENET100,ptq,conv1,178.06353759765625,6.380596460076049e-06,1.2113165822969814,2.034628973238536e-09,2.4645798141057196e-09,,44,3,
resnet50_no_weights,IMAGENET100,ptq,conv1,191.71812438964844,5.477674979677734e-06,1.3042049278207377,1.7467075828054e-09,2.278064636956652e-09,0.5216751324336535,aggregate,3,11.855389405808703
resnet50_no_weights,IMAGENET100,ptq,fc,99.18297576904297,0.0008088179165497422,0.04842918738722801,8.088179165497421e-06,3.917039444273481e-07,,42,3,
resnet50_no_weights,IMAGENET100,ptq,fc,106.3358154296875,0.0012723266845569015,0.0519217848777771,1.2723266845569014e-05,6.60614724098188e-07,,43,3,
resnet50_no_weights,IMAGENET100,ptq,fc,117.78750610351562,0.0011002542451024055,0.05751343071460724,1.1002542451024055e-05,6.327939629414969e-07,,44,3,
resnet50_no_weights,IMAGENET100,ptq,fc,107.76876576741536,0.001060466282069683,0.05262146765987078,1.060466282069683e-05,5.580329216631323e-07,5.527318513635785e-05,aggregate,3,9.384676192835537
resnet50_no_weights,IMAGENET100,ptq,layer1.0.conv1,10.40550422668457,3.1533465971733676e-06,0.1625860035419464,4.927104058083387e-08,8.01078157839084e-09,,42,3,
resnet50_no_weights,IMAGENET100,ptq,layer1.0.conv1,9.737605094909668,6.78297101330827e-06,0.15215007960796356,1.0598392208294172e-07,1.612546218208379e-08,,43,3,
resnet50_no_weights,IMAGENET100,ptq,layer1.0.conv1,10.528836250305176,5.354383119993145e-06,0.16451306641101837,8.366223624989289e-08,1.3763531028272937e-08,,44,3,
resnet50_no_weights,IMAGENET100,ptq,layer1.0.conv1,10.223981857299805,5.096900243491594e-06,0.15974971652030945,7.963906630455615e-08,1.2722318266094974e-08,0.013366396639806528,aggregate,3,0.4257046667085317
resnet50_no_weights,IMAGENET100,ptq,layer1.0.conv2,10.223814010620117,4.507015546550974e-06,0.017749677101771038,7.824679768317663e-09,1.3888553931239914e-10,,42,3,
resnet50_no_weights,IMAGENET100,ptq,layer1.0.conv2,10.554144859313965,1.024699849949684e-05,0.01832316815853119,1.778992795051535e-08,3.2596784136544684e-10,,43,3,
resnet50_no_weights,IMAGENET100,ptq,layer1.0.conv2,9.651329040527344,9.11223378352588e-06,0.01675577958424886,1.581985031862132e-08,2.6507392499462793e-10,,44,3,
resnet50_no_weights,IMAGENET100,ptq,layer1.0.conv2,10.143095970153809,7.955415943191232e-06,0.01760954161485036,1.3811486012484777e-08,2.4321393769977435e-10,0.0017769229020578442,aggregate,3,0.4567884107608026
resnet50_no_weights,IMAGENET100,ptq,layer1.0.conv3,1.90278959274292,1.6435309589724056e-05,0.029731087386608124,6.42004280848596e-08,1.908748537648611e-09,,42,3,
resnet50_no_weights,IMAGENET100,ptq,layer1.0.conv3,1.9614773988723755,3.82924554287456e-05,0.030648084357380867,1.495799040185375e-07,4.58433751652907e-09,,43,3,
resnet50_no_weights,IMAGENET100,ptq,layer1.0.conv3,1.7902398109436035,3.6308141716290265e-05,0.027972497045993805,1.4182867857925885e-07,3.967302292595523e-09,,44,3,
resnet50_no_weights,IMAGENET100,ptq,layer1.0.conv3,1.8848356008529663,3.0345302244919974e-05,0.0294505562633276,1.1853633689421865e-07,3.4909610589519414e-09,0.0031772270070368792,aggregate,3,0.08701917747545289
resnet50_no_weights,IMAGENET100,ptq,layer1.0.downsample.0,10.40550422668457,4.741254088003188e-06,0.1625860035419464,1.8520523781262455e-08,3.01117794509904e-09,,42,3,
resnet50_no_weights,IMAGENET100,ptq,layer1.0.downsample.0,9.737605094909668,1.1272566553088836e-05,0.15215007960796356,4.403346309800327e-08,6.699694915775523e-09,,43,3,
resnet50_no_weights,IMAGENET100,ptq,layer1.0.downsample.0,10.528836250305176,1.0863860552490223e-05,0.16451306641101837,4.2436955283164934e-08,6.98143364278073e-09,,44,3,
resnet50_no_weights,IMAGENET100,ptq,layer1.0.downsample.0,10.223981857299805,8.959227064527417e-06,0.15974971652030945,3.499698072081022e-08,5.590757749216168e-09,0.0025119413395360527,aggregate,3,0.4257046667085317
resnet50_no_weights,IMAGENET100,ptq,layer1.1.conv1,7.452749729156494,6.128240784164518e-06,0.029112303629517555,9.57537622525706e-08,2.787612600365472e-09,,42,3,
resnet50_no_weights,IMAGENET100,ptq,layer1.1.conv1,7.235217094421387,1.4716381883772556e-05,0.028262566775083542,2.2994346693394618e-07,6.4987925887148684e-09,,43,3,
resnet50_no_weights,IMAGENET100,ptq,layer1.1.conv1,7.073362350463867,1.4775134332012385e-05,0.02763032168149948,2.3086147393769352e-07,6.378776788763581e-09,,44,3,
resnet50_no_weights,IMAGENET100,ptq,layer1.1.conv1,7.253776391347249,1.1873252333316486e-05,0.02833506402870019,1.855195677080701e-07,5.256708829584947e-09,0.0008061783660701218,aggregate,3,0.19037339993970384
resnet50_no_weights,IMAGENET100,ptq,layer1.1.conv2,2.127812623977661,1.5045724239826086e-06,0.003694119138850106,2.6121049027475842e-09,9.649426713924045e-12,,42,3,
resnet50_no_weights,IMAGENET100,ptq,layer1.1.conv2,2.1988160610198975,3.5672710509970784e-06,0.0038173889948262107,6.193178907981039e-09,2.364177300631663e-11,,43,3,
resnet50_no_weights,IMAGENET100,ptq,layer1.1.conv2,2.1177985668182373,3.636546125562745e-06,0.0036767336229483285,6.313448134657544e-09,2.3212867033435798e-11,,44,3,
resnet50_no_weights,IMAGENET100,ptq,layer1.1.conv2,2.148142417271932,2.902796533514144e-06,0.0037294139188748816,5.039577315128722e-09,1.8794669784287163e-11,0.00010780020144280839,aggregate,3,0.04416937811674332
resnet50_no_weights,IMAGENET100,ptq,layer1.1.conv3,0.3705342411994934,1.9911596609745175e-05,0.0057895975187420845,7.777967425681709e-08,4.503130090858358e-10,,42,3,
resnet50_no_weights,IMAGENET100,ptq,layer1.1.conv3,0.34195393323898315,4.486232501221821e-05,0.005343030206859112,1.7524345707897737e-07,9.363310847273943e-10,,43,3,
resnet50_no_weights,IMAGENET100,ptq,layer1.1.conv3,0.41218021512031555,4.2367693822598085e-05,0.0064403158612549305,1.6549880399452377e-07,1.0658645723846523e-09,,44,3,
resnet50_no_weights,IMAGENET100,ptq,layer1.1.conv3,0.37488946318626404,3.5713871814853824e-05,0.005857647862285376,1.3950731177677275e-07,8.171847066023923e-10,0.0006203097430636373,aggregate,3,0.03531513323823976
resnet50_no_weights,IMAGENET100,ptq,layer1.2.conv1,8.363603591918945,8.959259503171779e-07,0.03267032653093338,1.3998842973705905e-08,4.5734677100623436e-10,,42,3,
resnet50_no_weights,IMAGENET100,ptq,layer1.2.conv1,8.115591049194336,2.1995356291881762e-06,0.031701527535915375,3.4367744206065254e-08,1.0895099892958737e-09,,43,3,
resnet50_no_weights,IMAGENET100,ptq,layer1.2.conv1,8.006339073181152,2.012859340538853e-06,0.031274762004613876,3.1450927195919576e-08,9.836202628768228e-10,,44,3,
resnet50_no_weights,IMAGENET100,ptq,layer1.2.conv1,8.161844571431478,1.7027736400147357e-06,0.03188220535715421,2.6605838125230246e-08,8.482527948077935e-10,9.028684301786901e-05,aggregate,3,0.1830683624407643
resnet50_no_weights,IMAGENET100,ptq,layer1.2.conv2,1.237878441810608,6.256013875827193e-07,0.0021490945170323053,1.0861135201088876e-09,2.334160610940667e-12,,42,3,
resnet50_no_weights,IMAGENET100,ptq,layer1.2.conv2,1.2433122396469116,1.5521115983574418e-06,0.002158528193831444,2.694638191592781e-09,5.8164525087279936e-12,,43,3,
resnet50_no_weights,IMAGENET100,ptq,layer1.2.conv2,1.220248818397522,1.5403180668727146e-06,0.002118487531940142,2.674163310542907e-09,5.665181631756923e-12,,44,3,
resnet50_no_weights,IMAGENET100,ptq,layer1.2.conv2,1.2338131666183472,1.2393436842709586e-06,0.002142036747601297,2.1516383407481918e-09,4.608888393430509e-12,1.4644281013772096e-05,aggregate,3,0.012057163709733207
resnet50_no_weights,IMAGENET100,ptq,layer1.2.conv3,0.08421366661787033,1.9633658666862175e-05,0.001315838540904224,7.669397916743037e-08,1.0091689364381052e-10,,42,3,
resnet50_no_weights,IMAGENET100,ptq,layer1.2.conv3,0.08732922375202179,4.8599282308714464e-05,0.0013645191211253405,1.8984094651841588e-07,2.590416014969116e-10,,43,3,
resnet50_no_weights,IMAGENET100,ptq,layer1.2.conv3,0.07992230355739594,4.956980774295516e-05,0.0012487859930843115,1.936320614959186e-07,2.418050062081432e-10,,44,3,
resnet50_no_weights,IMAGENET100,ptq,layer1.2.conv3,0.08382173130909602,3.926758290617727e-05,0.0013097145517046254,1.5338899572725495e-07,2.0089579977534442e-10,8.980818845030613e-05,aggregate,3,0.003718981938257712
resnet50_no_weights,IMAGENET100,ptq,layer2.0.conv1,8.52347183227539,7.538130262219056e-07,0.033294811844825745,5.8891642673586375e-09,1.960786162049769e-10,,42,3,
resnet50_no_weights,IMAGENET100,ptq,layer2.0.conv1,8.27362060546875,1.7917360537467175e-06,0.032318830490112305,1.399793791989623e-08,4.523969828442415e-10,,43,3,
resnet50_no_weights,IMAGENET100,ptq,layer2.0.conv1,8.166864395141602,1.9513306597218616e-06,0.03190181404352188,1.5244770779077044e-08,4.86335842530232e-10,,44,3,
resnet50_no_weights,IMAGENET100,ptq,layer2.0.conv1,8.321318944295248,1.4989599132301616e-06,0.03250515212615331,1.1710624322110638e-08,3.806556250824373e-10,0.00024591494362797244,aggregate,3,0.18302613119412167
resnet50_no_weights,IMAGENET100,ptq,layer2.0.conv2,10.815786361694336,5.648996648233151e-06,0.009388703438970778,4.903642923813499e-09,4.6038849182292523e-11,,42,3,
resnet50_no_weights,IMAGENET100,ptq,layer2.0.conv2,10.519455909729004,1.294173580390634e-05,0.009131472143861983,1.1234145663113143e-08,1.0258428818280557e-10,,43,3,
resnet50_no_weights,IMAGENET100,ptq,layer2.0.conv2,10.853074073791504,1.3757027772953734e-05,0.00942107124461068,1.194186438624456e-08,1.12505155176289e-10,,44,3,
resnet50_no_weights,IMAGENET100,ptq,layer2.0.conv2,10.729438781738281,1.0782586741697742e-05,0.009313748942481147,9.3598843243904e-09,8.717561272803696e-11,0.00030307277260262,aggregate,3,0.18280371514635235
resnet50_no_weights,IMAGENET100,ptq,layer2.0.conv3,1.1218799352645874,5.893988054594956e-05,0.008764686994254589,1.1511695419130774e-07,1.0089640712187563e-09,,42,3,
resnet50_no_weights,IMAGENET100,ptq,layer2.0.conv3,1.0512925386428833,0.0001359948073513806,0.008213222958147526,2.656148581081652e-07,2.18155405063908e-09,,43,3,
resnet50_no_weights,IMAGENET100,ptq,layer2.0.conv3,1.163209080696106,0.0001399434986524284,0.009087570942938328,2.733271458055242e-07,2.4838798281385493e-09,,44,3,
resnet50_no_weights,IMAGENET100,ptq,layer2.0.conv3,1.1121271848678589,0.00011162606218325284,0.008688493631780148,2.180196527016657e-07,1.894262364101342e-09,0.000611102354058389,aggregate,3,0.05659209486768762
resnet50_no_weights,IMAGENET100,ptq,layer2.0.downsample.0,8.521979331970215,1.3067652616882697e-05,0.03328898176550865,2.5522759017349017e-08,8.496266595340029e-10,,42,3,
resnet50_no_weights,IMAGENET100,ptq,layer2.0.downsample.0,8.276458740234375,3.0554598197340965e-05,0.03232991695404053,5.967694960418157e-08,1.929350824773652e-09,,43,3,
resnet50_no_weights,IMAGENET100,ptq,layer2.0.downsample.0,8.165596008300781,2.9363105568336323e-05,0.03189685940742493,5.734981556315688e-08,1.829279004059765e-09,,44,3,
resnet50_no_weights,IMAGENET100,ptq,layer2.0.downsample.0,8.321344693501791,2.4328452127519995e-05,0.03250525270899137,4.751650806156249e-08,1.5445361023899145e-09,0.0004198139799688147,aggregate,3,0.18238237290912057
resnet50_no_weights,IMAGENET100,ptq,layer2.1.conv1,9.869169235229492,1.9092720322078094e-05,0.019275721162557602,1.491618775162351e-07,2.875202759086518e-09,,42,3,
resnet50_no_weights,IMAGENET100,ptq,layer2.1.conv1,9.386004447937012,4.428483225638047e-05,0.018332039937376976,3.459752520029724e-07,6.342432137062554e-09,,43,3,
resnet50_no_weights,IMAGENET100,ptq,layer2.1.conv1,9.183411598205566,4.4740816520061344e-05,0.017936350777745247,3.4953762906297925e-07,6.2694295248949975e-09,,44,3,
resnet50_no_weights,IMAGENET100,ptq,layer2.1.conv1,9.479528427124023,3.6039456366173304e-05,0.01851470395922661,2.8155825286072894e-07,5.212967698993465e-09,0.0002877545474656932,aggregate,3,0.35231510781740405
resnet50_no_weights,IMAGENET100,ptq,layer2.1.conv2,7.296800136566162,7.04606327417423e-06,0.006334027896324794,6.116374369942908e-09,3.8741285883584364e-11,,42,3,
resnet50_no_weights,IMAGENET100,ptq,layer2.1.conv2,6.74895715713501,1.7299706087214872e-05,0.005858469754457474,1.5017105978485134e-08,8.797726117443766e-11,,43,3,
resnet50_no_weights,IMAGENET100,ptq,layer2.1.conv2,6.6762237548828125,1.6345869880751707e-05,0.005795333120557997,1.4189123160374745e-08,8.223069540299632e-11,,44,3,
resnet50_no_weights,IMAGENET100,ptq,layer2.1.conv2,6.907327016194661,1.356387974738027e-05,0.005995943590446755,1.1774201169600929e-08,7.059744603549938e-11,0.0001078775474987934,aggregate,3,0.33924846435869105
resnet50_no_weights,IMAGENET100,ptq,layer2.1.conv3,1.3455976247787476,3.849205677397549e-05,0.010512481443583965,7.517979838667088e-08,7.903262354722614e-10,,42,3,
resnet50_no_weights,IMAGENET100,ptq,layer2.1.conv3,1.376827359199524,9.093464177567512e-05,0.01075646374374628,1.7760672221811546e-07,1.910420268184776e-09,,43,3,
resnet50_no_weights,IMAGENET100,ptq,layer2.1.conv3,1.2698131799697876,8.667736256029457e-05,0.009920415468513966,1.6929172375057533e-07,1.6794442349866006e-09,,44,3,
resnet50_no_weights,IMAGENET100,ptq,layer2.1.conv3,1.330746054649353,7.203468703664839e-05,0.01039645355194807,1.406927481184539e-07,1.4627056209094352e-09,0.00029960024916189946,aggregate,3,0.05503122286970166
resnet50_no_weights,IMAGENET100,ptq,layer2.2.conv1,8.991216659545898,3.993045993411215e-06,0.017560970038175583,3.119567182352512e-08,5.478262582136828e-10,,42,3,
resnet50_no_weights,IMAGENET100,ptq,layer2.2.conv1,9.0486421585083,9.539331585983746e-06,0.017673129215836525,7.452602801549801e-08,1.3171081230609493e-09,,43,3,
resnet50_no_weights,IMAGENET100,ptq,layer2.2.conv1,8.850481033325195,9.174514161713887e-06,0.017286095768213272,7.167589188838974e-08,1.238996331454806e-09,,44,3,
resnet50_no_weights,IMAGENET100,ptq,layer2.2.conv1,8.963446617126465,7.568963913702949e-06,0.017506731674075127,5.913253057580429e-08,1.0352173459996487e-09,0.00014822891794327194,aggregate,3,0.1019575368741392
resnet50_no_weights,IMAGENET100,ptq,layer2.2.conv2,11.651871681213379,4.737896233564243e-06,0.010114471945497725,4.112757147191183e-09,4.1598366783910476e-11,,42,3,
resnet50_no_weights,IMAGENET100,ptq,layer2.2.conv2,12.101249694824219,1.1307571185170673e-05,0.010504557026757134,9.815599987127321e-09,1.0310852981661553e-10,,43,3,
resnet50_no_weights,IMAGENET100,ptq,layer2.2.conv2,11.056068420410156,1.1280777471256442e-05,0.009597281614939371,9.792341554910106e-09,9.397985957214558e-11,,44,3,
resnet50_no_weights,IMAGENET100,ptq,layer2.2.conv2,11.603063265482584,9.108748296663785e-06,0.010072103529064744,7.906899563076203e-09,7.96391109932203e-11,0.00019771191629163907,aggregate,3,0.5242973108657563
resnet50_no_weights,IMAGENET100,ptq,layer2.2.conv3,1.152200698852539,5.914587381994352e-05,0.009001567959785461,1.1551928480457718e-07,1.0398546928342135e-09,,42,3,
resnet50_no_weights,IMAGENET100,ptq,layer2.2.conv3,1.2226383686065674,0.00013576204946730286,0.009551862254738808,2.651602528658259e-07,2.53277421080608e-09,,43,3,
resnet50_no_weights,IMAGENET100,ptq,layer2.2.conv3,1.0834778547286987,0.00013831519754603505,0.008464670740067959,2.701468702070997e-07,2.2867043077629735e-09,,44,3,
resnet50_no_weights,IMAGENET100,ptq,layer2.2.conv3,1.152772307395935,0.0001110743736110938,0.009006033651530743,2.169421359591676e-07,1.953788176883221e-09,0.0006268303449259191,aggregate,3,0.0695820178489621
resnet50_no_weights,IMAGENET100,ptq,layer2.3.conv1,10.685284614562988,1.9532728856574977e-06,0.020869696512818336,1.52599444191992e-08,3.184704088311632e-10,,42,3,
resnet50_no_weights,IMAGENET100,ptq,layer2.3.conv1,10.693613052368164,5.103707735543139e-06,0.02088596299290657,3.9872716683930776e-08,8.327800850872266e-10,,43,3,
resnet50_no_weights,IMAGENET100,ptq,layer2.3.conv1,10.602779388427734,4.692229595093522e-06,0.02070855349302292,3.665804371166814e-08,7.591350591526521e-10,,44,3,
resnet50_no_weights,IMAGENET100,ptq,layer2.3.conv1,10.660559018452963,3.916403405431386e-06,0.020821404332915943,3.0596901604932704e-08,6.370704596507486e-10,0.00019332662042865923,aggregate,3,0.05021160178143922
resnet50_no_weights,IMAGENET100,ptq,layer2.3.conv2,4.126889705657959,3.244590743634035e-06,0.0035823695361614227,2.816485020515655e-09,1.0089690136550263e-11,,42,3,
resnet50_no_weights,IMAGENET100,ptq,layer2.3.conv2,4.16846227645874,8.082901331363246e-06,0.0036184568372037676,7.016407405697262e-09,2.5388567349752406e-11,,43,3,
resnet50_no_weights,IMAGENET100,ptq,layer2.3.conv2,4.462580680847168,7.312549314519856e-06,0.0038737679521242776,6.347699057742931e-09,2.458951317961404e-11,,44,3,
resnet50_no_weights,IMAGENET100,ptq,layer2.3.conv2,4.252644220987956,6.213347129839046e-06,0.003691531441829823,5.393530494651949e-09,1.991038740347563e-11,4.596212411132332e-05,aggregate,3,0.18299469266732973
resnet50_no_weights,IMAGENET100,ptq,layer2.3.conv3,0.6315337419509888,5.847996726515703e-05,0.0049338573589921,1.1421868606475982e-07,5.635387047750236e-10,,42,3,
resnet50_no_weights,IMAGENET100,ptq,layer2.3.conv3,0.7671525478363037,0.00013597200450021774,0.005993379279971123,2.6557032128948777e-07,1.59166366099169e-09,,43,3,
resnet50_no_weights,IMAGENET100,ptq,layer2.3.conv3,0.706059992313385,0.00013023494102526456,0.00551609368994832,2.5436511918996985e-07,1.403101828906745e-09,,44,3,
resnet50_no_weights,IMAGENET100,ptq,layer2.3.conv3,0.7015820940335592,0.00010822897093021311,0.005481110109637181,2.1138470884807248e-07,1.1586228646898823e-09,0.00027153194742924014,aggregate,3,0.06792020176054422
resnet50_no_weights,IMAGENET100,ptq,layer3.0.conv1,10.92068099975586,5.138057076692348e-06,0.021329455077648163,2.0070535455829486e-08,4.280935843894597e-10,,42,3,
resnet50_no_weights,IMAGENET100,ptq,layer3.0.conv1,10.975550651550293,1.1835055374831427e-05,0.021436622366309166,4.623068505793526e-08,9.9102973732273e-10,,43,3,
resnet50_no_weights,IMAGENET100,ptq,layer3.0.conv1,10.922746658325195,1.2711660929198842e-05,0.021333489567041397,4.965492550468298e-08,1.059312835206372e-09,,44,3,
resnet50_no_weights,IMAGENET100,ptq,layer3.0.conv1,10.939659436543783,9.894924460240873e-06,0.021366522336999576,3.865204867281591e-08,8.258598613385159e-10,0.0003961089000060585,aggregate,3,0.031099858879325107
resnet50_no_weights,IMAGENET100,ptq,layer3.0.conv2,12.173934936523438,4.337334758020006e-05,0.00528382592731052,1.8825237665017387e-08,9.946927886220141e-11,,42,3,
resnet50_no_weights,IMAGENET100,ptq,layer3.0.conv2,11.71615219116211,9.656756446929649e-05,0.0050851354996363325,4.191300541202104e-08,2.1313331171711795e-10,,43,3,
resnet50_no_weights,IMAGENET100,ptq,layer3.0.conv2,12.265257835388184,0.00010099778592120856,0.00532346260216501,4.3835844583857884e-08,2.3335847927648503e-10,,44,3,
resnet50_no_weights,IMAGENET100,ptq,layer3.0.conv2,12.05178165435791,8.031289932356837e-05,0.005230808009703954,3.485802922029877e-08,1.8233565844803328e-10,8.258315079549419e-05,aggregate,3,0.2942283473564218
resnet50_no_weights,IMAGENET100,ptq,layer3.0.conv3,2.309471368789673,0.0004363812040537596,0.00902137253433466,4.261535195837496e-07,3.844489656982886e-09,,42,3,
resnet50_no_weights,IMAGENET100,ptq,layer3.0.conv3,2.310863494873047,0.0009529010858386755,0.00902681052684784,9.305674666393315e-07,8.400056203802044e-09,,43,3,
resnet50_no_weights,IMAGENET100,ptq,layer3.0.conv3,2.238887310028076,0.0009539664606563747,0.008745653554797173,9.316078717347409e-07,8.147519695113965e-09,,44,3,
resnet50_no_weights,IMAGENET100,ptq,layer3.0.conv3,2.286407391230265,0.0007810829168496033,0.008931278871993223,7.627762859859407e-07,6.812567727083693e-09,0.00046302811637550584,aggregate,3,0.0411594836198778
resnet50_no_weights,IMAGENET100,ptq,layer3.0.downsample.0,10.722803115844727,4.0917409933172166e-05,0.02094297483563423,3.9958408137863444e-08,8.368479361032762e-10,,42,3,
resnet50_no_weights,IMAGENET100,ptq,layer3.0.downsample.0,10.708491325378418,8.715963485883549e-05,0.020915022119879723,8.511683091683153e-08,1.7802204013995937e-09,,43,3,
resnet50_no_weights,IMAGENET100,ptq,layer3.0.downsample.0,10.710007667541504,8.595054532634094e-05,0.020917983725667,8.393607942025483e-08,1.7557735433091833e-09,,44,3,
resnet50_no_weights,IMAGENET100,ptq,layer3.0.downsample.0,10.713767369588217,7.134253003944953e-05,0.020925326893726986,6.967043949164993e-08,1.457876721192401e-09,9.757094365965594e-05,aggregate,3,0.00786182906186083
resnet50_no_weights,IMAGENET100,ptq,layer3.1.conv1,16.212797164916992,9.757029147294816e-06,0.01583280973136425,3.8113395106620374e-08,6.034421329394296e-10,,42,3,
resnet50_no_weights,IMAGENET100,ptq,layer3.1.conv1,16.501312255859375,2.2344489480019547e-05,0.01611456274986267,8.728316203132636e-08,1.4065299915602395e-09,,43,3,
resnet50_no_weights,IMAGENET100,ptq,layer3.1.conv1,15.999838829040527,2.1423353246063925e-05,0.01562484260648489,8.368497361743721e-08,1.3075645413002968e-09,,44,3,
resnet50_no_weights,IMAGENET100,ptq,layer3.1.conv1,16.237982749938965,1.7841623957792763e-05,0.01585740502923727,6.969384358512798e-08,1.105163505773684e-09,7.331877167974677e-05,aggregate,3,0.2516836004213103
resnet50_no_weights,IMAGENET100,ptq,layer3.1.conv2,6.10172700881958,1.6273947039735503e-05,0.0026483190142446095,7.063345069329646e-09,1.870599105127661e-11,,42,3,
resnet50_no_weights,IMAGENET100,ptq,layer3.1.conv2,6.429991245269775,3.5352564736967906e-05,0.0027907948113150066,1.534399511153121e-08,4.282194194210413e-11,,43,3,
resnet50_no_weights,IMAGENET100,ptq,layer3.1.conv2,6.199095726013184,3.513754563755356e-05,0.002690579742193222,1.525067084963262e-08,4.103314604287822e-11,,44,3,
resnet50_no_weights,IMAGENET100,ptq,layer3.1.conv2,6.24360466003418,2.8921352471418988e-05,0.0027098978559176126,1.2552670343497826e-08,3.401645444988536e-11,2.324818734102595e-05,aggregate,3,0.1685975567403676
resnet50_no_weights,IMAGENET100,ptq,layer3.1.conv3,0.5179865956306458,0.000476852961583063,0.00202338513918221,4.6567672029595997e-07,9.42243355509956e-10,,42,3,
resnet50_no_weights,IMAGENET100,ptq,layer3.1.conv3,0.5614553093910217,0.0010097938356921077,0.0021931848023086786,9.86126792668074e-07,2.162758294829021e-09,,43,3,
resnet50_no_weights,IMAGENET100,ptq,layer3.1.conv3,0.5330668091773987,0.0009836285607889295,0.0020822922233492136,9.60574766395439e-07,2.00019736601071e-09,,44,3,
resnet50_no_weights,IMAGENET100,ptq,layer3.1.conv3,0.5375029047330221,0.0008234251193547001,0.0020996207216133675,8.041260931198243e-07,1.6883598079043835e-09,0.00011956889171588478,aggregate,3,0.022071281721489148
resnet50_no_weights,IMAGENET100,ptq,layer3.2.conv1,15.628334999084473,1.4980148989707232e-05,0.01526204589754343,5.851620699104387e-08,8.930770368474633e-10,,42,3,
resnet50_no_weights,IMAGENET100,ptq,layer3.2.conv1,15.837750434875488,2.7232552383793518e-05,0.015466553159058094,1.0637715774919343e-07,1.6452879652374088e-09,,43,3,
resnet50_no_weights,IMAGENET100,ptq,layer3.2.conv1,15.390873908996582,2.959849553008098e-05,0.015030150301754475,1.1561912316437883e-07,1.7377727989176763e-09,,44,3,
resnet50_no_weights,IMAGENET100,ptq,layer3.2.conv1,15.618986447652182,2.3937065634527244e-05,0.015252916452785334,9.350416263487205e-08,1.4262111806573555e-09,7.106764755170387e-05,aggregate,3,0.22358489194445103
resnet50_no_weights,IMAGENET100,ptq,layer3.2.conv2,6.027636528015137,1.572273140482139e-05,0.0026161616875065696,6.824102172231505e-09,1.785295465462242e-11,,42,3,
resnet50_no_weights,IMAGENET100,ptq,layer3.2.conv2,6.439640522003174,3.1152765586739406e-05,0.0027949828654527664,1.3521165619244535e-08,3.779142622673752e-11,,43,3,
resnet50_no_weights,IMAGENET100,ptq,layer3.2.conv2,5.998712062835693,3.15310935548041e-05,0.0026036076661613253,1.3685370466494836e-08,3.5631335460823746e-11,,44,3,
resnet50_no_weights,IMAGENET100,ptq,layer3.2.conv2,6.155329704284668,2.613553018212163e-05,0.0026715840730402204,1.1343546085990292e-08,3.030523705512939e-11,2.2847804817210102e-05,aggregate,3,0.24664475866173055
resnet50_no_weights,IMAGENET100,ptq,layer3.2.conv3,0.6118530631065369,0.0004183317068964243,0.0023900510277599096,4.0852705751603935e-07,9.764005136839416e-10,,42,3,
resnet50_no_weights,IMAGENET100,ptq,layer3.2.conv3,0.8351706862449646,0.0008685024222359061,0.003262385493144393,8.481468967147521e-07,2.766982131897643e-09,,43,3,
resnet50_no_weights,IMAGENET100,ptq,layer3.2.conv3,0.601218581199646,0.0008348990813829005,0.002348510082811117,8.153311341629887e-07,1.9148133894116028e-09,,44,3,
resnet50_no_weights,IMAGENET100,ptq,layer3.2.conv3,0.6827474435170492,0.000707244403505077,0.0026669822012384734,6.906683627979268e-07,1.8420002305405872e-09,0.00015001581204636576,aggregate,3,0.13210944986686898
resnet50_no_weights,IMAGENET100,ptq,layer3.3.conv1,14.617277145385742,1.174714543594746e-05,0.014274684712290764,4.588728685916976e-08,6.550265522170915e-10,,42,3,
resnet50_no_weights,IMAGENET100,ptq,layer3.3.conv1,14.706646919250488,2.6034200345748104e-05,0.014361959882080555,1.0169609510057853e-07,1.4605552379987578e-09,,43,3,
resnet50_no_weights,IMAGENET100,ptq,layer3.3.conv1,14.490338325500488,2.0766003217431717e-05,0.01415072102099657,8.111720006809264e-08,1.147866868167943e-09,,44,3,
resnet50_no_weights,IMAGENET100,ptq,layer3.3.conv1,14.604754130045572,1.9515782999709092e-05,0.01426245520512263,7.623352734261364e-08,1.0872772688525181e-09,5.8714954426058715e-05,aggregate,3,0.10869669437215292
resnet50_no_weights,IMAGENET100,ptq,layer3.3.conv2,6.540656566619873,1.7138308976427652e-05,0.0028388266348176533,7.438502159907835e-09,2.1116618054695004e-11,,42,3,
resnet50_no_weights,IMAGENET100,ptq,layer3.3.conv2,6.4777679443359375,3.858022319036536e-05,0.0028115312258402505,1.6744888537484965e-08,4.7078776996353464e-11,,43,3,
resnet50_no_weights,IMAGENET100,ptq,layer3.3.conv2,6.468886852264404,3.1704090361017734e-05,0.0028076765851842034,1.3760455885858391e-08,3.863490979218476e-11,,44,3,
resnet50_no_weights,IMAGENET100,ptq,layer3.3.conv2,6.495770454406738,2.9140874175936915e-05,0.0028193448152807024,1.264794886108373e-08,3.565892904543188e-11,1.627227678356687e-05,aggregate,3,0.03912532110160065
resnet50_no_weights,IMAGENET100,ptq,layer3.3.conv3,0.7010560035705566,0.0005698335007764399,0.002738500013947487,5.564780281019921e-07,1.5239150877187753e-09,,42,3,
resnet50_no_weights,IMAGENET100,ptq,layer3.3.conv3,0.7535001039505005,0.0012454570969566703,0.0029433597810566425,1.2162666962467483e-06,3.579910476771315e-09,,43,3,
resnet50_no_weights,IMAGENET100,ptq,layer3.3.conv3,0.6975639462471008,0.001170030445791781,0.0027248591650277376,1.142607857218536e-06,3.1134454917746327e-09,,44,3,
resnet50_no_weights,IMAGENET100,ptq,layer3.3.conv3,0.7173733512560526,0.000995107014508297,0.0028022396533439555,9.717841938557588e-07,2.723172202515497e-09,0.0001565497959761739,aggregate,3,0.031335368376196264
resnet50_no_weights,IMAGENET100,ptq,layer3.4.conv1,12.427262306213379,1.0553999345574994e-05,0.012135998345911503,4.122655994365232e-08,5.00325463283786e-10,,42,3,
resnet50_no_weights,IMAGENET100,ptq,layer3.4.conv1,12.492034912109375,2.1897410988458432e-05,0.012199252843856812,8.553676167366575e-08,1.0434845831017692e-09,,43,3,
resnet50_no_weights,IMAGENET100,ptq,layer3.4.conv1,12.33975887298584,2.112054244207684e-05,0.012050545774400234,8.250211891436265e-08,9.941955604625385e-10,,44,3,
resnet50_no_weights,IMAGENET100,ptq,layer3.4.conv1,12.419685363769531,1.7857317592036754e-05,0.012128598988056183,6.975514684389357e-08,8.46032203422558e-10,4.388555939335169e-05,aggregate,3,0.07642025625046109
resnet50_no_weights,IMAGENET100,ptq,layer3.4.conv2,4.728781700134277,1.539029472041875e-05,0.0020524226129055023,6.679815416848417e-09,1.3709804211574485e-11,,42,3,
resnet50_no_weights,IMAGENET100,ptq,layer3.4.conv2,4.768174171447754,3.158588515361771e-05,0.0020695200396908652,1.3709151542368797e-08,2.837136384409116e-11,,43,3,
resnet50_no_weights,IMAGENET100,ptq,layer3.4.conv2,4.835784435272217,2.9660872314707376e-05,0.0020988647722535664,1.2873642497702853e-08,2.7020034729014935e-11,,44,3,
resnet50_no_weights,IMAGENET100,ptq,layer3.4.conv2,4.777580102284749,2.5545684062914614e-05,0.002073602474949978,1.1087536485640023e-08,2.2991143097721334e-11,1.1518546032473548e-05,aggregate,3,0.05411792663187275
resnet50_no_weights,IMAGENET100,ptq,layer3.4.conv3,0.48446977138519287,0.0005742335924878716,0.0018924600444734097,5.607749926639372e-07,1.0612442675563705e-09,,42,3,
resnet50_no_weights,IMAGENET100,ptq,layer3.4.conv3,0.5213782787322998,0.0011895436327904463,0.002036633901298046,1.1616637038969202e-06,2.365883681263923e-09,,43,3,
resnet50_no_weights,IMAGENET100,ptq,layer3.4.conv3,0.5182860493659973,0.0011522680288180709,0.002024554880335927,1.1252617468926474e-06,2.27815416132684e-09,,44,3,
resnet50_no_weights,IMAGENET100,ptq,layer3.4.conv3,0.50804469982783,0.0009720150846987963,0.0019845496087024608,9.492334811511682e-07,1.8838009335858257e-09,0.00012942745751990366,aggregate,3,0.020474945883202027
resnet50_no_weights,IMAGENET100,ptq,layer3.5.conv1,10.890206336975098,1.902726035041269e-05,0.010634967125952244,7.432523574379957e-08,7.904464387639591e-10,,42,3,
resnet50_no_weights,IMAGENET100,ptq,layer3.5.conv1,10.981757164001465,4.376315337140113e-05,0.01072437223047018,1.7094981785703567e-07,1.8333294794299287e-09,,43,3,
resnet50_no_weights,IMAGENET100,ptq,layer3.5.conv1,10.810904502868652,4.1018523916136473e-05,0.010557523928582668,1.602286090474081e-07,1.6916173740615284e-09,,44,3,
resnet50_no_weights,IMAGENET100,ptq,layer3.5.conv1,10.894289334615072,3.46029792126501e-05,0.010638954428335031,1.3516788754941444e-07,1.4380449958125343e-09,8.256961249109794e-05,aggregate,3,0.08549948015243683
resnet50_no_weights,IMAGENET100,ptq,layer3.5.conv2,9.660505294799805,2.8827476853621192e-05,0.004192927645312415,1.2511925717717531e-08,5.246159923791322e-11,,42,3,
resnet50_no_weights,IMAGENET100,ptq,layer3.5.conv2,9.65636920928955,6.0967315221205354e-05,0.004191132469309701,2.6461508342537044e-08,1.1090368680131653e-10,,43,3,
resnet50_no_weights,IMAGENET100,ptq,layer3.5.conv2,9.536443710327148,6.281545938691124e-05,0.004139081471496158,2.7263654247791337e-08,1.1284648614231065e-10,,44,3,
resnet50_no_weights,IMAGENET100,ptq,layer3.5.conv2,9.617772738138834,5.087008382057926e-05,0.004174380528706091,2.2079029436015303e-08,9.21662705704309e-11,4.936830301495707e-05,aggregate,3,0.07046335838173308
resnet50_no_weights,IMAGENET100,ptq,layer3.5.conv3,1.1588762998580933,0.0005034139030613005,0.004526860546320677,4.916151397083013e-07,2.2254731799194366e-09,,42,3,
resnet50_no_weights,IMAGENET100,ptq,layer3.5.conv3,1.165344476699829,0.0010000822367146611,0.004552126862108707,9.766428092916613e-07,4.445801966861883e-09,,43,3,
resnet50_no_weights,IMAGENET100,ptq,layer3.5.conv3,1.1472315788269043,0.0010497078765183687,0.004481373354792595,1.0251053481624695e-06,4.593879793110677e-09,,44,3,
resnet50_no_weights,IMAGENET100,ptq,layer3.5.conv3,1.1571507851282756,0.0008510680054314435,0.004520120254407327,8.31121099054144e-07,3.756767313699915e-09,0.0002822239609829719,aggregate,3,0.009178906152198333
resnet50_no_weights,IMAGENET100,ptq,layer4.0.conv1,9.328001022338867,4.0692273614695296e-05,0.0091093759983778,7.947709690370175e-08,7.239867589553273e-10,,42,3,
resnet50_no_weights,IMAGENET100,ptq,layer4.0.conv1,9.284820556640625,8.441552927251905e-05,0.00906720757484436,1.6487408061038877e-07,1.4949475126060168e-09,,43,3,
resnet50_no_weights,IMAGENET100,ptq,layer4.0.conv1,9.200345039367676,8.862015965860337e-05,0.008984711952507496,1.730862493332097e-07,1.5551300931987818e-09,,44,3,
resnet50_no_weights,IMAGENET100,ptq,layer4.0.conv1,9.271055539449057,7.124265418193924e-05,0.00905376517524322,1.3914580894910009e-07,1.2597934793444087e-09,0.00011308468776944749,aggregate,3,0.0649316507629247
resnet50_no_weights,IMAGENET100,ptq,layer4.0.conv2,14.9679594039917,0.00025841171736828983,0.0032482550789912543,5.607893172054901e-08,1.8215867478567708e-10,,42,3,
resnet50_no_weights,IMAGENET100,ptq,layer4.0.conv2,13.756033897399902,0.00048400703235529363,0.0029852504117621314,1.0503624834099254e-07,3.1355950360989746e-10,,43,3,
resnet50_no_weights,IMAGENET100,ptq,layer4.0.conv2,14.329157829284668,0.000532685371581465,0.0031096262650357354,1.1560012404111654e-07,3.5947318195964495e-10,,44,3,
resnet50_no_weights,IMAGENET100,ptq,layer4.0.conv2,14.35105037689209,0.00042503470710168284,0.003114377251929707,9.223843470088604e-08,2.8726528278604315e-10,3.554551198985235e-05,aggregate,3,0.6062592853825031
resnet50_no_weights,IMAGENET100,ptq,layer4.0.conv3,2.5746560096740723,0.004673086106777191,0.005028625018894672,2.2817803255748004e-06,1.1474217632807072e-08,,42,3,
resnet50_no_weights,IMAGENET100,ptq,layer4.0.conv3,2.412282705307007,0.007616943679749966,0.004711489658802748,3.719210781127913e-06,1.752302313419185e-08,,43,3,
resnet50_no_weights,IMAGENET100,ptq,layer4.0.conv3,2.527039051055908,0.008316020481288433,0.004935623146593571,4.060556875629118e-06,2.0041378503414744e-08,,44,3,
resnet50_no_weights,IMAGENET100,ptq,layer4.0.conv3,2.5046592553456626,0.006868683422605197,0.004891912608096997,3.353849327443944e-06,1.6406737810580664e-08,0.00027653371970599335,aggregate,3,0.0834680413978558
resnet50_no_weights,IMAGENET100,ptq,layer4.0.downsample.0,9.053181648254395,0.00030051555950194597,0.008840997703373432,1.4673611303805956e-07,1.2972936383714289e-09,,42,3,
resnet50_no_weights,IMAGENET100,ptq,layer4.0.downsample.0,8.976712226867676,0.0004894244484603405,0.008766320534050465,2.3897678147477563e-07,2.0949470666036163e-09,,43,3,
resnet50_no_weights,IMAGENET100,ptq,layer4.0.downsample.0,8.947347640991211,0.0005342639051377773,0.00873764418065548,2.6087104743055534e-07,2.2793983894830914e-09,,44,3,
resnet50_no_weights,IMAGENET100,ptq,layer4.0.downsample.0,8.992413838704428,0.00044140130436668795,0.008781654139359793,2.1552798064779685e-07,1.8926921834035825e-09,2.371814574433773e-05,aggregate,3,0.054636203510583584
resnet50_no_weights,IMAGENET100,ptq,layer4.1.conv1,7.89218282699585,0.00015247777628246695,0.003853604895994067,2.9780815680169326e-07,1.147634971117974e-09,,42,3,
resnet50_no_weights,IMAGENET100,ptq,layer4.1.conv1,7.592034339904785,0.0002692779526114464,0.0037070480175316334,5.259335011942312e-07,1.9496607429555458e-09,,43,3,
resnet50_no_weights,IMAGENET100,ptq,layer4.1.conv1,7.789326190948486,0.0002823556133080274,0.0038033819291740656,5.51475807242241e-07,2.0974731196418197e-09,,44,3,
resnet50_no_weights,IMAGENET100,ptq,layer4.1.conv1,7.757847785949707,0.00023470378073398024,0.0037880116142332554,4.5840582174605515e-07,1.7364465768061963e-09,2.6879339861807237e-05,aggregate,3,0.1525301480419989
resnet50_no_weights,IMAGENET100,ptq,layer4.1.conv2,12.758882522583008,0.00023361419152934104,0.002768854714102215,5.069752420341602e-08,1.4037407888393962e-10,,42,3,
resnet50_no_weights,IMAGENET100,ptq,layer4.1.conv2,12.257331848144531,0.0003978995664510876,0.0026600112517674765,8.634973230275338e-08,2.2969125951243352e-10,,43,3,
resnet50_no_weights,IMAGENET100,ptq,layer4.1.conv2,12.579754829406738,0.00044366027577780187,0.0027299815167983374,9.62804417920577e-08,2.628438265214957e-10,,44,3,
resnet50_no_weights,IMAGENET100,ptq,layer4.1.conv2,12.531989733378092,0.00035839134458607685,0.0027196158275560097,7.777589943274237e-08,2.1152056709969063e-10,3.022849339836998e-05,aggregate,3,0.2541641163822934
resnet50_no_weights,IMAGENET100,ptq,layer4.1.conv3,1.2534831762313843,0.006971604656428099,0.0024482093285769224,3.4041038361465326e-06,8.333958767098428e-09,,42,3,
resnet50_no_weights,IMAGENET100,ptq,layer4.1.conv3,1.216184377670288,0.01087808609008789,0.0023753601126372814,5.311565473675728e-06,1.2616880761830672e-08,,43,3,
resnet50_no_weights,IMAGENET100,ptq,layer4.1.conv3,1.2726049423217773,0.011923191137611866,0.0024855565279722214,5.821870672662044e-06,1.4470588655445171e-08,,44,3,
resnet50_no_weights,IMAGENET100,ptq,layer4.1.conv3,1.2474241654078166,0.009924293961375952,0.002436375323062142,4.8458466608281014e-06,1.1806301223784667e-08,0.00019284857665989588,aggregate,3,0.028694141179312245
resnet50_no_weights,IMAGENET100,ptq,layer4.2.conv1,4.952659606933594,0.00024105010379571468,0.002418290823698044,4.7080098397600523e-07,1.1385336993371832e-09,,42,3,
resnet50_no_weights,IMAGENET100,ptq,layer4.2.conv1,4.8658294677734375,0.00036054852535016835,0.0023758932948112488,7.041963385745476e-07,1.6730953590498995e-09,,43,3,
resnet50_no_weights,IMAGENET100,ptq,layer4.2.conv1,5.026444911956787,0.00037171339499764144,0.0024543188046664,7.260027246047684e-07,1.7818421392365248e-09,,44,3,
resnet50_no_weights,IMAGENET100,ptq,layer4.2.conv1,4.9483113288879395,0.0003244373413811748,0.002416167641058564,6.33666682385107e-07,1.5310449331958305e-09,3.895093546056179e-05,aggregate,3,0.08039596301447861
resnet50_no_weights,IMAGENET100,ptq,layer4.2.conv2,16.897735595703125,7.175750215537846e-05,0.003667043315039741,1.5572374599691507e-08,5.71045721750934e-11,,42,3,
resnet50_no_weights,IMAGENET100,ptq,layer4.2.conv2,17.149431228637695,0.00010986247070832178,0.003721664763159222,2.3841682011354553e-08,8.873074783610532e-11,,43,3,
resnet50_no_weights,IMAGENET100,ptq,layer4.2.conv2,18.141550064086914,9.904082253342494e-05,0.003936968329879973,2.1493234056732845e-08,8.461818178805487e-11,,44,3,
resnet50_no_weights,IMAGENET100,ptq,layer4.2.conv2,17.396238962809246,9.355359846570839e-05,0.0037752254693596454,2.030243022259297e-08,7.664625166623e-11,2.3284265011385757e-05,aggregate,3,0.6576124627585631
resnet50_no_weights,IMAGENET100,ptq,layer4.2.conv3,1.4319173097610474,0.0003939761081710458,0.0027967134956270456,1.9237114656789345e-07,5.38006981775676e-10,,42,3,
resnet50_no_weights,IMAGENET100,ptq,layer4.2.conv3,1.5494474172592163,0.0007421225309371948,0.003026264486834407,3.6236451705917716e-07,1.0966108692650884e-09,,43,3,
resnet50_no_weights,IMAGENET100,ptq,layer4.2.conv3,1.659376621246338,0.0005872329929843545,0.0032409699633717537,2.8673485985564184e-07,9.292990682437445e-10,,44,3,
resnet50_no_weights,IMAGENET100,ptq,layer4.2.conv3,1.546913782755534,0.0005744438773641983,0.003021315981944402,2.8049017449423747e-07,8.474494469778138e-10,5.933964096499024e-05,aggregate,3,0.11375082009897464
resnet18_no_weights,IMAGENET100,fp32_unfused,conv1,199.3906707763672,1.7787935746582662e-07,1.356399120927668,5.672173388578655e-11,7.6937309980174e-11,,42,3,
resnet18_no_weights,IMAGENET100,fp32_unfused,conv1,197.70016479492188,1.821015729319697e-07,1.3448990802375638,5.806810361351075e-11,7.809573914095016e-11,,43,3,
resnet18_no_weights,IMAGENET100,fp32_unfused,conv1,178.06353759765625,1.0206979084159684e-07,1.2113165822969814,3.254776493673369e-11,3.9425647384569774e-11,,44,3,
resnet18_no_weights,IMAGENET100,fp32_unfused,conv1,191.71812438964844,1.5401690707979773e-07,1.3042049278207377,4.911253414534366e-11,6.405280905012145e-11,0.012235251467784786,aggregate,3,11.855389405808703
resnet18_no_weights,IMAGENET100,fp32_unfused,fc,137.03604125976562,0.0007845809450373054,0.26764851808547974,7.845809450373054e-06,2.0999192725734003e-06,,42,3,
resnet18_no_weights,IMAGENET100,fp32_unfused,fc,133.60845947265625,0.000761707779020071,0.26095402240753174,7.61707779020071e-06,1.9877070883439482e-06,,43,3,
resnet18_no_weights,IMAGENET100,fp32_unfused,fc,141.872314453125,0.0005033501656726003,0.27709436416625977,5.033501656726002e-06,1.3947549411003068e-06,,44,3,
resnet18_no_weights,IMAGENET100,fp32_unfused,fc,137.50560506184897,0.0006832129632433256,0.26856563488642377,6.832129632433256e-06,1.8348752323607864e-06,0.00012862266232776973,aggregate,3,4.151890221058928
resnet18_no_weights,IMAGENET100,fp32_unfused,layer1.0.conv1,58.92544174194336,2.5009139790199697e-06,0.10230111413531834,4.34186454690967e-09,4.4417758057349836e-10,,42,3,
resnet18_no_weights,IMAGENET100,fp32_unfused,layer1.0.conv1,53.076080322265625,2.498258936611819e-06,0.09214597278171116,4.337255098284408e-09,3.9966059023385304e-10,,43,3,
resnet18_no_weights,IMAGENET100,fp32_unfused,layer1.0.conv1,62.310035705566406,1.3934204616816714e-06,0.1081771453221639,2.419132745975124e-09,2.6169487461495643e-10,,44,3,
resnet18_no_weights,IMAGENET100,fp32_unfused,layer1.0.conv1,58.10385258992513,2.1308644591044867e-06,0.10087474407973113,3.6994174637230674e-09,3.731777898971524e-10,0.003240875687283251,aggregate,3,4.671481516203708
resnet18_no_weights,IMAGENET100,fp32_unfused,layer1.0.conv2,9.794792175292969,5.720643457607366e-06,0.017004847526550293,9.931672669457233e-09,1.6888657942772697e-10,,42,3,
resnet18_no_weights,IMAGENET100,fp32_unfused,layer1.0.conv2,9.848731994628906,6.128115728643024e-06,0.01709849304623074,1.0639089806671917e-08,1.8191240307760414e-10,,43,3,
resnet18_no_weights,IMAGENET100,fp32_unfused,layer1.0.conv2,9.234379768371582,3.209946498827776e-06,0.016031909320089553,5.572823782687111e-09,8.934300554087821e-11,,44,3,
resnet18_no_weights,IMAGENET100,fp32_unfused,layer1.0.conv2,9.625967979431152,5.019568561692722e-06,0.016711749964290194,8.714528752938754e-09,1.456350255757301e-10,0.0019555870217284736,aggregate,3,0.3401960777377134
resnet18_no_weights,IMAGENET100,fp32_unfused,layer1.1.conv1,70.63851928710938,7.307514238164003e-07,0.12263631820678711,1.2686656663479172e-09,1.5558448635626877e-10,,42,3,
resnet18_no_weights,IMAGENET100,fp32_unfused,layer1.1.conv1,68.73255157470703,7.927078513603192e-07,0.11932734648386638,1.3762289086116652e-09,1.6422174381901746e-10,,43,3,
resnet18_no_weights,IMAGENET100,fp32_unfused,layer1.1.conv1,72.41992950439453,4.130048978367995e-07,0.12572904427846274,7.17022392077777e-10,9.015054008219609e-11,,44,3,
resnet18_no_weights,IMAGENET100,fp32_unfused,layer1.1.conv1,70.59700012207031,6.45488057671173e-07,0.12256423632303874,1.120638989012453e-09,1.3735026188213351e-10,0.0022657769757878244,aggregate,3,1.844039554859324
resnet18_no_weights,IMAGENET100,fp32_unfused,layer1.1.conv2,6.760588645935059,4.494536369747948e-06,0.011737133065859476,7.80301453081241e-09,9.158501986298031e-11,,42,3,
resnet18_no_weights,IMAGENET100,fp32_unfused,layer1.1.conv2,6.686659336090088,5.308545496518491e-06,0.011608783569600847,9.216224820344602e-09,1.0698915926816392e-10,,43,3,
resnet18_no_weights,IMAGENET100,fp32_unfused,layer1.1.conv2,6.67176628112793,2.4246348857559497e-06,0.011582927571402656,4.209435565548524e-09,4.875758727223493e-11,,44,3,
resnet18_no_weights,IMAGENET100,fp32_unfused,layer1.1.conv2,6.706338087717692,4.0759055840074625e-06,0.011642948068954327,7.076224972235179e-09,8.238811987597196e-11,0.0019793532662277604,aggregate,3,0.0475688245776409
resnet18_no_weights,IMAGENET100,fp32_unfused,layer2.0.conv1,108.11656188964844,4.135647941438947e-06,0.18770236439175075,3.589972171387975e-09,6.738462646701104e-10,,42,3,
resnet18_no_weights,IMAGENET100,fp32_unfused,layer2.0.conv1,103.69779968261719,4.505786364461528e-06,0.18003090222676596,3.911272885817299e-09,7.041499864887749e-10,,43,3,
resnet18_no_weights,IMAGENET100,fp32_unfused,layer2.0.conv1,111.4693603515625,2.13485463973484e-06,0.193523195054796,1.853172430325382e-09,3.586318497040293e-10,,44,3,
resnet18_no_weights,IMAGENET100,fp32_unfused,layer2.0.conv1,107.76124064127605,3.5920963152117715e-06,0.18708548722443757,3.1181391625102187e-09,5.83358584451824e-10,0.004180313680629776,aggregate,3,3.897945445992429
resnet18_no_weights,IMAGENET100,fp32_unfused,layer2.0.conv2,10.276288986206055,3.654438114608638e-05,0.008920389744970534,3.172255307819998e-08,2.8297753716305855e-10,,42,3,
resnet18_no_weights,IMAGENET100,fp32_unfused,layer2.0.conv2,9.33927059173584,4.149625965510495e-05,0.008107005721992917,3.602105872838971e-08,2.920229292232983e-10,,43,3,
resnet18_no_weights,IMAGENET100,fp32_unfused,layer2.0.conv2,10.917875289916992,1.8254888345836662e-05,0.009477322300275167,1.584625724464988e-08,1.5018008716061725e-10,,44,3,
resnet18_no_weights,IMAGENET100,fp32_unfused,layer2.0.conv2,10.177811622619629,3.2098509715675995e-05,0.008834905922412872,2.7863289683746524e-08,2.461695430448377e-10,0.001260264374503831,aggregate,3,0.7938964300424216
resnet18_no_weights,IMAGENET100,fp32_unfused,layer2.0.downsample.0,12.385668754577637,1.0850601938727777e-05,0.19352607429027557,8.477032764631076e-08,1.6405268725690938e-08,,42,3,
resnet18_no_weights,IMAGENET100,fp32_unfused,layer2.0.downsample.0,11.877900123596191,1.4538092727889307e-05,0.1855921894311905,1.1357884943663521e-07,2.1079347340020665e-08,,43,3,
resnet18_no_weights,IMAGENET100,fp32_unfused,layer2.0.downsample.0,12.763269424438477,5.622857770504197e-06,0.1994260847568512,4.392857633206404e-08,8.76050398684601e-09,,44,3,
resnet18_no_weights,IMAGENET100,fp32_unfused,layer2.0.downsample.0,12.342279434204102,1.0337184145707093e-05,0.1928481161594391,8.075925113833667e-08,1.5574269444475262e-08,0.016737390187982884,aggregate,3,0.44427657439971685
resnet18_no_weights,IMAGENET100,fp32_unfused,layer2.1.conv1,44.19135284423828,5.932496151217492e-06,0.03836054934395684,5.149736242376296e-09,1.9754671123403879e-10,,42,3,
resnet18_no_weights,IMAGENET100,fp32_unfused,layer2.1.conv1,43.24900436401367,6.591452802240383e-06,0.03754253851042853,5.721747224166999e-09,2.1480891551022714e-10,,43,3,
resnet18_no_weights,IMAGENET100,fp32_unfused,layer2.1.conv1,44.67894744873047,2.766684019661625e-06,0.0387838085492452,2.4016354337340493e-09,9.314456886702483e-11,,44,3,
resnet18_no_weights,IMAGENET100,fp32_unfused,layer2.1.conv1,44.03976821899414,5.0968776577065e-06,0.03822896546787686,4.4243729667591145e-09,1.691392013632421e-10,0.0009712671720204345,aggregate,3,0.7269234693832303
resnet18_no_weights,IMAGENET100,fp32_unfused,layer2.1.conv2,5.8896484375,3.263313556089997e-05,0.005112542046440972,2.8327374618836782e-08,1.4482489380408785e-10,,42,3,
resnet18_no_weights,IMAGENET100,fp32_unfused,layer2.1.conv2,5.9146552085876465,3.6644411011366174e-05,0.00513424931301011,3.180938455847758e-08,1.633173108166379e-10,,43,3,
resnet18_no_weights,IMAGENET100,fp32_unfused,layer2.1.conv2,5.801673889160156,1.6041369235608727e-05,0.00503617525100708,1.392479968368813e-08,7.012773154222137e-11,,44,3,
resnet18_no_weights,IMAGENET100,fp32_unfused,layer2.1.conv2,5.8686591784159345,2.8439638602624957e-05,0.005094322203486054,2.468718628700083e-08,1.2576448124346475e-10,0.0009296233623782977,aggregate,3,0.0593431241389234
resnet18_no_weights,IMAGENET100,fp32_unfused,layer3.0.conv1,41.389366149902344,6.949563248781487e-05,0.03592826922734579,3.016303493394743e-08,1.0837056398206993e-09,,42,3,
resnet18_no_weights,IMAGENET100,fp32_unfused,layer3.0.conv1,39.63154220581055,8.574344246881083e-05,0.03440238038698832,3.72150357937547e-08,1.2802858174921351e-09,,43,3,
resnet18_no_weights,IMAGENET100,fp32_unfused,layer3.0.conv1,41.40161895751953,3.504462802084163e-05,0.035938905345069036,1.5210342022934736e-08,5.466430422283773e-10,,44,3,
resnet18_no_weights,IMAGENET100,fp32_unfused,layer3.0.conv1,40.807509104410805,6.342790099248911e-05,0.035423184986467716,2.7529470916878955e-08,9.751815408681862e-10,0.0010365829795182641,aggregate,3,1.0184356350679518
resnet18_no_weights,IMAGENET100,fp32_unfused,layer3.0.conv2,18.523427963256836,0.0001664840237936005,0.008039682275719114,7.22586908826391e-08,5.809369163558199e-10,,42,3,
resnet18_no_weights,IMAGENET100,fp32_unfused,layer3.0.conv2,17.502201080322266,0.00020063611736986786,0.0075964414411120946,8.708164816400515e-08,6.615106408733917e-10,,43,3,
resnet18_no_weights,IMAGENET100,fp32_unfused,layer3.0.conv2,17.804807662963867,7.908403495093808e-05,0.0077277811037169564,3.4324667947455765e-08,2.6525352035570773e-10,,44,3,
resnet18_no_weights,IMAGENET100,fp32_unfused,layer3.0.conv2,17.94347890218099,0.0001487347253714688,0.007787968273516055,6.455500233136667e-08,5.027523100534386e-10,0.0005276138360227739,aggregate,3,0.5245458712510984
resnet18_no_weights,IMAGENET100,fp32_unfused,layer3.0.downsample.0,4.823753356933594,9.218855120707303e-05,0.0376855731010437,3.6011152815262903e-07,1.3571009318724458e-08,,42,3,
resnet18_no_weights,IMAGENET100,fp32_unfused,layer3.0.downsample.0,4.6889753341674805,0.0001115699196816422,0.03663261979818344,4.3581999875641486e-07,1.5965228314888526e-08,,43,3,
resnet18_no_weights,IMAGENET100,fp32_unfused,layer3.0.downsample.0,4.905332565307617,4.461969365365803e-05,0.03832291066646576,1.742956783346017e-07,6.679517710367992e-09,,44,3,
resnet18_no_weights,IMAGENET100,fp32_unfused,layer3.0.downsample.0,4.806020418802897,8.279272151412442e-05,0.037547034521897636,3.2340906841454853e-07,1.2143051456455808e-08,0.0016263426879757187,aggregate,3,0.10926324033139861
resnet18_no_weights,IMAGENET100,fp32_unfused,layer3.1.conv1,50.3093147277832,2.7587586373556405e-05,0.02183564007282257,1.197377880796719e-08,2.6145512436236203e-10,,42,3,
resnet18_no_weights,IMAGENET100,fp32_unfused,layer3.1.conv1,49.79143142700195,3.337735324748792e-05,0.021610864334636264,1.4486698458111075e-08,3.130700750350228e-10,,43,3,
resnet18_no_weights,IMAGENET100,fp32_unfused,layer3.1.conv1,49.37588882446289,1.2478588359954301e-05,0.02143050730228424,5.41605397567461e-09,1.1606878427526033e-10,,44,3,
resnet18_no_weights,IMAGENET100,fp32_unfused,layer3.1.conv1,49.82554499308268,2.448117599366621e-05,0.02162567056991436,1.0625510413917625e-08,2.297837878485769e-10,0.00023424615339019602,aggregate,3,0.46764706862161937
resnet18_no_weights,IMAGENET100,fp32_unfused,layer3.1.conv2,5.325087070465088,0.00020486544235609472,0.002311235707667139,8.891729268927722e-08,2.0550882189254774e-10,,42,3,
resnet18_no_weights,IMAGENET100,fp32_unfused,layer3.1.conv2,5.799746513366699,0.00022753971279598773,0.0025172510908709634,9.875855590103634e-08,2.4860008257472476e-10,,43,3,
resnet18_no_weights,IMAGENET100,fp32_unfused,layer3.1.conv2,5.584286212921143,9.922817116603255e-05,0.002423735335469246,4.3067782624146076e-08,1.0438490656645125e-10,,44,3,
resnet18_no_weights,IMAGENET100,fp32_unfused,layer3.1.conv2,5.5697065989176435,0.000177211108772705,0.0024174073780024495,7.691454373815321e-08,1.8593378550830368e-10,0.00017527712057534642,aggregate,3,0.23766535410590514
resnet18_no_weights,IMAGENET100,fp32_unfused,layer4.0.conv1,36.66992950439453,0.0006310042226687074,0.015915768014060125,1.3693668026664656e-07,2.1794524357394715e-09,,42,3,
resnet18_no_weights,IMAGENET100,fp32_unfused,layer4.0.conv1,35.79977035522461,0.0007326460909098387,0.015538094772232903,1.589943773675865e-07,2.4704697037897213e-09,,43,3,
resnet18_no_weights,IMAGENET100,fp32_unfused,layer4.0.conv1,35.57558059692383,0.0003147528041154146,0.015440790189637078,6.830573005976879e-08,1.0546944466028763e-09,,44,3,
resnet18_no_weights,IMAGENET100,fp32_unfused,layer4.0.conv1,36.01509348551432,0.0005594677058979869,0.015631550991976703,1.214122625646673e-07,1.897861973330861e-09,0.0003390554991840719,aggregate,3,0.5780769158588683
resnet18_no_weights,IMAGENET100,fp32_unfused,layer4.0.conv2,10.833880424499512,0.0022453998681157827,0.0023511025226778453,4.872829574904042e-07,1.1456521906136105e-09,,42,3,
resnet18_no_weights,IMAGENET100,fp32_unfused,layer4.0.conv2,10.536092758178711,0.0025928181130439043,0.0022864784631464216,5.626775418932084e-07,1.2865500812349894e-09,,43,3,
resnet18_no_weights,IMAGENET100,fp32_unfused,layer4.0.conv2,11.029653549194336,0.0010618005180731416,0.0023935880098077985,2.304254596512894e-07,5.51543617375777e-10,,44,3,
resnet18_no_weights,IMAGENET100,fp32_unfused,layer4.0.conv2,10.799875577290853,0.0019666728330776095,0.0023437229985440217,4.2679531967830065e-07,1.0002900064009811e-09,0.00017973790512949134,aggregate,3,0.24853130754948266
resnet18_no_weights,IMAGENET100,fp32_unfused,layer4.0.downsample.0,4.817183494567871,0.0009130573598667979,0.018817123025655746,1.7833151559898397e-06,3.355686068377728e-08,,42,3,
resnet18_no_weights,IMAGENET100,fp32_unfused,layer4.0.downsample.0,4.658267498016357,0.0009957852307707071,0.018196357414126396,1.9448930288490374e-06,3.5389968685179924e-08,,43,3,
resnet18_no_weights,IMAGENET100,fp32_unfused,layer4.0.downsample.0,4.654505252838135,0.00041564766434021294,0.018181661143898964,8.118118444144784e-07,1.4760087867747673e-08,,44,3,
resnet18_no_weights,IMAGENET100,fp32_unfused,layer4.0.downsample.0,4.709985415140788,0.0007748300849925727,0.018398380527893703,1.5133400097511185e-06,2.7843005367487446e-08,0.0006755874136052583,aggregate,3,0.09285531647050004
resnet18_no_weights,IMAGENET100,fp32_unfused,layer4.1.conv1,24.32708740234375,0.0005969202029518783,0.005279315842522515,1.2953997459893193e-07,6.838824401401055e-10,,42,3,
resnet18_no_weights,IMAGENET100,fp32_unfused,layer4.1.conv1,23.880125045776367,0.0006802898715250194,0.005182318803336885,1.4763235059136707e-07,7.650779064504648e-10,,43,3,
resnet18_no_weights,IMAGENET100,fp32_unfused,layer4.1.conv1,26.68112564086914,0.0002470844192430377,0.00579017483525806,5.3620750703784225e-08,3.104735213726973e-10,,44,3,
resnet18_no_weights,IMAGENET100,fp32_unfused,layer4.1.conv1,24.962779362996418,0.0005080981645733118,0.005417269827039153,1.1026435863136108e-07,5.973317830114965e-10,0.00015973457465913384,aggregate,3,1.5048186884327108
resnet18_no_weights,IMAGENET100,fp32_unfused,layer4.1.conv2,5.93942403793335,0.0002576518163550645,0.0012889375082320636,5.5914022646498374e-08,7.206968102520879e-11,,42,3,
resnet18_no_weights,IMAGENET100,fp32_unfused,layer4.1.conv2,5.783192157745361,0.00030509958742186427,0.0012550330203440455,6.621084796481429e-08,8.309680050082127e-11,,43,3,
resnet18_no_weights,IMAGENET100,fp32_unfused,layer4.1.conv2,5.97019624710083,0.00012908049393445253,0.001295615505013201,2.8012259968414178e-08,3.6293118345538004e-11,,44,3,
resnet18_no_weights,IMAGENET100,fp32_unfused,layer4.1.conv2,5.897604147593181,0.00023061063257046044,0.0012798620111964367,5.004571019324228e-08,6.405160329967707e-11,2.505450872073804e-05,aggregate,3,0.10027118120359843
resnet18_no_weights,IMAGENET100,fp32_fused,conv1,199.3906707763672,4.117830940231215e-06,1.356399120927668,1.3130838457369946e-09,1.7810657740619811e-09,,42,3,
resnet18_no_weights,IMAGENET100,fp32_fused,conv1,197.70016479492188,4.156355316808913e-06,1.3448990802375638,1.3253684045946788e-09,1.7824867483153107e-09,,43,3,
resnet18_no_weights,IMAGENET100,fp32_fused,conv1,178.06353759765625,2.3525478809460765e-06,1.2113165822969814,7.501747069343356e-10,9.08699062129339e-10,,44,3,
resnet18_no_weights,IMAGENET100,fp32_fused,conv1,191.71812438964844,3.542244712662068e-06,1.3042049278207377,1.1295423190886697e-09,1.4731546587375072e-09,0.26883896916361355,aggregate,3,11.855389405808703
resnet18_no_weights,IMAGENET100,fp32_fused,fc,137.0269012451172,0.0007844191277399659,0.2676306664943695,7.844191277399659e-06,2.0993461396797902e-06,,42,3,
resnet18_no_weights,IMAGENET100,fp32_fused,fc,133.6002655029297,0.0007618513191118836,0.26093801856040955,7.618513191118836e-06,1.9879597364668917e-06,,43,3,
resnet18_no_weights,IMAGENET100,fp32_fused,fc,141.8480224609375,0.0005031103501096368,0.27704691886901855,5.031103501096368e-06,1.3938517234898807e-06,,44,3,
resnet18_no_weights,IMAGENET100,fp32_fused,fc,137.49172973632812,0.0006831269323204955,0.26853853464126587,6.831269323204954e-06,1.8344590537932904e-06,0.00015885724418515722,aggregate,3,4.143479558809558
resnet18_no_weights,IMAGENET100,fp32_fused,layer1.0.conv1,58.92580032348633,5.531636816158425e-06,0.10230173667271932,9.603536139163932e-09,9.824584252356921e-10,,42,3,
resnet18_no_weights,IMAGENET100,fp32_fused,layer1.0.conv1,53.076663970947266,5.498149675986497e-06,0.09214698606067234,9.545398743032113e-09,8.795797249177394e-10,,43,3,
resnet18_no_weights,IMAGENET100,fp32_fused,layer1.0.conv1,62.31010055541992,3.140773969789734e-06,0.10817725790871514,5.4527325864405105e-09,5.898616593106305e-10,,44,3,
resnet18_no_weights,IMAGENET100,fp32_fused,layer1.0.conv1,58.10418828328451,4.723520153978218e-06,0.10087532688070226,8.200555822878852e-09,8.272337492363505e-10,0.008022250127001309,aggregate,3,4.671228162734397
resnet18_no_weights,IMAGENET100,fp32_fused,layer1.0.conv2,9.79488468170166,2.3962406885402743e-06,0.01700500812795427,4.160140084271309e-09,7.074321594646198e-11,,42,3,
resnet18_no_weights,IMAGENET100,fp32_fused,layer1.0.conv2,9.84861946105957,2.6723553219198948e-06,0.017098297675450642,4.6395057672220395e-09,7.932765067493245e-11,,43,3,
resnet18_no_weights,IMAGENET100,fp32_fused,layer1.0.conv2,9.23448657989502,1.3700340559807955e-06,0.016032094756762188,2.378531347188881e-09,3.813283994006136e-11,,44,3,
resnet18_no_weights,IMAGENET100,fp32_fused,layer1.0.conv2,9.625996907552084,2.146210022146988e-06,0.016711800186722366,3.72605906622741e-09,6.226915459871778e-11,0.001112635182200338,aggregate,3,0.3401207272789574
resnet18_no_weights,IMAGENET100,fp32_fused,layer1.1.conv1,70.63917541503906,1.855672849160328e-06,0.12263745731777614,3.2216542520144582e-09,3.9509548582405517e-10,,42,3,
resnet18_no_weights,IMAGENET100,fp32_fused,layer1.1.conv1,68.73371124267578,1.9658307337522274e-06,0.11932935979631212,3.4129005794309504e-09,4.07259241191958e-10,,43,3,
resnet18_no_weights,IMAGENET100,fp32_fused,layer1.1.conv1,72.4201431274414,1.064299567588023e-06,0.125729415151808,1.8477423048403176e-09,2.3231555933882686e-10,,44,3,
resnet18_no_weights,IMAGENET100,fp32_fused,layer1.1.conv1,70.59767659505208,1.6286010501668595e-06,0.12256541075529875,2.8274323787619086e-09,3.465454108857848e-10,0.005857646649620245,aggregate,3,1.8435662787921114
resnet18_no_weights,IMAGENET100,fp32_fused,layer1.1.conv2,6.760356903076172,1.0482052630322869e-06,0.011736730734507242,1.819800803875498e-09,2.1358512025526543e-11,,42,3,
resnet18_no_weights,IMAGENET100,fp32_fused,layer1.1.conv2,6.686369895935059,1.3182060456529143e-06,0.011608281069331698,2.288552162591865e-09,2.6566156745193264e-11,,43,3,
resnet18_no_weights,IMAGENET100,fp32_fused,layer1.1.conv2,6.67145299911499,5.680225285686902e-07,0.01158238367901908,9.861502232095316e-10,1.1421970250363103e-11,,44,3,
resnet18_no_weights,IMAGENET100,fp32_fused,layer1.1.conv2,6.70605993270874,9.781446124179638e-07,0.011642465160952674,1.6981677298922981e-09,1.9770858632725173e-11,0.00045615465511038994,aggregate,3,0.04761038958038942
resnet18_no_weights,IMAGENET100,fp32_fused,layer2.0.conv1,108.11698913574219,1.6417554434156045e-05,0.1877031061384413,1.42513493352049e-08,2.6750225368819703e-09,,42,3,
resnet18_no_weights,IMAGENET100,fp32_fused,layer2.0.conv1,103.69886779785156,1.77152414835291e-05,0.1800327565934923,1.5377813787785676e-08,2.7685102065964685e-09,,43,3,
resnet18_no_weights,IMAGENET100,fp32_fused,layer2.0.conv1,111.4688949584961,8.740896191739012e-06,0.1935223870807224,7.587583499773448e-09,1.4683672710504594e-09,,44,3,
resnet18_no_weights,IMAGENET100,fp32_fused,layer2.0.conv1,107.76158396402995,1.4291230703141386e-05,0.18708608327088533,1.2405582207588009e-08,2.320911785912624e-09,0.018835153159351997,aggregate,3,3.8971868246657464
resnet18_no_weights,IMAGENET100,fp32_fused,layer2.0.conv2,10.275893211364746,9.048821993928868e-06,0.008920046190420786,7.854880203063253e-09,7.006589423154602e-11,,42,3,
resnet18_no_weights,IMAGENET100,fp32_fused,layer2.0.conv2,9.338946342468262,1.0835801731445827e-05,0.00810672425561481,9.406077891880058e-09,7.625247979630628e-11,,43,3,
resnet18_no_weights,IMAGENET100,fp32_fused,layer2.0.conv2,10.917455673217773,4.636229732568609e-06,0.009476958049668206,4.0245049761880285e-09,3.814006483001489e-11,,44,3,
resnet18_no_weights,IMAGENET100,fp32_fused,layer2.0.conv2,10.17743174235026,8.173617819314435e-06,0.0088345761652346,7.09515435704378e-09,6.268268157139941e-11,0.0003008529964983923,aggregate,3,0.7938475435977527
resnet18_no_weights,IMAGENET100,fp32_fused,layer2.0.downsample.0,12.385713577270508,9.048821993928868e-06,0.19352677464485168,7.069392182756928e-08,1.3681166678284762e-08,,42,3,
resnet18_no_weights,IMAGENET100,fp32_fused,layer2.0.downsample.0,11.877974510192871,1.0835801731445827e-05,0.1855933517217636,8.465470102692052e-08,1.5711349702590003e-08,,43,3,
resnet18_no_weights,IMAGENET100,fp32_fused,layer2.0.downsample.0,12.76323127746582,4.636229732568609e-06,0.19942548871040344,3.6220544785692255e-08,7.223299845243733e-09,,44,3,
resnet18_no_weights,IMAGENET100,fp32_fused,layer2.0.downsample.0,12.3423064549764,8.173617819314435e-06,0.19284853835900626,6.385638921339402e-08,1.2314611324686851e-08,0.01452732397398601,aggregate,3,0.4442218136247137
resnet18_no_weights,IMAGENET100,fp32_fused,layer2.1.conv1,44.19536209106445,7.455244031007169e-06,0.038364029592937894,6.471565999138168e-09,2.4827534950358737e-10,,42,3,
resnet18_no_weights,IMAGENET100,fp32_fused,layer2.1.conv1,43.25382614135742,8.001148671610281e-06,0.03754672408103943,6.945441555217258e-09,2.6077857769472775e-10,,43,3,
resnet18_no_weights,IMAGENET100,fp32_fused,layer2.1.conv1,44.681583404541016,3.6332519357529236e-06,0.038786096705330744,3.153864527563302e-09,1.223260945615825e-10,,44,3,
resnet18_no_weights,IMAGENET100,fp32_fused,layer2.1.conv1,44.0435905456543,6.363214879456791e-06,0.03823228345976935,5.5236240273062425e-09,2.1118075953716503e-10,0.001325078540902065,aggregate,3,0.7258778493248825
resnet18_no_weights,IMAGENET100,fp32_fused,layer2.1.conv2,5.89011812210083,7.5443995228852145e-06,0.005112949758768082,6.548957919171193e-09,3.348449281300867e-11,,42,3,
resnet18_no_weights,IMAGENET100,fp32_fused,layer2.1.conv2,5.91518497467041,9.180946108244825e-06,0.005134709179401398,7.969571274518078e-09,4.092143077916167e-11,,43,3,
resnet18_no_weights,IMAGENET100,fp32_fused,layer2.1.conv2,5.802005290985107,3.827930868283147e-06,0.00503646292620235,3.3228566564957873e-09,1.6735444359525732e-11,,44,3,
resnet18_no_weights,IMAGENET100,fp32_fused,layer2.1.conv2,5.869102795918782,6.851092166471062e-06,0.0050947072881239435,5.947128616728353e-09,3.0298879507056404e-11,0.00024224508303666002,aggregate,3,0.059444454330742115
resnet18_no_weights,IMAGENET100,fp32_fused,layer3.0.conv1,41.3914680480957,7.13851404725574e-05,0.035930093791749745,3.098313388565859e-08,1.1132269064740529e-09,,42,3,
resnet18_no_weights,IMAGENET100,fp32_fused,layer3.0.conv1,39.63405227661133,8.942986460169777e-05,0.03440455926789178,3.8815045400042436e-08,1.3354145299516703e-09,,43,3,
resnet18_no_weights,IMAGENET100,fp32_fused,layer3.0.conv1,41.4029426574707,3.648650090326555e-05,0.03594005439016554,1.5836154905931228e-08,5.691522686502551e-10,,44,3,
resnet18_no_weights,IMAGENET100,fp32_fused,layer3.0.conv1,40.809487660725914,6.576716865917358e-05,0.03542490248326902,2.854477806387742e-08,1.0111959793194143e-09,0.0010964575224368099,aggregate,3,1.0179730710271886
resnet18_no_weights,IMAGENET100,fp32_fused,layer3.0.conv2,18.52393913269043,4.152032488491386e-05,0.008039904137452444,1.802097434241053e-08,1.4488690617647075e-10,,42,3,
resnet18_no_weights,IMAGENET100,fp32_fused,layer3.0.conv2,17.502368927001953,4.833656203118153e-05,0.0075965142912334865,2.0979410603811427e-08,1.5937039247350885e-10,,43,3,
resnet18_no_weights,IMAGENET100,fp32_fused,layer3.0.conv2,17.805055618286133,2.0225177649990655e-05,0.007727888723214467,8.778288910586221e-09,6.783763988123787e-11,,44,3,
resnet18_no_weights,IMAGENET100,fp32_fused,layer3.0.conv2,17.943787892659504,3.6694021522028684e-05,0.007788102383966799,1.592622461893606e-08,1.2403506792232664e-10,0.0001266806557869511,aggregate,3,0.5247250749222926
resnet18_no_weights,IMAGENET100,fp32_fused,layer3.0.downsample.0,4.823997497558594,4.152032488491386e-05,0.037687480449676514,1.6218876908169477e-07,6.11248606392347e-09,,42,3,
resnet18_no_weights,IMAGENET100,fp32_fused,layer3.0.downsample.0,4.6892547607421875,4.833656203118153e-05,0.03663480281829834,1.8881469543430285e-07,6.917189136432741e-09,,43,3,
resnet18_no_weights,IMAGENET100,fp32_fused,layer3.0.downsample.0,4.9054694175720215,2.0225177649990655e-05,0.03832397982478142,7.9004600195276e-08,3.0277707039486794e-09,,44,3,
resnet18_no_weights,IMAGENET100,fp32_fused,layer3.0.downsample.0,4.806240558624268,3.6694021522028684e-05,0.03754875436425209,1.4333602157042455e-07,5.3820890654970105e-09,0.000847944811475374,aggregate,3,0.10919558652825104
resnet18_no_weights,IMAGENET100,fp32_fused,layer3.1.conv1,50.3106575012207,3.1369509088108316e-05,0.021836222873793706,1.3615238319491457e-08,2.973053784242319e-10,,42,3,
resnet18_no_weights,IMAGENET100,fp32_fused,layer3.1.conv1,49.79099655151367,3.6530665965983644e-05,0.021610675586594477,1.585532376995818e-08,3.426442583129863e-10,,43,3,
resnet18_no_weights,IMAGENET100,fp32_fused,layer3.1.conv1,49.37584686279297,1.4401432054000907e-05,0.021430489089753892,6.250621551215671e-09,1.3395387695750799e-10,,44,3,
resnet18_no_weights,IMAGENET100,fp32_fused,layer3.1.conv1,49.82583363850912,2.7433869036030956e-05,0.02162579585004736,1.1907061213555103e-08,2.574996749783598e-10,0.0002705584650240776,aggregate,3,0.4683779984181186
resnet18_no_weights,IMAGENET100,fp32_fused,layer3.1.conv2,5.324833869934082,4.5384589611785486e-05,0.0023111258116033343,1.9698172574559674e-08,4.5524955078481765e-11,,42,3,
resnet18_no_weights,IMAGENET100,fp32_fused,layer3.1.conv2,5.799220085144043,5.07917684444692e-05,0.0025170226063993243,2.2045038387356424e-08,5.5487859979917023e-11,,43,3,
resnet18_no_weights,IMAGENET100,fp32_fused,layer3.1.conv2,5.58399772644043,2.225472235295456e-05,0.002423610124323103,9.659167687914305e-09,2.3410056600963688e-11,,44,3,
resnet18_no_weights,IMAGENET100,fp32_fused,layer3.1.conv2,5.569350560506185,3.947702680306975e-05,0.0024172528474419204,1.7134126216610134e-08,4.141751538553011e-11,4.254690517691527e-05,aggregate,3,0.23753205025372223
resnet18_no_weights,IMAGENET100,fp32_fused,layer4.0.conv1,36.67138671875,0.00047051155706867576,0.015916400485568576,1.0210754276663971e-07,1.6251845432711584e-09,,42,3,
resnet18_no_weights,IMAGENET100,fp32_fused,layer4.0.conv1,35.80046463012695,0.0005420574452728033,0.015538396106825935,1.176339941998271e-07,1.827843597504978e-09,,43,3,
resnet18_no_weights,IMAGENET100,fp32_fused,layer4.0.conv1,35.57663345336914,0.0002330768184037879,0.015441247158580355,5.0580906771655364e-08,7.810322829662412e-10,,44,3,
resnet18_no_weights,IMAGENET100,fp32_fused,layer4.0.conv1,36.016161600748696,0.00041521527358175564,0.015632014583658288,9.010748124604073e-08,1.4085614609348243e-09,0.00025392052117530277,aggregate,3,0.5783727737083255
resnet18_no_weights,IMAGENET100,fp32_fused,layer4.0.conv2,10.834161758422852,0.0002052342751994729,0.0023511635760466256,4.4538688194330057e-08,1.0471774140740669e-10,,42,3,
resnet18_no_weights,IMAGENET100,fp32_fused,layer4.0.conv2,10.536128997802734,0.00022858135343994945,0.002286486327648163,4.960532843748903e-08,1.1342190525081526e-10,,43,3,
resnet18_no_weights,IMAGENET100,fp32_fused,layer4.0.conv2,11.03018856048584,9.665940160630271e-05,0.002393704114688767,2.0976432640256665e-08,5.0211373122474137e-11,,44,3,
resnet18_no_weights,IMAGENET100,fp32_fused,layer4.0.conv2,10.800159772237143,0.00017682501008190835,0.0023437846727945187,3.837348309069192e-08,8.993918150970336e-11,1.5347968982221657e-05,aggregate,3,0.24877864491970617
resnet18_no_weights,IMAGENET100,fp32_fused,layer4.0.downsample.0,4.817368984222412,0.0002052342751994729,0.018817847594618797,4.008481937489705e-07,7.543100218546354e-09,,42,3,
resnet18_no_weights,IMAGENET100,fp32_fused,layer4.0.downsample.0,4.658339023590088,0.00022858135343994945,0.01819663681089878,4.464479559374013e-07,8.123851309161033e-09,,43,3,
resnet18_no_weights,IMAGENET100,fp32_fused,layer4.0.downsample.0,4.654592990875244,9.665940160630271e-05,0.018182003870606422,1.8878789376230998e-07,3.432542215109954e-09,,44,3,
resnet18_no_weights,IMAGENET100,fp32_fused,layer4.0.downsample.0,4.710100332895915,0.00017682501008190835,0.018398829425374668,3.4536134781622724e-07,6.354244528588257e-09,0.0001737576765098593,aggregate,3,0.09291625723375552
resnet18_no_weights,IMAGENET100,fp32_fused,layer4.1.conv1,24.327543258666992,0.00019000972679350525,0.005279414769675996,4.123474973817388e-08,2.176953467916086e-10,,42,3,
resnet18_no_weights,IMAGENET100,fp32_fused,layer4.1.conv1,23.87872886657715,0.00019120505021419376,0.005182015813059277,4.149415152217747e-08,2.150233493374013e-10,,43,3,
resnet18_no_weights,IMAGENET100,fp32_fused,layer4.1.conv1,26.68146324157715,7.574020128231496e-05,0.005790248099300597,1.6436675625502378e-08,9.517242979938559e-11,,44,3,
resnet18_no_weights,IMAGENET100,fp32_fused,layer4.1.conv1,24.962578455607098,0.00015231832609667131,0.00541722622734529,3.3055192295284575e-08,1.7906745465195755e-10,4.358582629922441e-05,aggregate,3,1.5054176397984143
resnet18_no_weights,IMAGENET100,fp32_fused,layer4.1.conv2,5.939247131347656,5.614923566099606e-07,0.0012888991170459324,1.2185163988931436e-10,1.5705447106393619e-13,,42,3,
resnet18_no_weights,IMAGENET100,fp32_fused,layer4.1.conv2,5.783081531524658,6.079629883970483e-07,0.0012550090129176776,1.3193641241255388e-10,1.6558138670977888e-13,,43,3,
resnet18_no_weights,IMAGENET100,fp32_fused,layer4.1.conv2,5.969761371612549,2.8685695951935486e-07,0.0012955211309923066,6.225194434013777e-11,8.06487093380054e-14,,44,3,
resnet18_no_weights,IMAGENET100,fp32_fused,layer4.1.conv2,5.897363344828288,4.854374348421212e-07,0.0012798097536519722,1.0534666554733534e-10,1.3482369008219197e-13,6.020436575801779e-08,aggregate,3,0.10014004870035828
resnet18_no_weights,IMAGENET100,ptq,conv1,199.3906707763672,4.7876274038571864e-06,1.356399120927668,1.5266669017401743e-09,2.070769643469739e-09,,42,3,
resnet18_no_weights,IMAGENET100,ptq,conv1,197.70016479492188,3.189845983797568e-06,1.3448990802375638,1.017170275445653e-09,1.3679913678918482e-09,,43,3,
resnet18_no_weights,IMAGENET100,ptq,conv1,178.06353759765625,4.846768661082024e-06,1.2113165822969814,1.5455257210082983e-09,1.87212093422385e-09,,44,3,
resnet18_no_weights,IMAGENET100,ptq,conv1,191.71812438964844,4.274747349578926e-06,1.3042049278207377,1.3631209660647086e-09,1.7777890811573576e-09,0.34530296723087067,aggregate,3,11.855389405808703
resnet18_no_weights,IMAGENET100,ptq,fc,141.26654052734375,0.0011488129384815693,0.27591121196746826,1.1488129384815693e-05,3.1697037018035832e-06,,42,3,
resnet18_no_weights,IMAGENET100,ptq,fc,128.98318481445312,0.0008611094672232866,0.25192028284072876,8.611094672232867e-06,2.1693094053971965e-06,,43,3,
resnet18_no_weights,IMAGENET100,ptq,fc,136.02932739257812,0.000909507623873651,0.26568228006362915,9.09507623873651e-06,2.4164005924600523e-06,,44,3,
resnet18_no_weights,IMAGENET100,ptq,fc,135.42635091145834,0.0009731433431928357,0.2645045916239421,9.731433431928356e-06,2.574008825827787e-06,0.00028974909480247236,aggregate,3,6.1638374710839345
resnet18_no_weights,IMAGENET100,ptq,layer1.0.conv1,70.79676055908203,6.610451237065718e-06,0.12291104263729519,1.1476477842127982e-08,1.410585857379766e-09,,42,3,
resnet18_no_weights,IMAGENET100,ptq,layer1.0.conv1,64.53707885742188,4.374587661004625e-06,0.1120435396830241,7.594770244799697e-09,8.509449413066655e-10,,43,3,
resnet18_no_weights,IMAGENET100,ptq,layer1.0.conv1,73.44915008544922,6.674522865068866e-06,0.127515885565016,1.1587713307411226e-08,1.477617524068063e-09,,44,3,
resnet18_no_weights,IMAGENET100,ptq,layer1.0.conv1,69.59432983398438,5.886520587713069e-06,0.12082348929511176,1.0219653798112968e-08,1.2347742312760505e-09,0.015208862846096356,aggregate,3,4.5760936539643025
resnet18_no_weights,IMAGENET100,ptq,layer1.0.conv2,10.824832916259766,3.561753601388773e-06,0.01879311270183987,6.1836000024110644e-09,1.1620909174840844e-10,,42,3,
resnet18_no_weights,IMAGENET100,ptq,layer1.0.conv2,10.776061058044434,2.4438422769890167e-06,0.018708439336882696,4.24278173088371e-09,7.937582463187205e-11,,43,3,
resnet18_no_weights,IMAGENET100,ptq,layer1.0.conv2,9.927945137023926,3.568129613995552e-06,0.01723601586288876,6.194669468742278e-09,1.067714212285946e-10,,44,3,
resnet18_no_weights,IMAGENET100,ptq,layer1.0.conv2,10.509613037109375,3.191241830791114e-06,0.018245855967203777,5.540350400679017e-09,1.0108843541862908e-10,0.0016324862233039008,aggregate,3,0.5043290919933195
resnet18_no_weights,IMAGENET100,ptq,layer1.1.conv1,85.30965423583984,2.6039438125735614e-06,0.14810703860388863,4.520735785717989e-09,6.69552789533315e-10,,42,3,
resnet18_no_weights,IMAGENET100,ptq,layer1.1.conv1,85.0718002319336,1.7455460010751267e-06,0.14769409762488472,3.030461807422095e-09,4.475813220338835e-10,,43,3,
resnet18_no_weights,IMAGENET100,ptq,layer1.1.conv1,84.65806579589844,2.6383438580523944e-06,0.1469758086734348,4.580458086896518e-09,6.732165314163898e-10,,44,3,
resnet18_no_weights,IMAGENET100,ptq,layer1.1.conv1,85.01317342122395,2.3292778905670275e-06,0.14759231496740272,4.043885226678867e-09,5.96846382068014e-10,0.00704399055892402,aggregate,3,0.3297267064809984
resnet18_no_weights,IMAGENET100,ptq,layer1.1.conv2,8.049722671508789,1.7746280036590178e-06,0.013975212971369425,3.0809513952413505e-09,4.305695190293565e-11,,42,3,
resnet18_no_weights,IMAGENET100,ptq,layer1.1.conv2,8.193890571594238,1.2547470760182478e-06,0.014225504464573331,2.1783803403094577e-09,3.0988559256610965e-11,,43,3,
resnet18_no_weights,IMAGENET100,ptq,layer1.1.conv2,7.735779762268066,1.6707839449736639e-06,0.01343017319838206,2.900666571134833e-09,3.895645444109782e-11,,44,3,
resnet18_no_weights,IMAGENET100,ptq,layer1.1.conv2,7.993131001790364,1.5667196748836432e-06,0.013876963544774938,2.7199994355618804e-09,3.774533300910062e-11,0.0007782300368503288,aggregate,3,0.23423992233714022
resnet18_no_weights,IMAGENET100,ptq,layer2.0.conv1,118.64607238769531,2.4083929019980133e-05,0.20598276456197104,2.090618838539942e-08,4.306314480077942e-09,,42,3,
resnet18_no_weights,IMAGENET100,ptq,layer2.0.conv1,114.6648941040039,1.640482514631003e-05,0.1990709967083401,1.4240299606171902e-08,2.8348306360260235e-09,,43,3,
resnet18_no_weights,IMAGENET100,ptq,layer2.0.conv1,120.90982055664062,2.4151740944944322e-05,0.20991288291083443,2.0965052903597503e-08,4.400834695372312e-09,,44,3,
resnet18_no_weights,IMAGENET100,ptq,layer2.0.conv1,118.07359568277995,2.154683170374483e-05,0.20498888139371518,1.8703846965056275e-08,3.83408066712612e-09,0.01968326745639122,aggregate,3,3.161577736346763
resnet18_no_weights,IMAGENET100,ptq,layer2.0.conv2,10.423493385314941,1.540630910312757e-05,0.00904817134141922,1.3373532207576014e-08,1.210060108541362e-10,,42,3,
resnet18_no_weights,IMAGENET100,ptq,layer2.0.conv2,9.66994857788086,1.0869190191442613e-05,0.008394052584966024,9.435060930071712e-09,7.91983975893804e-11,,43,3,
resnet18_no_weights,IMAGENET100,ptq,layer2.0.conv2,10.961758613586426,1.4011720850248821e-05,0.009515415463182662,1.2162952126952101e-08,1.1573554274675047e-10,,44,3,
resnet18_no_weights,IMAGENET100,ptq,layer2.0.conv2,10.351733525594076,1.3429073381606335e-05,0.008985879796522635,1.1657181754866609e-08,1.0475003401544813e-10,0.0003889282077355425,aggregate,3,0.6488878178759199
resnet18_no_weights,IMAGENET100,ptq,layer2.0.downsample.0,13.59313678741455,1.540630910312757e-05,0.21239276230335236,1.2036178986818413e-07,2.5563973025879276e-08,,42,3,
resnet18_no_weights,IMAGENET100,ptq,layer2.0.downsample.0,13.143498420715332,1.0869190191442613e-05,0.20536716282367706,8.491554837064541e-08,1.743886524849616e-08,,43,3,
resnet18_no_weights,IMAGENET100,ptq,layer2.0.downsample.0,13.85376262664795,1.4011720850248821e-05,0.2164650410413742,1.0946656914256891e-07,2.3695685382104607e-08,,44,3,
resnet18_no_weights,IMAGENET100,ptq,layer2.0.downsample.0,13.530132611592611,1.3429073381606335e-05,0.21140832205613455,1.0491463579379949e-07,2.2179827112297625e-08,0.02093476357749077,aggregate,3,0.35929925575420313
resnet18_no_weights,IMAGENET100,ptq,layer2.1.conv1,46.48019027709961,1.1675847417791374e-05,0.040347387393315635,1.013528421683279e-08,4.089322386379103e-10,,42,3,
resnet18_no_weights,IMAGENET100,ptq,layer2.1.conv1,45.53506088256836,8.287387572636362e-06,0.03952696257167392,7.1939128234690646e-09,2.843535229171468e-10,,43,3,
resnet18_no_weights,IMAGENET100,ptq,layer2.1.conv1,46.52566146850586,1.11654871943756e-05,0.040386858913633555,9.692263189562153e-09,3.9144006599065066e-10,,44,3,
resnet18_no_weights,IMAGENET100,ptq,layer2.1.conv1,46.180304209391274,1.037624072826778e-05,0.04008706962620771,9.007153409954669e-09,3.61070385878787e-10,0.002035196851505584,aggregate,3,0.5592594392758202
resnet18_no_weights,IMAGENET100,ptq,layer2.1.conv2,6.0319318771362305,1.3395789210335352e-05,0.005236051976680756,1.162828924508277e-08,6.088632688713121e-11,,42,3,
resnet18_no_weights,IMAGENET100,ptq,layer2.1.conv2,6.095622539520264,9.416679858986754e-06,0.005291339010000229,8.174201266481557e-09,4.3252470036927136e-11,,43,3,
resnet18_no_weights,IMAGENET100,ptq,layer2.1.conv2,5.859938144683838,1.1503032510518096e-05,0.00508675186170472,9.985271276491403e-09,5.079259725531931e-11,,44,3,
resnet18_no_weights,IMAGENET100,ptq,layer2.1.conv2,5.99583085378011,1.1438500526613401e-05,0.005204714282795235,9.92925392935191e-09,5.16789297435986e-11,0.0003423053774174124,aggregate,3,0.1219190157763439
resnet18_no_weights,IMAGENET100,ptq,layer3.0.conv1,43.12751388549805,0.00012959980813320726,0.03743707802560595,5.624991672448232e-08,2.1058325213482813e-09,,42,3,
resnet18_no_weights,IMAGENET100,ptq,layer3.0.conv1,41.71120071411133,9.343673445982859e-05,0.036207639508777194,4.0554138220411715e-08,1.4683696172737905e-09,,43,3,
resnet18_no_weights,IMAGENET100,ptq,layer3.0.conv1,43.59661102294922,0.00010753055539680645,0.03784428040186564,4.667124800208613e-08,1.766239796095959e-09,,44,3,
resnet18_no_weights,IMAGENET100,ptq,layer3.0.conv1,42.81177520751953,0.00011018903266328077,0.037162999312082924,4.782510098232672e-08,1.7773241949065042e-09,0.0015805983484274066,aggregate,3,0.9815605904613138
resnet18_no_weights,IMAGENET100,ptq,layer3.0.conv2,20.546070098876953,7.915499008959159e-05,0.00891756514708201,3.4355464448607464e-08,3.06367092378717e-10,,42,3,
resnet18_no_weights,IMAGENET100,ptq,layer3.0.conv2,19.573022842407227,5.479510946315713e-05,0.008495235608683692,2.3782599593384173e-08,2.0203878693278352e-10,,43,3,
resnet18_no_weights,IMAGENET100,ptq,layer3.0.conv2,20.175912857055664,6.240140646696091e-05,0.008756906621985965,2.7083943779062892e-08,2.3717156662837143e-10,,44,3,
resnet18_no_weights,IMAGENET100,ptq,layer3.0.conv2,20.09833526611328,6.545050200656988e-05,0.008723235792583888,2.840733594035151e-08,2.4780388964682895e-10,0.0002136517605250199,aggregate,3,0.4911404613683678
resnet18_no_weights,IMAGENET100,ptq,layer3.0.downsample.0,5.034704208374023,7.915499008959159e-05,0.03933362662792206,3.0919918003746716e-07,1.2161925101253385e-08,,42,3,
resnet18_no_weights,IMAGENET100,ptq,layer3.0.downsample.0,4.94801664352417,5.479510946315713e-05,0.03865638002753258,2.1404339634045755e-07,8.274142871320503e-09,,43,3,
resnet18_no_weights,IMAGENET100,ptq,layer3.0.downsample.0,5.1489362716674805,6.240140646696091e-05,0.04022606462240219,2.4375549401156604e-07,9.805324254174826e-09,,44,3,
resnet18_no_weights,IMAGENET100,ptq,layer3.0.downsample.0,5.043885707855225,6.545050200656988e-05,0.03940535709261894,2.556660234631636e-07,1.0074610951015854e-08,0.0010340358126549082,aggregate,3,0.10077400057978259
resnet18_no_weights,IMAGENET100,ptq,layer3.1.conv1,54.085975646972656,5.1160786824766546e-05,0.02347481581899855,2.2205202614916036e-08,5.212630416086989e-10,,42,3,
resnet18_no_weights,IMAGENET100,ptq,layer3.1.conv1,53.5178337097168,4.057352271047421e-05,0.023228226436509028,1.7610035898643318e-08,4.0904990140873973e-10,,43,3,
resnet18_no_weights,IMAGENET100,ptq,layer3.1.conv1,53.93272018432617,4.5381777454167604e-05,0.02340829869111379,1.9696952020038022e-08,4.6107213618958714e-10,,44,3,
resnet18_no_weights,IMAGENET100,ptq,layer3.1.conv1,53.84550984700521,4.570536232980279e-05,0.02337044698220712,1.9837396844532458e-08,4.6360883122014866e-10,0.0004923091242722247,aggregate,3,0.29393970031102873
resnet18_no_weights,IMAGENET100,ptq,layer3.1.conv2,5.923670291900635,8.525327575625852e-05,0.0025710374530818728,3.700228982476498e-08,9.513427298926105e-11,,42,3,
resnet18_no_weights,IMAGENET100,ptq,layer3.1.conv2,6.503990173339844,5.5506417993456125e-05,0.002822912401623196,2.4091327254104222e-08,6.80077064771737e-11,,43,3,
resnet18_no_weights,IMAGENET100,ptq,layer3.1.conv2,6.157794952392578,6.651504372712225e-05,0.0026726540591981676,2.8869376617674586e-08,7.715785660374865e-11,,44,3,
resnet18_no_weights,IMAGENET100,ptq,layer3.1.conv2,6.1951518058776855,6.909157915894563e-05,0.002688867971301079,2.9987664565514595e-08,8.063287078433248e-11,9.406725271569136e-05,aggregate,3,0.2919579457304343
resnet18_no_weights,IMAGENET100,ptq,layer4.0.conv1,39.01951599121094,0.0009216534090228379,0.016935553815629747,2.000115904997478e-07,3.387307054658178e-09,,42,3,
resnet18_no_weights,IMAGENET100,ptq,layer4.0.conv1,37.8869514465332,0.000611879222560674,0.01644398934311337,1.327862896182018e-07,2.1835363313932762e-09,,43,3,
resnet18_no_weights,IMAGENET100,ptq,layer4.0.conv1,38.49592208862305,0.0007284763851203024,0.01670829951763153,1.5808949329867676e-07,2.641406604624894e-09,,44,3,
resnet18_no_weights,IMAGENET100,ptq,layer4.0.conv1,38.46746317545573,0.0007540030055679381,0.01669594755879155,1.6362912447220879e-07,2.731943281278973e-09,0.00045242557128931594,aggregate,3,0.5668183520928637
resnet18_no_weights,IMAGENET100,ptq,layer4.0.conv2,11.631182670593262,0.0003889987710863352,0.002524128183722496,8.441813608644426e-08,2.1308219651311505e-10,,42,3,
resnet18_no_weights,IMAGENET100,ptq,layer4.0.conv2,11.110613822937012,0.00025651577743701637,0.0024111575136582055,5.566748642296362e-08,1.3422307815519489e-10,,43,3,
resnet18_no_weights,IMAGENET100,ptq,layer4.0.conv2,12.033356666564941,0.0002908142632804811,0.0026114055265982947,6.31107342188544e-08,1.648077201267925e-10,,44,3,
resnet18_no_weights,IMAGENET100,ptq,layer4.0.conv2,11.591717720031738,0.0003121096039346109,0.002515563741326332,6.773211890942077e-08,1.703844624517425e-10,3.223937656227384e-05,aggregate,3,0.4626356024008065
resnet18_no_weights,IMAGENET100,ptq,layer4.0.downsample.0,5.187884330749512,0.0003889987710863352,0.02026517316699028,7.597632247779984e-07,1.5396733316037098e-08,,42,3,
resnet18_no_weights,IMAGENET100,ptq,layer4.0.downsample.0,4.986741065979004,0.00025651577743701637,0.019479457288980484,5.010073778066726e-07,9.759351817449188e-09,,43,3,
resnet18_no_weights,IMAGENET100,ptq,layer4.0.downsample.0,5.069014549255371,0.0002908142632804811,0.019800838083028793,5.679966079696896e-07,1.1246808866117407e-08,,44,3,
resnet18_no_weights,IMAGENET100,ptq,layer4.0.downsample.0,5.081213315327962,0.0003121096039346109,0.01984848951299985,6.095890701847869e-07,1.2099422266802074e-08,0.00026961098706551715,aggregate,3,0.10112497545564599
resnet18_no_weights,IMAGENET100,ptq,layer4.1.conv1,26.756317138671875,0.0003058391157537699,0.005806492434607612,6.637133588406465e-08,3.853846596856221e-10,,42,3,
resnet18_no_weights,IMAGENET100,ptq,layer4.1.conv1,25.74009132385254,0.00021237070905044675,0.005585957318544388,4.60873934571282e-08,2.5744221277448e-10,,43,3,
resnet18_no_weights,IMAGENET100,ptq,layer4.1.conv1,28.999706268310547,0.00020214079995639622,0.006293339033921559,4.3867361101648484e-08,2.7607217593613667e-10,,44,3,
resnet18_no_weights,IMAGENET100,ptq,layer4.1.conv1,27.165371576944988,0.00024011687492020428,0.00589526292902452,5.210869681428044e-08,3.071944686090056e-10,8.433169987680587e-05,aggregate,3,1.667862868055013
resnet18_no_weights,IMAGENET100,ptq,layer4.1.conv2,6.219450950622559,9.347967875328322e-07,0.0013497072375482982,2.0286388618334034e-10,2.7380685541882866e-13,,42,3,
resnet18_no_weights,IMAGENET100,ptq,layer4.1.conv2,6.000263214111328,7.760506264276046e-07,0.0013021404544512432,1.684137644157128e-10,2.1929837573212086e-13,,43,3,
resnet18_no_weights,IMAGENET100,ptq,layer4.1.conv2,6.107000827789307,6.772998517590167e-07,0.001325303999086221,1.4698347477409218e-10,1.9479778691769304e-13,,44,3,
resnet18_no_weights,IMAGENET100,ptq,layer4.1.conv2,6.108904997507731,7.960490885731512e-07,0.0013257172303619209,1.727537084577151e-10,2.290225679113128e-13,1.1441828268481959e-07,aggregate,3,0.10960627425456342
cnn,IMAGENET100,fp32_unfused,conv1,36.9676513671875,1.440023322807349e-09,1.3691722728587963,5.0000809819699616e-12,6.8459722425618545e-12,,42,3,
cnn,IMAGENET100,fp32_unfused,conv1,36.68487548828125,1.7858322598485188e-09,1.3586990921585649,6.200806457807357e-12,8.425030104873821e-12,,43,3,
cnn,IMAGENET100,fp32_unfused,conv1,33.02717971801758,1.355356382681805e-09,1.2232288784450955,4.706098550978489e-12,5.756635652365507e-12,,44,3,
cnn,IMAGENET100,fp32_unfused,conv1,35.55990219116211,1.5270706551125575e-09,1.3170334144874856,5.302328663585269e-12,6.983344024536573e-12,0.03501797357260054,aggregate,3,2.1979542520037385
cnn,IMAGENET100,fp32_unfused,conv2,108.8384780883789,7.036002447335932e-09,0.37791138225131565,1.2215282026624882e-11,4.616294115271462e-12,,42,3,
cnn,IMAGENET100,fp32_unfused,conv2,92.33932495117188,8.559823960752055e-09,0.3206226560804579,1.4860805487416764e-11,4.764710926870607e-12,,43,3,
cnn,IMAGENET100,fp32_unfused,conv2,115.03474426269531,6.352105064166835e-09,0.39942619535658097,1.10279601808452e-11,4.4048561775788705e-12,,44,3,
cnn,IMAGENET100,fp32_unfused,conv2,105.40418243408203,7.315977157418274e-09,0.36598674456278485,1.270134923162895e-11,4.648525456838908e-12,0.009538489859446666,aggregate,3,11.730997588112851
cnn,IMAGENET100,fp32_unfused,conv3,96.37377166748047,5.5678501809097725e-08,0.16731557581159803,4.833203282039733e-11,8.086701901489834e-12,,42,3,
cnn,IMAGENET100,fp32_unfused,conv3,90.462158203125,6.843333721917588e-08,0.15705235799153647,5.94039385583124e-11,9.329528624567315e-12,,43,3,
cnn,IMAGENET100,fp32_unfused,conv3,102.17146301269531,5.202092978606743e-08,0.17738101217481825,4.515705710596131e-11,8.010004496291485e-12,,44,3,
cnn,IMAGENET100,fp32_unfused,conv3,96.33579762776692,5.8710922938113676e-08,0.16724964865931757,5.096434282822368e-11,8.523768432173422e-12,0.0067015609106071935,aggregate,3,5.854744768273484
cnn,IMAGENET100,fp32_unfused,conv4,41.50535202026367,1.2868713383795694e-07,0.03602895140647888,5.585379072827992e-11,2.012353512016838e-12,,42,3,
cnn,IMAGENET100,fp32_unfused,conv4,42.3947868347168,1.4629591760240146e-07,0.036801030238469444,6.349649201493118e-11,2.336736322678216e-12,,43,3,
cnn,IMAGENET100,fp32_unfused,conv4,42.48860168457031,1.263736635337409e-07,0.0368824667400784,5.484968035318616e-11,2.02299151133032e-12,,44,3,
cnn,IMAGENET100,fp32_unfused,conv4,42.12958017985026,1.337855716580331e-07,0.03657081612834224,5.806665436546575e-11,2.1235449399874493e-12,0.0002621806387101116,aggregate,3,0.5426286971114815
cnn,IMAGENET100,fp32_unfused,fc1,51.337127685546875,0.0024136321153491735,0.05013391375541687,2.3570626126456773e-06,1.1816877373849595e-07,,42,3,
cnn,IMAGENET100,fp32_unfused,fc1,58.01536178588867,0.0030173002742230892,0.056655626744031906,2.9465822990459856e-06,1.6694046690532076e-07,,43,3,
cnn,IMAGENET100,fp32_unfused,fc1,48.15782165527344,0.002293104538694024,0.047029122710227966,2.239359901068383e-06,1.0531513157970894e-07,,44,3,
cnn,IMAGENET100,fp32_unfused,fc1,52.50343704223633,0.0025746789760887623,0.051272887736558914,2.514334937586682e-06,1.289172129869898e-07,4.406391921845115e-05,aggregate,3,5.031200899715542
cnn,IMAGENET100,fp32_unfused,fc2,85.27184295654297,0.001382524031214416,0.08327328413724899,1.382524031214416e-05,1.1512731647789298e-06,,42,3,
cnn,IMAGENET100,fp32_unfused,fc2,96.64314270019531,0.001506629167124629,0.09437806904315948,1.5066291671246291e-05,1.4219275155732612e-06,,43,3,
cnn,IMAGENET100,fp32_unfused,fc2,88.58584594726562,0.001227768138051033,0.08650961518287659,1.227768138051033e-05,1.0621374915659177e-06,,44,3,
cnn,IMAGENET100,fp32_unfused,fc2,90.1669438680013,0.001372307112130026,0.08805365612109502,1.3723071121300261e-05,1.208366585440303e-06,0.00025673226256751354,aggregate,3,5.848206343932555
cnn,IMAGENET100,fp32_fused,conv1,36.9676513671875,9.924847610420784e-09,1.3691722728587963,3.4461276425072164e-11,4.718342416853131e-11,,42,3,
cnn,IMAGENET100,fp32_fused,conv1,36.68487548828125,1.220887746455901e-08,1.3586990921585649,4.2391935640829895e-11,5.759788447003989e-11,,43,3,
cnn,IMAGENET100,fp32_fused,conv1,33.02717971801758,9.022841140904347e-09,1.2232288784450955,3.132930951702898e-11,3.832291614297462e-11,,44,3,
cnn,IMAGENET100,fp32_fused,conv1,35.55990219116211,1.038552207196138e-08,1.3170334144874856,3.606084052764368e-11,4.7493331929411256e-11,0.28822544754287344,aggregate,3,2.1979542520037385
cnn,IMAGENET100,fp32_fused,conv2,108.8384780883789,3.6459685048839674e-08,0.37791138225131565,6.329806432090221e-11,2.392105898134484e-11,,42,3,
cnn,IMAGENET100,fp32_fused,conv2,92.33932495117188,4.4176172053767004e-08,0.3206226560804579,7.669474314890105e-11,2.4590072255809158e-11,,43,3,
cnn,IMAGENET100,fp32_fused,conv2,115.03475189208984,3.437522266835913e-08,0.3994262218475342,5.967920602145682e-11,2.383743978401111e-11,,44,3,
cnn,IMAGENET100,fp32_fused,conv2,105.40418497721355,3.8337026590321934e-08,0.3659867533931026,6.655733783042003e-11,2.4359103987043353e-11,0.054702753003364725,aggregate,3,11.731000719788772
cnn,IMAGENET100,fp32_fused,conv3,96.3725357055664,1.2842868102325156e-07,0.16731343004438612,1.1148323005490586e-10,1.8652641612913696e-11,,42,3,
cnn,IMAGENET100,fp32_fused,conv3,90.46090698242188,1.549455674876299e-07,0.15705018573337132,1.3450136066634538e-10,2.1123463674040707e-11,,43,3,
cnn,IMAGENET100,fp32_fused,conv3,102.17105865478516,1.2340075272732065e-07,0.17738031016455758,1.0711870896468806e-10,1.900074982058334e-11,,44,3,
cnn,IMAGENET100,fp32_fused,conv3,96.33483378092448,1.355916670794007e-07,0.167247975314105,1.1770109989531311e-10,1.9685270649734337e-11,0.01843390866286225,aggregate,3,5.855166874118911
cnn,IMAGENET100,fp32_fused,conv4,41.503780364990234,1.767378243755502e-08,0.03602758712238736,7.670912516299921e-12,2.7636446898920706e-13,,42,3,
cnn,IMAGENET100,fp32_fused,conv4,42.39317321777344,2.007896071631876e-08,0.03679962952931722,8.71482669979113e-12,3.207023939645158e-13,,43,3,
cnn,IMAGENET100,fp32_fused,conv4,42.487037658691406,1.755288003835176e-08,0.03688110907872518,7.618437516645728e-12,2.809764250608633e-13,,44,3,
cnn,IMAGENET100,fp32_fused,conv4,42.127997080485024,1.8435207730741848e-08,0.036569441910143254,8.001392244245593e-12,2.9260644887621e-13,3.632337549843013e-05,aggregate,3,0.5426209673838083
cnn,IMAGENET100,fp32_fused,fc1,51.32487106323242,0.0024236440658569336,0.05012194439768791,2.3668399080634117e-06,1.1863061827018309e-07,,42,3,
cnn,IMAGENET100,fp32_fused,fc1,57.99828338623047,0.0030175447463989258,0.05663894861936569,2.946821041405201e-06,1.6690484555461488e-07,,43,3,
cnn,IMAGENET100,fp32_fused,fc1,48.14548873901367,0.002295730635523796,0.04701707884669304,2.241924448753707e-06,1.0540873857538187e-07,,44,3,
cnn,IMAGENET100,fp32_fused,fc1,52.48954772949219,0.0025789731492598853,0.051259323954582214,2.5185284660741067e-06,1.2909806653132967e-07,4.4863848683785175e-05,aggregate,3,5.0285926851111595
cnn,IMAGENET100,fp32_fused,fc2,85.26504516601562,0.0013825057540088892,0.08326664566993713,1.3825057540088892e-05,1.1511661675570744e-06,,42,3,
cnn,IMAGENET100,fp32_fused,fc2,96.6384506225586,0.0015066282358020544,0.09437348693609238,1.5066282358020545e-05,1.421857601290131e-06,,43,3,
cnn,IMAGENET100,fp32_fused,fc2,88.5857162475586,0.0012277299538254738,0.08650948852300644,1.2277299538254738e-05,1.0621029034981604e-06,,44,3,
cnn,IMAGENET100,fp32_fused,fc2,90.16307067871094,0.0013722879812121391,0.08804987370967865,1.3722879812121391e-05,1.2082978343903872e-06,0.00027461576748580215,aggregate,3,5.848471866294417
cnn,IMAGENET100,ptq,conv1,36.9676513671875,2.1365746505352945e-08,1.3691722728587963,7.418661981025328e-11,1.0157426286131588e-10,,42,3,
cnn,IMAGENET100,ptq,conv1,36.68487548828125,1.6461875418372074e-08,1.3586990921585649,5.715928964712526e-11,7.766227495197755e-11,,43,3,
cnn,IMAGENET100,ptq,conv1,33.02717971801758,1.9255679717389285e-08,1.2232288784450955,6.68599990187128e-11,8.178508161250025e-11,,44,3,
cnn,IMAGENET100,ptq,conv1,35.55990219116211,1.9027767213704767e-08,1.3170334144874856,6.606863615869711e-11,8.70146014706202e-11,0.2401433780850697,aggregate,3,2.1979542520037385
cnn,IMAGENET100,ptq,conv2,116.63838958740234,8.053297051446862e-08,0.4049944082895915,1.3981418492095246e-10,5.6623963092552664e-11,,42,3,
cnn,IMAGENET100,ptq,conv2,99.49440002441406,6.242652972332507e-08,0.3454666667514377,1.083793918807727e-10,3.744146725759838e-11,,43,3,
cnn,IMAGENET100,ptq,conv2,122.62530517578125,7.100851462382707e-08,0.42578230963812935,1.23278671221922e-10,5.248987736198954e-11,,44,3,
cnn,IMAGENET100,ptq,conv2,112.91936492919922,7.132267162054025e-08,0.3920811282263862,1.2382408267454905e-10,4.854908603663451e-11,0.04364497968812048,aggregate,3,12.005542536121741
cnn,IMAGENET100,ptq,conv3,99.56549072265625,3.2095513802232745e-07,0.17285675472683376,2.786068906443815e-10,4.815908296132165e-11,,42,3,
cnn,IMAGENET100,ptq,conv3,93.15129852294922,2.508034810944082e-07,0.16172100438012016,2.1771135511667378e-10,3.5208499014425493e-11,,43,3,
cnn,IMAGENET100,ptq,conv3,106.14717864990234,2.8584886990756786e-07,0.18428329626719156,2.4813269957254153e-10,4.5726711788904705e-11,,44,3,
cnn,IMAGENET100,ptq,conv3,99.62132263183594,2.8586916300810117e-07,0.17295368512471515,2.4815031511119895e-10,4.291851146334115e-11,0.009668260796662467,aggregate,3,6.4981199565794245
cnn,IMAGENET100,ptq,conv4,49.109867095947266,3.504453616187675e-08,0.042630092965232,1.521030215359234e-11,6.484165948369099e-13,,42,3,
cnn,IMAGENET100,ptq,conv4,49.24536895751953,3.0874264922431394e-08,0.042747716108957924,1.3400288594805292e-11,5.728317326288433e-13,,43,3,
cnn,IMAGENET100,ptq,conv4,49.74834442138672,3.578522722591515e-08,0.04318432675467597,1.5531782650136786e-11,6.70729577046114e-13,,44,3,
cnn,IMAGENET100,ptq,conv4,49.36786015828451,3.390134277007443e-08,0.04285404527628863,1.471412446617814e-11,6.305597560745443e-13,3.592908518233647e-05,aggregate,3,0.3364021320885366
cnn,IMAGENET100,ptq,fc1,114.95928955078125,0.003936929628252983,0.11226493120193481,3.844657840090804e-06,4.316202479127734e-07,,42,3,
cnn,IMAGENET100,ptq,fc1,109.65589904785156,0.003971950151026249,0.10708583891391754,3.878857569361571e-06,4.1537071684268295e-07,,43,3,
cnn,IMAGENET100,ptq,fc1,103.8751220703125,0.0039033107459545135,0.10144054889678955,3.8118269003462046e-06,3.866738130706669e-07,,44,3,
cnn,IMAGENET100,ptq,fc1,109.49677022298177,0.003937396841744582,0.10693043967088063,3.8451141032661935e-06,4.11159741646958e-07,4.717934498330578e-05,aggregate,3,5.543796864149026
cnn,IMAGENET100,ptq,fc2,173.306884765625,0.0020532661583274603,0.16924500465393066,2.0532661583274603e-05,3.4750504052188936e-06,,42,3,
cnn,IMAGENET100,ptq,fc2,168.07809448242188,0.0020534186623990536,0.1641387641429901,2.0534186623990537e-05,3.370456015143325e-06,,43,3,
cnn,IMAGENET100,ptq,fc2,165.05770874023438,0.001833970076404512,0.16118916869163513,1.8339700764045118e-05,2.956161120209778e-06,,44,3,
cnn,IMAGENET100,ptq,fc2,168.8142293294271,0.0019802182990436754,0.16485764582951865,1.9802182990436752e-05,3.2645412700887405e-06,0.0002997831635041541,aggregate,3,4.173565281531056
