layer,mse
conv1,8.920887921703979e-07
conv2,4.446724233275745e-07
fc1,1.2406735550030135e-07
fc2,5.990233944430656e-07
