layer,accuracy,inference_time
conv1,98.76,3.3670620918273926
conv2,98.86,2.873830795288086
fc1,98.87,2.770557403564453
fc2,98.86,2.8582208156585693
