layer,accuracy,inference_time
conv1,98.6,2.8281161785125732
conv2,98.6,2.773420572280884
fc1,98.6,2.786875009536743
fc2,98.6,2.752380609512329
