model,dataset,variant,canonical_layer,weight_shape,trace_raw,trace_per_param,probe_seed,seed,n_seeds,metric_std
resnet50_no_weights,IMAGENET100,fp32_unfused,conv1,"(64, 3, 7, 7)",400.0261708577474,0.042519788569063285,42,42,3,
resnet50_no_weights,IMAGENET100,fp32_unfused,conv1,"(64, 3, 7, 7)",322.42297643025717,0.03427114970559706,43,43,3,
resnet50_no_weights,IMAGENET100,fp32_unfused,conv1,"(64, 3, 7, 7)",522.4025395711263,0.05552748082176088,44,44,3,
resnet50_no_weights,IMAGENET100,fp32_unfused,conv1,"(64, 3, 7, 7)",414.95056228637696,0.04410613969880708,"42,43,44",aggregate,3,100.82167184261246
resnet50_no_weights,IMAGENET100,fp32_unfused,layer1.0.conv1,"(64, 64, 1, 1)",147.49502929051718,0.03600952863538017,42,42,3,
resnet50_no_weights,IMAGENET100,fp32_unfused,layer1.0.conv1,"(64, 64, 1, 1)",112.76623916625977,0.027530820108950138,43,43,3,
resnet50_no_weights,IMAGENET100,fp32_unfused,layer1.0.conv1,"(64, 64, 1, 1)",92.08465817769368,0.022481606000413497,44,44,3,
resnet50_no_weights,IMAGENET100,fp32_unfused,layer1.0.conv1,"(64, 64, 1, 1)",117.44864221149021,0.028673984914914602,"42,43,44",aggregate,3,28.000374647916654
resnet50_no_weights,IMAGENET100,fp32_unfused,layer1.0.conv2,"(64, 64, 3, 3)",43.74467290242513,0.0011866501980909595,42,42,3,
resnet50_no_weights,IMAGENET100,fp32_unfused,layer1.0.conv2,"(64, 64, 3, 3)",40.15987283212167,0.001089406272572745,43,43,3,
resnet50_no_weights,IMAGENET100,fp32_unfused,layer1.0.conv2,"(64, 64, 3, 3)",48.52824192047119,0.0013164128125127818,44,44,3,
resnet50_no_weights,IMAGENET100,fp32_unfused,layer1.0.conv2,"(64, 64, 3, 3)",44.14426255167266,0.0011974897610588287,"42,43,44",aggregate,3,4.198470461435957
resnet50_no_weights,IMAGENET100,fp32_unfused,layer1.0.conv3,"(256, 64, 1, 1)",89.13029492696127,0.005440081477475663,42,42,3,
resnet50_no_weights,IMAGENET100,fp32_unfused,layer1.0.conv3,"(256, 64, 1, 1)",73.37904989308325,0.004478701775700882,43,43,3,
resnet50_no_weights,IMAGENET100,fp32_unfused,layer1.0.conv3,"(256, 64, 1, 1)",82.03447730724628,0.005006987140334856,44,44,3,
resnet50_no_weights,IMAGENET100,fp32_unfused,layer1.0.conv3,"(256, 64, 1, 1)",81.5146073757636,0.004975256797837134,"42,43,44",aggregate,3,7.888480752880215
resnet50_no_weights,IMAGENET100,fp32_unfused,layer1.0.downsample.0,"(256, 64, 1, 1)",226.41164086081764,0.01381906987675889,42,42,3,
resnet50_no_weights,IMAGENET100,fp32_unfused,layer1.0.downsample.0,"(256, 64, 1, 1)",220.99921199253626,0.013488721435091324,43,43,3,
resnet50_no_weights,IMAGENET100,fp32_unfused,layer1.0.downsample.0,"(256, 64, 1, 1)",197.9843660990397,0.012084006719912091,44,44,3,
resnet50_no_weights,IMAGENET100,fp32_unfused,layer1.0.downsample.0,"(256, 64, 1, 1)",215.13173965079787,0.013130599343920768,"42,43,44",aggregate,3,15.09463187216578
resnet50_no_weights,IMAGENET100,fp32_unfused,layer1.1.conv1,"(64, 256, 1, 1)",12.403108263015747,0.0007570256508188322,42,42,3,
resnet50_no_weights,IMAGENET100,fp32_unfused,layer1.1.conv1,"(64, 256, 1, 1)",12.448064393010633,0.0007597695552374654,43,43,3,
resnet50_no_weights,IMAGENET100,fp32_unfused,layer1.1.conv1,"(64, 256, 1, 1)",12.885305280685424,0.000786456621135585,44,44,3,
resnet50_no_weights,IMAGENET100,fp32_unfused,layer1.1.conv1,"(64, 256, 1, 1)",12.578825978903934,0.0007677506090639608,"42,43,44",aggregate,3,0.26636898321948294
resnet50_no_weights,IMAGENET100,fp32_unfused,layer1.1.conv2,"(64, 64, 3, 3)",15.664749312400819,0.00042493352084420626,42,42,3,
resnet50_no_weights,IMAGENET100,fp32_unfused,layer1.1.conv2,"(64, 64, 3, 3)",13.763247092564901,0.0003733519719120253,43,43,3,
resnet50_no_weights,IMAGENET100,fp32_unfused,layer1.1.conv2,"(64, 64, 3, 3)",13.806277219454447,0.00037451923880898563,44,44,3,
resnet50_no_weights,IMAGENET100,fp32_unfused,layer1.1.conv2,"(64, 64, 3, 3)",14.411424541473389,0.00039093491052173907,"42,43,44",aggregate,3,1.0856243061115816
resnet50_no_weights,IMAGENET100,fp32_unfused,layer1.1.conv3,"(256, 64, 1, 1)",6.1916408985853195,0.0003779077696890454,42,42,3,
resnet50_no_weights,IMAGENET100,fp32_unfused,layer1.1.conv3,"(256, 64, 1, 1)",5.8781357407569885,0.0003587729333958123,43,43,3,
resnet50_no_weights,IMAGENET100,fp32_unfused,layer1.1.conv3,"(256, 64, 1, 1)",5.806281010309855,0.0003543872686956699,44,44,3,
resnet50_no_weights,IMAGENET100,fp32_unfused,layer1.1.conv3,"(256, 64, 1, 1)",5.958685883217388,0.00036368932392684254,"42,43,44",aggregate,3,0.20491902049520075
resnet50_no_weights,IMAGENET100,fp32_unfused,layer1.2.conv1,"(64, 256, 1, 1)",2.650821993748347,0.00016179333457936687,42,42,3,
resnet50_no_weights,IMAGENET100,fp32_unfused,layer1.2.conv1,"(64, 256, 1, 1)",2.639805179834366,0.00016112092162074988,43,43,3,
resnet50_no_weights,IMAGENET100,fp32_unfused,layer1.2.conv1,"(64, 256, 1, 1)",2.6234318256378173,0.00016012157138902693,44,44,3,
resnet50_no_weights,IMAGENET100,fp32_unfused,layer1.2.conv1,"(64, 256, 1, 1)",2.6380196664068434,0.00016101194252971456,"42,43,44",aggregate,3,0.013782103283993515
resnet50_no_weights,IMAGENET100,fp32_unfused,layer1.2.conv2,"(64, 64, 3, 3)",1.8207893351713815,4.939207180911951e-05,42,42,3,
resnet50_no_weights,IMAGENET100,fp32_unfused,layer1.2.conv2,"(64, 64, 3, 3)",2.5321468234062197,6.86888786731288e-05,43,43,3,
resnet50_no_weights,IMAGENET100,fp32_unfused,layer1.2.conv2,"(64, 64, 3, 3)",2.6736824035644533,7.25282770064142e-05,44,44,3,
resnet50_no_weights,IMAGENET100,fp32_unfused,layer1.2.conv2,"(64, 64, 3, 3)",2.3422061873806848,6.35364091628875e-05,"42,43,44",aggregate,3,0.4570719094831532
resnet50_no_weights,IMAGENET100,fp32_unfused,layer1.2.conv3,"(256, 64, 1, 1)",2.4517285863558453,0.00014964163735082064,42,42,3,
resnet50_no_weights,IMAGENET100,fp32_unfused,layer1.2.conv3,"(256, 64, 1, 1)",2.5585177103678385,0.00015615952822069327,43,43,3,
resnet50_no_weights,IMAGENET100,fp32_unfused,layer1.2.conv3,"(256, 64, 1, 1)",2.451803127924601,0.00014964618700711677,44,44,3,
resnet50_no_weights,IMAGENET100,fp32_unfused,layer1.2.conv3,"(256, 64, 1, 1)",2.487349808216095,0.0001518157841928769,"42,43,44",aggregate,3,0.06163322246663298
resnet50_no_weights,IMAGENET100,fp32_unfused,layer2.0.conv1,"(128, 256, 1, 1)",25.084124342600504,0.0007655067243225251,42,42,3,
resnet50_no_weights,IMAGENET100,fp32_unfused,layer2.0.conv1,"(128, 256, 1, 1)",22.798022667566936,0.0006957404378529949,43,43,3,
resnet50_no_weights,IMAGENET100,fp32_unfused,layer2.0.conv1,"(128, 256, 1, 1)",18.85257455577021,0.0005753349168631046,44,44,3,
resnet50_no_weights,IMAGENET100,fp32_unfused,layer2.0.conv1,"(128, 256, 1, 1)",22.244907188645882,0.0006788606930128748,"42,43,44",aggregate,3,3.1523809630504234
resnet50_no_weights,IMAGENET100,fp32_unfused,layer2.0.conv2,"(128, 128, 3, 3)",62.68584340413411,0.0004251155829815953,42,42,3,
resnet50_no_weights,IMAGENET100,fp32_unfused,layer2.0.conv2,"(128, 128, 3, 3)",76.61094781626825,0.0005195512411585033,43,43,3,
resnet50_no_weights,IMAGENET100,fp32_unfused,layer2.0.conv2,"(128, 128, 3, 3)",63.16921043395996,0.0004283936254473196,44,44,3,
resnet50_no_weights,IMAGENET100,fp32_unfused,layer2.0.conv2,"(128, 128, 3, 3)",67.48866721812078,0.0004576868165291394,"42,43,44",aggregate,3,7.903822708340824
resnet50_no_weights,IMAGENET100,fp32_unfused,layer2.0.conv3,"(512, 128, 1, 1)",35.96156727826154,0.0005487299694558951,42,42,3,
resnet50_no_weights,IMAGENET100,fp32_unfused,layer2.0.conv3,"(512, 128, 1, 1)",37.43205040379574,0.0005711677612883872,43,43,3,
resnet50_no_weights,IMAGENET100,fp32_unfused,layer2.0.conv3,"(512, 128, 1, 1)",37.34076019695827,0.0005697747832787822,44,44,3,
resnet50_no_weights,IMAGENET100,fp32_unfused,layer2.0.conv3,"(512, 128, 1, 1)",36.91145929300519,0.0005632241713410215,"42,43,44",aggregate,3,0.8238959917498152
resnet50_no_weights,IMAGENET100,fp32_unfused,layer2.0.downsample.0,"(512, 256, 1, 1)",120.93564705226733,0.0009226657642537485,42,42,3,
resnet50_no_weights,IMAGENET100,fp32_unfused,layer2.0.downsample.0,"(512, 256, 1, 1)",122.81596506053003,0.0009370114521829989,43,43,3,
resnet50_no_weights,IMAGENET100,fp32_unfused,layer2.0.downsample.0,"(512, 256, 1, 1)",87.43358635902405,0.0006670653256151127,44,44,3,
resnet50_no_weights,IMAGENET100,fp32_unfused,layer2.0.downsample.0,"(512, 256, 1, 1)",110.3950661572738,0.0008422475140172867,"42,43,44",aggregate,3,19.907437425422764
resnet50_no_weights,IMAGENET100,fp32_unfused,layer2.1.conv1,"(128, 512, 1, 1)",11.541091918945312,0.00017610308714210987,42,42,3,
resnet50_no_weights,IMAGENET100,fp32_unfused,layer2.1.conv1,"(128, 512, 1, 1)",13.104821883715116,0.00019996371282524287,43,43,3,
resnet50_no_weights,IMAGENET100,fp32_unfused,layer2.1.conv1,"(128, 512, 1, 1)",17.39017573269931,0.00026535302326506513,44,44,3,
resnet50_no_weights,IMAGENET100,fp32_unfused,layer2.1.conv1,"(128, 512, 1, 1)",14.012029845119912,0.00021380660774413928,"42,43,44",aggregate,3,3.0282362984098405
resnet50_no_weights,IMAGENET100,fp32_unfused,layer2.1.conv2,"(128, 128, 3, 3)",40.62499335833958,0.00027550586858682985,42,42,3,
resnet50_no_weights,IMAGENET100,fp32_unfused,layer2.1.conv2,"(128, 128, 3, 3)",32.307617060343425,0.00021910005059369185,43,43,3,
resnet50_no_weights,IMAGENET100,fp32_unfused,layer2.1.conv2,"(128, 128, 3, 3)",37.113847970962524,0.0002516943899940492,44,44,3,
resnet50_no_weights,IMAGENET100,fp32_unfused,layer2.1.conv2,"(128, 128, 3, 3)",36.68215279654851,0.00024876676972485697,"42,43,44",aggregate,3,4.175458976367307
resnet50_no_weights,IMAGENET100,fp32_unfused,layer2.1.conv3,"(512, 128, 1, 1)",18.381136894226074,0.00028047389059793204,42,42,3,
resnet50_no_weights,IMAGENET100,fp32_unfused,layer2.1.conv3,"(512, 128, 1, 1)",21.60100655806692,0.0003296052026072223,43,43,3,
resnet50_no_weights,IMAGENET100,fp32_unfused,layer2.1.conv3,"(512, 128, 1, 1)",27.907300186157226,0.0004258316068444401,44,44,3,
resnet50_no_weights,IMAGENET100,fp32_unfused,layer2.1.conv3,"(512, 128, 1, 1)",22.629814546150072,0.0003453035666831981,"42,43,44",aggregate,3,4.845697181355013
resnet50_no_weights,IMAGENET100,fp32_unfused,layer2.2.conv1,"(128, 512, 1, 1)",10.15640590108674,0.00015497445527781282,42,42,3,
resnet50_no_weights,IMAGENET100,fp32_unfused,layer2.2.conv1,"(128, 512, 1, 1)",8.343964131673177,0.00012731878863026698,43,43,3,
resnet50_no_weights,IMAGENET100,fp32_unfused,layer2.2.conv1,"(128, 512, 1, 1)",8.943703428904216,0.0001364700840592074,44,44,3,
resnet50_no_weights,IMAGENET100,fp32_unfused,layer2.2.conv1,"(128, 512, 1, 1)",9.148024487221377,0.00013958777598909572,"42,43,44",aggregate,3,0.9233345076583167
resnet50_no_weights,IMAGENET100,fp32_unfused,layer2.2.conv2,"(128, 128, 3, 3)",11.839774042367935,8.029360651562456e-05,42,42,3,
resnet50_no_weights,IMAGENET100,fp32_unfused,layer2.2.conv2,"(128, 128, 3, 3)",8.329751077451204,5.648973983731557e-05,43,43,3,
resnet50_no_weights,IMAGENET100,fp32_unfused,layer2.2.conv2,"(128, 128, 3, 3)",9.132174762812527,6.193152372784103e-05,44,44,3,
resnet50_no_weights,IMAGENET100,fp32_unfused,layer2.2.conv2,"(128, 128, 3, 3)",9.767233294210556,6.623829002692705e-05,"42,43,44",aggregate,3,1.8391682378963528
resnet50_no_weights,IMAGENET100,fp32_unfused,layer2.2.conv3,"(512, 128, 1, 1)",16.819442385718936,0.000256644323512557,42,42,3,
resnet50_no_weights,IMAGENET100,fp32_unfused,layer2.2.conv3,"(512, 128, 1, 1)",20.436957772572836,0.00031184322773090875,43,43,3,
resnet50_no_weights,IMAGENET100,fp32_unfused,layer2.2.conv3,"(512, 128, 1, 1)",15.180080890655518,0.00023162965226219967,44,44,3,
resnet50_no_weights,IMAGENET100,fp32_unfused,layer2.2.conv3,"(512, 128, 1, 1)",17.478827016315762,0.00026670573450188846,"42,43,44",aggregate,3,2.6897545810370267
resnet50_no_weights,IMAGENET100,fp32_unfused,layer2.3.conv1,"(128, 512, 1, 1)",38.94496878262224,0.0005942530636996802,42,42,3,
resnet50_no_weights,IMAGENET100,fp32_unfused,layer2.3.conv1,"(128, 512, 1, 1)",41.33029153611925,0.0006306502004412727,43,43,3,
resnet50_no_weights,IMAGENET100,fp32_unfused,layer2.3.conv1,"(128, 512, 1, 1)",48.407090950012204,0.000738633589935489,44,44,3,
resnet50_no_weights,IMAGENET100,fp32_unfused,layer2.3.conv1,"(128, 512, 1, 1)",42.89411708958456,0.0006545122846921472,"42,43,44",aggregate,3,4.921087455929478
resnet50_no_weights,IMAGENET100,fp32_unfused,layer2.3.conv2,"(128, 128, 3, 3)",57.004122797648115,0.0003865839490942933,42,42,3,
resnet50_no_weights,IMAGENET100,fp32_unfused,layer2.3.conv2,"(128, 128, 3, 3)",49.02061389287313,0.00033244231426915916,43,43,3,
resnet50_no_weights,IMAGENET100,fp32_unfused,layer2.3.conv2,"(128, 128, 3, 3)",62.65420254071554,0.00042490100464352443,44,44,3,
resnet50_no_weights,IMAGENET100,fp32_unfused,layer2.3.conv2,"(128, 128, 3, 3)",56.22631307707893,0.00038130908933565896,"42,43,44",aggregate,3,6.849994585815619
resnet50_no_weights,IMAGENET100,fp32_unfused,layer2.3.conv3,"(512, 128, 1, 1)",28.71615940729777,0.0004381738190810817,42,42,3,
resnet50_no_weights,IMAGENET100,fp32_unfused,layer2.3.conv3,"(512, 128, 1, 1)",30.478629366556802,0.00046506697641840824,43,43,3,
resnet50_no_weights,IMAGENET100,fp32_unfused,layer2.3.conv3,"(512, 128, 1, 1)",27.357551850770648,0.0004174431129573158,44,44,3,
resnet50_no_weights,IMAGENET100,fp32_unfused,layer2.3.conv3,"(512, 128, 1, 1)",28.850780208208405,0.0004402279694856019,"42,43,44",aggregate,3,1.5648876269287948
resnet50_no_weights,IMAGENET100,fp32_unfused,layer3.0.conv1,"(256, 512, 1, 1)",230.10000276565552,0.001755523702740902,42,42,3,
resnet50_no_weights,IMAGENET100,fp32_unfused,layer3.0.conv1,"(256, 512, 1, 1)",188.05294108390808,0.0014347300802910468,43,43,3,
resnet50_no_weights,IMAGENET100,fp32_unfused,layer3.0.conv1,"(256, 512, 1, 1)",194.8630381266276,0.0014866869974260529,44,44,3,
resnet50_no_weights,IMAGENET100,fp32_unfused,layer3.0.conv1,"(256, 512, 1, 1)",204.3386606587304,0.0015589802601526672,"42,43,44",aggregate,3,22.56832771375272
resnet50_no_weights,IMAGENET100,fp32_unfused,layer3.0.conv2,"(256, 256, 3, 3)",329.6756523980035,0.0005589390265536897,42,42,3,
resnet50_no_weights,IMAGENET100,fp32_unfused,layer3.0.conv2,"(256, 256, 3, 3)",287.66408486201846,0.0004877117324185154,43,43,3,
resnet50_no_weights,IMAGENET100,fp32_unfused,layer3.0.conv2,"(256, 256, 3, 3)",288.25271745161575,0.0004887097124762908,44,44,3,
resnet50_no_weights,IMAGENET100,fp32_unfused,layer3.0.conv2,"(256, 256, 3, 3)",301.8641515705459,0.0005117868238161653,"42,43,44",aggregate,3,24.087264389883284
resnet50_no_weights,IMAGENET100,fp32_unfused,layer3.0.conv3,"(1024, 256, 1, 1)",187.8347256978353,0.0007165326145089542,42,42,3,
resnet50_no_weights,IMAGENET100,fp32_unfused,layer3.0.conv3,"(1024, 256, 1, 1)",163.43166828155518,0.0006234423381101806,43,43,3,
resnet50_no_weights,IMAGENET100,fp32_unfused,layer3.0.conv3,"(1024, 256, 1, 1)",163.77108312536168,0.0006247371029867618,44,44,3,
resnet50_no_weights,IMAGENET100,fp32_unfused,layer3.0.conv3,"(1024, 256, 1, 1)",171.67915903491738,0.0006549040185352988,"42,43,44",aggregate,3,13.992160349961598
resnet50_no_weights,IMAGENET100,fp32_unfused,layer3.0.downsample.0,"(1024, 512, 1, 1)",302.01808954874673,0.0005760537901854453,42,42,3,
resnet50_no_weights,IMAGENET100,fp32_unfused,layer3.0.downsample.0,"(1024, 512, 1, 1)",286.39681427001955,0.0005462585721397773,43,43,3,
resnet50_no_weights,IMAGENET100,fp32_unfused,layer3.0.downsample.0,"(1024, 512, 1, 1)",251.9966350737072,0.00048064543738118593,44,44,3,
resnet50_no_weights,IMAGENET100,fp32_unfused,layer3.0.downsample.0,"(1024, 512, 1, 1)",280.1371796308245,0.0005343192665688028,"42,43,44",aggregate,3,25.591478001705386
resnet50_no_weights,IMAGENET100,fp32_unfused,layer3.1.conv1,"(256, 1024, 1, 1)",12.925479084253311,4.9306789719594235e-05,42,42,3,
resnet50_no_weights,IMAGENET100,fp32_unfused,layer3.1.conv1,"(256, 1024, 1, 1)",10.893251061439514,4.1554455037839944e-05,43,43,3,
resnet50_no_weights,IMAGENET100,fp32_unfused,layer3.1.conv1,"(256, 1024, 1, 1)",11.70934460957845,4.4667604864419745e-05,44,44,3,
resnet50_no_weights,IMAGENET100,fp32_unfused,layer3.1.conv1,"(256, 1024, 1, 1)",11.842691585090424,4.517628320728464e-05,"42,43,44",aggregate,3,1.0226552430247753
resnet50_no_weights,IMAGENET100,fp32_unfused,layer3.1.conv2,"(256, 256, 3, 3)",69.12342027028402,0.00011719329879808895,42,42,3,
resnet50_no_weights,IMAGENET100,fp32_unfused,layer3.1.conv2,"(256, 256, 3, 3)",69.7203966140747,0.00011820542503200056,43,43,3,
resnet50_no_weights,IMAGENET100,fp32_unfused,layer3.1.conv2,"(256, 256, 3, 3)",70.162751243228,0.00011895540236278618,44,44,3,
resnet50_no_weights,IMAGENET100,fp32_unfused,layer3.1.conv2,"(256, 256, 3, 3)",69.6688560425289,0.00011811804206429189,"42,43,44",aggregate,3,0.5215788921310215
resnet50_no_weights,IMAGENET100,fp32_unfused,layer3.1.conv3,"(1024, 256, 1, 1)",49.6696925844465,0.0001894748404863224,42,42,3,
resnet50_no_weights,IMAGENET100,fp32_unfused,layer3.1.conv3,"(1024, 256, 1, 1)",51.9299950281779,0.00019809721003791008,43,43,3,
resnet50_no_weights,IMAGENET100,fp32_unfused,layer3.1.conv3,"(1024, 256, 1, 1)",57.86392962137858,0.00022073337410499032,44,44,3,
resnet50_no_weights,IMAGENET100,fp32_unfused,layer3.1.conv3,"(1024, 256, 1, 1)",53.154539078000994,0.0002027684748764076,"42,43,44",aggregate,3,4.232140268448721
resnet50_no_weights,IMAGENET100,fp32_unfused,layer3.2.conv1,"(256, 1024, 1, 1)",35.927053451538086,0.00013705083256354555,42,42,3,
resnet50_no_weights,IMAGENET100,fp32_unfused,layer3.2.conv1,"(256, 1024, 1, 1)",37.49661931991577,0.00014303825118986425,43,43,3,
resnet50_no_weights,IMAGENET100,fp32_unfused,layer3.2.conv1,"(256, 1024, 1, 1)",29.774846889354563,0.00011358202701322389,44,44,3,
resnet50_no_weights,IMAGENET100,fp32_unfused,layer3.2.conv1,"(256, 1024, 1, 1)",34.399506553602805,0.0001312237035888779,"42,43,44",aggregate,3,4.081236578708414
resnet50_no_weights,IMAGENET100,fp32_unfused,layer3.2.conv2,"(256, 256, 3, 3)",57.39393615722656,9.730688503219021e-05,42,42,3,
resnet50_no_weights,IMAGENET100,fp32_unfused,layer3.2.conv2,"(256, 256, 3, 3)",60.67948939005534,0.00010287728100256235,43,43,3,
resnet50_no_weights,IMAGENET100,fp32_unfused,layer3.2.conv2,"(256, 256, 3, 3)",58.83543580373128,9.975083381437731e-05,44,44,3,
resnet50_no_weights,IMAGENET100,fp32_unfused,layer3.2.conv2,"(256, 256, 3, 3)",58.96962045033773,9.997833328304329e-05,"42,43,44",aggregate,3,1.6468816444956136
resnet50_no_weights,IMAGENET100,fp32_unfused,layer3.2.conv3,"(1024, 256, 1, 1)",56.82002283732096,0.00021675118575027833,42,42,3,
resnet50_no_weights,IMAGENET100,fp32_unfused,layer3.2.conv3,"(1024, 256, 1, 1)",59.38724668820699,0.00022654436755450055,43,43,3,
resnet50_no_weights,IMAGENET100,fp32_unfused,layer3.2.conv3,"(1024, 256, 1, 1)",47.94376595815023,0.00018289095290432064,44,44,3,
resnet50_no_weights,IMAGENET100,fp32_unfused,layer3.2.conv3,"(1024, 256, 1, 1)",54.717011827892726,0.00020872883540303317,"42,43,44",aggregate,3,6.004606921699986
resnet50_no_weights,IMAGENET100,fp32_unfused,layer3.3.conv1,"(256, 1024, 1, 1)",45.00326833724976,0.0001716738446702948,42,42,3,
resnet50_no_weights,IMAGENET100,fp32_unfused,layer3.3.conv1,"(256, 1024, 1, 1)",41.340526485443114,0.00015770159334351774,43,43,3,
resnet50_no_weights,IMAGENET100,fp32_unfused,layer3.3.conv1,"(256, 1024, 1, 1)",53.15577821170582,0.00020277320179636315,44,44,3,
resnet50_no_weights,IMAGENET100,fp32_unfused,layer3.3.conv1,"(256, 1024, 1, 1)",46.4998576781329,0.00017738287993672523,"42,43,44",aggregate,3,6.048130130889402
resnet50_no_weights,IMAGENET100,fp32_unfused,layer3.3.conv2,"(256, 256, 3, 3)",94.56703464801495,0.0001603309371066877,42,42,3,
resnet50_no_weights,IMAGENET100,fp32_unfused,layer3.3.conv2,"(256, 256, 3, 3)",106.15238690376282,0.0001799729866939338,43,43,3,
resnet50_no_weights,IMAGENET100,fp32_unfused,layer3.3.conv2,"(256, 256, 3, 3)",118.48126284281413,0.00020087562195301333,44,44,3,
resnet50_no_weights,IMAGENET100,fp32_unfused,layer3.3.conv2,"(256, 256, 3, 3)",106.40022813153064,0.00018039318191787827,"42,43,44",aggregate,3,11.95904036676305
resnet50_no_weights,IMAGENET100,fp32_unfused,layer3.3.conv3,"(1024, 256, 1, 1)",105.20427182515462,0.00040132244806348656,42,42,3,
resnet50_no_weights,IMAGENET100,fp32_unfused,layer3.3.conv3,"(1024, 256, 1, 1)",79.82055155436198,0.000304491239755104,43,43,3,
resnet50_no_weights,IMAGENET100,fp32_unfused,layer3.3.conv3,"(1024, 256, 1, 1)",82.53517799377441,0.0003148467178107239,44,44,3,
resnet50_no_weights,IMAGENET100,fp32_unfused,layer3.3.conv3,"(1024, 256, 1, 1)",89.18666712443034,0.0003402201352097715,"42,43,44",aggregate,3,13.937899570519502
resnet50_no_weights,IMAGENET100,fp32_unfused,layer3.4.conv1,"(256, 1024, 1, 1)",66.59658018747966,0.0002540457923411547,42,42,3,
resnet50_no_weights,IMAGENET100,fp32_unfused,layer3.4.conv1,"(256, 1024, 1, 1)",84.18717309702997,0.0003211485790139388,43,43,3,
resnet50_no_weights,IMAGENET100,fp32_unfused,layer3.4.conv1,"(256, 1024, 1, 1)",79.06079978942871,0.0003015930167748593,44,44,3,
resnet50_no_weights,IMAGENET100,fp32_unfused,layer3.4.conv1,"(256, 1024, 1, 1)",76.61485102464611,0.00029226246270998426,"42,43,44",aggregate,3,9.046780573625988
resnet50_no_weights,IMAGENET100,fp32_unfused,layer3.4.conv2,"(256, 256, 3, 3)",118.92922439575196,0.00020163510538016757,42,42,3,
resnet50_no_weights,IMAGENET100,fp32_unfused,layer3.4.conv2,"(256, 256, 3, 3)",136.42938206990559,0.00023130524032576765,43,43,3,
resnet50_no_weights,IMAGENET100,fp32_unfused,layer3.4.conv2,"(256, 256, 3, 3)",113.70097618103027,0.00019277102352740865,44,44,3,
resnet50_no_weights,IMAGENET100,fp32_unfused,layer3.4.conv2,"(256, 256, 3, 3)",123.01986088222927,0.00020857045641111462,"42,43,44",aggregate,3,11.903574619026847
resnet50_no_weights,IMAGENET100,fp32_unfused,layer3.4.conv3,"(1024, 256, 1, 1)",73.01305721117103,0.0002785227096983758,42,42,3,
resnet50_no_weights,IMAGENET100,fp32_unfused,layer3.4.conv3,"(1024, 256, 1, 1)",63.00564988454183,0.00024034748033348782,43,43,3,
resnet50_no_weights,IMAGENET100,fp32_unfused,layer3.4.conv3,"(1024, 256, 1, 1)",69.13902575174967,0.00026374445248317593,44,44,3,
resnet50_no_weights,IMAGENET100,fp32_unfused,layer3.4.conv3,"(1024, 256, 1, 1)",68.38591094915418,0.0002608715475050132,"42,43,44",aggregate,3,5.046031785441336
resnet50_no_weights,IMAGENET100,fp32_unfused,layer3.5.conv1,"(256, 1024, 1, 1)",107.6371063232422,0.0004106029751710594,42,42,3,
resnet50_no_weights,IMAGENET100,fp32_unfused,layer3.5.conv1,"(256, 1024, 1, 1)",102.00382436116537,0.0003891137098738303,43,43,3,
resnet50_no_weights,IMAGENET100,fp32_unfused,layer3.5.conv1,"(256, 1024, 1, 1)",98.70174725850423,0.0003765172853794259,44,44,3,
resnet50_no_weights,IMAGENET100,fp32_unfused,layer3.5.conv1,"(256, 1024, 1, 1)",102.78089264763726,0.0003920779901414385,"42,43,44",aggregate,3,4.518078877723253
resnet50_no_weights,IMAGENET100,fp32_unfused,layer3.5.conv2,"(256, 256, 3, 3)",118.3816363470895,0.00020070671309931352,42,42,3,
resnet50_no_weights,IMAGENET100,fp32_unfused,layer3.5.conv2,"(256, 256, 3, 3)",139.48699391682942,0.00023648917968212453,43,43,3,
resnet50_no_weights,IMAGENET100,fp32_unfused,layer3.5.conv2,"(256, 256, 3, 3)",133.23676884969075,0.00022589241680516688,44,44,3,
resnet50_no_weights,IMAGENET100,fp32_unfused,layer3.5.conv2,"(256, 256, 3, 3)",130.36846637120323,0.0002210294365288683,"42,43,44",aggregate,3,10.841097678174375
resnet50_no_weights,IMAGENET100,fp32_unfused,layer3.5.conv3,"(1024, 256, 1, 1)",98.6298885345459,0.0003762431661016308,42,42,3,
resnet50_no_weights,IMAGENET100,fp32_unfused,layer3.5.conv3,"(1024, 256, 1, 1)",132.7728271484375,0.0005064881406724453,43,43,3,
resnet50_no_weights,IMAGENET100,fp32_unfused,layer3.5.conv3,"(1024, 256, 1, 1)",100.47906265258788,0.00038329720555339006,44,44,3,
resnet50_no_weights,IMAGENET100,fp32_unfused,layer3.5.conv3,"(1024, 256, 1, 1)",110.62725944519043,0.0004220095041091554,"42,43,44",aggregate,3,19.200898101496033
resnet50_no_weights,IMAGENET100,fp32_unfused,layer4.0.conv1,"(512, 1024, 1, 1)",565.3470815022787,0.0010783139829679083,42,42,3,
resnet50_no_weights,IMAGENET100,fp32_unfused,layer4.0.conv1,"(512, 1024, 1, 1)",550.9991703033447,0.0010509475141589064,43,43,3,
resnet50_no_weights,IMAGENET100,fp32_unfused,layer4.0.conv1,"(512, 1024, 1, 1)",570.5210693359375,0.0010881825815886258,44,44,3,
resnet50_no_weights,IMAGENET100,fp32_unfused,layer4.0.conv1,"(512, 1024, 1, 1)",562.2891070471869,0.0010724813595718134,"42,43,44",aggregate,3,10.113829209833504
resnet50_no_weights,IMAGENET100,fp32_unfused,layer4.0.conv2,"(512, 512, 3, 3)",447.8802370343889,0.00018983639061584002,42,42,3,
resnet50_no_weights,IMAGENET100,fp32_unfused,layer4.0.conv2,"(512, 512, 3, 3)",467.4108486175537,0.00019811454290498255,43,43,3,
resnet50_no_weights,IMAGENET100,fp32_unfused,layer4.0.conv2,"(512, 512, 3, 3)",489.0309495192308,0.000207278336215223,44,44,3,
resnet50_no_weights,IMAGENET100,fp32_unfused,layer4.0.conv2,"(512, 512, 3, 3)",468.1073450570578,0.00019840975657868184,"42,43,44",aggregate,3,20.584195757187384
resnet50_no_weights,IMAGENET100,fp32_unfused,layer4.0.conv3,"(2048, 512, 1, 1)",356.73150838216145,0.00034020567739692826,42,42,3,
resnet50_no_weights,IMAGENET100,fp32_unfused,layer4.0.conv3,"(2048, 512, 1, 1)",380.6927480061849,0.0003630568962156152,43,43,3,
resnet50_no_weights,IMAGENET100,fp32_unfused,layer4.0.conv3,"(2048, 512, 1, 1)",424.0791236029731,0.00040443336830422696,44,44,3,
resnet50_no_weights,IMAGENET100,fp32_unfused,layer4.0.conv3,"(2048, 512, 1, 1)",387.1677933304398,0.00036923198063892345,"42,43,44",aggregate,3,34.13751569675203
resnet50_no_weights,IMAGENET100,fp32_unfused,layer4.0.downsample.0,"(2048, 1024, 1, 1)",375.29073418511285,0.0001789525671887936,42,42,3,
resnet50_no_weights,IMAGENET100,fp32_unfused,layer4.0.downsample.0,"(2048, 1024, 1, 1)",451.3512986501058,0.0002152210705996064,43,43,3,
resnet50_no_weights,IMAGENET100,fp32_unfused,layer4.0.downsample.0,"(2048, 1024, 1, 1)",496.0115458170573,0.00023651673594334474,44,44,3,
resnet50_no_weights,IMAGENET100,fp32_unfused,layer4.0.downsample.0,"(2048, 1024, 1, 1)",440.88452621742533,0.00021023012457724825,"42,43,44",aggregate,3,61.03723113098262
resnet50_no_weights,IMAGENET100,fp32_unfused,layer4.1.conv1,"(512, 2048, 1, 1)",168.56267242431642,0.0001607538913958706,42,42,3,
resnet50_no_weights,IMAGENET100,fp32_unfused,layer4.1.conv1,"(512, 2048, 1, 1)",203.60545466496393,0.0001941732927941932,43,43,3,
resnet50_no_weights,IMAGENET100,fp32_unfused,layer4.1.conv1,"(512, 2048, 1, 1)",221.1241174062093,0.00021088039150830203,44,44,3,
resnet50_no_weights,IMAGENET100,fp32_unfused,layer4.1.conv1,"(512, 2048, 1, 1)",197.76408149849655,0.0001886025252327886,"42,43,44",aggregate,3,26.763176287551936
resnet50_no_weights,IMAGENET100,fp32_unfused,layer4.1.conv2,"(512, 512, 3, 3)",418.2700531005859,0.00017728595865062542,42,42,3,
resnet50_no_weights,IMAGENET100,fp32_unfused,layer4.1.conv2,"(512, 512, 3, 3)",389.57814229329426,0.00016512474157261075,43,43,3,
resnet50_no_weights,IMAGENET100,fp32_unfused,layer4.1.conv2,"(512, 512, 3, 3)",318.14652361188615,0.0001348480748544846,44,44,3,
resnet50_no_weights,IMAGENET100,fp32_unfused,layer4.1.conv2,"(512, 512, 3, 3)",375.3315730019221,0.00015908625835924027,"42,43,44",aggregate,3,51.559711420342865
resnet50_no_weights,IMAGENET100,fp32_unfused,layer4.1.conv3,"(2048, 512, 1, 1)",307.63104146321615,0.0002933798231727754,42,42,3,
resnet50_no_weights,IMAGENET100,fp32_unfused,layer4.1.conv3,"(2048, 512, 1, 1)",337.9573557535807,0.00032230125022275993,43,43,3,
resnet50_no_weights,IMAGENET100,fp32_unfused,layer4.1.conv3,"(2048, 512, 1, 1)",289.9230848948161,0.00027649219979745493,44,44,3,
resnet50_no_weights,IMAGENET100,fp32_unfused,layer4.1.conv3,"(2048, 512, 1, 1)",311.837160703871,0.0002973910910643301,"42,43,44",aggregate,3,24.29179642458017
resnet50_no_weights,IMAGENET100,fp32_unfused,layer4.2.conv1,"(512, 2048, 1, 1)",564.3604877178485,0.000538216102331017,42,42,3,
resnet50_no_weights,IMAGENET100,fp32_unfused,layer4.2.conv1,"(512, 2048, 1, 1)",529.1497197644464,0.0005046364972729172,43,43,3,
resnet50_no_weights,IMAGENET100,fp32_unfused,layer4.2.conv1,"(512, 2048, 1, 1)",643.8155662135074,0.0006139903700003694,44,44,3,
resnet50_no_weights,IMAGENET100,fp32_unfused,layer4.2.conv1,"(512, 2048, 1, 1)",579.1085912319342,0.0005522809898681013,"42,43,44",aggregate,3,58.73835206589085
resnet50_no_weights,IMAGENET100,fp32_unfused,layer4.2.conv2,"(512, 512, 3, 3)",447.5525395711263,0.00018969749432505556,42,42,3,
resnet50_no_weights,IMAGENET100,fp32_unfused,layer4.2.conv2,"(512, 512, 3, 3)",501.1254403250558,0.00021240464966034605,43,43,3,
resnet50_no_weights,IMAGENET100,fp32_unfused,layer4.2.conv2,"(512, 512, 3, 3)",384.32473805745445,0.00016289805859775731,44,44,3,
resnet50_no_weights,IMAGENET100,fp32_unfused,layer4.2.conv2,"(512, 512, 3, 3)",444.3342393178789,0.00018833340086105298,"42,43,44",aggregate,3,58.46682054756573
resnet50_no_weights,IMAGENET100,fp32_unfused,layer4.2.conv3,"(2048, 512, 1, 1)",82.98806844438825,7.914358944357705e-05,42,42,3,
resnet50_no_weights,IMAGENET100,fp32_unfused,layer4.2.conv3,"(2048, 512, 1, 1)",80.59468536376953,7.686108147026971e-05,43,43,3,
resnet50_no_weights,IMAGENET100,fp32_unfused,layer4.2.conv3,"(2048, 512, 1, 1)",82.47590217590331,7.865514962759334e-05,44,44,3,
resnet50_no_weights,IMAGENET100,fp32_unfused,layer4.2.conv3,"(2048, 512, 1, 1)",82.01955199468703,7.821994018048004e-05,"42,43,44",aggregate,3,1.260262773619093
resnet50_no_weights,IMAGENET100,fp32_unfused,fc,"(100, 2048)",16.19904260635376,7.909688772633672e-05,42,42,3,
resnet50_no_weights,IMAGENET100,fp32_unfused,fc,"(100, 2048)",14.37038833216617,7.016791177815513e-05,43,43,3,
resnet50_no_weights,IMAGENET100,fp32_unfused,fc,"(100, 2048)",14.201897939046225,6.934520478049914e-05,44,44,3,
resnet50_no_weights,IMAGENET100,fp32_unfused,fc,"(100, 2048)",14.923776292522051,7.287000142833033e-05,"42,43,44",aggregate,3,1.107621497416362
resnet50_no_weights,IMAGENET100,fp32_fused,conv1,"(64, 3, 7, 7)",8240.120458984375,0.8758631440246997,42,42,3,
resnet50_no_weights,IMAGENET100,fp32_fused,conv1,"(64, 3, 7, 7)",6626.057796223959,0.7043003609931929,43,43,3,
resnet50_no_weights,IMAGENET100,fp32_fused,conv1,"(64, 3, 7, 7)",8784.576814778646,0.9337347804824241,44,44,3,
resnet50_no_weights,IMAGENET100,fp32_fused,conv1,"(64, 3, 7, 7)",7883.585023328993,0.8379660951667722,"42,43,44",aggregate,3,1122.5592305192863
resnet50_no_weights,IMAGENET100,fp32_fused,layer1.0.conv1,"(64, 64, 1, 1)",65.2887424186424,0.015939634379551367,42,42,3,
resnet50_no_weights,IMAGENET100,fp32_fused,layer1.0.conv1,"(64, 64, 1, 1)",78.74350611368816,0.019224488797287147,43,43,3,
resnet50_no_weights,IMAGENET100,fp32_fused,layer1.0.conv1,"(64, 64, 1, 1)",62.91281827290853,0.01535957477365931,44,44,3,
resnet50_no_weights,IMAGENET100,fp32_fused,layer1.0.conv1,"(64, 64, 1, 1)",68.98168893507969,0.01684123265016594,"42,43,44",aggregate,3,8.537040462478886
resnet50_no_weights,IMAGENET100,fp32_fused,layer1.0.conv2,"(64, 64, 3, 3)",53.41189087761773,0.001448890269032599,42,42,3,
resnet50_no_weights,IMAGENET100,fp32_fused,layer1.0.conv2,"(64, 64, 3, 3)",66.64254584135833,0.0018077947548111525,43,43,3,
resnet50_no_weights,IMAGENET100,fp32_fused,layer1.0.conv2,"(64, 64, 3, 3)",80.5074851989746,0.002183905305961768,44,44,3,
resnet50_no_weights,IMAGENET100,fp32_fused,layer1.0.conv2,"(64, 64, 3, 3)",66.85397397265022,0.0018135301099351732,"42,43,44",aggregate,3,13.549034441535417
resnet50_no_weights,IMAGENET100,fp32_fused,layer1.0.conv3,"(256, 64, 1, 1)",99.07983595530192,0.0060473532687562205,42,42,3,
resnet50_no_weights,IMAGENET100,fp32_fused,layer1.0.conv3,"(256, 64, 1, 1)",74.12377206210432,0.004524156009649922,43,43,3,
resnet50_no_weights,IMAGENET100,fp32_fused,layer1.0.conv3,"(256, 64, 1, 1)",83.10719886192909,0.005072460868037664,44,44,3,
resnet50_no_weights,IMAGENET100,fp32_fused,layer1.0.conv3,"(256, 64, 1, 1)",85.4369356264451,0.005214656715481269,"42,43,44",aggregate,3,12.640096372429023
resnet50_no_weights,IMAGENET100,fp32_fused,layer1.0.downsample.0,"(256, 64, 1, 1)",102.13698488871256,0.00623394683158646,42,42,3,
resnet50_no_weights,IMAGENET100,fp32_fused,layer1.0.downsample.0,"(256, 64, 1, 1)",103.9039945602417,0.006341796542983502,43,43,3,
resnet50_no_weights,IMAGENET100,fp32_fused,layer1.0.downsample.0,"(256, 64, 1, 1)",100.55027300516764,0.006137101623850564,44,44,3,
resnet50_no_weights,IMAGENET100,fp32_fused,layer1.0.downsample.0,"(256, 64, 1, 1)",102.19708415137397,0.006237614999473509,"42,43,44",aggregate,3,1.6776683248697957
resnet50_no_weights,IMAGENET100,fp32_fused,layer1.1.conv1,"(64, 256, 1, 1)",11.086990388234456,0.0006766961906881382,42,42,3,
resnet50_no_weights,IMAGENET100,fp32_fused,layer1.1.conv1,"(64, 256, 1, 1)",10.938452155501754,0.0006676301364441988,43,43,3,
resnet50_no_weights,IMAGENET100,fp32_fused,layer1.1.conv1,"(64, 256, 1, 1)",11.361346873370083,0.000693441581626592,44,44,3,
resnet50_no_weights,IMAGENET100,fp32_fused,layer1.1.conv1,"(64, 256, 1, 1)",11.128929805702098,0.0006792559695863097,"42,43,44",aggregate,3,0.2145441018843849
resnet50_no_weights,IMAGENET100,fp32_fused,layer1.1.conv2,"(64, 64, 3, 3)",3.747073173522949,0.0001016458651671807,42,42,3,
resnet50_no_weights,IMAGENET100,fp32_fused,layer1.1.conv2,"(64, 64, 3, 3)",3.1397098501523337,8.517008057053856e-05,43,43,3,
resnet50_no_weights,IMAGENET100,fp32_fused,layer1.1.conv2,"(64, 64, 3, 3)",2.0906311029737648,5.6711998236050474e-05,44,44,3,
resnet50_no_weights,IMAGENET100,fp32_fused,layer1.1.conv2,"(64, 64, 3, 3)",2.9924713755496826,8.117598132458991e-05,"42,43,44",aggregate,3,0.8379793909003992
resnet50_no_weights,IMAGENET100,fp32_fused,layer1.1.conv3,"(256, 64, 1, 1)",5.915912564595541,0.00036107864774142704,42,42,3,
resnet50_no_weights,IMAGENET100,fp32_fused,layer1.1.conv3,"(256, 64, 1, 1)",5.8602758049964905,0.0003576828494260553,43,43,3,
resnet50_no_weights,IMAGENET100,fp32_fused,layer1.1.conv3,"(256, 64, 1, 1)",5.736739589617803,0.00035014279721788346,44,44,3,
resnet50_no_weights,IMAGENET100,fp32_fused,layer1.1.conv3,"(256, 64, 1, 1)",5.837642653069945,0.0003563014314617886,"42,43,44",aggregate,3,0.09170568911027746
resnet50_no_weights,IMAGENET100,fp32_fused,layer1.2.conv1,"(64, 256, 1, 1)",2.22649926999036,0.00013589473083437255,42,42,3,
resnet50_no_weights,IMAGENET100,fp32_fused,layer1.2.conv1,"(64, 256, 1, 1)",2.540517979198032,0.00015506091181628613,43,43,3,
resnet50_no_weights,IMAGENET100,fp32_fused,layer1.2.conv1,"(64, 256, 1, 1)",1.9691773692766825,0.00012018904841776627,44,44,3,
resnet50_no_weights,IMAGENET100,fp32_fused,layer1.2.conv1,"(64, 256, 1, 1)",2.245398206155025,0.00013704823035614165,"42,43,44",aggregate,3,0.2861387783531654
resnet50_no_weights,IMAGENET100,fp32_fused,layer1.2.conv2,"(64, 64, 3, 3)",0.7697364921371143,2.088043869729585e-05,42,42,3,
resnet50_no_weights,IMAGENET100,fp32_fused,layer1.2.conv2,"(64, 64, 3, 3)",0.6051300438741843,1.6415203013080086e-05,43,43,3,
resnet50_no_weights,IMAGENET100,fp32_fused,layer1.2.conv2,"(64, 64, 3, 3)",0.7760489404201507,2.105167481608482e-05,44,44,3,
resnet50_no_weights,IMAGENET100,fp32_fused,layer1.2.conv2,"(64, 64, 3, 3)",0.7169718254771498,1.944910550882025e-05,"42,43,44",aggregate,3,0.09690923503426062
resnet50_no_weights,IMAGENET100,fp32_fused,layer1.2.conv3,"(256, 64, 1, 1)",2.3236806844842843,0.00014182621365260524,42,42,3,
resnet50_no_weights,IMAGENET100,fp32_fused,layer1.2.conv3,"(256, 64, 1, 1)",2.264024223600115,0.00013818507224121795,43,43,3,
resnet50_no_weights,IMAGENET100,fp32_fused,layer1.2.conv3,"(256, 64, 1, 1)",2.3526239097118378,0.0001435927679267479,44,44,3,
resnet50_no_weights,IMAGENET100,fp32_fused,layer1.2.conv3,"(256, 64, 1, 1)",2.3134429392654123,0.0001412013512735237,"42,43,44",aggregate,3,0.04517836501190428
resnet50_no_weights,IMAGENET100,fp32_fused,layer2.0.conv1,"(128, 256, 1, 1)",16.136429639963005,0.0004924447521961366,42,42,3,
resnet50_no_weights,IMAGENET100,fp32_fused,layer2.0.conv1,"(128, 256, 1, 1)",14.429608678817749,0.0004403567101689987,43,43,3,
resnet50_no_weights,IMAGENET100,fp32_fused,layer2.0.conv1,"(128, 256, 1, 1)",20.22924349524758,0.0006173475187758661,44,44,3,
resnet50_no_weights,IMAGENET100,fp32_fused,layer2.0.conv1,"(128, 256, 1, 1)",16.93176060467611,0.0005167163270470004,"42,43,44",aggregate,3,2.9804956816878434
resnet50_no_weights,IMAGENET100,fp32_fused,layer2.0.conv2,"(128, 128, 3, 3)",20.576929251352947,0.00013954623244461363,42,42,3,
resnet50_no_weights,IMAGENET100,fp32_fused,layer2.0.conv2,"(128, 128, 3, 3)",26.028552560245288,0.00017651741916398984,43,43,3,
resnet50_no_weights,IMAGENET100,fp32_fused,layer2.0.conv2,"(128, 128, 3, 3)",24.24160935084025,0.00016439893494222174,44,44,3,
resnet50_no_weights,IMAGENET100,fp32_fused,layer2.0.conv2,"(128, 128, 3, 3)",23.61569705414616,0.00016015419551694175,"42,43,44",aggregate,3,2.7791858210416986
resnet50_no_weights,IMAGENET100,fp32_fused,layer2.0.conv3,"(512, 128, 1, 1)",39.960417815617156,0.0006097475862978692,42,42,3,
resnet50_no_weights,IMAGENET100,fp32_fused,layer2.0.conv3,"(512, 128, 1, 1)",29.716443252563476,0.0004534369392786175,43,43,3,
resnet50_no_weights,IMAGENET100,fp32_fused,layer2.0.conv3,"(512, 128, 1, 1)",33.725900967915855,0.0005146164088121926,44,44,3,
resnet50_no_weights,IMAGENET100,fp32_fused,layer2.0.conv3,"(512, 128, 1, 1)",34.467587345365494,0.0005259336447962264,"42,43,44",aggregate,3,5.162104970261016
resnet50_no_weights,IMAGENET100,fp32_fused,layer2.0.downsample.0,"(512, 256, 1, 1)",66.8455836613973,0.0005099913304244789,42,42,3,
resnet50_no_weights,IMAGENET100,fp32_fused,layer2.0.downsample.0,"(512, 256, 1, 1)",58.31411018371582,0.0004449013533303514,43,43,3,
resnet50_no_weights,IMAGENET100,fp32_fused,layer2.0.downsample.0,"(512, 256, 1, 1)",66.8560073852539,0.0005100708571262657,44,44,3,
resnet50_no_weights,IMAGENET100,fp32_fused,layer2.0.downsample.0,"(512, 256, 1, 1)",64.00523374345568,0.0004883211802936987,"42,43,44",aggregate,3,4.928660334479775
resnet50_no_weights,IMAGENET100,fp32_fused,layer2.1.conv1,"(128, 512, 1, 1)",26.65705639521281,0.0004067544005617189,42,42,3,
resnet50_no_weights,IMAGENET100,fp32_fused,layer2.1.conv1,"(128, 512, 1, 1)",22.235426966349284,0.000339285689794148,43,43,3,
resnet50_no_weights,IMAGENET100,fp32_fused,layer2.1.conv1,"(128, 512, 1, 1)",31.15470380783081,0.00047538305370835586,44,44,3,
resnet50_no_weights,IMAGENET100,fp32_fused,layer2.1.conv1,"(128, 512, 1, 1)",26.682395723130966,0.00040714104802140757,"42,43,44",aggregate,3,4.459692411467597
resnet50_no_weights,IMAGENET100,fp32_fused,layer2.1.conv2,"(128, 128, 3, 3)",14.42851613915485,9.784963744544034e-05,42,42,3,
resnet50_no_weights,IMAGENET100,fp32_fused,layer2.1.conv2,"(128, 128, 3, 3)",17.32097571829091,0.00011746538437426019,43,43,3,
resnet50_no_weights,IMAGENET100,fp32_fused,layer2.1.conv2,"(128, 128, 3, 3)",14.295292872648973,9.694615934684905e-05,44,44,3,
resnet50_no_weights,IMAGENET100,fp32_fused,layer2.1.conv2,"(128, 128, 3, 3)",15.348261576698244,0.00010408706038884985,"42,43,44",aggregate,3,1.709718667797246
resnet50_no_weights,IMAGENET100,fp32_fused,layer2.1.conv3,"(512, 128, 1, 1)",21.593334674835205,0.0003294881389592774,42,42,3,
resnet50_no_weights,IMAGENET100,fp32_fused,layer2.1.conv3,"(512, 128, 1, 1)",23.29825809266832,0.00035550320575970947,43,43,3,
resnet50_no_weights,IMAGENET100,fp32_fused,layer2.1.conv3,"(512, 128, 1, 1)",21.96094012260437,0.00033509735294501297,44,44,3,
resnet50_no_weights,IMAGENET100,fp32_fused,layer2.1.conv3,"(512, 128, 1, 1)",22.284177630035966,0.00034002956588799997,"42,43,44",aggregate,3,0.8972473626747978
resnet50_no_weights,IMAGENET100,fp32_fused,layer2.2.conv1,"(128, 512, 1, 1)",7.074449320634206,0.00010794752991690378,42,42,3,
resnet50_no_weights,IMAGENET100,fp32_fused,layer2.2.conv1,"(128, 512, 1, 1)",5.470097621281941,8.346706575442416e-05,43,43,3,
resnet50_no_weights,IMAGENET100,fp32_fused,layer2.2.conv1,"(128, 512, 1, 1)",6.17258087793986,9.418610958770539e-05,44,44,3,
resnet50_no_weights,IMAGENET100,fp32_fused,layer2.2.conv1,"(128, 512, 1, 1)",6.2390426066186695,9.520023508634444e-05,"42,43,44",aggregate,3,0.8042381269486397
resnet50_no_weights,IMAGENET100,fp32_fused,layer2.2.conv2,"(128, 128, 3, 3)",8.48895943959554,5.7569440643958466e-05,42,42,3,
resnet50_no_weights,IMAGENET100,fp32_fused,layer2.2.conv2,"(128, 128, 3, 3)",6.858896464109421,4.6514868598832334e-05,43,43,3,
resnet50_no_weights,IMAGENET100,fp32_fused,layer2.2.conv2,"(128, 128, 3, 3)",8.003437701861063,5.4276785630025655e-05,44,44,3,
resnet50_no_weights,IMAGENET100,fp32_fused,layer2.2.conv2,"(128, 128, 3, 3)",7.783764535188674,5.278703162427215e-05,"42,43,44",aggregate,3,0.8369399925499864
resnet50_no_weights,IMAGENET100,fp32_fused,layer2.2.conv3,"(512, 128, 1, 1)",21.902216570717947,0.00033420130265377726,42,42,3,
resnet50_no_weights,IMAGENET100,fp32_fused,layer2.2.conv3,"(512, 128, 1, 1)",19.387939643859863,0.000295836481382139,43,43,3,
resnet50_no_weights,IMAGENET100,fp32_fused,layer2.2.conv3,"(512, 128, 1, 1)",15.123377208709718,0.00023076442274032162,44,44,3,
resnet50_no_weights,IMAGENET100,fp32_fused,layer2.2.conv3,"(512, 128, 1, 1)",18.804511141095844,0.00028693406892541266,"42,43,44",aggregate,3,3.426872829177665
resnet50_no_weights,IMAGENET100,fp32_fused,layer2.3.conv1,"(128, 512, 1, 1)",35.94493584010912,0.0005484761938493213,42,42,3,
resnet50_no_weights,IMAGENET100,fp32_fused,layer2.3.conv1,"(128, 512, 1, 1)",24.128558731079103,0.0003681725880596787,43,43,3,
resnet50_no_weights,IMAGENET100,fp32_fused,layer2.3.conv1,"(128, 512, 1, 1)",30.01307264963786,0.00045796314467831206,44,44,3,
resnet50_no_weights,IMAGENET100,fp32_fused,layer2.3.conv1,"(128, 512, 1, 1)",30.02885574027536,0.000458203975529104,"42,43,44",aggregate,3,5.908204365555129
resnet50_no_weights,IMAGENET100,fp32_fused,layer2.3.conv2,"(128, 128, 3, 3)",15.656243133544923,0.00010617569399376711,42,42,3,
resnet50_no_weights,IMAGENET100,fp32_fused,layer2.3.conv2,"(128, 128, 3, 3)",17.04357012835416,0.00011558410731576985,43,43,3,
resnet50_no_weights,IMAGENET100,fp32_fused,layer2.3.conv2,"(128, 128, 3, 3)",20.904521795419548,0.00014176786156832919,44,44,3,
resnet50_no_weights,IMAGENET100,fp32_fused,layer2.3.conv2,"(128, 128, 3, 3)",17.868111685772877,0.00012117588762595538,"42,43,44",aggregate,3,2.7195604080632205
resnet50_no_weights,IMAGENET100,fp32_fused,layer2.3.conv3,"(512, 128, 1, 1)",26.433035628000894,0.00040333611492921286,42,42,3,
resnet50_no_weights,IMAGENET100,fp32_fused,layer2.3.conv3,"(512, 128, 1, 1)",32.3774175008138,0.0004940401840334137,43,43,3,
resnet50_no_weights,IMAGENET100,fp32_fused,layer2.3.conv3,"(512, 128, 1, 1)",28.299863036473592,0.0004318216405711913,44,44,3,
resnet50_no_weights,IMAGENET100,fp32_fused,layer2.3.conv3,"(512, 128, 1, 1)",29.036772055096094,0.0004430659798446059,"42,43,44",aggregate,3,3.039933410249647
resnet50_no_weights,IMAGENET100,fp32_fused,layer3.0.conv1,"(256, 512, 1, 1)",99.97370698716905,0.0007627388533566975,42,42,3,
resnet50_no_weights,IMAGENET100,fp32_fused,layer3.0.conv1,"(256, 512, 1, 1)",98.71492729187011,0.0007531351264333352,43,43,3,
resnet50_no_weights,IMAGENET100,fp32_fused,layer3.0.conv1,"(256, 512, 1, 1)",83.83794860839843,0.0006396327866241336,44,44,3,
resnet50_no_weights,IMAGENET100,fp32_fused,layer3.0.conv1,"(256, 512, 1, 1)",94.17552762914586,0.0007185022554713887,"42,43,44",aggregate,3,8.9747025905025
resnet50_no_weights,IMAGENET100,fp32_fused,layer3.0.conv2,"(256, 256, 3, 3)",82.70830154418945,0.00014022539188671444,42,42,3,
resnet50_no_weights,IMAGENET100,fp32_fused,layer3.0.conv2,"(256, 256, 3, 3)",71.7188217163086,0.00012159359693113301,43,43,3,
resnet50_no_weights,IMAGENET100,fp32_fused,layer3.0.conv2,"(256, 256, 3, 3)",74.89851109186809,0.00012698450909401463,44,44,3,
resnet50_no_weights,IMAGENET100,fp32_fused,layer3.0.conv2,"(256, 256, 3, 3)",76.44187811745537,0.00012960116597062068,"42,43,44",aggregate,3,5.654967113397096
resnet50_no_weights,IMAGENET100,fp32_fused,layer3.0.conv3,"(1024, 256, 1, 1)",186.320640818278,0.0007107568390589829,42,42,3,
resnet50_no_weights,IMAGENET100,fp32_fused,layer3.0.conv3,"(1024, 256, 1, 1)",192.36598895844958,0.0007338180120790465,43,43,3,
resnet50_no_weights,IMAGENET100,fp32_fused,layer3.0.conv3,"(1024, 256, 1, 1)",207.67478942871094,0.0007922164513729513,44,44,3,
resnet50_no_weights,IMAGENET100,fp32_fused,layer3.0.conv3,"(1024, 256, 1, 1)",195.45380640181284,0.0007455971008369936,"42,43,44",aggregate,3,11.00685596079859
resnet50_no_weights,IMAGENET100,fp32_fused,layer3.0.downsample.0,"(1024, 512, 1, 1)",199.4817123413086,0.00038048117130529135,42,42,3,
resnet50_no_weights,IMAGENET100,fp32_fused,layer3.0.downsample.0,"(1024, 512, 1, 1)",150.18220977783204,0.000286449832492508,43,43,3,
resnet50_no_weights,IMAGENET100,fp32_fused,layer3.0.downsample.0,"(1024, 512, 1, 1)",139.5647027151925,0.00026619854491270544,44,44,3,
resnet50_no_weights,IMAGENET100,fp32_fused,layer3.0.downsample.0,"(1024, 512, 1, 1)",163.07620827811104,0.0003110431829035016,"42,43,44",aggregate,3,31.971915936144956
resnet50_no_weights,IMAGENET100,fp32_fused,layer3.1.conv1,"(256, 1024, 1, 1)",29.355750033729954,0.00011198329938404066,42,42,3,
resnet50_no_weights,IMAGENET100,fp32_fused,layer3.1.conv1,"(256, 1024, 1, 1)",29.636182880401613,0.00011305306579743047,43,43,3,
resnet50_no_weights,IMAGENET100,fp32_fused,layer3.1.conv1,"(256, 1024, 1, 1)",29.558482450597428,0.00011275666218031856,44,44,3,
resnet50_no_weights,IMAGENET100,fp32_fused,layer3.1.conv1,"(256, 1024, 1, 1)",29.516805121576333,0.00011259767578726323,"42,43,44",aggregate,3,0.14478741377910573
resnet50_no_weights,IMAGENET100,fp32_fused,layer3.1.conv2,"(256, 256, 3, 3)",33.33461167017619,5.651620088395214e-05,42,42,3,
resnet50_no_weights,IMAGENET100,fp32_fused,layer3.1.conv2,"(256, 256, 3, 3)",31.33455073038737,5.312525555146513e-05,43,43,3,
resnet50_no_weights,IMAGENET100,fp32_fused,layer3.1.conv2,"(256, 256, 3, 3)",34.95948556264241,5.927104621487497e-05,44,44,3,
resnet50_no_weights,IMAGENET100,fp32_fused,layer3.1.conv2,"(256, 256, 3, 3)",33.20954932106866,5.6304167550097415e-05,"42,43,44",aggregate,3,1.8157005749564532
resnet50_no_weights,IMAGENET100,fp32_fused,layer3.1.conv3,"(1024, 256, 1, 1)",53.314860564011795,0.00020338005281071394,42,42,3,
resnet50_no_weights,IMAGENET100,fp32_fused,layer3.1.conv3,"(1024, 256, 1, 1)",50.35995231628418,0.00019210797239793464,43,43,3,
resnet50_no_weights,IMAGENET100,fp32_fused,layer3.1.conv3,"(1024, 256, 1, 1)",57.51466833750407,0.00021940104804040554,44,44,3,
resnet50_no_weights,IMAGENET100,fp32_fused,layer3.1.conv3,"(1024, 256, 1, 1)",53.72982707260002,0.00020496302441635138,"42,43,44",aggregate,3,3.595363436220679
resnet50_no_weights,IMAGENET100,fp32_fused,layer3.2.conv1,"(256, 1024, 1, 1)",28.861083380381267,0.00011009629585411555,42,42,3,
resnet50_no_weights,IMAGENET100,fp32_fused,layer3.2.conv1,"(256, 1024, 1, 1)",34.32029395103454,0.0001309215314904577,43,43,3,
resnet50_no_weights,IMAGENET100,fp32_fused,layer3.2.conv1,"(256, 1024, 1, 1)",26.47891461054484,0.00010100904316156327,44,44,3,
resnet50_no_weights,IMAGENET100,fp32_fused,layer3.2.conv1,"(256, 1024, 1, 1)",29.88676398065355,0.00011400895683537884,"42,43,44",aggregate,3,4.020052612926336
resnet50_no_weights,IMAGENET100,fp32_fused,layer3.2.conv2,"(256, 256, 3, 3)",18.85913247328538,3.197416936795617e-05,42,42,3,
resnet50_no_weights,IMAGENET100,fp32_fused,layer3.2.conv2,"(256, 256, 3, 3)",21.432418575993292,3.633697268336536e-05,43,43,3,
resnet50_no_weights,IMAGENET100,fp32_fused,layer3.2.conv2,"(256, 256, 3, 3)",21.447004922231038,3.6361702681191404e-05,44,44,3,
resnet50_no_weights,IMAGENET100,fp32_fused,layer3.2.conv2,"(256, 256, 3, 3)",20.579518657169903,3.4890948244170975e-05,"42,43,44",aggregate,3,1.4899159897959697
resnet50_no_weights,IMAGENET100,fp32_fused,layer3.2.conv3,"(1024, 256, 1, 1)",66.26884651184082,0.000252795587584842,42,42,3,
resnet50_no_weights,IMAGENET100,fp32_fused,layer3.2.conv3,"(1024, 256, 1, 1)",45.16181509835379,0.00017227865256635205,43,43,3,
resnet50_no_weights,IMAGENET100,fp32_fused,layer3.2.conv3,"(1024, 256, 1, 1)",49.4788621266683,0.00018874688006083792,44,44,3,
resnet50_no_weights,IMAGENET100,fp32_fused,layer3.2.conv3,"(1024, 256, 1, 1)",53.636507912287634,0.00020460704007067731,"42,43,44",aggregate,3,11.150838875685126
resnet50_no_weights,IMAGENET100,fp32_fused,layer3.3.conv1,"(256, 1024, 1, 1)",22.15391976038615,8.45104971328207e-05,42,42,3,
resnet50_no_weights,IMAGENET100,fp32_fused,layer3.3.conv1,"(256, 1024, 1, 1)",23.09280446370443,8.809205804330608e-05,43,43,3,
resnet50_no_weights,IMAGENET100,fp32_fused,layer3.3.conv1,"(256, 1024, 1, 1)",26.0361392611549,9.931998924695931e-05,44,44,3,
resnet50_no_weights,IMAGENET100,fp32_fused,layer3.3.conv1,"(256, 1024, 1, 1)",23.760954495081826,9.06408481410287e-05,"42,43,44",aggregate,3,2.0255185536942157
resnet50_no_weights,IMAGENET100,fp32_fused,layer3.3.conv2,"(256, 256, 3, 3)",32.07523822784424,5.4381032694234615e-05,42,42,3,
resnet50_no_weights,IMAGENET100,fp32_fused,layer3.3.conv2,"(256, 256, 3, 3)",30.773343404134113,5.217377286128424e-05,43,43,3,
resnet50_no_weights,IMAGENET100,fp32_fused,layer3.3.conv2,"(256, 256, 3, 3)",36.156167316436765,6.129992559888504e-05,44,44,3,
resnet50_no_weights,IMAGENET100,fp32_fused,layer3.3.conv2,"(256, 256, 3, 3)",33.00158298280504,5.595157705146796e-05,"42,43,44",aggregate,3,2.808430926958476
resnet50_no_weights,IMAGENET100,fp32_fused,layer3.3.conv3,"(1024, 256, 1, 1)",86.71709887186687,0.0003307994799494433,42,42,3,
resnet50_no_weights,IMAGENET100,fp32_fused,layer3.3.conv3,"(1024, 256, 1, 1)",85.4768278187719,0.0003260682213545681,43,43,3,
resnet50_no_weights,IMAGENET100,fp32_fused,layer3.3.conv3,"(1024, 256, 1, 1)",81.68782501220703,0.00031161432270891963,44,44,3,
resnet50_no_weights,IMAGENET100,fp32_fused,layer3.3.conv3,"(1024, 256, 1, 1)",84.62725056761526,0.0003228273413376437,"42,43,44",aggregate,3,2.6200639339769145
resnet50_no_weights,IMAGENET100,fp32_fused,layer3.4.conv1,"(256, 1024, 1, 1)",26.977769374847412,0.00010291202306689229,42,42,3,
resnet50_no_weights,IMAGENET100,fp32_fused,layer3.4.conv1,"(256, 1024, 1, 1)",44.77900409698486,0.00017081834448617883,43,43,3,
resnet50_no_weights,IMAGENET100,fp32_fused,layer3.4.conv1,"(256, 1024, 1, 1)",29.752770360310873,0.00011349781173824643,44,44,3,
resnet50_no_weights,IMAGENET100,fp32_fused,layer3.4.conv1,"(256, 1024, 1, 1)",33.83651461071438,0.0001290760597637725,"42,43,44",aggregate,3,9.577510884106882
resnet50_no_weights,IMAGENET100,fp32_fused,layer3.4.conv2,"(256, 256, 3, 3)",23.72316919962565,4.0220759412342755e-05,42,42,3,
resnet50_no_weights,IMAGENET100,fp32_fused,layer3.4.conv2,"(256, 256, 3, 3)",20.640372641881306,3.4994121368206965e-05,43,43,3,
resnet50_no_weights,IMAGENET100,fp32_fused,layer3.4.conv2,"(256, 256, 3, 3)",23.69628651936849,4.017518195151179e-05,44,44,3,
resnet50_no_weights,IMAGENET100,fp32_fused,layer3.4.conv2,"(256, 256, 3, 3)",22.68660945362515,3.8463354244020505e-05,"42,43,44",aggregate,3,1.772144036732386
resnet50_no_weights,IMAGENET100,fp32_fused,layer3.4.conv3,"(1024, 256, 1, 1)",81.99991594042096,0.0003128048551194037,42,42,3,
resnet50_no_weights,IMAGENET100,fp32_fused,layer3.4.conv3,"(1024, 256, 1, 1)",68.91978492736817,0.00026290811510989445,43,43,3,
resnet50_no_weights,IMAGENET100,fp32_fused,layer3.4.conv3,"(1024, 256, 1, 1)",70.8049186706543,0.0002700993296457455,44,44,3,
resnet50_no_weights,IMAGENET100,fp32_fused,layer3.4.conv3,"(1024, 256, 1, 1)",73.90820651281447,0.0002819374332916812,"42,43,44",aggregate,3,7.070732168816093
resnet50_no_weights,IMAGENET100,fp32_fused,layer3.5.conv1,"(256, 1024, 1, 1)",35.35186109542847,0.0001348566478554858,42,42,3,
resnet50_no_weights,IMAGENET100,fp32_fused,layer3.5.conv1,"(256, 1024, 1, 1)",33.685892486572264,0.00012850148195866495,43,43,3,
resnet50_no_weights,IMAGENET100,fp32_fused,layer3.5.conv1,"(256, 1024, 1, 1)",30.252241452534992,0.00011540314274801251,44,44,3,
resnet50_no_weights,IMAGENET100,fp32_fused,layer3.5.conv1,"(256, 1024, 1, 1)",33.09666501151191,0.0001262537575207211,"42,43,44",aggregate,3,2.600369567690475
resnet50_no_weights,IMAGENET100,fp32_fused,layer3.5.conv2,"(256, 256, 3, 3)",33.825055344899496,5.7347709392801064e-05,42,42,3,
resnet50_no_weights,IMAGENET100,fp32_fused,layer3.5.conv2,"(256, 256, 3, 3)",28.465178762163436,4.826046203980075e-05,43,43,3,
resnet50_no_weights,IMAGENET100,fp32_fused,layer3.5.conv2,"(256, 256, 3, 3)",22.401857376098633,3.7980579590010973e-05,44,44,3,
resnet50_no_weights,IMAGENET100,fp32_fused,layer3.5.conv2,"(256, 256, 3, 3)",28.230697161053854,4.7862917007537596e-05,"42,43,44",aggregate,3,5.715207710534083
resnet50_no_weights,IMAGENET100,fp32_fused,layer3.5.conv3,"(1024, 256, 1, 1)",111.6311694874483,0.00042583911700229,42,42,3,
resnet50_no_weights,IMAGENET100,fp32_fused,layer3.5.conv3,"(1024, 256, 1, 1)",96.08282108306885,0.00036652687485911884,43,43,3,
resnet50_no_weights,IMAGENET100,fp32_fused,layer3.5.conv3,"(1024, 256, 1, 1)",78.92555164155506,0.0003010770860349848,44,44,3,
resnet50_no_weights,IMAGENET100,fp32_fused,layer3.5.conv3,"(1024, 256, 1, 1)",95.54651407069073,0.00036448102596546453,"42,43,44",aggregate,3,16.359403368675984
resnet50_no_weights,IMAGENET100,fp32_fused,layer4.0.conv1,"(512, 1024, 1, 1)",100.26220194498698,0.0001912349738025417,42,42,3,
resnet50_no_weights,IMAGENET100,fp32_fused,layer4.0.conv1,"(512, 1024, 1, 1)",110.39328358968099,0.00021055847852646063,43,43,3,
resnet50_no_weights,IMAGENET100,fp32_fused,layer4.0.conv1,"(512, 1024, 1, 1)",119.76642209007626,0.00022843632143035176,44,44,3,
resnet50_no_weights,IMAGENET100,fp32_fused,layer4.0.conv1,"(512, 1024, 1, 1)",110.14063587491475,0.00021007659125311804,"42,43,44",aggregate,3,9.754564265914652
resnet50_no_weights,IMAGENET100,fp32_fused,layer4.0.conv2,"(512, 512, 3, 3)",116.99611829121908,4.95894191704725e-05,42,42,3,
resnet50_no_weights,IMAGENET100,fp32_fused,layer4.0.conv2,"(512, 512, 3, 3)",111.14450759887696,4.7109183247408105e-05,43,43,3,
resnet50_no_weights,IMAGENET100,fp32_fused,layer4.0.conv2,"(512, 512, 3, 3)",129.37114028930665,5.483463723471182e-05,44,44,3,
resnet50_no_weights,IMAGENET100,fp32_fused,layer4.0.conv2,"(512, 512, 3, 3)",119.17058872646756,5.0511079884197474e-05,"42,43,44",aggregate,3,9.305846337829108
resnet50_no_weights,IMAGENET100,fp32_fused,layer4.0.conv3,"(2048, 512, 1, 1)",414.1696497599284,0.0003949829576110157,42,42,3,
resnet50_no_weights,IMAGENET100,fp32_fused,layer4.0.conv3,"(2048, 512, 1, 1)",417.41920674641926,0.00039808197664873053,43,43,3,
resnet50_no_weights,IMAGENET100,fp32_fused,layer4.0.conv3,"(2048, 512, 1, 1)",420.4219093322754,0.00040094557698466815,44,44,3,
resnet50_no_weights,IMAGENET100,fp32_fused,layer4.0.conv3,"(2048, 512, 1, 1)",417.33692194620767,0.0003980035037481381,"42,43,44",aggregate,3,3.1269418816569847
resnet50_no_weights,IMAGENET100,fp32_fused,layer4.0.downsample.0,"(2048, 1024, 1, 1)",81.44542172749837,3.8836203445195375e-05,42,42,3,
resnet50_no_weights,IMAGENET100,fp32_fused,layer4.0.downsample.0,"(2048, 1024, 1, 1)",81.1302885055542,3.8685936215188124e-05,43,43,3,
resnet50_no_weights,IMAGENET100,fp32_fused,layer4.0.downsample.0,"(2048, 1024, 1, 1)",83.6774996707314,3.9900541148534485e-05,44,44,3,
resnet50_no_weights,IMAGENET100,fp32_fused,layer4.0.downsample.0,"(2048, 1024, 1, 1)",82.08440330126132,3.914089360297266e-05,"42,43,44",aggregate,3,1.3886303571171368
resnet50_no_weights,IMAGENET100,fp32_fused,layer4.1.conv1,"(512, 2048, 1, 1)",37.936238288879395,3.6178816117171664e-05,42,42,3,
resnet50_no_weights,IMAGENET100,fp32_fused,layer4.1.conv1,"(512, 2048, 1, 1)",36.92860967462713,3.521786658728326e-05,43,43,3,
resnet50_no_weights,IMAGENET100,fp32_fused,layer4.1.conv1,"(512, 2048, 1, 1)",40.76034037272135,3.887208974144111e-05,44,44,3,
resnet50_no_weights,IMAGENET100,fp32_fused,layer4.1.conv1,"(512, 2048, 1, 1)",38.541729445409295,3.675625748196535e-05,"42,43,44",aggregate,3,1.98632945181718
resnet50_no_weights,IMAGENET100,fp32_fused,layer4.1.conv2,"(512, 512, 3, 3)",94.38403828938802,4.000517030901931e-05,42,42,3,
resnet50_no_weights,IMAGENET100,fp32_fused,layer4.1.conv2,"(512, 512, 3, 3)",95.74591651329628,4.0582409546447874e-05,43,43,3,
resnet50_no_weights,IMAGENET100,fp32_fused,layer4.1.conv2,"(512, 512, 3, 3)",98.92509536743164,4.1929921199981535e-05,44,44,3,
resnet50_no_weights,IMAGENET100,fp32_fused,layer4.1.conv2,"(512, 512, 3, 3)",96.35168339003864,4.0839167018482906e-05,"42,43,44",aggregate,3,2.3303465360823847
resnet50_no_weights,IMAGENET100,fp32_fused,layer4.1.conv3,"(2048, 512, 1, 1)",336.2744598388672,0.00032069631561171263,42,42,3,
resnet50_no_weights,IMAGENET100,fp32_fused,layer4.1.conv3,"(2048, 512, 1, 1)",334.24451649983723,0.0003187604107855198,43,43,3,
resnet50_no_weights,IMAGENET100,fp32_fused,layer4.1.conv3,"(2048, 512, 1, 1)",319.6672063191732,0.0003048584044639332,44,44,3,
resnet50_no_weights,IMAGENET100,fp32_fused,layer4.1.conv3,"(2048, 512, 1, 1)",330.0620608859592,0.00031477171028705523,"42,43,44",aggregate,3,9.059244923744577
resnet50_no_weights,IMAGENET100,fp32_fused,layer4.2.conv1,"(512, 2048, 1, 1)",39.235120646158855,3.741752686134229e-05,42,42,3,
resnet50_no_weights,IMAGENET100,fp32_fused,layer4.2.conv1,"(512, 2048, 1, 1)",44.14715805053711,4.210201077512465e-05,43,43,3,
resnet50_no_weights,IMAGENET100,fp32_fused,layer4.2.conv1,"(512, 2048, 1, 1)",38.52702723609077,3.674223636254384e-05,44,44,3,
resnet50_no_weights,IMAGENET100,fp32_fused,layer4.2.conv1,"(512, 2048, 1, 1)",40.63643531092891,3.875392466633693e-05,"42,43,44",aggregate,3,3.060919744969971
resnet50_no_weights,IMAGENET100,fp32_fused,layer4.2.conv2,"(512, 512, 3, 3)",55.67919202951285,2.359991795413244e-05,42,42,3,
resnet50_no_weights,IMAGENET100,fp32_fused,layer4.2.conv2,"(512, 512, 3, 3)",57.798316383361815,2.449811994059322e-05,43,43,3,
resnet50_no_weights,IMAGENET100,fp32_fused,layer4.2.conv2,"(512, 512, 3, 3)",58.24400122960409,2.4687025803292204e-05,44,44,3,
resnet50_no_weights,IMAGENET100,fp32_fused,layer4.2.conv2,"(512, 512, 3, 3)",57.24050321415958,2.4261687899339288e-05,"42,43,44",aggregate,3,1.3703752066568282
resnet50_no_weights,IMAGENET100,fp32_fused,layer4.2.conv3,"(2048, 512, 1, 1)",78.31768582661947,7.468956549322077e-05,42,42,3,
resnet50_no_weights,IMAGENET100,fp32_fused,layer4.2.conv3,"(2048, 512, 1, 1)",73.60798835754395,7.019804797891993e-05,43,43,3,
resnet50_no_weights,IMAGENET100,fp32_fused,layer4.2.conv3,"(2048, 512, 1, 1)",99.15360553448016,9.456024697731034e-05,44,44,3,
resnet50_no_weights,IMAGENET100,fp32_fused,layer4.2.conv3,"(2048, 512, 1, 1)",83.69309323954786,7.981595348315035e-05,"42,43,44",aggregate,3,13.59470091171074
resnet50_no_weights,IMAGENET100,fp32_fused,fc,"(100, 2048)",14.538624869452583,7.098937924537394e-05,42,42,3,
resnet50_no_weights,IMAGENET100,fp32_fused,fc,"(100, 2048)",14.052239672342937,6.8614451525112e-05,43,43,3,
resnet50_no_weights,IMAGENET100,fp32_fused,fc,"(100, 2048)",14.105992107391357,6.887691458687186e-05,44,44,3,
resnet50_no_weights,IMAGENET100,fp32_fused,fc,"(100, 2048)",14.232285549728958,6.949358178578594e-05,"42,43,44",aggregate,3,0.266655517803323
resnet50_no_weights,IMAGENET100,ptq,conv1,"(64, 3, 7, 7)",6390.076635742187,0.6792173294793992,42,42,3,
resnet50_no_weights,IMAGENET100,ptq,conv1,"(64, 3, 7, 7)",6888.059483119419,0.7321491797533396,43,43,3,
resnet50_no_weights,IMAGENET100,ptq,conv1,"(64, 3, 7, 7)",5877.138362630209,0.6246958293612042,44,44,3,
resnet50_no_weights,IMAGENET100,ptq,conv1,"(64, 3, 7, 7)",6385.091493830605,0.6786874461979809,"42,43,44",aggregate,3,505.4789972814888
resnet50_no_weights,IMAGENET100,ptq,layer1.0.conv1,"(64, 64, 1, 1)",87.71552884137189,0.02141492403353806,42,42,3,
resnet50_no_weights,IMAGENET100,ptq,layer1.0.conv1,"(64, 64, 1, 1)",93.82134501139323,0.022905601809422176,43,43,3,
resnet50_no_weights,IMAGENET100,ptq,layer1.0.conv1,"(64, 64, 1, 1)",76.79330342610677,0.01874836509426435,44,44,3,
resnet50_no_weights,IMAGENET100,ptq,layer1.0.conv1,"(64, 64, 1, 1)",86.1100590929573,0.02102296364574153,"42,43,44",aggregate,3,8.626801254947692
resnet50_no_weights,IMAGENET100,ptq,layer1.0.conv2,"(64, 64, 3, 3)",92.82306429545085,0.002517986770167395,42,42,3,
resnet50_no_weights,IMAGENET100,ptq,layer1.0.conv2,"(64, 64, 3, 3)",91.49906692504882,0.002482071042888694,43,43,3,
resnet50_no_weights,IMAGENET100,ptq,layer1.0.conv2,"(64, 64, 3, 3)",97.4815180460612,0.0026443554157460176,44,44,3,
resnet50_no_weights,IMAGENET100,ptq,layer1.0.conv2,"(64, 64, 3, 3)",93.9345497555203,0.0025481377429340357,"42,43,44",aggregate,3,3.1422890223187436
resnet50_no_weights,IMAGENET100,ptq,layer1.0.conv3,"(256, 64, 1, 1)",137.34206771850586,0.008382694562897086,42,42,3,
resnet50_no_weights,IMAGENET100,ptq,layer1.0.conv3,"(256, 64, 1, 1)",100.68375232301909,0.006145248554871771,43,43,3,
resnet50_no_weights,IMAGENET100,ptq,layer1.0.conv3,"(256, 64, 1, 1)",83.69125620524089,0.00510810889924566,44,44,3,
resnet50_no_weights,IMAGENET100,ptq,layer1.0.conv3,"(256, 64, 1, 1)",107.23902541558861,0.006545350672338172,"42,43,44",aggregate,3,27.4195386175004
resnet50_no_weights,IMAGENET100,ptq,layer1.0.downsample.0,"(256, 64, 1, 1)",119.56022453308105,0.0072973769856616855,42,42,3,
resnet50_no_weights,IMAGENET100,ptq,layer1.0.downsample.0,"(256, 64, 1, 1)",100.16255739000108,0.006113437340698308,43,43,3,
resnet50_no_weights,IMAGENET100,ptq,layer1.0.downsample.0,"(256, 64, 1, 1)",98.31141461824116,0.006000452552382883,44,44,3,
resnet50_no_weights,IMAGENET100,ptq,layer1.0.downsample.0,"(256, 64, 1, 1)",106.01139884710777,0.006470422292914293,"42,43,44",aggregate,3,11.77007606143762
resnet50_no_weights,IMAGENET100,ptq,layer1.1.conv1,"(64, 256, 1, 1)",15.469284439086914,0.0009441701928153634,42,42,3,
resnet50_no_weights,IMAGENET100,ptq,layer1.1.conv1,"(64, 256, 1, 1)",10.80908134153911,0.0006597339685997992,43,43,3,
resnet50_no_weights,IMAGENET100,ptq,layer1.1.conv1,"(64, 256, 1, 1)",16.41786738236745,0.0010020671009745759,44,44,3,
resnet50_no_weights,IMAGENET100,ptq,layer1.1.conv1,"(64, 256, 1, 1)",14.232077720997825,0.0008686570874632462,"42,43,44",aggregate,3,3.0021043553499758
resnet50_no_weights,IMAGENET100,ptq,layer1.1.conv2,"(64, 64, 3, 3)",5.025032244126002,0.0001363127236362305,42,42,3,
resnet50_no_weights,IMAGENET100,ptq,layer1.1.conv2,"(64, 64, 3, 3)",5.92092878818512,0.00016061547276977864,43,43,3,
resnet50_no_weights,IMAGENET100,ptq,layer1.1.conv2,"(64, 64, 3, 3)",3.5756872395674386,9.699672416361325e-05,44,44,3,
resnet50_no_weights,IMAGENET100,ptq,layer1.1.conv2,"(64, 64, 3, 3)",4.84054942395952,0.0001313083068565408,"42,43,44",aggregate,3,1.1834546520856213
resnet50_no_weights,IMAGENET100,ptq,layer1.1.conv3,"(256, 64, 1, 1)",9.648819569746653,0.0005889172100675447,42,42,3,
resnet50_no_weights,IMAGENET100,ptq,layer1.1.conv3,"(256, 64, 1, 1)",7.717201169331869,0.0004710205791828533,43,43,3,
resnet50_no_weights,IMAGENET100,ptq,layer1.1.conv3,"(256, 64, 1, 1)",7.998452488581339,0.0004881867973987634,44,44,3,
resnet50_no_weights,IMAGENET100,ptq,layer1.1.conv3,"(256, 64, 1, 1)",8.454824409219954,0.0005160415288830538,"42,43,44",aggregate,3,1.043548709292372
resnet50_no_weights,IMAGENET100,ptq,layer1.2.conv1,"(64, 256, 1, 1)",9.17261405189832,0.0005598519318785596,42,42,3,
resnet50_no_weights,IMAGENET100,ptq,layer1.2.conv1,"(64, 256, 1, 1)",8.09770857660394,0.0004942449082399866,43,43,3,
resnet50_no_weights,IMAGENET100,ptq,layer1.2.conv1,"(64, 256, 1, 1)",8.727781279881794,0.0005327014941334103,44,44,3,
resnet50_no_weights,IMAGENET100,ptq,layer1.2.conv1,"(64, 256, 1, 1)",8.666034636128018,0.0005289327780839854,"42,43,44",aggregate,3,0.5401064073084123
resnet50_no_weights,IMAGENET100,ptq,layer1.2.conv2,"(64, 64, 3, 3)",1.7442542384068171,4.7315924435948814e-05,42,42,3,
resnet50_no_weights,IMAGENET100,ptq,layer1.2.conv2,"(64, 64, 3, 3)",1.9529824028412501,5.2978038271518285e-05,43,43,3,
resnet50_no_weights,IMAGENET100,ptq,layer1.2.conv2,"(64, 64, 3, 3)",2.6338746547698975,7.144842270968689e-05,44,44,3,
resnet50_no_weights,IMAGENET100,ptq,layer1.2.conv2,"(64, 64, 3, 3)",2.1103704320059884,5.7247461805718004e-05,"42,43,44",aggregate,3,0.46522506928988194
resnet50_no_weights,IMAGENET100,ptq,layer1.2.conv3,"(256, 64, 1, 1)",3.1073835442463555,0.0001896596401517551,42,42,3,
resnet50_no_weights,IMAGENET100,ptq,layer1.2.conv3,"(256, 64, 1, 1)",2.033272842566172,0.00012410112564490797,43,43,3,
resnet50_no_weights,IMAGENET100,ptq,layer1.2.conv3,"(256, 64, 1, 1)",3.1123845557371776,0.00018996487766950547,44,44,3,
resnet50_no_weights,IMAGENET100,ptq,layer1.2.conv3,"(256, 64, 1, 1)",2.7510136475165683,0.00016790854782205617,"42,43,44",aggregate,3,0.6215867999299173
resnet50_no_weights,IMAGENET100,ptq,layer2.0.conv1,"(128, 256, 1, 1)",17.814504432678223,0.0005436555307824165,42,42,3,
resnet50_no_weights,IMAGENET100,ptq,layer2.0.conv1,"(128, 256, 1, 1)",14.333104912439982,0.00043741164893920843,43,43,3,
resnet50_no_weights,IMAGENET100,ptq,layer2.0.conv1,"(128, 256, 1, 1)",17.601767762502035,0.0005371633228302623,44,44,3,
resnet50_no_weights,IMAGENET100,ptq,layer2.0.conv1,"(128, 256, 1, 1)",16.58312570254008,0.0005060768341839624,"42,43,44",aggregate,3,1.9514762078030612
resnet50_no_weights,IMAGENET100,ptq,layer2.0.conv2,"(128, 128, 3, 3)",21.36502197810582,0.0001448908283020414,42,42,3,
resnet50_no_weights,IMAGENET100,ptq,layer2.0.conv2,"(128, 128, 3, 3)",23.324682744344077,0.00015818062842030218,43,43,3,
resnet50_no_weights,IMAGENET100,ptq,layer2.0.conv2,"(128, 128, 3, 3)",21.816602500279746,0.0001479533047165239,44,44,3,
resnet50_no_weights,IMAGENET100,ptq,layer2.0.conv2,"(128, 128, 3, 3)",22.168769074243215,0.00015034158714628918,"42,43,44",aggregate,3,1.026198592644842
resnet50_no_weights,IMAGENET100,ptq,layer2.0.conv3,"(512, 128, 1, 1)",40.16709613800049,0.0006129012472229078,42,42,3,
resnet50_no_weights,IMAGENET100,ptq,layer2.0.conv3,"(512, 128, 1, 1)",37.1552414894104,0.0005669439924531616,43,43,3,
resnet50_no_weights,IMAGENET100,ptq,layer2.0.conv3,"(512, 128, 1, 1)",34.80608510971069,0.0005310987107804976,44,44,3,
resnet50_no_weights,IMAGENET100,ptq,layer2.0.conv3,"(512, 128, 1, 1)",37.37614091237386,0.0005703146501521891,"42,43,44",aggregate,3,2.687323431904019
resnet50_no_weights,IMAGENET100,ptq,layer2.0.downsample.0,"(512, 256, 1, 1)",65.30031219482422,0.0004982018447481096,42,42,3,
resnet50_no_weights,IMAGENET100,ptq,layer2.0.downsample.0,"(512, 256, 1, 1)",91.02499516805013,0.0006944656003421793,43,43,3,
resnet50_no_weights,IMAGENET100,ptq,layer2.0.downsample.0,"(512, 256, 1, 1)",65.84918874104818,0.0005023894404682021,44,44,3,
resnet50_no_weights,IMAGENET100,ptq,layer2.0.downsample.0,"(512, 256, 1, 1)",74.05816536797417,0.0005650189618528303,"42,43,44",aggregate,3,14.696268283625871
resnet50_no_weights,IMAGENET100,ptq,layer2.1.conv1,"(128, 512, 1, 1)",22.61897271020072,0.0003451381333953967,42,42,3,
resnet50_no_weights,IMAGENET100,ptq,layer2.1.conv1,"(128, 512, 1, 1)",21.84353804588318,0.00033330593942082487,43,43,3,
resnet50_no_weights,IMAGENET100,ptq,layer2.1.conv1,"(128, 512, 1, 1)",27.179602654774985,0.0004147278237117765,44,44,3,
resnet50_no_weights,IMAGENET100,ptq,layer2.1.conv1,"(128, 512, 1, 1)",23.880704470286293,0.00036439063217599935,"42,43,44",aggregate,3,2.883118390453885
resnet50_no_weights,IMAGENET100,ptq,layer2.1.conv2,"(128, 128, 3, 3)",17.038694286346434,0.0001155510408959041,42,42,3,
resnet50_no_weights,IMAGENET100,ptq,layer2.1.conv2,"(128, 128, 3, 3)",16.96244180202484,0.00011503392064090197,43,43,3,
resnet50_no_weights,IMAGENET100,ptq,layer2.1.conv2,"(128, 128, 3, 3)",17.09377772467477,0.00011592459936981045,44,44,3,
resnet50_no_weights,IMAGENET100,ptq,layer2.1.conv2,"(128, 128, 3, 3)",17.031637937682014,0.00011550318696887217,"42,43,44",aggregate,3,0.06595168827962143
resnet50_no_weights,IMAGENET100,ptq,layer2.1.conv3,"(512, 128, 1, 1)",28.901227315266926,0.0004409977312510212,42,42,3,
resnet50_no_weights,IMAGENET100,ptq,layer2.1.conv3,"(512, 128, 1, 1)",25.285450055049015,0.00038582534874037193,43,43,3,
resnet50_no_weights,IMAGENET100,ptq,layer2.1.conv3,"(512, 128, 1, 1)",25.037557895366962,0.0003820428145655359,44,44,3,
resnet50_no_weights,IMAGENET100,ptq,layer2.1.conv3,"(512, 128, 1, 1)",26.408078421894302,0.00040295529818564304,"42,43,44",aggregate,3,2.1626849479528487
resnet50_no_weights,IMAGENET100,ptq,layer2.2.conv1,"(128, 512, 1, 1)",10.883912404378256,0.000166075323553135,42,42,3,
resnet50_no_weights,IMAGENET100,ptq,layer2.2.conv1,"(128, 512, 1, 1)",12.232969117164611,0.00018666029536689165,43,43,3,
resnet50_no_weights,IMAGENET100,ptq,layer2.2.conv1,"(128, 512, 1, 1)",10.346066856384278,0.00015786845178809017,44,44,3,
resnet50_no_weights,IMAGENET100,ptq,layer2.2.conv1,"(128, 512, 1, 1)",11.154316125975715,0.0001702013569027056,"42,43,44",aggregate,3,0.9720795568906901
resnet50_no_weights,IMAGENET100,ptq,layer2.2.conv2,"(128, 128, 3, 3)",10.657118214501274,7.227320837742292e-05,42,42,3,
resnet50_no_weights,IMAGENET100,ptq,layer2.2.conv2,"(128, 128, 3, 3)",8.80528883934021,5.971468668172344e-05,43,43,3,
resnet50_no_weights,IMAGENET100,ptq,layer2.2.conv2,"(128, 128, 3, 3)",9.99037090142568,6.775153877377441e-05,44,44,3,
resnet50_no_weights,IMAGENET100,ptq,layer2.2.conv2,"(128, 128, 3, 3)",9.81759265175572,6.657981127764026e-05,"42,43,44",aggregate,3,0.9379271034289469
resnet50_no_weights,IMAGENET100,ptq,layer2.2.conv3,"(512, 128, 1, 1)",29.905444367726645,0.00045632086742746956,42,42,3,
resnet50_no_weights,IMAGENET100,ptq,layer2.2.conv3,"(512, 128, 1, 1)",25.41765480041504,0.00038784263306297363,43,43,3,
resnet50_no_weights,IMAGENET100,ptq,layer2.2.conv3,"(512, 128, 1, 1)",26.034805615743,0.00039725960717381287,44,44,3,
resnet50_no_weights,IMAGENET100,ptq,layer2.2.conv3,"(512, 128, 1, 1)",27.11930159462823,0.00041380770255475204,"42,43,44",aggregate,3,2.4325218285313275
resnet50_no_weights,IMAGENET100,ptq,layer2.3.conv1,"(128, 512, 1, 1)",28.03170518875122,0.00042772987653734164,42,42,3,
resnet50_no_weights,IMAGENET100,ptq,layer2.3.conv1,"(128, 512, 1, 1)",23.608046274918777,0.0003602301982867245,43,43,3,
resnet50_no_weights,IMAGENET100,ptq,layer2.3.conv1,"(128, 512, 1, 1)",29.89875726699829,0.0004562188303680159,44,44,3,
resnet50_no_weights,IMAGENET100,ptq,layer2.3.conv1,"(128, 512, 1, 1)",27.179502910222762,0.000414726301730694,"42,43,44",aggregate,3,3.2307812892726626
resnet50_no_weights,IMAGENET100,ptq,layer2.3.conv2,"(128, 128, 3, 3)",19.935217293826017,0.00013519434471181925,42,42,3,
resnet50_no_weights,IMAGENET100,ptq,layer2.3.conv2,"(128, 128, 3, 3)",20.402019717476584,0.00013836005125241824,43,43,3,
resnet50_no_weights,IMAGENET100,ptq,layer2.3.conv2,"(128, 128, 3, 3)",19.472176933288573,0.00013205415129454598,44,44,3,
resnet50_no_weights,IMAGENET100,ptq,layer2.3.conv2,"(128, 128, 3, 3)",19.936471314863724,0.00013520284908626114,"42,43,44",aggregate,3,0.46492266050731534
resnet50_no_weights,IMAGENET100,ptq,layer2.3.conv3,"(512, 128, 1, 1)",30.886831029256186,0.0004712956394844999,42,42,3,
resnet50_no_weights,IMAGENET100,ptq,layer2.3.conv3,"(512, 128, 1, 1)",35.9550859451294,0.0005486310721607879,43,43,3,
resnet50_no_weights,IMAGENET100,ptq,layer2.3.conv3,"(512, 128, 1, 1)",27.680199082692464,0.0004223663190108103,44,44,3,
resnet50_no_weights,IMAGENET100,ptq,layer2.3.conv3,"(512, 128, 1, 1)",31.507372019026015,0.0004807643435520327,"42,43,44",aggregate,3,4.172198639389216
resnet50_no_weights,IMAGENET100,ptq,layer3.0.conv1,"(256, 512, 1, 1)",135.5283639272054,0.0010339993585754806,42,42,3,
resnet50_no_weights,IMAGENET100,ptq,layer3.0.conv1,"(256, 512, 1, 1)",113.55190413338798,0.0008663322764082945,43,43,3,
resnet50_no_weights,IMAGENET100,ptq,layer3.0.conv1,"(256, 512, 1, 1)",119.18483339945475,0.0009093081161457424,44,44,3,
resnet50_no_weights,IMAGENET100,ptq,layer3.0.conv1,"(256, 512, 1, 1)",122.75503382001604,0.0009365465837098392,"42,43,44",aggregate,3,11.414943913552547
resnet50_no_weights,IMAGENET100,ptq,layer3.0.conv2,"(256, 256, 3, 3)",79.28455963134766,0.0001344207079253263,42,42,3,
resnet50_no_weights,IMAGENET100,ptq,layer3.0.conv2,"(256, 256, 3, 3)",85.60464337666829,0.00014513591067279101,43,43,3,
resnet50_no_weights,IMAGENET100,ptq,layer3.0.conv2,"(256, 256, 3, 3)",83.62138951619467,0.00014177346041564039,44,44,3,
resnet50_no_weights,IMAGENET100,ptq,layer3.0.conv2,"(256, 256, 3, 3)",82.83686417473687,0.00014044335967125258,"42,43,44",aggregate,3,3.2322553496759214
resnet50_no_weights,IMAGENET100,ptq,layer3.0.conv3,"(1024, 256, 1, 1)",196.8367774963379,0.0007508727168897167,42,42,3,
resnet50_no_weights,IMAGENET100,ptq,layer3.0.conv3,"(1024, 256, 1, 1)",199.29397481282552,0.0007602461807740231,43,43,3,
resnet50_no_weights,IMAGENET100,ptq,layer3.0.conv3,"(1024, 256, 1, 1)",170.47048459734236,0.0006502932914632506,44,44,3,
resnet50_no_weights,IMAGENET100,ptq,layer3.0.conv3,"(1024, 256, 1, 1)",188.86707896883527,0.0007204707297089969,"42,43,44",aggregate,3,15.979219881301205
resnet50_no_weights,IMAGENET100,ptq,layer3.0.downsample.0,"(1024, 512, 1, 1)",255.1411102294922,0.0004866430477704853,42,42,3,
resnet50_no_weights,IMAGENET100,ptq,layer3.0.downsample.0,"(1024, 512, 1, 1)",265.08653691609703,0.000505612443763918,43,43,3,
resnet50_no_weights,IMAGENET100,ptq,layer3.0.downsample.0,"(1024, 512, 1, 1)",280.4867304021662,0.00053498598175462,44,44,3,
resnet50_no_weights,IMAGENET100,ptq,layer3.0.downsample.0,"(1024, 512, 1, 1)",266.9047925159185,0.0005090804910963411,"42,43,44",aggregate,3,12.770264506034172
resnet50_no_weights,IMAGENET100,ptq,layer3.1.conv1,"(256, 1024, 1, 1)",23.974300861358643,9.14546999410959e-05,42,42,3,
resnet50_no_weights,IMAGENET100,ptq,layer3.1.conv1,"(256, 1024, 1, 1)",20.615461237290326,7.864174361148959e-05,43,43,3,
resnet50_no_weights,IMAGENET100,ptq,layer3.1.conv1,"(256, 1024, 1, 1)",22.821776653158253,8.705816899550725e-05,44,44,3,
resnet50_no_weights,IMAGENET100,ptq,layer3.1.conv1,"(256, 1024, 1, 1)",22.470512917269073,8.571820418269757e-05,"42,43,44",aggregate,3,1.7067485357151957
resnet50_no_weights,IMAGENET100,ptq,layer3.1.conv2,"(256, 256, 3, 3)",18.62174554304643,3.1571698579655e-05,42,42,3,
resnet50_no_weights,IMAGENET100,ptq,layer3.1.conv2,"(256, 256, 3, 3)",19.1100461324056,3.239957365655789e-05,43,43,3,
resnet50_no_weights,IMAGENET100,ptq,layer3.1.conv2,"(256, 256, 3, 3)",19.904045486450194,3.374573684090541e-05,44,44,3,
resnet50_no_weights,IMAGENET100,ptq,layer3.1.conv2,"(256, 256, 3, 3)",19.211945720634073,3.257233635903943e-05,"42,43,44",aggregate,3,0.6471946621953658
resnet50_no_weights,IMAGENET100,ptq,layer3.1.conv3,"(1024, 256, 1, 1)",96.14206047058106,0.00036675285518867896,42,42,3,
resnet50_no_weights,IMAGENET100,ptq,layer3.1.conv3,"(1024, 256, 1, 1)",106.33295288085938,0.00040562802460044625,43,43,3,
resnet50_no_weights,IMAGENET100,ptq,layer3.1.conv3,"(1024, 256, 1, 1)",95.56312726338705,0.00036454440026621645,44,44,3,
resnet50_no_weights,IMAGENET100,ptq,layer3.1.conv3,"(1024, 256, 1, 1)",99.34604687160916,0.00037897509335178055,"42,43,44",aggregate,3,6.057758050728884
resnet50_no_weights,IMAGENET100,ptq,layer3.2.conv1,"(256, 1024, 1, 1)",26.08904587427775,9.952181195937252e-05,42,42,3,
resnet50_no_weights,IMAGENET100,ptq,layer3.2.conv1,"(256, 1024, 1, 1)",26.767752766609192,0.00010211087328571011,43,43,3,
resnet50_no_weights,IMAGENET100,ptq,layer3.2.conv1,"(256, 1024, 1, 1)",25.388279088338216,9.684859881720816e-05,44,44,3,
resnet50_no_weights,IMAGENET100,ptq,layer3.2.conv1,"(256, 1024, 1, 1)",26.081692576408386,9.949376135409693e-05,"42,43,44",aggregate,3,0.6897662361284299
resnet50_no_weights,IMAGENET100,ptq,layer3.2.conv2,"(256, 256, 3, 3)",24.103309377034506,4.086525705470531e-05,42,42,3,
resnet50_no_weights,IMAGENET100,ptq,layer3.2.conv2,"(256, 256, 3, 3)",23.5848237991333,3.998620571413388e-05,43,43,3,
resnet50_no_weights,IMAGENET100,ptq,layer3.2.conv2,"(256, 256, 3, 3)",25.2319837808609,4.277883534895308e-05,44,44,3,
resnet50_no_weights,IMAGENET100,ptq,layer3.2.conv2,"(256, 256, 3, 3)",24.306705652342902,4.1210099372597424e-05,"42,43,44",aggregate,3,0.842206349393196
resnet50_no_weights,IMAGENET100,ptq,layer3.2.conv3,"(1024, 256, 1, 1)",90.88112685259651,0.00034668398610151867,42,42,3,
resnet50_no_weights,IMAGENET100,ptq,layer3.2.conv3,"(1024, 256, 1, 1)",87.31726150512695,0.00033308891870547085,43,43,3,
resnet50_no_weights,IMAGENET100,ptq,layer3.2.conv3,"(1024, 256, 1, 1)",80.97833290100098,0.0003089078250923194,44,44,3,
resnet50_no_weights,IMAGENET100,ptq,layer3.2.conv3,"(1024, 256, 1, 1)",86.39224041957482,0.00032956024329976966,"42,43,44",aggregate,3,5.015783091250685
resnet50_no_weights,IMAGENET100,ptq,layer3.3.conv1,"(256, 1024, 1, 1)",25.370318539937337,9.67800847623342e-05,42,42,3,
resnet50_no_weights,IMAGENET100,ptq,layer3.3.conv1,"(256, 1024, 1, 1)",23.80538898706436,9.081035227609391e-05,43,43,3,
resnet50_no_weights,IMAGENET100,ptq,layer3.3.conv1,"(256, 1024, 1, 1)",24.26743195851644,9.25729063358934e-05,44,44,3,
resnet50_no_weights,IMAGENET100,ptq,layer3.3.conv1,"(256, 1024, 1, 1)",24.481046495172713,9.338778112477384e-05,"42,43,44",aggregate,3,0.8040363823030386
resnet50_no_weights,IMAGENET100,ptq,layer3.3.conv2,"(256, 256, 3, 3)",36.5857120513916,6.202818476594985e-05,42,42,3,
resnet50_no_weights,IMAGENET100,ptq,layer3.3.conv2,"(256, 256, 3, 3)",42.87715095943875,7.26948224545606e-05,43,43,3,
resnet50_no_weights,IMAGENET100,ptq,layer3.3.conv2,"(256, 256, 3, 3)",40.82470836639404,6.921506816676507e-05,44,44,3,
resnet50_no_weights,IMAGENET100,ptq,layer3.3.conv2,"(256, 256, 3, 3)",40.09585712574147,6.797935846242518e-05,"42,43,44",aggregate,3,3.208421571688012
resnet50_no_weights,IMAGENET100,ptq,layer3.3.conv3,"(1024, 256, 1, 1)",125.8192813873291,0.00047996246867114677,42,42,3,
resnet50_no_weights,IMAGENET100,ptq,layer3.3.conv3,"(1024, 256, 1, 1)",141.33496183507583,0.0005391500924494775,43,43,3,
resnet50_no_weights,IMAGENET100,ptq,layer3.3.conv3,"(1024, 256, 1, 1)",133.96946029663087,0.0005110529338708148,44,44,3,
resnet50_no_weights,IMAGENET100,ptq,layer3.3.conv3,"(1024, 256, 1, 1)",133.70790117301192,0.0005100551649971463,"42,43,44",aggregate,3,7.761146488793314
resnet50_no_weights,IMAGENET100,ptq,layer3.4.conv1,"(256, 1024, 1, 1)",19.875326288157495,7.581835284483908e-05,42,42,3,
resnet50_no_weights,IMAGENET100,ptq,layer3.4.conv1,"(256, 1024, 1, 1)",20.182763700132018,7.699113349964912e-05,43,43,3,
resnet50_no_weights,IMAGENET100,ptq,layer3.4.conv1,"(256, 1024, 1, 1)",17.920966339111327,6.836306129116565e-05,44,44,3,
resnet50_no_weights,IMAGENET100,ptq,layer3.4.conv1,"(256, 1024, 1, 1)",19.326352109133612,7.372418254521794e-05,"42,43,44",aggregate,3,1.226768646691889
resnet50_no_weights,IMAGENET100,ptq,layer3.4.conv2,"(256, 256, 3, 3)",22.80776375134786,3.8668761785461185e-05,42,42,3,
resnet50_no_weights,IMAGENET100,ptq,layer3.4.conv2,"(256, 256, 3, 3)",22.104852744511195,3.747703169845784e-05,43,43,3,
resnet50_no_weights,IMAGENET100,ptq,layer3.4.conv2,"(256, 256, 3, 3)",22.328192949295044,3.785568737334365e-05,44,44,3,
resnet50_no_weights,IMAGENET100,ptq,layer3.4.conv2,"(256, 256, 3, 3)",22.4136031483847,3.8000493619087556e-05,"42,43,44",aggregate,3,0.35915476812153624
resnet50_no_weights,IMAGENET100,ptq,layer3.4.conv3,"(1024, 256, 1, 1)",118.64284553527833,0.00045258653844939547,42,42,3,
resnet50_no_weights,IMAGENET100,ptq,layer3.4.conv3,"(1024, 256, 1, 1)",122.5293197631836,0.00046741226105950773,43,43,3,
resnet50_no_weights,IMAGENET100,ptq,layer3.4.conv3,"(1024, 256, 1, 1)",112.2168643951416,0.0004280733657651581,44,44,3,
resnet50_no_weights,IMAGENET100,ptq,layer3.4.conv3,"(1024, 256, 1, 1)",117.79634323120118,0.0004493573884246871,"42,43,44",aggregate,3,5.208081080644817
resnet50_no_weights,IMAGENET100,ptq,layer3.5.conv1,"(256, 1024, 1, 1)",30.929541226091057,0.00011798683634220527,42,42,3,
resnet50_no_weights,IMAGENET100,ptq,layer3.5.conv1,"(256, 1024, 1, 1)",30.867002611574918,0.00011774827046041457,43,43,3,
resnet50_no_weights,IMAGENET100,ptq,layer3.5.conv1,"(256, 1024, 1, 1)",28.669560945951023,0.00010936569574718866,44,44,3,
resnet50_no_weights,IMAGENET100,ptq,layer3.5.conv1,"(256, 1024, 1, 1)",30.155368261205666,0.00011503360084993617,"42,43,44",aggregate,3,1.2871267626479366
resnet50_no_weights,IMAGENET100,ptq,layer3.5.conv2,"(256, 256, 3, 3)",27.163821744918824,4.605411401522967e-05,42,42,3,
resnet50_no_weights,IMAGENET100,ptq,layer3.5.conv2,"(256, 256, 3, 3)",32.41099770863851,5.495028637125399e-05,43,43,3,
resnet50_no_weights,IMAGENET100,ptq,layer3.5.conv2,"(256, 256, 3, 3)",34.25028610229492,5.806865455168817e-05,44,44,3,
resnet50_no_weights,IMAGENET100,ptq,layer3.5.conv2,"(256, 256, 3, 3)",31.275035185284086,5.3024351646057277e-05,"42,43,44",aggregate,3,3.6772683357269123
resnet50_no_weights,IMAGENET100,ptq,layer3.5.conv3,"(1024, 256, 1, 1)",150.34661712646485,0.0005735268292482943,42,42,3,
resnet50_no_weights,IMAGENET100,ptq,layer3.5.conv3,"(1024, 256, 1, 1)",132.86769144158615,0.0005068500192321249,43,43,3,
resnet50_no_weights,IMAGENET100,ptq,layer3.5.conv3,"(1024, 256, 1, 1)",143.43504455566406,0.0005471612722612917,44,44,3,
resnet50_no_weights,IMAGENET100,ptq,layer3.5.conv3,"(1024, 256, 1, 1)",142.21645104123834,0.0005425127069139036,"42,43,44",aggregate,3,8.802950550209198
resnet50_no_weights,IMAGENET100,ptq,layer4.0.conv1,"(512, 1024, 1, 1)",156.61661605834962,0.0002987224885146134,42,42,3,
resnet50_no_weights,IMAGENET100,ptq,layer4.0.conv1,"(512, 1024, 1, 1)",239.7386271158854,0.00045726514266182977,43,43,3,
resnet50_no_weights,IMAGENET100,ptq,layer4.0.conv1,"(512, 1024, 1, 1)",195.72968622843425,0.00037332474942862367,44,44,3,
resnet50_no_weights,IMAGENET100,ptq,layer4.0.conv1,"(512, 1024, 1, 1)",197.3616431342231,0.00037643746020168896,"42,43,44",aggregate,3,41.585029073802986
resnet50_no_weights,IMAGENET100,ptq,layer4.0.conv2,"(512, 512, 3, 3)",178.22613355848523,7.554208270538551e-05,42,42,3,
resnet50_no_weights,IMAGENET100,ptq,layer4.0.conv2,"(512, 512, 3, 3)",171.4310099283854,7.266193386857156e-05,43,43,3,
resnet50_no_weights,IMAGENET100,ptq,layer4.0.conv2,"(512, 512, 3, 3)",171.2996686299642,7.260626416946589e-05,44,44,3,
resnet50_no_weights,IMAGENET100,ptq,layer4.0.conv2,"(512, 512, 3, 3)",173.6522707056116,7.360342691447432e-05,"42,43,44",aggregate,3,3.961625762466797
resnet50_no_weights,IMAGENET100,ptq,layer4.0.conv3,"(2048, 512, 1, 1)",715.6542938232421,0.000682501119445078,42,42,3,
resnet50_no_weights,IMAGENET100,ptq,layer4.0.conv3,"(2048, 512, 1, 1)",655.1898956298828,0.0006248377758311108,43,43,3,
resnet50_no_weights,IMAGENET100,ptq,layer4.0.conv3,"(2048, 512, 1, 1)",694.5318745930989,0.000662357210724925,44,44,3,
resnet50_no_weights,IMAGENET100,ptq,layer4.0.conv3,"(2048, 512, 1, 1)",688.4586880154079,0.0006565653686670379,"42,43,44",aggregate,3,30.686292683002012
resnet50_no_weights,IMAGENET100,ptq,layer4.0.downsample.0,"(2048, 1024, 1, 1)",169.1091491035793,8.06375260846993e-05,42,42,3,
resnet50_no_weights,IMAGENET100,ptq,layer4.0.downsample.0,"(2048, 1024, 1, 1)",168.51256900363498,8.035305452520131e-05,43,43,3,
resnet50_no_weights,IMAGENET100,ptq,layer4.0.downsample.0,"(2048, 1024, 1, 1)",168.2696746826172,8.023723348742351e-05,44,44,3,
resnet50_no_weights,IMAGENET100,ptq,layer4.0.downsample.0,"(2048, 1024, 1, 1)",168.63046426327716,8.040927136577471e-05,"42,43,44",aggregate,3,0.4319766140047336
resnet50_no_weights,IMAGENET100,ptq,layer4.1.conv1,"(512, 2048, 1, 1)",55.79984025394215,5.321487450975623e-05,42,42,3,
resnet50_no_weights,IMAGENET100,ptq,layer4.1.conv1,"(512, 2048, 1, 1)",52.99351565043131,5.053855481188899e-05,43,43,3,
resnet50_no_weights,IMAGENET100,ptq,layer4.1.conv1,"(512, 2048, 1, 1)",56.72391916910807,5.409614483748252e-05,44,44,3,
resnet50_no_weights,IMAGENET100,ptq,layer4.1.conv1,"(512, 2048, 1, 1)",55.17242502449385,5.261652471970925e-05,"42,43,44",aggregate,3,1.9427338998552373
resnet50_no_weights,IMAGENET100,ptq,layer4.1.conv2,"(512, 512, 3, 3)",136.7415295555478,5.795861543254759e-05,42,42,3,
resnet50_no_weights,IMAGENET100,ptq,layer4.1.conv2,"(512, 512, 3, 3)",130.1783790588379,5.517678962658263e-05,43,43,3,
resnet50_no_weights,IMAGENET100,ptq,layer4.1.conv2,"(512, 512, 3, 3)",154.18871411410245,6.535369623570016e-05,44,44,3,
resnet50_no_weights,IMAGENET100,ptq,layer4.1.conv2,"(512, 512, 3, 3)",140.36954090949604,5.949636709827679e-05,"42,43,44",aggregate,3,12.409508336545796
resnet50_no_weights,IMAGENET100,ptq,layer4.1.conv3,"(2048, 512, 1, 1)",378.02625732421876,0.0003605139325372875,42,42,3,
resnet50_no_weights,IMAGENET100,ptq,layer4.1.conv3,"(2048, 512, 1, 1)",402.7962588355655,0.00038413644679600285,43,43,3,
resnet50_no_weights,IMAGENET100,ptq,layer4.1.conv3,"(2048, 512, 1, 1)",346.8518913269043,0.0003307837403554004,44,44,3,
resnet50_no_weights,IMAGENET100,ptq,layer4.1.conv3,"(2048, 512, 1, 1)",375.8914691622295,0.0003584780398962302,"42,43,44",aggregate,3,28.033213414777535
resnet50_no_weights,IMAGENET100,ptq,layer4.2.conv1,"(512, 2048, 1, 1)",70.02394220103388,6.678003521064174e-05,42,42,3,
resnet50_no_weights,IMAGENET100,ptq,layer4.2.conv1,"(512, 2048, 1, 1)",70.15793952941894,6.690782502118963e-05,43,43,3,
resnet50_no_weights,IMAGENET100,ptq,layer4.2.conv1,"(512, 2048, 1, 1)",71.78403902053833,6.845859434179147e-05,44,44,3,
resnet50_no_weights,IMAGENET100,ptq,layer4.2.conv1,"(512, 2048, 1, 1)",70.65530691699705,6.738215152454095e-05,"42,43,44",aggregate,3,0.979804032537695
resnet50_no_weights,IMAGENET100,ptq,layer4.2.conv2,"(512, 512, 3, 3)",95.55264197455512,4.0500489118175556e-05,42,42,3,
resnet50_no_weights,IMAGENET100,ptq,layer4.2.conv2,"(512, 512, 3, 3)",116.6414395650228,4.943908672969513e-05,43,43,3,
resnet50_no_weights,IMAGENET100,ptq,layer4.2.conv2,"(512, 512, 3, 3)",117.64191020618786,4.986314146516073e-05,44,44,3,
resnet50_no_weights,IMAGENET100,ptq,layer4.2.conv2,"(512, 512, 3, 3)",109.94533058192192,4.660090577101047e-05,"42,43,44",aggregate,3,12.474467899971847
resnet50_no_weights,IMAGENET100,ptq,layer4.2.conv3,"(2048, 512, 1, 1)",131.2004508972168,0.000125122500321595,42,42,3,
resnet50_no_weights,IMAGENET100,ptq,layer4.2.conv3,"(2048, 512, 1, 1)",145.39015096028646,0.00013865485282925268,43,43,3,
resnet50_no_weights,IMAGENET100,ptq,layer4.2.conv3,"(2048, 512, 1, 1)",146.26657104492188,0.00013949067215435207,44,44,3,
resnet50_no_weights,IMAGENET100,ptq,layer4.2.conv3,"(2048, 512, 1, 1)",140.95239096747505,0.00013442267510173326,"42,43,44",aggregate,3,8.456788952765667
resnet50_no_weights,IMAGENET100,ptq,fc,"(100, 2048)",22.04721556769477,0.00010765241976413462,42,42,3,
resnet50_no_weights,IMAGENET100,ptq,fc,"(100, 2048)",24.36067492167155,0.00011894860801597436,43,43,3,
resnet50_no_weights,IMAGENET100,ptq,fc,"(100, 2048)",19.141604741414387,9.346486690143743e-05,44,44,3,
resnet50_no_weights,IMAGENET100,ptq,fc,"(100, 2048)",21.84983174359357,0.00010668863156051548,"42,43,44",aggregate,3,2.615127849097438
resnet50_no_weights,IMAGENET100,qat,conv1,"(64, 3, 7, 7)",2225.9499627976193,0.23660182427695783,42,42,3,
resnet50_no_weights,IMAGENET100,qat,conv1,"(64, 3, 7, 7)",2066.904089355469,0.21969643806924627,43,43,3,
resnet50_no_weights,IMAGENET100,qat,conv1,"(64, 3, 7, 7)",2318.0886372884115,0.24639547590225463,44,44,3,
resnet50_no_weights,IMAGENET100,qat,conv1,"(64, 3, 7, 7)",2203.6475631471667,0.2342312460828196,"42,43,44",aggregate,3,127.06874931585492
resnet50_no_weights,IMAGENET100,qat,layer1.0.conv1,"(64, 64, 1, 1)",67.29533907083365,0.016429526140340246,42,42,3,
resnet50_no_weights,IMAGENET100,qat,layer1.0.conv1,"(64, 64, 1, 1)",53.482522757157035,0.013057256532509042,43,43,3,
resnet50_no_weights,IMAGENET100,qat,layer1.0.conv1,"(64, 64, 1, 1)",46.70053091049194,0.011401496804319322,44,44,3,
resnet50_no_weights,IMAGENET100,qat,layer1.0.conv1,"(64, 64, 1, 1)",55.826130912827544,0.013629426492389537,"42,43,44",aggregate,3,10.495518337881808
resnet50_no_weights,IMAGENET100,qat,layer1.0.conv2,"(64, 64, 3, 3)",62.877891318003336,0.0017056719650066009,42,42,3,
resnet50_no_weights,IMAGENET100,qat,layer1.0.conv2,"(64, 64, 3, 3)",63.230053046654014,0.0017152249632881407,43,43,3,
resnet50_no_weights,IMAGENET100,qat,layer1.0.conv2,"(64, 64, 3, 3)",51.243603876658845,0.0013900717197444347,44,44,3,
resnet50_no_weights,IMAGENET100,qat,layer1.0.conv2,"(64, 64, 3, 3)",59.117182747105396,0.0016036562160130587,"42,43,44",aggregate,3,6.820992423587522
resnet50_no_weights,IMAGENET100,qat,layer1.0.conv3,"(256, 64, 1, 1)",95.14964756965637,0.005807473606546409,42,42,3,
resnet50_no_weights,IMAGENET100,qat,layer1.0.conv3,"(256, 64, 1, 1)",43.95743153889974,0.0026829487023254236,43,43,3,
resnet50_no_weights,IMAGENET100,qat,layer1.0.conv3,"(256, 64, 1, 1)",62.58381859461466,0.0038198131466439613,44,44,3,
resnet50_no_weights,IMAGENET100,qat,layer1.0.conv3,"(256, 64, 1, 1)",67.23029923439026,0.004103411818505265,"42,43,44",aggregate,3,25.910482092905394
resnet50_no_weights,IMAGENET100,qat,layer1.0.downsample.0,"(256, 64, 1, 1)",66.5230749130249,0.00406024627154693,42,42,3,
resnet50_no_weights,IMAGENET100,qat,layer1.0.downsample.0,"(256, 64, 1, 1)",63.52095874150594,0.0038770116419376186,43,43,3,
resnet50_no_weights,IMAGENET100,qat,layer1.0.downsample.0,"(256, 64, 1, 1)",61.31616201400757,0.0037424415291752665,44,44,3,
resnet50_no_weights,IMAGENET100,qat,layer1.0.downsample.0,"(256, 64, 1, 1)",63.7867318895128,0.0038932331475532715,"42,43,44",aggregate,3,2.6136109138774613
resnet50_no_weights,IMAGENET100,qat,layer1.1.conv1,"(64, 256, 1, 1)",13.974772720336913,0.0008529524365440011,42,42,3,
resnet50_no_weights,IMAGENET100,qat,layer1.1.conv1,"(64, 256, 1, 1)",14.368250383933384,0.0008769684072224966,43,43,3,
resnet50_no_weights,IMAGENET100,qat,layer1.1.conv1,"(64, 256, 1, 1)",13.785550355911255,0.0008414032199652866,44,44,3,
resnet50_no_weights,IMAGENET100,qat,layer1.1.conv1,"(64, 256, 1, 1)",14.042857820060517,0.000857108021243928,"42,43,44",aggregate,3,0.2972566505017633
resnet50_no_weights,IMAGENET100,qat,layer1.1.conv2,"(64, 64, 3, 3)",4.261364416281382,0.00011559690799374409,42,42,3,
resnet50_no_weights,IMAGENET100,qat,layer1.1.conv2,"(64, 64, 3, 3)",5.651279933253924,0.0001533007794393968,43,43,3,
resnet50_no_weights,IMAGENET100,qat,layer1.1.conv2,"(64, 64, 3, 3)",3.679015628496806,9.979968610288644e-05,44,44,3,
resnet50_no_weights,IMAGENET100,qat,layer1.1.conv2,"(64, 64, 3, 3)",4.530553326010704,0.00012289912451200912,"42,43,44",aggregate,3,1.0133131913656879
resnet50_no_weights,IMAGENET100,qat,layer1.1.conv3,"(256, 64, 1, 1)",5.924030063549678,0.000361574100558452,42,42,3,
resnet50_no_weights,IMAGENET100,qat,layer1.1.conv3,"(256, 64, 1, 1)",5.494427529970805,0.00033535324279606964,43,43,3,
resnet50_no_weights,IMAGENET100,qat,layer1.1.conv3,"(256, 64, 1, 1)",4.911442059278488,0.0002997706335008843,44,44,3,
resnet50_no_weights,IMAGENET100,qat,layer1.1.conv3,"(256, 64, 1, 1)",5.443299884266324,0.000332232658951802,"42,43,44",aggregate,3,0.5082264689239827
resnet50_no_weights,IMAGENET100,qat,layer1.2.conv1,"(64, 256, 1, 1)",2.316455892721812,0.00014138524735850903,42,42,3,
resnet50_no_weights,IMAGENET100,qat,layer1.2.conv1,"(64, 256, 1, 1)",2.546974924477664,0.00015545501248032616,43,43,3,
resnet50_no_weights,IMAGENET100,qat,layer1.2.conv1,"(64, 256, 1, 1)",2.0631128162145616,0.0001259224130990333,44,44,3,
resnet50_no_weights,IMAGENET100,qat,layer1.2.conv1,"(64, 256, 1, 1)",2.3088478778046793,0.0001409208909792895,"42,43,44",aggregate,3,0.24202075607566806
resnet50_no_weights,IMAGENET100,qat,layer1.2.conv2,"(64, 64, 3, 3)",0.6923530032408649,1.8781277214650197e-05,42,42,3,
resnet50_no_weights,IMAGENET100,qat,layer1.2.conv2,"(64, 64, 3, 3)",1.0825384557247162,2.9365735018574116e-05,43,43,3,
resnet50_no_weights,IMAGENET100,qat,layer1.2.conv2,"(64, 64, 3, 3)",0.8373214287062486,2.2713797436692943e-05,44,44,3,
resnet50_no_weights,IMAGENET100,qat,layer1.2.conv2,"(64, 64, 3, 3)",0.8707376292239433,2.362026988997242e-05,"42,43,44",aggregate,3,0.19722741613499384
resnet50_no_weights,IMAGENET100,qat,layer1.2.conv3,"(256, 64, 1, 1)",0.8855406090617179,5.404910943980212e-05,42,42,3,
resnet50_no_weights,IMAGENET100,qat,layer1.2.conv3,"(256, 64, 1, 1)",0.7631458312273025,4.657872505049454e-05,43,43,3,
resnet50_no_weights,IMAGENET100,qat,layer1.2.conv3,"(256, 64, 1, 1)",0.7338683555523554,4.479176974806857e-05,44,44,3,
resnet50_no_weights,IMAGENET100,qat,layer1.2.conv3,"(256, 64, 1, 1)",0.7941849319471252,4.8473201412788406e-05,"42,43,44",aggregate,3,0.08045922850284833
resnet50_no_weights,IMAGENET100,qat,layer2.0.conv1,"(128, 256, 1, 1)",9.625098145008087,0.00029373468460107687,42,42,3,
resnet50_no_weights,IMAGENET100,qat,layer2.0.conv1,"(128, 256, 1, 1)",8.815407904711636,0.0002690248994357799,43,43,3,
resnet50_no_weights,IMAGENET100,qat,layer2.0.conv1,"(128, 256, 1, 1)",7.670960815747579,0.00023409914598839047,44,44,3,
resnet50_no_weights,IMAGENET100,qat,layer2.0.conv1,"(128, 256, 1, 1)",8.7038222884891,0.0002656195766750824,"42,43,44",aggregate,3,0.9818358761591318
resnet50_no_weights,IMAGENET100,qat,layer2.0.conv2,"(128, 128, 3, 3)",17.719482278823854,0.00012016792995079111,42,42,3,
resnet50_no_weights,IMAGENET100,qat,layer2.0.conv2,"(128, 128, 3, 3)",20.296138120734174,0.00013764199571895464,43,43,3,
resnet50_no_weights,IMAGENET100,qat,layer2.0.conv2,"(128, 128, 3, 3)",21.03814303080241,0.00014267403856609706,44,44,3,
resnet50_no_weights,IMAGENET100,qat,layer2.0.conv2,"(128, 128, 3, 3)",19.684587810120146,0.00013349465474528095,"42,43,44",aggregate,3,1.7418015482510638
resnet50_no_weights,IMAGENET100,qat,layer2.0.conv3,"(512, 128, 1, 1)",25.07367606163025,0.0003825939340458717,42,42,3,
resnet50_no_weights,IMAGENET100,qat,layer2.0.conv3,"(512, 128, 1, 1)",23.63940453529358,0.00036070868736715056,43,43,3,
resnet50_no_weights,IMAGENET100,qat,layer2.0.conv3,"(512, 128, 1, 1)",19.13083531061808,0.000291913380594148,44,44,3,
resnet50_no_weights,IMAGENET100,qat,layer2.0.conv3,"(512, 128, 1, 1)",22.614638635847303,0.00034507200066905675,"42,43,44",aggregate,3,3.101120428082996
resnet50_no_weights,IMAGENET100,qat,layer2.0.downsample.0,"(512, 256, 1, 1)",40.2440718015035,0.00030703790131762315,42,42,3,
resnet50_no_weights,IMAGENET100,qat,layer2.0.downsample.0,"(512, 256, 1, 1)",37.27081708908081,0.00028435376807465216,43,43,3,
resnet50_no_weights,IMAGENET100,qat,layer2.0.downsample.0,"(512, 256, 1, 1)",39.77330436706543,0.0003034462308278307,44,44,3,
resnet50_no_weights,IMAGENET100,qat,layer2.0.downsample.0,"(512, 256, 1, 1)",39.09606441921658,0.0002982793000733687,"42,43,44",aggregate,3,1.5981399677305093
resnet50_no_weights,IMAGENET100,qat,layer2.1.conv1,"(128, 512, 1, 1)",8.8621555407842,0.0001352257620358917,42,42,3,
resnet50_no_weights,IMAGENET100,qat,layer2.1.conv1,"(128, 512, 1, 1)",6.097886266379521,9.30463602658008e-05,43,43,3,
resnet50_no_weights,IMAGENET100,qat,layer2.1.conv1,"(128, 512, 1, 1)",9.761685030800956,0.0001489514927795556,44,44,3,
resnet50_no_weights,IMAGENET100,qat,layer2.1.conv1,"(128, 512, 1, 1)",8.240575612654892,0.0001257412050270827,"42,43,44",aggregate,3,1.909352390690083
resnet50_no_weights,IMAGENET100,qat,layer2.1.conv2,"(128, 128, 3, 3)",6.61743635336558,4.487736242245538e-05,42,42,3,
resnet50_no_weights,IMAGENET100,qat,layer2.1.conv2,"(128, 128, 3, 3)",6.430928754806518,4.36125268202482e-05,43,43,3,
resnet50_no_weights,IMAGENET100,qat,layer2.1.conv2,"(128, 128, 3, 3)",6.804514463742574,4.6146067055545885e-05,44,44,3,
resnet50_no_weights,IMAGENET100,qat,layer2.1.conv2,"(128, 128, 3, 3)",6.617626523971557,4.4878652099416484e-05,"42,43,44",aggregate,3,0.1867929270715527
resnet50_no_weights,IMAGENET100,qat,layer2.1.conv3,"(512, 128, 1, 1)",12.429635216208066,0.00018966118188794046,42,42,3,
resnet50_no_weights,IMAGENET100,qat,layer2.1.conv3,"(512, 128, 1, 1)",15.639449389775594,0.00023863905929223013,43,43,3,
resnet50_no_weights,IMAGENET100,qat,layer2.1.conv3,"(512, 128, 1, 1)",14.386274989446004,0.000219517135459076,44,44,3,
resnet50_no_weights,IMAGENET100,qat,layer2.1.conv3,"(512, 128, 1, 1)",14.151786531809888,0.00021593912554641553,"42,43,44",aggregate,3,1.6177037382605544
resnet50_no_weights,IMAGENET100,qat,layer2.2.conv1,"(128, 512, 1, 1)",5.327802227093623,8.129581034993932e-05,42,42,3,
resnet50_no_weights,IMAGENET100,qat,layer2.2.conv1,"(128, 512, 1, 1)",5.597944545745849,8.54178550071083e-05,43,43,3,
resnet50_no_weights,IMAGENET100,qat,layer2.2.conv1,"(128, 512, 1, 1)",5.552051142851512,8.471757725298327e-05,44,44,3,
resnet50_no_weights,IMAGENET100,qat,layer2.2.conv1,"(128, 512, 1, 1)",5.492599305230328,8.381041420334363e-05,"42,43,44",aggregate,3,0.14455140548988762
resnet50_no_weights,IMAGENET100,qat,layer2.2.conv2,"(128, 128, 3, 3)",10.612245707511901,7.196889721348675e-05,42,42,3,
resnet50_no_weights,IMAGENET100,qat,layer2.2.conv2,"(128, 128, 3, 3)",11.206760176022847,7.600070648887022e-05,43,43,3,
resnet50_no_weights,IMAGENET100,qat,layer2.2.conv2,"(128, 128, 3, 3)",11.300706934928893,7.663782372320484e-05,44,44,3,
resnet50_no_weights,IMAGENET100,qat,layer2.2.conv2,"(128, 128, 3, 3)",11.039904272821214,7.486914247518728e-05,"42,43,44",aggregate,3,0.37333012835699775
resnet50_no_weights,IMAGENET100,qat,layer2.2.conv3,"(512, 128, 1, 1)",21.019545435905457,0.000320732809996116,42,42,3,
resnet50_no_weights,IMAGENET100,qat,layer2.2.conv3,"(512, 128, 1, 1)",22.002355518341066,0.00033572930173249917,43,43,3,
resnet50_no_weights,IMAGENET100,qat,layer2.2.conv3,"(512, 128, 1, 1)",24.57358144124349,0.00037496309572209916,44,44,3,
resnet50_no_weights,IMAGENET100,qat,layer2.2.conv3,"(512, 128, 1, 1)",22.53182746516334,0.00034380840248357145,"42,43,44",aggregate,3,1.8352243428702681
resnet50_no_weights,IMAGENET100,qat,layer2.3.conv1,"(128, 512, 1, 1)",14.403988981246949,0.00021978742952342146,42,42,3,
resnet50_no_weights,IMAGENET100,qat,layer2.3.conv1,"(128, 512, 1, 1)",13.730717341105143,0.00020951411958473423,43,43,3,
resnet50_no_weights,IMAGENET100,qat,layer2.3.conv1,"(128, 512, 1, 1)",14.558304460843404,0.0002221420968756623,44,44,3,
resnet50_no_weights,IMAGENET100,qat,layer2.3.conv1,"(128, 512, 1, 1)",14.231003594398498,0.00021714788199460598,"42,43,44",aggregate,3,0.4400773434710072
resnet50_no_weights,IMAGENET100,qat,layer2.3.conv2,"(128, 128, 3, 3)",11.56377711503402,7.84218825618084e-05,42,42,3,
resnet50_no_weights,IMAGENET100,qat,layer2.3.conv2,"(128, 128, 3, 3)",11.243786311149597,7.625180603806964e-05,43,43,3,
resnet50_no_weights,IMAGENET100,qat,layer2.3.conv2,"(128, 128, 3, 3)",11.907622877756754,8.075373587888424e-05,44,44,3,
resnet50_no_weights,IMAGENET100,qat,layer2.3.conv2,"(128, 128, 3, 3)",11.571728767980124,7.847580815958742e-05,"42,43,44",aggregate,3,0.33198971125567467
resnet50_no_weights,IMAGENET100,qat,layer2.3.conv3,"(512, 128, 1, 1)",17.504841979344686,0.00026710269133521555,42,42,3,
resnet50_no_weights,IMAGENET100,qat,layer2.3.conv3,"(512, 128, 1, 1)",14.187758914629619,0.0002164880205479373,43,43,3,
resnet50_no_weights,IMAGENET100,qat,layer2.3.conv3,"(512, 128, 1, 1)",15.274091291427613,0.00023306413713726216,44,44,3,
resnet50_no_weights,IMAGENET100,qat,layer2.3.conv3,"(512, 128, 1, 1)",15.65556406180064,0.00023888494967347167,"42,43,44",aggregate,3,1.6911242179263266
resnet50_no_weights,IMAGENET100,qat,layer3.0.conv1,"(256, 512, 1, 1)",63.05912659962972,0.0004811029556246164,42,42,3,
resnet50_no_weights,IMAGENET100,qat,layer3.0.conv1,"(256, 512, 1, 1)",60.81389694213867,0.00046397321275435386,43,43,3,
resnet50_no_weights,IMAGENET100,qat,layer3.0.conv1,"(256, 512, 1, 1)",76.61250425974528,0.000584507021024668,44,44,3,
resnet50_no_weights,IMAGENET100,qat,layer3.0.conv1,"(256, 512, 1, 1)",66.82850926717123,0.0005098610631345461,"42,43,44",aggregate,3,8.547232450609672
resnet50_no_weights,IMAGENET100,qat,layer3.0.conv2,"(256, 256, 3, 3)",57.827178192138675,9.804141267927157e-05,42,42,3,
resnet50_no_weights,IMAGENET100,qat,layer3.0.conv2,"(256, 256, 3, 3)",45.32681359185113,7.684803194147938e-05,43,43,3,
resnet50_no_weights,IMAGENET100,qat,layer3.0.conv2,"(256, 256, 3, 3)",49.27186403274536,8.35365533324269e-05,44,44,3,
resnet50_no_weights,IMAGENET100,qat,layer3.0.conv2,"(256, 256, 3, 3)",50.80861860557839,8.614199931772594e-05,"42,43,44",aggregate,3,6.3903043548701906
resnet50_no_weights,IMAGENET100,qat,layer3.0.conv3,"(1024, 256, 1, 1)",96.86405589363791,0.0003695070491548077,42,42,3,
resnet50_no_weights,IMAGENET100,qat,layer3.0.conv3,"(1024, 256, 1, 1)",122.3466136932373,0.0004667152927140705,43,43,3,
resnet50_no_weights,IMAGENET100,qat,layer3.0.conv3,"(1024, 256, 1, 1)",88.4160353978475,0.00033728040846957205,44,44,3,
resnet50_no_weights,IMAGENET100,qat,layer3.0.conv3,"(1024, 256, 1, 1)",102.54223499490757,0.0003911675834461501,"42,43,44",aggregate,3,17.663587526164275
resnet50_no_weights,IMAGENET100,qat,layer3.0.downsample.0,"(1024, 512, 1, 1)",108.80286496480306,0.00020752499573670018,42,42,3,
resnet50_no_weights,IMAGENET100,qat,layer3.0.downsample.0,"(1024, 512, 1, 1)",120.57222118377686,0.00022997326123004315,43,43,3,
resnet50_no_weights,IMAGENET100,qat,layer3.0.downsample.0,"(1024, 512, 1, 1)",118.59261322021484,0.0002261974586872384,44,44,3,
resnet50_no_weights,IMAGENET100,qat,layer3.0.downsample.0,"(1024, 512, 1, 1)",115.9892331229316,0.00022123190521799392,"42,43,44",aggregate,3,6.30179556955573
resnet50_no_weights,IMAGENET100,qat,layer3.1.conv1,"(256, 1024, 1, 1)",12.591897575060527,4.803427724861346e-05,42,42,3,
resnet50_no_weights,IMAGENET100,qat,layer3.1.conv1,"(256, 1024, 1, 1)",12.357612473624092,4.714055051278722e-05,43,43,3,
resnet50_no_weights,IMAGENET100,qat,layer3.1.conv1,"(256, 1024, 1, 1)",12.137277587254841,4.630003962423264e-05,44,44,3,
resnet50_no_weights,IMAGENET100,qat,layer3.1.conv1,"(256, 1024, 1, 1)",12.362262545313154,4.715828912854444e-05,"42,43,44",aggregate,3,0.22734566347996488
resnet50_no_weights,IMAGENET100,qat,layer3.1.conv2,"(256, 256, 3, 3)",13.204205495970589,2.2386687377879824e-05,42,42,3,
resnet50_no_weights,IMAGENET100,qat,layer3.1.conv2,"(256, 256, 3, 3)",11.607352137565613,1.9679348649030242e-05,43,43,3,
resnet50_no_weights,IMAGENET100,qat,layer3.1.conv2,"(256, 256, 3, 3)",12.304189101854961,2.0860780676701798e-05,44,44,3,
resnet50_no_weights,IMAGENET100,qat,layer3.1.conv2,"(256, 256, 3, 3)",12.371915578463721,2.097560556787062e-05,"42,43,44",aggregate,3,0.8005781153564532
resnet50_no_weights,IMAGENET100,qat,layer3.1.conv3,"(1024, 256, 1, 1)",31.411366399129232,0.00011982485351230328,42,42,3,
resnet50_no_weights,IMAGENET100,qat,layer3.1.conv3,"(1024, 256, 1, 1)",25.799863052368163,9.84186670393683e-05,43,43,3,
resnet50_no_weights,IMAGENET100,qat,layer3.1.conv3,"(1024, 256, 1, 1)",32.08477074305217,0.0001223936872217261,44,44,3,
resnet50_no_weights,IMAGENET100,qat,layer3.1.conv3,"(1024, 256, 1, 1)",29.765333398183188,0.0001135457359244659,"42,43,44",aggregate,3,3.4506643780955164
resnet50_no_weights,IMAGENET100,qat,layer3.2.conv1,"(256, 1024, 1, 1)",13.849563455581665,5.28318918441073e-05,42,42,3,
resnet50_no_weights,IMAGENET100,qat,layer3.2.conv1,"(256, 1024, 1, 1)",9.716468787193298,3.7065386914036934e-05,43,43,3,
resnet50_no_weights,IMAGENET100,qat,layer3.2.conv1,"(256, 1024, 1, 1)",8.506977081298828,3.245154221076518e-05,44,44,3,
resnet50_no_weights,IMAGENET100,qat,layer3.2.conv1,"(256, 1024, 1, 1)",10.691003108024598,4.078294032296981e-05,"42,43,44",aggregate,3,2.801445189277625
resnet50_no_weights,IMAGENET100,qat,layer3.2.conv2,"(256, 256, 3, 3)",10.866629219055175,1.8423511452662448e-05,42,42,3,
resnet50_no_weights,IMAGENET100,qat,layer3.2.conv2,"(256, 256, 3, 3)",14.883474120387325,2.5233754680018656e-05,43,43,3,
resnet50_no_weights,IMAGENET100,qat,layer3.2.conv2,"(256, 256, 3, 3)",14.343021757462445,2.4317460390663053e-05,44,44,3,
resnet50_no_weights,IMAGENET100,qat,layer3.2.conv2,"(256, 256, 3, 3)",13.364375032301648,2.2658242174448053e-05,"42,43,44",aggregate,3,2.1799249528000924
resnet50_no_weights,IMAGENET100,qat,layer3.2.conv3,"(1024, 256, 1, 1)",43.407869291305545,0.00016558788029215067,42,42,3,
resnet50_no_weights,IMAGENET100,qat,layer3.2.conv3,"(1024, 256, 1, 1)",39.368561923503876,0.00015017914552117873,43,43,3,
resnet50_no_weights,IMAGENET100,qat,layer3.2.conv3,"(1024, 256, 1, 1)",33.983534308040845,0.0001296368954011568,44,44,3,
resnet50_no_weights,IMAGENET100,qat,layer3.2.conv3,"(1024, 256, 1, 1)",38.91998850761676,0.00014846797373816207,"42,43,44",aggregate,3,4.7281535562286034
resnet50_no_weights,IMAGENET100,qat,layer3.3.conv1,"(256, 1024, 1, 1)",7.134146014849345,2.7214607295415288e-05,42,42,3,
resnet50_no_weights,IMAGENET100,qat,layer3.3.conv1,"(256, 1024, 1, 1)",8.229163919176374,3.139176910086202e-05,43,43,3,
resnet50_no_weights,IMAGENET100,qat,layer3.3.conv1,"(256, 1024, 1, 1)",7.997387210528056,3.0507611124145722e-05,44,44,3,
resnet50_no_weights,IMAGENET100,qat,layer3.3.conv1,"(256, 1024, 1, 1)",7.786899048184591,2.9704662506807676e-05,"42,43,44",aggregate,3,0.5770571917619916
resnet50_no_weights,IMAGENET100,qat,layer3.3.conv2,"(256, 256, 3, 3)",12.507415024439494,2.120533417500728e-05,42,42,3,
resnet50_no_weights,IMAGENET100,qat,layer3.3.conv2,"(256, 256, 3, 3)",11.489884034792583,1.9480190759942937e-05,43,43,3,
resnet50_no_weights,IMAGENET100,qat,layer3.3.conv2,"(256, 256, 3, 3)",11.013547076119316,1.8672599073824253e-05,44,44,3,
resnet50_no_weights,IMAGENET100,qat,layer3.3.conv2,"(256, 256, 3, 3)",11.670282045117132,1.9786041336258157e-05,"42,43,44",aggregate,3,0.7630975975269324
resnet50_no_weights,IMAGENET100,qat,layer3.3.conv3,"(1024, 256, 1, 1)",41.41790536733774,0.00015799677035269828,42,42,3,
resnet50_no_weights,IMAGENET100,qat,layer3.3.conv3,"(1024, 256, 1, 1)",50.357928085327146,0.00019210025056963785,43,43,3,
resnet50_no_weights,IMAGENET100,qat,layer3.3.conv3,"(1024, 256, 1, 1)",36.56338299645318,0.00013947823713856956,44,44,3,
resnet50_no_weights,IMAGENET100,qat,layer3.3.conv3,"(1024, 256, 1, 1)",42.779738816372685,0.00016319175268696856,"42,43,44",aggregate,3,6.997378888514401
resnet50_no_weights,IMAGENET100,qat,layer3.4.conv1,"(256, 1024, 1, 1)",10.366364634037017,3.9544542823932714e-05,42,42,3,
resnet50_no_weights,IMAGENET100,qat,layer3.4.conv1,"(256, 1024, 1, 1)",11.38155647913615,4.341719237951717e-05,43,43,3,
resnet50_no_weights,IMAGENET100,qat,layer3.4.conv1,"(256, 1024, 1, 1)",11.535468516142473,4.4004320206231966e-05,44,44,3,
resnet50_no_weights,IMAGENET100,qat,layer3.4.conv1,"(256, 1024, 1, 1)",11.09446320977188,4.232201846989395e-05,"42,43,44",aggregate,3,0.6352305729215261
resnet50_no_weights,IMAGENET100,qat,layer3.4.conv2,"(256, 256, 3, 3)",9.098225243886311,1.5425322204397093e-05,42,42,3,
resnet50_no_weights,IMAGENET100,qat,layer3.4.conv2,"(256, 256, 3, 3)",7.357435746626421,1.2473951122074418e-05,43,43,3,
resnet50_no_weights,IMAGENET100,qat,layer3.4.conv2,"(256, 256, 3, 3)",8.830740245183309,1.4971822518553516e-05,44,44,3,
resnet50_no_weights,IMAGENET100,qat,layer3.4.conv2,"(256, 256, 3, 3)",8.428800411898681,1.429036528167501e-05,"42,43,44",aggregate,3,0.9374186581395966
resnet50_no_weights,IMAGENET100,qat,layer3.4.conv3,"(1024, 256, 1, 1)",37.72536875406901,0.00014391086103084186,42,42,3,
resnet50_no_weights,IMAGENET100,qat,layer3.4.conv3,"(1024, 256, 1, 1)",38.30072991053263,0.00014610568966115048,43,43,3,
resnet50_no_weights,IMAGENET100,qat,layer3.4.conv3,"(1024, 256, 1, 1)",44.8998228708903,0.00017127923153263205,44,44,3,
resnet50_no_weights,IMAGENET100,qat,layer3.4.conv3,"(1024, 256, 1, 1)",40.308640511830646,0.00015376526074154147,"42,43,44",aggregate,3,3.986474219871138
resnet50_no_weights,IMAGENET100,qat,layer3.5.conv1,"(256, 1024, 1, 1)",11.999354494942558,4.577390478112243e-05,42,42,3,
resnet50_no_weights,IMAGENET100,qat,layer3.5.conv1,"(256, 1024, 1, 1)",10.323107957839966,3.9379531699523795e-05,43,43,3,
resnet50_no_weights,IMAGENET100,qat,layer3.5.conv1,"(256, 1024, 1, 1)",10.803949133555095,4.121379521772421e-05,44,44,3,
resnet50_no_weights,IMAGENET100,qat,layer3.5.conv1,"(256, 1024, 1, 1)",11.042137195445873,4.212241056612348e-05,"42,43,44",aggregate,3,0.863134275711243
resnet50_no_weights,IMAGENET100,qat,layer3.5.conv2,"(256, 256, 3, 3)",11.33890560468038,1.9224218757935212e-05,42,42,3,
resnet50_no_weights,IMAGENET100,qat,layer3.5.conv2,"(256, 256, 3, 3)",10.414424308141072,1.7656833747255235e-05,43,43,3,
resnet50_no_weights,IMAGENET100,qat,layer3.5.conv2,"(256, 256, 3, 3)",9.3055748462677,1.5776867076056075e-05,44,44,3,
resnet50_no_weights,IMAGENET100,qat,layer3.5.conv2,"(256, 256, 3, 3)",10.352968253029717,1.7552639860415507e-05,"42,43,44",aggregate,3,1.0180575270136547
resnet50_no_weights,IMAGENET100,qat,layer3.5.conv3,"(1024, 256, 1, 1)",50.499619364738464,0.00019264075990577112,42,42,3,
resnet50_no_weights,IMAGENET100,qat,layer3.5.conv3,"(1024, 256, 1, 1)",67.60453927516937,0.0002578908511168265,43,43,3,
resnet50_no_weights,IMAGENET100,qat,layer3.5.conv3,"(1024, 256, 1, 1)",52.16200040181478,0.000198982240302333,44,44,3,
resnet50_no_weights,IMAGENET100,qat,layer3.5.conv3,"(1024, 256, 1, 1)",56.75538634724087,0.0002165046171083102,"42,43,44",aggregate,3,9.432336249216966
resnet50_no_weights,IMAGENET100,qat,layer4.0.conv1,"(512, 1024, 1, 1)",77.61640307108561,0.00014804154028145907,42,42,3,
resnet50_no_weights,IMAGENET100,qat,layer4.0.conv1,"(512, 1024, 1, 1)",73.36117839813232,0.0001399253433191916,43,43,3,
resnet50_no_weights,IMAGENET100,qat,layer4.0.conv1,"(512, 1024, 1, 1)",69.9725237528483,0.0001334619975144354,44,44,3,
resnet50_no_weights,IMAGENET100,qat,layer4.0.conv1,"(512, 1024, 1, 1)",73.65003507402209,0.0001404762937050287,"42,43,44",aggregate,3,3.830117673433622
resnet50_no_weights,IMAGENET100,qat,layer4.0.conv2,"(512, 512, 3, 3)",77.12657674153645,3.269050460032843e-05,42,42,3,
resnet50_no_weights,IMAGENET100,qat,layer4.0.conv2,"(512, 512, 3, 3)",75.05160558791388,3.181101717966456e-05,43,43,3,
resnet50_no_weights,IMAGENET100,qat,layer4.0.conv2,"(512, 512, 3, 3)",73.10025610242572,3.098392745226784e-05,44,44,3,
resnet50_no_weights,IMAGENET100,qat,layer4.0.conv2,"(512, 512, 3, 3)",75.09281281062535,3.182848307742028e-05,"42,43,44",aggregate,3,2.013476595005506
resnet50_no_weights,IMAGENET100,qat,layer4.0.conv3,"(2048, 512, 1, 1)",374.39670290265764,0.0003570525197054459,42,42,3,
resnet50_no_weights,IMAGENET100,qat,layer4.0.conv3,"(2048, 512, 1, 1)",292.3002237955729,0.00027875921611363687,43,43,3,
resnet50_no_weights,IMAGENET100,qat,layer4.0.conv3,"(2048, 512, 1, 1)",290.4797717503139,0.0002770230977538241,44,44,3,
resnet50_no_weights,IMAGENET100,qat,layer4.0.conv3,"(2048, 512, 1, 1)",319.0588994828481,0.0003042782778576356,"42,43,44",aggregate,3,47.93258679551295
resnet50_no_weights,IMAGENET100,qat,layer4.0.downsample.0,"(2048, 1024, 1, 1)",60.67642885843913,2.89327759067722e-05,42,42,3,
resnet50_no_weights,IMAGENET100,qat,layer4.0.downsample.0,"(2048, 1024, 1, 1)",63.20569258469801,3.013882283434773e-05,43,43,3,
resnet50_no_weights,IMAGENET100,qat,layer4.0.downsample.0,"(2048, 1024, 1, 1)",81.02578983306884,3.8636107365164205e-05,44,44,3,
resnet50_no_weights,IMAGENET100,qat,layer4.0.downsample.0,"(2048, 1024, 1, 1)",68.30263709206866,3.256923536876138e-05,"42,43,44",aggregate,3,11.090908686954263
resnet50_no_weights,IMAGENET100,qat,layer4.1.conv1,"(512, 2048, 1, 1)",30.794042778015136,2.9367487695708405e-05,42,42,3,
resnet50_no_weights,IMAGENET100,qat,layer4.1.conv1,"(512, 2048, 1, 1)",33.640685590108234,3.2082257833584055e-05,43,43,3,
resnet50_no_weights,IMAGENET100,qat,layer4.1.conv1,"(512, 2048, 1, 1)",34.23467763264974,3.264873278870558e-05,44,44,3,
resnet50_no_weights,IMAGENET100,qat,layer4.1.conv1,"(512, 2048, 1, 1)",32.8898020002577,3.136615943933268e-05,"42,43,44",aggregate,3,1.8391198098171142
resnet50_no_weights,IMAGENET100,qat,layer4.1.conv2,"(512, 512, 3, 3)",76.75850694075875,3.253449628226333e-05,42,42,3,
resnet50_no_weights,IMAGENET100,qat,layer4.1.conv2,"(512, 512, 3, 3)",75.53723754882813,3.2016854836708973e-05,43,43,3,
resnet50_no_weights,IMAGENET100,qat,layer4.1.conv2,"(512, 512, 3, 3)",85.44773921966552,3.62174730172329e-05,44,44,3,
resnet50_no_weights,IMAGENET100,qat,layer4.1.conv2,"(512, 512, 3, 3)",79.24782790308413,3.3589608045401735e-05,"42,43,44",aggregate,3,5.403892114210101
resnet50_no_weights,IMAGENET100,qat,layer4.1.conv3,"(2048, 512, 1, 1)",252.91446177164713,0.00024119802643933022,42,42,3,
resnet50_no_weights,IMAGENET100,qat,layer4.1.conv3,"(2048, 512, 1, 1)",240.4662252153669,0.0002293264629510564,43,43,3,
resnet50_no_weights,IMAGENET100,qat,layer4.1.conv3,"(2048, 512, 1, 1)",237.04967104593914,0.00022606818298906244,44,44,3,
resnet50_no_weights,IMAGENET100,qat,layer4.1.conv3,"(2048, 512, 1, 1)",243.4767860109844,0.00023219755745981636,"42,43,44",aggregate,3,8.349880443497938
resnet50_no_weights,IMAGENET100,qat,layer4.2.conv1,"(512, 2048, 1, 1)",35.41882400512695,3.377802277100272e-05,42,42,3,
resnet50_no_weights,IMAGENET100,qat,layer4.2.conv1,"(512, 2048, 1, 1)",36.22539310455322,3.4547227005532474e-05,43,43,3,
resnet50_no_weights,IMAGENET100,qat,layer4.2.conv1,"(512, 2048, 1, 1)",35.626991271972656,3.397654654690996e-05,44,44,3,
resnet50_no_weights,IMAGENET100,qat,layer4.2.conv1,"(512, 2048, 1, 1)",35.757069460550944,3.410059877448172e-05,"42,43,44",aggregate,3,0.41872267599830554
resnet50_no_weights,IMAGENET100,qat,layer4.2.conv2,"(512, 512, 3, 3)",42.28110771179199,1.792106955286322e-05,42,42,3,
resnet50_no_weights,IMAGENET100,qat,layer4.2.conv2,"(512, 512, 3, 3)",51.60657577514648,2.1873718166413405e-05,43,43,3,
resnet50_no_weights,IMAGENET100,qat,layer4.2.conv2,"(512, 512, 3, 3)",49.91324577331543,2.1155991352214996e-05,44,44,3,
resnet50_no_weights,IMAGENET100,qat,layer4.2.conv2,"(512, 512, 3, 3)",47.9336430867513,2.0316926357163876e-05,"42,43,44",aggregate,3,4.967917948965148
resnet50_no_weights,IMAGENET100,qat,layer4.2.conv3,"(2048, 512, 1, 1)",68.23195476531983,6.507106281787856e-05,42,42,3,
resnet50_no_weights,IMAGENET100,qat,layer4.2.conv3,"(2048, 512, 1, 1)",61.98627326602028,5.91147167835429e-05,43,43,3,
resnet50_no_weights,IMAGENET100,qat,layer4.2.conv3,"(2048, 512, 1, 1)",51.99299957638695,4.958438832892127e-05,44,44,3,
resnet50_no_weights,IMAGENET100,qat,layer4.2.conv3,"(2048, 512, 1, 1)",60.737075869242354,5.7923389310114244e-05,"42,43,44",aggregate,3,8.1912323254276
resnet50_no_weights,IMAGENET100,qat,fc,"(100, 2048)",12.380857424302535,6.0453405392102224e-05,42,42,3,
resnet50_no_weights,IMAGENET100,qat,fc,"(100, 2048)",11.948410940170287,5.834185029380023e-05,43,43,3,
resnet50_no_weights,IMAGENET100,qat,fc,"(100, 2048)",9.822886641820272,4.796331368076305e-05,44,44,3,
resnet50_no_weights,IMAGENET100,qat,fc,"(100, 2048)",11.384051668764364,5.5586189788888496e-05,"42,43,44",aggregate,3,1.3691894213090452
resnet50_no_weights,IMAGENET100,fp32_fused_qat,conv1,"(64, 3, 7, 7)",17590.898372395834,1.8697808644128224,42,42,3,
resnet50_no_weights,IMAGENET100,fp32_fused_qat,conv1,"(64, 3, 7, 7)",14378.411165364583,1.528317513325317,43,43,3,
resnet50_no_weights,IMAGENET100,fp32_fused_qat,conv1,"(64, 3, 7, 7)",15390.663264973959,1.6359123368382185,44,44,3,
resnet50_no_weights,IMAGENET100,fp32_fused_qat,conv1,"(64, 3, 7, 7)",15786.657600911458,1.6780035715254527,"42,43,44",aggregate,3,1642.4454783662675
resnet50_no_weights,IMAGENET100,fp32_fused_qat,layer1.0.conv1,"(64, 64, 1, 1)",111.88902982076009,0.027316657671084005,42,42,3,
resnet50_no_weights,IMAGENET100,fp32_fused_qat,layer1.0.conv1,"(64, 64, 1, 1)",130.59804089864096,0.031884287328769766,43,43,3,
resnet50_no_weights,IMAGENET100,fp32_fused_qat,layer1.0.conv1,"(64, 64, 1, 1)",112.81092721765691,0.02754173027774827,44,44,3,
resnet50_no_weights,IMAGENET100,fp32_fused_qat,layer1.0.conv1,"(64, 64, 1, 1)",118.43266597901932,0.028914225092534013,"42,43,44",aggregate,3,10.545602586093443
resnet50_no_weights,IMAGENET100,fp32_fused_qat,layer1.0.conv2,"(64, 64, 3, 3)",137.154253133138,0.003720547231259169,42,42,3,
resnet50_no_weights,IMAGENET100,fp32_fused_qat,layer1.0.conv2,"(64, 64, 3, 3)",131.49456354777018,0.003567018325406092,43,43,3,
resnet50_no_weights,IMAGENET100,fp32_fused_qat,layer1.0.conv2,"(64, 64, 3, 3)",157.48846715291342,0.004272148089000473,44,44,3,
resnet50_no_weights,IMAGENET100,fp32_fused_qat,layer1.0.conv2,"(64, 64, 3, 3)",142.04576127794053,0.0038532378818885776,"42,43,44",aggregate,3,13.669890091232324
resnet50_no_weights,IMAGENET100,fp32_fused_qat,layer1.0.conv3,"(256, 64, 1, 1)",156.7362377025463,0.009566420758212055,42,42,3,
resnet50_no_weights,IMAGENET100,fp32_fused_qat,layer1.0.conv3,"(256, 64, 1, 1)",152.0371016184489,0.009279608253079157,43,43,3,
resnet50_no_weights,IMAGENET100,fp32_fused_qat,layer1.0.conv3,"(256, 64, 1, 1)",148.12033309936524,0.009040547674521804,44,44,3,
resnet50_no_weights,IMAGENET100,fp32_fused_qat,layer1.0.conv3,"(256, 64, 1, 1)",152.29789080678682,0.009295525561937672,"42,43,44",aggregate,3,4.3138684823884725
resnet50_no_weights,IMAGENET100,fp32_fused_qat,layer1.0.downsample.0,"(256, 64, 1, 1)",192.2370236714681,0.011733216776823005,42,42,3,
resnet50_no_weights,IMAGENET100,fp32_fused_qat,layer1.0.downsample.0,"(256, 64, 1, 1)",175.19123331705728,0.010692824299136797,43,43,3,
resnet50_no_weights,IMAGENET100,fp32_fused_qat,layer1.0.downsample.0,"(256, 64, 1, 1)",173.7991797765096,0.010607860093781103,44,44,3,
resnet50_no_weights,IMAGENET100,fp32_fused_qat,layer1.0.downsample.0,"(256, 64, 1, 1)",180.40914558834498,0.011011300389913634,"42,43,44",aggregate,3,10.266863115229302
resnet50_no_weights,IMAGENET100,fp32_fused_qat,layer1.1.conv1,"(64, 256, 1, 1)",15.926729646222345,0.000972090432508688,42,42,3,
resnet50_no_weights,IMAGENET100,fp32_fused_qat,layer1.1.conv1,"(64, 256, 1, 1)",19.25331315127286,0.0011751289765181189,43,43,3,
resnet50_no_weights,IMAGENET100,fp32_fused_qat,layer1.1.conv1,"(64, 256, 1, 1)",20.363047420978546,0.001242861781065585,44,44,3,
resnet50_no_weights,IMAGENET100,fp32_fused_qat,layer1.1.conv1,"(64, 256, 1, 1)",18.514363406157916,0.0011300270633641306,"42,43,44",aggregate,3,2.3086281411280885
resnet50_no_weights,IMAGENET100,fp32_fused_qat,layer1.1.conv2,"(64, 64, 3, 3)",5.768914045890172,0.00015649180897054504,42,42,3,
resnet50_no_weights,IMAGENET100,fp32_fused_qat,layer1.1.conv2,"(64, 64, 3, 3)",5.412021656831105,0.00014681048331247572,43,43,3,
resnet50_no_weights,IMAGENET100,fp32_fused_qat,layer1.1.conv2,"(64, 64, 3, 3)",4.310062323013941,0.00011691792325884173,44,44,3,
resnet50_no_weights,IMAGENET100,fp32_fused_qat,layer1.1.conv2,"(64, 64, 3, 3)",5.1636660085784065,0.00014007340518062082,"42,43,44",aggregate,3,0.7604751694493389
resnet50_no_weights,IMAGENET100,fp32_fused_qat,layer1.1.conv3,"(256, 64, 1, 1)",6.733223400115967,0.0004109633422922343,42,42,3,
resnet50_no_weights,IMAGENET100,fp32_fused_qat,layer1.1.conv3,"(256, 64, 1, 1)",7.672471928596496,0.000468290522985626,43,43,3,
resnet50_no_weights,IMAGENET100,fp32_fused_qat,layer1.1.conv3,"(256, 64, 1, 1)",7.243334809939067,0.000442098071895695,44,44,3,
resnet50_no_weights,IMAGENET100,fp32_fused_qat,layer1.1.conv3,"(256, 64, 1, 1)",7.21634337955051,0.00044045064572451845,"42,43,44",aggregate,3,0.4702056492100295
resnet50_no_weights,IMAGENET100,fp32_fused_qat,layer1.2.conv1,"(64, 256, 1, 1)",2.0417372465133665,0.0001246177518623881,42,42,3,
resnet50_no_weights,IMAGENET100,fp32_fused_qat,layer1.2.conv1,"(64, 256, 1, 1)",2.1114548350373905,0.0001288729757713251,43,43,3,
resnet50_no_weights,IMAGENET100,fp32_fused_qat,layer1.2.conv1,"(64, 256, 1, 1)",2.071490772745826,0.00012643376298497472,44,44,3,
resnet50_no_weights,IMAGENET100,fp32_fused_qat,layer1.2.conv1,"(64, 256, 1, 1)",2.0748942847655276,0.00012664149687289597,"42,43,44",aggregate,3,0.03498318821880692
resnet50_no_weights,IMAGENET100,fp32_fused_qat,layer1.2.conv2,"(64, 64, 3, 3)",0.5261636430827471,1.4273102297166533e-05,42,42,3,
resnet50_no_weights,IMAGENET100,fp32_fused_qat,layer1.2.conv2,"(64, 64, 3, 3)",0.6768873747438192,1.836174519161836e-05,43,43,3,
resnet50_no_weights,IMAGENET100,fp32_fused_qat,layer1.2.conv2,"(64, 64, 3, 3)",0.6778907247859499,1.8388962803438312e-05,44,44,3,
resnet50_no_weights,IMAGENET100,fp32_fused_qat,layer1.2.conv2,"(64, 64, 3, 3)",0.6269805808708387,1.70079367640744e-05,"42,43,44",aggregate,3,0.0873114705325292
resnet50_no_weights,IMAGENET100,fp32_fused_qat,layer1.2.conv3,"(256, 64, 1, 1)",2.603999810559409,0.00015893553531246392,42,42,3,
resnet50_no_weights,IMAGENET100,fp32_fused_qat,layer1.2.conv3,"(256, 64, 1, 1)",2.8292290687561037,0.00017268243827857078,43,43,3,
resnet50_no_weights,IMAGENET100,fp32_fused_qat,layer1.2.conv3,"(256, 64, 1, 1)",2.077194418509801,0.0001267818858953736,44,44,3,
resnet50_no_weights,IMAGENET100,fp32_fused_qat,layer1.2.conv3,"(256, 64, 1, 1)",2.5034744326084377,0.0001527999531621361,"42,43,44",aggregate,3,0.3859637839252653
resnet50_no_weights,IMAGENET100,fp32_fused_qat,layer2.0.conv1,"(128, 256, 1, 1)",26.850821876525877,0.0008194220543373376,42,42,3,
resnet50_no_weights,IMAGENET100,fp32_fused_qat,layer2.0.conv1,"(128, 256, 1, 1)",25.549385484059652,0.0007797053675555314,43,43,3,
resnet50_no_weights,IMAGENET100,fp32_fused_qat,layer2.0.conv1,"(128, 256, 1, 1)",26.245715870576745,0.0008009556845268782,44,44,3,
resnet50_no_weights,IMAGENET100,fp32_fused_qat,layer2.0.conv1,"(128, 256, 1, 1)",26.215307743720757,0.0008000277021399157,"42,43,44",aggregate,3,0.6512508437944962
resnet50_no_weights,IMAGENET100,fp32_fused_qat,layer2.0.conv2,"(128, 128, 3, 3)",29.43137000401815,0.00019959425187186786,42,42,3,
resnet50_no_weights,IMAGENET100,fp32_fused_qat,layer2.0.conv2,"(128, 128, 3, 3)",37.364085833231606,0.00025339142410774475,43,43,3,
resnet50_no_weights,IMAGENET100,fp32_fused_qat,layer2.0.conv2,"(128, 128, 3, 3)",37.980398416519165,0.00025757106130994443,44,44,3,
resnet50_no_weights,IMAGENET100,fp32_fused_qat,layer2.0.conv2,"(128, 128, 3, 3)",34.92528475125631,0.00023685224576318567,"42,43,44",aggregate,3,4.767838581319666
resnet50_no_weights,IMAGENET100,fp32_fused_qat,layer2.0.conv3,"(512, 128, 1, 1)",61.325022904769234,0.0009357455887568548,42,42,3,
resnet50_no_weights,IMAGENET100,fp32_fused_qat,layer2.0.conv3,"(512, 128, 1, 1)",52.88344701131185,0.0008069373628435036,43,43,3,
resnet50_no_weights,IMAGENET100,fp32_fused_qat,layer2.0.conv3,"(512, 128, 1, 1)",48.376285552978516,0.0007381635368801653,44,44,3,
resnet50_no_weights,IMAGENET100,fp32_fused_qat,layer2.0.conv3,"(512, 128, 1, 1)",54.194918489686536,0.0008269488294935079,"42,43,44",aggregate,3,6.573234959314761
resnet50_no_weights,IMAGENET100,fp32_fused_qat,layer2.0.downsample.0,"(512, 256, 1, 1)",124.53189442952474,0.0009501029543268184,42,42,3,
resnet50_no_weights,IMAGENET100,fp32_fused_qat,layer2.0.downsample.0,"(512, 256, 1, 1)",180.6245378766741,0.001378055861485856,43,43,3,
resnet50_no_weights,IMAGENET100,fp32_fused_qat,layer2.0.downsample.0,"(512, 256, 1, 1)",138.956046295166,0.0010601504996884613,44,44,3,
resnet50_no_weights,IMAGENET100,fp32_fused_qat,layer2.0.downsample.0,"(512, 256, 1, 1)",148.0374928671216,0.0011294364385003785,"42,43,44",aggregate,3,29.128176498052888
resnet50_no_weights,IMAGENET100,fp32_fused_qat,layer2.1.conv1,"(128, 512, 1, 1)",30.96419712702433,0.0004724761524509328,42,42,3,
resnet50_no_weights,IMAGENET100,fp32_fused_qat,layer2.1.conv1,"(128, 512, 1, 1)",30.738450908660887,0.00046903153852326793,43,43,3,
resnet50_no_weights,IMAGENET100,fp32_fused_qat,layer2.1.conv1,"(128, 512, 1, 1)",34.71500743230184,0.0005297089757126135,44,44,3,
resnet50_no_weights,IMAGENET100,fp32_fused_qat,layer2.1.conv1,"(128, 512, 1, 1)",32.13921848932902,0.0004904055555622714,"42,43,44",aggregate,3,2.233552517366029
resnet50_no_weights,IMAGENET100,fp32_fused_qat,layer2.1.conv2,"(128, 128, 3, 3)",23.52773338953654,0.00015955765373763385,42,42,3,
resnet50_no_weights,IMAGENET100,fp32_fused_qat,layer2.1.conv2,"(128, 128, 3, 3)",19.217127362887066,0.0001303244856966625,43,43,3,
resnet50_no_weights,IMAGENET100,fp32_fused_qat,layer2.1.conv2,"(128, 128, 3, 3)",21.64379866917928,0.00014678140373521105,44,44,3,
resnet50_no_weights,IMAGENET100,fp32_fused_qat,layer2.1.conv2,"(128, 128, 3, 3)",21.462886473867627,0.0001455545143898358,"42,43,44",aggregate,3,2.160990049966925
resnet50_no_weights,IMAGENET100,fp32_fused_qat,layer2.1.conv3,"(512, 128, 1, 1)",36.00433133443197,0.0005493824971684565,42,42,3,
resnet50_no_weights,IMAGENET100,fp32_fused_qat,layer2.1.conv3,"(512, 128, 1, 1)",34.60481456120809,0.0005280275659364027,43,43,3,
resnet50_no_weights,IMAGENET100,fp32_fused_qat,layer2.1.conv3,"(512, 128, 1, 1)",31.95757862726847,0.0004876339512217479,44,44,3,
resnet50_no_weights,IMAGENET100,fp32_fused_qat,layer2.1.conv3,"(512, 128, 1, 1)",34.18890817430284,0.000521681338108869,"42,43,44",aggregate,3,2.0551850184923013
resnet50_no_weights,IMAGENET100,fp32_fused_qat,layer2.2.conv1,"(128, 512, 1, 1)",15.817620182037354,0.00024135772982845083,42,42,3,
resnet50_no_weights,IMAGENET100,fp32_fused_qat,layer2.2.conv1,"(128, 512, 1, 1)",17.3199520111084,0.0002642814943101257,43,43,3,
resnet50_no_weights,IMAGENET100,fp32_fused_qat,layer2.2.conv1,"(128, 512, 1, 1)",20.380692036946616,0.0003109846807395419,44,44,3,
resnet50_no_weights,IMAGENET100,fp32_fused_qat,layer2.2.conv1,"(128, 512, 1, 1)",17.839421410030788,0.0002722079682927061,"42,43,44",aggregate,3,2.325466088890323
resnet50_no_weights,IMAGENET100,fp32_fused_qat,layer2.2.conv2,"(128, 128, 3, 3)",16.599615335464478,0.0001125733461877745,42,42,3,
resnet50_no_weights,IMAGENET100,fp32_fused_qat,layer2.2.conv2,"(128, 128, 3, 3)",19.988603030934055,0.00013555638991247595,43,43,3,
resnet50_no_weights,IMAGENET100,fp32_fused_qat,layer2.2.conv2,"(128, 128, 3, 3)",13.67048846880595,9.27089333008216e-05,44,44,3,
resnet50_no_weights,IMAGENET100,fp32_fused_qat,layer2.2.conv2,"(128, 128, 3, 3)",16.752902278401493,0.00011361288980035735,"42,43,44",aggregate,3,3.161845279294994
resnet50_no_weights,IMAGENET100,fp32_fused_qat,layer2.2.conv3,"(512, 128, 1, 1)",25.904195655475963,0.00039526665734063664,42,42,3,
resnet50_no_weights,IMAGENET100,fp32_fused_qat,layer2.2.conv3,"(512, 128, 1, 1)",31.673342514038087,0.0004832968523260206,43,43,3,
resnet50_no_weights,IMAGENET100,fp32_fused_qat,layer2.2.conv3,"(512, 128, 1, 1)",26.533779462178547,0.00040487334384427715,44,44,3,
resnet50_no_weights,IMAGENET100,fp32_fused_qat,layer2.2.conv3,"(512, 128, 1, 1)",28.037105877230864,0.0004278122845036448,"42,43,44",aggregate,3,3.1647680170211285
resnet50_no_weights,IMAGENET100,fp32_fused_qat,layer2.3.conv1,"(128, 512, 1, 1)",46.87767111460368,0.0007152964952789868,42,42,3,
resnet50_no_weights,IMAGENET100,fp32_fused_qat,layer2.3.conv1,"(128, 512, 1, 1)",41.973215389251706,0.0006404604398994706,43,43,3,
resnet50_no_weights,IMAGENET100,fp32_fused_qat,layer2.3.conv1,"(128, 512, 1, 1)",42.424724644628064,0.0006473499243870249,44,44,3,
resnet50_no_weights,IMAGENET100,fp32_fused_qat,layer2.3.conv1,"(128, 512, 1, 1)",43.758537049494485,0.0006677022865218275,"42,43,44",aggregate,3,2.7106665488429393
resnet50_no_weights,IMAGENET100,fp32_fused_qat,layer2.3.conv2,"(128, 128, 3, 3)",25.875996430714924,0.00017548283169701418,42,42,3,
resnet50_no_weights,IMAGENET100,fp32_fused_qat,layer2.3.conv2,"(128, 128, 3, 3)",26.617845217386883,0.00018051381576461372,43,43,3,
resnet50_no_weights,IMAGENET100,fp32_fused_qat,layer2.3.conv2,"(128, 128, 3, 3)",27.194756698608398,0.0001844262471422553,44,44,3,
resnet50_no_weights,IMAGENET100,fp32_fused_qat,layer2.3.conv2,"(128, 128, 3, 3)",26.562866115570067,0.00018014096486796107,"42,43,44",aggregate,3,0.6610969575418226
resnet50_no_weights,IMAGENET100,fp32_fused_qat,layer2.3.conv3,"(512, 128, 1, 1)",47.255468432108565,0.0007210612248551722,42,42,3,
resnet50_no_weights,IMAGENET100,fp32_fused_qat,layer2.3.conv3,"(512, 128, 1, 1)",40.943525314331055,0.0006247486162465066,43,43,3,
resnet50_no_weights,IMAGENET100,fp32_fused_qat,layer2.3.conv3,"(512, 128, 1, 1)",45.71226196289062,0.0006975137628614902,44,44,3,
resnet50_no_weights,IMAGENET100,fp32_fused_qat,layer2.3.conv3,"(512, 128, 1, 1)",44.63708523644341,0.000681107867987723,"42,43,44",aggregate,3,3.2904650469705676
resnet50_no_weights,IMAGENET100,fp32_fused_qat,layer3.0.conv1,"(256, 512, 1, 1)",149.6691204071045,0.0011418847687309607,42,42,3,
resnet50_no_weights,IMAGENET100,fp32_fused_qat,layer3.0.conv1,"(256, 512, 1, 1)",126.98353018079486,0.0009688074507201756,43,43,3,
resnet50_no_weights,IMAGENET100,fp32_fused_qat,layer3.0.conv1,"(256, 512, 1, 1)",148.21234436035155,0.001130770449526608,44,44,3,
resnet50_no_weights,IMAGENET100,fp32_fused_qat,layer3.0.conv1,"(256, 512, 1, 1)",141.6216649827503,0.0010804875563259148,"42,43,44",aggregate,3,12.697905022985585
resnet50_no_weights,IMAGENET100,fp32_fused_qat,layer3.0.conv2,"(256, 256, 3, 3)",111.34654426574707,0.00018877927019881705,42,42,3,
resnet50_no_weights,IMAGENET100,fp32_fused_qat,layer3.0.conv2,"(256, 256, 3, 3)",105.07780723571777,0.00017815112175109487,43,43,3,
resnet50_no_weights,IMAGENET100,fp32_fused_qat,layer3.0.conv2,"(256, 256, 3, 3)",112.40200462341309,0.00019056871986120112,44,44,3,
resnet50_no_weights,IMAGENET100,fp32_fused_qat,layer3.0.conv2,"(256, 256, 3, 3)",109.60878537495931,0.000185833037270371,"42,43,44",aggregate,3,3.9592703008716983
resnet50_no_weights,IMAGENET100,fp32_fused_qat,layer3.0.conv3,"(1024, 256, 1, 1)",211.50184071858723,0.000806815493463849,42,42,3,
resnet50_no_weights,IMAGENET100,fp32_fused_qat,layer3.0.conv3,"(1024, 256, 1, 1)",221.08535978529187,0.0008433737174426722,43,43,3,
resnet50_no_weights,IMAGENET100,fp32_fused_qat,layer3.0.conv3,"(1024, 256, 1, 1)",221.00074768066406,0.0008430509478785098,44,44,3,
resnet50_no_weights,IMAGENET100,fp32_fused_qat,layer3.0.conv3,"(1024, 256, 1, 1)",217.86264939484772,0.0008310800529283437,"42,43,44",aggregate,3,5.50878435447018
resnet50_no_weights,IMAGENET100,fp32_fused_qat,layer3.0.downsample.0,"(1024, 512, 1, 1)",269.27953847249347,0.0005136099595498914,42,42,3,
resnet50_no_weights,IMAGENET100,fp32_fused_qat,layer3.0.downsample.0,"(1024, 512, 1, 1)",302.56986745198566,0.0005771062230148042,43,43,3,
resnet50_no_weights,IMAGENET100,fp32_fused_qat,layer3.0.downsample.0,"(1024, 512, 1, 1)",277.76734415690106,0.0005297991641176244,44,44,3,
resnet50_no_weights,IMAGENET100,fp32_fused_qat,layer3.0.downsample.0,"(1024, 512, 1, 1)",283.2055833604601,0.00054017178222744,"42,43,44",aggregate,3,17.29862234737347
resnet50_no_weights,IMAGENET100,fp32_fused_qat,layer3.1.conv1,"(256, 1024, 1, 1)",47.363370068868,0.00018067691829249573,42,42,3,
resnet50_no_weights,IMAGENET100,fp32_fused_qat,layer3.1.conv1,"(256, 1024, 1, 1)",50.79634918212891,0.00019377269432879985,43,43,3,
resnet50_no_weights,IMAGENET100,fp32_fused_qat,layer3.1.conv1,"(256, 1024, 1, 1)",41.88234567642212,0.0001597684695298085,44,44,3,
resnet50_no_weights,IMAGENET100,fp32_fused_qat,layer3.1.conv1,"(256, 1024, 1, 1)",46.680688309139676,0.00017807269405036803,"42,43,44",aggregate,3,4.496043306479326
resnet50_no_weights,IMAGENET100,fp32_fused_qat,layer3.1.conv2,"(256, 256, 3, 3)",56.47405789693197,9.574730410585525e-05,42,42,3,
resnet50_no_weights,IMAGENET100,fp32_fused_qat,layer3.1.conv2,"(256, 256, 3, 3)",52.10980758666992,8.834806245027317e-05,43,43,3,
resnet50_no_weights,IMAGENET100,fp32_fused_qat,layer3.1.conv2,"(256, 256, 3, 3)",47.82876246770223,8.108988862389836e-05,44,44,3,
resnet50_no_weights,IMAGENET100,fp32_fused_qat,layer3.1.conv2,"(256, 256, 3, 3)",52.1375426504347,8.839508506000892e-05,"42,43,44",aggregate,3,4.322714446963469
resnet50_no_weights,IMAGENET100,fp32_fused_qat,layer3.1.conv3,"(1024, 256, 1, 1)",73.30529251098633,0.00027963749889750036,42,42,3,
resnet50_no_weights,IMAGENET100,fp32_fused_qat,layer3.1.conv3,"(1024, 256, 1, 1)",64.3923498083044,0.0002456373207409073,43,43,3,
resnet50_no_weights,IMAGENET100,fp32_fused_qat,layer3.1.conv3,"(1024, 256, 1, 1)",68.05838635762532,0.0002596221403412831,44,44,3,
resnet50_no_weights,IMAGENET100,fp32_fused_qat,layer3.1.conv3,"(1024, 256, 1, 1)",68.58534289230535,0.00026163231999323024,"42,43,44",aggregate,3,4.479776701734615
resnet50_no_weights,IMAGENET100,fp32_fused_qat,layer3.2.conv1,"(256, 1024, 1, 1)",55.18086738586426,0.00021049830393167214,42,42,3,
resnet50_no_weights,IMAGENET100,fp32_fused_qat,layer3.2.conv1,"(256, 1024, 1, 1)",40.84353538513184,0.00015580572275212035,43,43,3,
resnet50_no_weights,IMAGENET100,fp32_fused_qat,layer3.2.conv1,"(256, 1024, 1, 1)",47.54887653986613,0.00018138456932016803,44,44,3,
resnet50_no_weights,IMAGENET100,fp32_fused_qat,layer3.2.conv1,"(256, 1024, 1, 1)",47.85775977028741,0.0001825628653346535,"42,43,44",aggregate,3,7.173655195389106
resnet50_no_weights,IMAGENET100,fp32_fused_qat,layer3.2.conv2,"(256, 256, 3, 3)",39.391788037618,6.678566494008043e-05,42,42,3,
resnet50_no_weights,IMAGENET100,fp32_fused_qat,layer3.2.conv2,"(256, 256, 3, 3)",42.8927895228068,7.272133640341322e-05,43,43,3,
resnet50_no_weights,IMAGENET100,fp32_fused_qat,layer3.2.conv2,"(256, 256, 3, 3)",43.75581387111119,7.418452601303302e-05,44,44,3,
resnet50_no_weights,IMAGENET100,fp32_fused_qat,layer3.2.conv2,"(256, 256, 3, 3)",42.01346381051199,7.123050911884223e-05,"42,43,44",aggregate,3,2.3110799748334223
resnet50_no_weights,IMAGENET100,fp32_fused_qat,layer3.2.conv3,"(1024, 256, 1, 1)",103.33822453816732,0.00039420404258028917,42,42,3,
resnet50_no_weights,IMAGENET100,fp32_fused_qat,layer3.2.conv3,"(1024, 256, 1, 1)",98.86400998433432,0.0003771362685559628,43,43,3,
resnet50_no_weights,IMAGENET100,fp32_fused_qat,layer3.2.conv3,"(1024, 256, 1, 1)",95.93784404936291,0.00036597383136506236,44,44,3,
resnet50_no_weights,IMAGENET100,fp32_fused_qat,layer3.2.conv3,"(1024, 256, 1, 1)",99.38002619062152,0.0003791047141671048,"42,43,44",aggregate,3,3.7270782643556797
resnet50_no_weights,IMAGENET100,fp32_fused_qat,layer3.3.conv1,"(256, 1024, 1, 1)",33.58539605140686,0.00012811811848223442,42,42,3,
resnet50_no_weights,IMAGENET100,fp32_fused_qat,layer3.3.conv1,"(256, 1024, 1, 1)",36.68255729675293,0.0001399328510160558,43,43,3,
resnet50_no_weights,IMAGENET100,fp32_fused_qat,layer3.3.conv1,"(256, 1024, 1, 1)",35.09075303511186,0.00013386059965176338,44,44,3,
resnet50_no_weights,IMAGENET100,fp32_fused_qat,layer3.3.conv1,"(256, 1024, 1, 1)",35.119568794423884,0.00013397052305001787,"42,43,44",aggregate,3,1.5487816843916236
resnet50_no_weights,IMAGENET100,fp32_fused_qat,layer3.3.conv2,"(256, 256, 3, 3)",45.19078254699707,7.66174020504372e-05,42,42,3,
resnet50_no_weights,IMAGENET100,fp32_fused_qat,layer3.3.conv2,"(256, 256, 3, 3)",39.364822959899904,6.673994778086329e-05,43,43,3,
resnet50_no_weights,IMAGENET100,fp32_fused_qat,layer3.3.conv2,"(256, 256, 3, 3)",44.781571176317,7.592361649630568e-05,44,44,3,
resnet50_no_weights,IMAGENET100,fp32_fused_qat,layer3.3.conv2,"(256, 256, 3, 3)",43.11239222773799,7.309365544253538e-05,"42,43,44",aggregate,3,3.251933278744637
resnet50_no_weights,IMAGENET100,fp32_fused_qat,layer3.3.conv3,"(1024, 256, 1, 1)",100.05569512503487,0.0003816821866036792,42,42,3,
resnet50_no_weights,IMAGENET100,fp32_fused_qat,layer3.3.conv3,"(1024, 256, 1, 1)",120.24230206807455,0.00045868798091153927,43,43,3,
resnet50_no_weights,IMAGENET100,fp32_fused_qat,layer3.3.conv3,"(1024, 256, 1, 1)",104.40875854492188,0.00039828780572861435,44,44,3,
resnet50_no_weights,IMAGENET100,fp32_fused_qat,layer3.3.conv3,"(1024, 256, 1, 1)",108.23558524601043,0.0004128859910812776,"42,43,44",aggregate,3,10.623475274989708
resnet50_no_weights,IMAGENET100,fp32_fused_qat,layer3.4.conv1,"(256, 1024, 1, 1)",35.36174562242296,0.00013489435433358367,42,42,3,
resnet50_no_weights,IMAGENET100,fp32_fused_qat,layer3.4.conv1,"(256, 1024, 1, 1)",39.18191780090332,0.0001494671546970494,43,43,3,
resnet50_no_weights,IMAGENET100,fp32_fused_qat,layer3.4.conv1,"(256, 1024, 1, 1)",39.21881284713745,0.00014960789812903385,44,44,3,
resnet50_no_weights,IMAGENET100,fp32_fused_qat,layer3.4.conv1,"(256, 1024, 1, 1)",37.92082542348791,0.00014465646905322232,"42,43,44",aggregate,3,2.216304893798037
resnet50_no_weights,IMAGENET100,fp32_fused_qat,layer3.4.conv2,"(256, 256, 3, 3)",28.95504715863396,4.909099520981506e-05,42,42,3,
resnet50_no_weights,IMAGENET100,fp32_fused_qat,layer3.4.conv2,"(256, 256, 3, 3)",27.583771245232946,4.676610521991805e-05,43,43,3,
resnet50_no_weights,IMAGENET100,fp32_fused_qat,layer3.4.conv2,"(256, 256, 3, 3)",30.671182990074158,5.2000567949208846e-05,44,44,3,
resnet50_no_weights,IMAGENET100,fp32_fused_qat,layer3.4.conv2,"(256, 256, 3, 3)",29.07000046464702,4.928588945964732e-05,"42,43,44",aggregate,3,1.5469125758970232
resnet50_no_weights,IMAGENET100,fp32_fused_qat,layer3.4.conv3,"(1024, 256, 1, 1)",96.69692681052469,0.0003688695022984493,42,42,3,
resnet50_no_weights,IMAGENET100,fp32_fused_qat,layer3.4.conv3,"(1024, 256, 1, 1)",97.40559021631877,0.00037157283865478047,43,43,3,
resnet50_no_weights,IMAGENET100,fp32_fused_qat,layer3.4.conv3,"(1024, 256, 1, 1)",99.97779423849923,0.0003813850183048219,44,44,3,
resnet50_no_weights,IMAGENET100,fp32_fused_qat,layer3.4.conv3,"(1024, 256, 1, 1)",98.0267704217809,0.0003739424530860172,"42,43,44",aggregate,3,1.7263897027408228
resnet50_no_weights,IMAGENET100,fp32_fused_qat,layer3.5.conv1,"(256, 1024, 1, 1)",42.76604929837313,0.00016313953132008794,42,42,3,
resnet50_no_weights,IMAGENET100,fp32_fused_qat,layer3.5.conv1,"(256, 1024, 1, 1)",36.07239078072941,0.00013760525047580493,43,43,3,
resnet50_no_weights,IMAGENET100,fp32_fused_qat,layer3.5.conv1,"(256, 1024, 1, 1)",39.490920524597165,0.000150645906542195,44,44,3,
resnet50_no_weights,IMAGENET100,fp32_fused_qat,layer3.5.conv1,"(256, 1024, 1, 1)",39.443120201233235,0.00015046356277936262,"42,43,44",aggregate,3,3.347085260475355
resnet50_no_weights,IMAGENET100,fp32_fused_qat,layer3.5.conv2,"(256, 256, 3, 3)",31.41604665120443,5.3263425447598654e-05,42,42,3,
resnet50_no_weights,IMAGENET100,fp32_fused_qat,layer3.5.conv2,"(256, 256, 3, 3)",33.35237347638166,5.6546314623314174e-05,43,43,3,
resnet50_no_weights,IMAGENET100,fp32_fused_qat,layer3.5.conv2,"(256, 256, 3, 3)",30.136319513674135,5.109374917547291e-05,44,44,3,
resnet50_no_weights,IMAGENET100,fp32_fused_qat,layer3.5.conv2,"(256, 256, 3, 3)",31.634913213753407,5.3634496415461914e-05,"42,43,44",aggregate,3,1.619159566538516
resnet50_no_weights,IMAGENET100,fp32_fused_qat,layer3.5.conv3,"(1024, 256, 1, 1)",98.9837277730306,0.0003775929556771492,42,42,3,
resnet50_no_weights,IMAGENET100,fp32_fused_qat,layer3.5.conv3,"(1024, 256, 1, 1)",110.21512832641602,0.0004204373486572877,43,43,3,
resnet50_no_weights,IMAGENET100,fp32_fused_qat,layer3.5.conv3,"(1024, 256, 1, 1)",104.28095334370931,0.0003978002675770161,44,44,3,
resnet50_no_weights,IMAGENET100,fp32_fused_qat,layer3.5.conv3,"(1024, 256, 1, 1)",104.49326981438531,0.000398610190637151,"42,43,44",aggregate,3,5.618709665967521
resnet50_no_weights,IMAGENET100,fp32_fused_qat,layer4.0.conv1,"(512, 1024, 1, 1)",186.34927337646485,0.00035543303180020304,42,42,3,
resnet50_no_weights,IMAGENET100,fp32_fused_qat,layer4.0.conv1,"(512, 1024, 1, 1)",168.5470868278952,0.00032147805562571566,43,43,3,
resnet50_no_weights,IMAGENET100,fp32_fused_qat,layer4.0.conv1,"(512, 1024, 1, 1)",169.61253960927328,0.0003235102455316034,44,44,3,
resnet50_no_weights,IMAGENET100,fp32_fused_qat,layer4.0.conv1,"(512, 1024, 1, 1)",174.83629993787778,0.00033347377765250737,"42,43,44",aggregate,3,9.98474914334582
resnet50_no_weights,IMAGENET100,fp32_fused_qat,layer4.0.conv2,"(512, 512, 3, 3)",148.71456451416014,6.303344917897549e-05,42,42,3,
resnet50_no_weights,IMAGENET100,fp32_fused_qat,layer4.0.conv2,"(512, 512, 3, 3)",142.10501367905562,6.0231956345899634e-05,43,43,3,
resnet50_no_weights,IMAGENET100,fp32_fused_qat,layer4.0.conv2,"(512, 512, 3, 3)",126.13478584289551,5.346289140612094e-05,44,44,3,
resnet50_no_weights,IMAGENET100,fp32_fused_qat,layer4.0.conv2,"(512, 512, 3, 3)",138.9847880120371,5.890943231033202e-05,"42,43,44",aggregate,3,11.60876640176144
resnet50_no_weights,IMAGENET100,fp32_fused_qat,layer4.0.conv3,"(2048, 512, 1, 1)",533.0350708007812,0.0005083418567664921,42,42,3,
resnet50_no_weights,IMAGENET100,fp32_fused_qat,layer4.0.conv3,"(2048, 512, 1, 1)",565.1766116493627,0.0005389944187635066,43,43,3,
resnet50_no_weights,IMAGENET100,fp32_fused_qat,layer4.0.conv3,"(2048, 512, 1, 1)",533.401501246861,0.0005086913120716677,44,44,3,
resnet50_no_weights,IMAGENET100,fp32_fused_qat,layer4.0.conv3,"(2048, 512, 1, 1)",543.871061232335,0.0005186758625338888,"42,43,44",aggregate,3,18.452057520703114
resnet50_no_weights,IMAGENET100,fp32_fused_qat,layer4.0.downsample.0,"(2048, 1024, 1, 1)",128.3863491482205,6.121938187991166e-05,42,42,3,
resnet50_no_weights,IMAGENET100,fp32_fused_qat,layer4.0.downsample.0,"(2048, 1024, 1, 1)",107.91393446922302,5.145737384282256e-05,43,43,3,
resnet50_no_weights,IMAGENET100,fp32_fused_qat,layer4.0.downsample.0,"(2048, 1024, 1, 1)",111.31163460867745,5.3077523521746374e-05,44,44,3,
resnet50_no_weights,IMAGENET100,fp32_fused_qat,layer4.0.downsample.0,"(2048, 1024, 1, 1)",115.87063940870699,5.5251426414826866e-05,"42,43,44",aggregate,3,10.97125035136046
resnet50_no_weights,IMAGENET100,fp32_fused_qat,layer4.1.conv1,"(512, 2048, 1, 1)",55.21870231628418,5.266065818432253e-05,42,42,3,
resnet50_no_weights,IMAGENET100,fp32_fused_qat,layer4.1.conv1,"(512, 2048, 1, 1)",53.11138229370117,5.065096120233647e-05,43,43,3,
resnet50_no_weights,IMAGENET100,fp32_fused_qat,layer4.1.conv1,"(512, 2048, 1, 1)",48.713999366760255,4.645729004550958e-05,44,44,3,
resnet50_no_weights,IMAGENET100,fp32_fused_qat,layer4.1.conv1,"(512, 2048, 1, 1)",52.34802799224853,4.992296981072286e-05,"42,43,44",aggregate,3,3.3188586076460065
resnet50_no_weights,IMAGENET100,fp32_fused_qat,layer4.1.conv2,"(512, 512, 3, 3)",121.44545046488444,5.147529197899901e-05,42,42,3,
resnet50_no_weights,IMAGENET100,fp32_fused_qat,layer4.1.conv2,"(512, 512, 3, 3)",114.20220197950091,4.8405203068839564e-05,43,43,3,
resnet50_no_weights,IMAGENET100,fp32_fused_qat,layer4.1.conv2,"(512, 512, 3, 3)",106.71081081189607,4.522993757964073e-05,44,44,3,
resnet50_no_weights,IMAGENET100,fp32_fused_qat,layer4.1.conv2,"(512, 512, 3, 3)",114.1194877520938,4.837014420915977e-05,"42,43,44",aggregate,3,7.367668061090702
resnet50_no_weights,IMAGENET100,fp32_fused_qat,layer4.1.conv3,"(2048, 512, 1, 1)",278.33131626674106,0.00026543742777513605,42,42,3,
resnet50_no_weights,IMAGENET100,fp32_fused_qat,layer4.1.conv3,"(2048, 512, 1, 1)",280.92498609754773,0.0002679109440780141,43,43,3,
resnet50_no_weights,IMAGENET100,fp32_fused_qat,layer4.1.conv3,"(2048, 512, 1, 1)",298.5641132223195,0.0002847329265807338,44,44,3,
resnet50_no_weights,IMAGENET100,fp32_fused_qat,layer4.1.conv3,"(2048, 512, 1, 1)",285.94013852886945,0.000272693766144628,"42,43,44",aggregate,3,11.009329388907405
resnet50_no_weights,IMAGENET100,fp32_fused_qat,layer4.2.conv1,"(512, 2048, 1, 1)",54.83824157714844,5.229782254900783e-05,42,42,3,
resnet50_no_weights,IMAGENET100,fp32_fused_qat,layer4.2.conv1,"(512, 2048, 1, 1)",59.726616541544594,5.6959740201515764e-05,43,43,3,
resnet50_no_weights,IMAGENET100,fp32_fused_qat,layer4.2.conv1,"(512, 2048, 1, 1)",63.18559265136719,6.0258476878516376e-05,44,44,3,
resnet50_no_weights,IMAGENET100,fp32_fused_qat,layer4.2.conv1,"(512, 2048, 1, 1)",59.25015025668674,5.650534654301332e-05,"42,43,44",aggregate,3,4.19402343573804
resnet50_no_weights,IMAGENET100,fp32_fused_qat,layer4.2.conv2,"(512, 512, 3, 3)",96.30145785013835,4.081787865962488e-05,42,42,3,
resnet50_no_weights,IMAGENET100,fp32_fused_qat,layer4.2.conv2,"(512, 512, 3, 3)",90.33762296040852,3.8290075921125846e-05,43,43,3,
resnet50_no_weights,IMAGENET100,fp32_fused_qat,layer4.2.conv2,"(512, 512, 3, 3)",87.13203811645508,3.6931371950130495e-05,44,44,3,
resnet50_no_weights,IMAGENET100,fp32_fused_qat,layer4.2.conv2,"(512, 512, 3, 3)",91.25703964233398,3.867977551029374e-05,"42,43,44",aggregate,3,4.653338569174519
resnet50_no_weights,IMAGENET100,fp32_fused_qat,layer4.2.conv3,"(2048, 512, 1, 1)",138.59820327758788,0.0001321775467658881,42,42,3,
resnet50_no_weights,IMAGENET100,fp32_fused_qat,layer4.2.conv3,"(2048, 512, 1, 1)",132.05052706400554,0.0001259331961288505,43,43,3,
resnet50_no_weights,IMAGENET100,fp32_fused_qat,layer4.2.conv3,"(2048, 512, 1, 1)",115.80755933125813,0.00011044269497991384,44,44,3,
resnet50_no_weights,IMAGENET100,fp32_fused_qat,layer4.2.conv3,"(2048, 512, 1, 1)",128.81876322428386,0.00012285114595821748,"42,43,44",aggregate,3,11.73399275647014
resnet50_no_weights,IMAGENET100,fp32_fused_qat,fc,"(100, 2048)",25.051152483622232,0.00012232008048643667,42,42,3,
resnet50_no_weights,IMAGENET100,fp32_fused_qat,fc,"(100, 2048)",23.7248469458686,0.00011584397922787402,43,43,3,
resnet50_no_weights,IMAGENET100,fp32_fused_qat,fc,"(100, 2048)",23.29248793919881,0.0001137328512656192,44,44,3,
resnet50_no_weights,IMAGENET100,fp32_fused_qat,fc,"(100, 2048)",24.022829122896546,0.0001172989703266433,"42,43,44",aggregate,3,0.9164170875331531
resnet18_no_weights,IMAGENET100,fp32_unfused,conv1,"(64, 3, 7, 7)",47.04971867341261,0.0050010330222589935,42,42,3,
resnet18_no_weights,IMAGENET100,fp32_unfused,conv1,"(64, 3, 7, 7)",38.34013090133667,0.004075269015873371,43,43,3,
resnet18_no_weights,IMAGENET100,fp32_unfused,conv1,"(64, 3, 7, 7)",42.729137643178305,0.004541787589623545,44,44,3,
resnet18_no_weights,IMAGENET100,fp32_unfused,conv1,"(64, 3, 7, 7)",42.70632907264253,0.00453936320925197,"42,43,44",aggregate,3,4.354838683928614
resnet18_no_weights,IMAGENET100,fp32_unfused,layer1.0.conv1,"(64, 64, 3, 3)",97.64626731872559,0.002648824525790082,42,42,3,
resnet18_no_weights,IMAGENET100,fp32_unfused,layer1.0.conv1,"(64, 64, 3, 3)",72.27452869415283,0.0019605720674412117,43,43,3,
resnet18_no_weights,IMAGENET100,fp32_unfused,layer1.0.conv1,"(64, 64, 3, 3)",93.54715274175008,0.002537628926371259,44,44,3,
resnet18_no_weights,IMAGENET100,fp32_unfused,layer1.0.conv1,"(64, 64, 3, 3)",87.82264958487617,0.0023823418398675176,"42,43,44",aggregate,3,13.62015904838133
resnet18_no_weights,IMAGENET100,fp32_unfused,layer1.0.conv2,"(64, 64, 3, 3)",28.78753252029419,0.0007809117979680498,42,42,3,
resnet18_no_weights,IMAGENET100,fp32_unfused,layer1.0.conv2,"(64, 64, 3, 3)",31.12391750017802,0.0008442902967713222,43,43,3,
resnet18_no_weights,IMAGENET100,fp32_unfused,layer1.0.conv2,"(64, 64, 3, 3)",31.32842019025017,0.0008498377872789217,44,44,3,
resnet18_no_weights,IMAGENET100,fp32_unfused,layer1.0.conv2,"(64, 64, 3, 3)",30.413290070240794,0.000825013294006098,"42,43,44",aggregate,3,1.4116554274921258
resnet18_no_weights,IMAGENET100,fp32_unfused,layer1.1.conv1,"(64, 64, 3, 3)",43.30686388015747,0.001174773868276841,42,42,3,
resnet18_no_weights,IMAGENET100,fp32_unfused,layer1.1.conv1,"(64, 64, 3, 3)",44.277016480763756,0.001201090941860996,43,43,3,
resnet18_no_weights,IMAGENET100,fp32_unfused,layer1.1.conv1,"(64, 64, 3, 3)",45.4444700717926,0.0012327601473468045,44,44,3,
resnet18_no_weights,IMAGENET100,fp32_unfused,layer1.1.conv1,"(64, 64, 3, 3)",44.342783477571274,0.0012028749858282138,"42,43,44",aggregate,3,1.0703195929398939
resnet18_no_weights,IMAGENET100,fp32_unfused,layer1.1.conv2,"(64, 64, 3, 3)",27.648074245452882,0.0007500020140368078,42,42,3,
resnet18_no_weights,IMAGENET100,fp32_unfused,layer1.1.conv2,"(64, 64, 3, 3)",26.812178579966226,0.0007273268929027297,43,43,3,
resnet18_no_weights,IMAGENET100,fp32_unfused,layer1.1.conv2,"(64, 64, 3, 3)",35.390833918253584,0.0009600378124526254,44,44,3,
resnet18_no_weights,IMAGENET100,fp32_unfused,layer1.1.conv2,"(64, 64, 3, 3)",29.950362247890897,0.000812455573130721,"42,43,44",aggregate,3,4.730087672327974
resnet18_no_weights,IMAGENET100,fp32_unfused,layer2.0.conv1,"(128, 64, 3, 3)",114.24693622589112,0.0015495732452513445,42,42,3,
resnet18_no_weights,IMAGENET100,fp32_unfused,layer2.0.conv1,"(128, 64, 3, 3)",147.13437366485596,0.001995637663640082,43,43,3,
resnet18_no_weights,IMAGENET100,fp32_unfused,layer2.0.conv1,"(128, 64, 3, 3)",151.78724670410156,0.0020587462931871414,44,44,3,
resnet18_no_weights,IMAGENET100,fp32_unfused,layer2.0.conv1,"(128, 64, 3, 3)",137.72285219828288,0.0018679857340261892,"42,43,44",aggregate,3,20.463413203494024
resnet18_no_weights,IMAGENET100,fp32_unfused,layer2.0.conv2,"(128, 128, 3, 3)",95.47253920237223,0.0006474645942001155,42,42,3,
resnet18_no_weights,IMAGENET100,fp32_unfused,layer2.0.conv2,"(128, 128, 3, 3)",111.62441775004069,0.0007570015309654452,43,43,3,
resnet18_no_weights,IMAGENET100,fp32_unfused,layer2.0.conv2,"(128, 128, 3, 3)",132.1276196161906,0.0008960477675794176,44,44,3,
resnet18_no_weights,IMAGENET100,fp32_unfused,layer2.0.conv2,"(128, 128, 3, 3)",113.07485885620117,0.0007668379642483261,"42,43,44",aggregate,3,18.370535228667205
resnet18_no_weights,IMAGENET100,fp32_unfused,layer2.0.downsample.0,"(128, 64, 1, 1)",67.22979996999105,0.008206762691649298,42,42,3,
resnet18_no_weights,IMAGENET100,fp32_unfused,layer2.0.downsample.0,"(128, 64, 1, 1)",96.7276871363322,0.011807578996134301,43,43,3,
resnet18_no_weights,IMAGENET100,fp32_unfused,layer2.0.downsample.0,"(128, 64, 1, 1)",105.80823567708333,0.012916044394175211,44,44,3,
resnet18_no_weights,IMAGENET100,fp32_unfused,layer2.0.downsample.0,"(128, 64, 1, 1)",89.92190759446886,0.010976795360652937,"42,43,44",aggregate,3,20.169603411591844
resnet18_no_weights,IMAGENET100,fp32_unfused,layer2.1.conv1,"(128, 128, 3, 3)",81.28804829915364,0.0005512698587995988,42,42,3,
resnet18_no_weights,IMAGENET100,fp32_unfused,layer2.1.conv1,"(128, 128, 3, 3)",71.46298020680746,0.0004846393514459056,43,43,3,
resnet18_no_weights,IMAGENET100,fp32_unfused,layer2.1.conv1,"(128, 128, 3, 3)",85.27305812835694,0.0005782949363088443,44,44,3,
resnet18_no_weights,IMAGENET100,fp32_unfused,layer2.1.conv1,"(128, 128, 3, 3)",79.34136221143935,0.0005380680488514495,"42,43,44",aggregate,3,7.107865579264453
resnet18_no_weights,IMAGENET100,fp32_unfused,layer2.1.conv2,"(128, 128, 3, 3)",60.037564729389395,0.0004071557937919745,42,42,3,
resnet18_no_weights,IMAGENET100,fp32_unfused,layer2.1.conv2,"(128, 128, 3, 3)",61.569068336486815,0.00041754196734271115,43,43,3,
resnet18_no_weights,IMAGENET100,fp32_unfused,layer2.1.conv2,"(128, 128, 3, 3)",70.86771348317464,0.00048060244061397733,44,44,3,
resnet18_no_weights,IMAGENET100,fp32_unfused,layer2.1.conv2,"(128, 128, 3, 3)",64.15811551635028,0.0004351000672495543,"42,43,44",aggregate,3,5.860921811622149
resnet18_no_weights,IMAGENET100,fp32_unfused,layer3.0.conv1,"(256, 128, 3, 3)",158.76904411315917,0.0005383607452838784,42,42,3,
resnet18_no_weights,IMAGENET100,fp32_unfused,layer3.0.conv1,"(256, 128, 3, 3)",127.64445406595866,0.000432822177686763,43,43,3,
resnet18_no_weights,IMAGENET100,fp32_unfused,layer3.0.conv1,"(256, 128, 3, 3)",154.3522082010905,0.0005233839525047827,44,44,3,
resnet18_no_weights,IMAGENET100,fp32_unfused,layer3.0.conv1,"(256, 128, 3, 3)",146.92190212673611,0.0004981889584918082,"42,43,44",aggregate,3,16.840193367966833
resnet18_no_weights,IMAGENET100,fp32_unfused,layer3.0.conv2,"(256, 256, 3, 3)",145.6466749827067,0.00024693243235729087,42,42,3,
resnet18_no_weights,IMAGENET100,fp32_unfused,layer3.0.conv2,"(256, 256, 3, 3)",193.52932929992676,0.0003281136903549648,43,43,3,
resnet18_no_weights,IMAGENET100,fp32_unfused,layer3.0.conv2,"(256, 256, 3, 3)",168.3602258046468,0.0002854414635631083,44,44,3,
resnet18_no_weights,IMAGENET100,fp32_unfused,layer3.0.conv2,"(256, 256, 3, 3)",169.17874336242676,0.00028682919542512134,"42,43,44",aggregate,3,23.951818811102704
resnet18_no_weights,IMAGENET100,fp32_unfused,layer3.0.downsample.0,"(256, 128, 1, 1)",25.415321509043377,0.0007756140597242241,42,42,3,
resnet18_no_weights,IMAGENET100,fp32_unfused,layer3.0.downsample.0,"(256, 128, 1, 1)",14.5858473777771,0.000445124736870639,43,43,3,
resnet18_no_weights,IMAGENET100,fp32_unfused,layer3.0.downsample.0,"(256, 128, 1, 1)",30.012275099754333,0.000915901950065745,44,44,3,
resnet18_no_weights,IMAGENET100,fp32_unfused,layer3.0.downsample.0,"(256, 128, 1, 1)",23.337814662191604,0.0007122135822202028,"42,43,44",aggregate,3,7.920271086862111
resnet18_no_weights,IMAGENET100,fp32_unfused,layer3.1.conv1,"(256, 256, 3, 3)",92.58416105906169,0.00015696913156986098,42,42,3,
resnet18_no_weights,IMAGENET100,fp32_unfused,layer3.1.conv1,"(256, 256, 3, 3)",98.35961278279622,0.00016676095374687402,43,43,3,
resnet18_no_weights,IMAGENET100,fp32_unfused,layer3.1.conv1,"(256, 256, 3, 3)",89.19489400527057,0.00015122289700871883,44,44,3,
resnet18_no_weights,IMAGENET100,fp32_unfused,layer3.1.conv1,"(256, 256, 3, 3)",93.37955594904282,0.00015831766077515128,"42,43,44",aggregate,3,4.633843689750323
resnet18_no_weights,IMAGENET100,fp32_unfused,layer3.1.conv2,"(256, 256, 3, 3)",69.12200248241425,0.00011719089505075115,42,42,3,
resnet18_no_weights,IMAGENET100,fp32_unfused,layer3.1.conv2,"(256, 256, 3, 3)",97.36666488647461,0.00016507748902464905,43,43,3,
resnet18_no_weights,IMAGENET100,fp32_unfused,layer3.1.conv2,"(256, 256, 3, 3)",82.59790427109291,0.00014003822203079717,44,44,3,
resnet18_no_weights,IMAGENET100,fp32_unfused,layer3.1.conv2,"(256, 256, 3, 3)",83.02885721332726,0.00014076886870206578,"42,43,44",aggregate,3,14.127261904157173
resnet18_no_weights,IMAGENET100,fp32_unfused,layer4.0.conv1,"(512, 256, 3, 3)",248.77606430053712,0.00021089008272004623,42,42,3,
resnet18_no_weights,IMAGENET100,fp32_unfused,layer4.0.conv1,"(512, 256, 3, 3)",293.8643216451009,0.00024911187205429157,43,43,3,
resnet18_no_weights,IMAGENET100,fp32_unfused,layer4.0.conv1,"(512, 256, 3, 3)",284.30375582377116,0.00024100727998841278,44,44,3,
resnet18_no_weights,IMAGENET100,fp32_unfused,layer4.0.conv1,"(512, 256, 3, 3)",275.64804725646974,0.00023366974492091688,"42,43,44",aggregate,3,23.75770834263996
resnet18_no_weights,IMAGENET100,fp32_unfused,layer4.0.conv2,"(512, 512, 3, 3)",297.2202608744303,0.00012597836849400428,42,42,3,
resnet18_no_weights,IMAGENET100,fp32_unfused,layer4.0.conv2,"(512, 512, 3, 3)",315.0322255452474,0.00013352806326346817,43,43,3,
resnet18_no_weights,IMAGENET100,fp32_unfused,layer4.0.conv2,"(512, 512, 3, 3)",217.864613087972,9.234306042479282e-05,44,44,3,
resnet18_no_weights,IMAGENET100,fp32_unfused,layer4.0.conv2,"(512, 512, 3, 3)",276.70569983588325,0.00011728316406075509,"42,43,44",aggregate,3,51.7302777743849
resnet18_no_weights,IMAGENET100,fp32_unfused,layer4.0.downsample.0,"(512, 256, 1, 1)",44.905020745595294,0.00034259811970211254,42,42,3,
resnet18_no_weights,IMAGENET100,fp32_unfused,layer4.0.downsample.0,"(512, 256, 1, 1)",53.83798236846924,0.00041075120825553315,43,43,3,
resnet18_no_weights,IMAGENET100,fp32_unfused,layer4.0.downsample.0,"(512, 256, 1, 1)",64.2392588297526,0.0004901066500072678,44,44,3,
resnet18_no_weights,IMAGENET100,fp32_unfused,layer4.0.downsample.0,"(512, 256, 1, 1)",54.32742064793904,0.00041448532598830447,"42,43,44",aggregate,3,9.676407026669427
resnet18_no_weights,IMAGENET100,fp32_unfused,layer4.1.conv1,"(512, 512, 3, 3)",178.0900675455729,7.548441041122983e-05,42,42,3,
resnet18_no_weights,IMAGENET100,fp32_unfused,layer4.1.conv1,"(512, 512, 3, 3)",152.35869824444805,6.457803439858671e-05,43,43,3,
resnet18_no_weights,IMAGENET100,fp32_unfused,layer4.1.conv1,"(512, 512, 3, 3)",159.3490822890709,6.754094538755243e-05,44,44,3,
resnet18_no_weights,IMAGENET100,fp32_unfused,layer4.1.conv1,"(512, 512, 3, 3)",163.2659493596973,6.920113006578966e-05,"42,43,44",aggregate,3,13.305345815289268
resnet18_no_weights,IMAGENET100,fp32_unfused,layer4.1.conv2,"(512, 512, 3, 3)",48.308393414815264,2.0475766251803615e-05,42,42,3,
resnet18_no_weights,IMAGENET100,fp32_unfused,layer4.1.conv2,"(512, 512, 3, 3)",55.09141216278076,2.3350784370753293e-05,43,43,3,
resnet18_no_weights,IMAGENET100,fp32_unfused,layer4.1.conv2,"(512, 512, 3, 3)",46.558314895629884,1.9733986280496336e-05,44,44,3,
resnet18_no_weights,IMAGENET100,fp32_unfused,layer4.1.conv2,"(512, 512, 3, 3)",49.98604015774197,2.118684563435108e-05,"42,43,44",aggregate,3,4.507140023141492
resnet18_no_weights,IMAGENET100,fp32_unfused,fc,"(100, 512)",5.2623346935619,0.00010277997448363087,42,42,3,
resnet18_no_weights,IMAGENET100,fp32_unfused,fc,"(100, 512)",5.530127688248952,0.00010801030641111235,43,43,3,
resnet18_no_weights,IMAGENET100,fp32_unfused,fc,"(100, 512)",6.1134156862894695,0.0001194026501228412,44,44,3,
resnet18_no_weights,IMAGENET100,fp32_unfused,fc,"(100, 512)",5.635292689366774,0.00011006431033919481,"42,43,44",aggregate,3,0.43517751796320975
resnet18_no_weights,IMAGENET100,fp32_fused,conv1,"(64, 3, 7, 7)",1046.8736948649089,0.11127484001540273,42,42,3,
resnet18_no_weights,IMAGENET100,fp32_fused,conv1,"(64, 3, 7, 7)",920.9002105712891,0.09788480129371696,43,43,3,
resnet18_no_weights,IMAGENET100,fp32_fused,conv1,"(64, 3, 7, 7)",873.787430826823,0.09287706535149054,44,44,3,
resnet18_no_weights,IMAGENET100,fp32_fused,conv1,"(64, 3, 7, 7)",947.1871120876737,0.10067890222020341,"42,43,44",aggregate,3,89.48723145323345
resnet18_no_weights,IMAGENET100,fp32_fused,layer1.0.conv1,"(64, 64, 3, 3)",230.35633047695816,0.006248815388372346,42,42,3,
resnet18_no_weights,IMAGENET100,fp32_fused,layer1.0.conv1,"(64, 64, 3, 3)",193.85852081298827,0.005258748936984274,43,43,3,
resnet18_no_weights,IMAGENET100,fp32_fused,layer1.0.conv1,"(64, 64, 3, 3)",231.625275293986,0.006283237719563422,44,44,3,
resnet18_no_weights,IMAGENET100,fp32_fused,layer1.0.conv1,"(64, 64, 3, 3)",218.61337552797747,0.005930267348306681,"42,43,44",aggregate,3,21.447719673833227
resnet18_no_weights,IMAGENET100,fp32_fused,layer1.0.conv2,"(64, 64, 3, 3)",28.491719841957092,0.0007728873655044785,42,42,3,
resnet18_no_weights,IMAGENET100,fp32_fused,layer1.0.conv2,"(64, 64, 3, 3)",25.358689522743227,0.0006878984788070536,43,43,3,
resnet18_no_weights,IMAGENET100,fp32_fused,layer1.0.conv2,"(64, 64, 3, 3)",21.155997886657715,0.0005738931718385882,44,44,3,
resnet18_no_weights,IMAGENET100,fp32_fused,layer1.0.conv2,"(64, 64, 3, 3)",25.002135750452677,0.0006782263387167067,"42,43,44",aggregate,3,3.680835787666477
resnet18_no_weights,IMAGENET100,fp32_fused,layer1.1.conv1,"(64, 64, 3, 3)",105.42873547871908,0.00285993748585935,42,42,3,
resnet18_no_weights,IMAGENET100,fp32_fused,layer1.1.conv1,"(64, 64, 3, 3)",118.68564198811849,0.003219554090389499,43,43,3,
resnet18_no_weights,IMAGENET100,fp32_fused,layer1.1.conv1,"(64, 64, 3, 3)",105.96375382741293,0.0028744507874189705,44,44,3,
resnet18_no_weights,IMAGENET100,fp32_fused,layer1.1.conv1,"(64, 64, 3, 3)",110.02604376475017,0.0029846474545559398,"42,43,44",aggregate,3,7.504201636482236
resnet18_no_weights,IMAGENET100,fp32_fused,layer1.1.conv2,"(64, 64, 3, 3)",8.33206138939693,0.00022602163057174832,42,42,3,
resnet18_no_weights,IMAGENET100,fp32_fused,layer1.1.conv2,"(64, 64, 3, 3)",10.657056872049967,0.0002890911694892027,43,43,3,
resnet18_no_weights,IMAGENET100,fp32_fused,layer1.1.conv2,"(64, 64, 3, 3)",11.97297112941742,0.0003247876282936583,44,44,3,
resnet18_no_weights,IMAGENET100,fp32_fused,layer1.1.conv2,"(64, 64, 3, 3)",10.32069646362144,0.00027996680945153643,"42,43,44",aggregate,3,1.8436132124208355
resnet18_no_weights,IMAGENET100,fp32_fused,layer2.0.conv1,"(128, 64, 3, 3)",468.5879229227702,0.00635563046498983,42,42,3,
resnet18_no_weights,IMAGENET100,fp32_fused,layer2.0.conv1,"(128, 64, 3, 3)",578.5799591064454,0.007847492934929,43,43,3,
resnet18_no_weights,IMAGENET100,fp32_fused,layer2.0.conv1,"(128, 64, 3, 3)",444.90638224283856,0.006034429012625306,44,44,3,
resnet18_no_weights,IMAGENET100,fp32_fused,layer2.0.conv1,"(128, 64, 3, 3)",497.3580880906847,0.006745850804181379,"42,43,44",aggregate,3,71.32985413359164
resnet18_no_weights,IMAGENET100,fp32_fused,layer2.0.conv2,"(128, 128, 3, 3)",25.250949557622274,0.00017124396130114932,42,42,3,
resnet18_no_weights,IMAGENET100,fp32_fused,layer2.0.conv2,"(128, 128, 3, 3)",23.077860832214355,0.00015650676020110646,43,43,3,
resnet18_no_weights,IMAGENET100,fp32_fused,layer2.0.conv2,"(128, 128, 3, 3)",38.366036860148114,0.0002601863393835999,44,44,3,
resnet18_no_weights,IMAGENET100,fp32_fused,layer2.0.conv2,"(128, 128, 3, 3)",28.89828241666158,0.00019597902029528524,"42,43,44",aggregate,3,8.270995061281502
resnet18_no_weights,IMAGENET100,fp32_fused,layer2.0.downsample.0,"(128, 64, 1, 1)",51.581544939676924,0.006296575310019156,42,42,3,
resnet18_no_weights,IMAGENET100,fp32_fused,layer2.0.downsample.0,"(128, 64, 1, 1)",73.91516923904419,0.009022847807500511,43,43,3,
resnet18_no_weights,IMAGENET100,fp32_fused,layer2.0.downsample.0,"(128, 64, 1, 1)",78.80994109312694,0.009620354137344597,44,44,3,
resnet18_no_weights,IMAGENET100,fp32_fused,layer2.0.downsample.0,"(128, 64, 1, 1)",68.10221842394935,0.008313259084954755,"42,43,44",aggregate,3,14.515136484247632
resnet18_no_weights,IMAGENET100,fp32_fused,layer2.1.conv1,"(128, 128, 3, 3)",80.92236804962158,0.0005487899308920734,42,42,3,
resnet18_no_weights,IMAGENET100,fp32_fused,layer2.1.conv1,"(128, 128, 3, 3)",88.49857934315999,0.0006001694020125324,43,43,3,
resnet18_no_weights,IMAGENET100,fp32_fused,layer2.1.conv1,"(128, 128, 3, 3)",105.65449466705323,0.0007165153989464873,44,44,3,
resnet18_no_weights,IMAGENET100,fp32_fused,layer2.1.conv1,"(128, 128, 3, 3)",91.69181401994493,0.000621824910617031,"42,43,44",aggregate,3,12.67150671905019
resnet18_no_weights,IMAGENET100,fp32_fused,layer2.1.conv2,"(128, 128, 3, 3)",17.83750125567118,0.00012096829736105131,42,42,3,
resnet18_no_weights,IMAGENET100,fp32_fused,layer2.1.conv2,"(128, 128, 3, 3)",17.288091389338174,0.00011724237324583722,43,43,3,
resnet18_no_weights,IMAGENET100,fp32_fused,layer2.1.conv2,"(128, 128, 3, 3)",21.560838635762533,0.00014621879500164477,44,44,3,
resnet18_no_weights,IMAGENET100,fp32_fused,layer2.1.conv2,"(128, 128, 3, 3)",18.895477093590628,0.00012814315520284444,"42,43,44",aggregate,3,2.3245595094926594
resnet18_no_weights,IMAGENET100,fp32_fused,layer3.0.conv1,"(256, 128, 3, 3)",143.32505857027493,0.00048599263024317403,42,42,3,
resnet18_no_weights,IMAGENET100,fp32_fused,layer3.0.conv1,"(256, 128, 3, 3)",124.84985796610515,0.0004233461438195297,43,43,3,
resnet18_no_weights,IMAGENET100,fp32_fused,layer3.0.conv1,"(256, 128, 3, 3)",131.21422358921595,0.00044492670216612397,44,44,3,
resnet18_no_weights,IMAGENET100,fp32_fused,layer3.0.conv1,"(256, 128, 3, 3)",133.12971337519866,0.0004514218254096092,"42,43,44",aggregate,3,9.385365479363712
resnet18_no_weights,IMAGENET100,fp32_fused,layer3.0.conv2,"(256, 256, 3, 3)",47.69570582253592,8.086430159256985e-05,42,42,3,
resnet18_no_weights,IMAGENET100,fp32_fused,layer3.0.conv2,"(256, 256, 3, 3)",49.00631554921468,8.308633685508675e-05,43,43,3,
resnet18_no_weights,IMAGENET100,fp32_fused,layer3.0.conv2,"(256, 256, 3, 3)",50.54450481816342,8.569421525431895e-05,44,44,3,
resnet18_no_weights,IMAGENET100,fp32_fused,layer3.0.conv2,"(256, 256, 3, 3)",49.08217539663801,8.321495123399185e-05,"42,43,44",aggregate,3,1.4259137304586056
resnet18_no_weights,IMAGENET100,fp32_fused,layer3.0.downsample.0,"(256, 128, 1, 1)",11.458776693344117,0.00034969411295605825,42,42,3,
resnet18_no_weights,IMAGENET100,fp32_fused,layer3.0.downsample.0,"(256, 128, 1, 1)",10.813407437006633,0.00032999900625630595,43,43,3,
resnet18_no_weights,IMAGENET100,fp32_fused,layer3.0.downsample.0,"(256, 128, 1, 1)",12.23241661276136,0.0003733037296374927,44,44,3,
resnet18_no_weights,IMAGENET100,fp32_fused,layer3.0.downsample.0,"(256, 128, 1, 1)",11.50153358103737,0.00035099894961661894,"42,43,44",aggregate,3,0.7104701779828184
resnet18_no_weights,IMAGENET100,fp32_fused,layer3.1.conv1,"(256, 256, 3, 3)",106.86890398661295,0.00018118778480803247,42,42,3,
resnet18_no_weights,IMAGENET100,fp32_fused,layer3.1.conv1,"(256, 256, 3, 3)",148.4479570388794,0.00025168178480170254,43,43,3,
resnet18_no_weights,IMAGENET100,fp32_fused,layer3.1.conv1,"(256, 256, 3, 3)",111.30471393040249,0.00018870835016954632,44,44,3,
resnet18_no_weights,IMAGENET100,fp32_fused,layer3.1.conv1,"(256, 256, 3, 3)",122.20719165196495,0.00020719263992642712,"42,43,44",aggregate,3,22.83314320308685
resnet18_no_weights,IMAGENET100,fp32_fused,layer3.1.conv2,"(256, 256, 3, 3)",20.487259356180825,3.4734529887188086e-05,42,42,3,
resnet18_no_weights,IMAGENET100,fp32_fused,layer3.1.conv2,"(256, 256, 3, 3)",21.573225927352905,3.657570042479266e-05,43,43,3,
resnet18_no_weights,IMAGENET100,fp32_fused,layer3.1.conv2,"(256, 256, 3, 3)",20.125446073214214,3.412110404665496e-05,44,44,3,
resnet18_no_weights,IMAGENET100,fp32_fused,layer3.1.conv2,"(256, 256, 3, 3)",20.728643785582648,3.5143778119545236e-05,"42,43,44",aggregate,3,0.7534696135748906
resnet18_no_weights,IMAGENET100,fp32_fused,layer4.0.conv1,"(512, 256, 3, 3)",178.13639399210612,0.0001510080922377744,42,42,3,
resnet18_no_weights,IMAGENET100,fp32_fused,layer4.0.conv1,"(512, 256, 3, 3)",214.8735824584961,0.00018215059276877177,43,43,3,
resnet18_no_weights,IMAGENET100,fp32_fused,layer4.0.conv1,"(512, 256, 3, 3)",180.87154439290364,0.00015332670796110675,44,44,3,
resnet18_no_weights,IMAGENET100,fp32_fused,layer4.0.conv1,"(512, 256, 3, 3)",191.29384028116863,0.00016216179765588432,"42,43,44",aggregate,3,20.466397894858606
resnet18_no_weights,IMAGENET100,fp32_fused,layer4.0.conv2,"(512, 512, 3, 3)",26.34647846221924,1.1167093260963964e-05,42,42,3,
resnet18_no_weights,IMAGENET100,fp32_fused,layer4.0.conv2,"(512, 512, 3, 3)",27.166056712468464,1.1514475806540793e-05,43,43,3,
resnet18_no_weights,IMAGENET100,fp32_fused,layer4.0.conv2,"(512, 512, 3, 3)",26.354009543146407,1.1170285349166194e-05,44,44,3,
resnet18_no_weights,IMAGENET100,fp32_fused,layer4.0.conv2,"(512, 512, 3, 3)",26.62218157261137,1.1283951472223651e-05,"42,43,44",aggregate,3,0.4710247393830956
resnet18_no_weights,IMAGENET100,fp32_fused,layer4.0.downsample.0,"(512, 256, 1, 1)",10.421581953763962,7.951036036502046e-05,42,42,3,
resnet18_no_weights,IMAGENET100,fp32_fused,layer4.0.downsample.0,"(512, 256, 1, 1)",11.314537111081576,8.632306755891095e-05,43,43,3,
resnet18_no_weights,IMAGENET100,fp32_fused,layer4.0.downsample.0,"(512, 256, 1, 1)",13.328803022702536,0.0001016906968895152,44,44,3,
resnet18_no_weights,IMAGENET100,fp32_fused,layer4.0.downsample.0,"(512, 256, 1, 1)",11.688307362516024,8.917470827114887e-05,"42,43,44",aggregate,3,1.4892151411274042
resnet18_no_weights,IMAGENET100,fp32_fused,layer4.1.conv1,"(512, 512, 3, 3)",65.62478078644851,2.781540798036724e-05,42,42,3,
resnet18_no_weights,IMAGENET100,fp32_fused,layer4.1.conv1,"(512, 512, 3, 3)",57.34530806541443,2.4306109985951076e-05,43,43,3,
resnet18_no_weights,IMAGENET100,fp32_fused,layer4.1.conv1,"(512, 512, 3, 3)",45.05098982418285,1.9095098632890002e-05,44,44,3,
resnet18_no_weights,IMAGENET100,fp32_fused,layer4.1.conv1,"(512, 512, 3, 3)",56.007026225348596,2.3738872199736106e-05,"42,43,44",aggregate,3,10.351978909963957
resnet18_no_weights,IMAGENET100,fp32_fused,layer4.1.conv2,"(512, 512, 3, 3)",0.1402976875503858,5.946591167466303e-08,42,42,3,
resnet18_no_weights,IMAGENET100,fp32_fused,layer4.1.conv2,"(512, 512, 3, 3)",0.142744609216849,6.050305227358034e-08,43,43,3,
resnet18_no_weights,IMAGENET100,fp32_fused,layer4.1.conv2,"(512, 512, 3, 3)",0.12824464216828346,5.435716509004528e-08,44,44,3,
resnet18_no_weights,IMAGENET100,fp32_fused,layer4.1.conv2,"(512, 512, 3, 3)",0.13709564631183943,5.8108709679429556e-08,"42,43,44",aggregate,3,0.007762220183194067
resnet18_no_weights,IMAGENET100,fp32_fused,fc,"(100, 512)",5.664728995164236,0.00011063923818680148,42,42,3,
resnet18_no_weights,IMAGENET100,fp32_fused,fc,"(100, 512)",5.031654135386149,9.827449483176072e-05,43,43,3,
resnet18_no_weights,IMAGENET100,fp32_fused,fc,"(100, 512)",5.861283549240658,0.0001144781943211066,44,44,3,
resnet18_no_weights,IMAGENET100,fp32_fused,fc,"(100, 512)",5.519222226597014,0.00010779730911322293,"42,43,44",aggregate,3,0.43353247382093546
resnet18_no_weights,IMAGENET100,ptq,conv1,"(64, 3, 7, 7)",1117.5085978190104,0.11878280163892543,42,42,3,
resnet18_no_weights,IMAGENET100,ptq,conv1,"(64, 3, 7, 7)",1146.638265991211,0.12187906738852158,43,43,3,
resnet18_no_weights,IMAGENET100,ptq,conv1,"(64, 3, 7, 7)",1093.2607365926108,0.11620543543713975,44,44,3,
resnet18_no_weights,IMAGENET100,ptq,conv1,"(64, 3, 7, 7)",1119.135866800944,0.11895576815486225,"42,43,44",aggregate,3,26.725945529190934
resnet18_no_weights,IMAGENET100,ptq,layer1.0.conv1,"(64, 64, 3, 3)",207.98114980061848,0.005641849766726847,42,42,3,
resnet18_no_weights,IMAGENET100,ptq,layer1.0.conv1,"(64, 64, 3, 3)",209.5509994506836,0.0056844346639182836,43,43,3,
resnet18_no_weights,IMAGENET100,ptq,layer1.0.conv1,"(64, 64, 3, 3)",218.84682337443033,0.005936600026433115,44,44,3,
resnet18_no_weights,IMAGENET100,ptq,layer1.0.conv1,"(64, 64, 3, 3)",212.12632420857747,0.005754294819026081,"42,43,44",aggregate,3,5.872813530125413
resnet18_no_weights,IMAGENET100,ptq,layer1.0.conv2,"(64, 64, 3, 3)",24.927012761433918,0.000676188497217717,42,42,3,
resnet18_no_weights,IMAGENET100,ptq,layer1.0.conv2,"(64, 64, 3, 3)",22.917799758911134,0.0006216851063072682,43,43,3,
resnet18_no_weights,IMAGENET100,ptq,layer1.0.conv2,"(64, 64, 3, 3)",18.81041847864787,0.0005102652582098489,44,44,3,
resnet18_no_weights,IMAGENET100,ptq,layer1.0.conv2,"(64, 64, 3, 3)",22.21841033299764,0.0006027129539116113,"42,43,44",aggregate,3,3.117697961936411
resnet18_no_weights,IMAGENET100,ptq,layer1.1.conv1,"(64, 64, 3, 3)",107.76299317677815,0.0029232582784499282,42,42,3,
resnet18_no_weights,IMAGENET100,ptq,layer1.1.conv1,"(64, 64, 3, 3)",134.79410400390626,0.0036565240886476304,43,43,3,
resnet18_no_weights,IMAGENET100,ptq,layer1.1.conv1,"(64, 64, 3, 3)",87.16855875651042,0.002364598490573742,44,44,3,
resnet18_no_weights,IMAGENET100,ptq,layer1.1.conv1,"(64, 64, 3, 3)",109.90855197906494,0.0029814602858904333,"42,43,44",aggregate,3,23.88515662411469
resnet18_no_weights,IMAGENET100,ptq,layer1.1.conv2,"(64, 64, 3, 3)",10.54015900293986,0.0002859201118419016,42,42,3,
resnet18_no_weights,IMAGENET100,ptq,layer1.1.conv2,"(64, 64, 3, 3)",9.238374243179956,0.0002506069401904285,43,43,3,
resnet18_no_weights,IMAGENET100,ptq,layer1.1.conv2,"(64, 64, 3, 3)",12.894193410873413,0.0003497773820223908,44,44,3,
resnet18_no_weights,IMAGENET100,ptq,layer1.1.conv2,"(64, 64, 3, 3)",10.89090888566441,0.0002954348113515736,"42,43,44",aggregate,3,1.8529766746756915
resnet18_no_weights,IMAGENET100,ptq,layer2.0.conv1,"(128, 64, 3, 3)",488.74729512532554,0.006629059449942024,42,42,3,
resnet18_no_weights,IMAGENET100,ptq,layer2.0.conv1,"(128, 64, 3, 3)",535.9272684733073,0.007268978793312003,43,43,3,
resnet18_no_weights,IMAGENET100,ptq,layer2.0.conv1,"(128, 64, 3, 3)",538.0493316650391,0.007297761117418607,44,44,3,
resnet18_no_weights,IMAGENET100,ptq,layer2.0.conv1,"(128, 64, 3, 3)",520.9079650878906,0.007065266453557544,"42,43,44",aggregate,3,27.872160077364
resnet18_no_weights,IMAGENET100,ptq,layer2.0.conv2,"(128, 128, 3, 3)",27.00513256297392,0.0001831402761703418,42,42,3,
resnet18_no_weights,IMAGENET100,ptq,layer2.0.conv2,"(128, 128, 3, 3)",24.619423371094925,0.00016696115024885337,43,43,3,
resnet18_no_weights,IMAGENET100,ptq,layer2.0.conv2,"(128, 128, 3, 3)",26.926514557429723,0.00018260711369784698,44,44,3,
resnet18_no_weights,IMAGENET100,ptq,layer2.0.conv2,"(128, 128, 3, 3)",26.183690163832857,0.00017756951337234738,"42,43,44",aggregate,3,1.3552649729281343
resnet18_no_weights,IMAGENET100,ptq,layer2.0.downsample.0,"(128, 64, 1, 1)",59.76895968119303,0.007296015586083134,42,42,3,
resnet18_no_weights,IMAGENET100,ptq,layer2.0.downsample.0,"(128, 64, 1, 1)",62.329182688395186,0.00760854280864199,43,43,3,
resnet18_no_weights,IMAGENET100,ptq,layer2.0.downsample.0,"(128, 64, 1, 1)",62.98603202678539,0.007688724612644701,44,44,3,
resnet18_no_weights,IMAGENET100,ptq,layer2.0.downsample.0,"(128, 64, 1, 1)",61.6947247987912,0.007531094335789941,"42,43,44",aggregate,3,1.6997915252919495
resnet18_no_weights,IMAGENET100,ptq,layer2.1.conv1,"(128, 128, 3, 3)",93.02246658325195,0.0006308489758521319,42,42,3,
resnet18_no_weights,IMAGENET100,ptq,layer2.1.conv1,"(128, 128, 3, 3)",77.23363018035889,0.0005237740762014356,43,43,3,
resnet18_no_weights,IMAGENET100,ptq,layer2.1.conv1,"(128, 128, 3, 3)",97.14066797892252,0.0006587773164803231,44,44,3,
resnet18_no_weights,IMAGENET100,ptq,layer2.1.conv1,"(128, 128, 3, 3)",89.13225491417779,0.0006044667895112968,"42,43,44",aggregate,3,10.508227662218351
resnet18_no_weights,IMAGENET100,ptq,layer2.1.conv2,"(128, 128, 3, 3)",17.161379384994508,0.00011638305246985207,42,42,3,
resnet18_no_weights,IMAGENET100,ptq,layer2.1.conv2,"(128, 128, 3, 3)",15.369536320368448,0.00010423133897819314,43,43,3,
resnet18_no_weights,IMAGENET100,ptq,layer2.1.conv2,"(128, 128, 3, 3)",17.070760440826415,0.00011576850342357323,44,44,3,
resnet18_no_weights,IMAGENET100,ptq,layer2.1.conv2,"(128, 128, 3, 3)",16.53389204872979,0.00011212763162387281,"42,43,44",aggregate,3,1.0093790887899543
resnet18_no_weights,IMAGENET100,ptq,layer3.0.conv1,"(256, 128, 3, 3)",157.5880116780599,0.0005343560508831784,42,42,3,
resnet18_no_weights,IMAGENET100,ptq,layer3.0.conv1,"(256, 128, 3, 3)",152.45238927205403,0.0005169419666614246,43,43,3,
resnet18_no_weights,IMAGENET100,ptq,layer3.0.conv1,"(256, 128, 3, 3)",155.55175120035807,0.0005274514133041656,44,44,3,
resnet18_no_weights,IMAGENET100,ptq,layer3.0.conv1,"(256, 128, 3, 3)",155.19738405015732,0.0005262498102829228,"42,43,44",aggregate,3,2.586085155621023
resnet18_no_weights,IMAGENET100,ptq,layer3.0.conv2,"(256, 256, 3, 3)",44.273894758785474,7.506289123329243e-05,42,42,3,
resnet18_no_weights,IMAGENET100,ptq,layer3.0.conv2,"(256, 256, 3, 3)",47.315770285470144,8.022015090174382e-05,43,43,3,
resnet18_no_weights,IMAGENET100,ptq,layer3.0.conv2,"(256, 256, 3, 3)",45.18166036605835,7.660193611324455e-05,44,44,3,
resnet18_no_weights,IMAGENET100,ptq,layer3.0.conv2,"(256, 256, 3, 3)",45.59044180343799,7.729499274942693e-05,"42,43,44",aggregate,3,1.561594818645479
resnet18_no_weights,IMAGENET100,ptq,layer3.0.downsample.0,"(256, 128, 1, 1)",12.452807950973511,0.0003800295395194553,42,42,3,
resnet18_no_weights,IMAGENET100,ptq,layer3.0.downsample.0,"(256, 128, 1, 1)",10.8982040087382,0.0003325867922588562,43,43,3,
resnet18_no_weights,IMAGENET100,ptq,layer3.0.downsample.0,"(256, 128, 1, 1)",11.046865971883138,0.0003371235953333477,44,44,3,
resnet18_no_weights,IMAGENET100,ptq,layer3.0.downsample.0,"(256, 128, 1, 1)",11.465959310531616,0.00034991330903721973,"42,43,44",aggregate,3,0.8578623282194174
resnet18_no_weights,IMAGENET100,ptq,layer3.1.conv1,"(256, 256, 3, 3)",90.56706068250868,0.00015354929721833748,42,42,3,
resnet18_no_weights,IMAGENET100,ptq,layer3.1.conv1,"(256, 256, 3, 3)",96.02782389322917,0.00016280758987974238,43,43,3,
resnet18_no_weights,IMAGENET100,ptq,layer3.1.conv1,"(256, 256, 3, 3)",95.78063157399495,0.00016238849482895737,44,44,3,
resnet18_no_weights,IMAGENET100,ptq,layer3.1.conv1,"(256, 256, 3, 3)",94.12517204991093,0.00015958179397567907,"42,43,44",aggregate,3,3.0838925707293927
resnet18_no_weights,IMAGENET100,ptq,layer3.1.conv2,"(256, 256, 3, 3)",17.808259709676108,3.0192497608907247e-05,42,42,3,
resnet18_no_weights,IMAGENET100,ptq,layer3.1.conv2,"(256, 256, 3, 3)",18.33776330947876,3.109022913526537e-05,43,43,3,
resnet18_no_weights,IMAGENET100,ptq,layer3.1.conv2,"(256, 256, 3, 3)",17.37660298849407,2.946065773602646e-05,44,44,3,
resnet18_no_weights,IMAGENET100,ptq,layer3.1.conv2,"(256, 256, 3, 3)",17.84087533588298,3.0247794826733026e-05,"42,43,44",aggregate,3,0.4814095189789016
resnet18_no_weights,IMAGENET100,ptq,layer4.0.conv1,"(512, 256, 3, 3)",142.83789761861166,0.00012108518610518703,42,42,3,
resnet18_no_weights,IMAGENET100,ptq,layer4.0.conv1,"(512, 256, 3, 3)",148.7222531636556,0.0001260734161068858,43,43,3,
resnet18_no_weights,IMAGENET100,ptq,layer4.0.conv1,"(512, 256, 3, 3)",150.1330073038737,0.0001272693272093656,44,44,3,
resnet18_no_weights,IMAGENET100,ptq,layer4.0.conv1,"(512, 256, 3, 3)",147.23105269538033,0.00012480930980714614,"42,43,44",aggregate,3,3.869420558357459
resnet18_no_weights,IMAGENET100,ptq,layer4.0.conv2,"(512, 512, 3, 3)",17.905926005045572,7.589520774436769e-06,42,42,3,
resnet18_no_weights,IMAGENET100,ptq,layer4.0.conv2,"(512, 512, 3, 3)",19.48205951054891,8.257573238181606e-06,43,43,3,
resnet18_no_weights,IMAGENET100,ptq,layer4.0.conv2,"(512, 512, 3, 3)",20.489585205360694,8.684618295186655e-06,44,44,3,
resnet18_no_weights,IMAGENET100,ptq,layer4.0.conv2,"(512, 512, 3, 3)",19.292523573651724,8.17723743593501e-06,"42,43,44",aggregate,3,1.30221604174379
resnet18_no_weights,IMAGENET100,ptq,layer4.0.downsample.0,"(512, 256, 1, 1)",12.731832898181418,9.713617628617415e-05,42,42,3,
resnet18_no_weights,IMAGENET100,ptq,layer4.0.downsample.0,"(512, 256, 1, 1)",10.716140739123027,8.175766555117056e-05,43,43,3,
resnet18_no_weights,IMAGENET100,ptq,layer4.0.downsample.0,"(512, 256, 1, 1)",11.311461653028216,8.629960367605756e-05,44,44,3,
resnet18_no_weights,IMAGENET100,ptq,layer4.0.downsample.0,"(512, 256, 1, 1)",11.586478430110887,8.839781517113409e-05,"42,43,44",aggregate,3,1.0356058085874538
resnet18_no_weights,IMAGENET100,ptq,layer4.1.conv1,"(512, 512, 3, 3)",44.73624922434489,1.8961694176714107e-05,42,42,3,
resnet18_no_weights,IMAGENET100,ptq,layer4.1.conv1,"(512, 512, 3, 3)",49.23675568898519,2.086925747722422e-05,43,43,3,
resnet18_no_weights,IMAGENET100,ptq,layer4.1.conv1,"(512, 512, 3, 3)",46.34937655131022,1.96454266659674e-05,44,44,3,
resnet18_no_weights,IMAGENET100,ptq,layer4.1.conv1,"(512, 512, 3, 3)",46.7741271548801,1.9825459439968574e-05,"42,43,44",aggregate,3,2.2801204827798074
resnet18_no_weights,IMAGENET100,ptq,layer4.1.conv2,"(512, 512, 3, 3)",0.14898711939652762,6.314897299725326e-08,42,42,3,
resnet18_no_weights,IMAGENET100,ptq,layer4.1.conv2,"(512, 512, 3, 3)",0.1451166182756424,6.150844077031555e-08,43,43,3,
resnet18_no_weights,IMAGENET100,ptq,layer4.1.conv2,"(512, 512, 3, 3)",0.13445478333876684,5.69893660391773e-08,44,44,3,
resnet18_no_weights,IMAGENET100,ptq,layer4.1.conv2,"(512, 512, 3, 3)",0.14285284033697895,6.05489266022487e-08,"42,43,44",aggregate,3,0.0075260026402206364
resnet18_no_weights,IMAGENET100,ptq,fc,"(100, 512)",5.9306146740913395,0.00011583231785334648,42,42,3,
resnet18_no_weights,IMAGENET100,ptq,fc,"(100, 512)",5.656601683298747,0.00011048050162692865,43,43,3,
resnet18_no_weights,IMAGENET100,ptq,fc,"(100, 512)",6.017466481526693,0.00011752864221731822,44,44,3,
resnet18_no_weights,IMAGENET100,ptq,fc,"(100, 512)",5.86822761297226,0.00011461382056586445,"42,43,44",aggregate,3,0.18834797502583067
resnet18_no_weights,IMAGENET100,qat,conv1,"(64, 3, 7, 7)",244.20863520304363,0.025957550510527595,42,42,3,
resnet18_no_weights,IMAGENET100,qat,conv1,"(64, 3, 7, 7)",204.00673688252766,0.0216843895495884,43,43,3,
resnet18_no_weights,IMAGENET100,qat,conv1,"(64, 3, 7, 7)",248.11832809448242,0.02637312160868223,44,44,3,
resnet18_no_weights,IMAGENET100,qat,conv1,"(64, 3, 7, 7)",232.11123339335123,0.02467168722293274,"42,43,44",aggregate,3,24.41758521478962
resnet18_no_weights,IMAGENET100,qat,layer1.0.conv1,"(64, 64, 3, 3)",59.581737775069016,0.0016162580776657176,42,42,3,
resnet18_no_weights,IMAGENET100,qat,layer1.0.conv1,"(64, 64, 3, 3)",47.42954133351644,0.0012866086516253375,43,43,3,
resnet18_no_weights,IMAGENET100,qat,layer1.0.conv1,"(64, 64, 3, 3)",52.29700066248576,0.001418646936373854,44,44,3,
resnet18_no_weights,IMAGENET100,qat,layer1.0.conv1,"(64, 64, 3, 3)",53.10275992369041,0.0014405045552216365,"42,43,44",aggregate,3,6.116036754204766
resnet18_no_weights,IMAGENET100,qat,layer1.0.conv2,"(64, 64, 3, 3)",11.491527406374614,0.0003117276314663252,42,42,3,
resnet18_no_weights,IMAGENET100,qat,layer1.0.conv2,"(64, 64, 3, 3)",8.985787743330002,0.00024375509286376958,43,43,3,
resnet18_no_weights,IMAGENET100,qat,layer1.0.conv2,"(64, 64, 3, 3)",10.23599660396576,0.0002776691787100087,44,44,3,
resnet18_no_weights,IMAGENET100,qat,layer1.0.conv2,"(64, 64, 3, 3)",10.237770584556792,0.00027771730101336785,"42,43,44",aggregate,3,1.2528707734615265
resnet18_no_weights,IMAGENET100,qat,layer1.1.conv1,"(64, 64, 3, 3)",20.201954158147178,0.0005480130793768224,42,42,3,
resnet18_no_weights,IMAGENET100,qat,layer1.1.conv1,"(64, 64, 3, 3)",32.42347218195597,0.0008795429736858716,43,43,3,
resnet18_no_weights,IMAGENET100,qat,layer1.1.conv1,"(64, 64, 3, 3)",27.394395303726196,0.000743120532327642,44,44,3,
resnet18_no_weights,IMAGENET100,qat,layer1.1.conv1,"(64, 64, 3, 3)",26.673273881276447,0.0007235588617967786,"42,43,44",aggregate,3,6.1425880360811895
resnet18_no_weights,IMAGENET100,qat,layer1.1.conv2,"(64, 64, 3, 3)",3.5371629170009067,9.59516850314916e-05,42,42,3,
resnet18_no_weights,IMAGENET100,qat,layer1.1.conv2,"(64, 64, 3, 3)",3.4147760311762494,9.263172827626544e-05,43,43,3,
resnet18_no_weights,IMAGENET100,qat,layer1.1.conv2,"(64, 64, 3, 3)",3.5818162709474564,9.71629847804757e-05,44,44,3,
resnet18_no_weights,IMAGENET100,qat,layer1.1.conv2,"(64, 64, 3, 3)",3.511251739708204,9.524879936274426e-05,"42,43,44",aggregate,3,0.08648209211869227
resnet18_no_weights,IMAGENET100,qat,layer2.0.conv1,"(128, 64, 3, 3)",155.1120854695638,0.0021038423050884847,42,42,3,
resnet18_no_weights,IMAGENET100,qat,layer2.0.conv1,"(128, 64, 3, 3)",236.67691459655762,0.0032101361029264,43,43,3,
resnet18_no_weights,IMAGENET100,qat,layer2.0.conv1,"(128, 64, 3, 3)",141.09877504621232,0.0019137746181398156,44,44,3,
resnet18_no_weights,IMAGENET100,qat,layer2.0.conv1,"(128, 64, 3, 3)",177.6292583707779,0.0024092510087182334,"42,43,44",aggregate,3,51.61455702196521
resnet18_no_weights,IMAGENET100,qat,layer2.0.conv2,"(128, 128, 3, 3)",10.122314062985508,6.86463356050992e-05,42,42,3,
resnet18_no_weights,IMAGENET100,qat,layer2.0.conv2,"(128, 128, 3, 3)",8.677201708157858,5.8846040230020194e-05,43,43,3,
resnet18_no_weights,IMAGENET100,qat,layer2.0.conv2,"(128, 128, 3, 3)",9.38931831518809,6.367539004983243e-05,44,44,3,
resnet18_no_weights,IMAGENET100,qat,layer2.0.conv2,"(128, 128, 3, 3)",9.396278028777152,6.372258862831727e-05,"42,43,44",aggregate,3,0.722581315651609
resnet18_no_weights,IMAGENET100,qat,layer2.0.downsample.0,"(128, 64, 1, 1)",18.94259451230367,0.0023123284316776942,42,42,3,
resnet18_no_weights,IMAGENET100,qat,layer2.0.downsample.0,"(128, 64, 1, 1)",15.732245370745659,0.001920440108733601,43,43,3,
resnet18_no_weights,IMAGENET100,qat,layer2.0.downsample.0,"(128, 64, 1, 1)",17.48002930691368,0.002133792640004111,44,44,3,
resnet18_no_weights,IMAGENET100,qat,layer2.0.downsample.0,"(128, 64, 1, 1)",17.384956396654335,0.0021221870601384686,"42,43,44",aggregate,3,1.6072848367275951
resnet18_no_weights,IMAGENET100,qat,layer2.1.conv1,"(128, 128, 3, 3)",29.063237598964147,0.00019709769422040572,42,42,3,
resnet18_no_weights,IMAGENET100,qat,layer2.1.conv1,"(128, 128, 3, 3)",30.780498425165813,0.00020874361453698603,43,43,3,
resnet18_no_weights,IMAGENET100,qat,layer2.1.conv1,"(128, 128, 3, 3)",26.465992387135824,0.00017948399785112728,44,44,3,
resnet18_no_weights,IMAGENET100,qat,layer2.1.conv1,"(128, 128, 3, 3)",28.76990947042193,0.00019510843553617303,"42,43,44",aggregate,3,2.1721582887291775
resnet18_no_weights,IMAGENET100,qat,layer2.1.conv2,"(128, 128, 3, 3)",5.247407058874766,3.5586256638419366e-05,42,42,3,
resnet18_no_weights,IMAGENET100,qat,layer2.1.conv2,"(128, 128, 3, 3)",5.291251118366535,3.5883593196387635e-05,43,43,3,
resnet18_no_weights,IMAGENET100,qat,layer2.1.conv2,"(128, 128, 3, 3)",6.583241808414459,4.464546582312323e-05,44,44,3,
resnet18_no_weights,IMAGENET100,qat,layer2.1.conv2,"(128, 128, 3, 3)",5.7072999952185866,3.8705105219310074e-05,"42,43,44",aggregate,3,0.758904552935897
resnet18_no_weights,IMAGENET100,qat,layer3.0.conv1,"(256, 128, 3, 3)",62.86977047920227,0.00021318145914443046,42,42,3,
resnet18_no_weights,IMAGENET100,qat,layer3.0.conv1,"(256, 128, 3, 3)",45.79169384638468,0.0001552723993814585,43,43,3,
resnet18_no_weights,IMAGENET100,qat,layer3.0.conv1,"(256, 128, 3, 3)",72.41914858136859,0.00024556189161976656,44,44,3,
resnet18_no_weights,IMAGENET100,qat,layer3.0.conv1,"(256, 128, 3, 3)",60.360204302318515,0.00020467191671521848,"42,43,44",aggregate,3,13.489951008547935
resnet18_no_weights,IMAGENET100,qat,layer3.0.conv2,"(256, 256, 3, 3)",19.732811307907106,3.345542281749659e-05,42,42,3,
resnet18_no_weights,IMAGENET100,qat,layer3.0.conv2,"(256, 256, 3, 3)",20.25330505371094,3.4337878848115606e-05,43,43,3,
resnet18_no_weights,IMAGENET100,qat,layer3.0.conv2,"(256, 256, 3, 3)",16.649683634440105,2.822822339280888e-05,44,44,3,
resnet18_no_weights,IMAGENET100,qat,layer3.0.conv2,"(256, 256, 3, 3)",18.87859999868605,3.2007175019473686e-05,"42,43,44",aggregate,3,1.9477627047352937
resnet18_no_weights,IMAGENET100,qat,layer3.0.downsample.0,"(256, 128, 1, 1)",5.303881951173147,0.00016186163181070395,42,42,3,
resnet18_no_weights,IMAGENET100,qat,layer3.0.downsample.0,"(256, 128, 1, 1)",5.40628209511439,0.00016498663620344208,43,43,3,
resnet18_no_weights,IMAGENET100,qat,layer3.0.downsample.0,"(256, 128, 1, 1)",5.758848472436269,0.00017574610816761075,44,44,3,
resnet18_no_weights,IMAGENET100,qat,layer3.0.downsample.0,"(256, 128, 1, 1)",5.489670839574602,0.00016753145872725226,"42,43,44",aggregate,3,0.23867110402089872
resnet18_no_weights,IMAGENET100,qat,layer3.1.conv1,"(256, 256, 3, 3)",39.05535628000895,6.62152714708268e-05,42,42,3,
resnet18_no_weights,IMAGENET100,qat,layer3.1.conv1,"(256, 256, 3, 3)",37.99278957049052,6.441377355022943e-05,43,43,3,
resnet18_no_weights,IMAGENET100,qat,layer3.1.conv1,"(256, 256, 3, 3)",41.256424522399904,6.994700880669471e-05,44,44,3,
resnet18_no_weights,IMAGENET100,qat,layer3.1.conv1,"(256, 256, 3, 3)",39.43485679096646,6.685868460925031e-05,"42,43,44",aggregate,3,1.6645851594898635
resnet18_no_weights,IMAGENET100,qat,layer3.1.conv2,"(256, 256, 3, 3)",8.763956665992737,1.4858596235474883e-05,42,42,3,
resnet18_no_weights,IMAGENET100,qat,layer3.1.conv2,"(256, 256, 3, 3)",8.544141646226247,1.4485917233320868e-05,43,43,3,
resnet18_no_weights,IMAGENET100,qat,layer3.1.conv2,"(256, 256, 3, 3)",5.214514536016128,8.840797485378905e-06,44,44,3,
resnet18_no_weights,IMAGENET100,qat,layer3.1.conv2,"(256, 256, 3, 3)",7.507537616078371,1.2728436984724885e-05,"42,43,44",aggregate,3,1.9888553982133383
resnet18_no_weights,IMAGENET100,qat,layer4.0.conv1,"(512, 256, 3, 3)",70.68331289291382,5.991898675953659e-05,42,42,3,
resnet18_no_weights,IMAGENET100,qat,layer4.0.conv1,"(512, 256, 3, 3)",71.29239374796549,6.043531099782774e-05,43,43,3,
resnet18_no_weights,IMAGENET100,qat,layer4.0.conv1,"(512, 256, 3, 3)",70.76966622670491,5.9992189387601146e-05,44,44,3,
resnet18_no_weights,IMAGENET100,qat,layer4.0.conv1,"(512, 256, 3, 3)",70.91512428919474,6.011549571498848e-05,"42,43,44",aggregate,3,0.32956548356144655
resnet18_no_weights,IMAGENET100,qat,layer4.0.conv2,"(512, 512, 3, 3)",15.444329277674358,6.546160073884056e-06,42,42,3,
resnet18_no_weights,IMAGENET100,qat,layer4.0.conv2,"(512, 512, 3, 3)",12.601951074600219,5.341403145090832e-06,43,43,3,
resnet18_no_weights,IMAGENET100,qat,layer4.0.conv2,"(512, 512, 3, 3)",19.39717640195574,8.221595086820703e-06,44,44,3,
resnet18_no_weights,IMAGENET100,qat,layer4.0.conv2,"(512, 512, 3, 3)",15.814485584743439,6.7030527685985304e-06,"42,43,44",aggregate,3,3.4127018007922625
resnet18_no_weights,IMAGENET100,qat,layer4.0.downsample.0,"(512, 256, 1, 1)",5.271823825836182,4.022082386654802e-05,42,42,3,
resnet18_no_weights,IMAGENET100,qat,layer4.0.downsample.0,"(512, 256, 1, 1)",5.967758442346867,4.55303836238622e-05,43,43,3,
resnet18_no_weights,IMAGENET100,qat,layer4.0.downsample.0,"(512, 256, 1, 1)",6.855367811102616,5.2302305687733585e-05,44,44,3,
resnet18_no_weights,IMAGENET100,qat,layer4.0.downsample.0,"(512, 256, 1, 1)",6.031650026428555,4.601783772604794e-05,"42,43,44",aggregate,3,0.7937030233064039
resnet18_no_weights,IMAGENET100,qat,layer4.1.conv1,"(512, 512, 3, 3)",36.907982444763185,1.564364219019707e-05,42,42,3,
resnet18_no_weights,IMAGENET100,qat,layer4.1.conv1,"(512, 512, 3, 3)",31.80129764819967,1.347914702021267e-05,43,43,3,
resnet18_no_weights,IMAGENET100,qat,layer4.1.conv1,"(512, 512, 3, 3)",33.335244464874265,1.4129318434344085e-05,44,44,3,
resnet18_no_weights,IMAGENET100,qat,layer4.1.conv1,"(512, 512, 3, 3)",34.01484151927904,1.4417369214917941e-05,"42,43,44",aggregate,3,2.620295120807954
resnet18_no_weights,IMAGENET100,qat,layer4.1.conv2,"(512, 512, 3, 3)",0.09002227323750654,3.815641328494031e-08,42,42,3,
resnet18_no_weights,IMAGENET100,qat,layer4.1.conv2,"(512, 512, 3, 3)",0.08454186543822288,3.583351365755839e-08,43,43,3,
resnet18_no_weights,IMAGENET100,qat,layer4.1.conv2,"(512, 512, 3, 3)",0.096711742443343,4.099177993916109e-08,44,44,3,
resnet18_no_weights,IMAGENET100,qat,layer4.1.conv2,"(512, 512, 3, 3)",0.09042529370635748,3.832723562721993e-08,"42,43,44",aggregate,3,0.006094940172279995
resnet18_no_weights,IMAGENET100,qat,fc,"(100, 512)",2.862420254283481,5.590664559147424e-05,42,42,3,
resnet18_no_weights,IMAGENET100,qat,fc,"(100, 512)",2.7344275534152986,5.340678815264255e-05,43,43,3,
resnet18_no_weights,IMAGENET100,qat,fc,"(100, 512)",2.3434468785921734,4.5770446847503387e-05,44,44,3,
resnet18_no_weights,IMAGENET100,qat,fc,"(100, 512)",2.6467648954303176,5.169462686387339e-05,"42,43,44",aggregate,3,0.2703643788905107
resnet18_no_weights,IMAGENET100,fp32_fused_qat,conv1,"(64, 3, 7, 7)",2546.2312622070312,0.2706453297413936,42,42,3,
resnet18_no_weights,IMAGENET100,fp32_fused_qat,conv1,"(64, 3, 7, 7)",2917.7613661024307,0.3101361996282346,43,43,3,
resnet18_no_weights,IMAGENET100,fp32_fused_qat,conv1,"(64, 3, 7, 7)",2972.05517578125,0.3159072253168846,44,44,3,
resnet18_no_weights,IMAGENET100,fp32_fused_qat,conv1,"(64, 3, 7, 7)",2812.015934696904,0.2988962515621709,"42,43,44",aggregate,3,231.771597785992
resnet18_no_weights,IMAGENET100,fp32_fused_qat,layer1.0.conv1,"(64, 64, 3, 3)",467.11391830444336,0.012671275995671749,42,42,3,
resnet18_no_weights,IMAGENET100,fp32_fused_qat,layer1.0.conv1,"(64, 64, 3, 3)",552.1546137491862,0.014978152499706656,43,43,3,
resnet18_no_weights,IMAGENET100,fp32_fused_qat,layer1.0.conv1,"(64, 64, 3, 3)",468.06983693440753,0.012697206948090482,44,44,3,
resnet18_no_weights,IMAGENET100,fp32_fused_qat,layer1.0.conv1,"(64, 64, 3, 3)",495.7794563293457,0.013448878481156296,"42,43,44",aggregate,3,48.82465796798402
resnet18_no_weights,IMAGENET100,fp32_fused_qat,layer1.0.conv2,"(64, 64, 3, 3)",72.64587879180908,0.0019706455835451684,42,42,3,
resnet18_no_weights,IMAGENET100,fp32_fused_qat,layer1.0.conv2,"(64, 64, 3, 3)",43.26580657958984,0.0011736601177189084,43,43,3,
resnet18_no_weights,IMAGENET100,fp32_fused_qat,layer1.0.conv2,"(64, 64, 3, 3)",77.17345110575359,0.0020934638429295134,44,44,3,
resnet18_no_weights,IMAGENET100,fp32_fused_qat,layer1.0.conv2,"(64, 64, 3, 3)",64.36171215905084,0.0017459231813978634,"42,43,44",aggregate,3,18.40930883894475
resnet18_no_weights,IMAGENET100,fp32_fused_qat,layer1.1.conv1,"(64, 64, 3, 3)",282.42373580932616,0.007661234152813752,42,42,3,
resnet18_no_weights,IMAGENET100,fp32_fused_qat,layer1.1.conv1,"(64, 64, 3, 3)",250.57863222757976,0.006797380431520718,43,43,3,
resnet18_no_weights,IMAGENET100,fp32_fused_qat,layer1.1.conv1,"(64, 64, 3, 3)",243.41447721208846,0.006603040288956393,44,44,3,
resnet18_no_weights,IMAGENET100,fp32_fused_qat,layer1.1.conv1,"(64, 64, 3, 3)",258.80561508299814,0.007020551624430289,"42,43,44",aggregate,3,20.765187195256672
resnet18_no_weights,IMAGENET100,fp32_fused_qat,layer1.1.conv2,"(64, 64, 3, 3)",39.84174626668294,0.0010807765371821543,42,42,3,
resnet18_no_weights,IMAGENET100,fp32_fused_qat,layer1.1.conv2,"(64, 64, 3, 3)",27.327458675091084,0.0007413047600664899,43,43,3,
resnet18_no_weights,IMAGENET100,fp32_fused_qat,layer1.1.conv2,"(64, 64, 3, 3)",36.87114744186401,0.0010001938867693146,44,44,3,
resnet18_no_weights,IMAGENET100,fp32_fused_qat,layer1.1.conv2,"(64, 64, 3, 3)",34.680117461212674,0.0009407583946726528,"42,43,44",aggregate,3,6.538524892003716
resnet18_no_weights,IMAGENET100,fp32_fused_qat,layer2.0.conv1,"(128, 64, 3, 3)",1119.1788330078125,0.01517983443207211,42,42,3,
resnet18_no_weights,IMAGENET100,fp32_fused_qat,layer2.0.conv1,"(128, 64, 3, 3)",1136.1629139293325,0.015410195772696025,43,43,3,
resnet18_no_weights,IMAGENET100,fp32_fused_qat,layer2.0.conv1,"(128, 64, 3, 3)",1064.7886088053385,0.014442119802589769,44,44,3,
resnet18_no_weights,IMAGENET100,fp32_fused_qat,layer2.0.conv1,"(128, 64, 3, 3)",1106.7101185808278,0.015010716669119302,"42,43,44",aggregate,3,37.28504375187884
resnet18_no_weights,IMAGENET100,fp32_fused_qat,layer2.0.conv2,"(128, 128, 3, 3)",55.97187247643104,0.000379583553578227,42,42,3,
resnet18_no_weights,IMAGENET100,fp32_fused_qat,layer2.0.conv2,"(128, 128, 3, 3)",60.85008824666341,0.0004126660715512655,43,43,3,
resnet18_no_weights,IMAGENET100,fp32_fused_qat,layer2.0.conv2,"(128, 128, 3, 3)",63.791998908633275,0.0004326171800986957,44,44,3,
resnet18_no_weights,IMAGENET100,fp32_fused_qat,layer2.0.conv2,"(128, 128, 3, 3)",60.204653210575906,0.00040828893507606273,"42,43,44",aggregate,3,3.9498144441560767
resnet18_no_weights,IMAGENET100,fp32_fused_qat,layer2.0.downsample.0,"(128, 64, 1, 1)",151.87979419414813,0.018540013939715348,42,42,3,
resnet18_no_weights,IMAGENET100,fp32_fused_qat,layer2.0.downsample.0,"(128, 64, 1, 1)",151.16258608500164,0.0184524641217043,43,43,3,
resnet18_no_weights,IMAGENET100,fp32_fused_qat,layer2.0.downsample.0,"(128, 64, 1, 1)",157.6072115580241,0.019239161567141613,44,44,3,
resnet18_no_weights,IMAGENET100,fp32_fused_qat,layer2.0.downsample.0,"(128, 64, 1, 1)",153.5498639457246,0.018743879876187086,"42,43,44",aggregate,3,3.532017709925948
resnet18_no_weights,IMAGENET100,fp32_fused_qat,layer2.1.conv1,"(128, 128, 3, 3)",203.24112930297852,0.0013783171203815274,42,42,3,
resnet18_no_weights,IMAGENET100,fp32_fused_qat,layer2.1.conv1,"(128, 128, 3, 3)",203.76389541625977,0.0013818623549822304,43,43,3,
resnet18_no_weights,IMAGENET100,fp32_fused_qat,layer2.1.conv1,"(128, 128, 3, 3)",225.0289744059245,0.0015260754015158724,44,44,3,
resnet18_no_weights,IMAGENET100,fp32_fused_qat,layer2.1.conv1,"(128, 128, 3, 3)",210.6779997083876,0.0014287516256265434,"42,43,44",aggregate,3,12.431056961469805
resnet18_no_weights,IMAGENET100,fp32_fused_qat,layer2.1.conv2,"(128, 128, 3, 3)",45.45739685694377,0.0003082777022090913,42,42,3,
resnet18_no_weights,IMAGENET100,fp32_fused_qat,layer2.1.conv2,"(128, 128, 3, 3)",32.36468054453532,0.00021948703711300536,43,43,3,
resnet18_no_weights,IMAGENET100,fp32_fused_qat,layer2.1.conv2,"(128, 128, 3, 3)",38.00119571685791,0.00025771210202947255,44,44,3,
resnet18_no_weights,IMAGENET100,fp32_fused_qat,layer2.1.conv2,"(128, 128, 3, 3)",38.60775770611233,0.0002618256137838564,"42,43,44",aggregate,3,6.567400033073041
resnet18_no_weights,IMAGENET100,fp32_fused_qat,layer3.0.conv1,"(256, 128, 3, 3)",371.95682078394395,0.001261246815266737,42,42,3,
resnet18_no_weights,IMAGENET100,fp32_fused_qat,layer3.0.conv1,"(256, 128, 3, 3)",371.25183258056643,0.0012588563116474284,43,43,3,
resnet18_no_weights,IMAGENET100,fp32_fused_qat,layer3.0.conv1,"(256, 128, 3, 3)",349.70730743408205,0.0011858022306114437,44,44,3,
resnet18_no_weights,IMAGENET100,fp32_fused_qat,layer3.0.conv1,"(256, 128, 3, 3)",364.3053202661975,0.0012353017858418697,"42,43,44",aggregate,3,12.647163163203055
resnet18_no_weights,IMAGENET100,fp32_fused_qat,layer3.0.conv2,"(256, 256, 3, 3)",114.2777286529541,0.0001937488617841154,42,42,3,
resnet18_no_weights,IMAGENET100,fp32_fused_qat,layer3.0.conv2,"(256, 256, 3, 3)",116.06799545288087,0.0001967841177247465,43,43,3,
resnet18_no_weights,IMAGENET100,fp32_fused_qat,layer3.0.conv2,"(256, 256, 3, 3)",138.08987532721625,0.00023412047547610176,44,44,3,
resnet18_no_weights,IMAGENET100,fp32_fused_qat,layer3.0.conv2,"(256, 256, 3, 3)",122.81186647768374,0.00020821781832832122,"42,43,44",aggregate,3,13.261388675720402
resnet18_no_weights,IMAGENET100,fp32_fused_qat,layer3.0.downsample.0,"(256, 128, 1, 1)",27.964748001098634,0.0008534163818694652,42,42,3,
resnet18_no_weights,IMAGENET100,fp32_fused_qat,layer3.0.downsample.0,"(256, 128, 1, 1)",27.3590576171875,0.0008349321782588959,43,43,3,
resnet18_no_weights,IMAGENET100,fp32_fused_qat,layer3.0.downsample.0,"(256, 128, 1, 1)",33.99275226593018,0.001037376472959295,44,44,3,
resnet18_no_weights,IMAGENET100,fp32_fused_qat,layer3.0.downsample.0,"(256, 128, 1, 1)",29.772185961405437,0.0009085750110292187,"42,43,44",aggregate,3,3.6676423160468943
resnet18_no_weights,IMAGENET100,fp32_fused_qat,layer3.1.conv1,"(256, 256, 3, 3)",214.43282178243,0.00036355391062830607,42,42,3,
resnet18_no_weights,IMAGENET100,fp32_fused_qat,layer3.1.conv1,"(256, 256, 3, 3)",257.0132230122884,0.00043574561735753106,43,43,3,
resnet18_no_weights,IMAGENET100,fp32_fused_qat,layer3.1.conv1,"(256, 256, 3, 3)",238.97072372436523,0.0004051559850470059,44,44,3,
resnet18_no_weights,IMAGENET100,fp32_fused_qat,layer3.1.conv1,"(256, 256, 3, 3)",236.8055895063612,0.0004014851710109477,"42,43,44",aggregate,3,21.372610904155117
resnet18_no_weights,IMAGENET100,fp32_fused_qat,layer3.1.conv2,"(256, 256, 3, 3)",41.57431958516439,7.048597477410955e-05,42,42,3,
resnet18_no_weights,IMAGENET100,fp32_fused_qat,layer3.1.conv2,"(256, 256, 3, 3)",33.3932010105678,5.66155344824351e-05,43,43,3,
resnet18_no_weights,IMAGENET100,fp32_fused_qat,layer3.1.conv2,"(256, 256, 3, 3)",32.442070643107094,5.500296807709943e-05,44,44,3,
resnet18_no_weights,IMAGENET100,fp32_fused_qat,layer3.1.conv2,"(256, 256, 3, 3)",35.80319707961309,6.0701492444548023e-05,"42,43,44",aggregate,3,5.020513268037141
resnet18_no_weights,IMAGENET100,fp32_fused_qat,layer4.0.conv1,"(512, 256, 3, 3)",440.1549853515625,0.00037312400423818165,42,42,3,
resnet18_no_weights,IMAGENET100,fp32_fused_qat,layer4.0.conv1,"(512, 256, 3, 3)",357.94274054633246,0.0003034318208027585,43,43,3,
resnet18_no_weights,IMAGENET100,fp32_fused_qat,layer4.0.conv1,"(512, 256, 3, 3)",453.03151564164597,0.0003840395742133636,44,44,3,
resnet18_no_weights,IMAGENET100,fp32_fused_qat,layer4.0.conv1,"(512, 256, 3, 3)",417.0430805131803,0.0003535317997514346,"42,43,44",aggregate,3,51.585743148912805
resnet18_no_weights,IMAGENET100,fp32_fused_qat,layer4.0.conv2,"(512, 512, 3, 3)",55.798024304707845,2.365028563804959e-05,42,42,3,
resnet18_no_weights,IMAGENET100,fp32_fused_qat,layer4.0.conv2,"(512, 512, 3, 3)",52.85535113016764,2.240301815887775e-05,43,43,3,
resnet18_no_weights,IMAGENET100,fp32_fused_qat,layer4.0.conv2,"(512, 512, 3, 3)",54.36457184382847,2.3042709284391814e-05,44,44,3,
resnet18_no_weights,IMAGENET100,fp32_fused_qat,layer4.0.conv2,"(512, 512, 3, 3)",54.33931575956799,2.303200436043972e-05,"42,43,44",aggregate,3,1.4714991523557734
resnet18_no_weights,IMAGENET100,fp32_fused_qat,layer4.0.downsample.0,"(512, 256, 1, 1)",31.641127077738442,0.00024140264188948397,42,42,3,
resnet18_no_weights,IMAGENET100,fp32_fused_qat,layer4.0.downsample.0,"(512, 256, 1, 1)",30.674968687693276,0.00023403143835215207,43,43,3,
resnet18_no_weights,IMAGENET100,fp32_fused_qat,layer4.0.downsample.0,"(512, 256, 1, 1)",37.013468424479164,0.0002823903535803159,44,44,3,
resnet18_no_weights,IMAGENET100,fp32_fused_qat,layer4.0.downsample.0,"(512, 256, 1, 1)",33.109854729970294,0.0002526081446073173,"42,43,44",aggregate,3,3.4149693140102384
resnet18_no_weights,IMAGENET100,fp32_fused_qat,layer4.1.conv1,"(512, 512, 3, 3)",176.13293940226237,7.465487136936712e-05,42,42,3,
resnet18_no_weights,IMAGENET100,fp32_fused_qat,layer4.1.conv1,"(512, 512, 3, 3)",165.97672297159832,7.035010569746158e-05,43,43,3,
resnet18_no_weights,IMAGENET100,fp32_fused_qat,layer4.1.conv1,"(512, 512, 3, 3)",183.07227834065756,7.759614662198282e-05,44,44,3,
resnet18_no_weights,IMAGENET100,fp32_fused_qat,layer4.1.conv1,"(512, 512, 3, 3)",175.06064690483942,7.420037456293717e-05,"42,43,44",aggregate,3,8.59807314135933
resnet18_no_weights,IMAGENET100,fp32_fused_qat,layer4.1.conv2,"(512, 512, 3, 3)",0.40685286521911623,1.7244672360700658e-07,42,42,3,
resnet18_no_weights,IMAGENET100,fp32_fused_qat,layer4.1.conv2,"(512, 512, 3, 3)",0.37721610355835694,1.5988502653264234e-07,43,43,3,
resnet18_no_weights,IMAGENET100,fp32_fused_qat,layer4.1.conv2,"(512, 512, 3, 3)",0.4198231811706836,1.779442601397551e-07,44,44,3,
resnet18_no_weights,IMAGENET100,fp32_fused_qat,layer4.1.conv2,"(512, 512, 3, 3)",0.40129738331605225,1.70092003426468e-07,"42,43,44",aggregate,3,0.021840061814179027
resnet18_no_weights,IMAGENET100,fp32_fused_qat,fc,"(100, 512)",15.199177847968208,0.0002968589423431291,42,42,3,
resnet18_no_weights,IMAGENET100,fp32_fused_qat,fc,"(100, 512)",14.160682964324952,0.00027657583914697173,43,43,3,
resnet18_no_weights,IMAGENET100,fp32_fused_qat,fc,"(100, 512)",14.101136356592178,0.000275412819464691,44,44,3,
resnet18_no_weights,IMAGENET100,fp32_fused_qat,fc,"(100, 512)",14.486999056295113,0.00028294920031826393,"42,43,44",aggregate,3,0.6174831358869916
cnn,IMAGENET100,fp32_unfused,conv1,"(32, 3, 3, 3)",142.31678295135498,0.1647184987862905,42,42,3,
cnn,IMAGENET100,fp32_unfused,conv1,"(32, 3, 3, 3)",163.72503166198732,0.18949656442359644,43,43,3,
cnn,IMAGENET100,fp32_unfused,conv1,"(32, 3, 3, 3)",113.79069299697876,0.13170219096872543,44,44,3,
cnn,IMAGENET100,fp32_unfused,conv1,"(32, 3, 3, 3)",139.94416920344037,0.16197241805953747,"42,43,44",aggregate,3,25.05157712551322
cnn,IMAGENET100,fp32_unfused,conv2,"(64, 32, 3, 3)",341.50442770253056,0.01852780098212514,42,42,3,
cnn,IMAGENET100,fp32_unfused,conv2,"(64, 32, 3, 3)",385.1721138000488,0.020896924576825564,43,43,3,
cnn,IMAGENET100,fp32_unfused,conv2,"(64, 32, 3, 3)",369.30215581258136,0.020035924251984666,44,44,3,
cnn,IMAGENET100,fp32_unfused,conv2,"(64, 32, 3, 3)",365.3262324383869,0.01982021660364512,"42,43,44",aggregate,3,22.103680175164186
cnn,IMAGENET100,fp32_unfused,conv3,"(128, 64, 3, 3)",721.4703287760417,0.009785567610352128,42,42,3,
cnn,IMAGENET100,fp32_unfused,conv3,"(128, 64, 3, 3)",806.237451171875,0.010935295290417141,43,43,3,
cnn,IMAGENET100,fp32_unfused,conv3,"(128, 64, 3, 3)",691.6331773237748,0.009380875343475679,44,44,3,
cnn,IMAGENET100,fp32_unfused,conv3,"(128, 64, 3, 3)",739.7803190905638,0.01003391274808165,"42,43,44",aggregate,3,59.45567008327303
cnn,IMAGENET100,fp32_unfused,conv4,"(256, 128, 3, 3)",105.71070833559389,0.0003584483111422861,42,42,3,
cnn,IMAGENET100,fp32_unfused,conv4,"(256, 128, 3, 3)",105.43292617797852,0.0003575063957315352,43,43,3,
cnn,IMAGENET100,fp32_unfused,conv4,"(256, 128, 3, 3)",117.07460708618164,0.00039698149646735857,44,44,3,
cnn,IMAGENET100,fp32_unfused,conv4,"(256, 128, 3, 3)",109.40608053325136,0.00037097873444705997,"42,43,44",aggregate,3,6.6425910119109455
cnn,IMAGENET100,fp32_unfused,fc1,"(1024, 1024)",74.97535921732585,7.150207444889626e-05,42,42,3,
cnn,IMAGENET100,fp32_unfused,fc1,"(1024, 1024)",75.80156618754069,7.229000681642598e-05,43,43,3,
cnn,IMAGENET100,fp32_unfused,fc1,"(1024, 1024)",79.91455123003792,7.621245501521865e-05,44,44,3,
cnn,IMAGENET100,fp32_unfused,fc1,"(1024, 1024)",76.89715887830148,7.333484542684696e-05,"42,43,44",aggregate,3,2.6455900934661134
cnn,IMAGENET100,fp32_unfused,fc2,"(100, 1024)",62.9309834752764,0.0006145603855007461,42,42,3,
cnn,IMAGENET100,fp32_unfused,fc2,"(100, 1024)",65.61732646397182,0.0006407942037497249,43,43,3,
cnn,IMAGENET100,fp32_unfused,fc2,"(100, 1024)",58.48159116109212,0.0005711092886825402,44,44,3,
cnn,IMAGENET100,fp32_unfused,fc2,"(100, 1024)",62.34330036678011,0.000608821292644337,"42,43,44",aggregate,3,3.6039850381487173
cnn,IMAGENET100,fp32_fused,conv1,"(32, 3, 3, 3)",562.386442565918,0.6509102344512939,42,42,3,
cnn,IMAGENET100,fp32_fused,conv1,"(32, 3, 3, 3)",1005.754280090332,1.1640674538082547,43,43,3,
cnn,IMAGENET100,fp32_fused,conv1,"(32, 3, 3, 3)",430.72089462280275,0.49851955396157727,44,44,3,
cnn,IMAGENET100,fp32_fused,conv1,"(32, 3, 3, 3)",666.2872057596842,0.7711657474070419,"42,43,44",aggregate,3,301.2679455978471
cnn,IMAGENET100,fp32_fused,conv2,"(64, 32, 3, 3)",2375.8361725983796,0.12889736179461694,42,42,3,
cnn,IMAGENET100,fp32_fused,conv2,"(64, 32, 3, 3)",2867.3857421875,0.15556563271416557,43,43,3,
cnn,IMAGENET100,fp32_fused,conv2,"(64, 32, 3, 3)",2416.1422587076822,0.1310841069177345,44,44,3,
cnn,IMAGENET100,fp32_fused,conv2,"(64, 32, 3, 3)",2553.1213911645204,0.13851570047550565,"42,43,44",aggregate,3,272.90604040087396
cnn,IMAGENET100,fp32_fused,conv3,"(128, 64, 3, 3)",1215.825456407335,0.0164906881565665,42,42,3,
cnn,IMAGENET100,fp32_fused,conv3,"(128, 64, 3, 3)",1300.762621427837,0.01764272218733503,43,43,3,
cnn,IMAGENET100,fp32_fused,conv3,"(128, 64, 3, 3)",1155.4634094238281,0.01567197549674246,44,44,3,
cnn,IMAGENET100,fp32_fused,conv3,"(128, 64, 3, 3)",1224.0171624196666,0.016601795280214663,"42,43,44",aggregate,3,72.99515934492395
cnn,IMAGENET100,fp32_fused,conv4,"(256, 128, 3, 3)",6.282363494237264,2.130250208278152e-05,42,42,3,
cnn,IMAGENET100,fp32_fused,conv4,"(256, 128, 3, 3)",5.35022038883633,1.8141752078031177e-05,43,43,3,
cnn,IMAGENET100,fp32_fused,conv4,"(256, 128, 3, 3)",6.751447107110705,2.2893090505339577e-05,44,44,3,
cnn,IMAGENET100,fp32_fused,conv4,"(256, 128, 3, 3)",6.128010330061433,2.0779114888717425e-05,"42,43,44",aggregate,3,0.7132515359042779
cnn,IMAGENET100,fp32_fused,fc1,"(1024, 1024)",89.85141122752222,8.568898318054411e-05,42,42,3,
cnn,IMAGENET100,fp32_fused,fc1,"(1024, 1024)",87.53333346048991,8.347829195069305e-05,43,43,3,
cnn,IMAGENET100,fp32_fused,fc1,"(1024, 1024)",86.259814453125,8.226376958191395e-05,44,44,3,
cnn,IMAGENET100,fp32_fused,fc1,"(1024, 1024)",87.88151971371238,8.381034823771704e-05,"42,43,44",aggregate,3,1.8209385211107343
cnn,IMAGENET100,fp32_fused,fc2,"(100, 1024)",65.81152483622233,0.0006426906722287337,42,42,3,
cnn,IMAGENET100,fp32_fused,fc2,"(100, 1024)",52.807806714375815,0.0005157012374450763,43,43,3,
cnn,IMAGENET100,fp32_fused,fc2,"(100, 1024)",61.61893272399902,0.0006017473898828029,44,44,3,
cnn,IMAGENET100,fp32_fused,fc2,"(100, 1024)",60.07942142486572,0.0005867130998522043,"42,43,44",aggregate,3,6.637148674561178
cnn,IMAGENET100,ptq,conv1,"(32, 3, 3, 3)",887.9968713124593,1.0277741566116427,42,42,3,
cnn,IMAGENET100,ptq,conv1,"(32, 3, 3, 3)",948.6462600708007,1.0979702084152787,43,43,3,
cnn,IMAGENET100,ptq,conv1,"(32, 3, 3, 3)",714.1581604003907,0.8265719449078596,44,44,3,
cnn,IMAGENET100,ptq,conv1,"(32, 3, 3, 3)",850.2670972612169,0.984105436644927,"42,43,44",aggregate,3,121.7120335432302
cnn,IMAGENET100,ptq,conv2,"(64, 32, 3, 3)",3260.6498901367186,0.1769015782409244,42,42,3,
cnn,IMAGENET100,ptq,conv2,"(64, 32, 3, 3)",3495.065665409483,0.18961944799313601,43,43,3,
cnn,IMAGENET100,ptq,conv2,"(64, 32, 3, 3)",3693.586417643229,0.20038988810998423,44,44,3,
cnn,IMAGENET100,ptq,conv2,"(64, 32, 3, 3)",3483.1006577298103,0.18897030478134821,"42,43,44",aggregate,3,216.7161283082777
cnn,IMAGENET100,ptq,conv3,"(128, 64, 3, 3)",1694.0115923200335,0.022976502717014343,42,42,3,
cnn,IMAGENET100,ptq,conv3,"(128, 64, 3, 3)",1662.2368713378905,0.022545530481470955,43,43,3,
cnn,IMAGENET100,ptq,conv3,"(128, 64, 3, 3)",1302.0870288085937,0.017660685612095727,44,44,3,
cnn,IMAGENET100,ptq,conv3,"(128, 64, 3, 3)",1552.7784974888393,0.021060906270193677,"42,43,44",aggregate,3,217.68570824738853
cnn,IMAGENET100,ptq,conv4,"(256, 128, 3, 3)",25.987828390938894,8.812062035773009e-05,42,42,3,
cnn,IMAGENET100,ptq,conv4,"(256, 128, 3, 3)",23.310072798477975,7.904077419188767e-05,43,43,3,
cnn,IMAGENET100,ptq,conv4,"(256, 128, 3, 3)",21.20096463423509,7.188912161673681e-05,44,44,3,
cnn,IMAGENET100,ptq,conv4,"(256, 128, 3, 3)",23.49962194121732,7.968350538878486e-05,"42,43,44",aggregate,3,2.3990545667921004
cnn,IMAGENET100,ptq,fc1,"(1024, 1024)",318.0827163696289,0.00030334731709444893,42,42,3,
cnn,IMAGENET100,ptq,fc1,"(1024, 1024)",352.6008837890625,0.00033626640681177377,43,43,3,
cnn,IMAGENET100,ptq,fc1,"(1024, 1024)",352.15055686549135,0.00033583694159077773,44,44,3,
cnn,IMAGENET100,ptq,fc1,"(1024, 1024)",340.94471900806093,0.0003251502218323335,"42,43,44",aggregate,3,19.80035535196977
cnn,IMAGENET100,ptq,fc2,"(100, 1024)",271.11464436848956,0.002647603948911031,42,42,3,
cnn,IMAGENET100,ptq,fc2,"(100, 1024)",256.47134450276695,0.0025046029736598336,43,43,3,
cnn,IMAGENET100,ptq,fc2,"(100, 1024)",266.2588631766183,0.0026001842107091634,44,44,3,
cnn,IMAGENET100,ptq,fc2,"(100, 1024)",264.61495068262496,0.0025841303777600095,"42,43,44",aggregate,3,7.458779655902069
cnn,IMAGENET100,qat,conv1,"(32, 3, 3, 3)",96.74006322224935,0.1119676657664923,42,42,3,
cnn,IMAGENET100,qat,conv1,"(32, 3, 3, 3)",107.80424944559734,0.12477343685833026,43,43,3,
cnn,IMAGENET100,qat,conv1,"(32, 3, 3, 3)",103.14075775146485,0.11937587702715839,44,44,3,
cnn,IMAGENET100,qat,conv1,"(32, 3, 3, 3)",102.5616901397705,0.11870565988399363,"42,43,44",aggregate,3,5.554776653513253
cnn,IMAGENET100,qat,conv2,"(64, 32, 3, 3)",1210.2451329724543,0.06566000070380068,42,42,3,
cnn,IMAGENET100,qat,conv2,"(64, 32, 3, 3)",1014.3679077148438,0.05503298110432095,43,43,3,
cnn,IMAGENET100,qat,conv2,"(64, 32, 3, 3)",1284.2706420898437,0.06967614160643683,44,44,3,
cnn,IMAGENET100,qat,conv2,"(64, 32, 3, 3)",1169.6278942590473,0.06345637447151949,"42,43,44",aggregate,3,139.4603584044651
cnn,IMAGENET100,qat,conv3,"(128, 64, 3, 3)",797.2647389729817,0.010813595092406978,42,42,3,
cnn,IMAGENET100,qat,conv3,"(128, 64, 3, 3)",838.8253733317057,0.01137729727283672,43,43,3,
cnn,IMAGENET100,qat,conv3,"(128, 64, 3, 3)",739.7031768798828,0.010032866439885563,44,44,3,
cnn,IMAGENET100,qat,conv3,"(128, 64, 3, 3)",791.9310963948567,0.010741252935043086,"42,43,44",aggregate,3,49.775880351047874
cnn,IMAGENET100,qat,conv4,"(256, 128, 3, 3)",4.249432282014326,1.4409153517029915e-05,42,42,3,
cnn,IMAGENET100,qat,conv4,"(256, 128, 3, 3)",5.523484400340489,1.8729262967734403e-05,43,43,3,
cnn,IMAGENET100,qat,conv4,"(256, 128, 3, 3)",5.145601352055867,1.7447921251274506e-05,44,44,3,
cnn,IMAGENET100,qat,conv4,"(256, 128, 3, 3)",4.97283934480356,1.6862112578679606e-05,"42,43,44",aggregate,3,0.6543601710184002
cnn,IMAGENET100,qat,fc1,"(1024, 1024)",60.50216144985623,5.769935746179221e-05,42,42,3,
cnn,IMAGENET100,qat,fc1,"(1024, 1024)",69.3208179473877,6.610948366869707e-05,43,43,3,
cnn,IMAGENET100,qat,fc1,"(1024, 1024)",65.46489647456578,6.243219039398744e-05,44,44,3,
cnn,IMAGENET100,qat,fc1,"(1024, 1024)",65.09595862393657,6.208034384149224e-05,"42,43,44",aggregate,3,4.420889272373111
cnn,IMAGENET100,qat,fc2,"(100, 1024)",53.89934883117676,0.0005263608284294606,42,42,3,
cnn,IMAGENET100,qat,fc2,"(100, 1024)",50.1085257212321,0.0004893410714964072,43,43,3,
cnn,IMAGENET100,qat,fc2,"(100, 1024)",55.92213567097982,0.0005461146061619123,44,44,3,
cnn,IMAGENET100,qat,fc2,"(100, 1024)",53.31000340779622,0.00052060550202926,"42,43,44",aggregate,3,2.9512728072809726
cnn,IMAGENET100,fp32_fused_qat,conv1,"(32, 3, 3, 3)",97.0658942328559,0.11234478499173137,42,42,3,
cnn,IMAGENET100,fp32_fused_qat,conv1,"(32, 3, 3, 3)",92.40360895792644,0.10694862147908152,43,43,3,
cnn,IMAGENET100,fp32_fused_qat,conv1,"(32, 3, 3, 3)",92.28130416870117,0.1068070650100708,44,44,3,
cnn,IMAGENET100,fp32_fused_qat,conv1,"(32, 3, 3, 3)",93.9169357864945,0.10870015716029456,"42,43,44",aggregate,3,2.727763568942503
cnn,IMAGENET100,fp32_fused_qat,conv2,"(64, 32, 3, 3)",1306.6062947591147,0.07088792831809433,42,42,3,
cnn,IMAGENET100,fp32_fused_qat,conv2,"(64, 32, 3, 3)",1237.8016304347825,0.06715503637341486,43,43,3,
cnn,IMAGENET100,fp32_fused_qat,conv2,"(64, 32, 3, 3)",1295.4925333658855,0.07028496817306236,44,44,3,
cnn,IMAGENET100,fp32_fused_qat,conv2,"(64, 32, 3, 3)",1279.9668195199276,0.06944264428819052,"42,43,44",aggregate,3,36.93651717495756
cnn,IMAGENET100,fp32_fused_qat,conv3,"(128, 64, 3, 3)",1070.0088500976562,0.014512923856576284,42,42,3,
cnn,IMAGENET100,fp32_fused_qat,conv3,"(128, 64, 3, 3)",813.7844635009766,0.011037658196356562,43,43,3,
cnn,IMAGENET100,fp32_fused_qat,conv3,"(128, 64, 3, 3)",789.3014312744141,0.010705585819151667,44,44,3,
cnn,IMAGENET100,fp32_fused_qat,conv3,"(128, 64, 3, 3)",891.031581624349,0.012085389290694838,"42,43,44",aggregate,3,155.4815155874693
cnn,IMAGENET100,fp32_fused_qat,conv4,"(256, 128, 3, 3)",4.219629247983296,1.4308096137096138e-05,42,42,3,
cnn,IMAGENET100,fp32_fused_qat,conv4,"(256, 128, 3, 3)",3.9779990673065186,1.3488766368633757e-05,43,43,3,
cnn,IMAGENET100,fp32_fused_qat,conv4,"(256, 128, 3, 3)",4.024751122792562,1.3647295202611498e-05,44,44,3,
cnn,IMAGENET100,fp32_fused_qat,conv4,"(256, 128, 3, 3)",4.0741264793607925,1.3814719236113799e-05,"42,43,44",aggregate,3,0.12815900448526032
cnn,IMAGENET100,fp32_fused_qat,fc1,"(1024, 1024)",32.945263775912196,3.1419051910316654e-05,42,42,3,
cnn,IMAGENET100,fp32_fused_qat,fc1,"(1024, 1024)",41.642248826868396,3.9713143183582684e-05,43,43,3,
cnn,IMAGENET100,fp32_fused_qat,fc1,"(1024, 1024)",43.245615005493164,4.124223232793156e-05,44,44,3,
cnn,IMAGENET100,fp32_fused_qat,fc1,"(1024, 1024)",39.27770920275792,3.745814247394363e-05,"42,43,44",aggregate,3,5.54234558546054
cnn,IMAGENET100,fp32_fused_qat,fc2,"(100, 1024)",18.571537017822266,0.00018136266618967056,42,42,3,
cnn,IMAGENET100,fp32_fused_qat,fc2,"(100, 1024)",21.30593792597453,0.00020806580005834502,43,43,3,
cnn,IMAGENET100,fp32_fused_qat,fc2,"(100, 1024)",19.146812802269345,0.00018698059377216157,44,44,3,
cnn,IMAGENET100,fp32_fused_qat,fc2,"(100, 1024)",19.674762582022048,0.00019213635334005907,"42,43,44",aggregate,3,1.4416259255027553
