layer,accuracy,inference_time
conv1,98.88,3.0292210578918457
conv2,98.75,3.122183084487915
fc1,98.76,3.1952641010284424
fc2,98.76,3.471334934234619
