layer,mse
conv1,1.15297996217123e-06
conv2,4.839603207074106e-07
fc1,1.874028185966381e-07
fc2,7.693220140936319e-07
