model,dataset,stage,layer,calib_min,calib_max,range_width,scale,zero_point,act_p99,act_p999,act_max,outlier_factor,range_over_p99,seed,n_seeds,metric_std
cnn,CIFAR10,PTQ,conv1,-8.091721534729004,7.558411121368408,15.650132656097412,0.06137306988239288,132,1.6057171821594238,2.8323633670806885,7.713742256164551,4.803923344577308,9.746506315047693,42,3,
cnn,CIFAR10,PTQ,conv2,-8.328008651733398,4.754361152648926,13.082369804382324,0.05130341276526451,162,0.8697291612625122,1.5481334924697876,4.090812683105469,4.7035478000613224,15.041889345634628,42,3,
cnn,CIFAR10,PTQ,conv3,-5.947083473205566,3.1554296016693115,9.102513074874878,0.035696130245923996,167,0.525536060333252,0.9898707270622253,2.97456431388855,5.6600574887331705,17.320434812984686,42,3,
cnn,CIFAR10,PTQ,conv4,-3.486232280731201,3.6537742614746094,7.1400065422058105,0.02800002507865429,125,0.8326759934425354,1.4771497249603271,3.917584180831909,4.704812209891421,8.574771698036898,42,3,
cnn,CIFAR10,PTQ,fc1,-2.99546217918396,4.414804458618164,7.410266637802124,0.029059870168566704,103,0.7267877459526062,1.455990195274353,4.078004360198975,5.6109976852373915,10.195915766424255,42,3,
cnn,CIFAR10,PTQ,fc2,-11.027742385864258,24.864330291748047,35.892072677612305,0.14075323939323425,78,10.711146354675293,17.62755012512207,24.11705780029297,2.251585124664658,3.3509086225813567,42,3,
cnn,CIFAR10,PTQ,conv1,-8.091721534729004,7.558411121368408,15.650132656097412,0.06137306988239288,132,1.5609983205795288,2.6763548851013184,6.201936721801758,3.9730579079029735,10.025720367391054,43,3,
cnn,CIFAR10,PTQ,conv2,-8.328008651733398,4.754361152648926,13.082369804382324,0.05130341276526451,162,0.8363512754440308,1.4405326843261719,3.6225879192352295,4.331419136429183,15.64219507818256,43,3,
cnn,CIFAR10,PTQ,conv3,-5.947083473205566,3.1554296016693115,9.102513074874878,0.035696130245923996,167,0.5262662172317505,1.0195040702819824,3.2518041133880615,6.179009799437825,17.29640394315189,43,3,
cnn,CIFAR10,PTQ,conv4,-3.486232280731201,3.6537742614746094,7.1400065422058105,0.02800002507865429,125,0.8673940300941467,1.5574818849563599,4.400174140930176,5.072866526937685,8.231560622374626,43,3,
cnn,CIFAR10,PTQ,fc1,-2.99546217918396,4.414804458618164,7.410266637802124,0.029059870168566704,103,0.7034642100334167,1.3920831680297852,3.6684768199920654,5.21487343303194,10.533963963070862,43,3,
cnn,CIFAR10,PTQ,fc2,-11.027742385864258,24.864330291748047,35.892072677612305,0.14075323939323425,78,9.353349685668945,16.374616622924805,21.887165069580078,2.34003493990129,3.8373496002833694,43,3,
cnn,CIFAR10,PTQ,conv1,-8.091721534729004,7.558411121368408,15.650132656097412,0.06137306988239288,132,1.638857364654541,2.9041614532470703,6.43143892288208,3.924343302589838,9.549417169319273,44,3,
cnn,CIFAR10,PTQ,conv2,-8.328008651733398,4.754361152648926,13.082369804382324,0.05130341276526451,162,0.880197286605835,1.5330655574798584,3.7681260108947754,4.281001621153822,14.862997197855256,44,3,
cnn,CIFAR10,PTQ,conv3,-5.947083473205566,3.1554296016693115,9.102513074874878,0.035696130245923996,167,0.5479353666305542,1.02749502658844,3.2280027866363525,5.891210867600075,16.612384651951576,44,3,
cnn,CIFAR10,PTQ,conv4,-3.486232280731201,3.6537742614746094,7.1400065422058105,0.02800002507865429,125,0.8874046802520752,1.5581878423690796,3.9884138107299805,4.494470109845529,8.045941948579342,44,3,
cnn,CIFAR10,PTQ,fc1,-2.99546217918396,4.414804458618164,7.410266637802124,0.029059870168566704,103,0.7724232077598572,1.469920039176941,2.7504642009735107,3.5608254300777267,9.593531840262807,44,3,
cnn,CIFAR10,PTQ,fc2,-11.027742385864258,24.864330291748047,35.892072677612305,0.14075323939323425,78,12.719367980957031,14.627483367919922,14.63684368133545,1.1507524354393388,2.8218440359103214,44,3,
cnn,CIFAR10,PTQ,conv1,-8.091721534729004,7.558411121368408,15.650132656097412,0.06137306988239288,132,1.6018576224644978,2.804293235143026,6.78237263361613,4.23377485169004,9.77388128391934,aggregate,3,0.49436348585723966
cnn,CIFAR10,PTQ,conv2,-8.328008651733398,4.754361152648926,13.082369804382324,0.05130341276526451,162,0.8620925744374593,1.5072439114252727,3.8271755377451577,4.438656185881443,15.18236054055748,aggregate,3,0.23078378822775233
cnn,CIFAR10,PTQ,conv3,-5.947083473205566,3.1554296016693115,9.102513074874878,0.035696130245923996,167,0.5332458813985189,1.0122899413108826,3.1514570713043213,5.910092718590357,17.07640780269605,aggregate,3,0.2599909006466178
cnn,CIFAR10,PTQ,conv4,-3.486232280731201,3.6537742614746094,7.1400065422058105,0.02800002507865429,125,0.8624915679295858,1.5309398174285889,4.102057377497355,4.757382948891545,8.284091422996955,aggregate,3,0.2927599114898165
cnn,CIFAR10,PTQ,fc1,-2.99546217918396,4.414804458618164,7.410266637802124,0.029059870168566704,103,0.7342250545819601,1.4393311341603596,3.498981793721517,4.795565516115686,10.107803856585974,aggregate,3,1.087504444059013
cnn,CIFAR10,PTQ,fc2,-11.027742385864258,24.864330291748047,35.892072677612305,0.14075323939323425,78,10.92795467376709,16.209883371988933,20.213688850402832,1.914124166668429,3.3367007529250157,aggregate,3,0.6625768955250569
cnn,CIFAR10,QAT,conv1,-7.891393661499023,7.664823532104492,15.556217193603516,0.061004772782325745,129,1.53438401222229,2.7226438522338867,6.8020405769348145,4.433075763793468,10.138411942309686,42,3,
cnn,CIFAR10,QAT,conv2,-7.543217182159424,5.159477710723877,12.7026948928833,0.04981448873877525,151,0.7948737740516663,1.4166313409805298,4.342088222503662,5.462613517075768,15.98076991285617,42,3,
cnn,CIFAR10,QAT,conv3,-5.9195451736450195,3.538827419281006,9.458372592926025,0.03709165379405022,160,0.5148760676383972,1.0065346956253052,2.9107019901275635,5.653208943033995,18.370192726783987,42,3,
cnn,CIFAR10,QAT,conv4,-3.473512649536133,4.190702438354492,7.664215087890625,0.03005574457347393,116,0.8909173011779785,1.560132384300232,3.8616867065429688,4.3345063581513275,8.602611126483831,42,3,
cnn,CIFAR10,QAT,fc1,-2.726262331008911,4.269510269165039,6.99577260017395,0.027434401214122772,99,0.8504992723464966,1.6095924377441406,3.8046603202819824,4.473443357317712,8.225489224550266,42,3,
cnn,CIFAR10,QAT,fc2,-10.82536792755127,24.74535369873047,35.57072162628174,0.13949301838874817,78,11.776378631591797,19.988414764404297,23.208309173583984,1.9707509328312882,3.0205144330922122,42,3,
cnn,CIFAR10,QAT,conv1,-7.891393661499023,7.664823532104492,15.556217193603516,0.061004772782325745,129,1.5196506977081299,2.665006399154663,6.1640143394470215,4.05620472437733,10.236705854223418,43,3,
cnn,CIFAR10,QAT,conv2,-7.543217182159424,5.159477710723877,12.7026948928833,0.04981448873877525,151,0.7763605713844299,1.3554847240447998,3.5866918563842773,4.619878943605261,16.361849585214596,43,3,
cnn,CIFAR10,QAT,conv3,-5.9195451736450195,3.538827419281006,9.458372592926025,0.03709165379405022,160,0.5129277110099792,1.0179344415664673,3.889974355697632,7.58386468931087,18.439971929576657,43,3,
cnn,CIFAR10,QAT,conv4,-3.473512649536133,4.190702438354492,7.664215087890625,0.03005574457347393,116,0.9297094345092773,1.7806556224822998,4.400783061981201,4.733503714850477,8.243667110827996,43,3,
cnn,CIFAR10,QAT,fc1,-2.726262331008911,4.269510269165039,6.99577260017395,0.027434401214122772,99,0.8296541571617126,1.6014407873153687,3.6512410640716553,4.400919386172582,8.432155181511812,43,3,
cnn,CIFAR10,QAT,fc2,-10.82536792755127,24.74535369873047,35.57072162628174,0.13949301838874817,78,13.935302734375,18.355979919433594,22.995058059692383,1.6501297817498555,2.5525618139990187,43,3,
cnn,CIFAR10,QAT,conv1,-7.891393661499023,7.664823532104492,15.556217193603516,0.061004772782325745,129,1.5956007242202759,2.876607656478882,5.443617343902588,3.4116413093023175,9.749442299360568,44,3,
cnn,CIFAR10,QAT,conv2,-7.543217182159424,5.159477710723877,12.7026948928833,0.04981448873877525,151,0.8185964226722717,1.4405512809753418,4.601595878601074,5.621324197312479,15.517652583205674,44,3,
cnn,CIFAR10,QAT,conv3,-5.9195451736450195,3.538827419281006,9.458372592926025,0.03709165379405022,160,0.5413350462913513,1.0332895517349243,3.057460308074951,5.6479999383402175,17.472307876101272,44,3,
cnn,CIFAR10,QAT,conv4,-3.473512649536133,4.190702438354492,7.664215087890625,0.03005574457347393,116,0.9349902868270874,1.6657236814498901,4.744746685028076,5.074648102633762,8.197106639363419,44,3,
cnn,CIFAR10,QAT,fc1,-2.726262331008911,4.269510269165039,6.99577260017395,0.027434401214122772,99,0.8476689457893372,1.6600316762924194,3.1744585037231445,3.7449272142052275,8.25295374441208,44,3,
cnn,CIFAR10,QAT,fc2,-10.82536792755127,24.74535369873047,35.57072162628174,0.13949301838874817,78,12.532319068908691,17.106224060058594,17.49906349182129,1.3963148716213702,2.8383191834405808,44,3,
cnn,CIFAR10,QAT,conv1,-7.891393661499023,7.664823532104492,15.556217193603516,0.061004772782325745,129,1.549878478050232,2.7547526359558105,6.136557420094808,3.9669739324910385,10.041520031964557,aggregate,3,0.5165304316987525
cnn,CIFAR10,QAT,conv2,-7.543217182159424,5.159477710723877,12.7026948928833,0.04981448873877525,151,0.7966102560361227,1.4042224486668904,4.176791985829671,5.234605552664503,15.953424027092147,aggregate,3,0.538250752827532
cnn,CIFAR10,QAT,conv3,-5.9195451736450195,3.538827419281006,9.458372592926025,0.03709165379405022,160,0.5230462749799093,1.019252896308899,3.286045551300049,6.295024523561694,18.09415751082064,aggregate,3,1.1161713636663266
cnn,CIFAR10,QAT,conv4,-3.473512649536133,4.190702438354492,7.664215087890625,0.03005574457347393,116,0.9185390075047811,1.6688372294108074,4.335738817850749,4.7142193918785225,8.347794958891749,aggregate,3,0.3704475189763596
cnn,CIFAR10,QAT,fc1,-2.726262331008911,4.269510269165039,6.99577260017395,0.027434401214122772,99,0.8426074584325155,1.6236883004506428,3.5434532960255942,4.206429985898507,8.30353271682472,aggregate,3,0.4013147615128298
cnn,CIFAR10,QAT,fc2,-10.82536792755127,24.74535369873047,35.57072162628174,0.13949301838874817,78,12.748000144958496,18.483539581298828,21.23414357503255,1.6723985287341714,2.8037984768439372,aggregate,3,0.28786475978101206
resnet18_no_weights,CIFAR10,PTQ,conv1,-3.6338045597076416,4.784788131713867,8.418592691421509,0.03301408886909485,110,0.9612078666687012,1.498787522315979,3.5503828525543213,3.6936681186963582,8.758347682482231,42,3,
resnet18_no_weights,CIFAR10,PTQ,layer1.0.conv1,-5.668947696685791,3.96222186088562,9.631169557571411,0.037769291549921036,150,0.7143507599830627,1.2024688720703125,3.231417417526245,4.523572450042416,13.482409618770149,42,3,
resnet18_no_weights,CIFAR10,PTQ,layer1.0.conv2,-5.055909156799316,4.219723701477051,9.275632858276367,0.036375030875205994,139,0.8163987398147583,1.459014654159546,4.025912284851074,4.931306343961968,11.361645242594346,42,3,
resnet18_no_weights,CIFAR10,PTQ,layer1.1.conv1,-4.983292102813721,3.6435205936431885,8.62681269645691,0.033830638974905014,147,0.6883341670036316,1.356850266456604,3.4530441761016846,5.016522993668955,12.532884622028932,42,3,
resnet18_no_weights,CIFAR10,PTQ,layer1.1.conv2,-4.112923622131348,3.0338993072509766,7.146822929382324,0.028026755899190903,147,0.6794285774230957,1.1479960680007935,2.582125186920166,3.8004365325837886,10.518873016040116,42,3,
resnet18_no_weights,CIFAR10,PTQ,layer2.0.conv1,-2.089714288711548,2.0637571811676025,4.15347146987915,0.01628812402486801,128,0.4981505572795868,0.8087469339370728,1.7069453001022339,3.4265650718608183,8.337783445553823,42,3,
resnet18_no_weights,CIFAR10,PTQ,layer2.0.conv2,-2.5791499614715576,3.134150981903076,5.713300943374634,0.022405100986361504,115,0.6134280562400818,1.0085948705673218,2.5571603775024414,4.1686394215096465,9.313726174171887,42,3,
resnet18_no_weights,CIFAR10,PTQ,layer2.0.downsample.0,-2.3921070098876953,4.91558313369751,7.307690143585205,0.02865760773420334,83,0.6292744874954224,1.154648780822754,4.037124156951904,6.415521743174551,11.612881641953368,42,3,
resnet18_no_weights,CIFAR10,PTQ,layer2.1.conv1,-2.148871421813965,2.2549848556518555,4.40385627746582,0.017270024865865707,124,0.46267393231391907,0.787939727306366,2.155566930770874,4.658933171338354,9.518271875489742,42,3,
resnet18_no_weights,CIFAR10,PTQ,layer2.1.conv2,-2.857996940612793,4.271207809448242,7.129204750061035,0.02795766480267048,102,0.46362370252609253,0.7931849956512451,4.232438087463379,9.129037330064417,15.377136050674213,42,3,
resnet18_no_weights,CIFAR10,PTQ,layer3.0.conv1,-1.7662436962127686,2.0620040893554688,3.8282477855682373,0.015012736432254314,118,0.4779171943664551,0.7791178226470947,1.6538238525390625,3.4604820082513106,8.010274228871605,42,3,
resnet18_no_weights,CIFAR10,PTQ,layer3.0.conv2,-2.221353054046631,3.029755115509033,5.251108169555664,0.0205925814807415,108,0.5545353293418884,0.9039499163627625,1.9828475713729858,3.575692055051191,9.469384350655485,42,3,
resnet18_no_weights,CIFAR10,PTQ,layer3.0.downsample.0,-1.4591569900512695,1.8843601942062378,3.3435171842575073,0.013111832551658154,111,0.3533921241760254,0.6097155809402466,2.136901617050171,6.046828638393128,9.461210240758207,42,3,
resnet18_no_weights,CIFAR10,PTQ,layer3.1.conv1,-2.061915636062622,2.1325125694274902,4.194428205490112,0.016448739916086197,125,0.3717713952064514,0.651016891002655,1.7780663967132568,4.782687478486246,11.282277925553874,42,3,
resnet18_no_weights,CIFAR10,PTQ,layer3.1.conv2,-1.9749188423156738,2.3099498748779297,4.2848687171936035,0.016803406178951263,118,0.383864164352417,0.6676005125045776,2.1051080226898193,5.4839920424485555,11.162460878374056,42,3,
resnet18_no_weights,CIFAR10,PTQ,layer4.0.conv1,-1.5108805894851685,1.9338736534118652,3.4447542428970337,0.013508839532732964,112,0.35811764001846313,0.6081871390342712,1.4117692708969116,3.942194165090908,9.619057700479194,42,3,
resnet18_no_weights,CIFAR10,PTQ,layer4.0.conv2,-1.9911167621612549,2.9393489360809326,4.9304656982421875,0.01933516003191471,103,0.3942250609397888,0.7064511179924011,1.7936426401138306,4.549793551526089,12.50672822901848,42,3,
resnet18_no_weights,CIFAR10,PTQ,layer4.0.downsample.0,-1.730907917022705,1.9465829133987427,3.6774908304214478,0.014421531930565834,120,0.3912459909915924,0.6730096936225891,2.2033987045288086,5.631747686268708,9.399433898609518,42,3,
resnet18_no_weights,CIFAR10,PTQ,layer4.1.conv1,-1.4418481588363647,2.135125160217285,3.57697331905365,0.014027346856892109,103,0.36881786584854126,0.687597393989563,2.159127950668335,5.854184817486587,9.698481690479088,42,3,
resnet18_no_weights,CIFAR10,PTQ,layer4.1.conv2,-1.6483802795410156,3.47411847114563,5.1224987506866455,0.020088229328393936,82,0.9094060659408569,1.57886803150177,3.3187098503112793,3.6493157178117075,5.632795890125266,42,3,
resnet18_no_weights,CIFAR10,PTQ,fc,-5.745562553405762,16.031757354736328,21.77731990814209,0.0854012593626976,67,12.092093467712402,15.939759254455566,17.48710823059082,1.4461605244190239,1.8009553073907847,42,3,
resnet18_no_weights,CIFAR10,PTQ,conv1,-3.6338045597076416,4.784788131713867,8.418592691421509,0.03301408886909485,110,0.9521777629852295,1.5303717851638794,3.1166458129882812,3.2731764321160983,8.841408630493401,43,3,
resnet18_no_weights,CIFAR10,PTQ,layer1.0.conv1,-5.668947696685791,3.96222186088562,9.631169557571411,0.037769291549921036,150,0.7093893885612488,1.1783503293991089,2.785468578338623,3.926572096021881,13.57670372981602,43,3,
resnet18_no_weights,CIFAR10,PTQ,layer1.0.conv2,-5.055909156799316,4.219723701477051,9.275632858276367,0.036375030875205994,139,0.7907604575157166,1.4074387550354004,3.666368246078491,4.636509338867164,11.730016049888295,43,3,
resnet18_no_weights,CIFAR10,PTQ,layer1.1.conv1,-4.983292102813721,3.6435205936431885,8.62681269645691,0.033830638974905014,147,0.6615585088729858,1.325615406036377,3.3899998664855957,5.124263116592231,13.040135650516122,43,3,
resnet18_no_weights,CIFAR10,PTQ,layer1.1.conv2,-4.112923622131348,3.0338993072509766,7.146822929382324,0.028026755899190903,147,0.6740151643753052,1.1170275211334229,2.8391594886779785,4.212308029166355,10.603356285026889,43,3,
resnet18_no_weights,CIFAR10,PTQ,layer2.0.conv1,-2.089714288711548,2.0637571811676025,4.15347146987915,0.01628812402486801,128,0.49404484033584595,0.7998863458633423,1.7267379760742188,3.495103753943473,8.4070738742169,43,3,
resnet18_no_weights,CIFAR10,PTQ,layer2.0.conv2,-2.5791499614715576,3.134150981903076,5.713300943374634,0.022405100986361504,115,0.613105297088623,1.0175095796585083,3.02958083152771,4.941371157473119,9.318629231397406,43,3,
resnet18_no_weights,CIFAR10,PTQ,layer2.0.downsample.0,-2.3921070098876953,4.91558313369751,7.307690143585205,0.02865760773420334,83,0.6281571388244629,1.15823495388031,4.243320941925049,6.755190189935636,11.633538316958175,43,3,
resnet18_no_weights,CIFAR10,PTQ,layer2.1.conv1,-2.148871421813965,2.2549848556518555,4.40385627746582,0.017270024865865707,124,0.46423184871673584,0.7988767027854919,2.122448444366455,4.571957848720386,9.48632949169534,43,3,
resnet18_no_weights,CIFAR10,PTQ,layer2.1.conv2,-2.857996940612793,4.271207809448242,7.129204750061035,0.02795766480267048,102,0.46150505542755127,0.8041871190071106,3.8141119480133057,8.264507404972639,15.447728396943212,43,3,
resnet18_no_weights,CIFAR10,PTQ,layer3.0.conv1,-1.7662436962127686,2.0620040893554688,3.8282477855682373,0.015012736432254314,118,0.4816129207611084,0.7943299412727356,1.8029404878616333,3.743546757450752,7.948806231191502,43,3,
resnet18_no_weights,CIFAR10,PTQ,layer3.0.conv2,-2.221353054046631,3.029755115509033,5.251108169555664,0.0205925814807415,108,0.5561137199401855,0.9248315095901489,2.224034309387207,3.9992437331458386,9.442507856343596,43,3,
resnet18_no_weights,CIFAR10,PTQ,layer3.0.downsample.0,-1.4591569900512695,1.8843601942062378,3.3435171842575073,0.013111832551658154,111,0.354481041431427,0.6177197098731995,1.4026726484298706,3.956975083253394,9.432146697482263,43,3,
resnet18_no_weights,CIFAR10,PTQ,layer3.1.conv1,-2.061915636062622,2.1325125694274902,4.194428205490112,0.016448739916086197,125,0.3749985098838806,0.6735919117927551,2.0514285564422607,5.470497888318254,11.185186327244152,43,3,
resnet18_no_weights,CIFAR10,PTQ,layer3.1.conv2,-1.9749188423156738,2.3099498748779297,4.2848687171936035,0.016803406178951263,118,0.39772313833236694,0.7431414127349854,3.276017904281616,8.236930639785742,10.773496194261773,43,3,
resnet18_no_weights,CIFAR10,PTQ,layer4.0.conv1,-1.5108805894851685,1.9338736534118652,3.4447542428970337,0.013508839532732964,112,0.3679875135421753,0.6504908800125122,1.7568495273590088,4.774209620451306,9.361062851667189,43,3,
resnet18_no_weights,CIFAR10,PTQ,layer4.0.conv2,-1.9911167621612549,2.9393489360809326,4.9304656982421875,0.01933516003191471,103,0.42510977387428284,0.8106393218040466,2.2990550994873047,5.408144532962917,11.598100070266245,43,3,
resnet18_no_weights,CIFAR10,PTQ,layer4.0.downsample.0,-1.730907917022705,1.9465829133987427,3.6774908304214478,0.014421531930565834,120,0.397616446018219,0.7098470330238342,1.7676751613616943,4.445679194267278,9.248839848674024,43,3,
resnet18_no_weights,CIFAR10,PTQ,layer4.1.conv1,-1.4418481588363647,2.135125160217285,3.57697331905365,0.014027346856892109,103,0.399865984916687,0.7748362421989441,2.663551092147827,6.661109453215392,8.94543035411957,43,3,
resnet18_no_weights,CIFAR10,PTQ,layer4.1.conv2,-1.6483802795410156,3.47411847114563,5.1224987506866455,0.020088229328393936,82,0.9887217879295349,1.788797378540039,4.747028350830078,4.801177043716967,5.18093038226009,43,3,
resnet18_no_weights,CIFAR10,PTQ,fc,-5.745562553405762,16.031757354736328,21.77731990814209,0.0854012593626976,67,12.308059692382812,16.315088272094727,16.81865692138672,1.3664750855730263,1.7693544272960908,43,3,
resnet18_no_weights,CIFAR10,PTQ,conv1,-3.6338045597076416,4.784788131713867,8.418592691421509,0.03301408886909485,110,0.9696835279464722,1.5645824670791626,3.8221254348754883,3.9416214927046536,8.68179405836646,44,3,
resnet18_no_weights,CIFAR10,PTQ,layer1.0.conv1,-5.668947696685791,3.96222186088562,9.631169557571411,0.037769291549921036,150,0.718734860420227,1.1770515441894531,2.950409412384033,4.10500391014706,13.400170338113693,44,3,
resnet18_no_weights,CIFAR10,PTQ,layer1.0.conv2,-5.055909156799316,4.219723701477051,9.275632858276367,0.036375030875205994,139,0.8074992299079895,1.429054617881775,3.6923351287841797,4.572555603805223,11.486862791600778,44,3,
resnet18_no_weights,CIFAR10,PTQ,layer1.1.conv1,-4.983292102813721,3.6435205936431885,8.62681269645691,0.033830638974905014,147,0.6845270395278931,1.3527461290359497,3.673652172088623,5.3667013280034634,12.602588646325321,44,3,
resnet18_no_weights,CIFAR10,PTQ,layer1.1.conv2,-4.112923622131348,3.0338993072509766,7.146822929382324,0.028026755899190903,147,0.6792657971382141,1.1299463510513306,2.7080776691436768,3.9867717181594653,10.52139377470837,44,3,
resnet18_no_weights,CIFAR10,PTQ,layer2.0.conv1,-2.089714288711548,2.0637571811676025,4.15347146987915,0.01628812402486801,128,0.5051770806312561,0.8119208216667175,1.8841242790222168,3.7296313535599523,8.221812962474626,44,3,
resnet18_no_weights,CIFAR10,PTQ,layer2.0.conv2,-2.5791499614715576,3.134150981903076,5.713300943374634,0.022405100986361504,115,0.6290417909622192,1.0467853546142578,2.8953299522399902,4.6027624775313,9.08254590626679,44,3,
resnet18_no_weights,CIFAR10,PTQ,layer2.0.downsample.0,-2.3921070098876953,4.91558313369751,7.307690143585205,0.02865760773420334,83,0.6367731094360352,1.164610505104065,4.539729118347168,7.129272657835421,11.476128679581551,44,3,
resnet18_no_weights,CIFAR10,PTQ,layer2.1.conv1,-2.148871421813965,2.2549848556518555,4.40385627746582,0.017270024865865707,124,0.46784132719039917,0.8094277381896973,2.253936290740967,4.817736612275969,9.413140784105133,44,3,
resnet18_no_weights,CIFAR10,PTQ,layer2.1.conv2,-2.857996940612793,4.271207809448242,7.129204750061035,0.02795766480267048,102,0.4683067798614502,0.813361406326294,3.5090537071228027,7.493066207926705,15.22336437702275,44,3,
resnet18_no_weights,CIFAR10,PTQ,layer3.0.conv1,-1.7662436962127686,2.0620040893554688,3.8282477855682373,0.015012736432254314,118,0.48929449915885925,0.7980803847312927,1.952340006828308,3.9901123151487585,7.82401558192323,44,3,
resnet18_no_weights,CIFAR10,PTQ,layer3.0.conv2,-2.221353054046631,3.029755115509033,5.251108169555664,0.0205925814807415,108,0.5697143077850342,0.9338866472244263,2.3655664920806885,4.152197794149957,9.217090211357345,44,3,
resnet18_no_weights,CIFAR10,PTQ,layer3.0.downsample.0,-1.4591569900512695,1.8843601942062378,3.3435171842575073,0.013111832551658154,111,0.3618134558200836,0.6184862852096558,1.8742530345916748,5.18016398904653,9.240997344001805,44,3,
resnet18_no_weights,CIFAR10,PTQ,layer3.1.conv1,-2.061915636062622,2.1325125694274902,4.194428205490112,0.016448739916086197,125,0.38132065534591675,0.6721712350845337,1.7373400926589966,4.556113256133373,10.999740367290405,44,3,
resnet18_no_weights,CIFAR10,PTQ,layer3.1.conv2,-1.9749188423156738,2.3099498748779297,4.2848687171936035,0.016803406178951263,118,0.3891420364379883,0.6769510507583618,1.6909338235855103,4.345286978151919,11.011066181426068,44,3,
resnet18_no_weights,CIFAR10,PTQ,layer4.0.conv1,-1.5108805894851685,1.9338736534118652,3.4447542428970337,0.013508839532732964,112,0.3629632890224457,0.6237335801124573,1.7837272882461548,4.914346277416086,9.490640919015945,44,3,
resnet18_no_weights,CIFAR10,PTQ,layer4.0.conv2,-1.9911167621612549,2.9393489360809326,4.9304656982421875,0.01933516003191471,103,0.3990216851234436,0.7133234143257141,1.9928820133209229,4.994420322555636,12.356385334588698,44,3,
resnet18_no_weights,CIFAR10,PTQ,layer4.0.downsample.0,-1.730907917022705,1.9465829133987427,3.6774908304214478,0.014421531930565834,120,0.40039053559303284,0.6937984824180603,1.6962841749191284,4.236574104846661,9.1847596371742,44,3,
resnet18_no_weights,CIFAR10,PTQ,layer4.1.conv1,-1.4418481588363647,2.135125160217285,3.57697331905365,0.014027346856892109,103,0.36564990878105164,0.686207115650177,1.7705605030059814,4.842228756212215,9.782508440869089,44,3,
resnet18_no_weights,CIFAR10,PTQ,layer4.1.conv2,-1.6483802795410156,3.47411847114563,5.1224987506866455,0.020088229328393936,82,0.9065268635749817,1.5327107906341553,3.113988161087036,3.435075435940976,5.65068610375819,44,3,
resnet18_no_weights,CIFAR10,PTQ,fc,-5.745562553405762,16.031757354736328,21.77731990814209,0.0854012593626976,67,12.629297256469727,13.604154586791992,13.655121803283691,1.0812257820828832,1.724349301936497,44,3,
resnet18_no_weights,CIFAR10,PTQ,conv1,-3.6338045597076416,4.784788131713867,8.418592691421509,0.03301408886909485,110,0.9610230525334676,1.5312472581863403,3.4963847001393638,3.6361553478390367,8.760516790447364,aggregate,3,0.3379134339813592
resnet18_no_weights,CIFAR10,PTQ,fc,-5.745562553405762,16.031757354736328,21.77731990814209,0.0854012593626976,67,12.34315013885498,15.286334037780762,15.98696231842041,1.297953797358311,1.7648863455411241,aggregate,3,0.19187422115787048
resnet18_no_weights,CIFAR10,PTQ,layer1.0.conv1,-5.668947696685791,3.96222186088562,9.631169557571411,0.037769291549921036,150,0.7141583363215128,1.1859569152196248,2.9890984694163003,4.185049485403786,13.48642789556662,aggregate,3,0.30644383867814395
resnet18_no_weights,CIFAR10,PTQ,layer1.0.conv2,-5.055909156799316,4.219723701477051,9.275632858276367,0.036375030875205994,139,0.8048861424128214,1.4318360090255737,3.7948718865712485,4.713457095544785,11.526174694694474,aggregate,3,0.19135370739560276
resnet18_no_weights,CIFAR10,PTQ,layer1.1.conv1,-4.983292102813721,3.6435205936431885,8.62681269645691,0.033830638974905014,147,0.6781399051348368,1.3450706005096436,3.5055654048919678,5.16916247942155,12.725202972956792,aggregate,3,0.17935490248716862
resnet18_no_weights,CIFAR10,PTQ,layer1.1.conv2,-4.112923622131348,3.0338993072509766,7.146822929382324,0.028026755899190903,147,0.677569846312205,1.1316566467285156,2.709787448247274,3.9998387599698697,10.547874358591791,aggregate,3,0.20624643781298835
resnet18_no_weights,CIFAR10,PTQ,layer2.0.conv1,-2.089714288711548,2.0637571811676025,4.15347146987915,0.01628812402486801,128,0.49912415941556293,0.8068513671557108,1.7726025183995564,3.5504333931214145,8.322223427415116,aggregate,3,0.15892866168317668
resnet18_no_weights,CIFAR10,PTQ,layer2.0.conv2,-2.5791499614715576,3.134150981903076,5.713300943374634,0.022405100986361504,115,0.6185250480969747,1.0242966016133626,2.827357053756714,4.570924352171355,9.238300437278694,aggregate,3,0.38734846535271983
resnet18_no_weights,CIFAR10,PTQ,layer2.0.downsample.0,-2.3921070098876953,4.91558313369751,7.307690143585205,0.02865760773420334,83,0.6314015785853068,1.1591647466023762,4.273391405741374,6.7666615303152025,11.574182879497698,aggregate,3,0.3570137053144949
resnet18_no_weights,CIFAR10,PTQ,layer2.1.conv1,-2.148871421813965,2.2549848556518555,4.40385627746582,0.017270024865865707,124,0.4649157027403514,0.7987480560938517,2.177317221959432,4.682875877444903,9.472580717096738,aggregate,3,0.12462640183968318
resnet18_no_weights,CIFAR10,PTQ,layer2.1.conv2,-2.857996940612793,4.271207809448242,7.129204750061035,0.02795766480267048,102,0.4644785126050313,0.8035778403282166,3.851867914199829,8.29553698098792,15.349409608213392,aggregate,3,0.8184268471023524
resnet18_no_weights,CIFAR10,PTQ,layer3.0.conv1,-1.7662436962127686,2.0620040893554688,3.8282477855682373,0.015012736432254314,118,0.48294153809547424,0.7905093828837076,1.803034782409668,3.731380360283607,7.927698680662112,aggregate,3,0.26502468075840174
resnet18_no_weights,CIFAR10,PTQ,layer3.0.conv2,-2.221353054046631,3.029755115509033,5.251108169555664,0.0205925814807415,108,0.5601211190223694,0.9208893577257792,2.190816124280294,3.9090445274489953,9.376327472785475,aggregate,3,0.29864969334440916
resnet18_no_weights,CIFAR10,PTQ,layer3.0.downsample.0,-1.4591569900512695,1.8843601942062378,3.3435171842575073,0.013111832551658154,111,0.356562207142512,0.6153071920077006,1.8046091000239055,5.061322570231018,9.378118094080758,aggregate,3,1.049983063007261
resnet18_no_weights,CIFAR10,PTQ,layer3.1.conv1,-2.061915636062622,2.1325125694274902,4.194428205490112,0.016448739916086197,125,0.37603018681208294,0.6655933459599813,1.8556116819381714,4.936432874312624,11.15573487336281,aggregate,3,0.47618593946832055
resnet18_no_weights,CIFAR10,PTQ,layer3.1.conv2,-1.9749188423156738,2.3099498748779297,4.2848687171936035,0.016803406178951263,118,0.3902431130409241,0.695897658665975,2.3573532501856485,6.022069886795405,10.982341084687299,aggregate,3,2.000841928343264
resnet18_no_weights,CIFAR10,PTQ,layer4.0.conv1,-1.5108805894851685,1.9338736534118652,3.4447542428970337,0.013508839532732964,112,0.3630228141943614,0.6274705330530802,1.6507820288340251,4.543583354319433,9.490253823720776,aggregate,3,0.525510502603919
resnet18_no_weights,CIFAR10,PTQ,layer4.0.conv2,-1.9911167621612549,2.9393489360809326,4.9304656982421875,0.01933516003191471,103,0.40611883997917175,0.7434712847073873,2.0285265843073526,4.984119469014881,12.153737877957807,aggregate,3,0.429268194164374
resnet18_no_weights,CIFAR10,PTQ,layer4.0.downsample.0,-1.730907917022705,1.9465829133987427,3.6774908304214478,0.014421531930565834,120,0.39641765753428143,0.6922184030214945,1.8891193469365437,4.771333661794216,9.277677794819247,aggregate,3,0.7524396685048547
resnet18_no_weights,CIFAR10,PTQ,layer4.1.conv1,-1.4418481588363647,2.135125160217285,3.57697331905365,0.014027346856892109,103,0.3781112531820933,0.716213583946228,2.197746515274048,5.785841008971398,9.475473495155915,aggregate,3,0.9113643094857629
resnet18_no_weights,CIFAR10,PTQ,layer4.1.conv2,-1.6483802795410156,3.47411847114563,5.1224987506866455,0.020088229328393936,82,0.9348849058151245,1.6334587335586548,3.7265754540761313,3.9618560658232167,5.488137458714515,aggregate,3,0.7347240996070589
resnet18_no_weights,CIFAR10,QAT,conv1,-3.875082015991211,4.925522327423096,8.800604343414307,0.034512173384428024,112,0.9335867762565613,1.4857594966888428,3.6968328952789307,3.959817115343325,9.426659167884134,42,3,
resnet18_no_weights,CIFAR10,QAT,layer1.0.conv1,-4.899887561798096,3.893275260925293,8.793162822723389,0.03448299318552017,142,0.6965655088424683,1.1645320653915405,3.088867425918579,4.434424884246087,12.623597796760858,42,3,
resnet18_no_weights,CIFAR10,QAT,layer1.0.conv2,-5.336009502410889,4.227354526519775,9.563364028930664,0.03750338777899742,142,0.7949927449226379,1.4097771644592285,3.816699981689453,4.800924292788184,12.02949849543758,42,3,
resnet18_no_weights,CIFAR10,QAT,layer1.1.conv1,-5.10771369934082,4.155684947967529,9.26339864730835,0.0363270565867424,141,0.6825929284095764,1.3379653692245483,3.555891513824463,5.209388151895444,13.570897473098388,42,3,
resnet18_no_weights,CIFAR10,QAT,layer1.1.conv2,-4.28796911239624,2.919454574584961,7.207423686981201,0.028264407068490982,152,0.6680608987808228,1.121200680732727,2.3641936779022217,3.53888946683866,10.788572868333386,42,3,
resnet18_no_weights,CIFAR10,QAT,layer2.0.conv1,-2.066523790359497,2.285728931427002,4.352252721786499,0.01706765778362751,121,0.5110553503036499,0.8326271176338196,1.8481234312057495,3.6162881967827243,8.516206158883874,42,3,
resnet18_no_weights,CIFAR10,QAT,layer2.0.conv2,-2.6365630626678467,3.15761661529541,5.794179677963257,0.0227222740650177,116,0.637897253036499,1.033638834953308,2.824894905090332,4.428448142147271,9.083249144563611,42,3,
resnet18_no_weights,CIFAR10,QAT,layer2.0.downsample.0,-2.432910680770874,5.255498886108398,7.6884095668792725,0.030150625854730606,81,0.6270159482955933,1.1299564838409424,4.318328380584717,6.887110913722617,12.261904322814347,42,3,
resnet18_no_weights,CIFAR10,QAT,layer2.1.conv1,-2.464460849761963,2.3227124214172363,4.787173271179199,0.01877322793006897,131,0.47014281153678894,0.7907543778419495,2.214897632598877,4.71111666125211,10.182381084443318,42,3,
resnet18_no_weights,CIFAR10,QAT,layer2.1.conv2,-3.072511911392212,4.2278876304626465,7.300399541854858,0.028629017993807793,107,0.47438889741897583,0.7984803318977356,4.250912666320801,8.960818200950506,15.389060708575593,42,3,
resnet18_no_weights,CIFAR10,QAT,layer3.0.conv1,-1.8534657955169678,2.229480028152466,4.082945823669434,0.01601155288517475,116,0.49581074714660645,0.806511640548706,1.8987654447555542,3.8296173604202,8.234887700935909,42,3,
resnet18_no_weights,CIFAR10,QAT,layer3.0.conv2,-2.2041921615600586,2.7604377269744873,4.964629888534546,0.019469138234853745,113,0.5708670020103455,0.9456114172935486,2.102942943572998,3.6837703636177026,8.696648906052157,42,3,
resnet18_no_weights,CIFAR10,QAT,layer3.0.downsample.0,-1.622721791267395,2.0416901111602783,3.6644119024276733,0.014370243065059185,113,0.36409133672714233,0.6316677331924438,2.2011919021606445,6.045713479335719,10.06454022050478,42,3,
resnet18_no_weights,CIFAR10,QAT,layer3.1.conv1,-2.0638198852539062,2.3378453254699707,4.401665210723877,0.017261432483792305,120,0.3889418840408325,0.6846137046813965,1.8512282371520996,4.759652567934162,11.317025476900746,42,3,
resnet18_no_weights,CIFAR10,QAT,layer3.1.conv2,-2.116673231124878,2.8651058673858643,4.981779098510742,0.019536389037966728,108,0.4138724207878113,0.7396329045295715,2.4311935901641846,5.874258510717814,12.03699219442519,42,3,
resnet18_no_weights,CIFAR10,QAT,layer4.0.conv1,-1.6333496570587158,2.2599117755889893,3.893261432647705,0.01526769157499075,107,0.395034521818161,0.6759501695632935,1.6614012718200684,4.205711602554145,9.855496716410569,42,3,
resnet18_no_weights,CIFAR10,QAT,layer4.0.conv2,-2.220700263977051,2.8133530616760254,5.034053325653076,0.01974138617515564,112,0.46013665199279785,0.8324313759803772,1.9954643249511719,4.336677628937077,10.940344143095713,42,3,
resnet18_no_weights,CIFAR10,QAT,layer4.0.downsample.0,-1.6326534748077393,2.5875322818756104,4.22018575668335,0.016549747437238693,99,0.4267936944961548,0.7565000057220459,2.2729897499084473,5.325734140922098,9.888116462604795,42,3,
resnet18_no_weights,CIFAR10,QAT,layer4.1.conv1,-1.7486515045166016,2.7283220291137695,4.476973533630371,0.01755675859749317,100,0.4624401032924652,0.8666272163391113,2.3431437015533447,5.066912849622493,9.681196552278594,42,3,
resnet18_no_weights,CIFAR10,QAT,layer4.1.conv2,-2.44282865524292,4.93294095993042,7.37576961517334,0.02892458625137806,84,1.1832669973373413,2.08396315574646,3.9214928150177,3.314123375233214,6.233394180494124,42,3,
resnet18_no_weights,CIFAR10,QAT,fc,-6.585628032684326,20.570087432861328,27.155715465545654,0.10649300366640091,62,13.737480163574219,19.158714294433594,20.81218719482422,1.5149930661963047,1.9767610320232323,42,3,
resnet18_no_weights,CIFAR10,QAT,conv1,-3.875082015991211,4.925522327423096,8.800604343414307,0.034512173384428024,112,0.9217624068260193,1.5309613943099976,3.3054332733154297,3.5859927122622643,9.547584364736847,43,3,
resnet18_no_weights,CIFAR10,QAT,layer1.0.conv1,-4.899887561798096,3.893275260925293,8.793162822723389,0.03448299318552017,142,0.6881141066551208,1.137041687965393,2.6604318618774414,3.86626554541896,12.778640544758481,43,3,
resnet18_no_weights,CIFAR10,QAT,layer1.0.conv2,-5.336009502410889,4.227354526519775,9.563364028930664,0.03750338777899742,142,0.7688608169555664,1.3614187240600586,3.4717352390289307,4.515427451194418,12.438355314812908,43,3,
resnet18_no_weights,CIFAR10,QAT,layer1.1.conv1,-5.10771369934082,4.155684947967529,9.26339864730835,0.0363270565867424,141,0.6575355529785156,1.304248571395874,3.747030019760132,5.698596832957202,14.088057452326114,43,3,
resnet18_no_weights,CIFAR10,QAT,layer1.1.conv2,-4.28796911239624,2.919454574584961,7.207423686981201,0.028264407068490982,152,0.6573218703269958,1.0939257144927979,2.870218276977539,4.3665339714768665,10.964831709305134,43,3,
resnet18_no_weights,CIFAR10,QAT,layer2.0.conv1,-2.066523790359497,2.285728931427002,4.352252721786499,0.01706765778362751,121,0.5055221915245056,0.8223186135292053,1.8385400772094727,3.636912697472249,8.609419714417266,43,3,
resnet18_no_weights,CIFAR10,QAT,layer2.0.conv2,-2.6365630626678467,3.15761661529541,5.794179677963257,0.0227222740650177,116,0.634468674659729,1.0338294506072998,2.944674253463745,4.641165704584232,9.13233372958992,43,3,
resnet18_no_weights,CIFAR10,QAT,layer2.0.downsample.0,-2.432910680770874,5.255498886108398,7.6884095668792725,0.030150625854730606,81,0.6254650354385376,1.1350698471069336,4.596499919891357,7.34893184983326,12.29230913201828,43,3,
resnet18_no_weights,CIFAR10,QAT,layer2.1.conv1,-2.464460849761963,2.3227124214172363,4.787173271179199,0.01877322793006897,131,0.4676530659198761,0.7877545952796936,2.0281851291656494,4.336943937652153,10.236591225512022,43,3,
resnet18_no_weights,CIFAR10,QAT,layer2.1.conv2,-3.072511911392212,4.2278876304626465,7.300399541854858,0.028629017993807793,107,0.46815645694732666,0.7981389164924622,3.755988359451294,8.022934007879952,15.593931117511518,43,3,
resnet18_no_weights,CIFAR10,QAT,layer3.0.conv1,-1.8534657955169678,2.229480028152466,4.082945823669434,0.01601155288517475,116,0.4961129128932953,0.8126049041748047,1.8760889768600464,3.7815765889237363,8.22987210685161,43,3,
resnet18_no_weights,CIFAR10,QAT,layer3.0.conv2,-2.2041921615600586,2.7604377269744873,4.964629888534546,0.019469138234853745,113,0.5679695010185242,0.9593055248260498,2.271401882171631,3.9991617122017784,8.741014930610906,43,3,
resnet18_no_weights,CIFAR10,QAT,layer3.0.downsample.0,-1.622721791267395,2.0416901111602783,3.6644119024276733,0.014370243065059185,113,0.3621061146259308,0.6312057971954346,1.4275312423706055,3.94230084693626,10.119718376512775,43,3,
resnet18_no_weights,CIFAR10,QAT,layer3.1.conv1,-2.0638198852539062,2.3378453254699707,4.401665210723877,0.017261432483792305,120,0.3922424912452698,0.714677631855011,2.1613497734069824,5.510238746815136,11.221795978170833,43,3,
resnet18_no_weights,CIFAR10,QAT,layer3.1.conv2,-2.116673231124878,2.8651058673858643,4.981779098510742,0.019536389037966728,108,0.4335700273513794,0.839235246181488,4.034519672393799,9.305347274672407,11.49013719639191,43,3,
resnet18_no_weights,CIFAR10,QAT,layer4.0.conv1,-1.6333496570587158,2.2599117755889893,3.893261432647705,0.01526769157499075,107,0.4078194499015808,0.7404234409332275,1.976905107498169,4.847500794715054,9.546532009660812,43,3,
resnet18_no_weights,CIFAR10,QAT,layer4.0.conv2,-2.220700263977051,2.8133530616760254,5.034053325653076,0.01974138617515564,112,0.4934352934360504,0.9512624740600586,2.72710919380188,5.526781788979015,10.202053628143025,43,3,
resnet18_no_weights,CIFAR10,QAT,layer4.0.downsample.0,-1.6326534748077393,2.5875322818756104,4.22018575668335,0.016549747437238693,99,0.4389146566390991,0.8168731927871704,2.1204137802124023,4.8310389004756535,9.615048604206054,43,3,
resnet18_no_weights,CIFAR10,QAT,layer4.1.conv1,-1.7486515045166016,2.7283220291137695,4.476973533630371,0.01755675859749317,100,0.5045885443687439,0.9783691763877869,3.3105530738830566,6.560896220949016,8.872523135124293,43,3,
resnet18_no_weights,CIFAR10,QAT,layer4.1.conv2,-2.44282865524292,4.93294095993042,7.37576961517334,0.02892458625137806,84,1.2686463594436646,2.304661750793457,5.996382236480713,4.726598702502317,5.813889394998786,43,3,
resnet18_no_weights,CIFAR10,QAT,fc,-6.585628032684326,20.570087432861328,27.155715465545654,0.10649300366640091,62,15.916220664978027,19.784162521362305,20.26611328125,1.2732993408318003,1.706166057706083,43,3,
resnet18_no_weights,CIFAR10,QAT,conv1,-3.875082015991211,4.925522327423096,8.800604343414307,0.034512173384428024,112,0.9409788250923157,1.5644879341125488,3.9328575134277344,4.179538804225374,9.352606146637694,44,3,
resnet18_no_weights,CIFAR10,QAT,layer1.0.conv1,-4.899887561798096,3.893275260925293,8.793162822723389,0.03448299318552017,142,0.6983603239059448,1.1394685506820679,2.8356881141662598,4.060494299427254,12.591154625656614,44,3,
resnet18_no_weights,CIFAR10,QAT,layer1.0.conv2,-5.336009502410889,4.227354526519775,9.563364028930664,0.03750338777899742,142,0.7846563458442688,1.3806967735290527,3.567237138748169,4.546241367499449,12.187964934688377,44,3,
resnet18_no_weights,CIFAR10,QAT,layer1.1.conv1,-5.10771369934082,4.155684947967529,9.26339864730835,0.0363270565867424,141,0.6778473258018494,1.328441858291626,3.9470603466033936,5.8229341569420185,13.665907195769122,44,3,
resnet18_no_weights,CIFAR10,QAT,layer1.1.conv2,-4.28796911239624,2.919454574584961,7.207423686981201,0.028264407068490982,152,0.6647371649742126,1.1005885601043701,2.632777690887451,3.960629598601705,10.842516511410643,44,3,
resnet18_no_weights,CIFAR10,QAT,layer2.0.conv1,-2.066523790359497,2.285728931427002,4.352252721786499,0.01706765778362751,121,0.518125057220459,0.8360550999641418,2.091172695159912,4.036038531659223,8.400004325470487,44,3,
resnet18_no_weights,CIFAR10,QAT,layer2.0.conv2,-2.6365630626678467,3.15761661529541,5.794179677963257,0.0227222740650177,116,0.6515257358551025,1.0678218603134155,2.8071327209472656,4.3085523202901745,8.893247586541793,44,3,
resnet18_no_weights,CIFAR10,QAT,layer2.0.downsample.0,-2.432910680770874,5.255498886108398,7.6884095668792725,0.030150625854730606,81,0.6345144510269165,1.1477701663970947,4.602872848510742,7.2541655135849465,12.116996790910164,44,3,
resnet18_no_weights,CIFAR10,QAT,layer2.1.conv1,-2.464460849761963,2.3227124214172363,4.787173271179199,0.01877322793006897,131,0.4733197093009949,0.7951255440711975,2.01357364654541,4.254151278676064,10.114037461590103,44,3,
resnet18_no_weights,CIFAR10,QAT,layer2.1.conv2,-3.072511911392212,4.2278876304626465,7.300399541854858,0.028629017993807793,107,0.47875165939331055,0.8211808800697327,3.600743293762207,7.521108748375274,15.248823473752882,44,3,
resnet18_no_weights,CIFAR10,QAT,layer3.0.conv1,-1.8534657955169678,2.229480028152466,4.082945823669434,0.01601155288517475,116,0.5022069215774536,0.8162791728973389,1.9583362340927124,3.8994608595626157,8.13000707127796,44,3,
resnet18_no_weights,CIFAR10,QAT,layer3.0.conv2,-2.2041921615600586,2.7604377269744873,4.964629888534546,0.019469138234853745,113,0.5795168876647949,0.9553123116493225,2.3895211219787598,4.123298514401379,8.566842475531438,44,3,
resnet18_no_weights,CIFAR10,QAT,layer3.0.downsample.0,-1.622721791267395,2.0416901111602783,3.6644119024276733,0.014370243065059185,113,0.370246559381485,0.6451681852340698,1.8960840702056885,5.121138933399381,9.89722067518805,44,3,
resnet18_no_weights,CIFAR10,QAT,layer3.1.conv1,-2.0638198852539062,2.3378453254699707,4.401665210723877,0.017261432483792305,120,0.39499351382255554,0.7016719579696655,1.9239070415496826,4.870730718920025,11.143639216063821,44,3,
resnet18_no_weights,CIFAR10,QAT,layer3.1.conv2,-2.116673231124878,2.8651058673858643,4.981779098510742,0.019536389037966728,108,0.41321927309036255,0.7431920170783997,2.0937204360961914,5.066850876624861,12.056018252133486,44,3,
resnet18_no_weights,CIFAR10,QAT,layer4.0.conv1,-1.6333496570587158,2.2599117755889893,3.893261432647705,0.01526769157499075,107,0.39376217126846313,0.6862101554870605,1.820936918258667,4.624458749789782,9.887342453710003,44,3,
resnet18_no_weights,CIFAR10,QAT,layer4.0.conv2,-2.220700263977051,2.8133530616760254,5.034053325653076,0.01974138617515564,112,0.4580431878566742,0.8412707448005676,2.186194896697998,4.772901234330938,10.990346454466378,44,3,
resnet18_no_weights,CIFAR10,QAT,layer4.0.downsample.0,-1.6326534748077393,2.5875322818756104,4.22018575668335,0.016549747437238693,99,0.4323948621749878,0.7624228596687317,2.4649505615234375,5.700693456727258,9.760027525432214,44,3,
resnet18_no_weights,CIFAR10,QAT,layer4.1.conv1,-1.7486515045166016,2.7283220291137695,4.476973533630371,0.01755675859749317,100,0.45528602600097656,0.8614005446434021,1.8545924425125122,4.073466648652499,9.833320765308901,44,3,
resnet18_no_weights,CIFAR10,QAT,layer4.1.conv2,-2.44282865524292,4.93294095993042,7.37576961517334,0.02892458625137806,84,1.135911226272583,1.992309331893921,3.5306735038757324,3.108230134727519,6.493262364680061,44,3,
resnet18_no_weights,CIFAR10,QAT,fc,-6.585628032684326,20.570087432861328,27.155715465545654,0.10649300366640091,62,14.238936424255371,17.007389068603516,17.60846710205078,1.2366420199794959,1.9071449338931765,44,3,
resnet18_no_weights,CIFAR10,QAT,conv1,-3.875082015991211,4.925522327423096,8.800604343414307,0.034512173384428024,112,0.9321093360582987,1.5270696083704631,3.6450412273406982,3.9084495439436546,9.442283226419558,aggregate,3,0.3000886725033041
resnet18_no_weights,CIFAR10,QAT,fc,-6.585628032684326,20.570087432861328,27.155715465545654,0.10649300366640091,62,14.630879084269205,18.650088628133137,19.562255859375,1.3416448090025337,1.8633573412074973,aggregate,3,0.15123873014907774
resnet18_no_weights,CIFAR10,QAT,layer1.0.conv1,-4.899887561798096,3.893275260925293,8.793162822723389,0.03448299318552017,142,0.6943466464678446,1.1470141013463337,2.8616624673207602,4.120394909697434,12.664464322391984,aggregate,3,0.28877728599592883
resnet18_no_weights,CIFAR10,QAT,layer1.0.conv2,-5.336009502410889,4.227354526519775,9.563364028930664,0.03750338777899742,142,0.7828366359074911,1.38396422068278,3.6185574531555176,4.620864370494017,12.218606248312955,aggregate,3,0.15669574363060895
resnet18_no_weights,CIFAR10,QAT,layer1.1.conv1,-5.10771369934082,4.155684947967529,9.26339864730835,0.0363270565867424,141,0.6726586023966471,1.3235519329706829,3.7499939600626626,5.576973047264889,13.774954040397875,aggregate,3,0.3243515592867562
resnet18_no_weights,CIFAR10,QAT,layer1.1.conv2,-4.28796911239624,2.919454574584961,7.207423686981201,0.028264407068490982,152,0.6633733113606771,1.1052383184432983,2.622396548589071,3.955351012305744,10.865307029683054,aggregate,3,0.4138475010428582
resnet18_no_weights,CIFAR10,QAT,layer2.0.conv1,-2.066523790359497,2.285728931427002,4.352252721786499,0.01706765778362751,121,0.5115675330162048,0.8303336103757223,1.9259454011917114,3.7630798086380652,8.508543399590542,aggregate,3,0.2366140123960937
resnet18_no_weights,CIFAR10,QAT,layer2.0.conv2,-2.6365630626678467,3.15761661529541,5.794179677963257,0.0227222740650177,116,0.6412972211837769,1.045096715291341,2.8589006265004477,4.4593887223405595,9.036276820231775,aggregate,3,0.16845149295838704
resnet18_no_weights,CIFAR10,QAT,layer2.0.downsample.0,-2.432910680770874,5.255498886108398,7.6884095668792725,0.030150625854730606,81,0.6289984782536825,1.1375988324483235,4.5059003829956055,7.163402759046941,12.223736748580931,aggregate,3,0.24392222626489415
resnet18_no_weights,CIFAR10,QAT,layer2.1.conv1,-2.464460849761963,2.3227124214172363,4.787173271179199,0.01877322793006897,131,0.4703718622525533,0.7912115057309469,2.085552136103312,4.434070625860109,10.17766992384848,aggregate,3,0.24347389057125216
resnet18_no_weights,CIFAR10,QAT,layer2.1.conv2,-3.072511911392212,4.2278876304626465,7.300399541854858,0.028629017993807793,107,0.47376567125320435,0.8059333761533102,3.8692147731781006,8.168286985735243,15.410605099946665,aggregate,3,0.7307779711288301
resnet18_no_weights,CIFAR10,QAT,layer3.0.conv1,-1.8534657955169678,2.229480028152466,4.082945823669434,0.01601155288517475,116,0.4980435272057851,0.8117985725402832,1.911063551902771,3.836884936302184,8.19825562635516,aggregate,3,0.059277217886937274
resnet18_no_weights,CIFAR10,QAT,layer3.0.conv2,-2.2041921615600586,2.7604377269744873,4.964629888534546,0.019469138234853745,113,0.5727844635645548,0.953409751256307,2.254621982574463,3.935410196740287,8.6681687707315,aggregate,3,0.22659311689801442
resnet18_no_weights,CIFAR10,QAT,layer3.0.downsample.0,-1.622721791267395,2.0416901111602783,3.6644119024276733,0.014370243065059185,113,0.36548133691151935,0.636013905207316,1.8416024049123128,5.036384419890453,10.027159757401868,aggregate,3,1.054264516715092
resnet18_no_weights,CIFAR10,QAT,layer3.1.conv1,-2.0638198852539062,2.3378453254699707,4.401665210723877,0.017261432483792305,120,0.3920592963695526,0.700321098168691,1.9788283507029216,5.046874011223108,11.227486890378467,aggregate,3,0.4051107842915471
resnet18_no_weights,CIFAR10,QAT,layer3.1.conv2,-2.116673231124878,2.8651058673858643,4.981779098510742,0.019536389037966728,108,0.4202205737431844,0.7740200559298197,2.853144566218058,6.748818887338361,11.861049214316862,aggregate,3,2.250523232124367
resnet18_no_weights,CIFAR10,QAT,layer4.0.conv1,-1.6333496570587158,2.2599117755889893,3.893261432647705,0.01526769157499075,107,0.398872047662735,0.7008612553278605,1.819747765858968,4.559223715686327,9.763123726593795,aggregate,3,0.32582978539338164
resnet18_no_weights,CIFAR10,QAT,layer4.0.conv2,-2.220700263977051,2.8133530616760254,5.034053325653076,0.01974138617515564,112,0.4705383777618408,0.8749881982803345,2.30292280515035,4.878786884082343,10.710914741901705,aggregate,3,0.6020762460475746
resnet18_no_weights,CIFAR10,QAT,layer4.0.downsample.0,-1.6326534748077393,2.5875322818756104,4.22018575668335,0.016549747437238693,99,0.4327010711034139,0.778598686059316,2.2861180305480957,5.28582216604167,9.754397530747688,aggregate,3,0.43619890658555727
resnet18_no_weights,CIFAR10,QAT,layer4.1.conv1,-1.7486515045166016,2.7283220291137695,4.476973533630371,0.01755675859749317,100,0.4741048912207286,0.9021323124567667,2.5027630726496377,5.233758573074669,9.462346817570596,aggregate,3,1.2520801056080713
resnet18_no_weights,CIFAR10,QAT,layer4.1.conv2,-2.44282865524292,4.93294095993042,7.37576961517334,0.02892458625137806,84,1.1959415276845295,2.126978079477946,4.482849518458049,3.71631740415435,6.180181980057657,aggregate,3,0.8809649442317351
resnet50_no_weights,CIFAR10,PTQ,conv1,-4.129914283752441,6.346264362335205,10.476178646087646,0.04108305647969246,101,1.3083406686782837,2.0356550216674805,4.356001853942871,3.329409501841295,8.007225409167267,42,3,
resnet50_no_weights,CIFAR10,PTQ,layer1.0.conv1,-1.6446564197540283,3.922759532928467,5.567415952682495,0.02183300442993641,75,0.5685288310050964,1.1558078527450562,3.5137245655059814,6.18038061375727,9.79267127550931,42,3,
resnet50_no_weights,CIFAR10,PTQ,layer1.0.conv2,-4.314816474914551,5.028055667877197,9.342872142791748,0.036638714373111725,118,0.674965500831604,1.2697843313217163,5.451564788818359,8.076805084262315,13.841999526317545,42,3,
resnet50_no_weights,CIFAR10,PTQ,layer1.0.conv3,-3.969074249267578,3.157248020172119,7.126322269439697,0.027946362271904945,142,0.5621753931045532,1.1586995124816895,2.7281534671783447,4.8528510864063445,12.676332612292665,42,3,
resnet50_no_weights,CIFAR10,PTQ,layer1.0.downsample.0,-4.229605674743652,4.078453540802002,8.308059215545654,0.032580625265836716,130,0.7079561948776245,1.1538946628570557,3.5915610790252686,5.073140266321275,11.735272995219377,42,3,
resnet50_no_weights,CIFAR10,PTQ,layer1.1.conv1,-4.465834617614746,2.63987398147583,7.105708599090576,0.027865523472428322,160,0.5074641108512878,0.7824985980987549,1.9305140972137451,3.8042376907703757,14.002386468612558,42,3,
resnet50_no_weights,CIFAR10,PTQ,layer1.1.conv2,-1.6478463411331177,3.4764697551727295,5.124316096305847,0.020095357671380043,82,0.4917486906051636,0.8895336985588074,1.8915222883224487,3.8465222672879382,10.420599371601133,42,3,
resnet50_no_weights,CIFAR10,PTQ,layer1.1.conv3,-6.74623966217041,4.373737812042236,11.119977474212646,0.04360775649547577,155,0.3339283764362335,0.7279073596000671,3.391798496246338,10.157263460040303,33.30048674775053,42,3,
resnet50_no_weights,CIFAR10,PTQ,layer1.2.conv1,-2.571638822555542,2.5384724140167236,5.110111236572266,0.020039651542901993,128,0.6196832656860352,1.0717341899871826,2.3740181922912598,3.831018721577137,8.246327631447326,42,3,
resnet50_no_weights,CIFAR10,PTQ,layer1.2.conv2,-2.502774477005005,2.9622864723205566,5.4650609493255615,0.021431611850857735,117,0.6216098666191101,1.1257376670837402,3.568854808807373,5.741309783607698,8.791786042666315,42,3,
resnet50_no_weights,CIFAR10,PTQ,layer1.2.conv3,-4.87325382232666,7.127985000610352,12.001238822937012,0.0470636822283268,104,0.28229454159736633,0.699959933757782,4.3706254959106445,15.482500905541492,42.51318057737811,42,3,
resnet50_no_weights,CIFAR10,PTQ,layer2.0.conv1,-2.5183446407318115,2.955221176147461,5.4735658168792725,0.021464964374899864,117,0.6773392558097839,1.3251590728759766,3.024801015853882,4.465710483940018,8.080981236404826,42,3,
resnet50_no_weights,CIFAR10,PTQ,layer2.0.conv2,-3.4626734256744385,3.1966981887817383,6.659371614456177,0.026115182787179947,133,0.616883397102356,1.1938294172286987,3.099475622177124,5.024410831505724,10.795186976561189,42,3,
resnet50_no_weights,CIFAR10,PTQ,layer2.0.conv3,-10.075788497924805,11.57698917388916,21.652777671813965,0.08491285890340805,119,0.5916721820831299,1.1318280696868896,7.139951705932617,12.067411519660485,36.59590281155343,42,3,
resnet50_no_weights,CIFAR10,PTQ,layer2.0.downsample.0,-2.4615488052368164,3.496164321899414,5.9577131271362305,0.02336358092725277,105,0.5630606412887573,0.9331921339035034,2.911261558532715,5.170422766310383,10.580944023187204,42,3,
resnet50_no_weights,CIFAR10,PTQ,layer2.1.conv1,-3.304333448410034,5.246185302734375,8.55051875114441,0.033531446009874344,99,0.5078120231628418,0.9698021411895752,2.70113468170166,5.319162521749663,16.83796042852354,42,3,
resnet50_no_weights,CIFAR10,PTQ,layer2.1.conv2,-5.011257648468018,10.468344688415527,15.479602336883545,0.06070432439446449,83,0.4971383810043335,1.605137825012207,5.58696985244751,11.238258935390483,31.137411490159337,42,3,
resnet50_no_weights,CIFAR10,PTQ,layer2.1.conv3,-42.703941345214844,43.509254455566406,86.21319580078125,0.3380909562110901,126,0.5496585965156555,2.275938034057617,26.446697235107422,48.11477051892913,156.8486263060305,42,3,
resnet50_no_weights,CIFAR10,PTQ,layer2.2.conv1,-9.040843963623047,9.03685474395752,18.077698707580566,0.07089293003082275,128,0.44347554445266724,1.4778227806091309,4.940659999847412,11.140772161281456,40.763687950125565,42,3,
resnet50_no_weights,CIFAR10,PTQ,layer2.2.conv2,-9.940485000610352,15.290626525878906,25.231111526489258,0.09894553571939468,100,0.386386513710022,3.149034023284912,7.585638999938965,19.63225612380428,65.30018681093222,42,3,
resnet50_no_weights,CIFAR10,PTQ,layer2.2.conv3,-42.623756408691406,38.54410934448242,81.16786575317383,0.3183053433895111,134,0.16890312731266022,2.2718825340270996,22.794189453125,134.9542179342256,480.5586909170855,42,3,
resnet50_no_weights,CIFAR10,PTQ,layer2.3.conv1,-11.200364112854004,13.416670799255371,24.617034912109375,0.09653738886117935,116,0.5606307983398438,2.133479595184326,7.517428398132324,13.408875182014889,43.909530095396214,42,3,
resnet50_no_weights,CIFAR10,PTQ,layer2.3.conv2,-18.29684829711914,19.528587341308594,37.825435638427734,0.1483350396156311,123,0.4973263740539551,5.357170104980469,12.249227523803711,24.63015871037394,76.05757026335394,42,3,
resnet50_no_weights,CIFAR10,PTQ,layer2.3.conv3,-31.194107055664062,21.6603946685791,52.854501724243164,0.20727254450321198,150,0.11125126481056213,2.8997764587402344,13.121278762817383,117.94273786603868,475.09124336018505,42,3,
resnet50_no_weights,CIFAR10,PTQ,layer3.0.conv1,-16.343652725219727,10.817795753479004,27.16144847869873,0.10651548951864243,153,0.4940364956855774,1.9835693836212158,6.371304512023926,12.896424793845298,54.97862752225749,42,3,
resnet50_no_weights,CIFAR10,PTQ,layer3.0.conv2,-20.18657112121582,19.514982223510742,39.70155334472656,0.15569236874580383,130,0.49396491050720215,2.8383169174194336,11.330825805664062,22.93852369802866,80.37322591185898,42,3,
resnet50_no_weights,CIFAR10,PTQ,layer3.0.conv3,-20.9580020904541,31.62518310546875,52.58318519592285,0.20620855689048767,102,0.1952236443758011,1.2899357080459595,19.262672424316406,98.66977171697604,269.348445799431,42,3,
resnet50_no_weights,CIFAR10,PTQ,layer3.0.downsample.0,-18.07193374633789,15.606222152709961,33.67815589904785,0.13207119703292847,137,0.43021366000175476,2.9388391971588135,9.037114143371582,21.00610692681102,78.28239554018458,42,3,
resnet50_no_weights,CIFAR10,PTQ,layer3.1.conv1,-26.877540588378906,28.762094497680664,55.63963508605957,0.2181946337223053,123,0.409656822681427,3.987168073654175,16.960538864135742,41.40182202537182,135.82011089640312,42,3,
resnet50_no_weights,CIFAR10,PTQ,layer3.1.conv2,-29.28882598876953,28.912206649780273,58.201032638549805,0.22823935747146606,128,0.3938004672527313,8.368972778320312,20.497699737548828,52.05097871149532,147.7932036103904,42,3,
resnet50_no_weights,CIFAR10,PTQ,layer3.1.conv3,-51.725738525390625,47.840179443359375,99.56591796875,0.39045459032058716,132,0.09628848731517792,3.6580710411071777,30.352275848388672,315.22227313674136,1034.0376170086065,42,3,
resnet50_no_weights,CIFAR10,PTQ,layer3.2.conv1,-39.264041900634766,36.81121826171875,76.07526016235352,0.2983343303203583,132,0.366327702999115,4.367328643798828,25.040597915649414,68.35573097705338,207.66996200267525,42,3,
resnet50_no_weights,CIFAR10,PTQ,layer3.2.conv2,-39.593116760253906,36.93125915527344,76.52437591552734,0.3000955879688263,132,0.3449751138687134,8.315309524536133,29.156787872314453,84.5185252505217,221.82578638020277,42,3,
resnet50_no_weights,CIFAR10,PTQ,layer3.2.conv3,-72.50521850585938,52.89249801635742,125.3977165222168,0.49175575375556946,147,0.07385165244340897,2.973994255065918,32.75965881347656,443.5873501758086,1697.9676469433984,42,3,
resnet50_no_weights,CIFAR10,PTQ,layer3.3.conv1,-52.10789489746094,41.44572067260742,93.55361557006836,0.3668769299983978,142,0.3524971008300781,3.8585526943206787,27.59773063659668,78.29207835073859,265.40251068665117,42,3,
resnet50_no_weights,CIFAR10,PTQ,layer3.3.conv2,-30.944995880126953,41.5314826965332,72.47647857666016,0.28422147035598755,109,0.34663429856300354,7.711868762969971,28.778783798217773,83.0234743576219,209.0862874133241,42,3,
resnet50_no_weights,CIFAR10,PTQ,layer3.3.conv3,-36.499977111816406,31.290647506713867,67.79062461853027,0.2658455967903137,137,0.08215777575969696,2.698716163635254,20.78369903564453,252.9730003455146,825.1273113431268,42,3,
resnet50_no_weights,CIFAR10,PTQ,layer3.4.conv1,-48.78162384033203,42.412010192871094,91.19363403320312,0.35762208700180054,136,0.26418042182922363,6.066589832305908,29.096633911132812,110.13925146179831,345.19452047871357,42,3,
resnet50_no_weights,CIFAR10,PTQ,layer3.4.conv2,-42.26999282836914,49.074974060058594,91.34496688842773,0.3582155704498291,118,0.258507639169693,11.773015022277832,39.222618103027344,151.727114250888,353.35500019195126,42,3,
resnet50_no_weights,CIFAR10,PTQ,layer3.4.conv3,-29.101869583129883,27.984045028686523,57.085914611816406,0.2238663285970688,130,0.044776953756809235,4.3867411613464355,19.651485443115234,438.87499694252494,1274.8950033952533,42,3,
resnet50_no_weights,CIFAR10,PTQ,layer3.5.conv1,-52.00236892700195,48.78786849975586,100.79023742675781,0.39525583386421204,132,0.23446226119995117,10.025906562805176,34.63853454589844,147.73607645265537,429.8782964513131,42,3,
resnet50_no_weights,CIFAR10,PTQ,layer3.5.conv2,-61.12300491333008,73.40970611572266,134.53271102905273,0.5275792479515076,116,0.22746311128139496,24.61642837524414,54.446590423583984,239.36448471518543,591.4484782660961,42,3,
resnet50_no_weights,CIFAR10,PTQ,layer3.5.conv3,-46.99320983886719,45.30756759643555,92.30077743530273,0.36196383833885193,130,0.01648685336112976,10.248640060424805,36.38030242919922,2206.624977630435,5598.447163539146,42,3,
resnet50_no_weights,CIFAR10,PTQ,layer4.0.conv1,-64.69898223876953,58.931182861328125,123.63016510009766,0.48482418060302734,133,0.2615475654602051,14.175524711608887,44.473350524902344,170.03924485647352,472.68711862243737,42,3,
resnet50_no_weights,CIFAR10,PTQ,layer4.0.conv2,-86.23670196533203,84.69078826904297,170.927490234375,0.6703038811683655,129,0.24979007244110107,36.275142669677734,69.16378784179688,276.8876567666846,684.2845616880095,42,3,
resnet50_no_weights,CIFAR10,PTQ,layer4.0.conv3,-173.0734100341797,204.38475036621094,377.4581604003906,1.480228066444397,117,0.02094699814915657,19.627338409423828,131.70162963867188,6287.37486397185,18019.677937269927,42,3,
resnet50_no_weights,CIFAR10,PTQ,layer4.0.downsample.0,-81.84884643554688,82.09917449951172,163.9480209350586,0.6429334282875061,127,0.2583370804786682,22.639047622680664,61.35989761352539,237.51873908241404,634.6282950604002,42,3,
resnet50_no_weights,CIFAR10,PTQ,layer4.1.conv1,-54.29488754272461,71.11144256591797,125.40633010864258,0.4917895197868347,110,0.16585016250610352,7.3173418045043945,49.643775939941406,299.32907625649415,756.1423408555747,42,3,
resnet50_no_weights,CIFAR10,PTQ,layer4.1.conv2,-28.255952835083008,37.39591979980469,65.6518726348877,0.25745832920074463,110,0.227594792842865,5.5872087478637695,27.780799865722656,122.06254597794316,288.45946699762493,42,3,
resnet50_no_weights,CIFAR10,PTQ,layer4.1.conv3,-22.94931983947754,21.629844665527344,44.57916450500488,0.17482024431228638,131,0.04123356193304062,0.24639567732810974,15.604391098022461,378.4390764824661,1081.1378502152495,42,3,
resnet50_no_weights,CIFAR10,PTQ,layer4.2.conv1,-104.3327407836914,157.138671875,261.4714126586914,1.0253781080245972,102,0.24549007415771484,6.844503879547119,111.23711395263672,453.12265407998757,1065.0997338927414,42,3,
resnet50_no_weights,CIFAR10,PTQ,layer4.2.conv2,-77.68695831298828,121.63396453857422,199.3209228515625,0.7816506624221802,99,0.22281289100646973,4.308050155639648,84.2112808227539,377.94617915670193,894.5663868513554,42,3,
resnet50_no_weights,CIFAR10,PTQ,layer4.2.conv3,-67.93933868408203,25.90550994873047,93.8448486328125,0.3680190145969391,185,0.0,0.036639872938394547,17.880260467529297,inf,inf,42,3,
resnet50_no_weights,CIFAR10,PTQ,fc,-28.772472381591797,65.03076171875,93.8032341003418,0.36785584688186646,78,2.8222951889038086,11.722516059875488,19.192319869995117,6.800252484379388,33.23650710568492,42,3,
resnet50_no_weights,CIFAR10,PTQ,conv1,-4.129914283752441,6.346264362335205,10.476178646087646,0.04108305647969246,101,1.2130792140960693,1.902280569076538,4.35815954208374,3.5926421716254033,8.636021889051996,43,3,
resnet50_no_weights,CIFAR10,PTQ,layer1.0.conv1,-1.6446564197540283,3.922759532928467,5.567415952682495,0.02183300442993641,75,0.5377243161201477,0.9010990262031555,3.2879278659820557,6.114523311323362,10.353662249929807,43,3,
resnet50_no_weights,CIFAR10,PTQ,layer1.0.conv2,-4.314816474914551,5.028055667877197,9.342872142791748,0.036638714373111725,118,0.6130852699279785,1.0527092218399048,4.132629871368408,6.740709774113288,15.239107186328733,43,3,
resnet50_no_weights,CIFAR10,PTQ,layer1.0.conv3,-3.969074249267578,3.157248020172119,7.126322269439697,0.027946362271904945,142,0.548149585723877,1.141238808631897,2.5340826511383057,4.62297649608152,13.00068896344927,43,3,
resnet50_no_weights,CIFAR10,PTQ,layer1.0.downsample.0,-4.229605674743652,4.078453540802002,8.308059215545654,0.032580625265836716,130,0.6727837920188904,1.0852086544036865,2.6560683250427246,3.9478779907470596,12.348780268048403,43,3,
resnet50_no_weights,CIFAR10,PTQ,layer1.1.conv1,-4.465834617614746,2.63987398147583,7.105708599090576,0.027865523472428322,160,0.4873863756656647,0.763206422328949,1.9305140972137451,3.960952118485215,14.579210568587829,43,3,
resnet50_no_weights,CIFAR10,PTQ,layer1.1.conv2,-1.6478463411331177,3.4764697551727295,5.124316096305847,0.020095357671380043,82,0.4819674491882324,0.8744670748710632,2.008427619934082,4.167143700921782,10.632079209781956,43,3,
resnet50_no_weights,CIFAR10,PTQ,layer1.1.conv3,-6.74623966217041,4.373737812042236,11.119977474212646,0.04360775649547577,155,0.33620479702949524,0.7367774248123169,3.3967437744140625,10.103198420800839,33.075011339701646,43,3,
resnet50_no_weights,CIFAR10,PTQ,layer1.2.conv1,-2.571638822555542,2.5384724140167236,5.110111236572266,0.020039651542901993,128,0.5981367230415344,1.0346465110778809,2.2724647521972656,3.799239646483746,8.543383209422874,43,3,
resnet50_no_weights,CIFAR10,PTQ,layer1.2.conv2,-2.502774477005005,2.9622864723205566,5.4650609493255615,0.021431611850857735,117,0.593602180480957,1.096943736076355,2.4168879985809326,4.071561860879093,9.20660524679606,43,3,
resnet50_no_weights,CIFAR10,PTQ,layer1.2.conv3,-4.87325382232666,7.127985000610352,12.001238822937012,0.0470636822283268,104,0.270071804523468,0.6667241454124451,4.443292140960693,16.45226220042008,44.43721492553718,43,3,
resnet50_no_weights,CIFAR10,PTQ,layer2.0.conv1,-2.5183446407318115,2.955221176147461,5.4735658168792725,0.021464964374899864,117,0.6531067490577698,1.2860841751098633,2.656132698059082,4.066919690986285,8.380813434826585,43,3,
resnet50_no_weights,CIFAR10,PTQ,layer2.0.conv2,-3.4626734256744385,3.1966981887817383,6.659371614456177,0.026115182787179947,133,0.5913160443305969,1.1590421199798584,2.995837688446045,5.066389990884658,11.261949812295319,43,3,
resnet50_no_weights,CIFAR10,PTQ,layer2.0.conv3,-10.075788497924805,11.57698917388916,21.652777671813965,0.08491285890340805,119,0.5844292044639587,1.0926551818847656,7.3085784912109375,12.505498416894483,37.049445007927,43,3,
resnet50_no_weights,CIFAR10,PTQ,layer2.0.downsample.0,-2.4615488052368164,3.496164321899414,5.9577131271362305,0.02336358092725277,105,0.5377232432365417,0.8942320346832275,2.3637609481811523,4.395869023540323,11.079515721278693,43,3,
resnet50_no_weights,CIFAR10,PTQ,layer2.1.conv1,-3.304333448410034,5.246185302734375,8.55051875114441,0.033531446009874344,99,0.47993749380111694,0.8918426036834717,2.7524986267089844,5.73511897332531,17.81590074037368,43,3,
resnet50_no_weights,CIFAR10,PTQ,layer2.1.conv2,-5.011257648468018,10.468344688415527,15.479602336883545,0.06070432439446449,83,0.46023067831993103,1.0768258571624756,5.71284818649292,12.41301037850765,33.634442609066674,43,3,
resnet50_no_weights,CIFAR10,PTQ,layer2.1.conv3,-42.703941345214844,43.509254455566406,86.21319580078125,0.3380909562110901,126,0.474963903427124,1.5610020160675049,26.761127471923828,56.34349742965239,181.51525869377852,43,3,
resnet50_no_weights,CIFAR10,PTQ,layer2.2.conv1,-9.040843963623047,9.03685474395752,18.077698707580566,0.07089293003082275,128,0.41435348987579346,0.9697694182395935,5.002646446228027,12.073378331452258,43.62868697690838,43,3,
resnet50_no_weights,CIFAR10,PTQ,layer2.2.conv2,-9.940485000610352,15.290626525878906,25.231111526489258,0.09894553571939468,100,0.365098774433136,1.590235710144043,7.242528915405273,19.837176738405258,69.1076313955419,43,3,
resnet50_no_weights,CIFAR10,PTQ,layer2.2.conv3,-42.623756408691406,38.54410934448242,81.16786575317383,0.3183053433895111,134,0.16001349687576294,1.0903335809707642,21.592540740966797,134.94199653502724,507.2563711059566,43,3,
resnet50_no_weights,CIFAR10,PTQ,layer2.3.conv1,-11.200364112854004,13.416670799255371,24.617034912109375,0.09653738886117935,116,0.5067367553710938,1.1975257396697998,7.185237884521484,14.17942907902859,48.57953296496484,43,3,
resnet50_no_weights,CIFAR10,PTQ,layer2.3.conv2,-18.29684829711914,19.528587341308594,37.825435638427734,0.1483350396156311,123,0.4417368769645691,2.1255011558532715,10.768738746643066,24.378174674121237,85.62888364301458,43,3,
resnet50_no_weights,CIFAR10,PTQ,layer2.3.conv3,-31.194107055664062,21.6603946685791,52.854501724243164,0.20727254450321198,150,0.09676545113325119,1.0218315124511719,11.460041999816895,118.43113286410255,546.2125283894941,43,3,
resnet50_no_weights,CIFAR10,PTQ,layer3.0.conv1,-16.343652725219727,10.817795753479004,27.16144847869873,0.10651548951864243,153,0.46897047758102417,1.0079021453857422,5.595503330230713,11.931461782184309,57.91718194884888,43,3,
resnet50_no_weights,CIFAR10,PTQ,layer3.0.conv2,-20.18657112121582,19.514982223510742,39.70155334472656,0.15569236874580383,130,0.4661851227283478,1.018551230430603,8.674603462219238,18.607636836309005,85.16263477558716,43,3,
resnet50_no_weights,CIFAR10,PTQ,layer3.0.conv3,-20.9580020904541,31.62518310546875,52.58318519592285,0.20620855689048767,102,0.1836683303117752,0.43058669567108154,15.042558670043945,81.90066651397848,286.2942408561313,43,3,
resnet50_no_weights,CIFAR10,PTQ,layer3.0.downsample.0,-18.07193374633789,15.606222152709961,33.67815589904785,0.13207119703292847,137,0.4071922302246094,1.1114081144332886,8.255002975463867,20.272987455851904,82.70824784763404,43,3,
resnet50_no_weights,CIFAR10,PTQ,layer3.1.conv1,-26.877540588378906,28.762094497680664,55.63963508605957,0.2181946337223053,123,0.3900124430656433,0.9827333092689514,13.81105899810791,35.411841964702035,142.66117934266734,43,3,
resnet50_no_weights,CIFAR10,PTQ,layer3.1.conv2,-29.28882598876953,28.912206649780273,58.201032638549805,0.22823935747146606,128,0.37259015440940857,2.3383536338806152,11.180891990661621,30.00855459636183,156.20657698484834,43,3,
resnet50_no_weights,CIFAR10,PTQ,layer3.1.conv3,-51.725738525390625,47.840179443359375,99.56591796875,0.39045459032058716,132,0.09450535476207733,0.8993610143661499,18.86897850036621,199.6604165750179,1053.5478991578088,43,3,
resnet50_no_weights,CIFAR10,PTQ,layer3.2.conv1,-39.264041900634766,36.81121826171875,76.07526016235352,0.2983343303203583,132,0.3506922721862793,1.0206953287124634,16.98069190979004,48.4204907166312,216.92881821457465,43,3,
resnet50_no_weights,CIFAR10,PTQ,layer3.2.conv2,-39.593116760253906,36.93125915527344,76.52437591552734,0.3000955879688263,132,0.33273038268089294,2.141328811645508,13.84150505065918,41.59976296464023,229.98914405997755,43,3,
resnet50_no_weights,CIFAR10,PTQ,layer3.2.conv3,-72.50521850585938,52.89249801635742,125.3977165222168,0.49175575375556946,147,0.07267940044403076,0.7209328413009644,15.699923515319824,216.01613964069617,1725.3543061184657,43,3,
resnet50_no_weights,CIFAR10,PTQ,layer3.3.conv1,-52.10789489746094,41.44572067260742,93.55361557006836,0.3668769299983978,142,0.3431059420108795,0.9560935497283936,13.482067108154297,39.294181351504534,272.6668475100378,43,3,
resnet50_no_weights,CIFAR10,PTQ,layer3.3.conv2,-30.944995880126953,41.5314826965332,72.47647857666016,0.28422147035598755,109,0.32979515194892883,1.9739148616790771,11.477765083312988,34.802710153514944,219.7621103535314,43,3,
resnet50_no_weights,CIFAR10,PTQ,layer3.3.conv3,-36.499977111816406,31.290647506713867,67.79062461853027,0.2658455967903137,137,0.08104752749204636,0.6073015332221985,8.664314270019531,106.90411587040467,836.4305083234395,43,3,
resnet50_no_weights,CIFAR10,PTQ,layer3.4.conv1,-48.78162384033203,42.412010192871094,91.19363403320312,0.35762208700180054,136,0.2553088665008545,1.3917315006256104,14.134116172790527,55.36085121721858,357.1894516749888,43,3,
resnet50_no_weights,CIFAR10,PTQ,layer3.4.conv2,-42.26999282836914,49.074974060058594,91.34496688842773,0.3582155704498291,118,0.2515748143196106,2.8636207580566406,14.430732727050781,57.36159546049553,363.0926535133182,43,3,
resnet50_no_weights,CIFAR10,PTQ,layer3.4.conv3,-29.101869583129883,27.984045028686523,57.085914611816406,0.2238663285970688,130,0.04477694630622864,0.9655030369758606,7.172706127166748,160.187478576872,1274.8952155291472,43,3,
resnet50_no_weights,CIFAR10,PTQ,layer3.5.conv1,-52.00236892700195,48.78786849975586,100.79023742675781,0.39525583386421204,132,0.2203349620103836,2.2025794982910156,14.25408935546875,64.69281690663783,457.44096400828084,43,3,
resnet50_no_weights,CIFAR10,PTQ,layer3.5.conv2,-61.12300491333008,73.40970611572266,134.53271102905273,0.5275792479515076,116,0.21494941413402557,6.171072483062744,17.074975967407227,79.43718309816194,625.880798843065,43,3,
resnet50_no_weights,CIFAR10,PTQ,layer3.5.conv3,-46.99320983886719,45.30756759643555,92.30077743530273,0.36196383833885193,130,0.01648685336112976,2.509608268737793,10.310463905334473,625.3748777582351,5598.447163539146,43,3,
resnet50_no_weights,CIFAR10,PTQ,layer4.0.conv1,-64.69898223876953,58.931182861328125,123.63016510009766,0.48482418060302734,133,0.24833384156227112,3.235137701034546,14.850217819213867,59.79941245941742,497.8385721508548,43,3,
resnet50_no_weights,CIFAR10,PTQ,layer4.0.conv2,-86.23670196533203,84.69078826904297,170.927490234375,0.6703038811683655,129,0.23937579989433289,8.747930526733398,16.16823387145996,67.54331005305076,714.0550143741646,43,3,
resnet50_no_weights,CIFAR10,PTQ,layer4.0.conv3,-173.0734100341797,204.38475036621094,377.4581604003906,1.480228066444397,117,0.02094699814915657,4.673471927642822,32.405006408691406,1547.0000129825853,18019.677937269927,43,3,
resnet50_no_weights,CIFAR10,PTQ,layer4.0.downsample.0,-81.84884643554688,82.09917449951172,163.9480209350586,0.6429334282875061,127,0.2534136176109314,5.388965129852295,15.321046829223633,60.4586563802826,646.9582119567455,43,3,
resnet50_no_weights,CIFAR10,PTQ,layer4.1.conv1,-54.29488754272461,71.11144256591797,125.40633010864258,0.4917895197868347,110,0.1631685495376587,1.6051561832427979,11.591845512390137,71.04215576614402,768.569252248573,43,3,
resnet50_no_weights,CIFAR10,PTQ,layer4.1.conv2,-28.255952835083008,37.39591979980469,65.6518726348877,0.25745832920074463,110,0.227594792842865,1.2433803081512451,6.497452735900879,28.548336518343906,288.45946699762493,43,3,
resnet50_no_weights,CIFAR10,PTQ,layer4.1.conv3,-22.94931983947754,21.629844665527344,44.57916450500488,0.17482024431228638,131,0.04123356193304062,0.10056965053081512,3.375117540359497,81.85364984573408,1081.1378502152495,43,3,
resnet50_no_weights,CIFAR10,PTQ,layer4.2.conv1,-104.3327407836914,157.138671875,261.4714126586914,1.0253781080245972,102,0.2387988567352295,1.6440224647521973,24.13694190979004,101.07645505418857,1094.9441560710666,43,3,
resnet50_no_weights,CIFAR10,PTQ,layer4.2.conv2,-77.68695831298828,121.63396453857422,199.3209228515625,0.7816506624221802,99,0.22281289100646973,1.1931136846542358,19.203868865966797,86.18832051961115,894.5663868513554,43,3,
resnet50_no_weights,CIFAR10,PTQ,layer4.2.conv3,-67.93933868408203,25.90550994873047,93.8448486328125,0.3680190145969391,185,0.0,0.01526661403477192,4.262439727783203,inf,inf,43,3,
resnet50_no_weights,CIFAR10,PTQ,fc,-28.772472381591797,65.03076171875,93.8032341003418,0.36785584688186646,78,2.833071708679199,3.497737407684326,4.336651802062988,1.5307243331601974,33.11008112254018,43,3,
resnet50_no_weights,CIFAR10,PTQ,conv1,-4.129914283752441,6.346264362335205,10.476178646087646,0.04108305647969246,101,1.2421621084213257,2.0076067447662354,4.354923248291016,3.505921826761987,8.433825645673503,44,3,
resnet50_no_weights,CIFAR10,PTQ,layer1.0.conv1,-1.6446564197540283,3.922759532928467,5.567415952682495,0.02183300442993641,75,0.5474954843521118,1.041475534439087,4.005277156829834,7.315635053263585,10.168880131076866,44,3,
resnet50_no_weights,CIFAR10,PTQ,layer1.0.conv2,-4.314816474914551,5.028055667877197,9.342872142791748,0.036638714373111725,118,0.6387072801589966,1.205708622932434,5.68720817565918,8.90424824067049,14.627784014714816,44,3,
resnet50_no_weights,CIFAR10,PTQ,layer1.0.conv3,-3.969074249267578,3.157248020172119,7.126322269439697,0.027946362271904945,142,0.5525862574577332,1.1368021965026855,2.7377424240112305,4.9544164138404,12.896307451121844,44,3,
resnet50_no_weights,CIFAR10,PTQ,layer1.0.downsample.0,-4.229605674743652,4.078453540802002,8.308059215545654,0.032580625265836716,130,0.6896443963050842,1.157884120941162,3.7918407917022705,5.498255060169937,12.046874099257298,44,3,
resnet50_no_weights,CIFAR10,PTQ,layer1.1.conv1,-4.465834617614746,2.63987398147583,7.105708599090576,0.027865523472428322,160,0.5000445246696472,0.776093065738678,1.9305140972137451,3.860684403032176,14.210151793552663,44,3,
resnet50_no_weights,CIFAR10,PTQ,layer1.1.conv2,-1.6478463411331177,3.4764697551727295,5.124316096305847,0.020095357671380043,82,0.49612516164779663,0.8930928111076355,1.792251706123352,3.6124991124632504,10.328676093117894,44,3,
resnet50_no_weights,CIFAR10,PTQ,layer1.1.conv3,-6.74623966217041,4.373737812042236,11.119977474212646,0.04360775649547577,155,0.343034029006958,0.768961489200592,3.384183883666992,9.865446566522262,32.4165433569481,44,3,
resnet50_no_weights,CIFAR10,PTQ,layer1.2.conv1,-2.571638822555542,2.5384724140167236,5.110111236572266,0.020039651542901993,128,0.6121960878372192,1.054301142692566,2.3580126762390137,3.851727776584552,8.34718048366723,44,3,
resnet50_no_weights,CIFAR10,PTQ,layer1.2.conv2,-2.502774477005005,2.9622864723205566,5.4650609493255615,0.021431611850857735,117,0.6127020120620728,1.1157252788543701,2.3848705291748047,3.8923824015991544,8.91960666316842,44,3,
resnet50_no_weights,CIFAR10,PTQ,layer1.2.conv3,-4.87325382232666,7.127985000610352,12.001238822937012,0.0470636822283268,104,0.2832154333591461,0.7059036493301392,4.380589008331299,15.467338613486731,42.37494645187014,44,3,
resnet50_no_weights,CIFAR10,PTQ,layer2.0.conv1,-2.5183446407318115,2.955221176147461,5.4735658168792725,0.021464964374899864,117,0.6697105765342712,1.3111549615859985,2.677733898162842,3.9983449447969313,8.173031767252033,44,3,
resnet50_no_weights,CIFAR10,PTQ,layer2.0.conv2,-3.4626734256744385,3.1966981887817383,6.659371614456177,0.026115182787179947,133,0.6120288968086243,1.1827620267868042,2.8604273796081543,4.673680269875531,10.88081240801037,44,3,
resnet50_no_weights,CIFAR10,PTQ,layer2.0.conv3,-10.075788497924805,11.57698917388916,21.652777671813965,0.08491285890340805,119,0.5935083627700806,1.1370306015014648,7.01988410949707,11.82777623677142,36.482683362293315,44,3,
resnet50_no_weights,CIFAR10,PTQ,layer2.0.downsample.0,-2.4615488052368164,3.496164321899414,5.9577131271362305,0.02336358092725277,105,0.548478364944458,0.9154105186462402,3.2632174491882324,5.9495828053649555,10.862257306611433,44,3,
resnet50_no_weights,CIFAR10,PTQ,layer2.1.conv1,-3.304333448410034,5.246185302734375,8.55051875114441,0.033531446009874344,99,0.4941878914833069,0.9514978528022766,2.6713614463806152,5.405558275340404,17.30216158368428,44,3,
resnet50_no_weights,CIFAR10,PTQ,layer2.1.conv2,-5.011257648468018,10.468344688415527,15.479602336883545,0.06070432439446449,83,0.4917635917663574,1.3182158470153809,5.482841968536377,11.149345051842184,31.477731568704833,44,3,
resnet50_no_weights,CIFAR10,PTQ,layer2.1.conv3,-42.703941345214844,43.509254455566406,86.21319580078125,0.3380909562110901,126,0.523337721824646,1.9840354919433594,25.8287410736084,49.35386844188311,164.7372092731901,44,3,
resnet50_no_weights,CIFAR10,PTQ,layer2.2.conv1,-9.040843963623047,9.03685474395752,18.077698707580566,0.07089293003082275,128,0.43564850091934204,1.1918244361877441,4.7981109619140625,11.013720813427994,41.49606545054439,44,3,
resnet50_no_weights,CIFAR10,PTQ,layer2.2.conv2,-9.940485000610352,15.290626525878906,25.231111526489258,0.09894553571939468,100,0.38472282886505127,2.2713263034820557,7.730195045471191,20.09289406681583,65.5825691470457,44,3,
resnet50_no_weights,CIFAR10,PTQ,layer2.2.conv3,-42.623756408691406,38.54410934448242,81.16786575317383,0.3183053433895111,134,0.1669706106185913,1.6298964023590088,23.14629364013672,138.62495653806695,486.1206738866427,44,3,
resnet50_no_weights,CIFAR10,PTQ,layer2.3.conv1,-11.200364112854004,13.416670799255371,24.617034912109375,0.09653738886117935,116,0.5387226343154907,1.5275896787643433,7.64006233215332,14.181810537552225,45.6951933036713,44,3,
resnet50_no_weights,CIFAR10,PTQ,layer2.3.conv2,-18.29684829711914,19.528587341308594,37.825435638427734,0.1483350396156311,123,0.4766576886177063,3.471798896789551,12.336343765258789,25.88092893462777,79.35555544718143,44,3,
resnet50_no_weights,CIFAR10,PTQ,layer2.3.conv3,-31.194107055664062,21.6603946685791,52.854501724243164,0.20727254450321198,150,0.1048775240778923,1.8026187419891357,13.116644859313965,125.06630924631918,503.96404938953594,44,3,
resnet50_no_weights,CIFAR10,PTQ,layer3.0.conv1,-16.343652725219727,10.817795753479004,27.16144847869873,0.10651548951864243,153,0.4840172827243805,1.3307429552078247,6.369079113006592,13.158784490415417,56.11669138303391,44,3,
resnet50_no_weights,CIFAR10,PTQ,layer3.0.conv2,-20.18657112121582,19.514982223510742,39.70155334472656,0.15569236874580383,130,0.48859477043151855,1.5945698022842407,10.658867835998535,21.815353910940974,81.25660720777431,44,3,
resnet50_no_weights,CIFAR10,PTQ,layer3.0.conv3,-20.9580020904541,31.62518310546875,52.58318519592285,0.20620855689048767,102,0.1915746033191681,0.7182527184486389,18.515228271484375,96.64761377914765,274.4788937827941,44,3,
resnet50_no_weights,CIFAR10,PTQ,layer3.0.downsample.0,-18.07193374633789,15.606222152709961,33.67815589904785,0.13207119703292847,137,0.42050305008888245,1.985736608505249,8.756427764892578,20.823696196833097,80.09015842317729,44,3,
resnet50_no_weights,CIFAR10,PTQ,layer3.1.conv1,-26.877540588378906,28.762094497680664,55.63963508605957,0.2181946337223053,123,0.40517914295196533,2.257303476333618,16.35173988342285,40.3568154182146,137.32107403330912,44,3,
resnet50_no_weights,CIFAR10,PTQ,layer3.1.conv2,-29.28882598876953,28.912206649780273,58.201032638549805,0.22823935747146606,128,0.39104121923446655,4.54951810836792,16.347936630249023,41.80617240876306,148.8360555761584,44,3,
resnet50_no_weights,CIFAR10,PTQ,layer3.1.conv3,-51.725738525390625,47.840179443359375,99.56591796875,0.39045459032058716,132,0.09539692103862762,1.8684871196746826,27.065975189208984,283.7195885834677,1043.7015878996167,44,3,
resnet50_no_weights,CIFAR10,PTQ,layer3.2.conv1,-39.264041900634766,36.81121826171875,76.07526016235352,0.2983343303203583,132,0.36266106367111206,1.9794517755508423,23.263723373413086,64.14728710582054,209.76958318123778,44,3,
resnet50_no_weights,CIFAR10,PTQ,layer3.2.conv2,-39.593116760253906,36.93125915527344,76.52437591552734,0.3000955879688263,132,0.335331529378891,3.917372941970825,23.690040588378906,70.64662434891869,228.2051319697483,44,3,
resnet50_no_weights,CIFAR10,PTQ,layer3.2.conv3,-72.50521850585938,52.89249801635742,125.3977165222168,0.49175575375556946,147,0.07150715589523315,1.3000236749649048,29.029563903808594,405.9672565685664,1753.63870863414,44,3,
resnet50_no_weights,CIFAR10,PTQ,layer3.3.conv1,-52.10789489746094,41.44572067260742,93.55361557006836,0.3668769299983978,142,0.3492356240749359,1.6456019878387451,24.84471893310547,71.14027670835353,267.8810783346502,44,3,
resnet50_no_weights,CIFAR10,PTQ,layer3.3.conv2,-30.944995880126953,41.5314826965332,72.47647857666016,0.28422147035598755,109,0.33452409505844116,3.354809522628784,23.31096839904785,69.68397416926108,216.6554805685927,44,3,
resnet50_no_weights,CIFAR10,PTQ,layer3.3.conv3,-36.499977111816406,31.290647506713867,67.79062461853027,0.2658455967903137,137,0.07882705330848694,1.0691614151000977,17.207611083984375,218.29575458875757,859.9918653972009,44,3,
resnet50_no_weights,CIFAR10,PTQ,layer3.4.conv1,-48.78162384033203,42.412010192871094,91.19363403320312,0.35762208700180054,136,0.26149576902389526,2.594911575317383,25.24007225036621,96.52191446378544,348.7384685939983,44,3,
resnet50_no_weights,CIFAR10,PTQ,layer3.4.conv2,-42.26999282836914,49.074974060058594,91.34496688842773,0.3582155704498291,118,0.2526713013648987,4.6738786697387695,30.254106521606445,119.73701151724615,361.5169842993394,44,3,
resnet50_no_weights,CIFAR10,PTQ,layer3.4.conv3,-29.101869583129883,27.984045028686523,57.085914611816406,0.2238663285970688,130,0.043377675116062164,1.6270122528076172,15.024064064025879,346.3547556162749,1316.020613347216,44,3,
resnet50_no_weights,CIFAR10,PTQ,layer3.5.conv1,-52.00236892700195,48.78786849975586,100.79023742675781,0.39525583386421204,132,0.22377820312976837,3.992006301879883,28.184402465820312,125.94793447991114,450.4023895853245,44,3,
resnet50_no_weights,CIFAR10,PTQ,layer3.5.conv2,-61.12300491333008,73.40970611572266,134.53271102905273,0.5275792479515076,116,0.21340544521808624,10.525225639343262,37.0306396484375,173.522468513372,630.4089892906397,44,3,
resnet50_no_weights,CIFAR10,PTQ,layer3.5.conv3,-46.99320983886719,45.30756759643555,92.30077743530273,0.36196383833885193,130,0.01648685336112976,4.068131446838379,23.97394561767578,1454.1249984183137,5598.447163539146,44,3,
resnet50_no_weights,CIFAR10,PTQ,layer4.0.conv1,-64.69898223876953,58.931182861328125,123.63016510009766,0.48482418060302734,133,0.2523701786994934,5.207085132598877,30.222179412841797,119.75337010332142,489.87628307427207,44,3,
resnet50_no_weights,CIFAR10,PTQ,layer4.0.conv2,-86.23670196533203,84.69078826904297,170.927490234375,0.6703038811683655,129,0.233018159866333,14.434794425964355,37.78644943237305,162.1609639954612,733.537207282148,44,3,
resnet50_no_weights,CIFAR10,PTQ,layer4.0.conv3,-173.0734100341797,204.38475036621094,377.4581604003906,1.480228066444397,117,0.02094699814915657,7.501316547393799,81.53618621826172,3892.4998053501413,18019.677937269927,44,3,
resnet50_no_weights,CIFAR10,PTQ,layer4.0.downsample.0,-81.84884643554688,82.09917449951172,163.9480209350586,0.6429334282875061,127,0.24618956446647644,7.835801601409912,34.14704132080078,138.70222888935885,665.9422030757252,44,3,
resnet50_no_weights,CIFAR10,PTQ,layer4.1.conv1,-54.29488754272461,71.11144256591797,125.40633010864258,0.4917895197868347,110,0.16333870589733124,2.418748617172241,26.001976013183594,159.19053521537933,767.7686034041951,44,3,
resnet50_no_weights,CIFAR10,PTQ,layer4.1.conv2,-28.255952835083008,37.39591979980469,65.6518726348877,0.25745832920074463,110,0.227594792842865,1.919960379600525,13.689884185791016,60.15025218631749,288.45946699762493,44,3,
resnet50_no_weights,CIFAR10,PTQ,layer4.1.conv3,-22.94931983947754,21.629844665527344,44.57916450500488,0.17482024431228638,131,0.04123356193304062,0.10056965053081512,7.541718482971191,182.9024253402659,1081.1378502152495,44,3,
resnet50_no_weights,CIFAR10,PTQ,layer4.2.conv1,-104.3327407836914,157.138671875,261.4714126586914,1.0253781080245972,102,0.2394750416278839,2.4120254516601562,54.4384651184082,227.32417018638287,1091.8524572802341,44,3,
resnet50_no_weights,CIFAR10,PTQ,layer4.2.conv2,-77.68695831298828,121.63396453857422,199.3209228515625,0.7816506624221802,99,0.20866228640079498,1.7682844400405884,41.213462829589844,197.51275393593514,955.2321422794641,44,3,
resnet50_no_weights,CIFAR10,PTQ,layer4.2.conv3,-67.93933868408203,25.90550994873047,93.8448486328125,0.3680190145969391,185,0.0,0.003053323132917285,8.766092300415039,inf,inf,44,3,
resnet50_no_weights,CIFAR10,PTQ,fc,-28.772472381591797,65.03076171875,93.8032341003418,0.36785584688186646,78,2.8483808040618896,4.131438732147217,6.123414993286133,2.149788042579816,32.932125496203014,44,3,
resnet50_no_weights,CIFAR10,PTQ,conv1,-4.129914283752441,6.346264362335205,10.476178646087646,0.04108305647969246,101,1.2545273303985596,1.9818474451700847,4.356361548105876,3.475991166742895,8.359024314630922,aggregate,3,0.13414448522880557
resnet50_no_weights,CIFAR10,PTQ,fc,-28.772472381591797,65.03076171875,93.8032341003418,0.36785584688186646,78,2.834582567214966,6.450564066569011,9.88412888844808,3.493588286706467,33.092904574809374,aggregate,3,2.880335233303412
resnet50_no_weights,CIFAR10,PTQ,layer1.0.conv1,-1.6446564197540283,3.922759532928467,5.567415952682495,0.02183300442993641,75,0.5512495438257853,1.0327941377957661,3.6023098627726235,6.536846326114739,10.105071218838662,aggregate,3,0.6752541797142447
resnet50_no_weights,CIFAR10,PTQ,layer1.0.conv2,-4.314816474914551,5.028055667877197,9.342872142791748,0.036638714373111725,118,0.6422526836395264,1.1760673920313518,5.090467611948649,7.907254366348698,14.569630242453698,aggregate,3,1.0916891767013814
resnet50_no_weights,CIFAR10,PTQ,layer1.0.conv3,-3.969074249267578,3.157248020172119,7.126322269439697,0.027946362271904945,142,0.5543037454287211,1.1455801725387573,2.6666595141092935,4.810081332109422,12.857776342287927,aggregate,3,0.16980884453693115
resnet50_no_weights,CIFAR10,PTQ,layer1.0.downsample.0,-4.229605674743652,4.078453540802002,8.308059215545654,0.032580625265836716,130,0.6901281277338663,1.1323291460673015,3.3464900652567544,4.839757772412757,12.043642454175027,aggregate,3,0.8011041166385845
resnet50_no_weights,CIFAR10,PTQ,layer1.1.conv1,-4.465834617614746,2.63987398147583,7.105708599090576,0.027865523472428322,160,0.4982983370621999,0.773932695388794,1.9305140972137451,3.8752914040959223,14.263916276917683,aggregate,3,0.07937176023973888
resnet50_no_weights,CIFAR10,PTQ,layer1.1.conv2,-1.6478463411331177,3.4764697551727295,5.124316096305847,0.020095357671380043,82,0.4899471004803975,0.8856978615125021,1.8974005381266277,3.8753883602243238,10.460451558166994,aggregate,3,0.278446751404362
resnet50_no_weights,CIFAR10,PTQ,layer1.1.conv3,-6.74623966217041,4.373737812042236,11.119977474212646,0.04360775649547577,155,0.33772240082422894,0.7445487578709921,3.390908718109131,10.041969482454467,32.93068048146676,aggregate,3,0.15524500637346636
resnet50_no_weights,CIFAR10,PTQ,layer1.2.conv1,-2.571638822555542,2.5384724140167236,5.110111236572266,0.020039651542901993,128,0.6100053588549296,1.0535606145858765,2.334831873575846,3.8273287148818116,8.37896377484581,aggregate,3,0.026437909569942228
resnet50_no_weights,CIFAR10,PTQ,layer1.2.conv2,-2.502774477005005,2.9622864723205566,5.4650609493255615,0.021431611850857735,117,0.60930468638738,1.112802227338155,2.7902044455210366,4.568418015361982,8.972665984210265,aggregate,3,1.0196973299322132
resnet50_no_weights,CIFAR10,PTQ,layer1.2.conv3,-4.87325382232666,7.127985000610352,12.001238822937012,0.0470636822283268,104,0.27852725982666016,0.6908625761667887,4.398168881734212,15.800700573149435,43.10844731826181,aggregate,3,0.5643198466949102
resnet50_no_weights,CIFAR10,PTQ,layer2.0.conv1,-2.5183446407318115,2.955221176147461,5.4735658168792725,0.021464964374899864,117,0.666718860467275,1.3074660698572795,2.786222537358602,4.1769917065744115,8.211608812827814,aggregate,3,0.25237773922505874
resnet50_no_weights,CIFAR10,PTQ,layer2.0.conv2,-3.4626734256744385,3.1966981887817383,6.659371614456177,0.026115182787179947,133,0.606742779413859,1.178544521331787,2.9852468967437744,4.921493697421971,10.979316398955625,aggregate,3,0.21563669356066592
resnet50_no_weights,CIFAR10,PTQ,layer2.0.conv3,-10.075788497924805,11.57698917388916,21.652777671813965,0.08491285890340805,119,0.5898699164390564,1.12050461769104,7.156138102213542,12.133562057775462,36.70934372725792,aggregate,3,0.343669548588997
resnet50_no_weights,CIFAR10,PTQ,layer2.0.downsample.0,-2.4615488052368164,3.496164321899414,5.9577131271362305,0.02336358092725277,105,0.5497540831565857,0.9142782290776571,2.8460799853006997,5.17195819840522,10.840905683692442,aggregate,3,0.7768580289356215
resnet50_no_weights,CIFAR10,PTQ,layer2.1.conv1,-3.304333448410034,5.246185302734375,8.55051875114441,0.033531446009874344,99,0.49397913614908856,0.9377141992251078,2.70833158493042,5.486613256805126,17.3186742508605,aggregate,3,0.21950484030434414
resnet50_no_weights,CIFAR10,PTQ,layer2.1.conv2,-5.011257648468018,10.468344688415527,15.479602336883545,0.06070432439446449,83,0.48304421703020733,1.3333931763966878,5.594220002492269,11.600204788580106,32.08319522264362,aggregate,3,0.7053127780885636
resnet50_no_weights,CIFAR10,PTQ,layer2.1.conv3,-42.703941345214844,43.509254455566406,86.21319580078125,0.3380909562110901,126,0.5159867405891418,1.940325180689494,26.345521926879883,51.27071213015488,167.70036475766636,aggregate,3,4.4366320488367945
resnet50_no_weights,CIFAR10,PTQ,layer2.2.conv1,-9.040843963623047,9.03685474395752,18.077698707580566,0.07089293003082275,128,0.43115917841593426,1.2131388783454895,4.913805802663167,11.409290435387236,41.96281345919278,aggregate,3,0.5786147781753379
resnet50_no_weights,CIFAR10,PTQ,layer2.2.conv2,-9.940485000610352,15.290626525878906,25.231111526489258,0.09894553571939468,100,0.3787360390027364,2.3368653456370034,7.51945432027181,19.854108976341788,66.66346245117327,aggregate,3,0.23078529880959242
resnet50_no_weights,CIFAR10,PTQ,layer2.2.conv3,-42.623756408691406,38.54410934448242,81.16786575317383,0.3183053433895111,134,0.16529574493567148,1.6640375057856243,22.51100794474284,136.1737236691066,491.31191196989494,aggregate,3,2.1228387301095917
resnet50_no_weights,CIFAR10,PTQ,layer2.3.conv1,-11.200364112854004,13.416670799255371,24.617034912109375,0.09653738886117935,116,0.5353633960088094,1.6195316712061565,7.44757620493571,13.923371599531901,46.06141878801078,aggregate,3,0.4455685587702024
resnet50_no_weights,CIFAR10,PTQ,layer2.3.conv2,-18.29684829711914,19.528587341308594,37.825435638427734,0.1483350396156311,123,0.47190697987874347,3.651490052541097,11.784770011901855,24.96308743970765,80.34733645118331,aggregate,3,0.8047973322392751
resnet50_no_weights,CIFAR10,PTQ,layer2.3.conv3,-31.194107055664062,21.6603946685791,52.854501724243164,0.20727254450321198,150,0.10429808000723521,1.9080755710601807,12.565988540649414,120.48005999215347,508.422607046405,aggregate,3,3.97930824196054
resnet50_no_weights,CIFAR10,PTQ,layer3.0.conv1,-16.343652725219727,10.817795753479004,27.16144847869873,0.10651548951864243,153,0.4823414186636607,1.4407381614049275,6.11196231842041,12.662223688815008,56.33750028471343,aggregate,3,0.6463109744797719
resnet50_no_weights,CIFAR10,PTQ,layer3.0.conv2,-20.18657112121582,19.514982223510742,39.70155334472656,0.15569236874580383,130,0.4829149345556895,1.8171459833780925,10.221432367960611,21.12050481509288,82.26415596507348,aggregate,3,2.247500100501592
resnet50_no_weights,CIFAR10,PTQ,layer3.0.conv3,-20.9580020904541,31.62518310546875,52.58318519592285,0.20620855689048767,102,0.19015552600224814,0.8129250407218933,17.60681978861491,92.40601733670073,276.70719347945214,aggregate,3,9.15391050932517
resnet50_no_weights,CIFAR10,PTQ,layer3.0.downsample.0,-18.07193374633789,15.606222152709961,33.67815589904785,0.13207119703292847,137,0.4193029801050822,2.01199464003245,8.68284829457601,20.70093019316534,80.36026727033197,aggregate,3,0.38166694698029285
resnet50_no_weights,CIFAR10,PTQ,layer3.1.conv1,-26.877540588378906,28.762094497680664,55.63963508605957,0.2181946337223053,123,0.4016161362330119,2.409068286418915,15.707779248555502,39.05682646942949,138.6007880907932,aggregate,3,3.199600558199098
resnet50_no_weights,CIFAR10,PTQ,layer3.1.conv2,-29.28882598876953,28.912206649780273,58.201032638549805,0.22823935747146606,128,0.38581061363220215,5.085614840189616,16.008842786153156,41.288568572206735,150.94527872379905,aggregate,3,11.030324134701027
resnet50_no_weights,CIFAR10,PTQ,layer3.1.conv3,-51.725738525390625,47.840179443359375,99.56591796875,0.39045459032058716,132,0.09539692103862762,2.14197305838267,25.42907651265462,266.2007594317423,1043.7623680220106,aggregate,3,59.73958239001671
resnet50_no_weights,CIFAR10,PTQ,layer3.2.conv1,-39.264041900634766,36.81121826171875,76.07526016235352,0.2983343303203583,132,0.35989367961883545,2.4558252493540444,21.76167106628418,60.30783626650171,211.45612113282922,aggregate,3,10.507591927784832
resnet50_no_weights,CIFAR10,PTQ,layer3.2.conv2,-39.593116760253906,36.93125915527344,76.52437591552734,0.3000955879688263,132,0.33767900864283246,4.791337092717488,22.22944450378418,65.58830418802688,226.67335413664287,aggregate,3,21.901940351840153
resnet50_no_weights,CIFAR10,PTQ,layer3.2.conv3,-72.50521850585938,52.89249801635742,125.3977165222168,0.49175575375556946,147,0.07267940292755763,1.664983590443929,25.829715410868328,355.1902487950237,1725.653553898668,aggregate,3,121.98726308483984
resnet50_no_weights,CIFAR10,PTQ,layer3.3.conv1,-52.10789489746094,41.44572067260742,93.55361557006836,0.3668769299983978,142,0.34827955563863117,2.153416077295939,21.974838892618816,62.908845470198884,268.6501455104464,aggregate,3,20.761173805015655
resnet50_no_weights,CIFAR10,PTQ,layer3.3.conv2,-30.944995880126953,41.5314826965332,72.47647857666016,0.28422147035598755,109,0.3369845151901245,4.346864382425944,21.18917242685954,62.50338622679931,215.1679594451494,aggregate,3,24.89942082672991
resnet50_no_weights,CIFAR10,PTQ,layer3.3.conv3,-36.499977111816406,31.290647506713867,67.79062461853027,0.2658455967903137,137,0.08067745218674342,1.4583930373191833,15.551874796549479,192.72429026822562,840.5165616879224,aggregate,3,76.31811445242167
resnet50_no_weights,CIFAR10,PTQ,layer3.4.conv1,-48.78162384033203,42.412010192871094,91.19363403320312,0.35762208700180054,136,0.26032835245132446,3.3510776360829673,22.823607444763184,87.34067238093411,350.3741469159002,aggregate,3,28.5199875171218
resnet50_no_weights,CIFAR10,PTQ,layer3.4.conv2,-42.26999282836914,49.074974060058594,91.34496688842773,0.3582155704498291,118,0.25425125161806744,6.436838150024414,27.969152450561523,109.60857374287656,359.3215460015363,aggregate,3,47.99116296733115
resnet50_no_weights,CIFAR10,PTQ,layer3.4.conv3,-29.101869583129883,27.984045028686523,57.085914611816406,0.2238663285970688,130,0.04431052505970001,2.3264188170433044,13.949418544769287,315.1390770452239,1288.6036107572056,aggregate,3,141.94187953063715
resnet50_no_weights,CIFAR10,PTQ,layer3.5.conv1,-52.00236892700195,48.78786849975586,100.79023742675781,0.39525583386421204,132,0.2261918087800344,5.406830787658691,25.692342122395832,112.79227594640145,445.90721668163945,aggregate,3,43.05634973606725
resnet50_no_weights,CIFAR10,PTQ,layer3.5.conv2,-61.12300491333008,73.40970611572266,134.53271102905273,0.5275792479515076,116,0.21860599021116892,13.770908832550049,36.18406867980957,164.10804544223978,615.9127554666003,aggregate,3,80.37822448864681
resnet50_no_weights,CIFAR10,PTQ,layer3.5.conv3,-46.99320983886719,45.30756759643555,92.30077743530273,0.36196383833885193,130,0.01648685336112976,5.608793258666992,23.554903984069824,1428.708284602328,5598.447163539146,aggregate,3,790.9313981581229
resnet50_no_weights,CIFAR10,PTQ,layer4.0.conv1,-64.69898223876953,58.931182861328125,123.63016510009766,0.48482418060302734,133,0.2540838619073232,7.5392491817474365,29.848582585652668,116.53067580640412,486.80065794918806,aggregate,3,55.19052890334801
resnet50_no_weights,CIFAR10,PTQ,layer4.0.conv2,-86.23670196533203,84.69078826904297,170.927490234375,0.6703038811683655,129,0.24072801073392233,19.819289207458496,41.039490381876625,168.86397693839885,710.6255944481073,aggregate,3,104.83301799587964
resnet50_no_weights,CIFAR10,PTQ,layer4.0.conv3,-173.0734100341797,204.38475036621094,377.4581604003906,1.480228066444397,117,0.02094699814915657,10.600708961486816,81.88094075520833,3908.9582274348586,18019.677937269927,aggregate,3,2370.23028242321
resnet50_no_weights,CIFAR10,PTQ,layer4.0.downsample.0,-81.84884643554688,82.09917449951172,163.9480209350586,0.6429334282875061,127,0.2526467541853587,11.954604784647623,36.942661921183266,145.5598747840185,649.1762366976236,aggregate,3,88.72901837636779
resnet50_no_weights,CIFAR10,PTQ,layer4.1.conv1,-54.29488754272461,71.11144256591797,125.40633010864258,0.4917895197868347,110,0.16411913931369781,3.7804155349731445,29.07919915517171,176.52058907933917,764.160065502781,aggregate,3,115.125920591054
resnet50_no_weights,CIFAR10,PTQ,layer4.1.conv2,-28.255952835083008,37.39591979980469,65.6518726348877,0.25745832920074463,110,0.227594792842865,2.9168498118718467,15.989378929138184,70.25371156086818,288.45946699762493,aggregate,3,47.56875824754466
resnet50_no_weights,CIFAR10,PTQ,layer4.1.conv3,-22.94931983947754,21.629844665527344,44.57916450500488,0.17482024431228638,131,0.04123356193304062,0.14917832612991333,8.84040904045105,214.39838388948868,1081.1378502152495,aggregate,3,150.78038790580112
resnet50_no_weights,CIFAR10,PTQ,layer4.2.conv1,-104.3327407836914,157.138671875,261.4714126586914,1.0253781080245972,102,0.24125465750694275,3.633517265319824,63.270840326944985,260.5077597735197,1083.9654490813473,aggregate,3,178.35356605782732
resnet50_no_weights,CIFAR10,PTQ,layer4.2.conv2,-77.68695831298828,121.63396453857422,199.3209228515625,0.7816506624221802,99,0.21809602280457815,2.4231494267781577,48.209537506103516,220.54908453741606,914.7883053273916,aggregate,3,147.23676991434817
resnet50_no_weights,CIFAR10,PTQ,layer4.2.conv3,-67.93933868408203,25.90550994873047,93.8448486328125,0.3680190145969391,185,0.0,0.018319936702027917,10.30293083190918,inf,inf,aggregate,3,nan
resnet50_no_weights,CIFAR10,QAT,conv1,-3.757086992263794,5.673535346984863,9.430622339248657,0.03698283061385155,102,1.1523128747940063,1.8415501117706299,3.8445241451263428,3.336354413130731,8.184081377147267,42,3,
resnet50_no_weights,CIFAR10,QAT,layer1.0.conv1,-1.6504751443862915,3.5924975872039795,5.242972731590271,0.020560678094625473,80,0.5261000394821167,1.0586047172546387,3.3486874103546143,6.365115299460919,9.965733393123022,42,3,
resnet50_no_weights,CIFAR10,QAT,layer1.0.conv2,-3.822434186935425,5.187313556671143,9.009747743606567,0.035332344472408295,108,0.6019692420959473,1.1774837970733643,5.316509246826172,8.83186195413416,14.967123091266702,42,3,
resnet50_no_weights,CIFAR10,QAT,layer1.0.conv3,-3.83247971534729,3.061746835708618,6.894226551055908,0.027036182582378387,142,0.5091446042060852,1.0359553098678589,2.6865005493164062,5.276498124742962,13.540802542346789,42,3,
resnet50_no_weights,CIFAR10,QAT,layer1.0.downsample.0,-4.143433094024658,3.9129393100738525,8.05637240409851,0.03159361705183983,131,0.6505892276763916,1.10584557056427,3.5187017917633057,5.4084845584217645,12.383193667181063,42,3,
resnet50_no_weights,CIFAR10,QAT,layer1.1.conv1,-3.6350932121276855,2.527611017227173,6.162704229354858,0.024167468771338463,150,0.48783743381500244,0.768425703048706,2.0136072635650635,4.127619415792235,12.632700572321962,42,3,
resnet50_no_weights,CIFAR10,QAT,layer1.1.conv2,-1.473968267440796,2.8404054641723633,4.314373731613159,0.01691911369562149,87,0.47435900568962097,0.7646307945251465,1.8453729152679443,3.8902453482150077,9.095165644301286,42,3,
resnet50_no_weights,CIFAR10,QAT,layer1.1.conv3,-6.485410213470459,4.157614231109619,10.643024444580078,0.041737351566553116,155,0.3263537883758545,0.6614977121353149,3.256268262863159,9.977724723431084,32.61192247084548,42,3,
resnet50_no_weights,CIFAR10,QAT,layer1.2.conv1,-2.390465497970581,2.4722654819488525,4.862730979919434,0.019069533795118332,125,0.5510324835777283,0.951827883720398,1.9358444213867188,3.513122146298386,8.82476283130684,42,3,
resnet50_no_weights,CIFAR10,QAT,layer1.2.conv2,-2.436474323272705,2.8476169109344482,5.284091234207153,0.020721925422549248,118,0.5811028480529785,1.076297640800476,3.2899346351623535,5.661535898826663,9.093211729923253,42,3,
resnet50_no_weights,CIFAR10,QAT,layer1.2.conv3,-3.6125710010528564,5.441657066345215,9.054228067398071,0.035506777465343475,102,0.25983354449272156,0.590251088142395,3.3284595012664795,12.80996842715093,34.846263153107614,42,3,
resnet50_no_weights,CIFAR10,QAT,layer2.0.conv1,-2.326606273651123,2.7027125358581543,5.029318809509277,0.019722819328308105,118,0.631125807762146,1.201796531677246,2.6843581199645996,4.253285298984732,7.968805502253664,42,3,
resnet50_no_weights,CIFAR10,QAT,layer2.0.conv2,-3.3428478240966797,3.2750327587127686,6.617880582809448,0.025952473282814026,129,0.5829300284385681,1.1201438903808594,3.084345579147339,5.291107729359977,11.352787229946022,42,3,
resnet50_no_weights,CIFAR10,QAT,layer2.0.conv3,-5.809420585632324,6.657217979431152,12.466638565063477,0.04888878017663956,119,0.5754149556159973,1.007584571838379,3.5792112350463867,6.2202262908073775,21.665475398910342,42,3,
resnet50_no_weights,CIFAR10,QAT,layer2.0.downsample.0,-1.8751250505447388,2.9645800590515137,4.839705109596252,0.018979234620928764,99,0.5246732831001282,0.8947100639343262,2.739945888519287,5.222194414645654,9.224226324237378,42,3,
resnet50_no_weights,CIFAR10,QAT,layer2.1.conv1,-1.6792405843734741,2.5376334190368652,4.216874003410339,0.016536761075258255,102,0.4553068280220032,0.7603227496147156,1.4712148904800415,3.2312603280549608,9.26160941123983,42,3,
resnet50_no_weights,CIFAR10,QAT,layer2.1.conv2,-2.202876567840576,4.093162536621094,6.29603910446167,0.024690348654985428,89,0.42543894052505493,0.7576867938041687,1.8212077617645264,4.280773545357379,14.798925309214576,42,3,
resnet50_no_weights,CIFAR10,QAT,layer2.1.conv3,-15.836856842041016,16.124433517456055,31.96129035949707,0.1253383904695511,126,0.3768171966075897,0.7804464101791382,2.7615573406219482,7.328639365410337,84.81908640910821,42,3,
resnet50_no_weights,CIFAR10,QAT,layer2.2.conv1,-3.5145421028137207,3.289114475250244,6.803656578063965,0.02668100595474243,132,0.40267837047576904,0.7441951036453247,1.6575329303741455,4.116270085268677,16.896007029196447,42,3,
resnet50_no_weights,CIFAR10,QAT,layer2.2.conv2,-3.0007901191711426,4.477757453918457,7.4785475730896,0.0293276384472847,102,0.35389018058776855,0.6587920784950256,1.4662278890609741,4.143172005015081,21.13239638542285,42,3,
resnet50_no_weights,CIFAR10,QAT,layer2.2.conv3,-11.649043083190918,10.523221969604492,22.17226505279541,0.08695005625486374,134,0.15797972679138184,0.2984316349029541,1.1559215784072876,7.3168981988032264,140.34879983097272,42,3,
resnet50_no_weights,CIFAR10,QAT,layer2.3.conv1,-3.138540029525757,3.385169267654419,6.523709297180176,0.0255831740796566,123,0.46614640951156616,0.8561020493507385,2.123520851135254,4.555480440920492,13.994979182647352,42,3,
resnet50_no_weights,CIFAR10,QAT,layer2.3.conv2,-4.652151107788086,4.338837623596191,8.990988731384277,0.03525878116488457,132,0.38598787784576416,0.7676032781600952,2.3750030994415283,6.153051004338922,23.293448440826324,42,3,
resnet50_no_weights,CIFAR10,QAT,layer2.3.conv3,-6.020198345184326,4.299919605255127,10.320117950439453,0.04047105088829994,149,0.08773376792669296,0.1586645096540451,0.6633057594299316,7.560438530169649,117.62994106285912,42,3,
resnet50_no_weights,CIFAR10,QAT,layer3.0.conv1,-3.467703342437744,3.875379800796509,7.343083143234253,0.028796404600143433,120,0.4757097363471985,0.8302388191223145,3.391950845718384,7.130295191693861,15.43605812994098,42,3,
resnet50_no_weights,CIFAR10,QAT,layer3.0.conv2,-3.285633087158203,3.077049970626831,6.362683057785034,0.024951700121164322,132,0.5176308155059814,0.9387763738632202,2.425255060195923,4.6852988414633865,12.291932526400199,42,3,
resnet50_no_weights,CIFAR10,QAT,layer3.0.conv3,-2.993419885635376,4.3344902992248535,7.3279101848602295,0.0287369042634964,104,0.20945784449577332,0.3656010031700134,1.3986598253250122,6.677524199162835,34.98513126830206,42,3,
resnet50_no_weights,CIFAR10,QAT,layer3.0.downsample.0,-3.814640998840332,3.510117292404175,7.324758291244507,0.028724543750286102,133,0.41003748774528503,0.7210089564323425,2.207582712173462,5.3838558135562735,17.863630790252625,42,3,
resnet50_no_weights,CIFAR10,QAT,layer3.1.conv1,-4.029951095581055,3.7168257236480713,7.746776819229126,0.030379515141248703,133,0.42277824878692627,0.6546308994293213,1.3527864217758179,3.199754068846625,18.32349900085182,42,3,
resnet50_no_weights,CIFAR10,QAT,layer3.1.conv2,-2.8546953201293945,3.6313507556915283,6.486046075820923,0.025435473769903183,112,0.3329295516014099,0.6122322082519531,1.4724936485290527,4.422838529791889,19.481737336390463,42,3,
resnet50_no_weights,CIFAR10,QAT,layer3.1.conv3,-5.844274520874023,5.2916789054870605,11.135953426361084,0.0436704084277153,134,0.08832865953445435,0.1539044827222824,0.46389925479888916,5.251967563460375,126.07406797583387,42,3,
resnet50_no_weights,CIFAR10,QAT,layer3.2.conv1,-4.801507472991943,4.433429718017578,9.234937191009521,0.036215443164110184,133,0.3884568214416504,0.6378089189529419,1.6538097858428955,4.257383818631982,23.773394316353098,42,3,
resnet50_no_weights,CIFAR10,QAT,layer3.2.conv2,-3.2115094661712646,3.994326114654541,7.205835580825806,0.028258178383111954,114,0.32012811303138733,0.5791445970535278,1.6951490640640259,5.295220866459244,22.509224549483104,42,3,
resnet50_no_weights,CIFAR10,QAT,layer3.2.conv3,-6.516582489013672,4.900869846343994,11.417452335357666,0.04477431997656822,146,0.07539194822311401,0.12912112474441528,0.43634605407714844,5.787700999393612,151.44126931922486,42,3,
resnet50_no_weights,CIFAR10,QAT,layer3.3.conv1,-5.196106433868408,4.091684818267822,9.28779125213623,0.03642271086573601,143,0.398546040058136,0.6722880005836487,1.4998416900634766,3.763283383381991,23.30418651451516,42,3,
resnet50_no_weights,CIFAR10,QAT,layer3.3.conv2,-2.529064416885376,3.8026232719421387,6.331687688827515,0.024830149486660957,102,0.34928014874458313,0.6249253749847412,1.6310882568359375,4.669856740208553,18.12782006531286,42,3,
resnet50_no_weights,CIFAR10,QAT,layer3.3.conv3,-2.901179790496826,2.5499119758605957,5.451091766357422,0.021376829594373703,136,0.09059124439954758,0.1503387987613678,0.4188148081302643,4.623126781249468,60.172390858389015,42,3,
resnet50_no_weights,CIFAR10,QAT,layer3.4.conv1,-4.553369522094727,3.91986083984375,8.473230361938477,0.033228352665901184,137,0.3736659586429596,0.6528302431106567,1.6959725618362427,4.538739809201502,22.675949376578632,42,3,
resnet50_no_weights,CIFAR10,QAT,layer3.4.conv2,-3.3021161556243896,4.21929931640625,7.52141547203064,0.02949574775993824,112,0.32386428117752075,0.5774017572402954,2.1014392375946045,6.48864156909831,23.22397346408171,42,3,
resnet50_no_weights,CIFAR10,QAT,layer3.4.conv3,-2.094346523284912,2.0939152240753174,4.1882617473602295,0.01642455719411373,128,0.0744306743144989,0.12777653336524963,0.40982961654663086,5.506192444460995,56.27064091429798,42,3,
resnet50_no_weights,CIFAR10,QAT,layer3.5.conv1,-4.345269680023193,4.128293991088867,8.47356367111206,0.03322966396808624,131,0.3314723074436188,0.5576037168502808,1.3211030960083008,3.9855609845567916,25.563413536599455,42,3,
resnet50_no_weights,CIFAR10,QAT,layer3.5.conv2,-4.253611087799072,5.363678932189941,9.617290019989014,0.03771486505866051,113,0.29958152770996094,0.5537770986557007,1.5132189989089966,5.051109160421985,32.10241330133,42,3,
resnet50_no_weights,CIFAR10,QAT,layer3.5.conv3,-3.167020320892334,3.1195881366729736,6.286608457565308,0.024653367698192596,128,0.07071538269519806,0.13922090828418732,0.41928327083587646,5.929166397120381,88.90015464757148,42,3,
resnet50_no_weights,CIFAR10,QAT,layer4.0.conv1,-4.813949108123779,4.571274757385254,9.385223865509033,0.03680479899048805,131,0.341270387172699,0.5634010434150696,1.6102848052978516,4.71850141654093,27.500844545177795,42,3,
resnet50_no_weights,CIFAR10,QAT,layer4.0.conv2,-5.040140628814697,4.661083698272705,9.701224327087402,0.03804401680827141,132,0.3792482614517212,0.6715042591094971,2.155592441558838,5.683855829180242,25.580141857347396,42,3,
resnet50_no_weights,CIFAR10,QAT,layer4.0.conv3,-8.945270538330078,10.586702346801758,19.531972885131836,0.0765959694981575,117,0.11398345232009888,0.22662940621376038,0.8302810788154602,7.284224700299374,171.35796896448042,42,3,
resnet50_no_weights,CIFAR10,QAT,layer4.0.downsample.0,-4.374997138977051,4.270052433013916,8.645049571990967,0.033902157098054886,129,0.36050814390182495,0.6603182554244995,1.7899566888809204,4.965093630085563,23.980178307276248,42,3,
resnet50_no_weights,CIFAR10,QAT,layer4.1.conv1,-1.9953951835632324,2.104724407196045,4.100119590759277,0.016078900545835495,124,0.4598516821861267,0.7693510055541992,1.8581594228744507,4.040779875025778,8.916178301811101,42,3,
resnet50_no_weights,CIFAR10,QAT,layer4.1.conv2,-1.9136978387832642,1.7799911499023438,3.693688988685608,0.014485054649412632,132,0.3445361256599426,0.604814350605011,1.6067968606948853,4.663652781307452,10.720759634742283,42,3,
resnet50_no_weights,CIFAR10,QAT,layer4.1.conv3,-0.7210114598274231,1.54690682888031,2.267918288707733,0.008893797174096107,81,0.07055807113647461,0.1704186499118805,1.5469586849212646,21.924616985760725,32.142577768616825,42,3,
resnet50_no_weights,CIFAR10,QAT,layer4.2.conv1,-2.352290153503418,3.227558135986328,5.579848289489746,0.02188175730407238,108,0.3935500383377075,0.6968194246292114,1.8832775354385376,4.785357265859257,14.178243541934677,42,3,
resnet50_no_weights,CIFAR10,QAT,layer4.2.conv2,-1.4340643882751465,3.4914753437042236,4.92553973197937,0.019315842539072037,74,0.41838741302490234,0.8322375416755676,2.7562224864959717,6.587728025966981,11.772676659577717,42,3,
resnet50_no_weights,CIFAR10,QAT,layer4.2.conv3,-1.330212116241455,2.863386631011963,4.193598747253418,0.01644548587501049,81,0.11868680268526077,0.30579960346221924,2.7371907234191895,23.06230062223346,35.333319732053106,42,3,
resnet50_no_weights,CIFAR10,QAT,fc,-6.591286659240723,15.451677322387695,22.042963981628418,0.08644299954175949,76,10.357392311096191,13.87411117553711,14.263799667358398,1.3771612814238148,2.128234918553111,42,3,
resnet50_no_weights,CIFAR10,QAT,conv1,-3.757086992263794,5.673535346984863,9.430622339248657,0.03698283061385155,102,1.0923738479614258,1.6703108549118042,3.677670478820801,3.366677521330287,8.633145471990167,43,3,
resnet50_no_weights,CIFAR10,QAT,layer1.0.conv1,-1.6504751443862915,3.5924975872039795,5.242972731590271,0.020560678094625473,80,0.5010910034179688,0.8084206581115723,3.0164191722869873,6.019703310799494,10.463114874998096,43,3,
resnet50_no_weights,CIFAR10,QAT,layer1.0.conv2,-3.822434186935425,5.187313556671143,9.009747743606567,0.035332344472408295,108,0.544423520565033,0.9587857723236084,3.8885858058929443,7.142574960496112,16.549152274420017,43,3,
resnet50_no_weights,CIFAR10,QAT,layer1.0.conv3,-3.83247971534729,3.061746835708618,6.894226551055908,0.027036182582378387,142,0.4953429102897644,1.0166330337524414,2.4608426094055176,4.967957667883003,13.918088677241673,43,3,
resnet50_no_weights,CIFAR10,QAT,layer1.0.downsample.0,-4.143433094024658,3.9129393100738525,8.05637240409851,0.03159361705183983,131,0.6258110404014587,1.0457854270935059,2.689797878265381,4.298099113975157,12.87349037327679,43,3,
resnet50_no_weights,CIFAR10,QAT,layer1.1.conv1,-3.6350932121276855,2.527611017227173,6.162704229354858,0.024167468771338463,150,0.4806472063064575,0.7644731402397156,2.0121448040008545,4.186323726841604,12.82167907874109,43,3,
resnet50_no_weights,CIFAR10,QAT,layer1.1.conv2,-1.473968267440796,2.8404054641723633,4.314373731613159,0.01691911369562149,87,0.46938517689704895,0.7976616621017456,1.9686650037765503,4.1941354364676515,9.191542349364472,43,3,
resnet50_no_weights,CIFAR10,QAT,layer1.1.conv3,-6.485410213470459,4.157614231109619,10.643024444580078,0.041737351566553116,155,0.3289974331855774,0.6779542565345764,3.2447683811187744,9.86259482239942,32.34987076199064,43,3,
resnet50_no_weights,CIFAR10,QAT,layer1.2.conv1,-2.390465497970581,2.4722654819488525,4.862730979919434,0.019069533795118332,125,0.5341983437538147,0.9301732778549194,1.9597468376159668,3.668575278322308,9.102856713761028,43,3,
resnet50_no_weights,CIFAR10,QAT,layer1.2.conv2,-2.436474323272705,2.8476169109344482,5.284091234207153,0.020721925422549248,118,0.5638307332992554,1.0474634170532227,2.175485134124756,3.8584011222568613,9.37176872797851,43,3,
resnet50_no_weights,CIFAR10,QAT,layer1.2.conv3,-3.6125710010528564,5.441657066345215,9.054228067398071,0.035506777465343475,102,0.2536007761955261,0.5814281702041626,3.3864972591400146,13.353654945160839,35.702682788388884,43,3,
resnet50_no_weights,CIFAR10,QAT,layer2.0.conv1,-2.326606273651123,2.7027125358581543,5.029318809509277,0.019722819328308105,118,0.6102701425552368,1.1729204654693604,2.3799638748168945,3.899853046802923,8.241135292071188,43,3,
resnet50_no_weights,CIFAR10,QAT,layer2.0.conv2,-3.3428478240966797,3.2750327587127686,6.617880582809448,0.025952473282814026,129,0.5642213225364685,1.089863657951355,2.9091455936431885,5.156036252875139,11.729228085636024,43,3,
resnet50_no_weights,CIFAR10,QAT,layer2.0.conv3,-5.809420585632324,6.657217979431152,12.466638565063477,0.04888878017663956,119,0.5719683766365051,0.9988663196563721,3.5654244422912598,6.2336041430436335,21.796027672673624,43,3,
resnet50_no_weights,CIFAR10,QAT,layer2.0.downsample.0,-1.8751250505447388,2.9645800590515137,4.839705109596252,0.018979234620928764,99,0.5068789720535278,0.8649152517318726,2.362844705581665,4.661555984476985,9.548048698862114,43,3,
resnet50_no_weights,CIFAR10,QAT,layer2.1.conv1,-1.6792405843734741,2.5376334190368652,4.216874003410339,0.016536761075258255,102,0.4436258375644684,0.7288272976875305,1.444251298904419,3.2555617293019776,9.505474312680304,43,3,
resnet50_no_weights,CIFAR10,QAT,layer2.1.conv2,-2.202876567840576,4.093162536621094,6.29603910446167,0.024690348654985428,89,0.4193391799926758,0.7354656457901001,1.7955998182296753,4.281974840178391,15.014192340843604,43,3,
resnet50_no_weights,CIFAR10,QAT,layer2.1.conv3,-15.836856842041016,16.124433517456055,31.96129035949707,0.1253383904695511,126,0.3627359867095947,0.721035361289978,2.733588218688965,7.536027079875774,88.1117163185829,43,3,
resnet50_no_weights,CIFAR10,QAT,layer2.2.conv1,-3.5145421028137207,3.289114475250244,6.803656578063965,0.02668100595474243,132,0.3964506685733795,0.7449671626091003,1.7528398036956787,4.421331435770409,17.161420366742725,43,3,
resnet50_no_weights,CIFAR10,QAT,layer2.2.conv2,-3.0007901191711426,4.477757453918457,7.4785475730896,0.0293276384472847,102,0.3575098514556885,0.6605843901634216,1.458146095275879,4.078617943921494,20.91843775112454,43,3,
resnet50_no_weights,CIFAR10,QAT,layer2.2.conv3,-11.649043083190918,10.523221969604492,22.17226505279541,0.08695005625486374,134,0.16027097404003143,0.30599266290664673,1.2310734987258911,7.681200579828021,138.34236165094603,43,3,
resnet50_no_weights,CIFAR10,QAT,layer2.3.conv1,-3.138540029525757,3.385169267654419,6.523709297180176,0.0255831740796566,123,0.4493067264556885,0.8041894435882568,1.6737394332885742,3.725159973659201,14.519500628539014,43,3,
resnet50_no_weights,CIFAR10,QAT,layer2.3.conv2,-4.652151107788086,4.338837623596191,8.990988731384277,0.03525878116488457,132,0.371616005897522,0.7277123332023621,1.8540092706680298,4.98904579255205,24.194298923345247,43,3,
resnet50_no_weights,CIFAR10,QAT,layer2.3.conv3,-6.020198345184326,4.299919605255127,10.320117950439453,0.04047105088829994,149,0.08194912225008011,0.1470952183008194,0.6889235377311707,8.406722595866452,125.93323353660892,43,3,
resnet50_no_weights,CIFAR10,QAT,layer3.0.conv1,-3.467703342437744,3.875379800796509,7.343083143234253,0.028796404600143433,120,0.4778268039226532,0.8241803050041199,3.762497901916504,7.874187615740257,15.367666867894863,43,3,
resnet50_no_weights,CIFAR10,QAT,layer3.0.conv2,-3.285633087158203,3.077049970626831,6.362683057785034,0.024951700121164322,132,0.522296667098999,0.9263845682144165,2.0972206592559814,4.015382045044646,12.182124563661088,43,3,
resnet50_no_weights,CIFAR10,QAT,layer3.0.conv3,-2.993419885635376,4.3344902992248535,7.3279101848602295,0.0287369042634964,104,0.21062742173671722,0.3674527406692505,1.3624019622802734,6.4683028973467005,34.79086495214315,43,3,
resnet50_no_weights,CIFAR10,QAT,layer3.0.downsample.0,-3.814640998840332,3.510117292404175,7.324758291244507,0.028724543750286102,133,0.404910147190094,0.7211592197418213,1.964163064956665,4.850861551845836,18.089836330542088,43,3,
resnet50_no_weights,CIFAR10,QAT,layer3.1.conv1,-4.029951095581055,3.7168257236480713,7.746776819229126,0.030379515141248703,133,0.42929595708847046,0.670333743095398,1.278821349143982,2.9788804856609423,18.045305788036224,43,3,
resnet50_no_weights,CIFAR10,QAT,layer3.1.conv2,-2.8546953201293945,3.6313507556915283,6.486046075820923,0.025435473769903183,112,0.3357085585594177,0.6261082291603088,1.9502592086791992,5.809381855047401,19.32046684676031,43,3,
resnet50_no_weights,CIFAR10,QAT,layer3.1.conv3,-5.844274520874023,5.2916789054870605,11.135953426361084,0.0436704084277153,134,0.08912351727485657,0.15678584575653076,0.46866852045059204,5.258640309327338,124.9496627474637,43,3,
resnet50_no_weights,CIFAR10,QAT,layer3.2.conv1,-4.801507472991943,4.433429718017578,9.234937191009521,0.036215443164110184,133,0.39094117283821106,0.6428669691085815,1.7959284782409668,4.593858623799142,23.62231924553864,43,3,
resnet50_no_weights,CIFAR10,QAT,layer3.2.conv2,-3.2115094661712646,3.994326114654541,7.205835580825806,0.028258178383111954,114,0.3237724304199219,0.5906285643577576,1.6611980199813843,5.1307581001472755,22.25586524300442,43,3,
resnet50_no_weights,CIFAR10,QAT,layer3.2.conv3,-6.516582489013672,4.900869846343994,11.417452335357666,0.04477431997656822,146,0.07770999521017075,0.13499905169010162,0.38303083181381226,4.92897767884151,146.92385843646713,43,3,
resnet50_no_weights,CIFAR10,QAT,layer3.3.conv1,-5.196106433868408,4.091684818267822,9.28779125213623,0.03642271086573601,143,0.40185797214508057,0.6894630789756775,1.5649017095565796,3.894166143334869,23.11212392417864,43,3,
resnet50_no_weights,CIFAR10,QAT,layer3.3.conv2,-2.529064416885376,3.8026232719421387,6.331687688827515,0.024830149486660957,102,0.3537103831768036,0.6477382183074951,2.012251377105713,5.688980230189852,17.90076850998913,43,3,
resnet50_no_weights,CIFAR10,QAT,layer3.3.conv3,-2.901179790496826,2.5499119758605957,5.451091766357422,0.021376829594373703,136,0.09301606565713882,0.15984410047531128,0.43937718868255615,4.723669890555457,58.60376621873449,43,3,
resnet50_no_weights,CIFAR10,QAT,layer3.4.conv1,-4.553369522094727,3.91986083984375,8.473230361938477,0.033228352665901184,137,0.36854809522628784,0.6344325542449951,1.7516690492630005,4.752891337526732,22.990840196137572,43,3,
resnet50_no_weights,CIFAR10,QAT,layer3.4.conv2,-3.3021161556243896,4.21929931640625,7.52141547203064,0.02949574775993824,112,0.31684410572052,0.578076958656311,2.2806899547576904,7.198145439919997,23.738536826893302,43,3,
resnet50_no_weights,CIFAR10,QAT,layer3.4.conv3,-2.094346523284912,2.0939152240753174,4.1882617473602295,0.01642455719411373,128,0.07108937203884125,0.12086346000432968,0.31730973720550537,4.463532706859982,58.91544160879464,43,3,
resnet50_no_weights,CIFAR10,QAT,layer3.5.conv1,-4.345269680023193,4.128293991088867,8.47356367111206,0.03322966396808624,131,0.3285693824291229,0.5562439560890198,1.6496696472167969,5.020764975180406,25.789267424940082,43,3,
resnet50_no_weights,CIFAR10,QAT,layer3.5.conv2,-4.253611087799072,5.363678932189941,9.617290019989014,0.03771486505866051,113,0.297498881816864,0.5519415140151978,1.3600199222564697,4.571512719478651,32.32714678204834,43,3,
resnet50_no_weights,CIFAR10,QAT,layer3.5.conv3,-3.167020320892334,3.1195881366729736,6.286608457565308,0.024653367698192596,128,0.06865285336971283,0.14036263525485992,0.4145689010620117,6.038625937795393,91.57097118324194,43,3,
resnet50_no_weights,CIFAR10,QAT,layer4.0.conv1,-4.813949108123779,4.571274757385254,9.385223865509033,0.03680479899048805,131,0.33708375692367554,0.5698877573013306,1.531866431236267,4.544468250907507,27.84240911268261,43,3,
resnet50_no_weights,CIFAR10,QAT,layer4.0.conv2,-5.040140628814697,4.661083698272705,9.701224327087402,0.03804401680827141,132,0.3817112147808075,0.6787925362586975,2.023038625717163,5.299919277663522,25.415088557610755,43,3,
resnet50_no_weights,CIFAR10,QAT,layer4.0.conv3,-8.945270538330078,10.586702346801758,19.531972885131836,0.0765959694981575,117,0.1175500676035881,0.22898858785629272,0.8479655385017395,7.2136541967914285,166.15875501662103,43,3,
resnet50_no_weights,CIFAR10,QAT,layer4.0.downsample.0,-4.374997138977051,4.270052433013916,8.645049571990967,0.033902157098054886,129,0.35632574558258057,0.6404029726982117,2.0040905475616455,5.62432148787067,24.261647324575446,43,3,
resnet50_no_weights,CIFAR10,QAT,layer4.1.conv1,-1.9953951835632324,2.104724407196045,4.100119590759277,0.016078900545835495,124,0.452798068523407,0.7519258856773376,1.9517320394515991,4.310380664423497,9.055073057466732,43,3,
resnet50_no_weights,CIFAR10,QAT,layer4.1.conv2,-1.9136978387832642,1.7799911499023438,3.693688988685608,0.014485054649412632,132,0.3468632698059082,0.616245687007904,1.8123178482055664,5.224876791421796,10.648832869367975,43,3,
resnet50_no_weights,CIFAR10,QAT,layer4.1.conv3,-0.7210114598274231,1.54690682888031,2.267918288707733,0.008893797174096107,81,0.07299110293388367,0.16878485679626465,1.1270053386688232,15.440311125174803,31.071160696969386,43,3,
resnet50_no_weights,CIFAR10,QAT,layer4.2.conv1,-2.352290153503418,3.227558135986328,5.579848289489746,0.02188175730407238,108,0.38393357396125793,0.6852819919586182,1.7534054517745972,4.566950042122469,14.53336896776003,43,3,
resnet50_no_weights,CIFAR10,QAT,layer4.2.conv2,-1.4340643882751465,3.4914753437042236,4.92553973197937,0.019315842539072037,74,0.3952030539512634,0.796704113483429,2.998119354248047,7.586275774624394,12.463313941361367,43,3,
resnet50_no_weights,CIFAR10,QAT,layer4.2.conv3,-1.330212116241455,2.863386631011963,4.193598747253418,0.01644548587501049,81,0.11197153478860855,0.27637311816215515,2.690485954284668,24.028302901840593,37.45236461365406,43,3,
resnet50_no_weights,CIFAR10,QAT,fc,-6.591286659240723,15.451677322387695,22.042963981628418,0.08644299954175949,76,10.385807991027832,12.272254943847656,12.368294715881348,1.1908842072341566,2.1224120454249737,43,3,
resnet50_no_weights,CIFAR10,QAT,conv1,-3.757086992263794,5.673535346984863,9.430622339248657,0.03698283061385155,102,1.1121338605880737,1.7988662719726562,3.8738467693328857,3.48325584411617,8.479754707101478,44,3,
resnet50_no_weights,CIFAR10,QAT,layer1.0.conv1,-1.6504751443862915,3.5924975872039795,5.242972731590271,0.020560678094625473,80,0.5156185030937195,0.958699643611908,3.729205846786499,7.232490347827324,10.168317661473257,44,3,
resnet50_no_weights,CIFAR10,QAT,layer1.0.conv2,-3.822434186935425,5.187313556671143,9.009747743606567,0.035332344472408295,108,0.5720515251159668,1.098500370979309,5.528541564941406,9.664411896849074,15.749888511843585,44,3,
resnet50_no_weights,CIFAR10,QAT,layer1.0.conv3,-3.83247971534729,3.061746835708618,6.894226551055908,0.027036182582378387,142,0.5045900344848633,1.0273983478546143,2.7615818977355957,5.472921994099425,13.66302558490723,44,3,
resnet50_no_weights,CIFAR10,QAT,layer1.0.downsample.0,-4.143433094024658,3.9129393100738525,8.05637240409851,0.03159361705183983,131,0.6373850703239441,1.116622805595398,3.757645845413208,5.895409259434685,12.639725621442539,44,3,
resnet50_no_weights,CIFAR10,QAT,layer1.1.conv1,-3.6350932121276855,2.527611017227173,6.162704229354858,0.024167468771338463,150,0.4883822202682495,0.7637042999267578,2.0136072635650635,4.123015089409002,12.6186088960608,44,3,
resnet50_no_weights,CIFAR10,QAT,layer1.1.conv2,-1.473968267440796,2.8404054641723633,4.314373731613159,0.01691911369562149,87,0.4748762845993042,0.7862180471420288,1.747381567955017,3.6796564171012247,9.085258353664859,44,3,
resnet50_no_weights,CIFAR10,QAT,layer1.1.conv3,-6.485410213470459,4.157614231109619,10.643024444580078,0.041737351566553116,155,0.332764595746994,0.6874051094055176,3.232872486114502,9.715193645698125,31.983644235614932,44,3,
resnet50_no_weights,CIFAR10,QAT,layer1.2.conv1,-2.390465497970581,2.4722654819488525,4.862730979919434,0.019069533795118332,125,0.5503285527229309,0.945497453212738,1.9920611381530762,3.6197670069937327,8.836050675291112,44,3,
resnet50_no_weights,CIFAR10,QAT,layer1.2.conv2,-2.436474323272705,2.8476169109344482,5.284091234207153,0.020721925422549248,118,0.5753774046897888,1.0665024518966675,2.3302013874053955,4.049865998234166,9.183696111695658,44,3,
resnet50_no_weights,CIFAR10,QAT,layer1.2.conv3,-3.6125710010528564,5.441657066345215,9.054228067398071,0.035506777465343475,102,0.259590744972229,0.5971314907073975,3.2883918285369873,12.667600414216537,34.87885543980658,44,3,
resnet50_no_weights,CIFAR10,QAT,layer2.0.conv1,-2.326606273651123,2.7027125358581543,5.029318809509277,0.019722819328308105,118,0.627433180809021,1.1994149684906006,2.3400025367736816,3.7294848413283628,8.015704242839698,44,3,
resnet50_no_weights,CIFAR10,QAT,layer2.0.conv2,-3.3428478240966797,3.2750327587127686,6.617880582809448,0.025952473282814026,129,0.5794247984886169,1.113797664642334,2.6701605319976807,4.608295224785994,11.421465909073374,44,3,
resnet50_no_weights,CIFAR10,QAT,layer2.0.conv3,-5.809420585632324,6.657217979431152,12.466638565063477,0.04888878017663956,119,0.5765301585197449,1.0083956718444824,3.536632537841797,6.134340911015283,21.623567095036055,44,3,
resnet50_no_weights,CIFAR10,QAT,layer2.0.downsample.0,-1.8751250505447388,2.9645800590515137,4.839705109596252,0.018979234620928764,99,0.5158284902572632,0.8754603862762451,3.007316827774048,5.8300712050127075,9.382392017902129,44,3,
resnet50_no_weights,CIFAR10,QAT,layer2.1.conv1,-1.6792405843734741,2.5376334190368652,4.216874003410339,0.016536761075258255,102,0.44653767347335815,0.7592612504959106,1.462815761566162,3.275906711717658,9.443489886552499,44,3,
resnet50_no_weights,CIFAR10,QAT,layer2.1.conv2,-2.202876567840576,4.093162536621094,6.29603910446167,0.024690348654985428,89,0.4297981858253479,0.7697739005088806,1.82815682888031,4.253523837867471,14.648826617011636,44,3,
resnet50_no_weights,CIFAR10,QAT,layer2.1.conv3,-15.836856842041016,16.124433517456055,31.96129035949707,0.1253383904695511,126,0.3704516589641571,0.7551774978637695,2.627690315246582,7.093207039736386,86.27654806261637,44,3,
resnet50_no_weights,CIFAR10,QAT,layer2.2.conv1,-3.5145421028137207,3.289114475250244,6.803656578063965,0.02668100595474243,132,0.40485864877700806,0.7499125003814697,1.6609551906585693,4.102555782557596,16.80501725383999,44,3,
resnet50_no_weights,CIFAR10,QAT,layer2.2.conv2,-3.0007901191711426,4.477757453918457,7.4785475730896,0.0293276384472847,102,0.3602081537246704,0.675386369228363,1.4945077896118164,4.149011548345355,20.76173872178896,44,3,
resnet50_no_weights,CIFAR10,QAT,layer2.2.conv3,-11.649043083190918,10.523221969604492,22.17226505279541,0.08695005625486374,134,0.16004188358783722,0.30656540393829346,1.3507899045944214,8.440227484907444,138.5403905261238,44,3,
resnet50_no_weights,CIFAR10,QAT,layer2.3.conv1,-3.138540029525757,3.385169267654419,6.523709297180176,0.0255831740796566,123,0.4635401666164398,0.8546110987663269,2.2539992332458496,4.86257587923538,14.073665600112435,44,3,
resnet50_no_weights,CIFAR10,QAT,layer2.3.conv2,-4.652151107788086,4.338837623596191,8.990988731384277,0.03525878116488457,132,0.38383743166923523,0.7818019390106201,2.1352598667144775,5.562927662965654,23.42394980157145,44,3,
resnet50_no_weights,CIFAR10,QAT,layer2.3.conv3,-6.020198345184326,4.299919605255127,10.320117950439453,0.04047105088829994,149,0.08649419248104095,0.15756265819072723,0.6973250508308411,8.062102562362101,119.31573270311259,44,3,
resnet50_no_weights,CIFAR10,QAT,layer3.0.conv1,-3.467703342437744,3.875379800796509,7.343083143234253,0.028796404600143433,120,0.4819478392601013,0.8422702550888062,3.3698244094848633,6.992093614649884,15.236261157447126,44,3,
resnet50_no_weights,CIFAR10,QAT,layer3.0.conv2,-3.285633087158203,3.077049970626831,6.362683057785034,0.024951700121164322,132,0.5341752171516418,0.9616929292678833,2.216362953186035,4.14913100050625,11.911228476140243,44,3,
resnet50_no_weights,CIFAR10,QAT,layer3.0.conv3,-2.993419885635376,4.3344902992248535,7.3279101848602295,0.0287369042634964,104,0.21589073538780212,0.37347137928009033,1.2423219680786133,5.754401483912888,33.942680178921,44,3,
resnet50_no_weights,CIFAR10,QAT,layer3.0.downsample.0,-3.814640998840332,3.510117292404175,7.324758291244507,0.028724543750286102,133,0.4092347025871277,0.7394702434539795,2.2321715354919434,5.454502077610843,17.898673413907357,44,3,
resnet50_no_weights,CIFAR10,QAT,layer3.1.conv1,-4.029951095581055,3.7168257236480713,7.746776819229126,0.030379515141248703,133,0.43698734045028687,0.6768397688865662,1.473973035812378,3.3730337228843865,17.72769163346146,44,3,
resnet50_no_weights,CIFAR10,QAT,layer3.1.conv2,-2.8546953201293945,3.6313507556915283,6.486046075820923,0.025435473769903183,112,0.34802913665771484,0.6465561389923096,1.4689339399337769,4.22072115582227,18.63650307589023,44,3,
resnet50_no_weights,CIFAR10,QAT,layer3.1.conv3,-5.844274520874023,5.2916789054870605,11.135953426361084,0.0436704084277153,134,0.09279973804950714,0.16215115785598755,0.6285343170166016,6.773018224267926,119.99983685751607,44,3,
resnet50_no_weights,CIFAR10,QAT,layer3.2.conv1,-4.801507472991943,4.433429718017578,9.234937191009521,0.036215443164110184,133,0.3974718451499939,0.6449751257896423,1.4266972541809082,3.589429720846053,23.23419206591736,44,3,
resnet50_no_weights,CIFAR10,QAT,layer3.2.conv2,-3.2115094661712646,3.994326114654541,7.205835580825806,0.028258178383111954,114,0.32728713750839233,0.5980640053749084,1.8589699268341064,5.679935792730133,22.016861510914197,44,3,
resnet50_no_weights,CIFAR10,QAT,layer3.2.conv3,-6.516582489013672,4.900869846343994,11.417452335357666,0.04477431997656822,146,0.07748923450708389,0.13323290646076202,0.4311579763889313,5.564101634653724,147.3424328938739,44,3,
resnet50_no_weights,CIFAR10,QAT,layer3.3.conv1,-5.196106433868408,4.091684818267822,9.28779125213623,0.03642271086573601,143,0.40707504749298096,0.6775336265563965,1.6440125703811646,4.0385982400690175,22.815918856574907,44,3,
resnet50_no_weights,CIFAR10,QAT,layer3.3.conv2,-2.529064416885376,3.8026232719421387,6.331687688827515,0.024830149486660957,102,0.3553057312965393,0.6342326998710632,2.0202136039733887,5.685845811159494,17.820392780388527,44,3,
resnet50_no_weights,CIFAR10,QAT,layer3.3.conv3,-2.901179790496826,2.5499119758605957,5.451091766357422,0.021376829594373703,136,0.09185215830802917,0.1521816849708557,0.44442084431648254,4.8384365974951065,59.34636558105701,44,3,
resnet50_no_weights,CIFAR10,QAT,layer3.4.conv1,-4.553369522094727,3.91986083984375,8.473230361938477,0.033228352665901184,137,0.3809330463409424,0.6548538208007812,1.6634247303009033,4.366711542301075,22.24335862516578,44,3,
resnet50_no_weights,CIFAR10,QAT,layer3.4.conv2,-3.3021161556243896,4.21929931640625,7.52141547203064,0.02949574775993824,112,0.3277541399002075,0.5899221301078796,1.9118748903274536,5.833259317211276,22.948346203409397,44,3,
resnet50_no_weights,CIFAR10,QAT,layer3.4.conv3,-2.094346523284912,2.0939152240753174,4.1882617473602295,0.01642455719411373,128,0.07546763867139816,0.1268547624349594,0.34369462728500366,4.554198770966211,55.49745322755883,44,3,
resnet50_no_weights,CIFAR10,QAT,layer3.5.conv1,-4.345269680023193,4.128293991088867,8.47356367111206,0.03322966396808624,131,0.3328701853752136,0.5540181398391724,1.1909875869750977,3.5779340995427633,25.45606078105373,44,3,
resnet50_no_weights,CIFAR10,QAT,layer3.5.conv2,-4.253611087799072,5.363678932189941,9.617290019989014,0.03771486505866051,113,0.2947426438331604,0.5370306968688965,1.4101221561431885,4.7842488545410164,32.62944884701821,44,3,
resnet50_no_weights,CIFAR10,QAT,layer3.5.conv3,-3.167020320892334,3.1195881366729736,6.286608457565308,0.024653367698192596,128,0.0699787586927414,0.13082344830036163,0.3568180203437805,5.0989475522204675,89.83595272342822,44,3,
resnet50_no_weights,CIFAR10,QAT,layer4.0.conv1,-4.813949108123779,4.571274757385254,9.385223865509033,0.03680479899048805,131,0.33976465463638306,0.5564839839935303,1.2260167598724365,3.6084293735159787,27.622719836921007,44,3,
resnet50_no_weights,CIFAR10,QAT,layer4.0.conv2,-5.040140628814697,4.661083698272705,9.701224327087402,0.03804401680827141,132,0.37869131565093994,0.6658065915107727,1.9728628396987915,5.2096859847646595,25.61776287478834,44,3,
resnet50_no_weights,CIFAR10,QAT,layer4.0.conv3,-8.945270538330078,10.586702346801758,19.531972885131836,0.0765959694981575,117,0.11680702865123749,0.2301960289478302,0.8662444949150085,7.416030566974202,167.2157327402824,44,3,
resnet50_no_weights,CIFAR10,QAT,layer4.0.downsample.0,-4.374997138977051,4.270052433013916,8.645049571990967,0.033902157098054886,129,0.357574462890625,0.6500040888786316,2.020766258239746,5.6513159298455236,24.17692108688231,44,3,
resnet50_no_weights,CIFAR10,QAT,layer4.1.conv1,-1.9953951835632324,2.104724407196045,4.100119590759277,0.016078900545835495,124,0.4536009132862091,0.7368794083595276,1.8126399517059326,3.996111777143202,9.039046154151414,44,3,
resnet50_no_weights,CIFAR10,QAT,layer4.1.conv2,-1.9136978387832642,1.7799911499023438,3.693688988685608,0.014485054649412632,132,0.33886387944221497,0.583206832408905,1.3575448989868164,4.006165842229617,10.900214548583888,44,3,
resnet50_no_weights,CIFAR10,QAT,layer4.1.conv3,-0.7210114598274231,1.54690682888031,2.267918288707733,0.008893797174096107,81,0.06897376477718353,0.15910929441452026,1.3266839981079102,19.234617718689123,32.88088298549652,44,3,
resnet50_no_weights,CIFAR10,QAT,layer4.2.conv1,-2.352290153503418,3.227558135986328,5.579848289489746,0.02188175730407238,108,0.37521132826805115,0.6578673124313354,1.5569279193878174,4.149469384558526,14.871214883745461,44,3,
resnet50_no_weights,CIFAR10,QAT,layer4.2.conv2,-1.4340643882751465,3.4914753437042236,4.92553973197937,0.019315842539072037,74,0.3847219944000244,0.7705528140068054,2.4769742488861084,6.438348430660847,12.802854538277101,44,3,
resnet50_no_weights,CIFAR10,QAT,layer4.2.conv3,-1.330212116241455,2.863386631011963,4.193598747253418,0.01644548587501049,81,0.11332967877388,0.27606189250946045,2.092600107192993,18.46471400813051,37.003535107698106,44,3,
resnet50_no_weights,CIFAR10,QAT,fc,-6.591286659240723,15.451677322387695,22.042963981628418,0.08644299954175949,76,9.928550720214844,12.672321319580078,13.705089569091797,1.3803716126652605,2.220159276292787,44,3,
resnet50_no_weights,CIFAR10,QAT,conv1,-3.757086992263794,5.673535346984863,9.430622339248657,0.03698283061385155,102,1.1189401944478352,1.77024241288503,3.7986804644266763,3.3954292595257294,8.432327185412971,aggregate,3,0.0775564597137909
resnet50_no_weights,CIFAR10,QAT,fc,-6.591286659240723,15.451677322387695,22.042963981628418,0.08644299954175949,76,10.223917007446289,12.939562479654947,13.445727984110514,1.3161390337744105,2.156935413423624,aggregate,3,0.10848573747452613
resnet50_no_weights,CIFAR10,QAT,layer1.0.conv1,-1.6504751443862915,3.5924975872039795,5.242972731590271,0.020560678094625473,80,0.5142698486646017,0.9419083396593729,3.3647708098093667,6.539102986029246,10.199055309864791,aggregate,3,0.6248334863015379
resnet50_no_weights,CIFAR10,QAT,layer1.0.conv2,-3.822434186935425,5.187313556671143,9.009747743606567,0.035332344472408295,108,0.5728147625923157,1.078256646792094,4.911212205886841,8.546282937159782,15.755387959176767,aggregate,3,1.2849443235372353
resnet50_no_weights,CIFAR10,QAT,layer1.0.conv3,-3.83247971534729,3.061746835708618,6.894226551055908,0.027036182582378387,142,0.5030258496602377,1.0266622304916382,2.6363083521525064,5.2391259289084635,13.707305601498565,aggregate,3,0.25454813582880614
resnet50_no_weights,CIFAR10,QAT,layer1.0.downsample.0,-4.143433094024658,3.9129393100738525,8.05637240409851,0.03159361705183983,131,0.6379284461339315,1.0894179344177246,3.3220485051472983,5.200664310610535,12.632136553966797,aggregate,3,0.8186830074865517
resnet50_no_weights,CIFAR10,QAT,layer1.1.conv1,-3.6350932121276855,2.527611017227173,6.162704229354858,0.024167468771338463,150,0.4856222867965698,0.7655343810717264,2.0131197770436606,4.14565274401428,12.690996182374617,aggregate,3,0.03529726035354834
resnet50_no_weights,CIFAR10,QAT,layer1.1.conv2,-1.473968267440796,2.8404054641723633,4.314373731613159,0.01691911369562149,87,0.4728734890619914,0.7828368345896403,1.853806495666504,3.921345733927961,9.123988782443538,aggregate,3,0.2586456859019321
resnet50_no_weights,CIFAR10,QAT,layer1.1.conv3,-6.485410213470459,4.157614231109619,10.643024444580078,0.041737351566553116,155,0.32937193910280865,0.6756190260251363,3.244636376698812,9.851837730509542,32.315145822817016,aggregate,3,0.13159569887862083
resnet50_no_weights,CIFAR10,QAT,layer1.2.conv1,-2.390465497970581,2.4722654819488525,4.862730979919434,0.019069533795118332,125,0.545186460018158,0.9424995382626852,1.9625507990519206,3.6004881438714755,8.921223406786327,aggregate,3,0.07949952821543523
resnet50_no_weights,CIFAR10,QAT,layer1.2.conv2,-2.436474323272705,2.8476169109344482,5.284091234207153,0.020721925422549248,118,0.5734369953473409,1.0634211699167888,2.5985403855641684,4.523267673105897,9.21622552319914,aggregate,3,0.9904067926601557
resnet50_no_weights,CIFAR10,QAT,layer1.2.conv3,-3.6125710010528564,5.441657066345215,9.054228067398071,0.035506777465343475,102,0.25767502188682556,0.589603583017985,3.334449529647827,12.943741262176102,35.14260046043436,aggregate,3,0.36206226453512885
resnet50_no_weights,CIFAR10,QAT,layer2.0.conv1,-2.326606273651123,2.7027125358581543,5.029318809509277,0.019722819328308105,118,0.6229430437088013,1.191377321879069,2.4681081771850586,3.960874395705339,8.075215012388183,aggregate,3,0.26717865488593634
resnet50_no_weights,CIFAR10,QAT,layer2.0.conv2,-3.3428478240966797,3.2750327587127686,6.617880582809448,0.025952473282814026,129,0.5755253831545512,1.1079350709915161,2.8878839015960693,5.018479735673703,11.501160408218473,aggregate,3,0.3615931078838346
resnet50_no_weights,CIFAR10,QAT,layer2.0.conv3,-5.809420585632324,6.657217979431152,12.466638565063477,0.04888878017663956,119,0.5746378302574158,1.0049488544464111,3.560422738393148,6.1960571149554315,21.69502338887334,aggregate,3,0.053864729686505276
resnet50_no_weights,CIFAR10,QAT,layer2.0.downsample.0,-1.8751250505447388,2.9645800590515137,4.839705109596252,0.018979234620928764,99,0.5157935818036398,0.8783619006474813,2.703369140625,5.2379405347117824,9.384889013667207,aggregate,3,0.5844167266418413
resnet50_no_weights,CIFAR10,QAT,layer2.1.conv1,-1.6792405843734741,2.5376334190368652,4.216874003410339,0.016536761075258255,102,0.44849011301994324,0.7494704325993856,1.4594273169835408,3.2542429230248655,9.40352453682421,aggregate,3,0.022352389828307062
resnet50_no_weights,CIFAR10,QAT,layer2.1.conv2,-2.202876567840576,4.093162536621094,6.29603910446167,0.024690348654985428,89,0.4248587687810262,0.7543087800343832,1.814988136291504,4.272090741134414,14.820648089023273,aggregate,3,0.01609062459958438
resnet50_no_weights,CIFAR10,QAT,layer2.1.conv3,-15.836856842041016,16.124433517456055,31.96129035949707,0.1253383904695511,126,0.3700016140937805,0.7522197564442953,2.7076119581858316,7.319291161674165,86.40245026343582,aggregate,3,0.22155798038455313
resnet50_no_weights,CIFAR10,QAT,layer2.2.conv1,-3.5145421028137207,3.289114475250244,6.803656578063965,0.02668100595474243,132,0.40132922927538556,0.7463582555452982,1.690442641576131,4.213385767865561,16.954148216593055,aggregate,3,0.1802167337541328
resnet50_no_weights,CIFAR10,QAT,layer2.2.conv2,-3.0007901191711426,4.477757453918457,7.4785475730896,0.0293276384472847,102,0.3572027285893758,0.6649209459622701,1.4729605913162231,4.1236004990939765,20.937524286112115,aggregate,3,0.0390653013422474
resnet50_no_weights,CIFAR10,QAT,layer2.2.conv3,-11.649043083190918,10.523221969604492,22.17226505279541,0.08695005625486374,134,0.1594308614730835,0.3036632339159648,1.2459283272425334,7.8127754211795635,139.07718400268084,aggregate,3,0.5731065567696514
resnet50_no_weights,CIFAR10,QAT,layer2.3.conv1,-3.138540029525757,3.385169267654419,6.523709297180176,0.0255831740796566,123,0.4596644341945648,0.838300863901774,2.0170865058898926,4.3810720979383575,14.196048470432933,aggregate,3,0.5884236893096252
resnet50_no_weights,CIFAR10,QAT,layer2.3.conv2,-4.652151107788086,4.338837623596191,8.990988731384277,0.03525878116488457,132,0.38048043847084045,0.7590391834576925,2.121424078941345,5.568341486618875,23.63723238858101,aggregate,3,0.5820214904809455
resnet50_no_weights,CIFAR10,QAT,layer2.3.conv3,-6.020198345184326,4.299919605255127,10.320117950439453,0.04047105088829994,149,0.085392360885938,0.15444079538186392,0.6831847826639811,8.009754562799401,120.95963576752688,aggregate,3,0.4255636436030924
resnet50_no_weights,CIFAR10,QAT,layer3.0.conv1,-3.467703342437744,3.875379800796509,7.343083143234253,0.028796404600143433,120,0.478494793176651,0.8322297930717468,3.5080910523732505,7.3321921406946675,15.34666205176099,aggregate,3,0.4744409765205586
resnet50_no_weights,CIFAR10,QAT,layer3.0.conv2,-3.285633087158203,3.077049970626831,6.362683057785034,0.024951700121164322,132,0.5247008999188741,0.94228462378184,2.24627955754598,4.283270629004761,12.128428522067177,aggregate,3,0.3545309697068451
resnet50_no_weights,CIFAR10,QAT,layer3.0.conv3,-2.993419885635376,4.3344902992248535,7.3279101848602295,0.0287369042634964,104,0.21199200054009756,0.3688417077064514,1.334461251894633,6.300076193474141,34.572892133122075,aggregate,3,0.48400832097648677
resnet50_no_weights,CIFAR10,QAT,layer3.0.downsample.0,-3.814640998840332,3.510117292404175,7.324758291244507,0.028724543750286102,133,0.4080607791741689,0.7272128065427145,2.134639104207357,5.229739814337651,17.950713511567358,aggregate,3,0.33001405575797743
resnet50_no_weights,CIFAR10,QAT,layer3.1.conv1,-4.029951095581055,3.7168257236480713,7.746776819229126,0.030379515141248703,133,0.4296871821085612,0.6672681371370951,1.3685269355773926,3.183889425797318,18.032165474116503,aggregate,3,0.1975549512863234
resnet50_no_weights,CIFAR10,QAT,layer3.1.conv2,-2.8546953201293945,3.6313507556915283,6.486046075820923,0.025435473769903183,112,0.3388890822728475,0.6282988588015238,1.6305622657140095,4.81764718022052,19.146235753013666,aggregate,3,0.8647925226061903
resnet50_no_weights,CIFAR10,QAT,layer3.1.conv3,-5.844274520874023,5.2916789054870605,11.135953426361084,0.0436704084277153,134,0.09008397161960602,0.1576138287782669,0.5203673640886942,5.761208699018546,123.67452252693788,aggregate,3,0.8762591043312379
resnet50_no_weights,CIFAR10,QAT,layer3.2.conv1,-4.801507472991943,4.433429718017578,9.234937191009521,0.036215443164110184,133,0.39228994647661847,0.6418836712837219,1.6254785060882568,4.146890721092392,23.543301875936365,aggregate,3,0.5112493508306943
resnet50_no_weights,CIFAR10,QAT,layer3.2.conv2,-3.2115094661712646,3.994326114654541,7.205835580825806,0.028258178383111954,114,0.3237292269865672,0.589279055595398,1.7384390036265056,5.368638253112217,22.26065043446724,aggregate,3,0.2818538965579009
resnet50_no_weights,CIFAR10,QAT,layer3.2.conv3,-6.516582489013672,4.900869846343994,11.417452335357666,0.04477431997656822,146,0.07686372598012288,0.13245102763175964,0.4168449540932973,5.4269267709629485,148.56918688318862,aggregate,3,0.44549314555495056
resnet50_no_weights,CIFAR10,QAT,layer3.3.conv1,-5.196106433868408,4.091684818267822,9.28779125213623,0.03642271086573601,143,0.4024930198987325,0.6797615687052408,1.5695853233337402,3.898682588928626,23.07740976508957,aggregate,3,0.13771298518567704
resnet50_no_weights,CIFAR10,QAT,layer3.3.conv2,-2.529064416885376,3.8026232719421387,6.331687688827515,0.024830149486660957,102,0.352765421072642,0.6356320977210999,1.887851079305013,5.348227593852633,17.94966045189684,aggregate,3,0.5874884828241423
resnet50_no_weights,CIFAR10,QAT,layer3.3.conv3,-2.901179790496826,2.5499119758605957,5.451091766357422,0.021376829594373703,136,0.09181982278823853,0.15412152806917825,0.4342042803764343,4.728411089766677,59.3741742193935,aggregate,3,0.107733181844792
resnet50_no_weights,CIFAR10,QAT,layer3.4.conv1,-4.553369522094727,3.91986083984375,8.473230361938477,0.033228352665901184,137,0.3743823667367299,0.6473722060521444,1.7036887804667156,4.552780896343103,22.636716065960663,aggregate,3,0.19347240799716414
resnet50_no_weights,CIFAR10,QAT,layer3.4.conv2,-3.3021161556243896,4.21929931640625,7.52141547203064,0.02949574775993824,112,0.32282084226608276,0.5818002820014954,2.0980013608932495,6.5066821087431945,23.30361883146147,aggregate,3,0.6826218776114052
resnet50_no_weights,CIFAR10,QAT,layer3.4.conv3,-2.094346523284912,2.0939152240753174,4.1882617473602295,0.01642455719411373,128,0.07366256167491277,0.1251649186015129,0.3569446603457133,4.841307974095729,56.894511916883815,aggregate,3,0.5775886105134028
resnet50_no_weights,CIFAR10,QAT,layer3.5.conv1,-4.345269680023193,4.128293991088867,8.47356367111206,0.03322966396808624,131,0.3309706250826518,0.5559552709261576,1.3872534434000652,4.19475335309332,25.602913914197757,aggregate,3,0.7438153797910905
resnet50_no_weights,CIFAR10,QAT,layer3.5.conv2,-4.253611087799072,5.363678932189941,9.617290019989014,0.03771486505866051,113,0.2972743511199951,0.5475831031799316,1.4277870257695515,4.802290244813884,32.35300297679885,aggregate,3,0.2403066902181704
resnet50_no_weights,CIFAR10,QAT,layer3.5.conv3,-3.167020320892334,3.1195881366729736,6.286608457565308,0.024653367698192596,128,0.0697823315858841,0.1368023306131363,0.3968900640805562,5.688913295712081,90.10235951808055,aggregate,3,0.5138482573984319
resnet50_no_weights,CIFAR10,QAT,layer4.0.conv1,-4.813949108123779,4.571274757385254,9.385223865509033,0.03680479899048805,131,0.3393729329109192,0.5632575949033102,1.456055998802185,4.290466346988138,27.65532449826047,aggregate,3,0.597036607397231
resnet50_no_weights,CIFAR10,QAT,layer4.0.conv2,-5.040140628814697,4.661083698272705,9.701224327087402,0.03804401680827141,132,0.37988359729448956,0.6720344622929891,2.0504979689915976,5.397820363869474,25.5376644299155,aggregate,3,0.25178905327377404
resnet50_no_weights,CIFAR10,QAT,layer4.0.conv3,-8.945270538330078,10.586702346801758,19.531972885131836,0.0765959694981575,117,0.1161135161916415,0.22860467433929443,0.8481637040774027,7.304636488021668,168.2441522404613,aggregate,3,0.10272063867891269
resnet50_no_weights,CIFAR10,QAT,layer4.0.downsample.0,-4.374997138977051,4.270052433013916,8.645049571990967,0.033902157098054886,129,0.3581361174583435,0.6502417723337809,1.938271164894104,5.413577015933919,24.139582239578,aggregate,3,0.3886324555552296
resnet50_no_weights,CIFAR10,QAT,layer4.1.conv1,-1.9953951835632324,2.104724407196045,4.100119590759277,0.016078900545835495,124,0.45541688799858093,0.7527187665303549,1.8741771380106609,4.115757438864159,9.003432504476416,aggregate,3,0.17002193884158762
resnet50_no_weights,CIFAR10,QAT,layer4.1.conv2,-1.9136978387832642,1.7799911499023438,3.693688988685608,0.014485054649412632,132,0.3434210916360219,0.6014222900072733,1.592219869295756,4.631565138319622,10.75660235089805,aggregate,3,0.609988776162817
resnet50_no_weights,CIFAR10,QAT,layer4.1.conv3,-0.7210114598274231,1.54690682888031,2.267918288707733,0.008893797174096107,81,0.07084097961584727,0.16610426704088846,1.3335493405659993,18.86651527654155,32.03154048369424,aggregate,3,3.257787620355797
resnet50_no_weights,CIFAR10,QAT,layer4.2.conv1,-2.352290153503418,3.227558135986328,5.579848289489746,0.02188175730407238,108,0.3842316468556722,0.6799895763397217,1.7312036355336506,4.500592230846751,14.527609131146722,aggregate,3,0.32309575784008815
resnet50_no_weights,CIFAR10,QAT,layer4.2.conv2,-1.4340643882751465,3.4914753437042236,4.92553973197937,0.019315842539072037,74,0.39943748712539673,0.799831489721934,2.743772029876709,6.870784077084074,12.346281713072061,aggregate,3,0.6241192536769735
resnet50_no_weights,CIFAR10,QAT,layer4.2.conv3,-1.330212116241455,2.863386631011963,4.193598747253418,0.01644548587501049,81,0.11466267208258311,0.28607820471127826,2.50675892829895,21.851772510734854,36.596406484468424,aggregate,3,2.9727788474926675
