model,dataset,variant,canonical_layer,weight_shape,trace_raw,trace_per_param,probe_seed,seed,n_seeds,metric_std
resnet50_no_weights,CIFAR10,fp32_unfused,conv1,"(64, 3, 3, 3)",14.137865960597992,0.00818163539386458,42,42,3,
resnet50_no_weights,CIFAR10,fp32_unfused,conv1,"(64, 3, 3, 3)",13.302233065877642,0.007698051542753265,43,43,3,
resnet50_no_weights,CIFAR10,fp32_unfused,conv1,"(64, 3, 3, 3)",16.363703876071504,0.009469736039393231,44,44,3,
resnet50_no_weights,CIFAR10,fp32_unfused,conv1,"(64, 3, 3, 3)",14.60126763418238,0.008449807658670358,"42,43,44",aggregate,3,1.5824685506283764
resnet50_no_weights,CIFAR10,fp32_unfused,layer1.0.conv1,"(64, 64, 1, 1)",3.554247159706919,0.000867736122975322,42,42,3,
resnet50_no_weights,CIFAR10,fp32_unfused,layer1.0.conv1,"(64, 64, 1, 1)",4.7987989485263824,0.0011715817745425738,43,43,3,
resnet50_no_weights,CIFAR10,fp32_unfused,layer1.0.conv1,"(64, 64, 1, 1)",4.06991520906106,0.0009936316428371728,44,44,3,
resnet50_no_weights,CIFAR10,fp32_unfused,layer1.0.conv1,"(64, 64, 1, 1)",4.140987105764787,0.0010109831801183562,"42,43,44",aggregate,3,0.6253124815955864
resnet50_no_weights,CIFAR10,fp32_unfused,layer1.0.conv2,"(64, 64, 3, 3)",4.263462866053862,0.00011565383208696457,42,42,3,
resnet50_no_weights,CIFAR10,fp32_unfused,layer1.0.conv2,"(64, 64, 3, 3)",4.158682875714059,0.00011281149293929197,43,43,3,
resnet50_no_weights,CIFAR10,fp32_unfused,layer1.0.conv2,"(64, 64, 3, 3)",3.3226645390192666,9.01330441357223e-05,44,44,3,
resnet50_no_weights,CIFAR10,fp32_unfused,layer1.0.conv2,"(64, 64, 3, 3)",3.914936760262396,0.00010619945638732628,"42,43,44",aggregate,3,0.5155914076437902
resnet50_no_weights,CIFAR10,fp32_unfused,layer1.0.conv3,"(256, 64, 1, 1)",2.9797678206648146,0.00018187059452299894,42,42,3,
resnet50_no_weights,CIFAR10,fp32_unfused,layer1.0.conv3,"(256, 64, 1, 1)",2.76557702367956,0.0001687974257616919,43,43,3,
resnet50_no_weights,CIFAR10,fp32_unfused,layer1.0.conv3,"(256, 64, 1, 1)",2.8546064159144526,0.0001742313486275911,44,44,3,
resnet50_no_weights,CIFAR10,fp32_unfused,layer1.0.conv3,"(256, 64, 1, 1)",2.866650420086276,0.000174966456304094,"42,43,44",aggregate,3,0.10760212779337965
resnet50_no_weights,CIFAR10,fp32_unfused,layer1.0.downsample.0,"(256, 64, 1, 1)",19.749549229939777,0.0012054168231164415,42,42,3,
resnet50_no_weights,CIFAR10,fp32_unfused,layer1.0.downsample.0,"(256, 64, 1, 1)",15.836316390471024,0.000966572045316835,43,43,3,
resnet50_no_weights,CIFAR10,fp32_unfused,layer1.0.downsample.0,"(256, 64, 1, 1)",16.283196407815684,0.000993847437000469,44,44,3,
resnet50_no_weights,CIFAR10,fp32_unfused,layer1.0.downsample.0,"(256, 64, 1, 1)",17.289687342742162,0.0010552787684779152,"42,43,44",aggregate,3,2.1419887524310326
resnet50_no_weights,CIFAR10,fp32_unfused,layer1.1.conv1,"(64, 256, 1, 1)",2.6094389280607535,0.0001592675126990206,42,42,3,
resnet50_no_weights,CIFAR10,fp32_unfused,layer1.1.conv1,"(64, 256, 1, 1)",2.3034548399583348,0.0001405917260716757,43,43,3,
resnet50_no_weights,CIFAR10,fp32_unfused,layer1.1.conv1,"(64, 256, 1, 1)",2.8446234981218974,0.0001736220396802916,44,44,3,
resnet50_no_weights,CIFAR10,fp32_unfused,layer1.1.conv1,"(64, 256, 1, 1)",2.5858390887136617,0.00015782709281699596,"42,43,44",aggregate,3,0.27135510582545547
resnet50_no_weights,CIFAR10,fp32_unfused,layer1.1.conv2,"(64, 64, 3, 3)",3.498269236087799,9.489662641297198e-05,42,42,3,
resnet50_no_weights,CIFAR10,fp32_unfused,layer1.1.conv2,"(64, 64, 3, 3)",3.532465545754684,9.58242606812794e-05,43,43,3,
resnet50_no_weights,CIFAR10,fp32_unfused,layer1.1.conv2,"(64, 64, 3, 3)",3.2700558322848696,8.870594163099147e-05,44,44,3,
resnet50_no_weights,CIFAR10,fp32_unfused,layer1.1.conv2,"(64, 64, 3, 3)",3.433596871375784,9.314227624174761e-05,"42,43,44",aggregate,3,0.14265903581235367
resnet50_no_weights,CIFAR10,fp32_unfused,layer1.1.conv3,"(256, 64, 1, 1)",2.746193528175354,0.0001676143510849215,42,42,3,
resnet50_no_weights,CIFAR10,fp32_unfused,layer1.1.conv3,"(256, 64, 1, 1)",2.375783480446914,0.00014500631594524622,43,43,3,
resnet50_no_weights,CIFAR10,fp32_unfused,layer1.1.conv3,"(256, 64, 1, 1)",2.6080687739411177,0.00015918388512824205,44,44,3,
resnet50_no_weights,CIFAR10,fp32_unfused,layer1.1.conv3,"(256, 64, 1, 1)",2.5766819275211286,0.00015726818405280326,"42,43,44",aggregate,3,0.18718907943758442
resnet50_no_weights,CIFAR10,fp32_unfused,layer1.2.conv1,"(64, 256, 1, 1)",5.416573464870453,0.000330601407767972,42,42,3,
resnet50_no_weights,CIFAR10,fp32_unfused,layer1.2.conv1,"(64, 256, 1, 1)",4.541359779380617,0.0002771826037219615,43,43,3,
resnet50_no_weights,CIFAR10,fp32_unfused,layer1.2.conv1,"(64, 256, 1, 1)",4.852889835834503,0.00029619688939419575,44,44,3,
resnet50_no_weights,CIFAR10,fp32_unfused,layer1.2.conv1,"(64, 256, 1, 1)",4.936941026695191,0.0003013269669613764,"42,43,44",aggregate,3,0.4436194324316736
resnet50_no_weights,CIFAR10,fp32_unfused,layer1.2.conv2,"(64, 64, 3, 3)",11.514686322212219,0.0003123558572648714,42,42,3,
resnet50_no_weights,CIFAR10,fp32_unfused,layer1.2.conv2,"(64, 64, 3, 3)",12.893070220947266,0.0003497469135456615,43,43,3,
resnet50_no_weights,CIFAR10,fp32_unfused,layer1.2.conv2,"(64, 64, 3, 3)",12.233762198481067,0.0003318620388042824,44,44,3,
resnet50_no_weights,CIFAR10,fp32_unfused,layer1.2.conv2,"(64, 64, 3, 3)",12.21383958054685,0.0003313216032049384,"42,43,44",aggregate,3,0.6894078807948322
resnet50_no_weights,CIFAR10,fp32_unfused,layer1.2.conv3,"(256, 64, 1, 1)",5.5304320851961775,0.000337550786449962,42,42,3,
resnet50_no_weights,CIFAR10,fp32_unfused,layer1.2.conv3,"(256, 64, 1, 1)",5.291463176409404,0.0003229652817632693,43,43,3,
resnet50_no_weights,CIFAR10,fp32_unfused,layer1.2.conv3,"(256, 64, 1, 1)",5.349662292003631,0.00032651747387717477,44,44,3,
resnet50_no_weights,CIFAR10,fp32_unfused,layer1.2.conv3,"(256, 64, 1, 1)",5.390519184536404,0.000329011180696802,"42,43,44",aggregate,3,0.12461339852624696
resnet50_no_weights,CIFAR10,fp32_unfused,layer2.0.conv1,"(128, 256, 1, 1)",13.320055136313805,0.00040649582325176406,42,42,3,
resnet50_no_weights,CIFAR10,fp32_unfused,layer2.0.conv1,"(128, 256, 1, 1)",12.933722712099552,0.00039470589331358497,43,43,3,
resnet50_no_weights,CIFAR10,fp32_unfused,layer2.0.conv1,"(128, 256, 1, 1)",13.212926616668701,0.000403226520284079,44,44,3,
resnet50_no_weights,CIFAR10,fp32_unfused,layer2.0.conv1,"(128, 256, 1, 1)",13.155568155027353,0.00040147607894980937,"42,43,44",aggregate,3,0.199450947205602
resnet50_no_weights,CIFAR10,fp32_unfused,layer2.0.conv2,"(128, 128, 3, 3)",25.384411343506404,0.00017214905696279843,42,42,3,
resnet50_no_weights,CIFAR10,fp32_unfused,layer2.0.conv2,"(128, 128, 3, 3)",19.872223717825754,0.00013476714218360565,43,43,3,
resnet50_no_weights,CIFAR10,fp32_unfused,layer2.0.conv2,"(128, 128, 3, 3)",26.20989887081847,0.00017774725254190044,44,44,3,
resnet50_no_weights,CIFAR10,fp32_unfused,layer2.0.conv2,"(128, 128, 3, 3)",23.822177977383543,0.0001615544838961015,"42,43,44",aggregate,3,3.445571273952403
resnet50_no_weights,CIFAR10,fp32_unfused,layer2.0.conv3,"(512, 128, 1, 1)",24.58703204913017,0.0003751683357106044,42,42,3,
resnet50_no_weights,CIFAR10,fp32_unfused,layer2.0.conv3,"(512, 128, 1, 1)",28.947147250175476,0.0004416984138515545,43,43,3,
resnet50_no_weights,CIFAR10,fp32_unfused,layer2.0.conv3,"(512, 128, 1, 1)",28.164071760679548,0.0004297496301373222,44,44,3,
resnet50_no_weights,CIFAR10,fp32_unfused,layer2.0.conv3,"(512, 128, 1, 1)",27.2327503533284,0.0004155387932331604,"42,43,44",aggregate,3,2.324472158241411
resnet50_no_weights,CIFAR10,fp32_unfused,layer2.0.downsample.0,"(512, 256, 1, 1)",34.904072180026915,0.0002662969374086526,42,42,3,
resnet50_no_weights,CIFAR10,fp32_unfused,layer2.0.downsample.0,"(512, 256, 1, 1)",36.91444922602454,0.0002816348970491374,43,43,3,
resnet50_no_weights,CIFAR10,fp32_unfused,layer2.0.downsample.0,"(512, 256, 1, 1)",32.837493896484375,0.00025053019635379314,44,44,3,
resnet50_no_weights,CIFAR10,fp32_unfused,layer2.0.downsample.0,"(512, 256, 1, 1)",34.88533843417861,0.0002661540102705277,"42,43,44",aggregate,3,2.0385422253884307
resnet50_no_weights,CIFAR10,fp32_unfused,layer2.1.conv1,"(128, 512, 1, 1)",3.565877475856263,5.441097222681065e-05,42,42,3,
resnet50_no_weights,CIFAR10,fp32_unfused,layer2.1.conv1,"(128, 512, 1, 1)",2.9837743100665866,4.5528782807412515e-05,43,43,3,
resnet50_no_weights,CIFAR10,fp32_unfused,layer2.1.conv1,"(128, 512, 1, 1)",3.478716821140713,5.308100618195668e-05,44,44,3,
resnet50_no_weights,CIFAR10,fp32_unfused,layer2.1.conv1,"(128, 512, 1, 1)",3.3427895356878543,5.1006920405393285e-05,"42,43,44",aggregate,3,0.313955719972623
resnet50_no_weights,CIFAR10,fp32_unfused,layer2.1.conv2,"(128, 128, 3, 3)",5.583659739721389,3.786661607341437e-05,42,42,3,
resnet50_no_weights,CIFAR10,fp32_unfused,layer2.1.conv2,"(128, 128, 3, 3)",5.988215333537052,4.06101842823422e-05,43,43,3,
resnet50_no_weights,CIFAR10,fp32_unfused,layer2.1.conv2,"(128, 128, 3, 3)",6.7847104753766745,4.601176266395857e-05,44,44,3,
resnet50_no_weights,CIFAR10,fp32_unfused,layer2.1.conv2,"(128, 128, 3, 3)",6.118861849545039,4.1496187673238384e-05,"42,43,44",aggregate,3,0.6110909110053058
resnet50_no_weights,CIFAR10,fp32_unfused,layer2.1.conv3,"(512, 128, 1, 1)",8.095006219271955,0.00012351999235949638,42,42,3,
resnet50_no_weights,CIFAR10,fp32_unfused,layer2.1.conv3,"(512, 128, 1, 1)",7.837778641627385,0.00011959501101116005,43,43,3,
resnet50_no_weights,CIFAR10,fp32_unfused,layer2.1.conv3,"(512, 128, 1, 1)",8.313890048435756,0.0001268598945378991,44,44,3,
resnet50_no_weights,CIFAR10,fp32_unfused,layer2.1.conv3,"(512, 128, 1, 1)",8.082224969778366,0.00012332496596951853,"42,43,44",aggregate,3,0.23831289972895814
resnet50_no_weights,CIFAR10,fp32_unfused,layer2.2.conv1,"(128, 512, 1, 1)",4.386729505327013,6.693618019602986e-05,42,42,3,
resnet50_no_weights,CIFAR10,fp32_unfused,layer2.2.conv1,"(128, 512, 1, 1)",4.858444011002256,7.413397233584986e-05,43,43,3,
resnet50_no_weights,CIFAR10,fp32_unfused,layer2.2.conv1,"(128, 512, 1, 1)",3.236308553002097,4.93821495514236e-05,44,44,3,
resnet50_no_weights,CIFAR10,fp32_unfused,layer2.2.conv1,"(128, 512, 1, 1)",4.160494023110456,6.348410069443444e-05,"42,43,44",aggregate,3,0.8343966269620613
resnet50_no_weights,CIFAR10,fp32_unfused,layer2.2.conv2,"(128, 128, 3, 3)",6.583579321702321,4.4647754731596685e-05,42,42,3,
resnet50_no_weights,CIFAR10,fp32_unfused,layer2.2.conv2,"(128, 128, 3, 3)",8.172801831189323,5.542535964076961e-05,43,43,3,
resnet50_no_weights,CIFAR10,fp32_unfused,layer2.2.conv2,"(128, 128, 3, 3)",8.61640505168749,5.843373651589281e-05,44,44,3,
resnet50_no_weights,CIFAR10,fp32_unfused,layer2.2.conv2,"(128, 128, 3, 3)",7.790928734859712,5.283561696275304e-05,"42,43,44",aggregate,3,1.0688617349300646
resnet50_no_weights,CIFAR10,fp32_unfused,layer2.2.conv3,"(512, 128, 1, 1)",7.712771415710449,0.00011768755211960524,42,42,3,
resnet50_no_weights,CIFAR10,fp32_unfused,layer2.2.conv3,"(512, 128, 1, 1)",6.930860711682227,0.00010575654162112773,43,43,3,
resnet50_no_weights,CIFAR10,fp32_unfused,layer2.2.conv3,"(512, 128, 1, 1)",6.862128893534343,0.00010470777730612706,44,44,3,
resnet50_no_weights,CIFAR10,fp32_unfused,layer2.2.conv3,"(512, 128, 1, 1)",7.168587006975673,0.00010938395701562001,"42,43,44",aggregate,3,0.47252885492739166
resnet50_no_weights,CIFAR10,fp32_unfused,layer2.3.conv1,"(128, 512, 1, 1)",4.860019604365031,7.415801398262072e-05,42,42,3,
resnet50_no_weights,CIFAR10,fp32_unfused,layer2.3.conv1,"(128, 512, 1, 1)",6.653579305719446,0.00010152556313658822,43,43,3,
resnet50_no_weights,CIFAR10,fp32_unfused,layer2.3.conv1,"(128, 512, 1, 1)",5.567266325796804,8.494974252009283e-05,44,44,3,
resnet50_no_weights,CIFAR10,fp32_unfused,layer2.3.conv1,"(128, 512, 1, 1)",5.69362174529376,8.687777321310059e-05,"42,43,44",aggregate,3,0.9034314415647837
resnet50_no_weights,CIFAR10,fp32_unfused,layer2.3.conv2,"(128, 128, 3, 3)",15.876106103261312,0.00010766673518379254,42,42,3,
resnet50_no_weights,CIFAR10,fp32_unfused,layer2.3.conv2,"(128, 128, 3, 3)",15.820520973205566,0.00010728977439511153,43,43,3,
resnet50_no_weights,CIFAR10,fp32_unfused,layer2.3.conv2,"(128, 128, 3, 3)",11.409021556377411,7.737237926145706e-05,44,44,3,
resnet50_no_weights,CIFAR10,fp32_unfused,layer2.3.conv2,"(128, 128, 3, 3)",14.36854954428143,9.744296294678704e-05,"42,43,44",aggregate,3,2.5631771027498735
resnet50_no_weights,CIFAR10,fp32_unfused,layer2.3.conv3,"(512, 128, 1, 1)",11.226499021053314,0.00017130278047261527,42,42,3,
resnet50_no_weights,CIFAR10,fp32_unfused,layer2.3.conv3,"(512, 128, 1, 1)",8.738721397187975,0.0001333423064756466,43,43,3,
resnet50_no_weights,CIFAR10,fp32_unfused,layer2.3.conv3,"(512, 128, 1, 1)",8.389199357032776,0.00012800902339222376,44,44,3,
resnet50_no_weights,CIFAR10,fp32_unfused,layer2.3.conv3,"(512, 128, 1, 1)",9.451473258424688,0.00014421803678016186,"42,43,44",aggregate,3,1.5471195033464815
resnet50_no_weights,CIFAR10,fp32_unfused,layer3.0.conv1,"(256, 512, 1, 1)",46.078123507292375,0.0003515481834967985,42,42,3,
resnet50_no_weights,CIFAR10,fp32_unfused,layer3.0.conv1,"(256, 512, 1, 1)",36.772964707736314,0.0002805554558390527,43,43,3,
resnet50_no_weights,CIFAR10,fp32_unfused,layer3.0.conv1,"(256, 512, 1, 1)",47.430091519509595,0.0003618628808556335,44,44,3,
resnet50_no_weights,CIFAR10,fp32_unfused,layer3.0.conv1,"(256, 512, 1, 1)",43.427059911512764,0.0003313221733971616,"42,43,44",aggregate,3,5.802128196808925
resnet50_no_weights,CIFAR10,fp32_unfused,layer3.0.conv2,"(256, 256, 3, 3)",40.40036573410034,6.849562875383223e-05,42,42,3,
resnet50_no_weights,CIFAR10,fp32_unfused,layer3.0.conv2,"(256, 256, 3, 3)",39.68683609595666,6.728589561624596e-05,43,43,3,
resnet50_no_weights,CIFAR10,fp32_unfused,layer3.0.conv2,"(256, 256, 3, 3)",37.64895813281719,6.383083450795016e-05,44,44,3,
resnet50_no_weights,CIFAR10,fp32_unfused,layer3.0.conv2,"(256, 256, 3, 3)",39.245386654291394,6.653745295934278e-05,"42,43,44",aggregate,3,1.4278372296097337
resnet50_no_weights,CIFAR10,fp32_unfused,layer3.0.conv3,"(1024, 256, 1, 1)",28.464024437798393,0.00010858163619155271,42,42,3,
resnet50_no_weights,CIFAR10,fp32_unfused,layer3.0.conv3,"(1024, 256, 1, 1)",29.926894075730267,0.00011416204099933726,43,43,3,
resnet50_no_weights,CIFAR10,fp32_unfused,layer3.0.conv3,"(1024, 256, 1, 1)",26.578703353279515,0.00010138970700561338,44,44,3,
resnet50_no_weights,CIFAR10,fp32_unfused,layer3.0.conv3,"(1024, 256, 1, 1)",28.323207288936057,0.00010804446139883445,"42,43,44",aggregate,3,1.6785313165194775
resnet50_no_weights,CIFAR10,fp32_unfused,layer3.0.downsample.0,"(1024, 512, 1, 1)",38.54027856564989,7.350974763040522e-05,42,42,3,
resnet50_no_weights,CIFAR10,fp32_unfused,layer3.0.downsample.0,"(1024, 512, 1, 1)",39.88483031252597,7.607427656655497e-05,43,43,3,
resnet50_no_weights,CIFAR10,fp32_unfused,layer3.0.downsample.0,"(1024, 512, 1, 1)",38.41607157389323,7.327284159449239e-05,44,44,3,
resnet50_no_weights,CIFAR10,fp32_unfused,layer3.0.downsample.0,"(1024, 512, 1, 1)",38.947060150689694,7.428562193048419e-05,"42,43,44",aggregate,3,0.8145038376356085
resnet50_no_weights,CIFAR10,fp32_unfused,layer3.1.conv1,"(256, 1024, 1, 1)",7.9166053802736345,3.0199452897161997e-05,42,42,3,
resnet50_no_weights,CIFAR10,fp32_unfused,layer3.1.conv1,"(256, 1024, 1, 1)",7.311792638566759,2.789227538515762e-05,43,43,3,
resnet50_no_weights,CIFAR10,fp32_unfused,layer3.1.conv1,"(256, 1024, 1, 1)",8.431212295185436,3.216252248834776e-05,44,44,3,
resnet50_no_weights,CIFAR10,fp32_unfused,layer3.1.conv1,"(256, 1024, 1, 1)",7.886536771341943,3.0084750256889125e-05,"42,43,44",aggregate,3,0.560315253083819
resnet50_no_weights,CIFAR10,fp32_unfused,layer3.1.conv2,"(256, 256, 3, 3)",18.989897476999385,3.2195871102226064e-05,42,42,3,
resnet50_no_weights,CIFAR10,fp32_unfused,layer3.1.conv2,"(256, 256, 3, 3)",20.56933036927254,3.487367480684499e-05,43,43,3,
resnet50_no_weights,CIFAR10,fp32_unfused,layer3.1.conv2,"(256, 256, 3, 3)",19.637381841970043,3.32936296962654e-05,44,44,3,
resnet50_no_weights,CIFAR10,fp32_unfused,layer3.1.conv2,"(256, 256, 3, 3)",19.73220322941399,3.3454391868445484e-05,"42,43,44",aggregate,3,0.793974424610882
resnet50_no_weights,CIFAR10,fp32_unfused,layer3.1.conv3,"(1024, 256, 1, 1)",15.381376382781237,5.867529442894454e-05,42,42,3,
resnet50_no_weights,CIFAR10,fp32_unfused,layer3.1.conv3,"(1024, 256, 1, 1)",13.926983805263744,5.312722704034326e-05,43,43,3,
resnet50_no_weights,CIFAR10,fp32_unfused,layer3.1.conv3,"(1024, 256, 1, 1)",12.921344871520995,4.929101894958876e-05,44,44,3,
resnet50_no_weights,CIFAR10,fp32_unfused,layer3.1.conv3,"(1024, 256, 1, 1)",14.076568353188659,5.3697846806292186e-05,"42,43,44",aggregate,3,1.2368186657031675
resnet50_no_weights,CIFAR10,fp32_unfused,layer3.2.conv1,"(256, 1024, 1, 1)",13.21784139934339,5.0422063443540155e-05,42,42,3,
resnet50_no_weights,CIFAR10,fp32_unfused,layer3.2.conv1,"(256, 1024, 1, 1)",10.53580391407013,4.0190902382164495e-05,43,43,3,
resnet50_no_weights,CIFAR10,fp32_unfused,layer3.2.conv1,"(256, 1024, 1, 1)",11.420860392706734,4.356712491114324e-05,44,44,3,
resnet50_no_weights,CIFAR10,fp32_unfused,layer3.2.conv1,"(256, 1024, 1, 1)",11.724835235373417,4.472669691228263e-05,"42,43,44",aggregate,3,1.3666132579604977
resnet50_no_weights,CIFAR10,fp32_unfused,layer3.2.conv2,"(256, 256, 3, 3)",24.844871804520892,4.2122517572226445e-05,42,42,3,
resnet50_no_weights,CIFAR10,fp32_unfused,layer3.2.conv2,"(256, 256, 3, 3)",28.012678651248706,4.749328384611122e-05,43,43,3,
resnet50_no_weights,CIFAR10,fp32_unfused,layer3.2.conv2,"(256, 256, 3, 3)",28.067265737624396,4.758583193906046e-05,44,44,3,
resnet50_no_weights,CIFAR10,fp32_unfused,layer3.2.conv2,"(256, 256, 3, 3)",26.97493873113133,4.573387778579937e-05,"42,43,44",aggregate,3,1.844893972937057
resnet50_no_weights,CIFAR10,fp32_unfused,layer3.2.conv3,"(1024, 256, 1, 1)",11.542630791664124,4.403164211908006e-05,42,42,3,
resnet50_no_weights,CIFAR10,fp32_unfused,layer3.2.conv3,"(1024, 256, 1, 1)",15.480079650878906,5.905181751586497e-05,43,43,3,
resnet50_no_weights,CIFAR10,fp32_unfused,layer3.2.conv3,"(1024, 256, 1, 1)",12.143415655408587,4.6323454496034954e-05,44,44,3,
resnet50_no_weights,CIFAR10,fp32_unfused,layer3.2.conv3,"(1024, 256, 1, 1)",13.055375365983872,4.980230471032666e-05,"42,43,44",aggregate,3,2.12123284083039
resnet50_no_weights,CIFAR10,fp32_unfused,layer3.3.conv1,"(256, 1024, 1, 1)",17.972001705529554,6.855774576389142e-05,42,42,3,
resnet50_no_weights,CIFAR10,fp32_unfused,layer3.3.conv1,"(256, 1024, 1, 1)",19.451494963272758,7.420156464871505e-05,43,43,3,
resnet50_no_weights,CIFAR10,fp32_unfused,layer3.3.conv1,"(256, 1024, 1, 1)",19.34437482110385,7.379293373528996e-05,44,44,3,
resnet50_no_weights,CIFAR10,fp32_unfused,layer3.3.conv1,"(256, 1024, 1, 1)",18.92262382996872,7.218408138263215e-05,"42,43,44",aggregate,3,0.8250033326111469
resnet50_no_weights,CIFAR10,fp32_unfused,layer3.3.conv2,"(256, 256, 3, 3)",33.89306478500366,5.7463014026224194e-05,42,42,3,
resnet50_no_weights,CIFAR10,fp32_unfused,layer3.3.conv2,"(256, 256, 3, 3)",34.980570999351706,5.93067949072125e-05,43,43,3,
resnet50_no_weights,CIFAR10,fp32_unfused,layer3.3.conv2,"(256, 256, 3, 3)",35.96973856290182,6.098385037384341e-05,44,44,3,
resnet50_no_weights,CIFAR10,fp32_unfused,layer3.3.conv2,"(256, 256, 3, 3)",34.94779144908573,5.925121976909337e-05,"42,43,44",aggregate,3,1.0387248765381436
resnet50_no_weights,CIFAR10,fp32_unfused,layer3.3.conv3,"(1024, 256, 1, 1)",15.887803162847247,6.060715928210162e-05,42,42,3,
resnet50_no_weights,CIFAR10,fp32_unfused,layer3.3.conv3,"(1024, 256, 1, 1)",15.86206615672392,6.050898039521759e-05,43,43,3,
resnet50_no_weights,CIFAR10,fp32_unfused,layer3.3.conv3,"(1024, 256, 1, 1)",13.764465570449829,5.250726917438442e-05,44,44,3,
resnet50_no_weights,CIFAR10,fp32_unfused,layer3.3.conv3,"(1024, 256, 1, 1)",15.171444963340331,5.787446961723454e-05,"42,43,44",aggregate,3,1.2185478478028442
resnet50_no_weights,CIFAR10,fp32_unfused,layer3.4.conv1,"(256, 1024, 1, 1)",17.24899959564209,6.579971159226261e-05,42,42,3,
resnet50_no_weights,CIFAR10,fp32_unfused,layer3.4.conv1,"(256, 1024, 1, 1)",19.319959825939602,7.369979791999665e-05,43,43,3,
resnet50_no_weights,CIFAR10,fp32_unfused,layer3.4.conv1,"(256, 1024, 1, 1)",18.12501279045554,6.91414367311689e-05,44,44,3,
resnet50_no_weights,CIFAR10,fp32_unfused,layer3.4.conv1,"(256, 1024, 1, 1)",18.231324070679076,6.954698208114271e-05,"42,43,44",aggregate,3,1.0395651182564547
resnet50_no_weights,CIFAR10,fp32_unfused,layer3.4.conv2,"(256, 256, 3, 3)",32.827530490027534,5.5656484798901934e-05,42,42,3,
resnet50_no_weights,CIFAR10,fp32_unfused,layer3.4.conv2,"(256, 256, 3, 3)",28.81081497192383,4.8846460930589174e-05,43,43,3,
resnet50_no_weights,CIFAR10,fp32_unfused,layer3.4.conv2,"(256, 256, 3, 3)",31.331180279071514,5.311954121750135e-05,44,44,3,
resnet50_no_weights,CIFAR10,fp32_unfused,layer3.4.conv2,"(256, 256, 3, 3)",30.989841913674294,5.254082898233082e-05,"42,43,44",aggregate,3,2.0299962556893583
resnet50_no_weights,CIFAR10,fp32_unfused,layer3.4.conv3,"(1024, 256, 1, 1)",17.65879551569621,6.736295896795734e-05,42,42,3,
resnet50_no_weights,CIFAR10,fp32_unfused,layer3.4.conv3,"(1024, 256, 1, 1)",16.555671215057373,6.315487371466588e-05,43,43,3,
resnet50_no_weights,CIFAR10,fp32_unfused,layer3.4.conv3,"(1024, 256, 1, 1)",16.375841796398163,6.246887892302766e-05,44,44,3,
resnet50_no_weights,CIFAR10,fp32_unfused,layer3.4.conv3,"(1024, 256, 1, 1)",16.863436175717247,6.432890386855029e-05,"42,43,44",aggregate,3,0.6946452437918604
resnet50_no_weights,CIFAR10,fp32_unfused,layer3.5.conv1,"(256, 1024, 1, 1)",18.839963396390278,7.186875685268508e-05,42,42,3,
resnet50_no_weights,CIFAR10,fp32_unfused,layer3.5.conv1,"(256, 1024, 1, 1)",14.955784869916512,5.7051791648546263e-05,43,43,3,
resnet50_no_weights,CIFAR10,fp32_unfused,layer3.5.conv1,"(256, 1024, 1, 1)",15.900706627789665,6.065638209453455e-05,44,44,3,
resnet50_no_weights,CIFAR10,fp32_unfused,layer3.5.conv1,"(256, 1024, 1, 1)",16.56548496469882,6.319231019858863e-05,"42,43,44",aggregate,3,2.025625430403596
resnet50_no_weights,CIFAR10,fp32_unfused,layer3.5.conv2,"(256, 256, 3, 3)",11.36693286895752,1.927173677055786e-05,42,42,3,
resnet50_no_weights,CIFAR10,fp32_unfused,layer3.5.conv2,"(256, 256, 3, 3)",14.087149784482758,2.388364967258497e-05,43,43,3,
resnet50_no_weights,CIFAR10,fp32_unfused,layer3.5.conv2,"(256, 256, 3, 3)",14.772118091583252,2.5044959329534322e-05,44,44,3,
resnet50_no_weights,CIFAR10,fp32_unfused,layer3.5.conv2,"(256, 256, 3, 3)",13.40873358167451,2.2733448590892382e-05,"42,43,44",aggregate,3,1.8011129915337727
resnet50_no_weights,CIFAR10,fp32_unfused,layer3.5.conv3,"(1024, 256, 1, 1)",6.826062829406173,2.603936321032018e-05,42,42,3,
resnet50_no_weights,CIFAR10,fp32_unfused,layer3.5.conv3,"(1024, 256, 1, 1)",6.846596728200498,2.611769381790351e-05,43,43,3,
resnet50_no_weights,CIFAR10,fp32_unfused,layer3.5.conv3,"(1024, 256, 1, 1)",5.948839821598747,2.2693023001093852e-05,44,44,3,
resnet50_no_weights,CIFAR10,fp32_unfused,layer3.5.conv3,"(1024, 256, 1, 1)",6.540499793068473,2.495002667643918e-05,"42,43,44",aggregate,3,0.512495416203493
resnet50_no_weights,CIFAR10,fp32_unfused,layer4.0.conv1,"(512, 1024, 1, 1)",26.798328018188478,5.1113754307152706e-05,42,42,3,
resnet50_no_weights,CIFAR10,fp32_unfused,layer4.0.conv1,"(512, 1024, 1, 1)",30.223896312713624,5.764750731032109e-05,43,43,3,
resnet50_no_weights,CIFAR10,fp32_unfused,layer4.0.conv1,"(512, 1024, 1, 1)",28.25580222266061,5.389366573841211e-05,44,44,3,
resnet50_no_weights,CIFAR10,fp32_unfused,layer4.0.conv1,"(512, 1024, 1, 1)",28.42600885118757,5.421830911862864e-05,"42,43,44",aggregate,3,1.7191152542543113
resnet50_no_weights,CIFAR10,fp32_unfused,layer4.0.conv2,"(512, 512, 3, 3)",15.61052656173706,6.616603665558311e-06,42,42,3,
resnet50_no_weights,CIFAR10,fp32_unfused,layer4.0.conv2,"(512, 512, 3, 3)",16.9317385449129,7.1766063032840725e-06,43,43,3,
resnet50_no_weights,CIFAR10,fp32_unfused,layer4.0.conv2,"(512, 512, 3, 3)",18.84922260708279,7.989341993155072e-06,44,44,3,
resnet50_no_weights,CIFAR10,fp32_unfused,layer4.0.conv2,"(512, 512, 3, 3)",17.130495904577582,7.2608506539991514e-06,"42,43,44",aggregate,3,1.6284705660681051
resnet50_no_weights,CIFAR10,fp32_unfused,layer4.0.conv3,"(2048, 512, 1, 1)",12.059848673203412,1.1501167939380085e-05,42,42,3,
resnet50_no_weights,CIFAR10,fp32_unfused,layer4.0.conv3,"(2048, 512, 1, 1)",13.223047415415445,1.2610480704703756e-05,43,43,3,
resnet50_no_weights,CIFAR10,fp32_unfused,layer4.0.conv3,"(2048, 512, 1, 1)",11.336552179776705,1.0811378650452332e-05,44,44,3,
resnet50_no_weights,CIFAR10,fp32_unfused,layer4.0.conv3,"(2048, 512, 1, 1)",12.206482756131853,1.1641009098178724e-05,"42,43,44",aggregate,3,0.9517574450610385
resnet50_no_weights,CIFAR10,fp32_unfused,layer4.0.downsample.0,"(2048, 1024, 1, 1)",37.241941555126296,1.7758341577113293e-05,42,42,3,
resnet50_no_weights,CIFAR10,fp32_unfused,layer4.0.downsample.0,"(2048, 1024, 1, 1)",35.83178520202637,1.708592662907904e-05,43,43,3,
resnet50_no_weights,CIFAR10,fp32_unfused,layer4.0.downsample.0,"(2048, 1024, 1, 1)",34.957004123263886,1.6668798505432074e-05,44,44,3,
resnet50_no_weights,CIFAR10,fp32_unfused,layer4.0.downsample.0,"(2048, 1024, 1, 1)",36.01024362680552,1.7171022237208137e-05,"42,43,44",aggregate,3,1.1528748084299907
resnet50_no_weights,CIFAR10,fp32_unfused,layer4.1.conv1,"(512, 2048, 1, 1)",25.1949299176534,2.4027757566121483e-05,42,42,3,
resnet50_no_weights,CIFAR10,fp32_unfused,layer4.1.conv1,"(512, 2048, 1, 1)",23.768338576607082,2.266725404415806e-05,43,43,3,
resnet50_no_weights,CIFAR10,fp32_unfused,layer4.1.conv1,"(512, 2048, 1, 1)",23.96346092224121,2.2853337213746272e-05,44,44,3,
resnet50_no_weights,CIFAR10,fp32_unfused,layer4.1.conv1,"(512, 2048, 1, 1)",24.308909805500566,2.318278294134194e-05,"42,43,44",aggregate,3,0.7734933172277147
resnet50_no_weights,CIFAR10,fp32_unfused,layer4.1.conv2,"(512, 512, 3, 3)",62.475315488617994,2.6480490573721142e-05,42,42,3,
resnet50_no_weights,CIFAR10,fp32_unfused,layer4.1.conv2,"(512, 512, 3, 3)",61.66144371032715,2.613552674625276e-05,43,43,3,
resnet50_no_weights,CIFAR10,fp32_unfused,layer4.1.conv2,"(512, 512, 3, 3)",58.302587335759945,2.4711857832065135e-05,44,44,3,
resnet50_no_weights,CIFAR10,fp32_unfused,layer4.1.conv2,"(512, 512, 3, 3)",60.81311551156836,2.5775958384013012e-05,"42,43,44",aggregate,3,2.211935941436942
resnet50_no_weights,CIFAR10,fp32_unfused,layer4.1.conv3,"(2048, 512, 1, 1)",21.294569396972655,2.0308083912823348e-05,42,42,3,
resnet50_no_weights,CIFAR10,fp32_unfused,layer4.1.conv3,"(2048, 512, 1, 1)",20.588911056518555,1.9635115677374415e-05,43,43,3,
resnet50_no_weights,CIFAR10,fp32_unfused,layer4.1.conv3,"(2048, 512, 1, 1)",18.82084756427341,1.794895893504468e-05,44,44,3,
resnet50_no_weights,CIFAR10,fp32_unfused,layer4.1.conv3,"(2048, 512, 1, 1)",20.23477600592154,1.9297386175080813e-05,"42,43,44",aggregate,3,1.2743169354360944
resnet50_no_weights,CIFAR10,fp32_unfused,layer4.2.conv1,"(512, 2048, 1, 1)",20.63189332238559,1.9676106760392752e-05,42,42,3,
resnet50_no_weights,CIFAR10,fp32_unfused,layer4.2.conv1,"(512, 2048, 1, 1)",18.819056749343872,1.7947251080840942e-05,43,43,3,
resnet50_no_weights,CIFAR10,fp32_unfused,layer4.2.conv1,"(512, 2048, 1, 1)",19.05636742001488,1.8173568172469024e-05,44,44,3,
resnet50_no_weights,CIFAR10,fp32_unfused,layer4.2.conv1,"(512, 2048, 1, 1)",19.50243916391478,1.8598975337900905e-05,"42,43,44",aggregate,3,0.9853066074419851
resnet50_no_weights,CIFAR10,fp32_unfused,layer4.2.conv2,"(512, 512, 3, 3)",14.459173289212314,6.12859653439514e-06,42,42,3,
resnet50_no_weights,CIFAR10,fp32_unfused,layer4.2.conv2,"(512, 512, 3, 3)",14.463476181030273,6.130420337689833e-06,43,43,3,
resnet50_no_weights,CIFAR10,fp32_unfused,layer4.2.conv2,"(512, 512, 3, 3)",14.036601603031158,5.949487305972272e-06,44,44,3,
resnet50_no_weights,CIFAR10,fp32_unfused,layer4.2.conv2,"(512, 512, 3, 3)",14.319750357757915,6.069501392685748e-06,"42,43,44",aggregate,3,0.24522345258352463
resnet50_no_weights,CIFAR10,fp32_unfused,layer4.2.conv3,"(2048, 512, 1, 1)",5.666243925690651,5.403751302424098e-06,42,42,3,
resnet50_no_weights,CIFAR10,fp32_unfused,layer4.2.conv3,"(2048, 512, 1, 1)",6.428043897761855,6.130260370027404e-06,43,43,3,
resnet50_no_weights,CIFAR10,fp32_unfused,layer4.2.conv3,"(2048, 512, 1, 1)",5.334055497096135,5.086951729866157e-06,44,44,3,
resnet50_no_weights,CIFAR10,fp32_unfused,layer4.2.conv3,"(2048, 512, 1, 1)",5.809447773516213,5.540321134105886e-06,"42,43,44",aggregate,3,0.5608771360305392
resnet50_no_weights,CIFAR10,fp32_unfused,fc,"(10, 2048)",5.321538514778262,0.00025984074779190734,42,42,3,
resnet50_no_weights,CIFAR10,fp32_unfused,fc,"(10, 2048)",5.7995033891577465,0.0002831788764237181,43,43,3,
resnet50_no_weights,CIFAR10,fp32_unfused,fc,"(10, 2048)",5.562792335237775,0.000271620719494032,44,44,3,
resnet50_no_weights,CIFAR10,fp32_unfused,fc,"(10, 2048)",5.561278079724595,0.00027154678123655245,"42,43,44",aggregate,3,0.23898603518295475
resnet50_no_weights,CIFAR10,fp32_fused,conv1,"(64, 3, 3, 3)",203.68162738575654,0.11787131214453504,42,42,3,
resnet50_no_weights,CIFAR10,fp32_fused,conv1,"(64, 3, 3, 3)",195.66985923365542,0.11323487224169873,43,43,3,
resnet50_no_weights,CIFAR10,fp32_fused,conv1,"(64, 3, 3, 3)",197.2289380573091,0.11413711693131313,44,44,3,
resnet50_no_weights,CIFAR10,fp32_fused,conv1,"(64, 3, 3, 3)",198.86014155890703,0.11508110043918231,"42,43,44",aggregate,3,4.2476729957088795
resnet50_no_weights,CIFAR10,fp32_fused,layer1.0.conv1,"(64, 64, 1, 1)",3.3389065906857,0.000815162741866626,42,42,3,
resnet50_no_weights,CIFAR10,fp32_fused,layer1.0.conv1,"(64, 64, 1, 1)",3.6703633202446833,0.0008960847949816121,43,43,3,
resnet50_no_weights,CIFAR10,fp32_fused,layer1.0.conv1,"(64, 64, 1, 1)",3.6418906834817704,0.0008891334676469166,44,44,3,
resnet50_no_weights,CIFAR10,fp32_fused,layer1.0.conv1,"(64, 64, 1, 1)",3.550386864804051,0.0008667936681650515,"42,43,44",aggregate,3,0.18369976188590423
resnet50_no_weights,CIFAR10,fp32_fused,layer1.0.conv2,"(64, 64, 3, 3)",6.963449254631996,0.00018889565035351552,42,42,3,
resnet50_no_weights,CIFAR10,fp32_fused,layer1.0.conv2,"(64, 64, 3, 3)",6.4269793152809145,0.00017434297187719495,43,43,3,
resnet50_no_weights,CIFAR10,fp32_fused,layer1.0.conv2,"(64, 64, 3, 3)",7.037591312870835,0.00019090688240209512,44,44,3,
resnet50_no_weights,CIFAR10,fp32_fused,layer1.0.conv2,"(64, 64, 3, 3)",6.8093399609279155,0.0001847151682109352,"42,43,44",aggregate,3,0.3332026541080762
resnet50_no_weights,CIFAR10,fp32_fused,layer1.0.conv3,"(256, 64, 1, 1)",2.950022013982137,0.0001800550545643394,42,42,3,
resnet50_no_weights,CIFAR10,fp32_fused,layer1.0.conv3,"(256, 64, 1, 1)",2.593540596961975,0.00015829715557629241,43,43,3,
resnet50_no_weights,CIFAR10,fp32_fused,layer1.0.conv3,"(256, 64, 1, 1)",2.9187193928342876,0.00017814449419154587,44,44,3,
resnet50_no_weights,CIFAR10,fp32_fused,layer1.0.conv3,"(256, 64, 1, 1)",2.820760667926133,0.0001721655681107259,"42,43,44",aggregate,3,0.19739980752118091
resnet50_no_weights,CIFAR10,fp32_fused,layer1.0.downsample.0,"(256, 64, 1, 1)",6.648269072445956,0.0004057781416287815,42,42,3,
resnet50_no_weights,CIFAR10,fp32_fused,layer1.0.downsample.0,"(256, 64, 1, 1)",6.392419113562657,0.0003901622994117833,43,43,3,
resnet50_no_weights,CIFAR10,fp32_fused,layer1.0.downsample.0,"(256, 64, 1, 1)",6.1453110509448585,0.00037508002019927115,44,44,3,
resnet50_no_weights,CIFAR10,fp32_fused,layer1.0.downsample.0,"(256, 64, 1, 1)",6.395333078984491,0.000390340153746612,"42,43,44",aggregate,3,0.2514916723152763
resnet50_no_weights,CIFAR10,fp32_fused,layer1.1.conv1,"(64, 256, 1, 1)",7.85771622155842,0.0004795969373509778,42,42,3,
resnet50_no_weights,CIFAR10,fp32_fused,layer1.1.conv1,"(64, 256, 1, 1)",6.377822375297546,0.00038927138521103186,43,43,3,
resnet50_no_weights,CIFAR10,fp32_fused,layer1.1.conv1,"(64, 256, 1, 1)",7.901561101277669,0.0004822730164354046,44,44,3,
resnet50_no_weights,CIFAR10,fp32_fused,layer1.1.conv1,"(64, 256, 1, 1)",7.379033232711212,0.0004503804463324714,"42,43,44",aggregate,3,0.8673511279301219
resnet50_no_weights,CIFAR10,fp32_fused,layer1.1.conv2,"(64, 64, 3, 3)",5.96211400826772,0.00016173269336663737,42,42,3,
resnet50_no_weights,CIFAR10,fp32_fused,layer1.1.conv2,"(64, 64, 3, 3)",4.808187802632649,0.00013043044169467908,43,43,3,
resnet50_no_weights,CIFAR10,fp32_fused,layer1.1.conv2,"(64, 64, 3, 3)",6.676218129218893,0.00018110400741153682,44,44,3,
resnet50_no_weights,CIFAR10,fp32_fused,layer1.1.conv2,"(64, 64, 3, 3)",5.815506646706421,0.00015775571415761776,"42,43,44",aggregate,3,0.9426052270751797
resnet50_no_weights,CIFAR10,fp32_fused,layer1.1.conv3,"(256, 64, 1, 1)",2.141794731983772,0.00013072477612205638,42,42,3,
resnet50_no_weights,CIFAR10,fp32_fused,layer1.1.conv3,"(256, 64, 1, 1)",2.444468418234273,0.0001491985118551192,43,43,3,
resnet50_no_weights,CIFAR10,fp32_fused,layer1.1.conv3,"(256, 64, 1, 1)",2.421930342912674,0.00014782289690629113,44,44,3,
resnet50_no_weights,CIFAR10,fp32_fused,layer1.1.conv3,"(256, 64, 1, 1)",2.3360644977102396,0.00014258206162782224,"42,43,44",aggregate,3,0.16861953509710265
resnet50_no_weights,CIFAR10,fp32_fused,layer1.2.conv1,"(64, 256, 1, 1)",17.949776356036846,0.0010955674045432645,42,42,3,
resnet50_no_weights,CIFAR10,fp32_fused,layer1.2.conv1,"(64, 256, 1, 1)",12.802797266415187,0.0007814207315927238,43,43,3,
resnet50_no_weights,CIFAR10,fp32_fused,layer1.2.conv1,"(64, 256, 1, 1)",11.246894175807634,0.0006864559433476339,44,44,3,
resnet50_no_weights,CIFAR10,fp32_fused,layer1.2.conv1,"(64, 256, 1, 1)",13.99982259941989,0.0008544813598278741,"42,43,44",aggregate,3,3.5081062721074803
resnet50_no_weights,CIFAR10,fp32_fused,layer1.2.conv2,"(64, 64, 3, 3)",18.75382507169569,0.0005087300637938284,42,42,3,
resnet50_no_weights,CIFAR10,fp32_fused,layer1.2.conv2,"(64, 64, 3, 3)",19.118845430287447,0.0005186318747365301,43,43,3,
resnet50_no_weights,CIFAR10,fp32_fused,layer1.2.conv2,"(64, 64, 3, 3)",15.029130426320163,0.0004076912550542579,44,44,3,
resnet50_no_weights,CIFAR10,fp32_fused,layer1.2.conv2,"(64, 64, 3, 3)",17.633933642767765,0.00047835106452820544,"42,43,44",aggregate,3,2.2631968126653166
resnet50_no_weights,CIFAR10,fp32_fused,layer1.2.conv3,"(256, 64, 1, 1)",6.426802270552692,0.0003922608807710383,42,42,3,
resnet50_no_weights,CIFAR10,fp32_fused,layer1.2.conv3,"(256, 64, 1, 1)",5.48497884273529,0.0003347765406942926,43,43,3,
resnet50_no_weights,CIFAR10,fp32_fused,layer1.2.conv3,"(256, 64, 1, 1)",5.006824033600943,0.0003055922872070888,44,44,3,
resnet50_no_weights,CIFAR10,fp32_fused,layer1.2.conv3,"(256, 64, 1, 1)",5.639535048962975,0.0003442099028908066,"42,43,44",aggregate,3,0.7224958574391759
resnet50_no_weights,CIFAR10,fp32_fused,layer2.0.conv1,"(128, 256, 1, 1)",47.63749668624375,0.0014537810268018723,42,42,3,
resnet50_no_weights,CIFAR10,fp32_fused,layer2.0.conv1,"(128, 256, 1, 1)",42.733675018189444,0.0013041282659359572,43,43,3,
resnet50_no_weights,CIFAR10,fp32_fused,layer2.0.conv1,"(128, 256, 1, 1)",44.96745678356716,0.001372297875475072,44,44,3,
resnet50_no_weights,CIFAR10,fp32_fused,layer2.0.conv1,"(128, 256, 1, 1)",45.11287616266679,0.0013767357227376339,"42,43,44",aggregate,3,2.4551429357336856
resnet50_no_weights,CIFAR10,fp32_fused,layer2.0.conv2,"(128, 128, 3, 3)",72.09997855292426,0.0004889592729554867,42,42,3,
resnet50_no_weights,CIFAR10,fp32_fused,layer2.0.conv2,"(128, 128, 3, 3)",50.178873443603514,0.00034029726456436844,43,43,3,
resnet50_no_weights,CIFAR10,fp32_fused,layer2.0.conv2,"(128, 128, 3, 3)",74.32163260323661,0.0005040258287437379,44,44,3,
resnet50_no_weights,CIFAR10,fp32_fused,layer2.0.conv2,"(128, 128, 3, 3)",65.53349486658813,0.0004444274554211977,"42,43,44",aggregate,3,13.343808900092988
resnet50_no_weights,CIFAR10,fp32_fused,layer2.0.conv3,"(512, 128, 1, 1)",28.464579377855575,0.0004343350124794857,42,42,3,
resnet50_no_weights,CIFAR10,fp32_fused,layer2.0.conv3,"(512, 128, 1, 1)",24.94357867674394,0.00038060880549230865,43,43,3,
resnet50_no_weights,CIFAR10,fp32_fused,layer2.0.conv3,"(512, 128, 1, 1)",28.03113028098797,0.0004277211041410518,44,44,3,
resnet50_no_weights,CIFAR10,fp32_fused,layer2.0.conv3,"(512, 128, 1, 1)",27.146429445195828,0.00041422164070428205,"42,43,44",aggregate,3,1.9199956148245867
resnet50_no_weights,CIFAR10,fp32_fused,layer2.0.downsample.0,"(512, 256, 1, 1)",32.55729000091553,0.00024839241028530524,42,42,3,
resnet50_no_weights,CIFAR10,fp32_fused,layer2.0.downsample.0,"(512, 256, 1, 1)",42.71426057815552,0.00032588394606136717,43,43,3,
resnet50_no_weights,CIFAR10,fp32_fused,layer2.0.downsample.0,"(512, 256, 1, 1)",36.590689014744115,0.0002791648026637582,44,44,3,
resnet50_no_weights,CIFAR10,fp32_fused,layer2.0.downsample.0,"(512, 256, 1, 1)",37.287413197938385,0.0002844803863368102,"42,43,44",aggregate,3,5.114203874242354
resnet50_no_weights,CIFAR10,fp32_fused,layer2.1.conv1,"(128, 512, 1, 1)",8.334849728856767,0.00012717971388026073,42,42,3,
resnet50_no_weights,CIFAR10,fp32_fused,layer2.1.conv1,"(128, 512, 1, 1)",6.4453913324019485,9.834886676638715e-05,43,43,3,
resnet50_no_weights,CIFAR10,fp32_fused,layer2.1.conv1,"(128, 512, 1, 1)",8.55416374621184,0.00013052618020953125,44,44,3,
resnet50_no_weights,CIFAR10,fp32_fused,layer2.1.conv1,"(128, 512, 1, 1)",7.778134935823519,0.00011868492028539305,"42,43,44",aggregate,3,1.1593872493252366
resnet50_no_weights,CIFAR10,fp32_fused,layer2.1.conv2,"(128, 128, 3, 3)",8.42349977493286,5.7125513881651885e-05,42,42,3,
resnet50_no_weights,CIFAR10,fp32_fused,layer2.1.conv2,"(128, 128, 3, 3)",7.688197244297374,5.213892445405663e-05,43,43,3,
resnet50_no_weights,CIFAR10,fp32_fused,layer2.1.conv2,"(128, 128, 3, 3)",7.568741882288897,5.1328815933491325e-05,44,44,3,
resnet50_no_weights,CIFAR10,fp32_fused,layer2.1.conv2,"(128, 128, 3, 3)",7.893479633839711,5.353108475639995e-05,"42,43,44",aggregate,3,0.4628805551667147
resnet50_no_weights,CIFAR10,fp32_fused,layer2.1.conv3,"(512, 128, 1, 1)",10.207461582289802,0.00015575350314773258,42,42,3,
resnet50_no_weights,CIFAR10,fp32_fused,layer2.1.conv3,"(512, 128, 1, 1)",8.24419488730254,0.0001257964307754904,43,43,3,
resnet50_no_weights,CIFAR10,fp32_fused,layer2.1.conv3,"(512, 128, 1, 1)",8.677675671047634,0.000132410822617304,44,44,3,
resnet50_no_weights,CIFAR10,fp32_fused,layer2.1.conv3,"(512, 128, 1, 1)",9.043110713546659,0.00013798691884684233,"42,43,44",aggregate,3,1.0313879515615114
resnet50_no_weights,CIFAR10,fp32_fused,layer2.2.conv1,"(128, 512, 1, 1)",8.108568668365479,0.00012372693890938535,42,42,3,
resnet50_no_weights,CIFAR10,fp32_fused,layer2.2.conv1,"(128, 512, 1, 1)",8.759912470408848,0.00013366565659193188,43,43,3,
resnet50_no_weights,CIFAR10,fp32_fused,layer2.2.conv1,"(128, 512, 1, 1)",8.662191443973118,0.0001321745520625781,44,44,3,
resnet50_no_weights,CIFAR10,fp32_fused,layer2.2.conv1,"(128, 512, 1, 1)",8.510224194249147,0.00012985571585463177,"42,43,44",aggregate,3,0.3512587662344934
resnet50_no_weights,CIFAR10,fp32_fused,layer2.2.conv2,"(128, 128, 3, 3)",6.840706391768022,4.639150927577055e-05,42,42,3,
resnet50_no_weights,CIFAR10,fp32_fused,layer2.2.conv2,"(128, 128, 3, 3)",6.907712183892727,4.6845921385991256e-05,43,43,3,
resnet50_no_weights,CIFAR10,fp32_fused,layer2.2.conv2,"(128, 128, 3, 3)",6.321294794911924,4.2869023945528996e-05,44,44,3,
resnet50_no_weights,CIFAR10,fp32_fused,layer2.2.conv2,"(128, 128, 3, 3)",6.689904456857557,4.5368818202430264e-05,"42,43,44",aggregate,3,0.3209785915046682
resnet50_no_weights,CIFAR10,fp32_fused,layer2.2.conv3,"(512, 128, 1, 1)",7.180902587042914,0.00010957187785404838,42,42,3,
resnet50_no_weights,CIFAR10,fp32_fused,layer2.2.conv3,"(512, 128, 1, 1)",7.108497154145014,0.00010846705862648032,43,43,3,
resnet50_no_weights,CIFAR10,fp32_fused,layer2.2.conv3,"(512, 128, 1, 1)",7.132760554552078,0.00010883728873523069,44,44,3,
resnet50_no_weights,CIFAR10,fp32_fused,layer2.2.conv3,"(512, 128, 1, 1)",7.140720098580002,0.00010895874173858645,"42,43,44",aggregate,3,0.036853119734052864
resnet50_no_weights,CIFAR10,fp32_fused,layer2.3.conv1,"(128, 512, 1, 1)",11.228864903145649,0.00017133888096840895,42,42,3,
resnet50_no_weights,CIFAR10,fp32_fused,layer2.3.conv1,"(128, 512, 1, 1)",14.9767746925354,0.00022852744586998597,43,43,3,
resnet50_no_weights,CIFAR10,fp32_fused,layer2.3.conv1,"(128, 512, 1, 1)",12.277127935531292,0.00018733410546159808,44,44,3,
resnet50_no_weights,CIFAR10,fp32_fused,layer2.3.conv1,"(128, 512, 1, 1)",12.82758917707078,0.000195733477433331,"42,43,44",aggregate,3,1.9336397366569553
resnet50_no_weights,CIFAR10,fp32_fused,layer2.3.conv2,"(128, 128, 3, 3)",15.420491118180124,0.00010457689831665123,42,42,3,
resnet50_no_weights,CIFAR10,fp32_fused,layer2.3.conv2,"(128, 128, 3, 3)",14.812843958536783,0.00010045602727957346,43,43,3,
resnet50_no_weights,CIFAR10,fp32_fused,layer2.3.conv2,"(128, 128, 3, 3)",14.124678441456386,9.578910618392189e-05,44,44,3,
resnet50_no_weights,CIFAR10,fp32_fused,layer2.3.conv2,"(128, 128, 3, 3)",14.786004506057765,0.00010027401059338219,"42,43,44",aggregate,3,0.6483231373678676
resnet50_no_weights,CIFAR10,fp32_fused,layer2.3.conv3,"(512, 128, 1, 1)",8.614385795593261,0.0001314450957579538,42,42,3,
resnet50_no_weights,CIFAR10,fp32_fused,layer2.3.conv3,"(512, 128, 1, 1)",9.091643674033028,0.00013872747305348248,43,43,3,
resnet50_no_weights,CIFAR10,fp32_fused,layer2.3.conv3,"(512, 128, 1, 1)",11.794457817077637,0.00017996914393734187,44,44,3,
resnet50_no_weights,CIFAR10,fp32_fused,layer2.3.conv3,"(512, 128, 1, 1)",9.833495762234643,0.00015004723758292607,"42,43,44",aggregate,3,1.714926501641908
resnet50_no_weights,CIFAR10,fp32_fused,layer3.0.conv1,"(256, 512, 1, 1)",76.98670959472656,0.0005873619811609387,42,42,3,
resnet50_no_weights,CIFAR10,fp32_fused,layer3.0.conv1,"(256, 512, 1, 1)",77.2175170050727,0.0005891229019552055,43,43,3,
resnet50_no_weights,CIFAR10,fp32_fused,layer3.0.conv1,"(256, 512, 1, 1)",70.20342104058517,0.0005356095965620817,44,44,3,
resnet50_no_weights,CIFAR10,fp32_fused,layer3.0.conv1,"(256, 512, 1, 1)",74.80254921346148,0.000570698159892742,"42,43,44",aggregate,3,3.984633355539262
resnet50_no_weights,CIFAR10,fp32_fused,layer3.0.conv2,"(256, 256, 3, 3)",65.52013582502093,0.00011108421465559375,42,42,3,
resnet50_no_weights,CIFAR10,fp32_fused,layer3.0.conv2,"(256, 256, 3, 3)",72.15647288004557,0.00012233559990784635,43,43,3,
resnet50_no_weights,CIFAR10,fp32_fused,layer3.0.conv2,"(256, 256, 3, 3)",76.10363255376402,0.00012902769733643259,44,44,3,
resnet50_no_weights,CIFAR10,fp32_fused,layer3.0.conv2,"(256, 256, 3, 3)",71.26008041961018,0.00012081583729995757,"42,43,44",aggregate,3,5.3483867038736985
resnet50_no_weights,CIFAR10,fp32_fused,layer3.0.conv3,"(1024, 256, 1, 1)",29.06446769909981,0.00011087214545860219,42,42,3,
resnet50_no_weights,CIFAR10,fp32_fused,layer3.0.conv3,"(1024, 256, 1, 1)",32.840211906433105,0.00012527546656201593,43,43,3,
resnet50_no_weights,CIFAR10,fp32_fused,layer3.0.conv3,"(1024, 256, 1, 1)",29.630007191708213,0.0001130295074146584,44,44,3,
resnet50_no_weights,CIFAR10,fp32_fused,layer3.0.conv3,"(1024, 256, 1, 1)",30.511562265747042,0.00011639237314509217,"42,43,44",aggregate,3,2.0363976996710234
resnet50_no_weights,CIFAR10,fp32_fused,layer3.0.downsample.0,"(1024, 512, 1, 1)",36.26255624434527,6.916533707493833e-05,42,42,3,
resnet50_no_weights,CIFAR10,fp32_fused,layer3.0.downsample.0,"(1024, 512, 1, 1)",33.44791356000033,6.379683219909731e-05,43,43,3,
resnet50_no_weights,CIFAR10,fp32_fused,layer3.0.downsample.0,"(1024, 512, 1, 1)",37.059652535811715,7.068567759668677e-05,44,44,3,
resnet50_no_weights,CIFAR10,fp32_fused,layer3.0.downsample.0,"(1024, 512, 1, 1)",35.59004078005244,6.788261562357414e-05,"42,43,44",aggregate,3,1.897464728165854
resnet50_no_weights,CIFAR10,fp32_fused,layer3.1.conv1,"(256, 1024, 1, 1)",16.042586374282838,6.119761037552962e-05,42,42,3,
resnet50_no_weights,CIFAR10,fp32_fused,layer3.1.conv1,"(256, 1024, 1, 1)",15.971912452152797,6.092801075802916e-05,43,43,3,
resnet50_no_weights,CIFAR10,fp32_fused,layer3.1.conv1,"(256, 1024, 1, 1)",16.780294501263164,6.401174355035081e-05,44,44,3,
resnet50_no_weights,CIFAR10,fp32_fused,layer3.1.conv1,"(256, 1024, 1, 1)",16.264931109232933,6.204578822796987e-05,"42,43,44",aggregate,3,0.44771449630427435
resnet50_no_weights,CIFAR10,fp32_fused,layer3.1.conv2,"(256, 256, 3, 3)",19.705238260541645,3.3408674893767705e-05,42,42,3,
resnet50_no_weights,CIFAR10,fp32_fused,layer3.1.conv2,"(256, 256, 3, 3)",20.325757789611817,3.446071673857255e-05,43,43,3,
resnet50_no_weights,CIFAR10,fp32_fused,layer3.1.conv2,"(256, 256, 3, 3)",20.195036908413503,3.423908981054264e-05,44,44,3,
resnet50_no_weights,CIFAR10,fp32_fused,layer3.1.conv2,"(256, 256, 3, 3)",20.075344319522323,3.403616048096097e-05,"42,43,44",aggregate,3,0.327117499327034
resnet50_no_weights,CIFAR10,fp32_fused,layer3.1.conv3,"(1024, 256, 1, 1)",12.446004462242126,4.7477739190071586e-05,42,42,3,
resnet50_no_weights,CIFAR10,fp32_fused,layer3.1.conv3,"(1024, 256, 1, 1)",13.58025871004377,5.180457576768406e-05,43,43,3,
resnet50_no_weights,CIFAR10,fp32_fused,layer3.1.conv3,"(1024, 256, 1, 1)",13.454335746765137,5.132421778398566e-05,44,44,3,
resnet50_no_weights,CIFAR10,fp32_fused,layer3.1.conv3,"(1024, 256, 1, 1)",13.160199639683677,5.020217758058043e-05,"42,43,44",aggregate,3,0.6217074969636408
resnet50_no_weights,CIFAR10,fp32_fused,layer3.2.conv1,"(256, 1024, 1, 1)",29.21353899637858,0.00011144080732871468,42,42,3,
resnet50_no_weights,CIFAR10,fp32_fused,layer3.2.conv1,"(256, 1024, 1, 1)",25.89873961246375,9.879585118279934e-05,43,43,3,
resnet50_no_weights,CIFAR10,fp32_fused,layer3.2.conv1,"(256, 1024, 1, 1)",26.346597122423578,0.00010050429200143272,44,44,3,
resnet50_no_weights,CIFAR10,fp32_fused,layer3.2.conv1,"(256, 1024, 1, 1)",27.152958577088636,0.00010358031683764891,"42,43,44",aggregate,3,1.7985098930997567
resnet50_no_weights,CIFAR10,fp32_fused,layer3.2.conv2,"(256, 256, 3, 3)",19.247299909591675,3.263227659368163e-05,42,42,3,
resnet50_no_weights,CIFAR10,fp32_fused,layer3.2.conv2,"(256, 256, 3, 3)",17.378620367783768,2.9464078043253186e-05,43,43,3,
resnet50_no_weights,CIFAR10,fp32_fused,layer3.2.conv2,"(256, 256, 3, 3)",19.11451706290245,3.240715376604284e-05,44,44,3,
resnet50_no_weights,CIFAR10,fp32_fused,layer3.2.conv2,"(256, 256, 3, 3)",18.580145780092632,3.150116946765922e-05,"42,43,44",aggregate,3,1.0426674006660568
resnet50_no_weights,CIFAR10,fp32_fused,layer3.2.conv3,"(1024, 256, 1, 1)",13.582224859910852,5.1812076034205826e-05,42,42,3,
resnet50_no_weights,CIFAR10,fp32_fused,layer3.2.conv3,"(1024, 256, 1, 1)",12.71037911233448,4.848624844487945e-05,43,43,3,
resnet50_no_weights,CIFAR10,fp32_fused,layer3.2.conv3,"(1024, 256, 1, 1)",14.715443202427455,5.6134960946760005e-05,44,44,3,
resnet50_no_weights,CIFAR10,fp32_fused,layer3.2.conv3,"(1024, 256, 1, 1)",13.669349058224261,5.214442847528176e-05,"42,43,44",aggregate,3,1.0053673312744495
resnet50_no_weights,CIFAR10,fp32_fused,layer3.3.conv1,"(256, 1024, 1, 1)",46.444766998291016,0.00017717272567097098,42,42,3,
resnet50_no_weights,CIFAR10,fp32_fused,layer3.3.conv1,"(256, 1024, 1, 1)",50.066921071803314,0.0001909901469108708,43,43,3,
resnet50_no_weights,CIFAR10,fp32_fused,layer3.3.conv1,"(256, 1024, 1, 1)",48.97068667411804,0.00018680834455153672,44,44,3,
resnet50_no_weights,CIFAR10,fp32_fused,layer3.3.conv1,"(256, 1024, 1, 1)",48.494124914737455,0.00018499040571112616,"42,43,44",aggregate,3,1.85750729902829
resnet50_no_weights,CIFAR10,fp32_fused,layer3.3.conv2,"(256, 256, 3, 3)",30.577201008796692,5.184122892387677e-05,42,42,3,
resnet50_no_weights,CIFAR10,fp32_fused,layer3.3.conv2,"(256, 256, 3, 3)",29.382760047912598,4.981614862723897e-05,43,43,3,
resnet50_no_weights,CIFAR10,fp32_fused,layer3.3.conv2,"(256, 256, 3, 3)",31.48901144663493,5.3387131494538927e-05,44,44,3,
resnet50_no_weights,CIFAR10,fp32_fused,layer3.3.conv2,"(256, 256, 3, 3)",30.482990834448074,5.1681503015218226e-05,"42,43,44",aggregate,3,1.0562814049144493
resnet50_no_weights,CIFAR10,fp32_fused,layer3.3.conv3,"(1024, 256, 1, 1)",15.979219799950009,6.095588607769016e-05,42,42,3,
resnet50_no_weights,CIFAR10,fp32_fused,layer3.3.conv3,"(1024, 256, 1, 1)",15.180236876010895,5.790800810245855e-05,43,43,3,
resnet50_no_weights,CIFAR10,fp32_fused,layer3.3.conv3,"(1024, 256, 1, 1)",15.42286491394043,5.883356061531231e-05,44,44,3,
resnet50_no_weights,CIFAR10,fp32_fused,layer3.3.conv3,"(1024, 256, 1, 1)",15.52744052996711,5.923248493182034e-05,"42,43,44",aggregate,3,0.40962845700353145
resnet50_no_weights,CIFAR10,fp32_fused,layer3.4.conv1,"(256, 1024, 1, 1)",57.50631556791418,0.00021936918475309059,42,42,3,
resnet50_no_weights,CIFAR10,fp32_fused,layer3.4.conv1,"(256, 1024, 1, 1)",56.78484370158269,0.00021661698799737048,43,43,3,
resnet50_no_weights,CIFAR10,fp32_fused,layer3.4.conv1,"(256, 1024, 1, 1)",54.58673107624054,0.000208231853775942,44,44,3,
resnet50_no_weights,CIFAR10,fp32_fused,layer3.4.conv1,"(256, 1024, 1, 1)",56.2926301152458,0.00021473934217546768,"42,43,44",aggregate,3,1.5207560823275603
resnet50_no_weights,CIFAR10,fp32_fused,layer3.4.conv2,"(256, 256, 3, 3)",22.80506297816401,3.86641828378703e-05,42,42,3,
resnet50_no_weights,CIFAR10,fp32_fused,layer3.4.conv2,"(256, 256, 3, 3)",22.198619556427,3.7636005921134104e-05,43,43,3,
resnet50_no_weights,CIFAR10,fp32_fused,layer3.4.conv2,"(256, 256, 3, 3)",19.063330687009373,3.232037130908436e-05,44,44,3,
resnet50_no_weights,CIFAR10,fp32_fused,layer3.4.conv2,"(256, 256, 3, 3)",21.355671073866795,3.620685335602958e-05,"42,43,44",aggregate,3,2.008248426578557
resnet50_no_weights,CIFAR10,fp32_fused,layer3.4.conv3,"(1024, 256, 1, 1)",15.210624933242798,5.802392934128875e-05,42,42,3,
resnet50_no_weights,CIFAR10,fp32_fused,layer3.4.conv3,"(1024, 256, 1, 1)",16.167160946982246,6.167282465737246e-05,43,43,3,
resnet50_no_weights,CIFAR10,fp32_fused,layer3.4.conv3,"(1024, 256, 1, 1)",16.0986348881441,6.141141848809853e-05,44,44,3,
resnet50_no_weights,CIFAR10,fp32_fused,layer3.4.conv3,"(1024, 256, 1, 1)",15.825473589456381,6.036939082891991e-05,"42,43,44",aggregate,3,0.5335757750504699
resnet50_no_weights,CIFAR10,fp32_fused,layer3.5.conv1,"(256, 1024, 1, 1)",52.71238650446353,0.00020108179666314518,42,42,3,
resnet50_no_weights,CIFAR10,fp32_fused,layer3.5.conv1,"(256, 1024, 1, 1)",46.37732036590576,0.00017691543718683533,43,43,3,
resnet50_no_weights,CIFAR10,fp32_fused,layer3.5.conv1,"(256, 1024, 1, 1)",49.85612106323242,0.0001901860086945817,44,44,3,
resnet50_no_weights,CIFAR10,fp32_fused,layer3.5.conv1,"(256, 1024, 1, 1)",49.64860931120057,0.00018939441418152074,"42,43,44",aggregate,3,3.172626922661852
resnet50_no_weights,CIFAR10,fp32_fused,layer3.5.conv2,"(256, 256, 3, 3)",7.54241422812144,1.2787567525433757e-05,42,42,3,
resnet50_no_weights,CIFAR10,fp32_fused,layer3.5.conv2,"(256, 256, 3, 3)",7.030025502909785,1.1918852916988432e-05,43,43,3,
resnet50_no_weights,CIFAR10,fp32_fused,layer3.5.conv2,"(256, 256, 3, 3)",6.36044372682986,1.0783629907955357e-05,44,44,3,
resnet50_no_weights,CIFAR10,fp32_fused,layer3.5.conv2,"(256, 256, 3, 3)",6.9776278192870285,1.1830016783459181e-05,"42,43,44",aggregate,3,0.5927248133979544
resnet50_no_weights,CIFAR10,fp32_fused,layer3.5.conv3,"(1024, 256, 1, 1)",6.799148523807526,2.5936693282346825e-05,42,42,3,
resnet50_no_weights,CIFAR10,fp32_fused,layer3.5.conv3,"(1024, 256, 1, 1)",6.710776956457841,2.5599582506018986e-05,43,43,3,
resnet50_no_weights,CIFAR10,fp32_fused,layer3.5.conv3,"(1024, 256, 1, 1)",6.736917170611295,2.569929950947302e-05,44,44,3,
resnet50_no_weights,CIFAR10,fp32_fused,layer3.5.conv3,"(1024, 256, 1, 1)",6.748947550292221,2.5745191765946277e-05,"42,43,44",aggregate,3,0.045397477963102756
resnet50_no_weights,CIFAR10,fp32_fused,layer4.0.conv1,"(512, 1024, 1, 1)",58.64099593389602,0.00011184882342127995,42,42,3,
resnet50_no_weights,CIFAR10,fp32_fused,layer4.0.conv1,"(512, 1024, 1, 1)",58.3019270102183,0.00011120210077327404,43,43,3,
resnet50_no_weights,CIFAR10,fp32_fused,layer4.0.conv1,"(512, 1024, 1, 1)",62.60991317995133,0.00011941893230428949,44,44,3,
resnet50_no_weights,CIFAR10,fp32_fused,layer4.0.conv1,"(512, 1024, 1, 1)",59.85094537468855,0.00011415661883294783,"42,43,44",aggregate,3,2.3953432836669513
resnet50_no_weights,CIFAR10,fp32_fused,layer4.0.conv2,"(512, 512, 3, 3)",14.54780478477478,6.166163459258516e-06,42,42,3,
resnet50_no_weights,CIFAR10,fp32_fused,layer4.0.conv2,"(512, 512, 3, 3)",14.378200882359556,6.094275954504884e-06,43,43,3,
resnet50_no_weights,CIFAR10,fp32_fused,layer4.0.conv2,"(512, 512, 3, 3)",15.408090742010819,6.530800180227839e-06,44,44,3,
resnet50_no_weights,CIFAR10,fp32_fused,layer4.0.conv2,"(512, 512, 3, 3)",14.778032136381718,6.263746531330413e-06,"42,43,44",aggregate,3,0.5521972073671535
resnet50_no_weights,CIFAR10,fp32_fused,layer4.0.conv3,"(2048, 512, 1, 1)",10.360983981026543,9.881004315401595e-06,42,42,3,
resnet50_no_weights,CIFAR10,fp32_fused,layer4.0.conv3,"(2048, 512, 1, 1)",9.91685885649461,9.457453590864763e-06,43,43,3,
resnet50_no_weights,CIFAR10,fp32_fused,layer4.0.conv3,"(2048, 512, 1, 1)",12.088888263702392,1.1528862250997917e-05,44,44,3,
resnet50_no_weights,CIFAR10,fp32_fused,layer4.0.conv3,"(2048, 512, 1, 1)",10.788910367074514,1.0289106719088091e-05,"42,43,44",aggregate,3,1.147505416262122
resnet50_no_weights,CIFAR10,fp32_fused,layer4.0.downsample.0,"(2048, 1024, 1, 1)",86.30187279837472,4.1151939772784575e-05,42,42,3,
resnet50_no_weights,CIFAR10,fp32_fused,layer4.0.downsample.0,"(2048, 1024, 1, 1)",73.88066362079822,3.522904568710242e-05,43,43,3,
resnet50_no_weights,CIFAR10,fp32_fused,layer4.0.downsample.0,"(2048, 1024, 1, 1)",71.5696792602539,3.4127082471968606e-05,44,44,3,
resnet50_no_weights,CIFAR10,fp32_fused,layer4.0.downsample.0,"(2048, 1024, 1, 1)",77.25073855980895,3.683602264395187e-05,"42,43,44",aggregate,3,7.923221278752303
resnet50_no_weights,CIFAR10,fp32_fused,layer4.1.conv1,"(512, 2048, 1, 1)",31.084973874299422,2.9644941210078642e-05,42,42,3,
resnet50_no_weights,CIFAR10,fp32_fused,layer4.1.conv1,"(512, 2048, 1, 1)",36.15948829650879,3.448437528277282e-05,43,43,3,
resnet50_no_weights,CIFAR10,fp32_fused,layer4.1.conv1,"(512, 2048, 1, 1)",30.221409974274813,2.8821382498049558e-05,44,44,3,
resnet50_no_weights,CIFAR10,fp32_fused,layer4.1.conv1,"(512, 2048, 1, 1)",32.48862404836101,3.098356633030034e-05,"42,43,44",aggregate,3,3.2082501303052435
resnet50_no_weights,CIFAR10,fp32_fused,layer4.1.conv2,"(512, 512, 3, 3)",97.35289497375489,4.1263535806340066e-05,42,42,3,
resnet50_no_weights,CIFAR10,fp32_fused,layer4.1.conv2,"(512, 512, 3, 3)",95.53212356567383,4.0491792282813956e-05,43,43,3,
resnet50_no_weights,CIFAR10,fp32_fused,layer4.1.conv2,"(512, 512, 3, 3)",108.47329139709473,4.597697423176012e-05,44,44,3,
resnet50_no_weights,CIFAR10,fp32_fused,layer4.1.conv2,"(512, 512, 3, 3)",100.45276997884115,4.257743410697138e-05,"42,43,44",aggregate,3,7.005381859372099
resnet50_no_weights,CIFAR10,fp32_fused,layer4.1.conv3,"(2048, 512, 1, 1)",19.16008253097534,1.827247861001524e-05,42,42,3,
resnet50_no_weights,CIFAR10,fp32_fused,layer4.1.conv3,"(2048, 512, 1, 1)",23.00162525177002,2.193605923821451e-05,43,43,3,
resnet50_no_weights,CIFAR10,fp32_fused,layer4.1.conv3,"(2048, 512, 1, 1)",19.977585580613876,1.9052110272039296e-05,44,44,3,
resnet50_no_weights,CIFAR10,fp32_fused,layer4.1.conv3,"(2048, 512, 1, 1)",20.713097787786413,1.9753549373423017e-05,"42,43,44",aggregate,3,2.0236344220479907
resnet50_no_weights,CIFAR10,fp32_fused,layer4.2.conv1,"(512, 2048, 1, 1)",33.012888852287745,3.1483544208801026e-05,42,42,3,
resnet50_no_weights,CIFAR10,fp32_fused,layer4.2.conv1,"(512, 2048, 1, 1)",37.88041192009335,3.612557594308219e-05,43,43,3,
resnet50_no_weights,CIFAR10,fp32_fused,layer4.2.conv1,"(512, 2048, 1, 1)",28.7682204246521,2.743551294770441e-05,44,44,3,
resnet50_no_weights,CIFAR10,fp32_fused,layer4.2.conv1,"(512, 2048, 1, 1)",33.22050706567773,3.168154436652921e-05,"42,43,44",aggregate,3,4.559642250692088
resnet50_no_weights,CIFAR10,fp32_fused,layer4.2.conv2,"(512, 512, 3, 3)",11.166511964797973,4.7329847398537415e-06,42,42,3,
resnet50_no_weights,CIFAR10,fp32_fused,layer4.2.conv2,"(512, 512, 3, 3)",11.62364927927653,4.92674479136002e-06,43,43,3,
resnet50_no_weights,CIFAR10,fp32_fused,layer4.2.conv2,"(512, 512, 3, 3)",10.61498936739835,4.49921899049477e-06,44,44,3,
resnet50_no_weights,CIFAR10,fp32_fused,layer4.2.conv2,"(512, 512, 3, 3)",11.135050203824283,4.719649507236177e-06,"42,43,44",aggregate,3,0.5050654277023904
resnet50_no_weights,CIFAR10,fp32_fused,layer4.2.conv3,"(2048, 512, 1, 1)",5.638076473165442,5.376888726392214e-06,42,42,3,
resnet50_no_weights,CIFAR10,fp32_fused,layer4.2.conv3,"(2048, 512, 1, 1)",5.64306503534317,5.381646190016909e-06,43,43,3,
resnet50_no_weights,CIFAR10,fp32_fused,layer4.2.conv3,"(2048, 512, 1, 1)",5.784576313836234,5.516601861797556e-06,44,44,3,
resnet50_no_weights,CIFAR10,fp32_fused,layer4.2.conv3,"(2048, 512, 1, 1)",5.688572607448282,5.425045592735559e-06,"42,43,44",aggregate,3,0.08317905486550278
resnet50_no_weights,CIFAR10,fp32_fused,fc,"(10, 2048)",4.998352392361714,0.00024406017540828684,42,42,3,
resnet50_no_weights,CIFAR10,fp32_fused,fc,"(10, 2048)",5.9417091867198115,0.0002901225188828033,43,43,3,
resnet50_no_weights,CIFAR10,fp32_fused,fc,"(10, 2048)",5.608582419507644,0.0002738565634525217,44,44,3,
resnet50_no_weights,CIFAR10,fp32_fused,fc,"(10, 2048)",5.51621466619639,0.00026934641924787064,"42,43,44",aggregate,3,0.47841337957275276
resnet50_no_weights,CIFAR10,ptq,conv1,"(64, 3, 3, 3)",975.6686444638381,0.5646230581387952,42,42,3,
resnet50_no_weights,CIFAR10,ptq,conv1,"(64, 3, 3, 3)",1002.9305300191901,0.5803996122796239,43,43,3,
resnet50_no_weights,CIFAR10,ptq,conv1,"(64, 3, 3, 3)",1152.838036840245,0.6671516416899566,44,44,3,
resnet50_no_weights,CIFAR10,ptq,conv1,"(64, 3, 3, 3)",1043.8124037744244,0.6040581040361253,"42,43,44",aggregate,3,95.39782020602196
resnet50_no_weights,CIFAR10,ptq,layer1.0.conv1,"(64, 64, 1, 1)",6.914054641096862,0.0016880016213615386,42,42,3,
resnet50_no_weights,CIFAR10,ptq,layer1.0.conv1,"(64, 64, 1, 1)",9.10688183973233,0.0022233598241534007,43,43,3,
resnet50_no_weights,CIFAR10,ptq,layer1.0.conv1,"(64, 64, 1, 1)",11.232652522231403,0.002742346807185401,44,44,3,
resnet50_no_weights,CIFAR10,ptq,layer1.0.conv1,"(64, 64, 1, 1)",9.084529667686866,0.0022179027509001137,"42,43,44",aggregate,3,2.159385706498795
resnet50_no_weights,CIFAR10,ptq,layer1.0.conv2,"(64, 64, 3, 3)",22.886962274791763,0.0006208485860132314,42,42,3,
resnet50_no_weights,CIFAR10,ptq,layer1.0.conv2,"(64, 64, 3, 3)",23.386026074488957,0.0006343865580102256,43,43,3,
resnet50_no_weights,CIFAR10,ptq,layer1.0.conv2,"(64, 64, 3, 3)",19.87140203160899,0.0005390462790692543,44,44,3,
resnet50_no_weights,CIFAR10,ptq,layer1.0.conv2,"(64, 64, 3, 3)",22.048130126963237,0.0005980938076975705,"42,43,44",aggregate,3,1.9015454424941947
resnet50_no_weights,CIFAR10,ptq,layer1.0.conv3,"(256, 64, 1, 1)",5.418147288930061,0.00033069746636536014,42,42,3,
resnet50_no_weights,CIFAR10,ptq,layer1.0.conv3,"(256, 64, 1, 1)",4.282386476887351,0.00026137612773970647,43,43,3,
resnet50_no_weights,CIFAR10,ptq,layer1.0.conv3,"(256, 64, 1, 1)",4.791030899518066,0.00029242131955066323,44,44,3,
resnet50_no_weights,CIFAR10,ptq,layer1.0.conv3,"(256, 64, 1, 1)",4.830521555111826,0.0002948316378852433,"42,43,44",aggregate,3,0.5689092980892452
resnet50_no_weights,CIFAR10,ptq,layer1.0.downsample.0,"(256, 64, 1, 1)",2.584256003261544,0.00015773046894906884,42,42,3,
resnet50_no_weights,CIFAR10,ptq,layer1.0.downsample.0,"(256, 64, 1, 1)",2.1368584643033417,0.0001304234902528895,43,43,3,
resnet50_no_weights,CIFAR10,ptq,layer1.0.downsample.0,"(256, 64, 1, 1)",2.3884206307053133,0.00014577762638582234,44,44,3,
resnet50_no_weights,CIFAR10,ptq,layer1.0.downsample.0,"(256, 64, 1, 1)",2.369845032756733,0.00014464386186259357,"42,43,44",aggregate,3,0.2242764568469559
resnet50_no_weights,CIFAR10,ptq,layer1.1.conv1,"(64, 256, 1, 1)",19.55201443875658,0.0011933602562717639,42,42,3,
resnet50_no_weights,CIFAR10,ptq,layer1.1.conv1,"(64, 256, 1, 1)",16.338971683735487,0.000997251689681121,43,43,3,
resnet50_no_weights,CIFAR10,ptq,layer1.1.conv1,"(64, 256, 1, 1)",14.926462022290714,0.0009110389417902047,44,44,3,
resnet50_no_weights,CIFAR10,ptq,layer1.1.conv1,"(64, 256, 1, 1)",16.93914938159426,0.0010338836292476965,"42,43,44",aggregate,3,2.3704627694025473
resnet50_no_weights,CIFAR10,ptq,layer1.1.conv2,"(64, 64, 3, 3)",3.429080337939131,9.301975743107451e-05,42,42,3,
resnet50_no_weights,CIFAR10,ptq,layer1.1.conv2,"(64, 64, 3, 3)",4.107601659080709,0.00011142582625544458,43,43,3,
resnet50_no_weights,CIFAR10,ptq,layer1.1.conv2,"(64, 64, 3, 3)",4.236569034174467,0.00011492429020655564,44,44,3,
resnet50_no_weights,CIFAR10,ptq,layer1.1.conv2,"(64, 64, 3, 3)",3.9244170103981024,0.00010645662463102491,"42,43,44",aggregate,3,0.4337936839923886
resnet50_no_weights,CIFAR10,ptq,layer1.1.conv3,"(256, 64, 1, 1)",1.1610779837869547,7.086657615887175e-05,42,42,3,
resnet50_no_weights,CIFAR10,ptq,layer1.1.conv3,"(256, 64, 1, 1)",1.182884014175775,7.219751063084564e-05,43,43,3,
resnet50_no_weights,CIFAR10,ptq,layer1.1.conv3,"(256, 64, 1, 1)",1.0638804514670657,6.49341095866129e-05,44,44,3,
resnet50_no_weights,CIFAR10,ptq,layer1.1.conv3,"(256, 64, 1, 1)",1.1359474831432652,6.933273212544343e-05,"42,43,44",aggregate,3,0.06335707167549091
resnet50_no_weights,CIFAR10,ptq,layer1.2.conv1,"(64, 256, 1, 1)",9.388903549201386,0.0005730531951416861,42,42,3,
resnet50_no_weights,CIFAR10,ptq,layer1.2.conv1,"(64, 256, 1, 1)",7.995741127905521,0.0004880213090762647,43,43,3,
resnet50_no_weights,CIFAR10,ptq,layer1.2.conv1,"(64, 256, 1, 1)",9.851249006763101,0.0006012725223854432,44,44,3,
resnet50_no_weights,CIFAR10,ptq,layer1.2.conv1,"(64, 256, 1, 1)",9.07863122795667,0.0005541156755344647,"42,43,44",aggregate,3,0.9658825276003175
resnet50_no_weights,CIFAR10,ptq,layer1.2.conv2,"(64, 64, 3, 3)",1.021523075994481,2.7710586913912785e-05,42,42,3,
resnet50_no_weights,CIFAR10,ptq,layer1.2.conv2,"(64, 64, 3, 3)",1.4269245426453974,3.870780551880961e-05,43,43,3,
resnet50_no_weights,CIFAR10,ptq,layer1.2.conv2,"(64, 64, 3, 3)",1.1811901228502393,3.204183275960936e-05,44,44,3,
resnet50_no_weights,CIFAR10,ptq,layer1.2.conv2,"(64, 64, 3, 3)",1.2098792471633726,3.282007506411058e-05,"42,43,44",aggregate,3,0.20421774330618128
resnet50_no_weights,CIFAR10,ptq,layer1.2.conv3,"(256, 64, 1, 1)",1.0126639645675133,6.180810330612264e-05,42,42,3,
resnet50_no_weights,CIFAR10,ptq,layer1.2.conv3,"(256, 64, 1, 1)",0.787150544000835,4.804385644536346e-05,43,43,3,
resnet50_no_weights,CIFAR10,ptq,layer1.2.conv3,"(256, 64, 1, 1)",0.4086299530769649,2.4940793034482722e-05,44,44,3,
resnet50_no_weights,CIFAR10,ptq,layer1.2.conv3,"(256, 64, 1, 1)",0.736148153881771,4.493091759532294e-05,"42,43,44",aggregate,3,0.30522975708101246
resnet50_no_weights,CIFAR10,ptq,layer2.0.conv1,"(128, 256, 1, 1)",11.314450802432525,0.0003452896363047035,42,42,3,
resnet50_no_weights,CIFAR10,ptq,layer2.0.conv1,"(128, 256, 1, 1)",9.714596504775377,0.0002964659577873345,43,43,3,
resnet50_no_weights,CIFAR10,ptq,layer2.0.conv1,"(128, 256, 1, 1)",5.953713650504748,0.0001816929214631576,44,44,3,
resnet50_no_weights,CIFAR10,ptq,layer2.0.conv1,"(128, 256, 1, 1)",8.994253652570883,0.00027448283851839853,"42,43,44",aggregate,3,2.752007643804112
resnet50_no_weights,CIFAR10,ptq,layer2.0.conv2,"(128, 128, 3, 3)",2.0595614202320576,1.396729478781506e-05,42,42,3,
resnet50_no_weights,CIFAR10,ptq,layer2.0.conv2,"(128, 128, 3, 3)",1.5935717794511999,1.0807100283821613e-05,43,43,3,
resnet50_no_weights,CIFAR10,ptq,layer2.0.conv2,"(128, 128, 3, 3)",2.531954156451447,1.7170913061872336e-05,44,44,3,
resnet50_no_weights,CIFAR10,ptq,layer2.0.conv2,"(128, 128, 3, 3)",2.0616957853782347,1.3981769377836337e-05,"42,43,44",aggregate,3,0.46919482947075564
resnet50_no_weights,CIFAR10,ptq,layer2.0.conv3,"(512, 128, 1, 1)",0.47188017351759803,7.200320030480927e-06,42,42,3,
resnet50_no_weights,CIFAR10,ptq,layer2.0.conv3,"(512, 128, 1, 1)",0.5919584871402809,9.032569689030165e-06,43,43,3,
resnet50_no_weights,CIFAR10,ptq,layer2.0.conv3,"(512, 128, 1, 1)",0.40748567979883504,6.217738034039841e-06,44,44,3,
resnet50_no_weights,CIFAR10,ptq,layer2.0.conv3,"(512, 128, 1, 1)",0.49044144681890467,7.483542584516978e-06,"42,43,44",aggregate,3,0.09362662448274474
resnet50_no_weights,CIFAR10,ptq,layer2.0.downsample.0,"(512, 256, 1, 1)",0.7418720305842512,5.660034413026819e-06,42,42,3,
resnet50_no_weights,CIFAR10,ptq,layer2.0.downsample.0,"(512, 256, 1, 1)",0.7266139176984628,5.54362425001879e-06,43,43,3,
resnet50_no_weights,CIFAR10,ptq,layer2.0.downsample.0,"(512, 256, 1, 1)",0.7984358497196808,6.09158210540528e-06,44,44,3,
resnet50_no_weights,CIFAR10,ptq,layer2.0.downsample.0,"(512, 256, 1, 1)",0.7556405993341316,5.765080256150296e-06,"42,43,44",aggregate,3,0.037838837110570046
resnet50_no_weights,CIFAR10,ptq,layer2.1.conv1,"(128, 512, 1, 1)",0.8077802281253613,1.2325748109823018e-05,42,42,3,
resnet50_no_weights,CIFAR10,ptq,layer2.1.conv1,"(128, 512, 1, 1)",0.6498446077410434,9.915841792923635e-06,43,43,3,
resnet50_no_weights,CIFAR10,ptq,layer2.1.conv1,"(128, 512, 1, 1)",0.5363000839948654,8.183289855878683e-06,44,44,3,
resnet50_no_weights,CIFAR10,ptq,layer2.1.conv1,"(128, 512, 1, 1)",0.6646416399537567,1.0141626586208446e-05,"42,43,44",aggregate,3,0.13634361476067286
resnet50_no_weights,CIFAR10,ptq,layer2.1.conv2,"(128, 128, 3, 3)",0.3492093160748482,2.3682272411759995e-06,42,42,3,
resnet50_no_weights,CIFAR10,ptq,layer2.1.conv2,"(128, 128, 3, 3)",0.33619818304266247,2.2799898481083336e-06,43,43,3,
resnet50_no_weights,CIFAR10,ptq,layer2.1.conv2,"(128, 128, 3, 3)",0.23311677793769733,1.5809243295471012e-06,44,44,3,
resnet50_no_weights,CIFAR10,ptq,layer2.1.conv2,"(128, 128, 3, 3)",0.30617475901840263,2.076380472943811e-06,"42,43,44",aggregate,3,0.06360364647869517
resnet50_no_weights,CIFAR10,ptq,layer2.1.conv3,"(512, 128, 1, 1)",0.4159475084005007,6.346855291755687e-06,42,42,3,
resnet50_no_weights,CIFAR10,ptq,layer2.1.conv3,"(512, 128, 1, 1)",0.4418348674662411,6.741865043125017e-06,43,43,3,
resnet50_no_weights,CIFAR10,ptq,layer2.1.conv3,"(512, 128, 1, 1)",0.509396546560785,7.772774453136979e-06,44,44,3,
resnet50_no_weights,CIFAR10,ptq,layer2.1.conv3,"(512, 128, 1, 1)",0.4557263074758423,6.953831596005895e-06,"42,43,44",aggregate,3,0.04824841720124951
resnet50_no_weights,CIFAR10,ptq,layer2.2.conv1,"(128, 512, 1, 1)",0.7891925170381622,1.2042122147188754e-05,42,42,3,
resnet50_no_weights,CIFAR10,ptq,layer2.2.conv1,"(128, 512, 1, 1)",0.9833948596103771,1.5005414727941545e-05,43,43,3,
resnet50_no_weights,CIFAR10,ptq,layer2.2.conv1,"(128, 512, 1, 1)",0.673570837204655,1.0277875323557359e-05,44,44,3,
resnet50_no_weights,CIFAR10,ptq,layer2.2.conv1,"(128, 512, 1, 1)",0.8153860712843981,1.2441804066229219e-05,"42,43,44",aggregate,3,0.15656406972212117
resnet50_no_weights,CIFAR10,ptq,layer2.2.conv2,"(128, 128, 3, 3)",0.15912332011329144,1.079124078459279e-06,42,42,3,
resnet50_no_weights,CIFAR10,ptq,layer2.2.conv2,"(128, 128, 3, 3)",0.18617181039669298,1.2625583929897256e-06,43,43,3,
resnet50_no_weights,CIFAR10,ptq,layer2.2.conv2,"(128, 128, 3, 3)",0.1767372737837131,1.1985763467319953e-06,44,44,3,
resnet50_no_weights,CIFAR10,ptq,layer2.2.conv2,"(128, 128, 3, 3)",0.17401080143123251,1.180086272727e-06,"42,43,44",aggregate,3,0.013728818057992013
resnet50_no_weights,CIFAR10,ptq,layer2.2.conv3,"(512, 128, 1, 1)",0.2924642438915643,4.4626502058649335e-06,42,42,3,
resnet50_no_weights,CIFAR10,ptq,layer2.2.conv3,"(512, 128, 1, 1)",0.32811605641800984,5.0066536929017614e-06,43,43,3,
resnet50_no_weights,CIFAR10,ptq,layer2.2.conv3,"(512, 128, 1, 1)",0.17768573611974717,2.7112691668662593e-06,44,44,3,
resnet50_no_weights,CIFAR10,ptq,layer2.2.conv3,"(512, 128, 1, 1)",0.26608867880977377,4.0601910218776515e-06,"42,43,44",aggregate,3,0.07860708073257332
resnet50_no_weights,CIFAR10,ptq,layer2.3.conv1,"(128, 512, 1, 1)",0.5488406942192331,8.374644382007341e-06,42,42,3,
resnet50_no_weights,CIFAR10,ptq,layer2.3.conv1,"(128, 512, 1, 1)",0.4497409339195916,6.862502043450799e-06,43,43,3,
resnet50_no_weights,CIFAR10,ptq,layer2.3.conv1,"(128, 512, 1, 1)",0.5507624072977054,8.403967396510398e-06,44,44,3,
resnet50_no_weights,CIFAR10,ptq,layer2.3.conv1,"(128, 512, 1, 1)",0.5164480118121767,7.880371273989513e-06,"42,43,44",aggregate,3,0.05777801420968496
resnet50_no_weights,CIFAR10,ptq,layer2.3.conv2,"(128, 128, 3, 3)",0.13181463087540726,8.93925176835173e-07,42,42,3,
resnet50_no_weights,CIFAR10,ptq,layer2.3.conv2,"(128, 128, 3, 3)",0.12014550577711176,8.147888575379215e-07,43,43,3,
resnet50_no_weights,CIFAR10,ptq,layer2.3.conv2,"(128, 128, 3, 3)",0.13327063118609098,9.037993108865762e-07,44,44,3,
resnet50_no_weights,CIFAR10,ptq,layer2.3.conv2,"(128, 128, 3, 3)",0.12841025594620334,8.708377817532236e-07,"42,43,44",aggregate,3,0.007194411424453159
resnet50_no_weights,CIFAR10,ptq,layer2.3.conv3,"(512, 128, 1, 1)",0.1750532787723037,2.671101055485591e-06,42,42,3,
resnet50_no_weights,CIFAR10,ptq,layer2.3.conv3,"(512, 128, 1, 1)",0.16912316296781812,2.5806146693087482e-06,43,43,3,
resnet50_no_weights,CIFAR10,ptq,layer2.3.conv3,"(512, 128, 1, 1)",0.1581227405426594,2.4127615439248566e-06,44,44,3,
resnet50_no_weights,CIFAR10,ptq,layer2.3.conv3,"(512, 128, 1, 1)",0.16743306076092707,2.554825756239732e-06,"42,43,44",aggregate,3,0.008590873953717704
resnet50_no_weights,CIFAR10,ptq,layer3.0.conv1,"(256, 512, 1, 1)",0.514367827004002,3.924315086395279e-06,42,42,3,
resnet50_no_weights,CIFAR10,ptq,layer3.0.conv1,"(256, 512, 1, 1)",0.5909757021400663,4.508786790009051e-06,43,43,3,
resnet50_no_weights,CIFAR10,ptq,layer3.0.conv1,"(256, 512, 1, 1)",0.42627848633404436,3.252246752426486e-06,44,44,3,
resnet50_no_weights,CIFAR10,ptq,layer3.0.conv1,"(256, 512, 1, 1)",0.5105406718260376,3.895116209610272e-06,"42,43,44",aggregate,3,0.08241528111419028
resnet50_no_weights,CIFAR10,ptq,layer3.0.conv2,"(256, 256, 3, 3)",0.3810191720724106,6.459879083801449e-07,42,42,3,
resnet50_no_weights,CIFAR10,ptq,layer3.0.conv2,"(256, 256, 3, 3)",0.40814346336481866,6.919750016357738e-07,43,43,3,
resnet50_no_weights,CIFAR10,ptq,layer3.0.conv2,"(256, 256, 3, 3)",0.41711367666721344,7.071832897054264e-07,44,44,3,
resnet50_no_weights,CIFAR10,ptq,layer3.0.conv2,"(256, 256, 3, 3)",0.4020921040348142,6.81715399907115e-07,"42,43,44",aggregate,3,0.018792752001547956
resnet50_no_weights,CIFAR10,ptq,layer3.0.conv3,"(1024, 256, 1, 1)",0.8071611579507589,3.079075462153469e-06,42,42,3,
resnet50_no_weights,CIFAR10,ptq,layer3.0.conv3,"(1024, 256, 1, 1)",0.6991625470372865,2.6670934564105474e-06,43,43,3,
resnet50_no_weights,CIFAR10,ptq,layer3.0.conv3,"(1024, 256, 1, 1)",0.6755866083833907,2.577158387692988e-06,44,44,3,
resnet50_no_weights,CIFAR10,ptq,layer3.0.conv3,"(1024, 256, 1, 1)",0.7273034377904787,2.7744424354190013e-06,"42,43,44",aggregate,3,0.07015623865880556
resnet50_no_weights,CIFAR10,ptq,layer3.0.downsample.0,"(1024, 512, 1, 1)",1.1029324047267437,2.1036766142401575e-06,42,42,3,
resnet50_no_weights,CIFAR10,ptq,layer3.0.downsample.0,"(1024, 512, 1, 1)",1.0752136626026847,2.0508073093465513e-06,43,43,3,
resnet50_no_weights,CIFAR10,ptq,layer3.0.downsample.0,"(1024, 512, 1, 1)",1.9565878891944886,3.731895235432603e-06,44,44,3,
resnet50_no_weights,CIFAR10,ptq,layer3.0.downsample.0,"(1024, 512, 1, 1)",1.378244652174639,2.6287930530064373e-06,"42,43,44",aggregate,3,0.5010516510512498
resnet50_no_weights,CIFAR10,ptq,layer3.1.conv1,"(256, 1024, 1, 1)",0.12930082096092738,4.932434881627173e-07,42,42,3,
resnet50_no_weights,CIFAR10,ptq,layer3.1.conv1,"(256, 1024, 1, 1)",0.12745677052838048,4.862089940200061e-07,43,43,3,
resnet50_no_weights,CIFAR10,ptq,layer3.1.conv1,"(256, 1024, 1, 1)",0.14506661937865492,5.533852362772176e-07,44,44,3,
resnet50_no_weights,CIFAR10,ptq,layer3.1.conv1,"(256, 1024, 1, 1)",0.13394140362265425,5.109459061533136e-07,"42,43,44",aggregate,3,0.009678736989536299
resnet50_no_weights,CIFAR10,ptq,layer3.1.conv2,"(256, 256, 3, 3)",0.19474022625945508,3.301666704973943e-07,42,42,3,
resnet50_no_weights,CIFAR10,ptq,layer3.1.conv2,"(256, 256, 3, 3)",0.2137326498826345,3.623668244809206e-07,43,43,3,
resnet50_no_weights,CIFAR10,ptq,layer3.1.conv2,"(256, 256, 3, 3)",0.16556232848337718,2.8069784966935423e-07,44,44,3,
resnet50_no_weights,CIFAR10,ptq,layer3.1.conv2,"(256, 256, 3, 3)",0.19134506820848893,3.244104482158897e-07,"42,43,44",aggregate,3,0.024263971018162238
resnet50_no_weights,CIFAR10,ptq,layer3.1.conv3,"(1024, 256, 1, 1)",0.8308676261650888,3.169508461628299e-06,42,42,3,
resnet50_no_weights,CIFAR10,ptq,layer3.1.conv3,"(1024, 256, 1, 1)",0.6401840273071738,2.4421082584654763e-06,43,43,3,
resnet50_no_weights,CIFAR10,ptq,layer3.1.conv3,"(1024, 256, 1, 1)",0.7521209756915386,2.8691138293897193e-06,44,44,3,
resnet50_no_weights,CIFAR10,ptq,layer3.1.conv3,"(1024, 256, 1, 1)",0.7410575430546004,2.8269101831611647e-06,"42,43,44",aggregate,3,0.09582201403975815
resnet50_no_weights,CIFAR10,ptq,layer3.2.conv1,"(256, 1024, 1, 1)",0.10458214565490682,3.9894922506296854e-07,42,42,3,
resnet50_no_weights,CIFAR10,ptq,layer3.2.conv1,"(256, 1024, 1, 1)",0.1206544101972815,4.6026004866516686e-07,43,43,3,
resnet50_no_weights,CIFAR10,ptq,layer3.2.conv1,"(256, 1024, 1, 1)",0.09279906808545715,3.540003512781416e-07,44,44,3,
resnet50_no_weights,CIFAR10,ptq,layer3.2.conv1,"(256, 1024, 1, 1)",0.10601187464588183,4.0440320833542567e-07,"42,43,44",aggregate,3,0.013982600429906431
resnet50_no_weights,CIFAR10,ptq,layer3.2.conv2,"(256, 256, 3, 3)",0.13303932191973383,2.2555766113236123e-07,42,42,3,
resnet50_no_weights,CIFAR10,ptq,layer3.2.conv2,"(256, 256, 3, 3)",0.13323266239001832,2.2588545462717408e-07,43,43,3,
resnet50_no_weights,CIFAR10,ptq,layer3.2.conv2,"(256, 256, 3, 3)",0.1300861289103826,2.2055075566674568e-07,44,44,3,
resnet50_no_weights,CIFAR10,ptq,layer3.2.conv2,"(256, 256, 3, 3)",0.13211937107337826,2.239979571420937e-07,"42,43,44",aggregate,3,0.0017634909708869764
resnet50_no_weights,CIFAR10,ptq,layer3.2.conv3,"(1024, 256, 1, 1)",0.742826771736145,2.8336592549749183e-06,42,42,3,
resnet50_no_weights,CIFAR10,ptq,layer3.2.conv3,"(1024, 256, 1, 1)",0.7170126600698992,2.735186233787152e-06,43,43,3,
resnet50_no_weights,CIFAR10,ptq,layer3.2.conv3,"(1024, 256, 1, 1)",0.9214902619520823,3.5152063825686732e-06,44,44,3,
resnet50_no_weights,CIFAR10,ptq,layer3.2.conv3,"(1024, 256, 1, 1)",0.7937765645860422,3.0280172904435813e-06,"42,43,44",aggregate,3,0.11135386594751759
resnet50_no_weights,CIFAR10,ptq,layer3.3.conv1,"(256, 1024, 1, 1)",0.13643203876339471,5.204469252143658e-07,42,42,3,
resnet50_no_weights,CIFAR10,ptq,layer3.3.conv1,"(256, 1024, 1, 1)",0.11658591307375742,4.4473996381285635e-07,43,43,3,
resnet50_no_weights,CIFAR10,ptq,layer3.3.conv1,"(256, 1024, 1, 1)",0.14077557290070936,5.370161930111288e-07,44,44,3,
resnet50_no_weights,CIFAR10,ptq,layer3.3.conv1,"(256, 1024, 1, 1)",0.13126450824595381,5.007343606794503e-07,"42,43,44",aggregate,3,0.01289621802593401
resnet50_no_weights,CIFAR10,ptq,layer3.3.conv2,"(256, 256, 3, 3)",0.21843780858336753,3.703440493831508e-07,42,42,3,
resnet50_no_weights,CIFAR10,ptq,layer3.3.conv2,"(256, 256, 3, 3)",0.2136465609073639,3.622208674237805e-07,43,43,3,
resnet50_no_weights,CIFAR10,ptq,layer3.3.conv2,"(256, 256, 3, 3)",0.24425443393342636,4.14114098330055e-07,44,44,3,
resnet50_no_weights,CIFAR10,ptq,layer3.3.conv2,"(256, 256, 3, 3)",0.2254462678080526,3.822263383789954e-07,"42,43,44",aggregate,3,0.01646357641349368
resnet50_no_weights,CIFAR10,ptq,layer3.3.conv3,"(1024, 256, 1, 1)",1.1351322015126546,4.33018570523321e-06,42,42,3,
resnet50_no_weights,CIFAR10,ptq,layer3.3.conv3,"(1024, 256, 1, 1)",1.1460499325219322,4.3718335438611306e-06,43,43,3,
resnet50_no_weights,CIFAR10,ptq,layer3.3.conv3,"(1024, 256, 1, 1)",1.1134646449770247,4.2475305365639675e-06,44,44,3,
resnet50_no_weights,CIFAR10,ptq,layer3.3.conv3,"(1024, 256, 1, 1)",1.1315489263372038,4.316516595219436e-06,"42,43,44",aggregate,3,0.01658553999221393
resnet50_no_weights,CIFAR10,ptq,layer3.4.conv1,"(256, 1024, 1, 1)",0.06472383155709222,2.4690182326161276e-07,42,42,3,
resnet50_no_weights,CIFAR10,ptq,layer3.4.conv1,"(256, 1024, 1, 1)",0.06057251219948133,2.3106579665939838e-07,43,43,3,
resnet50_no_weights,CIFAR10,ptq,layer3.4.conv1,"(256, 1024, 1, 1)",0.05893412546107644,2.2481584724836898e-07,44,44,3,
resnet50_no_weights,CIFAR10,ptq,layer3.4.conv1,"(256, 1024, 1, 1)",0.06141015640588333,2.342611557231267e-07,"42,43,44",aggregate,3,0.00298436090846092
resnet50_no_weights,CIFAR10,ptq,layer3.4.conv2,"(256, 256, 3, 3)",0.09724989779434114,1.6487951964372615e-07,42,42,3,
resnet50_no_weights,CIFAR10,ptq,layer3.4.conv2,"(256, 256, 3, 3)",0.11677390017679759,1.979809234225762e-07,43,43,3,
resnet50_no_weights,CIFAR10,ptq,layer3.4.conv2,"(256, 256, 3, 3)",0.09606139361858368,1.6286450469730576e-07,44,44,3,
resnet50_no_weights,CIFAR10,ptq,layer3.4.conv2,"(256, 256, 3, 3)",0.10336173052990746,1.7524164925453605e-07,"42,43,44",aggregate,3,0.011630471036104631
resnet50_no_weights,CIFAR10,ptq,layer3.4.conv3,"(1024, 256, 1, 1)",1.3084006607532501,4.9911524229173665e-06,42,42,3,
resnet50_no_weights,CIFAR10,ptq,layer3.4.conv3,"(1024, 256, 1, 1)",1.0928183133187501,4.168771031641961e-06,43,43,3,
resnet50_no_weights,CIFAR10,ptq,layer3.4.conv3,"(1024, 256, 1, 1)",0.9149135783314705,3.4901183255442446e-06,44,44,3,
resnet50_no_weights,CIFAR10,ptq,layer3.4.conv3,"(1024, 256, 1, 1)",1.1053775174678235,4.216680593367857e-06,"42,43,44",aggregate,3,0.19704395756999168
resnet50_no_weights,CIFAR10,ptq,layer3.5.conv1,"(256, 1024, 1, 1)",0.07385954333728821,2.817517980090645e-07,42,42,3,
resnet50_no_weights,CIFAR10,ptq,layer3.5.conv1,"(256, 1024, 1, 1)",0.06122613310193022,2.3355916252872552e-07,43,43,3,
resnet50_no_weights,CIFAR10,ptq,layer3.5.conv1,"(256, 1024, 1, 1)",0.07181732277385891,2.739613448099476e-07,44,44,3,
resnet50_no_weights,CIFAR10,ptq,layer3.5.conv1,"(256, 1024, 1, 1)",0.06896766640435911,2.630907684492459e-07,"42,43,44",aggregate,3,0.006781678967032062
resnet50_no_weights,CIFAR10,ptq,layer3.5.conv2,"(256, 256, 3, 3)",0.033722470223437995,5.7173784422875286e-08,42,42,3,
resnet50_no_weights,CIFAR10,ptq,layer3.5.conv2,"(256, 256, 3, 3)",0.022658310053442175,3.841537484646636e-08,43,43,3,
resnet50_no_weights,CIFAR10,ptq,layer3.5.conv2,"(256, 256, 3, 3)",0.030533508842133662,5.176715230667735e-08,44,44,3,
resnet50_no_weights,CIFAR10,ptq,layer3.5.conv2,"(256, 256, 3, 3)",0.028971429706337943,4.9118770525339665e-08,"42,43,44",aggregate,3,0.005695083712000791
resnet50_no_weights,CIFAR10,ptq,layer3.5.conv3,"(1024, 256, 1, 1)",0.286020062577266,1.091079950627388e-06,42,42,3,
resnet50_no_weights,CIFAR10,ptq,layer3.5.conv3,"(1024, 256, 1, 1)",0.3461330701045844,1.3203928760703445e-06,43,43,3,
resnet50_no_weights,CIFAR10,ptq,layer3.5.conv3,"(1024, 256, 1, 1)",0.23154097311198713,8.832587170104489e-07,44,44,3,
resnet50_no_weights,CIFAR10,ptq,layer3.5.conv3,"(1024, 256, 1, 1)",0.2878980352646125,1.0982438479027271e-06,"42,43,44",aggregate,3,0.05731912647058588
resnet50_no_weights,CIFAR10,ptq,layer4.0.conv1,"(512, 1024, 1, 1)",1.0173935817652626,1.940524257212186e-06,42,42,3,
resnet50_no_weights,CIFAR10,ptq,layer4.0.conv1,"(512, 1024, 1, 1)",1.1162018212410858,2.1289860176870075e-06,43,43,3,
resnet50_no_weights,CIFAR10,ptq,layer4.0.conv1,"(512, 1024, 1, 1)",1.0154573674712861,1.936831221525738e-06,44,44,3,
resnet50_no_weights,CIFAR10,ptq,layer4.0.conv1,"(512, 1024, 1, 1)",1.0496842568258782,2.002113832141644e-06,"42,43,44",aggregate,3,0.0576140348634473
resnet50_no_weights,CIFAR10,ptq,layer4.0.conv2,"(512, 512, 3, 3)",0.19791168463416398,8.38859069121314e-08,42,42,3,
resnet50_no_weights,CIFAR10,ptq,layer4.0.conv2,"(512, 512, 3, 3)",0.1421678365178166,6.025858413603745e-08,43,43,3,
resnet50_no_weights,CIFAR10,ptq,layer4.0.conv2,"(512, 512, 3, 3)",0.13588524590700102,5.7595675111135276e-08,44,44,3,
resnet50_no_weights,CIFAR10,ptq,layer4.0.conv2,"(512, 512, 3, 3)",0.15865492235299386,6.724672205310137e-08,"42,43,44",aggregate,3,0.03414217003642274
resnet50_no_weights,CIFAR10,ptq,layer4.0.conv3,"(2048, 512, 1, 1)",0.744575074977345,7.100821256421518e-07,42,42,3,
resnet50_no_weights,CIFAR10,ptq,layer4.0.conv3,"(2048, 512, 1, 1)",1.120563656818576,1.0686527794061431e-06,43,43,3,
resnet50_no_weights,CIFAR10,ptq,layer4.0.conv3,"(2048, 512, 1, 1)",0.7896635963998991,7.530818904875747e-07,44,44,3,
resnet50_no_weights,CIFAR10,ptq,layer4.0.conv3,"(2048, 512, 1, 1)",0.8849341093986067,8.439389318452899e-07,"42,43,44",aggregate,3,0.20530271893967378
resnet50_no_weights,CIFAR10,ptq,layer4.0.downsample.0,"(2048, 1024, 1, 1)",37.72447662353515,1.7988432227866723e-05,42,42,3,
resnet50_no_weights,CIFAR10,ptq,layer4.0.downsample.0,"(2048, 1024, 1, 1)",50.12303804314655,2.3900527021001125e-05,43,43,3,
resnet50_no_weights,CIFAR10,ptq,layer4.0.downsample.0,"(2048, 1024, 1, 1)",63.93249862895292,3.0485390963055096e-05,44,44,3,
resnet50_no_weights,CIFAR10,ptq,layer4.0.downsample.0,"(2048, 1024, 1, 1)",50.593337765211544,2.4124783403974316e-05,"42,43,44",aggregate,3,13.11033907763435
resnet50_no_weights,CIFAR10,ptq,layer4.1.conv1,"(512, 2048, 1, 1)",1.5505916982889176,1.4787594778908898e-06,42,42,3,
resnet50_no_weights,CIFAR10,ptq,layer4.1.conv1,"(512, 2048, 1, 1)",1.3940607807304286,1.3294799620918547e-06,43,43,3,
resnet50_no_weights,CIFAR10,ptq,layer4.1.conv1,"(512, 2048, 1, 1)",1.7087841142454874,1.6296235220389246e-06,44,44,3,
resnet50_no_weights,CIFAR10,ptq,layer4.1.conv1,"(512, 2048, 1, 1)",1.5511455310882778,1.479287654007223e-06,"42,43,44",aggregate,3,0.15736239770918897
resnet50_no_weights,CIFAR10,ptq,layer4.1.conv2,"(512, 512, 3, 3)",2.187605464181235,9.272280647198295e-07,42,42,3,
resnet50_no_weights,CIFAR10,ptq,layer4.1.conv2,"(512, 512, 3, 3)",2.1939294285633983,9.299085102350016e-07,43,43,3,
resnet50_no_weights,CIFAR10,ptq,layer4.1.conv2,"(512, 512, 3, 3)",2.0086727160396,8.513864797124227e-07,44,44,3,
resnet50_no_weights,CIFAR10,ptq,layer4.1.conv2,"(512, 512, 3, 3)",2.1300692029280777,9.028410182224179e-07,"42,43,44",aggregate,3,0.10517998099935649
resnet50_no_weights,CIFAR10,ptq,layer4.1.conv3,"(2048, 512, 1, 1)",131.79196380314073,0.00012568661098779748,42,42,3,
resnet50_no_weights,CIFAR10,ptq,layer4.1.conv3,"(2048, 512, 1, 1)",119.09911721212822,0.00011358176919186422,43,43,3,
resnet50_no_weights,CIFAR10,ptq,layer4.1.conv3,"(2048, 512, 1, 1)",190.7015037536621,0.00018186712622991763,44,44,3,
resnet50_no_weights,CIFAR10,ptq,layer4.1.conv3,"(2048, 512, 1, 1)",147.19752825631036,0.00014037850213652645,"42,43,44",aggregate,3,38.20633457558289
resnet50_no_weights,CIFAR10,ptq,layer4.2.conv1,"(512, 2048, 1, 1)",0.08014086924958974,7.642828869780516e-08,42,42,3,
resnet50_no_weights,CIFAR10,ptq,layer4.2.conv1,"(512, 2048, 1, 1)",0.11148428486595893,1.0631969915958303e-07,43,43,3,
resnet50_no_weights,CIFAR10,ptq,layer4.2.conv1,"(512, 2048, 1, 1)",0.13270698820014257,1.2655924625410325e-07,44,44,3,
resnet50_no_weights,CIFAR10,ptq,layer4.2.conv1,"(512, 2048, 1, 1)",0.10811071410523042,1.0310241137049715e-07,"42,43,44",aggregate,3,0.026444941863032125
resnet50_no_weights,CIFAR10,ptq,layer4.2.conv2,"(512, 512, 3, 3)",0.24217871244510877,1.0264871912854884e-07,42,42,3,
resnet50_no_weights,CIFAR10,ptq,layer4.2.conv2,"(512, 512, 3, 3)",0.24696381787794666,1.0467691119636818e-07,43,43,3,
resnet50_no_weights,CIFAR10,ptq,layer4.2.conv2,"(512, 512, 3, 3)",0.24472519962324035,1.0372806109247858e-07,44,44,3,
resnet50_no_weights,CIFAR10,ptq,layer4.2.conv2,"(512, 512, 3, 3)",0.24462257664876527,1.0368456380579854e-07,"42,43,44",aggregate,3,0.0023942028124223844
resnet50_no_weights,CIFAR10,ptq,layer4.2.conv3,"(2048, 512, 1, 1)",0.1963811556994915,1.872836644167819e-07,42,42,3,
resnet50_no_weights,CIFAR10,ptq,layer4.2.conv3,"(2048, 512, 1, 1)",0.18171067085737982,1.732927998136328e-07,43,43,3,
resnet50_no_weights,CIFAR10,ptq,layer4.2.conv3,"(2048, 512, 1, 1)",0.16237715046320642,1.5485491796799318e-07,44,44,3,
resnet50_no_weights,CIFAR10,ptq,layer4.2.conv3,"(2048, 512, 1, 1)",0.18015632567335924,1.7181046073280262e-07,"42,43,44",aggregate,3,0.01705520696856657
resnet50_no_weights,CIFAR10,ptq,fc,"(10, 2048)",29.16845590418035,0.0014242410109463063,42,42,3,
resnet50_no_weights,CIFAR10,ptq,fc,"(10, 2048)",26.227775942195546,0.0012806531221775169,43,43,3,
resnet50_no_weights,CIFAR10,ptq,fc,"(10, 2048)",26.53053258749155,0.0012954361614986108,44,44,3,
resnet50_no_weights,CIFAR10,ptq,fc,"(10, 2048)",27.308921477955817,0.0013334434315408115,"42,43,44",aggregate,3,1.6175032019453264
resnet50_no_weights,CIFAR10,qat,conv1,"(64, 3, 3, 3)",95.79420908759622,0.055436463592358924,42,42,3,
resnet50_no_weights,CIFAR10,qat,conv1,"(64, 3, 3, 3)",90.24676454634894,0.05222613689024823,43,43,3,
resnet50_no_weights,CIFAR10,qat,conv1,"(64, 3, 3, 3)",97.80801802415114,0.05660186228249487,44,44,3,
resnet50_no_weights,CIFAR10,qat,conv1,"(64, 3, 3, 3)",94.61633055269877,0.05475482092170068,"42,43,44",aggregate,3,3.9158251903172436
resnet50_no_weights,CIFAR10,qat,layer1.0.conv1,"(64, 64, 1, 1)",0.9181066403786341,0.00022414712899868997,42,42,3,
resnet50_no_weights,CIFAR10,qat,layer1.0.conv1,"(64, 64, 1, 1)",1.1840546304980915,0.0002890758375239481,43,43,3,
resnet50_no_weights,CIFAR10,qat,layer1.0.conv1,"(64, 64, 1, 1)",1.2172303066171448,0.00029717536782645137,44,44,3,
resnet50_no_weights,CIFAR10,qat,layer1.0.conv1,"(64, 64, 1, 1)",1.1064638591646234,0.00027013277811636314,"42,43,44",aggregate,3,0.16396337326697044
resnet50_no_weights,CIFAR10,qat,layer1.0.conv2,"(64, 64, 3, 3)",2.770640194416046,7.515842541276167e-05,42,42,3,
resnet50_no_weights,CIFAR10,qat,layer1.0.conv2,"(64, 64, 3, 3)",2.5192698791623114,6.83395692047068e-05,43,43,3,
resnet50_no_weights,CIFAR10,qat,layer1.0.conv2,"(64, 64, 3, 3)",2.394267968336741,6.494867535635691e-05,44,44,3,
resnet50_no_weights,CIFAR10,qat,layer1.0.conv2,"(64, 64, 3, 3)",2.5613926806383662,6.948222332460846e-05,"42,43,44",aggregate,3,0.19168923012030753
resnet50_no_weights,CIFAR10,qat,layer1.0.conv3,"(256, 64, 1, 1)",1.0557131878165311,6.443561937356757e-05,42,42,3,
resnet50_no_weights,CIFAR10,qat,layer1.0.conv3,"(256, 64, 1, 1)",1.3289872926214468,8.111494705941448e-05,43,43,3,
resnet50_no_weights,CIFAR10,qat,layer1.0.conv3,"(256, 64, 1, 1)",1.2010052038563623,7.330354027443618e-05,44,44,3,
resnet50_no_weights,CIFAR10,qat,layer1.0.conv3,"(256, 64, 1, 1)",1.1952352280981133,7.295136890247274e-05,"42,43,44",aggregate,3,0.13672839337321305
resnet50_no_weights,CIFAR10,qat,layer1.0.downsample.0,"(256, 64, 1, 1)",2.9826965206547786,0.00018204934818449577,42,42,3,
resnet50_no_weights,CIFAR10,qat,layer1.0.downsample.0,"(256, 64, 1, 1)",2.60235333442688,0.00015883504238445312,43,43,3,
resnet50_no_weights,CIFAR10,qat,layer1.0.downsample.0,"(256, 64, 1, 1)",2.7279262393712997,0.00016649940425850218,44,44,3,
resnet50_no_weights,CIFAR10,qat,layer1.0.downsample.0,"(256, 64, 1, 1)",2.7709920314843193,0.00016912793160915035,"42,43,44",aggregate,3,0.19379430245814475
resnet50_no_weights,CIFAR10,qat,layer1.1.conv1,"(64, 256, 1, 1)",2.344088791697114,0.00014307182566510704,42,42,3,
resnet50_no_weights,CIFAR10,qat,layer1.1.conv1,"(64, 256, 1, 1)",2.441409199134163,0.000149011791939341,43,43,3,
resnet50_no_weights,CIFAR10,qat,layer1.1.conv1,"(64, 256, 1, 1)",2.2443399847821985,0.0001369836416493041,44,44,3,
resnet50_no_weights,CIFAR10,qat,layer1.1.conv1,"(64, 256, 1, 1)",2.3432793252044917,0.0001430224197512507,"42,43,44",aggregate,3,0.098537100821605
resnet50_no_weights,CIFAR10,qat,layer1.1.conv2,"(64, 64, 3, 3)",1.7253910158619736,4.6804226775769686e-05,42,42,3,
resnet50_no_weights,CIFAR10,qat,layer1.1.conv2,"(64, 64, 3, 3)",1.916582903928227,5.199063866992803e-05,43,43,3,
resnet50_no_weights,CIFAR10,qat,layer1.1.conv2,"(64, 64, 3, 3)",2.0291199353006153,5.504340102269464e-05,44,44,3,
resnet50_no_weights,CIFAR10,qat,layer1.1.conv2,"(64, 64, 3, 3)",1.8903646183636054,5.127942215613079e-05,"42,43,44",aggregate,3,0.1535524763698139
resnet50_no_weights,CIFAR10,qat,layer1.1.conv3,"(256, 64, 1, 1)",0.7657501250505447,4.673767853091704e-05,42,42,3,
resnet50_no_weights,CIFAR10,qat,layer1.1.conv3,"(256, 64, 1, 1)",0.7953655002638698,4.854525758446471e-05,43,43,3,
resnet50_no_weights,CIFAR10,qat,layer1.1.conv3,"(256, 64, 1, 1)",0.7844969206734708,4.7881892130949143e-05,44,44,3,
resnet50_no_weights,CIFAR10,qat,layer1.1.conv3,"(256, 64, 1, 1)",0.7818708486626285,4.772160941544363e-05,"42,43,44",aggregate,3,0.01498131512621985
resnet50_no_weights,CIFAR10,qat,layer1.2.conv1,"(64, 256, 1, 1)",3.882631773298437,0.00023697703694448467,42,42,3,
resnet50_no_weights,CIFAR10,qat,layer1.2.conv1,"(64, 256, 1, 1)",3.8741988727920935,0.0002364623335444393,43,43,3,
resnet50_no_weights,CIFAR10,qat,layer1.2.conv1,"(64, 256, 1, 1)",3.4628697203265295,0.00021135679445352353,44,44,3,
resnet50_no_weights,CIFAR10,qat,layer1.2.conv1,"(64, 256, 1, 1)",3.73990012213902,0.00022826538831414916,"42,43,44",aggregate,3,0.23995241423880256
resnet50_no_weights,CIFAR10,qat,layer1.2.conv2,"(64, 64, 3, 3)",5.608080284936087,0.00015212891397938606,42,42,3,
resnet50_no_weights,CIFAR10,qat,layer1.2.conv2,"(64, 64, 3, 3)",4.416028090885708,0.00011979242868071039,43,43,3,
resnet50_no_weights,CIFAR10,qat,layer1.2.conv2,"(64, 64, 3, 3)",4.059047395984332,0.0001101087075733597,44,44,3,
resnet50_no_weights,CIFAR10,qat,layer1.2.conv2,"(64, 64, 3, 3)",4.694385257268709,0.0001273433500778187,"42,43,44",aggregate,3,0.8111644449932058
resnet50_no_weights,CIFAR10,qat,layer1.2.conv3,"(256, 64, 1, 1)",2.0356847792863846,0.00012424833857949125,42,42,3,
resnet50_no_weights,CIFAR10,qat,layer1.2.conv3,"(256, 64, 1, 1)",1.993126138396885,0.000121650765283013,43,43,3,
resnet50_no_weights,CIFAR10,qat,layer1.2.conv3,"(256, 64, 1, 1)",2.023961786712919,0.0001235328238960522,44,44,3,
resnet50_no_weights,CIFAR10,qat,layer1.2.conv3,"(256, 64, 1, 1)",2.0175909014653963,0.00012314397591951882,"42,43,44",aggregate,3,0.02198296187319113
resnet50_no_weights,CIFAR10,qat,layer2.0.conv1,"(128, 256, 1, 1)",21.652580495314165,0.0006607843168736012,42,42,3,
resnet50_no_weights,CIFAR10,qat,layer2.0.conv1,"(128, 256, 1, 1)",17.940356025329002,0.0005474962165932923,43,43,3,
resnet50_no_weights,CIFAR10,qat,layer2.0.conv1,"(128, 256, 1, 1)",15.441691059536405,0.00047124301329151626,44,44,3,
resnet50_no_weights,CIFAR10,qat,layer2.0.conv1,"(128, 256, 1, 1)",18.344875860059858,0.0005598411822528033,"42,43,44",aggregate,3,3.1251422557032433
resnet50_no_weights,CIFAR10,qat,layer2.0.conv2,"(128, 128, 3, 3)",23.526210485878636,0.00015954732588622123,42,42,3,
resnet50_no_weights,CIFAR10,qat,layer2.0.conv2,"(128, 128, 3, 3)",23.327209058015242,0.00015819776108137506,43,43,3,
resnet50_no_weights,CIFAR10,qat,layer2.0.conv2,"(128, 128, 3, 3)",26.517993972415017,0.0001798366561714343,44,44,3,
resnet50_no_weights,CIFAR10,qat,layer2.0.conv2,"(128, 128, 3, 3)",24.457137838769633,0.00016586058104634354,"42,43,44",aggregate,3,1.7875252151398513
resnet50_no_weights,CIFAR10,qat,layer2.0.conv3,"(512, 128, 1, 1)",9.314275063001192,0.0001421245584564391,42,42,3,
resnet50_no_weights,CIFAR10,qat,layer2.0.conv3,"(512, 128, 1, 1)",10.336243118558611,0.00015771855344480303,43,43,3,
resnet50_no_weights,CIFAR10,qat,layer2.0.conv3,"(512, 128, 1, 1)",11.184278011322021,0.0001706585389911197,44,44,3,
resnet50_no_weights,CIFAR10,qat,layer2.0.conv3,"(512, 128, 1, 1)",10.278265397627274,0.00015683388363078727,"42,43,44",aggregate,3,0.9363486630392776
resnet50_no_weights,CIFAR10,qat,layer2.0.downsample.0,"(512, 256, 1, 1)",18.035994238323635,0.00013760371580752285,42,42,3,
resnet50_no_weights,CIFAR10,qat,layer2.0.downsample.0,"(512, 256, 1, 1)",18.273784104515524,0.00013941790851223392,43,43,3,
resnet50_no_weights,CIFAR10,qat,layer2.0.downsample.0,"(512, 256, 1, 1)",19.856207807858784,0.00015149084326064136,44,44,3,
resnet50_no_weights,CIFAR10,qat,layer2.0.downsample.0,"(512, 256, 1, 1)",18.721995383565982,0.00014283748919346605,"42,43,44",aggregate,3,0.9894262846119496
resnet50_no_weights,CIFAR10,qat,layer2.1.conv1,"(128, 512, 1, 1)",2.254654435735,3.440329644371033e-05,42,42,3,
resnet50_no_weights,CIFAR10,qat,layer2.1.conv1,"(128, 512, 1, 1)",2.2737114123809032,3.4694082830519153e-05,43,43,3,
resnet50_no_weights,CIFAR10,qat,layer2.1.conv1,"(128, 512, 1, 1)",2.214396308768879,3.3789006176282946e-05,44,44,3,
resnet50_no_weights,CIFAR10,qat,layer2.1.conv1,"(128, 512, 1, 1)",2.2475873856282607,3.4295461816837473e-05,"42,43,44",aggregate,3,0.030282466495228883
resnet50_no_weights,CIFAR10,qat,layer2.1.conv2,"(128, 128, 3, 3)",2.6244451035471523,1.779815744050532e-05,42,42,3,
resnet50_no_weights,CIFAR10,qat,layer2.1.conv2,"(128, 128, 3, 3)",2.364095362483478,1.603254775989772e-05,43,43,3,
resnet50_no_weights,CIFAR10,qat,layer2.1.conv2,"(128, 128, 3, 3)",2.177281692876654,1.4765636480554566e-05,44,44,3,
resnet50_no_weights,CIFAR10,qat,layer2.1.conv2,"(128, 128, 3, 3)",2.388607386302428,1.6198780560319203e-05,"42,43,44",aggregate,3,0.22458719563767154
resnet50_no_weights,CIFAR10,qat,layer2.1.conv3,"(512, 128, 1, 1)",3.0278398045178117,4.620116889217852e-05,42,42,3,
resnet50_no_weights,CIFAR10,qat,layer2.1.conv3,"(512, 128, 1, 1)",3.1576478714528293,4.818188280415084e-05,43,43,3,
resnet50_no_weights,CIFAR10,qat,layer2.1.conv3,"(512, 128, 1, 1)",2.6343782719443825,4.0197422362432594e-05,44,44,3,
resnet50_no_weights,CIFAR10,qat,layer2.1.conv3,"(512, 128, 1, 1)",2.9399553159716745,4.486015801958732e-05,"42,43,44",aggregate,3,0.2724803312859383
resnet50_no_weights,CIFAR10,qat,layer2.2.conv1,"(128, 512, 1, 1)",3.5307181144461914,5.387448294748217e-05,42,42,3,
resnet50_no_weights,CIFAR10,qat,layer2.2.conv1,"(128, 512, 1, 1)",3.167889884540013,4.833816352142354e-05,43,43,3,
resnet50_no_weights,CIFAR10,qat,layer2.2.conv1,"(128, 512, 1, 1)",3.3684026935826177,5.1397746178933986e-05,44,44,3,
resnet50_no_weights,CIFAR10,qat,layer2.2.conv1,"(128, 512, 1, 1)",3.355670230856274,5.1203464215946564e-05,"42,43,44",aggregate,3,0.181748914190762
resnet50_no_weights,CIFAR10,qat,layer2.2.conv2,"(128, 128, 3, 3)",2.8254948178927104,1.9161613077071875e-05,42,42,3,
resnet50_no_weights,CIFAR10,qat,layer2.2.conv2,"(128, 128, 3, 3)",2.29642999739874,1.5573662634268797e-05,43,43,3,
resnet50_no_weights,CIFAR10,qat,layer2.2.conv2,"(128, 128, 3, 3)",2.4992253210233604,1.6948956441401913e-05,44,44,3,
resnet50_no_weights,CIFAR10,qat,layer2.2.conv2,"(128, 128, 3, 3)",2.5403833787716037,1.722807738424753e-05,"42,43,44",aggregate,3,0.2669229951864116
resnet50_no_weights,CIFAR10,qat,layer2.2.conv3,"(512, 128, 1, 1)",3.038482239371852,4.636355956072772e-05,42,42,3,
resnet50_no_weights,CIFAR10,qat,layer2.2.conv3,"(512, 128, 1, 1)",2.851717551549276,4.351375658491937e-05,43,43,3,
resnet50_no_weights,CIFAR10,qat,layer2.2.conv3,"(512, 128, 1, 1)",3.1650134086608888,4.829427198274061e-05,44,44,3,
resnet50_no_weights,CIFAR10,qat,layer2.2.conv3,"(512, 128, 1, 1)",3.018404399860672,4.60571960427959e-05,"42,43,44",aggregate,3,0.15761000364952268
resnet50_no_weights,CIFAR10,qat,layer2.3.conv1,"(128, 512, 1, 1)",5.3105068648303,8.103190406540375e-05,42,42,3,
resnet50_no_weights,CIFAR10,qat,layer2.3.conv1,"(128, 512, 1, 1)",4.7540236711502075,7.254064439621288e-05,43,43,3,
resnet50_no_weights,CIFAR10,qat,layer2.3.conv1,"(128, 512, 1, 1)",5.103177833557129,7.786831411067396e-05,44,44,3,
resnet50_no_weights,CIFAR10,qat,layer2.3.conv1,"(128, 512, 1, 1)",5.055902789845879,7.714695419076354e-05,"42,43,44",aggregate,3,0.28123759266947984
resnet50_no_weights,CIFAR10,qat,layer2.3.conv2,"(128, 128, 3, 3)",6.049188933795011,4.102368797332771e-05,42,42,3,
resnet50_no_weights,CIFAR10,qat,layer2.3.conv2,"(128, 128, 3, 3)",5.182451798365666,3.514575058570466e-05,43,43,3,
resnet50_no_weights,CIFAR10,qat,layer2.3.conv2,"(128, 128, 3, 3)",6.228963684391331,4.2242863528044514e-05,44,44,3,
resnet50_no_weights,CIFAR10,qat,layer2.3.conv2,"(128, 128, 3, 3)",5.820201472184003,3.947076736235896e-05,"42,43,44",aggregate,3,0.5595741461857743
resnet50_no_weights,CIFAR10,qat,layer2.3.conv3,"(512, 128, 1, 1)",4.682226748693557,7.144511030111018e-05,42,42,3,
resnet50_no_weights,CIFAR10,qat,layer2.3.conv3,"(512, 128, 1, 1)",3.6922261714935303,5.633890032186173e-05,43,43,3,
resnet50_no_weights,CIFAR10,qat,layer2.3.conv3,"(512, 128, 1, 1)",4.027584031224251,6.145605516394426e-05,44,44,3,
resnet50_no_weights,CIFAR10,qat,layer2.3.conv3,"(512, 128, 1, 1)",4.134012317137112,6.308002192897205e-05,"42,43,44",aggregate,3,0.5035082131860997
resnet50_no_weights,CIFAR10,qat,layer3.0.conv1,"(256, 512, 1, 1)",40.776462395985924,0.0003110997192076563,42,42,3,
resnet50_no_weights,CIFAR10,qat,layer3.0.conv1,"(256, 512, 1, 1)",38.09280021823182,0.00029062500166497667,43,43,3,
resnet50_no_weights,CIFAR10,qat,layer3.0.conv1,"(256, 512, 1, 1)",37.837601998273065,0.0002886779937612386,44,44,3,
resnet50_no_weights,CIFAR10,qat,layer3.0.conv1,"(256, 512, 1, 1)",38.902288204163604,0.0002968009048779572,"42,43,44",aggregate,3,1.6280903564720122
resnet50_no_weights,CIFAR10,qat,layer3.0.conv2,"(256, 256, 3, 3)",32.96749107654278,5.589377691742414e-05,42,42,3,
resnet50_no_weights,CIFAR10,qat,layer3.0.conv2,"(256, 256, 3, 3)",31.069835424423218,5.267645166087378e-05,43,43,3,
resnet50_no_weights,CIFAR10,qat,layer3.0.conv2,"(256, 256, 3, 3)",36.93271493911743,6.26165007512706e-05,44,44,3,
resnet50_no_weights,CIFAR10,qat,layer3.0.conv2,"(256, 256, 3, 3)",33.65668048002781,5.706224310985618e-05,"42,43,44",aggregate,3,2.9915841249014385
resnet50_no_weights,CIFAR10,qat,layer3.0.conv3,"(1024, 256, 1, 1)",18.17455650511242,6.93304310039994e-05,42,42,3,
resnet50_no_weights,CIFAR10,qat,layer3.0.conv3,"(1024, 256, 1, 1)",16.190305908521015,6.17611156788674e-05,43,43,3,
resnet50_no_weights,CIFAR10,qat,layer3.0.conv3,"(1024, 256, 1, 1)",16.24466947714488,6.196849623544647e-05,44,44,3,
resnet50_no_weights,CIFAR10,qat,layer3.0.conv3,"(1024, 256, 1, 1)",16.86984396359277,6.435334763943776e-05,"42,43,44",aggregate,3,1.1302411076391519
resnet50_no_weights,CIFAR10,qat,layer3.0.downsample.0,"(1024, 512, 1, 1)",21.430997218725818,4.087638324494518e-05,42,42,3,
resnet50_no_weights,CIFAR10,qat,layer3.0.downsample.0,"(1024, 512, 1, 1)",24.47490406036377,4.668217479775194e-05,43,43,3,
resnet50_no_weights,CIFAR10,qat,layer3.0.downsample.0,"(1024, 512, 1, 1)",22.018480078379312,4.199691787410605e-05,44,44,3,
resnet50_no_weights,CIFAR10,qat,layer3.0.downsample.0,"(1024, 512, 1, 1)",22.641460452489632,4.318515863893439e-05,"42,43,44",aggregate,3,1.6147509483005607
resnet50_no_weights,CIFAR10,qat,layer3.1.conv1,"(256, 1024, 1, 1)",7.2182305959554816,2.753536451704209e-05,42,42,3,
resnet50_no_weights,CIFAR10,qat,layer3.1.conv1,"(256, 1024, 1, 1)",7.753366899490357,2.9576747510873248e-05,43,43,3,
resnet50_no_weights,CIFAR10,qat,layer3.1.conv1,"(256, 1024, 1, 1)",7.7467836652483255,2.9551634465211203e-05,44,44,3,
resnet50_no_weights,CIFAR10,qat,layer3.1.conv1,"(256, 1024, 1, 1)",7.572793720231388,2.8887915497708848e-05,"42,43,44",aggregate,3,0.3070783150362302
resnet50_no_weights,CIFAR10,qat,layer3.1.conv2,"(256, 256, 3, 3)",9.611026048660278,1.6294735461188895e-05,42,42,3,
resnet50_no_weights,CIFAR10,qat,layer3.1.conv2,"(256, 256, 3, 3)",9.642451351339167,1.634801457950027e-05,43,43,3,
resnet50_no_weights,CIFAR10,qat,layer3.1.conv2,"(256, 256, 3, 3)",10.123257607221603,1.7163183605993658e-05,44,44,3,
resnet50_no_weights,CIFAR10,qat,layer3.1.conv2,"(256, 256, 3, 3)",9.792245002407016,1.660197788222761e-05,"42,43,44",aggregate,3,0.287095621390711
resnet50_no_weights,CIFAR10,qat,layer3.1.conv3,"(1024, 256, 1, 1)",7.957871571565286,3.0356870924245017e-05,42,42,3,
resnet50_no_weights,CIFAR10,qat,layer3.1.conv3,"(1024, 256, 1, 1)",8.510523232546719,3.2465069704234004e-05,43,43,3,
resnet50_no_weights,CIFAR10,qat,layer3.1.conv3,"(1024, 256, 1, 1)",6.908391118049622,2.6353420707891928e-05,44,44,3,
resnet50_no_weights,CIFAR10,qat,layer3.1.conv3,"(1024, 256, 1, 1)",7.792261974053876,2.9725120445456984e-05,"42,43,44",aggregate,3,0.8138038659079062
resnet50_no_weights,CIFAR10,qat,layer3.2.conv1,"(256, 1024, 1, 1)",13.85551913579305,5.2854610961124614e-05,42,42,3,
resnet50_no_weights,CIFAR10,qat,layer3.2.conv1,"(256, 1024, 1, 1)",13.206759782270952,5.037979042919522e-05,43,43,3,
resnet50_no_weights,CIFAR10,qat,layer3.2.conv1,"(256, 1024, 1, 1)",12.496474838256836,4.7670268395449965e-05,44,44,3,
resnet50_no_weights,CIFAR10,qat,layer3.2.conv1,"(256, 1024, 1, 1)",13.186251252106945,5.03015565952566e-05,"42,43,44",aggregate,3,0.679754220673577
resnet50_no_weights,CIFAR10,qat,layer3.2.conv2,"(256, 256, 3, 3)",10.162440737088522,1.7229615507487864e-05,42,42,3,
resnet50_no_weights,CIFAR10,qat,layer3.2.conv2,"(256, 256, 3, 3)",10.961833867159756,1.8584923413017705e-05,43,43,3,
resnet50_no_weights,CIFAR10,qat,layer3.2.conv2,"(256, 256, 3, 3)",10.11106895145617,1.714251870296253e-05,44,44,3,
resnet50_no_weights,CIFAR10,qat,layer3.2.conv2,"(256, 256, 3, 3)",10.411781185234815,1.765235254115603e-05,"42,43,44",aggregate,3,0.4770516007303386
resnet50_no_weights,CIFAR10,qat,layer3.2.conv3,"(1024, 256, 1, 1)",8.363160527270773,3.190292559536275e-05,42,42,3,
resnet50_no_weights,CIFAR10,qat,layer3.2.conv3,"(1024, 256, 1, 1)",8.138987370899745,3.1047772868727665e-05,43,43,3,
resnet50_no_weights,CIFAR10,qat,layer3.2.conv3,"(1024, 256, 1, 1)",7.685110092163086,2.9316368454601616e-05,44,44,3,
resnet50_no_weights,CIFAR10,qat,layer3.2.conv3,"(1024, 256, 1, 1)",8.0624193301112,3.075568897289734e-05,"42,43,44",aggregate,3,0.34544912330193883
resnet50_no_weights,CIFAR10,qat,layer3.3.conv1,"(256, 1024, 1, 1)",25.37560237537731,9.680024099493907e-05,42,42,3,
resnet50_no_weights,CIFAR10,qat,layer3.3.conv1,"(256, 1024, 1, 1)",24.948540115356444,9.517112775938585e-05,43,43,3,
resnet50_no_weights,CIFAR10,qat,layer3.3.conv1,"(256, 1024, 1, 1)",30.02326838175456,0.00011452967980100463,44,44,3,
resnet50_no_weights,CIFAR10,qat,layer3.3.conv1,"(256, 1024, 1, 1)",26.782470290829437,0.00010216701618510985,"42,43,44",aggregate,3,2.814724630064452
resnet50_no_weights,CIFAR10,qat,layer3.3.conv2,"(256, 256, 3, 3)",17.82578905423482,3.0222217227910057e-05,42,42,3,
resnet50_no_weights,CIFAR10,qat,layer3.3.conv2,"(256, 256, 3, 3)",21.760773181915283,3.6893671979972474e-05,43,43,3,
resnet50_no_weights,CIFAR10,qat,layer3.3.conv2,"(256, 256, 3, 3)",21.109046770178754,3.5788721330733836e-05,44,44,3,
resnet50_no_weights,CIFAR10,qat,layer3.3.conv2,"(256, 256, 3, 3)",20.231869668776287,3.430153684620546e-05,"42,43,44",aggregate,3,2.1090530509432233
resnet50_no_weights,CIFAR10,qat,layer3.3.conv3,"(1024, 256, 1, 1)",11.782502666596443,4.494668070448472e-05,42,42,3,
resnet50_no_weights,CIFAR10,qat,layer3.3.conv3,"(1024, 256, 1, 1)",10.081218936226584,3.845679831019052e-05,43,43,3,
resnet50_no_weights,CIFAR10,qat,layer3.3.conv3,"(1024, 256, 1, 1)",10.503373357984755,4.006718962854292e-05,44,44,3,
resnet50_no_weights,CIFAR10,qat,layer3.3.conv3,"(1024, 256, 1, 1)",10.789031653602594,4.115688954773939e-05,"42,43,44",aggregate,3,0.8858849130653272
resnet50_no_weights,CIFAR10,qat,layer3.4.conv1,"(256, 1024, 1, 1)",30.989281691037693,0.00011821472813048436,42,42,3,
resnet50_no_weights,CIFAR10,qat,layer3.4.conv1,"(256, 1024, 1, 1)",40.60796048091008,0.00015490707580913574,43,43,3,
resnet50_no_weights,CIFAR10,qat,layer3.4.conv1,"(256, 1024, 1, 1)",27.585468292236328,0.00010523021046537906,44,44,3,
resnet50_no_weights,CIFAR10,qat,layer3.4.conv1,"(256, 1024, 1, 1)",33.06090348806137,0.00012611733813499974,"42,43,44",aggregate,3,6.75389060863773
resnet50_no_weights,CIFAR10,qat,layer3.4.conv2,"(256, 256, 3, 3)",13.302579096385411,2.255347204655187e-05,42,42,3,
resnet50_no_weights,CIFAR10,qat,layer3.4.conv2,"(256, 256, 3, 3)",12.696804161071777,2.1526428495740724e-05,43,43,3,
resnet50_no_weights,CIFAR10,qat,layer3.4.conv2,"(256, 256, 3, 3)",11.823921305792672,2.004652456629888e-05,44,44,3,
resnet50_no_weights,CIFAR10,qat,layer3.4.conv2,"(256, 256, 3, 3)",12.607768187749953,2.1375475036197157e-05,"42,43,44",aggregate,3,0.7433389326741698
resnet50_no_weights,CIFAR10,qat,layer3.4.conv3,"(1024, 256, 1, 1)",11.427511215209961,4.359249578556046e-05,42,42,3,
resnet50_no_weights,CIFAR10,qat,layer3.4.conv3,"(1024, 256, 1, 1)",10.075840822855632,3.843628243582013e-05,43,43,3,
resnet50_no_weights,CIFAR10,qat,layer3.4.conv3,"(1024, 256, 1, 1)",8.511584690638951,3.246911884551602e-05,44,44,3,
resnet50_no_weights,CIFAR10,qat,layer3.4.conv3,"(1024, 256, 1, 1)",10.004978909568182,3.816596568896554e-05,"42,43,44",aggregate,3,1.4592542383835176
resnet50_no_weights,CIFAR10,qat,layer3.5.conv1,"(256, 1024, 1, 1)",31.7344753742218,0.0001210574164360878,42,42,3,
resnet50_no_weights,CIFAR10,qat,layer3.5.conv1,"(256, 1024, 1, 1)",32.83386332194011,0.0001252512486341099,43,43,3,
resnet50_no_weights,CIFAR10,qat,layer3.5.conv1,"(256, 1024, 1, 1)",27.12100836809944,0.00010345843646278167,44,44,3,
resnet50_no_weights,CIFAR10,qat,layer3.5.conv1,"(256, 1024, 1, 1)",30.563115688087116,0.00011658903384432646,"42,43,44",aggregate,3,3.031211072596501
resnet50_no_weights,CIFAR10,qat,layer3.5.conv2,"(256, 256, 3, 3)",5.1786821886550545,8.780046570934813e-06,42,42,3,
resnet50_no_weights,CIFAR10,qat,layer3.5.conv2,"(256, 256, 3, 3)",5.256080442667008,8.9112691966875e-06,43,43,3,
resnet50_no_weights,CIFAR10,qat,layer3.5.conv2,"(256, 256, 3, 3)",5.270893267222813,8.936383170611594e-06,44,44,3,
resnet50_no_weights,CIFAR10,qat,layer3.5.conv2,"(256, 256, 3, 3)",5.235218632848292,8.875899646077968e-06,"42,43,44",aggregate,3,0.049519007303676185
resnet50_no_weights,CIFAR10,qat,layer3.5.conv3,"(1024, 256, 1, 1)",4.778211107620826,1.8227428846820167e-05,42,42,3,
resnet50_no_weights,CIFAR10,qat,layer3.5.conv3,"(1024, 256, 1, 1)",5.61086519241333,2.140375210728962e-05,43,43,3,
resnet50_no_weights,CIFAR10,qat,layer3.5.conv3,"(1024, 256, 1, 1)",5.507101744413376,2.1007925965932372e-05,44,44,3,
resnet50_no_weights,CIFAR10,qat,layer3.5.conv3,"(1024, 256, 1, 1)",5.298726014815844,2.0213035640014053e-05,"42,43,44",aggregate,3,0.4537549335758109
resnet50_no_weights,CIFAR10,qat,layer4.0.conv1,"(512, 1024, 1, 1)",28.44028811984592,5.42455446621817e-05,42,42,3,
resnet50_no_weights,CIFAR10,qat,layer4.0.conv1,"(512, 1024, 1, 1)",30.536372979482014,5.8243509253467586e-05,43,43,3,
resnet50_no_weights,CIFAR10,qat,layer4.0.conv1,"(512, 1024, 1, 1)",28.50551864917462,5.436996202311443e-05,44,44,3,
resnet50_no_weights,CIFAR10,qat,layer4.0.conv1,"(512, 1024, 1, 1)",29.160726582834183,5.5619671979587904e-05,"42,43,44",aggregate,3,1.1917910940876943
resnet50_no_weights,CIFAR10,qat,layer4.0.conv2,"(512, 512, 3, 3)",7.9844142637754745,3.38423591773795e-06,42,42,3,
resnet50_no_weights,CIFAR10,qat,layer4.0.conv2,"(512, 512, 3, 3)",9.019660560452209,3.823030497424744e-06,43,43,3,
resnet50_no_weights,CIFAR10,qat,layer4.0.conv2,"(512, 512, 3, 3)",9.047363819614533,3.834772669310902e-06,44,44,3,
resnet50_no_weights,CIFAR10,qat,layer4.0.conv2,"(512, 512, 3, 3)",8.683812881280739,3.680679694824532e-06,"42,43,44",aggregate,3,0.6058553352643353
resnet50_no_weights,CIFAR10,qat,layer4.0.conv3,"(2048, 512, 1, 1)",7.486994411264147,7.14015427709975e-06,42,42,3,
resnet50_no_weights,CIFAR10,qat,layer4.0.conv3,"(2048, 512, 1, 1)",7.928422746204195,7.561133142666049e-06,43,43,3,
resnet50_no_weights,CIFAR10,qat,layer4.0.conv3,"(2048, 512, 1, 1)",6.9353154727390836,6.614032242526134e-06,44,44,3,
resnet50_no_weights,CIFAR10,qat,layer4.0.conv3,"(2048, 512, 1, 1)",7.450244210069142,7.105106554097311e-06,"42,43,44",aggregate,3,0.49757255462719385
resnet50_no_weights,CIFAR10,qat,layer4.0.downsample.0,"(2048, 1024, 1, 1)",74.40881928943452,3.5480889935223827e-05,42,42,3,
resnet50_no_weights,CIFAR10,qat,layer4.0.downsample.0,"(2048, 1024, 1, 1)",72.09274037679036,3.43764974483444e-05,43,43,3,
resnet50_no_weights,CIFAR10,qat,layer4.0.downsample.0,"(2048, 1024, 1, 1)",69.6792722429548,3.322566616199245e-05,44,44,3,
resnet50_no_weights,CIFAR10,qat,layer4.0.downsample.0,"(2048, 1024, 1, 1)",72.06027730305989,3.436101784852023e-05,"42,43,44",aggregate,3,2.364940634473367
resnet50_no_weights,CIFAR10,qat,layer4.1.conv1,"(512, 2048, 1, 1)",27.894405126571655,2.660217774064222e-05,42,42,3,
resnet50_no_weights,CIFAR10,qat,layer4.1.conv1,"(512, 2048, 1, 1)",31.414598510378884,2.995929575956238e-05,43,43,3,
resnet50_no_weights,CIFAR10,qat,layer4.1.conv1,"(512, 2048, 1, 1)",26.717419200473362,2.5479716492150652e-05,44,44,3,
resnet50_no_weights,CIFAR10,qat,layer4.1.conv1,"(512, 2048, 1, 1)",28.6754742791413,2.7347063330785085e-05,"42,43,44",aggregate,3,2.4440591509153426
resnet50_no_weights,CIFAR10,qat,layer4.1.conv2,"(512, 512, 3, 3)",92.51599502563477,3.9213390361207225e-05,42,42,3,
resnet50_no_weights,CIFAR10,qat,layer4.1.conv2,"(512, 512, 3, 3)",75.25991821289062,3.189931157976389e-05,43,43,3,
resnet50_no_weights,CIFAR10,qat,layer4.1.conv2,"(512, 512, 3, 3)",80.00408952132516,3.391015350397964e-05,44,44,3,
resnet50_no_weights,CIFAR10,qat,layer4.1.conv2,"(512, 512, 3, 3)",82.59333425328352,3.500761848165025e-05,"42,43,44",aggregate,3,8.914661404299778
resnet50_no_weights,CIFAR10,qat,layer4.1.conv3,"(2048, 512, 1, 1)",19.500473482855433,1.859710071836036e-05,42,42,3,
resnet50_no_weights,CIFAR10,qat,layer4.1.conv3,"(2048, 512, 1, 1)",16.941198612081593,1.6156386005479424e-05,43,43,3,
resnet50_no_weights,CIFAR10,qat,layer4.1.conv3,"(2048, 512, 1, 1)",16.012783640906925,1.5270980492503094e-05,44,44,3,
resnet50_no_weights,CIFAR10,qat,layer4.1.conv3,"(2048, 512, 1, 1)",17.48481857861465,1.6674822405447626e-05,"42,43,44",aggregate,3,1.806277140811386
resnet50_no_weights,CIFAR10,qat,layer4.2.conv1,"(512, 2048, 1, 1)",27.933302031622993,2.6639272719977373e-05,42,42,3,
resnet50_no_weights,CIFAR10,qat,layer4.2.conv1,"(512, 2048, 1, 1)",29.35149383544922,2.7991765819024295e-05,43,43,3,
resnet50_no_weights,CIFAR10,qat,layer4.2.conv1,"(512, 2048, 1, 1)",30.97930308086116,2.9544165688382302e-05,44,44,3,
resnet50_no_weights,CIFAR10,qat,layer4.2.conv1,"(512, 2048, 1, 1)",29.421366315977792,2.805840140912799e-05,"42,43,44",aggregate,3,1.5242021587182641
resnet50_no_weights,CIFAR10,qat,layer4.2.conv2,"(512, 512, 3, 3)",9.147206830978394,3.877091654026622e-06,42,42,3,
resnet50_no_weights,CIFAR10,qat,layer4.2.conv2,"(512, 512, 3, 3)",10.07420555750529,4.270004932617734e-06,43,43,3,
resnet50_no_weights,CIFAR10,qat,layer4.2.conv2,"(512, 512, 3, 3)",10.250090040009598,4.344554494226073e-06,44,44,3,
resnet50_no_weights,CIFAR10,qat,layer4.2.conv2,"(512, 512, 3, 3)",9.823834142831094,4.1638836936234765e-06,"42,43,44",aggregate,3,0.5925387980168131
resnet50_no_weights,CIFAR10,qat,layer4.2.conv3,"(2048, 512, 1, 1)",5.942433317502339,5.667146031858768e-06,42,42,3,
resnet50_no_weights,CIFAR10,qat,layer4.2.conv3,"(2048, 512, 1, 1)",5.476328452428182,5.222633793285543e-06,43,43,3,
resnet50_no_weights,CIFAR10,qat,layer4.2.conv3,"(2048, 512, 1, 1)",4.858210012316704,4.633150112454132e-06,44,44,3,
resnet50_no_weights,CIFAR10,qat,layer4.2.conv3,"(2048, 512, 1, 1)",5.425657260749075,5.174309979199481e-06,"42,43,44",aggregate,3,0.5438848417878104
resnet50_no_weights,CIFAR10,qat,fc,"(10, 2048)",5.111692918671502,0.00024959438079450694,42,42,3,
resnet50_no_weights,CIFAR10,qat,fc,"(10, 2048)",5.458794752756755,0.0002665427125369509,43,43,3,
resnet50_no_weights,CIFAR10,qat,fc,"(10, 2048)",4.9530808236863875,0.0002418496495940619,44,44,3,
resnet50_no_weights,CIFAR10,qat,fc,"(10, 2048)",5.1745228317048815,0.00025266224764183994,"42,43,44",aggregate,3,0.2586452067848613
resnet50_no_weights,CIFAR10,fp32_fused_qat,conv1,"(64, 3, 3, 3)",188.74585471834456,0.10922792518422718,42,42,3,
resnet50_no_weights,CIFAR10,fp32_fused_qat,conv1,"(64, 3, 3, 3)",171.1527415188876,0.09904672541602293,43,43,3,
resnet50_no_weights,CIFAR10,fp32_fused_qat,conv1,"(64, 3, 3, 3)",187.4592503138951,0.10848336245017078,44,44,3,
resnet50_no_weights,CIFAR10,fp32_fused_qat,conv1,"(64, 3, 3, 3)",182.45261551704243,0.1055860043501403,"42,43,44",aggregate,3,9.80709957143388
resnet50_no_weights,CIFAR10,fp32_fused_qat,layer1.0.conv1,"(64, 64, 1, 1)",2.443303833773107,0.0005965097250422624,42,42,3,
resnet50_no_weights,CIFAR10,fp32_fused_qat,layer1.0.conv1,"(64, 64, 1, 1)",3.0250978738069536,0.0007385492855974008,43,43,3,
resnet50_no_weights,CIFAR10,fp32_fused_qat,layer1.0.conv1,"(64, 64, 1, 1)",2.2942386090755464,0.0005601168479188346,44,44,3,
resnet50_no_weights,CIFAR10,fp32_fused_qat,layer1.0.conv1,"(64, 64, 1, 1)",2.5875467722185355,0.0006317252861861659,"42,43,44",aggregate,3,0.38619080152103846
resnet50_no_weights,CIFAR10,fp32_fused_qat,layer1.0.conv2,"(64, 64, 3, 3)",5.334194326400757,0.00014469928185765942,42,42,3,
resnet50_no_weights,CIFAR10,fp32_fused_qat,layer1.0.conv2,"(64, 64, 3, 3)",4.061894940478461,0.00011018595216141658,43,43,3,
resnet50_no_weights,CIFAR10,fp32_fused_qat,layer1.0.conv2,"(64, 64, 3, 3)",4.264963984489441,0.00011569455253063804,44,44,3,
resnet50_no_weights,CIFAR10,fp32_fused_qat,layer1.0.conv2,"(64, 64, 3, 3)",4.553684417122886,0.00012352659551657135,"42,43,44",aggregate,3,0.6835247237807832
resnet50_no_weights,CIFAR10,fp32_fused_qat,layer1.0.conv3,"(256, 64, 1, 1)",1.916948397954305,0.00011700124499232818,42,42,3,
resnet50_no_weights,CIFAR10,fp32_fused_qat,layer1.0.conv3,"(256, 64, 1, 1)",2.1005101392908796,0.0001282049645563281,43,43,3,
resnet50_no_weights,CIFAR10,fp32_fused_qat,layer1.0.conv3,"(256, 64, 1, 1)",1.7809513870038485,0.00010870064617943411,44,44,3,
resnet50_no_weights,CIFAR10,fp32_fused_qat,layer1.0.conv3,"(256, 64, 1, 1)",1.932803308083011,0.00011796895190936346,"42,43,44",aggregate,3,0.16036827202474635
resnet50_no_weights,CIFAR10,fp32_fused_qat,layer1.0.downsample.0,"(256, 64, 1, 1)",4.738593718584846,0.0002892208080190946,42,42,3,
resnet50_no_weights,CIFAR10,fp32_fused_qat,layer1.0.downsample.0,"(256, 64, 1, 1)",4.809947027100457,0.0002935758683532994,43,43,3,
resnet50_no_weights,CIFAR10,fp32_fused_qat,layer1.0.downsample.0,"(256, 64, 1, 1)",6.766066862986638,0.0004129679481803368,44,44,3,
resnet50_no_weights,CIFAR10,fp32_fused_qat,layer1.0.downsample.0,"(256, 64, 1, 1)",5.43820253622398,0.0003319215415175769,"42,43,44",aggregate,3,1.150517525453509
resnet50_no_weights,CIFAR10,fp32_fused_qat,layer1.1.conv1,"(64, 256, 1, 1)",3.8998960494995116,0.00023803076473996043,42,42,3,
resnet50_no_weights,CIFAR10,fp32_fused_qat,layer1.1.conv1,"(64, 256, 1, 1)",3.565394317662274,0.00021761439927137904,43,43,3,
resnet50_no_weights,CIFAR10,fp32_fused_qat,layer1.1.conv1,"(64, 256, 1, 1)",3.789448562658058,0.0002312895851231725,44,44,3,
resnet50_no_weights,CIFAR10,fp32_fused_qat,layer1.1.conv1,"(64, 256, 1, 1)",3.7515796432732813,0.00022897824971150399,"42,43,44",aggregate,3,0.17043589247003055
resnet50_no_weights,CIFAR10,fp32_fused_qat,layer1.1.conv2,"(64, 64, 3, 3)",2.933541551232338,7.957740753125917e-05,42,42,3,
resnet50_no_weights,CIFAR10,fp32_fused_qat,layer1.1.conv2,"(64, 64, 3, 3)",2.9830214462497016,8.091963558620067e-05,43,43,3,
resnet50_no_weights,CIFAR10,fp32_fused_qat,layer1.1.conv2,"(64, 64, 3, 3)",2.9138136324675186,7.904225348490447e-05,44,44,3,
resnet50_no_weights,CIFAR10,fp32_fused_qat,layer1.1.conv2,"(64, 64, 3, 3)",2.943458876649853,7.98464322007881e-05,"42,43,44",aggregate,3,0.03565382699942592
resnet50_no_weights,CIFAR10,fp32_fused_qat,layer1.1.conv3,"(256, 64, 1, 1)",1.556461252272129,9.499885572950006e-05,42,42,3,
resnet50_no_weights,CIFAR10,fp32_fused_qat,layer1.1.conv3,"(256, 64, 1, 1)",1.2996354464973723,7.932345254500563e-05,43,43,3,
resnet50_no_weights,CIFAR10,fp32_fused_qat,layer1.1.conv3,"(256, 64, 1, 1)",1.2544158802878471,7.656346925585004e-05,44,44,3,
resnet50_no_weights,CIFAR10,fp32_fused_qat,layer1.1.conv3,"(256, 64, 1, 1)",1.370170859685783,8.362859251011858e-05,"42,43,44",aggregate,3,0.16290882440655466
resnet50_no_weights,CIFAR10,fp32_fused_qat,layer1.2.conv1,"(64, 256, 1, 1)",6.155772283270553,0.00037571852314883744,42,42,3,
resnet50_no_weights,CIFAR10,fp32_fused_qat,layer1.2.conv1,"(64, 256, 1, 1)",5.891418169845235,0.00035958362853059293,43,43,3,
resnet50_no_weights,CIFAR10,fp32_fused_qat,layer1.2.conv1,"(64, 256, 1, 1)",5.911175654484675,0.0003607895296926682,44,44,3,
resnet50_no_weights,CIFAR10,fp32_fused_qat,layer1.2.conv1,"(64, 256, 1, 1)",5.986122035866821,0.0003653638937906995,"42,43,44",aggregate,3,0.1472531642543887
resnet50_no_weights,CIFAR10,fp32_fused_qat,layer1.2.conv2,"(64, 64, 3, 3)",11.144564021201361,0.0003023156472765126,42,42,3,
resnet50_no_weights,CIFAR10,fp32_fused_qat,layer1.2.conv2,"(64, 64, 3, 3)",11.021837143670945,0.00029898646765600436,43,43,3,
resnet50_no_weights,CIFAR10,fp32_fused_qat,layer1.2.conv2,"(64, 64, 3, 3)",10.54126098828438,0.0002859500051075407,44,44,3,
resnet50_no_weights,CIFAR10,fp32_fused_qat,layer1.2.conv2,"(64, 64, 3, 3)",10.90255405105223,0.00029575070668001925,"42,43,44",aggregate,3,0.3188494621607837
resnet50_no_weights,CIFAR10,fp32_fused_qat,layer1.2.conv3,"(256, 64, 1, 1)",3.0048150466038632,0.00018339935587181782,42,42,3,
resnet50_no_weights,CIFAR10,fp32_fused_qat,layer1.2.conv3,"(256, 64, 1, 1)",3.3637661504745484,0.00020530799258267507,43,43,3,
resnet50_no_weights,CIFAR10,fp32_fused_qat,layer1.2.conv3,"(256, 64, 1, 1)",4.422039171059926,0.00026989985174926306,44,44,3,
resnet50_no_weights,CIFAR10,fp32_fused_qat,layer1.2.conv3,"(256, 64, 1, 1)",3.5968734560461124,0.00021953573340125198,"42,43,44",aggregate,3,0.736807516701743
resnet50_no_weights,CIFAR10,fp32_fused_qat,layer2.0.conv1,"(128, 256, 1, 1)",37.1190888268607,0.001132784693202536,42,42,3,
resnet50_no_weights,CIFAR10,fp32_fused_qat,layer2.0.conv1,"(128, 256, 1, 1)",41.9543823829064,0.0012803461420564698,43,43,3,
resnet50_no_weights,CIFAR10,fp32_fused_qat,layer2.0.conv1,"(128, 256, 1, 1)",37.045488640114115,0.0011305385937534825,44,44,3,
resnet50_no_weights,CIFAR10,fp32_fused_qat,layer2.0.conv1,"(128, 256, 1, 1)",38.7063199499604,0.0011812231430041627,"42,43,44",aggregate,3,2.813145290081653
resnet50_no_weights,CIFAR10,fp32_fused_qat,layer2.0.conv2,"(128, 128, 3, 3)",47.115488827228546,0.0003195223580405582,42,42,3,
resnet50_no_weights,CIFAR10,fp32_fused_qat,layer2.0.conv2,"(128, 128, 3, 3)",45.275508329603404,0.00030704419168839115,43,43,3,
resnet50_no_weights,CIFAR10,fp32_fused_qat,layer2.0.conv2,"(128, 128, 3, 3)",46.94594206633391,0.00031837254548023757,44,44,3,
resnet50_no_weights,CIFAR10,fp32_fused_qat,layer2.0.conv2,"(128, 128, 3, 3)",46.44564640772195,0.0003149796984030623,"42,43,44",aggregate,3,1.0169089769638657
resnet50_no_weights,CIFAR10,fp32_fused_qat,layer2.0.conv3,"(512, 128, 1, 1)",20.496076393127442,0.00031274530629161746,42,42,3,
resnet50_no_weights,CIFAR10,fp32_fused_qat,layer2.0.conv3,"(512, 128, 1, 1)",19.573719246046885,0.00029867125314402595,43,43,3,
resnet50_no_weights,CIFAR10,fp32_fused_qat,layer2.0.conv3,"(512, 128, 1, 1)",19.65872051602318,0.00029996826959263886,44,44,3,
resnet50_no_weights,CIFAR10,fp32_fused_qat,layer2.0.conv3,"(512, 128, 1, 1)",19.909505385065835,0.0003037949430094274,"42,43,44",aggregate,3,0.5097602030349198
resnet50_no_weights,CIFAR10,fp32_fused_qat,layer2.0.downsample.0,"(512, 256, 1, 1)",40.83650993578362,0.0003115578455794038,42,42,3,
resnet50_no_weights,CIFAR10,fp32_fused_qat,layer2.0.downsample.0,"(512, 256, 1, 1)",37.37343767711094,0.00028513670102776293,43,43,3,
resnet50_no_weights,CIFAR10,fp32_fused_qat,layer2.0.downsample.0,"(512, 256, 1, 1)",33.99447022313657,0.0002593572252131391,44,44,3,
resnet50_no_weights,CIFAR10,fp32_fused_qat,layer2.0.downsample.0,"(512, 256, 1, 1)",37.40147261201037,0.0002853505906067686,"42,43,44",aggregate,3,3.4211060091059653
resnet50_no_weights,CIFAR10,fp32_fused_qat,layer2.1.conv1,"(128, 512, 1, 1)",4.092039084434509,6.24395612248918e-05,42,42,3,
resnet50_no_weights,CIFAR10,fp32_fused_qat,layer2.1.conv1,"(128, 512, 1, 1)",7.219326189586094,0.0001101581755002761,43,43,3,
resnet50_no_weights,CIFAR10,fp32_fused_qat,layer2.1.conv1,"(128, 512, 1, 1)",5.742540648643007,8.762421644047557e-05,44,44,3,
resnet50_no_weights,CIFAR10,fp32_fused_qat,layer2.1.conv1,"(128, 512, 1, 1)",5.684635307554537,8.674065105521449e-05,"42,43,44",aggregate,3,1.5644474842278262
resnet50_no_weights,CIFAR10,fp32_fused_qat,layer2.1.conv2,"(128, 128, 3, 3)",6.428083150475113,4.359322883080453e-05,42,42,3,
resnet50_no_weights,CIFAR10,fp32_fused_qat,layer2.1.conv2,"(128, 128, 3, 3)",5.723240950833196,3.881321174338919e-05,43,43,3,
resnet50_no_weights,CIFAR10,fp32_fused_qat,layer2.1.conv2,"(128, 128, 3, 3)",5.284554408656226,3.583817822710657e-05,44,44,3,
resnet50_no_weights,CIFAR10,fp32_fused_qat,layer2.1.conv2,"(128, 128, 3, 3)",5.8119595033215115,3.941487293376676e-05,"42,43,44",aggregate,3,0.5769035725389368
resnet50_no_weights,CIFAR10,fp32_fused_qat,layer2.1.conv3,"(512, 128, 1, 1)",6.514997381634182,9.94109707890958e-05,42,42,3,
resnet50_no_weights,CIFAR10,fp32_fused_qat,layer2.1.conv3,"(512, 128, 1, 1)",6.239064538478852,9.520056973997271e-05,43,43,3,
resnet50_no_weights,CIFAR10,fp32_fused_qat,layer2.1.conv3,"(512, 128, 1, 1)",4.946799693284212,7.548217305426349e-05,44,44,3,
resnet50_no_weights,CIFAR10,fp32_fused_qat,layer2.1.conv3,"(512, 128, 1, 1)",5.900287204465749,9.003123786111067e-05,"42,43,44",aggregate,3,0.8371908736765571
resnet50_no_weights,CIFAR10,fp32_fused_qat,layer2.2.conv1,"(128, 512, 1, 1)",6.356795822249518,9.699700656508664e-05,42,42,3,
resnet50_no_weights,CIFAR10,fp32_fused_qat,layer2.2.conv1,"(128, 512, 1, 1)",6.465423142910003,9.865452793746953e-05,43,43,3,
resnet50_no_weights,CIFAR10,fp32_fused_qat,layer2.2.conv1,"(128, 512, 1, 1)",8.252108755111694,0.0001259171868150588,44,44,3,
resnet50_no_weights,CIFAR10,fp32_fused_qat,layer2.2.conv1,"(128, 512, 1, 1)",7.024775906757072,0.00010718957377253833,"42,43,44",aggregate,3,1.064288219509251
resnet50_no_weights,CIFAR10,fp32_fused_qat,layer2.2.conv2,"(128, 128, 3, 3)",5.305412667138236,3.5979632345501274e-05,42,42,3,
resnet50_no_weights,CIFAR10,fp32_fused_qat,layer2.2.conv2,"(128, 128, 3, 3)",5.3257647832234705,3.611765396608799e-05,43,43,3,
resnet50_no_weights,CIFAR10,fp32_fused_qat,layer2.2.conv2,"(128, 128, 3, 3)",6.015515777197751,4.079532726506722e-05,44,44,3,
resnet50_no_weights,CIFAR10,fp32_fused_qat,layer2.2.conv2,"(128, 128, 3, 3)",5.548897742519819,3.7630871192218826e-05,"42,43,44",aggregate,3,0.40423117751146875
resnet50_no_weights,CIFAR10,fp32_fused_qat,layer2.2.conv3,"(512, 128, 1, 1)",4.7584418773651125,7.260806087288074e-05,42,42,3,
resnet50_no_weights,CIFAR10,fp32_fused_qat,layer2.2.conv3,"(512, 128, 1, 1)",6.167290049929951,9.410537795913622e-05,43,43,3,
resnet50_no_weights,CIFAR10,fp32_fused_qat,layer2.2.conv3,"(512, 128, 1, 1)",5.538631983101368,8.451281712495984e-05,44,44,3,
resnet50_no_weights,CIFAR10,fp32_fused_qat,layer2.2.conv3,"(512, 128, 1, 1)",5.488121303465477,8.374208531899227e-05,"42,43,44",aggregate,3,0.7057809787057038
resnet50_no_weights,CIFAR10,fp32_fused_qat,layer2.3.conv1,"(128, 512, 1, 1)",10.035865873903841,0.00015313516042944093,42,42,3,
resnet50_no_weights,CIFAR10,fp32_fused_qat,layer2.3.conv1,"(128, 512, 1, 1)",10.218057378133137,0.00015591518216145534,43,43,3,
resnet50_no_weights,CIFAR10,fp32_fused_qat,layer2.3.conv1,"(128, 512, 1, 1)",9.522502645850182,0.00014530185922012606,44,44,3,
resnet50_no_weights,CIFAR10,fp32_fused_qat,layer2.3.conv1,"(128, 512, 1, 1)",9.92547529929572,0.00015145073393700744,"42,43,44",aggregate,3,0.3606780498201088
resnet50_no_weights,CIFAR10,fp32_fused_qat,layer2.3.conv2,"(128, 128, 3, 3)",12.12061054642136,8.219815094958062e-05,42,42,3,
resnet50_no_weights,CIFAR10,fp32_fused_qat,layer2.3.conv2,"(128, 128, 3, 3)",12.493811798095702,8.472908391720719e-05,43,43,3,
resnet50_no_weights,CIFAR10,fp32_fused_qat,layer2.3.conv2,"(128, 128, 3, 3)",12.477381490891979,8.461765876527221e-05,44,44,3,
resnet50_no_weights,CIFAR10,fp32_fused_qat,layer2.3.conv2,"(128, 128, 3, 3)",12.363934611803014,8.384829787735335e-05,"42,43,44",aggregate,3,0.21088489596007937
resnet50_no_weights,CIFAR10,fp32_fused_qat,layer2.3.conv3,"(512, 128, 1, 1)",7.228177077061421,0.00011029322932527803,42,42,3,
resnet50_no_weights,CIFAR10,fp32_fused_qat,layer2.3.conv3,"(512, 128, 1, 1)",6.962409330874073,0.00010623793534658925,43,43,3,
resnet50_no_weights,CIFAR10,fp32_fused_qat,layer2.3.conv3,"(512, 128, 1, 1)",5.945903231700261,9.072728319855135e-05,44,44,3,
resnet50_no_weights,CIFAR10,fp32_fused_qat,layer2.3.conv3,"(512, 128, 1, 1)",6.712163213211919,0.00010241948262347288,"42,43,44",aggregate,3,0.6767746250991238
resnet50_no_weights,CIFAR10,fp32_fused_qat,layer3.0.conv1,"(256, 512, 1, 1)",62.12360177216706,0.0004739654676221242,42,42,3,
resnet50_no_weights,CIFAR10,fp32_fused_qat,layer3.0.conv1,"(256, 512, 1, 1)",65.11379215635102,0.0004967788097866137,43,43,3,
resnet50_no_weights,CIFAR10,fp32_fused_qat,layer3.0.conv1,"(256, 512, 1, 1)",70.73628774182549,0.0005396750468584098,44,44,3,
resnet50_no_weights,CIFAR10,fp32_fused_qat,layer3.0.conv1,"(256, 512, 1, 1)",65.99122722344786,0.0005034731080890493,"42,43,44",aggregate,3,4.3728719539584295
resnet50_no_weights,CIFAR10,fp32_fused_qat,layer3.0.conv2,"(256, 256, 3, 3)",56.8466137972745,9.637894320555708e-05,42,42,3,
resnet50_no_weights,CIFAR10,fp32_fused_qat,layer3.0.conv2,"(256, 256, 3, 3)",57.04429372151693,9.671409390176888e-05,43,43,3,
resnet50_no_weights,CIFAR10,fp32_fused_qat,layer3.0.conv2,"(256, 256, 3, 3)",59.779868976489915,0.0001013520456551275,44,44,3,
resnet50_no_weights,CIFAR10,fp32_fused_qat,layer3.0.conv2,"(256, 256, 3, 3)",57.89025883176045,9.814836092081782e-05,"42,43,44",aggregate,3,1.6394325885532808
resnet50_no_weights,CIFAR10,fp32_fused_qat,layer3.0.conv3,"(1024, 256, 1, 1)",28.436859473204002,0.00010847801007539369,42,42,3,
resnet50_no_weights,CIFAR10,fp32_fused_qat,layer3.0.conv3,"(1024, 256, 1, 1)",26.785202298845565,0.00010217743796861864,43,43,3,
resnet50_no_weights,CIFAR10,fp32_fused_qat,layer3.0.conv3,"(1024, 256, 1, 1)",27.97093653678894,0.00010670065512385918,44,44,3,
resnet50_no_weights,CIFAR10,fp32_fused_qat,layer3.0.conv3,"(1024, 256, 1, 1)",27.730999436279504,0.00010578536772262384,"42,43,44",aggregate,3,0.8515692658574998
resnet50_no_weights,CIFAR10,fp32_fused_qat,layer3.0.downsample.0,"(1024, 512, 1, 1)",39.55655002593994,7.544813161075581e-05,42,42,3,
resnet50_no_weights,CIFAR10,fp32_fused_qat,layer3.0.downsample.0,"(1024, 512, 1, 1)",32.91523667971293,6.278083167975032e-05,43,43,3,
resnet50_no_weights,CIFAR10,fp32_fused_qat,layer3.0.downsample.0,"(1024, 512, 1, 1)",28.38695560802113,5.414382096866823e-05,44,44,3,
resnet50_no_weights,CIFAR10,fp32_fused_qat,layer3.0.downsample.0,"(1024, 512, 1, 1)",33.61958077122467,6.412426141972479e-05,"42,43,44",aggregate,3,5.618009906954276
resnet50_no_weights,CIFAR10,fp32_fused_qat,layer3.1.conv1,"(256, 1024, 1, 1)",13.218674341837565,5.0425240866995104e-05,42,42,3,
resnet50_no_weights,CIFAR10,fp32_fused_qat,layer3.1.conv1,"(256, 1024, 1, 1)",12.988794077997623,4.9548317253103725e-05,43,43,3,
resnet50_no_weights,CIFAR10,fp32_fused_qat,layer3.1.conv1,"(256, 1024, 1, 1)",11.9936576684316,4.575217311260834e-05,44,44,3,
resnet50_no_weights,CIFAR10,fp32_fused_qat,layer3.1.conv1,"(256, 1024, 1, 1)",12.733708696088929,4.857524374423572e-05,"42,43,44",aggregate,3,0.6511281568003964
resnet50_no_weights,CIFAR10,fp32_fused_qat,layer3.1.conv2,"(256, 256, 3, 3)",16.05077222188314,2.721281640266103e-05,42,42,3,
resnet50_no_weights,CIFAR10,fp32_fused_qat,layer3.1.conv2,"(256, 256, 3, 3)",15.268269703306,2.5886145194678413e-05,43,43,3,
resnet50_no_weights,CIFAR10,fp32_fused_qat,layer3.1.conv2,"(256, 256, 3, 3)",15.3167294722337,2.596830490491011e-05,44,44,3,
resnet50_no_weights,CIFAR10,fp32_fused_qat,layer3.1.conv2,"(256, 256, 3, 3)",15.54525713247428,2.6355755500749852e-05,"42,43,44",aggregate,3,0.4384589108641392
resnet50_no_weights,CIFAR10,fp32_fused_qat,layer3.1.conv3,"(1024, 256, 1, 1)",11.505428277529203,4.3889725790135206e-05,42,42,3,
resnet50_no_weights,CIFAR10,fp32_fused_qat,layer3.1.conv3,"(1024, 256, 1, 1)",10.603785478151762,4.045023146877961e-05,43,43,3,
resnet50_no_weights,CIFAR10,fp32_fused_qat,layer3.1.conv3,"(1024, 256, 1, 1)",10.815608143806458,4.1258270812249975e-05,44,44,3,
resnet50_no_weights,CIFAR10,fp32_fused_qat,layer3.1.conv3,"(1024, 256, 1, 1)",10.974940633162474,4.1866076023721595e-05,"42,43,44",aggregate,3,0.471465869433394
resnet50_no_weights,CIFAR10,fp32_fused_qat,layer3.2.conv1,"(256, 1024, 1, 1)",19.317389159367004,7.368999160525133e-05,42,42,3,
resnet50_no_weights,CIFAR10,fp32_fused_qat,layer3.2.conv1,"(256, 1024, 1, 1)",18.803934415181477,7.173131719658461e-05,43,43,3,
resnet50_no_weights,CIFAR10,fp32_fused_qat,layer3.2.conv1,"(256, 1024, 1, 1)",19.73852076249964,7.529648118018967e-05,44,44,3,
resnet50_no_weights,CIFAR10,fp32_fused_qat,layer3.2.conv1,"(256, 1024, 1, 1)",19.28661477901604,7.35725966606752e-05,"42,43,44",aggregate,3,0.4680525686425253
resnet50_no_weights,CIFAR10,fp32_fused_qat,layer3.2.conv2,"(256, 256, 3, 3)",16.962635721479142,2.8758808935341968e-05,42,42,3,
resnet50_no_weights,CIFAR10,fp32_fused_qat,layer3.2.conv2,"(256, 256, 3, 3)",18.086887538433075,3.066488908290113e-05,43,43,3,
resnet50_no_weights,CIFAR10,fp32_fused_qat,layer3.2.conv2,"(256, 256, 3, 3)",15.232959683736166,2.5826279845744095e-05,44,44,3,
resnet50_no_weights,CIFAR10,fp32_fused_qat,layer3.2.conv2,"(256, 256, 3, 3)",16.760827647882795,2.841665928799573e-05,"42,43,44",aggregate,3,1.4376268374930359
resnet50_no_weights,CIFAR10,fp32_fused_qat,layer3.2.conv3,"(1024, 256, 1, 1)",9.947809666395187,3.7947882333355665e-05,42,42,3,
resnet50_no_weights,CIFAR10,fp32_fused_qat,layer3.2.conv3,"(1024, 256, 1, 1)",11.05630141810367,4.217644278756588e-05,43,43,3,
resnet50_no_weights,CIFAR10,fp32_fused_qat,layer3.2.conv3,"(1024, 256, 1, 1)",9.944864639869103,3.7936647948719416e-05,44,44,3,
resnet50_no_weights,CIFAR10,fp32_fused_qat,layer3.2.conv3,"(1024, 256, 1, 1)",10.316325241455987,3.935365768988032e-05,"42,43,44",aggregate,3,0.6408398589350561
resnet50_no_weights,CIFAR10,fp32_fused_qat,layer3.3.conv1,"(256, 1024, 1, 1)",40.19171085357666,0.00015331920949392951,42,42,3,
resnet50_no_weights,CIFAR10,fp32_fused_qat,layer3.3.conv1,"(256, 1024, 1, 1)",39.54462256254973,0.00015085076355953115,43,43,3,
resnet50_no_weights,CIFAR10,fp32_fused_qat,layer3.3.conv1,"(256, 1024, 1, 1)",38.62904144287109,0.00014735809876583516,44,44,3,
resnet50_no_weights,CIFAR10,fp32_fused_qat,layer3.3.conv1,"(256, 1024, 1, 1)",39.455124952999164,0.00015050935727309862,"42,43,44",aggregate,3,0.7851695921106286
resnet50_no_weights,CIFAR10,fp32_fused_qat,layer3.3.conv2,"(256, 256, 3, 3)",27.473314371975984,4.65788343166368e-05,42,42,3,
resnet50_no_weights,CIFAR10,fp32_fused_qat,layer3.3.conv2,"(256, 256, 3, 3)",31.484907994504834,5.3380174415596576e-05,43,43,3,
resnet50_no_weights,CIFAR10,fp32_fused_qat,layer3.3.conv2,"(256, 256, 3, 3)",28.503687540690105,4.832575063186664e-05,44,44,3,
resnet50_no_weights,CIFAR10,fp32_fused_qat,layer3.3.conv2,"(256, 256, 3, 3)",29.153969969056973,4.942825312136667e-05,"42,43,44",aggregate,3,2.083355772680357
resnet50_no_weights,CIFAR10,fp32_fused_qat,layer3.3.conv3,"(1024, 256, 1, 1)",13.943163755463392,5.3188948652127806e-05,42,42,3,
resnet50_no_weights,CIFAR10,fp32_fused_qat,layer3.3.conv3,"(1024, 256, 1, 1)",13.544135729471842,5.16667775324701e-05,43,43,3,
resnet50_no_weights,CIFAR10,fp32_fused_qat,layer3.3.conv3,"(1024, 256, 1, 1)",14.043108601040311,5.3570207981263393e-05,44,44,3,
resnet50_no_weights,CIFAR10,fp32_fused_qat,layer3.3.conv3,"(1024, 256, 1, 1)",13.843469361991849,5.280864472195377e-05,"42,43,44",aggregate,3,0.26400323995656794
resnet50_no_weights,CIFAR10,fp32_fused_qat,layer3.4.conv1,"(256, 1024, 1, 1)",46.921114008477396,0.0001789898453082176,42,42,3,
resnet50_no_weights,CIFAR10,fp32_fused_qat,layer3.4.conv1,"(256, 1024, 1, 1)",48.439487321036204,0.00018478197983183366,43,43,3,
resnet50_no_weights,CIFAR10,fp32_fused_qat,layer3.4.conv1,"(256, 1024, 1, 1)",47.19616289138794,0.00018003907352976968,44,44,3,
resnet50_no_weights,CIFAR10,fp32_fused_qat,layer3.4.conv1,"(256, 1024, 1, 1)",47.51892140696718,0.00018127029955660698,"42,43,44",aggregate,3,0.8090081418668706
resnet50_no_weights,CIFAR10,fp32_fused_qat,layer3.4.conv2,"(256, 256, 3, 3)",18.009496450424194,3.053367860654058e-05,42,42,3,
resnet50_no_weights,CIFAR10,fp32_fused_qat,layer3.4.conv2,"(256, 256, 3, 3)",18.94419845234264,3.2118392015826145e-05,43,43,3,
resnet50_no_weights,CIFAR10,fp32_fused_qat,layer3.4.conv2,"(256, 256, 3, 3)",16.44144058227539,2.7875163747618597e-05,44,44,3,
resnet50_no_weights,CIFAR10,fp32_fused_qat,layer3.4.conv2,"(256, 256, 3, 3)",17.798378495014074,3.0175744789995107e-05,"42,43,44",aggregate,3,1.2646649091234803
resnet50_no_weights,CIFAR10,fp32_fused_qat,layer3.4.conv3,"(1024, 256, 1, 1)",12.794552522547106,4.880734452265589e-05,42,42,3,
resnet50_no_weights,CIFAR10,fp32_fused_qat,layer3.4.conv3,"(1024, 256, 1, 1)",13.532723542415734,5.1623243493712366e-05,43,43,3,
resnet50_no_weights,CIFAR10,fp32_fused_qat,layer3.4.conv3,"(1024, 256, 1, 1)",13.892776902516683,5.299673806196855e-05,44,44,3,
resnet50_no_weights,CIFAR10,fp32_fused_qat,layer3.4.conv3,"(1024, 256, 1, 1)",13.406684322493174,5.1142442026112266e-05,"42,43,44",aggregate,3,0.5598558840531253
resnet50_no_weights,CIFAR10,fp32_fused_qat,layer3.5.conv1,"(256, 1024, 1, 1)",45.13580006819505,0.00017217941310194036,42,42,3,
resnet50_no_weights,CIFAR10,fp32_fused_qat,layer3.5.conv1,"(256, 1024, 1, 1)",40.79981988271077,0.0001556389613445693,43,43,3,
resnet50_no_weights,CIFAR10,fp32_fused_qat,layer3.5.conv1,"(256, 1024, 1, 1)",45.617945132048234,0.00017401865055865568,44,44,3,
resnet50_no_weights,CIFAR10,fp32_fused_qat,layer3.5.conv1,"(256, 1024, 1, 1)",43.851188360984686,0.0001672790083350551,"42,43,44",aggregate,3,2.653535972679143
resnet50_no_weights,CIFAR10,fp32_fused_qat,layer3.5.conv2,"(256, 256, 3, 3)",7.173303943691832,1.2161770195332561e-05,42,42,3,
resnet50_no_weights,CIFAR10,fp32_fused_qat,layer3.5.conv2,"(256, 256, 3, 3)",7.009980505910413,1.1884868207991559e-05,43,43,3,
resnet50_no_weights,CIFAR10,fp32_fused_qat,layer3.5.conv2,"(256, 256, 3, 3)",6.971702421412749,1.1819970739428624e-05,44,44,3,
resnet50_no_weights,CIFAR10,fp32_fused_qat,layer3.5.conv2,"(256, 256, 3, 3)",7.0516622903383315,1.1955536380917582e-05,"42,43,44",aggregate,3,0.10706923839802224
resnet50_no_weights,CIFAR10,fp32_fused_qat,layer3.5.conv3,"(1024, 256, 1, 1)",6.237834435242873,2.3795449963542454e-05,42,42,3,
resnet50_no_weights,CIFAR10,fp32_fused_qat,layer3.5.conv3,"(1024, 256, 1, 1)",7.151170220868341,2.7279549487565388e-05,43,43,3,
resnet50_no_weights,CIFAR10,fp32_fused_qat,layer3.5.conv3,"(1024, 256, 1, 1)",6.640147532186201,2.533015263437729e-05,44,44,3,
resnet50_no_weights,CIFAR10,fp32_fused_qat,layer3.5.conv3,"(1024, 256, 1, 1)",6.676384062765805,2.5468384028495043e-05,"42,43,44",aggregate,3,0.45774488411926306
resnet50_no_weights,CIFAR10,fp32_fused_qat,layer4.0.conv1,"(512, 1024, 1, 1)",45.402498538677506,8.659839351401807e-05,42,42,3,
resnet50_no_weights,CIFAR10,fp32_fused_qat,layer4.0.conv1,"(512, 1024, 1, 1)",49.65388359894624,9.470726699628112e-05,43,43,3,
resnet50_no_weights,CIFAR10,fp32_fused_qat,layer4.0.conv1,"(512, 1024, 1, 1)",41.38808397813277,7.894150539042047e-05,44,44,3,
resnet50_no_weights,CIFAR10,fp32_fused_qat,layer4.0.conv1,"(512, 1024, 1, 1)",45.48148870525217,8.674905530023988e-05,"42,43,44",aggregate,3,4.133465909823333
resnet50_no_weights,CIFAR10,fp32_fused_qat,layer4.0.conv2,"(512, 512, 3, 3)",12.36127807543828,5.239392630444963e-06,42,42,3,
resnet50_no_weights,CIFAR10,fp32_fused_qat,layer4.0.conv2,"(512, 512, 3, 3)",12.237455739974976,5.186909883276611e-06,43,43,3,
resnet50_no_weights,CIFAR10,fp32_fused_qat,layer4.0.conv2,"(512, 512, 3, 3)",12.506237586339315,5.300834480429465e-06,44,44,3,
resnet50_no_weights,CIFAR10,fp32_fused_qat,layer4.0.conv2,"(512, 512, 3, 3)",12.368323800584191,5.242378998050347e-06,"42,43,44",aggregate,3,0.13452937194486414
resnet50_no_weights,CIFAR10,fp32_fused_qat,layer4.0.conv3,"(2048, 512, 1, 1)",10.040362625587278,9.575235963427809e-06,42,42,3,
resnet50_no_weights,CIFAR10,fp32_fused_qat,layer4.0.conv3,"(2048, 512, 1, 1)",10.093068318489271,9.625500029076835e-06,43,43,3,
resnet50_no_weights,CIFAR10,fp32_fused_qat,layer4.0.conv3,"(2048, 512, 1, 1)",9.033682982126871,8.615191442610618e-06,44,44,3,
resnet50_no_weights,CIFAR10,fp32_fused_qat,layer4.0.conv3,"(2048, 512, 1, 1)",9.722371308734473,9.271975811705087e-06,"42,43,44",aggregate,3,0.5970035015979842
resnet50_no_weights,CIFAR10,fp32_fused_qat,layer4.0.downsample.0,"(2048, 1024, 1, 1)",82.3492057800293,3.9267161264433524e-05,42,42,3,
resnet50_no_weights,CIFAR10,fp32_fused_qat,layer4.0.downsample.0,"(2048, 1024, 1, 1)",87.28639914772727,4.162139851938594e-05,43,43,3,
resnet50_no_weights,CIFAR10,fp32_fused_qat,layer4.0.downsample.0,"(2048, 1024, 1, 1)",79.23294489007247,3.778121227744697e-05,44,44,3,
resnet50_no_weights,CIFAR10,fp32_fused_qat,layer4.0.downsample.0,"(2048, 1024, 1, 1)",82.95618327260968,3.955659068708881e-05,"42,43,44",aggregate,3,4.06089246686106
resnet50_no_weights,CIFAR10,fp32_fused_qat,layer4.1.conv1,"(512, 2048, 1, 1)",30.18733584880829,2.878888687973813e-05,42,42,3,
resnet50_no_weights,CIFAR10,fp32_fused_qat,layer4.1.conv1,"(512, 2048, 1, 1)",35.67390823364258,3.402129004825838e-05,43,43,3,
resnet50_no_weights,CIFAR10,fp32_fused_qat,layer4.1.conv1,"(512, 2048, 1, 1)",38.80381789574256,3.70062045056749e-05,44,44,3,
resnet50_no_weights,CIFAR10,fp32_fused_qat,layer4.1.conv1,"(512, 2048, 1, 1)",34.88835399273114,3.327212714455713e-05,"42,43,44",aggregate,3,4.361623816349321
resnet50_no_weights,CIFAR10,fp32_fused_qat,layer4.1.conv2,"(512, 512, 3, 3)",104.50947782728407,4.429689103329301e-05,42,42,3,
resnet50_no_weights,CIFAR10,fp32_fused_qat,layer4.1.conv2,"(512, 512, 3, 3)",99.38557891845703,4.212509957142174e-05,43,43,3,
resnet50_no_weights,CIFAR10,fp32_fused_qat,layer4.1.conv2,"(512, 512, 3, 3)",99.28106435139973,4.208080052329158e-05,44,44,3,
resnet50_no_weights,CIFAR10,fp32_fused_qat,layer4.1.conv2,"(512, 512, 3, 3)",101.05870703238028,4.2834263709335446e-05,"42,43,44",aggregate,3,2.988912031643373
resnet50_no_weights,CIFAR10,fp32_fused_qat,layer4.1.conv3,"(2048, 512, 1, 1)",20.492787965138753,1.9543445553911927e-05,42,42,3,
resnet50_no_weights,CIFAR10,fp32_fused_qat,layer4.1.conv3,"(2048, 512, 1, 1)",20.757237328423393,1.9795644119666475e-05,43,43,3,
resnet50_no_weights,CIFAR10,fp32_fused_qat,layer4.1.conv3,"(2048, 512, 1, 1)",20.24634826183319,1.9308422338326636e-05,44,44,3,
resnet50_no_weights,CIFAR10,fp32_fused_qat,layer4.1.conv3,"(2048, 512, 1, 1)",20.49879118513178,1.9549170670635013e-05,"42,43,44",aggregate,3,0.25549743360367744
resnet50_no_weights,CIFAR10,fp32_fused_qat,layer4.2.conv1,"(512, 2048, 1, 1)",39.02298213817455,3.7215215814756916e-05,42,42,3,
resnet50_no_weights,CIFAR10,fp32_fused_qat,layer4.2.conv1,"(512, 2048, 1, 1)",37.81167291913714,3.6060021323334825e-05,43,43,3,
resnet50_no_weights,CIFAR10,fp32_fused_qat,layer4.2.conv1,"(512, 2048, 1, 1)",35.58764138513682,3.393901957048113e-05,44,44,3,
resnet50_no_weights,CIFAR10,fp32_fused_qat,layer4.2.conv1,"(512, 2048, 1, 1)",37.4740988141495,3.573808556952429e-05,"42,43,44",aggregate,3,1.742371581964969
resnet50_no_weights,CIFAR10,fp32_fused_qat,layer4.2.conv2,"(512, 512, 3, 3)",12.23629165649414,5.1864164803798e-06,42,42,3,
resnet50_no_weights,CIFAR10,fp32_fused_qat,layer4.2.conv2,"(512, 512, 3, 3)",10.564471334218979,4.477806656824315e-06,43,43,3,
resnet50_no_weights,CIFAR10,fp32_fused_qat,layer4.2.conv2,"(512, 512, 3, 3)",13.010580062866211,5.514602687778986e-06,44,44,3,
resnet50_no_weights,CIFAR10,fp32_fused_qat,layer4.2.conv2,"(512, 512, 3, 3)",11.93711435119311,5.0596086083277e-06,"42,43,44",aggregate,3,1.250196893731717
resnet50_no_weights,CIFAR10,fp32_fused_qat,layer4.2.conv3,"(2048, 512, 1, 1)",6.836959886550903,6.520233046103385e-06,42,42,3,
resnet50_no_weights,CIFAR10,fp32_fused_qat,layer4.2.conv3,"(2048, 512, 1, 1)",6.5820293294058905,6.277112321287051e-06,43,43,3,
resnet50_no_weights,CIFAR10,fp32_fused_qat,layer4.2.conv3,"(2048, 512, 1, 1)",5.762408747392542,5.495461223022978e-06,44,44,3,
resnet50_no_weights,CIFAR10,fp32_fused_qat,layer4.2.conv3,"(2048, 512, 1, 1)",6.393799321116445,6.097602196804471e-06,"42,43,44",aggregate,3,0.5614605415183833
resnet50_no_weights,CIFAR10,fp32_fused_qat,fc,"(10, 2048)",5.442707356284647,0.00026575719513108624,42,42,3,
resnet50_no_weights,CIFAR10,fp32_fused_qat,fc,"(10, 2048)",6.095548778772354,0.00029763421771349384,43,43,3,
resnet50_no_weights,CIFAR10,fp32_fused_qat,fc,"(10, 2048)",5.746619948801005,0.0002805966771875491,44,44,3,
resnet50_no_weights,CIFAR10,fp32_fused_qat,fc,"(10, 2048)",5.761625361286002,0.00028132936334404303,"42,43,44",aggregate,3,0.3266792808425827
resnet18_no_weights,CIFAR10,fp32_unfused,conv1,"(64, 3, 3, 3)",26.205810070037842,0.015165399346086714,42,42,3,
resnet18_no_weights,CIFAR10,fp32_unfused,conv1,"(64, 3, 3, 3)",24.51463395357132,0.014186709463872292,43,43,3,
resnet18_no_weights,CIFAR10,fp32_unfused,conv1,"(64, 3, 3, 3)",24.024232421602523,0.013902912281019978,44,44,3,
resnet18_no_weights,CIFAR10,fp32_unfused,conv1,"(64, 3, 3, 3)",24.914892148403894,0.014418340363659661,"42,43,44",aggregate,3,1.1445414915747343
resnet18_no_weights,CIFAR10,fp32_unfused,layer1.0.conv1,"(64, 64, 3, 3)",42.916442724374626,0.0011641830166117249,42,42,3,
resnet18_no_weights,CIFAR10,fp32_unfused,layer1.0.conv1,"(64, 64, 3, 3)",43.26458605404558,0.0011736270088445525,43,43,3,
resnet18_no_weights,CIFAR10,fp32_unfused,layer1.0.conv1,"(64, 64, 3, 3)",51.26112715403239,0.0013905470690655486,44,44,3,
resnet18_no_weights,CIFAR10,fp32_unfused,layer1.0.conv1,"(64, 64, 3, 3)",45.8140519774842,0.001242785698173942,"42,43,44",aggregate,3,4.7205160659322205
resnet18_no_weights,CIFAR10,fp32_unfused,layer1.0.conv2,"(64, 64, 3, 3)",57.104896545410156,0.001549069459239642,42,42,3,
resnet18_no_weights,CIFAR10,fp32_unfused,layer1.0.conv2,"(64, 64, 3, 3)",62.65622202555338,0.0016996588006063743,43,43,3,
resnet18_no_weights,CIFAR10,fp32_unfused,layer1.0.conv2,"(64, 64, 3, 3)",62.27370230356852,0.0016892822890507953,44,44,3,
resnet18_no_weights,CIFAR10,fp32_unfused,layer1.0.conv2,"(64, 64, 3, 3)",60.67827362484402,0.001646003516298937,"42,43,44",aggregate,3,3.1005399768902047
resnet18_no_weights,CIFAR10,fp32_unfused,layer1.1.conv1,"(64, 64, 3, 3)",60.1580322265625,0.0016318910651736789,42,42,3,
resnet18_no_weights,CIFAR10,fp32_unfused,layer1.1.conv1,"(64, 64, 3, 3)",83.24483626229423,0.0022581607058999083,43,43,3,
resnet18_no_weights,CIFAR10,fp32_unfused,layer1.1.conv1,"(64, 64, 3, 3)",84.08964611235119,0.002281077639766471,44,44,3,
resnet18_no_weights,CIFAR10,fp32_unfused,layer1.1.conv1,"(64, 64, 3, 3)",75.83083820040264,0.0020570431369466863,"42,43,44",aggregate,3,13.57961933343191
resnet18_no_weights,CIFAR10,fp32_unfused,layer1.1.conv2,"(64, 64, 3, 3)",39.92287775874138,0.0010829773697575245,42,42,3,
resnet18_no_weights,CIFAR10,fp32_unfused,layer1.1.conv2,"(64, 64, 3, 3)",36.037578080829825,0.0009775818706822326,43,43,3,
resnet18_no_weights,CIFAR10,fp32_unfused,layer1.1.conv2,"(64, 64, 3, 3)",38.84731560283237,0.0010538008789830829,44,44,3,
resnet18_no_weights,CIFAR10,fp32_unfused,layer1.1.conv2,"(64, 64, 3, 3)",38.269257147467854,0.0010381200398076132,"42,43,44",aggregate,3,2.006116168161433
resnet18_no_weights,CIFAR10,fp32_unfused,layer2.0.conv1,"(128, 64, 3, 3)",54.50967985391617,0.0007393348504491667,42,42,3,
resnet18_no_weights,CIFAR10,fp32_unfused,layer2.0.conv1,"(128, 64, 3, 3)",52.49354434013367,0.0007119892624258581,43,43,3,
resnet18_no_weights,CIFAR10,fp32_unfused,layer2.0.conv1,"(128, 64, 3, 3)",55.57619018554688,0.0007538003226121267,44,44,3,
resnet18_no_weights,CIFAR10,fp32_unfused,layer2.0.conv1,"(128, 64, 3, 3)",54.19313812653224,0.0007350414784957172,"42,43,44",aggregate,3,1.5655112107366826
resnet18_no_weights,CIFAR10,fp32_unfused,layer2.0.conv2,"(128, 128, 3, 3)",87.03750610351562,0.0005902608649598227,42,42,3,
resnet18_no_weights,CIFAR10,fp32_unfused,layer2.0.conv2,"(128, 128, 3, 3)",70.71035582930953,0.00047953529072611176,43,43,3,
resnet18_no_weights,CIFAR10,fp32_unfused,layer2.0.conv2,"(128, 128, 3, 3)",67.39060153131899,0.0004570217660272827,44,44,3,
resnet18_no_weights,CIFAR10,fp32_unfused,layer2.0.conv2,"(128, 128, 3, 3)",75.04615448804805,0.0005089393072377391,"42,43,44",aggregate,3,10.516633364536832
resnet18_no_weights,CIFAR10,fp32_unfused,layer2.0.downsample.0,"(128, 64, 1, 1)",39.485259684120734,0.004819977988784269,42,42,3,
resnet18_no_weights,CIFAR10,fp32_unfused,layer2.0.downsample.0,"(128, 64, 1, 1)",44.38915874339916,0.0054185984794188425,43,43,3,
resnet18_no_weights,CIFAR10,fp32_unfused,layer2.0.downsample.0,"(128, 64, 1, 1)",47.34650585868142,0.0057796027659523215,44,44,3,
resnet18_no_weights,CIFAR10,fp32_unfused,layer2.0.downsample.0,"(128, 64, 1, 1)",43.74030809540044,0.005339393078051811,"42,43,44",aggregate,3,3.9705860054678976
resnet18_no_weights,CIFAR10,fp32_unfused,layer2.1.conv1,"(128, 128, 3, 3)",55.3968430896138,0.0003756838859701457,42,42,3,
resnet18_no_weights,CIFAR10,fp32_unfused,layer2.1.conv1,"(128, 128, 3, 3)",53.24615478515625,0.00036109859744707745,43,43,3,
resnet18_no_weights,CIFAR10,fp32_unfused,layer2.1.conv1,"(128, 128, 3, 3)",66.3614616394043,0.00045004246445993584,44,44,3,
resnet18_no_weights,CIFAR10,fp32_unfused,layer2.1.conv1,"(128, 128, 3, 3)",58.33481983805812,0.00039560831595905296,"42,43,44",aggregate,3,7.03396040656123
resnet18_no_weights,CIFAR10,fp32_unfused,layer2.1.conv2,"(128, 128, 3, 3)",38.85304562638446,0.0002634890789549727,42,42,3,
resnet18_no_weights,CIFAR10,fp32_unfused,layer2.1.conv2,"(128, 128, 3, 3)",44.70731604726691,0.0003031908911625631,43,43,3,
resnet18_no_weights,CIFAR10,fp32_unfused,layer2.1.conv2,"(128, 128, 3, 3)",44.43332749605179,0.0003013327873809936,44,44,3,
resnet18_no_weights,CIFAR10,fp32_unfused,layer2.1.conv2,"(128, 128, 3, 3)",42.664563056567715,0.00028933758583284314,"42,43,44",aggregate,3,3.3037124983860724
resnet18_no_weights,CIFAR10,fp32_unfused,layer3.0.conv1,"(256, 128, 3, 3)",73.42690467834473,0.0002489790333331459,42,42,3,
resnet18_no_weights,CIFAR10,fp32_unfused,layer3.0.conv1,"(256, 128, 3, 3)",82.69627838134765,0.00028041001512772506,43,43,3,
resnet18_no_weights,CIFAR10,fp32_unfused,layer3.0.conv1,"(256, 128, 3, 3)",79.71474020821708,0.00027030009022426037,44,44,3,
resnet18_no_weights,CIFAR10,fp32_unfused,layer3.0.conv1,"(256, 128, 3, 3)",78.61264108930315,0.0002665630462283771,"42,43,44",aggregate,3,4.731943476248811
resnet18_no_weights,CIFAR10,fp32_unfused,layer3.0.conv2,"(256, 256, 3, 3)",105.28245855260778,0.000178498091892849,42,42,3,
resnet18_no_weights,CIFAR10,fp32_unfused,layer3.0.conv2,"(256, 256, 3, 3)",101.44837358262804,0.0001719977036923354,43,43,3,
resnet18_no_weights,CIFAR10,fp32_unfused,layer3.0.conv2,"(256, 256, 3, 3)",96.77671089172364,0.00016407726862881748,44,44,3,
resnet18_no_weights,CIFAR10,fp32_unfused,layer3.0.conv2,"(256, 256, 3, 3)",101.16918100898648,0.00017152435473800063,"42,43,44",aggregate,3,4.259741446090531
resnet18_no_weights,CIFAR10,fp32_unfused,layer3.0.downsample.0,"(256, 128, 1, 1)",33.99062656220936,0.0010373116016299242,42,42,3,
resnet18_no_weights,CIFAR10,fp32_unfused,layer3.0.downsample.0,"(256, 128, 1, 1)",30.373414304521347,0.0009269230439612228,43,43,3,
resnet18_no_weights,CIFAR10,fp32_unfused,layer3.0.downsample.0,"(256, 128, 1, 1)",32.86738453489362,0.0010030329753080327,44,44,3,
resnet18_no_weights,CIFAR10,fp32_unfused,layer3.0.downsample.0,"(256, 128, 1, 1)",32.410475133874776,0.0009890892069663933,"42,43,44",aggregate,3,1.851386177934427
resnet18_no_weights,CIFAR10,fp32_unfused,layer3.1.conv1,"(256, 256, 3, 3)",89.15058898925781,0.00015114778135385778,42,42,3,
resnet18_no_weights,CIFAR10,fp32_unfused,layer3.1.conv1,"(256, 256, 3, 3)",73.58261426289876,0.00012475350996720845,43,43,3,
resnet18_no_weights,CIFAR10,fp32_unfused,layer3.1.conv1,"(256, 256, 3, 3)",82.01141830444335,0.0001390438814026614,44,44,3,
resnet18_no_weights,CIFAR10,fp32_unfused,layer3.1.conv1,"(256, 256, 3, 3)",81.58154051886665,0.00013831505757457588,"42,43,44",aggregate,3,7.792884924919514
resnet18_no_weights,CIFAR10,fp32_unfused,layer3.1.conv2,"(256, 256, 3, 3)",51.00555968284607,8.647589735725585e-05,42,42,3,
resnet18_no_weights,CIFAR10,fp32_unfused,layer3.1.conv2,"(256, 256, 3, 3)",60.70843587602888,0.00010292635748295912,43,43,3,
resnet18_no_weights,CIFAR10,fp32_unfused,layer3.1.conv2,"(256, 256, 3, 3)",55.90295729345205,9.477904814563675e-05,44,44,3,
resnet18_no_weights,CIFAR10,fp32_unfused,layer3.1.conv2,"(256, 256, 3, 3)",55.872317617442334,9.47271009952839e-05,"42,43,44",aggregate,3,4.8515106613680565
resnet18_no_weights,CIFAR10,fp32_unfused,layer4.0.conv1,"(512, 256, 3, 3)",60.47257614135742,5.1263237967052395e-05,42,42,3,
resnet18_no_weights,CIFAR10,fp32_unfused,layer4.0.conv1,"(512, 256, 3, 3)",61.62527211507162,5.224039045128006e-05,43,43,3,
resnet18_no_weights,CIFAR10,fp32_unfused,layer4.0.conv1,"(512, 256, 3, 3)",62.74287665230887,5.318779555622429e-05,44,44,3,
resnet18_no_weights,CIFAR10,fp32_unfused,layer4.0.conv1,"(512, 256, 3, 3)",61.613574969579304,5.223047465818558e-05,"42,43,44",aggregate,3,1.1351954544994027
resnet18_no_weights,CIFAR10,fp32_unfused,layer4.0.conv2,"(512, 512, 3, 3)",55.93323071797689,2.370759358638208e-05,42,42,3,
resnet18_no_weights,CIFAR10,fp32_unfused,layer4.0.conv2,"(512, 512, 3, 3)",61.0448184967041,2.587416691110573e-05,43,43,3,
resnet18_no_weights,CIFAR10,fp32_unfused,layer4.0.conv2,"(512, 512, 3, 3)",55.031894593011764,2.3325557536236133e-05,44,44,3,
resnet18_no_weights,CIFAR10,fp32_unfused,layer4.0.conv2,"(512, 512, 3, 3)",57.33664793589759,2.430243934457465e-05,"42,43,44",aggregate,3,3.242838013772177
resnet18_no_weights,CIFAR10,fp32_unfused,layer4.0.downsample.0,"(512, 256, 1, 1)",26.33793032169342,0.00020094246156077133,42,42,3,
resnet18_no_weights,CIFAR10,fp32_unfused,layer4.0.downsample.0,"(512, 256, 1, 1)",31.36120580037435,0.00023926701202678184,43,43,3,
resnet18_no_weights,CIFAR10,fp32_unfused,layer4.0.downsample.0,"(512, 256, 1, 1)",29.93695131937663,0.00022840081267834952,44,44,3,
resnet18_no_weights,CIFAR10,fp32_unfused,layer4.0.downsample.0,"(512, 256, 1, 1)",29.212029147148133,0.00022287009542196757,"42,43,44",aggregate,3,2.588910630076025
resnet18_no_weights,CIFAR10,fp32_unfused,layer4.1.conv1,"(512, 512, 3, 3)",51.483845463505496,2.1821698279277164e-05,42,42,3,
resnet18_no_weights,CIFAR10,fp32_unfused,layer4.1.conv1,"(512, 512, 3, 3)",49.593339080810544,2.102039722053127e-05,43,43,3,
resnet18_no_weights,CIFAR10,fp32_unfused,layer4.1.conv1,"(512, 512, 3, 3)",51.847027914864675,2.1975635068624145e-05,44,44,3,
resnet18_no_weights,CIFAR10,fp32_unfused,layer4.1.conv1,"(512, 512, 3, 3)",50.97473748639357,2.1605910189477526e-05,"42,43,44",aggregate,3,1.210029561396875
resnet18_no_weights,CIFAR10,fp32_unfused,layer4.1.conv2,"(512, 512, 3, 3)",20.222549582972672,8.57143384423687e-06,42,42,3,
resnet18_no_weights,CIFAR10,fp32_unfused,layer4.1.conv2,"(512, 512, 3, 3)",19.560994426409405,8.291030216814425e-06,43,43,3,
resnet18_no_weights,CIFAR10,fp32_unfused,layer4.1.conv2,"(512, 512, 3, 3)",18.156963955272328,7.695924528025448e-06,44,44,3,
resnet18_no_weights,CIFAR10,fp32_unfused,layer4.1.conv2,"(512, 512, 3, 3)",19.3135026548848,8.186129529692247e-06,"42,43,44",aggregate,3,1.0547986201497637
resnet18_no_weights,CIFAR10,fp32_unfused,fc,"(10, 512)",4.471227495959311,0.0008732866203045529,42,42,3,
resnet18_no_weights,CIFAR10,fp32_unfused,fc,"(10, 512)",3.8712307004367603,0.0007560997461790547,43,43,3,
resnet18_no_weights,CIFAR10,fp32_unfused,fc,"(10, 512)",4.499948240989863,0.0008788961408183326,44,44,3,
resnet18_no_weights,CIFAR10,fp32_unfused,fc,"(10, 512)",4.280802145795311,0.0008360941691006468,"42,43,44",aggregate,3,0.35498985469812633
resnet18_no_weights,CIFAR10,fp32_fused,conv1,"(64, 3, 3, 3)",247.99632941351996,0.14351639433652774,42,42,3,
resnet18_no_weights,CIFAR10,fp32_fused,conv1,"(64, 3, 3, 3)",250.78885373202237,0.14513243850232777,43,43,3,
resnet18_no_weights,CIFAR10,fp32_fused,conv1,"(64, 3, 3, 3)",243.76310838971818,0.14106661365145728,44,44,3,
resnet18_no_weights,CIFAR10,fp32_fused,conv1,"(64, 3, 3, 3)",247.51609717842018,0.1432384821634376,"42,43,44",aggregate,3,3.5374060628444908
resnet18_no_weights,CIFAR10,fp32_fused,layer1.0.conv1,"(64, 64, 3, 3)",100.20592498779297,0.0027182596839136547,42,42,3,
resnet18_no_weights,CIFAR10,fp32_fused,layer1.0.conv1,"(64, 64, 3, 3)",94.34828567504883,0.002559361048042774,43,43,3,
resnet18_no_weights,CIFAR10,fp32_fused,layer1.0.conv1,"(64, 64, 3, 3)",101.1356709798177,0.002743480658089673,44,44,3,
resnet18_no_weights,CIFAR10,fp32_fused,layer1.0.conv1,"(64, 64, 3, 3)",98.5632938808865,0.0026737004633487008,"42,43,44",aggregate,3,3.6797863435097287
resnet18_no_weights,CIFAR10,fp32_fused,layer1.0.conv2,"(64, 64, 3, 3)",62.57284682137625,0.0016973971034444514,42,42,3,
resnet18_no_weights,CIFAR10,fp32_fused,layer1.0.conv2,"(64, 64, 3, 3)",65.5504822201199,0.0017781706331412735,43,43,3,
resnet18_no_weights,CIFAR10,fp32_fused,layer1.0.conv2,"(64, 64, 3, 3)",70.17740895197942,0.0019036840536018722,44,44,3,
resnet18_no_weights,CIFAR10,fp32_fused,layer1.0.conv2,"(64, 64, 3, 3)",66.1002459978252,0.0017930839300625324,"42,43,44",aggregate,3,3.8319735721959933
resnet18_no_weights,CIFAR10,fp32_fused,layer1.1.conv1,"(64, 64, 3, 3)",411.9606615339007,0.011175148153588886,42,42,3,
resnet18_no_weights,CIFAR10,fp32_fused,layer1.1.conv1,"(64, 64, 3, 3)",387.9108716419765,0.010522755849662991,43,43,3,
resnet18_no_weights,CIFAR10,fp32_fused,layer1.1.conv1,"(64, 64, 3, 3)",436.29437377929685,0.01183524234427346,44,44,3,
resnet18_no_weights,CIFAR10,fp32_fused,layer1.1.conv1,"(64, 64, 3, 3)",412.05530231839134,0.011177715449175112,"42,43,44",aggregate,3,24.191889910186593
resnet18_no_weights,CIFAR10,fp32_fused,layer1.1.conv2,"(64, 64, 3, 3)",37.65703098590557,0.0010215123422825947,42,42,3,
resnet18_no_weights,CIFAR10,fp32_fused,layer1.1.conv2,"(64, 64, 3, 3)",41.878797712780184,0.0011360350942051917,43,43,3,
resnet18_no_weights,CIFAR10,fp32_fused,layer1.1.conv2,"(64, 64, 3, 3)",34.9505606842041,0.0009480946366157796,44,44,3,
resnet18_no_weights,CIFAR10,fp32_fused,layer1.1.conv2,"(64, 64, 3, 3)",38.16212979429662,0.0010352140243678554,"42,43,44",aggregate,3,3.4916272260525947
resnet18_no_weights,CIFAR10,fp32_fused,layer2.0.conv1,"(128, 64, 3, 3)",244.7126216482609,0.0033191273552552747,42,42,3,
resnet18_no_weights,CIFAR10,fp32_fused,layer2.0.conv1,"(128, 64, 3, 3)",216.82348346710205,0.00294085670935197,43,43,3,
resnet18_no_weights,CIFAR10,fp32_fused,layer2.0.conv1,"(128, 64, 3, 3)",262.6845308191636,0.003562886974001243,44,44,3,
resnet18_no_weights,CIFAR10,fp32_fused,layer2.0.conv1,"(128, 64, 3, 3)",241.40687864484218,0.003274290346202829,"42,43,44",aggregate,3,23.108545360115105
resnet18_no_weights,CIFAR10,fp32_fused,layer2.0.conv2,"(128, 128, 3, 3)",42.260438506667676,0.00028659694082755314,42,42,3,
resnet18_no_weights,CIFAR10,fp32_fused,layer2.0.conv2,"(128, 128, 3, 3)",45.04915731293814,0.00030550915061400107,43,43,3,
resnet18_no_weights,CIFAR10,fp32_fused,layer2.0.conv2,"(128, 128, 3, 3)",45.20060750057823,0.0003065362379325238,44,44,3,
resnet18_no_weights,CIFAR10,fp32_fused,layer2.0.conv2,"(128, 128, 3, 3)",44.170067773394685,0.0002995474431246927,"42,43,44",aggregate,3,1.6555202330655154
resnet18_no_weights,CIFAR10,fp32_fused,layer2.0.downsample.0,"(128, 64, 1, 1)",29.109240486508323,0.003553374082825723,42,42,3,
resnet18_no_weights,CIFAR10,fp32_fused,layer2.0.downsample.0,"(128, 64, 1, 1)",25.826862688417787,0.0031526931992697494,43,43,3,
resnet18_no_weights,CIFAR10,fp32_fused,layer2.0.downsample.0,"(128, 64, 1, 1)",28.368654277589584,0.0034629704928698223,44,44,3,
resnet18_no_weights,CIFAR10,fp32_fused,layer2.0.downsample.0,"(128, 64, 1, 1)",27.7682524841719,0.003389679258321765,"42,43,44",aggregate,3,1.7215872726945327
resnet18_no_weights,CIFAR10,fp32_fused,layer2.1.conv1,"(128, 128, 3, 3)",125.60776646931966,0.0008518321836298263,42,42,3,
resnet18_no_weights,CIFAR10,fp32_fused,layer2.1.conv1,"(128, 128, 3, 3)",148.6444329155816,0.0010080595765216852,43,43,3,
resnet18_no_weights,CIFAR10,fp32_fused,layer2.1.conv1,"(128, 128, 3, 3)",131.18679666519165,0.0008896674035996613,44,44,3,
resnet18_no_weights,CIFAR10,fp32_fused,layer2.1.conv1,"(128, 128, 3, 3)",135.14633201669764,0.0009165197212503909,"42,43,44",aggregate,3,12.017921633500194
resnet18_no_weights,CIFAR10,fp32_fused,layer2.1.conv2,"(128, 128, 3, 3)",21.964027003238076,0.00014895309111353946,42,42,3,
resnet18_no_weights,CIFAR10,fp32_fused,layer2.1.conv2,"(128, 128, 3, 3)",26.693057320334695,0.00018102388048187048,43,43,3,
resnet18_no_weights,CIFAR10,fp32_fused,layer2.1.conv2,"(128, 128, 3, 3)",21.57416887283325,0.00014630919645747375,44,44,3,
resnet18_no_weights,CIFAR10,fp32_fused,layer2.1.conv2,"(128, 128, 3, 3)",23.41041773213534,0.0001587620560176279,"42,43,44",aggregate,3,2.8495244059265232
resnet18_no_weights,CIFAR10,fp32_fused,layer3.0.conv1,"(256, 128, 3, 3)",289.63923327128094,0.000982120881046824,42,42,3,
resnet18_no_weights,CIFAR10,fp32_fused,layer3.0.conv1,"(256, 128, 3, 3)",340.2425210135324,0.0011537086351641587,43,43,3,
resnet18_no_weights,CIFAR10,fp32_fused,layer3.0.conv1,"(256, 128, 3, 3)",266.16697495983493,0.0009025301614035201,44,44,3,
resnet18_no_weights,CIFAR10,fp32_fused,layer3.0.conv1,"(256, 128, 3, 3)",298.6829097482161,0.0010127865592048342,"42,43,44",aggregate,3,37.856805120783314
resnet18_no_weights,CIFAR10,fp32_fused,layer3.0.conv2,"(256, 256, 3, 3)",61.989041884740196,0.00010509752381174757,42,42,3,
resnet18_no_weights,CIFAR10,fp32_fused,layer3.0.conv2,"(256, 256, 3, 3)",68.97465667724609,0.0001169410818773839,43,43,3,
resnet18_no_weights,CIFAR10,fp32_fused,layer3.0.conv2,"(256, 256, 3, 3)",64.70266603168689,0.00010969825919543269,44,44,3,
resnet18_no_weights,CIFAR10,fp32_fused,layer3.0.conv2,"(256, 256, 3, 3)",65.22212153122439,0.00011057895496152138,"42,43,44",aggregate,3,3.521658560865761
resnet18_no_weights,CIFAR10,fp32_fused,layer3.0.downsample.0,"(256, 128, 1, 1)",29.290063190460206,0.0008938617917010561,42,42,3,
resnet18_no_weights,CIFAR10,fp32_fused,layer3.0.downsample.0,"(256, 128, 1, 1)",29.13185637337821,0.0008890337028008487,43,43,3,
resnet18_no_weights,CIFAR10,fp32_fused,layer3.0.downsample.0,"(256, 128, 1, 1)",27.290993690490723,0.0008328550320584327,44,44,3,
resnet18_no_weights,CIFAR10,fp32_fused,layer3.0.downsample.0,"(256, 128, 1, 1)",28.570971084776378,0.0008719168421867791,"42,43,44",aggregate,3,1.1113118134234552
resnet18_no_weights,CIFAR10,fp32_fused,layer3.1.conv1,"(256, 256, 3, 3)",124.18883250309871,0.00021055235545365856,42,42,3,
resnet18_no_weights,CIFAR10,fp32_fused,layer3.1.conv1,"(256, 256, 3, 3)",112.19525909423828,0.00019021819914794632,43,43,3,
resnet18_no_weights,CIFAR10,fp32_fused,layer3.1.conv1,"(256, 256, 3, 3)",110.09154946463448,0.0001866515256494047,44,44,3,
resnet18_no_weights,CIFAR10,fp32_fused,layer3.1.conv1,"(256, 256, 3, 3)",115.4918803539905,0.00019580736008366988,"42,43,44",aggregate,3,7.604875479870166
resnet18_no_weights,CIFAR10,fp32_fused,layer3.1.conv2,"(256, 256, 3, 3)",20.043093052777376,3.3981481005821015e-05,42,42,3,
resnet18_no_weights,CIFAR10,fp32_fused,layer3.1.conv2,"(256, 256, 3, 3)",19.870100370267544,3.3688185577846174e-05,43,43,3,
resnet18_no_weights,CIFAR10,fp32_fused,layer3.1.conv2,"(256, 256, 3, 3)",20.243991451878703,3.4322088371918915e-05,44,44,3,
resnet18_no_weights,CIFAR10,fp32_fused,layer3.1.conv2,"(256, 256, 3, 3)",20.052394958307875,3.399725165186204e-05,"42,43,44",aggregate,3,0.18711902445225698
resnet18_no_weights,CIFAR10,fp32_fused,layer4.0.conv1,"(512, 256, 3, 3)",112.84965960184734,9.56638417577509e-05,42,42,3,
resnet18_no_weights,CIFAR10,fp32_fused,layer4.0.conv1,"(512, 256, 3, 3)",104.2359631061554,8.836192076463097e-05,43,43,3,
resnet18_no_weights,CIFAR10,fp32_fused,layer4.0.conv1,"(512, 256, 3, 3)",104.26590208573775,8.838730035208617e-05,44,44,3,
resnet18_no_weights,CIFAR10,fp32_fused,layer4.0.conv1,"(512, 256, 3, 3)",107.11717493124682,9.080435429148934e-05,"42,43,44",aggregate,3,4.964499920397519
resnet18_no_weights,CIFAR10,fp32_fused,layer4.0.conv2,"(512, 512, 3, 3)",22.694269100824993,9.619085142697225e-06,42,42,3,
resnet18_no_weights,CIFAR10,fp32_fused,layer4.0.conv2,"(512, 512, 3, 3)",20.311232884724934,8.609022727425864e-06,43,43,3,
resnet18_no_weights,CIFAR10,fp32_fused,layer4.0.conv2,"(512, 512, 3, 3)",22.39455657535129,9.492050414764104e-06,44,44,3,
resnet18_no_weights,CIFAR10,fp32_fused,layer4.0.conv2,"(512, 512, 3, 3)",21.800019520300406,9.240052761629065e-06,"42,43,44",aggregate,3,1.298006600207625
resnet18_no_weights,CIFAR10,fp32_fused,layer4.0.downsample.0,"(512, 256, 1, 1)",8.53979888715242,6.515349492761551e-05,42,42,3,
resnet18_no_weights,CIFAR10,fp32_fused,layer4.0.downsample.0,"(512, 256, 1, 1)",8.331752939922053,6.356623031556742e-05,43,43,3,
resnet18_no_weights,CIFAR10,fp32_fused,layer4.0.downsample.0,"(512, 256, 1, 1)",9.841876095738904,7.50875556620705e-05,44,44,3,
resnet18_no_weights,CIFAR10,fp32_fused,layer4.0.downsample.0,"(512, 256, 1, 1)",8.904475974271126,6.793576030175114e-05,"42,43,44",aggregate,3,0.8184497662261254
resnet18_no_weights,CIFAR10,fp32_fused,layer4.1.conv1,"(512, 512, 3, 3)",103.36204234036532,4.381054447613412e-05,42,42,3,
resnet18_no_weights,CIFAR10,fp32_fused,layer4.1.conv1,"(512, 512, 3, 3)",101.87015853389617,4.317820168978211e-05,43,43,3,
resnet18_no_weights,CIFAR10,fp32_fused,layer4.1.conv1,"(512, 512, 3, 3)",92.13204736420603,3.9050652128518856e-05,44,44,3,
resnet18_no_weights,CIFAR10,fp32_fused,layer4.1.conv1,"(512, 512, 3, 3)",99.12141607948918,4.2013132764811696e-05,"42,43,44",aggregate,3,6.098760989056324
resnet18_no_weights,CIFAR10,fp32_fused,layer4.1.conv2,"(512, 512, 3, 3)",3.0211547663871277,1.2805323140407679e-06,42,42,3,
resnet18_no_weights,CIFAR10,fp32_fused,layer4.1.conv2,"(512, 512, 3, 3)",2.8692603508631387,1.2161510683115381e-06,43,43,3,
resnet18_no_weights,CIFAR10,fp32_fused,layer4.1.conv2,"(512, 512, 3, 3)",3.039985179901123,1.2885136837010375e-06,44,44,3,
resnet18_no_weights,CIFAR10,fp32_fused,layer4.1.conv2,"(512, 512, 3, 3)",2.9768000990504633,1.2617323553511145e-06,"42,43,44",aggregate,3,0.09360685978293407
resnet18_no_weights,CIFAR10,fp32_fused,fc,"(10, 512)",4.791040229797363,0.0009357500448822975,42,42,3,
resnet18_no_weights,CIFAR10,fp32_fused,fc,"(10, 512)",4.516521325478187,0.0008821330713824583,43,43,3,
resnet18_no_weights,CIFAR10,fp32_fused,fc,"(10, 512)",4.155989289283752,0.0008117166580632329,44,44,3,
resnet18_no_weights,CIFAR10,fp32_fused,fc,"(10, 512)",4.487850281519767,0.0008765332581093296,"42,43,44",aggregate,3,0.31849481288249354
resnet18_no_weights,CIFAR10,ptq,conv1,"(64, 3, 3, 3)",189.87311444963728,0.10988027456576231,42,42,3,
resnet18_no_weights,CIFAR10,ptq,conv1,"(64, 3, 3, 3)",178.85493354797364,0.10350401246989216,43,43,3,
resnet18_no_weights,CIFAR10,ptq,conv1,"(64, 3, 3, 3)",178.32362354162967,0.10319654140140606,44,44,3,
resnet18_no_weights,CIFAR10,ptq,conv1,"(64, 3, 3, 3)",182.35055717974686,0.1055269428123535,"42,43,44",aggregate,3,6.520139836674992
resnet18_no_weights,CIFAR10,ptq,layer1.0.conv1,"(64, 64, 3, 3)",80.00841652263294,0.0021703672016773258,42,42,3,
resnet18_no_weights,CIFAR10,ptq,layer1.0.conv1,"(64, 64, 3, 3)",80.95810763041179,0.0021961292217451116,43,43,3,
resnet18_no_weights,CIFAR10,ptq,layer1.0.conv1,"(64, 64, 3, 3)",89.8803663635254,0.002438160979913341,44,44,3,
resnet18_no_weights,CIFAR10,ptq,layer1.0.conv1,"(64, 64, 3, 3)",83.61563017219004,0.0022682191344452593,"42,43,44",aggregate,3,5.44616084598305
resnet18_no_weights,CIFAR10,ptq,layer1.0.conv2,"(64, 64, 3, 3)",56.11970202128092,0.0015223443473654764,42,42,3,
resnet18_no_weights,CIFAR10,ptq,layer1.0.conv2,"(64, 64, 3, 3)",54.85230077107747,0.001487963888104315,43,43,3,
resnet18_no_weights,CIFAR10,ptq,layer1.0.conv2,"(64, 64, 3, 3)",56.33625827116125,0.0015282188116091918,44,44,3,
resnet18_no_weights,CIFAR10,ptq,layer1.0.conv2,"(64, 64, 3, 3)",55.76942035450655,0.001512842349026328,"42,43,44",aggregate,3,0.8015955339648527
resnet18_no_weights,CIFAR10,ptq,layer1.1.conv1,"(64, 64, 3, 3)",332.52099609375,0.009020209312438965,42,42,3,
resnet18_no_weights,CIFAR10,ptq,layer1.1.conv1,"(64, 64, 3, 3)",394.9630496376439,0.010714058421160045,43,43,3,
resnet18_no_weights,CIFAR10,ptq,layer1.1.conv1,"(64, 64, 3, 3)",392.1760156419542,0.010638455285426276,44,44,3,
resnet18_no_weights,CIFAR10,ptq,layer1.1.conv1,"(64, 64, 3, 3)",373.2200204577827,0.010124241006341761,"42,43,44",aggregate,3,35.27392560747072
resnet18_no_weights,CIFAR10,ptq,layer1.1.conv2,"(64, 64, 3, 3)",33.80161468187968,0.000916927481604809,42,42,3,
resnet18_no_weights,CIFAR10,ptq,layer1.1.conv2,"(64, 64, 3, 3)",33.420573997497556,0.000906591091511978,43,43,3,
resnet18_no_weights,CIFAR10,ptq,layer1.1.conv2,"(64, 64, 3, 3)",39.705260970375754,0.0010770741365661825,44,44,3,
resnet18_no_weights,CIFAR10,ptq,layer1.1.conv2,"(64, 64, 3, 3)",35.64248321658433,0.0009668642365609899,"42,43,44",aggregate,3,3.5236231791035024
resnet18_no_weights,CIFAR10,ptq,layer2.0.conv1,"(128, 64, 3, 3)",209.1363314924569,0.002836593037820867,42,42,3,
resnet18_no_weights,CIFAR10,ptq,layer2.0.conv1,"(128, 64, 3, 3)",200.36235233775358,0.0027175883292338537,43,43,3,
resnet18_no_weights,CIFAR10,ptq,layer2.0.conv1,"(128, 64, 3, 3)",199.55306727711746,0.0027066116980945837,44,44,3,
resnet18_no_weights,CIFAR10,ptq,layer2.0.conv1,"(128, 64, 3, 3)",203.01725036910932,0.002753597688383102,"42,43,44",aggregate,3,5.314706099392864
resnet18_no_weights,CIFAR10,ptq,layer2.0.conv2,"(128, 128, 3, 3)",39.82790015992664,0.0002701002343745025,42,42,3,
resnet18_no_weights,CIFAR10,ptq,layer2.0.conv2,"(128, 128, 3, 3)",43.64036390516493,0.0002959551588620669,43,43,3,
resnet18_no_weights,CIFAR10,ptq,layer2.0.conv2,"(128, 128, 3, 3)",39.93480450174083,0.00027082522584188386,44,44,3,
resnet18_no_weights,CIFAR10,ptq,layer2.0.conv2,"(128, 128, 3, 3)",41.13435618894413,0.0002789602063594844,"42,43,44",aggregate,3,2.170924489680218
resnet18_no_weights,CIFAR10,ptq,layer2.0.downsample.0,"(128, 64, 1, 1)",25.82298543718126,0.0031522199019996654,42,42,3,
resnet18_no_weights,CIFAR10,ptq,layer2.0.downsample.0,"(128, 64, 1, 1)",25.017006370756363,0.00305383378549272,43,43,3,
resnet18_no_weights,CIFAR10,ptq,layer2.0.downsample.0,"(128, 64, 1, 1)",24.73960256576538,0.003019971016328782,44,44,3,
resnet18_no_weights,CIFAR10,ptq,layer2.0.downsample.0,"(128, 64, 1, 1)",25.19319812456767,0.0030753415679403893,"42,43,44",aggregate,3,0.5627719450209436
resnet18_no_weights,CIFAR10,ptq,layer2.1.conv1,"(128, 128, 3, 3)",132.54816991632634,0.0008988998068327253,42,42,3,
resnet18_no_weights,CIFAR10,ptq,layer2.1.conv1,"(128, 128, 3, 3)",122.65198335193452,0.0008317869964730802,43,43,3,
resnet18_no_weights,CIFAR10,ptq,layer2.1.conv1,"(128, 128, 3, 3)",123.97118390839675,0.0008407333978162758,44,44,3,
resnet18_no_weights,CIFAR10,ptq,layer2.1.conv1,"(128, 128, 3, 3)",126.39044572555254,0.0008571400670406938,"42,43,44",aggregate,3,5.373383285628642
resnet18_no_weights,CIFAR10,ptq,layer2.1.conv2,"(128, 128, 3, 3)",22.46883047780683,0.0001523765087741891,42,42,3,
resnet18_no_weights,CIFAR10,ptq,layer2.1.conv2,"(128, 128, 3, 3)",23.18320510864258,0.00015722117179797757,43,43,3,
resnet18_no_weights,CIFAR10,ptq,layer2.1.conv2,"(128, 128, 3, 3)",20.989514686443187,0.00014234425649985885,44,44,3,
resnet18_no_weights,CIFAR10,ptq,layer2.1.conv2,"(128, 128, 3, 3)",22.213850090964197,0.00015064731235734182,"42,43,44",aggregate,3,1.1188523876580638
resnet18_no_weights,CIFAR10,ptq,layer3.0.conv1,"(256, 128, 3, 3)",268.71390847598803,0.0009111664105766738,42,42,3,
resnet18_no_weights,CIFAR10,ptq,layer3.0.conv1,"(256, 128, 3, 3)",302.6390552520752,0.0010262012235923773,43,43,3,
resnet18_no_weights,CIFAR10,ptq,layer3.0.conv1,"(256, 128, 3, 3)",234.06030008067256,0.0007936614992969855,44,44,3,
resnet18_no_weights,CIFAR10,ptq,layer3.0.conv1,"(256, 128, 3, 3)",268.4710879362453,0.0009103430444886789,"42,43,44",aggregate,3,34.29002240558741
resnet18_no_weights,CIFAR10,ptq,layer3.0.conv2,"(256, 256, 3, 3)",52.51554183959961,8.903595282592706e-05,42,42,3,
resnet18_no_weights,CIFAR10,ptq,layer3.0.conv2,"(256, 256, 3, 3)",60.159913063049316,0.00010199638038304531,43,43,3,
resnet18_no_weights,CIFAR10,ptq,layer3.0.conv2,"(256, 256, 3, 3)",54.82143089988015,9.294540557841009e-05,44,44,3,
resnet18_no_weights,CIFAR10,ptq,layer3.0.conv2,"(256, 256, 3, 3)",55.83229526750969,9.465924626246083e-05,"42,43,44",aggregate,3,3.9211590031244343
resnet18_no_weights,CIFAR10,ptq,layer3.0.downsample.0,"(256, 128, 1, 1)",26.255374037701152,0.0008012504283966416,42,42,3,
resnet18_no_weights,CIFAR10,ptq,layer3.0.downsample.0,"(256, 128, 1, 1)",28.198684258894488,0.0008605555498930203,43,43,3,
resnet18_no_weights,CIFAR10,ptq,layer3.0.downsample.0,"(256, 128, 1, 1)",28.185078064600628,0.0008601403217956735,44,44,3,
resnet18_no_weights,CIFAR10,ptq,layer3.0.downsample.0,"(256, 128, 1, 1)",27.54637878706542,0.0008406487666951117,"42,43,44",aggregate,3,1.1180636069972127
resnet18_no_weights,CIFAR10,ptq,layer3.1.conv1,"(256, 256, 3, 3)",98.32780615488689,0.00016670702812175646,42,42,3,
resnet18_no_weights,CIFAR10,ptq,layer3.1.conv1,"(256, 256, 3, 3)",103.00708293914795,0.00017464037227910012,43,43,3,
resnet18_no_weights,CIFAR10,ptq,layer3.1.conv1,"(256, 256, 3, 3)",107.69646453857422,0.00018259084835234616,44,44,3,
resnet18_no_weights,CIFAR10,ptq,layer3.1.conv1,"(256, 256, 3, 3)",103.01045121086969,0.00017464608291773426,"42,43,44",aggregate,3,4.684330100078295
resnet18_no_weights,CIFAR10,ptq,layer3.1.conv2,"(256, 256, 3, 3)",19.201305757869374,3.255429714265505e-05,42,42,3,
resnet18_no_weights,CIFAR10,ptq,layer3.1.conv2,"(256, 256, 3, 3)",20.859837130496377,3.5366206072483276e-05,43,43,3,
resnet18_no_weights,CIFAR10,ptq,layer3.1.conv2,"(256, 256, 3, 3)",19.8193217754364,3.360209448146633e-05,44,44,3,
resnet18_no_weights,CIFAR10,ptq,layer3.1.conv2,"(256, 256, 3, 3)",19.96015488793405,3.384086589886822e-05,"42,43,44",aggregate,3,0.8381867647957909
resnet18_no_weights,CIFAR10,ptq,layer4.0.conv1,"(512, 256, 3, 3)",105.46247641245525,8.94016489770298e-05,42,42,3,
resnet18_no_weights,CIFAR10,ptq,layer4.0.conv1,"(512, 256, 3, 3)",129.00469207763672,0.00010935863247141242,43,43,3,
resnet18_no_weights,CIFAR10,ptq,layer4.0.conv1,"(512, 256, 3, 3)",109.85776205623851,9.312757878302554e-05,44,44,3,
resnet18_no_weights,CIFAR10,ptq,layer4.0.conv1,"(512, 256, 3, 3)",114.77497684877683,9.729595341048925e-05,"42,43,44",aggregate,3,12.517716668524145
resnet18_no_weights,CIFAR10,ptq,layer4.0.conv2,"(512, 512, 3, 3)",26.519520214625768,1.1240437916491092e-05,42,42,3,
resnet18_no_weights,CIFAR10,ptq,layer4.0.conv2,"(512, 512, 3, 3)",21.53401803970337,9.12730663710843e-06,43,43,3,
resnet18_no_weights,CIFAR10,ptq,layer4.0.conv2,"(512, 512, 3, 3)",23.618178624373215,1.0010689046382147e-05,44,44,3,
resnet18_no_weights,CIFAR10,ptq,layer4.0.conv2,"(512, 512, 3, 3)",23.890572292900785,1.0126144533327224e-05,"42,43,44",aggregate,3,2.503888319600022
resnet18_no_weights,CIFAR10,ptq,layer4.0.downsample.0,"(512, 256, 1, 1)",10.17635840177536,7.763945313854492e-05,42,42,3,
resnet18_no_weights,CIFAR10,ptq,layer4.0.downsample.0,"(512, 256, 1, 1)",9.304837911025338,7.099027947254439e-05,43,43,3,
resnet18_no_weights,CIFAR10,ptq,layer4.0.downsample.0,"(512, 256, 1, 1)",9.083695576741146,6.930309735672871e-05,44,44,3,
resnet18_no_weights,CIFAR10,ptq,layer4.0.downsample.0,"(512, 256, 1, 1)",9.521630629847282,7.264427665593935e-05,"42,43,44",aggregate,3,0.5776913747872605
resnet18_no_weights,CIFAR10,ptq,layer4.1.conv1,"(512, 512, 3, 3)",81.14416408538818,3.439338009532852e-05,42,42,3,
resnet18_no_weights,CIFAR10,ptq,layer4.1.conv1,"(512, 512, 3, 3)",82.13624174698539,3.4813877422326575e-05,43,43,3,
resnet18_no_weights,CIFAR10,ptq,layer4.1.conv1,"(512, 512, 3, 3)",90.06517804463705,3.81745987127673e-05,44,44,3,
resnet18_no_weights,CIFAR10,ptq,layer4.1.conv1,"(512, 512, 3, 3)",84.44852795900354,3.579395207680746e-05,"42,43,44",aggregate,3,4.889388832972402
resnet18_no_weights,CIFAR10,ptq,layer4.1.conv2,"(512, 512, 3, 3)",2.726547122001648,1.1556613167663777e-06,42,42,3,
resnet18_no_weights,CIFAR10,ptq,layer4.1.conv2,"(512, 512, 3, 3)",3.0881923913955687,1.3089465634645117e-06,43,43,3,
resnet18_no_weights,CIFAR10,ptq,layer4.1.conv2,"(512, 512, 3, 3)",2.728618075973109,1.1565391014832854e-06,44,44,3,
resnet18_no_weights,CIFAR10,ptq,layer4.1.conv2,"(512, 512, 3, 3)",2.847785863123442,1.207048993904725e-06,"42,43,44",aggregate,3,0.20820073568429254
resnet18_no_weights,CIFAR10,ptq,fc,"(10, 512)",3.958377957344055,0.0007731206947937608,42,42,3,
resnet18_no_weights,CIFAR10,ptq,fc,"(10, 512)",3.7928150448688243,0.0007407841884509422,43,43,3,
resnet18_no_weights,CIFAR10,ptq,fc,"(10, 512)",3.9379666401789737,0.0007691341094099558,44,44,3,
resnet18_no_weights,CIFAR10,ptq,fc,"(10, 512)",3.896386547463951,0.000761012997551553,"42,43,44",aggregate,3,0.09027429080010904
resnet18_no_weights,CIFAR10,qat,conv1,"(64, 3, 3, 3)",123.14740228652954,0.0712658578047046,42,42,3,
resnet18_no_weights,CIFAR10,qat,conv1,"(64, 3, 3, 3)",122.7799454498291,0.0710532091723548,43,43,3,
resnet18_no_weights,CIFAR10,qat,conv1,"(64, 3, 3, 3)",110.39623778206962,0.06388671167943843,44,44,3,
resnet18_no_weights,CIFAR10,qat,conv1,"(64, 3, 3, 3)",118.77452850614276,0.06873525955216594,"42,43,44",aggregate,3,7.258138378711646
resnet18_no_weights,CIFAR10,qat,layer1.0.conv1,"(64, 64, 3, 3)",44.227729378677,0.001199753943649007,42,42,3,
resnet18_no_weights,CIFAR10,qat,layer1.0.conv1,"(64, 64, 3, 3)",46.75466806238348,0.0012683015424908713,43,43,3,
resnet18_no_weights,CIFAR10,qat,layer1.0.conv1,"(64, 64, 3, 3)",42.11101506551107,0.001142334393053143,44,44,3,
resnet18_no_weights,CIFAR10,qat,layer1.0.conv1,"(64, 64, 3, 3)",44.364470835523846,0.0012034632930643405,"42,43,44",aggregate,3,2.324844501973408
resnet18_no_weights,CIFAR10,qat,layer1.0.conv2,"(64, 64, 3, 3)",30.971418492934284,0.0008401534964446149,42,42,3,
resnet18_no_weights,CIFAR10,qat,layer1.0.conv2,"(64, 64, 3, 3)",32.63031225938063,0.0008851538698833721,43,43,3,
resnet18_no_weights,CIFAR10,qat,layer1.0.conv2,"(64, 64, 3, 3)",34.19718847776714,0.0009276581075783187,44,44,3,
resnet18_no_weights,CIFAR10,qat,layer1.0.conv2,"(64, 64, 3, 3)",32.59963974336068,0.0008843218246354352,"42,43,44",aggregate,3,1.6131037168115974
resnet18_no_weights,CIFAR10,qat,layer1.1.conv1,"(64, 64, 3, 3)",159.2004623413086,0.004318588930699561,42,42,3,
resnet18_no_weights,CIFAR10,qat,layer1.1.conv1,"(64, 64, 3, 3)",169.5488527738131,0.0045993069871368576,43,43,3,
resnet18_no_weights,CIFAR10,qat,layer1.1.conv1,"(64, 64, 3, 3)",168.24041748046875,0.00456381340821584,44,44,3,
resnet18_no_weights,CIFAR10,qat,layer1.1.conv1,"(64, 64, 3, 3)",165.66324419853015,0.0044939031086840865,"42,43,44",aggregate,3,5.635038840127136
resnet18_no_weights,CIFAR10,qat,layer1.1.conv2,"(64, 64, 3, 3)",20.895722991541813,0.000566832763442432,42,42,3,
resnet18_no_weights,CIFAR10,qat,layer1.1.conv2,"(64, 64, 3, 3)",20.09933090209961,0.000545229245391157,43,43,3,
resnet18_no_weights,CIFAR10,qat,layer1.1.conv2,"(64, 64, 3, 3)",22.73935540517171,0.0006168444934128611,44,44,3,
resnet18_no_weights,CIFAR10,qat,layer1.1.conv2,"(64, 64, 3, 3)",21.24480309960438,0.0005763021674154834,"42,43,44",aggregate,3,1.3541879616910657
resnet18_no_weights,CIFAR10,qat,layer2.0.conv1,"(128, 64, 3, 3)",127.14214782714843,0.0017244757463534674,42,42,3,
resnet18_no_weights,CIFAR10,qat,layer2.0.conv1,"(128, 64, 3, 3)",108.19331471125285,0.0014674657485792759,43,43,3,
resnet18_no_weights,CIFAR10,qat,layer2.0.conv1,"(128, 64, 3, 3)",131.49942588806152,0.001783575112414029,44,44,3,
resnet18_no_weights,CIFAR10,qat,layer2.0.conv1,"(128, 64, 3, 3)",122.27829614215428,0.0016585055357822573,"42,43,44",aggregate,3,12.390984402244115
resnet18_no_weights,CIFAR10,qat,layer2.0.conv2,"(128, 128, 3, 3)",27.547032257606244,0.0001868152686740875,42,42,3,
resnet18_no_weights,CIFAR10,qat,layer2.0.conv2,"(128, 128, 3, 3)",25.412718086242677,0.00017234102434789141,43,43,3,
resnet18_no_weights,CIFAR10,qat,layer2.0.conv2,"(128, 128, 3, 3)",26.788677802452675,0.0001816723483781784,44,44,3,
resnet18_no_weights,CIFAR10,qat,layer2.0.conv2,"(128, 128, 3, 3)",26.582809382100532,0.00018027621380005244,"42,43,44",aggregate,3,1.0819475959558078
resnet18_no_weights,CIFAR10,qat,layer2.0.downsample.0,"(128, 64, 1, 1)",15.917039058826587,0.0019429979319856674,42,42,3,
resnet18_no_weights,CIFAR10,qat,layer2.0.downsample.0,"(128, 64, 1, 1)",13.671069295782791,0.0016688317011453603,43,43,3,
resnet18_no_weights,CIFAR10,qat,layer2.0.downsample.0,"(128, 64, 1, 1)",14.470767221143168,0.0017664510767997031,44,44,3,
resnet18_no_weights,CIFAR10,qat,layer2.0.downsample.0,"(128, 64, 1, 1)",14.686291858584182,0.001792760236643577,"42,43,44",aggregate,3,1.138390616675494
resnet18_no_weights,CIFAR10,qat,layer2.1.conv1,"(128, 128, 3, 3)",89.60464569091796,0.0006076703944967852,42,42,3,
resnet18_no_weights,CIFAR10,qat,layer2.1.conv1,"(128, 128, 3, 3)",80.14472318950452,0.0005435161891649341,43,43,3,
resnet18_no_weights,CIFAR10,qat,layer2.1.conv1,"(128, 128, 3, 3)",90.34997263262349,0.0006127249663128221,44,44,3,
resnet18_no_weights,CIFAR10,qat,layer2.1.conv1,"(128, 128, 3, 3)",86.69978050434865,0.0005879705166581804,"42,43,44",aggregate,3,5.689064981451414
resnet18_no_weights,CIFAR10,qat,layer2.1.conv2,"(128, 128, 3, 3)",12.278290867805481,8.326748906660618e-05,42,42,3,
resnet18_no_weights,CIFAR10,qat,layer2.1.conv2,"(128, 128, 3, 3)",11.935367646424666,8.094189213341381e-05,43,43,3,
resnet18_no_weights,CIFAR10,qat,layer2.1.conv2,"(128, 128, 3, 3)",14.196598361520206,9.627684435709775e-05,44,44,3,
resnet18_no_weights,CIFAR10,qat,layer2.1.conv2,"(128, 128, 3, 3)",12.803418958583451,8.682874185237259e-05,"42,43,44",aggregate,3,1.218651189026605
resnet18_no_weights,CIFAR10,qat,layer3.0.conv1,"(256, 128, 3, 3)",161.23685455322266,0.0005467287006063594,42,42,3,
resnet18_no_weights,CIFAR10,qat,layer3.0.conv1,"(256, 128, 3, 3)",167.61239938174978,0.0005683471658723612,43,43,3,
resnet18_no_weights,CIFAR10,qat,layer3.0.conv1,"(256, 128, 3, 3)",171.24838855219824,0.0005806762307135629,44,44,3,
resnet18_no_weights,CIFAR10,qat,layer3.0.conv1,"(256, 128, 3, 3)",166.69921416239023,0.0005652506990640945,"42,43,44",aggregate,3,5.067852966178435
resnet18_no_weights,CIFAR10,qat,layer3.0.conv2,"(256, 256, 3, 3)",41.80031280517578,7.086912842674388e-05,42,42,3,
resnet18_no_weights,CIFAR10,qat,layer3.0.conv2,"(256, 256, 3, 3)",42.521998047828674,7.209268874753939e-05,43,43,3,
resnet18_no_weights,CIFAR10,qat,layer3.0.conv2,"(256, 256, 3, 3)",40.12683758591161,6.803188338540244e-05,44,44,3,
resnet18_no_weights,CIFAR10,qat,layer3.0.conv2,"(256, 256, 3, 3)",41.48304947963869,7.033123351989524e-05,"42,43,44",aggregate,3,1.2286946011441708
resnet18_no_weights,CIFAR10,qat,layer3.0.downsample.0,"(256, 128, 1, 1)",16.196488274468315,0.0004942775962667333,42,42,3,
resnet18_no_weights,CIFAR10,qat,layer3.0.downsample.0,"(256, 128, 1, 1)",30.098356246948242,0.0009185289382003248,43,43,3,
resnet18_no_weights,CIFAR10,qat,layer3.0.downsample.0,"(256, 128, 1, 1)",18.47790260804005,0.0005639008364270035,44,44,3,
resnet18_no_weights,CIFAR10,qat,layer3.0.downsample.0,"(256, 128, 1, 1)",21.59091570981887,0.0006589024569646872,"42,43,44",aggregate,3,7.455442388614556
resnet18_no_weights,CIFAR10,qat,layer3.1.conv1,"(256, 256, 3, 3)",79.96097153883714,0.00013556751088263132,42,42,3,
resnet18_no_weights,CIFAR10,qat,layer3.1.conv1,"(256, 256, 3, 3)",68.12914637515419,0.00011550758594962937,43,43,3,
resnet18_no_weights,CIFAR10,qat,layer3.1.conv1,"(256, 256, 3, 3)",64.69678580760956,0.00010968828974000644,44,44,3,
resnet18_no_weights,CIFAR10,qat,layer3.1.conv1,"(256, 256, 3, 3)",70.9289679072003,0.00012025446219075572,"42,43,44",aggregate,3,8.008001746243234
resnet18_no_weights,CIFAR10,qat,layer3.1.conv2,"(256, 256, 3, 3)",11.578353532155354,1.9630183804245597e-05,42,42,3,
resnet18_no_weights,CIFAR10,qat,layer3.1.conv2,"(256, 256, 3, 3)",12.789643381156173,2.168383005974015e-05,43,43,3,
resnet18_no_weights,CIFAR10,qat,layer3.1.conv2,"(256, 256, 3, 3)",13.41408363978068,2.2742519191793958e-05,44,44,3,
resnet18_no_weights,CIFAR10,qat,layer3.1.conv2,"(256, 256, 3, 3)",12.594026851030735,2.13521776852599e-05,"42,43,44",aggregate,3,0.9333678948593953
resnet18_no_weights,CIFAR10,qat,layer4.0.conv1,"(512, 256, 3, 3)",64.41203753153484,5.460276076552907e-05,42,42,3,
resnet18_no_weights,CIFAR10,qat,layer4.0.conv1,"(512, 256, 3, 3)",68.03235173225403,5.767173913934837e-05,43,43,3,
resnet18_no_weights,CIFAR10,qat,layer4.0.conv1,"(512, 256, 3, 3)",73.66298323411208,6.244488460465502e-05,44,44,3,
resnet18_no_weights,CIFAR10,qat,layer4.0.conv1,"(512, 256, 3, 3)",68.70245749930031,5.8239794836510814e-05,"42,43,44",aggregate,3,4.661735771392411
resnet18_no_weights,CIFAR10,qat,layer4.0.conv2,"(512, 512, 3, 3)",16.767010602084074,7.106785499608389e-06,42,42,3,
resnet18_no_weights,CIFAR10,qat,layer4.0.conv2,"(512, 512, 3, 3)",15.756912369881906,6.678650059120138e-06,43,43,3,
resnet18_no_weights,CIFAR10,qat,layer4.0.conv2,"(512, 512, 3, 3)",15.172667264938354,6.431014703088698e-06,44,44,3,
resnet18_no_weights,CIFAR10,qat,layer4.0.conv2,"(512, 512, 3, 3)",15.898863412301445,6.738816753939076e-06,"42,43,44",aggregate,3,0.8065948443972555
resnet18_no_weights,CIFAR10,qat,layer4.0.downsample.0,"(512, 256, 1, 1)",5.200939400990804,3.968001862328189e-05,42,42,3,
resnet18_no_weights,CIFAR10,qat,layer4.0.downsample.0,"(512, 256, 1, 1)",5.58101716041565,4.257978180248756e-05,43,43,3,
resnet18_no_weights,CIFAR10,qat,layer4.0.downsample.0,"(512, 256, 1, 1)",5.187652034759521,3.957864406402223e-05,44,44,3,
resnet18_no_weights,CIFAR10,qat,layer4.0.downsample.0,"(512, 256, 1, 1)",5.323202865388659,4.061281482993056e-05,"42,43,44",aggregate,3,0.2233725510566136
resnet18_no_weights,CIFAR10,qat,layer4.1.conv1,"(512, 512, 3, 3)",62.10535786946615,2.6323682093923842e-05,42,42,3,
resnet18_no_weights,CIFAR10,qat,layer4.1.conv1,"(512, 512, 3, 3)",59.87600107546206,2.5378757508791628e-05,43,43,3,
resnet18_no_weights,CIFAR10,qat,layer4.1.conv1,"(512, 512, 3, 3)",57.61960455087515,2.442237199184636e-05,44,44,3,
resnet18_no_weights,CIFAR10,qat,layer4.1.conv1,"(512, 512, 3, 3)",59.86698783193445,2.537493719818728e-05,"42,43,44",aggregate,3,2.242890242016246
resnet18_no_weights,CIFAR10,qat,layer4.1.conv2,"(512, 512, 3, 3)",2.036655604839325,8.632471740889337e-07,42,42,3,
resnet18_no_weights,CIFAR10,qat,layer4.1.conv2,"(512, 512, 3, 3)",1.9800634421408176,8.392602887220669e-07,43,43,3,
resnet18_no_weights,CIFAR10,qat,layer4.1.conv2,"(512, 512, 3, 3)",2.0789081225028405,8.811561255996876e-07,44,44,3,
resnet18_no_weights,CIFAR10,qat,layer4.1.conv2,"(512, 512, 3, 3)",2.0318757231609945,8.612211961368961e-07,"42,43,44",aggregate,3,0.049595394550419176
resnet18_no_weights,CIFAR10,qat,fc,"(10, 512)",2.839481003284454,0.000554586133453995,42,42,3,
resnet18_no_weights,CIFAR10,qat,fc,"(10, 512)",2.939953653708748,0.0005742096979899898,43,43,3,
resnet18_no_weights,CIFAR10,qat,fc,"(10, 512)",3.060725022764767,0.0005977978560087436,44,44,3,
resnet18_no_weights,CIFAR10,qat,fc,"(10, 512)",2.9467198932526566,0.0005755312291509095,"42,43,44",aggregate,3,0.1107770984325074
resnet18_no_weights,CIFAR10,fp32_fused_qat,conv1,"(64, 3, 3, 3)",176.67400705589438,0.10224190223142036,42,42,3,
resnet18_no_weights,CIFAR10,fp32_fused_qat,conv1,"(64, 3, 3, 3)",173.2751364026751,0.10027496319599252,43,43,3,
resnet18_no_weights,CIFAR10,fp32_fused_qat,conv1,"(64, 3, 3, 3)",179.75992743174234,0.1040277357822583,44,44,3,
resnet18_no_weights,CIFAR10,fp32_fused_qat,conv1,"(64, 3, 3, 3)",176.5696902967706,0.10218153373655706,"42,43,44",aggregate,3,3.2436538289933696
resnet18_no_weights,CIFAR10,fp32_fused_qat,layer1.0.conv1,"(64, 64, 3, 3)",59.2023743220738,0.0016059671853861166,42,42,3,
resnet18_no_weights,CIFAR10,fp32_fused_qat,layer1.0.conv1,"(64, 64, 3, 3)",63.359158799454974,0.0017187271809747985,43,43,3,
resnet18_no_weights,CIFAR10,fp32_fused_qat,layer1.0.conv1,"(64, 64, 3, 3)",63.99922332763672,0.0017360900425248676,44,44,3,
resnet18_no_weights,CIFAR10,fp32_fused_qat,layer1.0.conv1,"(64, 64, 3, 3)",62.1869188163885,0.001686928136295261,"42,43,44",aggregate,3,2.6044289256893265
resnet18_no_weights,CIFAR10,fp32_fused_qat,layer1.0.conv2,"(64, 64, 3, 3)",41.48434462547302,0.001125334869397597,42,42,3,
resnet18_no_weights,CIFAR10,fp32_fused_qat,layer1.0.conv2,"(64, 64, 3, 3)",39.22855706648393,0.0010641427155621726,43,43,3,
resnet18_no_weights,CIFAR10,fp32_fused_qat,layer1.0.conv2,"(64, 64, 3, 3)",40.0789802869161,0.0010872119218455973,44,44,3,
resnet18_no_weights,CIFAR10,fp32_fused_qat,layer1.0.conv2,"(64, 64, 3, 3)",40.26396065962435,0.001092229835601789,"42,43,44",aggregate,3,1.1392136241890514
resnet18_no_weights,CIFAR10,fp32_fused_qat,layer1.1.conv1,"(64, 64, 3, 3)",212.44172829075865,0.005762850702331778,42,42,3,
resnet18_no_weights,CIFAR10,fp32_fused_qat,layer1.1.conv1,"(64, 64, 3, 3)",243.4485969543457,0.006603965846200784,43,43,3,
resnet18_no_weights,CIFAR10,fp32_fused_qat,layer1.1.conv1,"(64, 64, 3, 3)",255.97521075080422,0.006943771993023118,44,44,3,
resnet18_no_weights,CIFAR10,fp32_fused_qat,layer1.1.conv1,"(64, 64, 3, 3)",237.28851199863618,0.006436862847185226,"42,43,44",aggregate,3,22.410957337225533
resnet18_no_weights,CIFAR10,fp32_fused_qat,layer1.1.conv2,"(64, 64, 3, 3)",24.16983833312988,0.000655648826311032,42,42,3,
resnet18_no_weights,CIFAR10,fp32_fused_qat,layer1.1.conv2,"(64, 64, 3, 3)",26.961285042040277,0.0007313716645518738,43,43,3,
resnet18_no_weights,CIFAR10,fp32_fused_qat,layer1.1.conv2,"(64, 64, 3, 3)",25.957693717058966,0.0007041475075157055,44,44,3,
resnet18_no_weights,CIFAR10,fp32_fused_qat,layer1.1.conv2,"(64, 64, 3, 3)",25.696272364076375,0.0006970559994595371,"42,43,44",aggregate,3,1.4139658853798796
resnet18_no_weights,CIFAR10,fp32_fused_qat,layer2.0.conv1,"(128, 64, 3, 3)",159.91550262451173,0.002168992819885413,42,42,3,
resnet18_no_weights,CIFAR10,fp32_fused_qat,layer2.0.conv1,"(128, 64, 3, 3)",154.95908771861684,0.002101767140280719,43,43,3,
resnet18_no_weights,CIFAR10,fp32_fused_qat,layer2.0.conv1,"(128, 64, 3, 3)",161.51125917936625,0.00219063665336597,44,44,3,
resnet18_no_weights,CIFAR10,fp32_fused_qat,layer2.0.conv1,"(128, 64, 3, 3)",158.79528317416495,0.0021537988711773674,"42,43,44",aggregate,3,3.416709883128241
resnet18_no_weights,CIFAR10,fp32_fused_qat,layer2.0.conv2,"(128, 128, 3, 3)",31.019916434037057,0.0002103672718237105,42,42,3,
resnet18_no_weights,CIFAR10,fp32_fused_qat,layer2.0.conv2,"(128, 128, 3, 3)",29.87517695426941,0.00020260401037780362,43,43,3,
resnet18_no_weights,CIFAR10,fp32_fused_qat,layer2.0.conv2,"(128, 128, 3, 3)",35.710955788107476,0.00024218041848488687,44,44,3,
resnet18_no_weights,CIFAR10,fp32_fused_qat,layer2.0.conv2,"(128, 128, 3, 3)",32.20201639213798,0.0002183839002288003,"42,43,44",aggregate,3,3.0922643616894643
resnet18_no_weights,CIFAR10,fp32_fused_qat,layer2.0.downsample.0,"(128, 64, 1, 1)",17.377954779000117,0.0021213323704834127,42,42,3,
resnet18_no_weights,CIFAR10,fp32_fused_qat,layer2.0.downsample.0,"(128, 64, 1, 1)",15.941778930457863,0.001946017935846907,43,43,3,
resnet18_no_weights,CIFAR10,fp32_fused_qat,layer2.0.downsample.0,"(128, 64, 1, 1)",15.943379001617432,0.001946213257033378,44,44,3,
resnet18_no_weights,CIFAR10,fp32_fused_qat,layer2.0.downsample.0,"(128, 64, 1, 1)",16.42103757035847,0.0020045211877878994,"42,43,44",aggregate,3,0.828714998176586
resnet18_no_weights,CIFAR10,fp32_fused_qat,layer2.1.conv1,"(128, 128, 3, 3)",102.37780754238952,0.0006942939422091303,42,42,3,
resnet18_no_weights,CIFAR10,fp32_fused_qat,layer2.1.conv1,"(128, 128, 3, 3)",102.28155955561886,0.0006936412187745419,43,43,3,
resnet18_no_weights,CIFAR10,fp32_fused_qat,layer2.1.conv1,"(128, 128, 3, 3)",106.31577903993669,0.00072100002061589,44,44,3,
resnet18_no_weights,CIFAR10,fp32_fused_qat,layer2.1.conv1,"(128, 128, 3, 3)",103.65838204598168,0.0007029783938665207,"42,43,44",aggregate,3,2.301876409877418
resnet18_no_weights,CIFAR10,fp32_fused_qat,layer2.1.conv2,"(128, 128, 3, 3)",12.814604065634988,8.690459571421298e-05,42,42,3,
resnet18_no_weights,CIFAR10,fp32_fused_qat,layer2.1.conv2,"(128, 128, 3, 3)",13.615438854694366,9.233560421206575e-05,43,43,3,
resnet18_no_weights,CIFAR10,fp32_fused_qat,layer2.1.conv2,"(128, 128, 3, 3)",14.703270980290004,9.971293796312123e-05,44,44,3,
resnet18_no_weights,CIFAR10,fp32_fused_qat,layer2.1.conv2,"(128, 128, 3, 3)",13.711104633539787,9.298437929646665e-05,"42,43,44",aggregate,3,0.9479607769099413
resnet18_no_weights,CIFAR10,fp32_fused_qat,layer3.0.conv1,"(256, 128, 3, 3)",188.41715494791666,0.0006388928051348085,42,42,3,
resnet18_no_weights,CIFAR10,fp32_fused_qat,layer3.0.conv1,"(256, 128, 3, 3)",192.53903886748523,0.0006528694623056546,43,43,3,
resnet18_no_weights,CIFAR10,fp32_fused_qat,layer3.0.conv1,"(256, 128, 3, 3)",218.00345709385016,0.0007392152814868509,44,44,3,
resnet18_no_weights,CIFAR10,fp32_fused_qat,layer3.0.conv1,"(256, 128, 3, 3)",199.65321696975067,0.0006769925163091047,"42,43,44",aggregate,3,16.024854639611625
resnet18_no_weights,CIFAR10,fp32_fused_qat,layer3.0.conv2,"(256, 256, 3, 3)",46.4990023908944,7.883538545548231e-05,42,42,3,
resnet18_no_weights,CIFAR10,fp32_fused_qat,layer3.0.conv2,"(256, 256, 3, 3)",38.99791431427002,6.611788315543284e-05,43,43,3,
resnet18_no_weights,CIFAR10,fp32_fused_qat,layer3.0.conv2,"(256, 256, 3, 3)",46.60186433792114,7.900977976128666e-05,44,44,3,
resnet18_no_weights,CIFAR10,fp32_fused_qat,layer3.0.conv2,"(256, 256, 3, 3)",44.03292701436185,7.46543494574006e-05,"42,43,44",aggregate,3,4.360752207200161
resnet18_no_weights,CIFAR10,fp32_fused_qat,layer3.0.downsample.0,"(256, 128, 1, 1)",19.992023162841797,0.0006101081287488341,42,42,3,
resnet18_no_weights,CIFAR10,fp32_fused_qat,layer3.0.downsample.0,"(256, 128, 1, 1)",18.581479164861864,0.0005670617420917317,43,43,3,
resnet18_no_weights,CIFAR10,fp32_fused_qat,layer3.0.downsample.0,"(256, 128, 1, 1)",18.831500434875487,0.0005746917857322841,44,44,3,
resnet18_no_weights,CIFAR10,fp32_fused_qat,layer3.0.downsample.0,"(256, 128, 1, 1)",19.135000920859717,0.0005839538855242834,"42,43,44",aggregate,3,0.752657293397068
resnet18_no_weights,CIFAR10,fp32_fused_qat,layer3.1.conv1,"(256, 256, 3, 3)",82.43618869781494,0.00013976404605071165,42,42,3,
resnet18_no_weights,CIFAR10,fp32_fused_qat,layer3.1.conv1,"(256, 256, 3, 3)",71.28600202287946,0.00012085978533067399,43,43,3,
resnet18_no_weights,CIFAR10,fp32_fused_qat,layer3.1.conv1,"(256, 256, 3, 3)",83.04896659851075,0.0001408029625761426,44,44,3,
resnet18_no_weights,CIFAR10,fp32_fused_qat,layer3.1.conv1,"(256, 256, 3, 3)",78.92371910640172,0.0001338089313191761,"42,43,44",aggregate,3,6.621549356067739
resnet18_no_weights,CIFAR10,fp32_fused_qat,layer3.1.conv2,"(256, 256, 3, 3)",12.01928906440735,2.0377755168333856e-05,42,42,3,
resnet18_no_weights,CIFAR10,fp32_fused_qat,layer3.1.conv2,"(256, 256, 3, 3)",13.447469102011787,2.279912160578713e-05,43,43,3,
resnet18_no_weights,CIFAR10,fp32_fused_qat,layer3.1.conv2,"(256, 256, 3, 3)",13.276187447940602,2.250872709137065e-05,44,44,3,
resnet18_no_weights,CIFAR10,fp32_fused_qat,layer3.1.conv2,"(256, 256, 3, 3)",12.914315204786579,2.1895201288497212e-05,"42,43,44",aggregate,3,0.7798321583693163
resnet18_no_weights,CIFAR10,fp32_fused_qat,layer4.0.conv1,"(512, 256, 3, 3)",69.69416947798295,5.908047949725931e-05,42,42,3,
resnet18_no_weights,CIFAR10,fp32_fused_qat,layer4.0.conv1,"(512, 256, 3, 3)",70.22553319516389,5.953092210147763e-05,43,43,3,
resnet18_no_weights,CIFAR10,fp32_fused_qat,layer4.0.conv1,"(512, 256, 3, 3)",67.84716242009944,5.751475221430413e-05,44,44,3,
resnet18_no_weights,CIFAR10,fp32_fused_qat,layer4.0.conv1,"(512, 256, 3, 3)",69.25562169774877,5.870871793768036e-05,"42,43,44",aggregate,3,1.248360926407674
resnet18_no_weights,CIFAR10,fp32_fused_qat,layer4.0.conv2,"(512, 512, 3, 3)",16.084951050141278,6.817690976520656e-06,42,42,3,
resnet18_no_weights,CIFAR10,fp32_fused_qat,layer4.0.conv2,"(512, 512, 3, 3)",16.39337232377794,6.948416953098695e-06,43,43,3,
resnet18_no_weights,CIFAR10,fp32_fused_qat,layer4.0.conv2,"(512, 512, 3, 3)",15.214537620544434,6.4487616732043935e-06,44,44,3,
resnet18_no_weights,CIFAR10,fp32_fused_qat,layer4.0.conv2,"(512, 512, 3, 3)",15.897620331487884,6.738289867607916e-06,"42,43,44",aggregate,3,0.6113365791446678
resnet18_no_weights,CIFAR10,fp32_fused_qat,layer4.0.downsample.0,"(512, 256, 1, 1)",5.350917188488707,4.082425833502737e-05,42,42,3,
resnet18_no_weights,CIFAR10,fp32_fused_qat,layer4.0.downsample.0,"(512, 256, 1, 1)",5.92379990418752,4.519500659322754e-05,43,43,3,
resnet18_no_weights,CIFAR10,fp32_fused_qat,layer4.0.downsample.0,"(512, 256, 1, 1)",5.980937773181546,4.563093393845784e-05,44,44,3,
resnet18_no_weights,CIFAR10,fp32_fused_qat,layer4.0.downsample.0,"(512, 256, 1, 1)",5.751884955285925,4.3883399622237584e-05,"42,43,44",aggregate,3,0.3484215069797721
resnet18_no_weights,CIFAR10,fp32_fused_qat,layer4.1.conv1,"(512, 512, 3, 3)",67.36280250549316,2.855207761361574e-05,42,42,3,
resnet18_no_weights,CIFAR10,fp32_fused_qat,layer4.1.conv1,"(512, 512, 3, 3)",68.95866977985088,2.922849433892605e-05,43,43,3,
resnet18_no_weights,CIFAR10,fp32_fused_qat,layer4.1.conv1,"(512, 512, 3, 3)",58.631035486857094,2.4851072305830678e-05,44,44,3,
resnet18_no_weights,CIFAR10,fp32_fused_qat,layer4.1.conv1,"(512, 512, 3, 3)",64.98416925740038,2.7543881419457492e-05,"42,43,44",aggregate,3,5.559535018250594
resnet18_no_weights,CIFAR10,fp32_fused_qat,layer4.1.conv2,"(512, 512, 3, 3)",2.158857423683693,9.150430567778239e-07,42,42,3,
resnet18_no_weights,CIFAR10,fp32_fused_qat,layer4.1.conv2,"(512, 512, 3, 3)",2.181747541345399,9.247451533615955e-07,43,43,3,
resnet18_no_weights,CIFAR10,fp32_fused_qat,layer4.1.conv2,"(512, 512, 3, 3)",2.1327762365341187,9.039884086329646e-07,44,44,3,
resnet18_no_weights,CIFAR10,fp32_fused_qat,layer4.1.conv2,"(512, 512, 3, 3)",2.1577937338544033,9.145922062574613e-07,"42,43,44",aggregate,3,0.0245029743249575
resnet18_no_weights,CIFAR10,fp32_fused_qat,fc,"(10, 512)",2.891575652977516,0.0005647608697221711,42,42,3,
resnet18_no_weights,CIFAR10,fp32_fused_qat,fc,"(10, 512)",4.362278699874878,0.0008520075585693121,43,43,3,
resnet18_no_weights,CIFAR10,fp32_fused_qat,fc,"(10, 512)",2.9723493511026557,0.0005805369826372374,44,44,3,
resnet18_no_weights,CIFAR10,fp32_fused_qat,fc,"(10, 512)",3.4087345679850167,0.0006657684703095736,"42,43,44",aggregate,3,0.8267804461726189
cnn,CIFAR10,fp32_unfused,conv1,"(32, 3, 3, 3)",55.30803572747015,0.06401393024012748,42,42,3,
cnn,CIFAR10,fp32_unfused,conv1,"(32, 3, 3, 3)",57.075734398581766,0.0660598777761363,43,43,3,
cnn,CIFAR10,fp32_unfused,conv1,"(32, 3, 3, 3)",61.39114206102159,0.07105456257062684,44,44,3,
cnn,CIFAR10,fp32_unfused,conv1,"(32, 3, 3, 3)",57.9249707290245,0.06704279019563021,"42,43,44",aggregate,3,3.1292087538276028
cnn,CIFAR10,fp32_unfused,conv2,"(64, 32, 3, 3)",146.48499838511148,0.007947319790858913,42,42,3,
cnn,CIFAR10,fp32_unfused,conv2,"(64, 32, 3, 3)",125.90855594981801,0.006830976342763564,43,43,3,
cnn,CIFAR10,fp32_unfused,conv2,"(64, 32, 3, 3)",132.89940043858118,0.007210253930044552,44,44,3,
cnn,CIFAR10,fp32_unfused,conv2,"(64, 32, 3, 3)",135.09765159117023,0.00732951668788901,"42,43,44",aggregate,3,10.462873741025014
cnn,CIFAR10,fp32_unfused,conv3,"(128, 64, 3, 3)",216.53372779259314,0.00293692664649242,42,42,3,
cnn,CIFAR10,fp32_unfused,conv3,"(128, 64, 3, 3)",177.97132301330566,0.0024138905573636293,43,43,3,
cnn,CIFAR10,fp32_unfused,conv3,"(128, 64, 3, 3)",176.01653962976792,0.002387377110863823,44,44,3,
cnn,CIFAR10,fp32_unfused,conv3,"(128, 64, 3, 3)",190.17386347855557,0.002579398104906624,"42,43,44",aggregate,3,22.84922601555668
cnn,CIFAR10,fp32_unfused,conv4,"(256, 128, 3, 3)",69.5191167831421,0.0002357283419567264,42,42,3,
cnn,CIFAR10,fp32_unfused,conv4,"(256, 128, 3, 3)",60.212696973015284,0.00020417174266566056,43,43,3,
cnn,CIFAR10,fp32_unfused,conv4,"(256, 128, 3, 3)",61.62273661295573,0.00020895296431801936,44,44,3,
cnn,CIFAR10,fp32_unfused,conv4,"(256, 128, 3, 3)",63.7848501230377,0.0002162843496468021,"42,43,44",aggregate,3,5.015816338686998
cnn,CIFAR10,fp32_unfused,fc1,"(1024, 1024)",13.211931037902833,1.2599879300978501e-05,42,42,3,
cnn,CIFAR10,fp32_unfused,fc1,"(1024, 1024)",11.313241134990346,1.0789147505750986e-05,43,43,3,
cnn,CIFAR10,fp32_unfused,fc1,"(1024, 1024)",11.279830813407898,1.0757284940154932e-05,44,44,3,
cnn,CIFAR10,fp32_unfused,fc1,"(1024, 1024)",11.935000995433692,1.1382103915628139e-05,"42,43,44",aggregate,3,1.105980023516357
cnn,CIFAR10,fp32_unfused,fc2,"(10, 1024)",5.795604910169329,0.0005659770420087236,42,42,3,
cnn,CIFAR10,fp32_unfused,fc2,"(10, 1024)",4.660706053609434,0.00045514707554779625,43,43,3,
cnn,CIFAR10,fp32_unfused,fc2,"(10, 1024)",5.884788217998686,0.0005746863494139342,44,44,3,
cnn,CIFAR10,fp32_unfused,fc2,"(10, 1024)",5.447033060592483,0.0005319368223234847,"42,43,44",aggregate,3,0.6824375700619338
cnn,CIFAR10,fp32_fused,conv1,"(32, 3, 3, 3)",383.8000704008957,0.44421304444548115,42,42,3,
cnn,CIFAR10,fp32_fused,conv1,"(32, 3, 3, 3)",375.4342644431374,0.43453039866103865,43,43,3,
cnn,CIFAR10,fp32_fused,conv1,"(32, 3, 3, 3)",384.0719683720515,0.4445277411713559,44,44,3,
cnn,CIFAR10,fp32_fused,conv1,"(32, 3, 3, 3)",381.10210107202823,0.44109039475929196,"42,43,44",aggregate,3,4.9103728132929865
cnn,CIFAR10,fp32_fused,conv2,"(64, 32, 3, 3)",813.5986277262369,0.04414055054938351,42,42,3,
cnn,CIFAR10,fp32_fused,conv2,"(64, 32, 3, 3)",747.8337890625,0.04057257970174154,43,43,3,
cnn,CIFAR10,fp32_fused,conv2,"(64, 32, 3, 3)",865.6385640462239,0.04696389778896614,44,44,3,
cnn,CIFAR10,fp32_fused,conv2,"(64, 32, 3, 3)",809.0236602783203,0.0438923426800304,"42,43,44",aggregate,3,59.035489306040105
cnn,CIFAR10,fp32_fused,conv3,"(128, 64, 3, 3)",331.28736518411074,0.004493372466147335,42,42,3,
cnn,CIFAR10,fp32_fused,conv3,"(128, 64, 3, 3)",349.16505432128906,0.004735854143897693,43,43,3,
cnn,CIFAR10,fp32_fused,conv3,"(128, 64, 3, 3)",326.3521487213844,0.004426434308829542,44,44,3,
cnn,CIFAR10,fp32_fused,conv3,"(128, 64, 3, 3)",335.6015227422614,0.0045518869729581895,"42,43,44",aggregate,3,12.002755185995902
cnn,CIFAR10,fp32_fused,conv4,"(256, 128, 3, 3)",20.87830224244491,7.07950244223528e-05,42,42,3,
cnn,CIFAR10,fp32_fused,conv4,"(256, 128, 3, 3)",22.709610802786692,7.700470242915409e-05,43,43,3,
cnn,CIFAR10,fp32_fused,conv4,"(256, 128, 3, 3)",19.581234470490486,6.639687252634849e-05,44,44,3,
cnn,CIFAR10,fp32_fused,conv4,"(256, 128, 3, 3)",21.056382505240695,7.139886645928512e-05,"42,43,44",aggregate,3,1.5717725834597789
cnn,CIFAR10,fp32_fused,fc1,"(1024, 1024)",12.640653977027306,1.2055067040469461e-05,42,42,3,
cnn,CIFAR10,fp32_fused,fc1,"(1024, 1024)",13.043553284236364,1.2439301761852611e-05,43,43,3,
cnn,CIFAR10,fp32_fused,fc1,"(1024, 1024)",12.987096535532098,1.2385460410625551e-05,44,44,3,
cnn,CIFAR10,fp32_fused,fc1,"(1024, 1024)",12.890434598931922,1.2293276404315874e-05,"42,43,44",aggregate,3,0.21815043073039525
cnn,CIFAR10,fp32_fused,fc2,"(10, 1024)",4.907760745770222,0.00047927351032912326,42,42,3,
cnn,CIFAR10,fp32_fused,fc2,"(10, 1024)",5.3691418170928955,0.000524330255575478,43,43,3,
cnn,CIFAR10,fp32_fused,fc2,"(10, 1024)",5.881583645939827,0.0005743734029238113,44,44,3,
cnn,CIFAR10,fp32_fused,fc2,"(10, 1024)",5.3861620696009815,0.0005259923896094709,"42,43,44",aggregate,3,0.4871345060353088
cnn,CIFAR10,ptq,conv1,"(32, 3, 3, 3)",345.3764814897017,0.3997412980204881,42,42,3,
cnn,CIFAR10,ptq,conv1,"(32, 3, 3, 3)",344.67298380533856,0.3989270645895122,43,43,3,
cnn,CIFAR10,ptq,conv1,"(32, 3, 3, 3)",360.97859439849856,0.4177992990723363,44,44,3,
cnn,CIFAR10,ptq,conv1,"(32, 3, 3, 3)",350.3426865645129,0.40548922056077885,"42,43,44",aggregate,3,9.217680230825628
cnn,CIFAR10,ptq,conv2,"(64, 32, 3, 3)",846.8272908528646,0.04594332090130559,42,42,3,
cnn,CIFAR10,ptq,conv2,"(64, 32, 3, 3)",987.3711591448102,0.05356831375568632,43,43,3,
cnn,CIFAR10,ptq,conv2,"(64, 32, 3, 3)",883.1362016465929,0.047913205384472274,44,44,3,
cnn,CIFAR10,ptq,conv2,"(64, 32, 3, 3)",905.778217214756,0.04914161334715473,"42,43,44",aggregate,3,72.95642795777245
cnn,CIFAR10,ptq,conv3,"(128, 64, 3, 3)",444.5540262858073,0.0060296498790935234,42,42,3,
cnn,CIFAR10,ptq,conv3,"(128, 64, 3, 3)",456.9208025251116,0.006197385016887907,43,43,3,
cnn,CIFAR10,ptq,conv3,"(128, 64, 3, 3)",421.31337162486295,0.005714428326075073,44,44,3,
cnn,CIFAR10,ptq,conv3,"(128, 64, 3, 3)",440.9294001452606,0.005980487740685501,"42,43,44",aggregate,3,18.078321819877143
cnn,CIFAR10,ptq,conv4,"(256, 128, 3, 3)",25.37787437438965,8.605236265187462e-05,42,42,3,
cnn,CIFAR10,ptq,conv4,"(256, 128, 3, 3)",22.61900450966575,7.669747080371687e-05,43,43,3,
cnn,CIFAR10,ptq,conv4,"(256, 128, 3, 3)",22.728890538215637,7.707007696606322e-05,44,44,3,
cnn,CIFAR10,ptq,conv4,"(256, 128, 3, 3)",23.575256474090345,7.993997014055157e-05,"42,43,44",aggregate,3,1.5620794492205632
cnn,CIFAR10,ptq,fc1,"(1024, 1024)",19.628110712224785,1.8718825065827165e-05,42,42,3,
cnn,CIFAR10,ptq,fc1,"(1024, 1024)",18.59623350415911,1.773475027480994e-05,43,43,3,
cnn,CIFAR10,ptq,fc1,"(1024, 1024)",17.156846146834525,1.636204352076962e-05,44,44,3,
cnn,CIFAR10,ptq,fc1,"(1024, 1024)",18.460396787739473,1.7605206287135575e-05,"42,43,44",aggregate,3,1.2412195004043924
cnn,CIFAR10,ptq,fc2,"(10, 1024)",5.8553632074786774,0.0005718128132303396,42,42,3,
cnn,CIFAR10,ptq,fc2,"(10, 1024)",6.359916305541992,0.0006210855767130851,43,43,3,
cnn,CIFAR10,ptq,fc2,"(10, 1024)",6.351303473114967,0.0006202444797963836,44,44,3,
cnn,CIFAR10,ptq,fc2,"(10, 1024)",6.188860995378546,0.0006043809565799361,"42,43,44",aggregate,3,0.2888496600676259
cnn,CIFAR10,qat,conv1,"(32, 3, 3, 3)",244.85649455677378,0.2833987205518215,42,42,3,
cnn,CIFAR10,qat,conv1,"(32, 3, 3, 3)",262.02415945870536,0.30326870307720527,43,43,3,
cnn,CIFAR10,qat,conv1,"(32, 3, 3, 3)",259.1495183308919,0.299941572142236,44,44,3,
cnn,CIFAR10,qat,conv1,"(32, 3, 3, 3)",255.3433907821237,0.2955363319237543,"42,43,44",aggregate,3,9.194951589561123
cnn,CIFAR10,qat,conv2,"(64, 32, 3, 3)",599.8239462716239,0.03254253180727126,42,42,3,
cnn,CIFAR10,qat,conv2,"(64, 32, 3, 3)",539.7900177637736,0.02928548273457973,43,43,3,
cnn,CIFAR10,qat,conv2,"(64, 32, 3, 3)",596.8778732299804,0.03238269711534182,44,44,3,
cnn,CIFAR10,qat,conv2,"(64, 32, 3, 3)",578.8306124217926,0.0314035705523976,"42,43,44",aggregate,3,33.842220081290236
cnn,CIFAR10,qat,conv3,"(128, 64, 3, 3)",253.47671457926432,0.003437997973351567,42,42,3,
cnn,CIFAR10,qat,conv3,"(128, 64, 3, 3)",320.2001444498698,0.004342992410615639,43,43,3,
cnn,CIFAR10,qat,conv3,"(128, 64, 3, 3)",280.24731572469074,0.0038010974897554626,44,44,3,
cnn,CIFAR10,qat,conv3,"(128, 64, 3, 3)",284.6413915846083,0.003860695957907556,"42,43,44",aggregate,3,33.578042683000966
cnn,CIFAR10,qat,conv4,"(256, 128, 3, 3)",15.379403216498238,5.214912657504014e-05,42,42,3,
cnn,CIFAR10,qat,conv4,"(256, 128, 3, 3)",16.59894666671753,5.628440574380673e-05,43,43,3,
cnn,CIFAR10,qat,conv4,"(256, 128, 3, 3)",16.147407789488096,5.475330874799295e-05,44,44,3,
cnn,CIFAR10,qat,conv4,"(256, 128, 3, 3)",16.041919224234622,5.439561368894661e-05,"42,43,44",aggregate,3,0.616577192890413
cnn,CIFAR10,qat,fc1,"(1024, 1024)",12.350498305426704,1.1778353028704361e-05,42,42,3,
cnn,CIFAR10,qat,fc1,"(1024, 1024)",11.735997115864473,1.1192319026817773e-05,43,43,3,
cnn,CIFAR10,qat,fc1,"(1024, 1024)",12.020489174386729,1.1463631796251992e-05,44,44,3,
cnn,CIFAR10,qat,fc1,"(1024, 1024)",12.035661531892636,1.147810128392471e-05,"42,43,44",aggregate,3,0.3075314265527422
cnn,CIFAR10,qat,fc2,"(10, 1024)",4.588793699557964,0.00044812438472245744,42,42,3,
cnn,CIFAR10,qat,fc2,"(10, 1024)",5.113055578867594,0.0004993218338737884,43,43,3,
cnn,CIFAR10,qat,fc2,"(10, 1024)",5.197063742261944,0.000507525756080268,44,44,3,
cnn,CIFAR10,qat,fc2,"(10, 1024)",4.966304340229168,0.0004849906582255046,"42,43,44",aggregate,3,0.3296210790350182
cnn,CIFAR10,fp32_fused_qat,conv1,"(32, 3, 3, 3)",441.2944110870361,0.5107574202396251,42,42,3,
cnn,CIFAR10,fp32_fused_qat,conv1,"(32, 3, 3, 3)",423.0186288016183,0.4896048944463175,43,43,3,
cnn,CIFAR10,fp32_fused_qat,conv1,"(32, 3, 3, 3)",398.85687838467686,0.4616399055378204,44,44,3,
cnn,CIFAR10,fp32_fused_qat,conv1,"(32, 3, 3, 3)",421.05663942444374,0.487334073407921,"42,43,44",aggregate,3,21.286688262927655
cnn,CIFAR10,fp32_fused_qat,conv2,"(64, 32, 3, 3)",767.1551361083984,0.0416208298669921,42,42,3,
cnn,CIFAR10,fp32_fused_qat,conv2,"(64, 32, 3, 3)",1009.2720794677734,0.054756514728069305,43,43,3,
cnn,CIFAR10,fp32_fused_qat,conv2,"(64, 32, 3, 3)",982.1656766850898,0.05328589825765461,44,44,3,
cnn,CIFAR10,fp32_fused_qat,conv2,"(64, 32, 3, 3)",919.5309640870872,0.049887747617572004,"42,43,44",aggregate,3,132.6555086760346
cnn,CIFAR10,fp32_fused_qat,conv3,"(128, 64, 3, 3)",380.8465051269531,0.005165561321708891,42,42,3,
cnn,CIFAR10,fp32_fused_qat,conv3,"(128, 64, 3, 3)",409.70396999782986,0.005556965738902857,43,43,3,
cnn,CIFAR10,fp32_fused_qat,conv3,"(128, 64, 3, 3)",330.96487565474075,0.004488998421966427,44,44,3,
cnn,CIFAR10,fp32_fused_qat,conv3,"(128, 64, 3, 3)",373.83845025984124,0.005070508494192725,"42,43,44",aggregate,3,39.83460642780106
cnn,CIFAR10,fp32_fused_qat,conv4,"(256, 128, 3, 3)",21.819780111312866,7.398742713525685e-05,42,42,3,
cnn,CIFAR10,fp32_fused_qat,conv4,"(256, 128, 3, 3)",21.741639773050945,7.372246559329883e-05,43,43,3,
cnn,CIFAR10,fp32_fused_qat,conv4,"(256, 128, 3, 3)",21.315473276026108,7.227740233027516e-05,44,44,3,
cnn,CIFAR10,fp32_fused_qat,conv4,"(256, 128, 3, 3)",21.625631053463305,7.33290983529436e-05,"42,43,44",aggregate,3,0.27143113913939393
cnn,CIFAR10,fp32_fused_qat,fc1,"(1024, 1024)",14.177722150629217,1.3520929480199067e-05,42,42,3,
cnn,CIFAR10,fp32_fused_qat,fc1,"(1024, 1024)",13.109070056193584,1.2501783424562058e-05,43,43,3,
cnn,CIFAR10,fp32_fused_qat,fc1,"(1024, 1024)",14.832742691040039,1.414560574630741e-05,44,44,3,
cnn,CIFAR10,fp32_fused_qat,fc1,"(1024, 1024)",14.03984496595428,1.3389439550356179e-05,"42,43,44",aggregate,3,0.8700686332525988
cnn,CIFAR10,fp32_fused_qat,fc2,"(10, 1024)",5.273422847191493,0.0005149826999210443,42,42,3,
cnn,CIFAR10,fp32_fused_qat,fc2,"(10, 1024)",5.038225370294907,0.0004920141963178621,43,43,3,
cnn,CIFAR10,fp32_fused_qat,fc2,"(10, 1024)",5.288485670089722,0.0005164536787196994,44,44,3,
cnn,CIFAR10,fp32_fused_qat,fc2,"(10, 1024)",5.200044629192041,0.0005078168583195353,"42,43,44",aggregate,3,0.14034182046321395
