model,dataset,variant,layer,layer_type,numel,trace_raw,trace_per_param,elev_raw,elev_per_param,raw_vs_numel_slope,raw_vs_numel_r2,seed,n_seeds,metric_std
resnet50_no_weights,CIFAR10,fp32_unfused,conv1,conv,1728,14.137865960597992,0.00818163539386458,,,,,42,3,
resnet50_no_weights,CIFAR10,fp32_unfused,conv1,conv,1728,13.302233065877642,0.007698051542753265,,,,,43,3,
resnet50_no_weights,CIFAR10,fp32_unfused,conv1,conv,1728,16.363703876071504,0.009469736039393231,,,,,44,3,
resnet50_no_weights,CIFAR10,fp32_unfused,conv1,conv,1728,14.60126763418238,0.008449807658670358,1.0283915871499003,129.13643908927634,0.29986858002244876,0.3714645777445647,aggregate,3,1.5824685506283764
resnet50_no_weights,CIFAR10,fp32_unfused,layer1.0.conv1,conv,4096,3.554247159706919,0.000867736122975322,,,,,42,3,
resnet50_no_weights,CIFAR10,fp32_unfused,layer1.0.conv1,conv,4096,4.7987989485263824,0.0011715817745425738,,,,,43,3,
resnet50_no_weights,CIFAR10,fp32_unfused,layer1.0.conv1,conv,4096,4.06991520906106,0.0009936316428371728,,,,,44,3,
resnet50_no_weights,CIFAR10,fp32_unfused,layer1.0.conv1,conv,4096,4.140987105764787,0.0010109831801183562,0.29165661562802975,15.450620077212596,0.29986858002244876,0.3714645777445647,aggregate,3,0.6253124815955864
resnet50_no_weights,CIFAR10,fp32_unfused,layer1.0.conv2,conv,36864,4.263462866053862,0.00011565383208696457,,,,,42,3,
resnet50_no_weights,CIFAR10,fp32_unfused,layer1.0.conv2,conv,36864,4.158682875714059,0.00011281149293929197,,,,,43,3,
resnet50_no_weights,CIFAR10,fp32_unfused,layer1.0.conv2,conv,36864,3.3226645390192666,9.01330441357223e-05,,,,,44,3,
resnet50_no_weights,CIFAR10,fp32_unfused,layer1.0.conv2,conv,36864,3.914936760262396,0.00010619945638732628,0.2757355134736684,1.6230215154074,0.29986858002244876,0.3714645777445647,aggregate,3,0.5155914076437902
resnet50_no_weights,CIFAR10,fp32_unfused,layer1.0.conv3,conv,16384,2.9797678206648146,0.00018187059452299894,,,,,42,3,
resnet50_no_weights,CIFAR10,fp32_unfused,layer1.0.conv3,conv,16384,2.76557702367956,0.0001687974257616919,,,,,43,3,
resnet50_no_weights,CIFAR10,fp32_unfused,layer1.0.conv3,conv,16384,2.8546064159144526,0.0001742313486275911,,,,,44,3,
resnet50_no_weights,CIFAR10,fp32_unfused,layer1.0.conv3,conv,16384,2.866650420086276,0.000174966456304094,0.20190296138500538,2.6739715316473354,0.29986858002244876,0.3714645777445647,aggregate,3,0.10760212779337965
resnet50_no_weights,CIFAR10,fp32_unfused,layer1.0.downsample.0,conv,16384,19.749549229939777,0.0012054168231164415,,,,,42,3,
resnet50_no_weights,CIFAR10,fp32_unfused,layer1.0.downsample.0,conv,16384,15.836316390471024,0.000966572045316835,,,,,43,3,
resnet50_no_weights,CIFAR10,fp32_unfused,layer1.0.downsample.0,conv,16384,16.283196407815684,0.000993847437000469,,,,,44,3,
resnet50_no_weights,CIFAR10,fp32_unfused,layer1.0.downsample.0,conv,16384,17.289687342742162,0.0010552787684779152,1.217741462809904,16.12757921985632,0.29986858002244876,0.3714645777445647,aggregate,3,2.1419887524310326
resnet50_no_weights,CIFAR10,fp32_unfused,layer1.1.conv1,conv,16384,2.6094389280607535,0.0001592675126990206,,,,,42,3,
resnet50_no_weights,CIFAR10,fp32_unfused,layer1.1.conv1,conv,16384,2.3034548399583348,0.0001405917260716757,,,,,43,3,
resnet50_no_weights,CIFAR10,fp32_unfused,layer1.1.conv1,conv,16384,2.8446234981218974,0.0001736220396802916,,,,,44,3,
resnet50_no_weights,CIFAR10,fp32_unfused,layer1.1.conv1,conv,16384,2.5858390887136617,0.00015782709281699596,0.1821249518316499,2.412034638124142,0.29986858002244876,0.3714645777445647,aggregate,3,0.27135510582545547
resnet50_no_weights,CIFAR10,fp32_unfused,layer1.1.conv2,conv,36864,3.498269236087799,9.489662641297198e-05,,,,,42,3,
resnet50_no_weights,CIFAR10,fp32_unfused,layer1.1.conv2,conv,36864,3.532465545754684,9.58242606812794e-05,,,,,43,3,
resnet50_no_weights,CIFAR10,fp32_unfused,layer1.1.conv2,conv,36864,3.2700558322848696,8.870594163099147e-05,,,,,44,3,
resnet50_no_weights,CIFAR10,fp32_unfused,layer1.1.conv2,conv,36864,3.433596871375784,9.314227624174761e-05,0.24183394378174503,1.4234716775105505,0.29986858002244876,0.3714645777445647,aggregate,3,0.14265903581235367
resnet50_no_weights,CIFAR10,fp32_unfused,layer1.1.conv3,conv,16384,2.746193528175354,0.0001676143510849215,,,,,42,3,
resnet50_no_weights,CIFAR10,fp32_unfused,layer1.1.conv3,conv,16384,2.375783480446914,0.00014500631594524622,,,,,43,3,
resnet50_no_weights,CIFAR10,fp32_unfused,layer1.1.conv3,conv,16384,2.6080687739411177,0.00015918388512824205,,,,,44,3,
resnet50_no_weights,CIFAR10,fp32_unfused,layer1.1.conv3,conv,16384,2.5766819275211286,0.00015726818405280326,0.1814799977243414,2.403492965875594,0.29986858002244876,0.3714645777445647,aggregate,3,0.18718907943758442
resnet50_no_weights,CIFAR10,fp32_unfused,layer1.2.conv1,conv,16384,5.416573464870453,0.000330601407767972,,,,,42,3,
resnet50_no_weights,CIFAR10,fp32_unfused,layer1.2.conv1,conv,16384,4.541359779380617,0.0002771826037219615,,,,,43,3,
resnet50_no_weights,CIFAR10,fp32_unfused,layer1.2.conv1,conv,16384,4.852889835834503,0.00029619688939419575,,,,,44,3,
resnet50_no_weights,CIFAR10,fp32_unfused,layer1.2.conv1,conv,16384,4.936941026695191,0.0003013269669613764,0.34771697535512136,4.605109735845433,0.29986858002244876,0.3714645777445647,aggregate,3,0.4436194324316736
resnet50_no_weights,CIFAR10,fp32_unfused,layer1.2.conv2,conv,36864,11.514686322212219,0.0003123558572648714,,,,,42,3,
resnet50_no_weights,CIFAR10,fp32_unfused,layer1.2.conv2,conv,36864,12.893070220947266,0.0003497469135456615,,,,,43,3,
resnet50_no_weights,CIFAR10,fp32_unfused,layer1.2.conv2,conv,36864,12.233762198481067,0.0003318620388042824,,,,,44,3,
resnet50_no_weights,CIFAR10,fp32_unfused,layer1.2.conv2,conv,36864,12.21383958054685,0.0003313216032049384,0.8602410548264838,5.063510763743061,0.29986858002244876,0.3714645777445647,aggregate,3,0.6894078807948322
resnet50_no_weights,CIFAR10,fp32_unfused,layer1.2.conv3,conv,16384,5.5304320851961775,0.000337550786449962,,,,,42,3,
resnet50_no_weights,CIFAR10,fp32_unfused,layer1.2.conv3,conv,16384,5.291463176409404,0.0003229652817632693,,,,,43,3,
resnet50_no_weights,CIFAR10,fp32_unfused,layer1.2.conv3,conv,16384,5.349662292003631,0.00032651747387717477,,,,,44,3,
resnet50_no_weights,CIFAR10,fp32_unfused,layer1.2.conv3,conv,16384,5.390519184536404,0.000329011180696802,0.3796632401127685,5.028201115577721,0.29986858002244876,0.3714645777445647,aggregate,3,0.12461339852624696
resnet50_no_weights,CIFAR10,fp32_unfused,layer2.0.conv1,conv,32768,13.320055136313805,0.00040649582325176406,,,,,42,3,
resnet50_no_weights,CIFAR10,fp32_unfused,layer2.0.conv1,conv,32768,12.933722712099552,0.00039470589331358497,,,,,43,3,
resnet50_no_weights,CIFAR10,fp32_unfused,layer2.0.conv1,conv,32768,13.212926616668701,0.000403226520284079,,,,,44,3,
resnet50_no_weights,CIFAR10,fp32_unfused,layer2.0.conv1,conv,32768,13.155568155027353,0.00040147607894980937,0.9265685660836014,6.135665249362823,0.29986858002244876,0.3714645777445647,aggregate,3,0.199450947205602
resnet50_no_weights,CIFAR10,fp32_unfused,layer2.0.conv2,conv,147456,25.384411343506404,0.00017214905696279843,,,,,42,3,
resnet50_no_weights,CIFAR10,fp32_unfused,layer2.0.conv2,conv,147456,19.872223717825754,0.00013476714218360565,,,,,43,3,
resnet50_no_weights,CIFAR10,fp32_unfused,layer2.0.conv2,conv,147456,26.20989887081847,0.00017774725254190044,,,,,44,3,
resnet50_no_weights,CIFAR10,fp32_unfused,layer2.0.conv2,conv,147456,23.822177977383543,0.0001615544838961015,1.6778356532672856,2.4689994863778084,0.29986858002244876,0.3714645777445647,aggregate,3,3.445571273952403
resnet50_no_weights,CIFAR10,fp32_unfused,layer2.0.conv3,conv,65536,24.58703204913017,0.0003751683357106044,,,,,42,3,
resnet50_no_weights,CIFAR10,fp32_unfused,layer2.0.conv3,conv,65536,28.947147250175476,0.0004416984138515545,,,,,43,3,
resnet50_no_weights,CIFAR10,fp32_unfused,layer2.0.conv3,conv,65536,28.164071760679548,0.0004297496301373222,,,,,44,3,
resnet50_no_weights,CIFAR10,fp32_unfused,layer2.0.conv3,conv,65536,27.2327503533284,0.0004155387932331604,1.9180479435054638,6.350582430893985,0.29986858002244876,0.3714645777445647,aggregate,3,2.324472158241411
resnet50_no_weights,CIFAR10,fp32_unfused,layer2.0.downsample.0,conv,131072,34.904072180026915,0.0002662969374086526,,,,,42,3,
resnet50_no_weights,CIFAR10,fp32_unfused,layer2.0.downsample.0,conv,131072,36.91444922602454,0.0002816348970491374,,,,,43,3,
resnet50_no_weights,CIFAR10,fp32_unfused,layer2.0.downsample.0,conv,131072,32.837493896484375,0.00025053019635379314,,,,,44,3,
resnet50_no_weights,CIFAR10,fp32_unfused,layer2.0.downsample.0,conv,131072,34.88533843417861,0.0002661540102705277,2.4570324617979837,4.067569644665148,0.29986858002244876,0.3714645777445647,aggregate,3,2.0385422253884307
resnet50_no_weights,CIFAR10,fp32_unfused,layer2.1.conv1,conv,65536,3.565877475856263,5.441097222681065e-05,,,,,42,3,
resnet50_no_weights,CIFAR10,fp32_unfused,layer2.1.conv1,conv,65536,2.9837743100665866,4.5528782807412515e-05,,,,,43,3,
resnet50_no_weights,CIFAR10,fp32_unfused,layer2.1.conv1,conv,65536,3.478716821140713,5.308100618195668e-05,,,,,44,3,
resnet50_no_weights,CIFAR10,fp32_unfused,layer2.1.conv1,conv,65536,3.3427895356878543,5.1006920405393285e-05,0.23543823195640026,0.7795268645321008,0.29986858002244876,0.3714645777445647,aggregate,3,0.313955719972623
resnet50_no_weights,CIFAR10,fp32_unfused,layer2.1.conv2,conv,147456,5.583659739721389,3.786661607341437e-05,,,,,42,3,
resnet50_no_weights,CIFAR10,fp32_unfused,layer2.1.conv2,conv,147456,5.988215333537052,4.06101842823422e-05,,,,,43,3,
resnet50_no_weights,CIFAR10,fp32_unfused,layer2.1.conv2,conv,147456,6.7847104753766745,4.601176266395857e-05,,,,,44,3,
resnet50_no_weights,CIFAR10,fp32_unfused,layer2.1.conv2,conv,147456,6.118861849545039,4.1496187673238384e-05,0.43096162652846,0.6341765550608469,0.29986858002244876,0.3714645777445647,aggregate,3,0.6110909110053058
resnet50_no_weights,CIFAR10,fp32_unfused,layer2.1.conv3,conv,65536,8.095006219271955,0.00012351999235949638,,,,,42,3,
resnet50_no_weights,CIFAR10,fp32_unfused,layer2.1.conv3,conv,65536,7.837778641627385,0.00011959501101116005,,,,,43,3,
resnet50_no_weights,CIFAR10,fp32_unfused,layer2.1.conv3,conv,65536,8.313890048435756,0.0001268598945378991,,,,,44,3,
resnet50_no_weights,CIFAR10,fp32_unfused,layer2.1.conv3,conv,65536,8.082224969778366,0.00012332496596951853,0.5692445596240422,1.884746682934064,0.29986858002244876,0.3714645777445647,aggregate,3,0.23831289972895814
resnet50_no_weights,CIFAR10,fp32_unfused,layer2.2.conv1,conv,65536,4.386729505327013,6.693618019602986e-05,,,,,42,3,
resnet50_no_weights,CIFAR10,fp32_unfused,layer2.2.conv1,conv,65536,4.858444011002256,7.413397233584986e-05,,,,,43,3,
resnet50_no_weights,CIFAR10,fp32_unfused,layer2.2.conv1,conv,65536,3.236308553002097,4.93821495514236e-05,,,,,44,3,
resnet50_no_weights,CIFAR10,fp32_unfused,layer2.2.conv1,conv,65536,4.160494023110456,6.348410069443444e-05,0.29303052029111193,0.9702126999366936,0.29986858002244876,0.3714645777445647,aggregate,3,0.8343966269620613
resnet50_no_weights,CIFAR10,fp32_unfused,layer2.2.conv2,conv,147456,6.583579321702321,4.4647754731596685e-05,,,,,42,3,
resnet50_no_weights,CIFAR10,fp32_unfused,layer2.2.conv2,conv,147456,8.172801831189323,5.542535964076961e-05,,,,,43,3,
resnet50_no_weights,CIFAR10,fp32_unfused,layer2.2.conv2,conv,147456,8.61640505168749,5.843373651589281e-05,,,,,44,3,
resnet50_no_weights,CIFAR10,fp32_unfused,layer2.2.conv2,conv,147456,7.790928734859712,5.283561696275304e-05,0.5487280808590421,0.8074744073794154,0.29986858002244876,0.3714645777445647,aggregate,3,1.0688617349300646
resnet50_no_weights,CIFAR10,fp32_unfused,layer2.2.conv3,conv,65536,7.712771415710449,0.00011768755211960524,,,,,42,3,
resnet50_no_weights,CIFAR10,fp32_unfused,layer2.2.conv3,conv,65536,6.930860711682227,0.00010575654162112773,,,,,43,3,
resnet50_no_weights,CIFAR10,fp32_unfused,layer2.2.conv3,conv,65536,6.862128893534343,0.00010470777730612706,,,,,44,3,
resnet50_no_weights,CIFAR10,fp32_unfused,layer2.2.conv3,conv,65536,7.168587006975673,0.00010938395701562001,0.5048955169116506,1.6716894955588117,0.29986858002244876,0.3714645777445647,aggregate,3,0.47252885492739166
resnet50_no_weights,CIFAR10,fp32_unfused,layer2.3.conv1,conv,65536,4.860019604365031,7.415801398262072e-05,,,,,42,3,
resnet50_no_weights,CIFAR10,fp32_unfused,layer2.3.conv1,conv,65536,6.653579305719446,0.00010152556313658822,,,,,43,3,
resnet50_no_weights,CIFAR10,fp32_unfused,layer2.3.conv1,conv,65536,5.567266325796804,8.494974252009283e-05,,,,,44,3,
resnet50_no_weights,CIFAR10,fp32_unfused,layer2.3.conv1,conv,65536,5.69362174529376,8.687777321310059e-05,0.40101125806134236,1.3277327392456808,0.29986858002244876,0.3714645777445647,aggregate,3,0.9034314415647837
resnet50_no_weights,CIFAR10,fp32_unfused,layer2.3.conv2,conv,147456,15.876106103261312,0.00010766673518379254,,,,,42,3,
resnet50_no_weights,CIFAR10,fp32_unfused,layer2.3.conv2,conv,147456,15.820520973205566,0.00010728977439511153,,,,,43,3,
resnet50_no_weights,CIFAR10,fp32_unfused,layer2.3.conv2,conv,147456,11.409021556377411,7.737237926145706e-05,,,,,44,3,
resnet50_no_weights,CIFAR10,fp32_unfused,layer2.3.conv2,conv,147456,14.36854954428143,9.744296294678704e-05,1.0120008646573233,1.4891980690642699,0.29986858002244876,0.3714645777445647,aggregate,3,2.5631771027498735
resnet50_no_weights,CIFAR10,fp32_unfused,layer2.3.conv3,conv,65536,11.226499021053314,0.00017130278047261527,,,,,42,3,
resnet50_no_weights,CIFAR10,fp32_unfused,layer2.3.conv3,conv,65536,8.738721397187975,0.0001333423064756466,,,,,43,3,
resnet50_no_weights,CIFAR10,fp32_unfused,layer2.3.conv3,conv,65536,8.389199357032776,0.00012800902339222376,,,,,44,3,
resnet50_no_weights,CIFAR10,fp32_unfused,layer2.3.conv3,conv,65536,9.451473258424688,0.00014421803678016186,0.6656829960695725,2.2040506097350607,0.29986858002244876,0.3714645777445647,aggregate,3,1.5471195033464815
resnet50_no_weights,CIFAR10,fp32_unfused,layer3.0.conv1,conv,131072,46.078123507292375,0.0003515481834967985,,,,,42,3,
resnet50_no_weights,CIFAR10,fp32_unfused,layer3.0.conv1,conv,131072,36.772964707736314,0.0002805554558390527,,,,,43,3,
resnet50_no_weights,CIFAR10,fp32_unfused,layer3.0.conv1,conv,131072,47.430091519509595,0.0003618628808556335,,,,,44,3,
resnet50_no_weights,CIFAR10,fp32_unfused,layer3.0.conv1,conv,131072,43.427059911512764,0.0003313221733971616,3.0586401254027304,5.063519477857781,0.29986858002244876,0.3714645777445647,aggregate,3,5.802128196808925
resnet50_no_weights,CIFAR10,fp32_unfused,layer3.0.conv2,conv,589824,40.40036573410034,6.849562875383223e-05,,,,,42,3,
resnet50_no_weights,CIFAR10,fp32_unfused,layer3.0.conv2,conv,589824,39.68683609595666,6.728589561624596e-05,,,,,43,3,
resnet50_no_weights,CIFAR10,fp32_unfused,layer3.0.conv2,conv,589824,37.64895813281719,6.383083450795016e-05,,,,,44,3,
resnet50_no_weights,CIFAR10,fp32_unfused,layer3.0.conv2,conv,589824,39.245386654291394,6.653745295934278e-05,2.764117916394746,1.0168763702476797,0.29986858002244876,0.3714645777445647,aggregate,3,1.4278372296097337
resnet50_no_weights,CIFAR10,fp32_unfused,layer3.0.conv3,conv,262144,28.464024437798393,0.00010858163619155271,,,,,42,3,
resnet50_no_weights,CIFAR10,fp32_unfused,layer3.0.conv3,conv,262144,29.926894075730267,0.00011416204099933726,,,,,43,3,
resnet50_no_weights,CIFAR10,fp32_unfused,layer3.0.conv3,conv,262144,26.578703353279515,0.00010138970700561338,,,,,44,3,
resnet50_no_weights,CIFAR10,fp32_unfused,layer3.0.conv3,conv,262144,28.323207288936057,0.00010804446139883445,1.9948506408344873,1.6512182965546676,0.29986858002244876,0.3714645777445647,aggregate,3,1.6785313165194775
resnet50_no_weights,CIFAR10,fp32_unfused,layer3.0.downsample.0,conv,524288,38.54027856564989,7.350974763040522e-05,,,,,42,3,
resnet50_no_weights,CIFAR10,fp32_unfused,layer3.0.downsample.0,conv,524288,39.88483031252597,7.607427656655497e-05,,,,,43,3,
resnet50_no_weights,CIFAR10,fp32_unfused,layer3.0.downsample.0,conv,524288,38.41607157389323,7.327284159449239e-05,,,,,44,3,
resnet50_no_weights,CIFAR10,fp32_unfused,layer3.0.downsample.0,conv,524288,38.947060150689694,7.428562193048419e-05,2.7431062841026566,1.1352898289692561,0.29986858002244876,0.3714645777445647,aggregate,3,0.8145038376356085
resnet50_no_weights,CIFAR10,fp32_unfused,layer3.1.conv1,conv,262144,7.9166053802736345,3.0199452897161997e-05,,,,,42,3,
resnet50_no_weights,CIFAR10,fp32_unfused,layer3.1.conv1,conv,262144,7.311792638566759,2.789227538515762e-05,,,,,43,3,
resnet50_no_weights,CIFAR10,fp32_unfused,layer3.1.conv1,conv,262144,8.431212295185436,3.216252248834776e-05,,,,,44,3,
resnet50_no_weights,CIFAR10,fp32_unfused,layer3.1.conv1,conv,262144,7.886536771341943,3.0084750256889125e-05,0.5554619140333666,0.45977821933951496,0.29986858002244876,0.3714645777445647,aggregate,3,0.560315253083819
resnet50_no_weights,CIFAR10,fp32_unfused,layer3.1.conv2,conv,589824,18.989897476999385,3.2195871102226064e-05,,,,,42,3,
resnet50_no_weights,CIFAR10,fp32_unfused,layer3.1.conv2,conv,589824,20.56933036927254,3.487367480684499e-05,,,,,43,3,
resnet50_no_weights,CIFAR10,fp32_unfused,layer3.1.conv2,conv,589824,19.637381841970043,3.32936296962654e-05,,,,,44,3,
resnet50_no_weights,CIFAR10,fp32_unfused,layer3.1.conv2,conv,589824,19.73220322941399,3.3454391868445484e-05,1.3897719229223449,0.5112756659443424,0.29986858002244876,0.3714645777445647,aggregate,3,0.793974424610882
resnet50_no_weights,CIFAR10,fp32_unfused,layer3.1.conv3,conv,262144,15.381376382781237,5.867529442894454e-05,,,,,42,3,
resnet50_no_weights,CIFAR10,fp32_unfused,layer3.1.conv3,conv,262144,13.926983805263744,5.312722704034326e-05,,,,,43,3,
resnet50_no_weights,CIFAR10,fp32_unfused,layer3.1.conv3,conv,262144,12.921344871520995,4.929101894958876e-05,,,,,44,3,
resnet50_no_weights,CIFAR10,fp32_unfused,layer3.1.conv3,conv,262144,14.076568353188659,5.3697846806292186e-05,0.9914361432886893,0.8206516649181593,0.29986858002244876,0.3714645777445647,aggregate,3,1.2368186657031675
resnet50_no_weights,CIFAR10,fp32_unfused,layer3.2.conv1,conv,262144,13.21784139934339,5.0422063443540155e-05,,,,,42,3,
resnet50_no_weights,CIFAR10,fp32_unfused,layer3.2.conv1,conv,262144,10.53580391407013,4.0190902382164495e-05,,,,,43,3,
resnet50_no_weights,CIFAR10,fp32_unfused,layer3.2.conv1,conv,262144,11.420860392706734,4.356712491114324e-05,,,,,44,3,
resnet50_no_weights,CIFAR10,fp32_unfused,layer3.2.conv1,conv,262144,11.724835235373417,4.472669691228263e-05,0.8257996647187636,0.6835476740764516,0.29986858002244876,0.3714645777445647,aggregate,3,1.3666132579604977
resnet50_no_weights,CIFAR10,fp32_unfused,layer3.2.conv2,conv,589824,24.844871804520892,4.2122517572226445e-05,,,,,42,3,
resnet50_no_weights,CIFAR10,fp32_unfused,layer3.2.conv2,conv,589824,28.012678651248706,4.749328384611122e-05,,,,,43,3,
resnet50_no_weights,CIFAR10,fp32_unfused,layer3.2.conv2,conv,589824,28.067265737624396,4.758583193906046e-05,,,,,44,3,
resnet50_no_weights,CIFAR10,fp32_unfused,layer3.2.conv2,conv,589824,26.97493873113133,4.573387778579937e-05,1.899889841758445,0.6989401843889579,0.29986858002244876,0.3714645777445647,aggregate,3,1.844893972937057
resnet50_no_weights,CIFAR10,fp32_unfused,layer3.2.conv3,conv,262144,11.542630791664124,4.403164211908006e-05,,,,,42,3,
resnet50_no_weights,CIFAR10,fp32_unfused,layer3.2.conv3,conv,262144,15.480079650878906,5.905181751586497e-05,,,,,43,3,
resnet50_no_weights,CIFAR10,fp32_unfused,layer3.2.conv3,conv,262144,12.143415655408587,4.6323454496034954e-05,,,,,44,3,
resnet50_no_weights,CIFAR10,fp32_unfused,layer3.2.conv3,conv,262144,13.055375365983872,4.980230471032666e-05,0.919511821153854,0.7611170039038133,0.29986858002244876,0.3714645777445647,aggregate,3,2.12123284083039
resnet50_no_weights,CIFAR10,fp32_unfused,layer3.3.conv1,conv,262144,17.972001705529554,6.855774576389142e-05,,,,,42,3,
resnet50_no_weights,CIFAR10,fp32_unfused,layer3.3.conv1,conv,262144,19.451494963272758,7.420156464871505e-05,,,,,43,3,
resnet50_no_weights,CIFAR10,fp32_unfused,layer3.3.conv1,conv,262144,19.34437482110385,7.379293373528996e-05,,,,,44,3,
resnet50_no_weights,CIFAR10,fp32_unfused,layer3.3.conv1,conv,262144,18.92262382996872,7.218408138263215e-05,1.332751898060236,1.103172475070334,0.29986858002244876,0.3714645777445647,aggregate,3,0.8250033326111469
resnet50_no_weights,CIFAR10,fp32_unfused,layer3.3.conv2,conv,589824,33.89306478500366,5.7463014026224194e-05,,,,,42,3,
resnet50_no_weights,CIFAR10,fp32_unfused,layer3.3.conv2,conv,589824,34.980570999351706,5.93067949072125e-05,,,,,43,3,
resnet50_no_weights,CIFAR10,fp32_unfused,layer3.3.conv2,conv,589824,35.96973856290182,6.098385037384341e-05,,,,,44,3,
resnet50_no_weights,CIFAR10,fp32_unfused,layer3.3.conv2,conv,589824,34.94779144908573,5.925121976909337e-05,2.461431131607465,0.9055225682948709,0.29986858002244876,0.3714645777445647,aggregate,3,1.0387248765381436
resnet50_no_weights,CIFAR10,fp32_unfused,layer3.3.conv3,conv,262144,15.887803162847247,6.060715928210162e-05,,,,,42,3,
resnet50_no_weights,CIFAR10,fp32_unfused,layer3.3.conv3,conv,262144,15.86206615672392,6.050898039521759e-05,,,,,43,3,
resnet50_no_weights,CIFAR10,fp32_unfused,layer3.3.conv3,conv,262144,13.764465570449829,5.250726917438442e-05,,,,,44,3,
resnet50_no_weights,CIFAR10,fp32_unfused,layer3.3.conv3,conv,262144,15.171444963340331,5.787446961723454e-05,1.0685501256535659,0.8844820169227647,0.29986858002244876,0.3714645777445647,aggregate,3,1.2185478478028442
resnet50_no_weights,CIFAR10,fp32_unfused,layer3.4.conv1,conv,262144,17.24899959564209,6.579971159226261e-05,,,,,42,3,
resnet50_no_weights,CIFAR10,fp32_unfused,layer3.4.conv1,conv,262144,19.319959825939602,7.369979791999665e-05,,,,,43,3,
resnet50_no_weights,CIFAR10,fp32_unfused,layer3.4.conv1,conv,262144,18.12501279045554,6.91414367311689e-05,,,,,44,3,
resnet50_no_weights,CIFAR10,fp32_unfused,layer3.4.conv1,conv,262144,18.231324070679076,6.954698208114271e-05,1.2840625051620536,1.062870301686573,0.29986858002244876,0.3714645777445647,aggregate,3,1.0395651182564547
resnet50_no_weights,CIFAR10,fp32_unfused,layer3.4.conv2,conv,589824,32.827530490027534,5.5656484798901934e-05,,,,,42,3,
resnet50_no_weights,CIFAR10,fp32_unfused,layer3.4.conv2,conv,589824,28.81081497192383,4.8846460930589174e-05,,,,,43,3,
resnet50_no_weights,CIFAR10,fp32_unfused,layer3.4.conv2,conv,589824,31.331180279071514,5.311954121750135e-05,,,,,44,3,
resnet50_no_weights,CIFAR10,fp32_unfused,layer3.4.conv2,conv,589824,30.989841913674294,5.254082898233082e-05,2.1826661567739016,0.8029692314492884,0.29986858002244876,0.3714645777445647,aggregate,3,2.0299962556893583
resnet50_no_weights,CIFAR10,fp32_unfused,layer3.4.conv3,conv,262144,17.65879551569621,6.736295896795734e-05,,,,,42,3,
resnet50_no_weights,CIFAR10,fp32_unfused,layer3.4.conv3,conv,262144,16.555671215057373,6.315487371466588e-05,,,,,43,3,
resnet50_no_weights,CIFAR10,fp32_unfused,layer3.4.conv3,conv,262144,16.375841796398163,6.246887892302766e-05,,,,,44,3,
resnet50_no_weights,CIFAR10,fp32_unfused,layer3.4.conv3,conv,262144,16.863436175717247,6.432890386855029e-05,1.1877198835084575,0.9831236297523203,0.29986858002244876,0.3714645777445647,aggregate,3,0.6946452437918604
resnet50_no_weights,CIFAR10,fp32_unfused,layer3.5.conv1,conv,262144,18.839963396390278,7.186875685268508e-05,,,,,42,3,
resnet50_no_weights,CIFAR10,fp32_unfused,layer3.5.conv1,conv,262144,14.955784869916512,5.7051791648546263e-05,,,,,43,3,
resnet50_no_weights,CIFAR10,fp32_unfused,layer3.5.conv1,conv,262144,15.900706627789665,6.065638209453455e-05,,,,,44,3,
resnet50_no_weights,CIFAR10,fp32_unfused,layer3.5.conv1,conv,262144,16.56548496469882,6.319231019858863e-05,1.1667346836977812,0.9657533338640282,0.29986858002244876,0.3714645777445647,aggregate,3,2.025625430403596
resnet50_no_weights,CIFAR10,fp32_unfused,layer3.5.conv2,conv,589824,11.36693286895752,1.927173677055786e-05,,,,,42,3,
resnet50_no_weights,CIFAR10,fp32_unfused,layer3.5.conv2,conv,589824,14.087149784482758,2.388364967258497e-05,,,,,43,3,
resnet50_no_weights,CIFAR10,fp32_unfused,layer3.5.conv2,conv,589824,14.772118091583252,2.5044959329534322e-05,,,,,44,3,
resnet50_no_weights,CIFAR10,fp32_unfused,layer3.5.conv2,conv,589824,13.40873358167451,2.2733448590892382e-05,0.9443994285432175,0.347429991052474,0.29986858002244876,0.3714645777445647,aggregate,3,1.8011129915337727
resnet50_no_weights,CIFAR10,fp32_unfused,layer3.5.conv3,conv,262144,6.826062829406173,2.603936321032018e-05,,,,,42,3,
resnet50_no_weights,CIFAR10,fp32_unfused,layer3.5.conv3,conv,262144,6.846596728200498,2.611769381790351e-05,,,,,43,3,
resnet50_no_weights,CIFAR10,fp32_unfused,layer3.5.conv3,conv,262144,5.948839821598747,2.2693023001093852e-05,,,,,44,3,
resnet50_no_weights,CIFAR10,fp32_unfused,layer3.5.conv3,conv,262144,6.540499793068473,2.495002667643918e-05,0.46065828881876564,0.38130543680148193,0.29986858002244876,0.3714645777445647,aggregate,3,0.512495416203493
resnet50_no_weights,CIFAR10,fp32_unfused,layer4.0.conv1,conv,524288,26.798328018188478,5.1113754307152706e-05,,,,,42,3,
resnet50_no_weights,CIFAR10,fp32_unfused,layer4.0.conv1,conv,524288,30.223896312713624,5.764750731032109e-05,,,,,43,3,
resnet50_no_weights,CIFAR10,fp32_unfused,layer4.0.conv1,conv,524288,28.25580222266061,5.389366573841211e-05,,,,,44,3,
resnet50_no_weights,CIFAR10,fp32_unfused,layer4.0.conv1,conv,524288,28.42600885118757,5.421830911862864e-05,2.0020911260042697,0.8286057690126277,0.29986858002244876,0.3714645777445647,aggregate,3,1.7191152542543113
resnet50_no_weights,CIFAR10,fp32_unfused,layer4.0.conv2,conv,2359296,15.61052656173706,6.616603665558311e-06,,,,,42,3,
resnet50_no_weights,CIFAR10,fp32_unfused,layer4.0.conv2,conv,2359296,16.9317385449129,7.1766063032840725e-06,,,,,43,3,
resnet50_no_weights,CIFAR10,fp32_unfused,layer4.0.conv2,conv,2359296,18.84922260708279,7.989341993155072e-06,,,,,44,3,
resnet50_no_weights,CIFAR10,fp32_unfused,layer4.0.conv2,conv,2359296,17.130495904577582,7.2608506539991514e-06,1.2065293448036911,0.1109658865730961,0.29986858002244876,0.3714645777445647,aggregate,3,1.6284705660681051
resnet50_no_weights,CIFAR10,fp32_unfused,layer4.0.conv3,conv,1048576,12.059848673203412,1.1501167939380085e-05,,,,,42,3,
resnet50_no_weights,CIFAR10,fp32_unfused,layer4.0.conv3,conv,1048576,13.223047415415445,1.2610480704703756e-05,,,,,43,3,
resnet50_no_weights,CIFAR10,fp32_unfused,layer4.0.conv3,conv,1048576,11.336552179776705,1.0811378650452332e-05,,,,,44,3,
resnet50_no_weights,CIFAR10,fp32_unfused,layer4.0.conv3,conv,1048576,12.206482756131853,1.1641009098178724e-05,0.8597229014355543,0.17790682617516773,0.29986858002244876,0.3714645777445647,aggregate,3,0.9517574450610385
resnet50_no_weights,CIFAR10,fp32_unfused,layer4.0.downsample.0,conv,2097152,37.241941555126296,1.7758341577113293e-05,,,,,42,3,
resnet50_no_weights,CIFAR10,fp32_unfused,layer4.0.downsample.0,conv,2097152,35.83178520202637,1.708592662907904e-05,,,,,43,3,
resnet50_no_weights,CIFAR10,fp32_unfused,layer4.0.downsample.0,conv,2097152,34.957004123263886,1.6668798505432074e-05,,,,,44,3,
resnet50_no_weights,CIFAR10,fp32_unfused,layer4.0.downsample.0,conv,2097152,36.01024362680552,1.7171022237208137e-05,2.5362614072171143,0.2624207268150721,0.29986858002244876,0.3714645777445647,aggregate,3,1.1528748084299907
resnet50_no_weights,CIFAR10,fp32_unfused,layer4.1.conv1,conv,1048576,25.1949299176534,2.4027757566121483e-05,,,,,42,3,
resnet50_no_weights,CIFAR10,fp32_unfused,layer4.1.conv1,conv,1048576,23.768338576607082,2.266725404415806e-05,,,,,43,3,
resnet50_no_weights,CIFAR10,fp32_unfused,layer4.1.conv1,conv,1048576,23.96346092224121,2.2853337213746272e-05,,,,,44,3,
resnet50_no_weights,CIFAR10,fp32_unfused,layer4.1.conv1,conv,1048576,24.308909805500566,2.318278294134194e-05,1.7121169862155166,0.3542970630997305,0.29986858002244876,0.3714645777445647,aggregate,3,0.7734933172277147
resnet50_no_weights,CIFAR10,fp32_unfused,layer4.1.conv2,conv,2359296,62.475315488617994,2.6480490573721142e-05,,,,,42,3,
resnet50_no_weights,CIFAR10,fp32_unfused,layer4.1.conv2,conv,2359296,61.66144371032715,2.613552674625276e-05,,,,,43,3,
resnet50_no_weights,CIFAR10,fp32_unfused,layer4.1.conv2,conv,2359296,58.302587335759945,2.4711857832065135e-05,,,,,44,3,
resnet50_no_weights,CIFAR10,fp32_unfused,layer4.1.conv2,conv,2359296,60.81311551156836,2.5775958384013012e-05,4.283168965005689,0.39392795839670053,0.29986858002244876,0.3714645777445647,aggregate,3,2.211935941436942
resnet50_no_weights,CIFAR10,fp32_unfused,layer4.1.conv3,conv,1048576,21.294569396972655,2.0308083912823348e-05,,,,,42,3,
resnet50_no_weights,CIFAR10,fp32_unfused,layer4.1.conv3,conv,1048576,20.588911056518555,1.9635115677374415e-05,,,,,43,3,
resnet50_no_weights,CIFAR10,fp32_unfused,layer4.1.conv3,conv,1048576,18.82084756427341,1.794895893504468e-05,,,,,44,3,
resnet50_no_weights,CIFAR10,fp32_unfused,layer4.1.conv3,conv,1048576,20.23477600592154,1.9297386175080813e-05,1.425168960237172,0.2949174507923298,0.29986858002244876,0.3714645777445647,aggregate,3,1.2743169354360944
resnet50_no_weights,CIFAR10,fp32_unfused,layer4.2.conv1,conv,1048576,20.63189332238559,1.9676106760392752e-05,,,,,42,3,
resnet50_no_weights,CIFAR10,fp32_unfused,layer4.2.conv1,conv,1048576,18.819056749343872,1.7947251080840942e-05,,,,,43,3,
resnet50_no_weights,CIFAR10,fp32_unfused,layer4.2.conv1,conv,1048576,19.05636742001488,1.8173568172469024e-05,,,,,44,3,
resnet50_no_weights,CIFAR10,fp32_unfused,layer4.2.conv1,conv,1048576,19.50243916391478,1.8598975337900905e-05,1.3735892572861377,0.28424380090845,0.29986858002244876,0.3714645777445647,aggregate,3,0.9853066074419851
resnet50_no_weights,CIFAR10,fp32_unfused,layer4.2.conv2,conv,2359296,14.459173289212314,6.12859653439514e-06,,,,,42,3,
resnet50_no_weights,CIFAR10,fp32_unfused,layer4.2.conv2,conv,2359296,14.463476181030273,6.130420337689833e-06,,,,,43,3,
resnet50_no_weights,CIFAR10,fp32_unfused,layer4.2.conv2,conv,2359296,14.036601603031158,5.949487305972272e-06,,,,,44,3,
resnet50_no_weights,CIFAR10,fp32_unfused,layer4.2.conv2,conv,2359296,14.319750357757915,6.069501392685748e-06,1.0085638567113107,0.09275877375677176,0.29986858002244876,0.3714645777445647,aggregate,3,0.24522345258352463
resnet50_no_weights,CIFAR10,fp32_unfused,layer4.2.conv3,conv,1048576,5.666243925690651,5.403751302424098e-06,,,,,42,3,
resnet50_no_weights,CIFAR10,fp32_unfused,layer4.2.conv3,conv,1048576,6.428043897761855,6.130260370027404e-06,,,,,43,3,
resnet50_no_weights,CIFAR10,fp32_unfused,layer4.2.conv3,conv,1048576,5.334055497096135,5.086951729866157e-06,,,,,44,3,
resnet50_no_weights,CIFAR10,fp32_unfused,layer4.2.conv3,conv,1048576,5.809447773516213,5.540321134105886e-06,0.4091690780521289,0.08467143532378082,0.29986858002244876,0.3714645777445647,aggregate,3,0.5608771360305392
resnet50_no_weights,CIFAR10,fp32_unfused,fc,linear,20480,5.321538514778262,0.00025984074779190734,,,,,42,3,
resnet50_no_weights,CIFAR10,fp32_unfused,fc,linear,20480,5.7995033891577465,0.0002831788764237181,,,,,43,3,
resnet50_no_weights,CIFAR10,fp32_unfused,fc,linear,20480,5.562792335237775,0.000271620719494032,,,,,44,3,
resnet50_no_weights,CIFAR10,fp32_unfused,fc,linear,20480,5.561278079724595,0.00027154678123655245,0.3916900733742478,4.149986105193914,0.29986858002244876,0.3714645777445647,aggregate,3,0.23898603518295475
resnet50_no_weights,CIFAR10,fp32_fused,conv1,conv,1728,203.68162738575654,0.11787131214453504,,,,,42,3,
resnet50_no_weights,CIFAR10,fp32_fused,conv1,conv,1728,195.66985923365542,0.11323487224169873,,,,,43,3,
resnet50_no_weights,CIFAR10,fp32_fused,conv1,conv,1728,197.2289380573091,0.11413711693131313,,,,,44,3,
resnet50_no_weights,CIFAR10,fp32_fused,conv1,conv,1728,198.86014155890703,0.11508110043918231,13.120260090700953,998.3223040952953,0.2019364604448265,0.11807402121999691,aggregate,3,4.2476729957088795
resnet50_no_weights,CIFAR10,fp32_fused,layer1.0.conv1,conv,4096,3.3389065906857,0.000815162741866626,,,,,42,3,
resnet50_no_weights,CIFAR10,fp32_fused,layer1.0.conv1,conv,4096,3.6703633202446833,0.0008960847949816121,,,,,43,3,
resnet50_no_weights,CIFAR10,fp32_fused,layer1.0.conv1,conv,4096,3.6418906834817704,0.0008891334676469166,,,,,44,3,
resnet50_no_weights,CIFAR10,fp32_fused,layer1.0.conv1,conv,4096,3.550386864804051,0.0008667936681650515,0.23424502629672922,7.519388054818426,0.2019364604448265,0.11807402121999691,aggregate,3,0.18369976188590423
resnet50_no_weights,CIFAR10,fp32_fused,layer1.0.conv2,conv,36864,6.963449254631996,0.00018889565035351552,,,,,42,3,
resnet50_no_weights,CIFAR10,fp32_fused,layer1.0.conv2,conv,36864,6.4269793152809145,0.00017434297187719495,,,,,43,3,
resnet50_no_weights,CIFAR10,fp32_fused,layer1.0.conv2,conv,36864,7.037591312870835,0.00019090688240209512,,,,,44,3,
resnet50_no_weights,CIFAR10,fp32_fused,layer1.0.conv2,conv,36864,6.8093399609279155,0.0001847151682109352,0.44926203226559114,1.6023940649328843,0.2019364604448265,0.11807402121999691,aggregate,3,0.3332026541080762
resnet50_no_weights,CIFAR10,fp32_fused,layer1.0.conv3,conv,16384,2.950022013982137,0.0001800550545643394,,,,,42,3,
resnet50_no_weights,CIFAR10,fp32_fused,layer1.0.conv3,conv,16384,2.593540596961975,0.00015829715557629241,,,,,43,3,
resnet50_no_weights,CIFAR10,fp32_fused,layer1.0.conv3,conv,16384,2.9187193928342876,0.00017814449419154587,,,,,44,3,
resnet50_no_weights,CIFAR10,fp32_fused,layer1.0.conv3,conv,16384,2.820760667926133,0.0001721655681107259,0.1861062419381173,1.4935269647774025,0.2019364604448265,0.11807402121999691,aggregate,3,0.19739980752118091
resnet50_no_weights,CIFAR10,fp32_fused,layer1.0.downsample.0,conv,16384,6.648269072445956,0.0004057781416287815,,,,,42,3,
resnet50_no_weights,CIFAR10,fp32_fused,layer1.0.downsample.0,conv,16384,6.392419113562657,0.0003901622994117833,,,,,43,3,
resnet50_no_weights,CIFAR10,fp32_fused,layer1.0.downsample.0,conv,16384,6.1453110509448585,0.00037508002019927115,,,,,44,3,
resnet50_no_weights,CIFAR10,fp32_fused,layer1.0.downsample.0,conv,16384,6.395333078984491,0.000390340153746612,0.4219469658683926,3.386179660970214,0.2019364604448265,0.11807402121999691,aggregate,3,0.2514916723152763
resnet50_no_weights,CIFAR10,fp32_fused,layer1.1.conv1,conv,16384,7.85771622155842,0.0004795969373509778,,,,,42,3,
resnet50_no_weights,CIFAR10,fp32_fused,layer1.1.conv1,conv,16384,6.377822375297546,0.00038927138521103186,,,,,43,3,
resnet50_no_weights,CIFAR10,fp32_fused,layer1.1.conv1,conv,16384,7.901561101277669,0.0004822730164354046,,,,,44,3,
resnet50_no_weights,CIFAR10,fp32_fused,layer1.1.conv1,conv,16384,7.379033232711212,0.0004503804463324714,0.48684887012623457,3.907025942454527,0.2019364604448265,0.11807402121999691,aggregate,3,0.8673511279301219
resnet50_no_weights,CIFAR10,fp32_fused,layer1.1.conv2,conv,36864,5.96211400826772,0.00016173269336663737,,,,,42,3,
resnet50_no_weights,CIFAR10,fp32_fused,layer1.1.conv2,conv,36864,4.808187802632649,0.00013043044169467908,,,,,43,3,
resnet50_no_weights,CIFAR10,fp32_fused,layer1.1.conv2,conv,36864,6.676218129218893,0.00018110400741153682,,,,,44,3,
resnet50_no_weights,CIFAR10,fp32_fused,layer1.1.conv2,conv,36864,5.815506646706421,0.00015775571415761776,0.38369156918952635,1.3685222633516798,0.2019364604448265,0.11807402121999691,aggregate,3,0.9426052270751797
resnet50_no_weights,CIFAR10,fp32_fused,layer1.1.conv3,conv,16384,2.141794731983772,0.00013072477612205638,,,,,42,3,
resnet50_no_weights,CIFAR10,fp32_fused,layer1.1.conv3,conv,16384,2.444468418234273,0.0001491985118551192,,,,,43,3,
resnet50_no_weights,CIFAR10,fp32_fused,layer1.1.conv3,conv,16384,2.421930342912674,0.00014782289690629113,,,,,44,3,
resnet50_no_weights,CIFAR10,fp32_fused,layer1.1.conv3,conv,16384,2.3360644977102396,0.00014258206162782224,0.15412728542955323,1.2368916507030603,0.2019364604448265,0.11807402121999691,aggregate,3,0.16861953509710265
resnet50_no_weights,CIFAR10,fp32_fused,layer1.2.conv1,conv,16384,17.949776356036846,0.0010955674045432645,,,,,42,3,
resnet50_no_weights,CIFAR10,fp32_fused,layer1.2.conv1,conv,16384,12.802797266415187,0.0007814207315927238,,,,,43,3,
resnet50_no_weights,CIFAR10,fp32_fused,layer1.2.conv1,conv,16384,11.246894175807634,0.0006864559433476339,,,,,44,3,
resnet50_no_weights,CIFAR10,fp32_fused,layer1.2.conv1,conv,16384,13.99982259941989,0.0008544813598278741,0.9236708386514517,7.412579447836096,0.2019364604448265,0.11807402121999691,aggregate,3,3.5081062721074803
resnet50_no_weights,CIFAR10,fp32_fused,layer1.2.conv2,conv,36864,18.75382507169569,0.0005087300637938284,,,,,42,3,
resnet50_no_weights,CIFAR10,fp32_fused,layer1.2.conv2,conv,36864,19.118845430287447,0.0005186318747365301,,,,,43,3,
resnet50_no_weights,CIFAR10,fp32_fused,layer1.2.conv2,conv,36864,15.029130426320163,0.0004076912550542579,,,,,44,3,
resnet50_no_weights,CIFAR10,fp32_fused,layer1.2.conv2,conv,36864,17.633933642767765,0.00047835106452820544,1.163439762244864,4.1496695381237565,0.2019364604448265,0.11807402121999691,aggregate,3,2.2631968126653166
resnet50_no_weights,CIFAR10,fp32_fused,layer1.2.conv3,conv,16384,6.426802270552692,0.0003922608807710383,,,,,42,3,
resnet50_no_weights,CIFAR10,fp32_fused,layer1.2.conv3,conv,16384,5.48497884273529,0.0003347765406942926,,,,,43,3,
resnet50_no_weights,CIFAR10,fp32_fused,layer1.2.conv3,conv,16384,5.006824033600943,0.0003055922872070888,,,,,44,3,
resnet50_no_weights,CIFAR10,fp32_fused,layer1.2.conv3,conv,16384,5.639535048962975,0.0003442099028908066,0.3720814339815803,2.9860022369873813,0.2019364604448265,0.11807402121999691,aggregate,3,0.7224958574391759
resnet50_no_weights,CIFAR10,fp32_fused,layer2.0.conv1,conv,32768,47.63749668624375,0.0014537810268018723,,,,,42,3,
resnet50_no_weights,CIFAR10,fp32_fused,layer2.0.conv1,conv,32768,42.733675018189444,0.0013041282659359572,,,,,43,3,
resnet50_no_weights,CIFAR10,fp32_fused,layer2.0.conv1,conv,32768,44.96745678356716,0.001372297875475072,,,,,44,3,
resnet50_no_weights,CIFAR10,fp32_fused,layer2.0.conv1,conv,32768,45.11287616266679,0.0013767357227376339,2.9764268699287784,11.943107718022635,0.2019364604448265,0.11807402121999691,aggregate,3,2.4551429357336856
resnet50_no_weights,CIFAR10,fp32_fused,layer2.0.conv2,conv,147456,72.09997855292426,0.0004889592729554867,,,,,42,3,
resnet50_no_weights,CIFAR10,fp32_fused,layer2.0.conv2,conv,147456,50.178873443603514,0.00034029726456436844,,,,,43,3,
resnet50_no_weights,CIFAR10,fp32_fused,layer2.0.conv2,conv,147456,74.32163260323661,0.0005040258287437379,,,,,44,3,
resnet50_no_weights,CIFAR10,fp32_fused,layer2.0.conv2,conv,147456,65.53349486658813,0.0004444274554211977,4.323724656746029,3.8553840692006136,0.2019364604448265,0.11807402121999691,aggregate,3,13.343808900092988
resnet50_no_weights,CIFAR10,fp32_fused,layer2.0.conv3,conv,65536,28.464579377855575,0.0004343350124794857,,,,,42,3,
resnet50_no_weights,CIFAR10,fp32_fused,layer2.0.conv3,conv,65536,24.94357867674394,0.00038060880549230865,,,,,43,3,
resnet50_no_weights,CIFAR10,fp32_fused,layer2.0.conv3,conv,65536,28.03113028098797,0.0004277211041410518,,,,,44,3,
resnet50_no_weights,CIFAR10,fp32_fused,layer2.0.conv3,conv,65536,27.146429445195828,0.00041422164070428205,1.7910487846521355,3.593350264951382,0.2019364604448265,0.11807402121999691,aggregate,3,1.9199956148245867
resnet50_no_weights,CIFAR10,fp32_fused,layer2.0.downsample.0,conv,131072,32.55729000091553,0.00024839241028530524,,,,,42,3,
resnet50_no_weights,CIFAR10,fp32_fused,layer2.0.downsample.0,conv,131072,42.71426057815552,0.00032588394606136717,,,,,43,3,
resnet50_no_weights,CIFAR10,fp32_fused,layer2.0.downsample.0,conv,131072,36.590689014744115,0.0002791648026637582,,,,,44,3,
resnet50_no_weights,CIFAR10,fp32_fused,layer2.0.downsample.0,conv,131072,37.287413197938385,0.0002844803863368102,2.460123760504658,2.4678519207224054,0.2019364604448265,0.11807402121999691,aggregate,3,5.114203874242354
resnet50_no_weights,CIFAR10,fp32_fused,layer2.1.conv1,conv,65536,8.334849728856767,0.00012717971388026073,,,,,42,3,
resnet50_no_weights,CIFAR10,fp32_fused,layer2.1.conv1,conv,65536,6.4453913324019485,9.834886676638715e-05,,,,,43,3,
resnet50_no_weights,CIFAR10,fp32_fused,layer2.1.conv1,conv,65536,8.55416374621184,0.00013052618020953125,,,,,44,3,
resnet50_no_weights,CIFAR10,fp32_fused,layer2.1.conv1,conv,65536,7.778134935823519,0.00011868492028539305,0.5131805327028905,1.0295852457832295,0.2019364604448265,0.11807402121999691,aggregate,3,1.1593872493252366
resnet50_no_weights,CIFAR10,fp32_fused,layer2.1.conv2,conv,147456,8.42349977493286,5.7125513881651885e-05,,,,,42,3,
resnet50_no_weights,CIFAR10,fp32_fused,layer2.1.conv2,conv,147456,7.688197244297374,5.213892445405663e-05,,,,,43,3,
resnet50_no_weights,CIFAR10,fp32_fused,layer2.1.conv2,conv,147456,7.568741882288897,5.1328815933491325e-05,,,,,44,3,
resnet50_no_weights,CIFAR10,fp32_fused,layer2.1.conv2,conv,147456,7.893479633839711,5.353108475639995e-05,0.5207906672738121,0.46437925663538654,0.2019364604448265,0.11807402121999691,aggregate,3,0.4628805551667147
resnet50_no_weights,CIFAR10,fp32_fused,layer2.1.conv3,conv,65536,10.207461582289802,0.00015575350314773258,,,,,42,3,
resnet50_no_weights,CIFAR10,fp32_fused,layer2.1.conv3,conv,65536,8.24419488730254,0.0001257964307754904,,,,,43,3,
resnet50_no_weights,CIFAR10,fp32_fused,layer2.1.conv3,conv,65536,8.677675671047634,0.000132410822617304,,,,,44,3,
resnet50_no_weights,CIFAR10,fp32_fused,layer2.1.conv3,conv,65536,9.043110713546659,0.00013798691884684233,0.5966402500804322,1.1970290363272178,0.2019364604448265,0.11807402121999691,aggregate,3,1.0313879515615114
resnet50_no_weights,CIFAR10,fp32_fused,layer2.2.conv1,conv,65536,8.108568668365479,0.00012372693890938535,,,,,42,3,
resnet50_no_weights,CIFAR10,fp32_fused,layer2.2.conv1,conv,65536,8.759912470408848,0.00013366565659193188,,,,,43,3,
resnet50_no_weights,CIFAR10,fp32_fused,layer2.2.conv1,conv,65536,8.662191443973118,0.0001321745520625781,,,,,44,3,
resnet50_no_weights,CIFAR10,fp32_fused,layer2.2.conv1,conv,65536,8.510224194249147,0.00012985571585463177,0.5614818232725111,1.1264912914214837,0.2019364604448265,0.11807402121999691,aggregate,3,0.3512587662344934
resnet50_no_weights,CIFAR10,fp32_fused,layer2.2.conv2,conv,147456,6.840706391768022,4.639150927577055e-05,,,,,42,3,
resnet50_no_weights,CIFAR10,fp32_fused,layer2.2.conv2,conv,147456,6.907712183892727,4.6845921385991256e-05,,,,,43,3,
resnet50_no_weights,CIFAR10,fp32_fused,layer2.2.conv2,conv,147456,6.321294794911924,4.2869023945528996e-05,,,,,44,3,
resnet50_no_weights,CIFAR10,fp32_fused,layer2.2.conv2,conv,147456,6.689904456857557,4.5368818202430264e-05,0.4413819972561477,0.39357203701633786,0.2019364604448265,0.11807402121999691,aggregate,3,0.3209785915046682
resnet50_no_weights,CIFAR10,fp32_fused,layer2.2.conv3,conv,65536,7.180902587042914,0.00010957187785404838,,,,,42,3,
resnet50_no_weights,CIFAR10,fp32_fused,layer2.2.conv3,conv,65536,7.108497154145014,0.00010846705862648032,,,,,43,3,
resnet50_no_weights,CIFAR10,fp32_fused,layer2.2.conv3,conv,65536,7.132760554552078,0.00010883728873523069,,,,,44,3,
resnet50_no_weights,CIFAR10,fp32_fused,layer2.2.conv3,conv,65536,7.140720098580002,0.00010895874173858645,0.4711256071419056,0.9452111744558387,0.2019364604448265,0.11807402121999691,aggregate,3,0.036853119734052864
resnet50_no_weights,CIFAR10,fp32_fused,layer2.3.conv1,conv,65536,11.228864903145649,0.00017133888096840895,,,,,42,3,
resnet50_no_weights,CIFAR10,fp32_fused,layer2.3.conv1,conv,65536,14.9767746925354,0.00022852744586998597,,,,,43,3,
resnet50_no_weights,CIFAR10,fp32_fused,layer2.3.conv1,conv,65536,12.277127935531292,0.00018733410546159808,,,,,44,3,
resnet50_no_weights,CIFAR10,fp32_fused,layer2.3.conv1,conv,65536,12.82758917707078,0.000195733477433331,0.8463300137497612,1.6979772997834215,0.2019364604448265,0.11807402121999691,aggregate,3,1.9336397366569553
resnet50_no_weights,CIFAR10,fp32_fused,layer2.3.conv2,conv,147456,15.420491118180124,0.00010457689831665123,,,,,42,3,
resnet50_no_weights,CIFAR10,fp32_fused,layer2.3.conv2,conv,147456,14.812843958536783,0.00010045602727957346,,,,,43,3,
resnet50_no_weights,CIFAR10,fp32_fused,layer2.3.conv2,conv,147456,14.124678441456386,9.578910618392189e-05,,,,,44,3,
resnet50_no_weights,CIFAR10,fp32_fused,layer2.3.conv2,conv,147456,14.786004506057765,0.00010027401059338219,0.9755410174254951,0.8698716028472889,0.2019364604448265,0.11807402121999691,aggregate,3,0.6483231373678676
resnet50_no_weights,CIFAR10,fp32_fused,layer2.3.conv3,conv,65536,8.614385795593261,0.0001314450957579538,,,,,42,3,
resnet50_no_weights,CIFAR10,fp32_fused,layer2.3.conv3,conv,65536,9.091643674033028,0.00013872747305348248,,,,,43,3,
resnet50_no_weights,CIFAR10,fp32_fused,layer2.3.conv3,conv,65536,11.794457817077637,0.00017996914393734187,,,,,44,3,
resnet50_no_weights,CIFAR10,fp32_fused,layer2.3.conv3,conv,65536,9.833495762234643,0.00015004723758292607,0.6487877409214554,1.3016516471884485,0.2019364604448265,0.11807402121999691,aggregate,3,1.714926501641908
resnet50_no_weights,CIFAR10,fp32_fused,layer3.0.conv1,conv,131072,76.98670959472656,0.0005873619811609387,,,,,42,3,
resnet50_no_weights,CIFAR10,fp32_fused,layer3.0.conv1,conv,131072,77.2175170050727,0.0005891229019552055,,,,,43,3,
resnet50_no_weights,CIFAR10,fp32_fused,layer3.0.conv1,conv,131072,70.20342104058517,0.0005356095965620817,,,,,44,3,
resnet50_no_weights,CIFAR10,fp32_fused,layer3.0.conv1,conv,131072,74.80254921346148,0.000570698159892742,4.935272063242247,4.950775581331551,0.2019364604448265,0.11807402121999691,aggregate,3,3.984633355539262
resnet50_no_weights,CIFAR10,fp32_fused,layer3.0.conv2,conv,589824,65.52013582502093,0.00011108421465559375,,,,,42,3,
resnet50_no_weights,CIFAR10,fp32_fused,layer3.0.conv2,conv,589824,72.15647288004557,0.00012233559990784635,,,,,43,3,
resnet50_no_weights,CIFAR10,fp32_fused,layer3.0.conv2,conv,589824,76.10363255376402,0.00012902769733643259,,,,,44,3,
resnet50_no_weights,CIFAR10,fp32_fused,layer3.0.conv2,conv,589824,71.26008041961018,0.00012081583729995757,4.70154945008222,1.0480708352996433,0.2019364604448265,0.11807402121999691,aggregate,3,5.3483867038736985
resnet50_no_weights,CIFAR10,fp32_fused,layer3.0.conv3,conv,262144,29.06446769909981,0.00011087214545860219,,,,,42,3,
resnet50_no_weights,CIFAR10,fp32_fused,layer3.0.conv3,conv,262144,32.840211906433105,0.00012527546656201593,,,,,43,3,
resnet50_no_weights,CIFAR10,fp32_fused,layer3.0.conv3,conv,262144,29.630007191708213,0.0001130295074146584,,,,,44,3,
resnet50_no_weights,CIFAR10,fp32_fused,layer3.0.conv3,conv,262144,30.511562265747042,0.00011639237314509217,2.01307124475537,1.0096975236931738,0.2019364604448265,0.11807402121999691,aggregate,3,2.0363976996710234
resnet50_no_weights,CIFAR10,fp32_fused,layer3.0.downsample.0,conv,524288,36.26255624434527,6.916533707493833e-05,,,,,42,3,
resnet50_no_weights,CIFAR10,fp32_fused,layer3.0.downsample.0,conv,524288,33.44791356000033,6.379683219909731e-05,,,,,43,3,
resnet50_no_weights,CIFAR10,fp32_fused,layer3.0.downsample.0,conv,524288,37.059652535811715,7.068567759668677e-05,,,,,44,3,
resnet50_no_weights,CIFAR10,fp32_fused,layer3.0.downsample.0,conv,524288,35.59004078005244,6.788261562357414e-05,2.348135669684313,0.588878008454186,0.2019364604448265,0.11807402121999691,aggregate,3,1.897464728165854
resnet50_no_weights,CIFAR10,fp32_fused,layer3.1.conv1,conv,262144,16.042586374282838,6.119761037552962e-05,,,,,42,3,
resnet50_no_weights,CIFAR10,fp32_fused,layer3.1.conv1,conv,262144,15.971912452152797,6.092801075802916e-05,,,,,43,3,
resnet50_no_weights,CIFAR10,fp32_fused,layer3.1.conv1,conv,262144,16.780294501263164,6.401174355035081e-05,,,,,44,3,
resnet50_no_weights,CIFAR10,fp32_fused,layer3.1.conv1,conv,262144,16.264931109232933,6.204578822796987e-05,1.0731166378419534,0.5382438473977782,0.2019364604448265,0.11807402121999691,aggregate,3,0.44771449630427435
resnet50_no_weights,CIFAR10,fp32_fused,layer3.1.conv2,conv,589824,19.705238260541645,3.3408674893767705e-05,,,,,42,3,
resnet50_no_weights,CIFAR10,fp32_fused,layer3.1.conv2,conv,589824,20.325757789611817,3.446071673857255e-05,,,,,43,3,
resnet50_no_weights,CIFAR10,fp32_fused,layer3.1.conv2,conv,589824,20.195036908413503,3.423908981054264e-05,,,,,44,3,
resnet50_no_weights,CIFAR10,fp32_fused,layer3.1.conv2,conv,589824,20.075344319522323,3.403616048096097e-05,1.324517506714564,0.29526184598718996,0.2019364604448265,0.11807402121999691,aggregate,3,0.327117499327034
resnet50_no_weights,CIFAR10,fp32_fused,layer3.1.conv3,conv,262144,12.446004462242126,4.7477739190071586e-05,,,,,42,3,
resnet50_no_weights,CIFAR10,fp32_fused,layer3.1.conv3,conv,262144,13.58025871004377,5.180457576768406e-05,,,,,43,3,
resnet50_no_weights,CIFAR10,fp32_fused,layer3.1.conv3,conv,262144,13.454335746765137,5.132421778398566e-05,,,,,44,3,
resnet50_no_weights,CIFAR10,fp32_fused,layer3.1.conv3,conv,262144,13.160199639683677,5.020217758058043e-05,0.8682747621752613,0.4355011674513176,0.2019364604448265,0.11807402121999691,aggregate,3,0.6217074969636408
resnet50_no_weights,CIFAR10,fp32_fused,layer3.2.conv1,conv,262144,29.21353899637858,0.00011144080732871468,,,,,42,3,
resnet50_no_weights,CIFAR10,fp32_fused,layer3.2.conv1,conv,262144,25.89873961246375,9.879585118279934e-05,,,,,43,3,
resnet50_no_weights,CIFAR10,fp32_fused,layer3.2.conv1,conv,262144,26.346597122423578,0.00010050429200143272,,,,,44,3,
resnet50_no_weights,CIFAR10,fp32_fused,layer3.2.conv1,conv,262144,27.152958577088636,0.00010358031683764891,1.7914795593057617,0.8985536301760542,0.2019364604448265,0.11807402121999691,aggregate,3,1.7985098930997567
resnet50_no_weights,CIFAR10,fp32_fused,layer3.2.conv2,conv,589824,19.247299909591675,3.263227659368163e-05,,,,,42,3,
resnet50_no_weights,CIFAR10,fp32_fused,layer3.2.conv2,conv,589824,17.378620367783768,2.9464078043253186e-05,,,,,43,3,
resnet50_no_weights,CIFAR10,fp32_fused,layer3.2.conv2,conv,589824,19.11451706290245,3.240715376604284e-05,,,,,44,3,
resnet50_no_weights,CIFAR10,fp32_fused,layer3.2.conv2,conv,589824,18.580145780092632,3.150116946765922e-05,1.2258683074795198,0.2732709364494618,0.2019364604448265,0.11807402121999691,aggregate,3,1.0426674006660568
resnet50_no_weights,CIFAR10,fp32_fused,layer3.2.conv3,conv,262144,13.582224859910852,5.1812076034205826e-05,,,,,42,3,
resnet50_no_weights,CIFAR10,fp32_fused,layer3.2.conv3,conv,262144,12.71037911233448,4.848624844487945e-05,,,,,43,3,
resnet50_no_weights,CIFAR10,fp32_fused,layer3.2.conv3,conv,262144,14.715443202427455,5.6134960946760005e-05,,,,,44,3,
resnet50_no_weights,CIFAR10,fp32_fused,layer3.2.conv3,conv,262144,13.669349058224261,5.214442847528176e-05,0.9018670785837398,0.45235008861152226,0.2019364604448265,0.11807402121999691,aggregate,3,1.0053673312744495
resnet50_no_weights,CIFAR10,fp32_fused,layer3.3.conv1,conv,262144,46.444766998291016,0.00017717272567097098,,,,,42,3,
resnet50_no_weights,CIFAR10,fp32_fused,layer3.3.conv1,conv,262144,50.066921071803314,0.0001909901469108708,,,,,43,3,
resnet50_no_weights,CIFAR10,fp32_fused,layer3.3.conv1,conv,262144,48.97068667411804,0.00018680834455153672,,,,,44,3,
resnet50_no_weights,CIFAR10,fp32_fused,layer3.3.conv1,conv,262144,48.494124914737455,0.00018499040571112616,3.1995126160755687,1.6047817353176428,0.2019364604448265,0.11807402121999691,aggregate,3,1.85750729902829
resnet50_no_weights,CIFAR10,fp32_fused,layer3.3.conv2,conv,589824,30.577201008796692,5.184122892387677e-05,,,,,42,3,
resnet50_no_weights,CIFAR10,fp32_fused,layer3.3.conv2,conv,589824,29.382760047912598,4.981614862723897e-05,,,,,43,3,
resnet50_no_weights,CIFAR10,fp32_fused,layer3.3.conv2,conv,589824,31.48901144663493,5.3387131494538927e-05,,,,,44,3,
resnet50_no_weights,CIFAR10,fp32_fused,layer3.3.conv2,conv,589824,30.482990834448074,5.1681503015218226e-05,2.0111861781609917,0.44833423535541583,0.2019364604448265,0.11807402121999691,aggregate,3,1.0562814049144493
resnet50_no_weights,CIFAR10,fp32_fused,layer3.3.conv3,conv,262144,15.979219799950009,6.095588607769016e-05,,,,,42,3,
resnet50_no_weights,CIFAR10,fp32_fused,layer3.3.conv3,conv,262144,15.180236876010895,5.790800810245855e-05,,,,,43,3,
resnet50_no_weights,CIFAR10,fp32_fused,layer3.3.conv3,conv,262144,15.42286491394043,5.883356061531231e-05,,,,,44,3,
resnet50_no_weights,CIFAR10,fp32_fused,layer3.3.conv3,conv,262144,15.52744052996711,5.923248493182034e-05,1.024458982574505,0.5138385939025254,0.2019364604448265,0.11807402121999691,aggregate,3,0.40962845700353145
resnet50_no_weights,CIFAR10,fp32_fused,layer3.4.conv1,conv,262144,57.50631556791418,0.00021936918475309059,,,,,42,3,
resnet50_no_weights,CIFAR10,fp32_fused,layer3.4.conv1,conv,262144,56.78484370158269,0.00021661698799737048,,,,,43,3,
resnet50_no_weights,CIFAR10,fp32_fused,layer3.4.conv1,conv,262144,54.58673107624054,0.000208231853775942,,,,,44,3,
resnet50_no_weights,CIFAR10,fp32_fused,layer3.4.conv1,conv,262144,56.2926301152458,0.00021473934217546768,3.714037124341819,1.8628521455077263,0.2019364604448265,0.11807402121999691,aggregate,3,1.5207560823275603
resnet50_no_weights,CIFAR10,fp32_fused,layer3.4.conv2,conv,589824,22.80506297816401,3.86641828378703e-05,,,,,42,3,
resnet50_no_weights,CIFAR10,fp32_fused,layer3.4.conv2,conv,589824,22.198619556427,3.7636005921134104e-05,,,,,43,3,
resnet50_no_weights,CIFAR10,fp32_fused,layer3.4.conv2,conv,589824,19.063330687009373,3.232037130908436e-05,,,,,44,3,
resnet50_no_weights,CIFAR10,fp32_fused,layer3.4.conv2,conv,589824,21.355671073866795,3.620685335602958e-05,1.4089900404581168,0.31409248893595965,0.2019364604448265,0.11807402121999691,aggregate,3,2.008248426578557
resnet50_no_weights,CIFAR10,fp32_fused,layer3.4.conv3,conv,262144,15.210624933242798,5.802392934128875e-05,,,,,42,3,
resnet50_no_weights,CIFAR10,fp32_fused,layer3.4.conv3,conv,262144,16.167160946982246,6.167282465737246e-05,,,,,43,3,
resnet50_no_weights,CIFAR10,fp32_fused,layer3.4.conv3,conv,262144,16.0986348881441,6.141141848809853e-05,,,,,44,3,
resnet50_no_weights,CIFAR10,fp32_fused,layer3.4.conv3,conv,262144,15.825473589456381,6.036939082891991e-05,1.0441224064535848,0.5237011908919572,0.2019364604448265,0.11807402121999691,aggregate,3,0.5335757750504699
resnet50_no_weights,CIFAR10,fp32_fused,layer3.5.conv1,conv,262144,52.71238650446353,0.00020108179666314518,,,,,42,3,
resnet50_no_weights,CIFAR10,fp32_fused,layer3.5.conv1,conv,262144,46.37732036590576,0.00017691543718683533,,,,,43,3,
resnet50_no_weights,CIFAR10,fp32_fused,layer3.5.conv1,conv,262144,49.85612106323242,0.0001901860086945817,,,,,44,3,
resnet50_no_weights,CIFAR10,fp32_fused,layer3.5.conv1,conv,262144,49.64860931120057,0.00018939441418152074,3.2756824077367352,1.6429862699166409,0.2019364604448265,0.11807402121999691,aggregate,3,3.172626922661852
resnet50_no_weights,CIFAR10,fp32_fused,layer3.5.conv2,conv,589824,7.54241422812144,1.2787567525433757e-05,,,,,42,3,
resnet50_no_weights,CIFAR10,fp32_fused,layer3.5.conv2,conv,589824,7.030025502909785,1.1918852916988432e-05,,,,,43,3,
resnet50_no_weights,CIFAR10,fp32_fused,layer3.5.conv2,conv,589824,6.36044372682986,1.0783629907955357e-05,,,,,44,3,
resnet50_no_weights,CIFAR10,fp32_fused,layer3.5.conv2,conv,589824,6.9776278192870285,1.1830016783459181e-05,0.4603652149067669,0.1026247539142223,0.2019364604448265,0.11807402121999691,aggregate,3,0.5927248133979544
resnet50_no_weights,CIFAR10,fp32_fused,layer3.5.conv3,conv,262144,6.799148523807526,2.5936693282346825e-05,,,,,42,3,
resnet50_no_weights,CIFAR10,fp32_fused,layer3.5.conv3,conv,262144,6.710776956457841,2.5599582506018986e-05,,,,,43,3,
resnet50_no_weights,CIFAR10,fp32_fused,layer3.5.conv3,conv,262144,6.736917170611295,2.569929950947302e-05,,,,,44,3,
resnet50_no_weights,CIFAR10,fp32_fused,layer3.5.conv3,conv,262144,6.748947550292221,2.5745191765946277e-05,0.44527750259145327,0.22333814210212233,0.2019364604448265,0.11807402121999691,aggregate,3,0.045397477963102756
resnet50_no_weights,CIFAR10,fp32_fused,layer4.0.conv1,conv,524288,58.64099593389602,0.00011184882342127995,,,,,42,3,
resnet50_no_weights,CIFAR10,fp32_fused,layer4.0.conv1,conv,524288,58.3019270102183,0.00011120210077327404,,,,,43,3,
resnet50_no_weights,CIFAR10,fp32_fused,layer4.0.conv1,conv,524288,62.60991317995133,0.00011941893230428949,,,,,44,3,
resnet50_no_weights,CIFAR10,fp32_fused,layer4.0.conv1,conv,524288,59.85094537468855,0.00011415661883294783,3.9488052449044275,0.9903024763068264,0.2019364604448265,0.11807402121999691,aggregate,3,2.3953432836669513
resnet50_no_weights,CIFAR10,fp32_fused,layer4.0.conv2,conv,2359296,14.54780478477478,6.166163459258516e-06,,,,,42,3,
resnet50_no_weights,CIFAR10,fp32_fused,layer4.0.conv2,conv,2359296,14.378200882359556,6.094275954504884e-06,,,,,43,3,
resnet50_no_weights,CIFAR10,fp32_fused,layer4.0.conv2,conv,2359296,15.408090742010819,6.530800180227839e-06,,,,,44,3,
resnet50_no_weights,CIFAR10,fp32_fused,layer4.0.conv2,conv,2359296,14.778032136381718,6.263746531330413e-06,0.9750150218043064,0.05433766140193787,0.2019364604448265,0.11807402121999691,aggregate,3,0.5521972073671535
resnet50_no_weights,CIFAR10,fp32_fused,layer4.0.conv3,conv,1048576,10.360983981026543,9.881004315401595e-06,,,,,42,3,
resnet50_no_weights,CIFAR10,fp32_fused,layer4.0.conv3,conv,1048576,9.91685885649461,9.457453590864763e-06,,,,,43,3,
resnet50_no_weights,CIFAR10,fp32_fused,layer4.0.conv3,conv,1048576,12.088888263702392,1.1528862250997917e-05,,,,,44,3,
resnet50_no_weights,CIFAR10,fp32_fused,layer4.0.conv3,conv,1048576,10.788910367074514,1.0289106719088091e-05,0.7118234403415936,0.08925744268765347,0.2019364604448265,0.11807402121999691,aggregate,3,1.147505416262122
resnet50_no_weights,CIFAR10,fp32_fused,layer4.0.downsample.0,conv,2097152,86.30187279837472,4.1151939772784575e-05,,,,,42,3,
resnet50_no_weights,CIFAR10,fp32_fused,layer4.0.downsample.0,conv,2097152,73.88066362079822,3.522904568710242e-05,,,,,43,3,
resnet50_no_weights,CIFAR10,fp32_fused,layer4.0.downsample.0,conv,2097152,71.5696792602539,3.4127082471968606e-05,,,,,44,3,
resnet50_no_weights,CIFAR10,fp32_fused,layer4.0.downsample.0,conv,2097152,77.25073855980895,3.683602264395187e-05,5.096797046195391,0.3195504983813639,0.2019364604448265,0.11807402121999691,aggregate,3,7.923221278752303
resnet50_no_weights,CIFAR10,fp32_fused,layer4.1.conv1,conv,1048576,31.084973874299422,2.9644941210078642e-05,,,,,42,3,
resnet50_no_weights,CIFAR10,fp32_fused,layer4.1.conv1,conv,1048576,36.15948829650879,3.448437528277282e-05,,,,,43,3,
resnet50_no_weights,CIFAR10,fp32_fused,layer4.1.conv1,conv,1048576,30.221409974274813,2.8821382498049558e-05,,,,,44,3,
resnet50_no_weights,CIFAR10,fp32_fused,layer4.1.conv1,conv,1048576,32.48862404836101,3.098356633030034e-05,2.143512491552915,0.26878075730863793,0.2019364604448265,0.11807402121999691,aggregate,3,3.2082501303052435
resnet50_no_weights,CIFAR10,fp32_fused,layer4.1.conv2,conv,2359296,97.35289497375489,4.1263535806340066e-05,,,,,42,3,
resnet50_no_weights,CIFAR10,fp32_fused,layer4.1.conv2,conv,2359296,95.53212356567383,4.0491792282813956e-05,,,,,43,3,
resnet50_no_weights,CIFAR10,fp32_fused,layer4.1.conv2,conv,2359296,108.47329139709473,4.597697423176012e-05,,,,,44,3,
resnet50_no_weights,CIFAR10,fp32_fused,layer4.1.conv2,conv,2359296,100.45276997884115,4.257743410697138e-05,6.627605002299266,0.3693569313981379,0.2019364604448265,0.11807402121999691,aggregate,3,7.005381859372099
resnet50_no_weights,CIFAR10,fp32_fused,layer4.1.conv3,conv,1048576,19.16008253097534,1.827247861001524e-05,,,,,42,3,
resnet50_no_weights,CIFAR10,fp32_fused,layer4.1.conv3,conv,1048576,23.00162525177002,2.193605923821451e-05,,,,,43,3,
resnet50_no_weights,CIFAR10,fp32_fused,layer4.1.conv3,conv,1048576,19.977585580613876,1.9052110272039296e-05,,,,,44,3,
resnet50_no_weights,CIFAR10,fp32_fused,layer4.1.conv3,conv,1048576,20.713097787786413,1.9753549373423017e-05,1.3665947742442808,0.17136096934489795,0.2019364604448265,0.11807402121999691,aggregate,3,2.0236344220479907
resnet50_no_weights,CIFAR10,fp32_fused,layer4.2.conv1,conv,1048576,33.012888852287745,3.1483544208801026e-05,,,,,42,3,
resnet50_no_weights,CIFAR10,fp32_fused,layer4.2.conv1,conv,1048576,37.88041192009335,3.612557594308219e-05,,,,,43,3,
resnet50_no_weights,CIFAR10,fp32_fused,layer4.2.conv1,conv,1048576,28.7682204246521,2.743551294770441e-05,,,,,44,3,
resnet50_no_weights,CIFAR10,fp32_fused,layer4.2.conv1,conv,1048576,33.22050706567773,3.168154436652921e-05,2.191800174885967,0.2748356789132863,0.2019364604448265,0.11807402121999691,aggregate,3,4.559642250692088
resnet50_no_weights,CIFAR10,fp32_fused,layer4.2.conv2,conv,2359296,11.166511964797973,4.7329847398537415e-06,,,,,42,3,
resnet50_no_weights,CIFAR10,fp32_fused,layer4.2.conv2,conv,2359296,11.62364927927653,4.92674479136002e-06,,,,,43,3,
resnet50_no_weights,CIFAR10,fp32_fused,layer4.2.conv2,conv,2359296,10.61498936739835,4.49921899049477e-06,,,,,44,3,
resnet50_no_weights,CIFAR10,fp32_fused,layer4.2.conv2,conv,2359296,11.135050203824283,4.719649507236177e-06,0.7346608206748689,0.04094270347263742,0.2019364604448265,0.11807402121999691,aggregate,3,0.5050654277023904
resnet50_no_weights,CIFAR10,fp32_fused,layer4.2.conv3,conv,1048576,5.638076473165442,5.376888726392214e-06,,,,,42,3,
resnet50_no_weights,CIFAR10,fp32_fused,layer4.2.conv3,conv,1048576,5.64306503534317,5.381646190016909e-06,,,,,43,3,
resnet50_no_weights,CIFAR10,fp32_fused,layer4.2.conv3,conv,1048576,5.784576313836234,5.516601861797556e-06,,,,,44,3,
resnet50_no_weights,CIFAR10,fp32_fused,layer4.2.conv3,conv,1048576,5.688572607448282,5.425045592735559e-06,0.37531680089068803,0.04706197625233859,0.2019364604448265,0.11807402121999691,aggregate,3,0.08317905486550278
resnet50_no_weights,CIFAR10,fp32_fused,fc,linear,20480,4.998352392361714,0.00024406017540828684,,,,,42,3,
resnet50_no_weights,CIFAR10,fp32_fused,fc,linear,20480,5.9417091867198115,0.0002901225188828033,,,,,43,3,
resnet50_no_weights,CIFAR10,fp32_fused,fc,linear,20480,5.608582419507644,0.0002738565634525217,,,,,44,3,
resnet50_no_weights,CIFAR10,fp32_fused,fc,linear,20480,5.51621466619639,0.00026934641924787064,0.36394508506973405,2.3365655771205986,0.2019364604448265,0.11807402121999691,aggregate,3,0.47841337957275276
resnet50_no_weights,CIFAR10,ptq,conv1,conv,1728,975.6686444638381,0.5646230581387952,,,,,42,3,
resnet50_no_weights,CIFAR10,ptq,conv1,conv,1728,1002.9305300191901,0.5803996122796239,,,,,43,3,
resnet50_no_weights,CIFAR10,ptq,conv1,conv,1728,1152.838036840245,0.6671516416899566,,,,,44,3,
resnet50_no_weights,CIFAR10,ptq,conv1,conv,1728,1043.8124037744244,0.6040581040361253,1426.5075930276396,206341.78877854496,-0.5730871491032894,0.21342420563343198,aggregate,3,95.39782020602196
resnet50_no_weights,CIFAR10,ptq,layer1.0.conv1,conv,4096,6.914054641096862,0.0016880016213615386,,,,,42,3,
resnet50_no_weights,CIFAR10,ptq,layer1.0.conv1,conv,4096,9.10688183973233,0.0022233598241534007,,,,,43,3,
resnet50_no_weights,CIFAR10,ptq,layer1.0.conv1,conv,4096,11.232652522231403,0.002742346807185401,,,,,44,3,
resnet50_no_weights,CIFAR10,ptq,layer1.0.conv1,conv,4096,9.084529667686866,0.0022179027509001137,12.415210341609182,757.6192056686916,-0.5730871491032894,0.21342420563343198,aggregate,3,2.159385706498795
resnet50_no_weights,CIFAR10,ptq,layer1.0.conv2,conv,36864,22.886962274791763,0.0006208485860132314,,,,,42,3,
resnet50_no_weights,CIFAR10,ptq,layer1.0.conv2,conv,36864,23.386026074488957,0.0006343865580102256,,,,,43,3,
resnet50_no_weights,CIFAR10,ptq,layer1.0.conv2,conv,36864,19.87140203160899,0.0005390462790692543,,,,,44,3,
resnet50_no_weights,CIFAR10,ptq,layer1.0.conv2,conv,36864,22.048130126963237,0.0005980938076975705,30.13168355199148,204.304429181712,-0.5730871491032894,0.21342420563343198,aggregate,3,1.9015454424941947
resnet50_no_weights,CIFAR10,ptq,layer1.0.conv3,conv,16384,5.418147288930061,0.00033069746636536014,,,,,42,3,
resnet50_no_weights,CIFAR10,ptq,layer1.0.conv3,conv,16384,4.282386476887351,0.00026137612773970647,,,,,43,3,
resnet50_no_weights,CIFAR10,ptq,layer1.0.conv3,conv,16384,4.791030899518066,0.00029242131955066323,,,,,44,3,
resnet50_no_weights,CIFAR10,ptq,layer1.0.conv3,conv,16384,4.830521555111826,0.0002948316378852433,6.601546074499272,100.71231085761754,-0.5730871491032894,0.21342420563343198,aggregate,3,0.5689092980892452
resnet50_no_weights,CIFAR10,ptq,layer1.0.downsample.0,conv,16384,2.584256003261544,0.00015773046894906884,,,,,42,3,
resnet50_no_weights,CIFAR10,ptq,layer1.0.downsample.0,conv,16384,2.1368584643033417,0.0001304234902528895,,,,,43,3,
resnet50_no_weights,CIFAR10,ptq,layer1.0.downsample.0,conv,16384,2.3884206307053133,0.00014577762638582234,,,,,44,3,
resnet50_no_weights,CIFAR10,ptq,layer1.0.downsample.0,conv,16384,2.369845032756733,0.00014464386186259357,3.238706420140307,49.40927535470892,-0.5730871491032894,0.21342420563343198,aggregate,3,0.2242764568469559
resnet50_no_weights,CIFAR10,ptq,layer1.1.conv1,conv,16384,19.55201443875658,0.0011933602562717639,,,,,42,3,
resnet50_no_weights,CIFAR10,ptq,layer1.1.conv1,conv,16384,16.338971683735487,0.000997251689681121,,,,,43,3,
resnet50_no_weights,CIFAR10,ptq,layer1.1.conv1,conv,16384,14.926462022290714,0.0009110389417902047,,,,,44,3,
resnet50_no_weights,CIFAR10,ptq,layer1.1.conv1,conv,16384,16.93914938159426,0.0010338836292476965,23.14958619470059,353.16701493183746,-0.5730871491032894,0.21342420563343198,aggregate,3,2.3704627694025473
resnet50_no_weights,CIFAR10,ptq,layer1.1.conv2,conv,36864,3.429080337939131,9.301975743107451e-05,,,,,42,3,
resnet50_no_weights,CIFAR10,ptq,layer1.1.conv2,conv,36864,4.107601659080709,0.00011142582625544458,,,,,43,3,
resnet50_no_weights,CIFAR10,ptq,layer1.1.conv2,conv,36864,4.236569034174467,0.00011492429020655564,,,,,44,3,
resnet50_no_weights,CIFAR10,ptq,layer1.1.conv2,conv,36864,3.9244170103981024,0.00010645662463102491,5.363234469428222,36.36479704008425,-0.5730871491032894,0.21342420563343198,aggregate,3,0.4337936839923886
resnet50_no_weights,CIFAR10,ptq,layer1.1.conv3,conv,16384,1.1610779837869547,7.086657615887175e-05,,,,,42,3,
resnet50_no_weights,CIFAR10,ptq,layer1.1.conv3,conv,16384,1.182884014175775,7.219751063084564e-05,,,,,43,3,
resnet50_no_weights,CIFAR10,ptq,layer1.1.conv3,conv,16384,1.0638804514670657,6.49341095866129e-05,,,,,44,3,
resnet50_no_weights,CIFAR10,ptq,layer1.1.conv3,conv,16384,1.1359474831432652,6.933273212544343e-05,1.5524223549413703,23.68354943353614,-0.5730871491032894,0.21342420563343198,aggregate,3,0.06335707167549091
resnet50_no_weights,CIFAR10,ptq,layer1.2.conv1,conv,16384,9.388903549201386,0.0005730531951416861,,,,,42,3,
resnet50_no_weights,CIFAR10,ptq,layer1.2.conv1,conv,16384,7.995741127905521,0.0004880213090762647,,,,,43,3,
resnet50_no_weights,CIFAR10,ptq,layer1.2.conv1,conv,16384,9.851249006763101,0.0006012725223854432,,,,,44,3,
resnet50_no_weights,CIFAR10,ptq,layer1.2.conv1,conv,16384,9.07863122795667,0.0005541156755344647,12.407149344219503,189.28182391072667,-0.5730871491032894,0.21342420563343198,aggregate,3,0.9658825276003175
resnet50_no_weights,CIFAR10,ptq,layer1.2.conv2,conv,36864,1.021523075994481,2.7710586913912785e-05,,,,,42,3,
resnet50_no_weights,CIFAR10,ptq,layer1.2.conv2,conv,36864,1.4269245426453974,3.870780551880961e-05,,,,,43,3,
resnet50_no_weights,CIFAR10,ptq,layer1.2.conv2,conv,36864,1.1811901228502393,3.204183275960936e-05,,,,,44,3,
resnet50_no_weights,CIFAR10,ptq,layer1.2.conv2,conv,36864,1.2098792471633726,3.282007506411058e-05,1.6534598808025809,11.211095342195248,-0.5730871491032894,0.21342420563343198,aggregate,3,0.20421774330618128
resnet50_no_weights,CIFAR10,ptq,layer1.2.conv3,conv,16384,1.0126639645675133,6.180810330612264e-05,,,,,42,3,
resnet50_no_weights,CIFAR10,ptq,layer1.2.conv3,conv,16384,0.787150544000835,4.804385644536346e-05,,,,,43,3,
resnet50_no_weights,CIFAR10,ptq,layer1.2.conv3,conv,16384,0.4086299530769649,2.4940793034482722e-05,,,,,44,3,
resnet50_no_weights,CIFAR10,ptq,layer1.2.conv3,conv,16384,0.736148153881771,4.493091759532294e-05,1.0060437366986534,15.34806974053258,-0.5730871491032894,0.21342420563343198,aggregate,3,0.30522975708101246
resnet50_no_weights,CIFAR10,ptq,layer2.0.conv1,conv,32768,11.314450802432525,0.0003452896363047035,,,,,42,3,
resnet50_no_weights,CIFAR10,ptq,layer2.0.conv1,conv,32768,9.714596504775377,0.0002964659577873345,,,,,43,3,
resnet50_no_weights,CIFAR10,ptq,layer2.0.conv1,conv,32768,5.953713650504748,0.0001816929214631576,,,,,44,3,
resnet50_no_weights,CIFAR10,ptq,layer2.0.conv1,conv,32768,8.994253652570883,0.00027448283851839853,12.291836236678487,93.76131122232523,-0.5730871491032894,0.21342420563343198,aggregate,3,2.752007643804112
resnet50_no_weights,CIFAR10,ptq,layer2.0.conv2,conv,147456,2.0595614202320576,1.396729478781506e-05,,,,,42,3,
resnet50_no_weights,CIFAR10,ptq,layer2.0.conv2,conv,147456,1.5935717794511999,1.0807100283821613e-05,,,,,43,3,
resnet50_no_weights,CIFAR10,ptq,layer2.0.conv2,conv,147456,2.531954156451447,1.7170913061872336e-05,,,,,44,3,
resnet50_no_weights,CIFAR10,ptq,layer2.0.conv2,conv,147456,2.0616957853782347,1.3981769377836337e-05,2.817579750652888,4.776069196713064,-0.5730871491032894,0.21342420563343198,aggregate,3,0.46919482947075564
resnet50_no_weights,CIFAR10,ptq,layer2.0.conv3,conv,65536,0.47188017351759803,7.200320030480927e-06,,,,,42,3,
resnet50_no_weights,CIFAR10,ptq,layer2.0.conv3,conv,65536,0.5919584871402809,9.032569689030165e-06,,,,,43,3,
resnet50_no_weights,CIFAR10,ptq,layer2.0.conv3,conv,65536,0.40748567979883504,6.217738034039841e-06,,,,,44,3,
resnet50_no_weights,CIFAR10,ptq,layer2.0.conv3,conv,65536,0.49044144681890467,7.483542584516978e-06,0.6702530505412747,2.5563228983636,-0.5730871491032894,0.21342420563343198,aggregate,3,0.09362662448274474
resnet50_no_weights,CIFAR10,ptq,layer2.0.downsample.0,conv,131072,0.7418720305842512,5.660034413026819e-06,,,,,42,3,
resnet50_no_weights,CIFAR10,ptq,layer2.0.downsample.0,conv,131072,0.7266139176984628,5.54362425001879e-06,,,,,43,3,
resnet50_no_weights,CIFAR10,ptq,layer2.0.downsample.0,conv,131072,0.7984358497196808,6.09158210540528e-06,,,,,44,3,
resnet50_no_weights,CIFAR10,ptq,layer2.0.downsample.0,conv,131072,0.7556405993341316,5.765080256150296e-06,1.0326827394005973,1.9693088538297014,-0.5730871491032894,0.21342420563343198,aggregate,3,0.037838837110570046
resnet50_no_weights,CIFAR10,ptq,layer2.1.conv1,conv,65536,0.8077802281253613,1.2325748109823018e-05,,,,,42,3,
resnet50_no_weights,CIFAR10,ptq,layer2.1.conv1,conv,65536,0.6498446077410434,9.915841792923635e-06,,,,,43,3,
resnet50_no_weights,CIFAR10,ptq,layer2.1.conv1,conv,65536,0.5363000839948654,8.183289855878683e-06,,,,,44,3,
resnet50_no_weights,CIFAR10,ptq,layer2.1.conv1,conv,65536,0.6646416399537567,1.0141626586208446e-05,0.9083206355931285,3.464304769590758,-0.5730871491032894,0.21342420563343198,aggregate,3,0.13634361476067286
resnet50_no_weights,CIFAR10,ptq,layer2.1.conv2,conv,147456,0.3492093160748482,2.3682272411759995e-06,,,,,42,3,
resnet50_no_weights,CIFAR10,ptq,layer2.1.conv2,conv,147456,0.33619818304266247,2.2799898481083336e-06,,,,,43,3,
resnet50_no_weights,CIFAR10,ptq,layer2.1.conv2,conv,147456,0.23311677793769733,1.5809243295471012e-06,,,,,44,3,
resnet50_no_weights,CIFAR10,ptq,layer2.1.conv2,conv,147456,0.30617475901840263,2.076380472943811e-06,0.41842827020816503,0.7092762403307553,-0.5730871491032894,0.21342420563343198,aggregate,3,0.06360364647869517
resnet50_no_weights,CIFAR10,ptq,layer2.1.conv3,conv,65536,0.4159475084005007,6.346855291755687e-06,,,,,42,3,
resnet50_no_weights,CIFAR10,ptq,layer2.1.conv3,conv,65536,0.4418348674662411,6.741865043125017e-06,,,,,43,3,
resnet50_no_weights,CIFAR10,ptq,layer2.1.conv3,conv,65536,0.509396546560785,7.772774453136979e-06,,,,,44,3,
resnet50_no_weights,CIFAR10,ptq,layer2.1.conv3,conv,65536,0.4557263074758423,6.953831596005895e-06,0.6228102249082188,2.375377535368368,-0.5730871491032894,0.21342420563343198,aggregate,3,0.04824841720124951
resnet50_no_weights,CIFAR10,ptq,layer2.2.conv1,conv,65536,0.7891925170381622,1.2042122147188754e-05,,,,,42,3,
resnet50_no_weights,CIFAR10,ptq,layer2.2.conv1,conv,65536,0.9833948596103771,1.5005414727941545e-05,,,,,43,3,
resnet50_no_weights,CIFAR10,ptq,layer2.2.conv1,conv,65536,0.673570837204655,1.0277875323557359e-05,,,,,44,3,
resnet50_no_weights,CIFAR10,ptq,layer2.2.conv1,conv,65536,0.8153860712843981,1.2441804066229219e-05,1.114332822382839,4.25002841532009,-0.5730871491032894,0.21342420563343198,aggregate,3,0.15656406972212117
resnet50_no_weights,CIFAR10,ptq,layer2.2.conv2,conv,147456,0.15912332011329144,1.079124078459279e-06,,,,,42,3,
resnet50_no_weights,CIFAR10,ptq,layer2.2.conv2,conv,147456,0.18617181039669298,1.2625583929897256e-06,,,,,43,3,
resnet50_no_weights,CIFAR10,ptq,layer2.2.conv2,conv,147456,0.1767372737837131,1.1985763467319953e-06,,,,,44,3,
resnet50_no_weights,CIFAR10,ptq,layer2.2.conv2,conv,147456,0.17401080143123251,1.180086272727e-06,0.23780875626011613,0.403108758578848,-0.5730871491032894,0.21342420563343198,aggregate,3,0.013728818057992013
resnet50_no_weights,CIFAR10,ptq,layer2.2.conv3,conv,65536,0.2924642438915643,4.4626502058649335e-06,,,,,42,3,
resnet50_no_weights,CIFAR10,ptq,layer2.2.conv3,conv,65536,0.32811605641800984,5.0066536929017614e-06,,,,,43,3,
resnet50_no_weights,CIFAR10,ptq,layer2.2.conv3,conv,65536,0.17768573611974717,2.7112691668662593e-06,,,,,44,3,
resnet50_no_weights,CIFAR10,ptq,layer2.2.conv3,conv,65536,0.26608867880977377,4.0601910218776515e-06,0.36364534409466986,1.3869312780326837,-0.5730871491032894,0.21342420563343198,aggregate,3,0.07860708073257332
resnet50_no_weights,CIFAR10,ptq,layer2.3.conv1,conv,65536,0.5488406942192331,8.374644382007341e-06,,,,,42,3,
resnet50_no_weights,CIFAR10,ptq,layer2.3.conv1,conv,65536,0.4497409339195916,6.862502043450799e-06,,,,,43,3,
resnet50_no_weights,CIFAR10,ptq,layer2.3.conv1,conv,65536,0.5507624072977054,8.403967396510398e-06,,,,,44,3,
resnet50_no_weights,CIFAR10,ptq,layer2.3.conv1,conv,65536,0.5164480118121767,7.880371273989513e-06,0.7057944584583689,2.691876649033108,-0.5730871491032894,0.21342420563343198,aggregate,3,0.05777801420968496
resnet50_no_weights,CIFAR10,ptq,layer2.3.conv2,conv,147456,0.13181463087540726,8.93925176835173e-07,,,,,42,3,
resnet50_no_weights,CIFAR10,ptq,layer2.3.conv2,conv,147456,0.12014550577711176,8.147888575379215e-07,,,,,43,3,
resnet50_no_weights,CIFAR10,ptq,layer2.3.conv2,conv,147456,0.13327063118609098,9.037993108865762e-07,,,,,44,3,
resnet50_no_weights,CIFAR10,ptq,layer2.3.conv2,conv,147456,0.12841025594620334,8.708377817532236e-07,0.17548958459155065,0.29747175714102175,-0.5730871491032894,0.21342420563343198,aggregate,3,0.007194411424453159
resnet50_no_weights,CIFAR10,ptq,layer2.3.conv3,conv,65536,0.1750532787723037,2.671101055485591e-06,,,,,42,3,
resnet50_no_weights,CIFAR10,ptq,layer2.3.conv3,conv,65536,0.16912316296781812,2.5806146693087482e-06,,,,,43,3,
resnet50_no_weights,CIFAR10,ptq,layer2.3.conv3,conv,65536,0.1581227405426594,2.4127615439248566e-06,,,,,44,3,
resnet50_no_weights,CIFAR10,ptq,layer2.3.conv3,conv,65536,0.16743306076092707,2.554825756239732e-06,0.22881940436390585,0.8727096169021488,-0.5730871491032894,0.21342420563343198,aggregate,3,0.008590873953717704
resnet50_no_weights,CIFAR10,ptq,layer3.0.conv1,conv,131072,0.514367827004002,3.924315086395279e-06,,,,,42,3,
resnet50_no_weights,CIFAR10,ptq,layer3.0.conv1,conv,131072,0.5909757021400663,4.508786790009051e-06,,,,,43,3,
resnet50_no_weights,CIFAR10,ptq,layer3.0.conv1,conv,131072,0.42627848633404436,3.252246752426486e-06,,,,,44,3,
resnet50_no_weights,CIFAR10,ptq,layer3.0.conv1,conv,131072,0.5105406718260376,3.895116209610272e-06,0.6977212976927449,1.3305429408546157,-0.5730871491032894,0.21342420563343198,aggregate,3,0.08241528111419028
resnet50_no_weights,CIFAR10,ptq,layer3.0.conv2,conv,589824,0.3810191720724106,6.459879083801449e-07,,,,,42,3,
resnet50_no_weights,CIFAR10,ptq,layer3.0.conv2,conv,589824,0.40814346336481866,6.919750016357738e-07,,,,,43,3,
resnet50_no_weights,CIFAR10,ptq,layer3.0.conv2,conv,589824,0.41711367666721344,7.071832897054264e-07,,,,,44,3,
resnet50_no_weights,CIFAR10,ptq,layer3.0.conv2,conv,589824,0.4020921040348142,6.81715399907115e-07,0.5495119979682466,0.23286894773007266,-0.5730871491032894,0.21342420563343198,aggregate,3,0.018792752001547956
resnet50_no_weights,CIFAR10,ptq,layer3.0.conv3,conv,262144,0.8071611579507589,3.079075462153469e-06,,,,,42,3,
resnet50_no_weights,CIFAR10,ptq,layer3.0.conv3,conv,262144,0.6991625470372865,2.6670934564105474e-06,,,,,43,3,
resnet50_no_weights,CIFAR10,ptq,layer3.0.conv3,conv,262144,0.6755866083833907,2.577158387692988e-06,,,,,44,3,
resnet50_no_weights,CIFAR10,ptq,layer3.0.conv3,conv,262144,0.7273034377904787,2.7744424354190013e-06,0.9939562633013466,0.9477290531528445,-0.5730871491032894,0.21342420563343198,aggregate,3,0.07015623865880556
resnet50_no_weights,CIFAR10,ptq,layer3.0.downsample.0,conv,524288,1.1029324047267437,2.1036766142401575e-06,,,,,42,3,
resnet50_no_weights,CIFAR10,ptq,layer3.0.downsample.0,conv,524288,1.0752136626026847,2.0508073093465513e-06,,,,,43,3,
resnet50_no_weights,CIFAR10,ptq,layer3.0.downsample.0,conv,524288,1.9565878891944886,3.731895235432603e-06,,,,,44,3,
resnet50_no_weights,CIFAR10,ptq,layer3.0.downsample.0,conv,524288,1.378244652174639,2.6287930530064373e-06,1.8835534567969592,0.8979762994016897,-0.5730871491032894,0.21342420563343198,aggregate,3,0.5010516510512498
resnet50_no_weights,CIFAR10,ptq,layer3.1.conv1,conv,262144,0.12930082096092738,4.932434881627173e-07,,,,,42,3,
resnet50_no_weights,CIFAR10,ptq,layer3.1.conv1,conv,262144,0.12745677052838048,4.862089940200061e-07,,,,,43,3,
resnet50_no_weights,CIFAR10,ptq,layer3.1.conv1,conv,262144,0.14506661937865492,5.533852362772176e-07,,,,,44,3,
resnet50_no_weights,CIFAR10,ptq,layer3.1.conv1,conv,262144,0.13394140362265425,5.109459061533136e-07,0.1830486288509246,0.17453534939818333,-0.5730871491032894,0.21342420563343198,aggregate,3,0.009678736989536299
resnet50_no_weights,CIFAR10,ptq,layer3.1.conv2,conv,589824,0.19474022625945508,3.301666704973943e-07,,,,,42,3,
resnet50_no_weights,CIFAR10,ptq,layer3.1.conv2,conv,589824,0.2137326498826345,3.623668244809206e-07,,,,,43,3,
resnet50_no_weights,CIFAR10,ptq,layer3.1.conv2,conv,589824,0.16556232848337718,2.8069784966935423e-07,,,,,44,3,
resnet50_no_weights,CIFAR10,ptq,layer3.1.conv2,conv,589824,0.19134506820848893,3.244104482158897e-07,0.2614983225920629,0.11081621409604157,-0.5730871491032894,0.21342420563343198,aggregate,3,0.024263971018162238
resnet50_no_weights,CIFAR10,ptq,layer3.1.conv3,conv,262144,0.8308676261650888,3.169508461628299e-06,,,,,42,3,
resnet50_no_weights,CIFAR10,ptq,layer3.1.conv3,conv,262144,0.6401840273071738,2.4421082584654763e-06,,,,,43,3,
resnet50_no_weights,CIFAR10,ptq,layer3.1.conv3,conv,262144,0.7521209756915386,2.8691138293897193e-06,,,,,44,3,
resnet50_no_weights,CIFAR10,ptq,layer3.1.conv3,conv,262144,0.7410575430546004,2.8269101831611647e-06,1.012753065795381,0.965651648429626,-0.5730871491032894,0.21342420563343198,aggregate,3,0.09582201403975815
resnet50_no_weights,CIFAR10,ptq,layer3.2.conv1,conv,262144,0.10458214565490682,3.9894922506296854e-07,,,,,42,3,
resnet50_no_weights,CIFAR10,ptq,layer3.2.conv1,conv,262144,0.1206544101972815,4.6026004866516686e-07,,,,,43,3,
resnet50_no_weights,CIFAR10,ptq,layer3.2.conv1,conv,262144,0.09279906808545715,3.540003512781416e-07,,,,,44,3,
resnet50_no_weights,CIFAR10,ptq,layer3.2.conv1,conv,262144,0.10601187464588183,4.0440320833542567e-07,0.14487923652431126,0.1381411503929164,-0.5730871491032894,0.21342420563343198,aggregate,3,0.013982600429906431
resnet50_no_weights,CIFAR10,ptq,layer3.2.conv2,conv,589824,0.13303932191973383,2.2555766113236123e-07,,,,,42,3,
resnet50_no_weights,CIFAR10,ptq,layer3.2.conv2,conv,589824,0.13323266239001832,2.2588545462717408e-07,,,,,43,3,
resnet50_no_weights,CIFAR10,ptq,layer3.2.conv2,conv,589824,0.1300861289103826,2.2055075566674568e-07,,,,,44,3,
resnet50_no_weights,CIFAR10,ptq,layer3.2.conv2,conv,589824,0.13211937107337826,2.239979571420937e-07,0.18055858058469668,0.07651604845727772,-0.5730871491032894,0.21342420563343198,aggregate,3,0.0017634909708869764
resnet50_no_weights,CIFAR10,ptq,layer3.2.conv3,conv,262144,0.742826771736145,2.8336592549749183e-06,,,,,42,3,
resnet50_no_weights,CIFAR10,ptq,layer3.2.conv3,conv,262144,0.7170126600698992,2.735186233787152e-06,,,,,43,3,
resnet50_no_weights,CIFAR10,ptq,layer3.2.conv3,conv,262144,0.9214902619520823,3.5152063825686732e-06,,,,,44,3,
resnet50_no_weights,CIFAR10,ptq,layer3.2.conv3,conv,262144,0.7937765645860422,3.0280172904435813e-06,1.08480057571158,1.0343483515703737,-0.5730871491032894,0.21342420563343198,aggregate,3,0.11135386594751759
resnet50_no_weights,CIFAR10,ptq,layer3.3.conv1,conv,262144,0.13643203876339471,5.204469252143658e-07,,,,,42,3,
resnet50_no_weights,CIFAR10,ptq,layer3.3.conv1,conv,262144,0.11658591307375742,4.4473996381285635e-07,,,,,43,3,
resnet50_no_weights,CIFAR10,ptq,layer3.3.conv1,conv,262144,0.14077557290070936,5.370161930111288e-07,,,,,44,3,
resnet50_no_weights,CIFAR10,ptq,layer3.3.conv1,conv,262144,0.13126450824595381,5.007343606794503e-07,0.17939029755806427,0.17104716085275756,-0.5730871491032894,0.21342420563343198,aggregate,3,0.01289621802593401
resnet50_no_weights,CIFAR10,ptq,layer3.3.conv2,conv,589824,0.21843780858336753,3.703440493831508e-07,,,,,42,3,
resnet50_no_weights,CIFAR10,ptq,layer3.3.conv2,conv,589824,0.2136465609073639,3.622208674237805e-07,,,,,43,3,
resnet50_no_weights,CIFAR10,ptq,layer3.3.conv2,conv,589824,0.24425443393342636,4.14114098330055e-07,,,,,44,3,
resnet50_no_weights,CIFAR10,ptq,layer3.3.conv2,conv,589824,0.2254462678080526,3.822263383789954e-07,0.3081021184314553,0.13056569534025922,-0.5730871491032894,0.21342420563343198,aggregate,3,0.01646357641349368
resnet50_no_weights,CIFAR10,ptq,layer3.3.conv3,conv,262144,1.1351322015126546,4.33018570523321e-06,,,,,42,3,
resnet50_no_weights,CIFAR10,ptq,layer3.3.conv3,conv,262144,1.1460499325219322,4.3718335438611306e-06,,,,,43,3,
resnet50_no_weights,CIFAR10,ptq,layer3.3.conv3,conv,262144,1.1134646449770247,4.2475305365639675e-06,,,,,44,3,
resnet50_no_weights,CIFAR10,ptq,layer3.3.conv3,conv,262144,1.1315489263372038,4.316516595219436e-06,1.5464111457820222,1.474490201519731,-0.5730871491032894,0.21342420563343198,aggregate,3,0.01658553999221393
resnet50_no_weights,CIFAR10,ptq,layer3.4.conv1,conv,262144,0.06472383155709222,2.4690182326161276e-07,,,,,42,3,
resnet50_no_weights,CIFAR10,ptq,layer3.4.conv1,conv,262144,0.06057251219948133,2.3106579665939838e-07,,,,,43,3,
resnet50_no_weights,CIFAR10,ptq,layer3.4.conv1,conv,262144,0.05893412546107644,2.2481584724836898e-07,,,,,44,3,
resnet50_no_weights,CIFAR10,ptq,layer3.4.conv1,conv,262144,0.06141015640588333,2.342611557231267e-07,0.0839250942844122,0.08002188132277492,-0.5730871491032894,0.21342420563343198,aggregate,3,0.00298436090846092
resnet50_no_weights,CIFAR10,ptq,layer3.4.conv2,conv,589824,0.09724989779434114,1.6487951964372615e-07,,,,,42,3,
resnet50_no_weights,CIFAR10,ptq,layer3.4.conv2,conv,589824,0.11677390017679759,1.979809234225762e-07,,,,,43,3,
resnet50_no_weights,CIFAR10,ptq,layer3.4.conv2,conv,589824,0.09606139361858368,1.6286450469730576e-07,,,,,44,3,
resnet50_no_weights,CIFAR10,ptq,layer3.4.conv2,conv,589824,0.10336173052990746,1.7524164925453605e-07,0.1412574643645009,0.059861253634502745,-0.5730871491032894,0.21342420563343198,aggregate,3,0.011630471036104631
resnet50_no_weights,CIFAR10,ptq,layer3.4.conv3,conv,262144,1.3084006607532501,4.9911524229173665e-06,,,,,42,3,
resnet50_no_weights,CIFAR10,ptq,layer3.4.conv3,conv,262144,1.0928183133187501,4.168771031641961e-06,,,,,43,3,
resnet50_no_weights,CIFAR10,ptq,layer3.4.conv3,conv,262144,0.9149135783314705,3.4901183255442446e-06,,,,,44,3,
resnet50_no_weights,CIFAR10,ptq,layer3.4.conv3,conv,262144,1.1053775174678235,4.216680593367857e-06,1.5106444569235613,1.4403869603432482,-0.5730871491032894,0.21342420563343198,aggregate,3,0.19704395756999168
resnet50_no_weights,CIFAR10,ptq,layer3.5.conv1,conv,262144,0.07385954333728821,2.817517980090645e-07,,,,,42,3,
resnet50_no_weights,CIFAR10,ptq,layer3.5.conv1,conv,262144,0.06122613310193022,2.3355916252872552e-07,,,,,43,3,
resnet50_no_weights,CIFAR10,ptq,layer3.5.conv1,conv,262144,0.07181732277385891,2.739613448099476e-07,,,,,44,3,
resnet50_no_weights,CIFAR10,ptq,layer3.5.conv1,conv,262144,0.06896766640435911,2.630907684492459e-07,0.09425343044733236,0.08986986419056933,-0.5730871491032894,0.21342420563343198,aggregate,3,0.006781678967032062
resnet50_no_weights,CIFAR10,ptq,layer3.5.conv2,conv,589824,0.033722470223437995,5.7173784422875286e-08,,,,,42,3,
resnet50_no_weights,CIFAR10,ptq,layer3.5.conv2,conv,589824,0.022658310053442175,3.841537484646636e-08,,,,,43,3,
resnet50_no_weights,CIFAR10,ptq,layer3.5.conv2,conv,589824,0.030533508842133662,5.176715230667735e-08,,,,,44,3,
resnet50_no_weights,CIFAR10,ptq,layer3.5.conv2,conv,589824,0.028971429706337943,4.9118770525339665e-08,0.039593287364200425,0.016778609383900137,-0.5730871491032894,0.21342420563343198,aggregate,3,0.005695083712000791
resnet50_no_weights,CIFAR10,ptq,layer3.5.conv3,conv,262144,0.286020062577266,1.091079950627388e-06,,,,,42,3,
resnet50_no_weights,CIFAR10,ptq,layer3.5.conv3,conv,262144,0.3461330701045844,1.3203928760703445e-06,,,,,43,3,
resnet50_no_weights,CIFAR10,ptq,layer3.5.conv3,conv,262144,0.23154097311198713,8.832587170104489e-07,,,,,44,3,
resnet50_no_weights,CIFAR10,ptq,layer3.5.conv3,conv,262144,0.2878980352646125,1.0982438479027271e-06,0.3934507118689708,0.3751519904742947,-0.5730871491032894,0.21342420563343198,aggregate,3,0.05731912647058588
resnet50_no_weights,CIFAR10,ptq,layer4.0.conv1,conv,524288,1.0173935817652626,1.940524257212186e-06,,,,,42,3,
resnet50_no_weights,CIFAR10,ptq,layer4.0.conv1,conv,524288,1.1162018212410858,2.1289860176870075e-06,,,,,43,3,
resnet50_no_weights,CIFAR10,ptq,layer4.0.conv1,conv,524288,1.0154573674712861,1.936831221525738e-06,,,,,44,3,
resnet50_no_weights,CIFAR10,ptq,layer4.0.conv1,conv,524288,1.0496842568258782,2.002113832141644e-06,1.4345322562072997,0.6839073041186581,-0.5730871491032894,0.21342420563343198,aggregate,3,0.0576140348634473
resnet50_no_weights,CIFAR10,ptq,layer4.0.conv2,conv,2359296,0.19791168463416398,8.38859069121314e-08,,,,,42,3,
resnet50_no_weights,CIFAR10,ptq,layer4.0.conv2,conv,2359296,0.1421678365178166,6.025858413603745e-08,,,,,43,3,
resnet50_no_weights,CIFAR10,ptq,layer4.0.conv2,conv,2359296,0.13588524590700102,5.7595675111135276e-08,,,,,44,3,
resnet50_no_weights,CIFAR10,ptq,layer4.0.conv2,conv,2359296,0.15865492235299386,6.724672205310137e-08,0.21682291816937085,0.022970983793143072,-0.5730871491032894,0.21342420563343198,aggregate,3,0.03414217003642274
resnet50_no_weights,CIFAR10,ptq,layer4.0.conv3,conv,1048576,0.744575074977345,7.100821256421518e-07,,,,,42,3,
resnet50_no_weights,CIFAR10,ptq,layer4.0.conv3,conv,1048576,1.120563656818576,1.0686527794061431e-06,,,,,43,3,
resnet50_no_weights,CIFAR10,ptq,layer4.0.conv3,conv,1048576,0.7896635963998991,7.530818904875747e-07,,,,,44,3,
resnet50_no_weights,CIFAR10,ptq,layer4.0.conv3,conv,1048576,0.8849341093986067,8.439389318452899e-07,1.2093794074697264,0.28828330859773943,-0.5730871491032894,0.21342420563343198,aggregate,3,0.20530271893967378
resnet50_no_weights,CIFAR10,ptq,layer4.0.downsample.0,conv,2097152,37.72447662353515,1.7988432227866723e-05,,,,,42,3,
resnet50_no_weights,CIFAR10,ptq,layer4.0.downsample.0,conv,2097152,50.12303804314655,2.3900527021001125e-05,,,,,43,3,
resnet50_no_weights,CIFAR10,ptq,layer4.0.downsample.0,conv,2097152,63.93249862895292,3.0485390963055096e-05,,,,,44,3,
resnet50_no_weights,CIFAR10,ptq,layer4.0.downsample.0,conv,2097152,50.593337765211544,2.4124783403974316e-05,69.14248213348799,8.240847905540743,-0.5730871491032894,0.21342420563343198,aggregate,3,13.11033907763435
resnet50_no_weights,CIFAR10,ptq,layer4.1.conv1,conv,1048576,1.5505916982889176,1.4787594778908898e-06,,,,,42,3,
resnet50_no_weights,CIFAR10,ptq,layer4.1.conv1,conv,1048576,1.3940607807304286,1.3294799620918547e-06,,,,,43,3,
resnet50_no_weights,CIFAR10,ptq,layer4.1.conv1,conv,1048576,1.7087841142454874,1.6296235220389246e-06,,,,,44,3,
resnet50_no_weights,CIFAR10,ptq,layer4.1.conv1,conv,1048576,1.5511455310882778,1.479287654007223e-06,2.119845357256843,0.5053137415198276,-0.5730871491032894,0.21342420563343198,aggregate,3,0.15736239770918897
resnet50_no_weights,CIFAR10,ptq,layer4.1.conv2,conv,2359296,2.187605464181235,9.272280647198295e-07,,,,,42,3,
resnet50_no_weights,CIFAR10,ptq,layer4.1.conv2,conv,2359296,2.1939294285633983,9.299085102350016e-07,,,,,43,3,
resnet50_no_weights,CIFAR10,ptq,layer4.1.conv2,conv,2359296,2.0086727160396,8.513864797124227e-07,,,,,44,3,
resnet50_no_weights,CIFAR10,ptq,layer4.1.conv2,conv,2359296,2.1300692029280777,9.028410182224179e-07,2.911021061508568,0.3084038264496414,-0.5730871491032894,0.21342420563343198,aggregate,3,0.10517998099935649
resnet50_no_weights,CIFAR10,ptq,layer4.1.conv3,conv,1048576,131.79196380314073,0.00012568661098779748,,,,,42,3,
resnet50_no_weights,CIFAR10,ptq,layer4.1.conv3,conv,1048576,119.09911721212822,0.00011358176919186422,,,,,43,3,
resnet50_no_weights,CIFAR10,ptq,layer4.1.conv3,conv,1048576,190.7015037536621,0.00018186712622991763,,,,,44,3,
resnet50_no_weights,CIFAR10,ptq,layer4.1.conv3,conv,1048576,147.19752825631036,0.00014037850213652645,201.16487500363633,47.95225996201746,-0.5730871491032894,0.21342420563343198,aggregate,3,38.20633457558289
resnet50_no_weights,CIFAR10,ptq,layer4.2.conv1,conv,1048576,0.08014086924958974,7.642828869780516e-08,,,,,42,3,
resnet50_no_weights,CIFAR10,ptq,layer4.2.conv1,conv,1048576,0.11148428486595893,1.0631969915958303e-07,,,,,43,3,
resnet50_no_weights,CIFAR10,ptq,layer4.2.conv1,conv,1048576,0.13270698820014257,1.2655924625410325e-07,,,,,44,3,
resnet50_no_weights,CIFAR10,ptq,layer4.2.conv1,conv,1048576,0.10811071410523042,1.0310241137049715e-07,0.14774757801410432,0.03521902255332954,-0.5730871491032894,0.21342420563343198,aggregate,3,0.026444941863032125
resnet50_no_weights,CIFAR10,ptq,layer4.2.conv2,conv,2359296,0.24217871244510877,1.0264871912854884e-07,,,,,42,3,
resnet50_no_weights,CIFAR10,ptq,layer4.2.conv2,conv,2359296,0.24696381787794666,1.0467691119636818e-07,,,,,43,3,
resnet50_no_weights,CIFAR10,ptq,layer4.2.conv2,conv,2359296,0.24472519962324035,1.0372806109247858e-07,,,,,44,3,
resnet50_no_weights,CIFAR10,ptq,layer4.2.conv2,conv,2359296,0.24462257664876527,1.0368456380579854e-07,0.3343090786750809,0.03541788152739057,-0.5730871491032894,0.21342420563343198,aggregate,3,0.0023942028124223844
resnet50_no_weights,CIFAR10,ptq,layer4.2.conv3,conv,1048576,0.1963811556994915,1.872836644167819e-07,,,,,42,3,
resnet50_no_weights,CIFAR10,ptq,layer4.2.conv3,conv,1048576,0.18171067085737982,1.732927998136328e-07,,,,,43,3,
resnet50_no_weights,CIFAR10,ptq,layer4.2.conv3,conv,1048576,0.16237715046320642,1.5485491796799318e-07,,,,,44,3,
resnet50_no_weights,CIFAR10,ptq,layer4.2.conv3,conv,1048576,0.18015632567335924,1.7181046073280262e-07,0.2462074272883862,0.05868918496680294,-0.5730871491032894,0.21342420563343198,aggregate,3,0.01705520696856657
resnet50_no_weights,CIFAR10,ptq,fc,linear,20480,29.16845590418035,0.0014242410109463063,,,,,42,3,
resnet50_no_weights,CIFAR10,ptq,fc,linear,20480,26.227775942195546,0.0012806531221775169,,,,,43,3,
resnet50_no_weights,CIFAR10,ptq,fc,linear,20480,26.53053258749155,0.0012954361614986108,,,,,44,3,
resnet50_no_weights,CIFAR10,ptq,fc,linear,20480,27.308921477955817,0.0013334434315408115,37.32125016414187,455.4944318447178,-0.5730871491032894,0.21342420563343198,aggregate,3,1.6175032019453264
resnet18_no_weights,CIFAR10,fp32_unfused,conv1,conv,1728,26.205810070037842,0.015165399346086714,,,,,42,3,
resnet18_no_weights,CIFAR10,fp32_unfused,conv1,conv,1728,24.51463395357132,0.014186709463872292,,,,,43,3,
resnet18_no_weights,CIFAR10,fp32_unfused,conv1,conv,1728,24.024232421602523,0.013902912281019978,,,,,44,3,
resnet18_no_weights,CIFAR10,fp32_unfused,conv1,conv,1728,24.914892148403894,0.014418340363659661,0.4597425616916968,36.445999191665166,0.14501451895284181,0.1898739239251298,aggregate,3,1.1445414915747343
resnet18_no_weights,CIFAR10,fp32_unfused,layer1.0.conv1,conv,36864,42.916442724374626,0.0011641830166117249,,,,,42,3,
resnet18_no_weights,CIFAR10,fp32_unfused,layer1.0.conv1,conv,36864,43.26458605404558,0.0011736270088445525,,,,,43,3,
resnet18_no_weights,CIFAR10,fp32_unfused,layer1.0.conv1,conv,36864,51.26112715403239,0.0013905470690655486,,,,,44,3,
resnet18_no_weights,CIFAR10,fp32_unfused,layer1.0.conv1,conv,36864,45.8140519774842,0.001242785698173942,0.8453847398634818,3.1414549392398903,0.14501451895284181,0.1898739239251298,aggregate,3,4.7205160659322205
resnet18_no_weights,CIFAR10,fp32_unfused,layer1.0.conv2,conv,36864,57.104896545410156,0.001549069459239642,,,,,42,3,
resnet18_no_weights,CIFAR10,fp32_unfused,layer1.0.conv2,conv,36864,62.65622202555338,0.0016996588006063743,,,,,43,3,
resnet18_no_weights,CIFAR10,fp32_unfused,layer1.0.conv2,conv,36864,62.27370230356852,0.0016892822890507953,,,,,44,3,
resnet18_no_weights,CIFAR10,fp32_unfused,layer1.0.conv2,conv,36864,60.67827362484402,0.001646003516298937,1.119667096656592,4.160689879100785,0.14501451895284181,0.1898739239251298,aggregate,3,3.1005399768902047
resnet18_no_weights,CIFAR10,fp32_unfused,layer1.1.conv1,conv,36864,60.1580322265625,0.0016318910651736789,,,,,42,3,
resnet18_no_weights,CIFAR10,fp32_unfused,layer1.1.conv1,conv,36864,83.24483626229423,0.0022581607058999083,,,,,43,3,
resnet18_no_weights,CIFAR10,fp32_unfused,layer1.1.conv1,conv,36864,84.08964611235119,0.002281077639766471,,,,,44,3,
resnet18_no_weights,CIFAR10,fp32_unfused,layer1.1.conv1,conv,36864,75.83083820040264,0.0020570431369466863,1.3992701072846134,5.199696401628723,0.14501451895284181,0.1898739239251298,aggregate,3,13.57961933343191
resnet18_no_weights,CIFAR10,fp32_unfused,layer1.1.conv2,conv,36864,39.92287775874138,0.0010829773697575245,,,,,42,3,
resnet18_no_weights,CIFAR10,fp32_unfused,layer1.1.conv2,conv,36864,36.037578080829825,0.0009775818706822326,,,,,43,3,
resnet18_no_weights,CIFAR10,fp32_unfused,layer1.1.conv2,conv,36864,38.84731560283237,0.0010538008789830829,,,,,44,3,
resnet18_no_weights,CIFAR10,fp32_unfused,layer1.1.conv2,conv,36864,38.269257147467854,0.0010381200398076132,0.7061642575138445,2.6241107629169824,0.14501451895284181,0.1898739239251298,aggregate,3,2.006116168161433
resnet18_no_weights,CIFAR10,fp32_unfused,layer2.0.conv1,conv,73728,54.50967985391617,0.0007393348504491667,,,,,42,3,
resnet18_no_weights,CIFAR10,fp32_unfused,layer2.0.conv1,conv,73728,52.49354434013367,0.0007119892624258581,,,,,43,3,
resnet18_no_weights,CIFAR10,fp32_unfused,layer2.0.conv1,conv,73728,55.57619018554688,0.0007538003226121267,,,,,44,3,
resnet18_no_weights,CIFAR10,fp32_unfused,layer2.0.conv1,conv,73728,54.19313812653224,0.0007350414784957172,1.0,1.8580031026744062,0.14501451895284181,0.1898739239251298,aggregate,3,1.5655112107366826
resnet18_no_weights,CIFAR10,fp32_unfused,layer2.0.conv2,conv,147456,87.03750610351562,0.0005902608649598227,,,,,42,3,
resnet18_no_weights,CIFAR10,fp32_unfused,layer2.0.conv2,conv,147456,70.71035582930953,0.00047953529072611176,,,,,43,3,
resnet18_no_weights,CIFAR10,fp32_unfused,layer2.0.conv2,conv,147456,67.39060153131899,0.0004570217660272827,,,,,44,3,
resnet18_no_weights,CIFAR10,fp32_unfused,layer2.0.conv2,conv,147456,75.04615448804805,0.0005089393072377391,1.384790714884002,1.2864727224045927,0.14501451895284181,0.1898739239251298,aggregate,3,10.516633364536832
resnet18_no_weights,CIFAR10,fp32_unfused,layer2.0.downsample.0,conv,8192,39.485259684120734,0.004819977988784269,,,,,42,3,
resnet18_no_weights,CIFAR10,fp32_unfused,layer2.0.downsample.0,conv,8192,44.38915874339916,0.0054185984794188425,,,,,43,3,
resnet18_no_weights,CIFAR10,fp32_unfused,layer2.0.downsample.0,conv,8192,47.34650585868142,0.0057796027659523215,,,,,44,3,
resnet18_no_weights,CIFAR10,fp32_unfused,layer2.0.downsample.0,conv,8192,43.74030809540044,0.005339393078051811,0.8071189380706072,13.496665420462142,0.14501451895284181,0.1898739239251298,aggregate,3,3.9705860054678976
resnet18_no_weights,CIFAR10,fp32_unfused,layer2.1.conv1,conv,147456,55.3968430896138,0.0003756838859701457,,,,,42,3,
resnet18_no_weights,CIFAR10,fp32_unfused,layer2.1.conv1,conv,147456,53.24615478515625,0.00036109859744707745,,,,,43,3,
resnet18_no_weights,CIFAR10,fp32_unfused,layer2.1.conv1,conv,147456,66.3614616394043,0.00045004246445993584,,,,,44,3,
resnet18_no_weights,CIFAR10,fp32_unfused,layer2.1.conv1,conv,147456,58.33481983805812,0.00039560831595905296,1.0764244672795238,1.0,0.14501451895284181,0.1898739239251298,aggregate,3,7.03396040656123
resnet18_no_weights,CIFAR10,fp32_unfused,layer2.1.conv2,conv,147456,38.85304562638446,0.0002634890789549727,,,,,42,3,
resnet18_no_weights,CIFAR10,fp32_unfused,layer2.1.conv2,conv,147456,44.70731604726691,0.0003031908911625631,,,,,43,3,
resnet18_no_weights,CIFAR10,fp32_unfused,layer2.1.conv2,conv,147456,44.43332749605179,0.0003013327873809936,,,,,44,3,
resnet18_no_weights,CIFAR10,fp32_unfused,layer2.1.conv2,conv,147456,42.664563056567715,0.00028933758583284314,0.787268730534719,0.7313738719860245,0.14501451895284181,0.1898739239251298,aggregate,3,3.3037124983860724
resnet18_no_weights,CIFAR10,fp32_unfused,layer3.0.conv1,conv,294912,73.42690467834473,0.0002489790333331459,,,,,42,3,
resnet18_no_weights,CIFAR10,fp32_unfused,layer3.0.conv1,conv,294912,82.69627838134765,0.00028041001512772506,,,,,43,3,
resnet18_no_weights,CIFAR10,fp32_unfused,layer3.0.conv1,conv,294912,79.71474020821708,0.00027030009022426037,,,,,44,3,
resnet18_no_weights,CIFAR10,fp32_unfused,layer3.0.conv1,conv,294912,78.61264108930315,0.0002665630462283771,1.4506013825173827,0.6738054673652701,0.14501451895284181,0.1898739239251298,aggregate,3,4.731943476248811
resnet18_no_weights,CIFAR10,fp32_unfused,layer3.0.conv2,conv,589824,105.28245855260778,0.000178498091892849,,,,,42,3,
resnet18_no_weights,CIFAR10,fp32_unfused,layer3.0.conv2,conv,589824,101.44837358262804,0.0001719977036923354,,,,,43,3,
resnet18_no_weights,CIFAR10,fp32_unfused,layer3.0.conv2,conv,589824,96.77671089172364,0.00016407726862881748,,,,,44,3,
resnet18_no_weights,CIFAR10,fp32_unfused,layer3.0.conv2,conv,589824,101.16918100898648,0.00017152435473800063,1.8668264010246602,0.43357115565728926,0.14501451895284181,0.1898739239251298,aggregate,3,4.259741446090531
resnet18_no_weights,CIFAR10,fp32_unfused,layer3.0.downsample.0,conv,32768,33.99062656220936,0.0010373116016299242,,,,,42,3,
resnet18_no_weights,CIFAR10,fp32_unfused,layer3.0.downsample.0,conv,32768,30.373414304521347,0.0009269230439612228,,,,,43,3,
resnet18_no_weights,CIFAR10,fp32_unfused,layer3.0.downsample.0,conv,32768,32.86738453489362,0.0010030329753080327,,,,,44,3,
resnet18_no_weights,CIFAR10,fp32_unfused,layer3.0.downsample.0,conv,32768,32.410475133874776,0.0009890892069663933,0.5980549614639687,2.500172941432222,0.14501451895284181,0.1898739239251298,aggregate,3,1.851386177934427
resnet18_no_weights,CIFAR10,fp32_unfused,layer3.1.conv1,conv,589824,89.15058898925781,0.00015114778135385778,,,,,42,3,
resnet18_no_weights,CIFAR10,fp32_unfused,layer3.1.conv1,conv,589824,73.58261426289876,0.00012475350996720845,,,,,43,3,
resnet18_no_weights,CIFAR10,fp32_unfused,layer3.1.conv1,conv,589824,82.01141830444335,0.0001390438814026614,,,,,44,3,
resnet18_no_weights,CIFAR10,fp32_unfused,layer3.1.conv1,conv,589824,81.58154051886665,0.00013831505757457588,1.5053850605290084,0.34962626414782455,0.14501451895284181,0.1898739239251298,aggregate,3,7.792884924919514
resnet18_no_weights,CIFAR10,fp32_unfused,layer3.1.conv2,conv,589824,51.00555968284607,8.647589735725585e-05,,,,,42,3,
resnet18_no_weights,CIFAR10,fp32_unfused,layer3.1.conv2,conv,589824,60.70843587602888,0.00010292635748295912,,,,,43,3,
resnet18_no_weights,CIFAR10,fp32_unfused,layer3.1.conv2,conv,589824,55.90295729345205,9.477904814563675e-05,,,,,44,3,
resnet18_no_weights,CIFAR10,fp32_unfused,layer3.1.conv2,conv,589824,55.872317617442334,9.47271009952839e-05,1.030985094219668,0.23944668798390106,0.14501451895284181,0.1898739239251298,aggregate,3,4.8515106613680565
resnet18_no_weights,CIFAR10,fp32_unfused,layer4.0.conv1,conv,1179648,60.47257614135742,5.1263237967052395e-05,,,,,42,3,
resnet18_no_weights,CIFAR10,fp32_unfused,layer4.0.conv1,conv,1179648,61.62527211507162,5.224039045128006e-05,,,,,43,3,
resnet18_no_weights,CIFAR10,fp32_unfused,layer4.0.conv1,conv,1179648,62.74287665230887,5.318779555622429e-05,,,,,44,3,
resnet18_no_weights,CIFAR10,fp32_unfused,layer4.0.conv1,conv,1179648,61.613574969579304,5.223047465818558e-05,1.136925764027939,0.1320257248171488,0.14501451895284181,0.1898739239251298,aggregate,3,1.1351954544994027
resnet18_no_weights,CIFAR10,fp32_unfused,layer4.0.conv2,conv,2359296,55.93323071797689,2.370759358638208e-05,,,,,42,3,
resnet18_no_weights,CIFAR10,fp32_unfused,layer4.0.conv2,conv,2359296,61.0448184967041,2.587416691110573e-05,,,,,43,3,
resnet18_no_weights,CIFAR10,fp32_unfused,layer4.0.conv2,conv,2359296,55.031894593011764,2.3325557536236133e-05,,,,,44,3,
resnet18_no_weights,CIFAR10,fp32_unfused,layer4.0.conv2,conv,2359296,57.33664793589759,2.430243934457465e-05,1.0580056796494375,0.061430557357368715,0.14501451895284181,0.1898739239251298,aggregate,3,3.242838013772177
resnet18_no_weights,CIFAR10,fp32_unfused,layer4.0.downsample.0,conv,131072,26.33793032169342,0.00020094246156077133,,,,,42,3,
resnet18_no_weights,CIFAR10,fp32_unfused,layer4.0.downsample.0,conv,131072,31.36120580037435,0.00023926701202678184,,,,,43,3,
resnet18_no_weights,CIFAR10,fp32_unfused,layer4.0.downsample.0,conv,131072,29.93695131937663,0.00022840081267834952,,,,,44,3,
resnet18_no_weights,CIFAR10,fp32_unfused,layer4.0.downsample.0,conv,131072,29.212029147148133,0.00022287009542196757,0.539035570867713,0.5633604917572954,0.14501451895284181,0.1898739239251298,aggregate,3,2.588910630076025
resnet18_no_weights,CIFAR10,fp32_unfused,layer4.1.conv1,conv,2359296,51.483845463505496,2.1821698279277164e-05,,,,,42,3,
resnet18_no_weights,CIFAR10,fp32_unfused,layer4.1.conv1,conv,2359296,49.593339080810544,2.102039722053127e-05,,,,,43,3,
resnet18_no_weights,CIFAR10,fp32_unfused,layer4.1.conv1,conv,2359296,51.847027914864675,2.1975635068624145e-05,,,,,44,3,
resnet18_no_weights,CIFAR10,fp32_unfused,layer4.1.conv1,conv,2359296,50.97473748639357,2.1605910189477526e-05,0.9406123957497309,0.05461439842865645,0.14501451895284181,0.1898739239251298,aggregate,3,1.210029561396875
resnet18_no_weights,CIFAR10,fp32_unfused,layer4.1.conv2,conv,2359296,20.222549582972672,8.57143384423687e-06,,,,,42,3,
resnet18_no_weights,CIFAR10,fp32_unfused,layer4.1.conv2,conv,2359296,19.560994426409405,8.291030216814425e-06,,,,,43,3,
resnet18_no_weights,CIFAR10,fp32_unfused,layer4.1.conv2,conv,2359296,18.156963955272328,7.695924528025448e-06,,,,,44,3,
resnet18_no_weights,CIFAR10,fp32_unfused,layer4.1.conv2,conv,2359296,19.3135026548848,8.186129529692247e-06,0.3563828064318934,0.020692511252820945,0.14501451895284181,0.1898739239251298,aggregate,3,1.0547986201497637
resnet18_no_weights,CIFAR10,fp32_unfused,fc,linear,5120,4.471227495959311,0.0008732866203045529,,,,,42,3,
resnet18_no_weights,CIFAR10,fp32_unfused,fc,linear,5120,3.8712307004367603,0.0007560997461790547,,,,,43,3,
resnet18_no_weights,CIFAR10,fp32_unfused,fc,linear,5120,4.499948240989863,0.0008788961408183326,,,,,44,3,
resnet18_no_weights,CIFAR10,fp32_unfused,fc,linear,5120,4.280802145795311,0.0008360941691006468,0.07899158996477246,2.1134393170521366,0.14501451895284181,0.1898739239251298,aggregate,3,0.35498985469812633
resnet18_no_weights,CIFAR10,fp32_fused,conv1,conv,1728,247.99632941351996,0.14351639433652774,,,,,42,3,
resnet18_no_weights,CIFAR10,fp32_fused,conv1,conv,1728,250.78885373202237,0.14513243850232777,,,,,43,3,
resnet18_no_weights,CIFAR10,fp32_fused,conv1,conv,1728,243.76310838971818,0.14106661365145728,,,,,44,3,
resnet18_no_weights,CIFAR10,fp32_fused,conv1,conv,1728,247.51609717842018,0.1432384821634376,3.794971573562269,164.27998088004995,-0.07575707784238772,0.013373530398849776,aggregate,3,3.5374060628444908
resnet18_no_weights,CIFAR10,fp32_fused,layer1.0.conv1,conv,36864,100.20592498779297,0.0027182596839136547,,,,,42,3,
resnet18_no_weights,CIFAR10,fp32_fused,layer1.0.conv1,conv,36864,94.34828567504883,0.002559361048042774,,,,,43,3,
resnet18_no_weights,CIFAR10,fp32_fused,layer1.0.conv1,conv,36864,101.1356709798177,0.002743480658089673,,,,,44,3,
resnet18_no_weights,CIFAR10,fp32_fused,layer1.0.conv1,conv,36864,98.5632938808865,0.0026737004633487008,1.5111942323694636,3.0664626877065757,-0.07575707784238772,0.013373530398849776,aggregate,3,3.6797863435097287
resnet18_no_weights,CIFAR10,fp32_fused,layer1.0.conv2,conv,36864,62.57284682137625,0.0016973971034444514,,,,,42,3,
resnet18_no_weights,CIFAR10,fp32_fused,layer1.0.conv2,conv,36864,65.5504822201199,0.0017781706331412735,,,,,43,3,
resnet18_no_weights,CIFAR10,fp32_fused,layer1.0.conv2,conv,36864,70.17740895197942,0.0019036840536018722,,,,,44,3,
resnet18_no_weights,CIFAR10,fp32_fused,layer1.0.conv2,conv,36864,66.1002459978252,0.0017930839300625324,1.0134635986377785,2.0564850262158645,-0.07575707784238772,0.013373530398849776,aggregate,3,3.8319735721959933
resnet18_no_weights,CIFAR10,fp32_fused,layer1.1.conv1,conv,36864,411.9606615339007,0.011175148153588886,,,,,42,3,
resnet18_no_weights,CIFAR10,fp32_fused,layer1.1.conv1,conv,36864,387.9108716419765,0.010522755849662991,,,,,43,3,
resnet18_no_weights,CIFAR10,fp32_fused,layer1.1.conv1,conv,36864,436.29437377929685,0.01183524234427346,,,,,44,3,
resnet18_no_weights,CIFAR10,fp32_fused,layer1.1.conv1,conv,36864,412.05530231839134,0.011177715449175112,6.317723076841717,12.819703563864246,-0.07575707784238772,0.013373530398849776,aggregate,3,24.191889910186593
resnet18_no_weights,CIFAR10,fp32_fused,layer1.1.conv2,conv,36864,37.65703098590557,0.0010215123422825947,,,,,42,3,
resnet18_no_weights,CIFAR10,fp32_fused,layer1.1.conv2,conv,36864,41.878797712780184,0.0011360350942051917,,,,,43,3,
resnet18_no_weights,CIFAR10,fp32_fused,layer1.1.conv2,conv,36864,34.9505606842041,0.0009480946366157796,,,,,44,3,
resnet18_no_weights,CIFAR10,fp32_fused,layer1.1.conv2,conv,36864,38.16212979429662,0.0010352140243678554,0.5851102187166192,1.187285271117742,-0.07575707784238772,0.013373530398849776,aggregate,3,3.4916272260525947
resnet18_no_weights,CIFAR10,fp32_fused,layer2.0.conv1,conv,73728,244.7126216482609,0.0033191273552552747,,,,,42,3,
resnet18_no_weights,CIFAR10,fp32_fused,layer2.0.conv1,conv,73728,216.82348346710205,0.00294085670935197,,,,,43,3,
resnet18_no_weights,CIFAR10,fp32_fused,layer2.0.conv1,conv,73728,262.6845308191636,0.003562886974001243,,,,,44,3,
resnet18_no_weights,CIFAR10,fp32_fused,layer2.0.conv1,conv,73728,241.40687864484218,0.003274290346202829,3.7013036831264565,3.7552782418915833,-0.07575707784238772,0.013373530398849776,aggregate,3,23.108545360115105
resnet18_no_weights,CIFAR10,fp32_fused,layer2.0.conv2,conv,147456,42.260438506667676,0.00028659694082755314,,,,,42,3,
resnet18_no_weights,CIFAR10,fp32_fused,layer2.0.conv2,conv,147456,45.04915731293814,0.00030550915061400107,,,,,43,3,
resnet18_no_weights,CIFAR10,fp32_fused,layer2.0.conv2,conv,147456,45.20060750057823,0.0003065362379325238,,,,,44,3,
resnet18_no_weights,CIFAR10,fp32_fused,layer2.0.conv2,conv,147456,44.170067773394685,0.0002995474431246927,0.6772252532792687,0.3435504725122911,-0.07575707784238772,0.013373530398849776,aggregate,3,1.6555202330655154
resnet18_no_weights,CIFAR10,fp32_fused,layer2.0.downsample.0,conv,8192,29.109240486508323,0.003553374082825723,,,,,42,3,
resnet18_no_weights,CIFAR10,fp32_fused,layer2.0.downsample.0,conv,8192,25.826862688417787,0.0031526931992697494,,,,,43,3,
resnet18_no_weights,CIFAR10,fp32_fused,layer2.0.downsample.0,conv,8192,28.368654277589584,0.0034629704928698223,,,,,44,3,
resnet18_no_weights,CIFAR10,fp32_fused,layer2.0.downsample.0,conv,8192,27.7682524841719,0.003389679258321765,0.42574899178767356,3.8876175964446382,-0.07575707784238772,0.013373530398849776,aggregate,3,1.7215872726945327
resnet18_no_weights,CIFAR10,fp32_fused,layer2.1.conv1,conv,147456,125.60776646931966,0.0008518321836298263,,,,,42,3,
resnet18_no_weights,CIFAR10,fp32_fused,layer2.1.conv1,conv,147456,148.6444329155816,0.0010080595765216852,,,,,43,3,
resnet18_no_weights,CIFAR10,fp32_fused,layer2.1.conv1,conv,147456,131.18679666519165,0.0008896674035996613,,,,,44,3,
resnet18_no_weights,CIFAR10,fp32_fused,layer2.1.conv1,conv,147456,135.14633201669764,0.0009165197212503909,2.0720934683487378,1.0511549690355184,-0.07575707784238772,0.013373530398849776,aggregate,3,12.017921633500194
resnet18_no_weights,CIFAR10,fp32_fused,layer2.1.conv2,conv,147456,21.964027003238076,0.00014895309111353946,,,,,42,3,
resnet18_no_weights,CIFAR10,fp32_fused,layer2.1.conv2,conv,147456,26.693057320334695,0.00018102388048187048,,,,,43,3,
resnet18_no_weights,CIFAR10,fp32_fused,layer2.1.conv2,conv,147456,21.57416887283325,0.00014630919645747375,,,,,44,3,
resnet18_no_weights,CIFAR10,fp32_fused,layer2.1.conv2,conv,147456,23.41041773213534,0.0001587620560176279,0.35893370504557803,0.18208394233955907,-0.07575707784238772,0.013373530398849776,aggregate,3,2.8495244059265232
resnet18_no_weights,CIFAR10,fp32_fused,layer3.0.conv1,conv,294912,289.63923327128094,0.000982120881046824,,,,,42,3,
resnet18_no_weights,CIFAR10,fp32_fused,layer3.0.conv1,conv,294912,340.2425210135324,0.0011537086351641587,,,,,43,3,
resnet18_no_weights,CIFAR10,fp32_fused,layer3.0.conv1,conv,294912,266.16697495983493,0.0009025301614035201,,,,,44,3,
resnet18_no_weights,CIFAR10,fp32_fused,layer3.0.conv1,conv,294912,298.6829097482161,0.0010127865592048342,4.579472466335289,1.1615632480096978,-0.07575707784238772,0.013373530398849776,aggregate,3,37.856805120783314
resnet18_no_weights,CIFAR10,fp32_fused,layer3.0.conv2,conv,589824,61.989041884740196,0.00010509752381174757,,,,,42,3,
resnet18_no_weights,CIFAR10,fp32_fused,layer3.0.conv2,conv,589824,68.97465667724609,0.0001169410818773839,,,,,43,3,
resnet18_no_weights,CIFAR10,fp32_fused,layer3.0.conv2,conv,589824,64.70266603168689,0.00010969825919543269,,,,,44,3,
resnet18_no_weights,CIFAR10,fp32_fused,layer3.0.conv2,conv,589824,65.22212153122439,0.00011057895496152138,1.0,0.12682282255746763,-0.07575707784238772,0.013373530398849776,aggregate,3,3.521658560865761
resnet18_no_weights,CIFAR10,fp32_fused,layer3.0.downsample.0,conv,32768,29.290063190460206,0.0008938617917010561,,,,,42,3,
resnet18_no_weights,CIFAR10,fp32_fused,layer3.0.downsample.0,conv,32768,29.13185637337821,0.0008890337028008487,,,,,43,3,
resnet18_no_weights,CIFAR10,fp32_fused,layer3.0.downsample.0,conv,32768,27.290993690490723,0.0008328550320584327,,,,,44,3,
resnet18_no_weights,CIFAR10,fp32_fused,layer3.0.downsample.0,conv,32768,28.570971084776378,0.0008719168421867791,0.43805645100180207,1.0,-0.07575707784238772,0.013373530398849776,aggregate,3,1.1113118134234552
resnet18_no_weights,CIFAR10,fp32_fused,layer3.1.conv1,conv,589824,124.18883250309871,0.00021055235545365856,,,,,42,3,
resnet18_no_weights,CIFAR10,fp32_fused,layer3.1.conv1,conv,589824,112.19525909423828,0.00019021819914794632,,,,,43,3,
resnet18_no_weights,CIFAR10,fp32_fused,layer3.1.conv1,conv,589824,110.09154946463448,0.0001866515256494047,,,,,44,3,
resnet18_no_weights,CIFAR10,fp32_fused,layer3.1.conv1,conv,589824,115.4918803539905,0.00019580736008366988,1.7707470662189362,0.22457114097324052,-0.07575707784238772,0.013373530398849776,aggregate,3,7.604875479870166
resnet18_no_weights,CIFAR10,fp32_fused,layer3.1.conv2,conv,589824,20.043093052777376,3.3981481005821015e-05,,,,,42,3,
resnet18_no_weights,CIFAR10,fp32_fused,layer3.1.conv2,conv,589824,19.870100370267544,3.3688185577846174e-05,,,,,43,3,
resnet18_no_weights,CIFAR10,fp32_fused,layer3.1.conv2,conv,589824,20.243991451878703,3.4322088371918915e-05,,,,,44,3,
resnet18_no_weights,CIFAR10,fp32_fused,layer3.1.conv2,conv,589824,20.052394958307875,3.399725165186204e-05,0.30744775679687153,0.038991392305941106,-0.07575707784238772,0.013373530398849776,aggregate,3,0.18711902445225698
resnet18_no_weights,CIFAR10,fp32_fused,layer4.0.conv1,conv,1179648,112.84965960184734,9.56638417577509e-05,,,,,42,3,
resnet18_no_weights,CIFAR10,fp32_fused,layer4.0.conv1,conv,1179648,104.2359631061554,8.836192076463097e-05,,,,,43,3,
resnet18_no_weights,CIFAR10,fp32_fused,layer4.0.conv1,conv,1179648,104.26590208573775,8.838730035208617e-05,,,,,44,3,
resnet18_no_weights,CIFAR10,fp32_fused,layer4.0.conv1,conv,1179648,107.11717493124682,9.080435429148934e-05,1.6423442294799568,0.10414336539680873,-0.07575707784238772,0.013373530398849776,aggregate,3,4.964499920397519
resnet18_no_weights,CIFAR10,fp32_fused,layer4.0.conv2,conv,2359296,22.694269100824993,9.619085142697225e-06,,,,,42,3,
resnet18_no_weights,CIFAR10,fp32_fused,layer4.0.conv2,conv,2359296,20.311232884724934,8.609022727425864e-06,,,,,43,3,
resnet18_no_weights,CIFAR10,fp32_fused,layer4.0.conv2,conv,2359296,22.39455657535129,9.492050414764104e-06,,,,,44,3,
resnet18_no_weights,CIFAR10,fp32_fused,layer4.0.conv2,conv,2359296,21.800019520300406,9.240052761629065e-06,0.3342427233046058,0.010597401397196192,-0.07575707784238772,0.013373530398849776,aggregate,3,1.298006600207625
resnet18_no_weights,CIFAR10,fp32_fused,layer4.0.downsample.0,conv,131072,8.53979888715242,6.515349492761551e-05,,,,,42,3,
resnet18_no_weights,CIFAR10,fp32_fused,layer4.0.downsample.0,conv,131072,8.331752939922053,6.356623031556742e-05,,,,,43,3,
resnet18_no_weights,CIFAR10,fp32_fused,layer4.0.downsample.0,conv,131072,9.841876095738904,7.50875556620705e-05,,,,,44,3,
resnet18_no_weights,CIFAR10,fp32_fused,layer4.0.downsample.0,conv,131072,8.904475974271126,6.793576030175114e-05,0.1365253960653243,0.07791541235901275,-0.07575707784238772,0.013373530398849776,aggregate,3,0.8184497662261254
resnet18_no_weights,CIFAR10,fp32_fused,layer4.1.conv1,conv,2359296,103.36204234036532,4.381054447613412e-05,,,,,42,3,
resnet18_no_weights,CIFAR10,fp32_fused,layer4.1.conv1,conv,2359296,101.87015853389617,4.317820168978211e-05,,,,,43,3,
resnet18_no_weights,CIFAR10,fp32_fused,layer4.1.conv1,conv,2359296,92.13204736420603,3.9050652128518856e-05,,,,,44,3,
resnet18_no_weights,CIFAR10,fp32_fused,layer4.1.conv1,conv,2359296,99.12141607948918,4.2013132764811696e-05,1.5197514854225629,0.048184793241798377,-0.07575707784238772,0.013373530398849776,aggregate,3,6.098760989056324
resnet18_no_weights,CIFAR10,fp32_fused,layer4.1.conv2,conv,2359296,3.0211547663871277,1.2805323140407679e-06,,,,,42,3,
resnet18_no_weights,CIFAR10,fp32_fused,layer4.1.conv2,conv,2359296,2.8692603508631387,1.2161510683115381e-06,,,,,43,3,
resnet18_no_weights,CIFAR10,fp32_fused,layer4.1.conv2,conv,2359296,3.039985179901123,1.2885136837010375e-06,,,,,44,3,
resnet18_no_weights,CIFAR10,fp32_fused,layer4.1.conv2,conv,2359296,2.9768000990504633,1.2617323553511145e-06,0.045640957840130246,0.0014470787743779245,-0.07575707784238772,0.013373530398849776,aggregate,3,0.09360685978293407
resnet18_no_weights,CIFAR10,fp32_fused,fc,linear,5120,4.791040229797363,0.0009357500448822975,,,,,42,3,
resnet18_no_weights,CIFAR10,fp32_fused,fc,linear,5120,4.516521325478187,0.0008821330713824583,,,,,43,3,
resnet18_no_weights,CIFAR10,fp32_fused,fc,linear,5120,4.155989289283752,0.0008117166580632329,,,,,44,3,
resnet18_no_weights,CIFAR10,fp32_fused,fc,linear,5120,4.487850281519767,0.0008765332581093296,0.06880871361063068,1.005294559869921,-0.07575707784238772,0.013373530398849776,aggregate,3,0.31849481288249354
resnet18_no_weights,CIFAR10,ptq,conv1,conv,1728,189.87311444963728,0.10988027456576231,,,,,42,3,
resnet18_no_weights,CIFAR10,ptq,conv1,conv,1728,178.85493354797364,0.10350401246989216,,,,,43,3,
resnet18_no_weights,CIFAR10,ptq,conv1,conv,1728,178.32362354162967,0.10319654140140606,,,,,44,3,
resnet18_no_weights,CIFAR10,ptq,conv1,conv,1728,182.35055717974686,0.1055269428123535,3.269723013447309,138.66641325689687,-0.05081760714662164,0.0063836376919793655,aggregate,3,6.520139836674992
resnet18_no_weights,CIFAR10,ptq,layer1.0.conv1,conv,36864,80.00841652263294,0.0021703672016773258,,,,,42,3,
resnet18_no_weights,CIFAR10,ptq,layer1.0.conv1,conv,36864,80.95810763041179,0.0021961292217451116,,,,,43,3,
resnet18_no_weights,CIFAR10,ptq,layer1.0.conv1,conv,36864,89.8803663635254,0.002438160979913341,,,,,44,3,
resnet18_no_weights,CIFAR10,ptq,layer1.0.conv1,conv,36864,83.61563017219004,0.0022682191344452593,1.4993096510717692,2.9805261431052026,-0.05081760714662164,0.0063836376919793655,aggregate,3,5.44616084598305
resnet18_no_weights,CIFAR10,ptq,layer1.0.conv2,conv,36864,56.11970202128092,0.0015223443473654764,,,,,42,3,
resnet18_no_weights,CIFAR10,ptq,layer1.0.conv2,conv,36864,54.85230077107747,0.001487963888104315,,,,,43,3,
resnet18_no_weights,CIFAR10,ptq,layer1.0.conv2,conv,36864,56.33625827116125,0.0015282188116091918,,,,,44,3,
resnet18_no_weights,CIFAR10,ptq,layer1.0.conv2,conv,36864,55.76942035450655,0.001512842349026328,1.0,1.9879323400436981,-0.05081760714662164,0.0063836376919793655,aggregate,3,0.8015955339648527
resnet18_no_weights,CIFAR10,ptq,layer1.1.conv1,conv,36864,332.52099609375,0.009020209312438965,,,,,42,3,
resnet18_no_weights,CIFAR10,ptq,layer1.1.conv1,conv,36864,394.9630496376439,0.010714058421160045,,,,,43,3,
resnet18_no_weights,CIFAR10,ptq,layer1.1.conv1,conv,36864,392.1760156419542,0.010638455285426276,,,,,44,3,
resnet18_no_weights,CIFAR10,ptq,layer1.1.conv1,conv,36864,373.2200204577827,0.010124241006341761,6.692198306623138,13.303637439721808,-0.05081760714662164,0.0063836376919793655,aggregate,3,35.27392560747072
resnet18_no_weights,CIFAR10,ptq,layer1.1.conv2,conv,36864,33.80161468187968,0.000916927481604809,,,,,42,3,
resnet18_no_weights,CIFAR10,ptq,layer1.1.conv2,conv,36864,33.420573997497556,0.000906591091511978,,,,,43,3,
resnet18_no_weights,CIFAR10,ptq,layer1.1.conv2,conv,36864,39.705260970375754,0.0010770741365661825,,,,,44,3,
resnet18_no_weights,CIFAR10,ptq,layer1.1.conv2,conv,36864,35.64248321658433,0.0009668642365609899,0.6391044229977222,1.2704963511421392,-0.05081760714662164,0.0063836376919793655,aggregate,3,3.5236231791035024
resnet18_no_weights,CIFAR10,ptq,layer2.0.conv1,conv,73728,209.1363314924569,0.002836593037820867,,,,,42,3,
resnet18_no_weights,CIFAR10,ptq,layer2.0.conv1,conv,73728,200.36235233775358,0.0027175883292338537,,,,,43,3,
resnet18_no_weights,CIFAR10,ptq,layer2.0.conv1,conv,73728,199.55306727711746,0.0027066116980945837,,,,,44,3,
resnet18_no_weights,CIFAR10,ptq,layer2.0.conv1,conv,73728,203.01725036910932,0.002753597688383102,3.6402969419190696,3.6183320091015476,-0.05081760714662164,0.0063836376919793655,aggregate,3,5.314706099392864
resnet18_no_weights,CIFAR10,ptq,layer2.0.conv2,conv,147456,39.82790015992664,0.0002701002343745025,,,,,42,3,
resnet18_no_weights,CIFAR10,ptq,layer2.0.conv2,conv,147456,43.64036390516493,0.0002959551588620669,,,,,43,3,
resnet18_no_weights,CIFAR10,ptq,layer2.0.conv2,conv,147456,39.93480450174083,0.00027082522584188386,,,,,44,3,
resnet18_no_weights,CIFAR10,ptq,layer2.0.conv2,conv,147456,41.13435618894413,0.0002789602063594844,0.7375790518794624,0.3665643126424879,-0.05081760714662164,0.0063836376919793655,aggregate,3,2.170924489680218
resnet18_no_weights,CIFAR10,ptq,layer2.0.downsample.0,conv,8192,25.82298543718126,0.0031522199019996654,,,,,42,3,
resnet18_no_weights,CIFAR10,ptq,layer2.0.downsample.0,conv,8192,25.017006370756363,0.00305383378549272,,,,,43,3,
resnet18_no_weights,CIFAR10,ptq,layer2.0.downsample.0,conv,8192,24.73960256576538,0.003019971016328782,,,,,44,3,
resnet18_no_weights,CIFAR10,ptq,layer2.0.downsample.0,conv,8192,25.19319812456767,0.0030753415679403893,0.45173856863534506,4.041115694258635,-0.05081760714662164,0.0063836376919793655,aggregate,3,0.5627719450209436
resnet18_no_weights,CIFAR10,ptq,layer2.1.conv1,conv,147456,132.54816991632634,0.0008988998068327253,,,,,42,3,
resnet18_no_weights,CIFAR10,ptq,layer2.1.conv1,conv,147456,122.65198335193452,0.0008317869964730802,,,,,43,3,
resnet18_no_weights,CIFAR10,ptq,layer2.1.conv1,conv,147456,123.97118390839675,0.0008407333978162758,,,,,44,3,
resnet18_no_weights,CIFAR10,ptq,layer2.1.conv1,conv,147456,126.39044572555254,0.0008571400670406938,2.2663037363869485,1.1263146224813707,-0.05081760714662164,0.0063836376919793655,aggregate,3,5.373383285628642
resnet18_no_weights,CIFAR10,ptq,layer2.1.conv2,conv,147456,22.46883047780683,0.0001523765087741891,,,,,42,3,
resnet18_no_weights,CIFAR10,ptq,layer2.1.conv2,conv,147456,23.18320510864258,0.00015722117179797757,,,,,43,3,
resnet18_no_weights,CIFAR10,ptq,layer2.1.conv2,conv,147456,20.989514686443187,0.00014234425649985885,,,,,44,3,
resnet18_no_weights,CIFAR10,ptq,layer2.1.conv2,conv,147456,22.213850090964197,0.00015064731235734182,0.39831595791669666,0.1979562935745215,-0.05081760714662164,0.0063836376919793655,aggregate,3,1.1188523876580638
resnet18_no_weights,CIFAR10,ptq,layer3.0.conv1,conv,294912,268.71390847598803,0.0009111664105766738,,,,,42,3,
resnet18_no_weights,CIFAR10,ptq,layer3.0.conv1,conv,294912,302.6390552520752,0.0010262012235923773,,,,,43,3,
resnet18_no_weights,CIFAR10,ptq,layer3.0.conv1,conv,294912,234.06030008067256,0.0007936614992969855,,,,,44,3,
resnet18_no_weights,CIFAR10,ptq,layer3.0.conv1,conv,294912,268.4710879362453,0.0009103430444886789,4.813947970584403,1.1962253567515577,-0.05081760714662164,0.0063836376919793655,aggregate,3,34.29002240558741
resnet18_no_weights,CIFAR10,ptq,layer3.0.conv2,conv,589824,52.51554183959961,8.903595282592706e-05,,,,,42,3,
resnet18_no_weights,CIFAR10,ptq,layer3.0.conv2,conv,589824,60.159913063049316,0.00010199638038304531,,,,,43,3,
resnet18_no_weights,CIFAR10,ptq,layer3.0.conv2,conv,589824,54.82143089988015,9.294540557841009e-05,,,,,44,3,
resnet18_no_weights,CIFAR10,ptq,layer3.0.conv2,conv,589824,55.83229526750969,9.465924626246083e-05,1.00112740840058,0.12438584697897799,-0.05081760714662164,0.0063836376919793655,aggregate,3,3.9211590031244343
resnet18_no_weights,CIFAR10,ptq,layer3.0.downsample.0,conv,32768,26.255374037701152,0.0008012504283966416,,,,,42,3,
resnet18_no_weights,CIFAR10,ptq,layer3.0.downsample.0,conv,32768,28.198684258894488,0.0008605555498930203,,,,,43,3,
resnet18_no_weights,CIFAR10,ptq,layer3.0.downsample.0,conv,32768,28.185078064600628,0.0008601403217956735,,,,,44,3,
resnet18_no_weights,CIFAR10,ptq,layer3.0.downsample.0,conv,32768,27.54637878706542,0.0008406487666951117,0.4939333887991448,1.1046444270988474,-0.05081760714662164,0.0063836376919793655,aggregate,3,1.1180636069972127
resnet18_no_weights,CIFAR10,ptq,layer3.1.conv1,conv,589824,98.32780615488689,0.00016670702812175646,,,,,42,3,
resnet18_no_weights,CIFAR10,ptq,layer3.1.conv1,conv,589824,103.00708293914795,0.00017464037227910012,,,,,43,3,
resnet18_no_weights,CIFAR10,ptq,layer3.1.conv1,conv,589824,107.69646453857422,0.00018259084835234616,,,,,44,3,
resnet18_no_weights,CIFAR10,ptq,layer3.1.conv1,conv,589824,103.01045121086969,0.00017464608291773426,1.8470776736797434,0.22949159013004017,-0.05081760714662164,0.0063836376919793655,aggregate,3,4.684330100078295
resnet18_no_weights,CIFAR10,ptq,layer3.1.conv2,conv,589824,19.201305757869374,3.255429714265505e-05,,,,,42,3,
resnet18_no_weights,CIFAR10,ptq,layer3.1.conv2,conv,589824,20.859837130496377,3.5366206072483276e-05,,,,,43,3,
resnet18_no_weights,CIFAR10,ptq,layer3.1.conv2,conv,589824,19.8193217754364,3.360209448146633e-05,,,,,44,3,
resnet18_no_weights,CIFAR10,ptq,layer3.1.conv2,conv,589824,19.96015488793405,3.384086589886822e-05,0.3579050088929449,0.04446818386511953,-0.05081760714662164,0.0063836376919793655,aggregate,3,0.8381867647957909
resnet18_no_weights,CIFAR10,ptq,layer4.0.conv1,conv,1179648,105.46247641245525,8.94016489770298e-05,,,,,42,3,
resnet18_no_weights,CIFAR10,ptq,layer4.0.conv1,conv,1179648,129.00469207763672,0.00010935863247141242,,,,,43,3,
resnet18_no_weights,CIFAR10,ptq,layer4.0.conv1,conv,1179648,109.85776205623851,9.312757878302554e-05,,,,,44,3,
resnet18_no_weights,CIFAR10,ptq,layer4.0.conv1,conv,1179648,114.77497684877683,9.729595341048925e-05,2.0580270714522895,0.12785058037579466,-0.05081760714662164,0.0063836376919793655,aggregate,3,12.517716668524145
resnet18_no_weights,CIFAR10,ptq,layer4.0.conv2,conv,2359296,26.519520214625768,1.1240437916491092e-05,,,,,42,3,
resnet18_no_weights,CIFAR10,ptq,layer4.0.conv2,conv,2359296,21.53401803970337,9.12730663710843e-06,,,,,43,3,
resnet18_no_weights,CIFAR10,ptq,layer4.0.conv2,conv,2359296,23.618178624373215,1.0010689046382147e-05,,,,,44,3,
resnet18_no_weights,CIFAR10,ptq,layer4.0.conv2,conv,2359296,23.890572292900785,1.0126144533327224e-05,0.4283812193319715,0.013306138746521543,-0.05081760714662164,0.0063836376919793655,aggregate,3,2.503888319600022
resnet18_no_weights,CIFAR10,ptq,layer4.0.downsample.0,conv,131072,10.17635840177536,7.763945313854492e-05,,,,,42,3,
resnet18_no_weights,CIFAR10,ptq,layer4.0.downsample.0,conv,131072,9.304837911025338,7.099027947254439e-05,,,,,43,3,
resnet18_no_weights,CIFAR10,ptq,layer4.0.downsample.0,conv,131072,9.083695576741146,6.930309735672871e-05,,,,,44,3,
resnet18_no_weights,CIFAR10,ptq,layer4.0.downsample.0,conv,131072,9.521630629847282,7.264427665593935e-05,0.1707321067588946,0.09545734026838121,-0.05081760714662164,0.0063836376919793655,aggregate,3,0.5776913747872605
resnet18_no_weights,CIFAR10,ptq,layer4.1.conv1,conv,2359296,81.14416408538818,3.439338009532852e-05,,,,,42,3,
resnet18_no_weights,CIFAR10,ptq,layer4.1.conv1,conv,2359296,82.13624174698539,3.4813877422326575e-05,,,,,43,3,
resnet18_no_weights,CIFAR10,ptq,layer4.1.conv1,conv,2359296,90.06517804463705,3.81745987127673e-05,,,,,44,3,
resnet18_no_weights,CIFAR10,ptq,layer4.1.conv1,conv,2359296,84.44852795900354,3.579395207680746e-05,1.5142443192379267,0.04703461332719575,-0.05081760714662164,0.0063836376919793655,aggregate,3,4.889388832972402
resnet18_no_weights,CIFAR10,ptq,layer4.1.conv2,conv,2359296,2.726547122001648,1.1556613167663777e-06,,,,,42,3,
resnet18_no_weights,CIFAR10,ptq,layer4.1.conv2,conv,2359296,3.0881923913955687,1.3089465634645117e-06,,,,,43,3,
resnet18_no_weights,CIFAR10,ptq,layer4.1.conv2,conv,2359296,2.728618075973109,1.1565391014832854e-06,,,,,44,3,
resnet18_no_weights,CIFAR10,ptq,layer4.1.conv2,conv,2359296,2.847785863123442,1.207048993904725e-06,0.05106357292259935,0.0015861082501721086,-0.05081760714662164,0.0063836376919793655,aggregate,3,0.20820073568429254
resnet18_no_weights,CIFAR10,ptq,fc,linear,5120,3.958377957344055,0.0007731206947937608,,,,,42,3,
resnet18_no_weights,CIFAR10,ptq,fc,linear,5120,3.7928150448688243,0.0007407841884509422,,,,,43,3,
resnet18_no_weights,CIFAR10,ptq,fc,linear,5120,3.9379666401789737,0.0007691341094099558,,,,,44,3,
resnet18_no_weights,CIFAR10,ptq,fc,linear,5120,3.896386547463951,0.000761012997551553,0.06986600403403864,1.0,-0.05081760714662164,0.0063836376919793655,aggregate,3,0.09027429080010904
cnn,CIFAR10,fp32_unfused,conv1,conv,864,55.30803572747015,0.06401393024012748,,,,,42,3,
cnn,CIFAR10,fp32_unfused,conv1,conv,864,57.075734398581766,0.0660598777761363,,,,,43,3,
cnn,CIFAR10,fp32_unfused,conv1,conv,864,61.39114206102159,0.07105456257062684,,,,,44,3,
cnn,CIFAR10,fp32_unfused,conv1,conv,864,57.9249707290245,0.06704279019563021,0.9518536848301186,43.09583620128972,-0.05293534562639938,0.009323384981286952,aggregate,3,3.1292087538276028
cnn,CIFAR10,fp32_unfused,conv2,conv,18432,146.48499838511148,0.007947319790858913,,,,,42,3,
cnn,CIFAR10,fp32_unfused,conv2,conv,18432,125.90855594981801,0.006830976342763564,,,,,43,3,
cnn,CIFAR10,fp32_unfused,conv2,conv,18432,132.89940043858118,0.007210253930044552,,,,,44,3,
cnn,CIFAR10,fp32_unfused,conv2,conv,18432,135.09765159117023,0.00732951668788901,2.219995899186819,4.7114932074601,-0.05293534562639938,0.009323384981286952,aggregate,3,10.462873741025014
cnn,CIFAR10,fp32_unfused,conv3,conv,73728,216.53372779259314,0.00293692664649242,,,,,42,3,
cnn,CIFAR10,fp32_unfused,conv3,conv,73728,177.97132301330566,0.0024138905573636293,,,,,43,3,
cnn,CIFAR10,fp32_unfused,conv3,conv,73728,176.01653962976792,0.002387377110863823,,,,,44,3,
cnn,CIFAR10,fp32_unfused,conv3,conv,73728,190.17386347855557,0.002579398104906624,3.1250372754999147,1.6580652133153368,-0.05293534562639938,0.009323384981286952,aggregate,3,22.84922601555668
cnn,CIFAR10,fp32_unfused,conv4,conv,294912,69.5191167831421,0.0002357283419567264,,,,,42,3,
cnn,CIFAR10,fp32_unfused,conv4,conv,294912,60.212696973015284,0.00020417174266566056,,,,,43,3,
cnn,CIFAR10,fp32_unfused,conv4,conv,294912,61.62273661295573,0.00020895296431801936,,,,,44,3,
cnn,CIFAR10,fp32_unfused,conv4,conv,294912,63.7848501230377,0.0002162843496468021,1.0481463151698815,0.13902993712049574,-0.05293534562639938,0.009323384981286952,aggregate,3,5.015816338686998
cnn,CIFAR10,fp32_unfused,fc1,linear,1048576,13.211931037902833,1.2599879300978501e-05,,,,,42,3,
cnn,CIFAR10,fp32_unfused,fc1,linear,1048576,11.313241134990346,1.0789147505750986e-05,,,,,43,3,
cnn,CIFAR10,fp32_unfused,fc1,linear,1048576,11.279830813407898,1.0757284940154932e-05,,,,,44,3,
cnn,CIFAR10,fp32_unfused,fc1,linear,1048576,11.935000995433692,1.1382103915628139e-05,0.19612223421051023,0.007316540444433059,-0.05293534562639938,0.009323384981286952,aggregate,3,1.105980023516357
cnn,CIFAR10,fp32_unfused,fc2,linear,10240,5.795604910169329,0.0005659770420087236,,,,,42,3,
cnn,CIFAR10,fp32_unfused,fc2,linear,10240,4.660706053609434,0.00045514707554779625,,,,,43,3,
cnn,CIFAR10,fp32_unfused,fc2,linear,10240,5.884788217998686,0.0005746863494139342,,,,,44,3,
cnn,CIFAR10,fp32_unfused,fc2,linear,10240,5.447033060592483,0.0005319368223234847,0.0895085215385097,0.34193478668466326,-0.05293534562639938,0.009323384981286952,aggregate,3,0.6824375700619338
cnn,CIFAR10,fp32_fused,conv1,conv,864,383.8000704008957,0.44421304444548115,,,,,42,3,
cnn,CIFAR10,fp32_fused,conv1,conv,864,375.4342644431374,0.43453039866103865,,,,,43,3,
cnn,CIFAR10,fp32_fused,conv1,conv,864,384.0719683720515,0.4445277411713559,,,,,44,3,
cnn,CIFAR10,fp32_fused,conv1,conv,864,381.10210107202823,0.44109039475929196,2.1370736241360646,173.73015909391432,-0.3684952675227666,0.19701788216759816,aggregate,3,4.9103728132929865
cnn,CIFAR10,fp32_fused,conv2,conv,18432,813.5986277262369,0.04414055054938351,,,,,42,3,
cnn,CIFAR10,fp32_fused,conv2,conv,18432,747.8337890625,0.04057257970174154,,,,,43,3,
cnn,CIFAR10,fp32_fused,conv2,conv,18432,865.6385640462239,0.04696389778896614,,,,,44,3,
cnn,CIFAR10,fp32_fused,conv2,conv,18432,809.0236602783203,0.0438923426800304,4.536692715205064,17.287666581285606,-0.3684952675227666,0.19701788216759816,aggregate,3,59.035489306040105
cnn,CIFAR10,fp32_fused,conv3,conv,73728,331.28736518411074,0.004493372466147335,,,,,42,3,
cnn,CIFAR10,fp32_fused,conv3,conv,73728,349.16505432128906,0.004735854143897693,,,,,43,3,
cnn,CIFAR10,fp32_fused,conv3,conv,73728,326.3521487213844,0.004426434308829542,,,,,44,3,
cnn,CIFAR10,fp32_fused,conv3,conv,73728,335.6015227422614,0.0045518869729581895,1.8819239265669512,1.792829899234353,-0.3684952675227666,0.19701788216759816,aggregate,3,12.002755185995902
cnn,CIFAR10,fp32_fused,conv4,conv,294912,20.87830224244491,7.07950244223528e-05,,,,,42,3,
cnn,CIFAR10,fp32_fused,conv4,conv,294912,22.709610802786692,7.700470242915409e-05,,,,,43,3,
cnn,CIFAR10,fp32_fused,conv4,conv,294912,19.581234470490486,6.639687252634849e-05,,,,,44,3,
cnn,CIFAR10,fp32_fused,conv4,conv,294912,21.056382505240695,7.139886645928512e-05,0.11807607343304871,0.02812152922954903,-0.3684952675227666,0.19701788216759816,aggregate,3,1.5717725834597789
cnn,CIFAR10,fp32_fused,fc1,linear,1048576,12.640653977027306,1.2055067040469461e-05,,,,,42,3,
cnn,CIFAR10,fp32_fused,fc1,linear,1048576,13.043553284236364,1.2439301761852611e-05,,,,,43,3,
cnn,CIFAR10,fp32_fused,fc1,linear,1048576,12.987096535532098,1.2385460410625551e-05,,,,,44,3,
cnn,CIFAR10,fp32_fused,fc1,linear,1048576,12.890434598931922,1.2293276404315874e-05,0.07228458648623884,0.004841893840542011,-0.3684952675227666,0.19701788216759816,aggregate,3,0.21815043073039525
cnn,CIFAR10,fp32_fused,fc2,linear,10240,4.907760745770222,0.00047927351032912326,,,,,42,3,
cnn,CIFAR10,fp32_fused,fc2,linear,10240,5.3691418170928955,0.000524330255575478,,,,,43,3,
cnn,CIFAR10,fp32_fused,fc2,linear,10240,5.881583645939827,0.0005743734029238113,,,,,44,3,
cnn,CIFAR10,fp32_fused,fc2,linear,10240,5.3861620696009815,0.0005259923896094709,0.03020351990158897,0.20717010076564704,-0.3684952675227666,0.19701788216759816,aggregate,3,0.4871345060353088
cnn,CIFAR10,ptq,conv1,conv,864,345.3764814897017,0.3997412980204881,,,,,42,3,
cnn,CIFAR10,ptq,conv1,conv,864,344.67298380533856,0.3989270645895122,,,,,43,3,
cnn,CIFAR10,ptq,conv1,conv,864,360.97859439849856,0.4177992990723363,,,,,44,3,
cnn,CIFAR10,ptq,conv1,conv,864,350.3426865645129,0.40548922056077885,1.8739014432818677,123.15787579156144,-0.3179816664797584,0.15388934538342428,aggregate,3,9.217680230825628
cnn,CIFAR10,ptq,conv2,conv,18432,846.8272908528646,0.04594332090130559,,,,,42,3,
cnn,CIFAR10,ptq,conv2,conv,18432,987.3711591448102,0.05356831375568632,,,,,43,3,
cnn,CIFAR10,ptq,conv2,conv,18432,883.1362016465929,0.047913205384472274,,,,,44,3,
cnn,CIFAR10,ptq,conv2,conv,18432,905.778217214756,0.04914161334715473,4.8447967479391245,14.925616775794557,-0.3179816664797584,0.15388934538342428,aggregate,3,72.95642795777245
cnn,CIFAR10,ptq,conv3,conv,73728,444.5540262858073,0.0060296498790935234,,,,,42,3,
cnn,CIFAR10,ptq,conv3,conv,73728,456.9208025251116,0.006197385016887907,,,,,43,3,
cnn,CIFAR10,ptq,conv3,conv,73728,421.31337162486295,0.005714428326075073,,,,,44,3,
cnn,CIFAR10,ptq,conv3,conv,73728,440.9294001452606,0.005980487740685501,2.358428678560307,1.8164334068404666,-0.3179816664797584,0.15388934538342428,aggregate,3,18.078321819877143
cnn,CIFAR10,ptq,conv4,conv,294912,25.37787437438965,8.605236265187462e-05,,,,,42,3,
cnn,CIFAR10,ptq,conv4,conv,294912,22.61900450966575,7.669747080371687e-05,,,,,43,3,
cnn,CIFAR10,ptq,conv4,conv,294912,22.728890538215637,7.707007696606322e-05,,,,,44,3,
cnn,CIFAR10,ptq,conv4,conv,294912,23.575256474090345,7.993997014055157e-05,0.12609855671813233,0.02427989799515639,-0.3179816664797584,0.15388934538342428,aggregate,3,1.5620794492205632
cnn,CIFAR10,ptq,fc1,linear,1048576,19.628110712224785,1.8718825065827165e-05,,,,,42,3,
cnn,CIFAR10,ptq,fc1,linear,1048576,18.59623350415911,1.773475027480994e-05,,,,,43,3,
cnn,CIFAR10,ptq,fc1,linear,1048576,17.156846146834525,1.636204352076962e-05,,,,,44,3,
cnn,CIFAR10,ptq,fc1,linear,1048576,18.460396787739473,1.7605206287135575e-05,0.09874036339482978,0.00534717003376139,-0.3179816664797584,0.15388934538342428,aggregate,3,1.2412195004043924
cnn,CIFAR10,ptq,fc2,linear,10240,5.8553632074786774,0.0005718128132303396,,,,,42,3,
cnn,CIFAR10,ptq,fc2,linear,10240,6.359916305541992,0.0006210855767130851,,,,,43,3,
cnn,CIFAR10,ptq,fc2,linear,10240,6.351303473114967,0.0006202444797963836,,,,,44,3,
cnn,CIFAR10,ptq,fc2,linear,10240,6.188860995378546,0.0006043809565799361,0.03310277621386898,0.18356659315953355,-0.3179816664797584,0.15388934538342428,aggregate,3,0.2888496600676259
